metric_order,metric_name,family,direction,horizon_step,physical_time,dense_instantaneous,sparse_instantaneous,persistence_instantaneous,dense_cumulative,sparse_cumulative,persistence_cumulative
0,nearest_well_pixel_disagreement,phase_assignment,lower,1,0.10000000000000001,0.24171193440755206,0.22270812988281249,0.014806111653645834,0.24171193440755206,0.22270812988281249,0.014806111653645834
0,nearest_well_pixel_disagreement,phase_assignment,lower,2,0.20000000000000001,0.23623860677083336,0.21744689941406251,0.023152669270833332,0.23897527058919271,0.2200775146484375,0.018979390462239582
0,nearest_well_pixel_disagreement,phase_assignment,lower,3,0.30000000000000004,0.23078816731770835,0.21225077311197915,0.030970255533854168,0.23624623616536464,0.21746860080295138,0.022976345486111108
0,nearest_well_pixel_disagreement,phase_assignment,lower,4,0.40000000000000002,0.22488861083984374,0.2066045125325521,0.039250691731770836,0.23340682983398434,0.21475257873535156,0.027044932047526043
0,nearest_well_pixel_disagreement,phase_assignment,lower,5,0.5,0.21884918212890625,0.2006678263346354,0.047648111979166664,0.23049530029296875,0.21193562825520837,0.031165568033854164
0,nearest_well_pixel_disagreement,phase_assignment,lower,6,0.60000000000000009,0.21276550292968749,0.19497273763020834,0.056218465169270836,0.22754033406575522,0.20910847981770836,0.035341050889756948
0,nearest_well_pixel_disagreement,phase_assignment,lower,7,0.70000000000000007,0.20655263264973955,0.18903299967447917,0.065022786458333329,0.22454209100632441,0.20624055408296127,0.039581298828125
0,nearest_well_pixel_disagreement,phase_assignment,lower,8,0.80000000000000004,0.20001373291015626,0.18296508789062499,0.074320475260416671,0.22147604624430337,0.2033311208089193,0.043923695882161461
0,nearest_well_pixel_disagreement,phase_assignment,lower,9,0.90000000000000002,0.19396107991536457,0.17729339599609378,0.083185831705729171,0.2184188277633102,0.20043804027416087,0.04828615541811343
0,nearest_well_pixel_disagreement,phase_assignment,lower,10,1,0.18775075276692707,0.17147521972656249,0.092366536458333329,0.21535202026367184,0.19754175821940106,0.052694193522135412
0,nearest_well_pixel_disagreement,phase_assignment,lower,11,1.1000000000000001,0.18179880777994792,0.16587270100911455,0.10140482584635417,0.21230172821969698,0.19466275301846586,0.05712243282433712
0,nearest_well_pixel_disagreement,phase_assignment,lower,12,1.2000000000000002,0.17662099202473955,0.16121826171875003,0.10979715983072917,0.20932833353678387,0.19187571207682291,0.061511993408203125
0,nearest_well_pixel_disagreement,phase_assignment,lower,13,1.3,0.17141469319661459,0.15648905436197916,0.118194580078125,0.20641189966446319,0.18915366148337343,0.0658721923828125
0,nearest_well_pixel_disagreement,phase_assignment,lower,14,1.4000000000000001,0.16656443277994795,0.15209859212239585,0.12653096516927084,0.20356565202985491,0.18650687081473216,0.070204961867559521
0,nearest_well_pixel_disagreement,phase_assignment,lower,15,1.5,0.16202545166015625,0.14801991780598961,0.1344451904296875,0.20079630533854168,0.18394107394748266,0.074487643771701403
0,nearest_well_pixel_disagreement,phase_assignment,lower,16,1.6000000000000001,0.15763753255208332,0.14408416748046876,0.14206949869791666,0.198098882039388,0.1814500172932943,0.078711509704589844
0,nearest_well_pixel_disagreement,phase_assignment,lower,17,1.7000000000000002,0.15379435221354165,0.14083099365234375,0.1493072509765625,0.19549273322610294,0.17906066296147366,0.082864200367647065
0,nearest_well_pixel_disagreement,phase_assignment,lower,18,1.8,0.1502360026041667,0.13771158854166668,0.15639750162760416,0.19297847041377311,0.17676349216037326,0.086949383770978009
0,nearest_well_pixel_disagreement,phase_assignment,lower,19,1.9000000000000001,0.14678599039713541,0.13471527099609376,0.16320292154947916,0.19054728725500275,0.17455042788856909,0.090962727864583329
0,nearest_well_pixel_disagreement,phase_assignment,lower,20,2,0.14350280761718751,0.13183746337890626,0.1699371337890625,0.18819506327311197,0.17241477966308588,0.09491144816080728
0,nearest_well_pixel_disagreement,phase_assignment,lower,21,2.1000000000000001,0.14036712646484378,0.12908274332682296,0.17622884114583334,0.18591754247271824,0.17035134936135912,0.098783704969618039
0,nearest_well_pixel_disagreement,phase_assignment,lower,22,2.2000000000000002,0.13747711181640626,0.12651468912760416,0.18253072102864584,0.18371570471561316,0.16835877389618847,0.10259038751775568
0,nearest_well_pixel_disagreement,phase_assignment,lower,23,2.3000000000000003,0.13489990234374999,0.1242441813151042,0.1887359619140625,0.18159327852553217,0.16644074813179349,0.10633584727411684
0,nearest_well_pixel_disagreement,phase_assignment,lower,24,2.4000000000000004,0.13235168457031249,0.12216389973958333,0.19461568196614584,0.17954154544406467,0.1645958794487847,0.11001417371961804
0,nearest_well_pixel_disagreement,phase_assignment,lower,25,2.5,0.13007253011067707,0.12017974853515626,0.20053609212239584,0.17756278483072915,0.16281923421223959,0.11363505045572915
0,nearest_well_pixel_disagreement,phase_assignment,lower,26,2.6000000000000001,0.12790730794270833,0.1181391398111979,0.206085205078125,0.1756529587965745,0.16110076904296877,0.11719082563351362
0,nearest_well_pixel_disagreement,phase_assignment,lower,27,2.7000000000000002,0.12559254964192709,0.1161565144856771,0.21177164713541666,0.17379886956862461,0.15943616702232832,0.120693819022473
0,nearest_well_pixel_disagreement,phase_assignment,lower,28,2.8000000000000003,0.12340647379557293,0.11423187255859375,0.2171630859375,0.17199914114815845,0.15782172793433774,0.12413914998372395
0,nearest_well_pixel_disagreement,phase_assignment,lower,29,2.9000000000000004,0.12151692708333332,0.11248524983723959,0.22214253743489584,0.17025837514592315,0.15625840110340339,0.12751857713721262
0,nearest_well_pixel_disagreement,phase_assignment,lower,30,3,0.11977691650390625,0.11095021565755207,0.22718302408854166,0.16857565985785591,0.15474812825520834,0.13084072536892363
0,nearest_well_pixel_disagreement,phase_assignment,lower,31,3.1000000000000001,0.11786092122395837,0.1093292236328125,0.23222859700520834,0.16693970054708501,0.1532830022996472,0.1341113018733199
0,nearest_well_pixel_disagreement,phase_assignment,lower,32,3.2000000000000002,0.11602935791015626,0.10779825846354166,0.23712158203125,0.16534875233968099,0.15186160405476892,0.13733037312825522
0,nearest_well_pixel_disagreement,phase_assignment,lower,33,3.3000000000000003,0.11445871988932292,0.106365966796875,0.24171956380208334,0.16380663014421559,0.15048294838028725,0.14049368193655301
0,nearest_well_pixel_disagreement,phase_assignment,lower,34,3.4000000000000004,0.1128082275390625,0.10497334798177083,0.24614461263020834,0.16230667712641697,0.14914443072150735,0.1436010622510723
0,nearest_well_pixel_disagreement,phase_assignment,lower,35,3.5,0.11133524576822915,0.10376129150390626,0.25035603841145831,0.16085035051618304,0.14784776960100449,0.14665120442708332
0,nearest_well_pixel_disagreement,phase_assignment,lower,36,3.6000000000000001,0.10989990234374998,0.10264129638671875,0.254638671875,0.15943506028917098,0.14659203423394099,0.14965085630063657
0,nearest_well_pixel_disagreement,phase_assignment,lower,37,3.7000000000000002,0.10850016276041666,0.10147806803385415,0.25865681966145831,0.15805844143704254,0.14537273785015487,0.15259696341849663
0,nearest_well_pixel_disagreement,phase_assignment,lower,38,3.8000000000000003,0.10720113118489585,0.10038553873697915,0.26283772786458331,0.15672009116724916,0.14418886418928181,0.15549803616707789
0,nearest_well_pixel_disagreement,phase_assignment,lower,39,3.9000000000000004,0.10603383382161458,0.099416605631510432,0.2666473388671875,0.15542044354300213,0.14304085755959534,0.15834801828759348
0,nearest_well_pixel_disagreement,phase_assignment,lower,40,4,0.10461985270182292,0.098262532552083351,0.27060445149739581,0.15415042877197269,0.14192139943440757,0.16115442911783853
0,nearest_well_pixel_disagreement,phase_assignment,lower,41,4.1000000000000005,0.10320790608723959,0.097052510579427098,0.2745819091796875,0.15290792821868648,0.14082703629160315,0.16392095302178608
0,nearest_well_pixel_disagreement,phase_assignment,lower,42,4.2000000000000002,0.10206654866536458,0.096047973632812506,0.27813212076822919,0.1516974191817026,0.13976086813306049,0.16664026653955855
0,nearest_well_pixel_disagreement,phase_assignment,lower,43,4.2999999999999998,0.10074208577473957,0.09492594401041668,0.28176371256510419,0.15051241142805233,0.13871819547904554,0.16931755598201312
0,nearest_well_pixel_disagreement,phase_assignment,lower,44,4.4000000000000004,0.099429321289062511,0.093911743164062506,0.28526814778645831,0.14935143210671165,0.13769986701734135,0.1719527967048414
0,nearest_well_pixel_disagreement,phase_assignment,lower,45,4.5,0.098232014973958337,0.093045043945312503,0.28850809733072919,0.14821544505931711,0.13670753761574075,0.17454291449652778
0,nearest_well_pixel_disagreement,phase_assignment,lower,46,4.6000000000000005,0.09726765950520834,0.092214965820312494,0.29160563151041669,0.14710788450379303,0.13574030779410098,0.17708775617074277
0,nearest_well_pixel_disagreement,phase_assignment,lower,47,4.7000000000000002,0.096126810709635427,0.091309611002604166,0.29467264811197919,0.14602318080604498,0.13479497381981384,0.17958956238225843
0,nearest_well_pixel_disagreement,phase_assignment,lower,48,4.8000000000000007,0.094896443684895831,0.09029388427734375,0.29761759440104169,0.14495804044935437,0.13386786778767903,0.18204847971598306
0,nearest_well_pixel_disagreement,phase_assignment,lower,49,4.9000000000000004,0.09400075276692707,0.0894775390625,0.300506591796875,0.14391809580277423,0.13296194271165498,0.18446599220742985
0,nearest_well_pixel_disagreement,phase_assignment,lower,50,5,0.09316355387369793,0.088716634114583331,0.30333964029947919,0.14290300496419273,0.13207703653971353,0.18684346516927083
0,nearest_well_pixel_disagreement,phase_assignment,lower,51,5.1000000000000005,0.092210388183593756,0.087930297851562506,0.3062591552734375,0.14190903208614175,0.13121141421249491,0.18918494928896035
0,nearest_well_pixel_disagreement,phase_assignment,lower,52,5.2000000000000002,0.091433207194010407,0.08726399739583332,0.3088836669921875,0.14093834314590842,0.13036627158140526,0.19148684770633015
0,nearest_well_pixel_disagreement,phase_assignment,lower,53,5.3000000000000007,0.090465799967447913,0.086444091796874997,0.31160481770833331,0.13998603101046581,0.12953755120811222,0.19375322449882074
0,nearest_well_pixel_disagreement,phase_assignment,lower,54,5.4000000000000004,0.08968353271484375,0.085766601562500003,0.3140106201171875,0.13905450326425059,0.12872697806652683,0.19598021330656831
0,nearest_well_pixel_disagreement,phase_assignment,lower,55,5.5,0.088911437988281258,0.085147094726562483,0.3162994384765625,0.13814281116832389,0.12793461655125474,0.19816783558238638
0,nearest_well_pixel_disagreement,phase_assignment,lower,56,5.6000000000000005,0.087981160481770834,0.084351603190104166,0.3189239501953125,0.13724706740606402,0.1271563484555199,0.20032419477190289
0,nearest_well_pixel_disagreement,phase_assignment,lower,57,5.7000000000000002,0.087230936686197913,0.083765665690104171,0.32107035319010419,0.13636959142852248,0.12639510840700385,0.2024425484283626
0,nearest_well_pixel_disagreement,phase_assignment,lower,58,5.8000000000000007,0.086480204264322916,0.083143107096354155,0.3232421875,0.1355094295808639,0.1256493842464754,0.20452530082614942
0,nearest_well_pixel_disagreement,phase_assignment,lower,59,5.9000000000000004,0.08573048909505207,0.082456970214843744,0.32543436686197919,0.13466571872517213,0.12491730943237993,0.20657460703014655
0,nearest_well_pixel_disagreement,phase_assignment,lower,60,6,0.085019938151041669,0.081833394368489576,0.32735697428385419,0.13383828904893663,0.12419924418131509,0.208587646484375
0,nearest_well_pixel_disagreement,phase_assignment,lower,61,6.1000000000000005,0.084325154622395843,0.081202697753906247,0.32923380533854169,0.13302659832063268,0.12349438276447233,0.2105654523672302
0,nearest_well_pixel_disagreement,phase_assignment,lower,62,6.2000000000000002,0.083625284830729174,0.080618286132812494,0.331207275390625,0.13222980294176329,0.1228028328188004,0.21251128822244625
0,nearest_well_pixel_disagreement,phase_assignment,lower,63,6.3000000000000007,0.082956949869791657,0.080066426595052073,0.3331756591796875,0.1314476941628431,0.12212447716445521,0.21442659569795799
0,nearest_well_pixel_disagreement,phase_assignment,lower,64,6.4000000000000004,0.08230489095052082,0.079477437337239581,0.33509318033854169,0.13067983786265053,0.12145811716715496,0.21631201108296713
0,nearest_well_pixel_disagreement,phase_assignment,lower,65,6.5,0.081689961751302081,0.078995259602864576,0.336822509765625,0.1299261474609375,0.12080484243539664,0.21816601875500799
0,nearest_well_pixel_disagreement,phase_assignment,lower,66,6.6000000000000005,0.081231689453125006,0.078586324055989573,0.3382720947265625,0.12918835264263734,0.12016516791449652,0.21998580778488006
0,nearest_well_pixel_disagreement,phase_assignment,lower,67,6.7000000000000002,0.080773417154947916,0.078146870930989584,0.34006245930989581,0.1284657416652091,0.11953802915354865,0.22177799661361164
0,nearest_well_pixel_disagreement,phase_assignment,lower,68,6.8000000000000007,0.080259704589843744,0.077693684895833323,0.34179178873697919,0.12775682935527727,0.11892267114975874,0.22354290532130819
0,nearest_well_pixel_disagreement,phase_assignment,lower,69,6.9000000000000004,0.07964223225911457,0.077197265624999997,0.34355672200520831,0.1270595163538836,0.11831795512766081,0.22528223599788647
0,nearest_well_pixel_disagreement,phase_assignment,lower,70,7,0.079123942057291674,0.076777648925781261,0.34501139322916669,0.12637472243536083,0.11772452218191964,0.22699265252976189
0,nearest_well_pixel_disagreement,phase_assignment,lower,71,7.1000000000000005,0.078643798828125,0.0763397216796875,0.34647115071614581,0.12570245590568146,0.11714163766780368,0.22867544827886591
0,nearest_well_pixel_disagreement,phase_assignment,lower,72,7.2000000000000002,0.078173319498697907,0.075845336914062506,0.34808858235677081,0.12504232901114004,0.11656807793511285,0.23033396402994791
0,nearest_well_pixel_disagreement,phase_assignment,lower,73,7.3000000000000007,0.077723185221354157,0.075483703613281244,0.3494873046875,0.12439412156196492,0.11600527828686857,0.23196620157320205
0,nearest_well_pixel_disagreement,phase_assignment,lower,74,7.4000000000000004,0.077318827311197921,0.075037129720052081,0.35080464680989581,0.12375796893695452,0.11545165465758726,0.23357212650883308
0,nearest_well_pixel_disagreement,phase_assignment,lower,75,7.5,0.076839192708333323,0.074564615885416657,0.35217793782552081,0.12313238525390627,0.11490649414062501,0.23515353732638888
0,nearest_well_pixel_disagreement,phase_assignment,lower,76,7.6000000000000005,0.076427714029947913,0.074195861816406264,0.35360209147135419,0.12251785010622258,0.11437082792583264,0.2367120709335595
0,nearest_well_pixel_disagreement,phase_assignment,lower,77,7.7000000000000002,0.076100667317708329,0.07391459147135418,0.35477193196614581,0.12191502955052762,0.11384542225759267,0.23824531588203465
0,nearest_well_pixel_disagreement,phase_assignment,lower,78,7.8000000000000007,0.075738525390625006,0.073591105143229169,0.35595194498697919,0.1213230230869391,0.11332934126894698,0.23975437522953391
0,nearest_well_pixel_disagreement,phase_assignment,lower,79,7.9000000000000004,0.075485738118489576,0.073359171549479157,0.35703531901041669,0.12074280428987012,0.11282338975351067,0.24123894413815269
0,nearest_well_pixel_disagreement,phase_assignment,lower,80,8,0.07524770100911457,0.073139953613281253,0.3582305908203125,0.12017411549886066,0.11232734680175782,0.24270133972167965
0,nearest_well_pixel_disagreement,phase_assignment,lower,81,8.0999999999999996,0.075030008951822907,0.072902425130208337,0.35936991373697919,0.1196167808501318,0.11184061937371399,0.24414169248730067
0,nearest_well_pixel_disagreement,phase_assignment,lower,82,8.2000000000000011,0.074759928385416674,0.072624206542968736,0.36038716634114581,0.11906974606397676,0.11136237043675368,0.2455593202172256
0,nearest_well_pixel_disagreement,phase_assignment,lower,83,8.3000000000000007,0.074578857421875006,0.072444152832031261,0.36134847005208331,0.11853371126105987,0.11089347624874497,0.24695437021523595
0,nearest_well_pixel_disagreement,phase_assignment,lower,84,8.4000000000000004,0.074397277832031233,0.072278340657552079,0.36239115397135419,0.11800827752976191,0.11043377225361173,0.24832861764090405
0,nearest_well_pixel_disagreement,phase_assignment,lower,85,8.5,0.074119059244791674,0.072023518880208331,0.36324564615885419,0.11749193378523286,0.109981886919807,0.24968058268229165
0,nearest_well_pixel_disagreement,phase_assignment,lower,86,8.5999999999999996,0.074024963378906253,0.07190653483072916,0.3642578125,0.11698650389678719,0.10953915026760841,0.25101287605226502
0,nearest_well_pixel_disagreement,phase_assignment,lower,87,8.7000000000000011,0.07379964192708334,0.071695454915364581,0.36510721842447919,0.11649010318449174,0.10910416526355964,0.25232430527493416
0,nearest_well_pixel_disagreement,phase_assignment,lower,88,8.8000000000000007,0.07356363932291668,0.071483357747395837,0.365966796875,0.11600230245879203,0.10867665608723957,0.25361569722493488
0,nearest_well_pixel_disagreement,phase_assignment,lower,89,8.9000000000000004,0.073473612467447907,0.071414693196614601,0.3668365478515625,0.11552445200945108,0.10825798234689547,0.25488784161399813
0,nearest_well_pixel_disagreement,phase_assignment,lower,90,9,0.073343404134114581,0.07129669189453125,0.3675537109375,0.11505577369972513,0.10784730134186922,0.25613968460648145
0,nearest_well_pixel_disagreement,phase_assignment,lower,91,9.0999999999999996,0.073116556803385413,0.071082051595052084,0.36841328938802081,0.11459490318438073,0.1074432876083877,0.2573734604832017
0,nearest_well_pixel_disagreement,phase_assignment,lower,92,9.2000000000000011,0.07300516764322916,0.071010335286458323,0.36908976236979169,0.11414284084154211,0.1070472772570624,0.25858776811240375
0,nearest_well_pixel_disagreement,phase_assignment,lower,93,9.3000000000000007,0.072924804687500011,0.07099151611328125,0.36985270182291669,0.1136996361517137,0.10665958090067765,0.25978416524907594
0,nearest_well_pixel_disagreement,phase_assignment,lower,94,9.4000000000000004,0.072727457682291677,0.070814514160156258,0.3705902099609375,0.11326376191267731,0.10627825040343805,0.26096295295877658
0,nearest_well_pixel_disagreement,phase_assignment,lower,95,9.5,0.072622172037760419,0.070738728841145848,0.37116495768229169,0.11283595570346765,0.10590415017646655,0.26212297406112939
0,nearest_well_pixel_disagreement,phase_assignment,lower,96,9.6000000000000014,0.072531636555989584,0.070654805501302084,0.37185160319010419,0.11241611904568143,0.10553696950276692,0.26326598061455625
0,nearest_well_pixel_disagreement,phase_assignment,lower,97,9.7000000000000011,0.072531636555989584,0.070679728190104152,0.37246195475260419,0.11200493881382892,0.1051776164995436,0.264391712306701
0,nearest_well_pixel_disagreement,phase_assignment,lower,98,9.8000000000000007,0.07259267171223957,0.070776367187499994,0.37299092610677081,0.11160277282299638,0.10482658334329827,0.26549986754955884
0,nearest_well_pixel_disagreement,phase_assignment,lower,99,9.9000000000000004,0.072634887695312483,0.07082366943359375,0.373626708984375,0.11120915782170666,0.10448311956643255,0.26659205786708229
0,nearest_well_pixel_disagreement,phase_assignment,lower,100,10,0.0726165771484375,0.070820617675781267,0.374267578125,0.11082323201497395,0.10414649454752604,0.26766881306966145
0,nearest_well_pixel_disagreement,phase_assignment,lower,101,10.100000000000001,0.07266947428385416,0.070868428548177084,0.37488301595052081,0.11044547203743812,0.10381700874555229,0.26873033983085809
0,nearest_well_pixel_disagreement,phase_assignment,lower,102,10.200000000000001,0.07266337076822918,0.070899963378906236,0.3754730224609375,0.11007505927989687,0.10349429261450674,0.26977683671938829
0,nearest_well_pixel_disagreement,phase_assignment,lower,103,10.300000000000001,0.072695414225260407,0.070919799804687503,0.3759918212890625,0.10971215010460911,0.10317803540276091,0.27080805016181225
0,nearest_well_pixel_disagreement,phase_assignment,lower,104,10.4,0.07273101806640625,0.070981343587239593,0.37653096516927081,0.10935656229654947,0.10286845182761166,0.27182461665226865
0,nearest_well_pixel_disagreement,phase_assignment,lower,105,10.5,0.07277628580729166,0.070994059244791671,0.37703959147135419,0.10900817871093749,0.10256488618396578,0.27282666403149802
0,nearest_well_pixel_disagreement,phase_assignment,lower,106,10.600000000000001,0.072832743326822907,0.071018473307291677,0.37748209635416669,0.10866690101863455,0.10226727851531792,0.27381397943076852
0,nearest_well_pixel_disagreement,phase_assignment,lower,107,10.700000000000001,0.072832234700520831,0.071017964680989587,0.37793477376302081,0.10833199759510077,0.10197522885331485,0.27478707096658389
0,nearest_well_pixel_disagreement,phase_assignment,lower,108,10.800000000000001,0.072896321614583329,0.071110026041666677,0.37842814127604169,0.10800388948417006,0.10168943993839216,0.2757467105064863
0,nearest_well_pixel_disagreement,phase_assignment,lower,109,10.9,0.07292124430338541,0.071119689941406244,0.3788604736328125,0.10768203035407109,0.10140898351640149,0.27669270833333331
0,nearest_well_pixel_disagreement,phase_assignment,lower,110,11,0.07297465006510416,0.071148173014322913,0.3792724609375,0.10736650871508051,0.10113388523910985,0.27762525153882578
0,nearest_well_pixel_disagreement,phase_assignment,lower,111,11.100000000000001,0.073030090332031242,0.071213277180989604,0.37967427571614581,0.10705717161253051,0.1008643302115592,0.27854461211699982
0,nearest_well_pixel_disagreement,phase_assignment,lower,112,11.200000000000001,0.073072814941406244,0.071279907226562494,0.38016255696614581,0.10675373985653831,0.1006001835777646,0.27945191519601004
0,nearest_well_pixel_disagreement,phase_assignment,lower,113,11.300000000000001,0.073202006022135419,0.071393330891927093,0.38057963053385419,0.10645682185800379,0.10034171585488108,0.28034685072997328
0,nearest_well_pixel_disagreement,phase_assignment,lower,114,11.4,0.073286946614583348,0.071429951985677073,0.3809356689453125,0.10616585804007905,0.10008810389111614,0.28122920878449381
0,nearest_well_pixel_disagreement,phase_assignment,lower,115,11.5,0.073291015624999983,0.071461995442708329,0.381317138671875,0.10587998984516531,0.099839181208956046,0.28209953860960141
0,nearest_well_pixel_disagreement,phase_assignment,lower,116,11.600000000000001,0.073329162597656247,0.071483357747395851,0.38173421223958331,0.10559937926544541,0.099594734454977102,0.28295845820985993
0,nearest_well_pixel_disagreement,phase_assignment,lower,117,11.700000000000001,0.07336324055989582,0.071523539225260419,0.382232666015625,0.10532385671240652,0.099354809709423966,0.28380695571247333
0,nearest_well_pixel_disagreement,phase_assignment,lower,118,11.800000000000001,0.073460388183593753,0.07163136800130207,0.38263956705729169,0.10505382731809454,0.099119865288168713,0.28464452021539549
0,nearest_well_pixel_disagreement,phase_assignment,lower,119,11.9,0.073497517903645837,0.071667989095052093,0.38308207194010419,0.10478864824738487,0.09888917725293242,0.28547172653240982
0,nearest_well_pixel_disagreement,phase_assignment,lower,120,12,0.073550415039062483,0.071742248535156247,0.38346354166666669,0.10452832963731554,0.098662952846950966,0.28628832499186196
0,nearest_well_pixel_disagreement,phase_assignment,lower,121,12.100000000000001,0.073590087890625003,0.071798706054687494,0.38385518391927081,0.10427264168899579,0.09844093427841985,0.28709466266894806
0,nearest_well_pixel_disagreement,phase_assignment,lower,122,12.200000000000001,0.073684692382812514,0.07189992268880209,0.38419087727864581,0.10402192079304348,0.098223385003095118,0.2878905332805029
0,nearest_well_pixel_disagreement,phase_assignment,lower,123,12.300000000000001,0.073780822753906253,0.071958414713541669,0.38446553548177081,0.1037760582073594,0.098009848659277601,0.2886756959000254
0,nearest_well_pixel_disagreement,phase_assignment,lower,124,12.4,0.073919169108072919,0.072055562337239573,0.38483683268229169,0.10353527684365549,0.097800539898616021,0.28945118893859206
0,nearest_well_pixel_disagreement,phase_assignment,lower,125,12.5,0.07399037679036459,0.072113037109375,0.3852081298828125,0.10329891764322915,0.097595039876302081,0.29021724446614577
0,nearest_well_pixel_disagreement,phase_assignment,lower,126,12.600000000000001,0.074129231770833318,0.072248331705729169,0.38554890950520831,0.10306741219979747,0.097393875525741982,0.29097384498232887
0,nearest_well_pixel_disagreement,phase_assignment,lower,127,12.700000000000001,0.074161275227864573,0.07231190999348959,0.3858795166015625,0.1028398048220657,0.097196379734149449,0.29172113373523617
0,nearest_well_pixel_disagreement,phase_assignment,lower,128,12.800000000000001,0.074244689941406247,0.072397867838541657,0.38623555501302081,0.10261640548706055,0.097002641359965003,0.29245952765146893
0,nearest_well_pixel_disagreement,phase_assignment,lower,129,12.9,0.074357604980468756,0.072496032714843742,0.3865966796875,0.1023973450180172,0.096812667649537706,0.29318927301608932
0,nearest_well_pixel_disagreement,phase_assignment,lower,130,13,0.074471537272135416,0.072622172037760419,0.3869781494140625,0.10218253111227962,0.096626586914062493,0.29391072591145834
0,nearest_well_pixel_disagreement,phase_assignment,lower,131,13.100000000000001,0.074549357096354157,0.072718811035156261,0.38730875651041669,0.10197159085261609,0.096444084808116642,0.2946236879770992
0,nearest_well_pixel_disagreement,phase_assignment,lower,132,13.200000000000001,0.07468516031901043,0.072848510742187497,0.3876495361328125,0.10176487546978577,0.096265330459132353,0.29532842925100616
0,nearest_well_pixel_disagreement,phase_assignment,lower,133,13.300000000000001,0.07489013671875,0.072981262207031244,0.387939453125,0.10156280976489074,0.096090262276785715,0.29602475273878054
0,nearest_well_pixel_disagreement,phase_assignment,lower,134,13.4,0.07504933675130207,0.073110961914062494,0.38825480143229169,0.10136494802598335,0.095918774960645978,0.29671303668425453
0,nearest_well_pixel_disagreement,phase_assignment,lower,135,13.5,0.075164794921874986,0.073232014973958343,0.3885650634765625,0.10117087281780479,0.095750724886670538,0.29739342206790126
0,nearest_well_pixel_disagreement,phase_assignment,lower,136,13.600000000000001,0.075270589192708348,0.073335266113281256,0.38884480794270831,0.10098042955585554,0.0955859053368662,0.29806585872874541
0,nearest_well_pixel_disagreement,phase_assignment,lower,137,13.700000000000001,0.07537841796875,0.07340240478515625,0.38914998372395831,0.10079355355886939,0.09542398197517489,0.29873070635644766
0,nearest_well_pixel_disagreement,phase_assignment,lower,138,13.800000000000001,0.0754852294921875,0.073522949218749994,0.38935343424479169,0.10061015990621225,0.095265278839258755,0.2993873927904212
0,nearest_well_pixel_disagreement,phase_assignment,lower,139,13.9,0.075612386067708329,0.073643493652343753,0.38966878255208331,0.10043031980665469,0.095109726427842115,0.30003689919158422
0,nearest_well_pixel_disagreement,phase_assignment,lower,140,14,0.075716145833333331,0.073755391438802081,0.3899993896484375,0.10025378999255952,0.094957195463634667,0.30067948840913322
0,nearest_well_pixel_disagreement,phase_assignment,lower,141,14.100000000000001,0.075873311360677084,0.073918660481770843,0.390228271484375,0.10008087879658874,0.09480798599567819,0.30131458616143986
0,nearest_well_pixel_disagreement,phase_assignment,lower,142,14.200000000000001,0.076074218750000006,0.07412618001302082,0.39053853352864581,0.099911817810345138,0.094662339474673562,0.30194292381895543
0,nearest_well_pixel_disagreement,phase_assignment,lower,143,14.300000000000001,0.076216125488281244,0.074227905273437506,0.39084879557291669,0.099746113668232828,0.094519441333406201,0.30256464320185023
0,nearest_well_pixel_disagreement,phase_assignment,lower,144,14.4,0.076396179199218747,0.074399312337239593,0.39113362630208331,0.099583961345531311,0.094379718215377245,0.30317970558449076
0,nearest_well_pixel_disagreement,phase_assignment,lower,145,14.5,0.076534016927083323,0.074534606933593747,0.391448974609375,0.099424996211610994,0.094242855378951149,0.30378845916397268
0,nearest_well_pixel_disagreement,phase_assignment,lower,146,14.600000000000001,0.076657104492187503,0.07465464274088543,0.39173380533854169,0.099269051747779322,0.094108689538964396,0.30439082454873001
0,nearest_well_pixel_disagreement,phase_assignment,lower,147,14.700000000000001,0.07679799397786459,0.074778238932291657,0.39203389485677081,0.099116187409208481,0.09397718987497343,0.30498703591136977
0,nearest_well_pixel_disagreement,phase_assignment,lower,148,14.800000000000001,0.076913960774739581,0.074907430013020831,0.3922576904296875,0.098966172364380989,0.093848340146176462,0.30557670249595303
0,nearest_well_pixel_disagreement,phase_assignment,lower,149,14.9,0.077058919270833318,0.075049845377604174,0.39248148600260419,0.098819143820128991,0.093722175751756495,0.30615995607653451
0,nearest_well_pixel_disagreement,phase_assignment,lower,150,15,0.077214050292968767,0.075208028157552093,0.39277140299479169,0.098675109863281235,0.093598748101128462,0.30673736572265625
0,nearest_well_pixel_disagreement,phase_assignment,lower,151,15.100000000000001,0.077383931477864598,0.075345357259114579,0.39301045735677081,0.098534108681920876,0.093477864718068779,0.30730871070036564
0,nearest_well_pixel_disagreement,phase_assignment,lower,152,15.200000000000001,0.077482604980468744,0.075426737467447907,0.3932342529296875,0.09839561194704291,0.093359107301946256,0.30787401032029532
0,nearest_well_pixel_disagreement,phase_assignment,lower,153,15.300000000000001,0.077588399251302093,0.075510152180989581,0.39345804850260419,0.098259617092822368,0.093242447464554415,0.30843338311887253
0,nearest_well_pixel_disagreement,phase_assignment,lower,154,15.4,0.077694193522135413,0.075649515787760413,0.39374287923177081,0.09812607538132441,0.093128207648471309,0.3089873408858394
0,nearest_well_pixel_disagreement,phase_assignment,lower,155,15.5,0.077813720703125006,0.075753784179687506,0.39401753743489581,0.097995027931787632,0.093016114593834007,0.30953592279905912
0,nearest_well_pixel_disagreement,phase_assignment,lower,156,15.600000000000001,0.077968343098958337,0.07589619954427082,0.39428202311197919,0.097866651746961811,0.092906371548644492,0.31007916703183425
0,nearest_well_pixel_disagreement,phase_assignment,lower,157,15.700000000000001,0.078112284342447921,0.076071675618489584,0.39457194010416669,0.097740827750754711,0.092799144186032037,0.31061733756095739
0,nearest_well_pixel_disagreement,phase_assignment,lower,158,15.800000000000001,0.078296407063802087,0.076259358723958337,0.394775390625,0.09761776179703982,0.09269446199956323,0.31114998346642603
0,nearest_well_pixel_disagreement,phase_assignment,lower,159,15.9,0.07838490804036459,0.076345825195312494,0.39497884114583331,0.097496800452658211,0.092591640384442148,0.31167720898642232
0,nearest_well_pixel_disagreement,phase_assignment,lower,160,16,0.07849934895833334,0.07648518880208334,0.39518229166666669,0.097378066380818695,0.092490975062052394,0.31219911575317383
0,nearest_well_pixel_disagreement,phase_assignment,lower,161,16.100000000000001,0.078616841634114587,0.076624552408854171,0.39542134602864581,0.097261537034565873,0.092392425853026344,0.31271602401575443
0,nearest_well_pixel_disagreement,phase_assignment,lower,162,16.199999999999999,0.078752136230468756,0.076787312825520829,0.39565531412760419,0.097147281474046762,0.092296097994831849,0.31322799494237075
0,nearest_well_pixel_disagreement,phase_assignment,lower,163,16.300000000000001,0.078926595052083326,0.076948038736979169,0.3959503173828125,0.097035498121764763,0.092201938122084298,0.31373549385304833
0,nearest_well_pixel_disagreement,phase_assignment,lower,164,16.400000000000002,0.079034932454427081,0.07701059977213541,0.39612325032552081,0.096925738575012702,0.092109308010194374,0.31423785822178291
0,nearest_well_pixel_disagreement,phase_assignment,lower,165,16.5,0.079188537597656247,0.07714080810546875,0.39630126953125,0.096818240387271146,0.092018589828953598,0.31473521222971906
0,nearest_well_pixel_disagreement,phase_assignment,lower,166,16.600000000000001,0.07930806477864584,0.077230326334635419,0.39647928873697919,0.096712757401677021,0.091929503904289028,0.31522764642554596
0,nearest_well_pixel_disagreement,phase_assignment,lower,167,16.699999999999999,0.079463704427083323,0.077402242024739581,0.39664713541666669,0.09660946965931419,0.091842514312195922,0.3157151882757922
0,nearest_well_pixel_disagreement,phase_assignment,lower,168,16.800000000000001,0.07958221435546875,0.077517700195312497,0.39691670735677081,0.096508116949172246,0.091757247561500166,0.31619853065127418
0,nearest_well_pixel_disagreement,phase_assignment,lower,169,16.900000000000002,0.07974344889322918,0.077671813964843739,0.39713033040364581,0.096408917729906327,0.091673901800573235,0.31667741704034147
0,nearest_well_pixel_disagreement,phase_assignment,lower,170,17,0.079927062988281242,0.077841695149739584,0.39735921223958331,0.096311965643190861,0.091592535879097728,0.31715201583563113
0,nearest_well_pixel_disagreement,phase_assignment,lower,171,17.100000000000001,0.080105082194010413,0.078009541829427084,0.39763387044270831,0.096217188546996818,0.091513103165356963,0.31762266995614036
0,nearest_well_pixel_disagreement,phase_assignment,lower,172,17.199999999999999,0.080300903320312506,0.078166707356770837,0.39786783854166669,0.096124652004981215,0.091435507840888455,0.31808921163396314
0,nearest_well_pixel_disagreement,phase_assignment,lower,173,17.300000000000001,0.080498758951822916,0.07835286458333332,0.39808146158854169,0.096034328923749093,0.091359885625526854,0.31855159458167753
0,nearest_well_pixel_disagreement,phase_assignment,lower,174,17.400000000000002,0.080638631184895823,0.07849833170572916,0.39824422200520831,0.095945847902261433,0.091285968648976298,0.31900959818755986
0,nearest_well_pixel_disagreement,phase_assignment,lower,175,17.5,0.08076527913411459,0.078650919596354174,0.39852396647135419,0.095859101795014875,0.091213768368675605,0.31946396600632437
0,nearest_well_pixel_disagreement,phase_assignment,lower,176,17.600000000000001,0.080899556477864593,0.078752136230468756,0.39875284830729169,0.095774104378440167,0.091142963640617608,0.31991447101939802
0,nearest_well_pixel_disagreement,phase_assignment,lower,177,17.699999999999999,0.081088256835937497,0.078936258951822921,0.3989410400390625,0.095691133488369523,0.091073999207347572,0.32036094881046967
0,nearest_well_pixel_disagreement,phase_assignment,lower,178,17.800000000000001,0.081275431315104174,0.079109191894531264,0.39915974934895831,0.095610146397508491,0.091006781188736258,0.32080363870113526
0,nearest_well_pixel_disagreement,phase_assignment,lower,179,17.900000000000002,0.08144429524739584,0.079272460937499997,0.39929707845052081,0.095531007564267634,0.090941226326997499,0.32124214953772406
0,nearest_well_pixel_disagreement,phase_assignment,lower,180,18,0.081629943847656261,0.079478963216145837,0.399444580078125,0.095453779432508684,0.090877547087492766,0.32167660748517068
0,nearest_well_pixel_disagreement,phase_assignment,lower,181,18.100000000000001,0.081730143229166663,0.079600016276041657,0.39963277180989581,0.095377958238015079,0.090815240287429475,0.32210730452563885
0,nearest_well_pixel_disagreement,phase_assignment,lower,182,18.199999999999999,0.081906127929687503,0.079787190755208334,0.3998260498046875,0.095303937192364921,0.090754646608681031,0.32253433059860059
0,nearest_well_pixel_disagreement,phase_assignment,lower,183,18.300000000000001,0.082059224446614593,0.079912312825520831,0.39999898274739581,0.095231561712879942,0.09069539888309,0.32295763470870331
0,nearest_well_pixel_disagreement,phase_assignment,lower,184,18.400000000000002,0.082160441080729174,0.079999796549479169,0.40015157063802081,0.095160523013792173,0.090637270609537759,0.32337716696918872
0,nearest_well_pixel_disagreement,phase_assignment,lower,185,18.5,0.08232930501302084,0.080151875813802093,0.4003143310546875,0.095091165078652867,0.090580592799831078,0.32379304353181304
0,nearest_well_pixel_disagreement,phase_assignment,lower,186,18.600000000000001,0.082482401529947916,0.080299886067708326,0.40044148763020831,0.095023376027315754,0.090525320182991711,0.32420513194094419
0,nearest_well_pixel_disagreement,phase_assignment,lower,187,18.699999999999999,0.082667032877604157,0.080457560221354169,0.40061442057291669,0.094957299325980377,0.090471481894426803,0.32461373776250557
0,nearest_well_pixel_disagreement,phase_assignment,lower,188,18.800000000000001,0.08284657796223957,0.080654907226562503,0.40079752604166669,0.094892880595322207,0.090419266071725402,0.32501897067888413
0,nearest_well_pixel_disagreement,phase_assignment,lower,189,18.900000000000002,0.083047993977864581,0.080851236979166657,0.40100606282552081,0.094830209237557875,0.090368641579172182,0.32542101878548008
0,nearest_well_pixel_disagreement,phase_assignment,lower,190,19,0.083211771647135419,0.081012471516927073,0.40118916829427081,0.094769059566029337,0.090319398578844579,0.3258197985197368
0,nearest_well_pixel_disagreement,phase_assignment,lower,191,19.100000000000001,0.083391825358072907,0.081152343749999994,0.40137736002604169,0.09470949289478349,0.09027140352738465,0.326215387846995
0,nearest_well_pixel_disagreement,phase_assignment,lower,192,19.200000000000003,0.083564758300781236,0.08131510416666668,0.4015350341796875,0.094651447402106376,0.090224756134880929,0.32660767767164439
0,nearest_well_pixel_disagreement,phase_assignment,lower,193,19.300000000000001,0.083685811360677084,0.081446838378906261,0.401641845703125,0.094594630635052357,0.090179274695730782,0.32699645574434638
0,nearest_well_pixel_disagreement,phase_assignment,lower,194,19.400000000000002,0.083854166666666688,0.081598917643229157,0.4017791748046875,0.094539267418720457,0.090135046051130263,0.32738193367764712
0,nearest_well_pixel_disagreement,phase_assignment,lower,195,19.5,0.084035746256510419,0.08174845377604166,0.401885986328125,0.094485403207632213,0.090092037885616982,0.32776400574252135
0,nearest_well_pixel_disagreement,phase_assignment,lower,196,19.600000000000001,0.084247843424479163,0.081941731770833331,0.402008056640625,0.094433170759758975,0.090050454691153803,0.32814280192057294
0,nearest_well_pixel_disagreement,phase_assignment,lower,197,19.700000000000003,0.084409586588541669,0.082100931803385416,0.40211995442708331,0.094382289621834023,0.090010101783094071,0.32851832046121504
0,nearest_well_pixel_disagreement,phase_assignment,lower,198,19.800000000000001,0.08457082112630207,0.082254028320312506,0.40222676595052081,0.094332736750644464,0.089970929694898213,0.32889058533742371
0,nearest_well_pixel_disagreement,phase_assignment,lower,199,19.900000000000002,0.08473154703776041,0.082401021321614587,0.40238444010416669,0.09428448956615762,0.089932889954328937,0.3292599011905229
0,nearest_well_pixel_disagreement,phase_assignment,lower,200,20,0.084888203938802073,0.082555135091145829,0.40252176920572919,0.094237508138020842,0.089896001180013035,0.32962621053059893
1,modal_well_accuracy,phase_assignment,higher,1,0.10000000000000001,0.86953124999999998,0.85390624999999987,0.96875,0.86953124999999998,0.85390624999999987,0.96875
1,modal_well_accuracy,phase_assignment,higher,2,0.20000000000000001,0.869140625,0.85520833333333335,0.96614583333333337,0.86933593750000004,0.85455729166666683,0.96744791666666663
1,modal_well_accuracy,phase_assignment,higher,3,0.30000000000000004,0.86406249999999996,0.85416666666666663,0.95442708333333337,0.86757812499999998,0.85442708333333339,0.96310763888888884
1,modal_well_accuracy,phase_assignment,higher,4,0.40000000000000002,0.86640625000000004,0.85716145833333335,0.953125,0.86728515625000002,0.85511067708333344,0.96061197916666663
1,modal_well_accuracy,phase_assignment,higher,5,0.5,0.86835937500000004,0.85716145833333324,0.953125,0.86749999999999994,0.85552083333333351,0.95911458333333333
1,modal_well_accuracy,phase_assignment,higher,6,0.60000000000000009,0.86953124999999998,0.86328125,0.94270833333333337,0.86783854166666663,0.85681423611111107,0.95638020833333337
1,modal_well_accuracy,phase_assignment,higher,7,0.70000000000000007,0.87617187500000004,0.86927083333333321,0.94270833333333337,0.8690290178571427,0.85859375000000004,0.95442708333333337
1,modal_well_accuracy,phase_assignment,higher,8,0.80000000000000004,0.88072916666666679,0.87161458333333319,0.9453125,0.87049153645833344,0.86022135416666656,0.95328776041666663
1,modal_well_accuracy,phase_assignment,higher,9,0.90000000000000002,0.88203125000000004,0.87591145833333317,0.93880208333333337,0.87177372685185195,0.86196469907407403,0.95167824074074081
1,modal_well_accuracy,phase_assignment,higher,10,1,0.88424479166666659,0.87669270833333335,0.93229166666666663,0.87302083333333313,0.86343750000000008,0.9497395833333333
1,modal_well_accuracy,phase_assignment,higher,11,1.1000000000000001,0.88411458333333326,0.87786458333333361,0.92838541666666663,0.87402935606060606,0.86474905303030314,0.94779829545454553
1,modal_well_accuracy,phase_assignment,higher,12,1.2000000000000002,0.88619791666666659,0.87903645833333344,0.92708333333333337,0.8750434027777777,0.86593967013888895,0.94607204861111116
1,modal_well_accuracy,phase_assignment,higher,13,1.3,0.89049479166666656,0.88033854166666659,0.93098958333333337,0.87623197115384621,0.86704727564102568,0.94491185897435892
1,modal_well_accuracy,phase_assignment,higher,14,1.4000000000000001,0.89075520833333344,0.88307291666666665,0.92578125,0.8772693452380953,0.86819196428571421,0.94354538690476186
1,modal_well_accuracy,phase_assignment,higher,15,1.5,0.89322916666666674,0.88645833333333324,0.921875,0.8783333333333333,0.86940972222222224,0.94210069444444444
1,modal_well_accuracy,phase_assignment,higher,16,1.6000000000000001,0.89205729166666659,0.88619791666666681,0.91536458333333337,0.87919108072916641,0.87045898437500002,0.9404296875
1,modal_well_accuracy,phase_assignment,higher,17,1.7000000000000002,0.88945312499999984,0.88450520833333324,0.91666666666666663,0.87979473039215694,0.8712852328431373,0.93903186274509809
1,modal_well_accuracy,phase_assignment,higher,18,1.8,0.88971354166666661,0.88749999999999996,0.91276041666666663,0.880345775462963,0.87218605324074061,0.93757233796296291
1,modal_well_accuracy,phase_assignment,higher,19,1.9000000000000001,0.89023437500000013,0.88971354166666683,0.91276041666666663,0.88086622807017534,0.87310855263157894,0.93626644736842091
1,modal_well_accuracy,phase_assignment,higher,20,2,0.89244791666666656,0.89192708333333337,0.91015625,0.88144531250000002,0.87404947916666664,0.93496093749999998
1,modal_well_accuracy,phase_assignment,higher,21,2.1000000000000001,0.88971354166666661,0.88997395833333326,0.91276041666666663,0.88183903769841288,0.87480778769841261,0.93390376984126988
1,modal_well_accuracy,phase_assignment,higher,22,2.2000000000000002,0.89505208333333319,0.89466145833333344,0.91145833333333337,0.8824396306818183,0.87571022727272729,0.93288352272727282
1,modal_well_accuracy,phase_assignment,higher,23,2.3000000000000003,0.89869791666666665,0.89713541666666663,0.9140625,0.8831465126811594,0.87664175724637672,0.93206521739130432
1,modal_well_accuracy,phase_assignment,higher,24,2.4000000000000004,0.89973958333333337,0.89661458333333321,0.91796875,0.88383789062499984,0.87747395833333341,0.93147786458333337
1,modal_well_accuracy,phase_assignment,higher,25,2.5,0.90091145833333341,0.89882812499999998,0.921875,0.8845208333333332,0.87832812500000002,0.93109374999999994
1,modal_well_accuracy,phase_assignment,higher,26,2.6000000000000001,0.89986979166666681,0.89804687500000013,0.91927083333333337,0.88511117788461535,0.87908653846153828,0.93063902243589747
1,modal_well_accuracy,phase_assignment,higher,27,2.7000000000000002,0.90260416666666665,0.90182291666666659,0.92057291666666663,0.8857590663580247,0.87992862654321002,0.93026620370370372
1,modal_well_accuracy,phase_assignment,higher,28,2.8000000000000003,0.90130208333333339,0.89934895833333317,0.91536458333333337,0.88631417410714286,0.88062220982142847,0.92973400297619058
1,modal_well_accuracy,phase_assignment,higher,29,2.9000000000000004,0.90481770833333341,0.90364583333333337,0.91536458333333337,0.88695222701149423,0.88141612787356327,0.92923850574712652
1,modal_well_accuracy,phase_assignment,higher,30,3,0.90833333333333344,0.90794270833333335,0.91015625,0.88766493055555551,0.88230034722222217,0.92860243055555547
1,modal_well_accuracy,phase_assignment,higher,31,3.1000000000000001,0.90781250000000002,0.90794270833333335,0.91536458333333337,0.88831485215053763,0.88312752016129037,0.92817540322580649
1,modal_well_accuracy,phase_assignment,higher,32,3.2000000000000002,0.90572916666666659,0.90781250000000013,0.91145833333333337,0.88885904947916661,0.88389892578124996,0.92765299479166663
1,modal_well_accuracy,phase_assignment,higher,33,3.3000000000000003,0.90690104166666674,0.90807291666666679,0.9140625,0.8894057765151514,0.88463147095959604,0.92724116161616166
1,modal_well_accuracy,phase_assignment,higher,34,3.4000000000000004,0.90976562500000002,0.91002604166666679,0.91145833333333337,0.8900045955882353,0.88537837009803921,0.92677696078431371
1,modal_well_accuracy,phase_assignment,higher,35,3.5,0.91315104166666661,0.91249999999999998,0.91145833333333337,0.89066592261904753,0.88615327380952369,0.9263392857142857
1,modal_well_accuracy,phase_assignment,higher,36,3.6000000000000001,0.91471354166666663,0.91380208333333324,0.91276041666666663,0.89133391203703705,0.88692129629629624,0.92596209490740744
1,modal_well_accuracy,phase_assignment,higher,37,3.7000000000000002,0.91289062499999996,0.91549479166666659,0.90755208333333337,0.89191652590090076,0.88769355292792795,0.92546452702702708
1,modal_well_accuracy,phase_assignment,higher,38,3.8000000000000003,0.91575520833333357,0.91835937499999998,0.90885416666666663,0.89254385964912275,0.88850054824561409,0.92502741228070173
1,modal_well_accuracy,phase_assignment,higher,39,3.9000000000000004,0.91510416666666661,0.91874999999999996,0.91015625,0.89312232905982891,0.8892761752136753,0.9246461004273504
1,modal_well_accuracy,phase_assignment,higher,40,4,0.91770833333333335,0.91940104166666659,0.91015625,0.89373697916666683,0.8900292968750001,0.92428385416666659
1,modal_well_accuracy,phase_assignment,higher,41,4.1000000000000005,0.91874999999999996,0.92135416666666659,0.90885416666666663,0.8943470528455284,0.89079331808943096,0.92390752032520318
1,modal_well_accuracy,phase_assignment,higher,42,4.2000000000000002,0.91979166666666656,0.92265625000000018,0.90885416666666663,0.89495287698412707,0.89155195932539666,0.92354910714285721
1,modal_well_accuracy,phase_assignment,higher,43,4.2999999999999998,0.92044270833333319,0.92213541666666665,0.90364583333333337,0.89554566375968991,0.89226320251937996,0.92308624031007758
1,modal_well_accuracy,phase_assignment,higher,44,4.4000000000000004,0.91940104166666659,0.92057291666666663,0.90104166666666663,0.89608783143939397,0.89290660511363629,0.92258522727272718
1,modal_well_accuracy,phase_assignment,higher,45,4.5,0.92070312499999984,0.92161458333333335,0.90364583333333337,0.89663483796296306,0.89354456018518513,0.92216435185185175
1,modal_well_accuracy,phase_assignment,higher,46,4.6000000000000005,0.92265624999999984,0.92239583333333341,0.90364583333333337,0.89720052083333324,0.89417176177536228,0.92176177536231885
1,modal_well_accuracy,phase_assignment,higher,47,4.7000000000000002,0.92291666666666683,0.92109375000000004,0.90104166666666663,0.89774767287234025,0.89474457003546082,0.9213209219858155
1,modal_well_accuracy,phase_assignment,higher,48,4.8000000000000007,0.92369791666666656,0.92226562499999998,0.90104166666666663,0.89828830295138895,0.8953179253472221,0.9208984375
1,modal_well_accuracy,phase_assignment,higher,49,4.9000000000000004,0.92330729166666659,0.92200520833333321,0.90234375,0.89879889455782302,0.89586256377551021,0.92051977040816324
1,modal_well_accuracy,phase_assignment,higher,50,5,0.9195312499999998,0.92057291666666696,0.90104166666666663,0.89921354166666667,0.89635677083333343,0.92013020833333348
1,modal_well_accuracy,phase_assignment,higher,51,5.1000000000000005,0.91809895833333344,0.92161458333333335,0.90234375,0.89958384395424851,0.89685202205882353,0.91978145424836599
1,modal_well_accuracy,phase_assignment,higher,52,5.2000000000000002,0.91875000000000018,0.92109375000000004,0.90104166666666663,0.89995242387820507,0.89731820913461535,0.91942107371794857
1,modal_well_accuracy,phase_assignment,higher,53,5.3000000000000007,0.91979166666666679,0.92174479166666679,0.90104166666666663,0.90032674921383626,0.89777908805031426,0.91907429245283012
1,modal_well_accuracy,phase_assignment,higher,54,5.4000000000000004,0.92031249999999998,0.92252604166666674,0.90234375,0.90069685570987656,0.89823736496913598,0.91876446759259256
1,modal_well_accuracy,phase_assignment,higher,55,5.5,0.91940104166666659,0.92200520833333344,0.90364583333333337,0.90103693181818179,0.89866950757575759,0.9184895833333333
1,modal_well_accuracy,phase_assignment,higher,56,5.6000000000000005,0.91914062500000016,0.92200520833333344,0.90364583333333337,0.90136021205357153,0.89908621651785714,0.91822451636904756
1,modal_well_accuracy,phase_assignment,higher,57,5.7000000000000002,0.91979166666666656,0.92226562499999998,0.90364583333333337,0.90168357090643281,0.89949287280701751,0.91796875
1,modal_well_accuracy,phase_assignment,higher,58,5.8000000000000007,0.92070312499999984,0.92226562499999998,0.90494791666666663,0.90201149425287352,0.89988550646551724,0.9177442528735632
1,modal_well_accuracy,phase_assignment,higher,59,5.9000000000000004,0.92044270833333341,0.92226562499999998,0.90494791666666663,0.90232388771186456,0.90026483050847461,0.91752736581920902
1,modal_well_accuracy,phase_assignment,higher,60,6,0.91992187499999978,0.92226562499999987,0.90364583333333337,0.90261718749999997,0.90063151041666656,0.91729600694444446
1,modal_well_accuracy,phase_assignment,higher,61,6.1000000000000005,0.91940104166666659,0.92265624999999996,0.90364583333333337,0.90289233265027335,0.90099257172131164,0.91707223360655732
1,modal_well_accuracy,phase_assignment,higher,62,6.2000000000000002,0.91927083333333326,0.92408854166666665,0.90364583333333337,0.90315650201612896,0.90136508736559118,0.91685567876344087
1,modal_well_accuracy,phase_assignment,higher,63,6.3000000000000007,0.92044270833333319,0.92408854166666665,0.90234375,0.90343088624338619,0.90172577711640223,0.9166253306878307
1,modal_well_accuracy,phase_assignment,higher,64,6.4000000000000004,0.92031249999999998,0.92330729166666681,0.90364583333333337,0.90369466145833321,0.90206298828124998,0.91642252604166663
1,modal_well_accuracy,phase_assignment,higher,65,6.5,0.91835937499999998,0.92291666666666661,0.90104166666666663,0.90392027243589745,0.90238381410256407,0.91618589743589729
1,modal_well_accuracy,phase_assignment,higher,66,6.6000000000000005,0.91744791666666659,0.92122395833333337,0.90234375,0.90412523674242418,0.90266927083333359,0.91597616792929293
1,modal_well_accuracy,phase_assignment,higher,67,6.7000000000000002,0.91718750000000004,0.92174479166666656,0.90234375,0.90432019589552248,0.90295398009950245,0.91577269900497515
1,modal_well_accuracy,phase_assignment,higher,68,6.8000000000000007,0.91653645833333319,0.92044270833333319,0.90104166666666663,0.90449984681372553,0.90321116727941164,0.91555606617647056
1,modal_well_accuracy,phase_assignment,higher,69,6.9000000000000004,0.9164062500000002,0.92083333333333339,0.89973958333333337,0.90467240338164245,0.90346656099033817,0.91532684178743962
1,modal_well_accuracy,phase_assignment,higher,70,7,0.91640624999999998,0.92044270833333319,0.89973958333333337,0.9048400297619047,0.90370907738095241,0.91510416666666672
1,modal_well_accuracy,phase_assignment,higher,71,7.1000000000000005,0.91497395833333317,0.91848958333333319,0.89973958333333337,0.90498276115023479,0.90391725352112684,0.914887764084507
1,modal_well_accuracy,phase_assignment,higher,72,7.2000000000000002,0.91484374999999996,0.91861979166666663,0.89973958333333337,0.90511971932870361,0.9041214554398147,0.91467737268518523
1,modal_well_accuracy,phase_assignment,higher,73,7.3000000000000007,0.91588541666666679,0.919921875,0.90104166666666663,0.90526719463470307,0.90433789954337906,0.91449058219178081
1,modal_well_accuracy,phase_assignment,higher,74,7.4000000000000004,0.91718750000000004,0.92213541666666665,0.90104166666666663,0.90542827984234242,0.90457840653153154,0.91430884009009006
1,modal_well_accuracy,phase_assignment,higher,75,7.5,0.91783854166666679,0.92200520833333321,0.90104166666666663,0.90559374999999986,0.90481076388888881,0.91413194444444434
1,modal_well_accuracy,phase_assignment,higher,76,7.6000000000000005,0.91796875000000022,0.92200520833333321,0.90104166666666663,0.90575657894736827,0.90503700657894748,0.91395970394736847
1,modal_well_accuracy,phase_assignment,higher,77,7.7000000000000002,0.916015625,0.92109375000000016,0.89973958333333337,0.90588981331168816,0.90524553571428579,0.91377502705627711
1,modal_well_accuracy,phase_assignment,higher,78,7.8000000000000007,0.91653645833333341,0.92174479166666679,0.8984375,0.90602630876068369,0.90545706463675213,0.91357839209401703
1,modal_well_accuracy,phase_assignment,higher,79,7.9000000000000004,0.91640624999999998,0.92174479166666656,0.8984375,0.90615770042194099,0.90566323839662455,0.91338673523206759
1,modal_well_accuracy,phase_assignment,higher,80,8,0.91523437500000004,0.91940104166666659,0.90104166666666663,0.90627115885416676,0.90583496093750016,0.91323242187499998
1,modal_well_accuracy,phase_assignment,higher,81,8.0999999999999996,0.91549479166666659,0.91901041666666683,0.90104166666666663,0.90638503086419731,0.90599762088477365,0.9130819187242798
1,modal_well_accuracy,phase_assignment,higher,82,8.2000000000000011,0.91393229166666656,0.91822916666666665,0.89973958333333337,0.90647707063008132,0.90614678607723564,0.91291920731707321
1,modal_well_accuracy,phase_assignment,higher,83,8.3000000000000007,0.91341145833333337,0.91822916666666665,0.89973958333333337,0.9065606174698797,0.90629235692771071,0.91276041666666663
1,modal_well_accuracy,phase_assignment,higher,84,8.4000000000000004,0.91341145833333326,0.919921875,0.8984375,0.90664217509920653,0.906454613095238,0.91258990575396837
1,modal_well_accuracy,phase_assignment,higher,85,8.5,0.91263020833333341,0.92005208333333344,0.8984375,0.90671262254901974,0.90661458333333333,0.91242340686274515
1,modal_well_accuracy,phase_assignment,higher,86,8.5999999999999996,0.91263020833333341,0.92018229166666676,0.8984375,0.90678143168604652,0.90677234738372081,0.91226078003875966
1,modal_well_accuracy,phase_assignment,higher,87,8.7000000000000011,0.91210937499999978,0.91979166666666679,0.8984375,0.90684267241379324,0.90692199473180091,0.91210189176245215
1,modal_well_accuracy,phase_assignment,higher,88,8.8000000000000007,0.91171875000000002,0.919921875,0.8984375,0.90689808238636349,0.90706972064393931,0.91194661458333337
1,modal_well_accuracy,phase_assignment,higher,89,8.9000000000000004,0.91119791666666661,0.91966145833333335,0.8984375,0.90694639513108621,0.90721120084269669,0.91179482677902624
1,modal_well_accuracy,phase_assignment,higher,90,9,0.91184895833333335,0.91940104166666659,0.8984375,0.90700086805555569,0.90734664351851857,0.911646412037037
1,modal_well_accuracy,phase_assignment,higher,91,9.0999999999999996,0.91184895833333335,0.91940104166666659,0.8984375,0.90705414377289384,0.90747910943223453,0.91150125915750912
1,modal_well_accuracy,phase_assignment,higher,92,9.2000000000000011,0.912109375,0.91966145833333335,0.8984375,0.90710909193840583,0.90761152626811581,0.91135926177536231
1,modal_well_accuracy,phase_assignment,higher,93,9.3000000000000007,0.91184895833333324,0.91940104166666659,0.8984375,0.90716005824372759,0.90773829525089589,0.91122031810035831
1,modal_well_accuracy,phase_assignment,higher,94,9.4000000000000004,0.91197916666666656,0.91914062500000004,0.8984375,0.90721132535460991,0.90785959663120563,0.91108433067375882
1,modal_well_accuracy,phase_assignment,higher,95,9.5,0.91145833333333337,0.91888020833333339,0.8984375,0.90725603070175431,0.90797560307017533,0.91095120614035086
1,modal_well_accuracy,phase_assignment,higher,96,9.6000000000000014,0.91067708333333319,0.91861979166666663,0.8984375,0.90729166666666661,0.90808648003472214,0.91082085503472221
1,modal_well_accuracy,phase_assignment,higher,97,9.7000000000000011,0.91080729166666674,0.91835937499999998,0.8984375,0.90732791022336789,0.90819238616838471,0.91069319158075601
1,modal_well_accuracy,phase_assignment,higher,98,9.8000000000000007,0.91028645833333344,0.91822916666666665,0.8984375,0.90735809948979596,0.90829480229591852,0.91056813350340138
1,modal_well_accuracy,phase_assignment,higher,99,9.9000000000000004,0.91028645833333321,0.91809895833333321,0.8984375,0.90738767887205396,0.90839383417508412,0.91044560185185175
1,modal_well_accuracy,phase_assignment,higher,100,10,0.90950520833333326,0.91718750000000004,0.89713541666666663,0.90740885416666672,0.90848177083333348,0.91031249999999997
1,modal_well_accuracy,phase_assignment,higher,101,10.100000000000001,0.90924479166666683,0.91679687499999996,0.89713541666666663,0.90742703176567674,0.90856409859735976,0.91018203382838292
1,modal_well_accuracy,phase_assignment,higher,102,10.200000000000001,0.90924479166666661,0.91679687499999996,0.89713541666666663,0.90744485294117649,0.90864481209150338,0.91005412581699341
1,modal_well_accuracy,phase_assignment,higher,103,10.300000000000001,0.90885416666666674,0.91692708333333317,0.89713541666666663,0.90745853559870537,0.90872522249190923,0.90992870145631066
1,modal_well_accuracy,phase_assignment,higher,104,10.4,0.90911458333333339,0.91692708333333317,0.89713541666666663,0.90747445913461555,0.90880408653846145,0.90980568910256421
1,modal_well_accuracy,phase_assignment,higher,105,10.5,0.90924479166666661,0.91627604166666665,0.89713541666666663,0.9074913194444445,0.90887524801587305,0.90968501984126993
1,modal_well_accuracy,phase_assignment,higher,106,10.600000000000001,0.90924479166666683,0.91614583333333321,0.89713541666666663,0.90750786163522013,0.90894383844339632,0.90956662735849048
1,modal_well_accuracy,phase_assignment,higher,107,10.700000000000001,0.90911458333333317,0.91588541666666656,0.89583333333333337,0.90752287772585682,0.90900871300623043,0.90943827881619932
1,modal_well_accuracy,phase_assignment,higher,108,10.800000000000001,0.90976562500000002,0.9156249999999998,0.89583333333333337,0.90754364390432107,0.90906997492283959,0.90931230709876543
1,modal_well_accuracy,phase_assignment,higher,109,10.9,0.91041666666666676,0.91653645833333341,0.89453125,0.90757000191131498,0.90913847477064214,0.90917670107033643
1,modal_well_accuracy,phase_assignment,higher,110,11,0.9097656249999998,0.91653645833333341,0.89453125,0.90758996212121212,0.90920572916666687,0.90904356060606062
1,modal_well_accuracy,phase_assignment,higher,111,11.100000000000001,0.9097656249999998,0.91588541666666679,0.89453125,0.90760956268768767,0.90926590653153139,0.90891281906906907
1,modal_well_accuracy,phase_assignment,higher,112,11.200000000000001,0.9097656249999998,0.916015625,0.89453125,0.90762881324404776,0.90932617187499998,0.90878441220238093
1,modal_well_accuracy,phase_assignment,higher,113,11.300000000000001,0.90937500000000004,0.91679687499999996,0.89322916666666663,0.90764426622418859,0.90939228429203545,0.9086467551622418
1,modal_well_accuracy,phase_assignment,higher,114,11.4,0.90911458333333339,0.91692708333333339,0.89322916666666663,0.90765716374269001,0.90945837902046789,0.90851151315789469
1,modal_well_accuracy,phase_assignment,higher,115,11.5,0.90963541666666659,0.91705729166666683,0.89192708333333337,0.90767436594202899,0.90952445652173908,0.90836730072463767
1,modal_well_accuracy,phase_assignment,higher,116,11.600000000000001,0.90950520833333337,0.91718750000000004,0.89192708333333337,0.90769014906609191,0.9095905172413794,0.90822557471264365
1,modal_well_accuracy,phase_assignment,higher,117,11.700000000000001,0.90898437499999984,0.91692708333333339,0.89192708333333337,0.90770121082621069,0.90965322293447293,0.90808627136752129
1,modal_well_accuracy,phase_assignment,higher,118,11.800000000000001,0.90950520833333326,0.91744791666666659,0.89192708333333337,0.90771649894067785,0.90971927966101696,0.90794932909604531
1,modal_well_accuracy,phase_assignment,higher,119,11.9,0.90950520833333326,0.91679687499999996,0.89192708333333337,0.90773153011204477,0.90977875525210083,0.90781468837535007
1,modal_well_accuracy,phase_assignment,higher,120,12,0.90976562500000002,0.91627604166666676,0.89192708333333337,0.90774848090277782,0.90983289930555566,0.9076822916666667
1,modal_well_accuracy,phase_assignment,higher,121,12.100000000000001,0.90976562500000002,0.91562500000000002,0.89192708333333337,0.90776515151515158,0.9098807679063361,0.90755208333333337
1,modal_well_accuracy,phase_assignment,higher,122,12.200000000000001,0.90924479166666683,0.91549479166666681,0.89192708333333337,0.90777727971311462,0.90992678449453557,0.90742400956284153
1,modal_well_accuracy,phase_assignment,higher,123,12.300000000000001,0.90924479166666661,0.91575520833333335,0.89192708333333337,0.90778921070460705,0.90997417005420045,0.90729801829268286
1,modal_well_accuracy,phase_assignment,higher,124,12.4,0.90963541666666659,0.916015625,0.89192708333333337,0.90780409946236573,0.91002289146505377,0.90717405913978499
1,modal_well_accuracy,phase_assignment,higher,125,12.5,0.90937500000000004,0.91575520833333335,0.89192708333333337,0.90781666666666683,0.91006874999999998,0.90705208333333331
1,modal_well_accuracy,phase_assignment,higher,126,12.600000000000001,0.90950520833333337,0.91536458333333337,0.89192708333333337,0.90783006779100517,0.91011078042328053,0.90693204365079361
1,modal_well_accuracy,phase_assignment,higher,127,12.700000000000001,0.90976562500000013,0.91497395833333339,0.89192708333333337,0.90784530839895017,0.91014907316272953,0.90681389435695536
1,modal_well_accuracy,phase_assignment,higher,128,12.800000000000001,0.91015625,0.91510416666666661,0.89192708333333337,0.90786336263020839,0.91018778483072926,0.90669759114583337
1,modal_well_accuracy,phase_assignment,higher,129,12.9,0.90989583333333335,0.91471354166666674,0.89192708333333337,0.90787911821705447,0.91022286821705423,0.90658309108527124
1,modal_well_accuracy,phase_assignment,higher,130,13,0.91041666666666665,0.91510416666666683,0.89192708333333337,0.90789863782051283,0.91026041666666679,0.90647035256410258
1,modal_well_accuracy,phase_assignment,higher,131,13.100000000000001,0.90924479166666683,0.91341145833333326,0.89322916666666663,0.90790891380407124,0.91028447041984728,0.90636927480916041
1,modal_well_accuracy,phase_assignment,higher,132,13.200000000000001,0.90898437499999996,0.91354166666666659,0.89322916666666663,0.9079170612373737,0.91030914614898994,0.90626972853535348
1,modal_well_accuracy,phase_assignment,higher,133,13.300000000000001,0.90807291666666656,0.91236979166666665,0.89192708333333337,0.9079182330827068,0.91032463972431077,0.90616188909774431
1,modal_well_accuracy,phase_assignment,higher,134,13.4,0.90755208333333337,0.91263020833333319,0.89192708333333337,0.90791550062189064,0.91034184546019914,0.90605565920398012
1,modal_well_accuracy,phase_assignment,higher,135,13.5,0.90794270833333335,0.91236979166666665,0.89192708333333337,0.90791570216049389,0.9103568672839506,0.90595100308641963
1,modal_well_accuracy,phase_assignment,higher,136,13.600000000000001,0.90807291666666679,0.91289062499999996,0.89192708333333337,0.90791685814950962,0.91037549785539229,0.9058478860294118
1,modal_well_accuracy,phase_assignment,higher,137,13.700000000000001,0.908203125,0.91223958333333321,0.89192708333333337,0.90791894768856451,0.91038910431873477,0.90574627433090027
1,modal_well_accuracy,phase_assignment,higher,138,13.800000000000001,0.908203125,0.912109375,0.89192708333333337,0.90792100694444433,0.91040157004830924,0.90564613526570048
1,modal_well_accuracy,phase_assignment,higher,139,13.9,0.90794270833333324,0.91158854166666659,0.89192708333333337,0.90792116306954429,0.91041010941247014,0.90554743705035978
1,modal_well_accuracy,phase_assignment,higher,140,14,0.90807291666666679,0.91145833333333337,0.89192708333333337,0.90792224702380975,0.9104175967261906,0.9054501488095239
1,modal_well_accuracy,phase_assignment,higher,141,14.100000000000001,0.90703124999999996,0.91119791666666661,0.89192708333333337,0.90791592789598108,0.91042313091016547,0.90535424054373526
1,modal_well_accuracy,phase_assignment,higher,142,14.200000000000001,0.90794270833333335,0.91054687499999998,0.89192708333333337,0.90791611649061044,0.91042400234741794,0.90525968309859162
1,modal_well_accuracy,phase_assignment,higher,143,14.300000000000001,0.90768229166666659,0.9105468750000002,0.89192708333333337,0.90791448135198127,0.91042486159673663,0.90516644813519809
1,modal_well_accuracy,phase_assignment,higher,144,14.4,0.90742187500000004,0.91080729166666674,0.89192708333333337,0.90791106047453718,0.91042751736111105,0.90507450810185175
1,modal_well_accuracy,phase_assignment,higher,145,14.5,0.90755208333333326,0.91067708333333341,0.89192708333333337,0.90790858477011493,0.91042923850574708,0.9049838362068966
1,modal_well_accuracy,phase_assignment,higher,146,14.600000000000001,0.90781250000000002,0.91067708333333341,0.890625,0.907907926655251,0.91043093607305947,0.90488548801369861
1,modal_well_accuracy,phase_assignment,higher,147,14.700000000000001,0.90794270833333324,0.91041666666666676,0.890625,0.9079081632653061,0.91043083900226751,0.90478847789115646
1,modal_well_accuracy,phase_assignment,higher,148,14.800000000000001,0.90807291666666656,0.91054687499999998,0.890625,0.90790927646396402,0.91043162302927916,0.90469277871621623
1,modal_well_accuracy,phase_assignment,higher,149,14.9,0.90768229166666659,0.91132812500000004,0.890625,0.90790775307606242,0.91043763982102921,0.90459836409395977
1,modal_well_accuracy,phase_assignment,higher,150,15,0.90768229166666659,0.91106770833333339,0.890625,0.90790625000000014,0.91044184027777786,0.90450520833333325
1,modal_well_accuracy,phase_assignment,higher,151,15.100000000000001,0.90781250000000002,0.91106770833333339,0.890625,0.9079056291390728,0.91044598509933794,0.904413286423841
1,modal_well_accuracy,phase_assignment,higher,152,15.200000000000001,0.90794270833333324,0.91093749999999996,0.890625,0.90790587308114024,0.91044921874999984,0.90432257401315785
1,modal_well_accuracy,phase_assignment,higher,153,15.300000000000001,0.90833333333333321,0.91041666666666665,0.890625,0.90790866693899797,0.91044900599128531,0.90423304738562094
1,modal_well_accuracy,phase_assignment,higher,154,15.4,0.90820312499999978,0.91015625000000022,0.890625,0.90791057900432892,0.91044710497835502,0.90414468344155841
1,modal_well_accuracy,phase_assignment,higher,155,15.5,0.90794270833333335,0.9097656249999998,0.890625,0.90791078629032251,0.91044270833333329,0.90405745967741924
1,modal_well_accuracy,phase_assignment,higher,156,15.600000000000001,0.90794270833333324,0.91002604166666656,0.88932291666666663,0.90791099091880356,0.91044003739316248,0.90396300747863245
1,modal_well_accuracy,phase_assignment,higher,157,15.700000000000001,0.90794270833333324,0.91002604166666656,0.88932291666666663,0.90791119294055189,0.91043740047770694,0.90386975849256901
1,modal_well_accuracy,phase_assignment,higher,158,15.800000000000001,0.90833333333333344,0.91015625,0.88932291666666663,0.90791386471518987,0.91043562104430364,0.90377768987341778
1,modal_well_accuracy,phase_assignment,higher,159,15.9,0.90807291666666656,0.90989583333333335,0.88932291666666663,0.90791486504192886,0.91043222615303987,0.90368677935010489
1,modal_well_accuracy,phase_assignment,higher,160,16,0.90794270833333335,0.91015625,0.88932291666666663,0.90791503906249993,0.91043050130208325,0.9035970052083333
1,modal_well_accuracy,phase_assignment,higher,161,16.100000000000001,0.90781250000000002,0.90963541666666681,0.88932291666666663,0.90791440217391328,0.91042556288819865,0.90350834627329191
1,modal_well_accuracy,phase_assignment,higher,162,16.199999999999999,0.90768229166666681,0.90989583333333335,0.88932291666666663,0.90791296939300425,0.91042229295267485,0.90342078189300412
1,modal_well_accuracy,phase_assignment,higher,163,16.300000000000001,0.90781250000000002,0.90976562500000002,0.88932291666666663,0.90791235301635975,0.91041826431492845,0.90333429192229042
1,modal_well_accuracy,phase_assignment,higher,164,16.400000000000002,0.90755208333333326,0.90963541666666681,0.88932291666666663,0.90791015625000016,0.91041349085365852,0.90324885670731714
1,modal_well_accuracy,phase_assignment,higher,165,16.5,0.90729166666666661,0.90950520833333337,0.88932291666666663,0.9079064078282828,0.91040798611111096,0.90316445707070725
1,modal_well_accuracy,phase_assignment,higher,166,16.600000000000001,0.90651041666666676,0.90976562500000002,0.88932291666666663,0.90789799824297179,0.91040411646586361,0.90308107429718876
1,modal_well_accuracy,phase_assignment,higher,167,16.699999999999999,0.90651041666666665,0.90885416666666663,0.88932291666666663,0.90788968937125747,0.91039483532934118,0.90299869011976053
1,modal_well_accuracy,phase_assignment,higher,168,16.800000000000001,0.90598958333333335,0.90859374999999998,0.88932291666666663,0.9078783792162699,0.91038411458333324,0.90291728670634919
1,modal_well_accuracy,phase_assignment,higher,169,16.900000000000002,0.90572916666666681,0.90872395833333341,0.88932291666666663,0.90786566198224838,0.91037429117357005,0.90283684664694286
1,modal_well_accuracy,phase_assignment,higher,170,17,0.90572916666666681,0.90859374999999998,0.88932291666666663,0.90785309436274519,0.9103638174019606,0.90275735294117643
1,modal_well_accuracy,phase_assignment,higher,171,17.100000000000001,0.90559895833333337,0.90820312499999978,0.88932291666666663,0.90783991228070171,0.91035118177387919,0.90267878898635479
1,modal_well_accuracy,phase_assignment,higher,172,17.199999999999999,0.90559895833333337,0.90781250000000013,0.88932291666666663,0.90782688347868223,0.91033642199612397,0.90260113856589153
1,modal_well_accuracy,phase_assignment,higher,173,17.300000000000001,0.9058593749999998,0.9078124999999998,0.88932291666666663,0.9078155105973027,0.9103218328516377,0.90252438583815031
1,modal_well_accuracy,phase_assignment,higher,174,17.400000000000002,0.9058593749999998,0.90794270833333324,0.88932291666666663,0.90780426843869733,0.91030815972222234,0.90244851532567061
1,modal_well_accuracy,phase_assignment,higher,175,17.5,0.90611979166666656,0.90742187500000004,0.88932291666666663,0.90779464285714284,0.91029166666666672,0.90237351190476189
1,modal_well_accuracy,phase_assignment,higher,176,17.600000000000001,0.90585937500000002,0.90729166666666661,0.88932291666666663,0.9077836470170455,0.91027462121212133,0.90229936079545447
1,modal_well_accuracy,phase_assignment,higher,177,17.699999999999999,0.90585937500000013,0.90755208333333337,0.88932291666666663,0.90777277542372892,0.91025923964218458,0.90222604755178903
1,modal_well_accuracy,phase_assignment,higher,178,17.800000000000001,0.90559895833333337,0.90742187500000016,0.88932291666666663,0.90776056296816476,0.91024329939138582,0.90215355805243436
1,modal_well_accuracy,phase_assignment,higher,179,17.900000000000002,0.90546875000000004,0.90716145833333339,0.88932291666666663,0.90774775954376175,0.91022608240223479,0.90208187849162014
1,modal_well_accuracy,phase_assignment,higher,180,18,0.90520833333333339,0.90677083333333319,0.88932291666666663,0.90773365162037045,0.91020688657407423,0.90201099537037044
1,modal_well_accuracy,phase_assignment,higher,181,18.100000000000001,0.90546875000000004,0.90677083333333341,0.88932291666666663,0.90772113835174939,0.91018790285451201,0.90194089548802958
1,modal_well_accuracy,phase_assignment,higher,182,18.199999999999999,0.90507812500000018,0.90572916666666659,0.88802083333333337,0.9077066163003662,0.9101634043040292,0.90186441163003661
1,modal_well_accuracy,phase_assignment,higher,183,18.300000000000001,0.90507812499999996,0.90572916666666659,0.88802083333333337,0.90769225295992706,0.91013917349726792,0.9017887636612022
1,modal_well_accuracy,phase_assignment,higher,184,18.400000000000002,0.90468749999999998,0.9058593749999998,0.88802083333333337,0.9076759227807969,0.91011591372282596,0.90171393795289856
1,modal_well_accuracy,phase_assignment,higher,185,18.5,0.90507812499999996,0.90572916666666659,0.88802083333333337,0.90766188063063069,0.91009220157657644,0.9016399211711712
1,modal_well_accuracy,phase_assignment,higher,186,18.600000000000001,0.90494791666666674,0.90572916666666659,0.88802083333333337,0.90764728942652328,0.91006874439964158,0.90156670026881713
1,modal_well_accuracy,phase_assignment,higher,187,18.699999999999999,0.90481770833333341,0.90585937500000002,0.88802083333333337,0.90763215797682706,0.91004623440285215,0.90149426247771836
1,modal_well_accuracy,phase_assignment,higher,188,18.800000000000001,0.90520833333333339,0.90598958333333335,0.88802083333333337,0.9076192652925531,0.91002465647163111,0.90142259530141844
1,modal_well_accuracy,phase_assignment,higher,189,18.900000000000002,0.90481770833333341,0.90585937500000002,0.88802083333333337,0.90760444223985881,0.91000261794532644,0.9013516865079364
1,modal_well_accuracy,phase_assignment,higher,190,19,0.90481770833333341,0.90598958333333324,0.88802083333333337,0.90758977521929807,0.90998149671052642,0.90128152412280693
1,modal_well_accuracy,phase_assignment,higher,191,19.100000000000001,0.90455729166666665,0.90598958333333335,0.88802083333333337,0.90757389834205926,0.90996059664048856,0.90121209642233857
1,modal_well_accuracy,phase_assignment,higher,192,19.200000000000003,0.90455729166666665,0.90625,0.88802083333333337,0.90755818684895817,0.90994127061631946,0.90114339192708337
1,modal_well_accuracy,phase_assignment,higher,193,19.300000000000001,0.904296875,0.90611979166666679,0.88802083333333337,0.90754128886010366,0.90992147020725389,0.90107539939550951
1,modal_well_accuracy,phase_assignment,higher,194,19.400000000000002,0.90442708333333344,0.90598958333333324,0.88802083333333337,0.90752523625429549,0.90990120274914088,0.90100810781786933
1,modal_well_accuracy,phase_assignment,higher,195,19.5,0.904296875,0.90638020833333344,0.88802083333333337,0.90750868055555556,0.90988314636752143,0.90094150641025639
1,modal_well_accuracy,phase_assignment,higher,196,19.600000000000001,0.90416666666666656,0.90598958333333324,0.88802083333333337,0.90749162946428574,0.90986328124999982,0.90087558460884354
1,modal_well_accuracy,phase_assignment,higher,197,19.700000000000003,0.90390625000000002,0.90572916666666659,0.88802083333333337,0.90747342956852806,0.90984229589678522,0.90081033206429773
1,modal_well_accuracy,phase_assignment,higher,198,19.800000000000001,0.90377604166666659,0.90533854166666661,0.88802083333333337,0.90745475589225588,0.9098195496632997,0.90074573863636365
1,modal_well_accuracy,phase_assignment,higher,199,19.900000000000002,0.90364583333333326,0.90507812499999996,0.88802083333333337,0.90743561557788954,0.90979572340871029,0.90068179438860962
1,modal_well_accuracy,phase_assignment,higher,200,20,0.90338541666666661,0.90494791666666663,0.88802083333333337,0.90741536458333338,0.90977148437500011,0.90061848958333324
2,well_area_fraction_tv_error,phase_assignment,lower,1,0.10000000000000001,0.10165812174479168,0.082288614908854169,0.0113525390625,0.10165812174479168,0.082288614908854169,0.0113525390625
2,well_area_fraction_tv_error,phase_assignment,lower,2,0.20000000000000001,0.099345906575520823,0.080491638183593756,0.017908732096354168,0.10050201416015625,0.081390126546223948,0.014630635579427084
2,well_area_fraction_tv_error,phase_assignment,lower,3,0.30000000000000004,0.097235616048177084,0.078790791829427081,0.024373372395833332,0.099413214789496523,0.080523681640624997,0.017878214518229168
2,well_area_fraction_tv_error,phase_assignment,lower,4,0.40000000000000002,0.094809977213541674,0.076689147949218744,0.031133015950520832,0.098262405395507818,0.079565048217773438,0.021191914876302082
2,well_area_fraction_tv_error,phase_assignment,lower,5,0.5,0.092235310872395837,0.074505106608072913,0.037974039713541664,0.097056986490885414,0.078553059895833346,0.024548339843749999
2,well_area_fraction_tv_error,phase_assignment,lower,6,0.60000000000000009,0.089677937825520845,0.072341918945312486,0.044896443684895836,0.095827145046657985,0.077517869737413189,0.02793969048394097
2,well_area_fraction_tv_error,phase_assignment,lower,7,0.70000000000000007,0.086867268880208334,0.069826253255208331,0.052332560221354164,0.094547162737165166,0.076419067382812497,0.031424386160714281
2,well_area_fraction_tv_error,phase_assignment,lower,8,0.80000000000000004,0.083570353190104169,0.06700998942057293,0.059992472330729164,0.09317506154378255,0.075242932637532539,0.034995396931966148
2,well_area_fraction_tv_error,phase_assignment,lower,9,0.90000000000000002,0.080873616536458345,0.064769999186197927,0.0673370361328125,0.091808234320746543,0.074079273365162041,0.038588912398726853
2,well_area_fraction_tv_error,phase_assignment,lower,10,1,0.078022766113281239,0.062393188476562486,0.074961344401041671,0.090429687500000022,0.072910664876302086,0.042226155598958336
2,well_area_fraction_tv_error,phase_assignment,lower,11,1.1000000000000001,0.075437927246093744,0.060293070475260425,0.08258056640625,0.089066800204190347,0.071763610839843742,0.045894738399621215
2,well_area_fraction_tv_error,phase_assignment,lower,12,1.2000000000000002,0.073360188802083323,0.058709716796874999,0.0894622802734375,0.087757915920681426,0.070675786336263022,0.049525366889105908
2,well_area_fraction_tv_error,phase_assignment,lower,13,1.3,0.07141876220703125,0.057183329264322916,0.0963592529296875,0.086501057942708348,0.069637905023036864,0.053127973507612176
2,well_area_fraction_tv_error,phase_assignment,lower,14,1.4000000000000001,0.069622802734375003,0.055798848470052086,0.10314432779947917,0.085295468284970241,0.068649400983537959,0.056700570242745531
2,well_area_fraction_tv_error,phase_assignment,lower,15,1.5,0.068402608235677093,0.055002848307291671,0.10964457194010417,0.084169277615017357,0.06773963080512152,0.060230170355902779
2,well_area_fraction_tv_error,phase_assignment,lower,16,1.6000000000000001,0.066892496744791669,0.053976949055989584,0.11621602376302083,0.083089478810628267,0.066879463195800778,0.063729286193847656
2,well_area_fraction_tv_error,phase_assignment,lower,17,1.7000000000000002,0.06592508951822916,0.053480529785156238,0.12227376302083333,0.082079808852251829,0.066091290642233444,0.067173078948376222
2,well_area_fraction_tv_error,phase_assignment,lower,18,1.8,0.064846293131510427,0.05282135009765624,0.1283111572265625,0.081122391312210648,0.065354071723090282,0.070569638852719899
2,well_area_fraction_tv_error,phase_assignment,lower,19,1.9000000000000001,0.064147440592447924,0.05261993408203125,0.13387552897135416,0.080228972853275765,0.064683853952508225,0.073901527806332232
2,well_area_fraction_tv_error,phase_assignment,lower,20,2,0.063450622558593753,0.052433268229166663,0.13958231608072916,0.079390055338541668,0.064071324666341148,0.077185567220052084
2,well_area_fraction_tv_error,phase_assignment,lower,21,2.1000000000000001,0.062899271647135407,0.0522918701171875,0.14503987630208334,0.078604779924665177,0.063510398259238585,0.080416724795386904
2,well_area_fraction_tv_error,phase_assignment,lower,22,2.2000000000000002,0.062268575032552079,0.052036539713541663,0.15045166015625,0.077862225156841852,0.062988859234434175,0.083600130948153425
2,well_area_fraction_tv_error,phase_assignment,lower,23,2.3000000000000003,0.061677042643229166,0.051809183756510412,0.15580240885416666,0.077158521569293481,0.062502786387567927,0.086739360422327896
2,well_area_fraction_tv_error,phase_assignment,lower,24,2.4000000000000004,0.061319478352864588,0.051868184407552087,0.16078694661458334,0.0764985614352756,0.062059677971733951,0.089824676513671875
2,well_area_fraction_tv_error,phase_assignment,lower,25,2.5,0.060903422037760412,0.051857503255208326,0.16583251953125,0.075874755859375004,0.061651590983072921,0.092864990234375
2,well_area_fraction_tv_error,phase_assignment,lower,26,2.6000000000000001,0.060650634765625003,0.051892598470052086,0.17055765787760416,0.075289212740384623,0.06127624511718751,0.095853169759114579
2,well_area_fraction_tv_error,phase_assignment,lower,27,2.7000000000000002,0.060369364420572925,0.051885986328125001,0.17542521158854166,0.074736625765576783,0.060928457754629628,0.098800282419463745
2,well_area_fraction_tv_error,phase_assignment,lower,28,2.8000000000000003,0.059995524088541662,0.051868184407552073,0.18002827962239584,0.074210157848539821,0.060604876563662577,0.10170128231956847
2,well_area_fraction_tv_error,phase_assignment,lower,29,2.9000000000000004,0.059798177083333334,0.051923624674479162,0.18416341145833334,0.073713192994567162,0.060305523050242449,0.10454480401400862
2,well_area_fraction_tv_error,phase_assignment,lower,30,3,0.059667968750000001,0.052008565266927077,0.1885223388671875,0.073245018853081614,0.060028957790798608,0.10734405517578126
2,well_area_fraction_tv_error,phase_assignment,lower,31,3.1000000000000001,0.059482320149739587,0.052011108398437499,0.192840576171875,0.072801060830393144,0.059770317487819212,0.11010200746597783
2,well_area_fraction_tv_error,phase_assignment,lower,32,3.2000000000000002,0.059178670247395829,0.052127583821614573,0.1971893310546875,0.072375361124674478,0.059531482060750318,0.112823486328125
2,well_area_fraction_tv_error,phase_assignment,lower,33,3.3000000000000003,0.058993530273437497,0.052263387044270838,0.20131429036458334,0.071969851098879406,0.059311236757220644,0.11550502584438131
2,well_area_fraction_tv_error,phase_assignment,lower,34,3.4000000000000004,0.058770243326822916,0.05230712890625,0.205108642578125,0.071581627340877751,0.059105233585133275,0.11814042633655024
2,well_area_fraction_tv_error,phase_assignment,lower,35,3.5,0.058619181315104164,0.052430725097656249,0.20867411295572916,0.071211271740141371,0.058914533342633933,0.12072710309709822
2,well_area_fraction_tv_error,phase_assignment,lower,36,3.6000000000000001,0.058361307779947927,0.052444966634114576,0.212493896484375,0.070854328296802674,0.058734823156286177,0.12327618069118924
2,well_area_fraction_tv_error,phase_assignment,lower,37,3.7000000000000002,0.058107503255208345,0.052459716796875,0.2159881591796875,0.070509819511894709,0.058565225687112886,0.125781909839527
2,well_area_fraction_tv_error,phase_assignment,lower,38,3.8000000000000003,0.057752482096354162,0.05252024332682291,0.21958414713541666,0.070174100106222576,0.058406147203947364,0.12825038976836622
2,well_area_fraction_tv_error,phase_assignment,lower,39,3.9000000000000004,0.05749816894531249,0.052553812662760414,0.22292073567708334,0.069849076230301801,0.058256087343916928,0.13067783453525642
2,well_area_fraction_tv_error,phase_assignment,lower,40,4,0.057234700520833334,0.052618408203125001,0.2265472412109375,0.06953371683756511,0.058115145365397122,0.13307456970214845
2,well_area_fraction_tv_error,phase_assignment,lower,41,4.1000000000000005,0.056918334960937497,0.052509053548177087,0.23002115885416666,0.069226024596671751,0.057978411418635668,0.13543912065707572
2,well_area_fraction_tv_error,phase_assignment,lower,42,4.2000000000000002,0.05674692789713541,0.052486165364583337,0.23315938313802084,0.068928903246682785,0.057847643655443946,0.13776579357328869
2,well_area_fraction_tv_error,phase_assignment,lower,43,4.2999999999999998,0.056321207682291666,0.052312215169270829,0.23647054036458334,0.068635701024255091,0.057718912760416671,0.14006125280099321
2,well_area_fraction_tv_error,phase_assignment,lower,44,4.4000000000000004,0.056085205078125012,0.052323404947916666,0.23958841959635416,0.068350462480024854,0.05759628758285984,0.14232323386452414
2,well_area_fraction_tv_error,phase_assignment,lower,45,4.5,0.055713907877604177,0.052201843261718749,0.24258931477864584,0.068069650155526615,0.057476411042390055,0.14455136899594909
2,well_area_fraction_tv_error,phase_assignment,lower,46,4.6000000000000005,0.055536397298177075,0.052209472656249999,0.2453765869140625,0.067797188136888578,0.057361912381821777,0.14674322155938632
2,well_area_fraction_tv_error,phase_assignment,lower,47,4.7000000000000002,0.055248514811197913,0.052110290527343749,0.24824015299479166,0.067530195087405806,0.057250175746620127,0.14890273073886304
2,well_area_fraction_tv_error,phase_assignment,lower,48,4.8000000000000007,0.05482533772786459,0.051832071940104175,0.25103251139322919,0.067265510559082031,0.057137298583984378,0.15103043450249565
2,well_area_fraction_tv_error,phase_assignment,lower,49,4.9000000000000004,0.054469299316406247,0.05168202718098959,0.25355021158854169,0.067004363390864158,0.057025966514535509,0.15312267485119047
2,well_area_fraction_tv_error,phase_assignment,lower,50,5,0.054364013671874989,0.051652526855468749,0.2559661865234375,0.066751556396484377,0.056918497721354155,0.15517954508463541
2,well_area_fraction_tv_error,phase_assignment,lower,51,5.1000000000000005,0.053963724772135416,0.051385498046874999,0.2585906982421875,0.066500814599928515,0.056810007531658491,0.15720721475439134
2,well_area_fraction_tv_error,phase_assignment,lower,52,5.2000000000000002,0.053691101074218747,0.05126953125,0.26082356770833331,0.066254473955203314,0.05670345991085738,0.15919983692658254
2,well_area_fraction_tv_error,phase_assignment,lower,53,5.3000000000000007,0.053308614095052088,0.050935363769531249,0.26334635416666669,0.066010212448408018,0.056594627908190843,0.16116486555375395
2,well_area_fraction_tv_error,phase_assignment,lower,54,5.4000000000000004,0.052999877929687501,0.05070546468098959,0.26549275716145831,0.065769280327690971,0.056485569329909335,0.1630968635464892
2,well_area_fraction_tv_error,phase_assignment,lower,55,5.5,0.052714538574218747,0.050566101074218751,0.26755777994791669,0.065531921386718747,0.056377942634351322,0.16499615293560604
2,well_area_fraction_tv_error,phase_assignment,lower,56,5.6000000000000005,0.05224609375,0.050276184082031251,0.26991780598958331,0.065294674464634467,0.056268982660202749,0.16686975388299852
2,well_area_fraction_tv_error,phase_assignment,lower,57,5.7000000000000002,0.051968892415364586,0.050161234537760425,0.27187601725260419,0.065060888814647305,0.056161829184370425,0.16871196902983368
2,well_area_fraction_tv_error,phase_assignment,lower,58,5.8000000000000007,0.051584879557291671,0.049905904134114581,0.27393595377604169,0.064828543827451512,0.056053968407641874,0.17052617566338901
2,well_area_fraction_tv_error,phase_assignment,lower,59,5.9000000000000004,0.051206970214843751,0.04958699544270833,0.27588399251302081,0.064597669698424259,0.055944358696371821,0.1723119013727048
2,well_area_fraction_tv_error,phase_assignment,lower,60,6,0.050922139485677087,0.049413553873697919,0.27764383951822919,0.064369744194878481,0.055835511949327253,0.17406743367513022
2,well_area_fraction_tv_error,phase_assignment,lower,61,6.1000000000000005,0.050606791178385423,0.049158223470052088,0.27945454915364581,0.064144122014280228,0.055726048203765366,0.17579509130592555
2,well_area_fraction_tv_error,phase_assignment,lower,62,6.2000000000000002,0.050281778971354163,0.048876444498697907,0.28117879231770831,0.063920535836168496,0.055615570724651377,0.17749482841901884
2,well_area_fraction_tv_error,phase_assignment,lower,63,6.3000000000000007,0.049926249186197917,0.048608398437499992,0.28293863932291669,0.063698404302042003,0.055504345767712474,0.17916853970320767
2,well_area_fraction_tv_error,phase_assignment,lower,64,6.4000000000000004,0.04955291748046875,0.048256937662760416,0.28464253743489581,0.063477381070454905,0.055391105016072584,0.18081657091776529
2,well_area_fraction_tv_error,phase_assignment,lower,65,6.5,0.04931996663411458,0.048108927408854169,0.2862701416015625,0.063259574694511225,0.055279071514423073,0.18243893354366988
2,well_area_fraction_tv_error,phase_assignment,lower,66,6.6000000000000005,0.049229939778645836,0.048011271158854167,0.28757731119791669,0.06304700446851326,0.055168953327217482,0.18403193926570391
2,well_area_fraction_tv_error,phase_assignment,lower,67,6.7000000000000002,0.049041748046875,0.04780222574869792,0.2891845703125,0.06283797079057836,0.05505900216932913,0.1856013815201337
2,well_area_fraction_tv_error,phase_assignment,lower,68,6.8000000000000007,0.048746744791666671,0.04753875732421875,0.29079691569010419,0.062630746878829649,0.054948410333371632,0.18714837466969211
2,well_area_fraction_tv_error,phase_assignment,lower,69,6.9000000000000004,0.048388163248697914,0.047235107421874992,0.29249064127604169,0.062424332623320491,0.054836623334654278,0.18867507418572615
2,well_area_fraction_tv_error,phase_assignment,lower,70,7,0.048152160644531247,0.047024536132812503,0.2938690185546875,0.062220444452194948,0.054725022088913687,0.19017784481956845
2,well_area_fraction_tv_error,phase_assignment,lower,71,7.1000000000000005,0.047924296061197913,0.04686381022135417,0.29518636067708331,0.062019090249504839,0.0546143007950044,0.19165683800066025
2,well_area_fraction_tv_error,phase_assignment,lower,72,7.2000000000000002,0.047631835937500006,0.046556599934895831,0.29677327473958331,0.061819267272949209,0.054502388283058444,0.19311678851092304
2,well_area_fraction_tv_error,phase_assignment,lower,73,7.3000000000000007,0.04742024739583333,0.046346537272135412,0.29805501302083331,0.061622020425317489,0.054390664296607452,0.19455429843571634
2,well_area_fraction_tv_error,phase_assignment,lower,74,7.4000000000000004,0.047171529134114584,0.04607747395833333,0.29935709635416669,0.061426743515976899,0.054278323886630772,0.19597055246164133
2,well_area_fraction_tv_error,phase_assignment,lower,75,7.5,0.046868387858072916,0.045766194661458336,0.3006591796875,0.061232632107204865,0.054164828830295143,0.19736640082465276
2,well_area_fraction_tv_error,phase_assignment,lower,76,7.6000000000000005,0.04663798014322916,0.045571390787760416,0.3018646240234375,0.061040597212942027,0.054051757277103887,0.19874137744568943
2,well_area_fraction_tv_error,phase_assignment,lower,77,7.7000000000000002,0.046470133463541667,0.045448811848958333,0.30298360188802081,0.060851370411001762,0.053940030713102008,0.2000951725683171
2,well_area_fraction_tv_error,phase_assignment,lower,78,7.8000000000000007,0.046279398600260424,0.045297749837239581,0.304168701171875,0.060664550259581992,0.053829232240334535,0.20142944857605505
2,well_area_fraction_tv_error,phase_assignment,lower,79,7.9000000000000004,0.046141560872395834,0.045203145345052084,0.30519612630208331,0.060480714950883439,0.053720041266976527,0.20274295082575158
2,well_area_fraction_tv_error,phase_assignment,lower,80,8,0.046012878417968757,0.04506632486979166,0.30633036295572919,0.060299866994222004,0.053611869812011714,0.20403779347737627
2,well_area_fraction_tv_error,phase_assignment,lower,81,8.0999999999999996,0.045991007486979166,0.045050048828125001,0.30740865071614581,0.060123214407712823,0.053506168318383486,0.20531397690007716
2,well_area_fraction_tv_error,phase_assignment,lower,82,8.2000000000000011,0.045864868164062503,0.044882710774739584,0.30829874674479169,0.059949332136448805,0.053401004201997594,0.20656988872745172
2,well_area_fraction_tv_error,phase_assignment,lower,83,8.3000000000000007,0.04575703938802083,0.044789123535156253,0.30922953287760419,0.059778340657552088,0.053297246603601911,0.20780675190998368
2,well_area_fraction_tv_error,phase_assignment,lower,84,8.4000000000000004,0.045644124348958329,0.044683329264322912,0.31021626790364581,0.059610076177687862,0.053194699968610495,0.20902591281467012
2,well_area_fraction_tv_error,phase_assignment,lower,85,8.5,0.045540873209635416,0.044590250651041663,0.31110636393229169,0.059444556142769611,0.053093471153109681,0.21022685929840687
2,well_area_fraction_tv_error,phase_assignment,lower,86,8.5999999999999996,0.045479838053385416,0.044480387369791666,0.31206258138020831,0.059282175699869787,0.052993319016094352,0.21141099560168364
2,well_area_fraction_tv_error,phase_assignment,lower,87,8.7000000000000011,0.045446777343750001,0.0444793701171875,0.31288655598958331,0.059123148132558069,0.052895457534497738,0.21257738135326867
2,well_area_fraction_tv_error,phase_assignment,lower,88,8.8000000000000007,0.04531046549479166,0.044361877441406246,0.31374104817708331,0.058966185829856188,0.052798485033439868,0.2137269684762666
2,well_area_fraction_tv_error,phase_assignment,lower,89,8.9000000000000004,0.045292663574218753,0.044338989257812503,0.31451924641927081,0.058812550748332151,0.052703434519106973,0.21485946598124414
2,well_area_fraction_tv_error,phase_assignment,lower,90,9,0.045244344075520838,0.044297281901041666,0.31525166829427081,0.058661792896412046,0.052610032823350694,0.21597493489583333
2,well_area_fraction_tv_error,phase_assignment,lower,91,9.0999999999999996,0.045115661621093754,0.044185384114583337,0.3161163330078125,0.058512934310968968,0.052517454266111499,0.21707538982014082
2,well_area_fraction_tv_error,phase_assignment,lower,92,9.2000000000000011,0.045072937011718751,0.04417368570963541,0.31674702962239581,0.058366847383803225,0.052426761129628054,0.21815877720929575
2,well_area_fraction_tv_error,phase_assignment,lower,93,9.3000000000000007,0.045077006022135414,0.044186909993489579,0.31747945149739581,0.058223945863785279,0.052338160579777103,0.21922674144895274
2,well_area_fraction_tv_error,phase_assignment,lower,94,9.4000000000000004,0.04496409098307292,0.044065856933593751,0.31819661458333331,0.058082883577820266,0.05225015734949856,0.22027961243974403
2,well_area_fraction_tv_error,phase_assignment,lower,95,9.5,0.044972229003906253,0.04404856363932292,0.31880696614583331,0.057944876687568536,0.052163824784128288,0.22131674247875546
2,well_area_fraction_tv_error,phase_assignment,lower,96,9.6000000000000014,0.044932047526041664,0.044066365559895834,0.31946818033854169,0.05780932638380263,0.052079476250542531,0.22233915328979492
2,well_area_fraction_tv_error,phase_assignment,lower,97,9.7000000000000011,0.045015462239583338,0.044154357910156247,0.3201141357421875,0.057677430877161186,0.051997773999610718,0.2233471427996134
2,well_area_fraction_tv_error,phase_assignment,lower,98,9.8000000000000007,0.045088704427083334,0.044271850585937501,0.32061258951822919,0.057548974484813456,0.051918938046409971,0.22433964735796663
2,well_area_fraction_tv_error,phase_assignment,lower,99,9.9000000000000004,0.04516194661458333,0.04433390299479166,0.3212127685546875,0.057423852991174772,0.051842321530737055,0.22531816373369107
2,well_area_fraction_tv_error,phase_assignment,lower,100,10,0.045165506998697924,0.044370015462239579,0.32184855143229169,0.057301269531250011,0.051767598470052079,0.22628346761067708
2,well_area_fraction_tv_error,phase_assignment,lower,101,10.100000000000001,0.045263671875000001,0.044469197591145829,0.3224334716796875,0.057182085396039604,0.051695337075211435,0.22723544784898411
2,well_area_fraction_tv_error,phase_assignment,lower,102,10.200000000000001,0.045321146647135421,0.04453328450520834,0.322998046875,0.057065801682815054,0.05162512087354474,0.22817429685904311
2,well_area_fraction_tv_error,phase_assignment,lower,103,10.300000000000001,0.045430501302083329,0.044623311360677084,0.32350667317708331,0.056952837601448737,0.051557142140410094,0.22909985391067456
2,well_area_fraction_tv_error,phase_assignment,lower,104,10.4,0.045599365234375001,0.044791158040364584,0.3240203857421875,0.056843669597919179,0.051492084600986587,0.23001255133213139
2,well_area_fraction_tv_error,phase_assignment,lower,105,10.5,0.045690917968750001,0.044881693522135419,0.32451883951822919,0.056737452915736605,0.051429128495473708,0.23091261121961806
2,well_area_fraction_tv_error,phase_assignment,lower,106,10.600000000000001,0.045785013834635416,0.044975789388020826,0.32496134440104169,0.056634128018745088,0.051368247937856236,0.23179986341944281
2,well_area_fraction_tv_error,phase_assignment,lower,107,10.700000000000001,0.045844523111979167,0.045022074381510423,0.32549540201822919,0.056533290589709885,0.051308937904619344,0.23267552265868383
2,well_area_fraction_tv_error,phase_assignment,lower,108,10.800000000000001,0.045918782552083329,0.045093282063802087,0.3259429931640625,0.056435008107880005,0.051251385535722907,0.23353911034854838
2,well_area_fraction_tv_error,phase_assignment,lower,109,10.9,0.046008300781249997,0.045132446289062503,0.326385498046875,0.056339350242498087,0.051195248478414092,0.2343909120705514
2,well_area_fraction_tv_error,phase_assignment,lower,110,11,0.046078999837239586,0.045202128092447919,0.326812744140625,0.056246074329723006,0.051140765565814393,0.23523111054391574
2,well_area_fraction_tv_error,phase_assignment,lower,111,11.100000000000001,0.046107482910156247,0.04525705973307291,0.32721455891927081,0.056154735668285473,0.051087759206960869,0.23605979025900903
2,well_area_fraction_tv_error,phase_assignment,lower,112,11.200000000000001,0.046175130208333331,0.045324707031250008,0.32767740885416669,0.056065632048107328,0.051036303383963456,0.23687780471075148
2,well_area_fraction_tv_error,phase_assignment,lower,113,11.300000000000001,0.046220397949218756,0.045383707682291663,0.32810465494791669,0.055978506082630441,0.050986280413152188,0.23768512196948746
2,well_area_fraction_tv_error,phase_assignment,lower,114,11.4,0.046322631835937503,0.04547932942708334,0.3284912109375,0.05589380543134366,0.050937973825555094,0.23848166660955775
2,well_area_fraction_tv_error,phase_assignment,lower,115,11.5,0.04631449381510417,0.045503234863281249,0.32889811197916669,0.055810507069463312,0.050890715225883155,0.23926789656929348
2,well_area_fraction_tv_error,phase_assignment,lower,116,11.600000000000001,0.046421305338541663,0.045598347981770836,0.32932027180989581,0.055729565675231227,0.050845091370330456,0.24004421014895386
2,well_area_fraction_tv_error,phase_assignment,lower,117,11.700000000000001,0.046475728352864579,0.045630900065104167,0.32979838053385419,0.055650473048544334,0.050800525632678964,0.24081133981036326
2,well_area_fraction_tv_error,phase_assignment,lower,118,11.800000000000001,0.046583557128906244,0.045716857910156249,0.33022562662760419,0.055573634778038936,0.050757443702827067,0.2415690880037297
2,well_area_fraction_tv_error,phase_assignment,lower,119,11.9,0.046635945638020836,0.045778910319010414,0.33068339029947919,0.055498528146610202,0.050715607287837014,0.24231794768688728
2,well_area_fraction_tv_error,phase_assignment,lower,120,12,0.046727498372395836,0.045876566569010416,0.3310699462890625,0.055425436231825088,0.050675281948513451,0.24305754767523871
2,well_area_fraction_tv_error,phase_assignment,lower,121,12.100000000000001,0.046762593587239588,0.045935058593750001,0.33153279622395831,0.055353842490960745,0.050636106548887318,0.2437887480764678
2,well_area_fraction_tv_error,phase_assignment,lower,122,12.200000000000001,0.046851094563802084,0.046017964680989579,0.3318939208984375,0.055284147835820106,0.050598252927019291,0.24451092162418886
2,well_area_fraction_tv_error,phase_assignment,lower,123,12.300000000000001,0.046965026855468744,0.04608561197916667,0.33219401041666669,0.055216512705898536,0.050561564789231871,0.24522379226477811
2,well_area_fraction_tv_error,phase_assignment,lower,124,12.4,0.04711201985677084,0.04621480305989583,0.33261617024739581,0.055151153892599128,0.050526510259156575,0.24592856950657341
2,well_area_fraction_tv_error,phase_assignment,lower,125,12.5,0.04717610677083333,0.046263631184895834,0.3330230712890625,0.055087353515624993,0.050492407226562494,0.24662532552083336
2,well_area_fraction_tv_error,phase_assignment,lower,126,12.600000000000001,0.047251383463541671,0.046377054850260419,0.3334197998046875,0.055025163277116394,0.050459745699766453,0.24731417055483218
2,well_area_fraction_tv_error,phase_assignment,lower,127,12.700000000000001,0.047335306803385421,0.046461486816406251,0.33380635579427081,0.054964613226142135,0.050428263346354175,0.24799521138348915
2,well_area_fraction_tv_error,phase_assignment,lower,128,12.800000000000001,0.047475687662760412,0.046602884928385414,0.33423868815104169,0.054906105995178221,0.050398377577463779,0.24866898854573569
2,well_area_fraction_tv_error,phase_assignment,lower,129,12.9,0.047595723470052087,0.04669952392578125,0.33460489908854169,0.054849436363200499,0.05036970429334222,0.24933515839490472
2,well_area_fraction_tv_error,phase_assignment,lower,130,13,0.047719319661458336,0.046827697753906251,0.3350067138671875,0.054794589311648635,0.050342458089192708,0.2499941703600761
2,well_area_fraction_tv_error,phase_assignment,lower,131,13.100000000000001,0.047800699869791664,0.046931457519531247,0.33536783854166669,0.054741200842626826,0.05031641991690522,0.25064587775077529
2,well_area_fraction_tv_error,phase_assignment,lower,132,13.200000000000001,0.047930399576822921,0.04703572591145834,0.335693359375,0.054689603863340444,0.050291566174439715,0.25129017685398908
2,well_area_fraction_tv_error,phase_assignment,lower,133,13.300000000000001,0.048099263509114587,0.047155761718750001,0.33598836263020831,0.054640052432105658,0.05026798869732927,0.25192700531847195
2,well_area_fraction_tv_error,phase_assignment,lower,134,13.4,0.048236083984374997,0.047288513183593749,0.33634440104166669,0.054592261622794222,0.050245753805435708,0.25255698588357045
2,well_area_fraction_tv_error,phase_assignment,lower,135,13.5,0.048352559407552079,0.047388712565104171,0.33667500813802081,0.054546041606385029,0.050224590536988814,0.25318008234471451
2,well_area_fraction_tv_error,phase_assignment,lower,136,13.600000000000001,0.048441569010416671,0.047489929199218753,0.33693949381510419,0.054501155778473497,0.050204482733034628,0.25379596037023205
2,well_area_fraction_tv_error,phase_assignment,lower,137,13.700000000000001,0.048610432942708337,0.0476226806640625,0.33724466959635419,0.054458157801570095,0.050185637462458174,0.2544050750361162
2,well_area_fraction_tv_error,phase_assignment,lower,138,13.800000000000001,0.04872894287109375,0.047743225097656244,0.3374786376953125,0.054416641751349248,0.050167938822133537,0.2550070573742263
2,well_area_fraction_tv_error,phase_assignment,lower,139,13.9,0.048824055989583337,0.047842407226562501,0.33783467610677081,0.054376407321408492,0.050151208378999924,0.25560293952338126
2,well_area_fraction_tv_error,phase_assignment,lower,140,14,0.048933919270833334,0.04795481363932292,0.33817545572916669,0.054337532406761535,0.050135519845145082,0.25619274321056545
2,well_area_fraction_tv_error,phase_assignment,lower,141,14.100000000000001,0.049104817708333331,0.048100789388020836,0.33843994140625,0.05430042095499963,0.050121089132683219,0.25677605667294623
2,well_area_fraction_tv_error,phase_assignment,lower,142,14.200000000000001,0.049295043945312499,0.048309326171875,0.33877054850260419,0.054265171821128597,0.050108330238593013,0.25735348267174668
2,well_area_fraction_tv_error,phase_assignment,lower,143,14.300000000000001,0.049443054199218746,0.048413594563802079,0.3391265869140625,0.054231450718877472,0.050096478940167902,0.25792532256155304
2,well_area_fraction_tv_error,phase_assignment,lower,144,14.4,0.049585469563802081,0.048519388834635413,0.33943684895833331,0.054199186960856127,0.050085526925546152,0.25849137482819734
2,well_area_fraction_tv_error,phase_assignment,lower,145,14.5,0.049680074055989579,0.048658243815104162,0.33974202473958331,0.054168020664960494,0.05007568359375001,0.25905172413793104
2,well_area_fraction_tv_error,phase_assignment,lower,146,14.600000000000001,0.049779256184895829,0.048780822753906251,0.34005228678385419,0.054137960634275117,0.050066814683888058,0.25960652251221816
2,well_area_fraction_tv_error,phase_assignment,lower,147,14.700000000000001,0.04989573160807291,0.048888142903645827,0.340362548828125,0.054109101933416594,0.050058796508512263,0.26015588323545563
2,well_area_fraction_tv_error,phase_assignment,lower,148,14.800000000000001,0.050050862630208338,0.049070231119791662,0.34063212076822919,0.054081681397584104,0.050052117012642526,0.26069964159716358
2,well_area_fraction_tv_error,phase_assignment,lower,149,14.9,0.05022430419921875,0.049230448404947912,0.34089152018229169,0.054055792960011187,0.050046602458228472,0.26123784212458051
2,well_area_fraction_tv_error,phase_assignment,lower,150,15,0.050300089518229174,0.049312337239583323,0.3411712646484375,0.054030754937065974,0.05004170735677084,0.2617707316080729
2,well_area_fraction_tv_error,phase_assignment,lower,151,15.100000000000001,0.050442504882812503,0.049445088704427084,0.34145100911458331,0.054006991691673556,0.050037756239867892,0.26229841556506966
2,well_area_fraction_tv_error,phase_assignment,lower,152,15.200000000000001,0.050527954101562501,0.049506123860677084,0.34168497721354169,0.053984103286475474,0.050034258658425847,0.26282069557591486
2,well_area_fraction_tv_error,phase_assignment,lower,153,15.300000000000001,0.050675455729166666,0.049617513020833337,0.34193929036458331,0.053962478139042078,0.050031534830729175,0.26333781057453365
2,well_area_fraction_tv_error,phase_assignment,lower,154,15.4,0.050780232747395834,0.049730936686197921,0.34223429361979169,0.053941814207927485,0.05002958289472572,0.26385012539950287
2,well_area_fraction_tv_error,phase_assignment,lower,155,15.5,0.050860087076822921,0.049802652994791669,0.34254964192708331,0.053921932097404236,0.050028118830855173,0.26435786421580981
2,well_area_fraction_tv_error,phase_assignment,lower,156,15.600000000000001,0.051004536946614588,0.049933878580729167,0.34280904134114581,0.053903230846437632,0.050027514726687691,0.26486075637686968
2,well_area_fraction_tv_error,phase_assignment,lower,157,15.700000000000001,0.051105753580729163,0.050074768066406247,0.34310404459635419,0.053885412519904453,0.0500278157033738,0.26535912126998734
2,well_area_fraction_tv_error,phase_assignment,lower,158,15.800000000000001,0.051271565755208338,0.050236511230468753,0.34331766764322919,0.053868869185950685,0.050029136561140233,0.265852529791337
2,well_area_fraction_tv_error,phase_assignment,lower,159,15.9,0.051370747884114575,0.050337727864583334,0.34357198079427081,0.053853157731222158,0.05003107738694805,0.26634133136997185
2,well_area_fraction_tv_error,phase_assignment,lower,160,16,0.051517740885416663,0.05046793619791666,0.34378560384114581,0.05383856137593588,0.050033807754516602,0.26682535807291669
2,well_area_fraction_tv_error,phase_assignment,lower,161,16.100000000000001,0.051638793945312497,0.050616963704427087,0.344024658203125,0.053824898224192876,0.050037429841162009,0.26730485683148941
2,well_area_fraction_tv_error,phase_assignment,lower,162,16.199999999999999,0.051807149251302087,0.050794982910156251,0.34425862630208331,0.053812442983619466,0.05004210609467432,0.26777988009982634
2,well_area_fraction_tv_error,phase_assignment,lower,163,16.300000000000001,0.051999918619791662,0.05097147623697916,0.34455362955729169,0.053801323202246301,0.050047807751989068,0.26825088469772496
2,well_area_fraction_tv_error,phase_assignment,lower,164,16.400000000000002,0.052113342285156253,0.051044718424479177,0.34475199381510419,0.053791030635678673,0.050053886475601814,0.26871735487526999
2,well_area_fraction_tv_error,phase_assignment,lower,165,16.5,0.052257792154947913,0.051183573404947912,0.3449554443359375,0.053781738281250005,0.050060733063052407,0.26917940390230433
2,well_area_fraction_tv_error,phase_assignment,lower,166,16.600000000000001,0.052393086751302088,0.051283772786458334,0.34515380859375,0.053773372910587668,0.050068100772229548,0.26963708103899969
2,well_area_fraction_tv_error,phase_assignment,lower,167,16.699999999999999,0.052529398600260423,0.051405843098958334,0.34534200032552081,0.053765923962621642,0.050076111205323723,0.27009040390897893
2,well_area_fraction_tv_error,phase_assignment,lower,168,16.800000000000001,0.052682495117187499,0.051560974121093749,0.34559122721354169,0.053759474981398804,0.050084949675060456,0.27053981357150608
2,well_area_fraction_tv_error,phase_assignment,lower,169,16.900000000000002,0.052790323893229164,0.05165863037109375,0.34582010904947919,0.053753740359575322,0.050094261395155326,0.27098525910687871
2,well_area_fraction_tv_error,phase_assignment,lower,170,17,0.052978515625,0.051835123697916666,0.34607442220052081,0.053749180214077819,0.050104501761642162,0.27142696006625305
2,well_area_fraction_tv_error,phase_assignment,lower,171,17.100000000000001,0.053173828125000003,0.052007548014322925,0.34635416666666669,0.053745815581977954,0.050115630687096437,0.2718651308650859
2,well_area_fraction_tv_error,phase_assignment,lower,172,17.199999999999999,0.05337982177734376,0.052190144856770836,0.346588134765625,0.053743687711020768,0.050127691815989882,0.27229956693427509
2,well_area_fraction_tv_error,phase_assignment,lower,173,17.300000000000001,0.053562927246093753,0.052351888020833327,0.34680684407552081,0.053742642852842006,0.050140548441451417,0.27273024483682562
2,well_area_fraction_tv_error,phase_assignment,lower,174,17.400000000000002,0.053754170735677086,0.05255889892578125,0.34698486328125,0.053742709105042197,0.050154447007453307,0.27315699551754075
2,well_area_fraction_tv_error,phase_assignment,lower,175,17.5,0.053903198242187499,0.052739461263020829,0.347259521484375,0.053743626185825885,0.050169218517485126,0.27358043852306552
2,well_area_fraction_tv_error,phase_assignment,lower,176,17.600000000000001,0.054048665364583338,0.052876281738281253,0.34747823079427081,0.053745359362977918,0.050184599558512365,0.27400031234278821
2,well_area_fraction_tv_error,phase_assignment,lower,177,17.699999999999999,0.054209899902343747,0.05305531819661459,0.34768168131510419,0.053747983885799197,0.050200818307880181,0.27441659126353574
2,well_area_fraction_tv_error,phase_assignment,lower,178,17.800000000000001,0.054371643066406253,0.053192138671875,0.3478851318359375,0.053751487589061044,0.05021762347846441,0.27482933587349306
2,well_area_fraction_tv_error,phase_assignment,lower,179,17.900000000000002,0.054544067382812499,0.053350321451822912,0.34803263346354169,0.053755915409137857,0.050235124584460833,0.27523829284326989
2,well_area_fraction_tv_error,phase_assignment,lower,180,18,0.054696655273437499,0.053523254394531247,0.34823099772135419,0.053761141741717311,0.050253391972294559,0.27564380787037041
2,well_area_fraction_tv_error,phase_assignment,lower,181,18.100000000000001,0.0548095703125,0.053636678059895825,0.34844462076822919,0.053766934164760305,0.050272084160623856,0.27604602230627012
2,well_area_fraction_tv_error,phase_assignment,lower,182,18.199999999999999,0.054999796549479174,0.053821309407552087,0.34862772623697919,0.053773708133907118,0.050291585398244333,0.27644482287731803
2,well_area_fraction_tv_error,phase_assignment,lower,183,18.300000000000001,0.055161539713541666,0.053972371419270838,0.34881083170572919,0.053781291913030792,0.050311698983058685,0.27684026554851154
2,well_area_fraction_tv_error,phase_assignment,lower,184,18.400000000000002,0.05525919596354166,0.054063415527343749,0.34899393717447919,0.053789324000261839,0.050332088746886328,0.27723240506821784
2,well_area_fraction_tv_error,phase_assignment,lower,185,18.5,0.055423482259114587,0.054217529296874997,0.349151611328125,0.053798157288147533,0.050353091128237604,0.27762115753448757
2,well_area_fraction_tv_error,phase_assignment,lower,186,18.600000000000001,0.055565897623697916,0.054372151692708329,0.34932454427083331,0.053807661268446175,0.050374698980734767,0.27800665961371523
2,well_area_fraction_tv_error,phase_assignment,lower,187,18.699999999999999,0.055772399902343749,0.054556783040364577,0.34954325358072919,0.053818167892156862,0.050397063066615136,0.27838920824455493
2,well_area_fraction_tv_error,phase_assignment,lower,188,18.800000000000001,0.055963643391927088,0.054762268066406251,0.34974161783854169,0.053829579995879048,0.050420282242145939,0.27876874233813992
2,well_area_fraction_tv_error,phase_assignment,lower,189,18.900000000000002,0.056140645345052073,0.054930114746093751,0.34995015462239581,0.053841807854869382,0.050444143789785879,0.27914536356715719
2,well_area_fraction_tv_error,phase_assignment,lower,190,19,0.056326802571614584,0.055103556315104177,0.35013326009114581,0.053854886774431197,0.050468667013603342,0.27951898407517817
2,well_area_fraction_tv_error,phase_assignment,lower,191,19.100000000000001,0.056507873535156253,0.055275980631510423,0.3503265380859375,0.053868776757471634,0.050493836194848929,0.279889704253245
2,well_area_fraction_tv_error,phase_assignment,lower,192,19.200000000000003,0.056687927246093762,0.055464172363281251,0.35051472981770831,0.05388345983293321,0.050519723362392854,0.28025754292805988
2,well_area_fraction_tv_error,phase_assignment,lower,193,19.300000000000001,0.056828816731770836,0.055608622233072912,0.35063680013020831,0.053898720749507502,0.050546090714054401,0.28062220229180163
2,well_area_fraction_tv_error,phase_assignment,lower,194,19.400000000000002,0.056997172037760412,0.055752563476562503,0.3507843017578125,0.053914692147900553,0.050572928202520941,0.28098386259832742
2,well_area_fraction_tv_error,phase_assignment,lower,195,19.5,0.05716705322265625,0.055905659993489579,0.350921630859375,0.053931370922642906,0.050600275545038723,0.28134251782017894
2,well_area_fraction_tv_error,phase_assignment,lower,196,19.600000000000001,0.05735015869140625,0.056046549479166666,0.35106913248697919,0.053948813717381486,0.050628062656947539,0.28169826585419327
2,well_area_fraction_tv_error,phase_assignment,lower,197,19.700000000000003,0.057488505045572923,0.056183878580729166,0.35118611653645831,0.05396678169366672,0.05065626476823578,0.28205099606070222
2,well_area_fraction_tv_error,phase_assignment,lower,198,19.800000000000001,0.057631429036458334,0.056310526529947912,0.35129801432291669,0.053985290013579802,0.05068482164582018,0.28240072847616798
2,well_area_fraction_tv_error,phase_assignment,lower,199,19.900000000000002,0.057785542805989576,0.056458536783854166,0.35146586100260419,0.054004386761280367,0.050713835289729906,0.28274778944363743
2,well_area_fraction_tv_error,phase_assignment,lower,200,20,0.057923380533854166,0.056598917643229163,0.35160319010416669,0.054023981730143236,0.050743260701497393,0.28309206644694007
3,interface_edge_disagreement,interface_geometry,lower,1,0.10000000000000001,0.26179631551106775,0.25403518676757814,0.0233001708984375,0.26179631551106775,0.25403518676757814,0.0233001708984375
3,interface_edge_disagreement,interface_geometry,lower,2,0.20000000000000001,0.25742645263671882,0.24951680501302081,0.035753885904947914,0.25961138407389328,0.25177599589029953,0.029527028401692707
3,interface_edge_disagreement,interface_geometry,lower,3,0.30000000000000004,0.25274251302083334,0.24497833251953124,0.0466766357421875,0.25732176038953991,0.24951010810004343,0.035243564181857638
3,interface_edge_disagreement,interface_geometry,lower,4,0.40000000000000002,0.24813537597656249,0.24042867024739581,0.057553609212239586,0.25502516428629562,0.24723974863688153,0.040821075439453125
3,interface_edge_disagreement,interface_geometry,lower,5,0.5,0.24323323567708335,0.23535054524739579,0.067840576171875,0.25266677856445308,0.24486190795898435,0.046224975585937501
3,interface_edge_disagreement,interface_geometry,lower,6,0.60000000000000009,0.23846054077148438,0.23055852254231773,0.077850341796875,0.25029907226562498,0.24247801038953992,0.051495869954427086
3,interface_edge_disagreement,interface_geometry,lower,7,0.70000000000000007,0.23371149698893229,0.22592137654622393,0.087544759114583329,0.24792941865466886,0.2401127769833519,0.056645711263020836
3,interface_edge_disagreement,interface_geometry,lower,8,0.80000000000000004,0.22904713948567709,0.22119852701822915,0.09729766845703125,0.24556913375854492,0.23774849573771162,0.061727205912272133
3,interface_edge_disagreement,interface_geometry,lower,9,0.90000000000000002,0.22467854817708335,0.21685485839843749,0.10612742106119792,0.24324795758282694,0.23542698047779226,0.066660563151041671
3,interface_edge_disagreement,interface_geometry,lower,10,1,0.21962560017903643,0.21175079345703124,0.11423746744791667,0.24088572184244789,0.23305936177571612,0.071418253580729174
3,interface_edge_disagreement,interface_geometry,lower,11,1.1000000000000001,0.21494496663411461,0.20695317586263018,0.12205759684244792,0.23852747136896307,0.23068607214725376,0.076021830240885421
3,interface_edge_disagreement,interface_geometry,lower,12,1.2000000000000002,0.21076711018880206,0.20298792521158857,0.12941487630208334,0.23621410793728298,0.22837789323594837,0.080471250745985254
3,interface_edge_disagreement,interface_geometry,lower,13,1.3,0.2064214070638021,0.19871342976888018,0.13602701822916666,0.23392236171624597,0.22609601143078928,0.084744771321614579
3,interface_edge_disagreement,interface_geometry,lower,14,1.4000000000000001,0.20211156209309894,0.19460093180338539,0.14211527506510416,0.23165016174316405,0.22384636288597468,0.088842664446149563
3,interface_edge_disagreement,interface_geometry,lower,15,1.5,0.19769821166992188,0.19045995076497396,0.1475830078125,0.22938669840494791,0.22162060207790799,0.092758687337239576
3,interface_edge_disagreement,interface_geometry,lower,16,1.6000000000000001,0.19318237304687499,0.18609746297200519,0.15235646565755209,0.2271239280700684,0.21940040588378906,0.09648354848225911
3,interface_edge_disagreement,interface_geometry,lower,17,1.7000000000000002,0.18917592366536456,0.18246358235677082,0.15724436442057291,0.22489169251685048,0.21722765155867035,0.10005771412568933
3,interface_edge_disagreement,interface_geometry,lower,18,1.8,0.18537317911783852,0.17878214518229166,0.16164398193359375,0.22269621955023874,0.21509179009331597,0.10347917344835071
3,interface_edge_disagreement,interface_geometry,lower,19,1.9000000000000001,0.18152847290039065,0.17519404093424479,0.16551717122395834,0.22052949604235197,0.21299190855862804,0.10674433122601425
3,interface_edge_disagreement,interface_geometry,lower,20,2,0.17768325805664059,0.17149887084960938,0.16913859049479166,0.2183871841430664,0.21091725667317709,0.10986404418945311
3,interface_edge_disagreement,interface_geometry,lower,21,2.1000000000000001,0.17404022216796872,0.16811574300130208,0.17245992024739584,0.21627542404901412,0.20887908935546876,0.11284480019221231
3,interface_edge_disagreement,interface_geometry,lower,22,2.2000000000000002,0.1708221435546875,0.16491063435872394,0.175811767578125,0.21420936584472655,0.20688052321925307,0.11570693507339014
3,interface_edge_disagreement,interface_geometry,lower,23,2.3000000000000003,0.16756286621093749,0.16191126505533854,0.1788177490234375,0.21218125716499658,0.20492533808169155,0.1184508835060009
3,interface_edge_disagreement,interface_geometry,lower,24,2.4000000000000004,0.16429850260416665,0.15894775390624999,0.18156178792317709,0.21018614239162869,0.20300960540771484,0.12108050452338324
3,interface_edge_disagreement,interface_geometry,lower,25,2.5,0.16133346557617187,0.15600535074869792,0.184326171875,0.20823203531901041,0.20112943522135412,0.12361033121744791
3,interface_edge_disagreement,interface_geometry,lower,26,2.6000000000000001,0.1585845947265625,0.15335210164388022,0.18683115641276041,0.20632251837314702,0.19929184546837439,0.12604190141726765
3,interface_edge_disagreement,interface_geometry,lower,27,2.7000000000000002,0.15548095703125003,0.15042215983072915,0.18917338053385416,0.20443949758270641,0.19748185711142457,0.1283801043475116
3,interface_edge_disagreement,interface_geometry,lower,28,2.8000000000000003,0.15251592000325523,0.14772288004557291,0.19149017333984375,0.20258508409772599,0.19570475078764415,0.13063403538295201
3,interface_edge_disagreement,interface_geometry,lower,29,2.9000000000000004,0.14981435139973959,0.14508565266927084,0.19338226318359375,0.20076540365986437,0.19395926464563129,0.1327977673760776
3,interface_edge_disagreement,interface_geometry,lower,30,3,0.14724273681640626,0.14262161254882813,0.19547271728515625,0.19898131476508246,0.19224800957573787,0.13488693237304686
3,interface_edge_disagreement,interface_geometry,lower,31,3.1000000000000001,0.14450302124023437,0.14014053344726562,0.19727579752604166,0.19722395045782931,0.19056712324901293,0.13689947641024025
3,interface_edge_disagreement,interface_geometry,lower,32,3.2000000000000002,0.14187825520833336,0.13762079874674477,0.19884490966796875,0.19549439748128253,0.18891255060831708,0.13883527119954428
3,interface_edge_disagreement,interface_geometry,lower,33,3.3000000000000003,0.13955459594726563,0.13534774780273434,0.20040639241536459,0.19379925198025172,0.18728937476572366,0.14070106275153882
3,interface_edge_disagreement,interface_geometry,lower,34,3.4000000000000004,0.13711624145507811,0.13309071858723959,0.20177714029947916,0.19213210461186431,0.18569529664282705,0.14249741797353707
3,interface_edge_disagreement,interface_geometry,lower,35,3.5,0.13478953043619793,0.13082199096679686,0.20302836100260416,0.1904937453497024,0.18412748790922617,0.14422687348865329
3,interface_edge_disagreement,interface_geometry,lower,36,3.6000000000000001,0.13257115681966147,0.12880732218424479,0.20438385009765625,0.18888478455720126,0.18259081663908786,0.14589790061668115
3,interface_edge_disagreement,interface_geometry,lower,37,3.7000000000000002,0.13063557942708331,0.12702153523763021,0.20554860432942709,0.18731048171584672,0.18108894416877813,0.14751008179810668
3,interface_edge_disagreement,interface_geometry,lower,38,3.8000000000000003,0.12869847615559896,0.12517471313476564,0.20688883463541666,0.18576806051689282,0.17961751703630416,0.14907268055698328
3,interface_edge_disagreement,interface_geometry,lower,39,3.9000000000000004,0.12691955566406249,0.12345708211263021,0.20786285400390625,0.18425912449502538,0.17817750588441505,0.15058012090177617
3,interface_edge_disagreement,interface_geometry,lower,40,4,0.12494659423828125,0.12156219482421875,0.20906321207682291,0.18277631123860677,0.17676212310791012,0.15204219818115236
3,interface_edge_disagreement,interface_geometry,lower,41,4.1000000000000005,0.12292480468750003,0.11955795288085938,0.21006520589192709,0.18131651839589685,0.17536689944383571,0.15345739349117127
3,interface_edge_disagreement,interface_geometry,lower,42,4.2000000000000002,0.12098007202148438,0.11769231160481772,0.2109375,0.17987993633936322,0.17399369497147815,0.15482596745566715
3,interface_edge_disagreement,interface_geometry,lower,43,4.2999999999999998,0.11904729207356771,0.1158111572265625,0.21189626057942709,0.17846522368201911,0.17264061269834061,0.15615318357482438
3,interface_edge_disagreement,interface_geometry,lower,44,4.4000000000000004,0.11716893513997399,0.11399281819661458,0.21277364095052084,0.17707212621515447,0.17130770827784686,0.15744001215154474
3,interface_edge_disagreement,interface_geometry,lower,45,4.5,0.11538899739583335,0.11254348754882812,0.21375020345052084,0.17570139001916957,0.17000183670609087,0.15869134973596644
3,interface_edge_disagreement,interface_geometry,lower,46,4.6000000000000005,0.11382166544596353,0.11109720865885417,0.21462758382161459,0.17435617861540423,0.16872130131375962,0.15990735482478488
3,interface_edge_disagreement,interface_geometry,lower,47,4.7000000000000002,0.11215159098307292,0.10953470865885417,0.21532440185546875,0.17303267675088652,0.16746201210833606,0.1610864409318207
3,interface_edge_disagreement,interface_geometry,lower,48,4.8000000000000007,0.11036961873372397,0.10783615112304687,0.2158050537109375,0.17172719637552897,0.16621980667114258,0.16222641203138563
3,interface_edge_disagreement,interface_geometry,lower,49,4.9000000000000004,0.10898717244466145,0.10642496744791666,0.21647135416666666,0.17044678772387861,0.16499950382985226,0.1633334516667995
3,interface_edge_disagreement,interface_geometry,lower,50,5,0.1075831095377604,0.1049992879231771,0.21684773763020834,0.16918951416015623,0.16379949951171877,0.16440373738606773
3,interface_edge_disagreement,interface_geometry,lower,51,5.1000000000000005,0.10622024536132812,0.10370254516601562,0.21760813395182291,0.16795482261508118,0.16262112785788144,0.16544696084814134
3,interface_edge_disagreement,interface_geometry,lower,52,5.2000000000000002,0.10489222208658852,0.1024256388346354,0.21806589762369791,0.16674208029722556,0.16146352229974209,0.16645886347844049
3,interface_edge_disagreement,interface_geometry,lower,53,5.3000000000000007,0.10361175537109375,0.10118509928385418,0.21862030029296875,0.16555094209107213,0.16032619356359329,0.1674430415315448
3,interface_edge_disagreement,interface_geometry,lower,54,5.4000000000000004,0.10239308675130207,0.10000559488932292,0.21903737386067709,0.16438135217737265,0.15920914543999568,0.16839849213023247
3,interface_edge_disagreement,interface_geometry,lower,55,5.5,0.10109837849934895,0.098775227864583329,0.21943918863932291,0.16323075265595408,0.15811034693862452,0.16932650479403408
3,interface_edge_disagreement,interface_geometry,lower,56,5.6000000000000005,0.099937693277994788,0.097644551595052073,0.22015635172526041,0.1621005194527762,0.15703060059320359,0.17023418063209173
3,interface_edge_disagreement,interface_geometry,lower,57,5.7000000000000002,0.098796844482421861,0.096592712402343753,0.2205047607421875,0.16098992866382261,0.15597028676529376,0.17111612063402318
3,interface_edge_disagreement,interface_geometry,lower,58,5.8000000000000007,0.097690073649088521,0.095551300048828128,0.22092692057291666,0.1598985518532238,0.1549285800977685,0.17197492752952137
3,interface_edge_disagreement,interface_geometry,lower,59,5.9000000000000004,0.096675618489583323,0.094579315185546881,0.22136433919270834,0.15882697671146712,0.15390571120095117,0.17281203620177876
3,interface_edge_disagreement,interface_geometry,lower,60,6,0.095574442545572916,0.09353739420572918,0.22162119547526041,0.15777276780870225,0.15289957258436415,0.17362552218967012
3,interface_edge_disagreement,interface_geometry,lower,61,6.1000000000000005,0.094524383544921875,0.092578633626302087,0.22183990478515625,0.15673590905027962,0.15191070473259266,0.17441592190435021
3,interface_edge_disagreement,interface_geometry,lower,62,6.2000000000000002,0.093547566731770837,0.091695658365885419,0.2222442626953125,0.15571674223869078,0.15093949430732317,0.17518734675581737
3,interface_edge_disagreement,interface_geometry,lower,63,6.3000000000000007,0.092705790201822916,0.090868123372395831,0.22257486979166666,0.15471656839683573,0.14998598048295925,0.17593952966114831
3,interface_edge_disagreement,interface_geometry,lower,64,6.4000000000000004,0.091822814941406233,0.089985402425130215,0.22284444173177084,0.15373385349909466,0.14904847145080569,0.1766724189122518
3,interface_edge_disagreement,interface_geometry,lower,65,6.5,0.090901184082031239,0.089123026529947899,0.22310384114583334,0.15276719704652444,0.14812654152894633,0.1773867484850761
3,interface_edge_disagreement,interface_geometry,lower,66,6.6000000000000005,0.090231323242187494,0.088449605305989581,0.22345225016276041,0.15181968380706479,0.14722234552556818,0.17808471063170769
3,interface_edge_disagreement,interface_geometry,lower,67,6.7000000000000002,0.089555613199869794,0.087734476725260413,0.22355397542317709,0.15089036932039021,0.14633446688675764,0.17876335637486396
3,interface_edge_disagreement,interface_geometry,lower,68,6.8000000000000007,0.088788604736328131,0.086980183919270843,0.22364298502604166,0.14997710807650697,0.14546160978429457,0.17942335091385186
3,interface_edge_disagreement,interface_geometry,lower,69,6.9000000000000004,0.088073984781901038,0.086309560139973956,0.22400156656901041,0.14907996136209239,0.14460433370249284,0.18006941201030344
3,interface_edge_disagreement,interface_geometry,lower,70,7,0.087281036376953128,0.085646820068359372,0.22422536214192709,0.1481971195765904,0.14376208350771952,0.18070021129789807
3,interface_edge_disagreement,interface_geometry,lower,71,7.1000000000000005,0.086592102050781244,0.084951782226562494,0.22447458902994791,0.14732944327340999,0.14293376940516797,0.18131675182933538
3,interface_edge_disagreement,interface_geometry,lower,72,7.2000000000000002,0.085944366455078108,0.084292093912760421,0.224761962890625,0.14647687276204427,0.14211930168999565,0.18192015753851998
3,interface_edge_disagreement,interface_geometry,lower,73,7.3000000000000007,0.08523457845052082,0.083594512939453136,0.22484334309895834,0.14563793722353022,0.14131759225505672,0.18250814638181367
3,interface_edge_disagreement,interface_geometry,lower,74,7.4000000000000004,0.084578196207682296,0.082925669352213544,0.22484842936197916,0.14481280558818094,0.14052851221582913,0.1830803123680321
3,interface_edge_disagreement,interface_geometry,lower,75,7.5,0.083930714925130212,0.082302347819010413,0.22501627604166666,0.1440010443793403,0.13975216335720486,0.18363945855034722
3,interface_edge_disagreement,interface_geometry,lower,76,7.6000000000000005,0.08337351481119791,0.081860351562500003,0.22534434000651041,0.14320331372712788,0.13899042899148506,0.18418820699055991
3,interface_edge_disagreement,interface_geometry,lower,77,7.7000000000000002,0.082798004150390639,0.081265004475911465,0.22536722819010416,0.14241882918717025,0.13824074815362047,0.18472299947367085
3,interface_edge_disagreement,interface_geometry,lower,78,7.8000000000000007,0.08218332926432291,0.080709330240885419,0.22534942626953125,0.1416465791881594,0.13750316587268799,0.18524385109925881
3,interface_edge_disagreement,interface_geometry,lower,79,7.9000000000000004,0.081767272949218747,0.080305480957031244,0.22545369466145834,0.14088861328640062,0.13677914454464166,0.18575283646080565
3,interface_edge_disagreement,interface_geometry,lower,80,8,0.081347147623697907,0.07989552815755209,0.22560882568359375,0.14014434496561684,0.13606809933980307,0.18625103632609052
3,interface_edge_disagreement,interface_geometry,lower,81,8.0999999999999996,0.080903625488281242,0.079413096110026032,0.22565205891927084,0.13941297805848926,0.13536865485548483,0.18673746870378408
3,interface_edge_disagreement,interface_geometry,lower,82,8.2000000000000011,0.080496215820312494,0.079021453857421875,0.22566731770833334,0.1386944809580237,0.13468149386770356,0.18721222295993711
3,interface_edge_disagreement,interface_geometry,lower,83,8.3000000000000007,0.080191802978515608,0.078692626953125011,0.22570292154947916,0.13798962941610193,0.13400692920608215,0.1876759663164376
3,interface_edge_disagreement,interface_geometry,lower,84,8.4000000000000004,0.079676055908203119,0.078244272867838541,0.22569529215494791,0.13729542020767455,0.13334308805919831,0.18812857733832467
3,interface_edge_disagreement,interface_geometry,lower,85,8.5,0.079232788085937506,0.077858479817708326,0.2258453369140625,0.13661233041800702,0.13269032796223962,0.18857230392156862
3,interface_edge_disagreement,interface_geometry,lower,86,8.5999999999999996,0.078900146484375003,0.07752126057942707,0.22594706217447916,0.13594125851180203,0.13204882717871849,0.18900689413381178
3,interface_edge_disagreement,interface_geometry,lower,87,8.7000000000000011,0.078578694661458337,0.077147674560546872,0.22613271077473959,0.13528191869743028,0.13141777944747515,0.18943362765842017
3,interface_edge_disagreement,interface_geometry,lower,88,8.8000000000000007,0.078204091389973945,0.076787567138671867,0.2261505126953125,0.13463330702348186,0.13079698158032968,0.1898508649883848
3,interface_edge_disagreement,interface_geometry,lower,89,8.9000000000000004,0.077933502197265608,0.076533762613932299,0.22626495361328125,0.13399623056476034,0.13018728249081957,0.19026001205158591
3,interface_edge_disagreement,interface_geometry,lower,90,9,0.077723185221354171,0.076295979817708331,0.22635142008463541,0.13337097450538918,0.12958849023889613,0.19066102769639756
3,interface_edge_disagreement,interface_geometry,lower,91,9.0999999999999996,0.077390289306640631,0.075982920328776044,0.22655995686848959,0.13275580214056779,0.12899941804208162,0.19105552142356341
3,interface_edge_disagreement,interface_geometry,lower,92,9.2000000000000011,0.077089691162109369,0.075737762451171878,0.22668711344401041,0.13215073571688885,0.12842048700304998,0.19144282133682913
3,interface_edge_disagreement,interface_geometry,lower,93,9.3000000000000007,0.076778666178385413,0.075439453125000014,0.22677103678385416,0.13155533711970066,0.12785079846672684,0.19182269462120574
3,interface_edge_disagreement,interface_geometry,lower,94,9.4000000000000004,0.076461537679036462,0.075128428141276044,0.22677103678385416,0.13096923287033188,0.12728992218666887,0.19219448549527648
3,interface_edge_disagreement,interface_geometry,lower,95,9.5,0.076142120361328114,0.074871571858723965,0.22682952880859375,0.13039210537023713,0.12673815007795367,0.19255906489857455
3,interface_edge_disagreement,interface_geometry,lower,96,9.6000000000000014,0.075884501139322907,0.074566650390624989,0.22689056396484375,0.12982431782616505,0.12619469695621066,0.19291668468051484
3,interface_edge_disagreement,interface_geometry,lower,97,9.7000000000000011,0.075707499186197916,0.074444834391276055,0.22693634033203125,0.12926641247936133,0.12566119321842784,0.19326740278001506
3,interface_edge_disagreement,interface_geometry,lower,98,9.8000000000000007,0.075583140055338532,0.074320220947265633,0.22695414225260416,0.12871862398523864,0.12513730574627313,0.19361114501953125
3,interface_edge_disagreement,interface_geometry,lower,99,9.9000000000000004,0.075433858235677081,0.074140930175781244,0.22697194417317709,0.12818039402817233,0.12462219084152067,0.19394812278875997
3,interface_edge_disagreement,interface_geometry,lower,100,10,0.075225830078125,0.073947397867838549,0.2270050048828125,0.12765084838867188,0.12411544291178385,0.19427869160970054
3,interface_edge_disagreement,interface_geometry,lower,101,10.100000000000001,0.075117492675781258,0.073830922444661468,0.22711690266927084,0.12713071615389077,0.12361757637250541,0.19460382241227051
3,interface_edge_disagreement,interface_geometry,lower,102,10.200000000000001,0.074903361002604155,0.073700714111328128,0.22728729248046875,0.12661868326025072,0.12312819536994486,0.19492424858940974
3,interface_edge_disagreement,interface_geometry,lower,103,10.300000000000001,0.074747721354166657,0.073566691080729163,0.22734324137369791,0.12611508168834698,0.12264701571665149,0.1952389960921698
3,interface_edge_disagreement,interface_geometry,lower,104,10.4,0.074526723225911445,0.073344930013020837,0.22733815511067709,0.12561903978005434,0.12217295720027044,0.19554764185196313
3,interface_edge_disagreement,interface_geometry,lower,105,10.5,0.074345397949218753,0.073162078857421875,0.2274017333984375,0.1251307193816654,0.12170618693033856,0.19585101415240577
3,interface_edge_disagreement,interface_geometry,lower,106,10.600000000000001,0.074150339762369802,0.07299753824869791,0.22747039794921875,0.12464977240412489,0.12124667137673814,0.1961493102259606
3,interface_edge_disagreement,interface_geometry,lower,107,10.700000000000001,0.07404429117838543,0.072943878173828122,0.22766621907552084,0.12417682398145444,0.12079524340287917,0.19644386077595652
3,interface_edge_disagreement,interface_geometry,lower,108,10.800000000000001,0.073926289876302093,0.072843424479166669,0.22771453857421875,0.12371154125825859,0.12035124507951149,0.19673340408890336
3,interface_edge_disagreement,interface_geometry,lower,109,10.9,0.073807017008463552,0.072791798909505198,0.22784169514973959,0.12325370158624212,0.11991491988529124,0.19701880125459911
3,interface_edge_disagreement,interface_geometry,lower,110,11,0.073724110921223968,0.072677103678385424,0.2279052734375,0.12280343258019648,0.11948548519250117,0.19729958736535272
3,interface_edge_disagreement,interface_geometry,lower,111,11.100000000000001,0.073645019531249994,0.072630055745442706,0.22794087727864584,0.12236056399416995,0.11906336420649166,0.19757563502222927
3,interface_edge_disagreement,interface_geometry,lower,112,11.200000000000001,0.073584238688151032,0.072552490234375003,0.22806040445963541,0.12192506108965193,0.11864808854602633,0.19784782046363469
3,interface_edge_disagreement,interface_geometry,lower,113,11.300000000000001,0.073474884033203111,0.072468058268229177,0.2281646728515625,0.1214962984608338,0.11823941571170953,0.1981161111927314
3,interface_edge_disagreement,interface_geometry,lower,114,11.4,0.073354085286458329,0.072344716389973945,0.22818501790364584,0.12107399834526908,0.11783683062993992,0.1983798735323008
3,interface_edge_disagreement,interface_geometry,lower,115,11.5,0.073221588134765619,0.072211964925130212,0.22828420003255209,0.12065789043039517,0.11744009266728939,0.19863991115404214
3,interface_edge_disagreement,interface_geometry,lower,116,11.600000000000001,0.073090362548828128,0.072041829427083343,0.22835286458333334,0.12024782553486442,0.11704872832901177,0.19889605730429463
3,interface_edge_disagreement,interface_geometry,lower,117,11.700000000000001,0.072981007893880206,0.071966552734374994,0.22847747802734375,0.11984383564049701,0.11666341058888666,0.19914888996004718
3,interface_edge_disagreement,interface_geometry,lower,118,11.800000000000001,0.072943878173828136,0.071965535481770843,0.22862497965494791,0.11944637837383035,0.11628461503713146,0.19939868733034297
3,interface_edge_disagreement,interface_geometry,lower,119,11.9,0.072823333740234378,0.071857198079427073,0.22862752278645834,0.11905458808279171,0.11591127539883142,0.19964430779636075
3,interface_edge_disagreement,interface_geometry,lower,120,12,0.072721608479817706,0.071782684326171867,0.22869618733723959,0.11866847991943359,0.1155435371398926,0.19988640679253469
3,interface_edge_disagreement,interface_geometry,lower,121,12.100000000000001,0.072660827636718744,0.071694437662760416,0.22880808512369791,0.11828825138817152,0.11518114788801545,0.20012542892750304
3,interface_edge_disagreement,interface_geometry,lower,122,12.200000000000001,0.072558085123697907,0.071607716878255206,0.22886403401692709,0.11791341395977417,0.11482398861744365,0.2003609912643016
3,interface_edge_disagreement,interface_geometry,lower,123,12.300000000000001,0.072532399495442712,0.071531931559244796,0.22887166341145834,0.11754446262266578,0.11447202067388107,0.20059278534679881
3,interface_edge_disagreement,interface_geometry,lower,124,12.4,0.072502136230468764,0.071478780110677098,0.22893269856770834,0.11718121805498675,0.11412530099191975,0.20082133303406416
3,interface_edge_disagreement,interface_geometry,lower,125,12.5,0.07240346272786459,0.071367899576822921,0.22896321614583334,0.11682299601236981,0.11378324178059898,0.20104646809895832
3,interface_edge_disagreement,interface_geometry,lower,126,12.600000000000001,0.072359720865885407,0.071306355794270831,0.2289886474609375,0.11647011287628657,0.11344612363785031,0.20126823142722802
3,interface_edge_disagreement,interface_geometry,lower,127,12.700000000000001,0.072232564290364579,0.07120412190755207,0.22900899251302084,0.11612178572206673,0.11311350945099759,0.20148666261687995
3,interface_edge_disagreement,interface_geometry,lower,128,12.800000000000001,0.072131601969401035,0.071130371093749992,0.22920481363932291,0.11577811241149905,0.11278551618258159,0.20170321067174277
3,interface_edge_disagreement,interface_geometry,lower,129,12.9,0.072038523356119794,0.071050516764322919,0.22923024495442709,0.11543904582967437,0.11246198905530827,0.20191659853439922
3,interface_edge_disagreement,interface_geometry,lower,130,13,0.07194468180338541,0.070950317382812517,0.2293243408203125,0.11510447379870292,0.11214266850398139,0.20212742732121391
3,interface_edge_disagreement,interface_geometry,lower,131,13.100000000000001,0.07185185750325522,0.070827229817708323,0.22930653889973959,0.11477430115522622,0.11182728347584189,0.20233490145540114
3,interface_edge_disagreement,interface_geometry,lower,132,13.200000000000001,0.07184600830078125,0.070807393391927084,0.22939300537109375,0.11444908681541983,0.11151652673278192,0.20253988709112611
3,interface_edge_disagreement,interface_geometry,lower,133,13.300000000000001,0.071879323323567709,0.070804087320963535,0.22941843668619791,0.11412901340570666,0.11121041816577577,0.20274198144898381
3,interface_edge_disagreement,interface_geometry,lower,134,13.4,0.071844736735026046,0.070770263671875,0.22950490315755209,0.11381345910219412,0.1109086259680601,0.20294170474531639
3,interface_edge_disagreement,interface_geometry,lower,135,13.5,0.071835327148437503,0.070750681559244799,0.22960408528645834,0.11350250997661071,0.11061115971317999,0.20313920386043594
3,interface_edge_disagreement,interface_geometry,lower,136,13.600000000000001,0.071785736083984378,0.070719401041666657,0.22965240478515625,0.11319576899210611,0.11031783795824238,0.20333415386723538
3,interface_edge_disagreement,interface_geometry,lower,137,13.700000000000001,0.071726226806640619,0.070648956298828142,0.22973378499348959,0.11289307160389103,0.11002828407751672,0.20352685190465328
3,interface_edge_disagreement,interface_geometry,lower,138,13.800000000000001,0.07169342041015625,0.070645395914713555,0.22978464762369791,0.11259452340683498,0.10974290082996019,0.20371712578667536
3,interface_edge_disagreement,interface_geometry,lower,139,13.9,0.071615346272786456,0.070600128173828131,0.22986094156901041,0.11229970918284904,0.10946129814898083,0.20390521079230364
3,interface_edge_disagreement,interface_geometry,lower,140,14,0.071552022298177087,0.070588938395182294,0.2299041748046875,0.11200865427652995,0.10918363843645369,0.20409091767810641
3,interface_edge_disagreement,interface_geometry,lower,141,14.100000000000001,0.071560923258463541,0.070603434244791666,0.2299957275390625,0.1117217909359763,0.10891001996700926,0.20427463973385787
3,interface_edge_disagreement,interface_geometry,lower,142,14.200000000000001,0.071593983968098948,0.070623779296874994,0.23006693522135416,0.11143920074606166,0.10864039855383931,0.20445627561757262
3,interface_edge_disagreement,interface_geometry,lower,143,14.300000000000001,0.071507771809895843,0.070547739664713546,0.23008982340494791,0.11115995998427028,0.10837401632384543,0.20463553119650532
3,interface_edge_disagreement,interface_geometry,lower,144,14.4,0.071519470214843742,0.070581054687500006,0.23016866048177084,0.11088467880531594,0.10811156520137082,0.20481284459431967
3,interface_edge_disagreement,interface_geometry,lower,145,14.5,0.07150166829427082,0.070522562662760427,0.23021952311197916,0.11061307183627427,0.10785233070110453,0.20498806306685524
3,interface_edge_disagreement,interface_geometry,lower,146,14.600000000000001,0.071468861897786451,0.070493570963541669,0.23026021321614584,0.1103449608092983,0.10759644878509382,0.20516115998568604
3,interface_edge_disagreement,interface_geometry,lower,147,14.700000000000001,0.071448516845703122,0.070476531982421861,0.230377197265625,0.11008035914968202,0.10734393234425932,0.20533269765425702
3,interface_edge_disagreement,interface_geometry,lower,148,14.800000000000001,0.071415456136067729,0.070422108968098959,0.23038991292317709,0.10981910980499543,0.10709446056469066,0.20550200316283082
3,interface_edge_disagreement,interface_geometry,lower,149,14.9,0.071404520670572916,0.070389556884765628,0.23041534423828125,0.10956129377053622,0.10684811892925491,0.20566920679420964
3,interface_edge_disagreement,interface_geometry,lower,150,15,0.071419270833333326,0.070423380533854177,0.2305145263671875,0.10930701361762152,0.10660528733995225,0.2058348422580295
3,interface_edge_disagreement,interface_geometry,lower,151,15.100000000000001,0.071414693196614587,0.070409901936848956,0.23053232828776041,0.10905607109827711,0.10636558280085887,0.2059984017681602
3,interface_edge_disagreement,interface_geometry,lower,152,15.200000000000001,0.071369425455729163,0.070371754964192706,0.23053487141927084,0.10880813264010245,0.10612878130193341,0.2061598259106017
3,interface_edge_disagreement,interface_geometry,lower,153,15.300000000000001,0.071315002441406233,0.070336151123046878,0.23053232828776041,0.10856307950154889,0.10589484254259429,0.20631912331175961
3,interface_edge_disagreement,interface_geometry,lower,154,15.4,0.071287790934244782,0.070357004801432296,0.23060862223307291,0.10832103217318975,0.10566407736245689,0.20647684733072916
3,interface_edge_disagreement,interface_geometry,lower,155,15.5,0.071251678466796878,0.070328267415364604,0.23067474365234375,0.10808187505250337,0.10543610439505628,0.20663296279086862
3,interface_edge_disagreement,interface_geometry,lower,156,15.600000000000001,0.071263122558593753,0.070343017578125014,0.23071797688802084,0.10784585740831162,0.10521114871033237,0.206787353906876
3,interface_edge_disagreement,interface_geometry,lower,157,15.700000000000001,0.071195983886718744,0.070286814371744791,0.23073069254557291,0.1076124187234607,0.1049887007209146,0.20693985924852376
3,interface_edge_disagreement,interface_geometry,lower,158,15.800000000000001,0.071198272705078128,0.070261891682942695,0.2306976318359375,0.10738194944486337,0.10476891079029456,0.20709022489781118
3,interface_edge_disagreement,interface_geometry,lower,159,15.9,0.071170043945312497,0.070212554931640622,0.230682373046875,0.10715420161153286,0.10455157521885645,0.20723860318805687
3,interface_edge_disagreement,interface_geometry,lower,160,16,0.071103922526041669,0.070153808593750006,0.23068745930989584,0.10692888736724855,0.10433658917744955,0.20738515853881834
3,interface_edge_disagreement,interface_geometry,lower,161,16.100000000000001,0.071073659261067706,0.070144653320312514,0.23076883951822916,0.1067061840870859,0.10412421690504496,0.20753039879334886
3,interface_edge_disagreement,interface_geometry,lower,162,16.199999999999999,0.071007537841796878,0.070118204752604163,0.2307586669921875,0.1064858220732261,0.10391430324978299,0.20767378316494664
3,interface_edge_disagreement,interface_geometry,lower,163,16.300000000000001,0.070992787679036468,0.070112864176432282,0.23087056477864584,0.10626807339596114,0.10370693245792192,0.20781609470858897
3,interface_edge_disagreement,interface_geometry,lower,164,16.400000000000002,0.07095235188802082,0.070048777262369785,0.23092397054036459,0.10605273363066883,0.10350169980429051,0.20795699639049003
3,interface_edge_disagreement,interface_geometry,lower,165,16.5,0.070956420898437511,0.070040384928385421,0.23098246256510416,0.10584002870501893,0.10329890395655779,0.2080965446703362
3,interface_edge_disagreement,interface_geometry,lower,166,16.600000000000001,0.070929718017578136,0.070032501220703133,0.23102060953776041,0.10562972562858856,0.10309850394007672,0.20823464144664594
3,interface_edge_disagreement,interface_geometry,lower,167,16.699999999999999,0.070923614501953128,0.070050048828125017,0.23103586832682291,0.10542190460387819,0.10290060899928657,0.20837117573934161
3,interface_edge_disagreement,interface_geometry,lower,168,16.800000000000001,0.070900472005208326,0.070029958089192698,0.23108418782552084,0.10521641988602896,0.10270495036291698,0.2085063722398546
3,interface_edge_disagreement,interface_geometry,lower,169,16.900000000000002,0.070902760823567695,0.070016225179036468,0.23115793863932291,0.10501338048329249,0.10251152595354489,0.20864040517712956
3,interface_edge_disagreement,interface_geometry,lower,170,17,0.070847829182942704,0.069986979166666657,0.23118082682291666,0.10481240665211397,0.10232020509009265,0.20877299589269302
3,interface_edge_disagreement,interface_geometry,lower,171,17.100000000000001,0.070870717366536468,0.069980112711588549,0.23124440511067709,0.10461391724108722,0.10213108174284995,0.20890440764250581
3,interface_edge_disagreement,interface_geometry,lower,172,17.199999999999999,0.070866648356119791,0.069970448811848968,0.23129018147786459,0.10441771218943041,0.10194410131883251,0.20903455749038577
3,interface_edge_disagreement,interface_geometry,lower,173,17.300000000000001,0.070846811930338538,0.069935862223307305,0.231292724609375,0.10422366074284606,0.101759082595737,0.20916321741592905
3,interface_edge_disagreement,interface_geometry,lower,174,17.400000000000002,0.070787048339843756,0.069916025797526052,0.23134358723958334,0.10403149630374837,0.10157607652218406,0.20929069080572016
3,interface_edge_disagreement,interface_geometry,lower,175,17.5,0.070710754394531242,0.069873046874999997,0.23133087158203125,0.1038410920642671,0.10139491635277158,0.20941663469587055
3,interface_edge_disagreement,interface_geometry,lower,176,17.600000000000001,0.070685068766276032,0.069825998942057294,0.23138173421223959,0.10365270556825582,0.10121554750384706,0.20954143639766809
3,interface_edge_disagreement,interface_geometry,lower,177,17.699999999999999,0.070665740966796869,0.069831085205078108,0.2313995361328125,0.10346633853660914,0.10103823415752633,0.20966492848656723
3,interface_edge_disagreement,interface_geometry,lower,178,17.800000000000001,0.070636240641276049,0.069795481363932294,0.23145548502604166,0.10328189978438815,0.10086271307441626,0.20978734734353055
3,interface_edge_disagreement,interface_geometry,lower,179,17.900000000000002,0.070627848307291657,0.069752248128255215,0.23146311442057291,0.10309947491580103,0.1006889115942701,0.20990844101435202
3,interface_edge_disagreement,interface_geometry,lower,180,18,0.070597585042317709,0.069746398925781244,0.23140207926432291,0.10291890886094834,0.10051700874611184,0.21002785011574074
3,interface_edge_disagreement,interface_geometry,lower,181,18.100000000000001,0.070570373535156244,0.069734191894531256,0.23140207926432291,0.10274018767130311,0.10034693793477714,0.21014593977954502
3,interface_edge_disagreement,interface_geometry,lower,182,18.199999999999999,0.070515441894531239,0.06972554524739584,0.231414794921875,0.10256312862857357,0.10017868852440689,0.21026280162098643
3,interface_edge_disagreement,interface_geometry,lower,183,18.300000000000001,0.070496368408203128,0.069718170166015628,0.23139190673828125,0.10238790043064805,0.10001223760441569,0.21037826121179135
3,interface_edge_disagreement,interface_geometry,lower,184,18.400000000000002,0.070463053385416669,0.069652303059895837,0.2313995361328125,0.10221439582714135,0.099847237960152019,0.21049250727114469
3,interface_edge_disagreement,interface_geometry,lower,185,18.5,0.070459493001302081,0.069655609130859372,0.23145294189453125,0.10204274770375846,0.099684039966480148,0.21060580691775757
3,interface_edge_disagreement,interface_geometry,lower,186,18.600000000000001,0.07046381632486981,0.069650014241536468,0.231414794921875,0.10187296850279667,0.099522566709894428,0.21071768319734963
3,interface_edge_disagreement,interface_geometry,lower,187,18.699999999999999,0.070422617594401035,0.069604492187500006,0.2314605712890625,0.10170478480809937,0.09936257700656613,0.21082860773259945
3,interface_edge_disagreement,interface_geometry,lower,188,18.800000000000001,0.070399729410807285,0.069582112630208331,0.2315216064453125,0.10153826855598611,0.099204170281159965,0.21093867687468834
3,interface_edge_disagreement,interface_geometry,lower,189,18.900000000000002,0.070431518554687503,0.069599660237630201,0.23163604736328125,0.10137368257714326,0.099047532661882029,0.2110481867714534
3,interface_edge_disagreement,interface_geometry,lower,190,19,0.07042694091796875,0.069596608479817704,0.23168690999348959,0.1012108049894634,0.098892527797765889,0.21115681163051672
3,interface_edge_disagreement,interface_geometry,lower,191,19.100000000000001,0.070361836751302101,0.069526926676432288,0.23169199625651041,0.10104929206675053,0.098738781195036401,0.2112643256861502
3,interface_edge_disagreement,interface_geometry,lower,192,19.200000000000003,0.070322163899739581,0.069508870442708343,0.23169453938802084,0.10088925494088066,0.098586542076534694,0.21137073304918075
3,interface_edge_disagreement,interface_geometry,lower,193,19.300000000000001,0.070302581787109381,0.069481404622395826,0.23172251383463541,0.10073077476909949,0.098435738255528787,0.21147618269055615
3,interface_edge_disagreement,interface_geometry,lower,194,19.400000000000002,0.070306142171223968,0.069498952229817709,0.23173777262369791,0.10057394676601764,0.098286579564674598,0.21158062387577856
3,interface_edge_disagreement,interface_geometry,lower,195,19.5,0.070290374755859378,0.069479624430338532,0.23172505696614584,0.10041864639673477,0.098138851589626735,0.21168392866085739
3,interface_edge_disagreement,interface_geometry,lower,196,19.600000000000001,0.070283508300781242,0.06949513753255207,0.2317352294921875,0.1002648956921636,0.097992710191376342,0.21178623121611925
3,interface_edge_disagreement,interface_geometry,lower,197,19.700000000000003,0.070271046956380215,0.06947275797526041,0.23174540201822916,0.10011264265289566,0.09784793886033008,0.21188754680394725
3,interface_edge_disagreement,interface_geometry,lower,198,19.800000000000001,0.070257059733072919,0.069487508138020834,0.23168436686197916,0.09996185688057331,0.097704704361732564,0.21198753074363427
3,interface_edge_disagreement,interface_geometry,lower,199,19.900000000000002,0.070239766438802087,0.069482930501302081,0.2317047119140625,0.099812499642172453,0.097562886402634913,0.21208661205604848
3,interface_edge_disagreement,interface_geometry,lower,200,20,0.070231374104817695,0.069480641682942712,0.2317047119140625,0.099664594014485658,0.097422475179036475,0.21218470255533858
4,free_energy_absolute_error,thermodynamics,lower,1,0.10000000000000001,0.15647042817651535,0.14102069396008721,0.066972826431748553,0.15647042817651535,0.14102069396008721,0.066972826431748553
4,free_energy_absolute_error,thermodynamics,lower,2,0.20000000000000001,0.12106465424142032,0.10597022926495177,0.10534056207902524,0.13876754120896781,0.12349546161251949,0.086156694255386898
4,free_energy_absolute_error,thermodynamics,lower,3,0.30000000000000004,0.099397728373091576,0.084750336267915255,0.1300615808968168,0.12564427026367575,0.11058041983098474,0.10079165646919686
4,free_energy_absolute_error,thermodynamics,lower,4,0.40000000000000002,0.084918858465742736,0.070799331851337979,0.14775633903208743,0.11546291731419248,0.10063514783607305,0.11253282710991951
4,free_energy_absolute_error,thermodynamics,lower,5,0.5,0.074559463701998813,0.06104269760878487,0.16154406006677677,0.10728222659175375,0.0927166577906154,0.12233507370129097
4,free_energy_absolute_error,thermodynamics,lower,6,0.60000000000000009,0.066753162051280596,0.053913327813074327,0.1729808804554748,0.10052738250167489,0.086249436127691897,0.13077604149365493
4,free_energy_absolute_error,thermodynamics,lower,7,0.70000000000000007,0.060549553774421838,0.048458197908240561,0.18303417746053963,0.094816264112067311,0.080850687810627431,0.13824148948892417
4,free_energy_absolute_error,thermodynamics,lower,8,0.80000000000000004,0.055508877641280263,0.044194555850146096,0.19221812585740536,0.089902840803218934,0.076268671315567249,0.1449885690349843
4,free_energy_absolute_error,thermodynamics,lower,9,0.90000000000000002,0.051276443631285307,0.040832299681387636,0.20084879718725415,0.085611018895226307,0.072331296689547284,0.1511952610519032
4,free_energy_absolute_error,thermodynamics,lower,10,1,0.047676989002861589,0.038156404469186639,0.2091121978494809,0.081817615905989835,0.068913807467511232,0.15698695473166094
4,free_energy_absolute_error,thermodynamics,lower,11,1.1000000000000001,0.044569868822361594,0.036015866803670978,0.21718227811123525,0.078431457080205436,0.065923085588980287,0.16245925685707682
4,free_energy_absolute_error,thermodynamics,lower,12,1.2000000000000002,0.041987372167869283,0.034335333621046377,0.22495669612159178,0.075394450004177424,0.063290772924985791,0.16766737679578639
4,free_energy_absolute_error,thermodynamics,lower,13,1.3,0.03984157911120486,0.033013924334289971,0.23251481839560548,0.072659613781641083,0.060961784571855346,0.17265564153423399
4,free_energy_absolute_error,thermodynamics,lower,14,1.4000000000000001,0.038065469930678331,0.032067291945385032,0.23990328168548802,0.070188603506572314,0.05889789224139319,0.17745904440218072
4,free_energy_absolute_error,thermodynamics,lower,15,1.5,0.036575623023049765,0.031346909203282161,0.2471472941479512,0.067947738141004146,0.057061160038852456,0.18210492771856537
4,free_energy_absolute_error,thermodynamics,lower,16,1.6000000000000001,0.03537932956687035,0.030800861667966604,0.25418243026344123,0.065912212605120785,0.055419891390672091,0.18660977162762013
4,free_energy_absolute_error,thermodynamics,lower,17,1.7000000000000002,0.034396996940061701,0.03043020822262189,0.26100523713299023,0.064058376389529076,0.053949910027845618,0.19098597548087723
4,free_energy_absolute_error,thermodynamics,lower,18,1.8,0.033616610942041464,0.030163937046029404,0.26759244257647846,0.062367167198001984,0.052628467084411379,0.19524189031952174
4,free_energy_absolute_error,thermodynamics,lower,19,1.9000000000000001,0.032968021803749949,0.029950132253670464,0.27397360154554939,0.060819843756199241,0.051434870514372379,0.19938566459457582
4,free_energy_absolute_error,thermodynamics,lower,20,2,0.032427126065666646,0.029760778671503091,0.28017590710089801,0.05940020787167262,0.050351165922228915,0.20342517671989191
4,free_energy_absolute_error,thermodynamics,lower,21,2.1000000000000001,0.031962246137682671,0.029603032022432873,0.28619775257630353,0.058093638265292138,0.049363159546048155,0.2073667279511496
4,free_energy_absolute_error,thermodynamics,lower,22,2.2000000000000002,0.031573844923869929,0.029464385064463177,0.292021140806413,0.056888193113409313,0.048458669796885193,0.21121465580820706
4,free_energy_absolute_error,thermodynamics,lower,23,2.3000000000000003,0.03123013562505738,0.029323411278840871,0.29767428260725276,0.055772625396524445,0.047626702035231096,0.21497377001686122
4,free_energy_absolute_error,thermodynamics,lower,24,2.4000000000000004,0.030902835363729335,0.029127784776618881,0.30315612981057333,0.054736384145157989,0.046855913816122259,0.21864803500826588
4,free_energy_absolute_error,thermodynamics,lower,25,2.5,0.030641083990845829,0.028966994762096743,0.3085026614809005,0.053772572138985494,0.046140357053961231,0.22224222006717123
4,free_energy_absolute_error,thermodynamics,lower,26,2.6000000000000001,0.03043799729258977,0.028844894693913613,0.31370682296975133,0.052875088491047197,0.045475146963190174,0.22576008940957815
4,free_energy_absolute_error,thermodynamics,lower,27,2.7000000000000002,0.030244298534282999,0.028686741330305292,0.31876568212871365,0.052036911085241125,0.044853354161972211,0.22920474099176838
4,free_energy_absolute_error,thermodynamics,lower,28,2.8000000000000003,0.030074152217290144,0.028511963766264626,0.32371153267373198,0.051252526839957159,0.044269733076411223,0.23257998355183851
4,free_energy_absolute_error,thermodynamics,lower,29,2.9000000000000004,0.029923577255464268,0.028310742025136882,0.32848182889697652,0.05051704581980223,0.043719423040160389,0.23588694373615363
4,free_energy_absolute_error,thermodynamics,lower,30,3,0.029780609072660159,0.028067946883707635,0.33304152148115684,0.049825831261564167,0.043197707168278629,0.23912542966098707
4,free_energy_absolute_error,thermodynamics,lower,31,3.1000000000000001,0.029677548993209284,0.027850037943789496,0.33752058299208204,0.049175886672262394,0.042702621064262855,0.24229946686521595
4,free_energy_absolute_error,thermodynamics,lower,32,3.2000000000000002,0.029605657777954299,0.027664764939982572,0.34191674865060184,0.04856431701931526,0.042232688060379088,0.24541250692100924
4,free_energy_absolute_error,thermodynamics,lower,33,3.3000000000000003,0.029567753850439582,0.027498775419124582,0.34618685793929566,0.047988663589955391,0.041786205859128955,0.24846627513368458
4,free_energy_absolute_error,thermodynamics,lower,34,3.4000000000000004,0.029525480366136177,0.027344971254193457,0.35033276783796419,0.047445628789254832,0.041361463664866142,0.25146234844851634
4,free_energy_absolute_error,thermodynamics,lower,35,3.5,0.029471433031565818,0.027200818459472975,0.3543404850729342,0.046932080339035141,0.040956873801854921,0.25440172378064257
4,free_energy_absolute_error,thermodynamics,lower,36,3.6000000000000001,0.029420427288846647,0.027068625646078925,0.35822430241896025,0.046445645532085467,0.040571089130861139,0.25728568429837356
4,free_energy_absolute_error,thermodynamics,lower,37,3.7000000000000002,0.029336612562074638,0.026929187915918189,0.36199372700162175,0.045983239235598682,0.040202389098024843,0.26011563139846139
4,free_energy_absolute_error,thermodynamics,lower,38,3.8000000000000003,0.029258119910517716,0.026786652001417461,0.36566720669529129,0.0455431045165176,0.039849343384956229,0.26289330443258846
4,free_energy_absolute_error,thermodynamics,lower,39,3.9000000000000004,0.029191651500948941,0.026668994766493537,0.3692423202160624,0.045123836490477395,0.039511385728072564,0.26562020227319039
4,free_energy_absolute_error,thermodynamics,lower,40,4,0.029144806942397617,0.026590553960554292,0.37272846660088438,0.044724360751775383,0.039188364933884612,0.26829790888138272
4,free_energy_absolute_error,thermodynamics,lower,41,4.1000000000000005,0.029119122964434779,0.026560097409432059,0.37617255834268137,0.044343745195986592,0.038880358408897961,0.27092899789263392
4,free_energy_absolute_error,thermodynamics,lower,42,4.2000000000000002,0.029097183305317527,0.026557854694212558,0.37956402328023103,0.043980731817637328,0.03858696546331021,0.27351554611614809
4,free_energy_absolute_error,thermodynamics,lower,43,4.2999999999999998,0.029102940516863719,0.026598795942412306,0.38287259175403854,0.043634736671107711,0.038308170823289335,0.27605873322400604
4,free_energy_absolute_error,thermodynamics,lower,44,4.4000000000000004,0.029111357954958193,0.02665896579125086,0.38608297107690509,0.043304659882104315,0.038043416163470276,0.2785592840842992
4,free_energy_absolute_error,thermodynamics,lower,45,4.5,0.029112089329847417,0.026697851372832475,0.38919028159155006,0.042989269425387486,0.037791292501456103,0.28101775069557144
4,free_energy_absolute_error,thermodynamics,lower,46,4.6000000000000005,0.029099763786229037,0.026736984275232752,0.39216039078862747,0.04268732365062318,0.037550981453059941,0.28343389504542049
4,free_energy_absolute_error,thermodynamics,lower,47,4.7000000000000002,0.029080030731554563,0.026783461728884472,0.39504807622896981,0.042397806780004696,0.037321885288715786,0.28580866485783646
4,free_energy_absolute_error,thermodynamics,lower,48,4.8000000000000007,0.029037452275201742,0.026809161807046115,0.39786389691986751,0.042119466061154631,0.037102870216181,0.28814314885912878
4,free_energy_absolute_error,thermodynamics,lower,49,4.9000000000000004,0.028997566294997234,0.026844878589986437,0.40058736825309826,0.041851672188375919,0.036893523448299485,0.29043792884676073
4,free_energy_absolute_error,thermodynamics,lower,50,5,0.028973590103088153,0.026885261553844526,0.40323070129431549,0.041594110546670157,0.036693358210410379,0.29269378429571186
4,free_energy_absolute_error,thermodynamics,lower,51,5.1000000000000005,0.02894325361015862,0.026911004214552135,0.40578250354798451,0.041346054528307183,0.036501547347746494,0.29491121016340349
4,free_energy_absolute_error,thermodynamics,lower,52,5.2000000000000002,0.02890140191974868,0.026926912980594353,0.40826473801957519,0.041106734285834903,0.0363174197637628,0.29709108569909914
4,free_energy_absolute_error,thermodynamics,lower,53,5.3000000000000007,0.028845076973525702,0.026939025690678509,0.41066682661276821,0.040875382261074358,0.036140468932195163,0.2992340242069042
4,free_energy_absolute_error,thermodynamics,lower,54,5.4000000000000004,0.028791811361272866,0.026969676280065025,0.41301096807859899,0.040651612429596549,0.035970639438637209,0.30134100464897262
4,free_energy_absolute_error,thermodynamics,lower,55,5.5,0.028748029026406507,0.026998782635961404,0.41525888443762904,0.040435183640447639,0.035807514769497645,0.30341223882694823
4,free_energy_absolute_error,thermodynamics,lower,56,5.6000000000000005,0.028693159050391676,0.027021211718355885,0.41743945955213962,0.040225504629910931,0.035650616500727254,0.30544843919704084
4,free_energy_absolute_error,thermodynamics,lower,57,5.7000000000000002,0.028623101484149798,0.02701706002260585,0.41956305994453219,0.040021953697529158,0.035499150597602315,0.30745045008734778
4,free_energy_absolute_error,thermodynamics,lower,58,5.8000000000000007,0.028538361521166001,0.027019332465531544,0.42159275583572464,0.039823960728971167,0.035352946836704549,0.30941842087611288
4,free_energy_absolute_error,thermodynamics,lower,59,5.9000000000000004,0.028460901570495627,0.027020808582501065,0.42359877913761973,0.039631366505946154,0.035211724154429913,0.31135368118562989
4,free_energy_absolute_error,thermodynamics,lower,60,6,0.028399383663242812,0.027035164646550723,0.4255406260881085,0.039444166791901103,0.035075448162631917,0.3132567969340046
4,free_energy_absolute_error,thermodynamics,lower,61,6.1000000000000005,0.028354856844850906,0.027064761706905239,0.42741351428142232,0.039262374825556015,0.034944125433849518,0.31512821852986389
4,free_energy_absolute_error,thermodynamics,lower,62,6.2000000000000002,0.02830950372670642,0.02707718766912804,0.42921903729796562,0.039085715614284255,0.034817239340870137,0.31696839302612362
4,free_energy_absolute_error,thermodynamics,lower,63,6.3000000000000007,0.028234882901756891,0.027037753069295213,0.43096946386196883,0.038913480174402867,0.034693755431797521,0.31877793383304182
4,free_energy_absolute_error,thermodynamics,lower,64,6.4000000000000004,0.028130815511953223,0.026957139650413763,0.43269620703557532,0.038745001039052089,0.034572870810213409,0.32055790685183133
4,free_energy_absolute_error,thermodynamics,lower,65,6.5,0.028034972654177613,0.026874675227415361,0.43437237879093965,0.038580231371592486,0.034454437032016505,0.32230889872781759
4,free_energy_absolute_error,thermodynamics,lower,66,6.6000000000000005,0.027943315083176205,0.026785547639844164,0.43594253774024611,0.038419065973283144,0.034338241738195718,0.32403062053103621
4,free_energy_absolute_error,thermodynamics,lower,67,6.7000000000000002,0.027856507993092861,0.026695936299992888,0.43746825102416226,0.03826141585417582,0.034224177477924035,0.32572371949362017
4,free_energy_absolute_error,thermodynamics,lower,68,6.8000000000000007,0.027786256021743699,0.026614459483192299,0.43900050426607939,0.038107369386051825,0.034112269860354441,0.32738955456380342
4,free_energy_absolute_error,thermodynamics,lower,69,6.9000000000000004,0.027702729819379997,0.026527010653010597,0.44052857801800577,0.037956577508273977,0.034002338567494392,0.32902925055589333
4,free_energy_absolute_error,thermodynamics,lower,70,7,0.027610868957925489,0.026447644368381346,0.44200665983980247,0.03780878167184043,0.033894414364649912,0.33064321354566345
4,free_energy_absolute_error,thermodynamics,lower,71,7.1000000000000005,0.027514658951217776,0.026370176642074368,0.44340880542235411,0.037663794027887998,0.033788439185458721,0.33223146131857462
4,free_energy_absolute_error,thermodynamics,lower,72,7.2000000000000002,0.027414206132681234,0.026300603970010338,0.44478028816415049,0.037521438640454562,0.033684441474133041,0.33379463946920751
4,free_energy_absolute_error,thermodynamics,lower,73,7.3000000000000007,0.027319971033877743,0.026223476294752145,0.44614304038827052,0.037381692508857617,0.033582236471675769,0.33533365865987969
4,free_energy_absolute_error,thermodynamics,lower,74,7.4000000000000004,0.027224562414967873,0.026143715546731339,0.44745275637152476,0.037244433994075329,0.033481715918635982,0.33684878160192894
4,free_energy_absolute_error,thermodynamics,lower,75,7.5,0.027096944377977283,0.026031940871758023,0.44871123269809515,0.037109134132527352,0.033382385584677605,0.33834028094987784
4,free_energy_absolute_error,thermodynamics,lower,76,7.6000000000000005,0.026967491425474353,0.0259161046212096,0.44994641072803954,0.036975691465329294,0.033284145045684603,0.33980878265748515
4,free_energy_absolute_error,thermodynamics,lower,77,7.7000000000000002,0.026854269854053231,0.025820660787961424,0.45114478690991072,0.036844244431416609,0.033187216678701184,0.34125470479063358
4,free_energy_absolute_error,thermodynamics,lower,78,7.8000000000000007,0.026749614759284356,0.025734689723648431,0.45230510300076121,0.036714826102286706,0.033091671461328721,0.34267842784460961
4,free_energy_absolute_error,thermodynamics,lower,79,7.9000000000000004,0.026643777459794148,0.025645915760144206,0.45341856130867603,0.036587344473900725,0.032997421389161827,0.34408020168592685
4,free_energy_absolute_error,thermodynamics,lower,80,8,0.026549144365910715,0.025557384394866694,0.45450576719823982,0.036461866972550862,0.032904420926733138,0.34546052125483079
4,free_energy_absolute_error,thermodynamics,lower,81,8.0999999999999996,0.026471692507668898,0.025483459358900694,0.45555915279303227,0.036338531485330089,0.032812804117253722,0.3468197636194999
4,free_energy_absolute_error,thermodynamics,lower,82,8.2000000000000011,0.026393110566410034,0.025405263964510323,0.45657854352796451,0.036217245864367649,0.03272246826173246,0.34815828532570076
4,free_energy_absolute_error,thermodynamics,lower,83,8.3000000000000007,0.026318686714991345,0.02533816989237514,0.45754125664215967,0.036097986115579982,0.032633500811499239,0.34947615244999541
4,free_energy_absolute_error,thermodynamics,lower,84,8.4000000000000004,0.026253396847775272,0.025281703036242019,0.45849282782480555,0.035980788624296593,0.032545979409412847,0.35077397001398131
4,free_energy_absolute_error,thermodynamics,lower,85,8.5,0.026172287620683677,0.025214831819623022,0.45941253665637044,0.035865394494842322,0.032459730614238846,0.35205207079800943
4,free_energy_absolute_error,thermodynamics,lower,86,8.5999999999999996,0.026103383403956071,0.025144129539850381,0.46029178453518499,0.035751882737971544,0.032374665485466893,0.35331067212053463
4,free_energy_absolute_error,thermodynamics,lower,87,8.7000000000000011,0.026026189349995905,0.025065246621337866,0.46114384970518252,0.035640093158799416,0.032290649176683797,0.35455013393185242
4,free_energy_absolute_error,thermodynamics,lower,88,8.8000000000000007,0.025925596911663251,0.024965643800502119,0.4619574168433947,0.035529701155991057,0.032207410479227191,0.35577067123766543
4,free_energy_absolute_error,thermodynamics,lower,89,8.9000000000000004,0.025813331648614768,0.024859232816365526,0.46274031031217583,0.035420528464896933,0.032124846685262456,0.35697257729468235
4,free_energy_absolute_error,thermodynamics,lower,90,9,0.025697971633350643,0.024762244850973763,0.463494130140025,0.035312500055657538,0.032043039998214798,0.35815615010407509
4,free_energy_absolute_error,thermodynamics,lower,91,9.0999999999999996,0.025560216393962592,0.024644534778491749,0.46421895059410329,0.035205332103331217,0.031961737743052998,0.35932167538418525
4,free_energy_absolute_error,thermodynamics,lower,92,9.2000000000000011,0.025401949506881138,0.024509194919406042,0.46491402167728446,0.035098773596848064,0.031880731842795974,0.36046941827867557
4,free_energy_absolute_error,thermodynamics,lower,93,9.3000000000000007,0.025265646322360426,0.02438770152458733,0.46558736113228633,0.034993041045509488,0.031800161624320603,0.36159971873946706
4,free_energy_absolute_error,thermodynamics,lower,94,9.4000000000000004,0.025134331431531088,0.024260956820486859,0.46625561317844882,0.034888161155999069,0.031719957317896855,0.36271307931860514
4,free_energy_absolute_error,thermodynamics,lower,95,9.5,0.024993842549284249,0.02413080592103909,0.46689207194601562,0.034784010433823134,0.031640071513719399,0.36380970029363052
4,free_energy_absolute_error,thermodynamics,lower,96,9.6000000000000014,0.024858666190014762,0.024008700639466803,0.46749818080182393,0.034680621431283462,0.031560578067112606,0.36488978863225757
4,free_energy_absolute_error,thermodynamics,lower,97,9.7000000000000011,0.024734455506241853,0.023892040354573034,0.46809473688910991,0.034578083638241795,0.031481520977292607,0.36595375717098794
4,free_energy_absolute_error,thermodynamics,lower,98,9.8000000000000007,0.024619101778155381,0.023783344836476726,0.46866734207148714,0.03447646137436336,0.031402968159529178,0.36700185497609511
4,free_energy_absolute_error,thermodynamics,lower,99,9.9000000000000004,0.024521551137228363,0.023701513883319227,0.46922283198784004,0.034375906725503412,0.031325175692092713,0.36803439009742583
4,free_energy_absolute_error,thermodynamics,lower,100,10,0.024429807973509958,0.023628439764384397,0.46977315024227712,0.034276445737983482,0.031248208332815629,0.36905177769887437
4,free_energy_absolute_error,thermodynamics,lower,101,10.100000000000001,0.024347998911700162,0.023566014983773451,0.47030724347657626,0.034178144284257903,0.031172147012528083,0.37005430706301001
4,free_energy_absolute_error,thermodynamics,lower,102,10.200000000000001,0.024278230972414633,0.023513292690810227,0.47082654648126504,0.034081086310612387,0.031097060205452422,0.37104227019456149
4,free_energy_absolute_error,thermodynamics,lower,103,10.300000000000001,0.024212398885682107,0.02346691352082934,0.47132853137206743,0.033985273811341213,0.031022981111426949,0.37201592321570232
4,free_energy_absolute_error,thermodynamics,lower,104,10.4,0.024143237317906571,0.023419501599764216,0.47180036679938908,0.033890638845058191,0.030949870731507116,0.37297538901939165
4,free_energy_absolute_error,thermodynamics,lower,105,10.5,0.024081461856459808,0.023378483661389799,0.47226237064110649,0.033797218111833435,0.030877762283220291,0.37392097932055085
4,free_energy_absolute_error,thermodynamics,lower,106,10.600000000000001,0.024011487233487554,0.023325388808227338,0.4726989234472016,0.033704899895999986,0.030806513476852426,0.37485284671797214
4,free_energy_absolute_error,thermodynamics,lower,107,10.700000000000001,0.023938141403429709,0.02326760947311558,0.47310723158131668,0.033613621779246997,0.030736056430088532,0.37577111199706881
4,free_energy_absolute_error,thermodynamics,lower,108,10.800000000000001,0.02387087285997078,0.023210879322388425,0.47350804430567067,0.033523411141105547,0.030666378864276495,0.37667608359251875
4,free_energy_absolute_error,thermodynamics,lower,109,10.9,0.023808315859876687,0.023159380643003043,0.47390230511128245,0.033434281826598869,0.030597507320962065,0.3775680672761772
4,free_energy_absolute_error,thermodynamics,lower,110,11,0.02373557112106886,0.023099539424810706,0.47427665960200366,0.03334611172927586,0.03052934397645159,0.37844723629732108
4,free_energy_absolute_error,thermodynamics,lower,111,11.100000000000001,0.023666150420999295,0.023039190907380647,0.47463562096873652,0.033258904870642744,0.030461865119973473,0.3793137983213879
4,free_energy_absolute_error,thermodynamics,lower,112,11.200000000000001,0.02359235074823389,0.022975378892363722,0.47498389466640312,0.03317259635169266,0.030395021492941255,0.38016799561018266
4,free_energy_absolute_error,thermodynamics,lower,113,11.300000000000001,0.023510444064075313,0.022900040935202072,0.47532404376283038,0.033087090579235867,0.030328694231368337,0.38101008453188751
4,free_energy_absolute_error,thermodynamics,lower,114,11.4,0.023440806740699753,0.022832952745387759,0.47566921932529804,0.033002474054336421,0.030262942113070256,0.38184042781954891
4,free_energy_absolute_error,thermodynamics,lower,115,11.5,0.02336473577090508,0.022762172710312507,0.47600424848522072,0.032918667634480502,0.030197718031307153,0.3826592436514244
4,free_energy_absolute_error,thermodynamics,lower,116,11.600000000000001,0.023285971824492199,0.02269222628256708,0.47633287543127628,0.032835627153359921,0.030133015516231799,0.38346677495987141
4,free_energy_absolute_error,thermodynamics,lower,117,11.700000000000001,0.023207917478830643,0.022629297276109083,0.47666803425093701,0.0327533390364836,0.030068881172299129,0.38426336691962409
4,free_energy_absolute_error,thermodynamics,lower,118,11.800000000000001,0.023140466589262131,0.022572976880779146,0.47700321598668927,0.032671874015744437,0.030005356559659128,0.38504929784392122
4,free_energy_absolute_error,thermodynamics,lower,119,11.9,0.023074425515203261,0.022518974996012939,0.47733709594949553,0.032591223188008799,0.02994244579021672,0.38582482555909409
4,free_energy_absolute_error,thermodynamics,lower,120,12,0.0230013881022255,0.022456154136364381,0.47766507311012035,0.032511307895627263,0.029880060026434618,0.38659016095535276
4,free_energy_absolute_error,thermodynamics,lower,121,12.100000000000001,0.022924373984614107,0.022392735958078051,0.47799072084208377,0.032432077036858561,0.02981818131512589,0.38734553748334227
4,free_energy_absolute_error,thermodynamics,lower,122,12.200000000000001,0.022839866936179939,0.022322512930976569,0.47830114618616187,0.032353452363902177,0.029756741410337784,0.3880910752595948
4,free_energy_absolute_error,thermodynamics,lower,123,12.300000000000001,0.02276476330913273,0.022263398592421567,0.47858832890911218,0.032275495542318691,0.029695819924013257,0.38882682528926577
4,free_energy_absolute_error,thermodynamics,lower,124,12.4,0.022703148305999635,0.022210916049060461,0.4788792954785977,0.032198299193638702,0.029635457795989445,0.38955305488756681
4,free_energy_absolute_error,thermodynamics,lower,125,12.5,0.022647827513842429,0.022165315934839648,0.47918240342176333,0.032121895420200317,0.029575696661100249,0.39027008967584043
4,free_energy_absolute_error,thermodynamics,lower,126,12.600000000000001,0.022596227627320487,0.022126250529770138,0.47949437845515708,0.032046294882161597,0.029516574072756364,0.39097821895186674
4,free_energy_absolute_error,thermodynamics,lower,127,12.700000000000001,0.022550436846551881,0.022093010170830936,0.4798023566301004,0.031971524346448128,0.029458120813686078,0.39167762161075043
4,free_energy_absolute_error,thermodynamics,lower,128,12.800000000000001,0.02250804175417765,0.022059957181160376,0.4801103152624111,0.031897590888696016,0.029400322660306972,0.39236850202990398
4,free_energy_absolute_error,thermodynamics,lower,129,12.9,0.022477487319555338,0.022034354489251871,0.48041476971511637,0.031824566830020509,0.02934322213184918,0.3930510312367661
4,free_energy_absolute_error,thermodynamics,lower,130,13,0.022451779295692358,0.02201073055429624,0.48072434017992433,0.031752468464371832,0.029286818350483391,0.39372544130555959
4,free_energy_absolute_error,thermodynamics,lower,131,13.100000000000001,0.022416551903688277,0.021980663785729517,0.48102891209817661,0.031681201925740657,0.029231046178233355,0.39439188001390019
4,free_energy_absolute_error,thermodynamics,lower,132,13.200000000000001,0.022388275425697997,0.021956156417252813,0.48131565789717384,0.031610800967407003,0.029175933377013807,0.39505039348271292
4,free_energy_absolute_error,thermodynamics,lower,133,13.300000000000001,0.022368812588424956,0.021941237724708122,0.48159009118498547,0.03154131233297857,0.029121537169101736,0.39570106790152693
4,free_energy_absolute_error,thermodynamics,lower,134,13.4,0.022346204206489161,0.021925235943143162,0.48184889325503799,0.031472692123079397,0.029067833428609507,0.39634396212058309
4,free_energy_absolute_error,thermodynamics,lower,135,13.5,0.022325136432688929,0.02190773696273839,0.48209532882082146,0.031404932451298724,0.029014795677010465,0.39697915742947371
4,free_energy_absolute_error,thermodynamics,lower,136,13.600000000000001,0.022306505028467986,0.021888763700991836,0.48233646810781289,0.031338032249660266,0.02896239838306915,0.39760678471387328
4,free_energy_absolute_error,thermodynamics,lower,137,13.700000000000001,0.022285111644145244,0.021868142184792015,0.48256973729019204,0.031271952537211253,0.028910615491110923,0.39822695225092675
4,free_energy_absolute_error,thermodynamics,lower,138,13.800000000000001,0.02226405097654837,0.021846940857581088,0.48280979085897213,0.03120667788822094,0.028859429443041863,0.39883987137127486
4,free_energy_absolute_error,thermodynamics,lower,139,13.9,0.022248455832690351,0.021828875172820488,0.48304822390268159,0.031142230247533664,0.028808849915917967,0.39944568685711229
4,free_energy_absolute_error,thermodynamics,lower,140,14,0.022238449442283394,0.021816240345055176,0.48329687311196246,0.031078631813210449,0.028758902704697518,0.4000446239017898
4,free_energy_absolute_error,thermodynamics,lower,141,14.100000000000001,0.022228555814079409,0.021804233989473946,0.4835420193793501,0.031015865316762713,0.028709578813100191,0.40063680401155971
4,free_energy_absolute_error,thermodynamics,lower,142,14.200000000000001,0.022231052143843761,0.021799009109175725,0.48377577672680377,0.030954000435263286,0.02866091282926974,0.40122228973490648
4,free_energy_absolute_error,thermodynamics,lower,143,14.300000000000001,0.022233976260563067,0.021790877820821262,0.48401496605077193,0.030893021245230412,0.028612870626413454,0.40180125949935314
4,free_energy_absolute_error,thermodynamics,lower,144,14.4,0.022237963389485749,0.021784806894573464,0.48425325812711967,0.030832916676787742,0.028565453517164569,0.40237384282315708
4,free_energy_absolute_error,thermodynamics,lower,145,14.5,0.022237609566552248,0.021773628319320323,0.48449084053708918,0.030773638696717159,0.028518613343386328,0.40294016694532209
4,free_energy_absolute_error,thermodynamics,lower,146,14.600000000000001,0.022231756280063859,0.021760307320456678,0.48472356898825869,0.030715132652767475,0.02847232357610599,0.40350032723328738
4,free_energy_absolute_error,thermodynamics,lower,147,14.700000000000001,0.02221477093429608,0.021736741715553919,0.48494136296681528,0.0306573070628459,0.028426503291340326,0.40405434788453592
4,free_energy_absolute_error,thermodynamics,lower,148,14.800000000000001,0.022194504665567015,0.021711574434802448,0.48515369216735921,0.030600125965566983,0.028381132150417775,0.40460231642698741
4,free_energy_absolute_error,thermodynamics,lower,149,14.9,0.022182399491649372,0.021697384913084948,0.48536476146554453,0.030543631157017203,0.028336274786408832,0.40514434625946089
4,free_energy_absolute_error,thermodynamics,lower,150,15,0.022172125382442308,0.021687689980620439,0.48557243077395978,0.030487821118520036,0.028291950887703577,0.40568053348955763
4,free_energy_absolute_error,thermodynamics,lower,151,15.100000000000001,0.022162782475514724,0.021677123292740703,0.48578194328495555,0.030432688412274967,0.028248144082438927,0.40621100640210989
4,free_energy_absolute_error,thermodynamics,lower,152,15.200000000000001,0.02214965098465032,0.021661886433266359,0.48598607004882383,0.030378194744987964,0.028204813440010152,0.4067358423471541
4,free_energy_absolute_error,thermodynamics,lower,153,15.300000000000001,0.022132429998870752,0.021644249061844204,0.48619094435210836,0.030324300857758436,0.028161933934270505,0.40725515673934337
4,free_energy_absolute_error,thermodynamics,lower,154,15.4,0.022112565109863376,0.021623727199451496,0.48639250980459209,0.030270977898356522,0.028119478046382068,0.40776903565535144
4,free_energy_absolute_error,thermodynamics,lower,155,15.5,0.022086478194910289,0.021599263832556052,0.48659478875385104,0.030218174674463326,0.028077412148228353,0.40827758890114824
4,free_energy_absolute_error,thermodynamics,lower,156,15.600000000000001,0.022059869016712287,0.021575247935124053,0.48679994101766239,0.030165877843323897,0.028035731608400765,0.40878093731215143
4,free_energy_absolute_error,thermodynamics,lower,157,15.700000000000001,0.022036009107695938,0.021551044058380021,0.48701185691752441,0.030114095239912254,0.02799442786604394,0.40927922342428763
4,free_energy_absolute_error,thermodynamics,lower,158,15.800000000000001,0.0220096809802812,0.021528554232128801,0.48721161869114687,0.030062801478775342,0.027953504615196377,0.40977246643230575
4,free_energy_absolute_error,thermodynamics,lower,159,15.9,0.021978917535756884,0.021505019758159362,0.48740216952671228,0.030011959441397874,0.027912948106661555,0.4102607035586856
4,free_energy_absolute_error,thermodynamics,lower,160,16,0.021955023042920661,0.021484398014141228,0.48759117886774589,0.029961603588907388,0.027872769668583298,0.41074401902936725
4,free_energy_absolute_error,thermodynamics,lower,161,16.100000000000001,0.021940032669458077,0.021473105220370901,0.48777042711077906,0.029911780167047451,0.027833020199960867,0.41122244392428287
4,free_energy_absolute_error,thermodynamics,lower,162,16.199999999999999,0.021935003418794747,0.021472644153426913,0.48794897085984351,0.029862540804403918,0.027793758619426706,0.41169606446092216
4,free_energy_absolute_error,thermodynamics,lower,163,16.300000000000001,0.021932901671064865,0.02147579867228774,0.48813419631917077,0.029813892711561353,0.027754998128953455,0.41216501005514455
4,free_energy_absolute_error,thermodynamics,lower,164,16.400000000000002,0.021929812896538545,0.021475797748511095,0.48831877519623285,0.029765819054152671,0.027716710321755638,0.41262936228161456
4,free_energy_absolute_error,thermodynamics,lower,165,16.5,0.021923979740028458,0.0214696232535556,0.48848997593321891,0.029718292755279197,0.027678849188008968,0.41308912357647271
4,free_energy_absolute_error,thermodynamics,lower,166,16.600000000000001,0.021915059477805358,0.021458821037242039,0.48864847095465019,0.029671285325896822,0.027641379138907969,0.41354430036790762
4,free_energy_absolute_error,thermodynamics,lower,167,16.699999999999999,0.021901943718879865,0.021441936855047587,0.48880367615354786,0.029624762322261987,0.027604256730022574,0.41399495531273178
4,free_energy_absolute_error,thermodynamics,lower,168,16.800000000000001,0.021895436515590682,0.021430078711157551,0.48896094632549297,0.029578754430555614,0.027567505670386471,0.41444118144971248
4,free_energy_absolute_error,thermodynamics,lower,169,16.900000000000002,0.021893226786850139,0.021421975632274042,0.48912351136100574,0.029533277935622444,0.027531141587320722,0.41488308872729407
4,free_energy_absolute_error,thermodynamics,lower,170,17,0.021895202960045577,0.021418641711343455,0.48928932352467519,0.029488348082824932,0.027495185705697329,0.41532077246139631
4,free_energy_absolute_error,thermodynamics,lower,171,17.100000000000001,0.021900995039248385,0.021419209365331017,0.48946189673090457,0.029443977597189985,0.027459653680315072,0.41575434628753377
4,free_energy_absolute_error,thermodynamics,lower,172,17.199999999999999,0.021920438543202272,0.021432264322945184,0.48964416955092832,0.029400236091062147,0.027424610718935004,0.41618393828325123
4,free_energy_absolute_error,thermodynamics,lower,173,17.300000000000001,0.021950534320081812,0.021455114288238188,0.48982587796493987,0.02935717423111428,0.027390104959219997,0.41660961423516851
4,free_energy_absolute_error,thermodynamics,lower,174,17.400000000000002,0.021980424382780823,0.021483288468131717,0.49000186923400912,0.029314779117043398,0.027356157738006849,0.41703140880412737
4,free_energy_absolute_error,thermodynamics,lower,175,17.5,0.022005816951305789,0.021509649215719875,0.49018188315621519,0.029273013618953476,0.027322749117879491,0.41744941151471071
4,free_energy_absolute_error,thermodynamics,lower,176,17.600000000000001,0.022029361374365536,0.021537391130092624,0.49036107316189154,0.029231856503927411,0.027289877765676162,0.41786368231952425
4,free_energy_absolute_error,thermodynamics,lower,177,17.699999999999999,0.022058130277120669,0.021569348532905423,0.49053317314563633,0.029191326977222286,0.027257558391479718,0.41827424441458705
4,free_energy_absolute_error,thermodynamics,lower,178,17.800000000000001,0.022088926590387165,0.021602605263087528,0.49069947117462648,0.029151425851453538,0.027225788991882004,0.41868112771099181
4,free_energy_absolute_error,thermodynamics,lower,179,17.900000000000002,0.022130734569154768,0.021648006833350504,0.49086569930144835,0.029112204112446288,0.027194628197700271,0.4190843934740669
4,free_energy_absolute_error,thermodynamics,lower,180,18,0.022169169833793551,0.021689345862452723,0.49102102782377283,0.029073631699787113,0.02716404329583778,0.41948404144267637
4,free_energy_absolute_error,thermodynamics,lower,181,18.100000000000001,0.022208339784407317,0.021732560786535442,0.49117771615462952,0.029035701910199378,0.027134035105178651,0.41988013909301869
4,free_energy_absolute_error,thermodynamics,lower,182,18.199999999999999,0.022249852618480372,0.021782496456821454,0.49134055533144155,0.028998417023981139,0.027104631046671195,0.42027277874268032
4,free_energy_absolute_error,thermodynamics,lower,183,18.300000000000001,0.022294938537045426,0.021834213069630605,0.49149799811782763,0.028961785993997881,0.027075830948435999,0.42066198759172485
4,free_energy_absolute_error,thermodynamics,lower,184,18.400000000000002,0.022336468141368852,0.021881441478881936,0.49164857051440247,0.028925778831755334,0.027047600570884074,0.42104778423804379
4,free_energy_absolute_error,thermodynamics,lower,185,18.5,0.022369949988661722,0.021920088860088102,0.49178851829371256,0.028890341919089967,0.027019884291366258,0.42143016658429061
4,free_energy_absolute_error,thermodynamics,lower,186,18.600000000000001,0.022400829443908015,0.021956397890508968,0.49192661643272562,0.028855452067072858,0.026992661246200356,0.42180917975551879
4,free_energy_absolute_error,thermodynamics,lower,187,18.699999999999999,0.022439444451976286,0.022000277050876666,0.49207559558768271,0.028821141865922613,0.026965964004514138,0.42218493598991541
4,free_energy_absolute_error,thermodynamics,lower,188,18.800000000000001,0.022493730524927917,0.022057285185531537,0.49223642949426655,0.028787485422619448,0.026939854010796144,0.42255755031706621
4,free_energy_absolute_error,thermodynamics,lower,189,18.900000000000002,0.022553319831088232,0.022118993115082294,0.49239435783218372,0.028754500419489654,0.026914346810289713,0.42292705723513557
4,free_energy_absolute_error,thermodynamics,lower,190,19,0.022614297711399022,0.022181684533869862,0.4925484400868439,0.028722183563131276,0.026889438061466459,0.42329348556593405
4,free_energy_absolute_error,thermodynamics,lower,191,19.100000000000001,0.02267847846380815,0.022250124542912812,0.49270667458337547,0.028690541128056284,0.026865148461892873,0.42365690540372175
4,free_energy_absolute_error,thermodynamics,lower,192,19.200000000000003,0.022740660475328141,0.022315289395124137,0.49286075346170916,0.028659552166323328,0.026841451279253453,0.42401734211235703
4,free_energy_absolute_error,thermodynamics,lower,193,19.300000000000001,0.022790994342979602,0.022368916692892267,0.49300261045099186,0.028629145130969213,0.02681827752491998,0.42437477873587331
4,free_energy_absolute_error,thermodynamics,lower,194,19.400000000000002,0.022834574704056396,0.022414584586981944,0.49313268314487746,0.028599276211242856,0.026795578076786276,0.4247292009235486
4,free_energy_absolute_error,thermodynamics,lower,195,19.5,0.022877415829498173,0.022459038803236641,0.49325682614793404,0.028569933337490323,0.026773339413845,0.42508062464264801
4,free_energy_absolute_error,thermodynamics,lower,196,19.600000000000001,0.022921050311622105,0.022504161172118013,0.49337597285304008,0.028541112505725691,0.026751557892203532,0.42542907029678262
4,free_energy_absolute_error,thermodynamics,lower,197,19.700000000000003,0.022961459855972633,0.022548254628304225,0.4934911277498113,0.028512789395828464,0.026730221327412169,0.42577456297420918
4,free_energy_absolute_error,thermodynamics,lower,198,19.800000000000001,0.023004344870857767,0.02259312914321996,0.49360571616526711,0.028484968968934671,0.0267093269224415,0.42611714455598221
4,free_energy_absolute_error,thermodynamics,lower,199,19.900000000000002,0.02304603221653612,0.022638045855877413,0.49371650619941115,0.028457637628470367,0.026688868223614541,0.42645683984062255
4,free_energy_absolute_error,thermodynamics,lower,200,20,0.023094907868913203,0.022689224462298704,0.49383153271286279,0.028430823979672577,0.026668870004807964,0.42679371330498378
5,potential_energy_absolute_error,thermodynamics,lower,1,0.10000000000000001,0.046079812848711169,0.051194289301454587,0.005883591713961629,0.046079812848711169,0.051194289301454587,0.005883591713961629
5,potential_energy_absolute_error,thermodynamics,lower,2,0.20000000000000001,0.042413088350868468,0.047020085522444785,0.010675509101248174,0.044246450599789829,0.049107187411949686,0.0082795504076048996
5,potential_energy_absolute_error,thermodynamics,lower,3,0.30000000000000004,0.038850759333176124,0.042798417185075939,0.014882760560417952,0.042447886844251922,0.04700426400299177,0.010480620458542584
5,potential_energy_absolute_error,thermodynamics,lower,4,0.40000000000000002,0.036001260069391305,0.039255318241604567,0.018523792435746818,0.040836230150536765,0.045067027562644961,0.012491413452843644
5,potential_energy_absolute_error,thermodynamics,lower,5,0.5,0.033909078937041801,0.036580451696154474,0.021657043217168465,0.039450799907837772,0.043369712389346879,0.014324539405708605
5,potential_energy_absolute_error,thermodynamics,lower,6,0.60000000000000009,0.032469370548890493,0.034672888851738394,0.02428030899273409,0.038287228348013222,0.041920241799745461,0.01598383433687952
5,potential_energy_absolute_error,thermodynamics,lower,7,0.70000000000000007,0.031577550932998209,0.03339914675583943,0.026556988666271281,0.037328703003011082,0.040702942507758882,0.017494284955364061
5,potential_energy_absolute_error,thermodynamics,lower,8,0.80000000000000004,0.031078302683643498,0.032616436592381434,0.02869667840432559,0.036547402963090135,0.039692129268336707,0.01889458413648425
5,potential_energy_absolute_error,thermodynamics,lower,9,0.90000000000000002,0.03087918594794322,0.03221796805972732,0.030870466714939798,0.035917601072518256,0.038861666911824543,0.020225237756312645
5,potential_energy_absolute_error,thermodynamics,lower,10,1,0.030886285648216681,0.032072371319111795,0.033218446015272567,0.035414469530088095,0.03818273735255328,0.021524558582208638
5,potential_energy_absolute_error,thermodynamics,lower,11,1.1000000000000001,0.031072832642147059,0.032181746695116732,0.035802693836931576,0.035019775267548001,0.037637192747331766,0.02282257087809254
5,potential_energy_absolute_error,thermodynamics,lower,12,1.2000000000000002,0.031366448802367032,0.032448973089907934,0.038484683793264605,0.034715331395449592,0.037204841109213113,0.024127746954356877
5,potential_energy_absolute_error,thermodynamics,lower,13,1.3,0.031728723632166583,0.032844608064448576,0.041269990474882355,0.03448559233673551,0.036869438567308163,0.025446381071320374
5,potential_energy_absolute_error,thermodynamics,lower,14,1.4000000000000001,0.032184937792762783,0.033342004999438339,0.044225461255135178,0.034321259869308889,0.036617479026746017,0.026787743941592862
5,potential_energy_absolute_error,thermodynamics,lower,15,1.5,0.032700967274293127,0.033896898164465963,0.047252109040491465,0.034213240362974504,0.036436106969260681,0.028152034948186105
5,potential_energy_absolute_error,thermodynamics,lower,16,1.6000000000000001,0.033279168836540363,0.034496455318061427,0.050340030480864856,0.034154860892572372,0.036314878741060728,0.029538784668978524
5,potential_energy_absolute_error,thermodynamics,lower,17,1.7000000000000002,0.033889576611187036,0.035135173041203296,0.053418143869739344,0.034139255934843828,0.03624548428812794,0.030943452857258569
5,potential_energy_absolute_error,thermodynamics,lower,18,1.8,0.034514298219236197,0.035787869765667404,0.056474076907283399,0.034160091617310075,0.036220061259102355,0.032361820860037728
5,potential_energy_absolute_error,thermodynamics,lower,19,1.9000000000000001,0.035158670984462057,0.036422048635670438,0.059506433780933565,0.034212648426107543,0.036230692173658569,0.033790484697979621
5,potential_energy_absolute_error,thermodynamics,lower,20,2,0.035796243294567619,0.037021908248508956,0.0624732263398051,0.034291828169530539,0.036270252977401093,0.035224621780070887
5,potential_energy_absolute_error,thermodynamics,lower,21,2.1000000000000001,0.036395060747838208,0.037575521237117576,0.065369848773824499,0.034391982101830906,0.036332408608816161,0.036660108779773444
5,potential_energy_absolute_error,thermodynamics,lower,22,2.2000000000000002,0.036947193074986048,0.038057665639255819,0.068170863821053126,0.034508128055156143,0.036410829382927057,0.038092415827104341
5,potential_energy_absolute_error,thermodynamics,lower,23,2.3000000000000003,0.037454623106500065,0.03846222310294873,0.070956556573148186,0.034636236535649359,0.036500020414232351,0.039521291511714941
5,potential_energy_absolute_error,thermodynamics,lower,24,2.4000000000000004,0.037900731598073015,0.038780980090580341,0.073710082084296594,0.034772257163250338,0.036595060400746851,0.040945824452239175
5,potential_energy_absolute_error,thermodynamics,lower,25,2.5,0.038320173158205011,0.039059352404314872,0.076447006222004274,0.034914173803048523,0.036693632080889563,0.042365871723029781
5,potential_energy_absolute_error,thermodynamics,lower,26,2.6000000000000001,0.038700938790402623,0.039288635649003124,0.079138378075321855,0.035059818610254465,0.036793439910432393,0.043780198890425635
5,potential_energy_absolute_error,thermodynamics,lower,27,2.7000000000000002,0.039040874554580315,0.039461552929485486,0.081751205333888646,0.035207265126710963,0.036892258911138065,0.045186532462405747
5,potential_energy_absolute_error,thermodynamics,lower,28,2.8000000000000003,0.03936089152174542,0.039617116870978873,0.084335272218962573,0.035355608926533624,0.036989575266846667,0.046584701739425617
5,potential_energy_absolute_error,thermodynamics,lower,29,2.9000000000000004,0.039639047484292179,0.039724087844126524,0.086865481051414076,0.035503313704387376,0.037083868803994245,0.047973694129494197
5,potential_energy_absolute_error,thermodynamics,lower,30,3,0.039844477226734842,0.039748760436428568,0.089316445117041662,0.035648019155132285,0.03717269852507539,0.049351785829079113
5,potential_energy_absolute_error,thermodynamics,lower,31,3.1000000000000001,0.040022858227655111,0.039754391787663088,0.091771878608951751,0.035789142996181411,0.037255978952900795,0.050720175918752421
5,potential_energy_absolute_error,thermodynamics,lower,32,3.2000000000000002,0.04019882645251082,0.039735283628162102,0.09421776018850038,0.035926945604191705,0.037333457224002706,0.052079475427182047
5,potential_energy_absolute_error,thermodynamics,lower,33,3.3000000000000003,0.040358801337979297,0.039687592317051323,0.09661794886478392,0.03606124426279133,0.037404794651064791,0.053429126137412408
5,potential_energy_absolute_error,thermodynamics,lower,34,3.4000000000000004,0.040491785846071764,0.03962346750011761,0.098948344857737236,0.036191554309358401,0.037470049734860462,0.054767926688010199
5,potential_energy_absolute_error,thermodynamics,lower,35,3.5,0.04057913303949455,0.039529775268032183,0.10118508868156766,0.036316913701648003,0.037528899035808236,0.056094131316397546
5,potential_energy_absolute_error,thermodynamics,lower,36,3.6000000000000001,0.040626235113926816,0.039396362607808634,0.10334224569345556,0.036436617074211294,0.03758077302391935,0.05740657893798249
5,potential_energy_absolute_error,thermodynamics,lower,37,3.7000000000000002,0.040640536694537356,0.039229719261327123,0.10545050018348857,0.036550236523409295,0.037625339138443889,0.058705063295969147
5,potential_energy_absolute_error,thermodynamics,lower,38,3.8000000000000003,0.040647179459038806,0.039049516233578871,0.1075240027198452,0.03665805081118903,0.037662817483052696,0.059989772228176412
5,potential_energy_absolute_error,thermodynamics,lower,39,3.9000000000000004,0.04064963585071741,0.038871914924486682,0.10952189900554365,0.036760399145535902,0.037693819981551011,0.06125982676092942
5,potential_energy_absolute_error,thermodynamics,lower,40,4,0.040626848278431923,0.038688137242222399,0.11145993051503721,0.036857060373858316,0.037718677913067794,0.062514829354782114
5,potential_energy_absolute_error,thermodynamics,lower,41,4.1000000000000005,0.040615679246451847,0.038538308255563238,0.11338299104779927,0.036948734004897177,0.037738668897031098,0.06375551622534352
5,potential_energy_absolute_error,thermodynamics,lower,42,4.2000000000000002,0.040609725978838072,0.038410040430003886,0.11528032872764075,0.03703590048046719,0.037754653933530453,0.064982297475398201
5,potential_energy_absolute_error,thermodynamics,lower,43,4.2999999999999998,0.040609697837345124,0.038307265963437823,0.11713471662476273,0.037119012046906222,0.037767505376086433,0.066195144432360173
5,potential_energy_absolute_error,thermodynamics,lower,44,4.4000000000000004,0.040614660317159226,0.03823108221732105,0.11895902208502103,0.037198458598502883,0.037778041213387223,0.067394323469920636
5,potential_energy_absolute_error,thermodynamics,lower,45,4.5,0.040615344080670898,0.038164044854828841,0.12073452046665949,0.037274389386995496,0.037786619072085921,0.068579661180959275
5,potential_energy_absolute_error,thermodynamics,lower,46,4.6000000000000005,0.040585530692556063,0.038090536396836391,0.1224418711576107,0.037346370719725082,0.03779322597045006,0.069750578789147352
5,potential_energy_absolute_error,thermodynamics,lower,47,4.7000000000000002,0.040540075496465655,0.038018940220312394,0.12410366982216288,0.037414321885187646,0.037798028401298193,0.070907027534530667
5,potential_energy_absolute_error,thermodynamics,lower,48,4.8000000000000007,0.040470058913579146,0.037939206808468566,0.12576254314736077,0.037477983073279139,0.037800969618114258,0.072049850776464627
5,potential_energy_absolute_error,thermodynamics,lower,49,4.9000000000000004,0.040400250707098753,0.03785066757347063,0.12737243867827955,0.037537621188255044,0.03780198386210111,0.073178883182624124
5,potential_energy_absolute_error,thermodynamics,lower,50,5,0.040324450385591647,0.037773295880851945,0.12893404739094191,0.037593357772201776,0.037801410102476132,0.074293986466790474
5,potential_energy_absolute_error,thermodynamics,lower,51,5.1000000000000005,0.040242549905128093,0.037701201122680397,0.1304354028562717,0.037645302715984645,0.037799445220519354,0.07539479855285873
5,potential_energy_absolute_error,thermodynamics,lower,52,5.2000000000000002,0.040154307188994473,0.037637902157122358,0.13189234058759491,0.037693552802004066,0.037796338623146332,0.07648128974583443
5,potential_energy_absolute_error,thermodynamics,lower,53,5.3000000000000007,0.040052269948976024,0.037573150153411256,0.13330267615060978,0.037738056899116738,0.037792127519943784,0.077553391376113209
5,potential_energy_absolute_error,thermodynamics,lower,54,5.4000000000000004,0.039952626310509928,0.037504003575165326,0.13468901030682121,0.037779067443772171,0.037786791891336775,0.078611458393348529
5,potential_energy_absolute_error,thermodynamics,lower,55,5.5,0.039847558451378454,0.037418387692409155,0.13600470502810127,0.037816676371183196,0.037780093633174458,0.079654971968525848
5,potential_energy_absolute_error,thermodynamics,lower,56,5.6000000000000005,0.039750148931318834,0.037336176748667751,0.13726132901826979,0.037851202666899911,0.03777216654595112,0.080683656915842714
5,potential_energy_absolute_error,thermodynamics,lower,57,5.7000000000000002,0.03965321527813731,0.037255205359364593,0.1384944913444949,0.037882816923237403,0.037763097051449604,0.081697882081257681
5,potential_energy_absolute_error,thermodynamics,lower,58,5.8000000000000007,0.039537222651972785,0.037158889487845868,0.13966887823868027,0.037911341159939736,0.03775267967966333,0.082697382015006343
5,potential_energy_absolute_error,thermodynamics,lower,59,5.9000000000000004,0.039428271909905319,0.037067166050791502,0.14083042963205269,0.037937051850617118,0.037741060804597708,0.083682687906820694
5,potential_energy_absolute_error,thermodynamics,lower,60,6,0.039339218651241084,0.036988065353875478,0.14196029650544387,0.037960421297294197,0.037728510880418994,0.084653981383464416
5,potential_energy_absolute_error,thermodynamics,lower,61,6.1000000000000005,0.039248725563411968,0.036922733570904781,0.14305342232114762,0.037981541039361695,0.037715301416328603,0.085611349267688722
5,potential_energy_absolute_error,thermodynamics,lower,62,6.2000000000000002,0.039158881933315383,0.036851828130853075,0.14410101220166169,0.038000530408619004,0.037701374427853193,0.086554730927914103
5,potential_energy_absolute_error,thermodynamics,lower,63,6.3000000000000007,0.039060641999024384,0.036768565904613214,0.1451198680148186,0.03801735757672068,0.03768656794335732,0.0874843362784999
5,potential_energy_absolute_error,thermodynamics,lower,64,6.4000000000000004,0.038957429314208245,0.036682201021731656,0.14611697208392768,0.038032046197618928,0.037670874710206921,0.088400471212959686
5,potential_energy_absolute_error,thermodynamics,lower,65,6.5,0.038867780156786665,0.036602102685218255,0.14709763568212311,0.038044903643144584,0.037654432063668627,0.089303504512485268
5,potential_energy_absolute_error,thermodynamics,lower,66,6.6000000000000005,0.038779375150288689,0.036514701178552364,0.14801009136487331,0.038056031999313435,0.037637163413894142,0.090192998252672962
5,potential_energy_absolute_error,thermodynamics,lower,67,6.7000000000000002,0.038691507323582543,0.036423542295170974,0.14887750891204443,0.038065516705645806,0.037619049665853506,0.09106888647146956
5,potential_energy_absolute_error,thermodynamics,lower,68,6.8000000000000007,0.038617354275785054,0.036342981232626845,0.14975167517652765,0.038073631964030206,0.037600283953600155,0.091931868658308644
5,potential_energy_absolute_error,thermodynamics,lower,69,6.9000000000000004,0.038552206541424841,0.036271919069215022,0.15063821319503082,0.038080567827470713,0.037581032288609081,0.092782685245797372
5,potential_energy_absolute_error,thermodynamics,lower,70,7,0.038492599051402641,0.036213591717723599,0.15149891658144796,0.038086453987812595,0.037561497423310712,0.09362148855059238
5,potential_energy_absolute_error,thermodynamics,lower,71,7.1000000000000005,0.038421267075104494,0.036150372323840503,0.1523202696765005,0.038091169665098394,0.037541622421909719,0.094448231946731923
5,potential_energy_absolute_error,thermodynamics,lower,72,7.2000000000000002,0.038345832665205706,0.036087258819013091,0.15312002670297864,0.038094706651210994,0.037521422927425038,0.095263117985013135
5,potential_energy_absolute_error,thermodynamics,lower,73,7.3000000000000007,0.038277635538667254,0.036028677435325264,0.15391289895035812,0.038097212526381624,0.03750097435904011,0.096066539642072638
5,potential_energy_absolute_error,thermodynamics,lower,74,7.4000000000000004,0.038198705757447944,0.035964175708854559,0.15468588710181741,0.038098584056531173,0.037480206809713291,0.096858692986123249
5,potential_energy_absolute_error,thermodynamics,lower,75,7.5,0.038101908190695616,0.035882144930165304,0.1554319201416379,0.038098628378320031,0.037458899317985989,0.097639669348196789
5,potential_energy_absolute_error,thermodynamics,lower,76,7.6000000000000005,0.038003635297259461,0.035799494672472718,0.15616238479733149,0.038097378469358713,0.037437065046334497,0.098409705077790663
5,potential_energy_absolute_error,thermodynamics,lower,77,7.7000000000000002,0.037910098478441442,0.035728830692686175,0.15687293548812004,0.038094946261684456,0.037414880184598799,0.099168967810392347
5,potential_energy_absolute_error,thermodynamics,lower,78,7.8000000000000007,0.037820529736981294,0.035661383893000477,0.1575644792910014,0.038091428101111338,0.037392399462911639,0.099917628213989904
5,potential_energy_absolute_error,thermodynamics,lower,79,7.9000000000000004,0.037725908365290238,0.035589142879754829,0.15823012323375804,0.038086801269012351,0.037369573430213451,0.10065576106234141
5,potential_energy_absolute_error,thermodynamics,lower,80,8,0.037642063312507704,0.035523012179213102,0.15888106703993313,0.038081242044556034,0.037346491414575952,0.10138357738706129
5,potential_energy_absolute_error,thermodynamics,lower,81,8.0999999999999996,0.037574411287556043,0.03547604946917534,0.15950636241424521,0.038074984874716535,0.037323399538706808,0.10210114263431047
5,potential_energy_absolute_error,thermodynamics,lower,82,8.2000000000000011,0.037505907680843067,0.035425939242356368,0.16011452015180525,0.038068044908937587,0.037300259778995218,0.10280862284793846
5,potential_energy_absolute_error,thermodynamics,lower,83,8.3000000000000007,0.037433914505202392,0.03536451911717492,0.16068864267299166,0.038060404783591385,0.03727693760234678,0.10350597248438488
5,potential_energy_absolute_error,thermodynamics,lower,84,8.4000000000000004,0.037381154109674811,0.035321469423627773,0.16125369342158211,0.038052318466044753,0.037253658219266794,0.10419344535268486
5,potential_energy_absolute_error,thermodynamics,lower,85,8.5,0.03733941419882908,0.035286677770934305,0.16180315660503933,0.038043931357018682,0.037230517272815816,0.10487120666153608
5,potential_energy_absolute_error,thermodynamics,lower,86,8.5999999999999996,0.0372985023991287,0.035243555564233822,0.16232637994721127,0.038035263578438568,0.037207413066902076,0.10553929007183464
5,potential_energy_absolute_error,thermodynamics,lower,87,8.7000000000000011,0.037256421061344268,0.035200050392929436,0.16283439861959426,0.038026311365598406,0.037184339932718483,0.10619785453790086
5,potential_energy_absolute_error,thermodynamics,lower,88,8.8000000000000007,0.037192735017738718,0.035135896813450626,0.16332220108712872,0.038016838907099997,0.037161062169999523,0.10684699483959663
5,potential_energy_absolute_error,thermodynamics,lower,89,8.9000000000000004,0.037113206554257469,0.035055705350953648,0.16378962697555485,0.038006685734596146,0.037137406475403506,0.10748679969505681
5,potential_energy_absolute_error,thermodynamics,lower,90,9,0.037035739298572901,0.034983159060132184,0.16423592428082212,0.037995897440862549,0.037113470393011598,0.10811734552378754
5,potential_energy_absolute_error,thermodynamics,lower,91,9.0999999999999996,0.036948473390268265,0.034902750175275145,0.16466778656927539,0.037984387286460419,0.037089176764245266,0.10873877894186983
5,potential_energy_absolute_error,thermodynamics,lower,92,9.2000000000000011,0.036849675848669654,0.034809396640055626,0.16508339297989424,0.03797205346648444,0.037064396545504072,0.10935122039880489
5,potential_energy_absolute_error,thermodynamics,lower,93,9.3000000000000007,0.036759228893211988,0.034720231082932977,0.1654829564427053,0.037959012342040646,0.037039190465261371,0.10995478745304037
5,potential_energy_absolute_error,thermodynamics,lower,94,9.4000000000000004,0.036676372960286835,0.034637217656466643,0.1658832076758322,0.037945367242234754,0.037013637563040158,0.11054977064689986
5,potential_energy_absolute_error,thermodynamics,lower,95,9.5,0.036583188250153297,0.03454654111080499,0.16626711496622101,0.037931028516002316,0.036987668126700846,0.11113626900815587
5,potential_energy_absolute_error,thermodynamics,lower,96,9.6000000000000014,0.036488940575723473,0.034456354336647038,0.16662869636626026,0.037916006766624419,0.036961300274721116,0.11171431512646945
5,potential_energy_absolute_error,thermodynamics,lower,97,9.7000000000000011,0.036406274598278346,0.034375303209585886,0.16698529229493633,0.037900442517466201,0.036934640511163006,0.11228411901480417
5,potential_energy_absolute_error,thermodynamics,lower,98,9.8000000000000007,0.036325529744653598,0.034298636466115237,0.16733099420354436,0.037884371978968115,0.036907742510703348,0.11284582182285254
5,potential_energy_absolute_error,thermodynamics,lower,99,9.9000000000000004,0.036254522272905945,0.034233628240691219,0.16766174252081156,0.037867908850624056,0.036880731255450695,0.11339951799151878
5,potential_energy_absolute_error,thermodynamics,lower,100,10,0.036188443882023233,0.034179059142485507,0.16798918043872049,0.037851114200938049,0.036853714534321048,0.11394541461599078
5,potential_energy_absolute_error,thermodynamics,lower,101,10.100000000000001,0.036126330844296631,0.034131676438309409,0.16830734732074693,0.037834037138001,0.03682676366208331,0.11448365157346363
5,potential_energy_absolute_error,thermodynamics,lower,102,10.200000000000001,0.036071283751338827,0.034089844047435175,0.16861634446369508,0.037816755242053343,0.036799931116841655,0.11501436424885804
5,potential_energy_absolute_error,thermodynamics,lower,103,10.300000000000001,0.036023752549644024,0.034054258550811879,0.16891498090971546,0.037799347448923146,0.036773274101637485,0.11553767120673046
5,potential_energy_absolute_error,thermodynamics,lower,104,10.4,0.03596540967620887,0.034008992884672386,0.16919714935222907,0.03778171343187782,0.036746694474551284,0.11605362772736023
5,potential_energy_absolute_error,thermodynamics,lower,105,10.5,0.035911321513024168,0.033965912388157223,0.16946992931309687,0.037763900175507785,0.036720210835633246,0.11656235440912917
5,potential_energy_absolute_error,thermodynamics,lower,106,10.600000000000001,0.035851225401049493,0.033915463550609745,0.1697272017782904,0.037745856073861953,0.036693750955585851,0.11706390957298918
5,potential_energy_absolute_error,thermodynamics,lower,107,10.700000000000001,0.035787643220001331,0.033858924479786549,0.16996977471958094,0.037727555019152967,0.036667257250204553,0.11755835691080779
5,potential_energy_absolute_error,thermodynamics,lower,108,10.800000000000001,0.035731306735014276,0.033807516943016945,0.17021214874881821,0.037709071238744278,0.036640778173286141,0.118045892020419
5,potential_energy_absolute_error,thermodynamics,lower,109,10.9,0.035680380947744075,0.033758989401951503,0.17044695180474279,0.03769045940121217,0.036614339744191336,0.11852663568816509
5,potential_energy_absolute_error,thermodynamics,lower,110,11,0.035620415113548375,0.03370054788001213,0.17067151639163028,0.037671640816778859,0.036587850727244249,0.1190006800581966
5,potential_energy_absolute_error,thermodynamics,lower,111,11.100000000000001,0.035556822025648908,0.03364104741464273,0.17088693868415808,0.037652588395237149,0.036561302949653249,0.11946812382960165
5,potential_energy_absolute_error,thermodynamics,lower,112,11.200000000000001,0.035493613267735709,0.033580060647114884,0.17109030035728881,0.037633311831598751,0.036534684714809154,0.11992903612002744
5,potential_energy_absolute_error,thermodynamics,lower,113,11.300000000000001,0.035423158625584587,0.03351095388282245,0.17128399177861256,0.037613752953669415,0.036507926034880067,0.1203835047541742
5,potential_energy_absolute_error,thermodynamics,lower,114,11.4,0.035361251555766873,0.033451393631874368,0.17148503247833569,0.037593994169477285,0.0364811143471344,0.12083176376929844
5,potential_energy_absolute_error,thermodynamics,lower,115,11.5,0.035297116968539474,0.033393237005151365,0.17168107988867845,0.037574021324251743,0.036454263239812816,0.12127393173555391
5,potential_energy_absolute_error,thermodynamics,lower,116,11.600000000000001,0.03523289809343734,0.033335698559751888,0.17187064728619447,0.037553839227434375,0.036427379061536425,0.12171011031788702
5,potential_energy_absolute_error,thermodynamics,lower,117,11.700000000000001,0.035170651613642065,0.033282920558488145,0.17206389682454171,0.037533470102530171,0.036400503347835157,0.12214048456153363
5,potential_energy_absolute_error,thermodynamics,lower,118,11.800000000000001,0.035113757575998786,0.033233176667939027,0.17226096594697937,0.037512964064169728,0.036373661596310614,0.12256523440378315
5,potential_energy_absolute_error,thermodynamics,lower,119,11.9,0.035059318372497102,0.033187121202896665,0.17245857070213252,0.037492345192811145,0.036346883945945783,0.12298450613738275
5,potential_energy_absolute_error,thermodynamics,lower,120,12,0.034998881130035832,0.033137180313529011,0.17264967164535008,0.03747156632562134,0.03632013641567565,0.12339838251661582
5,potential_energy_absolute_error,thermodynamics,lower,121,12.100000000000001,0.034937218521862004,0.033086064259735315,0.17283930596789174,0.037450621302449777,0.036293408546618298,0.12380698518976685
5,potential_energy_absolute_error,thermodynamics,lower,122,12.200000000000001,0.03486688522048513,0.033028253238247464,0.17302256055264834,0.037429443137843514,0.036266644978516886,0.1242103915452003
5,potential_energy_absolute_error,thermodynamics,lower,123,12.300000000000001,0.03479725544180743,0.032969264478498406,0.17318687180118952,0.037408043237875735,0.036239837006972024,0.12460857431150917
5,potential_energy_absolute_error,thermodynamics,lower,124,12.4,0.034734486857917565,0.032915895363273537,0.17334678288459407,0.037386482299327693,0.036213031025974458,0.12500162438064694
5,potential_energy_absolute_error,thermodynamics,lower,125,12.5,0.034678432574882193,0.032868662366992978,0.1735172562459566,0.037364817901532121,0.036186276076702606,0.12538974943556941
5,potential_energy_absolute_error,thermodynamics,lower,126,12.600000000000001,0.03462620196319189,0.032827303150972258,0.17369922689445469,0.037343082854402451,0.036159617561419034,0.12577315798683039
5,potential_energy_absolute_error,thermodynamics,lower,127,12.700000000000001,0.034577500276125571,0.032788947343992902,0.17388116827675959,0.037321306613628605,0.036133076851045588,0.12615196121745978
5,potential_energy_absolute_error,thermodynamics,lower,128,12.800000000000001,0.034529990184668666,0.032751447597217952,0.17406425017023838,0.037299499454027364,0.036106657872500073,0.12652627597490337
5,potential_energy_absolute_error,thermodynamics,lower,129,12.9,0.034487601004846984,0.03272045061905178,0.1742454279666735,0.037277701791630619,0.036080408203868687,0.12689619188181631
5,potential_energy_absolute_error,thermodynamics,lower,130,13,0.034450291131914522,0.032692020844910907,0.17443132673612516,0.037255952478863562,0.036054343685722863,0.12726184676531099
5,potential_energy_absolute_error,thermodynamics,lower,131,13.100000000000001,0.034412875447458011,0.03266010062156656,0.174617492131076,0.037234249600761236,0.036028433433324722,0.12762334024138555
5,potential_energy_absolute_error,thermodynamics,lower,132,13.200000000000001,0.034376793340123613,0.032629001981704604,0.17479302089145332,0.037212602204847317,0.036002680164751846,0.12798068630691636
5,potential_energy_absolute_error,thermodynamics,lower,133,13.300000000000001,0.034350886423542136,0.032608344232750976,0.17496151942307317,0.037191085544837507,0.035977158841954834,0.1283339256536544
5,potential_energy_absolute_error,thermodynamics,lower,134,13.4,0.034324077696006795,0.032584579928850214,0.17511984216930643,0.037169689963876075,0.035951841088871971,0.12868307428436818
5,potential_energy_absolute_error,thermodynamics,lower,135,13.5,0.034293589018979789,0.032556125905216587,0.17526936364055068,0.037148385512432401,0.035926687643067112,0.12902815790922881
5,potential_energy_absolute_error,thermodynamics,lower,136,13.600000000000001,0.034265012509173645,0.032529438558214982,0.17541507318449515,0.037127184240349609,0.035901707870384381,0.12936923816860577
5,potential_energy_absolute_error,thermodynamics,lower,137,13.700000000000001,0.034233505086632768,0.032499473789130637,0.17555361001526101,0.037106062494702052,0.035876874044973764,0.12970635037186604
5,potential_energy_absolute_error,thermodynamics,lower,138,13.800000000000001,0.034205195761424376,0.032471979875806405,0.17569558438556976,0.037085041721272499,0.03585220089882038,0.13003960569080592
5,potential_energy_absolute_error,thermodynamics,lower,139,13.9,0.034179169862260113,0.032446770817134769,0.17583587518564503,0.037064136168329959,0.035827701401829837,0.13036907525551697
5,potential_energy_absolute_error,thermodynamics,lower,140,14,0.034158400724737234,0.032425744101192075,0.17598366633036114,0.037043380915161447,0.035803401706825291,0.13069489376319443
5,potential_energy_absolute_error,thermodynamics,lower,141,14.100000000000001,0.034134904567436772,0.032401560396633902,0.17613105598626363,0.037022753423333603,0.035779275172710449,0.13101713604846446
5,potential_energy_absolute_error,thermodynamics,lower,142,14.200000000000001,0.03411502996316812,0.032381189965978073,0.17626942521411379,0.037002276497557801,0.035755344995198245,0.13133581414118026
5,potential_energy_absolute_error,thermodynamics,lower,143,14.300000000000001,0.034097828983887898,0.032364016595929787,0.17640995929504366,0.036981965675783879,0.035731629411986585,0.13165101795344505
5,potential_energy_absolute_error,thermodynamics,lower,144,14.4,0.034080362017481845,0.032346771173662373,0.17655061678461706,0.03696181565037901,0.035708123451998218,0.13196282072310597
5,potential_energy_absolute_error,thermodynamics,lower,145,14.5,0.034061447967350868,0.032327641565567659,0.17669077179091564,0.036941813114633987,0.035684809783815941,0.13227128935115984
5,potential_energy_absolute_error,thermodynamics,lower,146,14.600000000000001,0.034040148994823181,0.032307100791558574,0.17683100200025317,0.036921938702854457,0.035661674790718287,0.13257649286245499
5,potential_energy_absolute_error,thermodynamics,lower,147,14.700000000000001,0.034013484555029651,0.032282513844222184,0.17696266823338028,0.036902153300488308,0.035638687301286338,0.13287843963368576
5,potential_energy_absolute_error,thermodynamics,lower,148,14.800000000000001,0.03398514711575186,0.032256581394239224,0.17708824509897206,0.036882443799240085,0.035615835234346825,0.13317715453547821
5,potential_energy_absolute_error,thermodynamics,lower,149,14.9,0.033960895872124627,0.032235981203675462,0.17721157813117339,0.03686283609503125,0.035593151650248366,0.13347268757974465
5,potential_energy_absolute_error,thermodynamics,lower,150,15,0.033937981377636699,0.032217040459484377,0.17733155734448039,0.036843337063581949,0.035570644242309948,0.13376508004484289
5,potential_energy_absolute_error,thermodynamics,lower,151,15.100000000000001,0.033917605051415438,0.032198935798346366,0.17745465051028878,0.036823961354892111,0.0355483150473168,0.13405441494858758
5,potential_energy_absolute_error,thermodynamics,lower,152,15.200000000000001,0.033895624091823159,0.032178437527032352,0.17757449641959802,0.036804695978161397,0.035526144800472823,0.13434073127405474
5,potential_energy_absolute_error,thermodynamics,lower,153,15.300000000000001,0.03387086187585614,0.03215678019681318,0.17769459200827487,0.036785520591871811,0.035504122809599234,0.13462408984094507
5,potential_energy_absolute_error,thermodynamics,lower,154,15.4,0.033842911288692323,0.032131714557943433,0.17781353825451621,0.036766412739253768,0.035482224054718355,0.13490454080466954
5,potential_energy_absolute_error,thermodynamics,lower,155,15.5,0.033810169932928257,0.032102420795179019,0.17793138859352933,0.036747340205019408,0.035460418872398744,0.13518213337104928
5,potential_energy_absolute_error,thermodynamics,lower,156,15.600000000000001,0.033777893615416818,0.0320720526812798,0.17805106235729062,0.036728305290983504,0.03543869857630183,0.13545693419788415
5,potential_energy_absolute_error,thermodynamics,lower,157,15.700000000000001,0.033749938372228713,0.032045331864369787,0.17817626624294644,0.036709334801055128,0.035417084775588886,0.13572903185422214
5,potential_energy_absolute_error,thermodynamics,lower,158,15.800000000000001,0.033719322234974515,0.032019026451011137,0.17829674484503996,0.036690410670890052,0.035395578077332061,0.13599844775922734
5,potential_energy_absolute_error,thermodynamics,lower,159,15.9,0.033682129563912297,0.031987310961593421,0.17840934003340592,0.036671490663927928,0.035374142435094715,0.13626518293076303
5,potential_energy_absolute_error,thermodynamics,lower,160,16,0.033644812588683751,0.031953833105467379,0.17851991215034788,0.036652573925957652,0.035352765501784539,0.13652927498838544
5,potential_energy_absolute_error,thermodynamics,lower,161,16.100000000000001,0.033610556813379953,0.031923831617313339,0.17862375676904332,0.036633679409730467,0.035331467775794038,0.13679073139696096
5,potential_energy_absolute_error,thermodynamics,lower,162,16.199999999999999,0.033581489385702011,0.031900210387048912,0.17872323359535788,0.036614838730569796,0.035310287174628939,0.1370495740031239
5,potential_energy_absolute_error,thermodynamics,lower,163,16.300000000000001,0.03355675031996834,0.031881873878210877,0.17882844807906775,0.036596077451977148,0.035289253964221473,0.13730588611401928
5,potential_energy_absolute_error,thermodynamics,lower,164,16.400000000000002,0.033535333412166066,0.031866238433322931,0.17893815300426116,0.036577414378563669,0.03526838191830136,0.1375597413999354
5,potential_energy_absolute_error,thermodynamics,lower,165,16.5,0.033509799424796996,0.031846010494477661,0.17904074628648706,0.036558822772783259,0.035247640273308491,0.13781114142955084
5,potential_energy_absolute_error,thermodynamics,lower,166,16.600000000000001,0.033479216214666117,0.031819564709173395,0.17913363914154545,0.036540270926047627,0.035226989215693214,0.13806007213865926
5,potential_energy_absolute_error,thermodynamics,lower,167,16.699999999999999,0.033442549795865369,0.031785803727193258,0.17922190391226026,0.036521721697723178,0.035206383314564479,0.13830655017323171
5,potential_energy_absolute_error,thermodynamics,lower,168,16.800000000000001,0.033407395611514387,0.031753182198239374,0.17930877085386399,0.036503184042448115,0.035185828546014916,0.13855061101061641
5,potential_energy_absolute_error,thermodynamics,lower,169,16.900000000000002,0.033374679318692334,0.031722538475563861,0.17939958485680885,0.036484672180177376,0.035165335705361365,0.13879232091503177
5,potential_energy_absolute_error,thermodynamics,lower,170,17,0.033344406803588023,0.031694827136411093,0.17949217101882795,0.036466200030903319,0.03514492094907342,0.13903173179799527
5,potential_energy_absolute_error,thermodynamics,lower,171,17.100000000000001,0.033315523046844042,0.031668699619686748,0.17958837896014759,0.036447775019300639,0.035124592169369404,0.13926890517321253
5,potential_energy_absolute_error,thermodynamics,lower,172,17.199999999999999,0.033294831222487761,0.031650681224289774,0.17969158895546078,0.036429443950714506,0.035104395012711967,0.13950392077659771
5,potential_energy_absolute_error,thermodynamics,lower,173,17.300000000000001,0.033282407903768678,0.031640856108587558,0.17979555996243871,0.036411252990905578,0.035084374556618766,0.13973682042507077
5,potential_energy_absolute_error,thermodynamics,lower,174,17.400000000000002,0.033272736966988556,0.031634877488634208,0.1798967417617823,0.036393215542492259,0.035064549860825737,0.13996762457068404
5,potential_energy_absolute_error,thermodynamics,lower,175,17.5,0.033261451268563488,0.031630270589547663,0.18000026059970561,0.036375319746641238,0.035044925407847018,0.14019638249084987
5,potential_energy_absolute_error,thermodynamics,lower,176,17.600000000000001,0.033247861680526694,0.031625878648296232,0.18010509373326766,0.036357550098538319,0.035025499005804109,0.140423136532
5,potential_energy_absolute_error,thermodynamics,lower,177,17.699999999999999,0.033236440029255361,0.031621382133371484,0.18020667053285977,0.036339916708316385,0.035006266707089798,0.14064790226081839
5,potential_energy_absolute_error,thermodynamics,lower,178,17.800000000000001,0.033223066418402891,0.031616243031741917,0.18030354192276399,0.036322406313429222,0.034987221630262008,0.14087068675330128
5,potential_energy_absolute_error,thermodynamics,lower,179,17.900000000000002,0.033216395133182433,0.031616084125017999,0.18040049199724009,0.036305054295662484,0.034968388459841647,0.14109152365410538
5,potential_energy_absolute_error,thermodynamics,lower,180,18,0.033206596411564412,0.031612593655831411,0.18048954085111979,0.036287840640750836,0.034949745155374926,0.14131040152742214
5,potential_energy_absolute_error,thermodynamics,lower,181,18.100000000000001,0.033197064289115362,0.031609905532857453,0.18057824468521724,0.03627076452831085,0.034931293002764333,0.14152735093713373
5,potential_energy_absolute_error,thermodynamics,lower,182,18.199999999999999,0.033187673185660523,0.031610335759325793,0.18067082631417056,0.036253824465988606,0.034913045984943249,0.14174242497766687
5,potential_energy_absolute_error,thermodynamics,lower,183,18.300000000000001,0.033181142805978545,0.031612142283365133,0.18076102924870696,0.036237033855824607,0.034895008259798008,0.1419556413944485
5,potential_energy_absolute_error,thermodynamics,lower,184,18.400000000000002,0.033174409502889635,0.03161329876462924,0.18084774360787792,0.036220389158254304,0.034877172882106872,0.14216701151517366
5,potential_energy_absolute_error,thermodynamics,lower,185,18.5,0.03316312938382103,0.0316098281816211,0.18092749779085104,0.036203863429743861,0.034859511559401542,0.14237652765720435
5,potential_energy_absolute_error,thermodynamics,lower,186,18.600000000000001,0.033146996899244233,0.031601710610652235,0.18100293151987934,0.03618742866345085,0.034841996500537299,0.14258419649517573
5,potential_energy_absolute_error,thermodynamics,lower,187,18.699999999999999,0.033131745900875385,0.031594839221491242,0.18108240928014227,0.036171088113918358,0.034824632023109245,0.14279006929081728
5,potential_energy_absolute_error,thermodynamics,lower,188,18.800000000000001,0.033127105686310686,0.031597307561424051,0.18117080752925396,0.036154896718026831,0.0348074654036322,0.14299422215378768
5,potential_energy_absolute_error,thermodynamics,lower,189,18.900000000000002,0.033128504629697512,0.031605305212641023,0.18126038244717743,0.036138884061474828,0.034790522757119011,0.14319668861036647
5,potential_energy_absolute_error,thermodynamics,lower,190,19,0.033133292183637142,0.031616680899942476,0.18134908877156022,0.036123065156854629,0.034773818326291762,0.143397490716478
5,potential_energy_absolute_error,thermodynamics,lower,191,19.100000000000001,0.033142490115208589,0.031632985955893193,0.18144031432373739,0.036107460051924542,0.034757374177755651,0.14359666780342698
5,potential_energy_absolute_error,thermodynamics,lower,192,19.200000000000003,0.033153906949780779,0.031651467238226066,0.18153193715343571,0.036092076962850876,0.034741197579112267,0.14379424733129162
5,potential_energy_absolute_error,thermodynamics,lower,193,19.300000000000001,0.033161838779021076,0.031665722637887882,0.18161837393106248,0.03607689438158751,0.034725262475789866,0.14399022726186037
5,potential_energy_absolute_error,thermodynamics,lower,194,19.400000000000002,0.033163525186745521,0.031673374399832185,0.18169748694928364,0.03606187701460379,0.034709531093955026,0.14418459457983679
5,potential_energy_absolute_error,thermodynamics,lower,195,19.5,0.033161832210005057,0.031677931435969385,0.18177184525837328,0.036047004989964819,0.034693984429042278,0.14437734971152158
5,potential_energy_absolute_error,thermodynamics,lower,196,19.600000000000001,0.033158830870765515,0.031680647807049739,0.18184199511311597,0.036032269407724013,0.034678610262603542,0.14456849586152973
5,potential_energy_absolute_error,thermodynamics,lower,197,19.700000000000003,0.033154005192347083,0.031681165934255115,0.18190848534839535,0.036017658929473367,0.034663394809160156,0.1447580389553717
5,potential_energy_absolute_error,thermodynamics,lower,198,19.800000000000001,0.033148809675010625,0.03168187040773407,0.18197381817953104,0.036003169791824566,0.034648336605112545,0.14494599743630179
5,potential_energy_absolute_error,thermodynamics,lower,199,19.900000000000002,0.033141825405509362,0.031681572969345234,0.18203568894779287,0.035988791176817955,0.034633428245133817,0.14513237779565599
5,potential_energy_absolute_error,thermodynamics,lower,200,20,0.033139091738398713,0.031684756006288006,0.1820998989600989,0.035974542679625854,0.034618684883939585,0.14531721540147824
6,gradient_energy_absolute_error,thermodynamics,lower,1,0.10000000000000001,0.19549945873344729,0.18798169497615377,0.066484959893950799,0.19549945873344729,0.18798169497615377,0.066484959893950799
6,gradient_energy_absolute_error,thermodynamics,lower,2,0.20000000000000001,0.15601703253411764,0.14853165339543414,0.10654109147509437,0.17575824563378248,0.16825667418579393,0.086513025684522585
6,gradient_energy_absolute_error,thermodynamics,lower,3,0.30000000000000004,0.12958485251844593,0.12213083092406271,0.13357129694387257,0.16036711459533695,0.1528813930985502,0.10219911610430589
6,gradient_energy_absolute_error,thermodynamics,lower,4,0.40000000000000002,0.11066111553607456,0.10323752520706779,0.15311807275940215,0.14794061483052134,0.14047042612567964,0.11492885526807996
6,gradient_energy_absolute_error,thermodynamics,lower,5,0.5,0.096560398760002109,0.08916680884275105,0.1678672744102829,0.13766457161641749,0.1302097026690939,0.12551653909652052
6,gradient_energy_absolute_error,thermodynamics,lower,6,0.60000000000000009,0.085776509931844172,0.078412860727242462,0.1793253057658378,0.12901656133565531,0.12157689567878531,0.13448466687474006
6,gradient_energy_absolute_error,thermodynamics,lower,7,0.70000000000000007,0.077326459098820646,0.069992958366660002,0.18847538069580069,0.12163226101610747,0.11420776177705314,0.14219762599203445
6,gradient_energy_absolute_error,thermodynamics,lower,8,0.80000000000000004,0.070577552868639842,0.063275232249019889,0.1959501155590356,0.115250422497674,0.10784119558604899,0.1489166871879096
6,gradient_energy_absolute_error,thermodynamics,lower,9,0.90000000000000002,0.065098808041779671,0.057829116567906826,0.20218032697837796,0.10967802089146354,0.10228429791736653,0.15483486938685051
6,gradient_energy_absolute_error,thermodynamics,lower,10,1,0.060561510256088455,0.053326542675444864,0.2074944601086989,0.10476636982792602,0.097388522393174359,0.16010082845903537
6,gradient_energy_absolute_error,thermodynamics,lower,11,1.1000000000000001,0.056737236220870124,0.049539841723732367,0.21212043494365709,0.10040008495455732,0.093038642332315985,0.164829883594001
6,gradient_energy_absolute_error,thermodynamics,lower,12,1.2000000000000002,0.053537540495573889,0.046381564762050548,0.21614591456372081,0.096494872916308705,0.089150552534793856,0.16910621950814431
6,gradient_energy_absolute_error,thermodynamics,lower,13,1.3,0.050798716533766233,0.043691732163277798,0.21973401376652771,0.092979783963805435,0.085653720198523395,0.17300066522032764
6,gradient_energy_absolute_error,thermodynamics,lower,14,1.4000000000000001,0.048426734018760333,0.041378087629587335,0.2229792415078922,0.089797423253445058,0.082491175015027965,0.17657056352658226
6,gradient_energy_absolute_error,thermodynamics,lower,15,1.5,0.046364667640531987,0.039384308713918216,0.22593729839060431,0.086901906212584187,0.079617383928287322,0.17986167918418375
6,gradient_energy_absolute_error,thermodynamics,lower,16,1.6000000000000001,0.044584000858616621,0.037681507541553236,0.22863640609407029,0.084257037127961218,0.076996391654116439,0.18291009961605165
6,gradient_energy_absolute_error,thermodynamics,lower,17,1.7000000000000002,0.043036556833912075,0.036228475582440557,0.2311223059396478,0.081832302993017164,0.074598278944017854,0.18574611175273378
6,gradient_energy_absolute_error,thermodynamics,lower,18,1.8,0.041704379023049389,0.035008944421035387,0.23341705447319328,0.079602973883574485,0.07239887147051885,0.18839449745942596
6,gradient_energy_absolute_error,thermodynamics,lower,19,1.9000000000000001,0.040531270736938199,0.033964545293934355,0.23557262048927774,0.077546568454804163,0.070376012198067009,0.19087755656626026
6,gradient_energy_absolute_error,thermodynamics,lower,20,2,0.039490200398570506,0.033065421204524471,0.23761239880496152,0.075643750051992489,0.068510482648389881,0.19321429867819528
6,gradient_energy_absolute_error,thermodynamics,lower,21,2.1000000000000001,0.038571542453743023,0.032305152665122988,0.23955177344707368,0.073878406833028237,0.066786419315853357,0.19542084509576094
6,gradient_energy_absolute_error,thermodynamics,lower,22,2.2000000000000002,0.037759732270051583,0.031670306051142315,0.24140049060265623,0.072236648898347466,0.065190232349275595,0.19751082898243802
6,gradient_energy_absolute_error,thermodynamics,lower,23,2.3000000000000003,0.037028916076185261,0.031119595813820723,0.24317820219301267,0.070705877906079545,0.063708900325994938,0.19949636694811515
6,gradient_energy_absolute_error,thermodynamics,lower,24,2.4000000000000004,0.036372197160907276,0.030642511996604012,0.2448981678540553,0.069275307875030695,0.062331134145603651,0.20138810865252935
6,gradient_energy_absolute_error,thermodynamics,lower,25,2.5,0.035772559926254908,0.030230917825554111,0.24657368357531131,0.067935197957079668,0.061047125492801668,0.20319553164944062
6,gradient_energy_absolute_error,thermodynamics,lower,26,2.6000000000000001,0.035223177981693235,0.029864879580087635,0.24820084807292644,0.06667704334264174,0.059847808342312667,0.20492650535803625
6,gradient_energy_absolute_error,thermodynamics,lower,27,2.7000000000000002,0.034714831384178434,0.029539941508601193,0.24978800821666844,0.065493257714550487,0.058725294755878933,0.20658804250094853
6,gradient_energy_absolute_error,thermodynamics,lower,28,2.8000000000000003,0.034247494203305522,0.029257521522502765,0.2513385395079778,0.064377337589148875,0.057672874283258332,0.20818627453691388
6,gradient_energy_absolute_error,thermodynamics,lower,29,2.9000000000000004,0.033854930374052641,0.029039737073992804,0.2528263723494647,0.06332484078862835,0.056685524724318148,0.20972558825458806
6,gradient_energy_absolute_error,thermodynamics,lower,30,3,0.033516348713734753,0.028863731432170792,0.25425970181192453,0.062331224386131881,0.055758131614579896,0.21121005870649925
6,gradient_energy_absolute_error,thermodynamics,lower,31,3.1000000000000001,0.033184651396489032,0.028689536780405894,0.25569236833483217,0.061391012354207922,0.054884951136058166,0.21264497192031642
6,gradient_energy_absolute_error,thermodynamics,lower,32,3.2000000000000002,0.032874461052914146,0.028532962001981143,0.25710445014627792,0.060499870126042486,0.05406145147561825,0.21403433061487775
6,gradient_energy_absolute_error,thermodynamics,lower,33,3.3000000000000003,0.032597382983293628,0.028406257231778576,0.25847953243238631,0.059654340212625855,0.053284021347017055,0.215381154912378
6,gradient_energy_absolute_error,thermodynamics,lower,34,3.4000000000000004,0.032334397577014264,0.028284067412609127,0.25982570018310086,0.058850812488049034,0.052548728584240346,0.2166883474203404
6,gradient_energy_absolute_error,thermodynamics,lower,35,3.5,0.032080462914999622,0.028172560601900674,0.26113224453922401,0.058085945357390492,0.05185226664188778,0.21795817305230855
6,gradient_energy_absolute_error,thermodynamics,lower,36,3.6000000000000001,0.031838744721706481,0.028059470166663665,0.26241151335809049,0.057356856450843707,0.051191355628687131,0.21919298806080245
6,gradient_energy_absolute_error,thermodynamics,lower,37,3.7000000000000002,0.031621865243738397,0.027958892800601105,0.26366047870718368,0.056661316147948969,0.050563451227928033,0.22039481213232628
6,gradient_energy_absolute_error,thermodynamics,lower,38,3.8000000000000003,0.03140549358483595,0.027860689263776432,0.26489149528160422,0.05599668923839337,0.049966010123608254,0.22156577747835993
6,gradient_energy_absolute_error,thermodynamics,lower,39,3.9000000000000004,0.031188316868955384,0.02775954501516047,0.26609726627210684,0.055360577126356503,0.049396613582366009,0.22270761052435342
6,gradient_energy_absolute_error,thermodynamics,lower,40,4,0.03097241954187438,0.027653671737178819,0.26728949058760326,0.054750873186744445,0.048853040036236327,0.22382215752593468
6,gradient_energy_absolute_error,thermodynamics,lower,41,4.1000000000000005,0.03074540574735889,0.027532448317669517,0.26847702623164998,0.054165373980905776,0.048333025604076159,0.22491130066509846
6,gradient_energy_absolute_error,thermodynamics,lower,42,4.2000000000000002,0.030519171937972628,0.027403377898023364,0.26964460823330022,0.053602369170359744,0.047834700658693954,0.2259763794167223
6,gradient_energy_absolute_error,thermodynamics,lower,43,4.2999999999999998,0.030296918550560166,0.027277919439180155,0.27078456008238766,0.053060381946643476,0.047356635979170371,0.22701843012987732
6,gradient_energy_absolute_error,thermodynamics,lower,44,4.4000000000000004,0.03008888051118715,0.027161444546650343,0.27188852740776803,0.052538302368564917,0.046897654355704012,0.2280382050680112
6,gradient_energy_absolute_error,thermodynamics,lower,45,4.5,0.029892743701085567,0.027053060004712769,0.27295481705748786,0.052035067731509822,0.046456663370126425,0.22903635200111072
6,gradient_energy_absolute_error,thermodynamics,lower,46,4.6000000000000005,0.029706344699068458,0.026949852666645506,0.27397456134908738,0.051549660709065449,0.046032602267876838,0.23001326959563193
6,gradient_energy_absolute_error,thermodynamics,lower,47,4.7000000000000002,0.029513892558003831,0.026838205833758767,0.27497889228072042,0.051080814578191802,0.045624210854384971,0.23096998497191043
6,gradient_energy_absolute_error,thermodynamics,lower,48,4.8000000000000007,0.029326080136268716,0.026728248997388786,0.27596432135361071,0.050627590943985057,0.045230544982364215,0.2319073669798625
6,gradient_energy_absolute_error,thermodynamics,lower,49,4.9000000000000004,0.029144341150369801,0.026616259657391894,0.27692029168808735,0.050189157274727614,0.044850661608385189,0.23282599809635687
6,gradient_energy_absolute_error,thermodynamics,lower,50,5,0.028958451828609559,0.026497180113015013,0.27785343134711948,0.049764543165805239,0.044483591978477781,0.23372654676137214
6,gradient_energy_absolute_error,thermodynamics,lower,51,5.1000000000000005,0.028773033114514422,0.026374257609666951,0.27875607368716582,0.049352944929505427,0.044128506990854036,0.23460947866187787
6,gradient_energy_absolute_error,thermodynamics,lower,52,5.2000000000000002,0.028592948269066637,0.026253617190534817,0.27963415063800562,0.048953714224496979,0.043784759110078675,0.23547533773834187
6,gradient_energy_absolute_error,thermodynamics,lower,53,5.3000000000000007,0.02842254669237973,0.026137301552031728,0.28048924020419647,0.048566333705023078,0.043451788212757032,0.23632465665279198
6,gradient_energy_absolute_error,thermodynamics,lower,54,5.4000000000000004,0.028260716586640609,0.026024131144242745,0.28132397421863159,0.048190303758386364,0.04312905382259935,0.23715797734845567
6,gradient_energy_absolute_error,thermodynamics,lower,55,5.5,0.028099883542299742,0.025907457248429522,0.2821302919665522,0.047825023390821148,0.042815933884887185,0.23797565579605739
6,gradient_energy_absolute_error,thermodynamics,lower,56,5.6000000000000005,0.027923866629789247,0.025770858889373621,0.28291762269786624,0.047469645591517007,0.042511557545681575,0.23877819091930397
6,gradient_energy_absolute_error,thermodynamics,lower,57,5.7000000000000002,0.02774965221698817,0.025633625743607568,0.28368019390631921,0.04712368079547264,0.04221545347897853,0.2395659453576727
6,gradient_energy_absolute_error,thermodynamics,lower,58,5.8000000000000007,0.027583831092548035,0.025506936958299697,0.28441594815753918,0.0467867868350774,0.041927375607932346,0.24033922126801521
6,gradient_energy_absolute_error,thermodynamics,lower,59,5.9000000000000004,0.027415147497788617,0.025372071951291392,0.28515022757397707,0.046458453964953864,0.041646777240870632,0.24109872984947223
6,gradient_energy_absolute_error,thermodynamics,lower,60,6,0.027251634630445481,0.025237742825175026,0.2858571722528645,0.046138340309378717,0.041373293333942372,0.24184470388952875
6,gradient_energy_absolute_error,thermodynamics,lower,61,6.1000000000000005,0.027077595497552585,0.025097108561229119,0.28654320676460004,0.045825869082955342,0.041106470632750344,0.24257746623174303
6,gradient_energy_absolute_error,thermodynamics,lower,62,6.2000000000000002,0.026898792572858699,0.024952340956323989,0.28720560623731656,0.045520593655373129,0.040845920154098311,0.24329727494151032
6,gradient_energy_absolute_error,thermodynamics,lower,63,6.3000000000000007,0.026715466928983717,0.024798589635178066,0.28785060482300012,0.045222099580351074,0.040591200622051959,0.24400447065391492
6,gradient_energy_absolute_error,thermodynamics,lower,64,6.4000000000000004,0.026527708024627013,0.024634293274049611,0.28848592408071444,0.044929999712292897,0.040341873944739426,0.24469949336370866
6,gradient_energy_absolute_error,thermodynamics,lower,65,6.5,0.026359512583541893,0.024479557791844419,0.28909633562298204,0.044644299910312109,0.040097838311617964,0.24538252170615901
6,gradient_energy_absolute_error,thermodynamics,lower,66,6.6000000000000005,0.026211969753049257,0.024342825602672973,0.28966907225489141,0.044365022180656612,0.039859125997846065,0.24605353004780647
6,gradient_energy_absolute_error,thermodynamics,lower,67,6.7000000000000002,0.026048134378859295,0.024182678607661302,0.29024322717677653,0.044091635795555154,0.039625149171126889,0.24671307776614934
6,gradient_energy_absolute_error,thermodynamics,lower,68,6.8000000000000007,0.025869646529958535,0.024006394281791264,0.29082344080989375,0.043823665365178732,0.039395461599224899,0.24736175957561612
6,gradient_energy_absolute_error,thermodynamics,lower,69,6.9000000000000004,0.025687231459171039,0.023828757057822853,0.29139686344119287,0.043560818496975726,0.039169857185581393,0.24799994948671145
6,gradient_energy_absolute_error,thermodynamics,lower,70,7,0.025513807561673253,0.023666953303034224,0.29194160755555437,0.043303004055042837,0.038948387130116432,0.24862768745912348
6,gradient_energy_absolute_error,thermodynamics,lower,71,7.1000000000000005,0.025340858591472965,0.023512456846203043,0.29246080316997553,0.043050016090767203,0.038730979661328914,0.24924505528603694
6,gradient_energy_absolute_error,thermodynamics,lower,72,7.2000000000000002,0.025158320328282989,0.023346297508661039,0.29297471554866317,0.042801520316288262,0.038517303520319637,0.24985241167857342
6,gradient_energy_absolute_error,thermodynamics,lower,73,7.3000000000000007,0.024976849118650935,0.023175086511413711,0.29348147967775801,0.042557346738238425,0.038307136164033258,0.2504500701443157
6,gradient_energy_absolute_error,thermodynamics,lower,74,7.4000000000000004,0.024808648259137017,0.023014915433059523,0.29396686803386696,0.04231749946149381,0.038100484532533611,0.25103813498066097
6,gradient_energy_absolute_error,thermodynamics,lower,75,7.5,0.02464984346491662,0.022864836440722375,0.29443611014334287,0.042081930714872796,0.037897342557976131,0.25161677464949672
6,gradient_energy_absolute_error,thermodynamics,lower,76,7.6000000000000005,0.024491019337508291,0.022712709842845603,0.29489832553034129,0.0418504713546443,0.037697544759092837,0.25218626874003414
6,gradient_energy_absolute_error,thermodynamics,lower,77,7.7000000000000002,0.024338823409136331,0.022569730222772821,0.29534202960315231,0.041623047355351994,0.037501079635244516,0.25274673316682789
6,gradient_energy_absolute_error,thermodynamics,lower,78,7.8000000000000007,0.024189340978630229,0.022430775558794115,0.29577219608125677,0.041399538299240174,0.03730787060862336,0.25329834166573079
6,gradient_energy_absolute_error,thermodynamics,lower,79,7.9000000000000004,0.024042192138899108,0.022295170006724527,0.29618737315320659,0.041179825056704214,0.037117836423789199,0.25384124079848369
6,gradient_energy_absolute_error,thermodynamics,lower,80,8,0.023902276406282896,0.022163500600260632,0.29659365072733335,0.040963855698573949,0.03693090722599509,0.25437564592259432
6,gradient_energy_absolute_error,thermodynamics,lower,81,8.0999999999999996,0.023777750308138668,0.02204443039089338,0.29698542106203157,0.040751681557951287,0.036747123561364212,0.25490169252925404
6,gradient_energy_absolute_error,thermodynamics,lower,82,8.2000000000000011,0.023662083111562034,0.021938443323755521,0.29736163543040972,0.040543271820800204,0.036566529899929957,0.25541949671097541
6,gradient_energy_absolute_error,thermodynamics,lower,83,8.3000000000000007,0.023557878107273156,0.021841115699391078,0.29772132998194456,0.040338628523046864,0.036389115271007799,0.25592915735279431
6,gradient_energy_absolute_error,thermodynamics,lower,84,8.4000000000000004,0.023450478878726901,0.021736318474941924,0.2980811995737066,0.040137579122519237,0.036214677213911771,0.25643096737923371
6,gradient_energy_absolute_error,thermodynamics,lower,85,8.5,0.023341274568757838,0.02163552582757329,0.29842186492288197,0.039939975539533823,0.036043157785837207,0.25692497793857083
6,gradient_energy_absolute_error,thermodynamics,lower,86,8.5999999999999996,0.023234033732430506,0.021535155351463171,0.29874763167158003,0.039745720402241912,0.035874460083111924,0.25741128786569883
6,gradient_energy_absolute_error,thermodynamics,lower,87,8.7000000000000011,0.023124523848461413,0.021429442525030897,0.29905989156223317,0.039554672165991567,0.035708425398536289,0.25789000744841761
6,gradient_energy_absolute_error,thermodynamics,lower,88,8.8000000000000007,0.023012266667260205,0.021324351349880536,0.29935860824126043,0.039366690285324163,0.035544970011619742,0.25836124154833628
6,gradient_energy_absolute_error,thermodynamics,lower,89,8.9000000000000004,0.022897877090248958,0.021220802767159284,0.29964704294405253,0.039181647440435674,0.035384024312243786,0.25882512695727694
6,gradient_energy_absolute_error,thermodynamics,lower,90,9,0.022783535560967242,0.021118784395388529,0.29992345791245006,0.038999446197330472,0.035225521646500946,0.25928177507900108
6,gradient_energy_absolute_error,thermodynamics,lower,91,9.0999999999999996,0.022668716912429505,0.021017336834521023,0.30019009107142941,0.038819987633760135,0.035069387747468192,0.2597313170129838
6,gradient_energy_absolute_error,thermodynamics,lower,92,9.2000000000000011,0.02255404891524098,0.020916154404138781,0.30044499984809442,0.038643183952037106,0.034915548254605924,0.26017385704380019
6,gradient_energy_absolute_error,thermodynamics,lower,93,9.3000000000000007,0.022441775941189297,0.020814710293212219,0.30069477646930243,0.038468975263748414,0.034763926341042549,0.26060956585482709
6,gradient_energy_absolute_error,thermodynamics,lower,94,9.4000000000000004,0.022340444519219606,0.02072148553773949,0.30094194908929522,0.038297395149444913,0.034614538672922315,0.26103863376157677
6,gradient_energy_absolute_error,thermodynamics,lower,95,9.5,0.022250988004491847,0.020638267837877818,0.30117569589242493,0.038128485600550668,0.034467420032553417,0.26146112915242775
6,gradient_energy_absolute_error,thermodynamics,lower,96,9.6000000000000014,0.022161660842599303,0.02055590259659603,0.30140197795020418,0.037962164509322008,0.034322508392595527,0.26187717966073792
6,gradient_energy_absolute_error,thermodynamics,lower,97,9.7000000000000011,0.022074956529927869,0.020475677704143949,0.30162499229131751,0.037798378860049907,0.034179757560755822,0.26228695092497073
6,gradient_energy_absolute_error,thermodynamics,lower,98,9.8000000000000007,0.021993237387433848,0.02040241219349723,0.30183741694528016,0.037637101906247708,0.034039172403947056,0.26269052710885138
6,gradient_energy_absolute_error,thermodynamics,lower,99,9.9000000000000004,0.021908017998020675,0.020327878095866489,0.30204654590876062,0.03747822227081106,0.033900674481643217,0.26308806265228485
6,gradient_energy_absolute_error,thermodynamics,lower,100,10,0.021822901502676979,0.020255165233918748,0.30225308905405751,0.037321669063129732,0.033764219389165975,0.26347971291630262
6,gradient_energy_absolute_error,thermodynamics,lower,101,10.100000000000001,0.021740492226470461,0.02018637927355061,0.30245269092139132,0.037167399985539036,0.033629785328615318,0.2638655839856599
6,gradient_energy_absolute_error,thermodynamics,lower,102,10.200000000000001,0.021667427103569028,0.020122548048608743,0.30264545211645971,0.037015439467088351,0.033497361433713291,0.26424577877125593
6,gradient_energy_absolute_error,thermodynamics,lower,103,10.300000000000001,0.021606091887723441,0.020069946019125925,0.302828128652887,0.036865834150783837,0.033366998177260986,0.26462036469243683
6,gradient_energy_absolute_error,thermodynamics,lower,104,10.4,0.021553952511655577,0.020027291151370849,0.30300063416378176,0.036718604519638376,0.033238731763550508,0.26498940574504598
6,gradient_energy_absolute_error,thermodynamics,lower,105,10.5,0.021506517490898495,0.019989752512941151,0.30317050096111881,0.036573727500317052,0.033112551008782798,0.26535303522329429
6,gradient_energy_absolute_error,thermodynamics,lower,106,10.600000000000001,0.021462853650445833,0.019957098166253386,0.30333061983558302,0.036431172086639013,0.032988442963098566,0.26571131432341016
6,gradient_energy_absolute_error,thermodynamics,lower,107,10.700000000000001,0.021421614197076586,0.019924029275803345,0.30348045195159795,0.036290895844680482,0.032866345638918236,0.26606429691806616
6,gradient_energy_absolute_error,thermodynamics,lower,108,10.800000000000001,0.021376821074698592,0.019885644757977217,0.30362807467650849,0.036152802559773246,0.032746153964094707,0.26641210967508883
6,gradient_energy_absolute_error,thermodynamics,lower,109,10.9,0.021334440688296222,0.019849089884568568,0.30377089681329422,0.036016854285722995,0.032627832275291709,0.26675485084149436
6,gradient_energy_absolute_error,thermodynamics,lower,110,11,0.021299515695924202,0.019819625317817037,0.30390713070275283,0.035883060298543011,0.03251139403022376,0.26709259884023301
6,gradient_energy_absolute_error,thermodynamics,lower,111,11.100000000000001,0.021264549448113922,0.019790962271437111,0.30404105687558808,0.035751362002593198,0.032396795545910365,0.26742546783154258
6,gradient_energy_absolute_error,thermodynamics,lower,112,11.200000000000001,0.021227103916742523,0.01975904321372501,0.30417325306820947,0.035621681126826676,0.032283958471515856,0.26775357305686992
6,gradient_energy_absolute_error,thermodynamics,lower,113,11.300000000000001,0.021188960456320766,0.019726754835064808,0.30430472871721154,0.035493957935052292,0.032172832775618054,0.26807703461138621
6,gradient_energy_absolute_error,thermodynamics,lower,114,11.4,0.021150094675382251,0.019693702450809571,0.30443843659978254,0.035368134573125355,0.032063366720137279,0.26839599427795108
6,gradient_energy_absolute_error,thermodynamics,lower,115,11.5,0.021111872580547718,0.019660720624591607,0.30456748558165919,0.035244167077537719,0.031955517623654284,0.26871052898493991
6,gradient_energy_absolute_error,thermodynamics,lower,116,11.600000000000001,0.021071437149436278,0.019626037995685412,0.30469709959998315,0.035121988371260987,0.031849229006171785,0.26902075804196612
6,gradient_energy_absolute_error,thermodynamics,lower,117,11.700000000000001,0.021028689731943877,0.019590155352957384,0.30483044043447693,0.035001532827335195,0.031744450598879356,0.26932682370344058
6,gradient_energy_absolute_error,thermodynamics,lower,118,11.800000000000001,0.020988671191414465,0.01955799502167848,0.30496221708683585,0.034882779762624008,0.031641175551614942,0.26962881856262189
6,gradient_energy_absolute_error,thermodynamics,lower,119,11.9,0.020952122857657931,0.019528727315041263,0.30509280891904078,0.034765715418884791,0.031539390272316004,0.26992683528830602
6,gradient_energy_absolute_error,thermodynamics,lower,120,12,0.020917371345681331,0.019499984090746554,0.30522171270846005,0.034650312551608095,0.031439061887469588,0.27022095926680734
6,gradient_energy_absolute_error,thermodynamics,lower,121,12.100000000000001,0.02088373343208438,0.019469981088159262,0.30535025992767884,0.034536539170455009,0.031340143864334799,0.27051128406565755
6,gradient_energy_absolute_error,thermodynamics,lower,122,12.200000000000001,0.020853219668476398,0.019444002516617355,0.30547075733080303,0.034424380813881418,0.031242634509025639,0.27079783712520789
6,gradient_energy_absolute_error,thermodynamics,lower,123,12.300000000000001,0.020828477196126894,0.019424943547369258,0.30558489304471709,0.034313845012111058,0.031146555720719487,0.27108065871804943
6,gradient_energy_absolute_error,thermodynamics,lower,124,12.4,0.020801261762821967,0.01940446353224435,0.30570504779696156,0.034204872566552268,0.031051861428876941,0.27135988766223423
6,gradient_energy_absolute_error,thermodynamics,lower,125,12.5,0.020772559578366372,0.019382764375224085,0.30583054404190074,0.034097414062646783,0.03095850865244772,0.27163565291327157
6,gradient_energy_absolute_error,thermodynamics,lower,126,12.600000000000001,0.020746106424489177,0.01936354725254813,0.30595792422776302,0.033991451303613786,0.030866485149273908,0.27190805189195805
6,gradient_energy_absolute_error,thermodynamics,lower,127,12.700000000000001,0.020719668538844705,0.019344098442205075,0.30608317993335687,0.033886949077119546,0.030775757694887544,0.27217714738834697
6,gradient_energy_absolute_error,thermodynamics,lower,128,12.800000000000001,0.020692203264403238,0.019322612119741577,0.30620756981275771,0.033783865125457696,0.030686279995081715,0.27244301006353766
6,gradient_energy_absolute_error,thermodynamics,lower,129,12.9,0.020665929401748551,0.019301231955705996,0.30632937482816269,0.033682175701242892,0.030598023808729967,0.27270569506171305
6,gradient_energy_absolute_error,thermodynamics,lower,130,13,0.02063961203939178,0.019276870159498648,0.30645193362250228,0.033581848288459434,0.03051093801142819,0.27296528151218064
6,gradient_energy_absolute_error,thermodynamics,lower,131,13.100000000000001,0.020610719522485346,0.019250751554269592,0.30656971829130436,0.033482832038337497,0.030424982389617817,0.27322180393034196
6,gradient_energy_absolute_error,thermodynamics,lower,132,13.200000000000001,0.020587015298760735,0.01922983202788419,0.30667978601782303,0.033385136456977056,0.030340170644453168,0.27347527349161077
6,gradient_energy_absolute_error,thermodynamics,lower,133,13.300000000000001,0.020565642189851595,0.019210272574095098,0.30678371329487331,0.033288749282036269,0.030256487200315135,0.27372571288862774
6,gradient_energy_absolute_error,thermodynamics,lower,134,13.4,0.020548303894382131,0.019193840672320255,0.30688221993191545,0.033193671331382124,0.030173930136673383,0.27397314950835377
6,gradient_energy_absolute_error,thermodynamics,lower,135,13.5,0.02053266176843498,0.019177875415161964,0.30697765672537303,0.033099886075360296,0.030092477879477008,0.27421762733959093
6,gradient_energy_absolute_error,thermodynamics,lower,136,13.600000000000001,0.0205177205815525,0.019162879584276853,0.30707145421964682,0.033007370152611716,0.030012113186129941,0.27445919959606196
6,gradient_energy_absolute_error,thermodynamics,lower,137,13.700000000000001,0.02050222693709931,0.019148254088761453,0.30716429123906458,0.032916091734980238,0.029932814944543314,0.27469792289272615
6,gradient_energy_absolute_error,thermodynamics,lower,138,13.800000000000001,0.020485502596131532,0.019132383779723965,0.30726112721546933,0.03282601500209003,0.029854550950595343,0.27493388814144176
6,gradient_energy_absolute_error,thermodynamics,lower,139,13.9,0.020470491572507143,0.019116681293607024,0.3073584821877437,0.032737126344323242,0.029777300089753701,0.27516715860220653
6,gradient_energy_absolute_error,thermodynamics,lower,140,14,0.020455002163802284,0.019099802854887684,0.30745851575086958,0.032649396885890948,0.029701032252361804,0.27539781115326839
6,gradient_energy_absolute_error,thermodynamics,lower,141,14.100000000000001,0.020445873558963691,0.019088043354768762,0.30755488541805975,0.032562847075061678,0.02962576282755618,0.27562587550975626
6,gradient_energy_absolute_error,thermodynamics,lower,142,14.200000000000001,0.020440787481073586,0.019080828574957347,0.30764939096713523,0.032477480458202604,0.029551502727185763,0.27585139322424479
6,gradient_energy_absolute_error,thermodynamics,lower,143,14.300000000000001,0.020432570367064962,0.019069661279811089,0.30774753293735513,0.032393250317705138,0.029478203136644687,0.27607444315230856
6,gradient_energy_absolute_error,thermodynamics,lower,144,14.4,0.020425974187457459,0.019061227485733252,0.30784490207263909,0.032310144233467307,0.029405863027957797,0.27629507133925529
6,gradient_energy_absolute_error,thermodynamics,lower,145,14.5,0.020413119067042951,0.019047783534785936,0.30794227870758967,0.032228095784043696,0.029334427996970402,0.27651332794179551
6,gradient_energy_absolute_error,thermodynamics,lower,146,14.600000000000001,0.020399852949314769,0.019033537693159595,0.30803481868685129,0.032147080422161987,0.029263873953793616,0.27672922856333698
6,gradient_energy_absolute_error,thermodynamics,lower,147,14.700000000000001,0.020388318045996588,0.019020467809119618,0.30811961929710302,0.032067088841371751,0.029194190918795836,0.27694276863635575
6,gradient_energy_absolute_error,thermodynamics,lower,148,14.800000000000001,0.020373527741707774,0.019003217432247341,0.30820354559032481,0.031988078293401043,0.029125332989832674,0.27715399010226099
6,gradient_energy_absolute_error,thermodynamics,lower,149,14.9,0.020357344026229074,0.018985850008051329,0.30828768622598862,0.031910019674158276,0.029057282768478444,0.27736294108295717
6,gradient_energy_absolute_error,thermodynamics,lower,150,15,0.020341205384275775,0.018969059085893473,0.30837195352196933,0.031832894245559067,0.028990027943927865,0.2775696678325506
6,gradient_energy_absolute_error,thermodynamics,lower,151,15.100000000000001,0.020326011809346529,0.018954754895139984,0.30845617292042105,0.031756689726113951,0.028923569182015368,0.27777421422386095
6,gradient_energy_absolute_error,thermodynamics,lower,152,15.200000000000001,0.020311164339107683,0.018940976782633196,0.30853837038023896,0.03168139021698891,0.028857894232019433,0.27797660998804768
6,gradient_energy_absolute_error,thermodynamics,lower,153,15.300000000000001,0.020296000442195324,0.018926686895920711,0.30862090906295814,0.031606975904735352,0.028792984380149506,0.27817689952448499
6,gradient_energy_absolute_error,thermodynamics,lower,154,15.4,0.020283524130520973,0.018915126994543827,0.30870207505437802,0.031533446997110581,0.028728842449074143,0.27837511495000378
6,gradient_energy_absolute_error,thermodynamics,lower,155,15.5,0.020269965332088004,0.018903077111235282,0.30878475291701274,0.031460779373465281,0.028665450414636473,0.27857130616269415
6,gradient_energy_absolute_error,thermodynamics,lower,156,15.600000000000001,0.020256505462271472,0.018890149304208844,0.30886839541530281,0.031388957104803786,0.028602788228031174,0.27876551827328783
6,gradient_energy_absolute_error,thermodynamics,lower,157,15.700000000000001,0.020242036036873853,0.018874982627349386,0.30895409634940479,0.031317957607555819,0.028540827682803895,0.27895780221007843
6,gradient_energy_absolute_error,thermodynamics,lower,158,15.800000000000001,0.020233685166503028,0.018864909540140539,0.30903286640005928,0.031247803984511185,0.028479587694559189,0.2791481507176099
6,gradient_energy_absolute_error,thermodynamics,lower,159,15.9,0.020228057519405786,0.018858610934957977,0.30911049620193742,0.03117849740296964,0.028419078406762954,0.27933659314203962
6,gradient_energy_absolute_error,thermodynamics,lower,160,16,0.020225426967796629,0.018855593059201509,0.309187802720229,0.031110040712749809,0.028359306623340696,0.27952316320190335
6,gradient_energy_absolute_error,thermodynamics,lower,161,16.100000000000001,0.020224719024492854,0.018853181191401069,0.30926211229119976,0.031042430019033923,0.028300262365999456,0.27970787717140205
6,gradient_energy_absolute_error,thermodynamics,lower,162,16.199999999999999,0.020224315230929213,0.018850002661558885,0.30933866001139193,0.030975651532687602,0.028241927429552293,0.27989078323831557
6,gradient_energy_absolute_error,thermodynamics,lower,163,16.300000000000001,0.020223870567963202,0.018846015092930251,0.30941724424178529,0.030909689686278247,0.02818428379558529,0.28007192717085222
6,gradient_energy_absolute_error,thermodynamics,lower,164,16.400000000000002,0.020224639747829155,0.018842422243212871,0.30949211794823267,0.030844536942751122,0.028127321225143991,0.28025131857803137
6,gradient_energy_absolute_error,thermodynamics,lower,165,16.5,0.020229016441835803,0.018842261468031606,0.30956072521919981,0.030780200454866791,0.028071048135706943,0.28042895134555362
6,gradient_energy_absolute_error,thermodynamics,lower,166,16.600000000000001,0.020235279908804214,0.018843236580808876,0.30962632723152389,0.030716676837119421,0.028015458909472619,0.28060483915209561
6,gradient_energy_absolute_error,thermodynamics,lower,167,16.699999999999999,0.020237460814255048,0.01884000964388054,0.30969326755692395,0.030653927040575318,0.027960516099499018,0.28077902135811256
6,gradient_energy_absolute_error,thermodynamics,lower,168,16.800000000000001,0.020238415986618269,0.018836421484220538,0.30976367068631933,0.030591929950968433,0.02790620601250331,0.28095154903268521
6,gradient_energy_absolute_error,thermodynamics,lower,169,16.900000000000002,0.020238886833104049,0.018832443984440964,0.30983542159133448,0.030530669340803552,0.027852515112928976,0.28112245952119785
6,gradient_energy_absolute_error,thermodynamics,lower,170,17,0.020240370114587014,0.018828515927395668,0.30990864752087249,0.030470138168884643,0.027799432764778781,0.28129179003884297
6,gradient_energy_absolute_error,thermodynamics,lower,171,17.100000000000001,0.020240148669267856,0.018822789673056797,0.30998501268596551,0.030410313668886878,0.027746937775938302,0.28145958666251042
6,gradient_energy_absolute_error,thermodynamics,lower,172,17.199999999999999,0.020247136442953464,0.018824103314892281,0.31006407541091024,0.030351225429201219,0.02769506083139734,0.2816258918296522
6,gradient_energy_absolute_error,thermodynamics,lower,173,17.300000000000001,0.020256207497256665,0.018828466294212125,0.31014181272033575,0.030292872724392288,0.027643808839852919,0.28179072374231512
6,gradient_energy_absolute_error,thermodynamics,lower,174,17.400000000000002,0.02026270147919999,0.01883106265908651,0.31021662208004147,0.0302352280620636,0.027593160873296784,0.28195409097414115
6,gradient_energy_absolute_error,thermodynamics,lower,175,17.5,0.020264084754748304,0.018829305521319135,0.3102931170689851,0.030178250100307509,0.027543081699856913,0.28211602826611171
6,gradient_energy_absolute_error,thermodynamics,lower,176,17.600000000000001,0.020266383031183367,0.018830890233646976,0.31036747386640218,0.030121932673778391,0.027493580611980723,0.28227654784338613
6,gradient_energy_absolute_error,thermodynamics,lower,177,17.699999999999999,0.020274652439403767,0.018837582659107368,0.31043799700499325,0.030066298322171753,0.027444676668744145,0.28243565207593752
6,gradient_energy_absolute_error,thermodynamics,lower,178,17.800000000000001,0.020290258494733461,0.018851639013759757,0.31050742360437161,0.0300113767501075,0.027396401176300416,0.28259335865755797
6,gradient_energy_absolute_error,thermodynamics,lower,179,17.900000000000002,0.02031100625013927,0.01887211735159304,0.31057670159356648,0.029957184736141191,0.027348779478955677,0.28274969018234014
6,gradient_energy_absolute_error,thermodynamics,lower,180,18,0.020330798932129683,0.018891523847137725,0.31064298119818434,0.029903704815007797,0.027301794725445583,0.28290465291020594
6,gradient_energy_absolute_error,thermodynamics,lower,181,18.100000000000001,0.020349355385627151,0.018909006856773342,0.31071096565198475,0.029850918354071998,0.027255425731696009,0.28305827894745333
6,gradient_energy_absolute_error,thermodynamics,lower,182,18.199999999999999,0.020367937145712639,0.018926515979577119,0.31078122314963097,0.02979881406171837,0.027209662491299753,0.28321060281669608
6,gradient_energy_absolute_error,thermodynamics,lower,183,18.300000000000001,0.020388700398855118,0.018948440694362981,0.31084846294422208,0.029747392675582508,0.027164519202791899,0.28336162937477
6,gradient_energy_absolute_error,thermodynamics,lower,184,18.400000000000002,0.020410186282823383,0.018971036884093524,0.31091232095059984,0.029696646988665337,0.027119989407581584,0.2835113613942038
6,gradient_energy_absolute_error,thermodynamics,lower,185,18.5,0.020434347206064806,0.018995244285843108,0.31097251452672231,0.029646580503353986,0.027076071866383,0.28365980005978503
6,gradient_energy_absolute_error,thermodynamics,lower,186,18.600000000000001,0.020460118332544769,0.019020757913793478,0.31103517894864491,0.029597190921790494,0.027032763726852944,0.28380697951617678
6,gradient_energy_absolute_error,thermodynamics,lower,187,18.699999999999999,0.020485994572820333,0.019046830031545094,0.31110468034782235,0.029548467946662309,0.026990058199070556,0.28395295652597169
6,gradient_energy_absolute_error,thermodynamics,lower,188,18.800000000000001,0.02051278717742407,0.019072469754992501,0.31117711603019682,0.029500405814911042,0.0269479433669212,0.28409776588503671
6,gradient_energy_absolute_error,thermodynamics,lower,189,18.900000000000002,0.020539686950280401,0.019098384700223979,0.31124546945514875,0.029452994603987072,0.026906411310483651,0.2842414045282648
6,gradient_energy_absolute_error,thermodynamics,lower,190,19,0.020567582222290236,0.019125024660961717,0.31131084540147064,0.029406229275662353,0.026865456643907222,0.28438387526970271
6,gradient_energy_absolute_error,thermodynamics,lower,191,19.100000000000001,0.02059511514716536,0.019151257804273677,0.3113778543507752,0.029360097788078597,0.026825068168307042,0.28452520500311146
6,gradient_energy_absolute_error,thermodynamics,lower,192,19.200000000000003,0.020619027945913897,0.01917461347274654,0.31144031039819398,0.029314571382650655,0.026785222050100997,0.28466538784371082
6,gradient_energy_absolute_error,thermodynamics,lower,193,19.300000000000001,0.020640581475719989,0.019195353571912967,0.31149573061101693,0.029269628429765004,0.026745896306690699,0.28480440516374866
6,gradient_energy_absolute_error,thermodynamics,lower,194,19.400000000000002,0.020664450718556424,0.019218453467647091,0.31154669028713605,0.029225271843624751,0.026707095054943047,0.28494225199428164
6,gradient_energy_absolute_error,thermodynamics,lower,195,19.5,0.020692075445376133,0.019245504621689665,0.31159647498068815,0.02918151186209527,0.026668830488618671,0.28507894031728886
6,gradient_energy_absolute_error,thermodynamics,lower,196,19.600000000000001,0.020720387154289688,0.019273074182733559,0.31164547183063801,0.029138342858484025,0.026631097038078443,0.2852144838454182
6,gradient_energy_absolute_error,thermodynamics,lower,197,19.700000000000003,0.020749288862933341,0.019301151687548743,0.31169413649186672,0.02909575882804975,0.026593889193659508,0.28534889832585697
6,gradient_energy_absolute_error,thermodynamics,lower,198,19.800000000000001,0.020776317568885816,0.019326079751340382,0.31174339207589769,0.029053741447952957,0.02655718308536497,0.28548220384984707
6,gradient_energy_absolute_error,thermodynamics,lower,199,19.900000000000002,0.020801946502285,0.019349267608702474,0.31179231134159008,0.029012275141693328,0.026520962404577721,0.28561441544528293
6,gradient_energy_absolute_error,thermodynamics,lower,200,20,0.020829028998600667,0.019373553592814303,0.31184312784257062,0.028971358910977869,0.026485225360518904,0.28574555900726939
