root_label,system_name,seed,h100_best_periodic_mean,h500_best_periodic_mean,h1000_best_periodic_mean,h100_best_periodic_is_finite,h500_best_periodic_is_finite,h1000_best_periodic_is_finite
lista_blockdiag_signsplit_hardinit_basin_partition,claude_arrested_spiral,0,0.017778443172574043,0.024258920922875404,0.02506856434047222,True,True,True
lista_blockdiag_signsplit_hardinit_basin_partition,claude_arrested_spiral,1,0.003059469861909747,0.0012639829656109214,0.0010395441204309464,True,True,True
lista_blockdiag_signsplit_hardinit_basin_partition,claude_arrested_spiral,2,0.0046407002955675125,0.0023866042029112577,0.0021048709750175476,True,True,True
lista_blockdiag_signsplit_hardinit_basin_partition,claude_arrested_spiral,3,0.002987307496368885,0.001709381933324039,0.001549688633531332,True,True,True
lista_blockdiag_signsplit_hardinit_basin_partition,claude_arrested_spiral,4,0.01384249608963728,0.02301633171737194,0.02416311576962471,True,True,True
lista_blockdiag_signsplit_hardinit_basin_partition,claude_arrested_spiral,5,0.03050285577774048,0.05357341468334198,0.056456442922353745,True,True,True
lista_blockdiag_signsplit_hardinit_basin_partition,claude_arrested_spiral,6,0.002816717140376568,0.0012598289176821709,0.0010652579367160797,True,True,True
lista_blockdiag_signsplit_hardinit_basin_partition,claude_arrested_spiral,7,0.006315677892416716,0.002057320438325405,0.001525196828879416,True,True,True
lista_blockdiag_signsplit_hardinit_basin_partition,claude_arrested_spiral,8,0.02209949493408203,0.04385935142636299,0.04657156765460968,True,True,True
lista_blockdiag_signsplit_hardinit_basin_partition,claude_arrested_spiral,9,0.012716901488602161,0.022814758121967316,0.024077074602246284,True,True,True
lista_blockdiag_signsplit_hardinit_basin_partition,claude_cal_asymmetric_3,0,0.00255682528950274,0.0013822667533531785,0.0012354659847915173,True,True,True
lista_blockdiag_signsplit_hardinit_basin_partition,claude_cal_asymmetric_3,1,0.023786162957549095,0.07120850682258606,0.07713750004768372,True,True,True
lista_blockdiag_signsplit_hardinit_basin_partition,claude_cal_asymmetric_3,2,0.02842751331627369,0.0722331628203392,0.07770925760269165,True,True,True
lista_blockdiag_signsplit_hardinit_basin_partition,claude_cal_asymmetric_3,3,0.017399607226252556,0.07016867399215698,0.07676714658737183,True,True,True
lista_blockdiag_signsplit_hardinit_basin_partition,claude_cal_asymmetric_3,4,0.038982175290584564,0.14427077770233154,0.157483771443367,True,True,True
lista_blockdiag_signsplit_hardinit_basin_partition,claude_cal_asymmetric_3,5,0.025823943316936493,0.07294002175331116,0.0788361132144928,True,True,True
lista_blockdiag_signsplit_hardinit_basin_partition,claude_cal_asymmetric_3,6,0.044849906116724014,0.15163426101207733,0.16514930129051208,True,True,True
lista_blockdiag_signsplit_hardinit_basin_partition,claude_cal_asymmetric_3,7,0.015383590012788773,0.06959131360054016,0.07637503743171692,True,True,True
lista_blockdiag_signsplit_hardinit_basin_partition,claude_cal_asymmetric_3,8,0.00519216526299715,0.06592036783695221,0.07536672055721283,True,True,True
lista_blockdiag_signsplit_hardinit_basin_partition,claude_cal_asymmetric_3,9,0.001542055862955749,0.0010863798670470715,0.0010294795501977205,True,True,True
lista_blockdiag_signsplit_hardinit_basin_partition,claude_cal_hexagon_6,0,0.015554205514490604,0.02513747848570347,0.026335489004850388,True,True,True
lista_blockdiag_signsplit_hardinit_basin_partition,claude_cal_hexagon_6,1,0.01483095157891512,0.025187663733959198,0.026482293382287025,True,True,True
lista_blockdiag_signsplit_hardinit_basin_partition,claude_cal_hexagon_6,2,0.016400398686528206,0.0265779048204422,0.027850788086652756,True,True,True
lista_blockdiag_signsplit_hardinit_basin_partition,claude_cal_hexagon_6,3,0.03005935624241829,0.049555614590644836,0.051994916051626205,True,True,True
lista_blockdiag_signsplit_hardinit_basin_partition,claude_cal_hexagon_6,4,0.0305413156747818,0.0507035031914711,0.053221143782138824,True,True,True
lista_blockdiag_signsplit_hardinit_basin_partition,claude_cal_hexagon_6,5,0.03399375081062317,0.05135984346270561,0.053532276302576065,True,True,True
lista_blockdiag_signsplit_hardinit_basin_partition,claude_cal_hexagon_6,6,0.029333699494600296,0.04871711879968643,0.05113993212580681,True,True,True
lista_blockdiag_signsplit_hardinit_basin_partition,claude_cal_hexagon_6,7,0.032869286835193634,0.05054231733083725,0.052751440554857254,True,True,True
lista_blockdiag_signsplit_hardinit_basin_partition,claude_cal_hexagon_6,8,0.01780262403190136,0.02700301632285118,0.02815311960875988,True,True,True
lista_blockdiag_signsplit_hardinit_basin_partition,claude_cal_hexagon_6,9,0.027251489460468292,0.049415890127420425,0.05219285190105438,True,True,True
lista_blockdiag_signsplit_hardinit_basin_partition,claude_cal_high_cross_3,0,0.11766844987869263,0.23484107851982117,0.24969306588172913,True,True,True
lista_blockdiag_signsplit_hardinit_basin_partition,claude_cal_high_cross_3,1,0.18114514648914337,0.3232700228691101,0.34099623560905457,True,True,True
lista_blockdiag_signsplit_hardinit_basin_partition,claude_cal_high_cross_3,2,0.06607414036989212,0.28355035185813904,0.31893816590309143,True,True,True
lista_blockdiag_signsplit_hardinit_basin_partition,claude_cal_high_cross_3,3,0.18473482131958008,0.46878278255462646,0.5066872239112854,True,True,True
lista_blockdiag_signsplit_hardinit_basin_partition,claude_cal_high_cross_3,4,0.1499233841896057,2.152365207672119,2.500041961669922,True,True,True
lista_blockdiag_signsplit_hardinit_basin_partition,claude_cal_high_cross_3,5,0.09393191337585449,0.16184519231319427,0.17033474147319794,True,True,True
lista_blockdiag_signsplit_hardinit_basin_partition,claude_cal_high_cross_3,6,0.10484671592712402,0.16825048625469208,0.1761767566204071,True,True,True
lista_blockdiag_signsplit_hardinit_basin_partition,claude_cal_high_cross_3,7,0.21216565370559692,0.32994553446769714,0.3446708023548126,True,True,True
lista_blockdiag_signsplit_hardinit_basin_partition,claude_cal_high_cross_3,8,0.2838870882987976,0.49679672718048096,0.5234560966491699,True,True,True
lista_blockdiag_signsplit_hardinit_basin_partition,claude_cal_high_cross_3,9,0.08360981941223145,0.16253714263439178,0.17240454256534576,True,True,True
lista_blockdiag_signsplit_hardinit_basin_partition,claude_cal_octagon_8,0,0.035433124750852585,0.0511285737156868,0.05309830978512764,True,True,True
lista_blockdiag_signsplit_hardinit_basin_partition,claude_cal_octagon_8,1,0.08135765790939331,0.10377728193998337,0.10657977312803268,True,True,True
lista_blockdiag_signsplit_hardinit_basin_partition,claude_cal_octagon_8,2,0.04652497172355652,0.055461131036281586,0.05657833442091942,True,True,True
lista_blockdiag_signsplit_hardinit_basin_partition,claude_cal_octagon_8,3,0.036771319806575775,0.05062843859195709,0.05235612019896507,True,True,True
lista_blockdiag_signsplit_hardinit_basin_partition,claude_cal_octagon_8,4,0.05183742195367813,0.0785582959651947,0.08190103620290756,True,True,True
lista_blockdiag_signsplit_hardinit_basin_partition,claude_cal_octagon_8,5,0.10175227373838425,0.1294565349817276,0.13292044401168823,True,True,True
lista_blockdiag_signsplit_hardinit_basin_partition,claude_cal_octagon_8,6,0.03994208946824074,0.05355173721909523,0.05525645241141319,True,True,True
lista_blockdiag_signsplit_hardinit_basin_partition,claude_cal_octagon_8,7,0.021855207160115242,0.02715366519987583,0.027810148894786835,True,True,True
lista_blockdiag_signsplit_hardinit_basin_partition,claude_cal_octagon_8,8,0.02028009481728077,0.027645722031593323,0.028564734384417534,True,True,True
lista_blockdiag_signsplit_hardinit_basin_partition,claude_cal_octagon_8,9,0.007309493608772755,0.003683893708512187,0.0032300895545631647,True,True,True
lista_blockdiag_signsplit_hardinit_basin_partition,claude_cal_pentagon_5,0,0.04314308986067772,0.07455472648143768,0.07848268747329712,True,True,True
lista_blockdiag_signsplit_hardinit_basin_partition,claude_cal_pentagon_5,1,0.01629243977367878,0.03586269170045853,0.038319796323776245,True,True,True
lista_blockdiag_signsplit_hardinit_basin_partition,claude_cal_pentagon_5,2,0.020316803827881813,0.037318434566259384,0.039443980902433395,True,True,True
lista_blockdiag_signsplit_hardinit_basin_partition,claude_cal_pentagon_5,3,0.024896768853068352,0.03788379579782486,0.0395071804523468,True,True,True
lista_blockdiag_signsplit_hardinit_basin_partition,claude_cal_pentagon_5,4,0.05281387269496918,0.07510662823915482,0.0778932273387909,True,True,True
lista_blockdiag_signsplit_hardinit_basin_partition,claude_cal_pentagon_5,5,0.06183371692895889,0.10974876582622528,0.1157381609082222,True,True,True
lista_blockdiag_signsplit_hardinit_basin_partition,claude_cal_pentagon_5,6,0.026233917102217674,0.06819495558738708,0.07387455552816391,True,True,True
lista_blockdiag_signsplit_hardinit_basin_partition,claude_cal_pentagon_5,7,0.0016240731347352266,0.0009631660650484264,0.0008806684636510909,True,True,True
lista_blockdiag_signsplit_hardinit_basin_partition,claude_cal_pentagon_5,8,0.018662409856915474,0.034882236272096634,0.03690881282091141,True,True,True
lista_blockdiag_signsplit_hardinit_basin_partition,claude_cal_pentagon_5,9,0.0008074840297922492,0.0004284469468984753,0.0003813552903011441,True,True,True
lista_blockdiag_signsplit_hardinit_basin_partition,claude_cal_square_4,0,0.0022886116057634354,0.0012141779297962785,0.0010798278963193297,True,True,True
lista_blockdiag_signsplit_hardinit_basin_partition,claude_cal_square_4,1,0.002346392022445798,0.0017632870003581047,0.001691315439529717,True,True,True
lista_blockdiag_signsplit_hardinit_basin_partition,claude_cal_square_4,2,0.0027360671665519476,0.0029748764354735613,0.003035206813365221,True,True,True
lista_blockdiag_signsplit_hardinit_basin_partition,claude_cal_square_4,3,0.003428604919463396,0.003637460060417652,0.0036624509375542402,True,True,True
lista_blockdiag_signsplit_hardinit_basin_partition,claude_cal_square_4,4,0.003409178229048848,0.0029723939951509237,0.002918035490438342,True,True,True
lista_blockdiag_signsplit_hardinit_basin_partition,claude_cal_square_4,5,0.0021256112959235907,0.001362524926662445,0.0012670895084738731,True,True,True
lista_blockdiag_signsplit_hardinit_basin_partition,claude_cal_square_4,6,0.0015384164871647954,0.0009180535562336445,0.0008405411499552429,True,True,True
lista_blockdiag_signsplit_hardinit_basin_partition,claude_cal_square_4,7,0.0023242647293955088,0.0019363906467333436,0.0018883261363953352,True,True,True
lista_blockdiag_signsplit_hardinit_basin_partition,claude_cal_square_4,8,0.00317297107540071,0.0021278145723044872,0.001995604718104005,True,True,True
lista_blockdiag_signsplit_hardinit_basin_partition,claude_cal_square_4,9,0.0025867291260510683,0.001975410617887974,0.0019027418456971645,True,True,True
lista_blockdiag_signsplit_hardinit_basin_partition,claude_duffing_triple_well,0,0.0011857380159199238,0.002498076530173421,0.003254086012020707,True,True,True
lista_blockdiag_signsplit_hardinit_basin_partition,claude_duffing_triple_well,1,0.003892736742272973,0.00520125450566411,0.003543804632499814,True,True,True
lista_blockdiag_signsplit_hardinit_basin_partition,claude_duffing_triple_well,2,0.009359132498502731,0.010794238187372684,0.005643199663609266,True,True,True
lista_blockdiag_signsplit_hardinit_basin_partition,claude_duffing_triple_well,3,0.0027024168521165848,0.0037161647342145443,0.0033677411265671253,True,True,True
lista_blockdiag_signsplit_hardinit_basin_partition,claude_duffing_triple_well,4,0.016109885647892952,0.014992359094321728,0.00804237648844719,True,True,True
lista_blockdiag_signsplit_hardinit_basin_partition,claude_duffing_triple_well,5,0.001025569741614163,0.0022257338277995586,0.0015939450822770596,True,True,True
lista_blockdiag_signsplit_hardinit_basin_partition,claude_duffing_triple_well,6,0.009544088505208492,0.009407534264028072,0.005142954643815756,True,True,True
lista_blockdiag_signsplit_hardinit_basin_partition,claude_duffing_triple_well,7,0.004226879682391882,0.005690120626240969,0.0032271286472678185,True,True,True
lista_blockdiag_signsplit_hardinit_basin_partition,claude_duffing_triple_well,8,0.008704626001417637,0.010198325850069523,0.006027445662766695,True,True,True
lista_blockdiag_signsplit_hardinit_basin_partition,claude_duffing_triple_well,9,0.0010151360183954239,0.002045588567852974,0.004223201423883438,True,True,True
lista_blockdiag_signsplit_hardinit_basin_partition,claude_snic_multi,0,0.00015907151100691408,7.073091546772048e-05,5.7778917835094035e-05,True,True,True
lista_blockdiag_signsplit_hardinit_basin_partition,claude_snic_multi,1,0.0001695642276899889,0.00028054253198206425,0.0002924101136159152,True,True,True
lista_blockdiag_signsplit_hardinit_basin_partition,claude_snic_multi,2,0.00025196114438585937,0.00034807107294909656,0.0003672029706649482,True,True,True
lista_blockdiag_signsplit_hardinit_basin_partition,claude_snic_multi,3,0.00022502992942463607,0.0003198800259269774,0.0003316904476378113,True,True,True
lista_blockdiag_signsplit_hardinit_basin_partition,claude_snic_multi,4,0.00014432604075409472,0.00026634358800947666,0.0002986032923217863,True,True,True
lista_blockdiag_signsplit_hardinit_basin_partition,claude_snic_multi,5,0.0006203427910804749,0.0007979365182109177,0.0007564970292150974,True,True,True
lista_blockdiag_signsplit_hardinit_basin_partition,claude_snic_multi,6,0.00014368111442308873,0.00014404431567527354,0.0001430447300663218,True,True,True
lista_blockdiag_signsplit_hardinit_basin_partition,claude_snic_multi,7,0.0005570171633735299,0.001963888993486762,0.0027643151115626097,True,True,True
lista_blockdiag_signsplit_hardinit_basin_partition,claude_snic_multi,8,0.00011893072951352224,0.0001308049977524206,0.0001335339475190267,True,True,True
lista_blockdiag_signsplit_hardinit_basin_partition,claude_snic_multi,9,0.00048577156849205494,0.0005488609313033521,0.0005707982345484197,True,True,True
lista_blockdiag_signsplit_hardinit_basin_partition,claude_transition_routes_4,0,0.020658239722251892,0.2856055796146393,0.4861147403717041,True,True,True
lista_blockdiag_signsplit_hardinit_basin_partition,claude_transition_routes_4,1,0.018241161480545998,0.24946007132530212,0.4582340717315674,True,True,True
lista_blockdiag_signsplit_hardinit_basin_partition,claude_transition_routes_4,2,0.008447038941085339,0.090365469455719,0.15385057032108307,True,True,True
lista_blockdiag_signsplit_hardinit_basin_partition,claude_transition_routes_4,3,0.012010311707854271,0.10653970390558243,0.2717846632003784,True,True,True
lista_blockdiag_signsplit_hardinit_basin_partition,claude_transition_routes_4,4,0.020525755360722542,0.24842309951782227,0.45466965436935425,True,True,True
lista_blockdiag_signsplit_hardinit_basin_partition,claude_transition_routes_4,5,0.021085746586322784,0.21533827483654022,0.3891458511352539,True,True,True
lista_blockdiag_signsplit_hardinit_basin_partition,claude_transition_routes_4,6,0.018240733072161674,0.1797223687171936,0.36411717534065247,True,True,True
lista_blockdiag_signsplit_hardinit_basin_partition,claude_transition_routes_4,7,0.010018298402428627,0.25265541672706604,0.34114521741867065,True,True,True
lista_blockdiag_signsplit_hardinit_basin_partition,claude_transition_routes_4,8,0.021151024848222733,0.16984599828720093,0.20150913298130035,True,True,True
lista_blockdiag_signsplit_hardinit_basin_partition,claude_transition_routes_4,9,0.003919819835573435,0.011383701115846634,0.04692746698856354,True,True,True
lista_blockdiag_signsplit_hardinit_basin_partition,claude_var_depth_gradient_4,0,0.0023309674579650164,0.0019304908346384764,0.0018803845159709454,True,True,True
lista_blockdiag_signsplit_hardinit_basin_partition,claude_var_depth_gradient_4,1,0.001202761777676642,0.0009643262601457536,0.0009345418075099587,True,True,True
lista_blockdiag_signsplit_hardinit_basin_partition,claude_var_depth_gradient_4,2,0.04336382821202278,0.06477899104356766,0.06745561957359314,True,True,True
lista_blockdiag_signsplit_hardinit_basin_partition,claude_var_depth_gradient_4,3,0.0032938497606664896,0.002062716521322727,0.001908781472593546,True,True,True
lista_blockdiag_signsplit_hardinit_basin_partition,claude_var_depth_gradient_4,4,0.0026929343584924936,0.0025571235455572605,0.0025401879101991653,True,True,True
lista_blockdiag_signsplit_hardinit_basin_partition,claude_var_depth_gradient_4,5,0.0009998882887884974,0.00028934344300068915,0.00020053386106155813,True,True,True
lista_blockdiag_signsplit_hardinit_basin_partition,claude_var_depth_gradient_4,6,0.0026663257740437984,0.002223880961537361,0.0021687098778784275,True,True,True
lista_blockdiag_signsplit_hardinit_basin_partition,claude_var_depth_gradient_4,7,0.016927525401115417,0.051307111978530884,0.055604614317417145,True,True,True
lista_blockdiag_signsplit_hardinit_basin_partition,claude_var_depth_gradient_4,8,0.002196000888943672,0.0011625655461102724,0.0010333654936403036,True,True,True
lista_blockdiag_signsplit_hardinit_basin_partition,claude_var_depth_gradient_4,9,0.0031521788332611322,0.0020628466736525297,0.0019257802050560713,True,True,True
lista_blockdiag_signsplit_hardinit_basin_partition,claude_var_diamond_4,0,0.009096992202103138,0.22259768843650818,0.2891286313533783,True,True,True
lista_blockdiag_signsplit_hardinit_basin_partition,claude_var_diamond_4,1,0.0053864954970777035,0.0035066583659499884,0.003179289633408189,True,True,True
lista_blockdiag_signsplit_hardinit_basin_partition,claude_var_diamond_4,2,0.0011274495627731085,0.04740186035633087,0.06790027022361755,True,True,True
lista_blockdiag_signsplit_hardinit_basin_partition,claude_var_diamond_4,3,0.00864699762314558,0.07865557819604874,0.1297745257616043,True,True,True
lista_blockdiag_signsplit_hardinit_basin_partition,claude_var_diamond_4,4,0.004509187303483486,0.04178303852677345,0.06520714610815048,True,True,True
lista_blockdiag_signsplit_hardinit_basin_partition,claude_var_diamond_4,5,0.0010458261240273714,0.002733048750087619,0.001540534314699471,True,True,True
lista_blockdiag_signsplit_hardinit_basin_partition,claude_var_diamond_4,6,0.00670606316998601,0.17189285159111023,0.22198398411273956,True,True,True
lista_blockdiag_signsplit_hardinit_basin_partition,claude_var_diamond_4,7,0.005760902538895607,0.07416877895593643,0.12645307183265686,True,True,True
lista_blockdiag_signsplit_hardinit_basin_partition,claude_var_diamond_4,8,0.044278472661972046,0.13815239071846008,0.16386501491069794,True,True,True
lista_blockdiag_signsplit_hardinit_basin_partition,claude_var_diamond_4,9,0.02322305366396904,0.17435771226882935,0.22236961126327515,True,True,True
lista_blockdiag_signsplit_hardinit_basin_partition,claude_var_l_shape_5,0,0.026136238127946854,0.03764430060982704,0.03911485895514488,True,True,True
lista_blockdiag_signsplit_hardinit_basin_partition,claude_var_l_shape_5,1,0.02291061170399189,0.26389265060424805,0.6486660838127136,True,True,True
lista_blockdiag_signsplit_hardinit_basin_partition,claude_var_l_shape_5,2,0.006476505193859339,0.0047454689629375935,0.004290265962481499,True,True,True
lista_blockdiag_signsplit_hardinit_basin_partition,claude_var_l_shape_5,3,0.024233629927039146,0.3266737759113312,0.6235264539718628,True,True,True
lista_blockdiag_signsplit_hardinit_basin_partition,claude_var_l_shape_5,4,0.030985703691840172,0.6890803575515747,0.8074045777320862,True,True,True
lista_blockdiag_signsplit_hardinit_basin_partition,claude_var_l_shape_5,5,0.003471530042588711,0.46954452991485596,0.6552444696426392,True,True,True
lista_blockdiag_signsplit_hardinit_basin_partition,claude_var_l_shape_5,6,0.006344059482216835,0.04641237109899521,0.0543396957218647,True,True,True
lista_blockdiag_signsplit_hardinit_basin_partition,claude_var_l_shape_5,7,0.0037838786374777555,0.0029156398959457874,0.0028042923659086227,True,True,True
lista_blockdiag_signsplit_hardinit_basin_partition,claude_var_l_shape_5,8,0.0021967070642858744,0.001953222556039691,0.0019019879400730133,True,True,True
lista_blockdiag_signsplit_hardinit_basin_partition,claude_var_l_shape_5,9,0.005996717140078545,0.03157508000731468,0.03621770441532135,True,True,True
lista_blockdiag_signsplit_hardinit_basin_partition,gated_local_linear,0,0.0012811936903744936,0.00145352678373456,0.0015006311004981399,True,True,True
lista_blockdiag_signsplit_hardinit_basin_partition,gated_local_linear,1,0.0015089696971699595,0.0009924424812197685,0.0009236698388122022,True,True,True
lista_blockdiag_signsplit_hardinit_basin_partition,gated_local_linear,2,0.0006213970482349396,0.0007192284101620317,0.0007473376463167369,True,True,True
lista_blockdiag_signsplit_hardinit_basin_partition,gated_local_linear,3,0.0008353516459465027,0.0008536942186765373,0.0008432482136413455,True,True,True
lista_blockdiag_signsplit_hardinit_basin_partition,gated_local_linear,4,0.0006161388009786606,0.0007213236531242728,0.0006868141354061663,True,True,True
lista_blockdiag_signsplit_hardinit_basin_partition,gated_local_linear,5,0.0023565145675092936,0.0022006367798894644,0.0021891696378588676,True,True,True
lista_blockdiag_signsplit_hardinit_basin_partition,gated_local_linear,6,0.0012768274173140526,0.0006379029946401715,0.0005432101897895336,True,True,True
lista_blockdiag_signsplit_hardinit_basin_partition,gated_local_linear,7,0.0005258085438981652,0.00040845369221642613,0.00039511790964752436,True,True,True
lista_blockdiag_signsplit_hardinit_basin_partition,gated_local_linear,8,0.0009969058446586132,0.001287514460273087,0.0013560513034462929,True,True,True
lista_blockdiag_signsplit_hardinit_basin_partition,gated_local_linear,9,0.001072961138561368,0.0006079612649045885,0.0005499262479133904,True,True,True
lista_blockdiag_signsplit_hardinit_basin_partition,gated_transfer_linear,0,0.2398340106010437,0.7982991933822632,0.8695711493492126,True,True,True
lista_blockdiag_signsplit_hardinit_basin_partition,gated_transfer_linear,1,1.5731600522994995,8.741998809340025e+19,0.7496922612190247,True,True,True
lista_blockdiag_signsplit_hardinit_basin_partition,gated_transfer_linear,2,0.1462395340204239,0.4891238808631897,0.5282928943634033,True,True,True
lista_blockdiag_signsplit_hardinit_basin_partition,gated_transfer_linear,3,0.24305282533168793,0.7486574053764343,0.8112643361091614,True,True,True
lista_blockdiag_signsplit_hardinit_basin_partition,gated_transfer_linear,4,0.17696885764598846,0.6573604345321655,0.7272213697433472,True,True,True
lista_blockdiag_signsplit_hardinit_basin_partition,gated_transfer_linear,5,0.32078230381011963,0.7334238290786743,0.7921246290206909,True,True,True
lista_blockdiag_signsplit_hardinit_basin_partition,gated_transfer_linear,6,0.31821393966674805,0.7701970934867859,0.8264232873916626,True,True,True
lista_blockdiag_signsplit_hardinit_basin_partition,gated_transfer_linear,7,0.5019738674163818,1.0852832794189453,1.1515599489212036,True,True,True
lista_blockdiag_signsplit_hardinit_basin_partition,gated_transfer_linear,8,0.2804490029811859,0.8537254929542542,0.9217203259468079,True,True,True
lista_blockdiag_signsplit_hardinit_basin_partition,gated_transfer_linear,9,0.21726880967617035,0.8790172338485718,0.970329999923706,True,True,True
lista_blockdiag_signsplit_hardinit_basin_partition,claude_arrested_spiral,10,0.015600617043673992,0.024660170078277588,0.02579323574900627,True,True,True
lista_blockdiag_signsplit_hardinit_basin_partition,claude_arrested_spiral,11,0.010565296746790409,0.02357945591211319,0.025205766782164574,True,True,True
lista_blockdiag_signsplit_hardinit_basin_partition,claude_arrested_spiral,12,0.003873837646096945,0.002302260370925069,0.0021058148704469204,True,True,True
lista_blockdiag_signsplit_hardinit_basin_partition,claude_arrested_spiral,13,0.0033204148057848215,0.0010549839353188872,0.0007717997068539262,True,True,True
lista_blockdiag_signsplit_hardinit_basin_partition,claude_arrested_spiral,14,0.0030819654930382967,0.0014678880106657743,0.0012660876382142305,True,True,True
lista_blockdiag_signsplit_hardinit_basin_partition,claude_cal_asymmetric_3,10,0.021493446081876755,0.07059089839458466,0.07672920823097229,True,True,True
lista_blockdiag_signsplit_hardinit_basin_partition,claude_cal_asymmetric_3,11,0.001956344349309802,0.0011965674348175526,0.001101586502045393,True,True,True
lista_blockdiag_signsplit_hardinit_basin_partition,claude_cal_asymmetric_3,12,0.0006511093815788627,0.00030759244691580534,0.0002647179935593158,True,True,True
lista_blockdiag_signsplit_hardinit_basin_partition,claude_cal_asymmetric_3,13,0.021931838244199753,0.07084670662879944,0.07696709781885147,True,True,True
lista_blockdiag_signsplit_hardinit_basin_partition,claude_cal_asymmetric_3,14,0.02454425022006035,0.0718708485364914,0.07778726518154144,True,True,True
lista_blockdiag_signsplit_hardinit_basin_partition,claude_cal_hexagon_6,10,0.030065519735217094,0.04979903995990753,0.052276529371738434,True,True,True
lista_blockdiag_signsplit_hardinit_basin_partition,claude_cal_hexagon_6,11,0.032230883836746216,0.05034622177481651,0.052610207349061966,True,True,True
lista_blockdiag_signsplit_hardinit_basin_partition,claude_cal_hexagon_6,12,0.03071976639330387,0.05000760033726692,0.052420783787965775,True,True,True
lista_blockdiag_signsplit_hardinit_basin_partition,claude_cal_hexagon_6,13,0.027710095047950745,0.050232671201229095,0.05305313691496849,True,True,True
lista_blockdiag_signsplit_hardinit_basin_partition,claude_cal_hexagon_6,14,0.005587251391261816,0.0031181667000055313,0.002809548284858465,True,True,True
lista_blockdiag_signsplit_hardinit_basin_partition,claude_cal_high_cross_3,10,0.2649382948875427,3.9719879627227783,5.17115592956543,True,True,True
lista_blockdiag_signsplit_hardinit_basin_partition,claude_cal_high_cross_3,11,0.126278355717659,0.24041591584682465,0.25467824935913086,True,True,True
lista_blockdiag_signsplit_hardinit_basin_partition,claude_cal_high_cross_3,12,0.3972310721874237,0.7082686424255371,0.7473751306533813,True,True,True
lista_blockdiag_signsplit_hardinit_basin_partition,claude_cal_high_cross_3,13,0.1915259212255478,2.890556573867798,3.360203266143799,True,True,True
lista_blockdiag_signsplit_hardinit_basin_partition,claude_cal_high_cross_3,14,0.1802365928888321,1.4955767393112183,1.7055087089538574,True,True,True
lista_blockdiag_signsplit_hardinit_basin_partition,claude_cal_octagon_8,10,0.056246381253004074,0.07661909610033035,0.07916507869958878,True,True,True
lista_blockdiag_signsplit_hardinit_basin_partition,claude_cal_octagon_8,11,0.02498888038098812,0.027387075126171112,0.027684487402439117,True,True,True
lista_blockdiag_signsplit_hardinit_basin_partition,claude_cal_octagon_8,12,0.06258455663919449,0.08075319230556488,0.08302385360002518,True,True,True
lista_blockdiag_signsplit_hardinit_basin_partition,claude_cal_octagon_8,13,0.06444955617189407,0.10090712457895279,0.10546984523534775,True,True,True
lista_blockdiag_signsplit_hardinit_basin_partition,claude_cal_octagon_8,14,0.09232207387685776,0.12760552763938904,0.13201597332954407,True,True,True
lista_blockdiag_signsplit_hardinit_basin_partition,claude_cal_pentagon_5,10,0.0014089245814830065,0.0006877687410451472,0.0005966436583548784,True,True,True
lista_blockdiag_signsplit_hardinit_basin_partition,claude_cal_pentagon_5,11,0.001650079502724111,0.001053981832228601,0.00090656743850559,True,True,True
lista_blockdiag_signsplit_hardinit_basin_partition,claude_cal_pentagon_5,12,0.027790391817688942,0.038110874593257904,0.039401035755872726,True,True,True
lista_blockdiag_signsplit_hardinit_basin_partition,claude_cal_pentagon_5,13,0.0008495628135278821,0.00055777991656214,0.0005213090917095542,True,True,True
lista_blockdiag_signsplit_hardinit_basin_partition,claude_cal_pentagon_5,14,0.001153712160885334,0.0005955342785455287,0.0005262815393507481,True,True,True
lista_blockdiag_signsplit_hardinit_basin_partition,claude_cal_square_4,10,0.0030671036802232265,0.0027862712740898132,0.002753118984401226,True,True,True
lista_blockdiag_signsplit_hardinit_basin_partition,claude_cal_square_4,11,0.0036443290300667286,0.0017424908000975847,0.0015047481283545494,True,True,True
lista_blockdiag_signsplit_hardinit_basin_partition,claude_cal_square_4,12,0.0027866940945386887,0.0019508894765749574,0.0018464326858520508,True,True,True
lista_blockdiag_signsplit_hardinit_basin_partition,claude_cal_square_4,13,0.002991545246914029,0.001594350440427661,0.0014199860161170363,True,True,True
lista_blockdiag_signsplit_hardinit_basin_partition,claude_cal_square_4,14,0.0017857009079307318,0.0013789397198706865,0.0013283820590004325,True,True,True
lista_blockdiag_signsplit_hardinit_basin_partition,claude_duffing_triple_well,10,0.001098024076782167,0.0012777840020135045,0.001129244570620358,True,True,True
lista_blockdiag_signsplit_hardinit_basin_partition,claude_duffing_triple_well,11,0.004700464196503162,0.004743349738419056,0.002698753960430622,True,True,True
lista_blockdiag_signsplit_hardinit_basin_partition,claude_duffing_triple_well,12,0.012204996310174465,0.015981802716851234,0.008863716386258602,True,True,True
lista_blockdiag_signsplit_hardinit_basin_partition,claude_duffing_triple_well,13,0.008794614113867283,0.010326113551855087,0.0056132967583835125,True,True,True
lista_blockdiag_signsplit_hardinit_basin_partition,claude_duffing_triple_well,14,0.0005275007570162416,0.0012798384996131063,0.0009324313723482192,True,True,True
lista_blockdiag_signsplit_hardinit_basin_partition,claude_snic_multi,10,0.0010437091113999486,0.0018956518033519387,0.002076484262943268,True,True,True
lista_blockdiag_signsplit_hardinit_basin_partition,claude_snic_multi,11,0.0006200101925060153,0.00023832345323171467,0.00018899075803346932,True,True,True
lista_blockdiag_signsplit_hardinit_basin_partition,claude_snic_multi,12,0.00016943957598414272,0.00015864359738770872,0.00015770617756061256,True,True,True
lista_blockdiag_signsplit_hardinit_basin_partition,claude_snic_multi,13,0.0011159563437104225,0.0011895715724676847,0.001200375147163868,True,True,True
lista_blockdiag_signsplit_hardinit_basin_partition,claude_snic_multi,14,0.0002456795482430607,0.00018420953711029142,0.00017961967387236655,True,True,True
lista_blockdiag_signsplit_hardinit_basin_partition,claude_transition_routes_4,10,0.004764740355312824,0.17929404973983765,0.20337672531604767,True,True,True
lista_blockdiag_signsplit_hardinit_basin_partition,claude_transition_routes_4,11,0.00811057910323143,0.23276129364967346,0.2894006073474884,True,True,True
lista_blockdiag_signsplit_hardinit_basin_partition,claude_transition_routes_4,12,0.006171547807753086,0.23835121095180511,0.34953513741493225,True,True,True
lista_blockdiag_signsplit_hardinit_basin_partition,claude_transition_routes_4,13,0.0080045685172081,0.32836371660232544,0.45211726427078247,True,True,True
lista_blockdiag_signsplit_hardinit_basin_partition,claude_transition_routes_4,14,0.007364419288933277,0.3246055841445923,0.44830361008644104,True,True,True
lista_blockdiag_signsplit_hardinit_basin_partition,claude_var_depth_gradient_4,10,0.002674126997590065,0.0015620108461007476,0.001422992325387895,True,True,True
lista_blockdiag_signsplit_hardinit_basin_partition,claude_var_depth_gradient_4,11,0.047868575900793076,0.06500455737113953,0.06714652478694916,True,True,True
lista_blockdiag_signsplit_hardinit_basin_partition,claude_var_depth_gradient_4,12,0.01882851868867874,0.05106206238269806,0.05509254336357117,True,True,True
lista_blockdiag_signsplit_hardinit_basin_partition,claude_var_depth_gradient_4,13,0.015559800900518894,0.0496581494808197,0.0539153590798378,True,True,True
lista_blockdiag_signsplit_hardinit_basin_partition,claude_var_depth_gradient_4,14,0.005287881940603256,0.04873926192522049,0.05482591688632965,True,True,True
lista_blockdiag_signsplit_hardinit_basin_partition,claude_var_diamond_4,10,0.050512462854385376,0.17931054532527924,0.22410649061203003,True,True,True
lista_blockdiag_signsplit_hardinit_basin_partition,claude_var_diamond_4,11,0.04786191135644913,0.08335477113723755,0.08769702166318893,True,True,True
lista_blockdiag_signsplit_hardinit_basin_partition,claude_var_diamond_4,12,0.011844928376376629,0.07252077758312225,0.12938961386680603,True,True,True
lista_blockdiag_signsplit_hardinit_basin_partition,claude_var_diamond_4,13,0.05208088085055351,0.1307840496301651,0.15563145279884338,True,True,True
lista_blockdiag_signsplit_hardinit_basin_partition,claude_var_diamond_4,14,0.0013500223867595196,0.046805791556835175,0.0673823133111,True,True,True
lista_blockdiag_signsplit_hardinit_basin_partition,claude_var_l_shape_5,10,0.00169440358877182,0.00155827181879431,0.0015410573687404394,True,True,True
lista_blockdiag_signsplit_hardinit_basin_partition,claude_var_l_shape_5,11,0.009672336280345917,0.017849626019597054,0.018875833600759506,True,True,True
lista_blockdiag_signsplit_hardinit_basin_partition,claude_var_l_shape_5,12,0.022174376994371414,0.12786060571670532,0.14488893747329712,True,True,True
lista_blockdiag_signsplit_hardinit_basin_partition,claude_var_l_shape_5,13,0.013761536218225956,0.01863892190158367,0.019135095179080963,True,True,True
lista_blockdiag_signsplit_hardinit_basin_partition,claude_var_l_shape_5,14,0.0015802234411239624,0.015568757429718971,0.018453100696206093,True,True,True
lista_blockdiag_signsplit_hardinit_basin_partition,gated_local_linear,10,0.0006359278340823948,0.001049284590408206,0.001137556042522192,True,True,True
lista_blockdiag_signsplit_hardinit_basin_partition,gated_local_linear,11,0.0004846045339945704,0.0008818014175631106,0.0009574358118698001,True,True,True
lista_blockdiag_signsplit_hardinit_basin_partition,gated_local_linear,12,0.0005124853341840208,0.0005482451524585485,0.00055004219757393,True,True,True
lista_blockdiag_signsplit_hardinit_basin_partition,gated_local_linear,13,0.0006473559187725186,0.0008041249238885939,0.0008867077995091677,True,True,True
lista_blockdiag_signsplit_hardinit_basin_partition,gated_local_linear,14,0.0027946236077696085,0.0021356267388910055,0.0020109093748033047,True,True,True
lista_blockdiag_signsplit_hardinit_basin_partition,gated_transfer_linear,10,0.32823699712753296,0.6535851359367371,0.7005211710929871,True,True,True
lista_blockdiag_signsplit_hardinit_basin_partition,gated_transfer_linear,11,0.24521593749523163,0.5959962606430054,0.6464989185333252,True,True,True
lista_blockdiag_signsplit_hardinit_basin_partition,gated_transfer_linear,12,0.3090413212776184,0.7281153798103333,0.7853297591209412,True,True,True
lista_blockdiag_signsplit_hardinit_basin_partition,gated_transfer_linear,13,0.43911460041999817,1.0532883405685425,1.1142817735671997,True,True,True
lista_blockdiag_signsplit_hardinit_basin_partition,gated_transfer_linear,14,0.3641645014286041,0.7885034084320068,0.8399894833564758,True,True,True
mlp_sparse_hardinit_basin_partition_control,claude_arrested_spiral,0,0.0019013473065569997,0.001104258350096643,0.0010046007810160518,True,True,True
mlp_sparse_hardinit_basin_partition_control,claude_arrested_spiral,1,0.014726405031979084,0.023788385093212128,0.024921121075749397,True,True,True
mlp_sparse_hardinit_basin_partition_control,claude_arrested_spiral,2,0.042304106056690216,0.08776655793190002,0.0934523195028305,True,True,True
mlp_sparse_hardinit_basin_partition_control,claude_arrested_spiral,3,0.019654178991913795,0.024828920140862465,0.025475816801190376,True,True,True
mlp_sparse_hardinit_basin_partition_control,claude_arrested_spiral,4,0.013576625846326351,0.022795531898736954,0.02394789271056652,True,True,True
mlp_sparse_hardinit_basin_partition_control,claude_arrested_spiral,5,0.02201034501194954,0.030721360817551613,0.031810253858566284,True,True,True
mlp_sparse_hardinit_basin_partition_control,claude_arrested_spiral,6,0.015565707348287106,0.02416001260280609,0.02523435279726982,True,True,True
mlp_sparse_hardinit_basin_partition_control,claude_arrested_spiral,7,0.004579947795718908,0.0014285427751019597,0.0010346104390919209,True,True,True
mlp_sparse_hardinit_basin_partition_control,claude_arrested_spiral,8,0.015776945278048515,0.02390412986278534,0.024920037016272545,True,True,True
mlp_sparse_hardinit_basin_partition_control,claude_arrested_spiral,9,0.005092795938253403,0.0020864312537014484,0.0017106361920014024,True,True,True
mlp_sparse_hardinit_basin_partition_control,claude_cal_asymmetric_3,0,0.0016014210414141417,0.0009093353291973472,0.0008228346123360097,True,True,True
mlp_sparse_hardinit_basin_partition_control,claude_cal_asymmetric_3,1,0.0025318069383502007,0.0009066234342753887,0.0007034671143628657,True,True,True
mlp_sparse_hardinit_basin_partition_control,claude_cal_asymmetric_3,2,0.07905450463294983,0.16331693530082703,0.17385625839233398,True,True,True
mlp_sparse_hardinit_basin_partition_control,claude_cal_asymmetric_3,3,0.00392357911914587,0.0013329369248822331,0.0010089310817420483,True,True,True
mlp_sparse_hardinit_basin_partition_control,claude_cal_asymmetric_3,4,0.0007141272071748972,0.0003675367042887956,0.000324217980960384,True,True,True
mlp_sparse_hardinit_basin_partition_control,claude_cal_asymmetric_3,5,0.0016884221695363522,0.0008096981910057366,0.0006998677272349596,True,True,True
mlp_sparse_hardinit_basin_partition_control,claude_cal_asymmetric_3,6,0.014577772468328476,0.06939256191253662,0.07626467943191528,True,True,True
mlp_sparse_hardinit_basin_partition_control,claude_cal_asymmetric_3,7,0.0012184545630589128,0.00041813336429186165,0.0003180929343216121,True,True,True
mlp_sparse_hardinit_basin_partition_control,claude_cal_asymmetric_3,8,0.0038741163443773985,0.0014567422913387418,0.0011545396409928799,True,True,True
mlp_sparse_hardinit_basin_partition_control,claude_cal_asymmetric_3,9,0.001816827105358243,0.001258269650861621,0.0011888564331457019,True,True,True
mlp_sparse_hardinit_basin_partition_control,claude_cal_hexagon_6,0,0.01596859283745289,0.025992097333073616,0.027245599776506424,True,True,True
mlp_sparse_hardinit_basin_partition_control,claude_cal_hexagon_6,1,0.002949336776509881,0.0011453249026089907,0.0009198489133268595,True,True,True
mlp_sparse_hardinit_basin_partition_control,claude_cal_hexagon_6,2,0.03228170797228813,0.05027550086379051,0.05252481997013092,True,True,True
mlp_sparse_hardinit_basin_partition_control,claude_cal_hexagon_6,3,0.04251013696193695,0.0735606774687767,0.07744157314300537,True,True,True
mlp_sparse_hardinit_basin_partition_control,claude_cal_hexagon_6,4,0.03126061335206032,0.05073674023151398,0.05317126214504242,True,True,True
mlp_sparse_hardinit_basin_partition_control,claude_cal_hexagon_6,5,0.030096983537077904,0.049361035227775574,0.05176906660199165,True,True,True
mlp_sparse_hardinit_basin_partition_control,claude_cal_hexagon_6,6,0.01684689335525036,0.024637801572680473,0.025611741468310356,True,True,True
mlp_sparse_hardinit_basin_partition_control,claude_cal_hexagon_6,7,0.015160579234361649,0.02605477347970009,0.02741858921945095,True,True,True
mlp_sparse_hardinit_basin_partition_control,claude_cal_hexagon_6,8,0.0009948150254786015,0.00048811628948897123,0.0004245838790666312,True,True,True
mlp_sparse_hardinit_basin_partition_control,claude_cal_hexagon_6,9,0.016663063317537308,0.0248290803283453,0.02584996074438095,True,True,True
mlp_sparse_hardinit_basin_partition_control,claude_cal_high_cross_3,0,0.2021913081407547,0.4765812158584595,0.5107821822166443,True,True,True
mlp_sparse_hardinit_basin_partition_control,claude_cal_high_cross_3,1,0.11482498794794083,0.23369944095611572,0.24857936799526215,True,True,True
mlp_sparse_hardinit_basin_partition_control,claude_cal_high_cross_3,2,0.08582192659378052,0.15547342598438263,0.16418026387691498,True,True,True
mlp_sparse_hardinit_basin_partition_control,claude_cal_high_cross_3,3,0.04472481086850166,0.07907167077064514,0.08336561918258667,True,True,True
mlp_sparse_hardinit_basin_partition_control,claude_cal_high_cross_3,4,0.10311350226402283,0.23022140562534332,0.24617555737495422,True,True,True
mlp_sparse_hardinit_basin_partition_control,claude_cal_high_cross_3,5,0.04616100713610649,0.07974691689014435,0.08394533395767212,True,True,True
mlp_sparse_hardinit_basin_partition_control,claude_cal_high_cross_3,6,0.3389986753463745,0.6323279142379761,0.6688984036445618,True,True,True
mlp_sparse_hardinit_basin_partition_control,claude_cal_high_cross_3,7,0.0694568082690239,0.15278814733028412,0.16320441663265228,True,True,True
mlp_sparse_hardinit_basin_partition_control,claude_cal_high_cross_3,8,0.09643401205539703,0.15926127135753632,0.16711486876010895,True,True,True
mlp_sparse_hardinit_basin_partition_control,claude_cal_high_cross_3,9,0.5566055178642273,1.2579134702682495,1.3458778858184814,True,True,True
mlp_sparse_hardinit_basin_partition_control,claude_cal_octagon_8,0,0.14338812232017517,0.20053790509700775,0.207682803273201,True,True,True
mlp_sparse_hardinit_basin_partition_control,claude_cal_octagon_8,1,0.05254863575100899,0.12988772988319397,0.13985444605350494,True,True,True
mlp_sparse_hardinit_basin_partition_control,claude_cal_octagon_8,2,0.04765582084655762,0.09669516235589981,0.10282325744628906,True,True,True
mlp_sparse_hardinit_basin_partition_control,claude_cal_octagon_8,3,0.10979621857404709,0.14987798035144806,0.1548878699541092,True,True,True
mlp_sparse_hardinit_basin_partition_control,claude_cal_octagon_8,4,0.05034441500902176,0.07538313418626785,0.07851320505142212,True,True,True
mlp_sparse_hardinit_basin_partition_control,claude_cal_octagon_8,5,0.04900263622403145,0.07375946640968323,0.07685406506061554,True,True,True
mlp_sparse_hardinit_basin_partition_control,claude_cal_octagon_8,6,0.024492371827363968,0.026933038607239723,0.027238136157393456,True,True,True
mlp_sparse_hardinit_basin_partition_control,claude_cal_octagon_8,7,0.07590349018573761,0.10085224360227585,0.10398299992084503,True,True,True
mlp_sparse_hardinit_basin_partition_control,claude_cal_octagon_8,8,0.18438102304935455,0.2515198588371277,0.25991249084472656,True,True,True
mlp_sparse_hardinit_basin_partition_control,claude_cal_octagon_8,9,0.08750280737876892,0.1208893209695816,0.1250625103712082,True,True,True
mlp_sparse_hardinit_basin_partition_control,claude_cal_pentagon_5,0,0.0024729124270379543,0.0009448726195842028,0.0007538790814578533,True,True,True
mlp_sparse_hardinit_basin_partition_control,claude_cal_pentagon_5,1,0.000953794689849019,0.0004960627993568778,0.0004388457164168358,True,True,True
mlp_sparse_hardinit_basin_partition_control,claude_cal_pentagon_5,2,0.0010636277729645371,0.0007378951413556933,0.0006971580442041159,True,True,True
mlp_sparse_hardinit_basin_partition_control,claude_cal_pentagon_5,3,0.0009616718161851168,0.0006435017567127943,0.000603739230427891,True,True,True
mlp_sparse_hardinit_basin_partition_control,claude_cal_pentagon_5,4,0.0006167134852148592,0.00036063246079720557,0.0003288994776085019,True,True,True
mlp_sparse_hardinit_basin_partition_control,claude_cal_pentagon_5,5,0.0007839514873921871,0.0006057790014892817,0.0005835071788169444,True,True,True
mlp_sparse_hardinit_basin_partition_control,claude_cal_pentagon_5,6,0.017733288928866386,0.03606775030493736,0.03836028650403023,True,True,True
mlp_sparse_hardinit_basin_partition_control,claude_cal_pentagon_5,7,0.02080198936164379,0.03726956248283386,0.03932800889015198,True,True,True
mlp_sparse_hardinit_basin_partition_control,claude_cal_pentagon_5,8,0.01751328632235527,0.03646312654018402,0.03883367404341698,True,True,True
mlp_sparse_hardinit_basin_partition_control,claude_cal_pentagon_5,9,0.0010265030432492495,0.0007810368551872671,0.0007503533852286637,True,True,True
mlp_sparse_hardinit_basin_partition_control,claude_cal_square_4,0,0.0023126339074224234,0.0011820975923910737,0.0010407809168100357,True,True,True
mlp_sparse_hardinit_basin_partition_control,claude_cal_square_4,1,0.03802867978811264,0.05823265388607979,0.060758162289857864,True,True,True
mlp_sparse_hardinit_basin_partition_control,claude_cal_square_4,2,0.001113777863793075,0.000922835897654295,0.0008989783236756921,True,True,True
mlp_sparse_hardinit_basin_partition_control,claude_cal_square_4,3,0.037186574190855026,0.057827427983284,0.06040753051638603,True,True,True
mlp_sparse_hardinit_basin_partition_control,claude_cal_square_4,4,0.002164261881262064,0.0008887111907824874,0.0007292663212865591,True,True,True
mlp_sparse_hardinit_basin_partition_control,claude_cal_square_4,5,0.04096778482198715,0.0587112195789814,0.06092914193868637,True,True,True
mlp_sparse_hardinit_basin_partition_control,claude_cal_square_4,6,0.0033364102710038424,0.0014736908487975597,0.0012409311020746827,True,True,True
mlp_sparse_hardinit_basin_partition_control,claude_cal_square_4,7,0.0012923459289595485,0.0005775145255029202,0.0004881605855189264,True,True,True
mlp_sparse_hardinit_basin_partition_control,claude_cal_square_4,8,0.0020805031526833773,0.0015059313736855984,0.001434112200513482,True,True,True
mlp_sparse_hardinit_basin_partition_control,claude_cal_square_4,9,0.03287013620138168,0.057746753096580505,0.060856159776449203,True,True,True
mlp_sparse_hardinit_basin_partition_control,claude_duffing_triple_well,0,0.0005679966416209936,0.001303793047554791,0.0008952385396696627,True,True,True
mlp_sparse_hardinit_basin_partition_control,claude_duffing_triple_well,1,0.006970423273742199,0.007910570129752159,0.0042527527548372746,True,True,True
mlp_sparse_hardinit_basin_partition_control,claude_duffing_triple_well,2,0.0006791488849557936,0.0015980078605934978,0.0008887898875400424,True,True,True
mlp_sparse_hardinit_basin_partition_control,claude_duffing_triple_well,3,0.0017829426797106862,0.0028388514183461666,0.001591979875229299,True,True,True
mlp_sparse_hardinit_basin_partition_control,claude_duffing_triple_well,4,0.005966393742710352,0.006133288610726595,0.00383606250397861,True,True,True
mlp_sparse_hardinit_basin_partition_control,claude_duffing_triple_well,5,0.003350329352542758,0.004615786485373974,0.0023969938047230244,True,True,True
mlp_sparse_hardinit_basin_partition_control,claude_duffing_triple_well,6,0.0005218576407060027,0.001298727816902101,0.0009050244698300958,True,True,True
mlp_sparse_hardinit_basin_partition_control,claude_duffing_triple_well,7,0.0003523446212057024,0.0006201295182108879,0.0007968498975969851,True,True,True
mlp_sparse_hardinit_basin_partition_control,claude_duffing_triple_well,8,0.0013775895349681377,0.0024274687748402357,0.0015661570942029357,True,True,True
mlp_sparse_hardinit_basin_partition_control,claude_duffing_triple_well,9,0.0013556410558521748,0.0016866166843101382,0.0009921176824718714,True,True,True
mlp_sparse_hardinit_basin_partition_control,claude_snic_multi,0,8.500050898874179e-05,0.00013202290574554354,0.00013833308184985071,True,True,True
mlp_sparse_hardinit_basin_partition_control,claude_snic_multi,1,0.00014776199532207102,0.0001801035978132859,0.0001885490055428818,True,True,True
mlp_sparse_hardinit_basin_partition_control,claude_snic_multi,2,0.00031693384516984224,0.0005452028126455843,0.0005757978651672602,True,True,True
mlp_sparse_hardinit_basin_partition_control,claude_snic_multi,3,0.0003235415497329086,0.000416458206018433,0.0004308897187002003,True,True,True
mlp_sparse_hardinit_basin_partition_control,claude_snic_multi,4,0.0001516978081781417,0.00028072597342543304,0.00030099242576397955,True,True,True
mlp_sparse_hardinit_basin_partition_control,claude_snic_multi,5,0.00016402160690631717,0.0003055224660784006,0.0003306219005025923,True,True,True
mlp_sparse_hardinit_basin_partition_control,claude_snic_multi,6,0.00032781666959635913,0.000796662992797792,0.0008790985448285937,True,True,True
mlp_sparse_hardinit_basin_partition_control,claude_snic_multi,7,0.00022910807456355542,0.0004367237852420658,0.0004643083084374666,True,True,True
mlp_sparse_hardinit_basin_partition_control,claude_snic_multi,8,7.498413469875231e-05,0.00016581994714215398,0.00018702266970649362,True,True,True
mlp_sparse_hardinit_basin_partition_control,claude_snic_multi,9,0.00025154315517283976,0.0004614108765963465,0.0004923317464999855,True,True,True
mlp_sparse_hardinit_basin_partition_control,claude_transition_routes_4,0,0.0014520325930789113,0.07563788443803787,0.09686391055583954,True,True,True
mlp_sparse_hardinit_basin_partition_control,claude_transition_routes_4,1,0.002787492237985134,0.00331073347479105,0.1656021624803543,True,True,True
mlp_sparse_hardinit_basin_partition_control,claude_transition_routes_4,2,0.0014312784187495708,0.07458814978599548,0.18742509186267853,True,True,True
mlp_sparse_hardinit_basin_partition_control,claude_transition_routes_4,3,0.002080361358821392,0.07818368822336197,0.15142574906349182,True,True,True
mlp_sparse_hardinit_basin_partition_control,claude_transition_routes_4,4,0.0012282180832698941,0.08747845888137817,0.2672009766101837,True,True,True
mlp_sparse_hardinit_basin_partition_control,claude_transition_routes_4,5,0.006762125063687563,0.08884474635124207,0.09927122294902802,True,True,True
mlp_sparse_hardinit_basin_partition_control,claude_transition_routes_4,6,0.0007646143203601241,0.14736035466194153,0.2960650622844696,True,True,True
mlp_sparse_hardinit_basin_partition_control,claude_transition_routes_4,7,0.0033472864888608456,0.1643189787864685,0.19970765709877014,True,True,True
mlp_sparse_hardinit_basin_partition_control,claude_transition_routes_4,8,0.0011197723215445876,0.0788029134273529,0.15168803930282593,True,True,True
mlp_sparse_hardinit_basin_partition_control,claude_transition_routes_4,9,0.002978587755933404,0.08572234213352203,0.09817954152822495,True,True,True
mlp_sparse_hardinit_basin_partition_control,claude_var_depth_gradient_4,0,0.004003540147095919,0.0012956332648172975,0.0009469384094700217,True,True,True
mlp_sparse_hardinit_basin_partition_control,claude_var_depth_gradient_4,1,0.04649416357278824,0.06527265161275864,0.06761995702981949,True,True,True
mlp_sparse_hardinit_basin_partition_control,claude_var_depth_gradient_4,2,0.008379612118005753,0.047886792570352554,0.05286422371864319,True,True,True
mlp_sparse_hardinit_basin_partition_control,claude_var_depth_gradient_4,3,0.047380480915308,0.06554447114467621,0.06781498342752457,True,True,True
mlp_sparse_hardinit_basin_partition_control,claude_var_depth_gradient_4,5,0.025920920073986053,0.052603818476200104,0.055938977748155594,True,True,True
mlp_sparse_hardinit_basin_partition_control,claude_var_depth_gradient_4,6,0.046201009303331375,0.065180703997612,0.06755315512418747,True,True,True
mlp_sparse_hardinit_basin_partition_control,claude_var_depth_gradient_4,7,0.007287412416189909,0.0022007885854691267,0.0015649392735213041,True,True,True
mlp_sparse_hardinit_basin_partition_control,claude_var_depth_gradient_4,8,0.046636246144771576,0.06505847722291946,0.0673612579703331,True,True,True
mlp_sparse_hardinit_basin_partition_control,claude_var_diamond_4,0,0.017111249268054962,0.0037811221554875374,0.002083021216094494,True,True,True
mlp_sparse_hardinit_basin_partition_control,claude_var_diamond_4,1,0.008232643827795982,0.07286524027585983,0.08101905137300491,True,True,True
mlp_sparse_hardinit_basin_partition_control,claude_var_diamond_4,2,0.04621559754014015,0.12681381404399872,0.15203534066677094,True,True,True
mlp_sparse_hardinit_basin_partition_control,claude_var_diamond_4,3,0.0019408987136557698,0.03876009210944176,0.06324450671672821,True,True,True
mlp_sparse_hardinit_basin_partition_control,claude_var_diamond_4,4,0.04795806109905243,0.14845415949821472,0.20631147921085358,True,True,True
mlp_sparse_hardinit_basin_partition_control,claude_var_diamond_4,6,0.0010240389965474606,0.0004015763115603477,0.00029419371276162565,True,True,True
mlp_sparse_hardinit_basin_partition_control,claude_var_diamond_4,7,0.0024100872687995434,0.0011196044506505132,0.0007969524594955146,True,True,True
mlp_sparse_hardinit_basin_partition_control,claude_var_diamond_4,8,0.005936533212661743,0.050453249365091324,0.0712977945804596,True,True,True
mlp_sparse_hardinit_basin_partition_control,claude_var_diamond_4,9,0.013823465444147587,0.049169186502695084,0.07175017148256302,True,True,True
mlp_sparse_hardinit_basin_partition_control,claude_var_l_shape_5,0,0.0010882836068049073,0.0012963302433490753,0.001365766627714038,True,True,True
mlp_sparse_hardinit_basin_partition_control,claude_var_l_shape_5,1,0.01792646013200283,0.020737450569868088,0.02103247120976448,True,True,True
mlp_sparse_hardinit_basin_partition_control,claude_var_l_shape_5,2,0.0027232503052800894,0.0014679485466331244,0.0012572265695780516,True,True,True
mlp_sparse_hardinit_basin_partition_control,claude_var_l_shape_5,3,0.009031840600073338,0.018477020785212517,0.019646208733320236,True,True,True
mlp_sparse_hardinit_basin_partition_control,claude_var_l_shape_5,4,0.013250205665826797,0.01955317333340645,0.02029310166835785,True,True,True
mlp_sparse_hardinit_basin_partition_control,claude_var_l_shape_5,5,0.0036530261859297752,0.0012439994607120752,0.0009169419063255191,True,True,True
mlp_sparse_hardinit_basin_partition_control,claude_var_l_shape_5,6,0.020561395213007927,0.03983182832598686,0.04212750867009163,True,True,True
mlp_sparse_hardinit_basin_partition_control,claude_var_l_shape_5,7,0.0027652906719595194,0.0025839670561254025,0.0025522217620164156,True,True,True
mlp_sparse_hardinit_basin_partition_control,claude_var_l_shape_5,8,0.0021567128133028746,0.0014544544974341989,0.0013342286692932248,True,True,True
mlp_sparse_hardinit_basin_partition_control,claude_var_l_shape_5,9,0.016355903819203377,0.032979775220155716,0.03505220264196396,True,True,True
mlp_sparse_hardinit_basin_partition_control,gated_local_linear,0,0.0002864952839445323,0.0002429823944112286,0.00023249993682838976,True,True,True
mlp_sparse_hardinit_basin_partition_control,gated_local_linear,1,0.0009144364157691598,0.0005430507007986307,0.0005116644315421581,True,True,True
mlp_sparse_hardinit_basin_partition_control,gated_local_linear,2,0.0005387462442740798,0.002090638503432274,0.0024472156073898077,True,True,True
mlp_sparse_hardinit_basin_partition_control,gated_local_linear,3,0.0004095375770702958,0.00019360039732418954,0.0001739175640977919,True,True,True
mlp_sparse_hardinit_basin_partition_control,gated_local_linear,4,0.00019530692952685058,0.0002199081500293687,0.00022679485846310854,True,True,True
mlp_sparse_hardinit_basin_partition_control,gated_local_linear,5,0.0003146985254716128,0.0003374988154973835,0.00035148076131008565,True,True,True
mlp_sparse_hardinit_basin_partition_control,gated_local_linear,6,0.0004308134666644037,0.0006078153382986784,0.0006635764148086309,True,True,True
mlp_sparse_hardinit_basin_partition_control,gated_local_linear,7,0.0013888721587136388,0.0005429997108876705,0.0004348251095507294,True,True,True
mlp_sparse_hardinit_basin_partition_control,gated_local_linear,8,0.000246034178417176,0.0002644050109665841,0.0002672389673534781,True,True,True
mlp_sparse_hardinit_basin_partition_control,gated_local_linear,9,0.0006645478424616158,0.0008992485818453133,0.0009143860079348087,True,True,True
mlp_sparse_hardinit_basin_partition_control,gated_transfer_linear,0,0.09659525752067566,0.5948973298072815,0.6637675762176514,True,True,True
mlp_sparse_hardinit_basin_partition_control,gated_transfer_linear,1,0.2756747305393219,0.6863932609558105,0.7621873617172241,True,True,True
mlp_sparse_hardinit_basin_partition_control,gated_transfer_linear,2,0.15926720201969147,0.48172715306282043,0.522403359413147,True,True,True
mlp_sparse_hardinit_basin_partition_control,gated_transfer_linear,3,0.23556870222091675,0.8487896919250488,0.9389602541923523,True,True,True
mlp_sparse_hardinit_basin_partition_control,gated_transfer_linear,4,0.1575373411178589,0.5924012064933777,0.6635681986808777,True,True,True
mlp_sparse_hardinit_basin_partition_control,gated_transfer_linear,5,0.35110899806022644,0.9662298560142517,1.0373079776763916,True,True,True
mlp_sparse_hardinit_basin_partition_control,gated_transfer_linear,6,0.2504706084728241,0.6557602882385254,0.7097876071929932,True,True,True
mlp_sparse_hardinit_basin_partition_control,gated_transfer_linear,7,0.2803572416305542,0.8705406785011292,0.9444388747215271,True,True,True
mlp_sparse_hardinit_basin_partition_control,gated_transfer_linear,8,0.3704743981361389,0.7474936842918396,0.7755598425865173,True,True,True
mlp_sparse_hardinit_basin_partition_control,gated_transfer_linear,9,2.604740858078003,0.7436506152153015,0.8108393549919128,True,True,True
mlp_sparse_hardinit_basin_partition_control,claude_arrested_spiral,10,0.0035036576446145773,0.0013286290923133492,0.0010567461140453815,True,True,True
mlp_sparse_hardinit_basin_partition_control,claude_arrested_spiral,11,0.0040205009281635284,0.0016300759743899107,0.0013309234054759145,True,True,True
mlp_sparse_hardinit_basin_partition_control,claude_arrested_spiral,12,0.024394864216446877,0.025212133303284645,0.02531427890062332,True,True,True
mlp_sparse_hardinit_basin_partition_control,claude_arrested_spiral,13,0.022319821640849113,0.03011568821966648,0.03109017200767994,True,True,True
mlp_sparse_hardinit_basin_partition_control,claude_arrested_spiral,14,0.02350320667028427,0.03160471469163895,0.032617419958114624,True,True,True
mlp_sparse_hardinit_basin_partition_control,claude_cal_asymmetric_3,10,0.0028639102820307016,0.001498353318311274,0.0013276704121381044,True,True,True
mlp_sparse_hardinit_basin_partition_control,claude_cal_asymmetric_3,11,0.0022283887956291437,0.0012891740771010518,0.001171775278635323,True,True,True
mlp_sparse_hardinit_basin_partition_control,claude_cal_asymmetric_3,12,0.0007844216888770461,0.00030939796124584973,0.0002500200644135475,True,True,True
mlp_sparse_hardinit_basin_partition_control,claude_cal_asymmetric_3,13,0.022621607407927513,0.07166801393032074,0.07780280709266663,True,True,True
mlp_sparse_hardinit_basin_partition_control,claude_cal_asymmetric_3,14,0.0017696050927042961,0.0013451159466058016,0.0012920787557959557,True,True,True
mlp_sparse_hardinit_basin_partition_control,claude_cal_hexagon_6,10,0.03152119740843773,0.049833010882139206,0.052122000604867935,True,True,True
mlp_sparse_hardinit_basin_partition_control,claude_cal_hexagon_6,11,0.05089522898197174,0.0743270218372345,0.07725657522678375,True,True,True
mlp_sparse_hardinit_basin_partition_control,claude_cal_hexagon_6,12,0.015761403366923332,0.02643769234418869,0.027773600071668625,True,True,True
mlp_sparse_hardinit_basin_partition_control,claude_cal_hexagon_6,13,0.030672714114189148,0.049001678824424744,0.05129288509488106,True,True,True
mlp_sparse_hardinit_basin_partition_control,claude_cal_hexagon_6,14,0.04313213750720024,0.07424397021532059,0.07812998443841934,True,True,True
mlp_sparse_hardinit_basin_partition_control,claude_cal_high_cross_3,10,0.19186551868915558,0.3355540335178375,0.3534908592700958,True,True,True
mlp_sparse_hardinit_basin_partition_control,claude_cal_high_cross_3,11,0.13863903284072876,0.1940089613199234,0.20114004611968994,True,True,True
mlp_sparse_hardinit_basin_partition_control,claude_cal_high_cross_3,12,0.2849680781364441,0.6204119324684143,0.6629137396812439,True,True,True
mlp_sparse_hardinit_basin_partition_control,claude_cal_high_cross_3,13,0.18842753767967224,0.32261162996292114,0.33937111496925354,True,True,True
mlp_sparse_hardinit_basin_partition_control,claude_cal_high_cross_3,14,0.18310490250587463,0.3219534754753113,0.3393079340457916,True,True,True
mlp_sparse_hardinit_basin_partition_control,claude_cal_octagon_8,10,0.1048678457736969,0.15489953756332397,0.16115346550941467,True,True,True
mlp_sparse_hardinit_basin_partition_control,claude_cal_octagon_8,11,0.17917178571224213,0.24807339906692505,0.2566860318183899,True,True,True
mlp_sparse_hardinit_basin_partition_control,claude_cal_octagon_8,12,0.04466864466667175,0.052389826625585556,0.05335487052798271,True,True,True
mlp_sparse_hardinit_basin_partition_control,claude_cal_octagon_8,13,0.08382595330476761,0.12431203573942184,0.12937124073505402,True,True,True
mlp_sparse_hardinit_basin_partition_control,claude_cal_octagon_8,14,0.10935327410697937,0.1516391932964325,0.15692481398582458,True,True,True
mlp_sparse_hardinit_basin_partition_control,claude_cal_pentagon_5,10,0.0012406503083184361,0.0008500572293996811,0.0008012940525077283,True,True,True
mlp_sparse_hardinit_basin_partition_control,claude_cal_pentagon_5,11,0.001335788401775062,0.0013871282571926713,0.0013935740571469069,True,True,True
mlp_sparse_hardinit_basin_partition_control,claude_cal_pentagon_5,12,0.022949950769543648,0.03763238713145256,0.039467789232730865,True,True,True
mlp_sparse_hardinit_basin_partition_control,claude_cal_pentagon_5,13,0.0005133540835231543,0.0003288698208052665,0.0003058056754525751,True,True,True
mlp_sparse_hardinit_basin_partition_control,claude_cal_pentagon_5,14,0.000707397295627743,0.000698728661518544,0.0006977448356337845,True,True,True
mlp_sparse_hardinit_basin_partition_control,claude_cal_square_4,10,0.001814406830817461,0.0005993551458232105,0.00044747377978637815,True,True,True
mlp_sparse_hardinit_basin_partition_control,claude_cal_square_4,11,0.0652865469455719,0.11308193951845169,0.11905646324157715,True,True,True
mlp_sparse_hardinit_basin_partition_control,claude_cal_square_4,12,0.07361575216054916,0.11587309837341309,0.1211552694439888,True,True,True
mlp_sparse_hardinit_basin_partition_control,claude_cal_square_4,13,0.03413991257548332,0.05701812729239464,0.0598779022693634,True,True,True
mlp_sparse_hardinit_basin_partition_control,claude_cal_square_4,14,0.07267017662525177,0.11312795430421829,0.11818511039018631,True,True,True
mlp_sparse_hardinit_basin_partition_control,claude_duffing_triple_well,10,0.0016460943734273314,0.0037208718713372946,0.0022460685577243567,True,True,True
mlp_sparse_hardinit_basin_partition_control,claude_duffing_triple_well,11,0.0016773173119872808,0.0022386815398931503,0.0014542578719556332,True,True,True
mlp_sparse_hardinit_basin_partition_control,claude_duffing_triple_well,12,0.00670134462416172,0.006792405154556036,0.0036852038465440273,True,True,True
mlp_sparse_hardinit_basin_partition_control,claude_duffing_triple_well,13,0.004909609444439411,0.0049556344747543335,0.003169370349496603,True,True,True
mlp_sparse_hardinit_basin_partition_control,claude_duffing_triple_well,14,0.005834225565195084,0.005536370910704136,0.003335291985422373,True,True,True
mlp_sparse_hardinit_basin_partition_control,claude_snic_multi,10,0.00038557752850465477,0.00018777453806251287,0.00016156448691617697,True,True,True
mlp_sparse_hardinit_basin_partition_control,claude_snic_multi,11,0.00011017202632501721,0.00020840502111241221,0.00022573010937776417,True,True,True
mlp_sparse_hardinit_basin_partition_control,claude_snic_multi,12,0.0029026397969573736,0.0017181282164528966,0.0011110067134723067,True,True,True
mlp_sparse_hardinit_basin_partition_control,claude_snic_multi,13,0.00038871829747222364,0.0002501579583622515,0.00023950886679813266,True,True,True
mlp_sparse_hardinit_basin_partition_control,claude_snic_multi,14,0.0002603640023153275,0.0001786625070963055,0.0001676809770287946,True,True,True
mlp_sparse_hardinit_basin_partition_control,claude_transition_routes_4,10,0.025171486660838127,0.24356506764888763,0.3541327714920044,True,True,True
mlp_sparse_hardinit_basin_partition_control,claude_transition_routes_4,11,0.004058671649545431,0.16230829060077667,0.24713949859142303,True,True,True
mlp_sparse_hardinit_basin_partition_control,claude_transition_routes_4,12,0.0007023874204605818,0.07593448460102081,0.12582902610301971,True,True,True
mlp_sparse_hardinit_basin_partition_control,claude_transition_routes_4,13,0.0015040463767945766,0.0755348950624466,0.1464293897151947,True,True,True
mlp_sparse_hardinit_basin_partition_control,claude_transition_routes_4,14,0.0015113516710698605,0.06316071003675461,0.1358129382133484,True,True,True
mlp_sparse_hardinit_basin_partition_control,claude_var_depth_gradient_4,10,0.021784620359539986,0.05152544379234314,0.055243320763111115,True,True,True
mlp_sparse_hardinit_basin_partition_control,claude_var_depth_gradient_4,11,0.047797948122024536,0.06548444926738739,0.0676952674984932,True,True,True
mlp_sparse_hardinit_basin_partition_control,claude_var_depth_gradient_4,12,0.043253231793642044,0.06087441369891167,0.06307706981897354,True,True,True
mlp_sparse_hardinit_basin_partition_control,claude_var_depth_gradient_4,13,0.0011383368400856853,0.0007060713251121342,0.0006520365132018924,True,True,True
mlp_sparse_hardinit_basin_partition_control,claude_var_depth_gradient_4,14,0.04732414335012436,0.064768947660923,0.06694955378770828,True,True,True
mlp_sparse_hardinit_basin_partition_control,claude_var_depth_gradient_4,4,0.0019565310794860125,0.0008991140639409423,0.00076694117160514,True,True,True
mlp_sparse_hardinit_basin_partition_control,claude_var_depth_gradient_4,9,0.02671564370393753,0.05186118185520172,0.05500461161136627,True,True,True
mlp_sparse_hardinit_basin_partition_control,claude_var_diamond_4,10,0.004414742812514305,0.09649224579334259,0.13637782633304596,True,True,True
mlp_sparse_hardinit_basin_partition_control,claude_var_diamond_4,11,0.22587260603904724,0.5142102837562561,0.5586020946502686,True,True,True
mlp_sparse_hardinit_basin_partition_control,claude_var_diamond_4,12,0.004529914353042841,0.04921926558017731,0.06971831619739532,True,True,True
mlp_sparse_hardinit_basin_partition_control,claude_var_diamond_4,13,0.10462455451488495,0.19251005351543427,0.21070131659507751,True,True,True
mlp_sparse_hardinit_basin_partition_control,claude_var_diamond_4,14,0.0533333495259285,0.18901239335536957,0.22737477719783783,True,True,True
mlp_sparse_hardinit_basin_partition_control,claude_var_diamond_4,5,0.006056434009224176,0.11727245151996613,0.14640742540359497,True,True,True
mlp_sparse_hardinit_basin_partition_control,claude_var_l_shape_5,10,0.0021630784031003714,0.0018006631871685386,0.0017541821580380201,True,True,True
mlp_sparse_hardinit_basin_partition_control,claude_var_l_shape_5,11,0.0021891361102461815,0.001631930354051292,0.0015175619628280401,True,True,True
mlp_sparse_hardinit_basin_partition_control,claude_var_l_shape_5,12,0.0010426370427012444,0.0010449800174683332,0.0010247811442241073,True,True,True
mlp_sparse_hardinit_basin_partition_control,claude_var_l_shape_5,13,0.003182638669386506,0.002605182584375143,0.0025289058685302734,True,True,True
mlp_sparse_hardinit_basin_partition_control,claude_var_l_shape_5,14,0.0020416227634996176,0.0008558535482734442,0.0006816445384174585,True,True,True
mlp_sparse_hardinit_basin_partition_control,gated_local_linear,10,0.0003196904726792127,0.0001826825609896332,0.0001603754353709519,True,True,True
mlp_sparse_hardinit_basin_partition_control,gated_local_linear,11,0.0004982447135262191,0.0012137119192630053,0.0014603096060454845,True,True,True
mlp_sparse_hardinit_basin_partition_control,gated_local_linear,12,0.000331389979692176,0.0009145936346612871,0.0010229642502963543,True,True,True
mlp_sparse_hardinit_basin_partition_control,gated_local_linear,13,0.0007192749762907624,0.0006888792850077152,0.0006872139638289809,True,True,True
mlp_sparse_hardinit_basin_partition_control,gated_local_linear,14,0.0002679636818356812,0.00028807908529415727,0.0002909553295467049,True,True,True
mlp_sparse_hardinit_basin_partition_control,gated_transfer_linear,10,0.16376742720603943,0.7523251175880432,0.8268351554870605,True,True,True
mlp_sparse_hardinit_basin_partition_control,gated_transfer_linear,11,0.19170600175857544,0.479303240776062,0.5160168409347534,True,True,True
mlp_sparse_hardinit_basin_partition_control,gated_transfer_linear,12,0.40512028336524963,1.1340875625610352,1.2337713241577148,True,True,True
mlp_sparse_hardinit_basin_partition_control,gated_transfer_linear,13,0.22256067395210266,0.6195683479309082,0.6815586090087891,True,True,True
mlp_sparse_hardinit_basin_partition_control,gated_transfer_linear,14,0.2939184904098511,0.7396131157875061,0.7944586873054504,True,True,True
mlp_zero_sparse_hardinit_basin_partition_control,claude_arrested_spiral,0,1.4695194959640503,3.2302355766296387,3.4532527923583984,True,True,True
mlp_zero_sparse_hardinit_basin_partition_control,claude_arrested_spiral,1,1.387704610824585,2.6420350074768066,2.771693706512451,True,True,True
mlp_zero_sparse_hardinit_basin_partition_control,claude_arrested_spiral,2,0.6547194123268127,2.4953315258026123,3.959730625152588,True,True,True
mlp_zero_sparse_hardinit_basin_partition_control,claude_arrested_spiral,3,0.4901617467403412,2.0642952919006348,2.2122671604156494,True,True,True
mlp_zero_sparse_hardinit_basin_partition_control,claude_arrested_spiral,4,1.073662519454956,2.658240556716919,2.848212242126465,True,True,True
mlp_zero_sparse_hardinit_basin_partition_control,claude_arrested_spiral,5,0.5117718577384949,2.150367498397827,2.3717074394226074,True,True,True
mlp_zero_sparse_hardinit_basin_partition_control,claude_arrested_spiral,6,1.6302584409713745,3.1309545040130615,3.2996466159820557,True,True,True
mlp_zero_sparse_hardinit_basin_partition_control,claude_arrested_spiral,8,1.1169883012771606,2.505411148071289,2.6540117263793945,True,True,True
mlp_zero_sparse_hardinit_basin_partition_control,claude_arrested_spiral,9,0.38051876425743103,0.674659252166748,0.7173457145690918,True,True,True
mlp_zero_sparse_hardinit_basin_partition_control,claude_cal_asymmetric_3,0,0.44492244720458984,1.7735998630523682,1.9597700834274292,True,True,True
mlp_zero_sparse_hardinit_basin_partition_control,claude_cal_asymmetric_3,1,0.5510831475257874,1.7800782918930054,1.9448589086532593,True,True,True
mlp_zero_sparse_hardinit_basin_partition_control,claude_cal_asymmetric_3,2,0.6703992486000061,3.5999648571014404,4.11565637588501,True,True,True
mlp_zero_sparse_hardinit_basin_partition_control,claude_cal_asymmetric_3,3,1.251479148864746,4.539299964904785,4.355945587158203,True,True,True
mlp_zero_sparse_hardinit_basin_partition_control,claude_cal_asymmetric_3,4,1.393166184425354,4.735750675201416,4.521963596343994,True,True,True
mlp_zero_sparse_hardinit_basin_partition_control,claude_cal_asymmetric_3,5,1.4144272804260254,4.692875862121582,4.510389804840088,True,True,True
mlp_zero_sparse_hardinit_basin_partition_control,claude_cal_asymmetric_3,7,0.6102259755134583,1.8397891521453857,2.004033088684082,True,True,True
mlp_zero_sparse_hardinit_basin_partition_control,claude_cal_asymmetric_3,8,1.641263723373413,4.746911525726318,4.637240886688232,True,True,True
mlp_zero_sparse_hardinit_basin_partition_control,claude_cal_asymmetric_3,9,0.22435405850410461,1.6126612424850464,1.8653453588485718,True,True,True
mlp_zero_sparse_hardinit_basin_partition_control,claude_cal_hexagon_6,0,0.3103088438510895,1.9314688444137573,2.207529067993164,True,True,True
mlp_zero_sparse_hardinit_basin_partition_control,claude_cal_hexagon_6,1,1.4056204557418823,4.235910415649414,4.986224174499512,True,True,True
mlp_zero_sparse_hardinit_basin_partition_control,claude_cal_hexagon_6,2,1.2933322191238403,3.8845033645629883,4.416130542755127,True,True,True
mlp_zero_sparse_hardinit_basin_partition_control,claude_cal_hexagon_6,3,1.497159481048584,3.888930559158325,3.931715726852417,True,True,True
mlp_zero_sparse_hardinit_basin_partition_control,claude_cal_hexagon_6,4,1.2574288845062256,2.6829147338867188,2.6628899574279785,True,True,True
mlp_zero_sparse_hardinit_basin_partition_control,claude_cal_hexagon_6,6,1.3088798522949219,3.3006982803344727,3.795703172683716,True,True,True
mlp_zero_sparse_hardinit_basin_partition_control,claude_cal_hexagon_6,7,1.2575949430465698,3.2823238372802734,3.804351806640625,True,True,True
mlp_zero_sparse_hardinit_basin_partition_control,claude_cal_hexagon_6,8,1.2759779691696167,2.6443839073181152,2.6355085372924805,True,True,True
mlp_zero_sparse_hardinit_basin_partition_control,claude_cal_hexagon_6,9,1.6093767881393433,4.672910213470459,4.480431079864502,True,True,True
mlp_zero_sparse_hardinit_basin_partition_control,claude_cal_high_cross_3,0,2.3564209938049316,4.761650562286377,5.013870716094971,True,True,True
mlp_zero_sparse_hardinit_basin_partition_control,claude_cal_high_cross_3,1,2.9131414890289307,5.137903213500977,5.183561325073242,True,True,True
mlp_zero_sparse_hardinit_basin_partition_control,claude_cal_high_cross_3,2,1.917676568031311,4.463862419128418,5.056244850158691,True,True,True
mlp_zero_sparse_hardinit_basin_partition_control,claude_cal_high_cross_3,3,1.9067209959030151,5.049712657928467,5.161993503570557,True,True,True
mlp_zero_sparse_hardinit_basin_partition_control,claude_cal_high_cross_3,4,3.2975504398345947,4.8102498054504395,4.825376987457275,True,True,True
mlp_zero_sparse_hardinit_basin_partition_control,claude_cal_high_cross_3,5,2.0211493968963623,4.681490898132324,5.128731727600098,True,True,True
mlp_zero_sparse_hardinit_basin_partition_control,claude_cal_high_cross_3,6,2.3611268997192383,4.610733509063721,5.180463790893555,True,True,True
mlp_zero_sparse_hardinit_basin_partition_control,claude_cal_high_cross_3,7,1.5530279874801636,4.594153881072998,4.604560852050781,True,True,True
mlp_zero_sparse_hardinit_basin_partition_control,claude_cal_high_cross_3,8,3.213927984237671,5.318599224090576,5.368724822998047,True,True,True
mlp_zero_sparse_hardinit_basin_partition_control,claude_cal_high_cross_3,9,1.767405390739441,5.068073749542236,5.125647068023682,True,True,True
mlp_zero_sparse_hardinit_basin_partition_control,claude_cal_octagon_8,0,3.308732271194458,6.477400302886963,5.905023097991943,True,True,True
mlp_zero_sparse_hardinit_basin_partition_control,claude_cal_octagon_8,1,3.4312493801116943,6.286019325256348,5.882540225982666,True,True,True
mlp_zero_sparse_hardinit_basin_partition_control,claude_cal_octagon_8,2,3.345385789871216,6.3957648277282715,5.803739547729492,True,True,True
mlp_zero_sparse_hardinit_basin_partition_control,claude_cal_octagon_8,3,3.464432954788208,5.9049530029296875,5.340784072875977,True,True,True
mlp_zero_sparse_hardinit_basin_partition_control,claude_cal_octagon_8,4,3.783364772796631,6.490151882171631,6.110019683837891,True,True,True
mlp_zero_sparse_hardinit_basin_partition_control,claude_cal_octagon_8,5,2.9120872020721436,7.630159854888916,7.420790195465088,True,True,True
mlp_zero_sparse_hardinit_basin_partition_control,claude_cal_octagon_8,6,3.4625132083892822,6.291479110717773,5.85049295425415,True,True,True
mlp_zero_sparse_hardinit_basin_partition_control,claude_cal_octagon_8,7,2.985863447189331,5.2298760414123535,4.825905799865723,True,True,True
mlp_zero_sparse_hardinit_basin_partition_control,claude_cal_octagon_8,8,3.252074956893921,5.855596542358398,5.294314384460449,True,True,True
mlp_zero_sparse_hardinit_basin_partition_control,claude_cal_octagon_8,9,2.9763197898864746,5.146844863891602,4.814784049987793,True,True,True
mlp_zero_sparse_hardinit_basin_partition_control,claude_cal_pentagon_5,0,0.21032968163490295,0.7077507972717285,0.9087489247322083,True,True,True
mlp_zero_sparse_hardinit_basin_partition_control,claude_cal_pentagon_5,1,0.3034543991088867,2.485281467437744,2.887394666671753,True,True,True
mlp_zero_sparse_hardinit_basin_partition_control,claude_cal_pentagon_5,2,0.12344247847795486,0.24543625116348267,0.2607659101486206,True,True,True
mlp_zero_sparse_hardinit_basin_partition_control,claude_cal_pentagon_5,3,0.23254375159740448,0.8319731950759888,0.9196742177009583,True,True,True
mlp_zero_sparse_hardinit_basin_partition_control,claude_cal_pentagon_5,4,1.761481523513794,5.0546088218688965,4.767877578735352,True,True,True
mlp_zero_sparse_hardinit_basin_partition_control,claude_cal_pentagon_5,5,1.2174495458602905,4.276841640472412,4.664129257202148,True,True,True
mlp_zero_sparse_hardinit_basin_partition_control,claude_cal_pentagon_5,6,0.5439092516899109,4.404453277587891,5.496420860290527,True,True,True
mlp_zero_sparse_hardinit_basin_partition_control,claude_cal_pentagon_5,7,0.2519475817680359,1.1890873908996582,1.403872013092041,True,True,True
mlp_zero_sparse_hardinit_basin_partition_control,claude_cal_pentagon_5,8,0.20132507383823395,0.35719168186187744,0.37912487983703613,True,True,True
mlp_zero_sparse_hardinit_basin_partition_control,claude_cal_pentagon_5,9,0.12986674904823303,0.26242607831954956,0.28265324234962463,True,True,True
mlp_zero_sparse_hardinit_basin_partition_control,claude_cal_square_4,0,0.11349951475858688,0.1361130177974701,0.13892576098442078,True,True,True
mlp_zero_sparse_hardinit_basin_partition_control,claude_cal_square_4,1,0.06586071848869324,0.07808426022529602,0.07959970831871033,True,True,True
mlp_zero_sparse_hardinit_basin_partition_control,claude_cal_square_4,2,0.06262851506471634,0.08049655705690384,0.08272576332092285,True,True,True
mlp_zero_sparse_hardinit_basin_partition_control,claude_cal_square_4,3,0.11493226885795593,0.13650526106357574,0.1391931027173996,True,True,True
mlp_zero_sparse_hardinit_basin_partition_control,claude_cal_square_4,4,0.07565455138683319,0.09127167612314224,0.09322374314069748,True,True,True
mlp_zero_sparse_hardinit_basin_partition_control,claude_cal_square_4,5,0.20560961961746216,0.31888720393180847,0.33302223682403564,True,True,True
mlp_zero_sparse_hardinit_basin_partition_control,claude_cal_square_4,6,0.14157138764858246,0.16673751175403595,0.16988474130630493,True,True,True
mlp_zero_sparse_hardinit_basin_partition_control,claude_cal_square_4,7,0.12464366853237152,0.18291951715946198,0.19014622271060944,True,True,True
mlp_zero_sparse_hardinit_basin_partition_control,claude_cal_square_4,8,0.21821850538253784,0.33018675446510315,0.34415704011917114,True,True,True
mlp_zero_sparse_hardinit_basin_partition_control,claude_cal_square_4,9,0.23428714275360107,0.3508951663970947,0.3654662072658539,True,True,True
mlp_zero_sparse_hardinit_basin_partition_control,claude_duffing_triple_well,0,0.009837177582085133,0.017353562638163567,0.009828559122979641,True,True,True
mlp_zero_sparse_hardinit_basin_partition_control,claude_duffing_triple_well,1,0.006966480985283852,0.019436337053775787,0.011835869401693344,True,True,True
mlp_zero_sparse_hardinit_basin_partition_control,claude_duffing_triple_well,2,0.004647654946893454,0.016525207087397575,0.009575755335390568,True,True,True
mlp_zero_sparse_hardinit_basin_partition_control,claude_duffing_triple_well,3,0.009962433017790318,0.025615308433771133,0.013679537922143936,True,True,True
mlp_zero_sparse_hardinit_basin_partition_control,claude_duffing_triple_well,4,0.02512323297560215,0.10107564181089401,0.05296716094017029,True,True,True
mlp_zero_sparse_hardinit_basin_partition_control,claude_duffing_triple_well,5,0.017003506422042847,0.04200127720832825,0.026352424174547195,True,True,True
mlp_zero_sparse_hardinit_basin_partition_control,claude_duffing_triple_well,6,0.022678323090076447,0.08277752250432968,0.050484754145145416,True,True,True
mlp_zero_sparse_hardinit_basin_partition_control,claude_duffing_triple_well,7,0.024448860436677933,0.05071273446083069,0.02802480384707451,True,True,True
mlp_zero_sparse_hardinit_basin_partition_control,claude_duffing_triple_well,8,0.012584605254232883,0.06307429075241089,0.0384320467710495,True,True,True
mlp_zero_sparse_hardinit_basin_partition_control,claude_duffing_triple_well,9,0.020307958126068115,0.06936106085777283,0.04710647091269493,True,True,True
mlp_zero_sparse_hardinit_basin_partition_control,claude_snic_multi,0,0.024388834834098816,0.057753533124923706,0.06239832937717438,True,True,True
mlp_zero_sparse_hardinit_basin_partition_control,claude_snic_multi,1,0.04442140460014343,0.1531609445810318,0.16799809038639069,True,True,True
mlp_zero_sparse_hardinit_basin_partition_control,claude_snic_multi,2,0.024771228432655334,0.07888653874397278,0.08772935718297958,True,True,True
mlp_zero_sparse_hardinit_basin_partition_control,claude_snic_multi,3,0.022162234410643578,0.06947412341833115,0.07603995501995087,True,True,True
mlp_zero_sparse_hardinit_basin_partition_control,claude_snic_multi,4,0.02755235880613327,0.06460479646921158,0.0697602778673172,True,True,True
mlp_zero_sparse_hardinit_basin_partition_control,claude_snic_multi,5,0.03343113139271736,0.12722596526145935,0.1413840800523758,True,True,True
mlp_zero_sparse_hardinit_basin_partition_control,claude_snic_multi,6,0.038795456290245056,0.11656925082206726,0.1273549497127533,True,True,True
mlp_zero_sparse_hardinit_basin_partition_control,claude_snic_multi,7,0.034355588257312775,0.11029732972383499,0.12078399956226349,True,True,True
mlp_zero_sparse_hardinit_basin_partition_control,claude_snic_multi,8,0.03400443494319916,0.10077609866857529,0.10974959284067154,True,True,True
mlp_zero_sparse_hardinit_basin_partition_control,claude_snic_multi,9,0.029983483254909515,0.07416874915361404,0.08001752942800522,True,True,True
mlp_zero_sparse_hardinit_basin_partition_control,claude_transition_routes_4,0,0.13778480887413025,3.021702527999878,4.092628002166748,True,True,True
mlp_zero_sparse_hardinit_basin_partition_control,claude_transition_routes_4,1,0.08707387000322342,1.409745216369629,1.934323787689209,True,True,True
mlp_zero_sparse_hardinit_basin_partition_control,claude_transition_routes_4,2,1.7717280387878418,7.431495189666748,8.466257095336914,True,True,True
mlp_zero_sparse_hardinit_basin_partition_control,claude_transition_routes_4,3,0.8516011238098145,7.200965404510498,8.141335487365723,True,True,True
mlp_zero_sparse_hardinit_basin_partition_control,claude_transition_routes_4,4,0.9400100708007812,6.949792385101318,8.044463157653809,True,True,True
mlp_zero_sparse_hardinit_basin_partition_control,claude_transition_routes_4,5,0.9712159037590027,7.115973949432373,8.103827476501465,True,True,True
mlp_zero_sparse_hardinit_basin_partition_control,claude_transition_routes_4,6,1.227481722831726,7.015542984008789,8.277936935424805,True,True,True
mlp_zero_sparse_hardinit_basin_partition_control,claude_transition_routes_4,7,1.4226783514022827,7.037639141082764,8.493967056274414,True,True,True
mlp_zero_sparse_hardinit_basin_partition_control,claude_transition_routes_4,8,0.15961182117462158,3.1243278980255127,4.454765796661377,True,True,True
mlp_zero_sparse_hardinit_basin_partition_control,claude_transition_routes_4,9,0.25099676847457886,7.4287261962890625,9.184805870056152,True,True,True
mlp_zero_sparse_hardinit_basin_partition_control,claude_var_depth_gradient_4,0,0.16736005246639252,0.3343355655670166,0.35516875982284546,True,True,True
mlp_zero_sparse_hardinit_basin_partition_control,claude_var_depth_gradient_4,1,0.14459718763828278,0.2096031755208969,0.21772968769073486,True,True,True
mlp_zero_sparse_hardinit_basin_partition_control,claude_var_depth_gradient_4,2,0.12939317524433136,0.19891928136348724,0.20760855078697205,True,True,True
mlp_zero_sparse_hardinit_basin_partition_control,claude_var_depth_gradient_4,3,0.1905020922422409,0.35626423358917236,0.37700772285461426,True,True,True
mlp_zero_sparse_hardinit_basin_partition_control,claude_var_depth_gradient_4,4,0.12128905951976776,0.16308872401714325,0.16831336915493011,True,True,True
mlp_zero_sparse_hardinit_basin_partition_control,claude_var_depth_gradient_4,5,0.10944882035255432,0.1444833129644394,0.14885883033275604,True,True,True
mlp_zero_sparse_hardinit_basin_partition_control,claude_var_depth_gradient_4,6,0.08732795715332031,0.14204609394073486,0.1506459265947342,True,True,True
mlp_zero_sparse_hardinit_basin_partition_control,claude_var_depth_gradient_4,7,0.14841292798519135,0.21073932945728302,0.2185303121805191,True,True,True
mlp_zero_sparse_hardinit_basin_partition_control,claude_var_depth_gradient_4,8,0.0814094990491867,0.137030228972435,0.14398513734340668,True,True,True
mlp_zero_sparse_hardinit_basin_partition_control,claude_var_depth_gradient_4,9,0.09268943965435028,0.13187482953071594,0.13677333295345306,True,True,True
mlp_zero_sparse_hardinit_basin_partition_control,claude_var_diamond_4,0,0.15335312485694885,0.3704916834831238,0.40912696719169617,True,True,True
mlp_zero_sparse_hardinit_basin_partition_control,claude_var_diamond_4,1,0.18807315826416016,2.1362664699554443,2.6151747703552246,True,True,True
mlp_zero_sparse_hardinit_basin_partition_control,claude_var_diamond_4,2,0.08837873488664627,0.20527002215385437,0.23640544712543488,True,True,True
mlp_zero_sparse_hardinit_basin_partition_control,claude_var_diamond_4,3,1.9995962381362915,7.127750396728516,6.8553948402404785,True,True,True
mlp_zero_sparse_hardinit_basin_partition_control,claude_var_diamond_4,4,2.4632561206817627,7.177312850952148,7.166480541229248,True,True,True
mlp_zero_sparse_hardinit_basin_partition_control,claude_var_diamond_4,5,0.13935114443302155,0.42513665556907654,0.4751752018928528,True,True,True
mlp_zero_sparse_hardinit_basin_partition_control,claude_var_diamond_4,6,2.1060330867767334,7.472148895263672,7.091591835021973,True,True,True
mlp_zero_sparse_hardinit_basin_partition_control,claude_var_diamond_4,7,0.21425801515579224,0.5877277851104736,0.6556829214096069,True,True,True
mlp_zero_sparse_hardinit_basin_partition_control,claude_var_diamond_4,8,1.7340503931045532,6.9800214767456055,6.952185153961182,True,True,True
mlp_zero_sparse_hardinit_basin_partition_control,claude_var_diamond_4,9,0.20115627348423004,3.210400104522705,7.203557968139648,True,True,True
mlp_zero_sparse_hardinit_basin_partition_control,claude_var_l_shape_5,0,0.6088300943374634,3.726296901702881,5.551568508148193,True,True,True
mlp_zero_sparse_hardinit_basin_partition_control,claude_var_l_shape_5,1,1.0305359363555908,5.4378981590271,5.8859663009643555,True,True,True
mlp_zero_sparse_hardinit_basin_partition_control,claude_var_l_shape_5,2,0.6640271544456482,4.8889689445495605,5.979548931121826,True,True,True
mlp_zero_sparse_hardinit_basin_partition_control,claude_var_l_shape_5,3,1.3142030239105225,4.393500804901123,5.024545669555664,True,True,True
mlp_zero_sparse_hardinit_basin_partition_control,claude_var_l_shape_5,4,0.5116409063339233,3.692427396774292,5.752630710601807,True,True,True
mlp_zero_sparse_hardinit_basin_partition_control,claude_var_l_shape_5,5,1.1689141988754272,4.221463680267334,4.701077938079834,True,True,True
mlp_zero_sparse_hardinit_basin_partition_control,claude_var_l_shape_5,6,0.5186057686805725,4.936026096343994,6.477504730224609,True,True,True
mlp_zero_sparse_hardinit_basin_partition_control,claude_var_l_shape_5,7,0.27458226680755615,0.9949820041656494,1.1461719274520874,True,True,True
mlp_zero_sparse_hardinit_basin_partition_control,claude_var_l_shape_5,8,0.5320026278495789,6.039458751678467,5.779421329498291,True,True,True
mlp_zero_sparse_hardinit_basin_partition_control,claude_var_l_shape_5,9,0.5012938976287842,1.6414272785186768,1.8206584453582764,True,True,True
mlp_zero_sparse_hardinit_basin_partition_control,gated_local_linear,0,0.18997088074684143,0.26842448115348816,0.273307204246521,True,True,True
mlp_zero_sparse_hardinit_basin_partition_control,gated_local_linear,1,0.18628688156604767,0.29020553827285767,0.30971431732177734,True,True,True
mlp_zero_sparse_hardinit_basin_partition_control,gated_local_linear,2,0.1442716270685196,0.11430367827415466,0.10953542590141296,True,True,True
mlp_zero_sparse_hardinit_basin_partition_control,gated_local_linear,3,0.09375333786010742,0.09643878042697906,0.09731721878051758,True,True,True
mlp_zero_sparse_hardinit_basin_partition_control,gated_local_linear,4,0.11373202502727509,0.1092929095029831,0.10865499824285507,True,True,True
mlp_zero_sparse_hardinit_basin_partition_control,gated_local_linear,5,0.13013926148414612,0.17638225853443146,0.1828993856906891,True,True,True
mlp_zero_sparse_hardinit_basin_partition_control,gated_local_linear,6,0.1847412884235382,0.19313779473304749,0.1944582164287567,True,True,True
mlp_zero_sparse_hardinit_basin_partition_control,gated_local_linear,7,0.11309830844402313,0.11975894123315811,0.12066593021154404,True,True,True
mlp_zero_sparse_hardinit_basin_partition_control,gated_local_linear,8,0.13819792866706848,0.17607443034648895,0.18137645721435547,True,True,True
mlp_zero_sparse_hardinit_basin_partition_control,gated_local_linear,9,0.1540631353855133,0.1880960613489151,0.1922471970319748,True,True,True
mlp_zero_sparse_hardinit_basin_partition_control,gated_transfer_linear,0,0.4227708876132965,0.9086039662361145,0.9699804186820984,True,True,True
mlp_zero_sparse_hardinit_basin_partition_control,gated_transfer_linear,1,0.5012123584747314,1.065740704536438,1.145398497581482,True,True,True
mlp_zero_sparse_hardinit_basin_partition_control,gated_transfer_linear,2,0.5055157542228699,1.0677686929702759,1.1397284269332886,True,True,True
mlp_zero_sparse_hardinit_basin_partition_control,gated_transfer_linear,3,0.43354254961013794,0.9370978474617004,0.9993236660957336,True,True,True
mlp_zero_sparse_hardinit_basin_partition_control,gated_transfer_linear,4,0.5336549878120422,1.076585054397583,1.143022894859314,True,True,True
mlp_zero_sparse_hardinit_basin_partition_control,gated_transfer_linear,5,0.567766547203064,1.3534561395645142,1.4569402933120728,True,True,True
mlp_zero_sparse_hardinit_basin_partition_control,gated_transfer_linear,6,0.5763468146324158,1.1707093715667725,1.248795747756958,True,True,True
mlp_zero_sparse_hardinit_basin_partition_control,gated_transfer_linear,7,0.4838382601737976,1.0623823404312134,1.141901969909668,True,True,True
mlp_zero_sparse_hardinit_basin_partition_control,gated_transfer_linear,8,0.5457505583763123,1.0577656030654907,1.1215535402297974,True,True,True
mlp_zero_sparse_hardinit_basin_partition_control,gated_transfer_linear,9,0.5591557621955872,1.1820334196090698,1.2591403722763062,True,True,True
mlp_zero_sparse_hardinit_basin_partition_control,claude_arrested_spiral,10,0.7615339756011963,3.080110549926758,3.6941633224487305,True,True,True
mlp_zero_sparse_hardinit_basin_partition_control,claude_arrested_spiral,11,1.0934754610061646,2.706430435180664,2.9065864086151123,True,True,True
mlp_zero_sparse_hardinit_basin_partition_control,claude_arrested_spiral,12,1.4053313732147217,3.8263843059539795,4.152314186096191,True,True,True
mlp_zero_sparse_hardinit_basin_partition_control,claude_arrested_spiral,13,0.43246012926101685,0.6335145235061646,0.671141505241394,True,True,True
mlp_zero_sparse_hardinit_basin_partition_control,claude_arrested_spiral,14,0.6022260189056396,3.4778380393981934,4.476629257202148,True,True,True
mlp_zero_sparse_hardinit_basin_partition_control,claude_arrested_spiral,7,2.745953321456909,3.0902349948883057,3.040005683898926,True,True,True
mlp_zero_sparse_hardinit_basin_partition_control,claude_cal_asymmetric_3,10,1.5925378799438477,4.324709892272949,4.091808319091797,True,True,True
mlp_zero_sparse_hardinit_basin_partition_control,claude_cal_asymmetric_3,11,1.6171108484268188,3.6203207969665527,3.285648822784424,True,True,True
mlp_zero_sparse_hardinit_basin_partition_control,claude_cal_asymmetric_3,12,1.8107616901397705,4.499771595001221,4.429134368896484,True,True,True
mlp_zero_sparse_hardinit_basin_partition_control,claude_cal_asymmetric_3,13,0.5494292974472046,3.55320405960083,4.206037521362305,True,True,True
mlp_zero_sparse_hardinit_basin_partition_control,claude_cal_asymmetric_3,14,0.4351744055747986,1.7567138671875,1.9369409084320068,True,True,True
mlp_zero_sparse_hardinit_basin_partition_control,claude_cal_asymmetric_3,6,1.6390433311462402,4.69297981262207,4.559908866882324,True,True,True
mlp_zero_sparse_hardinit_basin_partition_control,claude_cal_hexagon_6,10,1.4519903659820557,4.608370780944824,4.557168006896973,True,True,True
mlp_zero_sparse_hardinit_basin_partition_control,claude_cal_hexagon_6,11,1.7599066495895386,4.898452281951904,4.4973859786987305,True,True,True
mlp_zero_sparse_hardinit_basin_partition_control,claude_cal_hexagon_6,12,1.1214919090270996,3.145003080368042,3.596510887145996,True,True,True
mlp_zero_sparse_hardinit_basin_partition_control,claude_cal_hexagon_6,13,1.5125867128372192,4.4741411209106445,4.824923038482666,True,True,True
mlp_zero_sparse_hardinit_basin_partition_control,claude_cal_hexagon_6,14,1.0904494524002075,3.438236713409424,3.8306212425231934,True,True,True
mlp_zero_sparse_hardinit_basin_partition_control,claude_cal_hexagon_6,5,1.3738933801651,4.257989406585693,4.809484481811523,True,True,True
mlp_zero_sparse_hardinit_basin_partition_control,claude_cal_high_cross_3,10,1.6765708923339844,5.119473934173584,5.14970588684082,True,True,True
mlp_zero_sparse_hardinit_basin_partition_control,claude_cal_high_cross_3,11,1.216903567314148,4.641615390777588,5.086061000823975,True,True,True
mlp_zero_sparse_hardinit_basin_partition_control,claude_cal_high_cross_3,12,1.7045992612838745,4.9054036140441895,5.199484348297119,True,True,True
mlp_zero_sparse_hardinit_basin_partition_control,claude_cal_high_cross_3,13,1.76483952999115,4.630967140197754,4.873528480529785,True,True,True
mlp_zero_sparse_hardinit_basin_partition_control,claude_cal_high_cross_3,14,2.3976070880889893,4.782484531402588,5.302790641784668,True,True,True
mlp_zero_sparse_hardinit_basin_partition_control,claude_cal_octagon_8,10,2.859182119369507,7.468717098236084,7.044498920440674,True,True,True
mlp_zero_sparse_hardinit_basin_partition_control,claude_cal_octagon_8,11,3.39866304397583,6.841135025024414,6.349583625793457,True,True,True
mlp_zero_sparse_hardinit_basin_partition_control,claude_cal_octagon_8,12,2.985461711883545,5.5281219482421875,4.983639240264893,True,True,True
mlp_zero_sparse_hardinit_basin_partition_control,claude_cal_octagon_8,13,3.5065033435821533,6.685431957244873,6.228796482086182,True,True,True
mlp_zero_sparse_hardinit_basin_partition_control,claude_cal_octagon_8,14,3.6813433170318604,6.9004597663879395,6.541688442230225,True,True,True
mlp_zero_sparse_hardinit_basin_partition_control,claude_cal_pentagon_5,10,0.22138378024101257,1.2355093955993652,1.4935215711593628,True,True,True
mlp_zero_sparse_hardinit_basin_partition_control,claude_cal_pentagon_5,11,0.4120635986328125,2.983407497406006,3.4583685398101807,True,True,True
mlp_zero_sparse_hardinit_basin_partition_control,claude_cal_pentagon_5,12,0.2023172229528427,0.3483152687549591,0.366583913564682,True,True,True
mlp_zero_sparse_hardinit_basin_partition_control,claude_cal_pentagon_5,13,0.5717648267745972,4.959319591522217,5.484298229217529,True,True,True
mlp_zero_sparse_hardinit_basin_partition_control,claude_cal_pentagon_5,14,0.17742200195789337,0.3173030912876129,0.3347879648208618,True,True,True
mlp_zero_sparse_hardinit_basin_partition_control,claude_cal_square_4,10,0.14769765734672546,0.2071271389722824,0.21452537178993225,True,True,True
mlp_zero_sparse_hardinit_basin_partition_control,claude_cal_square_4,11,0.05238817632198334,0.07652231305837631,0.07961681485176086,True,True,True
mlp_zero_sparse_hardinit_basin_partition_control,claude_cal_square_4,12,0.08375559747219086,0.10125130414962769,0.10343831032514572,True,True,True
mlp_zero_sparse_hardinit_basin_partition_control,claude_cal_square_4,13,0.06928002089262009,0.07999424636363983,0.08127815276384354,True,True,True
mlp_zero_sparse_hardinit_basin_partition_control,claude_cal_square_4,14,0.11175670474767685,0.19239376485347748,0.20240280032157898,True,True,True
mlp_zero_sparse_hardinit_basin_partition_control,claude_duffing_triple_well,10,0.0038167471066117287,0.006712163798511028,0.004512932151556015,True,True,True
mlp_zero_sparse_hardinit_basin_partition_control,claude_duffing_triple_well,11,0.0248419139534235,0.04560897871851921,0.023896250873804092,True,True,True
mlp_zero_sparse_hardinit_basin_partition_control,claude_duffing_triple_well,12,0.0035075682681053877,0.0059998794458806515,0.0035478335339576006,True,True,True
mlp_zero_sparse_hardinit_basin_partition_control,claude_duffing_triple_well,13,0.004451839718967676,0.013696746900677681,0.00850411131978035,True,True,True
mlp_zero_sparse_hardinit_basin_partition_control,claude_duffing_triple_well,14,0.03402885049581528,0.11550137400627136,0.07254835218191147,True,True,True
mlp_zero_sparse_hardinit_basin_partition_control,claude_snic_multi,10,0.029501106590032578,0.09921643137931824,0.10979462414979935,True,True,True
mlp_zero_sparse_hardinit_basin_partition_control,claude_snic_multi,11,0.039999332278966904,0.1356748640537262,0.15135642886161804,True,True,True
mlp_zero_sparse_hardinit_basin_partition_control,claude_snic_multi,12,0.04217973351478577,0.14232371747493744,0.15721210837364197,True,True,True
mlp_zero_sparse_hardinit_basin_partition_control,claude_snic_multi,13,0.02834269031882286,0.09893634915351868,0.11050322651863098,True,True,True
mlp_zero_sparse_hardinit_basin_partition_control,claude_snic_multi,14,0.047348808497190475,0.12915030121803284,0.14022502303123474,True,True,True
mlp_zero_sparse_hardinit_basin_partition_control,claude_transition_routes_4,10,1.2384495735168457,7.19265604019165,8.677066802978516,True,True,True
mlp_zero_sparse_hardinit_basin_partition_control,claude_transition_routes_4,11,1.3796360492706299,6.8588361740112305,8.238774299621582,True,True,True
mlp_zero_sparse_hardinit_basin_partition_control,claude_transition_routes_4,12,1.1488189697265625,7.120996475219727,8.231629371643066,True,True,True
mlp_zero_sparse_hardinit_basin_partition_control,claude_transition_routes_4,13,0.4765572249889374,7.7908735275268555,8.012042045593262,True,True,True
mlp_zero_sparse_hardinit_basin_partition_control,claude_transition_routes_4,14,1.2292184829711914,6.895486354827881,8.327352523803711,True,True,True
mlp_zero_sparse_hardinit_basin_partition_control,claude_var_depth_gradient_4,10,0.11010358482599258,0.1841307431459427,0.193382129073143,True,True,True
mlp_zero_sparse_hardinit_basin_partition_control,claude_var_depth_gradient_4,11,0.21586249768733978,0.28917086124420166,0.29823052883148193,True,True,True
mlp_zero_sparse_hardinit_basin_partition_control,claude_var_depth_gradient_4,12,0.10233321785926819,0.14179320633411407,0.14671899378299713,True,True,True
mlp_zero_sparse_hardinit_basin_partition_control,claude_var_depth_gradient_4,13,0.05243450775742531,0.07607267051935196,0.0790276825428009,True,True,True
mlp_zero_sparse_hardinit_basin_partition_control,claude_var_depth_gradient_4,14,0.07082810997962952,0.08665060997009277,0.08862849324941635,True,True,True
mlp_zero_sparse_hardinit_basin_partition_control,claude_var_diamond_4,10,1.8216979503631592,7.018829822540283,6.66475772857666,True,True,True
mlp_zero_sparse_hardinit_basin_partition_control,claude_var_diamond_4,11,1.8902496099472046,7.2357659339904785,6.851780891418457,True,True,True
mlp_zero_sparse_hardinit_basin_partition_control,claude_var_diamond_4,12,0.8650768399238586,5.938454627990723,6.692955493927002,True,True,True
mlp_zero_sparse_hardinit_basin_partition_control,claude_var_diamond_4,13,1.3791778087615967,6.444174289703369,7.327970027923584,True,True,True
mlp_zero_sparse_hardinit_basin_partition_control,claude_var_diamond_4,14,0.16288769245147705,0.5367529392242432,0.5948970317840576,True,True,True
mlp_zero_sparse_hardinit_basin_partition_control,claude_var_l_shape_5,10,0.4526800215244293,1.7010859251022339,1.8867788314819336,True,True,True
mlp_zero_sparse_hardinit_basin_partition_control,claude_var_l_shape_5,11,1.3733705282211304,3.5123517513275146,3.6307294368743896,True,True,True
mlp_zero_sparse_hardinit_basin_partition_control,claude_var_l_shape_5,12,0.9671542644500732,4.235629081726074,4.485191822052002,True,True,True
mlp_zero_sparse_hardinit_basin_partition_control,claude_var_l_shape_5,13,0.4520900845527649,3.856649875640869,5.9478373527526855,True,True,True
mlp_zero_sparse_hardinit_basin_partition_control,claude_var_l_shape_5,14,1.0747215747833252,4.7169270515441895,4.8873748779296875,True,True,True
mlp_zero_sparse_hardinit_basin_partition_control,gated_local_linear,10,0.09898530691862106,0.10033037513494492,0.1006295308470726,True,True,True
mlp_zero_sparse_hardinit_basin_partition_control,gated_local_linear,11,0.4519210457801819,0.8853418231010437,0.9576107859611511,True,True,True
mlp_zero_sparse_hardinit_basin_partition_control,gated_local_linear,12,0.09774598479270935,0.10951833426952362,0.11149720102548599,True,True,True
mlp_zero_sparse_hardinit_basin_partition_control,gated_local_linear,13,0.09462666511535645,0.03815605491399765,0.030899548903107643,True,True,True
mlp_zero_sparse_hardinit_basin_partition_control,gated_local_linear,14,0.15570062398910522,0.18169857561588287,0.18530237674713135,True,True,True
mlp_zero_sparse_hardinit_basin_partition_control,gated_transfer_linear,10,0.5549428462982178,1.1960922479629517,1.294388771057129,True,True,True
mlp_zero_sparse_hardinit_basin_partition_control,gated_transfer_linear,11,0.4756700098514557,0.9847871661186218,1.0505483150482178,True,True,True
mlp_zero_sparse_hardinit_basin_partition_control,gated_transfer_linear,12,0.5631279945373535,1.1243077516555786,1.2017035484313965,True,True,True
mlp_zero_sparse_hardinit_basin_partition_control,gated_transfer_linear,13,0.4671810269355774,0.9368191361427307,1.001519799232483,True,True,True
mlp_zero_sparse_hardinit_basin_partition_control,gated_transfer_linear,14,0.464905709028244,0.9991243481636047,1.1016018390655518,True,True,True
lista_dense_softblock_signsplit_p256_hardinit_basin_partition,claude_arrested_spiral,0,0.032398074865341187,0.04667338356375694,0.04845801740884781,True,True,True
lista_dense_softblock_signsplit_p256_hardinit_basin_partition,claude_arrested_spiral,1,0.0318903885781765,0.03587163984775543,0.036363400518894196,True,True,True
lista_dense_softblock_signsplit_p256_hardinit_basin_partition,claude_arrested_spiral,10,0.022106148302555084,0.025684192776679993,0.026131607592105865,True,True,True
lista_dense_softblock_signsplit_p256_hardinit_basin_partition,claude_arrested_spiral,11,0.0016443602507933974,0.0012981079053133726,0.0012548130471259356,True,True,True
lista_dense_softblock_signsplit_p256_hardinit_basin_partition,claude_arrested_spiral,12,0.0034894593991339207,0.001908938749693334,0.0017116791568696499,True,True,True
lista_dense_softblock_signsplit_p256_hardinit_basin_partition,claude_arrested_spiral,13,0.00345348147675395,0.001303650438785553,0.00103493791539222,True,True,True
lista_dense_softblock_signsplit_p256_hardinit_basin_partition,claude_arrested_spiral,14,0.014299549162387848,0.022945303469896317,0.02402603067457676,True,True,True
lista_dense_softblock_signsplit_p256_hardinit_basin_partition,claude_arrested_spiral,2,0.003469396848231554,0.0009132971754297614,0.000594294280745089,True,True,True
lista_dense_softblock_signsplit_p256_hardinit_basin_partition,claude_arrested_spiral,3,0.004742973949760199,0.0027456695679575205,0.002495785243809223,True,True,True
lista_dense_softblock_signsplit_p256_hardinit_basin_partition,claude_arrested_spiral,4,0.004704901948571205,0.0012071272358298302,0.0007699124980717897,True,True,True
lista_dense_softblock_signsplit_p256_hardinit_basin_partition,claude_arrested_spiral,5,0.024937016889452934,0.031377919018268585,0.03218599408864975,True,True,True
lista_dense_softblock_signsplit_p256_hardinit_basin_partition,claude_arrested_spiral,6,0.015151399187743664,0.023711692541837692,0.024782054126262665,True,True,True
lista_dense_softblock_signsplit_p256_hardinit_basin_partition,claude_arrested_spiral,7,0.0414322130382061,0.05021117255091667,0.0513242669403553,True,True,True
lista_dense_softblock_signsplit_p256_hardinit_basin_partition,claude_arrested_spiral,8,0.002824027556926012,0.0017514994833618402,0.001617457251995802,True,True,True
lista_dense_softblock_signsplit_p256_hardinit_basin_partition,claude_arrested_spiral,9,0.00308525119908154,0.0013483379734680057,0.0011347320396453142,True,True,True
lista_dense_softblock_signsplit_p256_hardinit_basin_partition,claude_cal_asymmetric_3,0,0.06440117210149765,0.15422558784484863,0.16545157134532928,True,True,True
lista_dense_softblock_signsplit_p256_hardinit_basin_partition,claude_cal_asymmetric_3,1,0.0859723761677742,0.22132724523544312,0.23823539912700653,True,True,True
lista_dense_softblock_signsplit_p256_hardinit_basin_partition,claude_cal_asymmetric_3,10,0.048032209277153015,0.14802420139312744,0.16052722930908203,True,True,True
lista_dense_softblock_signsplit_p256_hardinit_basin_partition,claude_cal_asymmetric_3,11,0.001409402466379106,0.0007885980885475874,0.0007109160651452839,True,True,True
lista_dense_softblock_signsplit_p256_hardinit_basin_partition,claude_cal_asymmetric_3,12,0.007972635328769684,0.06702696532011032,0.07501618564128876,True,True,True
lista_dense_softblock_signsplit_p256_hardinit_basin_partition,claude_cal_asymmetric_3,13,0.0009154204744845629,0.0006385877495631576,0.0006041555316187441,True,True,True
lista_dense_softblock_signsplit_p256_hardinit_basin_partition,claude_cal_asymmetric_3,14,0.021984387189149857,0.07066141813993454,0.0767466351389885,True,True,True
lista_dense_softblock_signsplit_p256_hardinit_basin_partition,claude_cal_asymmetric_3,2,0.059671126306056976,0.14846310019493103,0.1595628410577774,True,True,True
lista_dense_softblock_signsplit_p256_hardinit_basin_partition,claude_cal_asymmetric_3,3,0.0012302856193855405,0.0010568283032625914,0.001035064342431724,True,True,True
lista_dense_softblock_signsplit_p256_hardinit_basin_partition,claude_cal_asymmetric_3,4,0.024491064250469208,0.07140409201383591,0.07726863026618958,True,True,True
lista_dense_softblock_signsplit_p256_hardinit_basin_partition,claude_cal_asymmetric_3,5,0.02576654963195324,0.0730656310915947,0.0789785087108612,True,True,True
lista_dense_softblock_signsplit_p256_hardinit_basin_partition,claude_cal_asymmetric_3,6,0.016605937853455544,0.06949098408222198,0.07610166072845459,True,True,True
lista_dense_softblock_signsplit_p256_hardinit_basin_partition,claude_cal_asymmetric_3,7,0.02738640084862709,0.07263001799583435,0.07828651368618011,True,True,True
lista_dense_softblock_signsplit_p256_hardinit_basin_partition,claude_cal_asymmetric_3,8,0.021409258246421814,0.07047754526138306,0.07661212980747223,True,True,True
lista_dense_softblock_signsplit_p256_hardinit_basin_partition,claude_cal_asymmetric_3,9,0.03953469917178154,0.08001396059989929,0.085079126060009,True,True,True
lista_dense_softblock_signsplit_p256_hardinit_basin_partition,claude_cal_hexagon_6,0,0.015947885811328888,0.026443280279636383,0.0277600958943367,True,True,True
lista_dense_softblock_signsplit_p256_hardinit_basin_partition,claude_cal_hexagon_6,1,0.015777377411723137,0.025840548798441887,0.027098461985588074,True,True,True
lista_dense_softblock_signsplit_p256_hardinit_basin_partition,claude_cal_hexagon_6,10,0.033071838319301605,0.050920356065034866,0.0531628355383873,True,True,True
lista_dense_softblock_signsplit_p256_hardinit_basin_partition,claude_cal_hexagon_6,11,0.026498818770051003,0.051123976707458496,0.054238300770521164,True,True,True
lista_dense_softblock_signsplit_p256_hardinit_basin_partition,claude_cal_hexagon_6,12,0.0332050547003746,0.052166298031806946,0.054536715149879456,True,True,True
lista_dense_softblock_signsplit_p256_hardinit_basin_partition,claude_cal_hexagon_6,13,0.028756599873304367,0.04868356138467789,0.05117440223693848,True,True,True
lista_dense_softblock_signsplit_p256_hardinit_basin_partition,claude_cal_hexagon_6,14,0.0038390769623219967,0.003328808583319187,0.003265024395659566,True,True,True
lista_dense_softblock_signsplit_p256_hardinit_basin_partition,claude_cal_hexagon_6,2,0.0021547365467995405,0.0010364741319790483,0.0008967667818069458,True,True,True
lista_dense_softblock_signsplit_p256_hardinit_basin_partition,claude_cal_hexagon_6,3,0.031980954110622406,0.05008769407868385,0.052356380969285965,True,True,True
lista_dense_softblock_signsplit_p256_hardinit_basin_partition,claude_cal_hexagon_6,4,0.01611158810555935,0.025137534365057945,0.026265669614076614,True,True,True
lista_dense_softblock_signsplit_p256_hardinit_basin_partition,claude_cal_hexagon_6,5,0.033326104283332825,0.049376893788576126,0.05138326808810234,True,True,True
lista_dense_softblock_signsplit_p256_hardinit_basin_partition,claude_cal_hexagon_6,6,0.0458398312330246,0.07423228025436401,0.07780425995588303,True,True,True
lista_dense_softblock_signsplit_p256_hardinit_basin_partition,claude_cal_hexagon_6,7,0.02690436877310276,0.048696279525756836,0.05142564699053764,True,True,True
lista_dense_softblock_signsplit_p256_hardinit_basin_partition,claude_cal_hexagon_6,8,0.0026033222675323486,0.0018021545838564634,0.0017020159866660833,True,True,True
lista_dense_softblock_signsplit_p256_hardinit_basin_partition,claude_cal_hexagon_6,9,0.04777632653713226,0.07574410736560822,0.07924564182758331,True,True,True
lista_dense_softblock_signsplit_p256_hardinit_basin_partition,claude_cal_high_cross_3,0,0.25456586480140686,0.6033046841621399,0.6499325633049011,True,True,True
lista_dense_softblock_signsplit_p256_hardinit_basin_partition,claude_cal_high_cross_3,1,0.13075405359268188,0.240435391664505,0.254138320684433,True,True,True
lista_dense_softblock_signsplit_p256_hardinit_basin_partition,claude_cal_high_cross_3,10,0.10511814057826996,0.16693605482578278,0.1746627241373062,True,True,True
lista_dense_softblock_signsplit_p256_hardinit_basin_partition,claude_cal_high_cross_3,11,0.13328087329864502,1.9288066625595093,2.7775261402130127,True,True,True
lista_dense_softblock_signsplit_p256_hardinit_basin_partition,claude_cal_high_cross_3,12,0.046510253101587296,0.0826338455080986,0.08714929223060608,True,True,True
lista_dense_softblock_signsplit_p256_hardinit_basin_partition,claude_cal_high_cross_3,13,0.16330887377262115,0.31842926144599915,0.3378046452999115,True,True,True
lista_dense_softblock_signsplit_p256_hardinit_basin_partition,claude_cal_high_cross_3,14,0.163832888007164,0.31580856442451477,0.3348053991794586,True,True,True
lista_dense_softblock_signsplit_p256_hardinit_basin_partition,claude_cal_high_cross_3,2,0.2126792073249817,0.4622229337692261,0.49340784549713135,True,True,True
lista_dense_softblock_signsplit_p256_hardinit_basin_partition,claude_cal_high_cross_3,3,0.12310464680194855,2.111715793609619,2.898594856262207,True,True,True
lista_dense_softblock_signsplit_p256_hardinit_basin_partition,claude_cal_high_cross_3,4,0.14072102308273315,0.2438848614692688,0.25678324699401855,True,True,True
lista_dense_softblock_signsplit_p256_hardinit_basin_partition,claude_cal_high_cross_3,5,0.11512699723243713,2.4583141803741455,3.0122487545013428,True,True,True
lista_dense_softblock_signsplit_p256_hardinit_basin_partition,claude_cal_high_cross_3,6,0.10222291201353073,0.16858287155628204,0.1768781989812851,True,True,True
lista_dense_softblock_signsplit_p256_hardinit_basin_partition,claude_cal_high_cross_3,7,0.0973857045173645,0.2334490269422531,0.25043198466300964,True,True,True
lista_dense_softblock_signsplit_p256_hardinit_basin_partition,claude_cal_high_cross_3,8,0.1537763476371765,1.5139007568359375,2.5433855056762695,True,True,True
lista_dense_softblock_signsplit_p256_hardinit_basin_partition,claude_cal_high_cross_3,9,0.21945741772651672,0.4654163122177124,0.4970077872276306,True,True,True
lista_dense_softblock_signsplit_p256_hardinit_basin_partition,claude_cal_octagon_8,0,0.05823283642530441,0.07647716253995895,0.07875768095254898,True,True,True
lista_dense_softblock_signsplit_p256_hardinit_basin_partition,claude_cal_octagon_8,1,0.06259149312973022,0.0817873477935791,0.0841890424489975,True,True,True
lista_dense_softblock_signsplit_p256_hardinit_basin_partition,claude_cal_octagon_8,10,0.014536295086145401,0.02658722922205925,0.028092646971344948,True,True,True
lista_dense_softblock_signsplit_p256_hardinit_basin_partition,claude_cal_octagon_8,11,0.03165195509791374,0.05092959105968475,0.053339432924985886,True,True,True
lista_dense_softblock_signsplit_p256_hardinit_basin_partition,claude_cal_octagon_8,12,0.06011198088526726,0.07764244824647903,0.07983120530843735,True,True,True
lista_dense_softblock_signsplit_p256_hardinit_basin_partition,claude_cal_octagon_8,13,0.029702039435505867,0.05070997402071953,0.053335994482040405,True,True,True
lista_dense_softblock_signsplit_p256_hardinit_basin_partition,claude_cal_octagon_8,14,0.052773311734199524,0.07616996020078659,0.07910232245922089,True,True,True
lista_dense_softblock_signsplit_p256_hardinit_basin_partition,claude_cal_octagon_8,2,0.06783754378557205,0.09901107847690582,0.10290778428316116,True,True,True
lista_dense_softblock_signsplit_p256_hardinit_basin_partition,claude_cal_octagon_8,3,0.14854639768600464,0.39686596393585205,0.5093841552734375,True,True,True
lista_dense_softblock_signsplit_p256_hardinit_basin_partition,claude_cal_octagon_8,4,0.043785300105810165,0.07444486767053604,0.07828372716903687,True,True,True
lista_dense_softblock_signsplit_p256_hardinit_basin_partition,claude_cal_octagon_8,5,0.13005322217941284,0.18138502538204193,0.18777984380722046,True,True,True
lista_dense_softblock_signsplit_p256_hardinit_basin_partition,claude_cal_octagon_8,6,0.04052591696381569,0.05463685467839241,0.056405819952487946,True,True,True
lista_dense_softblock_signsplit_p256_hardinit_basin_partition,claude_cal_octagon_8,7,0.05642915144562721,0.07994323968887329,0.08289562165737152,True,True,True
lista_dense_softblock_signsplit_p256_hardinit_basin_partition,claude_cal_octagon_8,8,0.024197790771722794,0.026665404438972473,0.026973627507686615,True,True,True
lista_dense_softblock_signsplit_p256_hardinit_basin_partition,claude_cal_octagon_8,9,0.09672581404447556,0.12672735750675201,0.1304774433374405,True,True,True
lista_dense_softblock_signsplit_p256_hardinit_basin_partition,claude_cal_pentagon_5,0,0.0018047546036541462,0.0010385008063167334,0.0009427465265616775,True,True,True
lista_dense_softblock_signsplit_p256_hardinit_basin_partition,claude_cal_pentagon_5,1,0.061615701764822006,0.10876857489347458,0.11466848105192184,True,True,True
lista_dense_softblock_signsplit_p256_hardinit_basin_partition,claude_cal_pentagon_5,10,0.01728765293955803,0.03624927997589111,0.03862062096595764,True,True,True
lista_dense_softblock_signsplit_p256_hardinit_basin_partition,claude_cal_pentagon_5,11,0.0005649105296470225,0.00033785885898396373,0.000310546369291842,True,True,True
lista_dense_softblock_signsplit_p256_hardinit_basin_partition,claude_cal_pentagon_5,12,0.027942007407546043,0.03897349536418915,0.040352724492549896,True,True,True
lista_dense_softblock_signsplit_p256_hardinit_basin_partition,claude_cal_pentagon_5,13,0.017618922516703606,0.03605950251221657,0.03836424648761749,True,True,True
lista_dense_softblock_signsplit_p256_hardinit_basin_partition,claude_cal_pentagon_5,14,0.027019262313842773,0.03840213641524315,0.039827119559049606,True,True,True
lista_dense_softblock_signsplit_p256_hardinit_basin_partition,claude_cal_pentagon_5,2,0.038638703525066376,0.07056887447834015,0.07456021010875702,True,True,True
lista_dense_softblock_signsplit_p256_hardinit_basin_partition,claude_cal_pentagon_5,3,0.02948431298136711,0.03940673545002937,0.0406469851732254,True,True,True
lista_dense_softblock_signsplit_p256_hardinit_basin_partition,claude_cal_pentagon_5,4,0.04676125571131706,0.07250215858221054,0.0757196769118309,True,True,True
lista_dense_softblock_signsplit_p256_hardinit_basin_partition,claude_cal_pentagon_5,5,0.0189436636865139,0.035422734916210175,0.03748304396867752,True,True,True
lista_dense_softblock_signsplit_p256_hardinit_basin_partition,claude_cal_pentagon_5,6,0.023778118193149567,0.036917127668857574,0.0385594516992569,True,True,True
lista_dense_softblock_signsplit_p256_hardinit_basin_partition,claude_cal_pentagon_5,7,0.031377699226140976,0.038414716720581055,0.03929438441991806,True,True,True
lista_dense_softblock_signsplit_p256_hardinit_basin_partition,claude_cal_pentagon_5,8,0.10712864995002747,0.18026931583881378,0.18941308557987213,True,True,True
lista_dense_softblock_signsplit_p256_hardinit_basin_partition,claude_cal_pentagon_5,9,0.020789623260498047,0.04373503103852272,0.04677719250321388,True,True,True
lista_dense_softblock_signsplit_p256_hardinit_basin_partition,claude_cal_square_4,0,0.00393802160397172,0.0029686165507882833,0.002850100165233016,True,True,True
lista_dense_softblock_signsplit_p256_hardinit_basin_partition,claude_cal_square_4,1,0.0019489200785756111,0.0016769954236224294,0.0016430551186203957,True,True,True
lista_dense_softblock_signsplit_p256_hardinit_basin_partition,claude_cal_square_4,10,0.0032238459680229425,0.0031341291032731533,0.003122894559055567,True,True,True
lista_dense_softblock_signsplit_p256_hardinit_basin_partition,claude_cal_square_4,11,0.0023933998309075832,0.0015127739170566201,0.0014027513097971678,True,True,True
lista_dense_softblock_signsplit_p256_hardinit_basin_partition,claude_cal_square_4,12,0.004733817186206579,0.003929085098206997,0.003828425193205476,True,True,True
lista_dense_softblock_signsplit_p256_hardinit_basin_partition,claude_cal_square_4,13,0.003117213025689125,0.0027602275367826223,0.002717819297686219,True,True,True
lista_dense_softblock_signsplit_p256_hardinit_basin_partition,claude_cal_square_4,14,0.004385571926832199,0.0015970830572769046,0.001248492975719273,True,True,True
lista_dense_softblock_signsplit_p256_hardinit_basin_partition,claude_cal_square_4,2,0.0023080306127667427,0.0014600652502849698,0.0013579363003373146,True,True,True
lista_dense_softblock_signsplit_p256_hardinit_basin_partition,claude_cal_square_4,3,0.005626909900456667,0.007325533777475357,0.007540861144661903,True,True,True
lista_dense_softblock_signsplit_p256_hardinit_basin_partition,claude_cal_square_4,4,0.002148370025679469,0.001743273576721549,0.0016927553806453943,True,True,True
lista_dense_softblock_signsplit_p256_hardinit_basin_partition,claude_cal_square_4,5,0.0030740369111299515,0.0028524769004434347,0.002823977265506983,True,True,True
lista_dense_softblock_signsplit_p256_hardinit_basin_partition,claude_cal_square_4,6,0.0020584664307534695,0.0019029772374778986,0.0018831894267350435,True,True,True
lista_dense_softblock_signsplit_p256_hardinit_basin_partition,claude_cal_square_4,7,0.0020210123620927334,0.0018440533895045519,0.0018227547407150269,True,True,True
lista_dense_softblock_signsplit_p256_hardinit_basin_partition,claude_cal_square_4,8,0.0026795596349984407,0.0026690519880503416,0.0026768988464027643,True,True,True
lista_dense_softblock_signsplit_p256_hardinit_basin_partition,claude_cal_square_4,9,0.0018431000644341111,0.001008656108751893,0.0009039725409820676,True,True,True
lista_dense_softblock_signsplit_p256_hardinit_basin_partition,claude_duffing_triple_well,0,0.006203067488968372,0.007878128439188004,0.005162730813026428,True,True,True
lista_dense_softblock_signsplit_p256_hardinit_basin_partition,claude_duffing_triple_well,1,0.011378239840269089,0.01174655556678772,0.007069694809615612,True,True,True
lista_dense_softblock_signsplit_p256_hardinit_basin_partition,claude_duffing_triple_well,10,0.0019377439748495817,0.0029416056349873543,0.0017450475133955479,True,True,True
lista_dense_softblock_signsplit_p256_hardinit_basin_partition,claude_duffing_triple_well,11,0.010617553256452084,0.01258143037557602,0.006828120909631252,True,True,True
lista_dense_softblock_signsplit_p256_hardinit_basin_partition,claude_duffing_triple_well,12,0.0015020343707874417,0.0026343835052102804,0.0020504214335232973,True,True,True
lista_dense_softblock_signsplit_p256_hardinit_basin_partition,claude_duffing_triple_well,13,0.011601257137954235,0.01279217004776001,0.0071449619717895985,True,True,True
lista_dense_softblock_signsplit_p256_hardinit_basin_partition,claude_duffing_triple_well,14,0.0010564117692410946,0.002162248594686389,0.0018729338189586997,True,True,True
lista_dense_softblock_signsplit_p256_hardinit_basin_partition,claude_duffing_triple_well,2,0.0013926951214671135,0.00298338383436203,0.001892479369416833,True,True,True
lista_dense_softblock_signsplit_p256_hardinit_basin_partition,claude_duffing_triple_well,3,0.0020151054486632347,0.004476196598261595,0.002523580100387335,True,True,True
lista_dense_softblock_signsplit_p256_hardinit_basin_partition,claude_duffing_triple_well,4,0.016948886215686798,0.016087645664811134,0.008901827968657017,True,True,True
lista_dense_softblock_signsplit_p256_hardinit_basin_partition,claude_duffing_triple_well,5,0.004621667787432671,0.005498254671692848,0.00328073650598526,True,True,True
lista_dense_softblock_signsplit_p256_hardinit_basin_partition,claude_duffing_triple_well,6,0.02220902219414711,0.020895276218652725,0.011009249836206436,True,True,True
lista_dense_softblock_signsplit_p256_hardinit_basin_partition,claude_duffing_triple_well,7,0.007509621325880289,0.010575473308563232,0.005848982371389866,True,True,True
lista_dense_softblock_signsplit_p256_hardinit_basin_partition,claude_duffing_triple_well,8,0.005796012468636036,0.00831132847815752,0.00448625348508358,True,True,True
lista_dense_softblock_signsplit_p256_hardinit_basin_partition,claude_duffing_triple_well,9,0.008428550325334072,0.010264976881444454,0.005751406773924828,True,True,True
lista_dense_softblock_signsplit_p256_hardinit_basin_partition,claude_snic_multi,0,0.00016484085062984377,0.000531500787474215,0.0006329833995550871,True,True,True
lista_dense_softblock_signsplit_p256_hardinit_basin_partition,claude_snic_multi,1,0.0003118866588920355,0.000672101741656661,0.0007220230181701481,True,True,True
lista_dense_softblock_signsplit_p256_hardinit_basin_partition,claude_snic_multi,10,0.0020517432130873203,0.00267715472728014,0.0027610480319708586,True,True,True
lista_dense_softblock_signsplit_p256_hardinit_basin_partition,claude_snic_multi,11,0.0003179081832058728,0.0003850007778964937,0.00040142860962077975,True,True,True
lista_dense_softblock_signsplit_p256_hardinit_basin_partition,claude_snic_multi,12,0.0007571088499389589,0.00020275797578506172,0.0001303260651184246,True,True,True
lista_dense_softblock_signsplit_p256_hardinit_basin_partition,claude_snic_multi,13,0.0005638379952870309,0.0009251665906049311,0.000966956780757755,True,True,True
lista_dense_softblock_signsplit_p256_hardinit_basin_partition,claude_snic_multi,14,0.00035174842923879623,0.0001309532526647672,0.00010396021389169618,True,True,True
lista_dense_softblock_signsplit_p256_hardinit_basin_partition,claude_snic_multi,2,0.0004354454285930842,0.0007177343941293657,0.0007485646056011319,True,True,True
lista_dense_softblock_signsplit_p256_hardinit_basin_partition,claude_snic_multi,3,0.0004313561657909304,0.0005896548391319811,0.0006021964363753796,True,True,True
lista_dense_softblock_signsplit_p256_hardinit_basin_partition,claude_snic_multi,4,0.0003231450100429356,0.0003313910274300724,0.0003315696958452463,True,True,True
lista_dense_softblock_signsplit_p256_hardinit_basin_partition,claude_snic_multi,5,0.0005264509236440063,0.0009694749605841935,0.0010745992185547948,True,True,True
lista_dense_softblock_signsplit_p256_hardinit_basin_partition,claude_snic_multi,6,0.0001521249214420095,0.0003026928170584142,0.00032415916211903095,True,True,True
lista_dense_softblock_signsplit_p256_hardinit_basin_partition,claude_snic_multi,7,0.0002989470667671412,0.0007060137577354908,0.0007597619551233947,True,True,True
lista_dense_softblock_signsplit_p256_hardinit_basin_partition,claude_snic_multi,8,0.00034642688115127385,0.00011480609100544825,7.818202720955014e-05,True,True,True
lista_dense_softblock_signsplit_p256_hardinit_basin_partition,claude_snic_multi,9,0.0003796142409555614,0.0008213091641664505,0.0008805044926702976,True,True,True
lista_dense_softblock_signsplit_p256_hardinit_basin_partition,claude_transition_routes_4,0,0.006920220330357552,0.23255674540996552,0.3311808705329895,True,True,True
lista_dense_softblock_signsplit_p256_hardinit_basin_partition,claude_transition_routes_4,1,0.017299054190516472,0.17162403464317322,0.25643134117126465,True,True,True
lista_dense_softblock_signsplit_p256_hardinit_basin_partition,claude_transition_routes_4,10,0.0040757255628705025,0.16572046279907227,0.24913108348846436,True,True,True
lista_dense_softblock_signsplit_p256_hardinit_basin_partition,claude_transition_routes_4,11,0.008972257375717163,0.32959607243537903,0.45532187819480896,True,True,True
lista_dense_softblock_signsplit_p256_hardinit_basin_partition,claude_transition_routes_4,12,0.015273014083504677,0.1674860119819641,0.2537980377674103,True,True,True
lista_dense_softblock_signsplit_p256_hardinit_basin_partition,claude_transition_routes_4,13,0.01609412394464016,0.24273429811000824,0.2998250722885132,True,True,True
lista_dense_softblock_signsplit_p256_hardinit_basin_partition,claude_transition_routes_4,14,0.019890371710062027,0.3496897518634796,0.521318793296814,True,True,True
lista_dense_softblock_signsplit_p256_hardinit_basin_partition,claude_transition_routes_4,2,0.019290052354335785,0.16941794753074646,0.32506605982780457,True,True,True
lista_dense_softblock_signsplit_p256_hardinit_basin_partition,claude_transition_routes_4,3,0.015121822245419025,0.1666124314069748,0.32864218950271606,True,True,True
lista_dense_softblock_signsplit_p256_hardinit_basin_partition,claude_transition_routes_4,4,0.0017555950907990336,0.1438126116991043,0.24271509051322937,True,True,True
lista_dense_softblock_signsplit_p256_hardinit_basin_partition,claude_transition_routes_4,5,0.002169157611206174,0.08411165326833725,0.20584118366241455,True,True,True
lista_dense_softblock_signsplit_p256_hardinit_basin_partition,claude_transition_routes_4,6,0.013738763518631458,0.2544049024581909,0.4665742516517639,True,True,True
lista_dense_softblock_signsplit_p256_hardinit_basin_partition,claude_transition_routes_4,7,0.005723761860281229,0.17581644654273987,0.3185676336288452,True,True,True
lista_dense_softblock_signsplit_p256_hardinit_basin_partition,claude_transition_routes_4,8,0.01613325998187065,0.15881285071372986,0.19235311448574066,True,True,True
lista_dense_softblock_signsplit_p256_hardinit_basin_partition,claude_transition_routes_4,9,0.0016191754257306457,0.15649795532226562,0.3022344708442688,True,True,True
lista_dense_softblock_signsplit_p256_hardinit_basin_partition,claude_var_depth_gradient_4,0,0.0036146121565252542,0.0011350279673933983,0.0008252188563346863,True,True,True
lista_dense_softblock_signsplit_p256_hardinit_basin_partition,claude_var_depth_gradient_4,1,0.003894225927069783,0.004106983542442322,0.0041333772242069244,True,True,True
lista_dense_softblock_signsplit_p256_hardinit_basin_partition,claude_var_depth_gradient_4,10,0.021616876125335693,0.05107872188091278,0.05476168543100357,True,True,True
lista_dense_softblock_signsplit_p256_hardinit_basin_partition,claude_var_depth_gradient_4,11,0.04676290974020958,0.06570322066545486,0.06807093322277069,True,True,True
lista_dense_softblock_signsplit_p256_hardinit_basin_partition,claude_var_depth_gradient_4,12,0.0018723830580711365,0.0017681787721812725,0.0017560605192556977,True,True,True
lista_dense_softblock_signsplit_p256_hardinit_basin_partition,claude_var_depth_gradient_4,13,0.005753053352236748,0.04848819598555565,0.053918976336717606,True,True,True
lista_dense_softblock_signsplit_p256_hardinit_basin_partition,claude_var_depth_gradient_4,14,0.002604703651741147,0.0017928554443642497,0.001691425102762878,True,True,True
lista_dense_softblock_signsplit_p256_hardinit_basin_partition,claude_var_depth_gradient_4,2,0.0015486420597881079,0.0014921011170372367,0.0014850531006231904,True,True,True
lista_dense_softblock_signsplit_p256_hardinit_basin_partition,claude_var_depth_gradient_4,3,0.003334179287776351,0.00221703271381557,0.0020840174984186888,True,True,True
lista_dense_softblock_signsplit_p256_hardinit_basin_partition,claude_var_depth_gradient_4,4,0.014218316413462162,0.050329066812992096,0.05484244227409363,True,True,True
lista_dense_softblock_signsplit_p256_hardinit_basin_partition,claude_var_depth_gradient_4,5,0.0014862081734463573,0.0005459851236082613,0.0004315899277571589,True,True,True
lista_dense_softblock_signsplit_p256_hardinit_basin_partition,claude_var_depth_gradient_4,6,0.006431755609810352,0.005839975085109472,0.005765968468040228,True,True,True
lista_dense_softblock_signsplit_p256_hardinit_basin_partition,claude_var_depth_gradient_4,7,0.008724292740225792,0.04923374578356743,0.054296888411045074,True,True,True
lista_dense_softblock_signsplit_p256_hardinit_basin_partition,claude_var_depth_gradient_4,8,0.0031127282418310642,0.0018713489407673478,0.001716142287477851,True,True,True
lista_dense_softblock_signsplit_p256_hardinit_basin_partition,claude_var_depth_gradient_4,9,0.0023780802730470896,0.0022323571611195803,0.0022141048684716225,True,True,True
lista_dense_softblock_signsplit_p256_hardinit_basin_partition,claude_var_diamond_4,0,0.0014701561303809285,0.0462200753390789,0.06682134419679642,True,True,True
lista_dense_softblock_signsplit_p256_hardinit_basin_partition,claude_var_diamond_4,1,0.05301419645547867,0.13216139376163483,0.15684479475021362,True,True,True
lista_dense_softblock_signsplit_p256_hardinit_basin_partition,claude_var_diamond_4,10,0.009434456005692482,0.17315952479839325,0.2220914214849472,True,True,True
lista_dense_softblock_signsplit_p256_hardinit_basin_partition,claude_var_diamond_4,11,0.050474442541599274,0.15147477388381958,0.21195200085639954,True,True,True
lista_dense_softblock_signsplit_p256_hardinit_basin_partition,claude_var_diamond_4,12,0.009725515730679035,0.12746547162532806,0.15784133970737457,True,True,True
lista_dense_softblock_signsplit_p256_hardinit_basin_partition,claude_var_diamond_4,13,0.002055739052593708,0.046518195420503616,0.06744438409805298,True,True,True
lista_dense_softblock_signsplit_p256_hardinit_basin_partition,claude_var_diamond_4,14,0.03309081867337227,0.12387067824602127,0.15004009008407593,True,True,True
lista_dense_softblock_signsplit_p256_hardinit_basin_partition,claude_var_diamond_4,2,0.0017498743254691362,0.037367306649684906,0.06312540173530579,True,True,True
lista_dense_softblock_signsplit_p256_hardinit_basin_partition,claude_var_diamond_4,3,0.00916538666933775,0.07246080040931702,0.08039463311433792,True,True,True
lista_dense_softblock_signsplit_p256_hardinit_basin_partition,claude_var_diamond_4,4,0.007541688159108162,0.07478244602680206,0.08316009491682053,True,True,True
lista_dense_softblock_signsplit_p256_hardinit_basin_partition,claude_var_diamond_4,5,0.001038112211972475,0.046546198427677155,0.06709577143192291,True,True,True
lista_dense_softblock_signsplit_p256_hardinit_basin_partition,claude_var_diamond_4,6,0.011513574048876762,0.17374317348003387,0.22357885539531708,True,True,True
lista_dense_softblock_signsplit_p256_hardinit_basin_partition,claude_var_diamond_4,7,0.009010843001306057,0.12370095402002335,0.15365591645240784,True,True,True
lista_dense_softblock_signsplit_p256_hardinit_basin_partition,claude_var_diamond_4,8,0.01711105741560459,0.15466700494289398,0.21150057017803192,True,True,True
lista_dense_softblock_signsplit_p256_hardinit_basin_partition,claude_var_diamond_4,9,0.009462746791541576,0.1145150288939476,0.1474469006061554,True,True,True
lista_dense_softblock_signsplit_p256_hardinit_basin_partition,claude_var_l_shape_5,0,0.018321191892027855,0.6466563940048218,0.7784065008163452,True,True,True
lista_dense_softblock_signsplit_p256_hardinit_basin_partition,claude_var_l_shape_5,1,0.003213276620954275,0.002371084177866578,0.0022431809920817614,True,True,True
lista_dense_softblock_signsplit_p256_hardinit_basin_partition,claude_var_l_shape_5,10,0.002105702180415392,0.0018402645364403725,0.0017553989309817553,True,True,True
lista_dense_softblock_signsplit_p256_hardinit_basin_partition,claude_var_l_shape_5,11,0.0033654116559773684,0.0029136845842003822,0.0028624525293707848,True,True,True
lista_dense_softblock_signsplit_p256_hardinit_basin_partition,claude_var_l_shape_5,12,0.0030291343573480844,0.0030859941616654396,0.0030768755823373795,True,True,True
lista_dense_softblock_signsplit_p256_hardinit_basin_partition,claude_var_l_shape_5,13,0.010542030446231365,0.020796360448002815,0.022063713520765305,True,True,True
lista_dense_softblock_signsplit_p256_hardinit_basin_partition,claude_var_l_shape_5,14,0.0046983626671135426,0.01826833188533783,0.019984597340226173,True,True,True
lista_dense_softblock_signsplit_p256_hardinit_basin_partition,claude_var_l_shape_5,2,0.025526661425828934,0.09386572241783142,0.1285477876663208,True,True,True
lista_dense_softblock_signsplit_p256_hardinit_basin_partition,claude_var_l_shape_5,3,0.015165708027780056,0.5599871277809143,0.7100130319595337,True,True,True
lista_dense_softblock_signsplit_p256_hardinit_basin_partition,claude_var_l_shape_5,4,0.01456119492650032,0.023033201694488525,0.02410113625228405,True,True,True
lista_dense_softblock_signsplit_p256_hardinit_basin_partition,claude_var_l_shape_5,5,0.0165998712182045,0.076893150806427,0.08678534626960754,True,True,True
lista_dense_softblock_signsplit_p256_hardinit_basin_partition,claude_var_l_shape_5,6,0.0032693040557205677,0.0033132480457425117,0.0033241219352930784,True,True,True
lista_dense_softblock_signsplit_p256_hardinit_basin_partition,claude_var_l_shape_5,7,0.020556459203362465,0.5895548462867737,0.7359046936035156,True,True,True
lista_dense_softblock_signsplit_p256_hardinit_basin_partition,claude_var_l_shape_5,8,0.023091208189725876,0.7842410206794739,0.9342323541641235,True,True,True
lista_dense_softblock_signsplit_p256_hardinit_basin_partition,claude_var_l_shape_5,9,0.013204324059188366,0.03312806040048599,0.0361560694873333,True,True,True
lista_dense_softblock_signsplit_p256_hardinit_basin_partition,gated_local_linear,0,0.002468808786943555,0.0032885021064430475,0.0025998407509177923,True,True,True
lista_dense_softblock_signsplit_p256_hardinit_basin_partition,gated_local_linear,1,0.0016503992956131697,0.0008008376462385058,0.0006922038155607879,True,True,True
lista_dense_softblock_signsplit_p256_hardinit_basin_partition,gated_local_linear,10,0.0006524994969367981,0.0007515463512390852,0.0008048847084864974,True,True,True
lista_dense_softblock_signsplit_p256_hardinit_basin_partition,gated_local_linear,11,0.0006075881537981331,0.0007418224704451859,0.0007491747965104878,True,True,True
lista_dense_softblock_signsplit_p256_hardinit_basin_partition,gated_local_linear,12,0.0006391704082489014,0.0004748671199195087,0.0004431258130352944,True,True,True
lista_dense_softblock_signsplit_p256_hardinit_basin_partition,gated_local_linear,13,0.00042019307147711515,0.00031655930797569454,0.0003024779143743217,True,True,True
lista_dense_softblock_signsplit_p256_hardinit_basin_partition,gated_local_linear,14,0.001022381940856576,0.0006962062325328588,0.0006665138644166291,True,True,True
lista_dense_softblock_signsplit_p256_hardinit_basin_partition,gated_local_linear,2,0.00047193290083669126,0.000824930495582521,0.0008923490531742573,True,True,True
lista_dense_softblock_signsplit_p256_hardinit_basin_partition,gated_local_linear,3,0.0005297729512676597,0.0006226711557246745,0.0006721036043018103,True,True,True
lista_dense_softblock_signsplit_p256_hardinit_basin_partition,gated_local_linear,4,0.0007328877109102905,0.0009751110337674618,0.0010619373060762882,True,True,True
lista_dense_softblock_signsplit_p256_hardinit_basin_partition,gated_local_linear,5,0.0008922339184209704,0.0007413117564283311,0.0006942852050997317,True,True,True
lista_dense_softblock_signsplit_p256_hardinit_basin_partition,gated_local_linear,6,0.0010061105713248253,0.000725549878552556,0.0006846471806056798,True,True,True
lista_dense_softblock_signsplit_p256_hardinit_basin_partition,gated_local_linear,7,0.0011192354140803218,0.0005048933671787381,0.0004203787539154291,True,True,True
lista_dense_softblock_signsplit_p256_hardinit_basin_partition,gated_local_linear,8,0.001355277607217431,0.0009848320623859763,0.0009288415312767029,True,True,True
lista_dense_softblock_signsplit_p256_hardinit_basin_partition,gated_local_linear,9,0.0015982607146725059,0.0036276259925216436,0.00393572635948658,True,True,True
lista_dense_softblock_signsplit_p256_hardinit_basin_partition,gated_transfer_linear,0,0.27266791462898254,0.9344131350517273,1.01945161819458,True,True,True
lista_dense_softblock_signsplit_p256_hardinit_basin_partition,gated_transfer_linear,1,0.10320362448692322,0.33015814423561096,0.36180293560028076,True,True,True
lista_dense_softblock_signsplit_p256_hardinit_basin_partition,gated_transfer_linear,10,0.36963188648223877,0.8846107721328735,0.9464669823646545,True,True,True
lista_dense_softblock_signsplit_p256_hardinit_basin_partition,gated_transfer_linear,11,0.18597529828548431,0.5946078300476074,0.6490251421928406,True,True,True
lista_dense_softblock_signsplit_p256_hardinit_basin_partition,gated_transfer_linear,12,0.26271137595176697,0.7977645397186279,0.8665988445281982,True,True,True
lista_dense_softblock_signsplit_p256_hardinit_basin_partition,gated_transfer_linear,13,0.488582044839859,0.9361003637313843,1.0074284076690674,True,True,True
lista_dense_softblock_signsplit_p256_hardinit_basin_partition,gated_transfer_linear,14,2.243302822113037,0.6152421832084656,0.6425451040267944,True,True,True
lista_dense_softblock_signsplit_p256_hardinit_basin_partition,gated_transfer_linear,2,0.028496647253632545,0.3011569082736969,0.3369860351085663,True,True,True
lista_dense_softblock_signsplit_p256_hardinit_basin_partition,gated_transfer_linear,3,0.21318142116069794,0.7078167200088501,0.7709149718284607,True,True,True
lista_dense_softblock_signsplit_p256_hardinit_basin_partition,gated_transfer_linear,4,0.17988048493862152,0.4509725272655487,0.4845453202724457,True,True,True
lista_dense_softblock_signsplit_p256_hardinit_basin_partition,gated_transfer_linear,5,0.2502147853374481,0.766071081161499,0.8399552702903748,True,True,True
lista_dense_softblock_signsplit_p256_hardinit_basin_partition,gated_transfer_linear,6,0.22905126214027405,0.5467135310173035,0.5857285261154175,True,True,True
lista_dense_softblock_signsplit_p256_hardinit_basin_partition,gated_transfer_linear,7,0.2983824610710144,1.060462474822998,1.1500182151794434,True,True,True
lista_dense_softblock_signsplit_p256_hardinit_basin_partition,gated_transfer_linear,8,0.27199819684028625,0.8069537281990051,0.874319314956665,True,True,True
lista_dense_softblock_signsplit_p256_hardinit_basin_partition,gated_transfer_linear,9,0.3211328089237213,0.8885802626609802,0.999783992767334,True,True,True
lista_dense_signsplit_p256_hardinit_basin_partition,claude_arrested_spiral,0,0.013718702830374241,0.024413034319877625,0.02574358507990837,True,True,True
lista_dense_signsplit_p256_hardinit_basin_partition,claude_arrested_spiral,1,0.0015289409784600139,0.0005141998990438879,0.00038735702401027083,True,True,True
lista_dense_signsplit_p256_hardinit_basin_partition,claude_arrested_spiral,10,0.0465768426656723,0.07213671505451202,0.07533261179924011,True,True,True
lista_dense_signsplit_p256_hardinit_basin_partition,claude_arrested_spiral,11,0.01644955761730671,0.02414155751466751,0.025102727115154266,True,True,True
lista_dense_signsplit_p256_hardinit_basin_partition,claude_arrested_spiral,12,0.0029371827840805054,0.0011658900184556842,0.0009444961906410754,True,True,True
lista_dense_signsplit_p256_hardinit_basin_partition,claude_arrested_spiral,13,0.0022479014005512,0.0009265050757676363,0.0007613301277160645,True,True,True
lista_dense_signsplit_p256_hardinit_basin_partition,claude_arrested_spiral,14,0.03442223742604256,0.05272303521633148,0.05501057580113411,True,True,True
lista_dense_signsplit_p256_hardinit_basin_partition,claude_arrested_spiral,2,0.02470404841005802,0.030762264505028725,0.031519513577222824,True,True,True
lista_dense_signsplit_p256_hardinit_basin_partition,claude_arrested_spiral,3,0.013909002766013145,0.02307744510471821,0.024223411455750465,True,True,True
lista_dense_signsplit_p256_hardinit_basin_partition,claude_arrested_spiral,4,0.033436231315135956,0.052211008965969086,0.05455770343542099,True,True,True
lista_dense_signsplit_p256_hardinit_basin_partition,claude_arrested_spiral,5,0.014662952162325382,0.023727379739284515,0.024860436096787453,True,True,True
lista_dense_signsplit_p256_hardinit_basin_partition,claude_arrested_spiral,6,0.024411335587501526,0.030765173956751823,0.031559400260448456,True,True,True
lista_dense_signsplit_p256_hardinit_basin_partition,claude_arrested_spiral,7,0.025110840797424316,0.03117462806403637,0.03193260356783867,True,True,True
lista_dense_signsplit_p256_hardinit_basin_partition,claude_arrested_spiral,8,0.0179411843419075,0.023344703018665314,0.024020157754421234,True,True,True
lista_dense_signsplit_p256_hardinit_basin_partition,claude_arrested_spiral,9,0.00538055831566453,0.0016607114812359214,0.0011957146925851703,True,True,True
lista_dense_signsplit_p256_hardinit_basin_partition,claude_cal_asymmetric_3,0,0.046028219163417816,0.14229489862918854,0.15483200550079346,True,True,True
lista_dense_signsplit_p256_hardinit_basin_partition,claude_cal_asymmetric_3,1,0.0430913008749485,0.14221984148025513,0.1546715348958969,True,True,True
lista_dense_signsplit_p256_hardinit_basin_partition,claude_cal_asymmetric_3,10,0.01836000382900238,0.06979162991046906,0.07621774077415466,True,True,True
lista_dense_signsplit_p256_hardinit_basin_partition,claude_cal_asymmetric_3,11,0.02616092376410961,0.13851076364517212,0.1530827283859253,True,True,True
lista_dense_signsplit_p256_hardinit_basin_partition,claude_cal_asymmetric_3,12,0.023294424638152122,0.07077007740736008,0.07670905441045761,True,True,True
lista_dense_signsplit_p256_hardinit_basin_partition,claude_cal_asymmetric_3,13,0.0004540604422800243,0.000266692484728992,0.00024326896527782083,True,True,True
lista_dense_signsplit_p256_hardinit_basin_partition,claude_cal_asymmetric_3,14,0.0012183035723865032,0.0009835060918703675,0.0009541609906591475,True,True,True
lista_dense_signsplit_p256_hardinit_basin_partition,claude_cal_asymmetric_3,2,0.014743669889867306,0.07033351063728333,0.07729944586753845,True,True,True
lista_dense_signsplit_p256_hardinit_basin_partition,claude_cal_asymmetric_3,3,0.017830204218626022,0.07043658941984177,0.07701262831687927,True,True,True
lista_dense_signsplit_p256_hardinit_basin_partition,claude_cal_asymmetric_3,4,0.0007136755157262087,0.0004071684670634568,0.00036890595220029354,True,True,True
lista_dense_signsplit_p256_hardinit_basin_partition,claude_cal_asymmetric_3,5,0.001581866294145584,0.0005660693277604878,0.0004390687099657953,True,True,True
lista_dense_signsplit_p256_hardinit_basin_partition,claude_cal_asymmetric_3,6,0.0016385861672461033,0.0009345097932964563,0.0008464778074994683,True,True,True
lista_dense_signsplit_p256_hardinit_basin_partition,claude_cal_asymmetric_3,7,0.02244292013347149,0.07020573318004608,0.07618040591478348,True,True,True
lista_dense_signsplit_p256_hardinit_basin_partition,claude_cal_asymmetric_3,8,0.043106161057949066,0.14652861654758453,0.1594284623861313,True,True,True
lista_dense_signsplit_p256_hardinit_basin_partition,claude_cal_asymmetric_3,9,0.03317170962691307,0.07780365645885468,0.08338961750268936,True,True,True
lista_dense_signsplit_p256_hardinit_basin_partition,claude_cal_hexagon_6,0,0.016302987933158875,0.02574612945318222,0.026926591992378235,True,True,True
lista_dense_signsplit_p256_hardinit_basin_partition,claude_cal_hexagon_6,1,0.016649410128593445,0.025798199698328972,0.026941852644085884,True,True,True
lista_dense_signsplit_p256_hardinit_basin_partition,claude_cal_hexagon_6,10,0.02959507144987583,0.049020107835531235,0.051448192447423935,True,True,True
lista_dense_signsplit_p256_hardinit_basin_partition,claude_cal_hexagon_6,11,0.013082487508654594,0.024663319811224937,0.026110995560884476,True,True,True
lista_dense_signsplit_p256_hardinit_basin_partition,claude_cal_hexagon_6,12,0.03112400695681572,0.050055548548698425,0.05241962522268295,True,True,True
lista_dense_signsplit_p256_hardinit_basin_partition,claude_cal_hexagon_6,13,0.015091080218553543,0.024584632366895676,0.025771357119083405,True,True,True
lista_dense_signsplit_p256_hardinit_basin_partition,claude_cal_hexagon_6,14,0.01654052734375,0.024614019319415092,0.02562333643436432,True,True,True
lista_dense_signsplit_p256_hardinit_basin_partition,claude_cal_hexagon_6,2,0.016109518706798553,0.026882417500019073,0.028231903910636902,True,True,True
lista_dense_signsplit_p256_hardinit_basin_partition,claude_cal_hexagon_6,3,0.03413739800453186,0.051945265382528305,0.05423034355044365,True,True,True
lista_dense_signsplit_p256_hardinit_basin_partition,claude_cal_hexagon_6,4,0.02986532263457775,0.047960516065359116,0.05022742599248886,True,True,True
lista_dense_signsplit_p256_hardinit_basin_partition,claude_cal_hexagon_6,5,0.016923164948821068,0.02479742094874382,0.025781892240047455,True,True,True
lista_dense_signsplit_p256_hardinit_basin_partition,claude_cal_hexagon_6,6,0.013310689479112625,0.025788970291614532,0.027352094650268555,True,True,True
lista_dense_signsplit_p256_hardinit_basin_partition,claude_cal_hexagon_6,7,0.03168264776468277,0.04972560703754425,0.051981210708618164,True,True,True
lista_dense_signsplit_p256_hardinit_basin_partition,claude_cal_hexagon_6,8,0.02941937930881977,0.04876062273979187,0.05118197947740555,True,True,True
lista_dense_signsplit_p256_hardinit_basin_partition,claude_cal_hexagon_6,9,0.03366583213210106,0.051084913313388824,0.053263165056705475,True,True,True
lista_dense_signsplit_p256_hardinit_basin_partition,claude_cal_high_cross_3,0,0.4602072238922119,3.01914119720459,3.3634536266326904,True,True,True
lista_dense_signsplit_p256_hardinit_basin_partition,claude_cal_high_cross_3,1,0.1982400268316269,0.31816813349723816,0.33315908908843994,True,True,True
lista_dense_signsplit_p256_hardinit_basin_partition,claude_cal_high_cross_3,10,0.2669220566749573,2.731433153152466,3.0969655513763428,True,True,True
lista_dense_signsplit_p256_hardinit_basin_partition,claude_cal_high_cross_3,11,0.06394479423761368,0.08723396062850952,0.0901430994272232,True,True,True
lista_dense_signsplit_p256_hardinit_basin_partition,claude_cal_high_cross_3,12,0.6594266295433044,3.086247444152832,3.4019603729248047,True,True,True
lista_dense_signsplit_p256_hardinit_basin_partition,claude_cal_high_cross_3,13,0.1486300528049469,0.2420969009399414,0.25376519560813904,True,True,True
lista_dense_signsplit_p256_hardinit_basin_partition,claude_cal_high_cross_3,14,0.11430897563695908,0.232540562748909,0.24731960892677307,True,True,True
lista_dense_signsplit_p256_hardinit_basin_partition,claude_cal_high_cross_3,2,0.09094487875699997,0.1597757786512375,0.16838116943836212,True,True,True
lista_dense_signsplit_p256_hardinit_basin_partition,claude_cal_high_cross_3,3,0.3259068429470062,2.463618516921997,3.0509824752807617,True,True,True
lista_dense_signsplit_p256_hardinit_basin_partition,claude_cal_high_cross_3,4,0.2671808898448944,3.0037612915039062,3.405865430831909,True,True,True
lista_dense_signsplit_p256_hardinit_basin_partition,claude_cal_high_cross_3,5,0.08833827078342438,0.15972983837127686,0.1686549037694931,True,True,True
lista_dense_signsplit_p256_hardinit_basin_partition,claude_cal_high_cross_3,6,0.1522621512413025,0.25159183144569397,0.26400601863861084,True,True,True
lista_dense_signsplit_p256_hardinit_basin_partition,claude_cal_high_cross_3,7,0.3413529098033905,2.84597110748291,3.1909942626953125,True,True,True
lista_dense_signsplit_p256_hardinit_basin_partition,claude_cal_high_cross_3,8,0.10106644779443741,0.1612178087234497,0.16873697936534882,True,True,True
lista_dense_signsplit_p256_hardinit_basin_partition,claude_cal_high_cross_3,9,0.1242353618144989,0.23273064196109772,0.24631696939468384,True,True,True
lista_dense_signsplit_p256_hardinit_basin_partition,claude_cal_octagon_8,0,0.09961175173521042,0.12872566282749176,0.13236454129219055,True,True,True
lista_dense_signsplit_p256_hardinit_basin_partition,claude_cal_octagon_8,1,0.019822858273983,0.02698465622961521,0.02788057178258896,True,True,True
lista_dense_signsplit_p256_hardinit_basin_partition,claude_cal_octagon_8,10,0.06617382913827896,0.08018853515386581,0.08198623359203339,True,True,True
lista_dense_signsplit_p256_hardinit_basin_partition,claude_cal_octagon_8,11,0.018287882208824158,0.027347050607204437,0.028479449450969696,True,True,True
lista_dense_signsplit_p256_hardinit_basin_partition,claude_cal_octagon_8,12,0.017190534621477127,0.02551002986729145,0.026549961417913437,True,True,True
lista_dense_signsplit_p256_hardinit_basin_partition,claude_cal_octagon_8,13,0.05364007502794266,0.07718919962644577,0.08013282716274261,True,True,True
lista_dense_signsplit_p256_hardinit_basin_partition,claude_cal_octagon_8,14,0.047828417271375656,0.07447956502437592,0.0778110921382904,True,True,True
lista_dense_signsplit_p256_hardinit_basin_partition,claude_cal_octagon_8,2,0.050008419901132584,0.09607923775911331,0.10181441158056259,True,True,True
lista_dense_signsplit_p256_hardinit_basin_partition,claude_cal_octagon_8,3,0.04044104740023613,0.05306168645620346,0.05463925749063492,True,True,True
lista_dense_signsplit_p256_hardinit_basin_partition,claude_cal_octagon_8,4,0.06065595522522926,0.09884133189916611,0.10374576598405838,True,True,True
lista_dense_signsplit_p256_hardinit_basin_partition,claude_cal_octagon_8,5,0.15500763058662415,0.20914165675640106,0.21590949594974518,True,True,True
lista_dense_signsplit_p256_hardinit_basin_partition,claude_cal_octagon_8,6,0.04304071515798569,0.05234479531645775,0.053507767617702484,True,True,True
lista_dense_signsplit_p256_hardinit_basin_partition,claude_cal_octagon_8,7,0.05839301645755768,0.24654224514961243,0.2784809172153473,True,True,True
lista_dense_signsplit_p256_hardinit_basin_partition,claude_cal_octagon_8,8,0.042954012751579285,0.0529937744140625,0.054248910397291183,True,True,True
lista_dense_signsplit_p256_hardinit_basin_partition,claude_cal_octagon_8,9,0.049366097897291183,0.09595540910959244,0.10182537883520126,True,True,True
lista_dense_signsplit_p256_hardinit_basin_partition,claude_cal_pentagon_5,0,0.020025858655571938,0.03638425096869469,0.03842907398939133,True,True,True
lista_dense_signsplit_p256_hardinit_basin_partition,claude_cal_pentagon_5,1,0.0006259597139433026,0.00039977525011636317,0.0003715511120390147,True,True,True
lista_dense_signsplit_p256_hardinit_basin_partition,claude_cal_pentagon_5,10,0.019156992435455322,0.0363861508667469,0.038539815694093704,True,True,True
lista_dense_signsplit_p256_hardinit_basin_partition,claude_cal_pentagon_5,11,0.0006905815680511296,0.0005694849533028901,0.0005543477600440383,True,True,True
lista_dense_signsplit_p256_hardinit_basin_partition,claude_cal_pentagon_5,12,0.0008608599891886115,0.0005013452610000968,0.00045640638563781977,True,True,True
lista_dense_signsplit_p256_hardinit_basin_partition,claude_cal_pentagon_5,13,0.0004662557621486485,0.00024338580260518938,0.0002155722613679245,True,True,True
lista_dense_signsplit_p256_hardinit_basin_partition,claude_cal_pentagon_5,14,0.0012645912356674671,0.0005330792628228664,0.0004415939620230347,True,True,True
lista_dense_signsplit_p256_hardinit_basin_partition,claude_cal_pentagon_5,2,0.019092004746198654,0.03632470965385437,0.03847883269190788,True,True,True
lista_dense_signsplit_p256_hardinit_basin_partition,claude_cal_pentagon_5,3,0.024611113592982292,0.038021333515644073,0.03969760984182358,True,True,True
lista_dense_signsplit_p256_hardinit_basin_partition,claude_cal_pentagon_5,4,0.000869313778821379,0.0004126856510993093,0.000355606316588819,True,True,True
lista_dense_signsplit_p256_hardinit_basin_partition,claude_cal_pentagon_5,5,0.0395386666059494,0.07252581417560577,0.07664919644594193,True,True,True
lista_dense_signsplit_p256_hardinit_basin_partition,claude_cal_pentagon_5,6,0.022092681378126144,0.036459967494010925,0.03825600817799568,True,True,True
lista_dense_signsplit_p256_hardinit_basin_partition,claude_cal_pentagon_5,7,0.0013021852355450392,0.00044803053606301546,0.000341263716109097,True,True,True
lista_dense_signsplit_p256_hardinit_basin_partition,claude_cal_pentagon_5,8,0.002688400447368622,0.0008783278753980994,0.0006520668976008892,True,True,True
lista_dense_signsplit_p256_hardinit_basin_partition,claude_cal_pentagon_5,9,0.026993155479431152,0.039088040590286255,0.04060125723481178,True,True,True
lista_dense_signsplit_p256_hardinit_basin_partition,claude_cal_square_4,0,0.0028592192102223635,0.0029612856451421976,0.0029747772496193647,True,True,True
lista_dense_signsplit_p256_hardinit_basin_partition,claude_cal_square_4,1,0.0024511292576789856,0.0022089234553277493,0.0021786452271044254,True,True,True
lista_dense_signsplit_p256_hardinit_basin_partition,claude_cal_square_4,10,0.0018643896328285336,0.0017211504746228456,0.001702614827081561,True,True,True
lista_dense_signsplit_p256_hardinit_basin_partition,claude_cal_square_4,11,0.03200863301753998,0.056833475828170776,0.05993644893169403,True,True,True
lista_dense_signsplit_p256_hardinit_basin_partition,claude_cal_square_4,12,0.0012375470250844955,0.0011955706868320704,0.0011916711227968335,True,True,True
lista_dense_signsplit_p256_hardinit_basin_partition,claude_cal_square_4,13,0.003741026623174548,0.0029134026262909174,0.002810349455103278,True,True,True
lista_dense_signsplit_p256_hardinit_basin_partition,claude_cal_square_4,14,0.001877669827081263,0.0010645388392731547,0.0009631429566070437,True,True,True
lista_dense_signsplit_p256_hardinit_basin_partition,claude_cal_square_4,2,0.0018916773842647672,0.0018508944194763899,0.0018458606209605932,True,True,True
lista_dense_signsplit_p256_hardinit_basin_partition,claude_cal_square_4,3,0.0022592253517359495,0.002193653956055641,0.0021951603703200817,True,True,True
lista_dense_signsplit_p256_hardinit_basin_partition,claude_cal_square_4,4,0.001786476350389421,0.0009132958366535604,0.0008040181710384786,True,True,True
lista_dense_signsplit_p256_hardinit_basin_partition,claude_cal_square_4,5,0.0026794197037816048,0.0021050218492746353,0.0020304666832089424,True,True,True
lista_dense_signsplit_p256_hardinit_basin_partition,claude_cal_square_4,6,0.0016622059047222137,0.0015790766337886453,0.0015686838887631893,True,True,True
lista_dense_signsplit_p256_hardinit_basin_partition,claude_cal_square_4,7,0.04295037314295769,0.06083158031105995,0.06306678056716919,True,True,True
lista_dense_signsplit_p256_hardinit_basin_partition,claude_cal_square_4,8,0.0024398104287683964,0.0017439813818782568,0.0016572426538914442,True,True,True
lista_dense_signsplit_p256_hardinit_basin_partition,claude_cal_square_4,9,0.06466121226549149,0.11121554672718048,0.11703481525182724,True,True,True
lista_dense_signsplit_p256_hardinit_basin_partition,claude_duffing_triple_well,0,0.005409123841673136,0.007495476398617029,0.004235031548887491,True,True,True
lista_dense_signsplit_p256_hardinit_basin_partition,claude_duffing_triple_well,1,0.0010058367624878883,0.002337625017389655,0.002109319670125842,True,True,True
lista_dense_signsplit_p256_hardinit_basin_partition,claude_duffing_triple_well,10,0.005806132685393095,0.00631562527269125,0.004204212222248316,True,True,True
lista_dense_signsplit_p256_hardinit_basin_partition,claude_duffing_triple_well,11,0.0022989895660430193,0.0032695455010980368,0.002536592772230506,True,True,True
lista_dense_signsplit_p256_hardinit_basin_partition,claude_duffing_triple_well,12,0.0005750688724219799,0.0010459092445671558,0.0006734052440151572,True,True,True
lista_dense_signsplit_p256_hardinit_basin_partition,claude_duffing_triple_well,13,0.0059889256954193115,0.0064154015854001045,0.003645341144874692,True,True,True
lista_dense_signsplit_p256_hardinit_basin_partition,claude_duffing_triple_well,14,0.0038842482026666403,0.004553771577775478,0.002899862825870514,True,True,True
lista_dense_signsplit_p256_hardinit_basin_partition,claude_duffing_triple_well,2,0.0023453400935977697,0.0037800422869622707,0.0027045593596994877,True,True,True
lista_dense_signsplit_p256_hardinit_basin_partition,claude_duffing_triple_well,3,0.001140953041613102,0.0022336714901030064,0.0015005395980551839,True,True,True
lista_dense_signsplit_p256_hardinit_basin_partition,claude_duffing_triple_well,4,0.00484775984659791,0.006013204343616962,0.00351525517180562,True,True,True
lista_dense_signsplit_p256_hardinit_basin_partition,claude_duffing_triple_well,5,0.0039848764427006245,0.004447589162737131,0.002549446187913418,True,True,True
lista_dense_signsplit_p256_hardinit_basin_partition,claude_duffing_triple_well,6,0.017116306349635124,0.017296379432082176,0.009158477187156677,True,True,True
lista_dense_signsplit_p256_hardinit_basin_partition,claude_duffing_triple_well,7,0.004932740703225136,0.006727656349539757,0.003683868097141385,True,True,True
lista_dense_signsplit_p256_hardinit_basin_partition,claude_duffing_triple_well,8,0.007140674628317356,0.009213466197252274,0.0048967767506837845,True,True,True
lista_dense_signsplit_p256_hardinit_basin_partition,claude_duffing_triple_well,9,0.002282401081174612,0.004778151400387287,0.0028734940569847822,True,True,True
lista_dense_signsplit_p256_hardinit_basin_partition,claude_snic_multi,0,0.00020390527788549662,0.0005647506332024932,0.0007479728665202856,True,True,True
lista_dense_signsplit_p256_hardinit_basin_partition,claude_snic_multi,1,0.00019030546536669135,0.0003277768555562943,0.000345639738952741,True,True,True
lista_dense_signsplit_p256_hardinit_basin_partition,claude_snic_multi,10,0.00023371654970105737,0.00025656630168668926,0.00026280703605152667,True,True,True
lista_dense_signsplit_p256_hardinit_basin_partition,claude_snic_multi,11,0.00036081470898352563,0.0004895432502962649,0.000496155524160713,True,True,True
lista_dense_signsplit_p256_hardinit_basin_partition,claude_snic_multi,12,0.0002435093920212239,0.0003804429725278169,0.0004027982067782432,True,True,True
lista_dense_signsplit_p256_hardinit_basin_partition,claude_snic_multi,13,0.0008840353111736476,0.0008641882450319827,0.0008780383504927158,True,True,True
lista_dense_signsplit_p256_hardinit_basin_partition,claude_snic_multi,14,0.004200191702693701,0.004877188242971897,0.004793480038642883,True,True,True
lista_dense_signsplit_p256_hardinit_basin_partition,claude_snic_multi,2,0.0003413767844904214,0.0005377528723329306,0.0005368251586332917,True,True,True
lista_dense_signsplit_p256_hardinit_basin_partition,claude_snic_multi,3,0.00021815925720147789,0.0006915291887708008,0.000766621611546725,True,True,True
lista_dense_signsplit_p256_hardinit_basin_partition,claude_snic_multi,4,0.00017719082825351506,0.00048578434507362545,0.0005310492706485093,True,True,True
lista_dense_signsplit_p256_hardinit_basin_partition,claude_snic_multi,5,0.00015349550812970847,0.00021060647850390524,0.00022942179930396378,True,True,True
lista_dense_signsplit_p256_hardinit_basin_partition,claude_snic_multi,6,0.00020483561092987657,0.0001990032906178385,0.00019830677774734795,True,True,True
lista_dense_signsplit_p256_hardinit_basin_partition,claude_snic_multi,7,0.00044984021224081516,0.000640409009065479,0.0006693474715575576,True,True,True
lista_dense_signsplit_p256_hardinit_basin_partition,claude_snic_multi,8,0.00023799065093044192,0.0005659347516484559,0.0006330704782158136,True,True,True
lista_dense_signsplit_p256_hardinit_basin_partition,claude_snic_multi,9,0.0002749614359345287,0.00030329381115734577,0.00031091642449609935,True,True,True
lista_dense_signsplit_p256_hardinit_basin_partition,claude_transition_routes_4,0,0.019130444154143333,0.16232070326805115,0.2336590439081192,True,True,True
lista_dense_signsplit_p256_hardinit_basin_partition,claude_transition_routes_4,1,0.010693822056055069,0.2240470051765442,0.3703390955924988,True,True,True
lista_dense_signsplit_p256_hardinit_basin_partition,claude_transition_routes_4,10,0.0022525342646986246,0.08527908474206924,0.18788379430770874,True,True,True
lista_dense_signsplit_p256_hardinit_basin_partition,claude_transition_routes_4,11,0.0030215124133974314,0.183860182762146,0.32124531269073486,True,True,True
lista_dense_signsplit_p256_hardinit_basin_partition,claude_transition_routes_4,12,0.0011106858728453517,0.07681159675121307,0.09621704369783401,True,True,True
lista_dense_signsplit_p256_hardinit_basin_partition,claude_transition_routes_4,13,0.0007420759066008031,0.08499301224946976,0.1303483247756958,True,True,True
lista_dense_signsplit_p256_hardinit_basin_partition,claude_transition_routes_4,14,0.00789589248597622,0.15706758201122284,0.19107966125011444,True,True,True
lista_dense_signsplit_p256_hardinit_basin_partition,claude_transition_routes_4,2,0.003021095646545291,0.14882467687129974,0.23845787346363068,True,True,True
lista_dense_signsplit_p256_hardinit_basin_partition,claude_transition_routes_4,3,0.01631334237754345,0.1598656177520752,0.19532112777233124,True,True,True
lista_dense_signsplit_p256_hardinit_basin_partition,claude_transition_routes_4,4,0.0087315384298563,0.15853151679039001,0.24455323815345764,True,True,True
lista_dense_signsplit_p256_hardinit_basin_partition,claude_transition_routes_4,5,0.0029001908842474222,0.09327404946088791,0.20841793715953827,True,True,True
lista_dense_signsplit_p256_hardinit_basin_partition,claude_transition_routes_4,6,0.004915220662951469,0.27994081377983093,0.37186163663864136,True,True,True
lista_dense_signsplit_p256_hardinit_basin_partition,claude_transition_routes_4,7,0.0014450396411120892,0.0025100940838456154,0.05044076591730118,True,True,True
lista_dense_signsplit_p256_hardinit_basin_partition,claude_transition_routes_4,8,0.0011664191260933876,0.0703975111246109,0.14570769667625427,True,True,True
lista_dense_signsplit_p256_hardinit_basin_partition,claude_transition_routes_4,9,0.008513745851814747,0.24736106395721436,0.34786343574523926,True,True,True
lista_dense_signsplit_p256_hardinit_basin_partition,claude_var_depth_gradient_4,0,0.004439596552401781,0.0029596583917737007,0.002774595282971859,True,True,True
lista_dense_signsplit_p256_hardinit_basin_partition,claude_var_depth_gradient_4,1,0.0010766733903437853,0.0006897159037180245,0.00064138846937567,True,True,True
lista_dense_signsplit_p256_hardinit_basin_partition,claude_var_depth_gradient_4,10,0.043061114847660065,0.06142400577664375,0.06371752172708511,True,True,True
lista_dense_signsplit_p256_hardinit_basin_partition,claude_var_depth_gradient_4,11,0.046080004423856735,0.06474807858467102,0.06708426773548126,True,True,True
lista_dense_signsplit_p256_hardinit_basin_partition,claude_var_depth_gradient_4,12,0.003309178166091442,0.0036259377375245094,0.0036657012533396482,True,True,True
lista_dense_signsplit_p256_hardinit_basin_partition,claude_var_depth_gradient_4,13,0.0016357095446437597,0.0015106011414900422,0.0014949797187000513,True,True,True
lista_dense_signsplit_p256_hardinit_basin_partition,claude_var_depth_gradient_4,14,0.0020264051854610443,0.0014848217833787203,0.0014171386137604713,True,True,True
lista_dense_signsplit_p256_hardinit_basin_partition,claude_var_depth_gradient_4,2,0.00745119946077466,0.0017838191706687212,0.0010753966635093093,True,True,True
lista_dense_signsplit_p256_hardinit_basin_partition,claude_var_depth_gradient_4,3,0.0034294812940061092,0.0030965947080403566,0.0030550346709787846,True,True,True
lista_dense_signsplit_p256_hardinit_basin_partition,claude_var_depth_gradient_4,4,0.0010271191131323576,0.0006435982068069279,0.0005956570385023952,True,True,True
lista_dense_signsplit_p256_hardinit_basin_partition,claude_var_depth_gradient_4,5,0.022661058232188225,0.05066613107919693,0.05416695028543472,True,True,True
lista_dense_signsplit_p256_hardinit_basin_partition,claude_var_depth_gradient_4,6,0.0021613577846437693,0.0015668064588680863,0.0014924815623089671,True,True,True
lista_dense_signsplit_p256_hardinit_basin_partition,claude_var_depth_gradient_4,7,0.025914950296282768,0.05525806546211243,0.05892494320869446,True,True,True
lista_dense_signsplit_p256_hardinit_basin_partition,claude_var_depth_gradient_4,8,0.0014494487550109625,0.0006216763285920024,0.0005182046443223953,True,True,True
lista_dense_signsplit_p256_hardinit_basin_partition,claude_var_depth_gradient_4,9,0.0020500104874372482,0.0016918189357966185,0.0016470198752358556,True,True,True
lista_dense_signsplit_p256_hardinit_basin_partition,claude_var_diamond_4,0,0.009312807582318783,0.07167978584766388,0.07952812314033508,True,True,True
lista_dense_signsplit_p256_hardinit_basin_partition,claude_var_diamond_4,1,0.00846059713512659,0.11087154597043991,0.14354684948921204,True,True,True
lista_dense_signsplit_p256_hardinit_basin_partition,claude_var_diamond_4,10,0.002084197476506233,0.06381534785032272,0.11989282816648483,True,True,True
lista_dense_signsplit_p256_hardinit_basin_partition,claude_var_diamond_4,11,0.0056623793207108974,0.07029519230127335,0.07872433960437775,True,True,True
lista_dense_signsplit_p256_hardinit_basin_partition,claude_var_diamond_4,12,0.037284620106220245,0.12304339557886124,0.14859378337860107,True,True,True
lista_dense_signsplit_p256_hardinit_basin_partition,claude_var_diamond_4,13,0.008246301673352718,0.001983276568353176,0.0011194591643288732,True,True,True
lista_dense_signsplit_p256_hardinit_basin_partition,claude_var_diamond_4,14,0.002128427615389228,0.0480327270925045,0.06842169910669327,True,True,True
lista_dense_signsplit_p256_hardinit_basin_partition,claude_var_diamond_4,2,0.004716904833912849,0.03953759744763374,0.06342785060405731,True,True,True
lista_dense_signsplit_p256_hardinit_basin_partition,claude_var_diamond_4,3,0.007073762360960245,0.1477939933538437,0.20552928745746613,True,True,True
lista_dense_signsplit_p256_hardinit_basin_partition,claude_var_diamond_4,4,0.0009131213300861418,0.04105173051357269,0.06503596901893616,True,True,True
lista_dense_signsplit_p256_hardinit_basin_partition,claude_var_diamond_4,5,0.009295034222304821,0.0021037706173956394,0.0011148933554068208,True,True,True
lista_dense_signsplit_p256_hardinit_basin_partition,claude_var_diamond_4,6,0.003490621456876397,0.15367138385772705,0.2129298448562622,True,True,True
lista_dense_signsplit_p256_hardinit_basin_partition,claude_var_diamond_4,7,0.009872260503470898,0.11020950227975845,0.14382438361644745,True,True,True
lista_dense_signsplit_p256_hardinit_basin_partition,claude_var_diamond_4,8,0.011861732229590416,0.17449060082435608,0.22463609278202057,True,True,True
lista_dense_signsplit_p256_hardinit_basin_partition,claude_var_diamond_4,9,0.0029942237306386232,0.001380525529384613,0.0010510464198887348,True,True,True
lista_dense_signsplit_p256_hardinit_basin_partition,claude_var_l_shape_5,0,0.011502820998430252,0.018613606691360474,0.019474530592560768,True,True,True
lista_dense_signsplit_p256_hardinit_basin_partition,claude_var_l_shape_5,1,0.014998197555541992,0.019870351999998093,0.020477592945098877,True,True,True
lista_dense_signsplit_p256_hardinit_basin_partition,claude_var_l_shape_5,10,0.0013570636510849,0.0008824268588796258,0.0007881072233431041,True,True,True
lista_dense_signsplit_p256_hardinit_basin_partition,claude_var_l_shape_5,11,0.016559019684791565,0.035078275948762894,0.038043536245822906,True,True,True
lista_dense_signsplit_p256_hardinit_basin_partition,claude_var_l_shape_5,12,0.0010478670010343194,0.0004773240943904966,0.0003996925079263747,True,True,True
lista_dense_signsplit_p256_hardinit_basin_partition,claude_var_l_shape_5,13,0.0022771554067730904,0.0022147810086607933,0.0021638802718371153,True,True,True
lista_dense_signsplit_p256_hardinit_basin_partition,claude_var_l_shape_5,14,0.001963419374078512,0.00115834956523031,0.001056999433785677,True,True,True
lista_dense_signsplit_p256_hardinit_basin_partition,claude_var_l_shape_5,2,0.0014101086417213082,0.0009150310070253909,0.0007840991020202637,True,True,True
lista_dense_signsplit_p256_hardinit_basin_partition,claude_var_l_shape_5,3,0.0011690164683386683,0.0004330458177719265,0.00033740937942638993,True,True,True
lista_dense_signsplit_p256_hardinit_basin_partition,claude_var_l_shape_5,4,0.016948962584137917,0.020632732659578323,0.021086525171995163,True,True,True
lista_dense_signsplit_p256_hardinit_basin_partition,claude_var_l_shape_5,5,0.0011978972470387816,0.0003968511591665447,0.00026897163479588926,True,True,True
lista_dense_signsplit_p256_hardinit_basin_partition,claude_var_l_shape_5,6,0.017464468255639076,0.02094997465610504,0.02130286954343319,True,True,True
lista_dense_signsplit_p256_hardinit_basin_partition,claude_var_l_shape_5,7,0.007229017559438944,0.017711592838168144,0.019020143896341324,True,True,True
lista_dense_signsplit_p256_hardinit_basin_partition,claude_var_l_shape_5,8,0.01413031481206417,0.019291488453745842,0.019919883459806442,True,True,True
lista_dense_signsplit_p256_hardinit_basin_partition,claude_var_l_shape_5,9,0.001385730691254139,0.0010076655307784677,0.0009399285190738738,True,True,True
lista_dense_signsplit_p256_hardinit_basin_partition,gated_local_linear,0,0.0013278296682983637,0.0013060473138466477,0.001385360024869442,True,True,True
lista_dense_signsplit_p256_hardinit_basin_partition,gated_local_linear,1,0.002059127204120159,0.0020065284334123135,0.00203256169334054,True,True,True
lista_dense_signsplit_p256_hardinit_basin_partition,gated_local_linear,10,0.0013251659693196416,0.001897767186164856,0.001985172973945737,True,True,True
lista_dense_signsplit_p256_hardinit_basin_partition,gated_local_linear,11,0.0006927387439645827,0.0013440183829516172,0.0014350409619510174,True,True,True
lista_dense_signsplit_p256_hardinit_basin_partition,gated_local_linear,12,0.000352730683516711,0.0006328199524432421,0.0006923427572473884,True,True,True
lista_dense_signsplit_p256_hardinit_basin_partition,gated_local_linear,13,0.00373076181858778,0.0033633995335549116,0.00328645296394825,True,True,True
lista_dense_signsplit_p256_hardinit_basin_partition,gated_local_linear,14,0.0011331659043207765,0.002556998049840331,0.0032081096433103085,True,True,True
lista_dense_signsplit_p256_hardinit_basin_partition,gated_local_linear,2,0.00043301511323079467,0.0013914486626163125,0.0015531559474766254,True,True,True
lista_dense_signsplit_p256_hardinit_basin_partition,gated_local_linear,3,0.001217484357766807,0.0033727504778653383,0.0036403953563421965,True,True,True
lista_dense_signsplit_p256_hardinit_basin_partition,gated_local_linear,4,0.00039892669883556664,0.0006084905471652746,0.0006324062705971301,True,True,True
lista_dense_signsplit_p256_hardinit_basin_partition,gated_local_linear,5,0.000815217848867178,0.0018122195033356547,0.0020018285140395164,True,True,True
lista_dense_signsplit_p256_hardinit_basin_partition,gated_local_linear,6,0.0008689535316079855,0.001656255917623639,0.0018859392730519176,True,True,True
lista_dense_signsplit_p256_hardinit_basin_partition,gated_local_linear,7,0.0009604932274669409,0.0008646448841318488,0.0008263495401479304,True,True,True
lista_dense_signsplit_p256_hardinit_basin_partition,gated_local_linear,8,0.0014512521447613835,0.0012159986654296517,0.0012621947098523378,True,True,True
lista_dense_signsplit_p256_hardinit_basin_partition,gated_local_linear,9,0.001187782851047814,0.0021739909425377846,0.002325023291632533,True,True,True
lista_dense_signsplit_p256_hardinit_basin_partition,gated_transfer_linear,0,0.32645389437675476,1.0378334522247314,1.1204581260681152,True,True,True
lista_dense_signsplit_p256_hardinit_basin_partition,gated_transfer_linear,1,0.17116157710552216,0.28325238823890686,0.30917826294898987,True,True,True
lista_dense_signsplit_p256_hardinit_basin_partition,gated_transfer_linear,10,0.32830798625946045,0.8470184206962585,0.9143052697181702,True,True,True
lista_dense_signsplit_p256_hardinit_basin_partition,gated_transfer_linear,11,0.21484506130218506,0.44288840889930725,0.47336989641189575,True,True,True
lista_dense_signsplit_p256_hardinit_basin_partition,gated_transfer_linear,12,0.33465519547462463,1.097467064857483,1.1993963718414307,True,True,True
lista_dense_signsplit_p256_hardinit_basin_partition,gated_transfer_linear,13,0.22912172973155975,0.5584307909011841,0.6005585193634033,True,True,True
lista_dense_signsplit_p256_hardinit_basin_partition,gated_transfer_linear,14,0.24798977375030518,0.8260530233383179,0.8885168433189392,True,True,True
lista_dense_signsplit_p256_hardinit_basin_partition,gated_transfer_linear,2,0.08991075307130814,0.4822777807712555,0.5263592004776001,True,True,True
lista_dense_signsplit_p256_hardinit_basin_partition,gated_transfer_linear,3,0.931550145149231,24.310020446777344,18.84896469116211,True,True,True
lista_dense_signsplit_p256_hardinit_basin_partition,gated_transfer_linear,4,0.15465359389781952,0.5921005010604858,0.6487492322921753,True,True,True
lista_dense_signsplit_p256_hardinit_basin_partition,gated_transfer_linear,5,0.33896690607070923,0.8051576018333435,0.873138427734375,True,True,True
lista_dense_signsplit_p256_hardinit_basin_partition,gated_transfer_linear,6,0.30162400007247925,0.760578453540802,0.8177732825279236,True,True,True
lista_dense_signsplit_p256_hardinit_basin_partition,gated_transfer_linear,7,0.3684297204017639,1.0909829139709473,1.1753677129745483,True,True,True
lista_dense_signsplit_p256_hardinit_basin_partition,gated_transfer_linear,8,0.3854256570339203,0.930020272731781,1.0057412385940552,True,True,True
lista_dense_signsplit_p256_hardinit_basin_partition,gated_transfer_linear,9,0.22145484387874603,0.8113076686859131,0.8879368305206299,True,True,True
mlp_sparse_blockdiag_hardinit_basin_partition_control,claude_arrested_spiral,0,0.044961296021938324,0.12165741622447968,0.1315169483423233,True,True,True
mlp_sparse_blockdiag_hardinit_basin_partition_control,claude_arrested_spiral,1,0.006679427810013294,0.001957325730472803,0.0013670142507180572,True,True,True
mlp_sparse_blockdiag_hardinit_basin_partition_control,claude_arrested_spiral,10,0.04345665127038956,0.05783393234014511,0.05964674800634384,True,True,True
mlp_sparse_blockdiag_hardinit_basin_partition_control,claude_arrested_spiral,11,0.05539693683385849,0.0800507664680481,0.08313491195440292,True,True,True
mlp_sparse_blockdiag_hardinit_basin_partition_control,claude_arrested_spiral,12,0.032038137316703796,0.046933770179748535,0.048796266317367554,True,True,True
mlp_sparse_blockdiag_hardinit_basin_partition_control,claude_arrested_spiral,13,0.043892260640859604,0.0571875236928463,0.058852292597293854,True,True,True
mlp_sparse_blockdiag_hardinit_basin_partition_control,claude_arrested_spiral,14,0.010579545050859451,0.022400271147489548,0.023878159001469612,True,True,True
mlp_sparse_blockdiag_hardinit_basin_partition_control,claude_arrested_spiral,2,0.14479805529117584,0.23928391933441162,0.2524002492427826,True,True,True
mlp_sparse_blockdiag_hardinit_basin_partition_control,claude_arrested_spiral,3,0.030324235558509827,0.03356057032942772,0.033964529633522034,True,True,True
mlp_sparse_blockdiag_hardinit_basin_partition_control,claude_arrested_spiral,4,0.02715476229786873,0.03277458995580673,0.03344900906085968,True,True,True
mlp_sparse_blockdiag_hardinit_basin_partition_control,claude_arrested_spiral,5,0.03556806221604347,0.05336909368634224,0.055592313408851624,True,True,True
mlp_sparse_blockdiag_hardinit_basin_partition_control,claude_arrested_spiral,6,0.06333766132593155,0.11661797761917114,0.12327756732702255,True,True,True
mlp_sparse_blockdiag_hardinit_basin_partition_control,claude_arrested_spiral,7,0.026244523003697395,0.03178068995475769,0.03247261792421341,True,True,True
mlp_sparse_blockdiag_hardinit_basin_partition_control,claude_arrested_spiral,8,0.027279939502477646,0.027579709887504578,0.02761717326939106,True,True,True
mlp_sparse_blockdiag_hardinit_basin_partition_control,claude_arrested_spiral,9,0.032652515918016434,0.04642636701464653,0.04814814031124115,True,True,True
mlp_sparse_blockdiag_hardinit_basin_partition_control,claude_cal_asymmetric_3,0,0.0024339528754353523,0.00113187066745013,0.0009690873557701707,True,True,True
mlp_sparse_blockdiag_hardinit_basin_partition_control,claude_cal_asymmetric_3,1,0.03234104812145233,0.07866528630256653,0.08445945382118225,True,True,True
mlp_sparse_blockdiag_hardinit_basin_partition_control,claude_cal_asymmetric_3,10,0.0020481713581830263,0.0011318003525957465,0.001017215778119862,True,True,True
mlp_sparse_blockdiag_hardinit_basin_partition_control,claude_cal_asymmetric_3,11,0.002208051737397909,0.001852858462370932,0.001808441593311727,True,True,True
mlp_sparse_blockdiag_hardinit_basin_partition_control,claude_cal_asymmetric_3,12,0.0015196354361250997,0.0011306358501315117,0.0010820329189300537,True,True,True
mlp_sparse_blockdiag_hardinit_basin_partition_control,claude_cal_asymmetric_3,13,0.0016531270230188966,0.0008256025612354279,0.0007221627165563405,True,True,True
mlp_sparse_blockdiag_hardinit_basin_partition_control,claude_cal_asymmetric_3,14,0.0007527153356932104,0.0006598883192054927,0.0006482712342403829,True,True,True
mlp_sparse_blockdiag_hardinit_basin_partition_control,claude_cal_asymmetric_3,2,0.004911249503493309,0.0013680107658728957,0.000925053667742759,True,True,True
mlp_sparse_blockdiag_hardinit_basin_partition_control,claude_cal_asymmetric_3,3,0.027956632897257805,0.07722797989845276,0.08338925242424011,True,True,True
mlp_sparse_blockdiag_hardinit_basin_partition_control,claude_cal_asymmetric_3,4,0.0007903461810201406,0.0003985176736023277,0.00034953898284584284,True,True,True
mlp_sparse_blockdiag_hardinit_basin_partition_control,claude_cal_asymmetric_3,5,0.0011490259785205126,0.0008223244803957641,0.0007814894779585302,True,True,True
mlp_sparse_blockdiag_hardinit_basin_partition_control,claude_cal_asymmetric_3,6,0.0018502222374081612,0.0009475728147663176,0.0008347435505129397,True,True,True
mlp_sparse_blockdiag_hardinit_basin_partition_control,claude_cal_asymmetric_3,7,0.0061762710101902485,0.002500624395906925,0.002041167113929987,True,True,True
mlp_sparse_blockdiag_hardinit_basin_partition_control,claude_cal_asymmetric_3,8,0.023921780288219452,0.07148072123527527,0.07742951065301895,True,True,True
mlp_sparse_blockdiag_hardinit_basin_partition_control,claude_cal_asymmetric_3,9,0.0024594836868345737,0.0012893693055957556,0.00114310416392982,True,True,True
mlp_sparse_blockdiag_hardinit_basin_partition_control,claude_cal_hexagon_6,0,0.0175054632127285,0.026256512850522995,0.02735051140189171,True,True,True
mlp_sparse_blockdiag_hardinit_basin_partition_control,claude_cal_hexagon_6,1,0.015927070751786232,0.025152383372187614,0.026305604726076126,True,True,True
mlp_sparse_blockdiag_hardinit_basin_partition_control,claude_cal_hexagon_6,10,0.03346717730164528,0.05221642553806305,0.05458015576004982,True,True,True
mlp_sparse_blockdiag_hardinit_basin_partition_control,claude_cal_hexagon_6,11,0.04440498724579811,0.09887532889842987,0.10591156780719757,True,True,True
mlp_sparse_blockdiag_hardinit_basin_partition_control,claude_cal_hexagon_6,12,0.033487867563962936,0.05088033154606819,0.053054552525281906,True,True,True
mlp_sparse_blockdiag_hardinit_basin_partition_control,claude_cal_hexagon_6,13,0.03299514204263687,0.050370268523693085,0.05254123732447624,True,True,True
mlp_sparse_blockdiag_hardinit_basin_partition_control,claude_cal_hexagon_6,14,0.02286170795559883,0.0477808378636837,0.05091384798288345,True,True,True
mlp_sparse_blockdiag_hardinit_basin_partition_control,claude_cal_hexagon_6,2,0.016590546816587448,0.025743398815393448,0.026883797720074654,True,True,True
mlp_sparse_blockdiag_hardinit_basin_partition_control,claude_cal_hexagon_6,3,0.017538119107484818,0.024784106761217117,0.025690289214253426,True,True,True
mlp_sparse_blockdiag_hardinit_basin_partition_control,claude_cal_hexagon_6,4,0.029786057770252228,0.05013372749090195,0.05267955735325813,True,True,True
mlp_sparse_blockdiag_hardinit_basin_partition_control,claude_cal_hexagon_6,5,0.016575612127780914,0.02466774173080921,0.025679340586066246,True,True,True
mlp_sparse_blockdiag_hardinit_basin_partition_control,claude_cal_hexagon_6,6,0.02984723262488842,0.04911959543824196,0.05152897536754608,True,True,True
mlp_sparse_blockdiag_hardinit_basin_partition_control,claude_cal_hexagon_6,7,0.03405343368649483,0.05098218098282814,0.053098514676094055,True,True,True
mlp_sparse_blockdiag_hardinit_basin_partition_control,claude_cal_hexagon_6,8,0.016246886923909187,0.024841127917170525,0.025915376842021942,True,True,True
mlp_sparse_blockdiag_hardinit_basin_partition_control,claude_cal_hexagon_6,9,0.03161114826798439,0.05200600624084473,0.05455590784549713,True,True,True
mlp_sparse_blockdiag_hardinit_basin_partition_control,claude_cal_high_cross_3,0,0.08147593587636948,0.2263888716697693,0.24457502365112305,True,True,True
mlp_sparse_blockdiag_hardinit_basin_partition_control,claude_cal_high_cross_3,1,0.9258648753166199,3.6068739891052246,3.9385364055633545,True,True,True
mlp_sparse_blockdiag_hardinit_basin_partition_control,claude_cal_high_cross_3,10,0.2378508746623993,2.234254837036133,2.8694040775299072,True,True,True
mlp_sparse_blockdiag_hardinit_basin_partition_control,claude_cal_high_cross_3,11,0.2103462815284729,0.3948870897293091,0.41794535517692566,True,True,True
mlp_sparse_blockdiag_hardinit_basin_partition_control,claude_cal_high_cross_3,12,0.25386613607406616,0.35595282912254333,0.3687115013599396,True,True,True
mlp_sparse_blockdiag_hardinit_basin_partition_control,claude_cal_high_cross_3,13,0.16208575665950775,0.31446021795272827,0.3334997594356537,True,True,True
mlp_sparse_blockdiag_hardinit_basin_partition_control,claude_cal_high_cross_3,14,0.10662957280874252,0.16983743011951447,0.17774227261543274,True,True,True
mlp_sparse_blockdiag_hardinit_basin_partition_control,claude_cal_high_cross_3,2,0.20300400257110596,0.32870468497276306,0.3444167375564575,True,True,True
mlp_sparse_blockdiag_hardinit_basin_partition_control,claude_cal_high_cross_3,3,0.22230401635169983,0.3917751610279083,0.4129597842693329,True,True,True
mlp_sparse_blockdiag_hardinit_basin_partition_control,claude_cal_high_cross_3,4,0.5911128520965576,5.034654140472412,5.317044734954834,True,True,True
mlp_sparse_blockdiag_hardinit_basin_partition_control,claude_cal_high_cross_3,5,0.8563045263290405,5.105703830718994,5.736960411071777,True,True,True
mlp_sparse_blockdiag_hardinit_basin_partition_control,claude_cal_high_cross_3,6,0.05179106071591377,0.08016535639762878,0.08371234685182571,True,True,True
mlp_sparse_blockdiag_hardinit_basin_partition_control,claude_cal_high_cross_3,7,0.28165876865386963,0.6257063746452332,0.6685990691184998,True,True,True
mlp_sparse_blockdiag_hardinit_basin_partition_control,claude_cal_high_cross_3,8,0.21568243205547333,0.3301534652709961,0.34446537494659424,True,True,True
mlp_sparse_blockdiag_hardinit_basin_partition_control,claude_cal_high_cross_3,9,0.2368423044681549,2.665923833847046,3.2662477493286133,True,True,True
mlp_sparse_blockdiag_hardinit_basin_partition_control,claude_cal_octagon_8,0,0.08528900891542435,0.2619505226612091,0.34275582432746887,True,True,True
mlp_sparse_blockdiag_hardinit_basin_partition_control,claude_cal_octagon_8,1,0.10293181240558624,0.1390649378299713,0.14366187155246735,True,True,True
mlp_sparse_blockdiag_hardinit_basin_partition_control,claude_cal_octagon_8,10,0.07315179705619812,0.10238917171955109,0.106041319668293,True,True,True
mlp_sparse_blockdiag_hardinit_basin_partition_control,claude_cal_octagon_8,11,0.028511637821793556,0.03007657267153263,0.030271513387560844,True,True,True
mlp_sparse_blockdiag_hardinit_basin_partition_control,claude_cal_octagon_8,12,0.14365094900131226,0.18843956291675568,0.19405139982700348,True,True,True
mlp_sparse_blockdiag_hardinit_basin_partition_control,claude_cal_octagon_8,13,0.044049929827451706,0.054796017706394196,0.05613971874117851,True,True,True
mlp_sparse_blockdiag_hardinit_basin_partition_control,claude_cal_octagon_8,14,0.04409730061888695,0.052050840109586716,0.053044043481349945,True,True,True
mlp_sparse_blockdiag_hardinit_basin_partition_control,claude_cal_octagon_8,2,0.016088439151644707,0.030075063928961754,0.0318249836564064,True,True,True
mlp_sparse_blockdiag_hardinit_basin_partition_control,claude_cal_octagon_8,3,0.10682298988103867,0.15013326704502106,0.155589297413826,True,True,True
mlp_sparse_blockdiag_hardinit_basin_partition_control,claude_cal_octagon_8,4,0.09140004217624664,0.18091905117034912,0.19279487431049347,True,True,True
mlp_sparse_blockdiag_hardinit_basin_partition_control,claude_cal_octagon_8,5,0.05855952575802803,0.08020652830600739,0.08291251957416534,True,True,True
mlp_sparse_blockdiag_hardinit_basin_partition_control,claude_cal_octagon_8,6,0.05934685096144676,0.078605517745018,0.08101452142000198,True,True,True
mlp_sparse_blockdiag_hardinit_basin_partition_control,claude_cal_octagon_8,7,0.11858376860618591,0.15156738460063934,0.1557150036096573,True,True,True
mlp_sparse_blockdiag_hardinit_basin_partition_control,claude_cal_octagon_8,8,0.10980404168367386,0.1482413411140442,0.1530463695526123,True,True,True
mlp_sparse_blockdiag_hardinit_basin_partition_control,claude_cal_octagon_8,9,0.19061540067195892,0.2505083382129669,0.2580036222934723,True,True,True
mlp_sparse_blockdiag_hardinit_basin_partition_control,claude_cal_pentagon_5,0,0.03244456276297569,0.0439034141600132,0.0453358069062233,True,True,True
mlp_sparse_blockdiag_hardinit_basin_partition_control,claude_cal_pentagon_5,1,0.04764646664261818,0.07528699934482574,0.07874195277690887,True,True,True
mlp_sparse_blockdiag_hardinit_basin_partition_control,claude_cal_pentagon_5,10,0.04184998944401741,0.0730821043252945,0.07698622345924377,True,True,True
mlp_sparse_blockdiag_hardinit_basin_partition_control,claude_cal_pentagon_5,11,0.0008035068167373538,0.0006707989377900958,0.0006544899079017341,True,True,True
mlp_sparse_blockdiag_hardinit_basin_partition_control,claude_cal_pentagon_5,12,0.04511655494570732,0.07455176115036011,0.07823126018047333,True,True,True
mlp_sparse_blockdiag_hardinit_basin_partition_control,claude_cal_pentagon_5,13,0.0019259597174823284,0.0019411060493439436,0.0019433237612247467,True,True,True
mlp_sparse_blockdiag_hardinit_basin_partition_control,claude_cal_pentagon_5,14,0.01817496307194233,0.035633839666843414,0.037815917283296585,True,True,True
mlp_sparse_blockdiag_hardinit_basin_partition_control,claude_cal_pentagon_5,2,0.02085009030997753,0.03761379420757294,0.039709243923425674,True,True,True
mlp_sparse_blockdiag_hardinit_basin_partition_control,claude_cal_pentagon_5,3,0.002276848303154111,0.0015675267204642296,0.0014788664411753416,True,True,True
mlp_sparse_blockdiag_hardinit_basin_partition_control,claude_cal_pentagon_5,4,0.023492129519581795,0.038465533405542374,0.04033761844038963,True,True,True
mlp_sparse_blockdiag_hardinit_basin_partition_control,claude_cal_pentagon_5,5,0.05195438489317894,0.07630535215139389,0.07935633510351181,True,True,True
mlp_sparse_blockdiag_hardinit_basin_partition_control,claude_cal_pentagon_5,6,0.001202002284117043,0.0007242850842885673,0.0006645708344876766,True,True,True
mlp_sparse_blockdiag_hardinit_basin_partition_control,claude_cal_pentagon_5,7,0.001025912817567587,0.0007577952928841114,0.000724281242582947,True,True,True
mlp_sparse_blockdiag_hardinit_basin_partition_control,claude_cal_pentagon_5,8,0.0014196501579135656,0.0007430640398524702,0.000658491044305265,True,True,True
mlp_sparse_blockdiag_hardinit_basin_partition_control,claude_cal_pentagon_5,9,0.03814718872308731,0.07357867062091827,0.0780075341463089,True,True,True
mlp_sparse_blockdiag_hardinit_basin_partition_control,claude_cal_square_4,0,0.0033812702167779207,0.0010060940403491259,0.0007091055740602314,True,True,True
mlp_sparse_blockdiag_hardinit_basin_partition_control,claude_cal_square_4,1,0.0016306915786117315,0.0006410042406059802,0.0005175730329938233,True,True,True
mlp_sparse_blockdiag_hardinit_basin_partition_control,claude_cal_square_4,10,0.0027757086791098118,0.0016171601600944996,0.001472297590225935,True,True,True
mlp_sparse_blockdiag_hardinit_basin_partition_control,claude_cal_square_4,11,0.04048330336809158,0.060003235936164856,0.06244359165430069,True,True,True
mlp_sparse_blockdiag_hardinit_basin_partition_control,claude_cal_square_4,12,0.002755299909040332,0.0013701778370887041,0.0011970354244112968,True,True,True
mlp_sparse_blockdiag_hardinit_basin_partition_control,claude_cal_square_4,13,0.0025968002155423164,0.0015477328561246395,0.0014160542050376534,True,True,True
mlp_sparse_blockdiag_hardinit_basin_partition_control,claude_cal_square_4,14,0.003940084483474493,0.002278572181239724,0.002072423929348588,True,True,True
mlp_sparse_blockdiag_hardinit_basin_partition_control,claude_cal_square_4,2,0.0030178027227520943,0.0015494342660531402,0.0013658867683261633,True,True,True
mlp_sparse_blockdiag_hardinit_basin_partition_control,claude_cal_square_4,3,0.00879077147692442,0.004328353796154261,0.003776999656111002,True,True,True
mlp_sparse_blockdiag_hardinit_basin_partition_control,claude_cal_square_4,4,0.0014196059200912714,0.0008086729794740677,0.0007323084282688797,True,True,True
mlp_sparse_blockdiag_hardinit_basin_partition_control,claude_cal_square_4,5,0.003067632205784321,0.0018302308162674308,0.001676260493695736,True,True,True
mlp_sparse_blockdiag_hardinit_basin_partition_control,claude_cal_square_4,6,0.0024685573298484087,0.0014971564523875713,0.0013752742670476437,True,True,True
mlp_sparse_blockdiag_hardinit_basin_partition_control,claude_cal_square_4,7,0.03405487537384033,0.05798878148198128,0.06098051369190216,True,True,True
mlp_sparse_blockdiag_hardinit_basin_partition_control,claude_cal_square_4,8,0.06838034838438034,0.11357329040765762,0.11922243982553482,True,True,True
mlp_sparse_blockdiag_hardinit_basin_partition_control,claude_cal_square_4,9,0.040129560977220535,0.05821644887328148,0.06047743931412697,True,True,True
mlp_sparse_blockdiag_hardinit_basin_partition_control,claude_duffing_triple_well,0,0.0006240163929760456,0.001833789749071002,0.0011803344823420048,True,True,True
mlp_sparse_blockdiag_hardinit_basin_partition_control,claude_duffing_triple_well,1,0.0010437746532261372,0.0026303764898329973,0.0016515059396624565,True,True,True
mlp_sparse_blockdiag_hardinit_basin_partition_control,claude_duffing_triple_well,10,0.002052724827080965,0.0026909024454653263,0.0014018937945365906,True,True,True
mlp_sparse_blockdiag_hardinit_basin_partition_control,claude_duffing_triple_well,11,0.0008603555033914745,0.0012878422858193517,0.0008303631329908967,True,True,True
mlp_sparse_blockdiag_hardinit_basin_partition_control,claude_duffing_triple_well,12,0.004372755065560341,0.011513076722621918,0.006432101596146822,True,True,True
mlp_sparse_blockdiag_hardinit_basin_partition_control,claude_duffing_triple_well,13,0.0005668068770319223,0.0010465969098731875,0.0007622739067301154,True,True,True
mlp_sparse_blockdiag_hardinit_basin_partition_control,claude_duffing_triple_well,14,0.0013689737534150481,0.001784794614650309,0.0012600577902048826,True,True,True
mlp_sparse_blockdiag_hardinit_basin_partition_control,claude_duffing_triple_well,2,0.0015591857954859734,0.0027939944993704557,0.0015035388059914112,True,True,True
mlp_sparse_blockdiag_hardinit_basin_partition_control,claude_duffing_triple_well,3,0.004066108260303736,0.00586423696950078,0.003503404790535569,True,True,True
mlp_sparse_blockdiag_hardinit_basin_partition_control,claude_duffing_triple_well,4,0.00498946150764823,0.005294446367770433,0.0032899505458772182,True,True,True
mlp_sparse_blockdiag_hardinit_basin_partition_control,claude_duffing_triple_well,5,0.0026493873447179794,0.0035924455150961876,0.002779534785076976,True,True,True
mlp_sparse_blockdiag_hardinit_basin_partition_control,claude_duffing_triple_well,6,0.0007680782582610846,0.0014212856767699122,0.0010703093139454722,True,True,True
mlp_sparse_blockdiag_hardinit_basin_partition_control,claude_duffing_triple_well,7,0.0030864905565977097,0.0037386303301900625,0.0021284744143486023,True,True,True
mlp_sparse_blockdiag_hardinit_basin_partition_control,claude_duffing_triple_well,8,0.0006706467247568071,0.0013187429867684841,0.0013042348437011242,True,True,True
mlp_sparse_blockdiag_hardinit_basin_partition_control,claude_duffing_triple_well,9,0.0005669521633535624,0.0011952202767133713,0.0009985505603253841,True,True,True
mlp_sparse_blockdiag_hardinit_basin_partition_control,claude_snic_multi,0,0.0002472533087711781,0.00044773833360522985,0.00048194549162872136,True,True,True
mlp_sparse_blockdiag_hardinit_basin_partition_control,claude_snic_multi,1,0.00014281884068623185,0.0007379298913292587,0.0008658554870635271,True,True,True
mlp_sparse_blockdiag_hardinit_basin_partition_control,claude_snic_multi,10,0.00012472597882151604,0.00018443707085680217,0.00019851139222737402,True,True,True
mlp_sparse_blockdiag_hardinit_basin_partition_control,claude_snic_multi,11,0.000701103184837848,0.0006791608757339418,0.0006788626778870821,True,True,True
mlp_sparse_blockdiag_hardinit_basin_partition_control,claude_snic_multi,12,0.0007331527303904295,0.00029783256468363106,0.00023222787422128022,True,True,True
mlp_sparse_blockdiag_hardinit_basin_partition_control,claude_snic_multi,13,0.00028486212249845266,0.0009516131249256432,0.001053586951456964,True,True,True
mlp_sparse_blockdiag_hardinit_basin_partition_control,claude_snic_multi,14,0.00012216488539706916,0.00031166733242571354,0.0003539802855812013,True,True,True
mlp_sparse_blockdiag_hardinit_basin_partition_control,claude_snic_multi,2,0.00013710506027564406,8.927381713874638e-05,8.046280709095299e-05,True,True,True
mlp_sparse_blockdiag_hardinit_basin_partition_control,claude_snic_multi,3,7.582319085486233e-05,0.00016832859546411783,0.0001810683315852657,True,True,True
mlp_sparse_blockdiag_hardinit_basin_partition_control,claude_snic_multi,4,0.00015752384206280112,0.00015961600001901388,0.00015726346464361995,True,True,True
mlp_sparse_blockdiag_hardinit_basin_partition_control,claude_snic_multi,5,0.0004545945266727358,0.001143878442235291,0.0012686996487900615,True,True,True
mlp_sparse_blockdiag_hardinit_basin_partition_control,claude_snic_multi,6,0.00011998732225038111,0.00014726076915394515,0.0001503655657870695,True,True,True
mlp_sparse_blockdiag_hardinit_basin_partition_control,claude_snic_multi,7,0.00016065998352132738,0.00016772285744082183,0.00016838287410791963,True,True,True
mlp_sparse_blockdiag_hardinit_basin_partition_control,claude_snic_multi,8,8.909316966310143e-05,0.00013495351595338434,0.0001417130115441978,True,True,True
mlp_sparse_blockdiag_hardinit_basin_partition_control,claude_snic_multi,9,0.0003017411509063095,0.0001269418717129156,0.00010293137893313542,True,True,True
mlp_sparse_blockdiag_hardinit_basin_partition_control,claude_transition_routes_4,0,0.002934996737167239,0.15752550959587097,0.24472646415233612,True,True,True
mlp_sparse_blockdiag_hardinit_basin_partition_control,claude_transition_routes_4,1,0.002594298217445612,0.23129576444625854,0.39356085658073425,True,True,True
mlp_sparse_blockdiag_hardinit_basin_partition_control,claude_transition_routes_4,10,0.02387026697397232,0.23933036625385284,0.3496367335319519,True,True,True
mlp_sparse_blockdiag_hardinit_basin_partition_control,claude_transition_routes_4,11,0.0043541742488741875,0.23398128151893616,0.29266655445098877,True,True,True
mlp_sparse_blockdiag_hardinit_basin_partition_control,claude_transition_routes_4,12,0.009327373467385769,0.0908423513174057,0.13788627088069916,True,True,True
mlp_sparse_blockdiag_hardinit_basin_partition_control,claude_transition_routes_4,13,0.0040073939599096775,0.16028951108455658,0.19297881424427032,True,True,True
mlp_sparse_blockdiag_hardinit_basin_partition_control,claude_transition_routes_4,14,0.013240152969956398,0.24349239468574524,0.3513685464859009,True,True,True
mlp_sparse_blockdiag_hardinit_basin_partition_control,claude_transition_routes_4,2,0.002093245042487979,0.1566830277442932,0.286274790763855,True,True,True
mlp_sparse_blockdiag_hardinit_basin_partition_control,claude_transition_routes_4,3,0.002419685944914818,0.15131691098213196,0.2468179166316986,True,True,True
mlp_sparse_blockdiag_hardinit_basin_partition_control,claude_transition_routes_4,4,0.0016614944906905293,0.1549621820449829,0.2461986094713211,True,True,True
mlp_sparse_blockdiag_hardinit_basin_partition_control,claude_transition_routes_4,5,0.004609415773302317,0.24649061262607574,0.42891037464141846,True,True,True
mlp_sparse_blockdiag_hardinit_basin_partition_control,claude_transition_routes_4,6,0.020459825173020363,0.16301800310611725,0.3300483822822571,True,True,True
mlp_sparse_blockdiag_hardinit_basin_partition_control,claude_transition_routes_4,7,0.0025816515553742647,0.08185779303312302,0.20938260853290558,True,True,True
mlp_sparse_blockdiag_hardinit_basin_partition_control,claude_transition_routes_4,8,0.005534032359719276,0.17415566742420197,0.3144683241844177,True,True,True
mlp_sparse_blockdiag_hardinit_basin_partition_control,claude_transition_routes_4,9,0.0020320178009569645,0.08686769753694534,0.26705294847488403,True,True,True
mlp_sparse_blockdiag_hardinit_basin_partition_control,claude_var_depth_gradient_4,0,0.004762532655149698,0.0023035146296024323,0.0019961369689553976,True,True,True
mlp_sparse_blockdiag_hardinit_basin_partition_control,claude_var_depth_gradient_4,1,0.004511633887887001,0.002468354534357786,0.002213028259575367,True,True,True
mlp_sparse_blockdiag_hardinit_basin_partition_control,claude_var_depth_gradient_4,10,0.04964607208967209,0.0669507086277008,0.06911379843950272,True,True,True
mlp_sparse_blockdiag_hardinit_basin_partition_control,claude_var_depth_gradient_4,11,0.001557443873025477,0.000808387529104948,0.0007147536962293088,True,True,True
mlp_sparse_blockdiag_hardinit_basin_partition_control,claude_var_depth_gradient_4,12,0.04615137726068497,0.06450971961021423,0.06680450588464737,True,True,True
mlp_sparse_blockdiag_hardinit_basin_partition_control,claude_var_depth_gradient_4,13,0.04655633121728897,0.06434875726699829,0.06657282263040543,True,True,True
mlp_sparse_blockdiag_hardinit_basin_partition_control,claude_var_depth_gradient_4,14,0.0022043550852686167,0.001377617591060698,0.0012741269310936332,True,True,True
mlp_sparse_blockdiag_hardinit_basin_partition_control,claude_var_depth_gradient_4,2,0.04755866900086403,0.06528865545988083,0.06750492751598358,True,True,True
mlp_sparse_blockdiag_hardinit_basin_partition_control,claude_var_depth_gradient_4,3,0.04666799679398537,0.06459590047597885,0.0668368935585022,True,True,True
mlp_sparse_blockdiag_hardinit_basin_partition_control,claude_var_depth_gradient_4,4,0.003983925096690655,0.0019230878679081798,0.0016655160579830408,True,True,True
mlp_sparse_blockdiag_hardinit_basin_partition_control,claude_var_depth_gradient_4,5,0.047458216547966,0.0652904361486435,0.06751936674118042,True,True,True
mlp_sparse_blockdiag_hardinit_basin_partition_control,claude_var_depth_gradient_4,6,0.0036815907806158066,0.0021701089572161436,0.00198118737898767,True,True,True
mlp_sparse_blockdiag_hardinit_basin_partition_control,claude_var_depth_gradient_4,7,0.033739909529685974,0.05427338182926178,0.05684012547135353,True,True,True
mlp_sparse_blockdiag_hardinit_basin_partition_control,claude_var_depth_gradient_4,8,0.0029884008690714836,0.001376936910673976,0.001175630372017622,True,True,True
mlp_sparse_blockdiag_hardinit_basin_partition_control,claude_var_depth_gradient_4,9,0.045908741652965546,0.06457860767841339,0.06691239774227142,True,True,True
mlp_sparse_blockdiag_hardinit_basin_partition_control,claude_var_diamond_4,0,0.00806873943656683,0.15938931703567505,0.2136816531419754,True,True,True
mlp_sparse_blockdiag_hardinit_basin_partition_control,claude_var_diamond_4,1,0.0022442408371716738,0.04823854938149452,0.06912998855113983,True,True,True
mlp_sparse_blockdiag_hardinit_basin_partition_control,claude_var_diamond_4,10,0.0034979924093931913,0.04101270064711571,0.06650169938802719,True,True,True
mlp_sparse_blockdiag_hardinit_basin_partition_control,claude_var_diamond_4,11,0.20936961472034454,0.4318356215953827,0.4668215215206146,True,True,True
mlp_sparse_blockdiag_hardinit_basin_partition_control,claude_var_diamond_4,12,0.007957826368510723,0.06671137362718582,0.12298712134361267,True,True,True
mlp_sparse_blockdiag_hardinit_basin_partition_control,claude_var_diamond_4,13,0.08572578430175781,0.18445414304733276,0.20542123913764954,True,True,True
mlp_sparse_blockdiag_hardinit_basin_partition_control,claude_var_diamond_4,14,0.023678701370954514,0.07767930626869202,0.08439543843269348,True,True,True
mlp_sparse_blockdiag_hardinit_basin_partition_control,claude_var_diamond_4,2,0.0030649311374872923,0.06867938488721848,0.12335803359746933,True,True,True
mlp_sparse_blockdiag_hardinit_basin_partition_control,claude_var_diamond_4,3,0.11278262734413147,0.21824783086776733,0.24894648790359497,True,True,True
mlp_sparse_blockdiag_hardinit_basin_partition_control,claude_var_diamond_4,4,0.014576632529497147,0.21062442660331726,0.3289368748664856,True,True,True
mlp_sparse_blockdiag_hardinit_basin_partition_control,claude_var_diamond_4,5,0.005649870727211237,0.08067498356103897,0.13037516176700592,True,True,True
mlp_sparse_blockdiag_hardinit_basin_partition_control,claude_var_diamond_4,6,0.014741246588528156,0.1231948658823967,0.15072786808013916,True,True,True
mlp_sparse_blockdiag_hardinit_basin_partition_control,claude_var_diamond_4,7,0.008276697248220444,0.12007992714643478,0.14939986169338226,True,True,True
mlp_sparse_blockdiag_hardinit_basin_partition_control,claude_var_diamond_4,8,0.09489206224679947,0.24319303035736084,0.30296942591667175,True,True,True
mlp_sparse_blockdiag_hardinit_basin_partition_control,claude_var_diamond_4,9,0.050879087299108505,0.17813760042190552,0.22260494530200958,True,True,True
mlp_sparse_blockdiag_hardinit_basin_partition_control,claude_var_l_shape_5,0,0.013593670912086964,0.018672259524464607,0.01929602213203907,True,True,True
mlp_sparse_blockdiag_hardinit_basin_partition_control,claude_var_l_shape_5,1,0.0039894962683320045,0.0019987765699625015,0.0017203731695190072,True,True,True
mlp_sparse_blockdiag_hardinit_basin_partition_control,claude_var_l_shape_5,10,0.018715469166636467,0.13858145475387573,0.16292087733745575,True,True,True
mlp_sparse_blockdiag_hardinit_basin_partition_control,claude_var_l_shape_5,11,0.29840895533561707,2.1833136081695557,3.0766565799713135,True,True,True
mlp_sparse_blockdiag_hardinit_basin_partition_control,claude_var_l_shape_5,12,0.31978222727775574,1.1182295083999634,1.221908450126648,True,True,True
mlp_sparse_blockdiag_hardinit_basin_partition_control,claude_var_l_shape_5,13,0.0031184160616248846,0.0012360673863440752,0.0009626251412555575,True,True,True
mlp_sparse_blockdiag_hardinit_basin_partition_control,claude_var_l_shape_5,14,0.015255112200975418,0.6891681551933289,0.8003261089324951,True,True,True
mlp_sparse_blockdiag_hardinit_basin_partition_control,claude_var_l_shape_5,2,0.005763690918684006,0.017585625872015953,0.019034860655665398,True,True,True
mlp_sparse_blockdiag_hardinit_basin_partition_control,claude_var_l_shape_5,3,0.013100868090987206,0.033884987235069275,0.03701271116733551,True,True,True
mlp_sparse_blockdiag_hardinit_basin_partition_control,claude_var_l_shape_5,4,0.01825067214667797,0.020836977288126945,0.021155696362257004,True,True,True
mlp_sparse_blockdiag_hardinit_basin_partition_control,claude_var_l_shape_5,5,0.0024197837337851524,0.0010981865925714374,0.0009037043782882392,True,True,True
mlp_sparse_blockdiag_hardinit_basin_partition_control,claude_var_l_shape_5,6,0.002476870082318783,0.024882938712835312,0.3886314332485199,True,True,True
mlp_sparse_blockdiag_hardinit_basin_partition_control,claude_var_l_shape_5,7,0.0038479457143694162,0.003083670511841774,0.00299554830417037,True,True,True
mlp_sparse_blockdiag_hardinit_basin_partition_control,claude_var_l_shape_5,8,0.002343672327697277,0.0014919426757842302,0.0013697562972083688,True,True,True
mlp_sparse_blockdiag_hardinit_basin_partition_control,claude_var_l_shape_5,9,0.0016415688442066312,0.0007062390213832259,0.0005866795545443892,True,True,True
mlp_sparse_blockdiag_hardinit_basin_partition_control,gated_local_linear,0,0.00033965837792493403,0.00035263397148810327,0.0003573565627448261,True,True,True
mlp_sparse_blockdiag_hardinit_basin_partition_control,gated_local_linear,1,0.0032457546330988407,0.0022180930245667696,0.0021223255898803473,True,True,True
mlp_sparse_blockdiag_hardinit_basin_partition_control,gated_local_linear,10,0.0015607246896252036,0.0022882786579430103,0.002392069436609745,True,True,True
mlp_sparse_blockdiag_hardinit_basin_partition_control,gated_local_linear,11,0.0005497491220012307,0.0012059323489665985,0.0013083942467346787,True,True,True
mlp_sparse_blockdiag_hardinit_basin_partition_control,gated_local_linear,12,0.0008600095752626657,0.0008139953133650124,0.0008001938695088029,True,True,True
mlp_sparse_blockdiag_hardinit_basin_partition_control,gated_local_linear,13,0.0003428242343943566,0.00018145627109333873,0.00015560505562461913,True,True,True
mlp_sparse_blockdiag_hardinit_basin_partition_control,gated_local_linear,14,0.000450515013653785,0.00042093481170013547,0.00042839921661652625,True,True,True
mlp_sparse_blockdiag_hardinit_basin_partition_control,gated_local_linear,2,0.0005263581406325102,0.002124929102137685,0.0024823329877108335,True,True,True
mlp_sparse_blockdiag_hardinit_basin_partition_control,gated_local_linear,3,0.0008101105922833085,0.0006583960494026542,0.0006248506251722574,True,True,True
mlp_sparse_blockdiag_hardinit_basin_partition_control,gated_local_linear,4,0.0007236596429720521,0.001037938636727631,0.0010666224407032132,True,True,True
mlp_sparse_blockdiag_hardinit_basin_partition_control,gated_local_linear,5,0.0003332803025841713,0.00026207335758954287,0.00025619560619816184,True,True,True
mlp_sparse_blockdiag_hardinit_basin_partition_control,gated_local_linear,6,0.0005480031250044703,0.0009163728100247681,0.0010233629727736115,True,True,True
mlp_sparse_blockdiag_hardinit_basin_partition_control,gated_local_linear,7,0.0009473076206631958,0.0007633409113623202,0.0007689876947551966,True,True,True
mlp_sparse_blockdiag_hardinit_basin_partition_control,gated_local_linear,8,0.0004885757225565612,0.000824628456030041,0.0008717922028154135,True,True,True
mlp_sparse_blockdiag_hardinit_basin_partition_control,gated_local_linear,9,0.0006135741132311523,0.001325895544141531,0.0014621084555983543,True,True,True
mlp_sparse_blockdiag_hardinit_basin_partition_control,gated_transfer_linear,0,0.16625812649726868,0.8299707174301147,0.9256653785705566,True,True,True
mlp_sparse_blockdiag_hardinit_basin_partition_control,gated_transfer_linear,1,0.1991715431213379,0.5876559615135193,0.6460381150245667,True,True,True
mlp_sparse_blockdiag_hardinit_basin_partition_control,gated_transfer_linear,10,0.23607051372528076,0.7567183971405029,0.8283712267875671,True,True,True
mlp_sparse_blockdiag_hardinit_basin_partition_control,gated_transfer_linear,11,0.29203978180885315,0.7197518348693848,0.7762504816055298,True,True,True
mlp_sparse_blockdiag_hardinit_basin_partition_control,gated_transfer_linear,12,0.361751914024353,0.9230554699897766,0.9992784261703491,True,True,True
mlp_sparse_blockdiag_hardinit_basin_partition_control,gated_transfer_linear,13,0.3155558407306671,0.9653908014297485,1.060096025466919,True,True,True
mlp_sparse_blockdiag_hardinit_basin_partition_control,gated_transfer_linear,14,0.29824408888816833,0.7179914712905884,0.7726570963859558,True,True,True
mlp_sparse_blockdiag_hardinit_basin_partition_control,gated_transfer_linear,2,0.05079389736056328,0.3736652135848999,0.4321448802947998,True,True,True
mlp_sparse_blockdiag_hardinit_basin_partition_control,gated_transfer_linear,3,0.14545761048793793,0.649122953414917,0.7200471758842468,True,True,True
mlp_sparse_blockdiag_hardinit_basin_partition_control,gated_transfer_linear,4,0.34933051466941833,0.8395639061927795,0.8943486213684082,True,True,True
mlp_sparse_blockdiag_hardinit_basin_partition_control,gated_transfer_linear,5,0.3762246370315552,1.0457476377487183,1.1395853757858276,True,True,True
mlp_sparse_blockdiag_hardinit_basin_partition_control,gated_transfer_linear,6,0.30837711691856384,1.004416584968567,1.102458119392395,True,True,True
mlp_sparse_blockdiag_hardinit_basin_partition_control,gated_transfer_linear,7,0.0893232449889183,0.4587835669517517,0.5071895122528076,True,True,True
mlp_sparse_blockdiag_hardinit_basin_partition_control,gated_transfer_linear,8,0.17292962968349457,0.8016533851623535,0.8664417266845703,True,True,True
mlp_sparse_blockdiag_hardinit_basin_partition_control,gated_transfer_linear,9,0.2818588614463806,0.6086917519569397,0.6658132672309875,True,True,True
