root_label,system_name,seed,support_scheme,subset,num_states,observed_label_count,family_jaccard_threshold,family_h_basin_given_family,family_unique_count
lista_blockdiag_signsplit_hardinit_basin_partition,claude_arrested_spiral,0,absolute:0.001,deep,5794,5,0.5,0.4244819911856397,3.0
lista_blockdiag_signsplit_hardinit_basin_partition,claude_arrested_spiral,1,absolute:0.001,deep,5794,5,0.5,0.7292391482423259,2.0
lista_blockdiag_signsplit_hardinit_basin_partition,claude_arrested_spiral,2,absolute:0.001,deep,5794,5,0.5,0.7287342241823281,3.0
lista_blockdiag_signsplit_hardinit_basin_partition,claude_arrested_spiral,3,absolute:0.001,deep,5794,5,0.5,0.7292391482423259,2.0
lista_blockdiag_signsplit_hardinit_basin_partition,claude_arrested_spiral,4,absolute:0.001,deep,5794,5,0.5,0.4244819911856397,3.0
lista_blockdiag_signsplit_hardinit_basin_partition,claude_arrested_spiral,5,absolute:0.001,deep,5794,5,0.5,0.3439714596055883,3.0
lista_blockdiag_signsplit_hardinit_basin_partition,claude_arrested_spiral,6,absolute:0.001,deep,5794,5,0.5,0.3439714596055883,3.0
lista_blockdiag_signsplit_hardinit_basin_partition,claude_arrested_spiral,7,absolute:0.001,deep,5794,5,0.5,0.42824411017756325,3.0
lista_blockdiag_signsplit_hardinit_basin_partition,claude_arrested_spiral,8,absolute:0.001,deep,5794,5,0.5,0.7472657560660083,2.0
lista_blockdiag_signsplit_hardinit_basin_partition,claude_arrested_spiral,9,absolute:0.001,deep,5794,5,0.5,0.3439714596055883,3.0
lista_blockdiag_signsplit_hardinit_basin_partition,claude_arrested_spiral,10,absolute:0.001,deep,5794,5,0.5,0.12346923284232747,4.0
lista_blockdiag_signsplit_hardinit_basin_partition,claude_arrested_spiral,11,absolute:0.001,deep,5794,5,0.5,0.2205022267632608,4.0
lista_blockdiag_signsplit_hardinit_basin_partition,claude_arrested_spiral,12,absolute:0.001,deep,5794,5,0.5,0.7292391482423259,2.0
lista_blockdiag_signsplit_hardinit_basin_partition,claude_arrested_spiral,13,absolute:0.001,deep,5794,5,0.5,0.3439714596055883,3.0
lista_blockdiag_signsplit_hardinit_basin_partition,claude_arrested_spiral,14,absolute:0.001,deep,5794,5,0.5,0.7292391482423259,2.0
lista_blockdiag_signsplit_hardinit_basin_partition,claude_cal_asymmetric_3,0,absolute:0.001,deep,5878,3,0.5,0.0,3.0
lista_blockdiag_signsplit_hardinit_basin_partition,claude_cal_asymmetric_3,1,absolute:0.001,deep,5878,3,0.5,0.0,3.0
lista_blockdiag_signsplit_hardinit_basin_partition,claude_cal_asymmetric_3,2,absolute:0.001,deep,5878,3,0.5,0.0,3.0
lista_blockdiag_signsplit_hardinit_basin_partition,claude_cal_asymmetric_3,3,absolute:0.001,deep,5878,3,0.5,0.0,3.0
lista_blockdiag_signsplit_hardinit_basin_partition,claude_cal_asymmetric_3,4,absolute:0.001,deep,5878,3,0.5,0.0,3.0
lista_blockdiag_signsplit_hardinit_basin_partition,claude_cal_asymmetric_3,5,absolute:0.001,deep,5878,3,0.5,0.0,3.0
lista_blockdiag_signsplit_hardinit_basin_partition,claude_cal_asymmetric_3,6,absolute:0.001,deep,5878,3,0.5,0.0,3.0
lista_blockdiag_signsplit_hardinit_basin_partition,claude_cal_asymmetric_3,7,absolute:0.001,deep,5878,3,0.5,0.0,3.0
lista_blockdiag_signsplit_hardinit_basin_partition,claude_cal_asymmetric_3,8,absolute:0.001,deep,5878,3,0.5,0.0,3.0
lista_blockdiag_signsplit_hardinit_basin_partition,claude_cal_asymmetric_3,9,absolute:0.001,deep,5878,3,0.5,0.0,3.0
lista_blockdiag_signsplit_hardinit_basin_partition,claude_cal_asymmetric_3,10,absolute:0.001,deep,5878,3,0.5,0.0,3.0
lista_blockdiag_signsplit_hardinit_basin_partition,claude_cal_asymmetric_3,11,absolute:0.001,deep,5878,3,0.5,0.0,3.0
lista_blockdiag_signsplit_hardinit_basin_partition,claude_cal_asymmetric_3,12,absolute:0.001,deep,5878,3,0.5,0.0,3.0
lista_blockdiag_signsplit_hardinit_basin_partition,claude_cal_asymmetric_3,13,absolute:0.001,deep,5878,3,0.5,0.0,3.0
lista_blockdiag_signsplit_hardinit_basin_partition,claude_cal_asymmetric_3,14,absolute:0.001,deep,5878,3,0.5,0.0,3.0
lista_blockdiag_signsplit_hardinit_basin_partition,claude_cal_hexagon_6,0,absolute:0.001,deep,4174,6,0.5,0.1905174521228421,5.0
lista_blockdiag_signsplit_hardinit_basin_partition,claude_cal_hexagon_6,1,absolute:0.001,deep,4174,6,0.5,0.6859141464934246,3.0
lista_blockdiag_signsplit_hardinit_basin_partition,claude_cal_hexagon_6,2,absolute:0.001,deep,4174,6,0.5,0.6847270982767146,3.0
lista_blockdiag_signsplit_hardinit_basin_partition,claude_cal_hexagon_6,3,absolute:0.001,deep,4174,6,0.5,0.26665351878706134,5.0
lista_blockdiag_signsplit_hardinit_basin_partition,claude_cal_hexagon_6,4,absolute:0.001,deep,4174,6,0.5,0.4829535645145937,4.0
lista_blockdiag_signsplit_hardinit_basin_partition,claude_cal_hexagon_6,5,absolute:0.001,deep,4174,6,0.5,0.48928058625882875,4.0
lista_blockdiag_signsplit_hardinit_basin_partition,claude_cal_hexagon_6,6,absolute:0.001,deep,4174,6,0.5,0.0,6.0
lista_blockdiag_signsplit_hardinit_basin_partition,claude_cal_hexagon_6,7,absolute:0.001,deep,4174,6,0.5,0.21630004572753214,5.0
lista_blockdiag_signsplit_hardinit_basin_partition,claude_cal_hexagon_6,8,absolute:0.001,deep,4174,6,0.5,0.7607559223091307,3.0
lista_blockdiag_signsplit_hardinit_basin_partition,claude_cal_hexagon_6,9,absolute:0.001,deep,4174,6,0.5,0.7337981166440388,3.0
lista_blockdiag_signsplit_hardinit_basin_partition,claude_cal_hexagon_6,10,absolute:0.001,deep,4174,6,0.5,0.21630004572753214,5.0
lista_blockdiag_signsplit_hardinit_basin_partition,claude_cal_hexagon_6,11,absolute:0.001,deep,4174,6,0.5,0.21630004572753214,5.0
lista_blockdiag_signsplit_hardinit_basin_partition,claude_cal_hexagon_6,12,absolute:0.001,deep,4174,6,0.5,0.26665351878706134,5.0
lista_blockdiag_signsplit_hardinit_basin_partition,claude_cal_hexagon_6,13,absolute:0.001,deep,4174,6,0.5,0.7337981166440388,3.0
lista_blockdiag_signsplit_hardinit_basin_partition,claude_cal_hexagon_6,14,absolute:0.001,deep,4174,6,0.5,1.0915862102605633,2.0
lista_blockdiag_signsplit_hardinit_basin_partition,claude_cal_high_cross_3,0,absolute:0.001,deep,4707,3,0.5,0.0,3.0
lista_blockdiag_signsplit_hardinit_basin_partition,claude_cal_high_cross_3,1,absolute:0.001,deep,4707,3,0.5,0.4551960797132756,2.0
lista_blockdiag_signsplit_hardinit_basin_partition,claude_cal_high_cross_3,2,absolute:0.001,deep,4707,3,0.5,0.5014448376008007,2.0
lista_blockdiag_signsplit_hardinit_basin_partition,claude_cal_high_cross_3,3,absolute:0.001,deep,4707,3,0.5,0.40800578032039303,2.0
lista_blockdiag_signsplit_hardinit_basin_partition,claude_cal_high_cross_3,4,absolute:0.001,deep,4707,3,0.5,0.0,3.0
lista_blockdiag_signsplit_hardinit_basin_partition,claude_cal_high_cross_3,5,absolute:0.001,deep,4707,3,0.5,0.40800578032039303,2.0
lista_blockdiag_signsplit_hardinit_basin_partition,claude_cal_high_cross_3,6,absolute:0.001,deep,4707,3,0.5,0.4070002769881682,3.0
lista_blockdiag_signsplit_hardinit_basin_partition,claude_cal_high_cross_3,7,absolute:0.001,deep,4707,3,0.5,0.0,3.0
lista_blockdiag_signsplit_hardinit_basin_partition,claude_cal_high_cross_3,8,absolute:0.001,deep,4707,3,0.5,1.0840920434256347,1.0
lista_blockdiag_signsplit_hardinit_basin_partition,claude_cal_high_cross_3,9,absolute:0.001,deep,4707,3,0.5,0.0,3.0
lista_blockdiag_signsplit_hardinit_basin_partition,claude_cal_high_cross_3,10,absolute:0.001,deep,4707,3,0.5,0.0,3.0
lista_blockdiag_signsplit_hardinit_basin_partition,claude_cal_high_cross_3,11,absolute:0.001,deep,4707,3,0.5,0.0,3.0
lista_blockdiag_signsplit_hardinit_basin_partition,claude_cal_high_cross_3,12,absolute:0.001,deep,4707,3,0.5,1.0840920434256347,1.0
lista_blockdiag_signsplit_hardinit_basin_partition,claude_cal_high_cross_3,13,absolute:0.001,deep,4707,3,0.5,0.0,3.0
lista_blockdiag_signsplit_hardinit_basin_partition,claude_cal_high_cross_3,14,absolute:0.001,deep,4707,3,0.5,0.0,3.0
lista_blockdiag_signsplit_hardinit_basin_partition,claude_cal_octagon_8,0,absolute:0.001,deep,7167,8,0.5,0.6762632802522308,4.0
lista_blockdiag_signsplit_hardinit_basin_partition,claude_cal_octagon_8,1,absolute:0.001,deep,7167,8,0.5,0.8928470130025694,3.0
lista_blockdiag_signsplit_hardinit_basin_partition,claude_cal_octagon_8,2,absolute:0.001,deep,7167,8,0.5,0.674659108859285,4.0
lista_blockdiag_signsplit_hardinit_basin_partition,claude_cal_octagon_8,3,absolute:0.001,deep,7167,8,0.5,0.6787276158914672,4.0
lista_blockdiag_signsplit_hardinit_basin_partition,claude_cal_octagon_8,4,absolute:0.001,deep,7167,8,0.5,0.6660600477927834,4.0
lista_blockdiag_signsplit_hardinit_basin_partition,claude_cal_octagon_8,5,absolute:0.001,deep,7167,8,0.5,0.628231120861481,4.0
lista_blockdiag_signsplit_hardinit_basin_partition,claude_cal_octagon_8,6,absolute:0.001,deep,7167,8,0.5,0.8928470130025694,3.0
lista_blockdiag_signsplit_hardinit_basin_partition,claude_cal_octagon_8,7,absolute:0.001,deep,7167,8,0.5,0.6660600477927834,4.0
lista_blockdiag_signsplit_hardinit_basin_partition,claude_cal_octagon_8,8,absolute:0.001,deep,7167,8,0.5,0.9116046356877123,3.0
lista_blockdiag_signsplit_hardinit_basin_partition,claude_cal_octagon_8,9,absolute:0.001,deep,7167,8,0.5,0.9116046356877123,3.0
lista_blockdiag_signsplit_hardinit_basin_partition,claude_cal_octagon_8,10,absolute:0.001,deep,7167,8,0.5,0.6231703806011173,4.0
lista_blockdiag_signsplit_hardinit_basin_partition,claude_cal_octagon_8,11,absolute:0.001,deep,7167,8,0.5,0.6660600477927834,4.0
lista_blockdiag_signsplit_hardinit_basin_partition,claude_cal_octagon_8,12,absolute:0.001,deep,7167,8,0.5,0.6973857049130385,4.0
lista_blockdiag_signsplit_hardinit_basin_partition,claude_cal_octagon_8,13,absolute:0.001,deep,7167,8,0.5,0.8928470130025694,3.0
lista_blockdiag_signsplit_hardinit_basin_partition,claude_cal_octagon_8,14,absolute:0.001,deep,7167,8,0.5,0.6787276158914672,4.0
lista_blockdiag_signsplit_hardinit_basin_partition,claude_cal_pentagon_5,0,absolute:0.001,deep,4744,5,0.5,0.3420312575536866,4.0
lista_blockdiag_signsplit_hardinit_basin_partition,claude_cal_pentagon_5,1,absolute:0.001,deep,4744,5,0.5,0.0,5.0
lista_blockdiag_signsplit_hardinit_basin_partition,claude_cal_pentagon_5,2,absolute:0.001,deep,4744,5,0.5,0.0,5.0
lista_blockdiag_signsplit_hardinit_basin_partition,claude_cal_pentagon_5,3,absolute:0.001,deep,4744,5,0.5,0.0,5.0
lista_blockdiag_signsplit_hardinit_basin_partition,claude_cal_pentagon_5,4,absolute:0.001,deep,4744,5,0.5,0.0,5.0
lista_blockdiag_signsplit_hardinit_basin_partition,claude_cal_pentagon_5,5,absolute:0.001,deep,4744,5,0.5,0.0,5.0
lista_blockdiag_signsplit_hardinit_basin_partition,claude_cal_pentagon_5,6,absolute:0.001,deep,4744,5,0.5,0.0,5.0
lista_blockdiag_signsplit_hardinit_basin_partition,claude_cal_pentagon_5,7,absolute:0.001,deep,4744,5,0.5,0.0,5.0
lista_blockdiag_signsplit_hardinit_basin_partition,claude_cal_pentagon_5,8,absolute:0.001,deep,4744,5,0.5,0.5829424064184932,4.0
lista_blockdiag_signsplit_hardinit_basin_partition,claude_cal_pentagon_5,9,absolute:0.001,deep,4744,5,0.5,0.0,5.0
lista_blockdiag_signsplit_hardinit_basin_partition,claude_cal_pentagon_5,10,absolute:0.001,deep,4744,5,0.5,0.0,5.0
lista_blockdiag_signsplit_hardinit_basin_partition,claude_cal_pentagon_5,11,absolute:0.001,deep,4744,5,0.5,0.0,5.0
lista_blockdiag_signsplit_hardinit_basin_partition,claude_cal_pentagon_5,12,absolute:0.001,deep,4744,5,0.5,0.0,5.0
lista_blockdiag_signsplit_hardinit_basin_partition,claude_cal_pentagon_5,13,absolute:0.001,deep,4744,5,0.5,0.22509021367857995,4.0
lista_blockdiag_signsplit_hardinit_basin_partition,claude_cal_pentagon_5,14,absolute:0.001,deep,4744,5,0.5,0.0,5.0
lista_blockdiag_signsplit_hardinit_basin_partition,claude_cal_square_4,0,absolute:0.001,deep,6211,4,0.5,0.0,4.0
lista_blockdiag_signsplit_hardinit_basin_partition,claude_cal_square_4,1,absolute:0.001,deep,6211,4,0.5,0.0,4.0
lista_blockdiag_signsplit_hardinit_basin_partition,claude_cal_square_4,2,absolute:0.001,deep,6211,4,0.5,0.0,4.0
lista_blockdiag_signsplit_hardinit_basin_partition,claude_cal_square_4,3,absolute:0.001,deep,6211,4,0.5,0.0,4.0
lista_blockdiag_signsplit_hardinit_basin_partition,claude_cal_square_4,4,absolute:0.001,deep,6211,4,0.5,0.0,4.0
lista_blockdiag_signsplit_hardinit_basin_partition,claude_cal_square_4,5,absolute:0.001,deep,6211,4,0.5,0.0,4.0
lista_blockdiag_signsplit_hardinit_basin_partition,claude_cal_square_4,6,absolute:0.001,deep,6211,4,0.5,0.0,4.0
lista_blockdiag_signsplit_hardinit_basin_partition,claude_cal_square_4,7,absolute:0.001,deep,6211,4,0.5,0.0,4.0
lista_blockdiag_signsplit_hardinit_basin_partition,claude_cal_square_4,8,absolute:0.001,deep,6211,4,0.5,0.0,4.0
lista_blockdiag_signsplit_hardinit_basin_partition,claude_cal_square_4,9,absolute:0.001,deep,6211,4,0.5,0.0,4.0
lista_blockdiag_signsplit_hardinit_basin_partition,claude_cal_square_4,10,absolute:0.001,deep,6211,4,0.5,0.0,4.0
lista_blockdiag_signsplit_hardinit_basin_partition,claude_cal_square_4,11,absolute:0.001,deep,6211,4,0.5,0.0,4.0
lista_blockdiag_signsplit_hardinit_basin_partition,claude_cal_square_4,12,absolute:0.001,deep,6211,4,0.5,0.0,4.0
lista_blockdiag_signsplit_hardinit_basin_partition,claude_cal_square_4,13,absolute:0.001,deep,6211,4,0.5,0.0,4.0
lista_blockdiag_signsplit_hardinit_basin_partition,claude_cal_square_4,14,absolute:0.001,deep,6211,4,0.5,0.0,4.0
lista_blockdiag_signsplit_hardinit_basin_partition,claude_duffing_triple_well,0,absolute:0.001,deep,16512,1,0.5,0.0,7.0
lista_blockdiag_signsplit_hardinit_basin_partition,claude_duffing_triple_well,1,absolute:0.001,deep,16512,1,0.5,0.0,6.0
lista_blockdiag_signsplit_hardinit_basin_partition,claude_duffing_triple_well,2,absolute:0.001,deep,16512,1,0.5,0.0,8.0
lista_blockdiag_signsplit_hardinit_basin_partition,claude_duffing_triple_well,3,absolute:0.001,deep,16512,1,0.5,0.0,7.0
lista_blockdiag_signsplit_hardinit_basin_partition,claude_duffing_triple_well,4,absolute:0.001,deep,16512,1,0.5,0.0,7.0
lista_blockdiag_signsplit_hardinit_basin_partition,claude_duffing_triple_well,5,absolute:0.001,deep,16512,1,0.5,0.0,7.0
lista_blockdiag_signsplit_hardinit_basin_partition,claude_duffing_triple_well,6,absolute:0.001,deep,16512,1,0.5,0.0,9.0
lista_blockdiag_signsplit_hardinit_basin_partition,claude_duffing_triple_well,7,absolute:0.001,deep,16512,1,0.5,0.0,10.0
lista_blockdiag_signsplit_hardinit_basin_partition,claude_duffing_triple_well,8,absolute:0.001,deep,16512,1,0.5,0.0,8.0
lista_blockdiag_signsplit_hardinit_basin_partition,claude_duffing_triple_well,9,absolute:0.001,deep,16512,1,0.5,0.0,8.0
lista_blockdiag_signsplit_hardinit_basin_partition,claude_duffing_triple_well,10,absolute:0.001,deep,16512,1,0.5,0.0,8.0
lista_blockdiag_signsplit_hardinit_basin_partition,claude_duffing_triple_well,11,absolute:0.001,deep,16512,1,0.5,0.0,9.0
lista_blockdiag_signsplit_hardinit_basin_partition,claude_duffing_triple_well,12,absolute:0.001,deep,16512,1,0.5,0.0,8.0
lista_blockdiag_signsplit_hardinit_basin_partition,claude_duffing_triple_well,13,absolute:0.001,deep,16512,1,0.5,0.0,8.0
lista_blockdiag_signsplit_hardinit_basin_partition,claude_duffing_triple_well,14,absolute:0.001,deep,16512,1,0.5,0.0,6.0
lista_blockdiag_signsplit_hardinit_basin_partition,claude_snic_multi,0,absolute:0.001,deep,4130,3,0.5,0.0,3.0
lista_blockdiag_signsplit_hardinit_basin_partition,claude_snic_multi,1,absolute:0.001,deep,4130,3,0.5,0.0,3.0
lista_blockdiag_signsplit_hardinit_basin_partition,claude_snic_multi,2,absolute:0.001,deep,4130,3,0.5,0.0,3.0
lista_blockdiag_signsplit_hardinit_basin_partition,claude_snic_multi,3,absolute:0.001,deep,4130,3,0.5,0.0,3.0
lista_blockdiag_signsplit_hardinit_basin_partition,claude_snic_multi,4,absolute:0.001,deep,4130,3,0.5,0.0,3.0
lista_blockdiag_signsplit_hardinit_basin_partition,claude_snic_multi,5,absolute:0.001,deep,4130,3,0.5,0.0,3.0
lista_blockdiag_signsplit_hardinit_basin_partition,claude_snic_multi,6,absolute:0.001,deep,4130,3,0.5,0.0,3.0
lista_blockdiag_signsplit_hardinit_basin_partition,claude_snic_multi,7,absolute:0.001,deep,4130,3,0.5,0.0,3.0
lista_blockdiag_signsplit_hardinit_basin_partition,claude_snic_multi,8,absolute:0.001,deep,4130,3,0.5,0.0,3.0
lista_blockdiag_signsplit_hardinit_basin_partition,claude_snic_multi,9,absolute:0.001,deep,4130,3,0.5,0.0,3.0
lista_blockdiag_signsplit_hardinit_basin_partition,claude_snic_multi,10,absolute:0.001,deep,4130,3,0.5,0.0,3.0
lista_blockdiag_signsplit_hardinit_basin_partition,claude_snic_multi,11,absolute:0.001,deep,4130,3,0.5,0.0,3.0
lista_blockdiag_signsplit_hardinit_basin_partition,claude_snic_multi,12,absolute:0.001,deep,4130,3,0.5,0.0,3.0
lista_blockdiag_signsplit_hardinit_basin_partition,claude_snic_multi,13,absolute:0.001,deep,4130,3,0.5,0.0,3.0
lista_blockdiag_signsplit_hardinit_basin_partition,claude_snic_multi,14,absolute:0.001,deep,4130,3,0.5,0.0,3.0
lista_blockdiag_signsplit_hardinit_basin_partition,claude_transition_routes_4,0,absolute:0.001,deep,4156,4,0.5,0.0,4.0
lista_blockdiag_signsplit_hardinit_basin_partition,claude_transition_routes_4,1,absolute:0.001,deep,4156,4,0.5,0.0,4.0
lista_blockdiag_signsplit_hardinit_basin_partition,claude_transition_routes_4,2,absolute:0.001,deep,4156,4,0.5,0.0,4.0
lista_blockdiag_signsplit_hardinit_basin_partition,claude_transition_routes_4,3,absolute:0.001,deep,4156,4,0.5,0.0,4.0
lista_blockdiag_signsplit_hardinit_basin_partition,claude_transition_routes_4,4,absolute:0.001,deep,4156,4,0.5,0.0,4.0
lista_blockdiag_signsplit_hardinit_basin_partition,claude_transition_routes_4,5,absolute:0.001,deep,4156,4,0.5,0.0,4.0
lista_blockdiag_signsplit_hardinit_basin_partition,claude_transition_routes_4,6,absolute:0.001,deep,4156,4,0.5,0.0,4.0
lista_blockdiag_signsplit_hardinit_basin_partition,claude_transition_routes_4,7,absolute:0.001,deep,4156,4,0.5,0.0,4.0
lista_blockdiag_signsplit_hardinit_basin_partition,claude_transition_routes_4,8,absolute:0.001,deep,4156,4,0.5,0.0,4.0
lista_blockdiag_signsplit_hardinit_basin_partition,claude_transition_routes_4,9,absolute:0.001,deep,4156,4,0.5,0.0,4.0
lista_blockdiag_signsplit_hardinit_basin_partition,claude_transition_routes_4,10,absolute:0.001,deep,4156,4,0.5,0.0,4.0
lista_blockdiag_signsplit_hardinit_basin_partition,claude_transition_routes_4,11,absolute:0.001,deep,4156,4,0.5,0.0,4.0
lista_blockdiag_signsplit_hardinit_basin_partition,claude_transition_routes_4,12,absolute:0.001,deep,4156,4,0.5,0.0,4.0
lista_blockdiag_signsplit_hardinit_basin_partition,claude_transition_routes_4,13,absolute:0.001,deep,4156,4,0.5,0.0,4.0
lista_blockdiag_signsplit_hardinit_basin_partition,claude_transition_routes_4,14,absolute:0.001,deep,4156,4,0.5,0.0,4.0
lista_blockdiag_signsplit_hardinit_basin_partition,claude_var_depth_gradient_4,0,absolute:0.001,deep,5788,4,0.5,0.0,4.0
lista_blockdiag_signsplit_hardinit_basin_partition,claude_var_depth_gradient_4,1,absolute:0.001,deep,5788,4,0.5,0.0,4.0
lista_blockdiag_signsplit_hardinit_basin_partition,claude_var_depth_gradient_4,2,absolute:0.001,deep,5788,4,0.5,0.0,4.0
lista_blockdiag_signsplit_hardinit_basin_partition,claude_var_depth_gradient_4,3,absolute:0.001,deep,5788,4,0.5,0.0,4.0
lista_blockdiag_signsplit_hardinit_basin_partition,claude_var_depth_gradient_4,4,absolute:0.001,deep,5788,4,0.5,0.0,4.0
lista_blockdiag_signsplit_hardinit_basin_partition,claude_var_depth_gradient_4,5,absolute:0.001,deep,5788,4,0.5,0.0,4.0
lista_blockdiag_signsplit_hardinit_basin_partition,claude_var_depth_gradient_4,6,absolute:0.001,deep,5788,4,0.5,0.0,4.0
lista_blockdiag_signsplit_hardinit_basin_partition,claude_var_depth_gradient_4,7,absolute:0.001,deep,5788,4,0.5,0.0,4.0
lista_blockdiag_signsplit_hardinit_basin_partition,claude_var_depth_gradient_4,8,absolute:0.001,deep,5788,4,0.5,0.26742004773726613,3.0
lista_blockdiag_signsplit_hardinit_basin_partition,claude_var_depth_gradient_4,9,absolute:0.001,deep,5788,4,0.5,0.0,4.0
lista_blockdiag_signsplit_hardinit_basin_partition,claude_var_depth_gradient_4,10,absolute:0.001,deep,5788,4,0.5,0.0,4.0
lista_blockdiag_signsplit_hardinit_basin_partition,claude_var_depth_gradient_4,11,absolute:0.001,deep,5788,4,0.5,0.0,4.0
lista_blockdiag_signsplit_hardinit_basin_partition,claude_var_depth_gradient_4,12,absolute:0.001,deep,5788,4,0.5,0.0,4.0
lista_blockdiag_signsplit_hardinit_basin_partition,claude_var_depth_gradient_4,13,absolute:0.001,deep,5788,4,0.5,0.0,4.0
lista_blockdiag_signsplit_hardinit_basin_partition,claude_var_depth_gradient_4,14,absolute:0.001,deep,5788,4,0.5,0.0,4.0
lista_blockdiag_signsplit_hardinit_basin_partition,claude_var_diamond_4,0,absolute:0.001,deep,4561,4,0.5,0.0,4.0
lista_blockdiag_signsplit_hardinit_basin_partition,claude_var_diamond_4,1,absolute:0.001,deep,4561,4,0.5,0.0,4.0
lista_blockdiag_signsplit_hardinit_basin_partition,claude_var_diamond_4,2,absolute:0.001,deep,4561,4,0.5,0.0,4.0
lista_blockdiag_signsplit_hardinit_basin_partition,claude_var_diamond_4,3,absolute:0.001,deep,4561,4,0.5,0.0,4.0
lista_blockdiag_signsplit_hardinit_basin_partition,claude_var_diamond_4,4,absolute:0.001,deep,4561,4,0.5,0.0,4.0
lista_blockdiag_signsplit_hardinit_basin_partition,claude_var_diamond_4,5,absolute:0.001,deep,4561,4,0.5,0.0,4.0
lista_blockdiag_signsplit_hardinit_basin_partition,claude_var_diamond_4,6,absolute:0.001,deep,4561,4,0.5,0.0,4.0
lista_blockdiag_signsplit_hardinit_basin_partition,claude_var_diamond_4,7,absolute:0.001,deep,4561,4,0.5,0.0,4.0
lista_blockdiag_signsplit_hardinit_basin_partition,claude_var_diamond_4,8,absolute:0.001,deep,4561,4,0.5,0.0,4.0
lista_blockdiag_signsplit_hardinit_basin_partition,claude_var_diamond_4,9,absolute:0.001,deep,4561,4,0.5,0.37868465955696995,3.0
lista_blockdiag_signsplit_hardinit_basin_partition,claude_var_diamond_4,10,absolute:0.001,deep,4561,4,0.5,0.0,4.0
lista_blockdiag_signsplit_hardinit_basin_partition,claude_var_diamond_4,11,absolute:0.001,deep,4561,4,0.5,0.0,4.0
lista_blockdiag_signsplit_hardinit_basin_partition,claude_var_diamond_4,12,absolute:0.001,deep,4561,4,0.5,0.0,4.0
lista_blockdiag_signsplit_hardinit_basin_partition,claude_var_diamond_4,13,absolute:0.001,deep,4561,4,0.5,0.3121423719403451,3.0
lista_blockdiag_signsplit_hardinit_basin_partition,claude_var_diamond_4,14,absolute:0.001,deep,4561,4,0.5,0.0,4.0
lista_blockdiag_signsplit_hardinit_basin_partition,claude_var_l_shape_5,0,absolute:0.001,deep,4266,5,0.5,0.5859117752870721,3.0
lista_blockdiag_signsplit_hardinit_basin_partition,claude_var_l_shape_5,1,absolute:0.001,deep,4266,5,0.5,0.5859117752870721,3.0
lista_blockdiag_signsplit_hardinit_basin_partition,claude_var_l_shape_5,2,absolute:0.001,deep,4266,5,0.5,0.880792580823281,2.0
lista_blockdiag_signsplit_hardinit_basin_partition,claude_var_l_shape_5,3,absolute:0.001,deep,4266,5,0.5,0.534301999487686,3.0
lista_blockdiag_signsplit_hardinit_basin_partition,claude_var_l_shape_5,4,absolute:0.001,deep,4266,5,0.5,0.880792580823281,2.0
lista_blockdiag_signsplit_hardinit_basin_partition,claude_var_l_shape_5,5,absolute:0.001,deep,4266,5,0.5,0.41624764017895255,3.0
lista_blockdiag_signsplit_hardinit_basin_partition,claude_var_l_shape_5,6,absolute:0.001,deep,4266,5,0.5,0.5895712190451188,3.0
lista_blockdiag_signsplit_hardinit_basin_partition,claude_var_l_shape_5,7,absolute:0.001,deep,4266,5,0.5,0.16999701606036988,4.0
lista_blockdiag_signsplit_hardinit_basin_partition,claude_var_l_shape_5,8,absolute:0.001,deep,4266,5,0.5,0.5859117752870721,3.0
lista_blockdiag_signsplit_hardinit_basin_partition,claude_var_l_shape_5,9,absolute:0.001,deep,4266,5,0.5,0.5859117752870721,3.0
lista_blockdiag_signsplit_hardinit_basin_partition,claude_var_l_shape_5,10,absolute:0.001,deep,4266,5,0.5,0.22160679185975551,4.0
lista_blockdiag_signsplit_hardinit_basin_partition,claude_var_l_shape_5,11,absolute:0.001,deep,4266,5,0.5,0.5859117752870721,3.0
lista_blockdiag_signsplit_hardinit_basin_partition,claude_var_l_shape_5,12,absolute:0.001,deep,4266,5,0.5,0.5859117752870721,3.0
lista_blockdiag_signsplit_hardinit_basin_partition,claude_var_l_shape_5,13,absolute:0.001,deep,4266,5,0.5,0.41624764017895255,3.0
lista_blockdiag_signsplit_hardinit_basin_partition,claude_var_l_shape_5,14,absolute:0.001,deep,4266,5,0.5,0.5859117752870721,3.0
lista_blockdiag_signsplit_hardinit_basin_partition,gated_local_linear,0,absolute:0.001,deep,4129,3,0.5,0.0,3.0
lista_blockdiag_signsplit_hardinit_basin_partition,gated_local_linear,1,absolute:0.001,deep,4129,3,0.5,0.0,3.0
lista_blockdiag_signsplit_hardinit_basin_partition,gated_local_linear,2,absolute:0.001,deep,4129,3,0.5,0.0,3.0
lista_blockdiag_signsplit_hardinit_basin_partition,gated_local_linear,3,absolute:0.001,deep,4129,3,0.5,0.0,3.0
lista_blockdiag_signsplit_hardinit_basin_partition,gated_local_linear,4,absolute:0.001,deep,4129,3,0.5,0.0,3.0
lista_blockdiag_signsplit_hardinit_basin_partition,gated_local_linear,5,absolute:0.001,deep,4129,3,0.5,0.0,3.0
lista_blockdiag_signsplit_hardinit_basin_partition,gated_local_linear,6,absolute:0.001,deep,4129,3,0.5,0.0,3.0
lista_blockdiag_signsplit_hardinit_basin_partition,gated_local_linear,7,absolute:0.001,deep,4129,3,0.5,0.0,3.0
lista_blockdiag_signsplit_hardinit_basin_partition,gated_local_linear,8,absolute:0.001,deep,4129,3,0.5,0.0,3.0
lista_blockdiag_signsplit_hardinit_basin_partition,gated_local_linear,9,absolute:0.001,deep,4129,3,0.5,0.0,3.0
lista_blockdiag_signsplit_hardinit_basin_partition,gated_local_linear,10,absolute:0.001,deep,4129,3,0.5,0.0,3.0
lista_blockdiag_signsplit_hardinit_basin_partition,gated_local_linear,11,absolute:0.001,deep,4129,3,0.5,0.0,3.0
lista_blockdiag_signsplit_hardinit_basin_partition,gated_local_linear,12,absolute:0.001,deep,4129,3,0.5,0.0,3.0
lista_blockdiag_signsplit_hardinit_basin_partition,gated_local_linear,13,absolute:0.001,deep,4129,3,0.5,0.0,3.0
lista_blockdiag_signsplit_hardinit_basin_partition,gated_local_linear,14,absolute:0.001,deep,4129,3,0.5,0.0,3.0
lista_blockdiag_signsplit_hardinit_basin_partition,gated_transfer_linear,0,absolute:0.001,deep,4130,3,0.5,0.0,3.0
lista_blockdiag_signsplit_hardinit_basin_partition,gated_transfer_linear,1,absolute:0.001,deep,4130,3,0.5,0.0,3.0
lista_blockdiag_signsplit_hardinit_basin_partition,gated_transfer_linear,2,absolute:0.001,deep,4130,3,0.5,0.0,4.0
lista_blockdiag_signsplit_hardinit_basin_partition,gated_transfer_linear,3,absolute:0.001,deep,4130,3,0.5,0.0,3.0
lista_blockdiag_signsplit_hardinit_basin_partition,gated_transfer_linear,4,absolute:0.001,deep,4130,3,0.5,0.0,4.0
lista_blockdiag_signsplit_hardinit_basin_partition,gated_transfer_linear,5,absolute:0.001,deep,4130,3,0.5,0.0,3.0
lista_blockdiag_signsplit_hardinit_basin_partition,gated_transfer_linear,6,absolute:0.001,deep,4130,3,0.5,0.0,3.0
lista_blockdiag_signsplit_hardinit_basin_partition,gated_transfer_linear,7,absolute:0.001,deep,4130,3,0.5,0.0,3.0
lista_blockdiag_signsplit_hardinit_basin_partition,gated_transfer_linear,8,absolute:0.001,deep,4130,3,0.5,0.0,3.0
lista_blockdiag_signsplit_hardinit_basin_partition,gated_transfer_linear,9,absolute:0.001,deep,4130,3,0.5,0.0,3.0
lista_blockdiag_signsplit_hardinit_basin_partition,gated_transfer_linear,10,absolute:0.001,deep,4130,3,0.5,0.0,3.0
lista_blockdiag_signsplit_hardinit_basin_partition,gated_transfer_linear,11,absolute:0.001,deep,4130,3,0.5,0.0,3.0
lista_blockdiag_signsplit_hardinit_basin_partition,gated_transfer_linear,12,absolute:0.001,deep,4130,3,0.5,0.0,3.0
lista_blockdiag_signsplit_hardinit_basin_partition,gated_transfer_linear,13,absolute:0.001,deep,4130,3,0.5,0.0,3.0
lista_blockdiag_signsplit_hardinit_basin_partition,gated_transfer_linear,14,absolute:0.001,deep,4130,3,0.5,0.0,3.0
mlp_sparse_hardinit_basin_partition_control,claude_arrested_spiral,0,absolute:0.001,deep,5794,5,0.5,0.4244819911856397,3.0
mlp_sparse_hardinit_basin_partition_control,claude_arrested_spiral,1,absolute:0.001,deep,5794,5,0.5,0.7292391482423259,2.0
mlp_sparse_hardinit_basin_partition_control,claude_arrested_spiral,2,absolute:0.001,deep,5794,5,0.5,0.427452318465775,3.0
mlp_sparse_hardinit_basin_partition_control,claude_arrested_spiral,3,absolute:0.001,deep,5794,5,0.5,0.36934600644466853,3.0
mlp_sparse_hardinit_basin_partition_control,claude_arrested_spiral,4,absolute:0.001,deep,5794,5,0.5,0.3439714596055883,3.0
mlp_sparse_hardinit_basin_partition_control,claude_arrested_spiral,5,absolute:0.001,deep,5794,5,0.5,0.37511535963985043,3.0
mlp_sparse_hardinit_basin_partition_control,claude_arrested_spiral,6,absolute:0.001,deep,5794,5,0.5,0.4298128906442942,3.0
mlp_sparse_hardinit_basin_partition_control,claude_arrested_spiral,7,absolute:0.001,deep,5794,5,0.5,0.4244819911856397,3.0
mlp_sparse_hardinit_basin_partition_control,claude_arrested_spiral,8,absolute:0.001,deep,5794,5,0.5,0.3439714596055883,3.0
mlp_sparse_hardinit_basin_partition_control,claude_arrested_spiral,9,absolute:0.001,deep,5794,5,0.5,0.42566156718366943,3.0
mlp_sparse_hardinit_basin_partition_control,claude_arrested_spiral,10,absolute:0.001,deep,5794,5,0.5,0.4244819911856397,3.0
mlp_sparse_hardinit_basin_partition_control,claude_arrested_spiral,11,absolute:0.001,deep,5794,5,0.5,0.4244819911856397,3.0
mlp_sparse_hardinit_basin_partition_control,claude_arrested_spiral,12,absolute:0.001,deep,5794,5,0.5,0.7292391482423259,2.0
mlp_sparse_hardinit_basin_partition_control,claude_arrested_spiral,13,absolute:0.001,deep,5794,5,0.5,0.37511535963985043,3.0
mlp_sparse_hardinit_basin_partition_control,claude_arrested_spiral,14,absolute:0.001,deep,5794,5,0.5,0.3439714596055883,3.0
mlp_sparse_hardinit_basin_partition_control,claude_cal_asymmetric_3,0,absolute:0.001,deep,5878,3,0.5,0.0,3.0
mlp_sparse_hardinit_basin_partition_control,claude_cal_asymmetric_3,1,absolute:0.001,deep,5878,3,0.5,0.0,3.0
mlp_sparse_hardinit_basin_partition_control,claude_cal_asymmetric_3,2,absolute:0.001,deep,5878,3,0.5,0.0,3.0
mlp_sparse_hardinit_basin_partition_control,claude_cal_asymmetric_3,3,absolute:0.001,deep,5878,3,0.5,0.0,3.0
mlp_sparse_hardinit_basin_partition_control,claude_cal_asymmetric_3,4,absolute:0.001,deep,5878,3,0.5,0.0,3.0
mlp_sparse_hardinit_basin_partition_control,claude_cal_asymmetric_3,5,absolute:0.001,deep,5878,3,0.5,0.0,3.0
mlp_sparse_hardinit_basin_partition_control,claude_cal_asymmetric_3,6,absolute:0.001,deep,5878,3,0.5,0.0,3.0
mlp_sparse_hardinit_basin_partition_control,claude_cal_asymmetric_3,7,absolute:0.001,deep,5878,3,0.5,0.0,3.0
mlp_sparse_hardinit_basin_partition_control,claude_cal_asymmetric_3,8,absolute:0.001,deep,5878,3,0.5,0.0,3.0
mlp_sparse_hardinit_basin_partition_control,claude_cal_asymmetric_3,9,absolute:0.001,deep,5878,3,0.5,0.0,3.0
mlp_sparse_hardinit_basin_partition_control,claude_cal_asymmetric_3,10,absolute:0.001,deep,5878,3,0.5,0.0,3.0
mlp_sparse_hardinit_basin_partition_control,claude_cal_asymmetric_3,11,absolute:0.001,deep,5878,3,0.5,0.0,3.0
mlp_sparse_hardinit_basin_partition_control,claude_cal_asymmetric_3,12,absolute:0.001,deep,5878,3,0.5,0.0,3.0
mlp_sparse_hardinit_basin_partition_control,claude_cal_asymmetric_3,13,absolute:0.001,deep,5878,3,0.5,0.0,3.0
mlp_sparse_hardinit_basin_partition_control,claude_cal_asymmetric_3,14,absolute:0.001,deep,5878,3,0.5,0.0,3.0
mlp_sparse_hardinit_basin_partition_control,claude_cal_hexagon_6,0,absolute:0.001,deep,4174,6,0.5,0.840741658131118,3.0
mlp_sparse_hardinit_basin_partition_control,claude_cal_hexagon_6,1,absolute:0.001,deep,4174,6,0.5,1.0915862102605633,2.0
mlp_sparse_hardinit_basin_partition_control,claude_cal_hexagon_6,2,absolute:0.001,deep,4174,6,0.5,0.7422075180408012,3.0
mlp_sparse_hardinit_basin_partition_control,claude_cal_hexagon_6,3,absolute:0.001,deep,4174,6,0.5,0.7337981166440388,3.0
mlp_sparse_hardinit_basin_partition_control,claude_cal_hexagon_6,4,absolute:0.001,deep,4174,6,0.5,0.6929492587844814,3.0
mlp_sparse_hardinit_basin_partition_control,claude_cal_hexagon_6,5,absolute:0.001,deep,4174,6,0.5,1.0915862102605633,2.0
mlp_sparse_hardinit_basin_partition_control,claude_cal_hexagon_6,6,absolute:0.001,deep,4174,6,0.5,0.7337981166440388,3.0
mlp_sparse_hardinit_basin_partition_control,claude_cal_hexagon_6,7,absolute:0.001,deep,4174,6,0.5,1.0915862102605633,2.0
mlp_sparse_hardinit_basin_partition_control,claude_cal_hexagon_6,8,absolute:0.001,deep,4174,6,0.5,1.0915862102605633,2.0
mlp_sparse_hardinit_basin_partition_control,claude_cal_hexagon_6,9,absolute:0.001,deep,4174,6,0.5,0.7555774784896969,3.0
mlp_sparse_hardinit_basin_partition_control,claude_cal_hexagon_6,10,absolute:0.001,deep,4174,6,0.5,1.0915862102605633,2.0
mlp_sparse_hardinit_basin_partition_control,claude_cal_hexagon_6,11,absolute:0.001,deep,4174,6,0.5,1.0915862102605633,2.0
mlp_sparse_hardinit_basin_partition_control,claude_cal_hexagon_6,12,absolute:0.001,deep,4174,6,0.5,1.0915862102605633,2.0
mlp_sparse_hardinit_basin_partition_control,claude_cal_hexagon_6,13,absolute:0.001,deep,4174,6,0.5,1.0915862102605633,2.0
mlp_sparse_hardinit_basin_partition_control,claude_cal_hexagon_6,14,absolute:0.001,deep,4174,6,0.5,1.0915862102605633,2.0
mlp_sparse_hardinit_basin_partition_control,claude_cal_high_cross_3,0,absolute:0.001,deep,4707,3,0.5,0.4551960797132756,2.0
mlp_sparse_hardinit_basin_partition_control,claude_cal_high_cross_3,1,absolute:0.001,deep,4707,3,0.5,0.0,3.0
mlp_sparse_hardinit_basin_partition_control,claude_cal_high_cross_3,2,absolute:0.001,deep,4707,3,0.5,0.0,3.0
mlp_sparse_hardinit_basin_partition_control,claude_cal_high_cross_3,3,absolute:0.001,deep,4707,3,0.5,0.0,3.0
mlp_sparse_hardinit_basin_partition_control,claude_cal_high_cross_3,4,absolute:0.001,deep,4707,3,0.5,0.0,3.0
mlp_sparse_hardinit_basin_partition_control,claude_cal_high_cross_3,5,absolute:0.001,deep,4707,3,0.5,0.0,3.0
mlp_sparse_hardinit_basin_partition_control,claude_cal_high_cross_3,6,absolute:0.001,deep,4707,3,0.5,1.0840920434256347,1.0
mlp_sparse_hardinit_basin_partition_control,claude_cal_high_cross_3,7,absolute:0.001,deep,4707,3,0.5,0.0,3.0
mlp_sparse_hardinit_basin_partition_control,claude_cal_high_cross_3,8,absolute:0.001,deep,4707,3,0.5,0.0,3.0
mlp_sparse_hardinit_basin_partition_control,claude_cal_high_cross_3,9,absolute:0.001,deep,4707,3,0.5,1.0840920434256347,1.0
mlp_sparse_hardinit_basin_partition_control,claude_cal_high_cross_3,10,absolute:0.001,deep,4707,3,0.5,1.0840920434256347,1.0
mlp_sparse_hardinit_basin_partition_control,claude_cal_high_cross_3,11,absolute:0.001,deep,4707,3,0.5,0.5014448376008007,2.0
mlp_sparse_hardinit_basin_partition_control,claude_cal_high_cross_3,12,absolute:0.001,deep,4707,3,0.5,0.5014448376008007,2.0
mlp_sparse_hardinit_basin_partition_control,claude_cal_high_cross_3,13,absolute:0.001,deep,4707,3,0.5,1.0840920434256347,1.0
mlp_sparse_hardinit_basin_partition_control,claude_cal_high_cross_3,14,absolute:0.001,deep,4707,3,0.5,0.0,3.0
mlp_sparse_hardinit_basin_partition_control,claude_cal_octagon_8,0,absolute:0.001,deep,7167,8,0.5,0.9116046356877123,3.0
mlp_sparse_hardinit_basin_partition_control,claude_cal_octagon_8,1,absolute:0.001,deep,7167,8,0.5,0.909880543690974,3.0
mlp_sparse_hardinit_basin_partition_control,claude_cal_octagon_8,2,absolute:0.001,deep,7167,8,0.5,0.909880543690974,3.0
mlp_sparse_hardinit_basin_partition_control,claude_cal_octagon_8,3,absolute:0.001,deep,7167,8,0.5,0.8928470130025694,3.0
mlp_sparse_hardinit_basin_partition_control,claude_cal_octagon_8,4,absolute:0.001,deep,7167,8,0.5,0.909880543690974,3.0
mlp_sparse_hardinit_basin_partition_control,claude_cal_octagon_8,5,absolute:0.001,deep,7167,8,0.5,0.909880543690974,3.0
mlp_sparse_hardinit_basin_partition_control,claude_cal_octagon_8,6,absolute:0.001,deep,7167,8,0.5,0.909880543690974,3.0
mlp_sparse_hardinit_basin_partition_control,claude_cal_octagon_8,7,absolute:0.001,deep,7167,8,0.5,0.8928470130025694,3.0
mlp_sparse_hardinit_basin_partition_control,claude_cal_octagon_8,8,absolute:0.001,deep,7167,8,0.5,0.909880543690974,3.0
mlp_sparse_hardinit_basin_partition_control,claude_cal_octagon_8,9,absolute:0.001,deep,7167,8,0.5,0.909880543690974,3.0
mlp_sparse_hardinit_basin_partition_control,claude_cal_octagon_8,10,absolute:0.001,deep,7167,8,0.5,0.909880543690974,3.0
mlp_sparse_hardinit_basin_partition_control,claude_cal_octagon_8,11,absolute:0.001,deep,7167,8,0.5,0.909880543690974,3.0
mlp_sparse_hardinit_basin_partition_control,claude_cal_octagon_8,12,absolute:0.001,deep,7167,8,0.5,0.9116046356877123,3.0
mlp_sparse_hardinit_basin_partition_control,claude_cal_octagon_8,13,absolute:0.001,deep,7167,8,0.5,0.8928470130025694,3.0
mlp_sparse_hardinit_basin_partition_control,claude_cal_octagon_8,14,absolute:0.001,deep,7167,8,0.5,0.8928470130025694,3.0
mlp_sparse_hardinit_basin_partition_control,claude_cal_pentagon_5,0,absolute:0.001,deep,4744,5,0.5,0.0,5.0
mlp_sparse_hardinit_basin_partition_control,claude_cal_pentagon_5,1,absolute:0.001,deep,4744,5,0.5,0.5004488774652818,3.0
mlp_sparse_hardinit_basin_partition_control,claude_cal_pentagon_5,2,absolute:0.001,deep,4744,5,0.5,0.22509021367857995,4.0
mlp_sparse_hardinit_basin_partition_control,claude_cal_pentagon_5,3,absolute:0.001,deep,4744,5,0.5,0.22509021367857995,4.0
mlp_sparse_hardinit_basin_partition_control,claude_cal_pentagon_5,4,absolute:0.001,deep,4744,5,0.5,0.2753586637867018,4.0
mlp_sparse_hardinit_basin_partition_control,claude_cal_pentagon_5,5,absolute:0.001,deep,4744,5,0.5,0.2753586637867018,4.0
mlp_sparse_hardinit_basin_partition_control,claude_cal_pentagon_5,6,absolute:0.001,deep,4744,5,0.5,0.0,5.0
mlp_sparse_hardinit_basin_partition_control,claude_cal_pentagon_5,7,absolute:0.001,deep,4744,5,0.5,0.3420312575536866,4.0
mlp_sparse_hardinit_basin_partition_control,claude_cal_pentagon_5,8,absolute:0.001,deep,4744,5,0.5,0.3420312575536866,4.0
mlp_sparse_hardinit_basin_partition_control,claude_cal_pentagon_5,9,absolute:0.001,deep,4744,5,0.5,0.0,5.0
mlp_sparse_hardinit_basin_partition_control,claude_cal_pentagon_5,10,absolute:0.001,deep,4744,5,0.5,0.22509021367857995,4.0
mlp_sparse_hardinit_basin_partition_control,claude_cal_pentagon_5,11,absolute:0.001,deep,4744,5,0.5,0.5004488774652818,3.0
mlp_sparse_hardinit_basin_partition_control,claude_cal_pentagon_5,12,absolute:0.001,deep,4744,5,0.5,0.5799734549824869,3.0
mlp_sparse_hardinit_basin_partition_control,claude_cal_pentagon_5,13,absolute:0.001,deep,4744,5,0.5,0.0,5.0
mlp_sparse_hardinit_basin_partition_control,claude_cal_pentagon_5,14,absolute:0.001,deep,4744,5,0.5,0.2753586637867018,4.0
mlp_sparse_hardinit_basin_partition_control,claude_cal_square_4,0,absolute:0.001,deep,6211,4,0.5,0.0,4.0
mlp_sparse_hardinit_basin_partition_control,claude_cal_square_4,1,absolute:0.001,deep,6211,4,0.5,0.0,4.0
mlp_sparse_hardinit_basin_partition_control,claude_cal_square_4,2,absolute:0.001,deep,6211,4,0.5,0.0,4.0
mlp_sparse_hardinit_basin_partition_control,claude_cal_square_4,3,absolute:0.001,deep,6211,4,0.5,0.0,4.0
mlp_sparse_hardinit_basin_partition_control,claude_cal_square_4,4,absolute:0.001,deep,6211,4,0.5,0.0,4.0
mlp_sparse_hardinit_basin_partition_control,claude_cal_square_4,5,absolute:0.001,deep,6211,4,0.5,0.0,4.0
mlp_sparse_hardinit_basin_partition_control,claude_cal_square_4,6,absolute:0.001,deep,6211,4,0.5,0.0,4.0
mlp_sparse_hardinit_basin_partition_control,claude_cal_square_4,7,absolute:0.001,deep,6211,4,0.5,0.0,4.0
mlp_sparse_hardinit_basin_partition_control,claude_cal_square_4,8,absolute:0.001,deep,6211,4,0.5,0.0,4.0
mlp_sparse_hardinit_basin_partition_control,claude_cal_square_4,9,absolute:0.001,deep,6211,4,0.5,0.0,4.0
mlp_sparse_hardinit_basin_partition_control,claude_cal_square_4,10,absolute:0.001,deep,6211,4,0.5,0.0,4.0
mlp_sparse_hardinit_basin_partition_control,claude_cal_square_4,11,absolute:0.001,deep,6211,4,0.5,0.0,4.0
mlp_sparse_hardinit_basin_partition_control,claude_cal_square_4,12,absolute:0.001,deep,6211,4,0.5,0.0,4.0
mlp_sparse_hardinit_basin_partition_control,claude_cal_square_4,13,absolute:0.001,deep,6211,4,0.5,0.0,4.0
mlp_sparse_hardinit_basin_partition_control,claude_cal_square_4,14,absolute:0.001,deep,6211,4,0.5,0.0,4.0
mlp_sparse_hardinit_basin_partition_control,claude_duffing_triple_well,0,absolute:0.001,deep,16512,1,0.5,0.0,4.0
mlp_sparse_hardinit_basin_partition_control,claude_duffing_triple_well,1,absolute:0.001,deep,16512,1,0.5,0.0,4.0
mlp_sparse_hardinit_basin_partition_control,claude_duffing_triple_well,2,absolute:0.001,deep,16512,1,0.5,0.0,4.0
mlp_sparse_hardinit_basin_partition_control,claude_duffing_triple_well,3,absolute:0.001,deep,16512,1,0.5,0.0,4.0
mlp_sparse_hardinit_basin_partition_control,claude_duffing_triple_well,4,absolute:0.001,deep,16512,1,0.5,0.0,4.0
mlp_sparse_hardinit_basin_partition_control,claude_duffing_triple_well,5,absolute:0.001,deep,16512,1,0.5,0.0,4.0
mlp_sparse_hardinit_basin_partition_control,claude_duffing_triple_well,6,absolute:0.001,deep,16512,1,0.5,0.0,4.0
mlp_sparse_hardinit_basin_partition_control,claude_duffing_triple_well,7,absolute:0.001,deep,16512,1,0.5,0.0,4.0
mlp_sparse_hardinit_basin_partition_control,claude_duffing_triple_well,8,absolute:0.001,deep,16512,1,0.5,0.0,4.0
mlp_sparse_hardinit_basin_partition_control,claude_duffing_triple_well,9,absolute:0.001,deep,16512,1,0.5,0.0,4.0
mlp_sparse_hardinit_basin_partition_control,claude_duffing_triple_well,10,absolute:0.001,deep,16512,1,0.5,0.0,4.0
mlp_sparse_hardinit_basin_partition_control,claude_duffing_triple_well,11,absolute:0.001,deep,16512,1,0.5,0.0,4.0
mlp_sparse_hardinit_basin_partition_control,claude_duffing_triple_well,12,absolute:0.001,deep,16512,1,0.5,0.0,3.0
mlp_sparse_hardinit_basin_partition_control,claude_duffing_triple_well,13,absolute:0.001,deep,16512,1,0.5,0.0,4.0
mlp_sparse_hardinit_basin_partition_control,claude_duffing_triple_well,14,absolute:0.001,deep,16512,1,0.5,0.0,5.0
mlp_sparse_hardinit_basin_partition_control,claude_snic_multi,0,absolute:0.001,deep,4130,3,0.5,0.0,3.0
mlp_sparse_hardinit_basin_partition_control,claude_snic_multi,1,absolute:0.001,deep,4130,3,0.5,0.0,3.0
mlp_sparse_hardinit_basin_partition_control,claude_snic_multi,2,absolute:0.001,deep,4130,3,0.5,0.0,3.0
mlp_sparse_hardinit_basin_partition_control,claude_snic_multi,3,absolute:0.001,deep,4130,3,0.5,0.0,3.0
mlp_sparse_hardinit_basin_partition_control,claude_snic_multi,4,absolute:0.001,deep,4130,3,0.5,0.0,3.0
mlp_sparse_hardinit_basin_partition_control,claude_snic_multi,5,absolute:0.001,deep,4130,3,0.5,0.0,3.0
mlp_sparse_hardinit_basin_partition_control,claude_snic_multi,6,absolute:0.001,deep,4130,3,0.5,0.0,3.0
mlp_sparse_hardinit_basin_partition_control,claude_snic_multi,7,absolute:0.001,deep,4130,3,0.5,0.0,3.0
mlp_sparse_hardinit_basin_partition_control,claude_snic_multi,8,absolute:0.001,deep,4130,3,0.5,0.0,3.0
mlp_sparse_hardinit_basin_partition_control,claude_snic_multi,9,absolute:0.001,deep,4130,3,0.5,0.0,3.0
mlp_sparse_hardinit_basin_partition_control,claude_snic_multi,10,absolute:0.001,deep,4130,3,0.5,0.0,3.0
mlp_sparse_hardinit_basin_partition_control,claude_snic_multi,11,absolute:0.001,deep,4130,3,0.5,0.0,3.0
mlp_sparse_hardinit_basin_partition_control,claude_snic_multi,12,absolute:0.001,deep,4130,3,0.5,0.0,3.0
mlp_sparse_hardinit_basin_partition_control,claude_snic_multi,13,absolute:0.001,deep,4130,3,0.5,0.0,3.0
mlp_sparse_hardinit_basin_partition_control,claude_snic_multi,14,absolute:0.001,deep,4130,3,0.5,0.0,3.0
mlp_sparse_hardinit_basin_partition_control,claude_transition_routes_4,0,absolute:0.001,deep,4156,4,0.5,0.0,4.0
mlp_sparse_hardinit_basin_partition_control,claude_transition_routes_4,1,absolute:0.001,deep,4156,4,0.5,0.0,4.0
mlp_sparse_hardinit_basin_partition_control,claude_transition_routes_4,2,absolute:0.001,deep,4156,4,0.5,0.0,4.0
mlp_sparse_hardinit_basin_partition_control,claude_transition_routes_4,3,absolute:0.001,deep,4156,4,0.5,0.0,4.0
mlp_sparse_hardinit_basin_partition_control,claude_transition_routes_4,4,absolute:0.001,deep,4156,4,0.5,0.0,4.0
mlp_sparse_hardinit_basin_partition_control,claude_transition_routes_4,5,absolute:0.001,deep,4156,4,0.5,0.0,4.0
mlp_sparse_hardinit_basin_partition_control,claude_transition_routes_4,6,absolute:0.001,deep,4156,4,0.5,0.0,4.0
mlp_sparse_hardinit_basin_partition_control,claude_transition_routes_4,7,absolute:0.001,deep,4156,4,0.5,0.0,4.0
mlp_sparse_hardinit_basin_partition_control,claude_transition_routes_4,8,absolute:0.001,deep,4156,4,0.5,0.0,4.0
mlp_sparse_hardinit_basin_partition_control,claude_transition_routes_4,9,absolute:0.001,deep,4156,4,0.5,0.0,4.0
mlp_sparse_hardinit_basin_partition_control,claude_transition_routes_4,10,absolute:0.001,deep,4156,4,0.5,0.0,4.0
mlp_sparse_hardinit_basin_partition_control,claude_transition_routes_4,11,absolute:0.001,deep,4156,4,0.5,0.0,4.0
mlp_sparse_hardinit_basin_partition_control,claude_transition_routes_4,12,absolute:0.001,deep,4156,4,0.5,0.0,4.0
mlp_sparse_hardinit_basin_partition_control,claude_transition_routes_4,13,absolute:0.001,deep,4156,4,0.5,0.0,4.0
mlp_sparse_hardinit_basin_partition_control,claude_transition_routes_4,14,absolute:0.001,deep,4156,4,0.5,0.0,4.0
mlp_sparse_hardinit_basin_partition_control,claude_var_depth_gradient_4,0,absolute:0.001,deep,5788,4,0.5,0.0,4.0
mlp_sparse_hardinit_basin_partition_control,claude_var_depth_gradient_4,1,absolute:0.001,deep,5788,4,0.5,0.0,4.0
mlp_sparse_hardinit_basin_partition_control,claude_var_depth_gradient_4,2,absolute:0.001,deep,5788,4,0.5,0.0,4.0
mlp_sparse_hardinit_basin_partition_control,claude_var_depth_gradient_4,3,absolute:0.001,deep,5788,4,0.5,0.0,4.0
mlp_sparse_hardinit_basin_partition_control,claude_var_depth_gradient_4,4,absolute:0.001,deep,5788,4,0.5,0.0,4.0
mlp_sparse_hardinit_basin_partition_control,claude_var_depth_gradient_4,5,absolute:0.001,deep,5788,4,0.5,0.0,4.0
mlp_sparse_hardinit_basin_partition_control,claude_var_depth_gradient_4,6,absolute:0.001,deep,5788,4,0.5,0.0,4.0
mlp_sparse_hardinit_basin_partition_control,claude_var_depth_gradient_4,7,absolute:0.001,deep,5788,4,0.5,0.0,4.0
mlp_sparse_hardinit_basin_partition_control,claude_var_depth_gradient_4,8,absolute:0.001,deep,5788,4,0.5,0.0,4.0
mlp_sparse_hardinit_basin_partition_control,claude_var_depth_gradient_4,9,absolute:0.001,deep,5788,4,0.5,0.0,4.0
mlp_sparse_hardinit_basin_partition_control,claude_var_depth_gradient_4,10,absolute:0.001,deep,5788,4,0.5,0.0,4.0
mlp_sparse_hardinit_basin_partition_control,claude_var_depth_gradient_4,11,absolute:0.001,deep,5788,4,0.5,0.0,4.0
mlp_sparse_hardinit_basin_partition_control,claude_var_depth_gradient_4,12,absolute:0.001,deep,5788,4,0.5,0.0,4.0
mlp_sparse_hardinit_basin_partition_control,claude_var_depth_gradient_4,13,absolute:0.001,deep,5788,4,0.5,0.0,4.0
mlp_sparse_hardinit_basin_partition_control,claude_var_depth_gradient_4,14,absolute:0.001,deep,5788,4,0.5,0.0,4.0
mlp_sparse_hardinit_basin_partition_control,claude_var_diamond_4,0,absolute:0.001,deep,4561,4,0.5,0.0,4.0
mlp_sparse_hardinit_basin_partition_control,claude_var_diamond_4,1,absolute:0.001,deep,4561,4,0.5,0.0,4.0
mlp_sparse_hardinit_basin_partition_control,claude_var_diamond_4,2,absolute:0.001,deep,4561,4,0.5,0.0,4.0
mlp_sparse_hardinit_basin_partition_control,claude_var_diamond_4,3,absolute:0.001,deep,4561,4,0.5,0.0,4.0
mlp_sparse_hardinit_basin_partition_control,claude_var_diamond_4,4,absolute:0.001,deep,4561,4,0.5,0.0,4.0
mlp_sparse_hardinit_basin_partition_control,claude_var_diamond_4,5,absolute:0.001,deep,4561,4,0.5,0.0,4.0
mlp_sparse_hardinit_basin_partition_control,claude_var_diamond_4,6,absolute:0.001,deep,4561,4,0.5,0.0,4.0
mlp_sparse_hardinit_basin_partition_control,claude_var_diamond_4,7,absolute:0.001,deep,4561,4,0.5,0.0,4.0
mlp_sparse_hardinit_basin_partition_control,claude_var_diamond_4,8,absolute:0.001,deep,4561,4,0.5,0.0,4.0
mlp_sparse_hardinit_basin_partition_control,claude_var_diamond_4,9,absolute:0.001,deep,4561,4,0.5,0.0,4.0
mlp_sparse_hardinit_basin_partition_control,claude_var_diamond_4,10,absolute:0.001,deep,4561,4,0.5,0.0,4.0
mlp_sparse_hardinit_basin_partition_control,claude_var_diamond_4,11,absolute:0.001,deep,4561,4,0.5,0.0,4.0
mlp_sparse_hardinit_basin_partition_control,claude_var_diamond_4,12,absolute:0.001,deep,4561,4,0.5,0.0,4.0
mlp_sparse_hardinit_basin_partition_control,claude_var_diamond_4,13,absolute:0.001,deep,4561,4,0.5,0.3335061015046217,3.0
mlp_sparse_hardinit_basin_partition_control,claude_var_diamond_4,14,absolute:0.001,deep,4561,4,0.5,0.0,4.0
mlp_sparse_hardinit_basin_partition_control,claude_var_l_shape_5,0,absolute:0.001,deep,4266,5,0.5,0.5859117752870721,3.0
mlp_sparse_hardinit_basin_partition_control,claude_var_l_shape_5,1,absolute:0.001,deep,4266,5,0.5,0.5859117752870721,3.0
mlp_sparse_hardinit_basin_partition_control,claude_var_l_shape_5,2,absolute:0.001,deep,4266,5,0.5,0.5918806478371383,3.0
mlp_sparse_hardinit_basin_partition_control,claude_var_l_shape_5,3,absolute:0.001,deep,4266,5,0.5,0.5859117752870721,3.0
mlp_sparse_hardinit_basin_partition_control,claude_var_l_shape_5,4,absolute:0.001,deep,4266,5,0.5,0.587325791705077,3.0
mlp_sparse_hardinit_basin_partition_control,claude_var_l_shape_5,5,absolute:0.001,deep,4266,5,0.5,0.5859117752870721,3.0
mlp_sparse_hardinit_basin_partition_control,claude_var_l_shape_5,6,absolute:0.001,deep,4266,5,0.5,0.5859117752870721,3.0
mlp_sparse_hardinit_basin_partition_control,claude_var_l_shape_5,7,absolute:0.001,deep,4266,5,0.5,0.5859117752870721,3.0
mlp_sparse_hardinit_basin_partition_control,claude_var_l_shape_5,8,absolute:0.001,deep,4266,5,0.5,0.587325791705077,3.0
mlp_sparse_hardinit_basin_partition_control,claude_var_l_shape_5,9,absolute:0.001,deep,4266,5,0.5,0.5859117752870721,3.0
mlp_sparse_hardinit_basin_partition_control,claude_var_l_shape_5,10,absolute:0.001,deep,4266,5,0.5,0.5859117752870721,3.0
mlp_sparse_hardinit_basin_partition_control,claude_var_l_shape_5,11,absolute:0.001,deep,4266,5,0.5,0.5859117752870721,3.0
mlp_sparse_hardinit_basin_partition_control,claude_var_l_shape_5,12,absolute:0.001,deep,4266,5,0.5,0.5859117752870721,3.0
mlp_sparse_hardinit_basin_partition_control,claude_var_l_shape_5,13,absolute:0.001,deep,4266,5,0.5,0.5859117752870721,3.0
mlp_sparse_hardinit_basin_partition_control,claude_var_l_shape_5,14,absolute:0.001,deep,4266,5,0.5,0.5859117752870721,3.0
mlp_sparse_hardinit_basin_partition_control,gated_local_linear,0,absolute:0.001,deep,4129,3,0.5,0.0,3.0
mlp_sparse_hardinit_basin_partition_control,gated_local_linear,1,absolute:0.001,deep,4129,3,0.5,0.0,3.0
mlp_sparse_hardinit_basin_partition_control,gated_local_linear,2,absolute:0.001,deep,4129,3,0.5,0.0,3.0
mlp_sparse_hardinit_basin_partition_control,gated_local_linear,3,absolute:0.001,deep,4129,3,0.5,0.0,3.0
mlp_sparse_hardinit_basin_partition_control,gated_local_linear,4,absolute:0.001,deep,4129,3,0.5,0.0,3.0
mlp_sparse_hardinit_basin_partition_control,gated_local_linear,5,absolute:0.001,deep,4129,3,0.5,0.0,3.0
mlp_sparse_hardinit_basin_partition_control,gated_local_linear,6,absolute:0.001,deep,4129,3,0.5,0.0,3.0
mlp_sparse_hardinit_basin_partition_control,gated_local_linear,7,absolute:0.001,deep,4129,3,0.5,0.0,3.0
mlp_sparse_hardinit_basin_partition_control,gated_local_linear,8,absolute:0.001,deep,4129,3,0.5,0.0,3.0
mlp_sparse_hardinit_basin_partition_control,gated_local_linear,9,absolute:0.001,deep,4129,3,0.5,0.0,3.0
mlp_sparse_hardinit_basin_partition_control,gated_local_linear,10,absolute:0.001,deep,4129,3,0.5,0.0,3.0
mlp_sparse_hardinit_basin_partition_control,gated_local_linear,11,absolute:0.001,deep,4129,3,0.5,0.0,3.0
mlp_sparse_hardinit_basin_partition_control,gated_local_linear,12,absolute:0.001,deep,4129,3,0.5,0.0,3.0
mlp_sparse_hardinit_basin_partition_control,gated_local_linear,13,absolute:0.001,deep,4129,3,0.5,0.0,3.0
mlp_sparse_hardinit_basin_partition_control,gated_local_linear,14,absolute:0.001,deep,4129,3,0.5,0.0,3.0
mlp_sparse_hardinit_basin_partition_control,gated_transfer_linear,0,absolute:0.001,deep,4130,3,0.5,0.0,3.0
mlp_sparse_hardinit_basin_partition_control,gated_transfer_linear,1,absolute:0.001,deep,4130,3,0.5,0.0,3.0
mlp_sparse_hardinit_basin_partition_control,gated_transfer_linear,2,absolute:0.001,deep,4130,3,0.5,0.0,3.0
mlp_sparse_hardinit_basin_partition_control,gated_transfer_linear,3,absolute:0.001,deep,4130,3,0.5,0.0,3.0
mlp_sparse_hardinit_basin_partition_control,gated_transfer_linear,4,absolute:0.001,deep,4130,3,0.5,0.0,3.0
mlp_sparse_hardinit_basin_partition_control,gated_transfer_linear,5,absolute:0.001,deep,4130,3,0.5,0.0,3.0
mlp_sparse_hardinit_basin_partition_control,gated_transfer_linear,6,absolute:0.001,deep,4130,3,0.5,0.0,3.0
mlp_sparse_hardinit_basin_partition_control,gated_transfer_linear,7,absolute:0.001,deep,4130,3,0.5,0.0,3.0
mlp_sparse_hardinit_basin_partition_control,gated_transfer_linear,8,absolute:0.001,deep,4130,3,0.5,0.0,3.0
mlp_sparse_hardinit_basin_partition_control,gated_transfer_linear,9,absolute:0.001,deep,4130,3,0.5,0.0,3.0
mlp_sparse_hardinit_basin_partition_control,gated_transfer_linear,10,absolute:0.001,deep,4130,3,0.5,0.0,3.0
mlp_sparse_hardinit_basin_partition_control,gated_transfer_linear,11,absolute:0.001,deep,4130,3,0.5,0.0,3.0
mlp_sparse_hardinit_basin_partition_control,gated_transfer_linear,12,absolute:0.001,deep,4130,3,0.5,0.0,3.0
mlp_sparse_hardinit_basin_partition_control,gated_transfer_linear,13,absolute:0.001,deep,4130,3,0.5,0.0,3.0
mlp_sparse_hardinit_basin_partition_control,gated_transfer_linear,14,absolute:0.001,deep,4130,3,0.5,0.0,3.0
mlp_zero_sparse_hardinit_basin_partition_control,claude_arrested_spiral,0,absolute:0.001,deep,5794,5,0.5,1.4144718147129738,1.0
mlp_zero_sparse_hardinit_basin_partition_control,claude_arrested_spiral,1,absolute:0.001,deep,5794,5,0.5,1.4144718147129738,1.0
mlp_zero_sparse_hardinit_basin_partition_control,claude_arrested_spiral,2,absolute:0.001,deep,5794,5,0.5,1.4144718147129738,1.0
mlp_zero_sparse_hardinit_basin_partition_control,claude_arrested_spiral,3,absolute:0.001,deep,5794,5,0.5,1.4144718147129738,1.0
mlp_zero_sparse_hardinit_basin_partition_control,claude_arrested_spiral,4,absolute:0.001,deep,5794,5,0.5,1.4144718147129738,1.0
mlp_zero_sparse_hardinit_basin_partition_control,claude_arrested_spiral,5,absolute:0.001,deep,5794,5,0.5,1.4144718147129738,1.0
mlp_zero_sparse_hardinit_basin_partition_control,claude_arrested_spiral,6,absolute:0.001,deep,5794,5,0.5,1.4144718147129738,1.0
mlp_zero_sparse_hardinit_basin_partition_control,claude_arrested_spiral,7,absolute:0.001,deep,5794,5,0.5,1.4144718147129738,1.0
mlp_zero_sparse_hardinit_basin_partition_control,claude_arrested_spiral,8,absolute:0.001,deep,5794,5,0.5,1.4144718147129738,1.0
mlp_zero_sparse_hardinit_basin_partition_control,claude_arrested_spiral,9,absolute:0.001,deep,5794,5,0.5,1.4144718147129738,1.0
mlp_zero_sparse_hardinit_basin_partition_control,claude_arrested_spiral,10,absolute:0.001,deep,5794,5,0.5,1.4144718147129738,1.0
mlp_zero_sparse_hardinit_basin_partition_control,claude_arrested_spiral,11,absolute:0.001,deep,5794,5,0.5,1.4144718147129738,1.0
mlp_zero_sparse_hardinit_basin_partition_control,claude_arrested_spiral,12,absolute:0.001,deep,5794,5,0.5,1.4144718147129738,1.0
mlp_zero_sparse_hardinit_basin_partition_control,claude_arrested_spiral,13,absolute:0.001,deep,5794,5,0.5,1.4144718147129738,1.0
mlp_zero_sparse_hardinit_basin_partition_control,claude_arrested_spiral,14,absolute:0.001,deep,5794,5,0.5,1.4144718147129738,1.0
mlp_zero_sparse_hardinit_basin_partition_control,claude_cal_asymmetric_3,0,absolute:0.001,deep,5878,3,0.5,1.0862880464920899,1.0
mlp_zero_sparse_hardinit_basin_partition_control,claude_cal_asymmetric_3,1,absolute:0.001,deep,5878,3,0.5,1.0862880464920899,1.0
mlp_zero_sparse_hardinit_basin_partition_control,claude_cal_asymmetric_3,2,absolute:0.001,deep,5878,3,0.5,1.0862880464920899,1.0
mlp_zero_sparse_hardinit_basin_partition_control,claude_cal_asymmetric_3,3,absolute:0.001,deep,5878,3,0.5,1.0862880464920899,1.0
mlp_zero_sparse_hardinit_basin_partition_control,claude_cal_asymmetric_3,4,absolute:0.001,deep,5878,3,0.5,1.0862880464920899,1.0
mlp_zero_sparse_hardinit_basin_partition_control,claude_cal_asymmetric_3,5,absolute:0.001,deep,5878,3,0.5,1.0862880464920899,1.0
mlp_zero_sparse_hardinit_basin_partition_control,claude_cal_asymmetric_3,6,absolute:0.001,deep,5878,3,0.5,1.0862880464920899,1.0
mlp_zero_sparse_hardinit_basin_partition_control,claude_cal_asymmetric_3,7,absolute:0.001,deep,5878,3,0.5,1.0862880464920899,1.0
mlp_zero_sparse_hardinit_basin_partition_control,claude_cal_asymmetric_3,8,absolute:0.001,deep,5878,3,0.5,1.0862880464920899,1.0
mlp_zero_sparse_hardinit_basin_partition_control,claude_cal_asymmetric_3,9,absolute:0.001,deep,5878,3,0.5,1.0862880464920899,1.0
mlp_zero_sparse_hardinit_basin_partition_control,claude_cal_asymmetric_3,10,absolute:0.001,deep,5878,3,0.5,1.0862880464920899,1.0
mlp_zero_sparse_hardinit_basin_partition_control,claude_cal_asymmetric_3,11,absolute:0.001,deep,5878,3,0.5,1.0862880464920899,1.0
mlp_zero_sparse_hardinit_basin_partition_control,claude_cal_asymmetric_3,12,absolute:0.001,deep,5878,3,0.5,1.0862880464920899,1.0
mlp_zero_sparse_hardinit_basin_partition_control,claude_cal_asymmetric_3,13,absolute:0.001,deep,5878,3,0.5,1.0862880464920899,1.0
mlp_zero_sparse_hardinit_basin_partition_control,claude_cal_asymmetric_3,14,absolute:0.001,deep,5878,3,0.5,1.0862880464920899,1.0
mlp_zero_sparse_hardinit_basin_partition_control,claude_cal_hexagon_6,0,absolute:0.001,deep,4174,6,0.5,1.7746414677536724,1.0
mlp_zero_sparse_hardinit_basin_partition_control,claude_cal_hexagon_6,1,absolute:0.001,deep,4174,6,0.5,1.7746414677536724,1.0
mlp_zero_sparse_hardinit_basin_partition_control,claude_cal_hexagon_6,2,absolute:0.001,deep,4174,6,0.5,1.7746414677536724,1.0
mlp_zero_sparse_hardinit_basin_partition_control,claude_cal_hexagon_6,3,absolute:0.001,deep,4174,6,0.5,1.7746414677536724,1.0
mlp_zero_sparse_hardinit_basin_partition_control,claude_cal_hexagon_6,4,absolute:0.001,deep,4174,6,0.5,1.7746414677536724,1.0
mlp_zero_sparse_hardinit_basin_partition_control,claude_cal_hexagon_6,5,absolute:0.001,deep,4174,6,0.5,1.7746414677536724,1.0
mlp_zero_sparse_hardinit_basin_partition_control,claude_cal_hexagon_6,6,absolute:0.001,deep,4174,6,0.5,1.7746414677536724,1.0
mlp_zero_sparse_hardinit_basin_partition_control,claude_cal_hexagon_6,7,absolute:0.001,deep,4174,6,0.5,1.7746414677536724,1.0
mlp_zero_sparse_hardinit_basin_partition_control,claude_cal_hexagon_6,8,absolute:0.001,deep,4174,6,0.5,1.7746414677536724,1.0
mlp_zero_sparse_hardinit_basin_partition_control,claude_cal_hexagon_6,9,absolute:0.001,deep,4174,6,0.5,1.7746414677536724,1.0
mlp_zero_sparse_hardinit_basin_partition_control,claude_cal_hexagon_6,10,absolute:0.001,deep,4174,6,0.5,1.7746414677536724,1.0
mlp_zero_sparse_hardinit_basin_partition_control,claude_cal_hexagon_6,11,absolute:0.001,deep,4174,6,0.5,1.7746414677536724,1.0
mlp_zero_sparse_hardinit_basin_partition_control,claude_cal_hexagon_6,12,absolute:0.001,deep,4174,6,0.5,1.7746414677536724,1.0
mlp_zero_sparse_hardinit_basin_partition_control,claude_cal_hexagon_6,13,absolute:0.001,deep,4174,6,0.5,1.7746414677536724,1.0
mlp_zero_sparse_hardinit_basin_partition_control,claude_cal_hexagon_6,14,absolute:0.001,deep,4174,6,0.5,1.7746414677536724,1.0
mlp_zero_sparse_hardinit_basin_partition_control,claude_cal_high_cross_3,0,absolute:0.001,deep,4707,3,0.5,1.0840920434256347,1.0
mlp_zero_sparse_hardinit_basin_partition_control,claude_cal_high_cross_3,1,absolute:0.001,deep,4707,3,0.5,1.0840920434256347,1.0
mlp_zero_sparse_hardinit_basin_partition_control,claude_cal_high_cross_3,2,absolute:0.001,deep,4707,3,0.5,1.0840920434256347,1.0
mlp_zero_sparse_hardinit_basin_partition_control,claude_cal_high_cross_3,3,absolute:0.001,deep,4707,3,0.5,1.0840920434256347,1.0
mlp_zero_sparse_hardinit_basin_partition_control,claude_cal_high_cross_3,4,absolute:0.001,deep,4707,3,0.5,1.0840920434256347,1.0
mlp_zero_sparse_hardinit_basin_partition_control,claude_cal_high_cross_3,5,absolute:0.001,deep,4707,3,0.5,1.0840920434256347,1.0
mlp_zero_sparse_hardinit_basin_partition_control,claude_cal_high_cross_3,6,absolute:0.001,deep,4707,3,0.5,1.0840920434256347,1.0
mlp_zero_sparse_hardinit_basin_partition_control,claude_cal_high_cross_3,7,absolute:0.001,deep,4707,3,0.5,1.0840920434256347,1.0
mlp_zero_sparse_hardinit_basin_partition_control,claude_cal_high_cross_3,8,absolute:0.001,deep,4707,3,0.5,1.0840920434256347,1.0
mlp_zero_sparse_hardinit_basin_partition_control,claude_cal_high_cross_3,9,absolute:0.001,deep,4707,3,0.5,1.0840920434256347,1.0
mlp_zero_sparse_hardinit_basin_partition_control,claude_cal_high_cross_3,10,absolute:0.001,deep,4707,3,0.5,1.0840920434256347,1.0
mlp_zero_sparse_hardinit_basin_partition_control,claude_cal_high_cross_3,11,absolute:0.001,deep,4707,3,0.5,1.0840920434256347,1.0
mlp_zero_sparse_hardinit_basin_partition_control,claude_cal_high_cross_3,12,absolute:0.001,deep,4707,3,0.5,1.0840920434256347,1.0
mlp_zero_sparse_hardinit_basin_partition_control,claude_cal_high_cross_3,13,absolute:0.001,deep,4707,3,0.5,1.0840920434256347,1.0
mlp_zero_sparse_hardinit_basin_partition_control,claude_cal_high_cross_3,14,absolute:0.001,deep,4707,3,0.5,1.0840920434256347,1.0
mlp_zero_sparse_hardinit_basin_partition_control,claude_cal_octagon_8,0,absolute:0.001,deep,7167,8,0.5,1.991127025344487,1.0
mlp_zero_sparse_hardinit_basin_partition_control,claude_cal_octagon_8,1,absolute:0.001,deep,7167,8,0.5,1.991127025344487,1.0
mlp_zero_sparse_hardinit_basin_partition_control,claude_cal_octagon_8,2,absolute:0.001,deep,7167,8,0.5,1.991127025344487,1.0
mlp_zero_sparse_hardinit_basin_partition_control,claude_cal_octagon_8,3,absolute:0.001,deep,7167,8,0.5,1.991127025344487,1.0
mlp_zero_sparse_hardinit_basin_partition_control,claude_cal_octagon_8,4,absolute:0.001,deep,7167,8,0.5,1.991127025344487,1.0
mlp_zero_sparse_hardinit_basin_partition_control,claude_cal_octagon_8,5,absolute:0.001,deep,7167,8,0.5,1.991127025344487,1.0
mlp_zero_sparse_hardinit_basin_partition_control,claude_cal_octagon_8,6,absolute:0.001,deep,7167,8,0.5,1.991127025344487,1.0
mlp_zero_sparse_hardinit_basin_partition_control,claude_cal_octagon_8,7,absolute:0.001,deep,7167,8,0.5,1.991127025344487,1.0
mlp_zero_sparse_hardinit_basin_partition_control,claude_cal_octagon_8,8,absolute:0.001,deep,7167,8,0.5,1.991127025344487,1.0
mlp_zero_sparse_hardinit_basin_partition_control,claude_cal_octagon_8,9,absolute:0.001,deep,7167,8,0.5,1.991127025344487,1.0
mlp_zero_sparse_hardinit_basin_partition_control,claude_cal_octagon_8,10,absolute:0.001,deep,7167,8,0.5,1.991127025344487,1.0
mlp_zero_sparse_hardinit_basin_partition_control,claude_cal_octagon_8,11,absolute:0.001,deep,7167,8,0.5,1.991127025344487,1.0
mlp_zero_sparse_hardinit_basin_partition_control,claude_cal_octagon_8,12,absolute:0.001,deep,7167,8,0.5,1.991127025344487,1.0
mlp_zero_sparse_hardinit_basin_partition_control,claude_cal_octagon_8,13,absolute:0.001,deep,7167,8,0.5,1.991127025344487,1.0
mlp_zero_sparse_hardinit_basin_partition_control,claude_cal_octagon_8,14,absolute:0.001,deep,7167,8,0.5,1.991127025344487,1.0
mlp_zero_sparse_hardinit_basin_partition_control,claude_cal_pentagon_5,0,absolute:0.001,deep,4744,5,0.5,1.5869415828627202,1.0
mlp_zero_sparse_hardinit_basin_partition_control,claude_cal_pentagon_5,1,absolute:0.001,deep,4744,5,0.5,1.5869415828627202,1.0
mlp_zero_sparse_hardinit_basin_partition_control,claude_cal_pentagon_5,2,absolute:0.001,deep,4744,5,0.5,1.5869415828627202,1.0
mlp_zero_sparse_hardinit_basin_partition_control,claude_cal_pentagon_5,3,absolute:0.001,deep,4744,5,0.5,1.5869415828627202,1.0
mlp_zero_sparse_hardinit_basin_partition_control,claude_cal_pentagon_5,4,absolute:0.001,deep,4744,5,0.5,1.5869415828627202,1.0
mlp_zero_sparse_hardinit_basin_partition_control,claude_cal_pentagon_5,5,absolute:0.001,deep,4744,5,0.5,1.5869415828627202,1.0
mlp_zero_sparse_hardinit_basin_partition_control,claude_cal_pentagon_5,6,absolute:0.001,deep,4744,5,0.5,1.5869415828627202,1.0
mlp_zero_sparse_hardinit_basin_partition_control,claude_cal_pentagon_5,7,absolute:0.001,deep,4744,5,0.5,1.5869415828627202,1.0
mlp_zero_sparse_hardinit_basin_partition_control,claude_cal_pentagon_5,8,absolute:0.001,deep,4744,5,0.5,1.5869415828627202,1.0
mlp_zero_sparse_hardinit_basin_partition_control,claude_cal_pentagon_5,9,absolute:0.001,deep,4744,5,0.5,1.5869415828627202,1.0
mlp_zero_sparse_hardinit_basin_partition_control,claude_cal_pentagon_5,10,absolute:0.001,deep,4744,5,0.5,1.5869415828627202,1.0
mlp_zero_sparse_hardinit_basin_partition_control,claude_cal_pentagon_5,11,absolute:0.001,deep,4744,5,0.5,1.5869415828627202,1.0
mlp_zero_sparse_hardinit_basin_partition_control,claude_cal_pentagon_5,12,absolute:0.001,deep,4744,5,0.5,1.5869415828627202,1.0
mlp_zero_sparse_hardinit_basin_partition_control,claude_cal_pentagon_5,13,absolute:0.001,deep,4744,5,0.5,1.5869415828627202,1.0
mlp_zero_sparse_hardinit_basin_partition_control,claude_cal_pentagon_5,14,absolute:0.001,deep,4744,5,0.5,1.5869415828627202,1.0
mlp_zero_sparse_hardinit_basin_partition_control,claude_cal_square_4,0,absolute:0.001,deep,6211,4,0.5,1.3636492627882333,1.0
mlp_zero_sparse_hardinit_basin_partition_control,claude_cal_square_4,1,absolute:0.001,deep,6211,4,0.5,1.3636492627882333,1.0
mlp_zero_sparse_hardinit_basin_partition_control,claude_cal_square_4,2,absolute:0.001,deep,6211,4,0.5,1.3636492627882333,1.0
mlp_zero_sparse_hardinit_basin_partition_control,claude_cal_square_4,3,absolute:0.001,deep,6211,4,0.5,1.3636492627882333,1.0
mlp_zero_sparse_hardinit_basin_partition_control,claude_cal_square_4,4,absolute:0.001,deep,6211,4,0.5,1.3636492627882333,1.0
mlp_zero_sparse_hardinit_basin_partition_control,claude_cal_square_4,5,absolute:0.001,deep,6211,4,0.5,1.3636492627882333,1.0
mlp_zero_sparse_hardinit_basin_partition_control,claude_cal_square_4,6,absolute:0.001,deep,6211,4,0.5,1.3636492627882333,1.0
mlp_zero_sparse_hardinit_basin_partition_control,claude_cal_square_4,7,absolute:0.001,deep,6211,4,0.5,1.3636492627882333,1.0
mlp_zero_sparse_hardinit_basin_partition_control,claude_cal_square_4,8,absolute:0.001,deep,6211,4,0.5,1.3636492627882333,1.0
mlp_zero_sparse_hardinit_basin_partition_control,claude_cal_square_4,9,absolute:0.001,deep,6211,4,0.5,1.3636492627882333,1.0
mlp_zero_sparse_hardinit_basin_partition_control,claude_cal_square_4,10,absolute:0.001,deep,6211,4,0.5,1.3636492627882333,1.0
mlp_zero_sparse_hardinit_basin_partition_control,claude_cal_square_4,11,absolute:0.001,deep,6211,4,0.5,1.3636492627882333,1.0
mlp_zero_sparse_hardinit_basin_partition_control,claude_cal_square_4,12,absolute:0.001,deep,6211,4,0.5,1.3636492627882333,1.0
mlp_zero_sparse_hardinit_basin_partition_control,claude_cal_square_4,13,absolute:0.001,deep,6211,4,0.5,1.3636492627882333,1.0
mlp_zero_sparse_hardinit_basin_partition_control,claude_cal_square_4,14,absolute:0.001,deep,6211,4,0.5,1.3636492627882333,1.0
mlp_zero_sparse_hardinit_basin_partition_control,claude_duffing_triple_well,0,absolute:0.001,deep,16512,1,0.5,0.0,1.0
mlp_zero_sparse_hardinit_basin_partition_control,claude_duffing_triple_well,1,absolute:0.001,deep,16512,1,0.5,0.0,1.0
mlp_zero_sparse_hardinit_basin_partition_control,claude_duffing_triple_well,2,absolute:0.001,deep,16512,1,0.5,0.0,1.0
mlp_zero_sparse_hardinit_basin_partition_control,claude_duffing_triple_well,3,absolute:0.001,deep,16512,1,0.5,0.0,1.0
mlp_zero_sparse_hardinit_basin_partition_control,claude_duffing_triple_well,4,absolute:0.001,deep,16512,1,0.5,0.0,1.0
mlp_zero_sparse_hardinit_basin_partition_control,claude_duffing_triple_well,5,absolute:0.001,deep,16512,1,0.5,0.0,1.0
mlp_zero_sparse_hardinit_basin_partition_control,claude_duffing_triple_well,6,absolute:0.001,deep,16512,1,0.5,0.0,1.0
mlp_zero_sparse_hardinit_basin_partition_control,claude_duffing_triple_well,7,absolute:0.001,deep,16512,1,0.5,0.0,1.0
mlp_zero_sparse_hardinit_basin_partition_control,claude_duffing_triple_well,8,absolute:0.001,deep,16512,1,0.5,0.0,1.0
mlp_zero_sparse_hardinit_basin_partition_control,claude_duffing_triple_well,9,absolute:0.001,deep,16512,1,0.5,0.0,1.0
mlp_zero_sparse_hardinit_basin_partition_control,claude_duffing_triple_well,10,absolute:0.001,deep,16512,1,0.5,0.0,1.0
mlp_zero_sparse_hardinit_basin_partition_control,claude_duffing_triple_well,11,absolute:0.001,deep,16512,1,0.5,0.0,1.0
mlp_zero_sparse_hardinit_basin_partition_control,claude_duffing_triple_well,12,absolute:0.001,deep,16512,1,0.5,0.0,1.0
mlp_zero_sparse_hardinit_basin_partition_control,claude_duffing_triple_well,13,absolute:0.001,deep,16512,1,0.5,0.0,1.0
mlp_zero_sparse_hardinit_basin_partition_control,claude_duffing_triple_well,14,absolute:0.001,deep,16512,1,0.5,0.0,1.0
mlp_zero_sparse_hardinit_basin_partition_control,claude_snic_multi,0,absolute:0.001,deep,4130,3,0.5,1.0938759269606144,1.0
mlp_zero_sparse_hardinit_basin_partition_control,claude_snic_multi,1,absolute:0.001,deep,4130,3,0.5,1.0938759269606144,1.0
mlp_zero_sparse_hardinit_basin_partition_control,claude_snic_multi,2,absolute:0.001,deep,4130,3,0.5,1.0938759269606144,1.0
mlp_zero_sparse_hardinit_basin_partition_control,claude_snic_multi,3,absolute:0.001,deep,4130,3,0.5,1.0938759269606144,1.0
mlp_zero_sparse_hardinit_basin_partition_control,claude_snic_multi,4,absolute:0.001,deep,4130,3,0.5,1.0938759269606144,1.0
mlp_zero_sparse_hardinit_basin_partition_control,claude_snic_multi,5,absolute:0.001,deep,4130,3,0.5,1.0938759269606144,1.0
mlp_zero_sparse_hardinit_basin_partition_control,claude_snic_multi,6,absolute:0.001,deep,4130,3,0.5,1.0938759269606144,1.0
mlp_zero_sparse_hardinit_basin_partition_control,claude_snic_multi,7,absolute:0.001,deep,4130,3,0.5,1.0938759269606144,1.0
mlp_zero_sparse_hardinit_basin_partition_control,claude_snic_multi,8,absolute:0.001,deep,4130,3,0.5,1.0938759269606144,1.0
mlp_zero_sparse_hardinit_basin_partition_control,claude_snic_multi,9,absolute:0.001,deep,4130,3,0.5,1.0938759269606144,1.0
mlp_zero_sparse_hardinit_basin_partition_control,claude_snic_multi,10,absolute:0.001,deep,4130,3,0.5,1.0938759269606144,1.0
mlp_zero_sparse_hardinit_basin_partition_control,claude_snic_multi,11,absolute:0.001,deep,4130,3,0.5,1.0938759269606144,1.0
mlp_zero_sparse_hardinit_basin_partition_control,claude_snic_multi,12,absolute:0.001,deep,4130,3,0.5,1.0938759269606144,1.0
mlp_zero_sparse_hardinit_basin_partition_control,claude_snic_multi,13,absolute:0.001,deep,4130,3,0.5,1.0938759269606144,1.0
mlp_zero_sparse_hardinit_basin_partition_control,claude_snic_multi,14,absolute:0.001,deep,4130,3,0.5,1.0938759269606144,1.0
mlp_zero_sparse_hardinit_basin_partition_control,claude_transition_routes_4,0,absolute:0.001,deep,4156,4,0.5,1.3855295211324536,1.0
mlp_zero_sparse_hardinit_basin_partition_control,claude_transition_routes_4,1,absolute:0.001,deep,4156,4,0.5,1.3855295211324536,1.0
mlp_zero_sparse_hardinit_basin_partition_control,claude_transition_routes_4,2,absolute:0.001,deep,4156,4,0.5,1.3855295211324536,1.0
mlp_zero_sparse_hardinit_basin_partition_control,claude_transition_routes_4,3,absolute:0.001,deep,4156,4,0.5,1.3855295211324536,1.0
mlp_zero_sparse_hardinit_basin_partition_control,claude_transition_routes_4,4,absolute:0.001,deep,4156,4,0.5,1.3855295211324536,1.0
mlp_zero_sparse_hardinit_basin_partition_control,claude_transition_routes_4,5,absolute:0.001,deep,4156,4,0.5,1.3855295211324536,1.0
mlp_zero_sparse_hardinit_basin_partition_control,claude_transition_routes_4,6,absolute:0.001,deep,4156,4,0.5,1.3855295211324536,1.0
mlp_zero_sparse_hardinit_basin_partition_control,claude_transition_routes_4,7,absolute:0.001,deep,4156,4,0.5,1.3855295211324536,1.0
mlp_zero_sparse_hardinit_basin_partition_control,claude_transition_routes_4,8,absolute:0.001,deep,4156,4,0.5,1.3855295211324536,1.0
mlp_zero_sparse_hardinit_basin_partition_control,claude_transition_routes_4,9,absolute:0.001,deep,4156,4,0.5,1.3855295211324536,1.0
mlp_zero_sparse_hardinit_basin_partition_control,claude_transition_routes_4,10,absolute:0.001,deep,4156,4,0.5,1.3855295211324536,1.0
mlp_zero_sparse_hardinit_basin_partition_control,claude_transition_routes_4,11,absolute:0.001,deep,4156,4,0.5,1.3855295211324536,1.0
mlp_zero_sparse_hardinit_basin_partition_control,claude_transition_routes_4,12,absolute:0.001,deep,4156,4,0.5,1.3855295211324536,1.0
mlp_zero_sparse_hardinit_basin_partition_control,claude_transition_routes_4,13,absolute:0.001,deep,4156,4,0.5,1.3855295211324536,1.0
mlp_zero_sparse_hardinit_basin_partition_control,claude_transition_routes_4,14,absolute:0.001,deep,4156,4,0.5,1.3855295211324536,1.0
mlp_zero_sparse_hardinit_basin_partition_control,claude_var_depth_gradient_4,0,absolute:0.001,deep,5788,4,0.5,1.3572760330272957,1.0
mlp_zero_sparse_hardinit_basin_partition_control,claude_var_depth_gradient_4,1,absolute:0.001,deep,5788,4,0.5,1.3572760330272957,1.0
mlp_zero_sparse_hardinit_basin_partition_control,claude_var_depth_gradient_4,2,absolute:0.001,deep,5788,4,0.5,1.3572760330272957,1.0
mlp_zero_sparse_hardinit_basin_partition_control,claude_var_depth_gradient_4,3,absolute:0.001,deep,5788,4,0.5,1.3572760330272957,1.0
mlp_zero_sparse_hardinit_basin_partition_control,claude_var_depth_gradient_4,4,absolute:0.001,deep,5788,4,0.5,1.3572760330272957,1.0
mlp_zero_sparse_hardinit_basin_partition_control,claude_var_depth_gradient_4,5,absolute:0.001,deep,5788,4,0.5,1.3572760330272957,1.0
mlp_zero_sparse_hardinit_basin_partition_control,claude_var_depth_gradient_4,6,absolute:0.001,deep,5788,4,0.5,1.3572760330272957,1.0
mlp_zero_sparse_hardinit_basin_partition_control,claude_var_depth_gradient_4,7,absolute:0.001,deep,5788,4,0.5,1.3572760330272957,1.0
mlp_zero_sparse_hardinit_basin_partition_control,claude_var_depth_gradient_4,8,absolute:0.001,deep,5788,4,0.5,1.3572760330272957,1.0
mlp_zero_sparse_hardinit_basin_partition_control,claude_var_depth_gradient_4,9,absolute:0.001,deep,5788,4,0.5,1.3572760330272957,1.0
mlp_zero_sparse_hardinit_basin_partition_control,claude_var_depth_gradient_4,10,absolute:0.001,deep,5788,4,0.5,1.3572760330272957,1.0
mlp_zero_sparse_hardinit_basin_partition_control,claude_var_depth_gradient_4,11,absolute:0.001,deep,5788,4,0.5,1.3572760330272957,1.0
mlp_zero_sparse_hardinit_basin_partition_control,claude_var_depth_gradient_4,12,absolute:0.001,deep,5788,4,0.5,1.3572760330272957,1.0
mlp_zero_sparse_hardinit_basin_partition_control,claude_var_depth_gradient_4,13,absolute:0.001,deep,5788,4,0.5,1.3572760330272957,1.0
mlp_zero_sparse_hardinit_basin_partition_control,claude_var_depth_gradient_4,14,absolute:0.001,deep,5788,4,0.5,1.3572760330272957,1.0
mlp_zero_sparse_hardinit_basin_partition_control,claude_var_diamond_4,0,absolute:0.001,deep,4561,4,0.5,1.3790774063455713,1.0
mlp_zero_sparse_hardinit_basin_partition_control,claude_var_diamond_4,1,absolute:0.001,deep,4561,4,0.5,1.3790774063455713,1.0
mlp_zero_sparse_hardinit_basin_partition_control,claude_var_diamond_4,2,absolute:0.001,deep,4561,4,0.5,1.3790774063455713,1.0
mlp_zero_sparse_hardinit_basin_partition_control,claude_var_diamond_4,3,absolute:0.001,deep,4561,4,0.5,1.3790774063455713,1.0
mlp_zero_sparse_hardinit_basin_partition_control,claude_var_diamond_4,4,absolute:0.001,deep,4561,4,0.5,1.3790774063455713,1.0
mlp_zero_sparse_hardinit_basin_partition_control,claude_var_diamond_4,5,absolute:0.001,deep,4561,4,0.5,1.3790774063455713,1.0
mlp_zero_sparse_hardinit_basin_partition_control,claude_var_diamond_4,6,absolute:0.001,deep,4561,4,0.5,1.3790774063455713,1.0
mlp_zero_sparse_hardinit_basin_partition_control,claude_var_diamond_4,7,absolute:0.001,deep,4561,4,0.5,1.3790774063455713,1.0
mlp_zero_sparse_hardinit_basin_partition_control,claude_var_diamond_4,8,absolute:0.001,deep,4561,4,0.5,1.3790774063455713,1.0
mlp_zero_sparse_hardinit_basin_partition_control,claude_var_diamond_4,9,absolute:0.001,deep,4561,4,0.5,1.3790774063455713,1.0
mlp_zero_sparse_hardinit_basin_partition_control,claude_var_diamond_4,10,absolute:0.001,deep,4561,4,0.5,1.3790774063455713,1.0
mlp_zero_sparse_hardinit_basin_partition_control,claude_var_diamond_4,11,absolute:0.001,deep,4561,4,0.5,1.3790774063455713,1.0
mlp_zero_sparse_hardinit_basin_partition_control,claude_var_diamond_4,12,absolute:0.001,deep,4561,4,0.5,1.3790774063455713,1.0
mlp_zero_sparse_hardinit_basin_partition_control,claude_var_diamond_4,13,absolute:0.001,deep,4561,4,0.5,1.3790774063455713,1.0
mlp_zero_sparse_hardinit_basin_partition_control,claude_var_diamond_4,14,absolute:0.001,deep,4561,4,0.5,1.3790774063455713,1.0
mlp_zero_sparse_hardinit_basin_partition_control,claude_var_l_shape_5,0,absolute:0.001,deep,4266,5,0.5,1.509916931258839,1.0
mlp_zero_sparse_hardinit_basin_partition_control,claude_var_l_shape_5,1,absolute:0.001,deep,4266,5,0.5,1.509916931258839,1.0
mlp_zero_sparse_hardinit_basin_partition_control,claude_var_l_shape_5,2,absolute:0.001,deep,4266,5,0.5,1.509916931258839,1.0
mlp_zero_sparse_hardinit_basin_partition_control,claude_var_l_shape_5,3,absolute:0.001,deep,4266,5,0.5,1.509916931258839,1.0
mlp_zero_sparse_hardinit_basin_partition_control,claude_var_l_shape_5,4,absolute:0.001,deep,4266,5,0.5,1.509916931258839,1.0
mlp_zero_sparse_hardinit_basin_partition_control,claude_var_l_shape_5,5,absolute:0.001,deep,4266,5,0.5,1.509916931258839,1.0
mlp_zero_sparse_hardinit_basin_partition_control,claude_var_l_shape_5,6,absolute:0.001,deep,4266,5,0.5,1.509916931258839,1.0
mlp_zero_sparse_hardinit_basin_partition_control,claude_var_l_shape_5,7,absolute:0.001,deep,4266,5,0.5,1.509916931258839,1.0
mlp_zero_sparse_hardinit_basin_partition_control,claude_var_l_shape_5,8,absolute:0.001,deep,4266,5,0.5,1.509916931258839,1.0
mlp_zero_sparse_hardinit_basin_partition_control,claude_var_l_shape_5,9,absolute:0.001,deep,4266,5,0.5,1.509916931258839,1.0
mlp_zero_sparse_hardinit_basin_partition_control,claude_var_l_shape_5,10,absolute:0.001,deep,4266,5,0.5,1.509916931258839,1.0
mlp_zero_sparse_hardinit_basin_partition_control,claude_var_l_shape_5,11,absolute:0.001,deep,4266,5,0.5,1.509916931258839,1.0
mlp_zero_sparse_hardinit_basin_partition_control,claude_var_l_shape_5,12,absolute:0.001,deep,4266,5,0.5,1.509916931258839,1.0
mlp_zero_sparse_hardinit_basin_partition_control,claude_var_l_shape_5,13,absolute:0.001,deep,4266,5,0.5,1.509916931258839,1.0
mlp_zero_sparse_hardinit_basin_partition_control,claude_var_l_shape_5,14,absolute:0.001,deep,4266,5,0.5,1.509916931258839,1.0
mlp_zero_sparse_hardinit_basin_partition_control,gated_local_linear,0,absolute:0.001,deep,4129,3,0.5,1.090776202717198,1.0
mlp_zero_sparse_hardinit_basin_partition_control,gated_local_linear,1,absolute:0.001,deep,4129,3,0.5,1.090776202717198,1.0
mlp_zero_sparse_hardinit_basin_partition_control,gated_local_linear,2,absolute:0.001,deep,4129,3,0.5,1.090776202717198,1.0
mlp_zero_sparse_hardinit_basin_partition_control,gated_local_linear,3,absolute:0.001,deep,4129,3,0.5,1.090776202717198,1.0
mlp_zero_sparse_hardinit_basin_partition_control,gated_local_linear,4,absolute:0.001,deep,4129,3,0.5,1.090776202717198,1.0
mlp_zero_sparse_hardinit_basin_partition_control,gated_local_linear,5,absolute:0.001,deep,4129,3,0.5,1.090776202717198,1.0
mlp_zero_sparse_hardinit_basin_partition_control,gated_local_linear,6,absolute:0.001,deep,4129,3,0.5,1.090776202717198,1.0
mlp_zero_sparse_hardinit_basin_partition_control,gated_local_linear,7,absolute:0.001,deep,4129,3,0.5,1.090776202717198,1.0
mlp_zero_sparse_hardinit_basin_partition_control,gated_local_linear,8,absolute:0.001,deep,4129,3,0.5,1.090776202717198,1.0
mlp_zero_sparse_hardinit_basin_partition_control,gated_local_linear,9,absolute:0.001,deep,4129,3,0.5,1.090776202717198,1.0
mlp_zero_sparse_hardinit_basin_partition_control,gated_local_linear,10,absolute:0.001,deep,4129,3,0.5,1.090776202717198,1.0
mlp_zero_sparse_hardinit_basin_partition_control,gated_local_linear,11,absolute:0.001,deep,4129,3,0.5,1.090776202717198,1.0
mlp_zero_sparse_hardinit_basin_partition_control,gated_local_linear,12,absolute:0.001,deep,4129,3,0.5,1.090776202717198,1.0
mlp_zero_sparse_hardinit_basin_partition_control,gated_local_linear,13,absolute:0.001,deep,4129,3,0.5,1.090776202717198,1.0
mlp_zero_sparse_hardinit_basin_partition_control,gated_local_linear,14,absolute:0.001,deep,4129,3,0.5,1.090776202717198,1.0
mlp_zero_sparse_hardinit_basin_partition_control,gated_transfer_linear,0,absolute:0.001,deep,4130,3,0.5,1.097038381933613,1.0
mlp_zero_sparse_hardinit_basin_partition_control,gated_transfer_linear,1,absolute:0.001,deep,4130,3,0.5,1.097038381933613,1.0
mlp_zero_sparse_hardinit_basin_partition_control,gated_transfer_linear,2,absolute:0.001,deep,4130,3,0.5,1.097038381933613,1.0
mlp_zero_sparse_hardinit_basin_partition_control,gated_transfer_linear,3,absolute:0.001,deep,4130,3,0.5,1.097038381933613,1.0
mlp_zero_sparse_hardinit_basin_partition_control,gated_transfer_linear,4,absolute:0.001,deep,4130,3,0.5,1.097038381933613,1.0
mlp_zero_sparse_hardinit_basin_partition_control,gated_transfer_linear,5,absolute:0.001,deep,4130,3,0.5,1.097038381933613,1.0
mlp_zero_sparse_hardinit_basin_partition_control,gated_transfer_linear,6,absolute:0.001,deep,4130,3,0.5,1.097038381933613,1.0
mlp_zero_sparse_hardinit_basin_partition_control,gated_transfer_linear,7,absolute:0.001,deep,4130,3,0.5,1.097038381933613,1.0
mlp_zero_sparse_hardinit_basin_partition_control,gated_transfer_linear,8,absolute:0.001,deep,4130,3,0.5,1.097038381933613,1.0
mlp_zero_sparse_hardinit_basin_partition_control,gated_transfer_linear,9,absolute:0.001,deep,4130,3,0.5,1.097038381933613,1.0
mlp_zero_sparse_hardinit_basin_partition_control,gated_transfer_linear,10,absolute:0.001,deep,4130,3,0.5,1.097038381933613,1.0
mlp_zero_sparse_hardinit_basin_partition_control,gated_transfer_linear,11,absolute:0.001,deep,4130,3,0.5,1.097038381933613,1.0
mlp_zero_sparse_hardinit_basin_partition_control,gated_transfer_linear,12,absolute:0.001,deep,4130,3,0.5,1.097038381933613,1.0
mlp_zero_sparse_hardinit_basin_partition_control,gated_transfer_linear,13,absolute:0.001,deep,4130,3,0.5,1.097038381933613,1.0
mlp_zero_sparse_hardinit_basin_partition_control,gated_transfer_linear,14,absolute:0.001,deep,4130,3,0.5,1.097038381933613,1.0
lista_dense_softblock_signsplit_p256_hardinit_basin_partition,claude_arrested_spiral,0,absolute:0.001,deep,5794,5,0.5,0.37511535963985043,3.0
lista_dense_softblock_signsplit_p256_hardinit_basin_partition,claude_arrested_spiral,1,absolute:0.001,deep,5794,5,0.5,0.7510637378675049,2.0
lista_dense_softblock_signsplit_p256_hardinit_basin_partition,claude_arrested_spiral,2,absolute:0.001,deep,5794,5,0.5,0.42566156718366943,3.0
lista_dense_softblock_signsplit_p256_hardinit_basin_partition,claude_arrested_spiral,3,absolute:0.001,deep,5794,5,0.5,0.7472657560660083,2.0
lista_dense_softblock_signsplit_p256_hardinit_basin_partition,claude_arrested_spiral,4,absolute:0.001,deep,5794,5,0.5,0.4244819911856397,3.0
lista_dense_softblock_signsplit_p256_hardinit_basin_partition,claude_arrested_spiral,5,absolute:0.001,deep,5794,5,0.5,0.12346923284232747,4.0
lista_dense_softblock_signsplit_p256_hardinit_basin_partition,claude_arrested_spiral,6,absolute:0.001,deep,5794,5,0.5,0.3439714596055883,3.0
lista_dense_softblock_signsplit_p256_hardinit_basin_partition,claude_arrested_spiral,7,absolute:0.001,deep,5794,5,0.5,0.38211743261132725,4.0
lista_dense_softblock_signsplit_p256_hardinit_basin_partition,claude_arrested_spiral,8,absolute:0.001,deep,5794,5,0.5,0.37511535963985043,3.0
lista_dense_softblock_signsplit_p256_hardinit_basin_partition,claude_arrested_spiral,9,absolute:0.001,deep,5794,5,0.5,0.36934600644466853,3.0
lista_dense_softblock_signsplit_p256_hardinit_basin_partition,claude_arrested_spiral,10,absolute:0.001,deep,5794,5,0.5,0.12346923284232747,4.0
lista_dense_softblock_signsplit_p256_hardinit_basin_partition,claude_arrested_spiral,11,absolute:0.001,deep,5794,5,0.5,0.22605142781537824,4.0
lista_dense_softblock_signsplit_p256_hardinit_basin_partition,claude_arrested_spiral,12,absolute:0.001,deep,5794,5,0.5,0.7292391482423259,2.0
lista_dense_softblock_signsplit_p256_hardinit_basin_partition,claude_arrested_spiral,13,absolute:0.001,deep,5794,5,0.5,0.36934600644466853,3.0
lista_dense_softblock_signsplit_p256_hardinit_basin_partition,claude_arrested_spiral,14,absolute:0.001,deep,5794,5,0.5,0.7328071117495287,2.0
lista_dense_softblock_signsplit_p256_hardinit_basin_partition,claude_cal_asymmetric_3,0,absolute:0.001,deep,5878,3,0.5,0.0,3.0
lista_dense_softblock_signsplit_p256_hardinit_basin_partition,claude_cal_asymmetric_3,1,absolute:0.001,deep,5878,3,0.5,0.0,3.0
lista_dense_softblock_signsplit_p256_hardinit_basin_partition,claude_cal_asymmetric_3,2,absolute:0.001,deep,5878,3,0.5,0.0,3.0
lista_dense_softblock_signsplit_p256_hardinit_basin_partition,claude_cal_asymmetric_3,3,absolute:0.001,deep,5878,3,0.5,0.0,3.0
lista_dense_softblock_signsplit_p256_hardinit_basin_partition,claude_cal_asymmetric_3,4,absolute:0.001,deep,5878,3,0.5,0.0,3.0
lista_dense_softblock_signsplit_p256_hardinit_basin_partition,claude_cal_asymmetric_3,5,absolute:0.001,deep,5878,3,0.5,0.0,3.0
lista_dense_softblock_signsplit_p256_hardinit_basin_partition,claude_cal_asymmetric_3,6,absolute:0.001,deep,5878,3,0.5,0.0,3.0
lista_dense_softblock_signsplit_p256_hardinit_basin_partition,claude_cal_asymmetric_3,7,absolute:0.001,deep,5878,3,0.5,0.0,3.0
lista_dense_softblock_signsplit_p256_hardinit_basin_partition,claude_cal_asymmetric_3,8,absolute:0.001,deep,5878,3,0.5,0.0,3.0
lista_dense_softblock_signsplit_p256_hardinit_basin_partition,claude_cal_asymmetric_3,9,absolute:0.001,deep,5878,3,0.5,0.0,3.0
lista_dense_softblock_signsplit_p256_hardinit_basin_partition,claude_cal_asymmetric_3,10,absolute:0.001,deep,5878,3,0.5,0.0,3.0
lista_dense_softblock_signsplit_p256_hardinit_basin_partition,claude_cal_asymmetric_3,11,absolute:0.001,deep,5878,3,0.5,0.0,3.0
lista_dense_softblock_signsplit_p256_hardinit_basin_partition,claude_cal_asymmetric_3,12,absolute:0.001,deep,5878,3,0.5,0.0,3.0
lista_dense_softblock_signsplit_p256_hardinit_basin_partition,claude_cal_asymmetric_3,13,absolute:0.001,deep,5878,3,0.5,0.0,3.0
lista_dense_softblock_signsplit_p256_hardinit_basin_partition,claude_cal_asymmetric_3,14,absolute:0.001,deep,5878,3,0.5,0.0,3.0
lista_dense_softblock_signsplit_p256_hardinit_basin_partition,claude_cal_hexagon_6,0,absolute:0.001,deep,4174,6,0.5,0.41085122630960114,4.0
lista_dense_softblock_signsplit_p256_hardinit_basin_partition,claude_cal_hexagon_6,1,absolute:0.001,deep,4174,6,0.5,0.8747945461901052,3.0
lista_dense_softblock_signsplit_p256_hardinit_basin_partition,claude_cal_hexagon_6,2,absolute:0.001,deep,4174,6,0.5,0.7337981166440388,3.0
lista_dense_softblock_signsplit_p256_hardinit_basin_partition,claude_cal_hexagon_6,3,absolute:0.001,deep,4174,6,0.5,0.26665351878706134,5.0
lista_dense_softblock_signsplit_p256_hardinit_basin_partition,claude_cal_hexagon_6,4,absolute:0.001,deep,4174,6,0.5,0.814959064526428,3.0
lista_dense_softblock_signsplit_p256_hardinit_basin_partition,claude_cal_hexagon_6,5,absolute:0.001,deep,4174,6,0.5,0.5003178290684995,4.0
lista_dense_softblock_signsplit_p256_hardinit_basin_partition,claude_cal_hexagon_6,6,absolute:0.001,deep,4174,6,0.5,0.0,6.0
lista_dense_softblock_signsplit_p256_hardinit_basin_partition,claude_cal_hexagon_6,7,absolute:0.001,deep,4174,6,0.5,0.0,6.0
lista_dense_softblock_signsplit_p256_hardinit_basin_partition,claude_cal_hexagon_6,8,absolute:0.001,deep,4174,6,0.5,1.1738813724467856,2.0
lista_dense_softblock_signsplit_p256_hardinit_basin_partition,claude_cal_hexagon_6,9,absolute:0.001,deep,4174,6,0.5,1.0915862102605633,2.0
lista_dense_softblock_signsplit_p256_hardinit_basin_partition,claude_cal_hexagon_6,10,absolute:0.001,deep,4174,6,0.5,0.0,6.0
lista_dense_softblock_signsplit_p256_hardinit_basin_partition,claude_cal_hexagon_6,11,absolute:0.001,deep,4174,6,0.5,0.4829535645145937,4.0
lista_dense_softblock_signsplit_p256_hardinit_basin_partition,claude_cal_hexagon_6,12,absolute:0.001,deep,4174,6,0.5,0.814959064526428,3.0
lista_dense_softblock_signsplit_p256_hardinit_basin_partition,claude_cal_hexagon_6,13,absolute:0.001,deep,4174,6,0.5,0.7337981166440388,3.0
lista_dense_softblock_signsplit_p256_hardinit_basin_partition,claude_cal_hexagon_6,14,absolute:0.001,deep,4174,6,0.5,1.1780531151776767,2.0
lista_dense_softblock_signsplit_p256_hardinit_basin_partition,claude_cal_high_cross_3,0,absolute:0.001,deep,4707,3,0.5,1.0840920434256347,1.0
lista_dense_softblock_signsplit_p256_hardinit_basin_partition,claude_cal_high_cross_3,1,absolute:0.001,deep,4707,3,0.5,0.0,3.0
lista_dense_softblock_signsplit_p256_hardinit_basin_partition,claude_cal_high_cross_3,2,absolute:0.001,deep,4707,3,0.5,0.0,3.0
lista_dense_softblock_signsplit_p256_hardinit_basin_partition,claude_cal_high_cross_3,3,absolute:0.001,deep,4707,3,0.5,0.0,3.0
lista_dense_softblock_signsplit_p256_hardinit_basin_partition,claude_cal_high_cross_3,4,absolute:0.001,deep,4707,3,0.5,0.0,3.0
lista_dense_softblock_signsplit_p256_hardinit_basin_partition,claude_cal_high_cross_3,5,absolute:0.001,deep,4707,3,0.5,0.0,3.0
lista_dense_softblock_signsplit_p256_hardinit_basin_partition,claude_cal_high_cross_3,6,absolute:0.001,deep,4707,3,0.5,0.0,3.0
lista_dense_softblock_signsplit_p256_hardinit_basin_partition,claude_cal_high_cross_3,7,absolute:0.001,deep,4707,3,0.5,0.0,3.0
lista_dense_softblock_signsplit_p256_hardinit_basin_partition,claude_cal_high_cross_3,8,absolute:0.001,deep,4707,3,0.5,0.0,3.0
lista_dense_softblock_signsplit_p256_hardinit_basin_partition,claude_cal_high_cross_3,9,absolute:0.001,deep,4707,3,0.5,0.0,3.0
lista_dense_softblock_signsplit_p256_hardinit_basin_partition,claude_cal_high_cross_3,10,absolute:0.001,deep,4707,3,0.5,0.0,3.0
lista_dense_softblock_signsplit_p256_hardinit_basin_partition,claude_cal_high_cross_3,11,absolute:0.001,deep,4707,3,0.5,0.0,3.0
lista_dense_softblock_signsplit_p256_hardinit_basin_partition,claude_cal_high_cross_3,12,absolute:0.001,deep,4707,3,0.5,0.0,3.0
lista_dense_softblock_signsplit_p256_hardinit_basin_partition,claude_cal_high_cross_3,13,absolute:0.001,deep,4707,3,0.5,0.0,3.0
lista_dense_softblock_signsplit_p256_hardinit_basin_partition,claude_cal_high_cross_3,14,absolute:0.001,deep,4707,3,0.5,0.0,3.0
lista_dense_softblock_signsplit_p256_hardinit_basin_partition,claude_cal_octagon_8,0,absolute:0.001,deep,7167,8,0.5,0.6231703806011173,4.0
lista_dense_softblock_signsplit_p256_hardinit_basin_partition,claude_cal_octagon_8,1,absolute:0.001,deep,7167,8,0.5,0.6957611465798716,4.0
lista_dense_softblock_signsplit_p256_hardinit_basin_partition,claude_cal_octagon_8,2,absolute:0.001,deep,7167,8,0.5,0.6660600477927834,4.0
lista_dense_softblock_signsplit_p256_hardinit_basin_partition,claude_cal_octagon_8,3,absolute:0.001,deep,7167,8,0.5,0.47035965563302407,5.0
lista_dense_softblock_signsplit_p256_hardinit_basin_partition,claude_cal_octagon_8,4,absolute:0.001,deep,7167,8,0.5,0.6676760928758656,4.0
lista_dense_softblock_signsplit_p256_hardinit_basin_partition,claude_cal_octagon_8,5,absolute:0.001,deep,7167,8,0.5,0.7029061099684981,4.0
lista_dense_softblock_signsplit_p256_hardinit_basin_partition,claude_cal_octagon_8,6,absolute:0.001,deep,7167,8,0.5,0.7080094002769073,4.0
lista_dense_softblock_signsplit_p256_hardinit_basin_partition,claude_cal_octagon_8,7,absolute:0.001,deep,7167,8,0.5,0.6231703806011173,4.0
lista_dense_softblock_signsplit_p256_hardinit_basin_partition,claude_cal_octagon_8,8,absolute:0.001,deep,7167,8,0.5,0.6974852385766102,4.0
lista_dense_softblock_signsplit_p256_hardinit_basin_partition,claude_cal_octagon_8,9,absolute:0.001,deep,7167,8,0.5,0.6231703806011173,4.0
lista_dense_softblock_signsplit_p256_hardinit_basin_partition,claude_cal_octagon_8,10,absolute:0.001,deep,7167,8,0.5,0.6231703806011173,4.0
lista_dense_softblock_signsplit_p256_hardinit_basin_partition,claude_cal_octagon_8,11,absolute:0.001,deep,7167,8,0.5,0.6231703806011173,4.0
lista_dense_softblock_signsplit_p256_hardinit_basin_partition,claude_cal_octagon_8,12,absolute:0.001,deep,7167,8,0.5,0.909880543690974,3.0
lista_dense_softblock_signsplit_p256_hardinit_basin_partition,claude_cal_octagon_8,13,absolute:0.001,deep,7167,8,0.5,0.6787276158914672,4.0
lista_dense_softblock_signsplit_p256_hardinit_basin_partition,claude_cal_octagon_8,14,absolute:0.001,deep,7167,8,0.5,0.4898385696012706,5.0
lista_dense_softblock_signsplit_p256_hardinit_basin_partition,claude_cal_pentagon_5,0,absolute:0.001,deep,4744,5,0.5,0.2753586637867018,4.0
lista_dense_softblock_signsplit_p256_hardinit_basin_partition,claude_cal_pentagon_5,1,absolute:0.001,deep,4744,5,0.5,0.7313936581505871,3.0
lista_dense_softblock_signsplit_p256_hardinit_basin_partition,claude_cal_pentagon_5,2,absolute:0.001,deep,4744,5,0.5,0.2753586637867018,4.0
lista_dense_softblock_signsplit_p256_hardinit_basin_partition,claude_cal_pentagon_5,3,absolute:0.001,deep,4744,5,0.5,0.0,5.0
lista_dense_softblock_signsplit_p256_hardinit_basin_partition,claude_cal_pentagon_5,4,absolute:0.001,deep,4744,5,0.5,0.22509021367857995,4.0
lista_dense_softblock_signsplit_p256_hardinit_basin_partition,claude_cal_pentagon_5,5,absolute:0.001,deep,4744,5,0.5,0.0,5.0
lista_dense_softblock_signsplit_p256_hardinit_basin_partition,claude_cal_pentagon_5,6,absolute:0.001,deep,4744,5,0.5,0.0,5.0
lista_dense_softblock_signsplit_p256_hardinit_basin_partition,claude_cal_pentagon_5,7,absolute:0.001,deep,4744,5,0.5,0.0,5.0
lista_dense_softblock_signsplit_p256_hardinit_basin_partition,claude_cal_pentagon_5,8,absolute:0.001,deep,4744,5,0.5,0.2379421974288003,4.0
lista_dense_softblock_signsplit_p256_hardinit_basin_partition,claude_cal_pentagon_5,9,absolute:0.001,deep,4744,5,0.5,0.0,5.0
lista_dense_softblock_signsplit_p256_hardinit_basin_partition,claude_cal_pentagon_5,10,absolute:0.001,deep,4744,5,0.5,0.0,5.0
lista_dense_softblock_signsplit_p256_hardinit_basin_partition,claude_cal_pentagon_5,11,absolute:0.001,deep,4744,5,0.5,0.0,5.0
lista_dense_softblock_signsplit_p256_hardinit_basin_partition,claude_cal_pentagon_5,12,absolute:0.001,deep,4744,5,0.5,0.0,5.0
lista_dense_softblock_signsplit_p256_hardinit_basin_partition,claude_cal_pentagon_5,13,absolute:0.001,deep,4744,5,0.5,0.0,5.0
lista_dense_softblock_signsplit_p256_hardinit_basin_partition,claude_cal_pentagon_5,14,absolute:0.001,deep,4744,5,0.5,0.9435523134024439,2.0
lista_dense_softblock_signsplit_p256_hardinit_basin_partition,claude_cal_square_4,0,absolute:0.001,deep,6211,4,0.5,0.0,4.0
lista_dense_softblock_signsplit_p256_hardinit_basin_partition,claude_cal_square_4,1,absolute:0.001,deep,6211,4,0.5,0.0,4.0
lista_dense_softblock_signsplit_p256_hardinit_basin_partition,claude_cal_square_4,2,absolute:0.001,deep,6211,4,0.5,0.0,4.0
lista_dense_softblock_signsplit_p256_hardinit_basin_partition,claude_cal_square_4,3,absolute:0.001,deep,6211,4,0.5,0.0,4.0
lista_dense_softblock_signsplit_p256_hardinit_basin_partition,claude_cal_square_4,4,absolute:0.001,deep,6211,4,0.5,0.0,4.0
lista_dense_softblock_signsplit_p256_hardinit_basin_partition,claude_cal_square_4,5,absolute:0.001,deep,6211,4,0.5,0.0,4.0
lista_dense_softblock_signsplit_p256_hardinit_basin_partition,claude_cal_square_4,6,absolute:0.001,deep,6211,4,0.5,0.0,4.0
lista_dense_softblock_signsplit_p256_hardinit_basin_partition,claude_cal_square_4,7,absolute:0.001,deep,6211,4,0.5,0.0,4.0
lista_dense_softblock_signsplit_p256_hardinit_basin_partition,claude_cal_square_4,8,absolute:0.001,deep,6211,4,0.5,0.0,4.0
lista_dense_softblock_signsplit_p256_hardinit_basin_partition,claude_cal_square_4,9,absolute:0.001,deep,6211,4,0.5,0.0,4.0
lista_dense_softblock_signsplit_p256_hardinit_basin_partition,claude_cal_square_4,10,absolute:0.001,deep,6211,4,0.5,0.0,4.0
lista_dense_softblock_signsplit_p256_hardinit_basin_partition,claude_cal_square_4,11,absolute:0.001,deep,6211,4,0.5,0.0,4.0
lista_dense_softblock_signsplit_p256_hardinit_basin_partition,claude_cal_square_4,12,absolute:0.001,deep,6211,4,0.5,0.33071467025820334,3.0
lista_dense_softblock_signsplit_p256_hardinit_basin_partition,claude_cal_square_4,13,absolute:0.001,deep,6211,4,0.5,0.0,4.0
lista_dense_softblock_signsplit_p256_hardinit_basin_partition,claude_cal_square_4,14,absolute:0.001,deep,6211,4,0.5,0.0,4.0
lista_dense_softblock_signsplit_p256_hardinit_basin_partition,claude_duffing_triple_well,0,absolute:0.001,deep,16512,1,0.5,0.0,7.0
lista_dense_softblock_signsplit_p256_hardinit_basin_partition,claude_duffing_triple_well,1,absolute:0.001,deep,16512,1,0.5,0.0,7.0
lista_dense_softblock_signsplit_p256_hardinit_basin_partition,claude_duffing_triple_well,2,absolute:0.001,deep,16512,1,0.5,0.0,7.0
lista_dense_softblock_signsplit_p256_hardinit_basin_partition,claude_duffing_triple_well,3,absolute:0.001,deep,16512,1,0.5,0.0,8.0
lista_dense_softblock_signsplit_p256_hardinit_basin_partition,claude_duffing_triple_well,4,absolute:0.001,deep,16512,1,0.5,0.0,7.0
lista_dense_softblock_signsplit_p256_hardinit_basin_partition,claude_duffing_triple_well,5,absolute:0.001,deep,16512,1,0.5,0.0,8.0
lista_dense_softblock_signsplit_p256_hardinit_basin_partition,claude_duffing_triple_well,6,absolute:0.001,deep,16512,1,0.5,0.0,9.0
lista_dense_softblock_signsplit_p256_hardinit_basin_partition,claude_duffing_triple_well,7,absolute:0.001,deep,16512,1,0.5,0.0,9.0
lista_dense_softblock_signsplit_p256_hardinit_basin_partition,claude_duffing_triple_well,8,absolute:0.001,deep,16512,1,0.5,0.0,6.0
lista_dense_softblock_signsplit_p256_hardinit_basin_partition,claude_duffing_triple_well,9,absolute:0.001,deep,16512,1,0.5,0.0,9.0
lista_dense_softblock_signsplit_p256_hardinit_basin_partition,claude_duffing_triple_well,10,absolute:0.001,deep,16512,1,0.5,0.0,11.0
lista_dense_softblock_signsplit_p256_hardinit_basin_partition,claude_duffing_triple_well,11,absolute:0.001,deep,16512,1,0.5,0.0,8.0
lista_dense_softblock_signsplit_p256_hardinit_basin_partition,claude_duffing_triple_well,12,absolute:0.001,deep,16512,1,0.5,0.0,8.0
lista_dense_softblock_signsplit_p256_hardinit_basin_partition,claude_duffing_triple_well,13,absolute:0.001,deep,16512,1,0.5,0.0,8.0
lista_dense_softblock_signsplit_p256_hardinit_basin_partition,claude_duffing_triple_well,14,absolute:0.001,deep,16512,1,0.5,0.0,7.0
lista_dense_softblock_signsplit_p256_hardinit_basin_partition,claude_snic_multi,0,absolute:0.001,deep,4130,3,0.5,0.0,3.0
lista_dense_softblock_signsplit_p256_hardinit_basin_partition,claude_snic_multi,1,absolute:0.001,deep,4130,3,0.5,0.0,3.0
lista_dense_softblock_signsplit_p256_hardinit_basin_partition,claude_snic_multi,2,absolute:0.001,deep,4130,3,0.5,0.0,3.0
lista_dense_softblock_signsplit_p256_hardinit_basin_partition,claude_snic_multi,3,absolute:0.001,deep,4130,3,0.5,0.0,3.0
lista_dense_softblock_signsplit_p256_hardinit_basin_partition,claude_snic_multi,4,absolute:0.001,deep,4130,3,0.5,0.0,3.0
lista_dense_softblock_signsplit_p256_hardinit_basin_partition,claude_snic_multi,5,absolute:0.001,deep,4130,3,0.5,0.0,3.0
lista_dense_softblock_signsplit_p256_hardinit_basin_partition,claude_snic_multi,6,absolute:0.001,deep,4130,3,0.5,0.0,3.0
lista_dense_softblock_signsplit_p256_hardinit_basin_partition,claude_snic_multi,7,absolute:0.001,deep,4130,3,0.5,0.0,3.0
lista_dense_softblock_signsplit_p256_hardinit_basin_partition,claude_snic_multi,8,absolute:0.001,deep,4130,3,0.5,0.0,3.0
lista_dense_softblock_signsplit_p256_hardinit_basin_partition,claude_snic_multi,9,absolute:0.001,deep,4130,3,0.5,0.0,3.0
lista_dense_softblock_signsplit_p256_hardinit_basin_partition,claude_snic_multi,10,absolute:0.001,deep,4130,3,0.5,0.0,3.0
lista_dense_softblock_signsplit_p256_hardinit_basin_partition,claude_snic_multi,11,absolute:0.001,deep,4130,3,0.5,0.0,3.0
lista_dense_softblock_signsplit_p256_hardinit_basin_partition,claude_snic_multi,12,absolute:0.001,deep,4130,3,0.5,0.0,3.0
lista_dense_softblock_signsplit_p256_hardinit_basin_partition,claude_snic_multi,13,absolute:0.001,deep,4130,3,0.5,0.0,3.0
lista_dense_softblock_signsplit_p256_hardinit_basin_partition,claude_snic_multi,14,absolute:0.001,deep,4130,3,0.5,0.0,3.0
lista_dense_softblock_signsplit_p256_hardinit_basin_partition,claude_transition_routes_4,0,absolute:0.001,deep,4156,4,0.5,0.0,4.0
lista_dense_softblock_signsplit_p256_hardinit_basin_partition,claude_transition_routes_4,1,absolute:0.001,deep,4156,4,0.5,0.0,4.0
lista_dense_softblock_signsplit_p256_hardinit_basin_partition,claude_transition_routes_4,2,absolute:0.001,deep,4156,4,0.5,0.0,4.0
lista_dense_softblock_signsplit_p256_hardinit_basin_partition,claude_transition_routes_4,3,absolute:0.001,deep,4156,4,0.5,0.0,4.0
lista_dense_softblock_signsplit_p256_hardinit_basin_partition,claude_transition_routes_4,4,absolute:0.001,deep,4156,4,0.5,0.0,4.0
lista_dense_softblock_signsplit_p256_hardinit_basin_partition,claude_transition_routes_4,5,absolute:0.001,deep,4156,4,0.5,0.0,4.0
lista_dense_softblock_signsplit_p256_hardinit_basin_partition,claude_transition_routes_4,6,absolute:0.001,deep,4156,4,0.5,0.0,4.0
lista_dense_softblock_signsplit_p256_hardinit_basin_partition,claude_transition_routes_4,7,absolute:0.001,deep,4156,4,0.5,0.0,4.0
lista_dense_softblock_signsplit_p256_hardinit_basin_partition,claude_transition_routes_4,8,absolute:0.001,deep,4156,4,0.5,0.0,4.0
lista_dense_softblock_signsplit_p256_hardinit_basin_partition,claude_transition_routes_4,9,absolute:0.001,deep,4156,4,0.5,0.0,4.0
lista_dense_softblock_signsplit_p256_hardinit_basin_partition,claude_transition_routes_4,10,absolute:0.001,deep,4156,4,0.5,0.0,4.0
lista_dense_softblock_signsplit_p256_hardinit_basin_partition,claude_transition_routes_4,11,absolute:0.001,deep,4156,4,0.5,0.0,4.0
lista_dense_softblock_signsplit_p256_hardinit_basin_partition,claude_transition_routes_4,12,absolute:0.001,deep,4156,4,0.5,0.0,4.0
lista_dense_softblock_signsplit_p256_hardinit_basin_partition,claude_transition_routes_4,13,absolute:0.001,deep,4156,4,0.5,0.0,4.0
lista_dense_softblock_signsplit_p256_hardinit_basin_partition,claude_transition_routes_4,14,absolute:0.001,deep,4156,4,0.5,0.0,4.0
lista_dense_softblock_signsplit_p256_hardinit_basin_partition,claude_var_depth_gradient_4,0,absolute:0.001,deep,5788,4,0.5,0.0,4.0
lista_dense_softblock_signsplit_p256_hardinit_basin_partition,claude_var_depth_gradient_4,1,absolute:0.001,deep,5788,4,0.5,0.0,4.0
lista_dense_softblock_signsplit_p256_hardinit_basin_partition,claude_var_depth_gradient_4,2,absolute:0.001,deep,5788,4,0.5,0.0,4.0
lista_dense_softblock_signsplit_p256_hardinit_basin_partition,claude_var_depth_gradient_4,3,absolute:0.001,deep,5788,4,0.5,0.0,4.0
lista_dense_softblock_signsplit_p256_hardinit_basin_partition,claude_var_depth_gradient_4,4,absolute:0.001,deep,5788,4,0.5,0.0,4.0
lista_dense_softblock_signsplit_p256_hardinit_basin_partition,claude_var_depth_gradient_4,5,absolute:0.001,deep,5788,4,0.5,0.0,4.0
lista_dense_softblock_signsplit_p256_hardinit_basin_partition,claude_var_depth_gradient_4,6,absolute:0.001,deep,5788,4,0.5,0.0,4.0
lista_dense_softblock_signsplit_p256_hardinit_basin_partition,claude_var_depth_gradient_4,7,absolute:0.001,deep,5788,4,0.5,0.0,4.0
lista_dense_softblock_signsplit_p256_hardinit_basin_partition,claude_var_depth_gradient_4,8,absolute:0.001,deep,5788,4,0.5,0.0,4.0
lista_dense_softblock_signsplit_p256_hardinit_basin_partition,claude_var_depth_gradient_4,9,absolute:0.001,deep,5788,4,0.5,0.0,4.0
lista_dense_softblock_signsplit_p256_hardinit_basin_partition,claude_var_depth_gradient_4,10,absolute:0.001,deep,5788,4,0.5,0.0,4.0
lista_dense_softblock_signsplit_p256_hardinit_basin_partition,claude_var_depth_gradient_4,11,absolute:0.001,deep,5788,4,0.5,0.0,4.0
lista_dense_softblock_signsplit_p256_hardinit_basin_partition,claude_var_depth_gradient_4,12,absolute:0.001,deep,5788,4,0.5,0.0,4.0
lista_dense_softblock_signsplit_p256_hardinit_basin_partition,claude_var_depth_gradient_4,13,absolute:0.001,deep,5788,4,0.5,0.0,4.0
lista_dense_softblock_signsplit_p256_hardinit_basin_partition,claude_var_depth_gradient_4,14,absolute:0.001,deep,5788,4,0.5,0.0,4.0
lista_dense_softblock_signsplit_p256_hardinit_basin_partition,claude_var_diamond_4,0,absolute:0.001,deep,4561,4,0.5,0.0,4.0
lista_dense_softblock_signsplit_p256_hardinit_basin_partition,claude_var_diamond_4,1,absolute:0.001,deep,4561,4,0.5,0.3335061015046217,3.0
lista_dense_softblock_signsplit_p256_hardinit_basin_partition,claude_var_diamond_4,2,absolute:0.001,deep,4561,4,0.5,0.0,4.0
lista_dense_softblock_signsplit_p256_hardinit_basin_partition,claude_var_diamond_4,3,absolute:0.001,deep,4561,4,0.5,0.0,4.0
lista_dense_softblock_signsplit_p256_hardinit_basin_partition,claude_var_diamond_4,4,absolute:0.001,deep,4561,4,0.5,0.0,4.0
lista_dense_softblock_signsplit_p256_hardinit_basin_partition,claude_var_diamond_4,5,absolute:0.001,deep,4561,4,0.5,0.0,4.0
lista_dense_softblock_signsplit_p256_hardinit_basin_partition,claude_var_diamond_4,6,absolute:0.001,deep,4561,4,0.5,0.0,4.0
lista_dense_softblock_signsplit_p256_hardinit_basin_partition,claude_var_diamond_4,7,absolute:0.001,deep,4561,4,0.5,0.0,4.0
lista_dense_softblock_signsplit_p256_hardinit_basin_partition,claude_var_diamond_4,8,absolute:0.001,deep,4561,4,0.5,0.0,4.0
lista_dense_softblock_signsplit_p256_hardinit_basin_partition,claude_var_diamond_4,9,absolute:0.001,deep,4561,4,0.5,0.0,4.0
lista_dense_softblock_signsplit_p256_hardinit_basin_partition,claude_var_diamond_4,10,absolute:0.001,deep,4561,4,0.5,0.0,4.0
lista_dense_softblock_signsplit_p256_hardinit_basin_partition,claude_var_diamond_4,11,absolute:0.001,deep,4561,4,0.5,0.0,4.0
lista_dense_softblock_signsplit_p256_hardinit_basin_partition,claude_var_diamond_4,12,absolute:0.001,deep,4561,4,0.5,0.0,4.0
lista_dense_softblock_signsplit_p256_hardinit_basin_partition,claude_var_diamond_4,13,absolute:0.001,deep,4561,4,0.5,0.0,4.0
lista_dense_softblock_signsplit_p256_hardinit_basin_partition,claude_var_diamond_4,14,absolute:0.001,deep,4561,4,0.5,0.0,4.0
lista_dense_softblock_signsplit_p256_hardinit_basin_partition,claude_var_l_shape_5,0,absolute:0.001,deep,4266,5,0.5,0.6184429282912605,3.0
lista_dense_softblock_signsplit_p256_hardinit_basin_partition,claude_var_l_shape_5,1,absolute:0.001,deep,4266,5,0.5,0.6102796447628829,3.0
lista_dense_softblock_signsplit_p256_hardinit_basin_partition,claude_var_l_shape_5,2,absolute:0.001,deep,4266,5,0.5,0.5859117752870721,3.0
lista_dense_softblock_signsplit_p256_hardinit_basin_partition,claude_var_l_shape_5,3,absolute:0.001,deep,4266,5,0.5,0.36430498342731643,4.0
lista_dense_softblock_signsplit_p256_hardinit_basin_partition,claude_var_l_shape_5,4,absolute:0.001,deep,4266,5,0.5,0.5859117752870721,3.0
lista_dense_softblock_signsplit_p256_hardinit_basin_partition,claude_var_l_shape_5,5,absolute:0.001,deep,4266,5,0.5,0.41624764017895255,3.0
lista_dense_softblock_signsplit_p256_hardinit_basin_partition,claude_var_l_shape_5,6,absolute:0.001,deep,4266,5,0.5,0.5859117752870721,3.0
lista_dense_softblock_signsplit_p256_hardinit_basin_partition,claude_var_l_shape_5,7,absolute:0.001,deep,4266,5,0.5,0.16999701606036988,4.0
lista_dense_softblock_signsplit_p256_hardinit_basin_partition,claude_var_l_shape_5,8,absolute:0.001,deep,4266,5,0.5,0.41624764017895255,3.0
lista_dense_softblock_signsplit_p256_hardinit_basin_partition,claude_var_l_shape_5,9,absolute:0.001,deep,4266,5,0.5,0.5859117752870721,3.0
lista_dense_softblock_signsplit_p256_hardinit_basin_partition,claude_var_l_shape_5,10,absolute:0.001,deep,4266,5,0.5,0.5859117752870721,3.0
lista_dense_softblock_signsplit_p256_hardinit_basin_partition,claude_var_l_shape_5,11,absolute:0.001,deep,4266,5,0.5,0.5859117752870721,3.0
lista_dense_softblock_signsplit_p256_hardinit_basin_partition,claude_var_l_shape_5,12,absolute:0.001,deep,4266,5,0.5,0.534301999487686,3.0
lista_dense_softblock_signsplit_p256_hardinit_basin_partition,claude_var_l_shape_5,13,absolute:0.001,deep,4266,5,0.5,0.5859117752870721,3.0
lista_dense_softblock_signsplit_p256_hardinit_basin_partition,claude_var_l_shape_5,14,absolute:0.001,deep,4266,5,0.5,0.5859117752870721,3.0
lista_dense_softblock_signsplit_p256_hardinit_basin_partition,gated_local_linear,0,absolute:0.001,deep,4129,3,0.5,0.0,3.0
lista_dense_softblock_signsplit_p256_hardinit_basin_partition,gated_local_linear,1,absolute:0.001,deep,4129,3,0.5,0.0,3.0
lista_dense_softblock_signsplit_p256_hardinit_basin_partition,gated_local_linear,2,absolute:0.001,deep,4129,3,0.5,0.0,3.0
lista_dense_softblock_signsplit_p256_hardinit_basin_partition,gated_local_linear,3,absolute:0.001,deep,4129,3,0.5,0.0,3.0
lista_dense_softblock_signsplit_p256_hardinit_basin_partition,gated_local_linear,4,absolute:0.001,deep,4129,3,0.5,0.0,3.0
lista_dense_softblock_signsplit_p256_hardinit_basin_partition,gated_local_linear,5,absolute:0.001,deep,4129,3,0.5,0.0,3.0
lista_dense_softblock_signsplit_p256_hardinit_basin_partition,gated_local_linear,6,absolute:0.001,deep,4129,3,0.5,0.0,3.0
lista_dense_softblock_signsplit_p256_hardinit_basin_partition,gated_local_linear,7,absolute:0.001,deep,4129,3,0.5,0.0,3.0
lista_dense_softblock_signsplit_p256_hardinit_basin_partition,gated_local_linear,8,absolute:0.001,deep,4129,3,0.5,0.0,3.0
lista_dense_softblock_signsplit_p256_hardinit_basin_partition,gated_local_linear,9,absolute:0.001,deep,4129,3,0.5,0.0,3.0
lista_dense_softblock_signsplit_p256_hardinit_basin_partition,gated_local_linear,10,absolute:0.001,deep,4129,3,0.5,0.0,3.0
lista_dense_softblock_signsplit_p256_hardinit_basin_partition,gated_local_linear,11,absolute:0.001,deep,4129,3,0.5,0.0,3.0
lista_dense_softblock_signsplit_p256_hardinit_basin_partition,gated_local_linear,12,absolute:0.001,deep,4129,3,0.5,0.0,3.0
lista_dense_softblock_signsplit_p256_hardinit_basin_partition,gated_local_linear,13,absolute:0.001,deep,4129,3,0.5,0.0,3.0
lista_dense_softblock_signsplit_p256_hardinit_basin_partition,gated_local_linear,14,absolute:0.001,deep,4129,3,0.5,0.0,3.0
lista_dense_softblock_signsplit_p256_hardinit_basin_partition,gated_transfer_linear,0,absolute:0.001,deep,4130,3,0.5,0.0,3.0
lista_dense_softblock_signsplit_p256_hardinit_basin_partition,gated_transfer_linear,1,absolute:0.001,deep,4130,3,0.5,0.0,3.0
lista_dense_softblock_signsplit_p256_hardinit_basin_partition,gated_transfer_linear,2,absolute:0.001,deep,4130,3,0.5,0.0,3.0
lista_dense_softblock_signsplit_p256_hardinit_basin_partition,gated_transfer_linear,3,absolute:0.001,deep,4130,3,0.5,0.0,4.0
lista_dense_softblock_signsplit_p256_hardinit_basin_partition,gated_transfer_linear,4,absolute:0.001,deep,4130,3,0.5,0.0,3.0
lista_dense_softblock_signsplit_p256_hardinit_basin_partition,gated_transfer_linear,5,absolute:0.001,deep,4130,3,0.5,0.0,4.0
lista_dense_softblock_signsplit_p256_hardinit_basin_partition,gated_transfer_linear,6,absolute:0.001,deep,4130,3,0.5,0.0,3.0
lista_dense_softblock_signsplit_p256_hardinit_basin_partition,gated_transfer_linear,7,absolute:0.001,deep,4130,3,0.5,0.0,3.0
lista_dense_softblock_signsplit_p256_hardinit_basin_partition,gated_transfer_linear,8,absolute:0.001,deep,4130,3,0.5,0.0,3.0
lista_dense_softblock_signsplit_p256_hardinit_basin_partition,gated_transfer_linear,9,absolute:0.001,deep,4130,3,0.5,0.0,3.0
lista_dense_softblock_signsplit_p256_hardinit_basin_partition,gated_transfer_linear,10,absolute:0.001,deep,4130,3,0.5,0.0,3.0
lista_dense_softblock_signsplit_p256_hardinit_basin_partition,gated_transfer_linear,11,absolute:0.001,deep,4130,3,0.5,0.0,3.0
lista_dense_softblock_signsplit_p256_hardinit_basin_partition,gated_transfer_linear,12,absolute:0.001,deep,4130,3,0.5,0.0,4.0
lista_dense_softblock_signsplit_p256_hardinit_basin_partition,gated_transfer_linear,13,absolute:0.001,deep,4130,3,0.5,0.0,3.0
lista_dense_softblock_signsplit_p256_hardinit_basin_partition,gated_transfer_linear,14,absolute:0.001,deep,4130,3,0.5,0.0,3.0
lista_dense_signsplit_p256_hardinit_basin_partition,claude_arrested_spiral,0,absolute:0.001,deep,5794,5,0.5,0.37511535963985043,3.0
lista_dense_signsplit_p256_hardinit_basin_partition,claude_arrested_spiral,1,absolute:0.001,deep,5794,5,0.5,0.42822638989901374,3.0
lista_dense_signsplit_p256_hardinit_basin_partition,claude_arrested_spiral,2,absolute:0.001,deep,5794,5,0.5,0.4244819911856397,3.0
lista_dense_signsplit_p256_hardinit_basin_partition,claude_arrested_spiral,3,absolute:0.001,deep,5794,5,0.5,0.36934600644466853,3.0
lista_dense_signsplit_p256_hardinit_basin_partition,claude_arrested_spiral,4,absolute:0.001,deep,5794,5,0.5,0.37511535963985043,3.0
lista_dense_signsplit_p256_hardinit_basin_partition,claude_arrested_spiral,5,absolute:0.001,deep,5794,5,0.5,0.36934600644466853,3.0
lista_dense_signsplit_p256_hardinit_basin_partition,claude_arrested_spiral,6,absolute:0.001,deep,5794,5,0.5,0.3439714596055883,3.0
lista_dense_signsplit_p256_hardinit_basin_partition,claude_arrested_spiral,7,absolute:0.001,deep,5794,5,0.5,0.1619337739054092,4.0
lista_dense_signsplit_p256_hardinit_basin_partition,claude_arrested_spiral,8,absolute:0.001,deep,5794,5,0.5,0.4310136876178652,3.0
lista_dense_signsplit_p256_hardinit_basin_partition,claude_arrested_spiral,9,absolute:0.001,deep,5794,5,0.5,0.10723624290096545,4.0
lista_dense_signsplit_p256_hardinit_basin_partition,claude_arrested_spiral,10,absolute:0.001,deep,5794,5,0.5,0.34381224445747294,4.0
lista_dense_signsplit_p256_hardinit_basin_partition,claude_arrested_spiral,11,absolute:0.001,deep,5794,5,0.5,0.36934600644466853,3.0
lista_dense_signsplit_p256_hardinit_basin_partition,claude_arrested_spiral,12,absolute:0.001,deep,5794,5,0.5,0.7292391482423259,2.0
lista_dense_signsplit_p256_hardinit_basin_partition,claude_arrested_spiral,13,absolute:0.001,deep,5794,5,0.5,0.38243600066867,3.0
lista_dense_signsplit_p256_hardinit_basin_partition,claude_arrested_spiral,14,absolute:0.001,deep,5794,5,0.5,0.4244819911856397,3.0
lista_dense_signsplit_p256_hardinit_basin_partition,claude_cal_asymmetric_3,0,absolute:0.001,deep,5878,3,0.5,0.0,3.0
lista_dense_signsplit_p256_hardinit_basin_partition,claude_cal_asymmetric_3,1,absolute:0.001,deep,5878,3,0.5,0.0,3.0
lista_dense_signsplit_p256_hardinit_basin_partition,claude_cal_asymmetric_3,2,absolute:0.001,deep,5878,3,0.5,0.0,3.0
lista_dense_signsplit_p256_hardinit_basin_partition,claude_cal_asymmetric_3,3,absolute:0.001,deep,5878,3,0.5,0.0,3.0
lista_dense_signsplit_p256_hardinit_basin_partition,claude_cal_asymmetric_3,4,absolute:0.001,deep,5878,3,0.5,0.0,3.0
lista_dense_signsplit_p256_hardinit_basin_partition,claude_cal_asymmetric_3,5,absolute:0.001,deep,5878,3,0.5,0.0,3.0
lista_dense_signsplit_p256_hardinit_basin_partition,claude_cal_asymmetric_3,6,absolute:0.001,deep,5878,3,0.5,0.0,3.0
lista_dense_signsplit_p256_hardinit_basin_partition,claude_cal_asymmetric_3,7,absolute:0.001,deep,5878,3,0.5,0.0,3.0
lista_dense_signsplit_p256_hardinit_basin_partition,claude_cal_asymmetric_3,8,absolute:0.001,deep,5878,3,0.5,0.0,3.0
lista_dense_signsplit_p256_hardinit_basin_partition,claude_cal_asymmetric_3,9,absolute:0.001,deep,5878,3,0.5,0.0,3.0
lista_dense_signsplit_p256_hardinit_basin_partition,claude_cal_asymmetric_3,10,absolute:0.001,deep,5878,3,0.5,0.0,3.0
lista_dense_signsplit_p256_hardinit_basin_partition,claude_cal_asymmetric_3,11,absolute:0.001,deep,5878,3,0.5,0.0,3.0
lista_dense_signsplit_p256_hardinit_basin_partition,claude_cal_asymmetric_3,12,absolute:0.001,deep,5878,3,0.5,0.0,3.0
lista_dense_signsplit_p256_hardinit_basin_partition,claude_cal_asymmetric_3,13,absolute:0.001,deep,5878,3,0.5,0.0,3.0
lista_dense_signsplit_p256_hardinit_basin_partition,claude_cal_asymmetric_3,14,absolute:0.001,deep,5878,3,0.5,0.0,3.0
lista_dense_signsplit_p256_hardinit_basin_partition,claude_cal_hexagon_6,0,absolute:0.001,deep,4174,6,0.5,0.49136296591135586,4.0
lista_dense_signsplit_p256_hardinit_basin_partition,claude_cal_hexagon_6,1,absolute:0.001,deep,4174,6,0.5,0.7893229512297169,3.0
lista_dense_signsplit_p256_hardinit_basin_partition,claude_cal_hexagon_6,2,absolute:0.001,deep,4174,6,0.5,0.45717097090990366,4.0
lista_dense_signsplit_p256_hardinit_basin_partition,claude_cal_hexagon_6,3,absolute:0.001,deep,4174,6,0.5,0.26665351878706134,5.0
lista_dense_signsplit_p256_hardinit_basin_partition,claude_cal_hexagon_6,4,absolute:0.001,deep,4174,6,0.5,0.2744755950264248,6.0
lista_dense_signsplit_p256_hardinit_basin_partition,claude_cal_hexagon_6,5,absolute:0.001,deep,4174,6,0.5,0.5189503571230689,4.0
lista_dense_signsplit_p256_hardinit_basin_partition,claude_cal_hexagon_6,6,absolute:0.001,deep,4174,6,0.5,0.0,6.0
lista_dense_signsplit_p256_hardinit_basin_partition,claude_cal_hexagon_6,7,absolute:0.001,deep,4174,6,0.5,0.0,6.0
lista_dense_signsplit_p256_hardinit_basin_partition,claude_cal_hexagon_6,8,absolute:0.001,deep,4174,6,0.5,0.45717097090990366,4.0
lista_dense_signsplit_p256_hardinit_basin_partition,claude_cal_hexagon_6,9,absolute:0.001,deep,4174,6,0.5,0.814959064526428,3.0
lista_dense_signsplit_p256_hardinit_basin_partition,claude_cal_hexagon_6,10,absolute:0.001,deep,4174,6,0.5,0.0,6.0
lista_dense_signsplit_p256_hardinit_basin_partition,claude_cal_hexagon_6,11,absolute:0.001,deep,4174,6,0.5,0.21630004572753214,5.0
lista_dense_signsplit_p256_hardinit_basin_partition,claude_cal_hexagon_6,12,absolute:0.001,deep,4174,6,0.5,0.2750629201838235,5.0
lista_dense_signsplit_p256_hardinit_basin_partition,claude_cal_hexagon_6,13,absolute:0.001,deep,4174,6,0.5,0.456959935663946,5.0
lista_dense_signsplit_p256_hardinit_basin_partition,claude_cal_hexagon_6,14,absolute:0.001,deep,4174,6,0.5,0.6244416124035859,4.0
lista_dense_signsplit_p256_hardinit_basin_partition,claude_cal_high_cross_3,0,absolute:0.001,deep,4707,3,0.5,1.0840920434256347,1.0
lista_dense_signsplit_p256_hardinit_basin_partition,claude_cal_high_cross_3,1,absolute:0.001,deep,4707,3,0.5,0.0,3.0
lista_dense_signsplit_p256_hardinit_basin_partition,claude_cal_high_cross_3,2,absolute:0.001,deep,4707,3,0.5,0.0,3.0
lista_dense_signsplit_p256_hardinit_basin_partition,claude_cal_high_cross_3,3,absolute:0.001,deep,4707,3,0.5,0.0,3.0
lista_dense_signsplit_p256_hardinit_basin_partition,claude_cal_high_cross_3,4,absolute:0.001,deep,4707,3,0.5,0.0,3.0
lista_dense_signsplit_p256_hardinit_basin_partition,claude_cal_high_cross_3,5,absolute:0.001,deep,4707,3,0.5,0.0,3.0
lista_dense_signsplit_p256_hardinit_basin_partition,claude_cal_high_cross_3,6,absolute:0.001,deep,4707,3,0.5,0.5014448376008007,2.0
lista_dense_signsplit_p256_hardinit_basin_partition,claude_cal_high_cross_3,7,absolute:0.001,deep,4707,3,0.5,0.0,3.0
lista_dense_signsplit_p256_hardinit_basin_partition,claude_cal_high_cross_3,8,absolute:0.001,deep,4707,3,0.5,0.0,3.0
lista_dense_signsplit_p256_hardinit_basin_partition,claude_cal_high_cross_3,9,absolute:0.001,deep,4707,3,0.5,0.0,3.0
lista_dense_signsplit_p256_hardinit_basin_partition,claude_cal_high_cross_3,10,absolute:0.001,deep,4707,3,0.5,0.0,3.0
lista_dense_signsplit_p256_hardinit_basin_partition,claude_cal_high_cross_3,11,absolute:0.001,deep,4707,3,0.5,0.0,3.0
lista_dense_signsplit_p256_hardinit_basin_partition,claude_cal_high_cross_3,12,absolute:0.001,deep,4707,3,0.5,0.4551960797132756,2.0
lista_dense_signsplit_p256_hardinit_basin_partition,claude_cal_high_cross_3,13,absolute:0.001,deep,4707,3,0.5,0.0,3.0
lista_dense_signsplit_p256_hardinit_basin_partition,claude_cal_high_cross_3,14,absolute:0.001,deep,4707,3,0.5,0.0,3.0
lista_dense_signsplit_p256_hardinit_basin_partition,claude_cal_octagon_8,0,absolute:0.001,deep,7167,8,0.5,0.6974852385766102,4.0
lista_dense_signsplit_p256_hardinit_basin_partition,claude_cal_octagon_8,1,absolute:0.001,deep,7167,8,0.5,0.7599416917558219,4.0
lista_dense_signsplit_p256_hardinit_basin_partition,claude_cal_octagon_8,2,absolute:0.001,deep,7167,8,0.5,0.6660600477927834,4.0
lista_dense_signsplit_p256_hardinit_basin_partition,claude_cal_octagon_8,3,absolute:0.001,deep,7167,8,0.5,0.6231703806011173,4.0
lista_dense_signsplit_p256_hardinit_basin_partition,claude_cal_octagon_8,4,absolute:0.001,deep,7167,8,0.5,0.7508990674685738,4.0
lista_dense_signsplit_p256_hardinit_basin_partition,claude_cal_octagon_8,5,absolute:0.001,deep,7167,8,0.5,0.8928470130025694,3.0
lista_dense_signsplit_p256_hardinit_basin_partition,claude_cal_octagon_8,6,absolute:0.001,deep,7167,8,0.5,0.7039579667123728,4.0
lista_dense_signsplit_p256_hardinit_basin_partition,claude_cal_octagon_8,7,absolute:0.001,deep,7167,8,0.5,0.46722931801130385,5.0
lista_dense_signsplit_p256_hardinit_basin_partition,claude_cal_octagon_8,8,absolute:0.001,deep,7167,8,0.5,0.6231703806011173,4.0
lista_dense_signsplit_p256_hardinit_basin_partition,claude_cal_octagon_8,9,absolute:0.001,deep,7167,8,0.5,0.6231703806011173,4.0
lista_dense_signsplit_p256_hardinit_basin_partition,claude_cal_octagon_8,10,absolute:0.001,deep,7167,8,0.5,0.43803216499321795,5.0
lista_dense_signsplit_p256_hardinit_basin_partition,claude_cal_octagon_8,11,absolute:0.001,deep,7167,8,0.5,0.4372923765301058,6.0
lista_dense_signsplit_p256_hardinit_basin_partition,claude_cal_octagon_8,12,absolute:0.001,deep,7167,8,0.5,0.909880543690974,3.0
lista_dense_signsplit_p256_hardinit_basin_partition,claude_cal_octagon_8,13,absolute:0.001,deep,7167,8,0.5,0.6231703806011173,4.0
lista_dense_signsplit_p256_hardinit_basin_partition,claude_cal_octagon_8,14,absolute:0.001,deep,7167,8,0.5,0.49162792476704564,5.0
lista_dense_signsplit_p256_hardinit_basin_partition,claude_cal_pentagon_5,0,absolute:0.001,deep,4744,5,0.5,0.0,5.0
lista_dense_signsplit_p256_hardinit_basin_partition,claude_cal_pentagon_5,1,absolute:0.001,deep,4744,5,0.5,0.0,5.0
lista_dense_signsplit_p256_hardinit_basin_partition,claude_cal_pentagon_5,2,absolute:0.001,deep,4744,5,0.5,0.0,5.0
lista_dense_signsplit_p256_hardinit_basin_partition,claude_cal_pentagon_5,3,absolute:0.001,deep,4744,5,0.5,0.0,5.0
lista_dense_signsplit_p256_hardinit_basin_partition,claude_cal_pentagon_5,4,absolute:0.001,deep,4744,5,0.5,0.0,5.0
lista_dense_signsplit_p256_hardinit_basin_partition,claude_cal_pentagon_5,5,absolute:0.001,deep,4744,5,0.5,0.2753586637867018,4.0
lista_dense_signsplit_p256_hardinit_basin_partition,claude_cal_pentagon_5,6,absolute:0.001,deep,4744,5,0.5,0.0,5.0
lista_dense_signsplit_p256_hardinit_basin_partition,claude_cal_pentagon_5,7,absolute:0.001,deep,4744,5,0.5,0.0,5.0
lista_dense_signsplit_p256_hardinit_basin_partition,claude_cal_pentagon_5,8,absolute:0.001,deep,4744,5,0.5,0.0,5.0
lista_dense_signsplit_p256_hardinit_basin_partition,claude_cal_pentagon_5,9,absolute:0.001,deep,4744,5,0.5,0.0,5.0
lista_dense_signsplit_p256_hardinit_basin_partition,claude_cal_pentagon_5,10,absolute:0.001,deep,4744,5,0.5,0.0,5.0
lista_dense_signsplit_p256_hardinit_basin_partition,claude_cal_pentagon_5,11,absolute:0.001,deep,4744,5,0.5,0.0,5.0
lista_dense_signsplit_p256_hardinit_basin_partition,claude_cal_pentagon_5,12,absolute:0.001,deep,4744,5,0.5,0.0,5.0
lista_dense_signsplit_p256_hardinit_basin_partition,claude_cal_pentagon_5,13,absolute:0.001,deep,4744,5,0.5,0.0,5.0
lista_dense_signsplit_p256_hardinit_basin_partition,claude_cal_pentagon_5,14,absolute:0.001,deep,4744,5,0.5,0.0,5.0
lista_dense_signsplit_p256_hardinit_basin_partition,claude_cal_square_4,0,absolute:0.001,deep,6211,4,0.5,0.0,4.0
lista_dense_signsplit_p256_hardinit_basin_partition,claude_cal_square_4,1,absolute:0.001,deep,6211,4,0.5,0.0,4.0
lista_dense_signsplit_p256_hardinit_basin_partition,claude_cal_square_4,2,absolute:0.001,deep,6211,4,0.5,0.0,4.0
lista_dense_signsplit_p256_hardinit_basin_partition,claude_cal_square_4,3,absolute:0.001,deep,6211,4,0.5,0.0,4.0
lista_dense_signsplit_p256_hardinit_basin_partition,claude_cal_square_4,4,absolute:0.001,deep,6211,4,0.5,0.0,4.0
lista_dense_signsplit_p256_hardinit_basin_partition,claude_cal_square_4,5,absolute:0.001,deep,6211,4,0.5,0.0,4.0
lista_dense_signsplit_p256_hardinit_basin_partition,claude_cal_square_4,6,absolute:0.001,deep,6211,4,0.5,0.0,4.0
lista_dense_signsplit_p256_hardinit_basin_partition,claude_cal_square_4,7,absolute:0.001,deep,6211,4,0.5,0.0,4.0
lista_dense_signsplit_p256_hardinit_basin_partition,claude_cal_square_4,8,absolute:0.001,deep,6211,4,0.5,0.33983253076697006,3.0
lista_dense_signsplit_p256_hardinit_basin_partition,claude_cal_square_4,9,absolute:0.001,deep,6211,4,0.5,0.0,4.0
lista_dense_signsplit_p256_hardinit_basin_partition,claude_cal_square_4,10,absolute:0.001,deep,6211,4,0.5,0.0,4.0
lista_dense_signsplit_p256_hardinit_basin_partition,claude_cal_square_4,11,absolute:0.001,deep,6211,4,0.5,0.0,4.0
lista_dense_signsplit_p256_hardinit_basin_partition,claude_cal_square_4,12,absolute:0.001,deep,6211,4,0.5,0.0,4.0
lista_dense_signsplit_p256_hardinit_basin_partition,claude_cal_square_4,13,absolute:0.001,deep,6211,4,0.5,0.0,4.0
lista_dense_signsplit_p256_hardinit_basin_partition,claude_cal_square_4,14,absolute:0.001,deep,6211,4,0.5,0.0,4.0
lista_dense_signsplit_p256_hardinit_basin_partition,claude_duffing_triple_well,0,absolute:0.001,deep,16512,1,0.5,0.0,9.0
lista_dense_signsplit_p256_hardinit_basin_partition,claude_duffing_triple_well,1,absolute:0.001,deep,16512,1,0.5,0.0,6.0
lista_dense_signsplit_p256_hardinit_basin_partition,claude_duffing_triple_well,2,absolute:0.001,deep,16512,1,0.5,0.0,8.0
lista_dense_signsplit_p256_hardinit_basin_partition,claude_duffing_triple_well,3,absolute:0.001,deep,16512,1,0.5,0.0,9.0
lista_dense_signsplit_p256_hardinit_basin_partition,claude_duffing_triple_well,4,absolute:0.001,deep,16512,1,0.5,0.0,9.0
lista_dense_signsplit_p256_hardinit_basin_partition,claude_duffing_triple_well,5,absolute:0.001,deep,16512,1,0.5,0.0,9.0
lista_dense_signsplit_p256_hardinit_basin_partition,claude_duffing_triple_well,6,absolute:0.001,deep,16512,1,0.5,0.0,9.0
lista_dense_signsplit_p256_hardinit_basin_partition,claude_duffing_triple_well,7,absolute:0.001,deep,16512,1,0.5,0.0,10.0
lista_dense_signsplit_p256_hardinit_basin_partition,claude_duffing_triple_well,8,absolute:0.001,deep,16512,1,0.5,0.0,9.0
lista_dense_signsplit_p256_hardinit_basin_partition,claude_duffing_triple_well,9,absolute:0.001,deep,16512,1,0.5,0.0,9.0
lista_dense_signsplit_p256_hardinit_basin_partition,claude_duffing_triple_well,10,absolute:0.001,deep,16512,1,0.5,0.0,11.0
lista_dense_signsplit_p256_hardinit_basin_partition,claude_duffing_triple_well,11,absolute:0.001,deep,16512,1,0.5,0.0,8.0
lista_dense_signsplit_p256_hardinit_basin_partition,claude_duffing_triple_well,12,absolute:0.001,deep,16512,1,0.5,0.0,7.0
lista_dense_signsplit_p256_hardinit_basin_partition,claude_duffing_triple_well,13,absolute:0.001,deep,16512,1,0.5,0.0,8.0
lista_dense_signsplit_p256_hardinit_basin_partition,claude_duffing_triple_well,14,absolute:0.001,deep,16512,1,0.5,0.0,9.0
lista_dense_signsplit_p256_hardinit_basin_partition,claude_snic_multi,0,absolute:0.001,deep,4130,3,0.5,0.0,3.0
lista_dense_signsplit_p256_hardinit_basin_partition,claude_snic_multi,1,absolute:0.001,deep,4130,3,0.5,0.0,3.0
lista_dense_signsplit_p256_hardinit_basin_partition,claude_snic_multi,2,absolute:0.001,deep,4130,3,0.5,0.0,3.0
lista_dense_signsplit_p256_hardinit_basin_partition,claude_snic_multi,3,absolute:0.001,deep,4130,3,0.5,0.0,3.0
lista_dense_signsplit_p256_hardinit_basin_partition,claude_snic_multi,4,absolute:0.001,deep,4130,3,0.5,0.0,3.0
lista_dense_signsplit_p256_hardinit_basin_partition,claude_snic_multi,5,absolute:0.001,deep,4130,3,0.5,0.0,3.0
lista_dense_signsplit_p256_hardinit_basin_partition,claude_snic_multi,6,absolute:0.001,deep,4130,3,0.5,0.0,3.0
lista_dense_signsplit_p256_hardinit_basin_partition,claude_snic_multi,7,absolute:0.001,deep,4130,3,0.5,0.0,3.0
lista_dense_signsplit_p256_hardinit_basin_partition,claude_snic_multi,8,absolute:0.001,deep,4130,3,0.5,0.0,3.0
lista_dense_signsplit_p256_hardinit_basin_partition,claude_snic_multi,9,absolute:0.001,deep,4130,3,0.5,0.0,3.0
lista_dense_signsplit_p256_hardinit_basin_partition,claude_snic_multi,10,absolute:0.001,deep,4130,3,0.5,0.0,3.0
lista_dense_signsplit_p256_hardinit_basin_partition,claude_snic_multi,11,absolute:0.001,deep,4130,3,0.5,0.0,3.0
lista_dense_signsplit_p256_hardinit_basin_partition,claude_snic_multi,12,absolute:0.001,deep,4130,3,0.5,0.0,3.0
lista_dense_signsplit_p256_hardinit_basin_partition,claude_snic_multi,13,absolute:0.001,deep,4130,3,0.5,0.0,3.0
lista_dense_signsplit_p256_hardinit_basin_partition,claude_snic_multi,14,absolute:0.001,deep,4130,3,0.5,0.0,3.0
lista_dense_signsplit_p256_hardinit_basin_partition,claude_transition_routes_4,0,absolute:0.001,deep,4156,4,0.5,0.0,4.0
lista_dense_signsplit_p256_hardinit_basin_partition,claude_transition_routes_4,1,absolute:0.001,deep,4156,4,0.5,0.0,4.0
lista_dense_signsplit_p256_hardinit_basin_partition,claude_transition_routes_4,2,absolute:0.001,deep,4156,4,0.5,0.0,4.0
lista_dense_signsplit_p256_hardinit_basin_partition,claude_transition_routes_4,3,absolute:0.001,deep,4156,4,0.5,0.0,4.0
lista_dense_signsplit_p256_hardinit_basin_partition,claude_transition_routes_4,4,absolute:0.001,deep,4156,4,0.5,0.0,4.0
lista_dense_signsplit_p256_hardinit_basin_partition,claude_transition_routes_4,5,absolute:0.001,deep,4156,4,0.5,0.0,4.0
lista_dense_signsplit_p256_hardinit_basin_partition,claude_transition_routes_4,6,absolute:0.001,deep,4156,4,0.5,0.0,4.0
lista_dense_signsplit_p256_hardinit_basin_partition,claude_transition_routes_4,7,absolute:0.001,deep,4156,4,0.5,0.0,4.0
lista_dense_signsplit_p256_hardinit_basin_partition,claude_transition_routes_4,8,absolute:0.001,deep,4156,4,0.5,0.0,4.0
lista_dense_signsplit_p256_hardinit_basin_partition,claude_transition_routes_4,9,absolute:0.001,deep,4156,4,0.5,0.0,4.0
lista_dense_signsplit_p256_hardinit_basin_partition,claude_transition_routes_4,10,absolute:0.001,deep,4156,4,0.5,0.0,4.0
lista_dense_signsplit_p256_hardinit_basin_partition,claude_transition_routes_4,11,absolute:0.001,deep,4156,4,0.5,0.0,4.0
lista_dense_signsplit_p256_hardinit_basin_partition,claude_transition_routes_4,12,absolute:0.001,deep,4156,4,0.5,0.0,4.0
lista_dense_signsplit_p256_hardinit_basin_partition,claude_transition_routes_4,13,absolute:0.001,deep,4156,4,0.5,0.0,4.0
lista_dense_signsplit_p256_hardinit_basin_partition,claude_transition_routes_4,14,absolute:0.001,deep,4156,4,0.5,0.0,4.0
lista_dense_signsplit_p256_hardinit_basin_partition,claude_var_depth_gradient_4,0,absolute:0.001,deep,5788,4,0.5,0.0,4.0
lista_dense_signsplit_p256_hardinit_basin_partition,claude_var_depth_gradient_4,1,absolute:0.001,deep,5788,4,0.5,0.0,4.0
lista_dense_signsplit_p256_hardinit_basin_partition,claude_var_depth_gradient_4,2,absolute:0.001,deep,5788,4,0.5,0.0,4.0
lista_dense_signsplit_p256_hardinit_basin_partition,claude_var_depth_gradient_4,3,absolute:0.001,deep,5788,4,0.5,0.0,4.0
lista_dense_signsplit_p256_hardinit_basin_partition,claude_var_depth_gradient_4,4,absolute:0.001,deep,5788,4,0.5,0.0,4.0
lista_dense_signsplit_p256_hardinit_basin_partition,claude_var_depth_gradient_4,5,absolute:0.001,deep,5788,4,0.5,0.3726816292301681,3.0
lista_dense_signsplit_p256_hardinit_basin_partition,claude_var_depth_gradient_4,6,absolute:0.001,deep,5788,4,0.5,0.0,4.0
lista_dense_signsplit_p256_hardinit_basin_partition,claude_var_depth_gradient_4,7,absolute:0.001,deep,5788,4,0.5,0.0,4.0
lista_dense_signsplit_p256_hardinit_basin_partition,claude_var_depth_gradient_4,8,absolute:0.001,deep,5788,4,0.5,0.0,4.0
lista_dense_signsplit_p256_hardinit_basin_partition,claude_var_depth_gradient_4,9,absolute:0.001,deep,5788,4,0.5,0.0,4.0
lista_dense_signsplit_p256_hardinit_basin_partition,claude_var_depth_gradient_4,10,absolute:0.001,deep,5788,4,0.5,0.0,4.0
lista_dense_signsplit_p256_hardinit_basin_partition,claude_var_depth_gradient_4,11,absolute:0.001,deep,5788,4,0.5,0.0,4.0
lista_dense_signsplit_p256_hardinit_basin_partition,claude_var_depth_gradient_4,12,absolute:0.001,deep,5788,4,0.5,0.4186491864666302,3.0
lista_dense_signsplit_p256_hardinit_basin_partition,claude_var_depth_gradient_4,13,absolute:0.001,deep,5788,4,0.5,0.0,4.0
lista_dense_signsplit_p256_hardinit_basin_partition,claude_var_depth_gradient_4,14,absolute:0.001,deep,5788,4,0.5,0.0,4.0
lista_dense_signsplit_p256_hardinit_basin_partition,claude_var_diamond_4,0,absolute:0.001,deep,4561,4,0.5,0.0,4.0
lista_dense_signsplit_p256_hardinit_basin_partition,claude_var_diamond_4,1,absolute:0.001,deep,4561,4,0.5,0.0,4.0
lista_dense_signsplit_p256_hardinit_basin_partition,claude_var_diamond_4,2,absolute:0.001,deep,4561,4,0.5,0.0,4.0
lista_dense_signsplit_p256_hardinit_basin_partition,claude_var_diamond_4,3,absolute:0.001,deep,4561,4,0.5,0.0,4.0
lista_dense_signsplit_p256_hardinit_basin_partition,claude_var_diamond_4,4,absolute:0.001,deep,4561,4,0.5,0.0,4.0
lista_dense_signsplit_p256_hardinit_basin_partition,claude_var_diamond_4,5,absolute:0.001,deep,4561,4,0.5,0.0,4.0
lista_dense_signsplit_p256_hardinit_basin_partition,claude_var_diamond_4,6,absolute:0.001,deep,4561,4,0.5,0.0,4.0
lista_dense_signsplit_p256_hardinit_basin_partition,claude_var_diamond_4,7,absolute:0.001,deep,4561,4,0.5,0.0,4.0
lista_dense_signsplit_p256_hardinit_basin_partition,claude_var_diamond_4,8,absolute:0.001,deep,4561,4,0.5,0.6866006966079963,2.0
lista_dense_signsplit_p256_hardinit_basin_partition,claude_var_diamond_4,9,absolute:0.001,deep,4561,4,0.5,0.0,4.0
lista_dense_signsplit_p256_hardinit_basin_partition,claude_var_diamond_4,10,absolute:0.001,deep,4561,4,0.5,0.0,4.0
lista_dense_signsplit_p256_hardinit_basin_partition,claude_var_diamond_4,11,absolute:0.001,deep,4561,4,0.5,0.0,4.0
lista_dense_signsplit_p256_hardinit_basin_partition,claude_var_diamond_4,12,absolute:0.001,deep,4561,4,0.5,0.0,4.0
lista_dense_signsplit_p256_hardinit_basin_partition,claude_var_diamond_4,13,absolute:0.001,deep,4561,4,0.5,0.0,4.0
lista_dense_signsplit_p256_hardinit_basin_partition,claude_var_diamond_4,14,absolute:0.001,deep,4561,4,0.5,0.0,4.0
lista_dense_signsplit_p256_hardinit_basin_partition,claude_var_l_shape_5,0,absolute:0.001,deep,4266,5,0.5,0.41624764017895255,3.0
lista_dense_signsplit_p256_hardinit_basin_partition,claude_var_l_shape_5,1,absolute:0.001,deep,4266,5,0.5,0.5859117752870721,3.0
lista_dense_signsplit_p256_hardinit_basin_partition,claude_var_l_shape_5,2,absolute:0.001,deep,4266,5,0.5,0.5859117752870721,3.0
lista_dense_signsplit_p256_hardinit_basin_partition,claude_var_l_shape_5,3,absolute:0.001,deep,4266,5,0.5,0.534301999487686,3.0
lista_dense_signsplit_p256_hardinit_basin_partition,claude_var_l_shape_5,4,absolute:0.001,deep,4266,5,0.5,0.36430498342731643,4.0
lista_dense_signsplit_p256_hardinit_basin_partition,claude_var_l_shape_5,5,absolute:0.001,deep,4266,5,0.5,0.41624764017895255,3.0
lista_dense_signsplit_p256_hardinit_basin_partition,claude_var_l_shape_5,6,absolute:0.001,deep,4266,5,0.5,0.6591857889635253,3.0
lista_dense_signsplit_p256_hardinit_basin_partition,claude_var_l_shape_5,7,absolute:0.001,deep,4266,5,0.5,0.0,5.0
lista_dense_signsplit_p256_hardinit_basin_partition,claude_var_l_shape_5,8,absolute:0.001,deep,4266,5,0.5,0.8266934066501299,2.0
lista_dense_signsplit_p256_hardinit_basin_partition,claude_var_l_shape_5,9,absolute:0.001,deep,4266,5,0.5,0.5859117752870721,3.0
lista_dense_signsplit_p256_hardinit_basin_partition,claude_var_l_shape_5,10,absolute:0.001,deep,4266,5,0.5,0.22160679185975551,4.0
lista_dense_signsplit_p256_hardinit_basin_partition,claude_var_l_shape_5,11,absolute:0.001,deep,4266,5,0.5,0.5859117752870721,3.0
lista_dense_signsplit_p256_hardinit_basin_partition,claude_var_l_shape_5,12,absolute:0.001,deep,4266,5,0.5,0.534301999487686,3.0
lista_dense_signsplit_p256_hardinit_basin_partition,claude_var_l_shape_5,13,absolute:0.001,deep,4266,5,0.5,0.5859117752870721,3.0
lista_dense_signsplit_p256_hardinit_basin_partition,claude_var_l_shape_5,14,absolute:0.001,deep,4266,5,0.5,0.534301999487686,3.0
lista_dense_signsplit_p256_hardinit_basin_partition,gated_local_linear,0,absolute:0.001,deep,4129,3,0.5,0.0,3.0
lista_dense_signsplit_p256_hardinit_basin_partition,gated_local_linear,1,absolute:0.001,deep,4129,3,0.5,0.0,3.0
lista_dense_signsplit_p256_hardinit_basin_partition,gated_local_linear,2,absolute:0.001,deep,4129,3,0.5,0.0,3.0
lista_dense_signsplit_p256_hardinit_basin_partition,gated_local_linear,3,absolute:0.001,deep,4129,3,0.5,0.0,3.0
lista_dense_signsplit_p256_hardinit_basin_partition,gated_local_linear,4,absolute:0.001,deep,4129,3,0.5,0.0,3.0
lista_dense_signsplit_p256_hardinit_basin_partition,gated_local_linear,5,absolute:0.001,deep,4129,3,0.5,0.0,3.0
lista_dense_signsplit_p256_hardinit_basin_partition,gated_local_linear,6,absolute:0.001,deep,4129,3,0.5,0.0,3.0
lista_dense_signsplit_p256_hardinit_basin_partition,gated_local_linear,7,absolute:0.001,deep,4129,3,0.5,0.0,3.0
lista_dense_signsplit_p256_hardinit_basin_partition,gated_local_linear,8,absolute:0.001,deep,4129,3,0.5,0.0,3.0
lista_dense_signsplit_p256_hardinit_basin_partition,gated_local_linear,9,absolute:0.001,deep,4129,3,0.5,0.0,3.0
lista_dense_signsplit_p256_hardinit_basin_partition,gated_local_linear,10,absolute:0.001,deep,4129,3,0.5,0.0,3.0
lista_dense_signsplit_p256_hardinit_basin_partition,gated_local_linear,11,absolute:0.001,deep,4129,3,0.5,0.0,3.0
lista_dense_signsplit_p256_hardinit_basin_partition,gated_local_linear,12,absolute:0.001,deep,4129,3,0.5,0.0,3.0
lista_dense_signsplit_p256_hardinit_basin_partition,gated_local_linear,13,absolute:0.001,deep,4129,3,0.5,0.0,3.0
lista_dense_signsplit_p256_hardinit_basin_partition,gated_local_linear,14,absolute:0.001,deep,4129,3,0.5,0.0,3.0
lista_dense_signsplit_p256_hardinit_basin_partition,gated_transfer_linear,0,absolute:0.001,deep,4130,3,0.5,0.0,3.0
lista_dense_signsplit_p256_hardinit_basin_partition,gated_transfer_linear,1,absolute:0.001,deep,4130,3,0.5,0.0,3.0
lista_dense_signsplit_p256_hardinit_basin_partition,gated_transfer_linear,2,absolute:0.001,deep,4130,3,0.5,0.0,4.0
lista_dense_signsplit_p256_hardinit_basin_partition,gated_transfer_linear,3,absolute:0.001,deep,4130,3,0.5,0.0,3.0
lista_dense_signsplit_p256_hardinit_basin_partition,gated_transfer_linear,4,absolute:0.001,deep,4130,3,0.5,0.0,3.0
lista_dense_signsplit_p256_hardinit_basin_partition,gated_transfer_linear,5,absolute:0.001,deep,4130,3,0.5,0.0,3.0
lista_dense_signsplit_p256_hardinit_basin_partition,gated_transfer_linear,6,absolute:0.001,deep,4130,3,0.5,0.0,3.0
lista_dense_signsplit_p256_hardinit_basin_partition,gated_transfer_linear,7,absolute:0.001,deep,4130,3,0.5,0.0,3.0
lista_dense_signsplit_p256_hardinit_basin_partition,gated_transfer_linear,8,absolute:0.001,deep,4130,3,0.5,0.0,3.0
lista_dense_signsplit_p256_hardinit_basin_partition,gated_transfer_linear,9,absolute:0.001,deep,4130,3,0.5,0.0,3.0
lista_dense_signsplit_p256_hardinit_basin_partition,gated_transfer_linear,10,absolute:0.001,deep,4130,3,0.5,0.0,3.0
lista_dense_signsplit_p256_hardinit_basin_partition,gated_transfer_linear,11,absolute:0.001,deep,4130,3,0.5,0.0,4.0
lista_dense_signsplit_p256_hardinit_basin_partition,gated_transfer_linear,12,absolute:0.001,deep,4130,3,0.5,0.0,4.0
lista_dense_signsplit_p256_hardinit_basin_partition,gated_transfer_linear,13,absolute:0.001,deep,4130,3,0.5,0.0,3.0
lista_dense_signsplit_p256_hardinit_basin_partition,gated_transfer_linear,14,absolute:0.001,deep,4130,3,0.5,0.0,3.0
mlp_sparse_blockdiag_hardinit_basin_partition_control,claude_arrested_spiral,0,absolute:0.001,deep,5794,5,0.5,0.7292391482423259,2.0
mlp_sparse_blockdiag_hardinit_basin_partition_control,claude_arrested_spiral,1,absolute:0.001,deep,5794,5,0.5,0.7510637378675049,2.0
mlp_sparse_blockdiag_hardinit_basin_partition_control,claude_arrested_spiral,2,absolute:0.001,deep,5794,5,0.5,1.4144718147129738,1.0
mlp_sparse_blockdiag_hardinit_basin_partition_control,claude_arrested_spiral,3,absolute:0.001,deep,5794,5,0.5,1.4144718147129738,1.0
mlp_sparse_blockdiag_hardinit_basin_partition_control,claude_arrested_spiral,4,absolute:0.001,deep,5794,5,0.5,0.7816483126563396,2.0
mlp_sparse_blockdiag_hardinit_basin_partition_control,claude_arrested_spiral,5,absolute:0.001,deep,5794,5,0.5,1.4144718147129738,1.0
mlp_sparse_blockdiag_hardinit_basin_partition_control,claude_arrested_spiral,6,absolute:0.001,deep,5794,5,0.5,1.4144718147129738,1.0
mlp_sparse_blockdiag_hardinit_basin_partition_control,claude_arrested_spiral,7,absolute:0.001,deep,5794,5,0.5,1.4144718147129738,1.0
mlp_sparse_blockdiag_hardinit_basin_partition_control,claude_arrested_spiral,8,absolute:0.001,deep,5794,5,0.5,1.4144718147129738,1.0
mlp_sparse_blockdiag_hardinit_basin_partition_control,claude_arrested_spiral,9,absolute:0.001,deep,5794,5,0.5,1.4144718147129738,1.0
mlp_sparse_blockdiag_hardinit_basin_partition_control,claude_arrested_spiral,10,absolute:0.001,deep,5794,5,0.5,1.4144718147129738,1.0
mlp_sparse_blockdiag_hardinit_basin_partition_control,claude_arrested_spiral,11,absolute:0.001,deep,5794,5,0.5,0.7510637378675049,2.0
mlp_sparse_blockdiag_hardinit_basin_partition_control,claude_arrested_spiral,12,absolute:0.001,deep,5794,5,0.5,0.7510637378675049,2.0
mlp_sparse_blockdiag_hardinit_basin_partition_control,claude_arrested_spiral,13,absolute:0.001,deep,5794,5,0.5,1.4144718147129738,1.0
mlp_sparse_blockdiag_hardinit_basin_partition_control,claude_arrested_spiral,14,absolute:0.001,deep,5794,5,0.5,0.7305074988252744,2.0
mlp_sparse_blockdiag_hardinit_basin_partition_control,claude_cal_asymmetric_3,0,absolute:0.001,deep,5878,3,0.5,0.0,3.0
mlp_sparse_blockdiag_hardinit_basin_partition_control,claude_cal_asymmetric_3,1,absolute:0.001,deep,5878,3,0.5,0.0,3.0
mlp_sparse_blockdiag_hardinit_basin_partition_control,claude_cal_asymmetric_3,2,absolute:0.001,deep,5878,3,0.5,0.0,3.0
mlp_sparse_blockdiag_hardinit_basin_partition_control,claude_cal_asymmetric_3,3,absolute:0.001,deep,5878,3,0.5,0.0,3.0
mlp_sparse_blockdiag_hardinit_basin_partition_control,claude_cal_asymmetric_3,4,absolute:0.001,deep,5878,3,0.5,0.0,3.0
mlp_sparse_blockdiag_hardinit_basin_partition_control,claude_cal_asymmetric_3,5,absolute:0.001,deep,5878,3,0.5,0.0,3.0
mlp_sparse_blockdiag_hardinit_basin_partition_control,claude_cal_asymmetric_3,6,absolute:0.001,deep,5878,3,0.5,0.0,3.0
mlp_sparse_blockdiag_hardinit_basin_partition_control,claude_cal_asymmetric_3,7,absolute:0.001,deep,5878,3,0.5,0.0,3.0
mlp_sparse_blockdiag_hardinit_basin_partition_control,claude_cal_asymmetric_3,8,absolute:0.001,deep,5878,3,0.5,0.0,3.0
mlp_sparse_blockdiag_hardinit_basin_partition_control,claude_cal_asymmetric_3,9,absolute:0.001,deep,5878,3,0.5,0.0,3.0
mlp_sparse_blockdiag_hardinit_basin_partition_control,claude_cal_asymmetric_3,10,absolute:0.001,deep,5878,3,0.5,0.0,3.0
mlp_sparse_blockdiag_hardinit_basin_partition_control,claude_cal_asymmetric_3,11,absolute:0.001,deep,5878,3,0.5,0.0,3.0
mlp_sparse_blockdiag_hardinit_basin_partition_control,claude_cal_asymmetric_3,12,absolute:0.001,deep,5878,3,0.5,0.0,3.0
mlp_sparse_blockdiag_hardinit_basin_partition_control,claude_cal_asymmetric_3,13,absolute:0.001,deep,5878,3,0.5,0.0,3.0
mlp_sparse_blockdiag_hardinit_basin_partition_control,claude_cal_asymmetric_3,14,absolute:0.001,deep,5878,3,0.5,0.0,3.0
mlp_sparse_blockdiag_hardinit_basin_partition_control,claude_cal_hexagon_6,0,absolute:0.001,deep,4174,6,0.5,1.0915862102605633,2.0
mlp_sparse_blockdiag_hardinit_basin_partition_control,claude_cal_hexagon_6,1,absolute:0.001,deep,4174,6,0.5,0.840741658131118,3.0
mlp_sparse_blockdiag_hardinit_basin_partition_control,claude_cal_hexagon_6,2,absolute:0.001,deep,4174,6,0.5,1.0915862102605633,2.0
mlp_sparse_blockdiag_hardinit_basin_partition_control,claude_cal_hexagon_6,3,absolute:0.001,deep,4174,6,0.5,1.0915862102605633,2.0
mlp_sparse_blockdiag_hardinit_basin_partition_control,claude_cal_hexagon_6,4,absolute:0.001,deep,4174,6,0.5,1.0915862102605633,2.0
mlp_sparse_blockdiag_hardinit_basin_partition_control,claude_cal_hexagon_6,5,absolute:0.001,deep,4174,6,0.5,1.0915862102605633,2.0
mlp_sparse_blockdiag_hardinit_basin_partition_control,claude_cal_hexagon_6,6,absolute:0.001,deep,4174,6,0.5,0.6847270982767146,3.0
mlp_sparse_blockdiag_hardinit_basin_partition_control,claude_cal_hexagon_6,7,absolute:0.001,deep,4174,6,0.5,1.0915862102605633,2.0
mlp_sparse_blockdiag_hardinit_basin_partition_control,claude_cal_hexagon_6,8,absolute:0.001,deep,4174,6,0.5,1.0915862102605633,2.0
mlp_sparse_blockdiag_hardinit_basin_partition_control,claude_cal_hexagon_6,9,absolute:0.001,deep,4174,6,0.5,1.0915862102605633,2.0
mlp_sparse_blockdiag_hardinit_basin_partition_control,claude_cal_hexagon_6,10,absolute:0.001,deep,4174,6,0.5,1.0915862102605633,2.0
mlp_sparse_blockdiag_hardinit_basin_partition_control,claude_cal_hexagon_6,11,absolute:0.001,deep,4174,6,0.5,0.840741658131118,3.0
mlp_sparse_blockdiag_hardinit_basin_partition_control,claude_cal_hexagon_6,12,absolute:0.001,deep,4174,6,0.5,1.0915862102605633,2.0
mlp_sparse_blockdiag_hardinit_basin_partition_control,claude_cal_hexagon_6,13,absolute:0.001,deep,4174,6,0.5,1.0915862102605633,2.0
mlp_sparse_blockdiag_hardinit_basin_partition_control,claude_cal_hexagon_6,14,absolute:0.001,deep,4174,6,0.5,0.6847270982767146,3.0
mlp_sparse_blockdiag_hardinit_basin_partition_control,claude_cal_high_cross_3,0,absolute:0.001,deep,4707,3,0.5,0.5014448376008007,2.0
mlp_sparse_blockdiag_hardinit_basin_partition_control,claude_cal_high_cross_3,1,absolute:0.001,deep,4707,3,0.5,1.0840920434256347,1.0
mlp_sparse_blockdiag_hardinit_basin_partition_control,claude_cal_high_cross_3,2,absolute:0.001,deep,4707,3,0.5,1.0840920434256347,1.0
mlp_sparse_blockdiag_hardinit_basin_partition_control,claude_cal_high_cross_3,3,absolute:0.001,deep,4707,3,0.5,0.40800578032039303,2.0
mlp_sparse_blockdiag_hardinit_basin_partition_control,claude_cal_high_cross_3,4,absolute:0.001,deep,4707,3,0.5,0.4551960797132756,2.0
mlp_sparse_blockdiag_hardinit_basin_partition_control,claude_cal_high_cross_3,5,absolute:0.001,deep,4707,3,0.5,1.0840920434256347,1.0
mlp_sparse_blockdiag_hardinit_basin_partition_control,claude_cal_high_cross_3,6,absolute:0.001,deep,4707,3,0.5,1.0840920434256347,1.0
mlp_sparse_blockdiag_hardinit_basin_partition_control,claude_cal_high_cross_3,7,absolute:0.001,deep,4707,3,0.5,1.0840920434256347,1.0
mlp_sparse_blockdiag_hardinit_basin_partition_control,claude_cal_high_cross_3,8,absolute:0.001,deep,4707,3,0.5,1.0840920434256347,1.0
mlp_sparse_blockdiag_hardinit_basin_partition_control,claude_cal_high_cross_3,9,absolute:0.001,deep,4707,3,0.5,1.0840920434256347,1.0
mlp_sparse_blockdiag_hardinit_basin_partition_control,claude_cal_high_cross_3,10,absolute:0.001,deep,4707,3,0.5,1.0840920434256347,1.0
mlp_sparse_blockdiag_hardinit_basin_partition_control,claude_cal_high_cross_3,11,absolute:0.001,deep,4707,3,0.5,0.5014448376008007,2.0
mlp_sparse_blockdiag_hardinit_basin_partition_control,claude_cal_high_cross_3,12,absolute:0.001,deep,4707,3,0.5,1.0840920434256347,1.0
mlp_sparse_blockdiag_hardinit_basin_partition_control,claude_cal_high_cross_3,13,absolute:0.001,deep,4707,3,0.5,1.0840920434256347,1.0
mlp_sparse_blockdiag_hardinit_basin_partition_control,claude_cal_high_cross_3,14,absolute:0.001,deep,4707,3,0.5,0.5014448376008007,2.0
mlp_sparse_blockdiag_hardinit_basin_partition_control,claude_cal_octagon_8,0,absolute:0.001,deep,7167,8,0.5,0.9159404903670585,3.0
mlp_sparse_blockdiag_hardinit_basin_partition_control,claude_cal_octagon_8,1,absolute:0.001,deep,7167,8,0.5,0.909880543690974,3.0
mlp_sparse_blockdiag_hardinit_basin_partition_control,claude_cal_octagon_8,2,absolute:0.001,deep,7167,8,0.5,0.909880543690974,3.0
mlp_sparse_blockdiag_hardinit_basin_partition_control,claude_cal_octagon_8,3,absolute:0.001,deep,7167,8,0.5,0.9116046356877123,3.0
mlp_sparse_blockdiag_hardinit_basin_partition_control,claude_cal_octagon_8,4,absolute:0.001,deep,7167,8,0.5,0.909880543690974,3.0
mlp_sparse_blockdiag_hardinit_basin_partition_control,claude_cal_octagon_8,5,absolute:0.001,deep,7167,8,0.5,0.909880543690974,3.0
mlp_sparse_blockdiag_hardinit_basin_partition_control,claude_cal_octagon_8,6,absolute:0.001,deep,7167,8,0.5,0.909880543690974,3.0
mlp_sparse_blockdiag_hardinit_basin_partition_control,claude_cal_octagon_8,7,absolute:0.001,deep,7167,8,0.5,0.909880543690974,3.0
mlp_sparse_blockdiag_hardinit_basin_partition_control,claude_cal_octagon_8,8,absolute:0.001,deep,7167,8,0.5,0.9116046356877123,3.0
mlp_sparse_blockdiag_hardinit_basin_partition_control,claude_cal_octagon_8,9,absolute:0.001,deep,7167,8,0.5,0.9122967756583809,3.0
mlp_sparse_blockdiag_hardinit_basin_partition_control,claude_cal_octagon_8,10,absolute:0.001,deep,7167,8,0.5,0.909880543690974,3.0
mlp_sparse_blockdiag_hardinit_basin_partition_control,claude_cal_octagon_8,11,absolute:0.001,deep,7167,8,0.5,0.909880543690974,3.0
mlp_sparse_blockdiag_hardinit_basin_partition_control,claude_cal_octagon_8,12,absolute:0.001,deep,7167,8,0.5,0.8942301858010844,3.0
mlp_sparse_blockdiag_hardinit_basin_partition_control,claude_cal_octagon_8,13,absolute:0.001,deep,7167,8,0.5,0.909880543690974,3.0
mlp_sparse_blockdiag_hardinit_basin_partition_control,claude_cal_octagon_8,14,absolute:0.001,deep,7167,8,0.5,0.909880543690974,3.0
mlp_sparse_blockdiag_hardinit_basin_partition_control,claude_cal_pentagon_5,0,absolute:0.001,deep,4744,5,0.5,0.5004488774652818,3.0
mlp_sparse_blockdiag_hardinit_basin_partition_control,claude_cal_pentagon_5,1,absolute:0.001,deep,4744,5,0.5,0.6177591567833383,3.0
mlp_sparse_blockdiag_hardinit_basin_partition_control,claude_cal_pentagon_5,2,absolute:0.001,deep,4744,5,0.5,0.9435523134024439,2.0
mlp_sparse_blockdiag_hardinit_basin_partition_control,claude_cal_pentagon_5,3,absolute:0.001,deep,4744,5,0.5,0.6177591567833383,3.0
mlp_sparse_blockdiag_hardinit_basin_partition_control,claude_cal_pentagon_5,4,absolute:0.001,deep,4744,5,0.5,0.522877785330526,3.0
mlp_sparse_blockdiag_hardinit_basin_partition_control,claude_cal_pentagon_5,5,absolute:0.001,deep,4744,5,0.5,0.9435523134024439,2.0
mlp_sparse_blockdiag_hardinit_basin_partition_control,claude_cal_pentagon_5,6,absolute:0.001,deep,4744,5,0.5,0.956483871829167,2.0
mlp_sparse_blockdiag_hardinit_basin_partition_control,claude_cal_pentagon_5,7,absolute:0.001,deep,4744,5,0.5,0.7056101159736436,3.0
mlp_sparse_blockdiag_hardinit_basin_partition_control,claude_cal_pentagon_5,8,absolute:0.001,deep,4744,5,0.5,0.9026947446850639,2.0
mlp_sparse_blockdiag_hardinit_basin_partition_control,claude_cal_pentagon_5,9,absolute:0.001,deep,4744,5,0.5,0.2753586637867018,4.0
mlp_sparse_blockdiag_hardinit_basin_partition_control,claude_cal_pentagon_5,10,absolute:0.001,deep,4744,5,0.5,0.7056101159736436,3.0
mlp_sparse_blockdiag_hardinit_basin_partition_control,claude_cal_pentagon_5,11,absolute:0.001,deep,4744,5,0.5,0.5004488774652818,3.0
mlp_sparse_blockdiag_hardinit_basin_partition_control,claude_cal_pentagon_5,12,absolute:0.001,deep,4744,5,0.5,0.5004488774652818,3.0
mlp_sparse_blockdiag_hardinit_basin_partition_control,claude_cal_pentagon_5,13,absolute:0.001,deep,4744,5,0.5,0.5671214712322665,3.0
mlp_sparse_blockdiag_hardinit_basin_partition_control,claude_cal_pentagon_5,14,absolute:0.001,deep,4744,5,0.5,0.22509021367857995,4.0
mlp_sparse_blockdiag_hardinit_basin_partition_control,claude_cal_square_4,0,absolute:0.001,deep,6211,4,0.5,0.0,4.0
mlp_sparse_blockdiag_hardinit_basin_partition_control,claude_cal_square_4,1,absolute:0.001,deep,6211,4,0.5,0.0,4.0
mlp_sparse_blockdiag_hardinit_basin_partition_control,claude_cal_square_4,2,absolute:0.001,deep,6211,4,0.5,0.0,4.0
mlp_sparse_blockdiag_hardinit_basin_partition_control,claude_cal_square_4,3,absolute:0.001,deep,6211,4,0.5,0.0,4.0
mlp_sparse_blockdiag_hardinit_basin_partition_control,claude_cal_square_4,4,absolute:0.001,deep,6211,4,0.5,0.0,4.0
mlp_sparse_blockdiag_hardinit_basin_partition_control,claude_cal_square_4,5,absolute:0.001,deep,6211,4,0.5,0.0,4.0
mlp_sparse_blockdiag_hardinit_basin_partition_control,claude_cal_square_4,6,absolute:0.001,deep,6211,4,0.5,0.0,4.0
mlp_sparse_blockdiag_hardinit_basin_partition_control,claude_cal_square_4,7,absolute:0.001,deep,6211,4,0.5,0.33983253076697006,3.0
mlp_sparse_blockdiag_hardinit_basin_partition_control,claude_cal_square_4,8,absolute:0.001,deep,6211,4,0.5,0.0,4.0
mlp_sparse_blockdiag_hardinit_basin_partition_control,claude_cal_square_4,9,absolute:0.001,deep,6211,4,0.5,0.0,4.0
mlp_sparse_blockdiag_hardinit_basin_partition_control,claude_cal_square_4,10,absolute:0.001,deep,6211,4,0.5,0.0,4.0
mlp_sparse_blockdiag_hardinit_basin_partition_control,claude_cal_square_4,11,absolute:0.001,deep,6211,4,0.5,0.33983253076697006,3.0
mlp_sparse_blockdiag_hardinit_basin_partition_control,claude_cal_square_4,12,absolute:0.001,deep,6211,4,0.5,0.0,4.0
mlp_sparse_blockdiag_hardinit_basin_partition_control,claude_cal_square_4,13,absolute:0.001,deep,6211,4,0.5,0.0,4.0
mlp_sparse_blockdiag_hardinit_basin_partition_control,claude_cal_square_4,14,absolute:0.001,deep,6211,4,0.5,0.0,4.0
mlp_sparse_blockdiag_hardinit_basin_partition_control,claude_duffing_triple_well,0,absolute:0.001,deep,16512,1,0.5,0.0,4.0
mlp_sparse_blockdiag_hardinit_basin_partition_control,claude_duffing_triple_well,1,absolute:0.001,deep,16512,1,0.5,0.0,2.0
mlp_sparse_blockdiag_hardinit_basin_partition_control,claude_duffing_triple_well,2,absolute:0.001,deep,16512,1,0.5,0.0,3.0
mlp_sparse_blockdiag_hardinit_basin_partition_control,claude_duffing_triple_well,3,absolute:0.001,deep,16512,1,0.5,0.0,4.0
mlp_sparse_blockdiag_hardinit_basin_partition_control,claude_duffing_triple_well,4,absolute:0.001,deep,16512,1,0.5,0.0,3.0
mlp_sparse_blockdiag_hardinit_basin_partition_control,claude_duffing_triple_well,5,absolute:0.001,deep,16512,1,0.5,0.0,4.0
mlp_sparse_blockdiag_hardinit_basin_partition_control,claude_duffing_triple_well,6,absolute:0.001,deep,16512,1,0.5,0.0,3.0
mlp_sparse_blockdiag_hardinit_basin_partition_control,claude_duffing_triple_well,7,absolute:0.001,deep,16512,1,0.5,0.0,3.0
mlp_sparse_blockdiag_hardinit_basin_partition_control,claude_duffing_triple_well,8,absolute:0.001,deep,16512,1,0.5,0.0,3.0
mlp_sparse_blockdiag_hardinit_basin_partition_control,claude_duffing_triple_well,9,absolute:0.001,deep,16512,1,0.5,0.0,4.0
mlp_sparse_blockdiag_hardinit_basin_partition_control,claude_duffing_triple_well,10,absolute:0.001,deep,16512,1,0.5,0.0,1.0
mlp_sparse_blockdiag_hardinit_basin_partition_control,claude_duffing_triple_well,11,absolute:0.001,deep,16512,1,0.5,0.0,4.0
mlp_sparse_blockdiag_hardinit_basin_partition_control,claude_duffing_triple_well,12,absolute:0.001,deep,16512,1,0.5,0.0,3.0
mlp_sparse_blockdiag_hardinit_basin_partition_control,claude_duffing_triple_well,13,absolute:0.001,deep,16512,1,0.5,0.0,2.0
mlp_sparse_blockdiag_hardinit_basin_partition_control,claude_duffing_triple_well,14,absolute:0.001,deep,16512,1,0.5,0.0,4.0
mlp_sparse_blockdiag_hardinit_basin_partition_control,claude_snic_multi,0,absolute:0.001,deep,4130,3,0.5,0.0,3.0
mlp_sparse_blockdiag_hardinit_basin_partition_control,claude_snic_multi,1,absolute:0.001,deep,4130,3,0.5,0.0,3.0
mlp_sparse_blockdiag_hardinit_basin_partition_control,claude_snic_multi,2,absolute:0.001,deep,4130,3,0.5,0.0,3.0
mlp_sparse_blockdiag_hardinit_basin_partition_control,claude_snic_multi,3,absolute:0.001,deep,4130,3,0.5,0.0,3.0
mlp_sparse_blockdiag_hardinit_basin_partition_control,claude_snic_multi,4,absolute:0.001,deep,4130,3,0.5,0.0,3.0
mlp_sparse_blockdiag_hardinit_basin_partition_control,claude_snic_multi,5,absolute:0.001,deep,4130,3,0.5,0.0,3.0
mlp_sparse_blockdiag_hardinit_basin_partition_control,claude_snic_multi,6,absolute:0.001,deep,4130,3,0.5,0.0,3.0
mlp_sparse_blockdiag_hardinit_basin_partition_control,claude_snic_multi,7,absolute:0.001,deep,4130,3,0.5,0.0,3.0
mlp_sparse_blockdiag_hardinit_basin_partition_control,claude_snic_multi,8,absolute:0.001,deep,4130,3,0.5,0.0,3.0
mlp_sparse_blockdiag_hardinit_basin_partition_control,claude_snic_multi,9,absolute:0.001,deep,4130,3,0.5,0.0,3.0
mlp_sparse_blockdiag_hardinit_basin_partition_control,claude_snic_multi,10,absolute:0.001,deep,4130,3,0.5,0.0,3.0
mlp_sparse_blockdiag_hardinit_basin_partition_control,claude_snic_multi,11,absolute:0.001,deep,4130,3,0.5,0.0,3.0
mlp_sparse_blockdiag_hardinit_basin_partition_control,claude_snic_multi,12,absolute:0.001,deep,4130,3,0.5,0.0,3.0
mlp_sparse_blockdiag_hardinit_basin_partition_control,claude_snic_multi,13,absolute:0.001,deep,4130,3,0.5,0.0,3.0
mlp_sparse_blockdiag_hardinit_basin_partition_control,claude_snic_multi,14,absolute:0.001,deep,4130,3,0.5,0.0,3.0
mlp_sparse_blockdiag_hardinit_basin_partition_control,claude_transition_routes_4,0,absolute:0.001,deep,4156,4,0.5,0.0,4.0
mlp_sparse_blockdiag_hardinit_basin_partition_control,claude_transition_routes_4,1,absolute:0.001,deep,4156,4,0.5,0.0,4.0
mlp_sparse_blockdiag_hardinit_basin_partition_control,claude_transition_routes_4,2,absolute:0.001,deep,4156,4,0.5,0.0,4.0
mlp_sparse_blockdiag_hardinit_basin_partition_control,claude_transition_routes_4,3,absolute:0.001,deep,4156,4,0.5,0.0,4.0
mlp_sparse_blockdiag_hardinit_basin_partition_control,claude_transition_routes_4,4,absolute:0.001,deep,4156,4,0.5,0.0,4.0
mlp_sparse_blockdiag_hardinit_basin_partition_control,claude_transition_routes_4,5,absolute:0.001,deep,4156,4,0.5,0.0,4.0
mlp_sparse_blockdiag_hardinit_basin_partition_control,claude_transition_routes_4,6,absolute:0.001,deep,4156,4,0.5,0.0,4.0
mlp_sparse_blockdiag_hardinit_basin_partition_control,claude_transition_routes_4,7,absolute:0.001,deep,4156,4,0.5,0.0,4.0
mlp_sparse_blockdiag_hardinit_basin_partition_control,claude_transition_routes_4,8,absolute:0.001,deep,4156,4,0.5,0.0,4.0
mlp_sparse_blockdiag_hardinit_basin_partition_control,claude_transition_routes_4,9,absolute:0.001,deep,4156,4,0.5,0.0,4.0
mlp_sparse_blockdiag_hardinit_basin_partition_control,claude_transition_routes_4,10,absolute:0.001,deep,4156,4,0.5,0.0,4.0
mlp_sparse_blockdiag_hardinit_basin_partition_control,claude_transition_routes_4,11,absolute:0.001,deep,4156,4,0.5,0.0,4.0
mlp_sparse_blockdiag_hardinit_basin_partition_control,claude_transition_routes_4,12,absolute:0.001,deep,4156,4,0.5,0.0,4.0
mlp_sparse_blockdiag_hardinit_basin_partition_control,claude_transition_routes_4,13,absolute:0.001,deep,4156,4,0.5,0.0,4.0
mlp_sparse_blockdiag_hardinit_basin_partition_control,claude_transition_routes_4,14,absolute:0.001,deep,4156,4,0.5,0.0,4.0
mlp_sparse_blockdiag_hardinit_basin_partition_control,claude_var_depth_gradient_4,0,absolute:0.001,deep,5788,4,0.5,0.0,4.0
mlp_sparse_blockdiag_hardinit_basin_partition_control,claude_var_depth_gradient_4,1,absolute:0.001,deep,5788,4,0.5,0.26742004773726613,3.0
mlp_sparse_blockdiag_hardinit_basin_partition_control,claude_var_depth_gradient_4,2,absolute:0.001,deep,5788,4,0.5,0.0,4.0
mlp_sparse_blockdiag_hardinit_basin_partition_control,claude_var_depth_gradient_4,3,absolute:0.001,deep,5788,4,0.5,0.0,4.0
mlp_sparse_blockdiag_hardinit_basin_partition_control,claude_var_depth_gradient_4,4,absolute:0.001,deep,5788,4,0.5,0.0,4.0
mlp_sparse_blockdiag_hardinit_basin_partition_control,claude_var_depth_gradient_4,5,absolute:0.001,deep,5788,4,0.5,0.4186491864666302,3.0
mlp_sparse_blockdiag_hardinit_basin_partition_control,claude_var_depth_gradient_4,6,absolute:0.001,deep,5788,4,0.5,0.3726816292301681,3.0
mlp_sparse_blockdiag_hardinit_basin_partition_control,claude_var_depth_gradient_4,7,absolute:0.001,deep,5788,4,0.5,0.0,4.0
mlp_sparse_blockdiag_hardinit_basin_partition_control,claude_var_depth_gradient_4,8,absolute:0.001,deep,5788,4,0.5,0.3726816292301681,3.0
mlp_sparse_blockdiag_hardinit_basin_partition_control,claude_var_depth_gradient_4,9,absolute:0.001,deep,5788,4,0.5,0.0,4.0
mlp_sparse_blockdiag_hardinit_basin_partition_control,claude_var_depth_gradient_4,10,absolute:0.001,deep,5788,4,0.5,0.0,4.0
mlp_sparse_blockdiag_hardinit_basin_partition_control,claude_var_depth_gradient_4,11,absolute:0.001,deep,5788,4,0.5,0.0,4.0
mlp_sparse_blockdiag_hardinit_basin_partition_control,claude_var_depth_gradient_4,12,absolute:0.001,deep,5788,4,0.5,0.26742004773726613,3.0
mlp_sparse_blockdiag_hardinit_basin_partition_control,claude_var_depth_gradient_4,13,absolute:0.001,deep,5788,4,0.5,0.0,4.0
mlp_sparse_blockdiag_hardinit_basin_partition_control,claude_var_depth_gradient_4,14,absolute:0.001,deep,5788,4,0.5,0.0,4.0
mlp_sparse_blockdiag_hardinit_basin_partition_control,claude_var_diamond_4,0,absolute:0.001,deep,4561,4,0.5,0.0,4.0
mlp_sparse_blockdiag_hardinit_basin_partition_control,claude_var_diamond_4,1,absolute:0.001,deep,4561,4,0.5,0.0,4.0
mlp_sparse_blockdiag_hardinit_basin_partition_control,claude_var_diamond_4,2,absolute:0.001,deep,4561,4,0.5,0.0,4.0
mlp_sparse_blockdiag_hardinit_basin_partition_control,claude_var_diamond_4,3,absolute:0.001,deep,4561,4,0.5,0.0,4.0
mlp_sparse_blockdiag_hardinit_basin_partition_control,claude_var_diamond_4,4,absolute:0.001,deep,4561,4,0.5,0.0,4.0
mlp_sparse_blockdiag_hardinit_basin_partition_control,claude_var_diamond_4,5,absolute:0.001,deep,4561,4,0.5,0.0,4.0
mlp_sparse_blockdiag_hardinit_basin_partition_control,claude_var_diamond_4,6,absolute:0.001,deep,4561,4,0.5,0.0,4.0
mlp_sparse_blockdiag_hardinit_basin_partition_control,claude_var_diamond_4,7,absolute:0.001,deep,4561,4,0.5,0.0,4.0
mlp_sparse_blockdiag_hardinit_basin_partition_control,claude_var_diamond_4,8,absolute:0.001,deep,4561,4,0.5,0.0,4.0
mlp_sparse_blockdiag_hardinit_basin_partition_control,claude_var_diamond_4,9,absolute:0.001,deep,4561,4,0.5,0.0,4.0
mlp_sparse_blockdiag_hardinit_basin_partition_control,claude_var_diamond_4,10,absolute:0.001,deep,4561,4,0.5,0.0,4.0
mlp_sparse_blockdiag_hardinit_basin_partition_control,claude_var_diamond_4,11,absolute:0.001,deep,4561,4,0.5,0.0,4.0
mlp_sparse_blockdiag_hardinit_basin_partition_control,claude_var_diamond_4,12,absolute:0.001,deep,4561,4,0.5,0.0,4.0
mlp_sparse_blockdiag_hardinit_basin_partition_control,claude_var_diamond_4,13,absolute:0.001,deep,4561,4,0.5,0.3335061015046217,3.0
mlp_sparse_blockdiag_hardinit_basin_partition_control,claude_var_diamond_4,14,absolute:0.001,deep,4561,4,0.5,0.0,4.0
mlp_sparse_blockdiag_hardinit_basin_partition_control,claude_var_l_shape_5,0,absolute:0.001,deep,4266,5,0.5,0.5859117752870721,3.0
mlp_sparse_blockdiag_hardinit_basin_partition_control,claude_var_l_shape_5,1,absolute:0.001,deep,4266,5,0.5,0.5859117752870721,3.0
mlp_sparse_blockdiag_hardinit_basin_partition_control,claude_var_l_shape_5,2,absolute:0.001,deep,4266,5,0.5,0.5859117752870721,3.0
mlp_sparse_blockdiag_hardinit_basin_partition_control,claude_var_l_shape_5,3,absolute:0.001,deep,4266,5,0.5,0.5859117752870721,3.0
mlp_sparse_blockdiag_hardinit_basin_partition_control,claude_var_l_shape_5,4,absolute:0.001,deep,4266,5,0.5,0.5859117752870721,3.0
mlp_sparse_blockdiag_hardinit_basin_partition_control,claude_var_l_shape_5,5,absolute:0.001,deep,4266,5,0.5,0.5859117752870721,3.0
mlp_sparse_blockdiag_hardinit_basin_partition_control,claude_var_l_shape_5,6,absolute:0.001,deep,4266,5,0.5,0.5859117752870721,3.0
mlp_sparse_blockdiag_hardinit_basin_partition_control,claude_var_l_shape_5,7,absolute:0.001,deep,4266,5,0.5,0.5859117752870721,3.0
mlp_sparse_blockdiag_hardinit_basin_partition_control,claude_var_l_shape_5,8,absolute:0.001,deep,4266,5,0.5,0.5859117752870721,3.0
mlp_sparse_blockdiag_hardinit_basin_partition_control,claude_var_l_shape_5,9,absolute:0.001,deep,4266,5,0.5,0.5859117752870721,3.0
mlp_sparse_blockdiag_hardinit_basin_partition_control,claude_var_l_shape_5,10,absolute:0.001,deep,4266,5,0.5,0.5859117752870721,3.0
mlp_sparse_blockdiag_hardinit_basin_partition_control,claude_var_l_shape_5,11,absolute:0.001,deep,4266,5,0.5,0.5859117752870721,3.0
mlp_sparse_blockdiag_hardinit_basin_partition_control,claude_var_l_shape_5,12,absolute:0.001,deep,4266,5,0.5,0.5859117752870721,3.0
mlp_sparse_blockdiag_hardinit_basin_partition_control,claude_var_l_shape_5,13,absolute:0.001,deep,4266,5,0.5,0.5884151684881527,3.0
mlp_sparse_blockdiag_hardinit_basin_partition_control,claude_var_l_shape_5,14,absolute:0.001,deep,4266,5,0.5,0.5859117752870721,3.0
mlp_sparse_blockdiag_hardinit_basin_partition_control,gated_local_linear,0,absolute:0.001,deep,4129,3,0.5,0.0,3.0
mlp_sparse_blockdiag_hardinit_basin_partition_control,gated_local_linear,1,absolute:0.001,deep,4129,3,0.5,0.0,3.0
mlp_sparse_blockdiag_hardinit_basin_partition_control,gated_local_linear,2,absolute:0.001,deep,4129,3,0.5,0.0,3.0
mlp_sparse_blockdiag_hardinit_basin_partition_control,gated_local_linear,3,absolute:0.001,deep,4129,3,0.5,0.0,3.0
mlp_sparse_blockdiag_hardinit_basin_partition_control,gated_local_linear,4,absolute:0.001,deep,4129,3,0.5,0.0,3.0
mlp_sparse_blockdiag_hardinit_basin_partition_control,gated_local_linear,5,absolute:0.001,deep,4129,3,0.5,0.0,3.0
mlp_sparse_blockdiag_hardinit_basin_partition_control,gated_local_linear,6,absolute:0.001,deep,4129,3,0.5,0.0,3.0
mlp_sparse_blockdiag_hardinit_basin_partition_control,gated_local_linear,7,absolute:0.001,deep,4129,3,0.5,0.0,3.0
mlp_sparse_blockdiag_hardinit_basin_partition_control,gated_local_linear,8,absolute:0.001,deep,4129,3,0.5,0.0,3.0
mlp_sparse_blockdiag_hardinit_basin_partition_control,gated_local_linear,9,absolute:0.001,deep,4129,3,0.5,0.0,3.0
mlp_sparse_blockdiag_hardinit_basin_partition_control,gated_local_linear,10,absolute:0.001,deep,4129,3,0.5,0.0,3.0
mlp_sparse_blockdiag_hardinit_basin_partition_control,gated_local_linear,11,absolute:0.001,deep,4129,3,0.5,0.0,3.0
mlp_sparse_blockdiag_hardinit_basin_partition_control,gated_local_linear,12,absolute:0.001,deep,4129,3,0.5,0.0,3.0
mlp_sparse_blockdiag_hardinit_basin_partition_control,gated_local_linear,13,absolute:0.001,deep,4129,3,0.5,0.0,3.0
mlp_sparse_blockdiag_hardinit_basin_partition_control,gated_local_linear,14,absolute:0.001,deep,4129,3,0.5,0.0,3.0
mlp_sparse_blockdiag_hardinit_basin_partition_control,gated_transfer_linear,0,absolute:0.001,deep,4130,3,0.5,0.0,3.0
mlp_sparse_blockdiag_hardinit_basin_partition_control,gated_transfer_linear,1,absolute:0.001,deep,4130,3,0.5,0.0,3.0
mlp_sparse_blockdiag_hardinit_basin_partition_control,gated_transfer_linear,2,absolute:0.001,deep,4130,3,0.5,0.0,3.0
mlp_sparse_blockdiag_hardinit_basin_partition_control,gated_transfer_linear,3,absolute:0.001,deep,4130,3,0.5,0.0,3.0
mlp_sparse_blockdiag_hardinit_basin_partition_control,gated_transfer_linear,4,absolute:0.001,deep,4130,3,0.5,0.0,3.0
mlp_sparse_blockdiag_hardinit_basin_partition_control,gated_transfer_linear,5,absolute:0.001,deep,4130,3,0.5,0.0,3.0
mlp_sparse_blockdiag_hardinit_basin_partition_control,gated_transfer_linear,6,absolute:0.001,deep,4130,3,0.5,0.0,3.0
mlp_sparse_blockdiag_hardinit_basin_partition_control,gated_transfer_linear,7,absolute:0.001,deep,4130,3,0.5,0.0,3.0
mlp_sparse_blockdiag_hardinit_basin_partition_control,gated_transfer_linear,8,absolute:0.001,deep,4130,3,0.5,0.0,3.0
mlp_sparse_blockdiag_hardinit_basin_partition_control,gated_transfer_linear,9,absolute:0.001,deep,4130,3,0.5,0.0,3.0
mlp_sparse_blockdiag_hardinit_basin_partition_control,gated_transfer_linear,10,absolute:0.001,deep,4130,3,0.5,0.0,3.0
mlp_sparse_blockdiag_hardinit_basin_partition_control,gated_transfer_linear,11,absolute:0.001,deep,4130,3,0.5,0.0,3.0
mlp_sparse_blockdiag_hardinit_basin_partition_control,gated_transfer_linear,12,absolute:0.001,deep,4130,3,0.5,0.0,3.0
mlp_sparse_blockdiag_hardinit_basin_partition_control,gated_transfer_linear,13,absolute:0.001,deep,4130,3,0.5,0.0,3.0
mlp_sparse_blockdiag_hardinit_basin_partition_control,gated_transfer_linear,14,absolute:0.001,deep,4130,3,0.5,0.0,3.0
