root_label,system_key,seed,status,h100_best_periodic_mean,h100_best_periodic_mode,h100_best_periodic_full_finite_fraction,h100_best_periodic_finite_step_fraction,h100_best_periodic_num_full_horizon_finite,h100_best_periodic_median_finite_prefix_length,h100_best_periodic_min_finite_prefix_length,h500_best_periodic_mean,h500_best_periodic_mode,h500_best_periodic_full_finite_fraction,h500_best_periodic_finite_step_fraction,h500_best_periodic_num_full_horizon_finite,h500_best_periodic_median_finite_prefix_length,h500_best_periodic_min_finite_prefix_length,h1000_best_periodic_mean,h1000_best_periodic_mode,h1000_best_periodic_full_finite_fraction,h1000_best_periodic_finite_step_fraction,h1000_best_periodic_num_full_horizon_finite,h1000_best_periodic_median_finite_prefix_length,h1000_best_periodic_min_finite_prefix_length,h1500_best_periodic_mean,h1500_best_periodic_mode,h1500_best_periodic_full_finite_fraction,h1500_best_periodic_finite_step_fraction,h1500_best_periodic_num_full_horizon_finite,h1500_best_periodic_median_finite_prefix_length,h1500_best_periodic_min_finite_prefix_length,h2000_best_periodic_mean,h2000_best_periodic_mode,h2000_best_periodic_full_finite_fraction,h2000_best_periodic_finite_step_fraction,h2000_best_periodic_num_full_horizon_finite,h2000_best_periodic_median_finite_prefix_length,h2000_best_periodic_min_finite_prefix_length,h3000_best_periodic_mean,h3000_best_periodic_mode,h3000_best_periodic_full_finite_fraction,h3000_best_periodic_finite_step_fraction,h3000_best_periodic_num_full_horizon_finite,h3000_best_periodic_median_finite_prefix_length,h3000_best_periodic_min_finite_prefix_length,h4000_best_periodic_mean,h4000_best_periodic_mode,h4000_best_periodic_full_finite_fraction,h4000_best_periodic_finite_step_fraction,h4000_best_periodic_num_full_horizon_finite,h4000_best_periodic_median_finite_prefix_length,h4000_best_periodic_min_finite_prefix_length,h5000_best_periodic_mean,h5000_best_periodic_mode,h5000_best_periodic_full_finite_fraction,h5000_best_periodic_finite_step_fraction,h5000_best_periodic_num_full_horizon_finite,h5000_best_periodic_median_finite_prefix_length,h5000_best_periodic_min_finite_prefix_length
lista,dysts:Chua,0,complete,6.541005132021382e-05,periodic_100,1.0,1.0,100.0,100.0,100.0,0.0006719056400470436,periodic_200,1.0,1.0,100.0,500.0,500.0,0.0023278682492673397,periodic_200,1.0,1.0,100.0,1000.0,1000.0,0.005094766616821289,periodic_200,1.0,1.0,100.0,1500.0,1500.0,0.008660875260829926,periodic_200,1.0,1.0,100.0,2000.0,2000.0,0.021423811092972755,periodic_200,1.0,1.0,100.0,3000.0,3000.0,0.044507063925266266,periodic_200,1.0,1.0,100.0,4000.0,4000.0,0.07396166026592255,periodic_200,1.0,1.0,100.0,5000.0,5000.0
lista,dysts:Chua,1,complete,0.0002367394044995308,periodic_100,1.0,1.0,100.0,100.0,100.0,0.001846020808443427,periodic_200,1.0,1.0,100.0,500.0,500.0,0.007228823844343424,periodic_200,1.0,1.0,100.0,1000.0,1000.0,0.016356762498617172,periodic_200,1.0,1.0,100.0,1500.0,1500.0,0.028346532955765724,periodic_200,1.0,1.0,100.0,2000.0,2000.0,0.05942402780056,periodic_200,1.0,1.0,100.0,3000.0,3000.0,0.10357601940631866,periodic_150,1.0,1.0,100.0,4000.0,4000.0,0.19032326340675354,periodic_200,1.0,1.0,100.0,5000.0,5000.0
lista,dysts:Chua,2,complete,0.00017197248234879225,periodic_100,1.0,1.0,100.0,100.0,100.0,0.000923967338167131,periodic_200,1.0,1.0,100.0,500.0,500.0,0.0023314552381634712,periodic_200,1.0,1.0,100.0,1000.0,1000.0,0.004529751371592283,periodic_200,1.0,1.0,100.0,1500.0,1500.0,0.008229854516685009,periodic_200,1.0,1.0,100.0,2000.0,2000.0,0.017416320741176605,periodic_200,1.0,1.0,100.0,3000.0,3000.0,0.031811729073524475,periodic_200,1.0,1.0,100.0,4000.0,4000.0,0.053139038383960724,periodic_200,1.0,1.0,100.0,5000.0,5000.0
lista,dysts:Chua,3,complete,8.29057244118303e-05,periodic_100,1.0,1.0,100.0,100.0,100.0,0.0008166265324689448,periodic_200,1.0,1.0,100.0,500.0,500.0,0.003152881283313036,periodic_200,1.0,1.0,100.0,1000.0,1000.0,0.0077750361524522305,periodic_200,1.0,1.0,100.0,1500.0,1500.0,0.014414592646062374,periodic_200,1.0,1.0,100.0,2000.0,2000.0,0.029370799660682678,periodic_200,1.0,1.0,100.0,3000.0,3000.0,0.04651493951678276,periodic_200,1.0,1.0,100.0,4000.0,4000.0,0.08144327253103256,periodic_200,1.0,1.0,100.0,5000.0,5000.0
lista,dysts:Chua,4,complete,0.0009560065809637308,periodic_100,1.0,1.0,100.0,100.0,100.0,0.008366116322577,periodic_200,1.0,1.0,100.0,500.0,500.0,0.036287445574998856,periodic_200,1.0,1.0,100.0,1000.0,1000.0,0.11084876209497452,periodic_200,1.0,1.0,100.0,1500.0,1500.0,0.6727532148361206,periodic_200,1.0,1.0,100.0,2000.0,2000.0,1.541153073310852,periodic_25,1.0,1.0,100.0,3000.0,3000.0,2.2435078620910645,periodic_25,1.0,1.0,100.0,4000.0,4000.0,2.7027249336242676,periodic_25,1.0,1.0,100.0,5000.0,5000.0
lista,dysts:Chua,5,complete,0.00011922330304514617,periodic_100,1.0,1.0,100.0,100.0,100.0,0.0010561627568677068,periodic_200,1.0,1.0,100.0,500.0,500.0,0.003292870707809925,periodic_200,1.0,1.0,100.0,1000.0,1000.0,0.006176617927849293,periodic_200,1.0,1.0,100.0,1500.0,1500.0,0.009123548865318298,periodic_200,1.0,1.0,100.0,2000.0,2000.0,0.01506927888840437,periodic_200,1.0,1.0,100.0,3000.0,3000.0,0.023025216534733772,periodic_200,1.0,1.0,100.0,4000.0,4000.0,0.034475408494472504,periodic_200,1.0,1.0,100.0,5000.0,5000.0
lista,dysts:Chua,6,complete,9.93458743323572e-05,periodic_100,1.0,1.0,100.0,100.0,100.0,0.0009709413279779255,periodic_200,1.0,1.0,100.0,500.0,500.0,0.0030370503664016724,periodic_200,1.0,1.0,100.0,1000.0,1000.0,0.0062841130420565605,periodic_200,1.0,1.0,100.0,1500.0,1500.0,0.010552688501775265,periodic_200,1.0,1.0,100.0,2000.0,2000.0,0.020169712603092194,periodic_200,1.0,1.0,100.0,3000.0,3000.0,0.032781925052404404,periodic_200,1.0,1.0,100.0,4000.0,4000.0,0.05635641887784004,periodic_200,1.0,1.0,100.0,5000.0,5000.0
lista,dysts:Chua,7,complete,9.840693383011967e-05,periodic_100,1.0,1.0,100.0,100.0,100.0,0.0009602526552043855,periodic_200,1.0,1.0,100.0,500.0,500.0,0.003197768237441778,periodic_200,1.0,1.0,100.0,1000.0,1000.0,0.006369424052536488,periodic_200,1.0,1.0,100.0,1500.0,1500.0,0.00990003626793623,periodic_200,1.0,1.0,100.0,2000.0,2000.0,0.02135937660932541,periodic_200,1.0,1.0,100.0,3000.0,3000.0,0.04335739091038704,periodic_200,1.0,1.0,100.0,4000.0,4000.0,0.09199901670217514,periodic_200,1.0,1.0,100.0,5000.0,5000.0
lista,dysts:Chua,8,complete,5.0359038141323254e-05,periodic_100,1.0,1.0,100.0,100.0,100.0,0.000513427599798888,periodic_200,1.0,1.0,100.0,500.0,500.0,0.0015378159005194902,periodic_200,1.0,1.0,100.0,1000.0,1000.0,0.0032694139517843723,periodic_200,1.0,1.0,100.0,1500.0,1500.0,0.005691858474165201,periodic_200,1.0,1.0,100.0,2000.0,2000.0,0.011722334660589695,periodic_200,1.0,1.0,100.0,3000.0,3000.0,0.020594360306859016,periodic_200,1.0,1.0,100.0,4000.0,4000.0,0.03532951697707176,periodic_200,1.0,1.0,100.0,5000.0,5000.0
lista,dysts:Chua,9,complete,8.596420229878277e-05,periodic_100,1.0,1.0,100.0,100.0,100.0,0.0007862526108510792,periodic_200,1.0,1.0,100.0,500.0,500.0,0.0026662403251975775,periodic_200,1.0,1.0,100.0,1000.0,1000.0,0.00576091930270195,periodic_200,1.0,1.0,100.0,1500.0,1500.0,0.010005964897572994,periodic_200,1.0,1.0,100.0,2000.0,2000.0,0.02081633359193802,periodic_200,1.0,1.0,100.0,3000.0,3000.0,0.035081394016742706,periodic_200,1.0,1.0,100.0,4000.0,4000.0,0.05761100351810455,periodic_200,1.0,1.0,100.0,5000.0,5000.0
lista,dysts:Chua,10,complete,7.326798368012533e-05,periodic_100,1.0,1.0,100.0,100.0,100.0,0.0007937024347484112,periodic_200,1.0,1.0,100.0,500.0,500.0,0.002980415476486087,periodic_200,1.0,1.0,100.0,1000.0,1000.0,0.006503724027425051,periodic_200,1.0,1.0,100.0,1500.0,1500.0,0.01080324687063694,periodic_200,1.0,1.0,100.0,2000.0,2000.0,0.022428948432207108,periodic_200,1.0,1.0,100.0,3000.0,3000.0,0.04058916121721268,periodic_200,1.0,1.0,100.0,4000.0,4000.0,0.0654815211892128,periodic_200,1.0,1.0,100.0,5000.0,5000.0
lista,dysts:Chua,11,complete,6.0250833485042676e-05,periodic_100,1.0,1.0,100.0,100.0,100.0,0.0005347051774151623,periodic_200,1.0,1.0,100.0,500.0,500.0,0.0016840159660205245,periodic_200,1.0,1.0,100.0,1000.0,1000.0,0.0034652298782020807,periodic_200,1.0,1.0,100.0,1500.0,1500.0,0.005819360725581646,periodic_200,1.0,1.0,100.0,2000.0,2000.0,0.011462037451565266,periodic_200,1.0,1.0,100.0,3000.0,3000.0,0.01744038797914982,periodic_200,1.0,1.0,100.0,4000.0,4000.0,0.026800284162163734,periodic_200,1.0,1.0,100.0,5000.0,5000.0
lista,dysts:Chua,12,complete,5.899053576285951e-05,periodic_100,1.0,1.0,100.0,100.0,100.0,0.0005571926012635231,periodic_200,1.0,1.0,100.0,500.0,500.0,0.001964345807209611,periodic_200,1.0,1.0,100.0,1000.0,1000.0,0.004523169249296188,periodic_200,1.0,1.0,100.0,1500.0,1500.0,0.00814907904714346,periodic_200,1.0,1.0,100.0,2000.0,2000.0,0.02010001614689827,periodic_200,1.0,1.0,100.0,3000.0,3000.0,0.04154739901423454,periodic_150,1.0,1.0,100.0,4000.0,4000.0,0.0727570429444313,periodic_150,1.0,1.0,100.0,5000.0,5000.0
lista,dysts:Chua,13,complete,5.8282017562305555e-05,periodic_100,1.0,1.0,100.0,100.0,100.0,0.0003484052431304008,periodic_200,1.0,1.0,100.0,500.0,500.0,0.0011623369064182043,periodic_200,1.0,1.0,100.0,1000.0,1000.0,0.0025392838288098574,periodic_200,1.0,1.0,100.0,1500.0,1500.0,0.004290990065783262,periodic_200,1.0,1.0,100.0,2000.0,2000.0,0.008189781568944454,periodic_200,1.0,1.0,100.0,3000.0,3000.0,0.01578189805150032,periodic_150,1.0,1.0,100.0,4000.0,4000.0,0.02514541894197464,periodic_100,1.0,1.0,100.0,5000.0,5000.0
lista,dysts:Chua,14,complete,0.0001608278398634866,periodic_100,1.0,1.0,100.0,100.0,100.0,0.0018521558959037066,periodic_150,1.0,1.0,100.0,500.0,500.0,0.0037480881437659264,periodic_150,1.0,1.0,100.0,1000.0,1000.0,0.007384263910353184,periodic_200,1.0,1.0,100.0,1500.0,1500.0,0.012030665762722492,periodic_200,1.0,1.0,100.0,2000.0,2000.0,0.023196544498205185,periodic_200,1.0,1.0,100.0,3000.0,3000.0,0.039494842290878296,periodic_200,1.0,1.0,100.0,4000.0,4000.0,0.063045434653759,periodic_150,1.0,1.0,100.0,5000.0,5000.0
lista,dysts:Dadras,0,complete,0.00029409336275421083,periodic_50,1.0,1.0,100.0,100.0,100.0,0.00502100121229887,periodic_50,1.0,1.0,100.0,500.0,500.0,0.01946856454014778,periodic_50,1.0,1.0,100.0,1000.0,1000.0,0.04790157824754715,periodic_50,1.0,1.0,100.0,1500.0,1500.0,0.09543507546186447,periodic_50,1.0,1.0,100.0,2000.0,2000.0,0.268468976020813,periodic_150,1.0,1.0,100.0,3000.0,3000.0,0.8943734169006348,periodic_50,1.0,1.0,100.0,4000.0,4000.0,1.1236854791641235,periodic_100,1.0,1.0,100.0,5000.0,5000.0
lista,dysts:Dadras,1,complete,0.00019893098215106875,periodic_50,1.0,1.0,100.0,100.0,100.0,0.007220103871077299,periodic_50,1.0,1.0,100.0,500.0,500.0,0.018217753618955612,periodic_100,1.0,1.0,100.0,1000.0,1000.0,0.03480757400393486,periodic_100,1.0,1.0,100.0,1500.0,1500.0,0.07382998615503311,periodic_50,1.0,1.0,100.0,2000.0,2000.0,0.16246230900287628,periodic_50,1.0,1.0,100.0,3000.0,3000.0,0.5313372015953064,periodic_100,1.0,1.0,100.0,4000.0,4000.0,0.7876474261283875,periodic_100,1.0,1.0,100.0,5000.0,5000.0
lista,dysts:Dadras,2,complete,0.0004900943022221327,periodic_50,1.0,1.0,100.0,100.0,100.0,0.00905301608145237,periodic_25,1.0,1.0,100.0,500.0,500.0,0.018458737060427666,periodic_50,1.0,1.0,100.0,1000.0,1000.0,0.10622459650039673,periodic_25,1.0,1.0,100.0,1500.0,1500.0,0.16297687590122223,periodic_25,1.0,1.0,100.0,2000.0,2000.0,0.6540453433990479,periodic_100,1.0,1.0,100.0,3000.0,3000.0,0.9574084281921387,periodic_50,1.0,1.0,100.0,4000.0,4000.0,1.372830867767334,periodic_50,1.0,1.0,100.0,5000.0,5000.0
lista,dysts:Dadras,3,complete,0.00026115216314792633,periodic_50,1.0,1.0,100.0,100.0,100.0,0.0037844025064259768,periodic_50,1.0,1.0,100.0,500.0,500.0,0.064645916223526,periodic_25,1.0,1.0,100.0,1000.0,1000.0,0.09165845066308975,periodic_50,1.0,1.0,100.0,1500.0,1500.0,0.2618672549724579,periodic_100,1.0,1.0,100.0,2000.0,2000.0,0.6961900591850281,periodic_100,1.0,1.0,100.0,3000.0,3000.0,1.0174379348754883,periodic_100,1.0,1.0,100.0,4000.0,4000.0,1.335581660270691,periodic_100,1.0,1.0,100.0,5000.0,5000.0
lista,dysts:Dadras,4,complete,0.00044162210542708635,periodic_50,1.0,1.0,100.0,100.0,100.0,0.003596433438360691,periodic_50,1.0,1.0,100.0,500.0,500.0,0.1475602090358734,periodic_200,1.0,1.0,100.0,1000.0,1000.0,0.2053034007549286,periodic_200,1.0,1.0,100.0,1500.0,1500.0,0.33391574025154114,periodic_200,1.0,1.0,100.0,2000.0,2000.0,0.8216865062713623,periodic_50,1.0,1.0,100.0,3000.0,3000.0,1.30451238155365,periodic_50,1.0,1.0,100.0,4000.0,4000.0,1.8794465065002441,periodic_50,1.0,1.0,100.0,5000.0,5000.0
lista,dysts:Dadras,5,complete,0.00027289343415759504,periodic_100,1.0,1.0,100.0,100.0,100.0,0.0038681768346577883,periodic_100,1.0,1.0,100.0,500.0,500.0,0.01102832704782486,periodic_100,1.0,1.0,100.0,1000.0,1000.0,0.03454069793224335,periodic_50,1.0,1.0,100.0,1500.0,1500.0,0.04127676412463188,periodic_50,1.0,1.0,100.0,2000.0,2000.0,0.24683059751987457,periodic_100,1.0,1.0,100.0,3000.0,3000.0,0.5448893904685974,periodic_100,1.0,1.0,100.0,4000.0,4000.0,0.8517726063728333,periodic_100,1.0,1.0,100.0,5000.0,5000.0
lista,dysts:Dadras,6,complete,0.0001332358515355736,periodic_50,1.0,1.0,100.0,100.0,100.0,0.005591219291090965,periodic_25,1.0,1.0,100.0,500.0,500.0,0.03205430135130882,periodic_25,1.0,1.0,100.0,1000.0,1000.0,0.05566250905394554,periodic_25,1.0,1.0,100.0,1500.0,1500.0,0.07695277780294418,periodic_50,1.0,1.0,100.0,2000.0,2000.0,0.2067066729068756,periodic_100,1.0,1.0,100.0,3000.0,3000.0,0.5669419765472412,periodic_50,1.0,1.0,100.0,4000.0,4000.0,0.8545516729354858,periodic_50,1.0,1.0,100.0,5000.0,5000.0
lista,dysts:Dadras,7,complete,0.00016267551109194756,periodic_50,1.0,1.0,100.0,100.0,100.0,0.003386132651939988,periodic_50,1.0,1.0,100.0,500.0,500.0,0.014326157979667187,periodic_100,1.0,1.0,100.0,1000.0,1000.0,0.037096358835697174,periodic_150,1.0,1.0,100.0,1500.0,1500.0,0.06167853996157646,periodic_150,1.0,1.0,100.0,2000.0,2000.0,0.2714712917804718,periodic_150,1.0,1.0,100.0,3000.0,3000.0,0.5383947491645813,periodic_50,1.0,1.0,100.0,4000.0,4000.0,1.058526873588562,periodic_25,1.0,1.0,100.0,5000.0,5000.0
lista,dysts:Dadras,8,complete,0.00024537931312806904,periodic_50,1.0,1.0,100.0,100.0,100.0,0.0037878600414842367,periodic_50,1.0,1.0,100.0,500.0,500.0,0.011266500689089298,periodic_50,1.0,1.0,100.0,1000.0,1000.0,0.043314915150403976,periodic_50,1.0,1.0,100.0,1500.0,1500.0,0.07891320437192917,periodic_50,1.0,1.0,100.0,2000.0,2000.0,0.3062445819377899,periodic_50,1.0,1.0,100.0,3000.0,3000.0,0.7990720272064209,periodic_100,1.0,1.0,100.0,4000.0,4000.0,1.1731817722320557,periodic_150,1.0,1.0,100.0,5000.0,5000.0
lista,dysts:Dadras,9,complete,0.0002326950925635174,periodic_50,1.0,1.0,100.0,100.0,100.0,0.004245545715093613,periodic_50,1.0,1.0,100.0,500.0,500.0,0.02501564286649227,periodic_50,1.0,1.0,100.0,1000.0,1000.0,0.05117878317832947,periodic_200,1.0,1.0,100.0,1500.0,1500.0,0.08933090418577194,periodic_200,1.0,1.0,100.0,2000.0,2000.0,0.30756911635398865,periodic_50,1.0,1.0,100.0,3000.0,3000.0,0.5378402471542358,periodic_50,1.0,1.0,100.0,4000.0,4000.0,0.8951313495635986,periodic_50,1.0,1.0,100.0,5000.0,5000.0
lista,dysts:Dadras,10,complete,0.0002756714529823512,periodic_50,1.0,1.0,100.0,100.0,100.0,0.005868245381861925,periodic_50,1.0,1.0,100.0,500.0,500.0,0.05096118152141571,periodic_200,1.0,1.0,100.0,1000.0,1000.0,0.2448124885559082,periodic_200,1.0,1.0,100.0,1500.0,1500.0,0.297020822763443,periodic_200,1.0,1.0,100.0,2000.0,2000.0,0.493114709854126,periodic_200,1.0,1.0,100.0,3000.0,3000.0,0.8753226399421692,periodic_200,1.0,1.0,100.0,4000.0,4000.0,1.508975625038147,periodic_200,1.0,1.0,100.0,5000.0,5000.0
lista,dysts:Dadras,11,complete,0.000308903690893203,periodic_50,1.0,1.0,100.0,100.0,100.0,0.005256364122033119,periodic_100,1.0,1.0,100.0,500.0,500.0,0.089507557451725,periodic_200,1.0,1.0,100.0,1000.0,1000.0,0.13823990523815155,periodic_200,1.0,1.0,100.0,1500.0,1500.0,0.3841356039047241,periodic_200,1.0,1.0,100.0,2000.0,2000.0,0.418014794588089,periodic_150,1.0,1.0,100.0,3000.0,3000.0,0.5973619222640991,periodic_150,1.0,1.0,100.0,4000.0,4000.0,0.8570294380187988,periodic_150,1.0,1.0,100.0,5000.0,5000.0
lista,dysts:Dadras,12,complete,0.0003252200549468398,periodic_50,1.0,1.0,100.0,100.0,100.0,0.00946054421365261,periodic_50,1.0,1.0,100.0,500.0,500.0,0.020037870854139328,periodic_50,1.0,1.0,100.0,1000.0,1000.0,0.04666952043771744,periodic_100,1.0,1.0,100.0,1500.0,1500.0,0.13550372421741486,periodic_150,1.0,1.0,100.0,2000.0,2000.0,0.4163177013397217,periodic_200,1.0,1.0,100.0,3000.0,3000.0,0.8023010492324829,periodic_200,1.0,1.0,100.0,4000.0,4000.0,1.2040702104568481,periodic_200,1.0,1.0,100.0,5000.0,5000.0
lista,dysts:Dadras,13,complete,0.00023791134299244732,periodic_50,1.0,1.0,100.0,100.0,100.0,0.0036255852319300175,periodic_50,1.0,1.0,100.0,500.0,500.0,0.019135840237140656,periodic_100,1.0,1.0,100.0,1000.0,1000.0,0.06250302493572235,periodic_50,1.0,1.0,100.0,1500.0,1500.0,0.1165936067700386,periodic_50,1.0,1.0,100.0,2000.0,2000.0,0.253381609916687,periodic_50,1.0,1.0,100.0,3000.0,3000.0,0.5572552680969238,periodic_100,1.0,1.0,100.0,4000.0,4000.0,1.037278413772583,periodic_100,1.0,1.0,100.0,5000.0,5000.0
lista,dysts:Dadras,14,complete,0.0003316780785098672,periodic_25,1.0,1.0,100.0,100.0,100.0,0.004530891310423613,periodic_50,1.0,1.0,100.0,500.0,500.0,0.04156578704714775,periodic_150,1.0,1.0,100.0,1000.0,1000.0,0.0552307665348053,periodic_150,1.0,1.0,100.0,1500.0,1500.0,0.06345993280410767,periodic_150,1.0,1.0,100.0,2000.0,2000.0,0.24307197332382202,periodic_150,1.0,1.0,100.0,3000.0,3000.0,0.6002635359764099,periodic_100,1.0,1.0,100.0,4000.0,4000.0,0.9119167327880859,periodic_100,1.0,1.0,100.0,5000.0,5000.0
lista,dysts:DequanLi,0,complete,0.00027638065512292087,periodic_100,1.0,1.0,100.0,100.0,100.0,0.0031131815630942583,periodic_200,1.0,1.0,100.0,500.0,500.0,0.010714019648730755,periodic_200,1.0,1.0,100.0,1000.0,1000.0,0.022278647869825363,periodic_200,1.0,1.0,100.0,1500.0,1500.0,0.03939344361424446,periodic_200,1.0,1.0,100.0,2000.0,2000.0,0.10908711701631546,periodic_200,1.0,1.0,100.0,3000.0,3000.0,0.2802669405937195,periodic_200,1.0,1.0,100.0,4000.0,4000.0,0.5078451037406921,periodic_200,1.0,1.0,100.0,5000.0,5000.0
lista,dysts:DequanLi,1,complete,0.0002167234051739797,periodic_100,1.0,1.0,100.0,100.0,100.0,0.002324377652257681,periodic_150,1.0,1.0,100.0,500.0,500.0,0.006993679795414209,periodic_200,1.0,1.0,100.0,1000.0,1000.0,0.014885309152305126,periodic_200,1.0,1.0,100.0,1500.0,1500.0,0.02564326673746109,periodic_200,1.0,1.0,100.0,2000.0,2000.0,0.06507719308137894,periodic_200,1.0,1.0,100.0,3000.0,3000.0,0.16441738605499268,periodic_200,1.0,1.0,100.0,4000.0,4000.0,0.3214150369167328,periodic_200,1.0,1.0,100.0,5000.0,5000.0
lista,dysts:DequanLi,2,complete,0.0002526603057049215,periodic_100,1.0,1.0,100.0,100.0,100.0,0.0032698670402169228,periodic_150,1.0,1.0,100.0,500.0,500.0,0.009840372949838638,periodic_200,1.0,1.0,100.0,1000.0,1000.0,0.018880659714341164,periodic_200,1.0,1.0,100.0,1500.0,1500.0,0.03334479033946991,periodic_150,1.0,1.0,100.0,2000.0,2000.0,0.099171943962574,periodic_150,1.0,1.0,100.0,3000.0,3000.0,0.2837023437023163,periodic_150,1.0,1.0,100.0,4000.0,4000.0,0.5674633383750916,periodic_150,1.0,1.0,100.0,5000.0,5000.0
lista,dysts:DequanLi,3,complete,0.00021015653328504413,periodic_100,1.0,1.0,100.0,100.0,100.0,0.0018902742303907871,periodic_200,1.0,1.0,100.0,500.0,500.0,0.0050593153573572636,periodic_200,1.0,1.0,100.0,1000.0,1000.0,0.010069161653518677,periodic_200,1.0,1.0,100.0,1500.0,1500.0,0.017952777445316315,periodic_200,1.0,1.0,100.0,2000.0,2000.0,0.05238330364227295,periodic_200,1.0,1.0,100.0,3000.0,3000.0,0.13417261838912964,periodic_200,1.0,1.0,100.0,4000.0,4000.0,0.2792719602584839,periodic_200,1.0,1.0,100.0,5000.0,5000.0
lista,dysts:DequanLi,4,complete,0.0003422780428081751,periodic_100,1.0,1.0,100.0,100.0,100.0,0.0034144874662160873,periodic_200,1.0,1.0,100.0,500.0,500.0,0.011245577596127987,periodic_200,1.0,1.0,100.0,1000.0,1000.0,0.023174095898866653,periodic_200,1.0,1.0,100.0,1500.0,1500.0,0.042866066098213196,periodic_200,1.0,1.0,100.0,2000.0,2000.0,0.12768569588661194,periodic_200,1.0,1.0,100.0,3000.0,3000.0,0.31282562017440796,periodic_200,1.0,1.0,100.0,4000.0,4000.0,0.6408755779266357,periodic_200,1.0,1.0,100.0,5000.0,5000.0
lista,dysts:DequanLi,5,complete,0.0003693277249112725,periodic_100,1.0,1.0,100.0,100.0,100.0,0.005174311809241772,periodic_150,1.0,1.0,100.0,500.0,500.0,0.017338205128908157,periodic_150,1.0,1.0,100.0,1000.0,1000.0,0.03612761199474335,periodic_150,1.0,1.0,100.0,1500.0,1500.0,0.06366473436355591,periodic_150,1.0,1.0,100.0,2000.0,2000.0,0.1703718900680542,periodic_150,1.0,1.0,100.0,3000.0,3000.0,0.3638800382614136,periodic_100,1.0,1.0,100.0,4000.0,4000.0,0.6469653844833374,periodic_100,1.0,1.0,100.0,5000.0,5000.0
lista,dysts:DequanLi,6,complete,0.0004030897980555892,periodic_100,1.0,1.0,100.0,100.0,100.0,0.00419219397008419,periodic_200,1.0,1.0,100.0,500.0,500.0,0.014203764498233795,periodic_200,1.0,1.0,100.0,1000.0,1000.0,0.032403312623500824,periodic_200,1.0,1.0,100.0,1500.0,1500.0,0.06035176292061806,periodic_200,1.0,1.0,100.0,2000.0,2000.0,0.17049038410186768,periodic_200,1.0,1.0,100.0,3000.0,3000.0,0.44958290457725525,periodic_200,1.0,1.0,100.0,4000.0,4000.0,0.9331411719322205,periodic_200,1.0,1.0,100.0,5000.0,5000.0
lista,dysts:DequanLi,7,complete,0.00036565892514772713,periodic_100,1.0,1.0,100.0,100.0,100.0,0.0032623587176203728,periodic_200,1.0,1.0,100.0,500.0,500.0,0.008983628824353218,periodic_200,1.0,1.0,100.0,1000.0,1000.0,0.017259566113352776,periodic_200,1.0,1.0,100.0,1500.0,1500.0,0.03003552183508873,periodic_200,1.0,1.0,100.0,2000.0,2000.0,0.09816494584083557,periodic_200,1.0,1.0,100.0,3000.0,3000.0,0.26101168990135193,periodic_200,1.0,1.0,100.0,4000.0,4000.0,0.41130995750427246,periodic_200,1.0,1.0,100.0,5000.0,5000.0
lista,dysts:DequanLi,8,complete,0.000326062785461545,periodic_100,1.0,1.0,100.0,100.0,100.0,0.003386012278497219,periodic_200,1.0,1.0,100.0,500.0,500.0,0.011043447069823742,periodic_200,1.0,1.0,100.0,1000.0,1000.0,0.023765265941619873,periodic_200,1.0,1.0,100.0,1500.0,1500.0,0.042182136327028275,periodic_200,1.0,1.0,100.0,2000.0,2000.0,0.10449105501174927,periodic_200,1.0,1.0,100.0,3000.0,3000.0,0.22101527452468872,periodic_200,1.0,1.0,100.0,4000.0,4000.0,0.44696784019470215,periodic_200,1.0,1.0,100.0,5000.0,5000.0
lista,dysts:DequanLi,9,complete,0.00022906083904672414,periodic_100,1.0,1.0,100.0,100.0,100.0,0.0023381803184747696,periodic_200,1.0,1.0,100.0,500.0,500.0,0.007422838360071182,periodic_200,1.0,1.0,100.0,1000.0,1000.0,0.01485843863338232,periodic_200,1.0,1.0,100.0,1500.0,1500.0,0.025275861844420433,periodic_200,1.0,1.0,100.0,2000.0,2000.0,0.06239570677280426,periodic_200,1.0,1.0,100.0,3000.0,3000.0,0.13151060044765472,periodic_200,1.0,1.0,100.0,4000.0,4000.0,0.24556903541088104,periodic_200,1.0,1.0,100.0,5000.0,5000.0
lista,dysts:DequanLi,10,complete,0.00024753858451731503,periodic_100,1.0,1.0,100.0,100.0,100.0,0.002782773692160845,periodic_200,1.0,1.0,100.0,500.0,500.0,0.008467745035886765,periodic_200,1.0,1.0,100.0,1000.0,1000.0,0.019011909142136574,periodic_200,1.0,1.0,100.0,1500.0,1500.0,0.03623395785689354,periodic_200,1.0,1.0,100.0,2000.0,2000.0,0.10277508944272995,periodic_200,1.0,1.0,100.0,3000.0,3000.0,0.21399763226509094,periodic_200,1.0,1.0,100.0,4000.0,4000.0,0.3825085461139679,periodic_200,1.0,1.0,100.0,5000.0,5000.0
lista,dysts:DequanLi,11,complete,0.00020965748990420252,periodic_100,1.0,1.0,100.0,100.0,100.0,0.002020280109718442,periodic_200,1.0,1.0,100.0,500.0,500.0,0.006190219894051552,periodic_200,1.0,1.0,100.0,1000.0,1000.0,0.011342708952724934,periodic_200,1.0,1.0,100.0,1500.0,1500.0,0.017446517944335938,periodic_200,1.0,1.0,100.0,2000.0,2000.0,0.03375876322388649,periodic_200,1.0,1.0,100.0,3000.0,3000.0,0.06106194853782654,periodic_200,1.0,1.0,100.0,4000.0,4000.0,0.11609482020139694,periodic_200,1.0,1.0,100.0,5000.0,5000.0
lista,dysts:DequanLi,12,complete,0.000388214219128713,periodic_100,1.0,1.0,100.0,100.0,100.0,0.0037881196476519108,periodic_200,1.0,1.0,100.0,500.0,500.0,0.010933620855212212,periodic_200,1.0,1.0,100.0,1000.0,1000.0,0.02048412710428238,periodic_200,1.0,1.0,100.0,1500.0,1500.0,0.034090422093868256,periodic_200,1.0,1.0,100.0,2000.0,2000.0,0.06748896092176437,periodic_200,1.0,1.0,100.0,3000.0,3000.0,0.1303379088640213,periodic_200,1.0,1.0,100.0,4000.0,4000.0,0.2688634395599365,periodic_200,1.0,1.0,100.0,5000.0,5000.0
lista,dysts:DequanLi,13,complete,0.00021888143965043128,periodic_100,1.0,1.0,100.0,100.0,100.0,0.0021620846819132566,periodic_200,1.0,1.0,100.0,500.0,500.0,0.006456947419792414,periodic_200,1.0,1.0,100.0,1000.0,1000.0,0.013993492349982262,periodic_200,1.0,1.0,100.0,1500.0,1500.0,0.028418509289622307,periodic_200,1.0,1.0,100.0,2000.0,2000.0,0.11189600825309753,periodic_200,1.0,1.0,100.0,3000.0,3000.0,0.3163487911224365,periodic_200,1.0,1.0,100.0,4000.0,4000.0,0.5099412798881531,periodic_200,1.0,1.0,100.0,5000.0,5000.0
lista,dysts:DequanLi,14,complete,0.0003466697526164353,periodic_100,1.0,1.0,100.0,100.0,100.0,0.0038446802645921707,periodic_200,1.0,1.0,100.0,500.0,500.0,0.012371702119708061,periodic_200,1.0,1.0,100.0,1000.0,1000.0,0.02922174707055092,periodic_200,1.0,1.0,100.0,1500.0,1500.0,0.06099870800971985,periodic_200,1.0,1.0,100.0,2000.0,2000.0,0.21466751396656036,periodic_200,1.0,1.0,100.0,3000.0,3000.0,0.49718189239501953,periodic_200,1.0,1.0,100.0,4000.0,4000.0,0.7258908152580261,periodic_200,1.0,1.0,100.0,5000.0,5000.0
lista,dysts:Hadley,0,complete,0.0002193716209148988,periodic_100,1.0,1.0,100.0,100.0,100.0,0.0024992013350129128,periodic_200,1.0,1.0,100.0,500.0,500.0,0.008536290377378464,periodic_200,1.0,1.0,100.0,1000.0,1000.0,0.018763327971100807,periodic_200,1.0,1.0,100.0,1500.0,1500.0,0.03418345749378204,periodic_200,1.0,1.0,100.0,2000.0,2000.0,0.08740478754043579,periodic_200,1.0,1.0,100.0,3000.0,3000.0,0.1842973381280899,periodic_200,1.0,1.0,100.0,4000.0,4000.0,0.31950172781944275,periodic_200,1.0,1.0,100.0,5000.0,5000.0
lista,dysts:Hadley,1,complete,0.0008401995291933417,periodic_50,1.0,1.0,100.0,100.0,100.0,0.014958851039409637,periodic_50,1.0,1.0,100.0,500.0,500.0,0.0579109713435173,periodic_50,1.0,1.0,100.0,1000.0,1000.0,0.13263443112373352,periodic_50,1.0,1.0,100.0,1500.0,1500.0,0.24313059449195862,periodic_50,1.0,1.0,100.0,2000.0,2000.0,0.816235363483429,periodic_100,1.0,1.0,100.0,3000.0,3000.0,2.206782341003418,periodic_100,1.0,1.0,100.0,4000.0,4000.0,3.4695372581481934,periodic_200,1.0,1.0,100.0,5000.0,5000.0
lista,dysts:Hadley,2,complete,0.00021505620679818094,periodic_100,1.0,1.0,100.0,100.0,100.0,0.0027449929621070623,periodic_200,1.0,1.0,100.0,500.0,500.0,0.009050142019987106,periodic_200,1.0,1.0,100.0,1000.0,1000.0,0.020240334793925285,periodic_200,1.0,1.0,100.0,1500.0,1500.0,0.03637465462088585,periodic_200,1.0,1.0,100.0,2000.0,2000.0,0.08434612303972244,periodic_200,1.0,1.0,100.0,3000.0,3000.0,0.14588020741939545,periodic_200,1.0,1.0,100.0,4000.0,4000.0,0.22970430552959442,periodic_200,1.0,1.0,100.0,5000.0,5000.0
lista,dysts:Hadley,3,complete,0.00022639328381046653,periodic_100,1.0,1.0,100.0,100.0,100.0,0.0025234040804207325,periodic_200,1.0,1.0,100.0,500.0,500.0,0.007792772259563208,periodic_200,1.0,1.0,100.0,1000.0,1000.0,0.015785597264766693,periodic_200,1.0,1.0,100.0,1500.0,1500.0,0.028010830283164978,periodic_200,1.0,1.0,100.0,2000.0,2000.0,0.06580733507871628,periodic_200,1.0,1.0,100.0,3000.0,3000.0,0.11136048287153244,periodic_200,1.0,1.0,100.0,4000.0,4000.0,0.15509219467639923,periodic_200,1.0,1.0,100.0,5000.0,5000.0
lista,dysts:Hadley,4,complete,0.00023092955234460533,periodic_100,1.0,1.0,100.0,100.0,100.0,0.0021904779132455587,periodic_200,1.0,1.0,100.0,500.0,500.0,0.006907082628458738,periodic_200,1.0,1.0,100.0,1000.0,1000.0,0.014201956801116467,periodic_200,1.0,1.0,100.0,1500.0,1500.0,0.024677414447069168,periodic_200,1.0,1.0,100.0,2000.0,2000.0,0.05402303859591484,periodic_200,1.0,1.0,100.0,3000.0,3000.0,0.09421179443597794,periodic_200,1.0,1.0,100.0,4000.0,4000.0,0.14603978395462036,periodic_200,1.0,1.0,100.0,5000.0,5000.0
lista,dysts:Hadley,5,complete,0.0006980747566558421,periodic_50,1.0,1.0,100.0,100.0,100.0,0.011507400311529636,periodic_50,1.0,1.0,100.0,500.0,500.0,0.04071974381804466,periodic_50,1.0,1.0,100.0,1000.0,1000.0,0.09936622530221939,periodic_50,1.0,1.0,100.0,1500.0,1500.0,0.2059590220451355,periodic_50,1.0,1.0,100.0,2000.0,2000.0,0.582572340965271,periodic_50,1.0,1.0,100.0,3000.0,3000.0,1.2165498733520508,periodic_50,1.0,1.0,100.0,4000.0,4000.0,2.099844455718994,periodic_50,1.0,1.0,100.0,5000.0,5000.0
lista,dysts:Hadley,6,complete,0.0003067737852688879,periodic_100,1.0,1.0,100.0,100.0,100.0,0.0028803201857954264,periodic_200,1.0,1.0,100.0,500.0,500.0,0.009455828927457333,periodic_200,1.0,1.0,100.0,1000.0,1000.0,0.019594566896557808,periodic_200,1.0,1.0,100.0,1500.0,1500.0,0.03355775028467178,periodic_200,1.0,1.0,100.0,2000.0,2000.0,0.07393582165241241,periodic_200,1.0,1.0,100.0,3000.0,3000.0,0.13584119081497192,periodic_200,1.0,1.0,100.0,4000.0,4000.0,0.22319446504116058,periodic_200,1.0,1.0,100.0,5000.0,5000.0
lista,dysts:Hadley,7,complete,0.00015940512821543962,periodic_100,1.0,1.0,100.0,100.0,100.0,0.001983902882784605,periodic_200,1.0,1.0,100.0,500.0,500.0,0.007193780969828367,periodic_200,1.0,1.0,100.0,1000.0,1000.0,0.014372283592820168,periodic_200,1.0,1.0,100.0,1500.0,1500.0,0.02505858615040779,periodic_200,1.0,1.0,100.0,2000.0,2000.0,0.06462886929512024,periodic_200,1.0,1.0,100.0,3000.0,3000.0,0.13492727279663086,periodic_200,1.0,1.0,100.0,4000.0,4000.0,0.23778344690799713,periodic_200,1.0,1.0,100.0,5000.0,5000.0
lista,dysts:Hadley,8,complete,0.00022240460384637117,periodic_100,1.0,1.0,100.0,100.0,100.0,0.0031204710248857737,periodic_200,1.0,1.0,100.0,500.0,500.0,0.01034177653491497,periodic_200,1.0,1.0,100.0,1000.0,1000.0,0.021575022488832474,periodic_200,1.0,1.0,100.0,1500.0,1500.0,0.036073196679353714,periodic_200,1.0,1.0,100.0,2000.0,2000.0,0.0761394053697586,periodic_200,1.0,1.0,100.0,3000.0,3000.0,0.12307275086641312,periodic_200,1.0,1.0,100.0,4000.0,4000.0,0.1816481351852417,periodic_200,1.0,1.0,100.0,5000.0,5000.0
lista,dysts:Hadley,9,complete,0.0001927346020238474,periodic_100,1.0,1.0,100.0,100.0,100.0,0.0020044308621436357,periodic_200,1.0,1.0,100.0,500.0,500.0,0.007656475529074669,periodic_200,1.0,1.0,100.0,1000.0,1000.0,0.018618997186422348,periodic_200,1.0,1.0,100.0,1500.0,1500.0,0.03626599907875061,periodic_200,1.0,1.0,100.0,2000.0,2000.0,0.09373393654823303,periodic_200,1.0,1.0,100.0,3000.0,3000.0,0.16149461269378662,periodic_200,1.0,1.0,100.0,4000.0,4000.0,0.22976066172122955,periodic_200,1.0,1.0,100.0,5000.0,5000.0
lista,dysts:Hadley,10,complete,0.00023176548711489886,periodic_100,1.0,1.0,100.0,100.0,100.0,0.0023229983635246754,periodic_200,1.0,1.0,100.0,500.0,500.0,0.007071787025779486,periodic_200,1.0,1.0,100.0,1000.0,1000.0,0.014064597897231579,periodic_200,1.0,1.0,100.0,1500.0,1500.0,0.023285483941435814,periodic_200,1.0,1.0,100.0,2000.0,2000.0,0.05145164951682091,periodic_200,1.0,1.0,100.0,3000.0,3000.0,0.09230415523052216,periodic_200,1.0,1.0,100.0,4000.0,4000.0,0.142694354057312,periodic_200,1.0,1.0,100.0,5000.0,5000.0
lista,dysts:Hadley,11,complete,0.00021202418429311365,periodic_100,1.0,1.0,100.0,100.0,100.0,0.0024818822275847197,periodic_200,1.0,1.0,100.0,500.0,500.0,0.006923506036400795,periodic_200,1.0,1.0,100.0,1000.0,1000.0,0.014492709189653397,periodic_200,1.0,1.0,100.0,1500.0,1500.0,0.026704590767621994,periodic_200,1.0,1.0,100.0,2000.0,2000.0,0.06704007089138031,periodic_200,1.0,1.0,100.0,3000.0,3000.0,0.12472925335168839,periodic_200,1.0,1.0,100.0,4000.0,4000.0,0.18995437026023865,periodic_200,1.0,1.0,100.0,5000.0,5000.0
lista,dysts:Hadley,12,complete,0.000560468528419733,periodic_100,1.0,1.0,100.0,100.0,100.0,0.010362454690039158,periodic_50,1.0,1.0,100.0,500.0,500.0,0.040661346167325974,periodic_50,1.0,1.0,100.0,1000.0,1000.0,0.08546842634677887,periodic_100,1.0,1.0,100.0,1500.0,1500.0,0.15253834426403046,periodic_100,1.0,1.0,100.0,2000.0,2000.0,0.4622547924518585,periodic_150,1.0,1.0,100.0,3000.0,3000.0,0.8928435444831848,periodic_25,1.0,1.0,100.0,4000.0,4000.0,2.729828119277954,periodic_200,1.0,1.0,100.0,5000.0,5000.0
lista,dysts:Hadley,13,complete,0.0002756927569862455,periodic_100,1.0,1.0,100.0,100.0,100.0,0.00278912833891809,periodic_200,1.0,1.0,100.0,500.0,500.0,0.008717474527657032,periodic_200,1.0,1.0,100.0,1000.0,1000.0,0.017474152147769928,periodic_200,1.0,1.0,100.0,1500.0,1500.0,0.028929879888892174,periodic_200,1.0,1.0,100.0,2000.0,2000.0,0.06828787922859192,periodic_200,1.0,1.0,100.0,3000.0,3000.0,0.14518508315086365,periodic_200,1.0,1.0,100.0,4000.0,4000.0,0.26908737421035767,periodic_200,1.0,1.0,100.0,5000.0,5000.0
lista,dysts:Hadley,14,complete,0.00014757539611309767,periodic_100,1.0,1.0,100.0,100.0,100.0,0.0016711512580513954,periodic_200,1.0,1.0,100.0,500.0,500.0,0.005048015154898167,periodic_200,1.0,1.0,100.0,1000.0,1000.0,0.011565197259187698,periodic_200,1.0,1.0,100.0,1500.0,1500.0,0.026563169434666634,periodic_200,1.0,1.0,100.0,2000.0,2000.0,0.11445632576942444,periodic_50,1.0,1.0,100.0,3000.0,3000.0,0.2225872278213501,periodic_50,1.0,1.0,100.0,4000.0,4000.0,0.35982200503349304,periodic_50,1.0,1.0,100.0,5000.0,5000.0
lista,dysts:LuChenCheng,0,complete,5.0760027079377323e-05,periodic_100,1.0,1.0,100.0,100.0,100.0,0.0006263264804147184,periodic_200,1.0,1.0,100.0,500.0,500.0,0.001967423828318715,periodic_200,1.0,1.0,100.0,1000.0,1000.0,0.003993253689259291,periodic_200,1.0,1.0,100.0,1500.0,1500.0,0.007144336123019457,periodic_200,1.0,1.0,100.0,2000.0,2000.0,0.01951131969690323,periodic_200,1.0,1.0,100.0,3000.0,3000.0,0.04386575147509575,periodic_200,1.0,1.0,100.0,4000.0,4000.0,0.06960668414831161,periodic_200,1.0,1.0,100.0,5000.0,5000.0
lista,dysts:LuChenCheng,1,complete,5.1705530495382845e-05,periodic_100,1.0,1.0,100.0,100.0,100.0,0.0006999695324338973,periodic_200,1.0,1.0,100.0,500.0,500.0,0.0026489151641726494,periodic_200,1.0,1.0,100.0,1000.0,1000.0,0.006651812233030796,periodic_200,1.0,1.0,100.0,1500.0,1500.0,0.013908877037465572,periodic_200,1.0,1.0,100.0,2000.0,2000.0,0.0392741933465004,periodic_200,1.0,1.0,100.0,3000.0,3000.0,0.06063203886151314,periodic_200,1.0,1.0,100.0,4000.0,4000.0,0.07003260403871536,periodic_200,1.0,1.0,100.0,5000.0,5000.0
lista,dysts:LuChenCheng,2,complete,5.2074770792387426e-05,periodic_100,1.0,1.0,100.0,100.0,100.0,0.0005702923517674208,periodic_150,1.0,1.0,100.0,500.0,500.0,0.0015941713936626911,periodic_200,1.0,1.0,100.0,1000.0,1000.0,0.0030891639180481434,periodic_200,1.0,1.0,100.0,1500.0,1500.0,0.00559858325868845,periodic_200,1.0,1.0,100.0,2000.0,2000.0,0.01830216683447361,periodic_200,1.0,1.0,100.0,3000.0,3000.0,0.047383155673742294,periodic_200,1.0,1.0,100.0,4000.0,4000.0,0.09667684882879257,periodic_200,1.0,1.0,100.0,5000.0,5000.0
lista,dysts:LuChenCheng,3,complete,7.767369243083522e-05,periodic_100,1.0,1.0,100.0,100.0,100.0,0.001193749951198697,periodic_200,1.0,1.0,100.0,500.0,500.0,0.0026797472964972258,periodic_200,1.0,1.0,100.0,1000.0,1000.0,0.004578367806971073,periodic_200,1.0,1.0,100.0,1500.0,1500.0,0.009019485674798489,periodic_200,1.0,1.0,100.0,2000.0,2000.0,0.022679271176457405,periodic_200,1.0,1.0,100.0,3000.0,3000.0,0.04992108792066574,periodic_200,1.0,1.0,100.0,4000.0,4000.0,0.10865902900695801,periodic_200,1.0,1.0,100.0,5000.0,5000.0
lista,dysts:LuChenCheng,4,complete,0.00010933842713711783,periodic_100,1.0,1.0,100.0,100.0,100.0,0.0012575285509228706,periodic_100,1.0,1.0,100.0,500.0,500.0,0.004761016461998224,periodic_100,1.0,1.0,100.0,1000.0,1000.0,0.008955352008342743,periodic_100,1.0,1.0,100.0,1500.0,1500.0,0.014528955332934856,periodic_200,1.0,1.0,100.0,2000.0,2000.0,0.029783539474010468,periodic_150,1.0,1.0,100.0,3000.0,3000.0,0.05172639712691307,periodic_150,1.0,1.0,100.0,4000.0,4000.0,0.07584208250045776,periodic_150,1.0,1.0,100.0,5000.0,5000.0
lista,dysts:LuChenCheng,5,complete,6.410860805772245e-05,periodic_100,1.0,1.0,100.0,100.0,100.0,0.0008396250195801258,periodic_200,1.0,1.0,100.0,500.0,500.0,0.0031329893972724676,periodic_200,1.0,1.0,100.0,1000.0,1000.0,0.008120623417198658,periodic_200,1.0,1.0,100.0,1500.0,1500.0,0.018193313851952553,periodic_200,1.0,1.0,100.0,2000.0,2000.0,0.04480496421456337,periodic_200,1.0,1.0,100.0,3000.0,3000.0,0.05902784317731857,periodic_200,1.0,1.0,100.0,4000.0,4000.0,0.0700530931353569,periodic_200,1.0,1.0,100.0,5000.0,5000.0
lista,dysts:LuChenCheng,6,complete,0.00018529623048380017,periodic_100,1.0,1.0,100.0,100.0,100.0,0.0014321459457278252,periodic_200,1.0,1.0,100.0,500.0,500.0,0.0044815014116466045,periodic_150,1.0,1.0,100.0,1000.0,1000.0,0.00815747119486332,periodic_150,1.0,1.0,100.0,1500.0,1500.0,0.012459686025977135,periodic_150,1.0,1.0,100.0,2000.0,2000.0,0.022768454626202583,periodic_150,1.0,1.0,100.0,3000.0,3000.0,0.04052809253334999,periodic_150,1.0,1.0,100.0,4000.0,4000.0,0.07492242008447647,periodic_150,1.0,1.0,100.0,5000.0,5000.0
lista,dysts:LuChenCheng,7,complete,6.940326420590281e-05,periodic_100,1.0,1.0,100.0,100.0,100.0,0.0007312011439353228,periodic_150,1.0,1.0,100.0,500.0,500.0,0.002184519777074456,periodic_150,1.0,1.0,100.0,1000.0,1000.0,0.004294693004339933,periodic_150,1.0,1.0,100.0,1500.0,1500.0,0.00633788388222456,periodic_150,1.0,1.0,100.0,2000.0,2000.0,0.01032960694283247,periodic_150,1.0,1.0,100.0,3000.0,3000.0,0.014474600553512573,periodic_150,1.0,1.0,100.0,4000.0,4000.0,0.037080131471157074,periodic_150,1.0,1.0,100.0,5000.0,5000.0
lista,dysts:LuChenCheng,8,complete,6.559986650245264e-05,periodic_100,1.0,1.0,100.0,100.0,100.0,0.000858288025483489,periodic_200,1.0,1.0,100.0,500.0,500.0,0.002282951259985566,periodic_200,1.0,1.0,100.0,1000.0,1000.0,0.005147729534655809,periodic_200,1.0,1.0,100.0,1500.0,1500.0,0.01111048087477684,periodic_200,1.0,1.0,100.0,2000.0,2000.0,0.030905956402420998,periodic_200,1.0,1.0,100.0,3000.0,3000.0,0.07797794044017792,periodic_200,1.0,1.0,100.0,4000.0,4000.0,0.12418029457330704,periodic_200,1.0,1.0,100.0,5000.0,5000.0
lista,dysts:LuChenCheng,9,complete,5.68439754715655e-05,periodic_100,1.0,1.0,100.0,100.0,100.0,0.0008151333313435316,periodic_150,1.0,1.0,100.0,500.0,500.0,0.0022778885904699564,periodic_150,1.0,1.0,100.0,1000.0,1000.0,0.0050763580948114395,periodic_150,1.0,1.0,100.0,1500.0,1500.0,0.009509355761110783,periodic_200,1.0,1.0,100.0,2000.0,2000.0,0.022723862901329994,periodic_200,1.0,1.0,100.0,3000.0,3000.0,0.04219470173120499,periodic_200,1.0,1.0,100.0,4000.0,4000.0,0.06525774300098419,periodic_200,1.0,1.0,100.0,5000.0,5000.0
lista,dysts:LuChenCheng,10,complete,0.00017154276429209858,periodic_100,1.0,1.0,100.0,100.0,100.0,0.0015082192840054631,periodic_150,1.0,1.0,100.0,500.0,500.0,0.006778818555176258,periodic_200,1.0,1.0,100.0,1000.0,1000.0,0.013566745445132256,periodic_200,1.0,1.0,100.0,1500.0,1500.0,0.018844254314899445,periodic_200,1.0,1.0,100.0,2000.0,2000.0,0.03316699340939522,periodic_200,1.0,1.0,100.0,3000.0,3000.0,0.04893169552087784,periodic_200,1.0,1.0,100.0,4000.0,4000.0,0.08307626098394394,periodic_200,1.0,1.0,100.0,5000.0,5000.0
lista,dysts:LuChenCheng,11,complete,7.47053709346801e-05,periodic_100,1.0,1.0,100.0,100.0,100.0,0.0007345482590608299,periodic_200,1.0,1.0,100.0,500.0,500.0,0.0016889716498553753,periodic_200,1.0,1.0,100.0,1000.0,1000.0,0.0033105507027357817,periodic_200,1.0,1.0,100.0,1500.0,1500.0,0.00614379346370697,periodic_200,1.0,1.0,100.0,2000.0,2000.0,0.015368474647402763,periodic_200,1.0,1.0,100.0,3000.0,3000.0,0.03469986096024513,periodic_200,1.0,1.0,100.0,4000.0,4000.0,0.07545962184667587,periodic_200,1.0,1.0,100.0,5000.0,5000.0
lista,dysts:LuChenCheng,12,complete,0.00010695111996028572,periodic_100,1.0,1.0,100.0,100.0,100.0,0.0011941191041842103,periodic_150,1.0,1.0,100.0,500.0,500.0,0.0032760780304670334,periodic_200,1.0,1.0,100.0,1000.0,1000.0,0.006578815169632435,periodic_200,1.0,1.0,100.0,1500.0,1500.0,0.010976189747452736,periodic_200,1.0,1.0,100.0,2000.0,2000.0,0.018258120864629745,periodic_200,1.0,1.0,100.0,3000.0,3000.0,0.024927396327257156,periodic_200,1.0,1.0,100.0,4000.0,4000.0,0.050132669508457184,periodic_200,1.0,1.0,100.0,5000.0,5000.0
lista,dysts:LuChenCheng,13,complete,8.10963538242504e-05,periodic_100,1.0,1.0,100.0,100.0,100.0,0.0012793955393135548,periodic_150,1.0,1.0,100.0,500.0,500.0,0.0036113541573286057,periodic_200,1.0,1.0,100.0,1000.0,1000.0,0.006620102562010288,periodic_200,1.0,1.0,100.0,1500.0,1500.0,0.014069854281842709,periodic_200,1.0,1.0,100.0,2000.0,2000.0,0.050276998430490494,periodic_200,1.0,1.0,100.0,3000.0,3000.0,0.07958964258432388,periodic_200,1.0,1.0,100.0,4000.0,4000.0,0.12749820947647095,periodic_200,1.0,1.0,100.0,5000.0,5000.0
lista,dysts:LuChenCheng,14,complete,3.883721001329832e-05,periodic_100,1.0,1.0,100.0,100.0,100.0,0.0003393360530026257,periodic_100,1.0,1.0,100.0,500.0,500.0,0.0009425844764336944,periodic_100,1.0,1.0,100.0,1000.0,1000.0,0.001597053138539195,periodic_100,1.0,1.0,100.0,1500.0,1500.0,0.0021396102383732796,periodic_100,1.0,1.0,100.0,2000.0,2000.0,0.004617439117282629,periodic_100,1.0,1.0,100.0,3000.0,3000.0,0.012031810358166695,periodic_200,1.0,1.0,100.0,4000.0,4000.0,0.028273429721593857,periodic_200,1.0,1.0,100.0,5000.0,5000.0
lista,dysts:QiChen,0,complete,0.00010230379848508164,periodic_100,1.0,1.0,100.0,100.0,100.0,0.0014761995989829302,periodic_100,1.0,1.0,100.0,500.0,500.0,0.008041972294449806,periodic_150,1.0,1.0,100.0,1000.0,1000.0,0.026219060644507408,periodic_150,1.0,1.0,100.0,1500.0,1500.0,0.09596893936395645,periodic_150,1.0,1.0,100.0,2000.0,2000.0,0.36898690462112427,periodic_100,1.0,1.0,100.0,3000.0,3000.0,0.6073218584060669,periodic_200,1.0,1.0,100.0,4000.0,4000.0,0.7076153755187988,periodic_200,1.0,1.0,100.0,5000.0,5000.0
lista,dysts:QiChen,1,complete,9.175154264084995e-05,periodic_100,1.0,1.0,100.0,100.0,100.0,0.0009082992910407484,periodic_100,1.0,1.0,100.0,500.0,500.0,0.0032620516140013933,periodic_150,1.0,1.0,100.0,1000.0,1000.0,0.0090307192876935,periodic_150,1.0,1.0,100.0,1500.0,1500.0,0.01817973144352436,periodic_200,1.0,1.0,100.0,2000.0,2000.0,0.16808953881263733,periodic_200,1.0,1.0,100.0,3000.0,3000.0,0.3743017613887787,periodic_150,1.0,1.0,100.0,4000.0,4000.0,0.7623656988143921,periodic_150,1.0,1.0,100.0,5000.0,5000.0
lista,dysts:QiChen,2,complete,0.0004796014982275665,periodic_50,1.0,1.0,100.0,100.0,100.0,0.010097632184624672,periodic_50,1.0,1.0,100.0,500.0,500.0,0.03510914742946625,periodic_150,1.0,1.0,100.0,1000.0,1000.0,0.06321022659540176,periodic_150,1.0,1.0,100.0,1500.0,1500.0,0.10682541131973267,periodic_150,1.0,1.0,100.0,2000.0,2000.0,0.2592372000217438,periodic_100,1.0,1.0,100.0,3000.0,3000.0,0.5438959002494812,periodic_50,1.0,1.0,100.0,4000.0,4000.0,1.031846523284912,periodic_50,1.0,1.0,100.0,5000.0,5000.0
lista,dysts:QiChen,3,complete,0.000115655166155193,periodic_100,1.0,1.0,100.0,100.0,100.0,0.0008723031496629119,periodic_100,1.0,1.0,100.0,500.0,500.0,0.0027659968473017216,periodic_150,1.0,1.0,100.0,1000.0,1000.0,0.007928443141281605,periodic_150,1.0,1.0,100.0,1500.0,1500.0,0.01882041059434414,periodic_150,1.0,1.0,100.0,2000.0,2000.0,0.13115645945072174,periodic_150,1.0,1.0,100.0,3000.0,3000.0,0.20463594794273376,periodic_200,1.0,1.0,100.0,4000.0,4000.0,0.3579249680042267,periodic_200,1.0,1.0,100.0,5000.0,5000.0
lista,dysts:QiChen,4,complete,0.00011153391824336722,periodic_100,1.0,1.0,100.0,100.0,100.0,0.001459668856114149,periodic_100,1.0,1.0,100.0,500.0,500.0,0.004585264250636101,periodic_150,1.0,1.0,100.0,1000.0,1000.0,0.016157343983650208,periodic_150,1.0,1.0,100.0,1500.0,1500.0,0.10220326483249664,periodic_200,1.0,1.0,100.0,2000.0,2000.0,0.3286904990673065,periodic_150,1.0,1.0,100.0,3000.0,3000.0,0.45462295413017273,periodic_150,1.0,1.0,100.0,4000.0,4000.0,0.6051658987998962,periodic_150,1.0,1.0,100.0,5000.0,5000.0
lista,dysts:QiChen,5,complete,0.00017588007904123515,periodic_50,1.0,1.0,100.0,100.0,100.0,0.0020208461210131645,periodic_100,1.0,1.0,100.0,500.0,500.0,0.004655133467167616,periodic_100,1.0,1.0,100.0,1000.0,1000.0,0.008825934492051601,periodic_200,1.0,1.0,100.0,1500.0,1500.0,0.024210749194025993,periodic_150,1.0,1.0,100.0,2000.0,2000.0,0.16092747449874878,periodic_150,1.0,1.0,100.0,3000.0,3000.0,0.38757404685020447,periodic_100,1.0,1.0,100.0,4000.0,4000.0,0.49120238423347473,periodic_100,1.0,1.0,100.0,5000.0,5000.0
lista,dysts:QiChen,6,complete,0.00010975800250889733,periodic_100,1.0,1.0,100.0,100.0,100.0,0.0013916492462158203,periodic_100,1.0,1.0,100.0,500.0,500.0,0.0061204517260193825,periodic_100,1.0,1.0,100.0,1000.0,1000.0,0.014719231985509396,periodic_100,1.0,1.0,100.0,1500.0,1500.0,0.0389396995306015,periodic_150,1.0,1.0,100.0,2000.0,2000.0,0.17622967064380646,periodic_100,1.0,1.0,100.0,3000.0,3000.0,0.22245624661445618,periodic_200,1.0,1.0,100.0,4000.0,4000.0,0.4205184578895569,periodic_100,1.0,1.0,100.0,5000.0,5000.0
lista,dysts:QiChen,7,complete,0.00013519775529857725,periodic_100,1.0,1.0,100.0,100.0,100.0,0.0015803121495991945,periodic_200,1.0,1.0,100.0,500.0,500.0,0.004831403959542513,periodic_200,1.0,1.0,100.0,1000.0,1000.0,0.010794912464916706,periodic_200,1.0,1.0,100.0,1500.0,1500.0,0.01630069687962532,periodic_200,1.0,1.0,100.0,2000.0,2000.0,0.05075623467564583,periodic_200,1.0,1.0,100.0,3000.0,3000.0,0.28058767318725586,periodic_200,1.0,1.0,100.0,4000.0,4000.0,0.3439437747001648,periodic_200,1.0,1.0,100.0,5000.0,5000.0
lista,dysts:QiChen,8,complete,0.000331562157953158,periodic_50,1.0,1.0,100.0,100.0,100.0,0.0038677030242979527,periodic_100,1.0,1.0,100.0,500.0,500.0,0.012397896498441696,periodic_100,1.0,1.0,100.0,1000.0,1000.0,0.025286870077252388,periodic_100,1.0,1.0,100.0,1500.0,1500.0,0.039960309863090515,periodic_100,1.0,1.0,100.0,2000.0,2000.0,0.0774461179971695,periodic_100,1.0,1.0,100.0,3000.0,3000.0,0.1924971044063568,periodic_100,1.0,1.0,100.0,4000.0,4000.0,0.4429970681667328,periodic_100,1.0,1.0,100.0,5000.0,5000.0
lista,dysts:QiChen,9,complete,0.0003116200678050518,periodic_50,1.0,1.0,100.0,100.0,100.0,0.005716086830943823,periodic_50,1.0,1.0,100.0,500.0,500.0,0.019076140597462654,periodic_50,1.0,1.0,100.0,1000.0,1000.0,0.0482780784368515,periodic_50,1.0,1.0,100.0,1500.0,1500.0,0.12845396995544434,periodic_100,1.0,1.0,100.0,2000.0,2000.0,0.6059175729751587,periodic_50,1.0,1.0,100.0,3000.0,3000.0,0.8695442080497742,periodic_50,1.0,1.0,100.0,4000.0,4000.0,1.3168596029281616,periodic_50,1.0,1.0,100.0,5000.0,5000.0
lista,dysts:QiChen,10,complete,0.0001411423145327717,periodic_100,1.0,1.0,100.0,100.0,100.0,0.0017454171320423484,periodic_150,1.0,1.0,100.0,500.0,500.0,0.005363010335713625,periodic_200,1.0,1.0,100.0,1000.0,1000.0,0.011963188648223877,periodic_200,1.0,1.0,100.0,1500.0,1500.0,0.01939307153224945,periodic_200,1.0,1.0,100.0,2000.0,2000.0,0.10440775007009506,periodic_150,1.0,1.0,100.0,3000.0,3000.0,0.3860509395599365,periodic_150,1.0,1.0,100.0,4000.0,4000.0,0.7014980316162109,periodic_100,1.0,1.0,100.0,5000.0,5000.0
lista,dysts:QiChen,11,complete,0.0001354501728201285,periodic_100,1.0,1.0,100.0,100.0,100.0,0.0018351584440097213,periodic_100,1.0,1.0,100.0,500.0,500.0,0.007537058554589748,periodic_100,1.0,1.0,100.0,1000.0,1000.0,0.022269096225500107,periodic_100,1.0,1.0,100.0,1500.0,1500.0,0.06680461019277573,periodic_200,1.0,1.0,100.0,2000.0,2000.0,0.2313002645969391,periodic_200,1.0,1.0,100.0,3000.0,3000.0,0.447040855884552,periodic_200,1.0,1.0,100.0,4000.0,4000.0,0.5769096612930298,periodic_150,1.0,1.0,100.0,5000.0,5000.0
lista,dysts:QiChen,12,complete,0.00010543426469666883,periodic_100,1.0,1.0,100.0,100.0,100.0,0.0012496154522523284,periodic_150,1.0,1.0,100.0,500.0,500.0,0.004921791143715382,periodic_150,1.0,1.0,100.0,1000.0,1000.0,0.026405490934848785,periodic_200,1.0,1.0,100.0,1500.0,1500.0,0.12267637252807617,periodic_200,1.0,1.0,100.0,2000.0,2000.0,0.193531796336174,periodic_200,1.0,1.0,100.0,3000.0,3000.0,0.6573187112808228,periodic_200,1.0,1.0,100.0,4000.0,4000.0,0.8480308651924133,periodic_200,1.0,1.0,100.0,5000.0,5000.0
lista,dysts:QiChen,13,complete,0.0001031885840347968,periodic_100,1.0,1.0,100.0,100.0,100.0,0.0011894211638718843,periodic_150,1.0,1.0,100.0,500.0,500.0,0.0037846339400857687,periodic_150,1.0,1.0,100.0,1000.0,1000.0,0.0076064737513661385,periodic_150,1.0,1.0,100.0,1500.0,1500.0,0.014672172255814075,periodic_150,1.0,1.0,100.0,2000.0,2000.0,0.047808438539505005,periodic_150,1.0,1.0,100.0,3000.0,3000.0,0.17442560195922852,periodic_150,1.0,1.0,100.0,4000.0,4000.0,0.27135834097862244,periodic_150,1.0,1.0,100.0,5000.0,5000.0
lista,dysts:QiChen,14,complete,0.00033546387567184865,periodic_50,1.0,1.0,100.0,100.0,100.0,0.0023115219082683325,periodic_100,1.0,1.0,100.0,500.0,500.0,0.005157376639544964,periodic_100,1.0,1.0,100.0,1000.0,1000.0,0.008736313320696354,periodic_100,1.0,1.0,100.0,1500.0,1500.0,0.014114517718553543,periodic_100,1.0,1.0,100.0,2000.0,2000.0,0.06395340710878372,periodic_150,1.0,1.0,100.0,3000.0,3000.0,0.13277553021907806,periodic_200,1.0,1.0,100.0,4000.0,4000.0,0.4141439199447632,periodic_200,1.0,1.0,100.0,5000.0,5000.0
lista,dysts:Sakarya,0,complete,0.0005226377979852259,periodic_25,1.0,1.0,100.0,100.0,100.0,0.012909004464745522,periodic_10,1.0,1.0,100.0,500.0,500.0,0.024228837341070175,periodic_25,1.0,1.0,100.0,1000.0,1000.0,0.04398473724722862,periodic_50,1.0,1.0,100.0,1500.0,1500.0,0.08515055477619171,periodic_25,1.0,1.0,100.0,2000.0,2000.0,0.3918464779853821,periodic_25,1.0,1.0,100.0,3000.0,3000.0,0.8526512980461121,periodic_25,1.0,1.0,100.0,4000.0,4000.0,1.201592206954956,periodic_150,1.0,1.0,100.0,5000.0,5000.0
lista,dysts:Sakarya,1,complete,0.0014728298410773277,periodic_25,1.0,1.0,100.0,100.0,100.0,0.015323430299758911,periodic_25,1.0,1.0,100.0,500.0,500.0,0.07059132307767868,periodic_50,1.0,1.0,100.0,1000.0,1000.0,0.16047020256519318,periodic_50,1.0,1.0,100.0,1500.0,1500.0,0.31158003211021423,periodic_50,1.0,1.0,100.0,2000.0,2000.0,0.9793075323104858,periodic_50,1.0,1.0,100.0,3000.0,3000.0,1.6226158142089844,periodic_50,1.0,1.0,100.0,4000.0,4000.0,2.2072877883911133,periodic_50,1.0,1.0,100.0,5000.0,5000.0
lista,dysts:Sakarya,2,complete,0.0005483447457663715,periodic_25,1.0,1.0,100.0,100.0,100.0,0.003069604979828,periodic_100,1.0,1.0,100.0,500.0,500.0,0.031690869480371475,periodic_50,1.0,1.0,100.0,1000.0,1000.0,0.1003316342830658,periodic_100,1.0,1.0,100.0,1500.0,1500.0,0.22079092264175415,periodic_100,1.0,1.0,100.0,2000.0,2000.0,0.49829113483428955,periodic_100,1.0,1.0,100.0,3000.0,3000.0,0.7773846983909607,periodic_100,1.0,1.0,100.0,4000.0,4000.0,1.0840147733688354,periodic_150,1.0,1.0,100.0,5000.0,5000.0
lista,dysts:Sakarya,3,complete,0.00018529169028624892,periodic_50,1.0,1.0,100.0,100.0,100.0,0.002469767816364765,periodic_50,1.0,1.0,100.0,500.0,500.0,0.011114461347460747,periodic_200,1.0,1.0,100.0,1000.0,1000.0,0.04706638678908348,periodic_200,1.0,1.0,100.0,1500.0,1500.0,0.15138567984104156,periodic_150,1.0,1.0,100.0,2000.0,2000.0,0.20343612134456635,periodic_150,1.0,1.0,100.0,3000.0,3000.0,0.32822826504707336,periodic_150,1.0,1.0,100.0,4000.0,4000.0,0.580801248550415,periodic_150,1.0,1.0,100.0,5000.0,5000.0
lista,dysts:Sakarya,4,complete,0.0006037948187440634,periodic_25,1.0,1.0,100.0,100.0,100.0,0.011453782208263874,periodic_25,1.0,1.0,100.0,500.0,500.0,0.06803155690431595,periodic_100,1.0,1.0,100.0,1000.0,1000.0,0.29113754630088806,periodic_150,1.0,1.0,100.0,1500.0,1500.0,0.585273802280426,periodic_150,1.0,1.0,100.0,2000.0,2000.0,1.0152186155319214,periodic_50,1.0,1.0,100.0,3000.0,3000.0,1.216482400894165,periodic_200,1.0,1.0,100.0,4000.0,4000.0,1.4199342727661133,periodic_200,1.0,1.0,100.0,5000.0,5000.0
lista,dysts:Sakarya,5,complete,0.0005498703103512526,periodic_100,1.0,1.0,100.0,100.0,100.0,0.006842714734375477,periodic_100,1.0,1.0,100.0,500.0,500.0,0.04714250564575195,periodic_100,1.0,1.0,100.0,1000.0,1000.0,0.08023830503225327,periodic_100,1.0,1.0,100.0,1500.0,1500.0,0.1323964148759842,periodic_200,1.0,1.0,100.0,2000.0,2000.0,0.43271228671073914,periodic_200,1.0,1.0,100.0,3000.0,3000.0,0.6949043273925781,periodic_200,1.0,1.0,100.0,4000.0,4000.0,0.8156729340553284,periodic_200,1.0,1.0,100.0,5000.0,5000.0
lista,dysts:Sakarya,6,complete,0.0010090235155075788,periodic_50,1.0,1.0,100.0,100.0,100.0,0.013763321563601494,periodic_50,1.0,1.0,100.0,500.0,500.0,0.04545336589217186,periodic_50,1.0,1.0,100.0,1000.0,1000.0,0.12353867292404175,periodic_50,1.0,1.0,100.0,1500.0,1500.0,0.25207969546318054,periodic_50,1.0,1.0,100.0,2000.0,2000.0,0.5205991864204407,periodic_50,1.0,1.0,100.0,3000.0,3000.0,1.0238374471664429,periodic_50,1.0,1.0,100.0,4000.0,4000.0,1.611475944519043,periodic_100,1.0,1.0,100.0,5000.0,5000.0
lista,dysts:Sakarya,7,complete,0.0011570537462830544,periodic_50,1.0,1.0,100.0,100.0,100.0,0.03076796978712082,periodic_50,1.0,1.0,100.0,500.0,500.0,0.08274804055690765,periodic_50,1.0,1.0,100.0,1000.0,1000.0,0.18660332262516022,periodic_100,1.0,1.0,100.0,1500.0,1500.0,0.35090529918670654,periodic_100,1.0,1.0,100.0,2000.0,2000.0,0.8358625173568726,periodic_100,1.0,1.0,100.0,3000.0,3000.0,1.443723201751709,periodic_100,1.0,1.0,100.0,4000.0,4000.0,1.9187911748886108,periodic_100,1.0,1.0,100.0,5000.0,5000.0
lista,dysts:Sakarya,8,complete,0.000367309054126963,periodic_50,1.0,1.0,100.0,100.0,100.0,0.005921074189245701,periodic_50,1.0,1.0,100.0,500.0,500.0,0.029582761228084564,periodic_150,1.0,1.0,100.0,1000.0,1000.0,0.09959332644939423,periodic_200,1.0,1.0,100.0,1500.0,1500.0,0.3314628303050995,periodic_200,1.0,1.0,100.0,2000.0,2000.0,0.583561360836029,periodic_100,1.0,1.0,100.0,3000.0,3000.0,0.8109087347984314,periodic_100,1.0,1.0,100.0,4000.0,4000.0,1.4332389831542969,periodic_100,1.0,1.0,100.0,5000.0,5000.0
lista,dysts:Sakarya,9,complete,0.0021833719220012426,periodic_25,1.0,1.0,100.0,100.0,100.0,0.06383799761533737,periodic_10,1.0,1.0,100.0,500.0,500.0,0.18525190651416779,periodic_25,1.0,1.0,100.0,1000.0,1000.0,0.33464258909225464,periodic_25,1.0,1.0,100.0,1500.0,1500.0,0.4726976752281189,periodic_50,1.0,1.0,100.0,2000.0,2000.0,0.8143409490585327,periodic_50,1.0,1.0,100.0,3000.0,3000.0,1.3057838678359985,periodic_50,1.0,1.0,100.0,4000.0,4000.0,1.952621340751648,periodic_25,1.0,1.0,100.0,5000.0,5000.0
lista,dysts:Sakarya,10,complete,0.000156280497321859,periodic_50,1.0,1.0,100.0,100.0,100.0,0.002040878403931856,periodic_100,1.0,1.0,100.0,500.0,500.0,0.007120118942111731,periodic_100,1.0,1.0,100.0,1000.0,1000.0,0.04752707853913307,periodic_100,1.0,1.0,100.0,1500.0,1500.0,0.12010473012924194,periodic_100,1.0,1.0,100.0,2000.0,2000.0,0.4338577687740326,periodic_150,1.0,1.0,100.0,3000.0,3000.0,0.9344335794448853,periodic_100,1.0,1.0,100.0,4000.0,4000.0,1.2526280879974365,periodic_100,1.0,1.0,100.0,5000.0,5000.0
lista,dysts:Sakarya,11,complete,0.00017022149404510856,periodic_50,1.0,1.0,100.0,100.0,100.0,0.002762071555480361,periodic_50,1.0,1.0,100.0,500.0,500.0,0.0077569796703755856,periodic_50,1.0,1.0,100.0,1000.0,1000.0,0.015879705548286438,periodic_50,1.0,1.0,100.0,1500.0,1500.0,0.030990291386842728,periodic_50,1.0,1.0,100.0,2000.0,2000.0,0.06837791949510574,periodic_100,1.0,1.0,100.0,3000.0,3000.0,0.1753515750169754,periodic_100,1.0,1.0,100.0,4000.0,4000.0,0.33447375893592834,periodic_100,1.0,1.0,100.0,5000.0,5000.0
lista,dysts:Sakarya,12,complete,0.00022822193568572402,periodic_50,1.0,1.0,100.0,100.0,100.0,0.0023063416592776775,periodic_50,1.0,1.0,100.0,500.0,500.0,0.008547510951757431,periodic_50,1.0,1.0,100.0,1000.0,1000.0,0.01940496824681759,periodic_50,1.0,1.0,100.0,1500.0,1500.0,0.03858691081404686,periodic_50,1.0,1.0,100.0,2000.0,2000.0,0.09198441356420517,periodic_50,1.0,1.0,100.0,3000.0,3000.0,0.20794495940208435,periodic_100,1.0,1.0,100.0,4000.0,4000.0,0.6419587731361389,periodic_100,1.0,1.0,100.0,5000.0,5000.0
lista,dysts:Sakarya,13,complete,0.01644514873623848,periodic_25,1.0,1.0,100.0,100.0,100.0,0.1803445816040039,periodic_25,1.0,1.0,100.0,500.0,500.0,0.7652230262756348,periodic_25,1.0,1.0,100.0,1000.0,1000.0,1.328343391418457,periodic_25,1.0,1.0,100.0,1500.0,1500.0,1.8166064023971558,periodic_25,1.0,1.0,100.0,2000.0,2000.0,2.324126958847046,periodic_25,1.0,1.0,100.0,3000.0,3000.0,2.682786226272583,periodic_25,1.0,1.0,100.0,4000.0,4000.0,3.007199287414551,periodic_25,1.0,1.0,100.0,5000.0,5000.0
lista,dysts:Sakarya,14,complete,0.0003947577497456223,periodic_50,1.0,1.0,100.0,100.0,100.0,0.011269502341747284,periodic_50,1.0,1.0,100.0,500.0,500.0,0.024385707452893257,periodic_50,1.0,1.0,100.0,1000.0,1000.0,0.049890123307704926,periodic_50,1.0,1.0,100.0,1500.0,1500.0,0.08046810328960419,periodic_50,1.0,1.0,100.0,2000.0,2000.0,0.16848216950893402,periodic_100,1.0,1.0,100.0,3000.0,3000.0,0.2915756404399872,periodic_100,1.0,1.0,100.0,4000.0,4000.0,0.473232626914978,periodic_100,1.0,1.0,100.0,5000.0,5000.0
lista,dysts:SanUmSrisuchinwong,0,complete,0.00018498385907150805,periodic_100,1.0,1.0,100.0,100.0,100.0,0.00196497468277812,periodic_200,1.0,1.0,100.0,500.0,500.0,0.0061024259775877,periodic_200,1.0,1.0,100.0,1000.0,1000.0,0.012470286339521408,periodic_200,1.0,1.0,100.0,1500.0,1500.0,0.022800741717219353,periodic_200,1.0,1.0,100.0,2000.0,2000.0,0.1196056678891182,periodic_200,1.0,1.0,100.0,3000.0,3000.0,0.5111280679702759,periodic_200,1.0,1.0,100.0,4000.0,4000.0,0.8545978665351868,periodic_200,1.0,1.0,100.0,5000.0,5000.0
lista,dysts:SanUmSrisuchinwong,1,complete,0.00010570813901722431,periodic_100,1.0,1.0,100.0,100.0,100.0,0.0016661575064063072,periodic_100,1.0,1.0,100.0,500.0,500.0,0.0056189424358308315,periodic_200,1.0,1.0,100.0,1000.0,1000.0,0.023101000115275383,periodic_200,1.0,1.0,100.0,1500.0,1500.0,0.08510316163301468,periodic_200,1.0,1.0,100.0,2000.0,2000.0,0.3016899824142456,periodic_200,1.0,1.0,100.0,3000.0,3000.0,0.5233951210975647,periodic_200,1.0,1.0,100.0,4000.0,4000.0,0.8786975145339966,periodic_200,1.0,1.0,100.0,5000.0,5000.0
lista,dysts:SanUmSrisuchinwong,2,complete,0.0003594725567381829,periodic_100,1.0,1.0,100.0,100.0,100.0,0.0043955412693321705,periodic_150,1.0,1.0,100.0,500.0,500.0,0.013284014537930489,periodic_150,1.0,1.0,100.0,1000.0,1000.0,0.02476026490330696,periodic_150,1.0,1.0,100.0,1500.0,1500.0,0.049374666064977646,periodic_150,1.0,1.0,100.0,2000.0,2000.0,0.23547965288162231,periodic_200,1.0,1.0,100.0,3000.0,3000.0,0.40181785821914673,periodic_200,1.0,1.0,100.0,4000.0,4000.0,0.6687764525413513,periodic_100,1.0,1.0,100.0,5000.0,5000.0
lista,dysts:SanUmSrisuchinwong,3,complete,0.00027069312636740506,periodic_100,1.0,1.0,100.0,100.0,100.0,0.0054825977422297,periodic_50,1.0,1.0,100.0,500.0,500.0,0.024536969140172005,periodic_50,1.0,1.0,100.0,1000.0,1000.0,0.07366546988487244,periodic_50,1.0,1.0,100.0,1500.0,1500.0,0.24021025002002716,periodic_50,1.0,1.0,100.0,2000.0,2000.0,0.7033048868179321,periodic_25,1.0,1.0,100.0,3000.0,3000.0,1.1252845525741577,periodic_50,1.0,1.0,100.0,4000.0,4000.0,1.4332247972488403,periodic_50,1.0,1.0,100.0,5000.0,5000.0
lista,dysts:SanUmSrisuchinwong,4,complete,0.00017843395471572876,periodic_100,1.0,1.0,100.0,100.0,100.0,0.0018714903853833675,periodic_150,1.0,1.0,100.0,500.0,500.0,0.0049587138928473,periodic_200,1.0,1.0,100.0,1000.0,1000.0,0.009436399675905704,periodic_200,1.0,1.0,100.0,1500.0,1500.0,0.01530902273952961,periodic_200,1.0,1.0,100.0,2000.0,2000.0,0.06870292872190475,periodic_200,1.0,1.0,100.0,3000.0,3000.0,0.44987252354621887,periodic_150,1.0,1.0,100.0,4000.0,4000.0,0.7154034972190857,periodic_150,1.0,1.0,100.0,5000.0,5000.0
lista,dysts:SanUmSrisuchinwong,5,complete,0.0002833616454154253,periodic_100,1.0,1.0,100.0,100.0,100.0,0.004552267957478762,periodic_150,1.0,1.0,100.0,500.0,500.0,0.020014215260744095,periodic_200,1.0,1.0,100.0,1000.0,1000.0,0.050924040377140045,periodic_200,1.0,1.0,100.0,1500.0,1500.0,0.08206363767385483,periodic_200,1.0,1.0,100.0,2000.0,2000.0,0.16695378720760345,periodic_200,1.0,1.0,100.0,3000.0,3000.0,0.44311055541038513,periodic_200,1.0,1.0,100.0,4000.0,4000.0,0.6442806720733643,periodic_200,1.0,1.0,100.0,5000.0,5000.0
lista,dysts:SanUmSrisuchinwong,6,complete,0.0026244602631777525,periodic_100,1.0,1.0,100.0,100.0,100.0,0.022521570324897766,periodic_200,1.0,1.0,100.0,500.0,500.0,0.13607272505760193,periodic_200,1.0,1.0,100.0,1000.0,1000.0,0.3149290382862091,periodic_200,1.0,1.0,100.0,1500.0,1500.0,0.49656105041503906,periodic_200,1.0,1.0,100.0,2000.0,2000.0,1.0020403861999512,periodic_200,1.0,1.0,100.0,3000.0,3000.0,1.6184289455413818,periodic_200,1.0,1.0,100.0,4000.0,4000.0,1.9408916234970093,periodic_200,1.0,1.0,100.0,5000.0,5000.0
lista,dysts:SanUmSrisuchinwong,7,complete,0.0004397649026941508,periodic_50,1.0,1.0,100.0,100.0,100.0,0.005311506800353527,periodic_50,1.0,1.0,100.0,500.0,500.0,0.019145796075463295,periodic_100,1.0,1.0,100.0,1000.0,1000.0,0.041375283151865005,periodic_100,1.0,1.0,100.0,1500.0,1500.0,0.10040359199047089,periodic_100,1.0,1.0,100.0,2000.0,2000.0,0.4275128245353699,periodic_50,1.0,1.0,100.0,3000.0,3000.0,0.9613942503929138,periodic_50,1.0,1.0,100.0,4000.0,4000.0,2.8609707355499268,periodic_100,1.0,1.0,100.0,5000.0,5000.0
lista,dysts:SanUmSrisuchinwong,8,complete,0.00022135081235319376,periodic_100,1.0,1.0,100.0,100.0,100.0,0.003909969236701727,periodic_200,1.0,1.0,100.0,500.0,500.0,0.009948235005140305,periodic_200,1.0,1.0,100.0,1000.0,1000.0,0.01667875237762928,periodic_200,1.0,1.0,100.0,1500.0,1500.0,0.027308214455842972,periodic_200,1.0,1.0,100.0,2000.0,2000.0,0.07085517793893814,periodic_200,1.0,1.0,100.0,3000.0,3000.0,0.2554624080657959,periodic_200,1.0,1.0,100.0,4000.0,4000.0,0.5219175815582275,periodic_200,1.0,1.0,100.0,5000.0,5000.0
lista,dysts:SanUmSrisuchinwong,9,complete,0.0008555749664083123,periodic_50,1.0,1.0,100.0,100.0,100.0,0.017222970724105835,periodic_50,1.0,1.0,100.0,500.0,500.0,0.05957380309700966,periodic_50,1.0,1.0,100.0,1000.0,1000.0,0.12503153085708618,periodic_50,1.0,1.0,100.0,1500.0,1500.0,0.20747750997543335,periodic_25,1.0,1.0,100.0,2000.0,2000.0,0.5808013081550598,periodic_25,1.0,1.0,100.0,3000.0,3000.0,1.3329249620437622,periodic_25,1.0,1.0,100.0,4000.0,4000.0,1.918791651725769,periodic_25,1.0,1.0,100.0,5000.0,5000.0
lista,dysts:SanUmSrisuchinwong,10,complete,0.0004330551309976727,periodic_50,1.0,1.0,100.0,100.0,100.0,0.008450561203062534,periodic_50,1.0,1.0,100.0,500.0,500.0,0.025496158748865128,periodic_50,1.0,1.0,100.0,1000.0,1000.0,0.07535919547080994,periodic_50,1.0,1.0,100.0,1500.0,1500.0,0.14385563135147095,periodic_25,1.0,1.0,100.0,2000.0,2000.0,0.3717651069164276,periodic_25,1.0,1.0,100.0,3000.0,3000.0,0.6630695462226868,periodic_50,1.0,1.0,100.0,4000.0,4000.0,0.9766583442687988,periodic_50,1.0,1.0,100.0,5000.0,5000.0
lista,dysts:SanUmSrisuchinwong,11,complete,0.0002957629330921918,periodic_100,1.0,1.0,100.0,100.0,100.0,0.0037738485261797905,periodic_200,1.0,1.0,100.0,500.0,500.0,0.015487145632505417,periodic_200,1.0,1.0,100.0,1000.0,1000.0,0.030675198882818222,periodic_200,1.0,1.0,100.0,1500.0,1500.0,0.04188472777605057,periodic_200,1.0,1.0,100.0,2000.0,2000.0,0.07899197936058044,periodic_200,1.0,1.0,100.0,3000.0,3000.0,0.20157064497470856,periodic_200,1.0,1.0,100.0,4000.0,4000.0,0.49665653705596924,periodic_200,1.0,1.0,100.0,5000.0,5000.0
lista,dysts:SanUmSrisuchinwong,12,complete,0.0021214797161519527,periodic_100,1.0,1.0,100.0,100.0,100.0,0.012991228140890598,periodic_200,1.0,1.0,100.0,500.0,500.0,0.031506363302469254,periodic_200,1.0,1.0,100.0,1000.0,1000.0,0.05543197691440582,periodic_200,1.0,1.0,100.0,1500.0,1500.0,0.10953108966350555,periodic_200,1.0,1.0,100.0,2000.0,2000.0,0.39450711011886597,periodic_200,1.0,1.0,100.0,3000.0,3000.0,0.6225515604019165,periodic_200,1.0,1.0,100.0,4000.0,4000.0,0.9367299675941467,periodic_200,1.0,1.0,100.0,5000.0,5000.0
lista,dysts:SanUmSrisuchinwong,13,complete,0.00014129634655546397,periodic_100,1.0,1.0,100.0,100.0,100.0,0.0014273067936301231,periodic_150,1.0,1.0,100.0,500.0,500.0,0.0038787645753473043,periodic_200,1.0,1.0,100.0,1000.0,1000.0,0.006640864070504904,periodic_200,1.0,1.0,100.0,1500.0,1500.0,0.010665045119822025,periodic_200,1.0,1.0,100.0,2000.0,2000.0,0.03160453960299492,periodic_200,1.0,1.0,100.0,3000.0,3000.0,0.12215007096529007,periodic_200,1.0,1.0,100.0,4000.0,4000.0,0.41133567690849304,periodic_200,1.0,1.0,100.0,5000.0,5000.0
lista,dysts:SanUmSrisuchinwong,14,complete,0.00011114026710856706,periodic_100,1.0,1.0,100.0,100.0,100.0,0.0015436519170179963,periodic_100,1.0,1.0,100.0,500.0,500.0,0.0044820127077400684,periodic_100,1.0,1.0,100.0,1000.0,1000.0,0.009886733256280422,periodic_150,1.0,1.0,100.0,1500.0,1500.0,0.020070986822247505,periodic_100,1.0,1.0,100.0,2000.0,2000.0,0.08093209564685822,periodic_150,1.0,1.0,100.0,3000.0,3000.0,0.38255828619003296,periodic_150,1.0,1.0,100.0,4000.0,4000.0,0.7346290349960327,periodic_50,1.0,1.0,100.0,5000.0,5000.0
lista,dysts:ShimizuMorioka,0,complete,5.116785905556753e-05,periodic_100,1.0,1.0,100.0,100.0,100.0,0.0007182405679486692,periodic_100,1.0,1.0,100.0,500.0,500.0,0.0021764396224170923,periodic_150,1.0,1.0,100.0,1000.0,1000.0,0.0039421976543962955,periodic_200,1.0,1.0,100.0,1500.0,1500.0,0.006615679711103439,periodic_200,1.0,1.0,100.0,2000.0,2000.0,0.022541658952832222,periodic_200,1.0,1.0,100.0,3000.0,3000.0,0.0662771537899971,periodic_150,1.0,1.0,100.0,4000.0,4000.0,0.1309279352426529,periodic_150,1.0,1.0,100.0,5000.0,5000.0
lista,dysts:ShimizuMorioka,1,complete,6.126098014647141e-05,periodic_100,1.0,1.0,100.0,100.0,100.0,0.0006685194093734026,periodic_200,1.0,1.0,100.0,500.0,500.0,0.001989695942029357,periodic_200,1.0,1.0,100.0,1000.0,1000.0,0.004251865670084953,periodic_200,1.0,1.0,100.0,1500.0,1500.0,0.008264923468232155,periodic_200,1.0,1.0,100.0,2000.0,2000.0,0.028552955016493797,periodic_200,1.0,1.0,100.0,3000.0,3000.0,0.11773212254047394,periodic_100,1.0,1.0,100.0,4000.0,4000.0,0.30231139063835144,periodic_200,1.0,1.0,100.0,5000.0,5000.0
lista,dysts:ShimizuMorioka,2,complete,4.794842971023172e-05,periodic_100,1.0,1.0,100.0,100.0,100.0,0.0005246587679721415,periodic_200,1.0,1.0,100.0,500.0,500.0,0.002106733387336135,periodic_200,1.0,1.0,100.0,1000.0,1000.0,0.005541348364204168,periodic_200,1.0,1.0,100.0,1500.0,1500.0,0.012731578201055527,periodic_200,1.0,1.0,100.0,2000.0,2000.0,0.06002946197986603,periodic_200,1.0,1.0,100.0,3000.0,3000.0,0.20643576979637146,periodic_200,1.0,1.0,100.0,4000.0,4000.0,0.3749935030937195,periodic_200,1.0,1.0,100.0,5000.0,5000.0
lista,dysts:ShimizuMorioka,3,complete,0.00012773615890182555,periodic_100,1.0,1.0,100.0,100.0,100.0,0.0009635000606067479,periodic_150,1.0,1.0,100.0,500.0,500.0,0.00250899326056242,periodic_200,1.0,1.0,100.0,1000.0,1000.0,0.00407604593783617,periodic_200,1.0,1.0,100.0,1500.0,1500.0,0.006655089091509581,periodic_200,1.0,1.0,100.0,2000.0,2000.0,0.019086971879005432,periodic_200,1.0,1.0,100.0,3000.0,3000.0,0.0861588567495346,periodic_200,1.0,1.0,100.0,4000.0,4000.0,0.2836827039718628,periodic_200,1.0,1.0,100.0,5000.0,5000.0
lista,dysts:ShimizuMorioka,4,complete,6.640448555117473e-05,periodic_100,1.0,1.0,100.0,100.0,100.0,0.0006171247223392129,periodic_150,1.0,1.0,100.0,500.0,500.0,0.0016428189119324088,periodic_100,1.0,1.0,100.0,1000.0,1000.0,0.0024878797121345997,periodic_150,1.0,1.0,100.0,1500.0,1500.0,0.00388198415748775,periodic_150,1.0,1.0,100.0,2000.0,2000.0,0.015174727886915207,periodic_150,1.0,1.0,100.0,3000.0,3000.0,0.07694009691476822,periodic_150,1.0,1.0,100.0,4000.0,4000.0,0.21155446767807007,periodic_100,1.0,1.0,100.0,5000.0,5000.0
lista,dysts:ShimizuMorioka,5,complete,6.488306098617613e-05,periodic_100,1.0,1.0,100.0,100.0,100.0,0.000547465868294239,periodic_150,1.0,1.0,100.0,500.0,500.0,0.00211446825414896,periodic_150,1.0,1.0,100.0,1000.0,1000.0,0.004705188330262899,periodic_150,1.0,1.0,100.0,1500.0,1500.0,0.0075264726765453815,periodic_150,1.0,1.0,100.0,2000.0,2000.0,0.01867430843412876,periodic_150,1.0,1.0,100.0,3000.0,3000.0,0.07713957130908966,periodic_150,1.0,1.0,100.0,4000.0,4000.0,0.19225198030471802,periodic_150,1.0,1.0,100.0,5000.0,5000.0
lista,dysts:ShimizuMorioka,6,complete,0.0033056854736059904,periodic_100,1.0,1.0,100.0,100.0,100.0,0.038032401353120804,periodic_200,1.0,1.0,100.0,500.0,500.0,0.31489047408103943,periodic_100,1.0,1.0,100.0,1000.0,1000.0,0.9986245036125183,periodic_100,1.0,1.0,100.0,1500.0,1500.0,2.8436527252197266,periodic_100,1.0,1.0,100.0,2000.0,2000.0,28.436382293701172,periodic_150,1.0,1.0,100.0,3000.0,3000.0,2.8405141830444336,periodic_25,1.0,1.0,100.0,4000.0,4000.0,3.0443239212036133,periodic_25,1.0,1.0,100.0,5000.0,5000.0
lista,dysts:ShimizuMorioka,7,complete,0.0005967619945295155,periodic_100,1.0,1.0,100.0,100.0,100.0,0.004515253473073244,periodic_200,1.0,1.0,100.0,500.0,500.0,0.016378626227378845,periodic_200,1.0,1.0,100.0,1000.0,1000.0,0.13305607438087463,periodic_200,1.0,1.0,100.0,1500.0,1500.0,2.416675329208374,periodic_200,1.0,1.0,100.0,2000.0,2000.0,139.41180419921875,periodic_50,1.0,1.0,100.0,3000.0,3000.0,3346.751953125,periodic_50,1.0,1.0,100.0,4000.0,4000.0,81743.8203125,periodic_50,1.0,1.0,100.0,5000.0,5000.0
lista,dysts:ShimizuMorioka,8,complete,4.3010069930460304e-05,periodic_100,1.0,1.0,100.0,100.0,100.0,0.0004495593602769077,periodic_150,1.0,1.0,100.0,500.0,500.0,0.001654095365665853,periodic_200,1.0,1.0,100.0,1000.0,1000.0,0.00376151199452579,periodic_200,1.0,1.0,100.0,1500.0,1500.0,0.006246541626751423,periodic_200,1.0,1.0,100.0,2000.0,2000.0,0.0175765473395586,periodic_200,1.0,1.0,100.0,3000.0,3000.0,0.050528038293123245,periodic_200,1.0,1.0,100.0,4000.0,4000.0,0.1525498330593109,periodic_150,1.0,1.0,100.0,5000.0,5000.0
lista,dysts:ShimizuMorioka,9,complete,0.0001752344105625525,periodic_100,1.0,1.0,100.0,100.0,100.0,0.0024011542554944754,periodic_200,1.0,1.0,100.0,500.0,500.0,0.009747079573571682,periodic_200,1.0,1.0,100.0,1000.0,1000.0,0.016982197761535645,periodic_200,1.0,1.0,100.0,1500.0,1500.0,0.025892512872815132,periodic_200,1.0,1.0,100.0,2000.0,2000.0,0.06437888741493225,periodic_150,1.0,1.0,100.0,3000.0,3000.0,0.14778509736061096,periodic_150,1.0,1.0,100.0,4000.0,4000.0,0.3078957200050354,periodic_150,1.0,1.0,100.0,5000.0,5000.0
lista,dysts:ShimizuMorioka,10,complete,4.1247672925237566e-05,periodic_100,1.0,1.0,100.0,100.0,100.0,0.0005943104042671621,periodic_200,1.0,1.0,100.0,500.0,500.0,0.0023031949531286955,periodic_150,1.0,1.0,100.0,1000.0,1000.0,0.004986034706234932,periodic_200,1.0,1.0,100.0,1500.0,1500.0,0.00849749892950058,periodic_200,1.0,1.0,100.0,2000.0,2000.0,0.027486851438879967,periodic_100,1.0,1.0,100.0,3000.0,3000.0,0.1127641499042511,periodic_100,1.0,1.0,100.0,4000.0,4000.0,0.3524796664714813,periodic_100,1.0,1.0,100.0,5000.0,5000.0
lista,dysts:ShimizuMorioka,11,complete,0.002019542967900634,periodic_100,1.0,1.0,100.0,100.0,100.0,0.01696416176855564,periodic_200,1.0,1.0,100.0,500.0,500.0,0.062250420451164246,periodic_200,1.0,1.0,100.0,1000.0,1000.0,0.17462478578090668,periodic_200,1.0,1.0,100.0,1500.0,1500.0,0.441001296043396,periodic_200,1.0,1.0,100.0,2000.0,2000.0,1.8991833925247192,periodic_25,1.0,1.0,100.0,3000.0,3000.0,2.2849342823028564,periodic_25,1.0,1.0,100.0,4000.0,4000.0,2.4567127227783203,periodic_50,1.0,1.0,100.0,5000.0,5000.0
lista,dysts:ShimizuMorioka,12,complete,7.063508382998407e-05,periodic_100,1.0,1.0,100.0,100.0,100.0,0.0009059649892151356,periodic_200,1.0,1.0,100.0,500.0,500.0,0.003677885513752699,periodic_200,1.0,1.0,100.0,1000.0,1000.0,0.0078050256706774235,periodic_200,1.0,1.0,100.0,1500.0,1500.0,0.010994872078299522,periodic_200,1.0,1.0,100.0,2000.0,2000.0,0.02665024809539318,periodic_200,1.0,1.0,100.0,3000.0,3000.0,0.10249403119087219,periodic_200,1.0,1.0,100.0,4000.0,4000.0,0.31166964769363403,periodic_200,1.0,1.0,100.0,5000.0,5000.0
lista,dysts:ShimizuMorioka,13,complete,5.199323277338408e-05,periodic_100,1.0,1.0,100.0,100.0,100.0,0.000545611372217536,periodic_200,1.0,1.0,100.0,500.0,500.0,0.001653263228945434,periodic_200,1.0,1.0,100.0,1000.0,1000.0,0.003838005941361189,periodic_200,1.0,1.0,100.0,1500.0,1500.0,0.008493252098560333,periodic_200,1.0,1.0,100.0,2000.0,2000.0,0.03206145018339157,periodic_200,1.0,1.0,100.0,3000.0,3000.0,0.08131881803274155,periodic_200,1.0,1.0,100.0,4000.0,4000.0,0.1756337583065033,periodic_200,1.0,1.0,100.0,5000.0,5000.0
lista,dysts:ShimizuMorioka,14,complete,0.0003027073689736426,periodic_100,1.0,1.0,100.0,100.0,100.0,0.00580010749399662,periodic_100,1.0,1.0,100.0,500.0,500.0,0.0315825454890728,periodic_150,1.0,1.0,100.0,1000.0,1000.0,0.08069907873868942,periodic_150,1.0,1.0,100.0,1500.0,1500.0,0.1411610096693039,periodic_150,1.0,1.0,100.0,2000.0,2000.0,0.38572728633880615,periodic_150,1.0,1.0,100.0,3000.0,3000.0,0.8118993639945984,periodic_150,1.0,1.0,100.0,4000.0,4000.0,1.3106876611709595,periodic_150,1.0,1.0,100.0,5000.0,5000.0
lista,dysts:WangSun,0,complete,0.0005674271960742772,periodic_50,1.0,1.0,100.0,100.0,100.0,0.013420560397207737,periodic_25,1.0,1.0,100.0,500.0,500.0,0.11372464895248413,periodic_50,1.0,1.0,100.0,1000.0,1000.0,0.5490751266479492,periodic_100,1.0,1.0,100.0,1500.0,1500.0,0.8158982992172241,periodic_100,1.0,1.0,100.0,2000.0,2000.0,1.7094509601593018,periodic_100,1.0,1.0,100.0,3000.0,3000.0,2.6363115310668945,periodic_25,1.0,1.0,100.0,4000.0,4000.0,3.3504559993743896,periodic_25,1.0,1.0,100.0,5000.0,5000.0
lista,dysts:WangSun,1,complete,0.0016713904915377498,periodic_50,1.0,1.0,100.0,100.0,100.0,0.021053733304142952,periodic_50,1.0,1.0,100.0,500.0,500.0,0.049805402755737305,periodic_50,1.0,1.0,100.0,1000.0,1000.0,0.11756649613380432,periodic_50,1.0,1.0,100.0,1500.0,1500.0,0.49780187010765076,periodic_100,1.0,1.0,100.0,2000.0,2000.0,1.495639681816101,periodic_50,1.0,1.0,100.0,3000.0,3000.0,1.7739239931106567,periodic_50,1.0,1.0,100.0,4000.0,4000.0,2.2709593772888184,periodic_50,1.0,1.0,100.0,5000.0,5000.0
lista,dysts:WangSun,2,complete,0.0003823089646175504,periodic_50,1.0,1.0,100.0,100.0,100.0,0.006242373958230019,periodic_50,1.0,1.0,100.0,500.0,500.0,0.21111588180065155,periodic_50,1.0,1.0,100.0,1000.0,1000.0,1.0932613611221313,periodic_100,1.0,1.0,100.0,1500.0,1500.0,1.1470553874969482,periodic_150,1.0,1.0,100.0,2000.0,2000.0,1.6663737297058105,periodic_150,1.0,1.0,100.0,3000.0,3000.0,2.1901774406433105,periodic_150,1.0,1.0,100.0,4000.0,4000.0,2.872286319732666,periodic_100,1.0,1.0,100.0,5000.0,5000.0
lista,dysts:WangSun,3,complete,0.000542933470569551,periodic_50,1.0,1.0,100.0,100.0,100.0,0.006278010550886393,periodic_50,1.0,1.0,100.0,500.0,500.0,0.03276580944657326,periodic_100,1.0,1.0,100.0,1000.0,1000.0,0.08961381763219833,periodic_150,1.0,1.0,100.0,1500.0,1500.0,0.1755511462688446,periodic_200,1.0,1.0,100.0,2000.0,2000.0,0.6162070631980896,periodic_200,1.0,1.0,100.0,3000.0,3000.0,1.4420112371444702,periodic_200,1.0,1.0,100.0,4000.0,4000.0,2.1000571250915527,periodic_200,1.0,1.0,100.0,5000.0,5000.0
lista,dysts:WangSun,4,complete,0.0020560307893902063,periodic_25,1.0,1.0,100.0,100.0,100.0,0.07546915858983994,periodic_50,1.0,1.0,100.0,500.0,500.0,0.23518787324428558,periodic_200,1.0,1.0,100.0,1000.0,1000.0,0.3182942271232605,periodic_200,1.0,1.0,100.0,1500.0,1500.0,0.5865625143051147,periodic_200,1.0,1.0,100.0,2000.0,2000.0,1.369430422782898,periodic_200,1.0,1.0,100.0,3000.0,3000.0,2.0746512413024902,periodic_200,1.0,1.0,100.0,4000.0,4000.0,2.5115926265716553,periodic_200,1.0,1.0,100.0,5000.0,5000.0
lista,dysts:WangSun,5,complete,0.0002099085395457223,periodic_50,1.0,1.0,100.0,100.0,100.0,0.008325261063873768,periodic_100,1.0,1.0,100.0,500.0,500.0,0.02704569138586521,periodic_100,1.0,1.0,100.0,1000.0,1000.0,0.2899612784385681,periodic_100,1.0,1.0,100.0,1500.0,1500.0,0.6334958672523499,periodic_100,1.0,1.0,100.0,2000.0,2000.0,0.9995899796485901,periodic_50,1.0,1.0,100.0,3000.0,3000.0,1.4494948387145996,periodic_150,1.0,1.0,100.0,4000.0,4000.0,1.8462934494018555,periodic_150,1.0,1.0,100.0,5000.0,5000.0
lista,dysts:WangSun,6,complete,0.00028452640981413424,periodic_50,1.0,1.0,100.0,100.0,100.0,0.01555259432643652,periodic_25,1.0,1.0,100.0,500.0,500.0,0.13326366245746613,periodic_25,1.0,1.0,100.0,1000.0,1000.0,0.15701189637184143,periodic_50,1.0,1.0,100.0,1500.0,1500.0,0.24337516725063324,periodic_50,1.0,1.0,100.0,2000.0,2000.0,0.7098685503005981,periodic_100,1.0,1.0,100.0,3000.0,3000.0,1.5076714754104614,periodic_100,1.0,1.0,100.0,4000.0,4000.0,2.1060707569122314,periodic_100,1.0,1.0,100.0,5000.0,5000.0
lista,dysts:WangSun,7,complete,0.0005831131129525602,periodic_50,1.0,1.0,100.0,100.0,100.0,0.015308866277337074,periodic_25,1.0,1.0,100.0,500.0,500.0,0.043907102197408676,periodic_50,1.0,1.0,100.0,1000.0,1000.0,0.3268152177333832,periodic_50,1.0,1.0,100.0,1500.0,1500.0,0.4878571629524231,periodic_50,1.0,1.0,100.0,2000.0,2000.0,0.8483373522758484,periodic_100,1.0,1.0,100.0,3000.0,3000.0,1.359290599822998,periodic_100,1.0,1.0,100.0,4000.0,4000.0,1.9656833410263062,periodic_100,1.0,1.0,100.0,5000.0,5000.0
lista,dysts:WangSun,8,complete,0.00025168017600663006,periodic_50,1.0,1.0,100.0,100.0,100.0,0.004949724767357111,periodic_50,1.0,1.0,100.0,500.0,500.0,0.04664246737957001,periodic_25,1.0,1.0,100.0,1000.0,1000.0,0.11450240015983582,periodic_25,1.0,1.0,100.0,1500.0,1500.0,0.4682483971118927,periodic_25,1.0,1.0,100.0,2000.0,2000.0,0.588702917098999,periodic_50,1.0,1.0,100.0,3000.0,3000.0,0.9564277529716492,periodic_50,1.0,1.0,100.0,4000.0,4000.0,1.5061053037643433,periodic_50,1.0,1.0,100.0,5000.0,5000.0
lista,dysts:WangSun,9,complete,0.005476087331771851,periodic_10,1.0,1.0,100.0,100.0,100.0,0.03403737396001816,periodic_25,1.0,1.0,100.0,500.0,500.0,0.07573266327381134,periodic_50,1.0,1.0,100.0,1000.0,1000.0,0.09544192999601364,periodic_50,1.0,1.0,100.0,1500.0,1500.0,0.17776693403720856,periodic_50,1.0,1.0,100.0,2000.0,2000.0,0.5090594291687012,periodic_50,1.0,1.0,100.0,3000.0,3000.0,1.315852403640747,periodic_50,1.0,1.0,100.0,4000.0,4000.0,1.8430274724960327,periodic_50,1.0,1.0,100.0,5000.0,5000.0
lista,dysts:WangSun,10,complete,0.0010195117210969329,periodic_50,1.0,1.0,100.0,100.0,100.0,0.06238478049635887,periodic_25,1.0,1.0,100.0,500.0,500.0,0.29420721530914307,periodic_25,1.0,1.0,100.0,1000.0,1000.0,0.6955970525741577,periodic_100,1.0,1.0,100.0,1500.0,1500.0,1.3013067245483398,periodic_100,1.0,1.0,100.0,2000.0,2000.0,2.388772964477539,periodic_100,1.0,1.0,100.0,3000.0,3000.0,3.195390224456787,periodic_100,1.0,1.0,100.0,4000.0,4000.0,4.003803253173828,periodic_100,1.0,1.0,100.0,5000.0,5000.0
lista,dysts:WangSun,11,complete,0.0005780115607194602,periodic_50,1.0,1.0,100.0,100.0,100.0,0.010562261566519737,periodic_50,1.0,1.0,100.0,500.0,500.0,0.03155568987131119,periodic_100,1.0,1.0,100.0,1000.0,1000.0,0.08651933819055557,periodic_100,1.0,1.0,100.0,1500.0,1500.0,0.16687025129795074,periodic_100,1.0,1.0,100.0,2000.0,2000.0,0.5248560905456543,periodic_100,1.0,1.0,100.0,3000.0,3000.0,1.1434717178344727,periodic_100,1.0,1.0,100.0,4000.0,4000.0,1.9720367193222046,periodic_100,1.0,1.0,100.0,5000.0,5000.0
lista,dysts:WangSun,12,complete,0.0005428931908681989,periodic_25,1.0,1.0,100.0,100.0,100.0,0.0059199160896241665,periodic_50,1.0,1.0,100.0,500.0,500.0,0.017253132537007332,periodic_100,1.0,1.0,100.0,1000.0,1000.0,0.042066145688295364,periodic_50,1.0,1.0,100.0,1500.0,1500.0,0.07410043478012085,periodic_50,1.0,1.0,100.0,2000.0,2000.0,0.20993180572986603,periodic_100,1.0,1.0,100.0,3000.0,3000.0,0.858940601348877,periodic_100,1.0,1.0,100.0,4000.0,4000.0,1.5976130962371826,periodic_100,1.0,1.0,100.0,5000.0,5000.0
lista,dysts:WangSun,13,complete,0.00026718623121269047,periodic_50,1.0,1.0,100.0,100.0,100.0,0.008679846301674843,periodic_50,1.0,1.0,100.0,500.0,500.0,0.026904048398137093,periodic_50,1.0,1.0,100.0,1000.0,1000.0,0.059209056198596954,periodic_100,1.0,1.0,100.0,1500.0,1500.0,0.15158498287200928,periodic_100,1.0,1.0,100.0,2000.0,2000.0,0.678962230682373,periodic_100,1.0,1.0,100.0,3000.0,3000.0,1.322619915008545,periodic_100,1.0,1.0,100.0,4000.0,4000.0,2.106827735900879,periodic_100,1.0,1.0,100.0,5000.0,5000.0
lista,dysts:WangSun,14,complete,0.0002971896028611809,periodic_50,1.0,1.0,100.0,100.0,100.0,0.10920116305351257,periodic_25,1.0,1.0,100.0,500.0,500.0,0.2308160364627838,periodic_25,1.0,1.0,100.0,1000.0,1000.0,0.37413010001182556,periodic_50,1.0,1.0,100.0,1500.0,1500.0,0.5757421851158142,periodic_150,1.0,1.0,100.0,2000.0,2000.0,0.621677577495575,periodic_150,1.0,1.0,100.0,3000.0,3000.0,0.9788952469825745,periodic_150,1.0,1.0,100.0,4000.0,4000.0,1.5127074718475342,periodic_150,1.0,1.0,100.0,5000.0,5000.0
lista_bd,dysts:Chua,0,complete,7.095694309100509e-05,periodic_100,1.0,1.0,100.0,100.0,100.0,0.0009634392918087542,periodic_200,1.0,1.0,100.0,500.0,500.0,0.003238751320168376,periodic_200,1.0,1.0,100.0,1000.0,1000.0,0.007073571905493736,periodic_200,1.0,1.0,100.0,1500.0,1500.0,0.012876749970018864,periodic_200,1.0,1.0,100.0,2000.0,2000.0,0.0312214232981205,periodic_200,1.0,1.0,100.0,3000.0,3000.0,0.07508564740419388,periodic_200,1.0,1.0,100.0,4000.0,4000.0,0.15250498056411743,periodic_200,1.0,1.0,100.0,5000.0,5000.0
lista_bd,dysts:Chua,1,complete,6.460450822487473e-05,periodic_100,1.0,1.0,100.0,100.0,100.0,0.0006235063192434609,periodic_150,1.0,1.0,100.0,500.0,500.0,0.0017977574607357383,periodic_150,1.0,1.0,100.0,1000.0,1000.0,0.0031386418268084526,periodic_150,1.0,1.0,100.0,1500.0,1500.0,0.004688010085374117,periodic_150,1.0,1.0,100.0,2000.0,2000.0,0.0074080307967960835,periodic_150,1.0,1.0,100.0,3000.0,3000.0,0.010722224600613117,periodic_150,1.0,1.0,100.0,4000.0,4000.0,0.01739165000617504,periodic_150,1.0,1.0,100.0,5000.0,5000.0
lista_bd,dysts:Chua,2,complete,9.776594379218295e-05,periodic_100,1.0,1.0,100.0,100.0,100.0,0.0005055743968114257,periodic_200,1.0,1.0,100.0,500.0,500.0,0.0014819980133324862,periodic_200,1.0,1.0,100.0,1000.0,1000.0,0.002845314797013998,periodic_200,1.0,1.0,100.0,1500.0,1500.0,0.0042086453177034855,periodic_200,1.0,1.0,100.0,2000.0,2000.0,0.00826603826135397,periodic_200,1.0,1.0,100.0,3000.0,3000.0,0.013655787333846092,periodic_200,1.0,1.0,100.0,4000.0,4000.0,0.020652027800679207,periodic_200,1.0,1.0,100.0,5000.0,5000.0
lista_bd,dysts:Chua,3,complete,5.178831997909583e-05,periodic_100,1.0,1.0,100.0,100.0,100.0,0.0005387791898101568,periodic_200,1.0,1.0,100.0,500.0,500.0,0.0019000626634806395,periodic_200,1.0,1.0,100.0,1000.0,1000.0,0.0038946473505347967,periodic_200,1.0,1.0,100.0,1500.0,1500.0,0.006204089615494013,periodic_200,1.0,1.0,100.0,2000.0,2000.0,0.01109801884740591,periodic_200,1.0,1.0,100.0,3000.0,3000.0,0.019841784611344337,periodic_200,1.0,1.0,100.0,4000.0,4000.0,0.03931355103850365,periodic_200,1.0,1.0,100.0,5000.0,5000.0
lista_bd,dysts:Chua,4,complete,5.634247281705029e-05,periodic_100,1.0,1.0,100.0,100.0,100.0,0.0006016591214574873,periodic_200,1.0,1.0,100.0,500.0,500.0,0.0019135596230626106,periodic_200,1.0,1.0,100.0,1000.0,1000.0,0.0043084691278636456,periodic_200,1.0,1.0,100.0,1500.0,1500.0,0.007879655808210373,periodic_200,1.0,1.0,100.0,2000.0,2000.0,0.015589101240038872,periodic_150,1.0,1.0,100.0,3000.0,3000.0,0.02773759886622429,periodic_150,1.0,1.0,100.0,4000.0,4000.0,0.04976285994052887,periodic_150,1.0,1.0,100.0,5000.0,5000.0
lista_bd,dysts:Chua,5,complete,6.734819908160716e-05,periodic_100,1.0,1.0,100.0,100.0,100.0,0.0014788215048611164,periodic_200,1.0,1.0,100.0,500.0,500.0,0.008547883480787277,periodic_200,1.0,1.0,100.0,1000.0,1000.0,0.01766047067940235,periodic_200,1.0,1.0,100.0,1500.0,1500.0,0.02508425898849964,periodic_200,1.0,1.0,100.0,2000.0,2000.0,0.032938044518232346,periodic_200,1.0,1.0,100.0,3000.0,3000.0,0.03710239753127098,periodic_200,1.0,1.0,100.0,4000.0,4000.0,0.044831782579422,periodic_200,1.0,1.0,100.0,5000.0,5000.0
lista_bd,dysts:Chua,6,complete,9.360713738715276e-05,periodic_100,1.0,1.0,100.0,100.0,100.0,0.0010243419092148542,periodic_200,1.0,1.0,100.0,500.0,500.0,0.003715368453413248,periodic_200,1.0,1.0,100.0,1000.0,1000.0,0.008670302107930183,periodic_200,1.0,1.0,100.0,1500.0,1500.0,0.016034534201025963,periodic_200,1.0,1.0,100.0,2000.0,2000.0,0.039031755179166794,periodic_150,1.0,1.0,100.0,3000.0,3000.0,0.07355517148971558,periodic_150,1.0,1.0,100.0,4000.0,4000.0,0.1307877004146576,periodic_150,1.0,1.0,100.0,5000.0,5000.0
lista_bd,dysts:Chua,7,complete,7.224958972074091e-05,periodic_100,1.0,1.0,100.0,100.0,100.0,0.0009230594150722027,periodic_200,1.0,1.0,100.0,500.0,500.0,0.003170597832649946,periodic_200,1.0,1.0,100.0,1000.0,1000.0,0.006960889790207148,periodic_200,1.0,1.0,100.0,1500.0,1500.0,0.011766945011913776,periodic_200,1.0,1.0,100.0,2000.0,2000.0,0.021899161860346794,periodic_200,1.0,1.0,100.0,3000.0,3000.0,0.0327291339635849,periodic_200,1.0,1.0,100.0,4000.0,4000.0,0.04274054989218712,periodic_200,1.0,1.0,100.0,5000.0,5000.0
lista_bd,dysts:Chua,8,complete,4.347279173089191e-05,periodic_100,1.0,1.0,100.0,100.0,100.0,0.000488791789393872,periodic_200,1.0,1.0,100.0,500.0,500.0,0.0014396370388567448,periodic_200,1.0,1.0,100.0,1000.0,1000.0,0.002939381869509816,periodic_200,1.0,1.0,100.0,1500.0,1500.0,0.005082043819129467,periodic_200,1.0,1.0,100.0,2000.0,2000.0,0.011917868629097939,periodic_150,1.0,1.0,100.0,3000.0,3000.0,0.025484580546617508,periodic_150,1.0,1.0,100.0,4000.0,4000.0,0.06262413412332535,periodic_150,1.0,1.0,100.0,5000.0,5000.0
lista_bd,dysts:Chua,9,complete,3.4680833778111264e-05,periodic_100,1.0,1.0,100.0,100.0,100.0,0.0004219179099891335,periodic_200,1.0,1.0,100.0,500.0,500.0,0.001303785014897585,periodic_200,1.0,1.0,100.0,1000.0,1000.0,0.0023572142235934734,periodic_200,1.0,1.0,100.0,1500.0,1500.0,0.0037429207004606724,periodic_200,1.0,1.0,100.0,2000.0,2000.0,0.007429605815559626,periodic_200,1.0,1.0,100.0,3000.0,3000.0,0.014872632920742035,periodic_200,1.0,1.0,100.0,4000.0,4000.0,0.027538595721125603,periodic_200,1.0,1.0,100.0,5000.0,5000.0
lista_bd,dysts:Chua,10,complete,3.906241545337252e-05,periodic_100,1.0,1.0,100.0,100.0,100.0,0.0004654315998777747,periodic_200,1.0,1.0,100.0,500.0,500.0,0.001365702599287033,periodic_200,1.0,1.0,100.0,1000.0,1000.0,0.0027893006335943937,periodic_200,1.0,1.0,100.0,1500.0,1500.0,0.004239263944327831,periodic_200,1.0,1.0,100.0,2000.0,2000.0,0.00765329459682107,periodic_200,1.0,1.0,100.0,3000.0,3000.0,0.011997551657259464,periodic_200,1.0,1.0,100.0,4000.0,4000.0,0.01739133894443512,periodic_200,1.0,1.0,100.0,5000.0,5000.0
lista_bd,dysts:Chua,11,complete,9.138987661572173e-05,periodic_100,1.0,1.0,100.0,100.0,100.0,0.0007801297469995916,periodic_200,1.0,1.0,100.0,500.0,500.0,0.0023199007846415043,periodic_200,1.0,1.0,100.0,1000.0,1000.0,0.005328707862645388,periodic_200,1.0,1.0,100.0,1500.0,1500.0,0.009857842698693275,periodic_200,1.0,1.0,100.0,2000.0,2000.0,0.021629756316542625,periodic_200,1.0,1.0,100.0,3000.0,3000.0,0.03629495948553085,periodic_200,1.0,1.0,100.0,4000.0,4000.0,0.05731099471449852,periodic_200,1.0,1.0,100.0,5000.0,5000.0
lista_bd,dysts:Chua,12,complete,3.5013697925023735e-05,periodic_100,1.0,1.0,100.0,100.0,100.0,0.0004155237111262977,periodic_200,1.0,1.0,100.0,500.0,500.0,0.0017033329932019114,periodic_200,1.0,1.0,100.0,1000.0,1000.0,0.004465844016522169,periodic_200,1.0,1.0,100.0,1500.0,1500.0,0.008805769495666027,periodic_150,1.0,1.0,100.0,2000.0,2000.0,0.019372321665287018,periodic_150,1.0,1.0,100.0,3000.0,3000.0,0.03256840258836746,periodic_150,1.0,1.0,100.0,4000.0,4000.0,0.05133480578660965,periodic_150,1.0,1.0,100.0,5000.0,5000.0
lista_bd,dysts:Chua,13,complete,6.28547859378159e-05,periodic_100,1.0,1.0,100.0,100.0,100.0,0.00048617401625961065,periodic_200,1.0,1.0,100.0,500.0,500.0,0.001262963400222361,periodic_200,1.0,1.0,100.0,1000.0,1000.0,0.0023590601049363613,periodic_200,1.0,1.0,100.0,1500.0,1500.0,0.0038637930992990732,periodic_200,1.0,1.0,100.0,2000.0,2000.0,0.008320420049130917,periodic_200,1.0,1.0,100.0,3000.0,3000.0,0.01717485673725605,periodic_200,1.0,1.0,100.0,4000.0,4000.0,0.031108083203434944,periodic_150,1.0,1.0,100.0,5000.0,5000.0
lista_bd,dysts:Chua,14,complete,5.1499693654477596e-05,periodic_100,1.0,1.0,100.0,100.0,100.0,0.0005438373773358762,periodic_200,1.0,1.0,100.0,500.0,500.0,0.0015552148688584566,periodic_200,1.0,1.0,100.0,1000.0,1000.0,0.0026927408762276173,periodic_200,1.0,1.0,100.0,1500.0,1500.0,0.004454354755580425,periodic_200,1.0,1.0,100.0,2000.0,2000.0,0.01036128494888544,periodic_200,1.0,1.0,100.0,3000.0,3000.0,0.02277293987572193,periodic_200,1.0,1.0,100.0,4000.0,4000.0,0.053652573376894,periodic_200,1.0,1.0,100.0,5000.0,5000.0
lista_bd,dysts:Dadras,0,complete,0.00026122762938030064,periodic_25,1.0,1.0,100.0,100.0,100.0,0.002795880427584052,periodic_50,1.0,1.0,100.0,500.0,500.0,0.050850968807935715,periodic_100,1.0,1.0,100.0,1000.0,1000.0,0.08645227551460266,periodic_100,1.0,1.0,100.0,1500.0,1500.0,0.07773669064044952,periodic_100,1.0,1.0,100.0,2000.0,2000.0,0.1552286595106125,periodic_100,1.0,1.0,100.0,3000.0,3000.0,0.32742735743522644,periodic_50,1.0,1.0,100.0,4000.0,4000.0,0.5578668713569641,periodic_50,1.0,1.0,100.0,5000.0,5000.0
lista_bd,dysts:Dadras,1,complete,0.0007447416428476572,periodic_25,1.0,1.0,100.0,100.0,100.0,0.010364625602960587,periodic_25,1.0,1.0,100.0,500.0,500.0,0.04264001548290253,periodic_50,1.0,1.0,100.0,1000.0,1000.0,0.07525902986526489,periodic_50,1.0,1.0,100.0,1500.0,1500.0,0.13788020610809326,periodic_100,1.0,1.0,100.0,2000.0,2000.0,0.29273903369903564,periodic_150,1.0,1.0,100.0,3000.0,3000.0,0.9543026685714722,periodic_150,1.0,1.0,100.0,4000.0,4000.0,1.3007922172546387,periodic_100,1.0,1.0,100.0,5000.0,5000.0
lista_bd,dysts:Dadras,2,complete,0.00020641234004870057,periodic_50,1.0,1.0,100.0,100.0,100.0,0.0032392453867942095,periodic_50,1.0,1.0,100.0,500.0,500.0,0.0127116609364748,periodic_50,1.0,1.0,100.0,1000.0,1000.0,0.06743145734071732,periodic_100,1.0,1.0,100.0,1500.0,1500.0,0.0874166265130043,periodic_100,1.0,1.0,100.0,2000.0,2000.0,0.2554117739200592,periodic_100,1.0,1.0,100.0,3000.0,3000.0,0.5282800197601318,periodic_50,1.0,1.0,100.0,4000.0,4000.0,0.903812050819397,periodic_100,1.0,1.0,100.0,5000.0,5000.0
lista_bd,dysts:Dadras,3,complete,0.00023027970746625215,periodic_50,1.0,1.0,100.0,100.0,100.0,0.00413303030654788,periodic_50,1.0,1.0,100.0,500.0,500.0,0.050010599195957184,periodic_50,1.0,1.0,100.0,1000.0,1000.0,0.08347318321466446,periodic_100,1.0,1.0,100.0,1500.0,1500.0,0.1131264939904213,periodic_100,1.0,1.0,100.0,2000.0,2000.0,0.20075350999832153,periodic_100,1.0,1.0,100.0,3000.0,3000.0,0.47594591975212097,periodic_100,1.0,1.0,100.0,4000.0,4000.0,0.8361847400665283,periodic_100,1.0,1.0,100.0,5000.0,5000.0
lista_bd,dysts:Dadras,4,complete,0.0006301474059000611,periodic_10,1.0,1.0,100.0,100.0,100.0,0.004353126976639032,periodic_25,1.0,1.0,100.0,500.0,500.0,0.03395165130496025,periodic_25,1.0,1.0,100.0,1000.0,1000.0,0.04201090708374977,periodic_50,1.0,1.0,100.0,1500.0,1500.0,0.20622964203357697,periodic_100,1.0,1.0,100.0,2000.0,2000.0,0.5757859945297241,periodic_100,1.0,1.0,100.0,3000.0,3000.0,0.7547574043273926,periodic_100,1.0,1.0,100.0,4000.0,4000.0,0.9264450669288635,periodic_100,1.0,1.0,100.0,5000.0,5000.0
lista_bd,dysts:Dadras,5,complete,0.0005556063842959702,periodic_50,1.0,1.0,100.0,100.0,100.0,0.010462225414812565,periodic_50,1.0,1.0,100.0,500.0,500.0,0.042028557509183884,periodic_50,1.0,1.0,100.0,1000.0,1000.0,0.06769151985645294,periodic_100,1.0,1.0,100.0,1500.0,1500.0,0.1270655393600464,periodic_100,1.0,1.0,100.0,2000.0,2000.0,0.748680591583252,periodic_50,1.0,1.0,100.0,3000.0,3000.0,1.3835605382919312,periodic_50,1.0,1.0,100.0,4000.0,4000.0,2.002070903778076,periodic_150,1.0,1.0,100.0,5000.0,5000.0
lista_bd,dysts:Dadras,6,complete,0.0003179147024638951,periodic_25,1.0,1.0,100.0,100.0,100.0,0.02282499149441719,periodic_25,1.0,1.0,100.0,500.0,500.0,0.0377044714987278,periodic_25,1.0,1.0,100.0,1000.0,1000.0,0.07736092805862427,periodic_25,1.0,1.0,100.0,1500.0,1500.0,0.12028896063566208,periodic_25,1.0,1.0,100.0,2000.0,2000.0,0.23578499257564545,periodic_50,1.0,1.0,100.0,3000.0,3000.0,0.44989216327667236,periodic_50,1.0,1.0,100.0,4000.0,4000.0,0.7613993287086487,periodic_50,1.0,1.0,100.0,5000.0,5000.0
lista_bd,dysts:Dadras,7,complete,8.856478962115943e-05,periodic_50,1.0,1.0,100.0,100.0,100.0,0.003004038240760565,periodic_50,1.0,1.0,100.0,500.0,500.0,0.009140478447079659,periodic_50,1.0,1.0,100.0,1000.0,1000.0,0.02303723804652691,periodic_100,1.0,1.0,100.0,1500.0,1500.0,0.04921986907720566,periodic_150,1.0,1.0,100.0,2000.0,2000.0,0.1100519672036171,periodic_100,1.0,1.0,100.0,3000.0,3000.0,0.4155168831348419,periodic_100,1.0,1.0,100.0,4000.0,4000.0,0.8668164014816284,periodic_100,1.0,1.0,100.0,5000.0,5000.0
lista_bd,dysts:Dadras,8,complete,0.00019672300550155342,periodic_25,1.0,1.0,100.0,100.0,100.0,0.004867091774940491,periodic_25,1.0,1.0,100.0,500.0,500.0,0.011013345792889595,periodic_50,1.0,1.0,100.0,1000.0,1000.0,0.025568289682269096,periodic_100,1.0,1.0,100.0,1500.0,1500.0,0.04860669746994972,periodic_100,1.0,1.0,100.0,2000.0,2000.0,0.10963998734951019,periodic_100,1.0,1.0,100.0,3000.0,3000.0,0.5246487259864807,periodic_100,1.0,1.0,100.0,4000.0,4000.0,0.7801611423492432,periodic_100,1.0,1.0,100.0,5000.0,5000.0
lista_bd,dysts:Dadras,9,complete,0.0004140186938457191,periodic_25,1.0,1.0,100.0,100.0,100.0,0.007603549398481846,periodic_50,1.0,1.0,100.0,500.0,500.0,0.022913938388228416,periodic_50,1.0,1.0,100.0,1000.0,1000.0,0.03950769081711769,periodic_100,1.0,1.0,100.0,1500.0,1500.0,0.053275302052497864,periodic_100,1.0,1.0,100.0,2000.0,2000.0,0.3194420337677002,periodic_50,1.0,1.0,100.0,3000.0,3000.0,0.6446171402931213,periodic_50,1.0,1.0,100.0,4000.0,4000.0,0.9431391954421997,periodic_100,1.0,1.0,100.0,5000.0,5000.0
lista_bd,dysts:Dadras,10,complete,0.0003142241621389985,periodic_50,1.0,1.0,100.0,100.0,100.0,0.010969250462949276,periodic_25,1.0,1.0,100.0,500.0,500.0,0.07279668748378754,periodic_50,1.0,1.0,100.0,1000.0,1000.0,0.4853653013706207,periodic_50,1.0,1.0,100.0,1500.0,1500.0,0.7087461352348328,periodic_50,1.0,1.0,100.0,2000.0,2000.0,1.3845661878585815,periodic_50,1.0,1.0,100.0,3000.0,3000.0,1.9989013671875,periodic_25,1.0,1.0,100.0,4000.0,4000.0,2.696256637573242,periodic_25,1.0,1.0,100.0,5000.0,5000.0
lista_bd,dysts:Dadras,11,complete,0.0002652057446539402,periodic_50,1.0,1.0,100.0,100.0,100.0,0.004805633798241615,periodic_50,1.0,1.0,100.0,500.0,500.0,0.17046013474464417,periodic_200,1.0,1.0,100.0,1000.0,1000.0,0.2950412333011627,periodic_200,1.0,1.0,100.0,1500.0,1500.0,0.33243754506111145,periodic_200,1.0,1.0,100.0,2000.0,2000.0,0.58522629737854,periodic_200,1.0,1.0,100.0,3000.0,3000.0,0.9495799541473389,periodic_200,1.0,1.0,100.0,4000.0,4000.0,1.4298466444015503,periodic_100,1.0,1.0,100.0,5000.0,5000.0
lista_bd,dysts:Dadras,12,complete,0.00041563238482922316,periodic_50,1.0,1.0,100.0,100.0,100.0,0.009680585004389286,periodic_25,1.0,1.0,100.0,500.0,500.0,0.0477357916533947,periodic_25,1.0,1.0,100.0,1000.0,1000.0,0.15736892819404602,periodic_50,1.0,1.0,100.0,1500.0,1500.0,0.25437670946121216,periodic_50,1.0,1.0,100.0,2000.0,2000.0,0.9459227919578552,periodic_200,1.0,1.0,100.0,3000.0,3000.0,1.4950530529022217,periodic_200,1.0,1.0,100.0,4000.0,4000.0,1.9506360292434692,periodic_50,1.0,1.0,100.0,5000.0,5000.0
lista_bd,dysts:Dadras,13,complete,0.00028997394838370383,periodic_25,1.0,1.0,100.0,100.0,100.0,0.00408953195437789,periodic_50,1.0,1.0,100.0,500.0,500.0,0.02157241851091385,periodic_50,1.0,1.0,100.0,1000.0,1000.0,0.03909539058804512,periodic_100,1.0,1.0,100.0,1500.0,1500.0,0.05894226208329201,periodic_100,1.0,1.0,100.0,2000.0,2000.0,0.13365736603736877,periodic_100,1.0,1.0,100.0,3000.0,3000.0,0.4200660288333893,periodic_100,1.0,1.0,100.0,4000.0,4000.0,0.8804279565811157,periodic_100,1.0,1.0,100.0,5000.0,5000.0
lista_bd,dysts:Dadras,14,complete,0.0007406595395877957,periodic_25,1.0,1.0,100.0,100.0,100.0,0.010659826919436455,periodic_50,1.0,1.0,100.0,500.0,500.0,0.03269590064883232,periodic_50,1.0,1.0,100.0,1000.0,1000.0,0.05996830016374588,periodic_100,1.0,1.0,100.0,1500.0,1500.0,0.09600722044706345,periodic_100,1.0,1.0,100.0,2000.0,2000.0,0.4102378189563751,periodic_100,1.0,1.0,100.0,3000.0,3000.0,0.9013645052909851,periodic_150,1.0,1.0,100.0,4000.0,4000.0,1.3027970790863037,periodic_100,1.0,1.0,100.0,5000.0,5000.0
lista_bd,dysts:DequanLi,0,complete,0.00395991699770093,periodic_100,1.0,1.0,100.0,100.0,100.0,0.061414189636707306,periodic_200,1.0,1.0,100.0,500.0,500.0,0.29364535212516785,periodic_200,1.0,1.0,100.0,1000.0,1000.0,0.7555353045463562,periodic_50,1.0,1.0,100.0,1500.0,1500.0,1.379392385482788,periodic_50,1.0,1.0,100.0,2000.0,2000.0,3.139463424682617,periodic_50,1.0,1.0,100.0,3000.0,3000.0,5.1028289794921875,periodic_50,1.0,1.0,100.0,4000.0,4000.0,6.251068592071533,periodic_50,1.0,1.0,100.0,5000.0,5000.0
lista_bd,dysts:DequanLi,1,complete,0.0002121210127370432,periodic_100,1.0,1.0,100.0,100.0,100.0,0.0030404103454202414,periodic_100,1.0,1.0,100.0,500.0,500.0,0.010260790586471558,periodic_100,1.0,1.0,100.0,1000.0,1000.0,0.02220456674695015,periodic_100,1.0,1.0,100.0,1500.0,1500.0,0.03934122249484062,periodic_100,1.0,1.0,100.0,2000.0,2000.0,0.1084141731262207,periodic_100,1.0,1.0,100.0,3000.0,3000.0,0.2778325378894806,periodic_150,1.0,1.0,100.0,4000.0,4000.0,0.5346276760101318,periodic_200,1.0,1.0,100.0,5000.0,5000.0
lista_bd,dysts:DequanLi,2,complete,0.0001576412032591179,periodic_100,1.0,1.0,100.0,100.0,100.0,0.0034633062314242125,periodic_50,1.0,1.0,100.0,500.0,500.0,0.012886997312307358,periodic_50,1.0,1.0,100.0,1000.0,1000.0,0.02863231860101223,periodic_100,1.0,1.0,100.0,1500.0,1500.0,0.04786573722958565,periodic_100,1.0,1.0,100.0,2000.0,2000.0,0.12015323340892792,periodic_100,1.0,1.0,100.0,3000.0,3000.0,0.281084269285202,periodic_50,1.0,1.0,100.0,4000.0,4000.0,0.5584049820899963,periodic_50,1.0,1.0,100.0,5000.0,5000.0
lista_bd,dysts:DequanLi,3,complete,0.00020161330758128315,periodic_100,1.0,1.0,100.0,100.0,100.0,0.00281456857919693,periodic_200,1.0,1.0,100.0,500.0,500.0,0.009289469569921494,periodic_200,1.0,1.0,100.0,1000.0,1000.0,0.01895241066813469,periodic_200,1.0,1.0,100.0,1500.0,1500.0,0.03279896080493927,periodic_200,1.0,1.0,100.0,2000.0,2000.0,0.08371227234601974,periodic_150,1.0,1.0,100.0,3000.0,3000.0,0.17657405138015747,periodic_150,1.0,1.0,100.0,4000.0,4000.0,0.3176402747631073,periodic_150,1.0,1.0,100.0,5000.0,5000.0
lista_bd,dysts:DequanLi,4,complete,0.00022811011876910925,periodic_100,1.0,1.0,100.0,100.0,100.0,0.003532930975779891,periodic_100,1.0,1.0,100.0,500.0,500.0,0.0111830560490489,periodic_100,1.0,1.0,100.0,1000.0,1000.0,0.0231833104044199,periodic_150,1.0,1.0,100.0,1500.0,1500.0,0.04152461886405945,periodic_200,1.0,1.0,100.0,2000.0,2000.0,0.09955494105815887,periodic_200,1.0,1.0,100.0,3000.0,3000.0,0.21645238995552063,periodic_200,1.0,1.0,100.0,4000.0,4000.0,0.4288521707057953,periodic_150,1.0,1.0,100.0,5000.0,5000.0
lista_bd,dysts:DequanLi,5,complete,0.0001759407896315679,periodic_100,1.0,1.0,100.0,100.0,100.0,0.0025054162833839655,periodic_100,1.0,1.0,100.0,500.0,500.0,0.006554845720529556,periodic_100,1.0,1.0,100.0,1000.0,1000.0,0.012427321635186672,periodic_100,1.0,1.0,100.0,1500.0,1500.0,0.02261488139629364,periodic_100,1.0,1.0,100.0,2000.0,2000.0,0.06623151898384094,periodic_100,1.0,1.0,100.0,3000.0,3000.0,0.17076463997364044,periodic_100,1.0,1.0,100.0,4000.0,4000.0,0.32435548305511475,periodic_100,1.0,1.0,100.0,5000.0,5000.0
lista_bd,dysts:DequanLi,6,complete,0.00042546287295408547,periodic_100,1.0,1.0,100.0,100.0,100.0,0.005817987956106663,periodic_150,1.0,1.0,100.0,500.0,500.0,0.017456384375691414,periodic_100,1.0,1.0,100.0,1000.0,1000.0,0.03468514606356621,periodic_100,1.0,1.0,100.0,1500.0,1500.0,0.05897995084524155,periodic_100,1.0,1.0,100.0,2000.0,2000.0,0.13457785546779633,periodic_100,1.0,1.0,100.0,3000.0,3000.0,0.27328938245773315,periodic_150,1.0,1.0,100.0,4000.0,4000.0,0.5120004415512085,periodic_100,1.0,1.0,100.0,5000.0,5000.0
lista_bd,dysts:DequanLi,7,complete,0.00019749296188820153,periodic_100,1.0,1.0,100.0,100.0,100.0,0.003504910273477435,periodic_100,1.0,1.0,100.0,500.0,500.0,0.01226240023970604,periodic_100,1.0,1.0,100.0,1000.0,1000.0,0.023524180054664612,periodic_50,1.0,1.0,100.0,1500.0,1500.0,0.035170819610357285,periodic_50,1.0,1.0,100.0,2000.0,2000.0,0.07367534935474396,periodic_50,1.0,1.0,100.0,3000.0,3000.0,0.14548379182815552,periodic_50,1.0,1.0,100.0,4000.0,4000.0,0.2620958983898163,periodic_100,1.0,1.0,100.0,5000.0,5000.0
lista_bd,dysts:DequanLi,8,complete,0.0002165838668588549,periodic_100,1.0,1.0,100.0,100.0,100.0,0.003942323382943869,periodic_100,1.0,1.0,100.0,500.0,500.0,0.010877588763833046,periodic_100,1.0,1.0,100.0,1000.0,1000.0,0.02107701450586319,periodic_100,1.0,1.0,100.0,1500.0,1500.0,0.03440448269248009,periodic_100,1.0,1.0,100.0,2000.0,2000.0,0.06788014620542526,periodic_100,1.0,1.0,100.0,3000.0,3000.0,0.118194580078125,periodic_100,1.0,1.0,100.0,4000.0,4000.0,0.18854881823062897,periodic_100,1.0,1.0,100.0,5000.0,5000.0
lista_bd,dysts:DequanLi,9,complete,0.00019365508342161775,periodic_100,1.0,1.0,100.0,100.0,100.0,0.003191343741491437,periodic_100,1.0,1.0,100.0,500.0,500.0,0.010286799632012844,periodic_150,1.0,1.0,100.0,1000.0,1000.0,0.020503614097833633,periodic_150,1.0,1.0,100.0,1500.0,1500.0,0.034510932862758636,periodic_150,1.0,1.0,100.0,2000.0,2000.0,0.0796733945608139,periodic_100,1.0,1.0,100.0,3000.0,3000.0,0.1483607143163681,periodic_100,1.0,1.0,100.0,4000.0,4000.0,0.24907618761062622,periodic_100,1.0,1.0,100.0,5000.0,5000.0
lista_bd,dysts:DequanLi,10,complete,0.00018158905731979758,periodic_100,1.0,1.0,100.0,100.0,100.0,0.0029500455129891634,periodic_150,1.0,1.0,100.0,500.0,500.0,0.010171722620725632,periodic_150,1.0,1.0,100.0,1000.0,1000.0,0.022777432575821877,periodic_100,1.0,1.0,100.0,1500.0,1500.0,0.04386626556515694,periodic_100,1.0,1.0,100.0,2000.0,2000.0,0.11610671132802963,periodic_100,1.0,1.0,100.0,3000.0,3000.0,0.2903207540512085,periodic_100,1.0,1.0,100.0,4000.0,4000.0,0.5308706164360046,periodic_100,1.0,1.0,100.0,5000.0,5000.0
lista_bd,dysts:DequanLi,11,complete,0.00021663526422344148,periodic_100,1.0,1.0,100.0,100.0,100.0,0.003067132318392396,periodic_100,1.0,1.0,100.0,500.0,500.0,0.009380909614264965,periodic_100,1.0,1.0,100.0,1000.0,1000.0,0.0191524438560009,periodic_100,1.0,1.0,100.0,1500.0,1500.0,0.03238619491457939,periodic_100,1.0,1.0,100.0,2000.0,2000.0,0.08213842660188675,periodic_100,1.0,1.0,100.0,3000.0,3000.0,0.17039340734481812,periodic_50,1.0,1.0,100.0,4000.0,4000.0,0.2895698547363281,periodic_50,1.0,1.0,100.0,5000.0,5000.0
lista_bd,dysts:DequanLi,12,complete,0.0001654241350479424,periodic_100,1.0,1.0,100.0,100.0,100.0,0.0031683275010436773,periodic_150,1.0,1.0,100.0,500.0,500.0,0.011426539160311222,periodic_150,1.0,1.0,100.0,1000.0,1000.0,0.02416432648897171,periodic_150,1.0,1.0,100.0,1500.0,1500.0,0.04355989396572113,periodic_150,1.0,1.0,100.0,2000.0,2000.0,0.10306286811828613,periodic_100,1.0,1.0,100.0,3000.0,3000.0,0.19844409823417664,periodic_100,1.0,1.0,100.0,4000.0,4000.0,0.32254788279533386,periodic_100,1.0,1.0,100.0,5000.0,5000.0
lista_bd,dysts:DequanLi,13,complete,0.00015500994049943984,periodic_100,1.0,1.0,100.0,100.0,100.0,0.0024851271882653236,periodic_100,1.0,1.0,100.0,500.0,500.0,0.008522171527147293,periodic_150,1.0,1.0,100.0,1000.0,1000.0,0.01757703721523285,periodic_150,1.0,1.0,100.0,1500.0,1500.0,0.03154560923576355,periodic_150,1.0,1.0,100.0,2000.0,2000.0,0.08516132086515427,periodic_200,1.0,1.0,100.0,3000.0,3000.0,0.20816965401172638,periodic_200,1.0,1.0,100.0,4000.0,4000.0,0.3631923198699951,periodic_200,1.0,1.0,100.0,5000.0,5000.0
lista_bd,dysts:DequanLi,14,complete,0.000514800485689193,periodic_100,1.0,1.0,100.0,100.0,100.0,0.0075760213658213615,periodic_100,1.0,1.0,100.0,500.0,500.0,0.026477625593543053,periodic_100,1.0,1.0,100.0,1000.0,1000.0,0.060430463403463364,periodic_100,1.0,1.0,100.0,1500.0,1500.0,0.11796456575393677,periodic_100,1.0,1.0,100.0,2000.0,2000.0,0.3349020481109619,periodic_200,1.0,1.0,100.0,3000.0,3000.0,0.7590418457984924,periodic_100,1.0,1.0,100.0,4000.0,4000.0,1.3183047771453857,periodic_100,1.0,1.0,100.0,5000.0,5000.0
lista_bd,dysts:Hadley,0,complete,0.00010149407899007201,periodic_100,1.0,1.0,100.0,100.0,100.0,0.0013429804239422083,periodic_200,1.0,1.0,100.0,500.0,500.0,0.004248383454978466,periodic_200,1.0,1.0,100.0,1000.0,1000.0,0.008985059335827827,periodic_200,1.0,1.0,100.0,1500.0,1500.0,0.015338591299951077,periodic_200,1.0,1.0,100.0,2000.0,2000.0,0.03184245154261589,periodic_150,1.0,1.0,100.0,3000.0,3000.0,0.059354495257139206,periodic_150,1.0,1.0,100.0,4000.0,4000.0,0.10619879513978958,periodic_200,1.0,1.0,100.0,5000.0,5000.0
lista_bd,dysts:Hadley,1,complete,0.00014087122690398246,periodic_100,1.0,1.0,100.0,100.0,100.0,0.0020790803246200085,periodic_150,1.0,1.0,100.0,500.0,500.0,0.007835823111236095,periodic_150,1.0,1.0,100.0,1000.0,1000.0,0.016628488898277283,periodic_150,1.0,1.0,100.0,1500.0,1500.0,0.028293106704950333,periodic_100,1.0,1.0,100.0,2000.0,2000.0,0.07396440953016281,periodic_150,1.0,1.0,100.0,3000.0,3000.0,0.26515206694602966,periodic_200,1.0,1.0,100.0,4000.0,4000.0,0.37454456090927124,periodic_200,1.0,1.0,100.0,5000.0,5000.0
lista_bd,dysts:Hadley,2,complete,0.00017305658548139036,periodic_100,1.0,1.0,100.0,100.0,100.0,0.002821616129949689,periodic_150,1.0,1.0,100.0,500.0,500.0,0.009788461029529572,periodic_100,1.0,1.0,100.0,1000.0,1000.0,0.020142478868365288,periodic_100,1.0,1.0,100.0,1500.0,1500.0,0.034427814185619354,periodic_100,1.0,1.0,100.0,2000.0,2000.0,0.06877690553665161,periodic_100,1.0,1.0,100.0,3000.0,3000.0,0.10756033658981323,periodic_100,1.0,1.0,100.0,4000.0,4000.0,0.14679338037967682,periodic_100,1.0,1.0,100.0,5000.0,5000.0
lista_bd,dysts:Hadley,3,complete,0.00037990353303030133,periodic_100,1.0,1.0,100.0,100.0,100.0,0.0041306898929178715,periodic_150,1.0,1.0,100.0,500.0,500.0,0.014232425950467587,periodic_150,1.0,1.0,100.0,1000.0,1000.0,0.03190500661730766,periodic_150,1.0,1.0,100.0,1500.0,1500.0,0.06104191765189171,periodic_150,1.0,1.0,100.0,2000.0,2000.0,0.13882331550121307,periodic_200,1.0,1.0,100.0,3000.0,3000.0,0.23576956987380981,periodic_200,1.0,1.0,100.0,4000.0,4000.0,0.3804756999015808,periodic_200,1.0,1.0,100.0,5000.0,5000.0
lista_bd,dysts:Hadley,4,complete,0.0004004608781542629,periodic_100,1.0,1.0,100.0,100.0,100.0,0.005284128710627556,periodic_200,1.0,1.0,100.0,500.0,500.0,0.01881662756204605,periodic_150,1.0,1.0,100.0,1000.0,1000.0,0.038670334964990616,periodic_150,1.0,1.0,100.0,1500.0,1500.0,0.06698637455701828,periodic_150,1.0,1.0,100.0,2000.0,2000.0,0.14958369731903076,periodic_100,1.0,1.0,100.0,3000.0,3000.0,0.26588618755340576,periodic_150,1.0,1.0,100.0,4000.0,4000.0,0.4118623435497284,periodic_200,1.0,1.0,100.0,5000.0,5000.0
lista_bd,dysts:Hadley,5,complete,0.00016058064647950232,periodic_100,1.0,1.0,100.0,100.0,100.0,0.002694416092708707,periodic_150,1.0,1.0,100.0,500.0,500.0,0.010403755120933056,periodic_150,1.0,1.0,100.0,1000.0,1000.0,0.01951720379292965,periodic_150,1.0,1.0,100.0,1500.0,1500.0,0.02979443594813347,periodic_150,1.0,1.0,100.0,2000.0,2000.0,0.0566793717443943,periodic_150,1.0,1.0,100.0,3000.0,3000.0,0.09019114822149277,periodic_150,1.0,1.0,100.0,4000.0,4000.0,0.12817330658435822,periodic_150,1.0,1.0,100.0,5000.0,5000.0
lista_bd,dysts:Hadley,6,complete,0.00029787232051603496,periodic_100,1.0,1.0,100.0,100.0,100.0,0.003827444277703762,periodic_200,1.0,1.0,100.0,500.0,500.0,0.012615605257451534,periodic_200,1.0,1.0,100.0,1000.0,1000.0,0.026766078546643257,periodic_200,1.0,1.0,100.0,1500.0,1500.0,0.04919382929801941,periodic_200,1.0,1.0,100.0,2000.0,2000.0,0.1263057440519333,periodic_200,1.0,1.0,100.0,3000.0,3000.0,0.24494457244873047,periodic_100,1.0,1.0,100.0,4000.0,4000.0,0.39312469959259033,periodic_100,1.0,1.0,100.0,5000.0,5000.0
lista_bd,dysts:Hadley,7,complete,0.00013330535148270428,periodic_100,1.0,1.0,100.0,100.0,100.0,0.0022822138853371143,periodic_100,1.0,1.0,100.0,500.0,500.0,0.007599528878927231,periodic_100,1.0,1.0,100.0,1000.0,1000.0,0.014238349162042141,periodic_100,1.0,1.0,100.0,1500.0,1500.0,0.025069260969758034,periodic_100,1.0,1.0,100.0,2000.0,2000.0,0.07300281524658203,periodic_150,1.0,1.0,100.0,3000.0,3000.0,0.16082145273685455,periodic_150,1.0,1.0,100.0,4000.0,4000.0,0.2616013288497925,periodic_200,1.0,1.0,100.0,5000.0,5000.0
lista_bd,dysts:Hadley,8,complete,0.0009722472750581801,periodic_100,1.0,1.0,100.0,100.0,100.0,0.01369332056492567,periodic_200,1.0,1.0,100.0,500.0,500.0,0.0478803887963295,periodic_200,1.0,1.0,100.0,1000.0,1000.0,0.18367604911327362,periodic_200,1.0,1.0,100.0,1500.0,1500.0,0.3511093556880951,periodic_200,1.0,1.0,100.0,2000.0,2000.0,2.7107622623443604,periodic_25,1.0,1.0,100.0,3000.0,3000.0,9.865955352783203,periodic_25,1.0,1.0,100.0,4000.0,4000.0,36.3226203918457,periodic_100,1.0,1.0,100.0,5000.0,5000.0
lista_bd,dysts:Hadley,9,complete,0.0001613846397958696,periodic_100,1.0,1.0,100.0,100.0,100.0,0.002572857541963458,periodic_150,1.0,1.0,100.0,500.0,500.0,0.009022116661071777,periodic_150,1.0,1.0,100.0,1000.0,1000.0,0.019884664565324783,periodic_150,1.0,1.0,100.0,1500.0,1500.0,0.03733200207352638,periodic_150,1.0,1.0,100.0,2000.0,2000.0,0.0977027490735054,periodic_150,1.0,1.0,100.0,3000.0,3000.0,0.1725538820028305,periodic_150,1.0,1.0,100.0,4000.0,4000.0,0.23986618220806122,periodic_150,1.0,1.0,100.0,5000.0,5000.0
lista_bd,dysts:Hadley,10,complete,0.00014716949954163283,periodic_100,1.0,1.0,100.0,100.0,100.0,0.002015108009800315,periodic_150,1.0,1.0,100.0,500.0,500.0,0.006386986933648586,periodic_200,1.0,1.0,100.0,1000.0,1000.0,0.013164612464606762,periodic_200,1.0,1.0,100.0,1500.0,1500.0,0.022591471672058105,periodic_200,1.0,1.0,100.0,2000.0,2000.0,0.05051090195775032,periodic_200,1.0,1.0,100.0,3000.0,3000.0,0.09386782348155975,periodic_200,1.0,1.0,100.0,4000.0,4000.0,0.15325823426246643,periodic_200,1.0,1.0,100.0,5000.0,5000.0
lista_bd,dysts:Hadley,11,complete,0.0001914698805194348,periodic_100,1.0,1.0,100.0,100.0,100.0,0.0032976053189486265,periodic_150,1.0,1.0,100.0,500.0,500.0,0.010493051260709763,periodic_100,1.0,1.0,100.0,1000.0,1000.0,0.021625801920890808,periodic_100,1.0,1.0,100.0,1500.0,1500.0,0.03614697977900505,periodic_100,1.0,1.0,100.0,2000.0,2000.0,0.07998460531234741,periodic_150,1.0,1.0,100.0,3000.0,3000.0,0.15087996423244476,periodic_200,1.0,1.0,100.0,4000.0,4000.0,0.2752012312412262,periodic_200,1.0,1.0,100.0,5000.0,5000.0
lista_bd,dysts:Hadley,12,complete,0.00012777205847669393,periodic_100,1.0,1.0,100.0,100.0,100.0,0.0024393501225858927,periodic_150,1.0,1.0,100.0,500.0,500.0,0.008618496358394623,periodic_150,1.0,1.0,100.0,1000.0,1000.0,0.01822747476398945,periodic_150,1.0,1.0,100.0,1500.0,1500.0,0.0315394289791584,periodic_150,1.0,1.0,100.0,2000.0,2000.0,0.0715181976556778,periodic_150,1.0,1.0,100.0,3000.0,3000.0,0.12001893669366837,periodic_150,1.0,1.0,100.0,4000.0,4000.0,0.17758306860923767,periodic_150,1.0,1.0,100.0,5000.0,5000.0
lista_bd,dysts:Hadley,13,complete,0.00021464283054228872,periodic_100,1.0,1.0,100.0,100.0,100.0,0.0024747801944613457,periodic_200,1.0,1.0,100.0,500.0,500.0,0.007823172025382519,periodic_200,1.0,1.0,100.0,1000.0,1000.0,0.01630925014615059,periodic_200,1.0,1.0,100.0,1500.0,1500.0,0.02847501076757908,periodic_200,1.0,1.0,100.0,2000.0,2000.0,0.06628701090812683,periodic_200,1.0,1.0,100.0,3000.0,3000.0,0.13182099163532257,periodic_200,1.0,1.0,100.0,4000.0,4000.0,0.2429823875427246,periodic_200,1.0,1.0,100.0,5000.0,5000.0
lista_bd,dysts:Hadley,14,complete,0.00011748391989385709,periodic_100,1.0,1.0,100.0,100.0,100.0,0.0015119507443159819,periodic_150,1.0,1.0,100.0,500.0,500.0,0.005074414424598217,periodic_150,1.0,1.0,100.0,1000.0,1000.0,0.010393443517386913,periodic_150,1.0,1.0,100.0,1500.0,1500.0,0.01790078915655613,periodic_150,1.0,1.0,100.0,2000.0,2000.0,0.04414958506822586,periodic_200,1.0,1.0,100.0,3000.0,3000.0,0.1038825586438179,periodic_200,1.0,1.0,100.0,4000.0,4000.0,0.23305293917655945,periodic_200,1.0,1.0,100.0,5000.0,5000.0
lista_bd,dysts:LuChenCheng,0,complete,8.300726040033624e-05,periodic_100,1.0,1.0,100.0,100.0,100.0,0.0014089628821238875,periodic_100,1.0,1.0,100.0,500.0,500.0,0.004047007765620947,periodic_100,1.0,1.0,100.0,1000.0,1000.0,0.007544494234025478,periodic_100,1.0,1.0,100.0,1500.0,1500.0,0.011825948022305965,periodic_100,1.0,1.0,100.0,2000.0,2000.0,0.022418297827243805,periodic_150,1.0,1.0,100.0,3000.0,3000.0,0.034939296543598175,periodic_150,1.0,1.0,100.0,4000.0,4000.0,0.06449775397777557,periodic_150,1.0,1.0,100.0,5000.0,5000.0
lista_bd,dysts:LuChenCheng,1,complete,0.00010528918210184202,periodic_100,1.0,1.0,100.0,100.0,100.0,0.0015597312012687325,periodic_100,1.0,1.0,100.0,500.0,500.0,0.00592781649902463,periodic_100,1.0,1.0,100.0,1000.0,1000.0,0.011249013245105743,periodic_100,1.0,1.0,100.0,1500.0,1500.0,0.018075525760650635,periodic_100,1.0,1.0,100.0,2000.0,2000.0,0.03476818650960922,periodic_150,1.0,1.0,100.0,3000.0,3000.0,0.06537137180566788,periodic_200,1.0,1.0,100.0,4000.0,4000.0,0.11232808232307434,periodic_200,1.0,1.0,100.0,5000.0,5000.0
lista_bd,dysts:LuChenCheng,2,complete,0.0001092339152819477,periodic_100,1.0,1.0,100.0,100.0,100.0,0.0012880155118182302,periodic_50,1.0,1.0,100.0,500.0,500.0,0.003846816485747695,periodic_100,1.0,1.0,100.0,1000.0,1000.0,0.005257784854620695,periodic_100,1.0,1.0,100.0,1500.0,1500.0,0.00662683742120862,periodic_100,1.0,1.0,100.0,2000.0,2000.0,0.013536980375647545,periodic_100,1.0,1.0,100.0,3000.0,3000.0,0.04383804649114609,periodic_150,1.0,1.0,100.0,4000.0,4000.0,0.08711940795183182,periodic_150,1.0,1.0,100.0,5000.0,5000.0
lista_bd,dysts:LuChenCheng,3,complete,6.877115811221302e-05,periodic_100,1.0,1.0,100.0,100.0,100.0,0.0009396723471581936,periodic_100,1.0,1.0,100.0,500.0,500.0,0.002332608448341489,periodic_100,1.0,1.0,100.0,1000.0,1000.0,0.003775214310735464,periodic_100,1.0,1.0,100.0,1500.0,1500.0,0.005222507752478123,periodic_100,1.0,1.0,100.0,2000.0,2000.0,0.009592193178832531,periodic_100,1.0,1.0,100.0,3000.0,3000.0,0.020576467737555504,periodic_150,1.0,1.0,100.0,4000.0,4000.0,0.031505223363637924,periodic_150,1.0,1.0,100.0,5000.0,5000.0
lista_bd,dysts:LuChenCheng,4,complete,9.868577035376802e-05,periodic_50,1.0,1.0,100.0,100.0,100.0,0.0012631192803382874,periodic_50,1.0,1.0,100.0,500.0,500.0,0.0030726713594049215,periodic_50,1.0,1.0,100.0,1000.0,1000.0,0.00512273982167244,periodic_50,1.0,1.0,100.0,1500.0,1500.0,0.007360799238085747,periodic_50,1.0,1.0,100.0,2000.0,2000.0,0.01381155475974083,periodic_100,1.0,1.0,100.0,3000.0,3000.0,0.024592943489551544,periodic_100,1.0,1.0,100.0,4000.0,4000.0,0.04984452575445175,periodic_100,1.0,1.0,100.0,5000.0,5000.0
lista_bd,dysts:LuChenCheng,5,complete,9.020764264278114e-05,periodic_100,1.0,1.0,100.0,100.0,100.0,0.0012531152460724115,periodic_100,1.0,1.0,100.0,500.0,500.0,0.005466574337333441,periodic_100,1.0,1.0,100.0,1000.0,1000.0,0.01071973517537117,periodic_150,1.0,1.0,100.0,1500.0,1500.0,0.016041314229369164,periodic_150,1.0,1.0,100.0,2000.0,2000.0,0.024891827255487442,periodic_200,1.0,1.0,100.0,3000.0,3000.0,0.03547009080648422,periodic_200,1.0,1.0,100.0,4000.0,4000.0,0.06725294888019562,periodic_200,1.0,1.0,100.0,5000.0,5000.0
lista_bd,dysts:LuChenCheng,6,complete,3.7112469726707786e-05,periodic_50,1.0,1.0,100.0,100.0,100.0,0.00046438933350145817,periodic_50,1.0,1.0,100.0,500.0,500.0,0.0013314143288880587,periodic_50,1.0,1.0,100.0,1000.0,1000.0,0.003189269220456481,periodic_100,1.0,1.0,100.0,1500.0,1500.0,0.005236344411969185,periodic_100,1.0,1.0,100.0,2000.0,2000.0,0.013912738300859928,periodic_100,1.0,1.0,100.0,3000.0,3000.0,0.022648535668849945,periodic_100,1.0,1.0,100.0,4000.0,4000.0,0.03419773653149605,periodic_100,1.0,1.0,100.0,5000.0,5000.0
lista_bd,dysts:LuChenCheng,7,complete,5.671589315170422e-05,periodic_50,1.0,1.0,100.0,100.0,100.0,0.0006084926426410675,periodic_100,1.0,1.0,100.0,500.0,500.0,0.002137606730684638,periodic_100,1.0,1.0,100.0,1000.0,1000.0,0.004965301603078842,periodic_100,1.0,1.0,100.0,1500.0,1500.0,0.008506673388183117,periodic_100,1.0,1.0,100.0,2000.0,2000.0,0.016049077734351158,periodic_150,1.0,1.0,100.0,3000.0,3000.0,0.030006228014826775,periodic_150,1.0,1.0,100.0,4000.0,4000.0,0.06473953276872635,periodic_150,1.0,1.0,100.0,5000.0,5000.0
lista_bd,dysts:LuChenCheng,8,complete,6.82070167385973e-05,periodic_50,1.0,1.0,100.0,100.0,100.0,0.0007959085050970316,periodic_100,1.0,1.0,100.0,500.0,500.0,0.0025764540769159794,periodic_100,1.0,1.0,100.0,1000.0,1000.0,0.005025006365031004,periodic_100,1.0,1.0,100.0,1500.0,1500.0,0.008552747778594494,periodic_100,1.0,1.0,100.0,2000.0,2000.0,0.017685240134596825,periodic_150,1.0,1.0,100.0,3000.0,3000.0,0.038785409182310104,periodic_150,1.0,1.0,100.0,4000.0,4000.0,0.08834785223007202,periodic_150,1.0,1.0,100.0,5000.0,5000.0
lista_bd,dysts:LuChenCheng,9,complete,5.793869058834389e-05,periodic_100,1.0,1.0,100.0,100.0,100.0,0.0010349367512390018,periodic_100,1.0,1.0,100.0,500.0,500.0,0.003343930933624506,periodic_100,1.0,1.0,100.0,1000.0,1000.0,0.0066233910620212555,periodic_100,1.0,1.0,100.0,1500.0,1500.0,0.009949814528226852,periodic_100,1.0,1.0,100.0,2000.0,2000.0,0.02124701999127865,periodic_100,1.0,1.0,100.0,3000.0,3000.0,0.06138789653778076,periodic_100,1.0,1.0,100.0,4000.0,4000.0,0.11930258572101593,periodic_150,1.0,1.0,100.0,5000.0,5000.0
lista_bd,dysts:LuChenCheng,10,complete,0.0002566021285019815,periodic_50,1.0,1.0,100.0,100.0,100.0,0.002687589731067419,periodic_50,1.0,1.0,100.0,500.0,500.0,0.014619282446801662,periodic_100,1.0,1.0,100.0,1000.0,1000.0,0.03138880804181099,periodic_100,1.0,1.0,100.0,1500.0,1500.0,0.049576371908187866,periodic_100,1.0,1.0,100.0,2000.0,2000.0,0.10363763570785522,periodic_150,1.0,1.0,100.0,3000.0,3000.0,0.17026977241039276,periodic_200,1.0,1.0,100.0,4000.0,4000.0,0.31648707389831543,periodic_200,1.0,1.0,100.0,5000.0,5000.0
lista_bd,dysts:LuChenCheng,11,complete,0.00011611818626988679,periodic_100,1.0,1.0,100.0,100.0,100.0,0.0014117574319243431,periodic_100,1.0,1.0,100.0,500.0,500.0,0.0038996858056634665,periodic_100,1.0,1.0,100.0,1000.0,1000.0,0.006857624743133783,periodic_100,1.0,1.0,100.0,1500.0,1500.0,0.010421773418784142,periodic_150,1.0,1.0,100.0,2000.0,2000.0,0.019205620512366295,periodic_150,1.0,1.0,100.0,3000.0,3000.0,0.03298989683389664,periodic_150,1.0,1.0,100.0,4000.0,4000.0,0.07164636254310608,periodic_200,1.0,1.0,100.0,5000.0,5000.0
lista_bd,dysts:LuChenCheng,12,complete,0.00022890765103511512,periodic_100,1.0,1.0,100.0,100.0,100.0,0.0034230141900479794,periodic_150,1.0,1.0,100.0,500.0,500.0,0.009348913095891476,periodic_150,1.0,1.0,100.0,1000.0,1000.0,0.019808277487754822,periodic_200,1.0,1.0,100.0,1500.0,1500.0,0.03298979997634888,periodic_200,1.0,1.0,100.0,2000.0,2000.0,0.06266853958368301,periodic_200,1.0,1.0,100.0,3000.0,3000.0,0.09835287928581238,periodic_200,1.0,1.0,100.0,4000.0,4000.0,0.16776840388774872,periodic_200,1.0,1.0,100.0,5000.0,5000.0
lista_bd,dysts:LuChenCheng,13,complete,7.164617272792384e-05,periodic_50,1.0,1.0,100.0,100.0,100.0,0.0014283243799582124,periodic_50,1.0,1.0,100.0,500.0,500.0,0.004693715833127499,periodic_100,1.0,1.0,100.0,1000.0,1000.0,0.006609753239899874,periodic_100,1.0,1.0,100.0,1500.0,1500.0,0.00845455750823021,periodic_100,1.0,1.0,100.0,2000.0,2000.0,0.01622745953500271,periodic_100,1.0,1.0,100.0,3000.0,3000.0,0.028787998482584953,periodic_150,1.0,1.0,100.0,4000.0,4000.0,0.059397611767053604,periodic_150,1.0,1.0,100.0,5000.0,5000.0
lista_bd,dysts:LuChenCheng,14,complete,8.85960616869852e-05,periodic_50,1.0,1.0,100.0,100.0,100.0,0.0010378434089943767,periodic_50,1.0,1.0,100.0,500.0,500.0,0.0027666527312248945,periodic_100,1.0,1.0,100.0,1000.0,1000.0,0.0056672124192118645,periodic_100,1.0,1.0,100.0,1500.0,1500.0,0.008495834656059742,periodic_100,1.0,1.0,100.0,2000.0,2000.0,0.019049372524023056,periodic_100,1.0,1.0,100.0,3000.0,3000.0,0.03845228999853134,periodic_100,1.0,1.0,100.0,4000.0,4000.0,0.07224895805120468,periodic_100,1.0,1.0,100.0,5000.0,5000.0
lista_bd,dysts:QiChen,0,complete,0.00015350675676018,periodic_100,1.0,1.0,100.0,100.0,100.0,0.002071782248094678,periodic_100,1.0,1.0,100.0,500.0,500.0,0.008650749921798706,periodic_100,1.0,1.0,100.0,1000.0,1000.0,0.030456168577075005,periodic_100,1.0,1.0,100.0,1500.0,1500.0,0.14189350605010986,periodic_200,1.0,1.0,100.0,2000.0,2000.0,0.4763580560684204,periodic_50,1.0,1.0,100.0,3000.0,3000.0,0.5890881419181824,periodic_50,1.0,1.0,100.0,4000.0,4000.0,0.7986003160476685,periodic_50,1.0,1.0,100.0,5000.0,5000.0
lista_bd,dysts:QiChen,1,complete,0.001561225508339703,periodic_100,1.0,1.0,100.0,100.0,100.0,0.018298188224434853,periodic_200,1.0,1.0,100.0,500.0,500.0,0.0752430260181427,periodic_200,1.0,1.0,100.0,1000.0,1000.0,0.25173500180244446,periodic_200,1.0,1.0,100.0,1500.0,1500.0,0.5759725570678711,periodic_200,1.0,1.0,100.0,2000.0,2000.0,1.6318179368972778,periodic_200,1.0,1.0,100.0,3000.0,3000.0,3.1569745540618896,periodic_10,1.0,1.0,100.0,4000.0,4000.0,3.522731304168701,periodic_10,1.0,1.0,100.0,5000.0,5000.0
lista_bd,dysts:QiChen,2,complete,0.0002544273156672716,periodic_50,1.0,1.0,100.0,100.0,100.0,0.0023607343900948763,periodic_50,1.0,1.0,100.0,500.0,500.0,0.006913472898304462,periodic_100,1.0,1.0,100.0,1000.0,1000.0,0.014524152502417564,periodic_100,1.0,1.0,100.0,1500.0,1500.0,0.0313427597284317,periodic_100,1.0,1.0,100.0,2000.0,2000.0,0.23806239664554596,periodic_100,1.0,1.0,100.0,3000.0,3000.0,0.34263911843299866,periodic_100,1.0,1.0,100.0,4000.0,4000.0,0.39569512009620667,periodic_50,1.0,1.0,100.0,5000.0,5000.0
lista_bd,dysts:QiChen,3,complete,0.00032346759689971805,periodic_50,1.0,1.0,100.0,100.0,100.0,0.0025601366069167852,periodic_50,1.0,1.0,100.0,500.0,500.0,0.011032287031412125,periodic_100,1.0,1.0,100.0,1000.0,1000.0,0.030466170981526375,periodic_100,1.0,1.0,100.0,1500.0,1500.0,0.05156393349170685,periodic_100,1.0,1.0,100.0,2000.0,2000.0,0.13410645723342896,periodic_100,1.0,1.0,100.0,3000.0,3000.0,0.3749484121799469,periodic_100,1.0,1.0,100.0,4000.0,4000.0,0.6882147192955017,periodic_100,1.0,1.0,100.0,5000.0,5000.0
lista_bd,dysts:QiChen,4,complete,0.0001334072439931333,periodic_50,1.0,1.0,100.0,100.0,100.0,0.0013138967333361506,periodic_50,1.0,1.0,100.0,500.0,500.0,0.003005571663379669,periodic_50,1.0,1.0,100.0,1000.0,1000.0,0.0070892805233597755,periodic_50,1.0,1.0,100.0,1500.0,1500.0,0.025675524026155472,periodic_50,1.0,1.0,100.0,2000.0,2000.0,0.1360940784215927,periodic_50,1.0,1.0,100.0,3000.0,3000.0,0.19922026991844177,periodic_50,1.0,1.0,100.0,4000.0,4000.0,0.38810813426971436,periodic_50,1.0,1.0,100.0,5000.0,5000.0
lista_bd,dysts:QiChen,5,complete,0.0004159451345913112,periodic_50,1.0,1.0,100.0,100.0,100.0,0.007546563632786274,periodic_100,1.0,1.0,100.0,500.0,500.0,0.02295299805700779,periodic_100,1.0,1.0,100.0,1000.0,1000.0,0.0455828420817852,periodic_200,1.0,1.0,100.0,1500.0,1500.0,0.09131534397602081,periodic_200,1.0,1.0,100.0,2000.0,2000.0,0.29469555616378784,periodic_200,1.0,1.0,100.0,3000.0,3000.0,0.46233057975769043,periodic_200,1.0,1.0,100.0,4000.0,4000.0,0.6619796752929688,periodic_200,1.0,1.0,100.0,5000.0,5000.0
lista_bd,dysts:QiChen,6,complete,0.00015737277863081545,periodic_100,1.0,1.0,100.0,100.0,100.0,0.003418172709643841,periodic_100,1.0,1.0,100.0,500.0,500.0,0.01705663837492466,periodic_50,1.0,1.0,100.0,1000.0,1000.0,0.026950087398290634,periodic_100,1.0,1.0,100.0,1500.0,1500.0,0.05749022588133812,periodic_100,1.0,1.0,100.0,2000.0,2000.0,0.11031592637300491,periodic_150,1.0,1.0,100.0,3000.0,3000.0,0.24811576306819916,periodic_100,1.0,1.0,100.0,4000.0,4000.0,0.525352954864502,periodic_100,1.0,1.0,100.0,5000.0,5000.0
lista_bd,dysts:QiChen,7,complete,0.00010706105967983603,periodic_50,1.0,1.0,100.0,100.0,100.0,0.0012630069395527244,periodic_50,1.0,1.0,100.0,500.0,500.0,0.0038237834814935923,periodic_100,1.0,1.0,100.0,1000.0,1000.0,0.008441337384283543,periodic_100,1.0,1.0,100.0,1500.0,1500.0,0.015536529012024403,periodic_150,1.0,1.0,100.0,2000.0,2000.0,0.04414289817214012,periodic_150,1.0,1.0,100.0,3000.0,3000.0,0.3247270882129669,periodic_150,1.0,1.0,100.0,4000.0,4000.0,0.6049172878265381,periodic_150,1.0,1.0,100.0,5000.0,5000.0
lista_bd,dysts:QiChen,8,complete,0.00012996824807487428,periodic_50,1.0,1.0,100.0,100.0,100.0,0.0028311070054769516,periodic_50,1.0,1.0,100.0,500.0,500.0,0.008475937880575657,periodic_50,1.0,1.0,100.0,1000.0,1000.0,0.019152451306581497,periodic_50,1.0,1.0,100.0,1500.0,1500.0,0.033223919570446014,periodic_50,1.0,1.0,100.0,2000.0,2000.0,0.09396585822105408,periodic_50,1.0,1.0,100.0,3000.0,3000.0,0.23060758411884308,periodic_100,1.0,1.0,100.0,4000.0,4000.0,0.4209609925746918,periodic_100,1.0,1.0,100.0,5000.0,5000.0
lista_bd,dysts:QiChen,9,complete,0.0001266953768208623,periodic_100,1.0,1.0,100.0,100.0,100.0,0.0030021185521036386,periodic_50,1.0,1.0,100.0,500.0,500.0,0.010090835392475128,periodic_100,1.0,1.0,100.0,1000.0,1000.0,0.021742668002843857,periodic_100,1.0,1.0,100.0,1500.0,1500.0,0.07197743654251099,periodic_100,1.0,1.0,100.0,2000.0,2000.0,0.16670872271060944,periodic_100,1.0,1.0,100.0,3000.0,3000.0,0.18907852470874786,periodic_100,1.0,1.0,100.0,4000.0,4000.0,0.34880152344703674,periodic_100,1.0,1.0,100.0,5000.0,5000.0
lista_bd,dysts:QiChen,10,complete,0.00018408002506475896,periodic_100,1.0,1.0,100.0,100.0,100.0,0.002050747163593769,periodic_100,1.0,1.0,100.0,500.0,500.0,0.005889411550015211,periodic_150,1.0,1.0,100.0,1000.0,1000.0,0.011909609660506248,periodic_200,1.0,1.0,100.0,1500.0,1500.0,0.02729805000126362,periodic_200,1.0,1.0,100.0,2000.0,2000.0,0.11900746077299118,periodic_150,1.0,1.0,100.0,3000.0,3000.0,0.42916736006736755,periodic_200,1.0,1.0,100.0,4000.0,4000.0,0.6983060240745544,periodic_200,1.0,1.0,100.0,5000.0,5000.0
lista_bd,dysts:QiChen,11,complete,0.00011328682012390345,periodic_50,1.0,1.0,100.0,100.0,100.0,0.0016459374455735087,periodic_50,1.0,1.0,100.0,500.0,500.0,0.008856618776917458,periodic_50,1.0,1.0,100.0,1000.0,1000.0,0.02470961958169937,periodic_150,1.0,1.0,100.0,1500.0,1500.0,0.04042210429906845,periodic_150,1.0,1.0,100.0,2000.0,2000.0,0.14830532670021057,periodic_50,1.0,1.0,100.0,3000.0,3000.0,0.27590152621269226,periodic_50,1.0,1.0,100.0,4000.0,4000.0,0.43107566237449646,periodic_100,1.0,1.0,100.0,5000.0,5000.0
lista_bd,dysts:QiChen,12,complete,8.045361028052866e-05,periodic_50,1.0,1.0,100.0,100.0,100.0,0.001341841765679419,periodic_100,1.0,1.0,100.0,500.0,500.0,0.005438623949885368,periodic_100,1.0,1.0,100.0,1000.0,1000.0,0.01448408979922533,periodic_100,1.0,1.0,100.0,1500.0,1500.0,0.05301637202501297,periodic_200,1.0,1.0,100.0,2000.0,2000.0,0.14258761703968048,periodic_200,1.0,1.0,100.0,3000.0,3000.0,0.5434704422950745,periodic_150,1.0,1.0,100.0,4000.0,4000.0,0.8274200558662415,periodic_150,1.0,1.0,100.0,5000.0,5000.0
lista_bd,dysts:QiChen,13,complete,0.00015382487617898732,periodic_50,1.0,1.0,100.0,100.0,100.0,0.0022165020927786827,periodic_100,1.0,1.0,100.0,500.0,500.0,0.0062526678666472435,periodic_100,1.0,1.0,100.0,1000.0,1000.0,0.010611181147396564,periodic_100,1.0,1.0,100.0,1500.0,1500.0,0.02151467278599739,periodic_100,1.0,1.0,100.0,2000.0,2000.0,0.07530545443296432,periodic_100,1.0,1.0,100.0,3000.0,3000.0,0.25967904925346375,periodic_100,1.0,1.0,100.0,4000.0,4000.0,0.49959635734558105,periodic_100,1.0,1.0,100.0,5000.0,5000.0
lista_bd,dysts:QiChen,14,complete,0.00011890478344867006,periodic_50,1.0,1.0,100.0,100.0,100.0,0.0016771979862824082,periodic_50,1.0,1.0,100.0,500.0,500.0,0.0041527459397912025,periodic_100,1.0,1.0,100.0,1000.0,1000.0,0.010084301233291626,periodic_100,1.0,1.0,100.0,1500.0,1500.0,0.01988367736339569,periodic_100,1.0,1.0,100.0,2000.0,2000.0,0.0550827793776989,periodic_200,1.0,1.0,100.0,3000.0,3000.0,0.2046404778957367,periodic_50,1.0,1.0,100.0,4000.0,4000.0,0.5001528859138489,periodic_50,1.0,1.0,100.0,5000.0,5000.0
lista_bd,dysts:Sakarya,0,complete,0.00120983412489295,periodic_25,1.0,1.0,100.0,100.0,100.0,0.017796438187360764,periodic_25,1.0,1.0,100.0,500.0,500.0,0.028291307389736176,periodic_25,1.0,1.0,100.0,1000.0,1000.0,0.0570453517138958,periodic_25,1.0,1.0,100.0,1500.0,1500.0,0.09869057685136795,periodic_25,1.0,1.0,100.0,2000.0,2000.0,0.3380544185638428,periodic_25,1.0,1.0,100.0,3000.0,3000.0,0.657203733921051,periodic_25,1.0,1.0,100.0,4000.0,4000.0,1.2008618116378784,periodic_100,1.0,1.0,100.0,5000.0,5000.0
lista_bd,dysts:Sakarya,1,complete,0.0023757978342473507,periodic_10,1.0,1.0,100.0,100.0,100.0,0.01687869429588318,periodic_50,1.0,1.0,100.0,500.0,500.0,0.062409982085227966,periodic_50,1.0,1.0,100.0,1000.0,1000.0,0.11334536224603653,periodic_100,1.0,1.0,100.0,1500.0,1500.0,0.20050844550132751,periodic_150,1.0,1.0,100.0,2000.0,2000.0,0.6477634310722351,periodic_150,1.0,1.0,100.0,3000.0,3000.0,1.0049420595169067,periodic_150,1.0,1.0,100.0,4000.0,4000.0,1.520382285118103,periodic_150,1.0,1.0,100.0,5000.0,5000.0
lista_bd,dysts:Sakarya,2,complete,0.000694209011271596,periodic_25,1.0,1.0,100.0,100.0,100.0,0.008785378187894821,periodic_25,1.0,1.0,100.0,500.0,500.0,0.03634440898895264,periodic_50,1.0,1.0,100.0,1000.0,1000.0,0.06370959430932999,periodic_50,1.0,1.0,100.0,1500.0,1500.0,0.16315308213233948,periodic_50,1.0,1.0,100.0,2000.0,2000.0,0.5092926025390625,periodic_100,1.0,1.0,100.0,3000.0,3000.0,0.9450705647468567,periodic_100,1.0,1.0,100.0,4000.0,4000.0,1.4761663675308228,periodic_100,1.0,1.0,100.0,5000.0,5000.0
lista_bd,dysts:Sakarya,3,complete,0.00042240426409989595,periodic_50,1.0,1.0,100.0,100.0,100.0,0.006224617827683687,periodic_50,1.0,1.0,100.0,500.0,500.0,0.02523949183523655,periodic_50,1.0,1.0,100.0,1000.0,1000.0,0.08270109444856644,periodic_50,1.0,1.0,100.0,1500.0,1500.0,0.27507439255714417,periodic_50,1.0,1.0,100.0,2000.0,2000.0,0.5122660994529724,periodic_50,1.0,1.0,100.0,3000.0,3000.0,0.6541885137557983,periodic_50,1.0,1.0,100.0,4000.0,4000.0,0.8780124187469482,periodic_50,1.0,1.0,100.0,5000.0,5000.0
lista_bd,dysts:Sakarya,4,complete,0.000511836726218462,periodic_25,1.0,1.0,100.0,100.0,100.0,0.015996387228369713,periodic_25,1.0,1.0,100.0,500.0,500.0,0.0718582272529602,periodic_25,1.0,1.0,100.0,1000.0,1000.0,0.22019988298416138,periodic_25,1.0,1.0,100.0,1500.0,1500.0,0.3853067457675934,periodic_50,1.0,1.0,100.0,2000.0,2000.0,0.516542911529541,periodic_50,1.0,1.0,100.0,3000.0,3000.0,0.6680464148521423,periodic_50,1.0,1.0,100.0,4000.0,4000.0,0.7856780290603638,periodic_50,1.0,1.0,100.0,5000.0,5000.0
lista_bd,dysts:Sakarya,5,complete,0.00025959007325582206,periodic_25,1.0,1.0,100.0,100.0,100.0,0.0037072808481752872,periodic_50,1.0,1.0,100.0,500.0,500.0,0.013138771057128906,periodic_50,1.0,1.0,100.0,1000.0,1000.0,0.02373565174639225,periodic_50,1.0,1.0,100.0,1500.0,1500.0,0.048929959535598755,periodic_50,1.0,1.0,100.0,2000.0,2000.0,0.27256807684898376,periodic_50,1.0,1.0,100.0,3000.0,3000.0,0.5166267156600952,periodic_50,1.0,1.0,100.0,4000.0,4000.0,0.7799600958824158,periodic_25,1.0,1.0,100.0,5000.0,5000.0
lista_bd,dysts:Sakarya,6,complete,0.0009366734884679317,periodic_25,1.0,1.0,100.0,100.0,100.0,0.024522127583622932,periodic_25,1.0,1.0,100.0,500.0,500.0,0.05659554898738861,periodic_50,1.0,1.0,100.0,1000.0,1000.0,0.11482009291648865,periodic_50,1.0,1.0,100.0,1500.0,1500.0,0.21842335164546967,periodic_50,1.0,1.0,100.0,2000.0,2000.0,0.36743319034576416,periodic_50,1.0,1.0,100.0,3000.0,3000.0,0.5957655906677246,periodic_50,1.0,1.0,100.0,4000.0,4000.0,0.8610495924949646,periodic_50,1.0,1.0,100.0,5000.0,5000.0
lista_bd,dysts:Sakarya,7,complete,0.0024710465222597122,periodic_50,1.0,1.0,100.0,100.0,100.0,0.05274564400315285,periodic_25,1.0,1.0,100.0,500.0,500.0,0.2751532793045044,periodic_50,1.0,1.0,100.0,1000.0,1000.0,0.5119237899780273,periodic_150,1.0,1.0,100.0,1500.0,1500.0,0.7185461521148682,periodic_150,1.0,1.0,100.0,2000.0,2000.0,1.2931362390518188,periodic_200,1.0,1.0,100.0,3000.0,3000.0,2.1327884197235107,periodic_200,1.0,1.0,100.0,4000.0,4000.0,3.0051894187927246,periodic_200,1.0,1.0,100.0,5000.0,5000.0
lista_bd,dysts:Sakarya,8,complete,0.0015929557848721743,periodic_100,1.0,1.0,100.0,100.0,100.0,0.027123207226395607,periodic_100,1.0,1.0,100.0,500.0,500.0,0.059232309460639954,periodic_200,1.0,1.0,100.0,1000.0,1000.0,0.11146532744169235,periodic_150,1.0,1.0,100.0,1500.0,1500.0,0.27640044689178467,periodic_150,1.0,1.0,100.0,2000.0,2000.0,0.6431137323379517,periodic_200,1.0,1.0,100.0,3000.0,3000.0,0.9002498388290405,periodic_200,1.0,1.0,100.0,4000.0,4000.0,1.3164258003234863,periodic_200,1.0,1.0,100.0,5000.0,5000.0
lista_bd,dysts:Sakarya,9,complete,0.010509520769119263,periodic_25,1.0,1.0,100.0,100.0,100.0,0.3716191351413727,periodic_25,1.0,1.0,100.0,500.0,500.0,0.902204155921936,periodic_25,1.0,1.0,100.0,1000.0,1000.0,1.2958487272262573,periodic_25,1.0,1.0,100.0,1500.0,1500.0,1.6679186820983887,periodic_25,1.0,1.0,100.0,2000.0,2000.0,1.9721661806106567,periodic_100,1.0,1.0,100.0,3000.0,3000.0,2.1569063663482666,periodic_100,1.0,1.0,100.0,4000.0,4000.0,2.321493625640869,periodic_100,1.0,1.0,100.0,5000.0,5000.0
lista_bd,dysts:Sakarya,10,complete,0.00023699479061178863,periodic_50,1.0,1.0,100.0,100.0,100.0,0.002798754256218672,periodic_50,1.0,1.0,100.0,500.0,500.0,0.007242926862090826,periodic_50,1.0,1.0,100.0,1000.0,1000.0,0.016914965584874153,periodic_100,1.0,1.0,100.0,1500.0,1500.0,0.07917522639036179,periodic_50,1.0,1.0,100.0,2000.0,2000.0,0.23997345566749573,periodic_50,1.0,1.0,100.0,3000.0,3000.0,0.37465202808380127,periodic_50,1.0,1.0,100.0,4000.0,4000.0,1.5651477575302124,periodic_50,1.0,1.0,100.0,5000.0,5000.0
lista_bd,dysts:Sakarya,11,complete,0.0002678202581591904,periodic_50,1.0,1.0,100.0,100.0,100.0,0.00548520078882575,periodic_25,1.0,1.0,100.0,500.0,500.0,0.014735374599695206,periodic_25,1.0,1.0,100.0,1000.0,1000.0,0.10650382190942764,periodic_50,1.0,1.0,100.0,1500.0,1500.0,0.3121351897716522,periodic_150,1.0,1.0,100.0,2000.0,2000.0,0.6211474537849426,periodic_100,1.0,1.0,100.0,3000.0,3000.0,0.8864103555679321,periodic_100,1.0,1.0,100.0,4000.0,4000.0,1.166869044303894,periodic_100,1.0,1.0,100.0,5000.0,5000.0
lista_bd,dysts:Sakarya,12,complete,0.00022235694632399827,periodic_50,1.0,1.0,100.0,100.0,100.0,0.0034181398805230856,periodic_50,1.0,1.0,100.0,500.0,500.0,0.009959911927580833,periodic_50,1.0,1.0,100.0,1000.0,1000.0,0.019582925364375114,periodic_50,1.0,1.0,100.0,1500.0,1500.0,0.03937266767024994,periodic_50,1.0,1.0,100.0,2000.0,2000.0,0.11095792055130005,periodic_50,1.0,1.0,100.0,3000.0,3000.0,0.3377891480922699,periodic_25,1.0,1.0,100.0,4000.0,4000.0,0.7484731078147888,periodic_50,1.0,1.0,100.0,5000.0,5000.0
lista_bd,dysts:Sakarya,13,complete,0.02139534056186676,periodic_10,1.0,1.0,100.0,100.0,100.0,0.2209162712097168,periodic_10,1.0,1.0,100.0,500.0,500.0,0.6786437034606934,periodic_25,1.0,1.0,100.0,1000.0,1000.0,1.1337355375289917,periodic_50,1.0,1.0,100.0,1500.0,1500.0,1.3747178316116333,periodic_50,1.0,1.0,100.0,2000.0,2000.0,2.5103023052215576,periodic_50,1.0,1.0,100.0,3000.0,3000.0,3.122413396835327,periodic_25,1.0,1.0,100.0,4000.0,4000.0,3.4654548168182373,periodic_25,1.0,1.0,100.0,5000.0,5000.0
lista_bd,dysts:Sakarya,14,complete,0.0011865705018863082,periodic_50,1.0,1.0,100.0,100.0,100.0,0.056623175740242004,periodic_25,1.0,1.0,100.0,500.0,500.0,0.10140636563301086,periodic_50,1.0,1.0,100.0,1000.0,1000.0,0.1715540885925293,periodic_50,1.0,1.0,100.0,1500.0,1500.0,0.3050321638584137,periodic_50,1.0,1.0,100.0,2000.0,2000.0,0.8438384532928467,periodic_100,1.0,1.0,100.0,3000.0,3000.0,1.292892575263977,periodic_100,1.0,1.0,100.0,4000.0,4000.0,1.8137089014053345,periodic_150,1.0,1.0,100.0,5000.0,5000.0
lista_bd,dysts:SanUmSrisuchinwong,0,complete,0.00013996577763464302,periodic_100,1.0,1.0,100.0,100.0,100.0,0.0015991557156667113,periodic_100,1.0,1.0,100.0,500.0,500.0,0.004554813727736473,periodic_150,1.0,1.0,100.0,1000.0,1000.0,0.007785441819578409,periodic_150,1.0,1.0,100.0,1500.0,1500.0,0.01156354509294033,periodic_150,1.0,1.0,100.0,2000.0,2000.0,0.027210738509893417,periodic_150,1.0,1.0,100.0,3000.0,3000.0,0.08041759580373764,periodic_200,1.0,1.0,100.0,4000.0,4000.0,0.15484519302845,periodic_200,1.0,1.0,100.0,5000.0,5000.0
lista_bd,dysts:SanUmSrisuchinwong,1,complete,0.00017236659186892211,periodic_100,1.0,1.0,100.0,100.0,100.0,0.0023824318777769804,periodic_100,1.0,1.0,100.0,500.0,500.0,0.007614787667989731,periodic_150,1.0,1.0,100.0,1000.0,1000.0,0.019397204741835594,periodic_200,1.0,1.0,100.0,1500.0,1500.0,0.04916145280003548,periodic_200,1.0,1.0,100.0,2000.0,2000.0,0.19682128727436066,periodic_200,1.0,1.0,100.0,3000.0,3000.0,0.5120091438293457,periodic_100,1.0,1.0,100.0,4000.0,4000.0,0.7275091409683228,periodic_100,1.0,1.0,100.0,5000.0,5000.0
lista_bd,dysts:SanUmSrisuchinwong,2,complete,0.0001418613246642053,periodic_100,1.0,1.0,100.0,100.0,100.0,0.0031041123438626528,periodic_200,1.0,1.0,100.0,500.0,500.0,0.011388460174202919,periodic_100,1.0,1.0,100.0,1000.0,1000.0,0.021075718104839325,periodic_150,1.0,1.0,100.0,1500.0,1500.0,0.04019932821393013,periodic_150,1.0,1.0,100.0,2000.0,2000.0,0.10289235413074493,periodic_100,1.0,1.0,100.0,3000.0,3000.0,0.2320135533809662,periodic_150,1.0,1.0,100.0,4000.0,4000.0,0.42802920937538147,periodic_150,1.0,1.0,100.0,5000.0,5000.0
lista_bd,dysts:SanUmSrisuchinwong,3,complete,0.00017145194578915834,periodic_50,1.0,1.0,100.0,100.0,100.0,0.0023818211629986763,periodic_200,1.0,1.0,100.0,500.0,500.0,0.006398164201527834,periodic_200,1.0,1.0,100.0,1000.0,1000.0,0.013720989227294922,periodic_200,1.0,1.0,100.0,1500.0,1500.0,0.021364055573940277,periodic_200,1.0,1.0,100.0,2000.0,2000.0,0.059882063418626785,periodic_200,1.0,1.0,100.0,3000.0,3000.0,0.2916998565196991,periodic_100,1.0,1.0,100.0,4000.0,4000.0,0.36859092116355896,periodic_100,1.0,1.0,100.0,5000.0,5000.0
lista_bd,dysts:SanUmSrisuchinwong,4,complete,0.0003364906879141927,periodic_100,1.0,1.0,100.0,100.0,100.0,0.004501454997807741,periodic_100,1.0,1.0,100.0,500.0,500.0,0.015363387763500214,periodic_100,1.0,1.0,100.0,1000.0,1000.0,0.028577404096722603,periodic_50,1.0,1.0,100.0,1500.0,1500.0,0.0436892956495285,periodic_50,1.0,1.0,100.0,2000.0,2000.0,0.1666800081729889,periodic_100,1.0,1.0,100.0,3000.0,3000.0,0.6889501214027405,periodic_50,1.0,1.0,100.0,4000.0,4000.0,0.9870845675468445,periodic_50,1.0,1.0,100.0,5000.0,5000.0
lista_bd,dysts:SanUmSrisuchinwong,5,complete,0.00033744960092008114,periodic_100,1.0,1.0,100.0,100.0,100.0,0.005477224476635456,periodic_100,1.0,1.0,100.0,500.0,500.0,0.025035435333848,periodic_100,1.0,1.0,100.0,1000.0,1000.0,0.07179275155067444,periodic_150,1.0,1.0,100.0,1500.0,1500.0,0.12847541272640228,periodic_150,1.0,1.0,100.0,2000.0,2000.0,0.22991690039634705,periodic_150,1.0,1.0,100.0,3000.0,3000.0,0.4447106420993805,periodic_50,1.0,1.0,100.0,4000.0,4000.0,0.699307918548584,periodic_200,1.0,1.0,100.0,5000.0,5000.0
lista_bd,dysts:SanUmSrisuchinwong,6,complete,0.0002470501640345901,periodic_100,1.0,1.0,100.0,100.0,100.0,0.0035870743449777365,periodic_150,1.0,1.0,100.0,500.0,500.0,0.010686006397008896,periodic_200,1.0,1.0,100.0,1000.0,1000.0,0.019507678225636482,periodic_200,1.0,1.0,100.0,1500.0,1500.0,0.03169916942715645,periodic_200,1.0,1.0,100.0,2000.0,2000.0,0.13419097661972046,periodic_200,1.0,1.0,100.0,3000.0,3000.0,0.5181105732917786,periodic_200,1.0,1.0,100.0,4000.0,4000.0,0.9375512003898621,periodic_200,1.0,1.0,100.0,5000.0,5000.0
lista_bd,dysts:SanUmSrisuchinwong,7,complete,0.00017833961464930326,periodic_50,1.0,1.0,100.0,100.0,100.0,0.002051753457635641,periodic_100,1.0,1.0,100.0,500.0,500.0,0.00618429109454155,periodic_150,1.0,1.0,100.0,1000.0,1000.0,0.013505653478205204,periodic_150,1.0,1.0,100.0,1500.0,1500.0,0.025272639468312263,periodic_150,1.0,1.0,100.0,2000.0,2000.0,0.13781172037124634,periodic_200,1.0,1.0,100.0,3000.0,3000.0,0.47785431146621704,periodic_200,1.0,1.0,100.0,4000.0,4000.0,0.8876140713691711,periodic_200,1.0,1.0,100.0,5000.0,5000.0
lista_bd,dysts:SanUmSrisuchinwong,8,complete,0.0016468818066641688,periodic_100,1.0,1.0,100.0,100.0,100.0,0.018374156206846237,periodic_200,1.0,1.0,100.0,500.0,500.0,0.06575343757867813,periodic_200,1.0,1.0,100.0,1000.0,1000.0,0.18939432501792908,periodic_200,1.0,1.0,100.0,1500.0,1500.0,0.4525953531265259,periodic_200,1.0,1.0,100.0,2000.0,2000.0,1.860913872718811,periodic_200,1.0,1.0,100.0,3000.0,3000.0,4.80268669128418,periodic_10,1.0,1.0,100.0,4000.0,4000.0,5.522790431976318,periodic_10,1.0,1.0,100.0,5000.0,5000.0
lista_bd,dysts:SanUmSrisuchinwong,9,complete,0.00015923668979667127,periodic_100,1.0,1.0,100.0,100.0,100.0,0.0022335026878863573,periodic_150,1.0,1.0,100.0,500.0,500.0,0.005394830834120512,periodic_150,1.0,1.0,100.0,1000.0,1000.0,0.011087516322731972,periodic_150,1.0,1.0,100.0,1500.0,1500.0,0.03238218277692795,periodic_150,1.0,1.0,100.0,2000.0,2000.0,0.29423996806144714,periodic_150,1.0,1.0,100.0,3000.0,3000.0,0.6686750054359436,periodic_50,1.0,1.0,100.0,4000.0,4000.0,1.116864800453186,periodic_100,1.0,1.0,100.0,5000.0,5000.0
lista_bd,dysts:SanUmSrisuchinwong,10,complete,0.0018148651579394937,periodic_100,1.0,1.0,100.0,100.0,100.0,0.020606203004717827,periodic_200,1.0,1.0,100.0,500.0,500.0,0.05955134704709053,periodic_200,1.0,1.0,100.0,1000.0,1000.0,0.1331855058670044,periodic_200,1.0,1.0,100.0,1500.0,1500.0,0.3164207935333252,periodic_200,1.0,1.0,100.0,2000.0,2000.0,0.7679046392440796,periodic_200,1.0,1.0,100.0,3000.0,3000.0,1.186894178390503,periodic_200,1.0,1.0,100.0,4000.0,4000.0,1.5169159173965454,periodic_200,1.0,1.0,100.0,5000.0,5000.0
lista_bd,dysts:SanUmSrisuchinwong,11,complete,0.00015625767991878092,periodic_100,1.0,1.0,100.0,100.0,100.0,0.0020881008822470903,periodic_100,1.0,1.0,100.0,500.0,500.0,0.0069445278495550156,periodic_100,1.0,1.0,100.0,1000.0,1000.0,0.016614830121397972,periodic_150,1.0,1.0,100.0,1500.0,1500.0,0.030897310003638268,periodic_150,1.0,1.0,100.0,2000.0,2000.0,0.07966342568397522,periodic_200,1.0,1.0,100.0,3000.0,3000.0,0.2844026982784271,periodic_200,1.0,1.0,100.0,4000.0,4000.0,0.42564597725868225,periodic_200,1.0,1.0,100.0,5000.0,5000.0
lista_bd,dysts:SanUmSrisuchinwong,12,complete,0.00013502815272659063,periodic_100,1.0,1.0,100.0,100.0,100.0,0.0017897397046908736,periodic_100,1.0,1.0,100.0,500.0,500.0,0.005994793958961964,periodic_100,1.0,1.0,100.0,1000.0,1000.0,0.01700434274971485,periodic_150,1.0,1.0,100.0,1500.0,1500.0,0.0380973145365715,periodic_200,1.0,1.0,100.0,2000.0,2000.0,0.07931416481733322,periodic_200,1.0,1.0,100.0,3000.0,3000.0,0.17193664610385895,periodic_150,1.0,1.0,100.0,4000.0,4000.0,0.3879077136516571,periodic_150,1.0,1.0,100.0,5000.0,5000.0
lista_bd,dysts:SanUmSrisuchinwong,13,complete,0.0001159040184575133,periodic_100,1.0,1.0,100.0,100.0,100.0,0.0014997604303061962,periodic_100,1.0,1.0,100.0,500.0,500.0,0.0036391010507941246,periodic_100,1.0,1.0,100.0,1000.0,1000.0,0.006185709033161402,periodic_100,1.0,1.0,100.0,1500.0,1500.0,0.009467112831771374,periodic_100,1.0,1.0,100.0,2000.0,2000.0,0.03088242933154106,periodic_150,1.0,1.0,100.0,3000.0,3000.0,0.20784378051757812,periodic_150,1.0,1.0,100.0,4000.0,4000.0,0.43920281529426575,periodic_200,1.0,1.0,100.0,5000.0,5000.0
lista_bd,dysts:SanUmSrisuchinwong,14,complete,0.012356393039226532,periodic_100,1.0,1.0,100.0,100.0,100.0,0.1348728984594345,periodic_200,1.0,1.0,100.0,500.0,500.0,0.36776456236839294,periodic_200,1.0,1.0,100.0,1000.0,1000.0,1.1704598665237427,periodic_200,1.0,1.0,100.0,1500.0,1500.0,2.940033197402954,periodic_25,1.0,1.0,100.0,2000.0,2000.0,4.304261684417725,periodic_25,1.0,1.0,100.0,3000.0,3000.0,5.720416069030762,periodic_25,1.0,1.0,100.0,4000.0,4000.0,6.452080249786377,periodic_25,1.0,1.0,100.0,5000.0,5000.0
lista_bd,dysts:ShimizuMorioka,0,complete,7.458823529304937e-05,periodic_100,1.0,1.0,100.0,100.0,100.0,0.0011101861018687487,periodic_100,1.0,1.0,100.0,500.0,500.0,0.0033893135841935873,periodic_100,1.0,1.0,100.0,1000.0,1000.0,0.006756502203643322,periodic_150,1.0,1.0,100.0,1500.0,1500.0,0.011823228560388088,periodic_150,1.0,1.0,100.0,2000.0,2000.0,0.037837788462638855,periodic_200,1.0,1.0,100.0,3000.0,3000.0,0.1334185153245926,periodic_200,1.0,1.0,100.0,4000.0,4000.0,0.3620154559612274,periodic_200,1.0,1.0,100.0,5000.0,5000.0
lista_bd,dysts:ShimizuMorioka,1,complete,4.545382398646325e-05,periodic_100,1.0,1.0,100.0,100.0,100.0,0.0006869912031106651,periodic_200,1.0,1.0,100.0,500.0,500.0,0.0022527389228343964,periodic_200,1.0,1.0,100.0,1000.0,1000.0,0.00537991663441062,periodic_200,1.0,1.0,100.0,1500.0,1500.0,0.010895146988332272,periodic_200,1.0,1.0,100.0,2000.0,2000.0,0.05441366508603096,periodic_200,1.0,1.0,100.0,3000.0,3000.0,0.14733834564685822,periodic_150,1.0,1.0,100.0,4000.0,4000.0,0.29700276255607605,periodic_100,1.0,1.0,100.0,5000.0,5000.0
lista_bd,dysts:ShimizuMorioka,2,complete,4.4200238335179165e-05,periodic_100,1.0,1.0,100.0,100.0,100.0,0.0004913238808512688,periodic_100,1.0,1.0,100.0,500.0,500.0,0.0017492424231022596,periodic_150,1.0,1.0,100.0,1000.0,1000.0,0.0044870139099657536,periodic_150,1.0,1.0,100.0,1500.0,1500.0,0.008499997667968273,periodic_200,1.0,1.0,100.0,2000.0,2000.0,0.03111295774579048,periodic_200,1.0,1.0,100.0,3000.0,3000.0,0.1190013661980629,periodic_200,1.0,1.0,100.0,4000.0,4000.0,0.256592720746994,periodic_200,1.0,1.0,100.0,5000.0,5000.0
lista_bd,dysts:ShimizuMorioka,3,complete,6.0805297835031524e-05,periodic_100,1.0,1.0,100.0,100.0,100.0,0.0007743261521682143,periodic_150,1.0,1.0,100.0,500.0,500.0,0.0025102775543928146,periodic_150,1.0,1.0,100.0,1000.0,1000.0,0.004233620595186949,periodic_200,1.0,1.0,100.0,1500.0,1500.0,0.008224135264754295,periodic_200,1.0,1.0,100.0,2000.0,2000.0,0.019533449783921242,periodic_200,1.0,1.0,100.0,3000.0,3000.0,0.05223340913653374,periodic_100,1.0,1.0,100.0,4000.0,4000.0,0.12566278874874115,periodic_200,1.0,1.0,100.0,5000.0,5000.0
lista_bd,dysts:ShimizuMorioka,4,complete,0.0018794839270412922,periodic_50,1.0,1.0,100.0,100.0,100.0,0.03180251643061638,periodic_200,1.0,1.0,100.0,500.0,500.0,0.1371334195137024,periodic_200,1.0,1.0,100.0,1000.0,1000.0,0.4073111414909363,periodic_100,1.0,1.0,100.0,1500.0,1500.0,0.7086402773857117,periodic_100,1.0,1.0,100.0,2000.0,2000.0,1.3785464763641357,periodic_100,1.0,1.0,100.0,3000.0,3000.0,2.025460958480835,periodic_100,1.0,1.0,100.0,4000.0,4000.0,2.5502970218658447,periodic_50,1.0,1.0,100.0,5000.0,5000.0
lista_bd,dysts:ShimizuMorioka,5,complete,5.704099021386355e-05,periodic_100,1.0,1.0,100.0,100.0,100.0,0.0008435214986093342,periodic_100,1.0,1.0,100.0,500.0,500.0,0.003061562078073621,periodic_150,1.0,1.0,100.0,1000.0,1000.0,0.006375390104949474,periodic_150,1.0,1.0,100.0,1500.0,1500.0,0.010424071922898293,periodic_150,1.0,1.0,100.0,2000.0,2000.0,0.025841686874628067,periodic_200,1.0,1.0,100.0,3000.0,3000.0,0.07368776202201843,periodic_200,1.0,1.0,100.0,4000.0,4000.0,0.14103664457798004,periodic_150,1.0,1.0,100.0,5000.0,5000.0
lista_bd,dysts:ShimizuMorioka,6,complete,6.231745646800846e-05,periodic_100,1.0,1.0,100.0,100.0,100.0,0.0007181449327617884,periodic_100,1.0,1.0,100.0,500.0,500.0,0.001981446985155344,periodic_150,1.0,1.0,100.0,1000.0,1000.0,0.003589462023228407,periodic_150,1.0,1.0,100.0,1500.0,1500.0,0.006226399447768927,periodic_150,1.0,1.0,100.0,2000.0,2000.0,0.021319057792425156,periodic_150,1.0,1.0,100.0,3000.0,3000.0,0.06659922003746033,periodic_100,1.0,1.0,100.0,4000.0,4000.0,0.12779240310192108,periodic_100,1.0,1.0,100.0,5000.0,5000.0
lista_bd,dysts:ShimizuMorioka,7,complete,8.060130494413897e-05,periodic_100,1.0,1.0,100.0,100.0,100.0,0.0007467791438102722,periodic_100,1.0,1.0,100.0,500.0,500.0,0.0020722695626318455,periodic_100,1.0,1.0,100.0,1000.0,1000.0,0.0034696299117058516,periodic_100,1.0,1.0,100.0,1500.0,1500.0,0.00688019348308444,periodic_100,1.0,1.0,100.0,2000.0,2000.0,0.01695222221314907,periodic_100,1.0,1.0,100.0,3000.0,3000.0,0.07362105697393417,periodic_100,1.0,1.0,100.0,4000.0,4000.0,0.21974745392799377,periodic_100,1.0,1.0,100.0,5000.0,5000.0
lista_bd,dysts:ShimizuMorioka,8,complete,0.00015774526400491595,periodic_100,1.0,1.0,100.0,100.0,100.0,0.002208288060501218,periodic_100,1.0,1.0,100.0,500.0,500.0,0.00938896182924509,periodic_200,1.0,1.0,100.0,1000.0,1000.0,0.02386399358510971,periodic_50,1.0,1.0,100.0,1500.0,1500.0,0.04297640174627304,periodic_50,1.0,1.0,100.0,2000.0,2000.0,0.12581056356430054,periodic_50,1.0,1.0,100.0,3000.0,3000.0,0.4052247703075409,periodic_100,1.0,1.0,100.0,4000.0,4000.0,0.8175409436225891,periodic_50,1.0,1.0,100.0,5000.0,5000.0
lista_bd,dysts:ShimizuMorioka,9,complete,0.0003908450889866799,periodic_100,1.0,1.0,100.0,100.0,100.0,0.003924966789782047,periodic_200,1.0,1.0,100.0,500.0,500.0,0.010937630198895931,periodic_200,1.0,1.0,100.0,1000.0,1000.0,0.02697027288377285,periodic_200,1.0,1.0,100.0,1500.0,1500.0,0.06384051591157913,periodic_200,1.0,1.0,100.0,2000.0,2000.0,0.2554587125778198,periodic_200,1.0,1.0,100.0,3000.0,3000.0,0.4675142765045166,periodic_200,1.0,1.0,100.0,4000.0,4000.0,0.7229930758476257,periodic_200,1.0,1.0,100.0,5000.0,5000.0
lista_bd,dysts:ShimizuMorioka,10,complete,6.166421371744946e-05,periodic_100,1.0,1.0,100.0,100.0,100.0,0.001018865266814828,periodic_100,1.0,1.0,100.0,500.0,500.0,0.0030750895384699106,periodic_100,1.0,1.0,100.0,1000.0,1000.0,0.007012323942035437,periodic_100,1.0,1.0,100.0,1500.0,1500.0,0.011391312815248966,periodic_150,1.0,1.0,100.0,2000.0,2000.0,0.030591562390327454,periodic_200,1.0,1.0,100.0,3000.0,3000.0,0.11180940270423889,periodic_200,1.0,1.0,100.0,4000.0,4000.0,0.2631216049194336,periodic_200,1.0,1.0,100.0,5000.0,5000.0
lista_bd,dysts:ShimizuMorioka,11,complete,9.233354649040848e-05,periodic_100,1.0,1.0,100.0,100.0,100.0,0.0011563958832994103,periodic_150,1.0,1.0,100.0,500.0,500.0,0.0036775164771825075,periodic_200,1.0,1.0,100.0,1000.0,1000.0,0.007956252433359623,periodic_200,1.0,1.0,100.0,1500.0,1500.0,0.014250239357352257,periodic_200,1.0,1.0,100.0,2000.0,2000.0,0.0475941076874733,periodic_200,1.0,1.0,100.0,3000.0,3000.0,0.10524977743625641,periodic_150,1.0,1.0,100.0,4000.0,4000.0,0.21161317825317383,periodic_150,1.0,1.0,100.0,5000.0,5000.0
lista_bd,dysts:ShimizuMorioka,12,complete,5.4332529543899e-05,periodic_100,1.0,1.0,100.0,100.0,100.0,0.0007544953259639442,periodic_150,1.0,1.0,100.0,500.0,500.0,0.0026908433064818382,periodic_150,1.0,1.0,100.0,1000.0,1000.0,0.007167270872741938,periodic_200,1.0,1.0,100.0,1500.0,1500.0,0.016617633402347565,periodic_200,1.0,1.0,100.0,2000.0,2000.0,0.10894046723842621,periodic_200,1.0,1.0,100.0,3000.0,3000.0,0.31186509132385254,periodic_200,1.0,1.0,100.0,4000.0,4000.0,0.5632674694061279,periodic_200,1.0,1.0,100.0,5000.0,5000.0
lista_bd,dysts:ShimizuMorioka,13,complete,0.0002493062347639352,periodic_100,1.0,1.0,100.0,100.0,100.0,0.002132322872057557,periodic_200,1.0,1.0,100.0,500.0,500.0,0.004875169135630131,periodic_200,1.0,1.0,100.0,1000.0,1000.0,0.009540899656713009,periodic_200,1.0,1.0,100.0,1500.0,1500.0,0.017899567261338234,periodic_200,1.0,1.0,100.0,2000.0,2000.0,0.0824165940284729,periodic_200,1.0,1.0,100.0,3000.0,3000.0,0.2926250100135803,periodic_200,1.0,1.0,100.0,4000.0,4000.0,0.5495508313179016,periodic_200,1.0,1.0,100.0,5000.0,5000.0
lista_bd,dysts:ShimizuMorioka,14,complete,0.0010984042892232537,periodic_100,1.0,1.0,100.0,100.0,100.0,0.01682806760072708,periodic_200,1.0,1.0,100.0,500.0,500.0,0.058797407895326614,periodic_200,1.0,1.0,100.0,1000.0,1000.0,0.13442102074623108,periodic_200,1.0,1.0,100.0,1500.0,1500.0,0.28296419978141785,periodic_200,1.0,1.0,100.0,2000.0,2000.0,0.6345481872558594,periodic_150,1.0,1.0,100.0,3000.0,3000.0,0.9083143472671509,periodic_100,1.0,1.0,100.0,4000.0,4000.0,1.2521488666534424,periodic_150,1.0,1.0,100.0,5000.0,5000.0
lista_bd,dysts:WangSun,0,complete,0.0005415666964836419,periodic_25,1.0,1.0,100.0,100.0,100.0,0.008555334061384201,periodic_25,1.0,1.0,100.0,500.0,500.0,0.046558819711208344,periodic_50,1.0,1.0,100.0,1000.0,1000.0,0.6684261560440063,periodic_100,1.0,1.0,100.0,1500.0,1500.0,1.1024487018585205,periodic_50,1.0,1.0,100.0,2000.0,2000.0,1.1756772994995117,periodic_50,1.0,1.0,100.0,3000.0,3000.0,1.5980349779129028,periodic_50,1.0,1.0,100.0,4000.0,4000.0,2.250978708267212,periodic_50,1.0,1.0,100.0,5000.0,5000.0
lista_bd,dysts:WangSun,1,complete,0.003821740858256817,periodic_25,1.0,1.0,100.0,100.0,100.0,0.032336801290512085,periodic_50,1.0,1.0,100.0,500.0,500.0,0.1292017102241516,periodic_50,1.0,1.0,100.0,1000.0,1000.0,0.2804033160209656,periodic_25,1.0,1.0,100.0,1500.0,1500.0,0.7109335064888,periodic_50,1.0,1.0,100.0,2000.0,2000.0,1.411446213722229,periodic_100,1.0,1.0,100.0,3000.0,3000.0,2.2151038646698,periodic_50,1.0,1.0,100.0,4000.0,4000.0,2.970540761947632,periodic_50,1.0,1.0,100.0,5000.0,5000.0
lista_bd,dysts:WangSun,2,complete,0.0008495383081026375,periodic_50,1.0,1.0,100.0,100.0,100.0,0.02196451835334301,periodic_25,1.0,1.0,100.0,500.0,500.0,0.43228384852409363,periodic_150,1.0,1.0,100.0,1000.0,1000.0,1.5590726137161255,periodic_150,1.0,1.0,100.0,1500.0,1500.0,1.837416648864746,periodic_50,1.0,1.0,100.0,2000.0,2000.0,2.253941059112549,periodic_50,1.0,1.0,100.0,3000.0,3000.0,2.5510547161102295,periodic_50,1.0,1.0,100.0,4000.0,4000.0,3.034543752670288,periodic_50,1.0,1.0,100.0,5000.0,5000.0
lista_bd,dysts:WangSun,3,complete,0.0005253248382359743,periodic_25,1.0,1.0,100.0,100.0,100.0,0.013507207855582237,periodic_50,1.0,1.0,100.0,500.0,500.0,0.04292760789394379,periodic_50,1.0,1.0,100.0,1000.0,1000.0,0.10741986334323883,periodic_100,1.0,1.0,100.0,1500.0,1500.0,0.14612413942813873,periodic_100,1.0,1.0,100.0,2000.0,2000.0,0.381125807762146,periodic_100,1.0,1.0,100.0,3000.0,3000.0,0.8567455410957336,periodic_100,1.0,1.0,100.0,4000.0,4000.0,1.662137508392334,periodic_100,1.0,1.0,100.0,5000.0,5000.0
lista_bd,dysts:WangSun,4,complete,0.0010897410102188587,periodic_25,1.0,1.0,100.0,100.0,100.0,0.04843713343143463,periodic_25,1.0,1.0,100.0,500.0,500.0,0.31603187322616577,periodic_50,1.0,1.0,100.0,1000.0,1000.0,0.9080860614776611,periodic_25,1.0,1.0,100.0,1500.0,1500.0,1.3397376537322998,periodic_25,1.0,1.0,100.0,2000.0,2000.0,1.8985384702682495,periodic_25,1.0,1.0,100.0,3000.0,3000.0,2.5179061889648438,periodic_25,1.0,1.0,100.0,4000.0,4000.0,3.006988763809204,periodic_25,1.0,1.0,100.0,5000.0,5000.0
lista_bd,dysts:WangSun,5,complete,0.0015291841700673103,periodic_50,1.0,1.0,100.0,100.0,100.0,0.04580960422754288,periodic_25,1.0,1.0,100.0,500.0,500.0,0.203489288687706,periodic_25,1.0,1.0,100.0,1000.0,1000.0,0.5929449796676636,periodic_50,1.0,1.0,100.0,1500.0,1500.0,0.7865188121795654,periodic_50,1.0,1.0,100.0,2000.0,2000.0,1.2591273784637451,periodic_50,1.0,1.0,100.0,3000.0,3000.0,2.209657907485962,periodic_50,1.0,1.0,100.0,4000.0,4000.0,2.937575101852417,periodic_50,1.0,1.0,100.0,5000.0,5000.0
lista_bd,dysts:WangSun,6,complete,0.0002053196367342025,periodic_25,1.0,1.0,100.0,100.0,100.0,0.020049143582582474,periodic_10,1.0,1.0,100.0,500.0,500.0,0.12872642278671265,periodic_25,1.0,1.0,100.0,1000.0,1000.0,0.19826321303844452,periodic_25,1.0,1.0,100.0,1500.0,1500.0,0.26266932487487793,periodic_50,1.0,1.0,100.0,2000.0,2000.0,1.0650417804718018,periodic_50,1.0,1.0,100.0,3000.0,3000.0,2.022429943084717,periodic_50,1.0,1.0,100.0,4000.0,4000.0,2.631514310836792,periodic_50,1.0,1.0,100.0,5000.0,5000.0
lista_bd,dysts:WangSun,7,complete,0.0013091969303786755,periodic_25,1.0,1.0,100.0,100.0,100.0,0.04455680772662163,periodic_25,1.0,1.0,100.0,500.0,500.0,0.09057774394750595,periodic_25,1.0,1.0,100.0,1000.0,1000.0,0.2563294470310211,periodic_25,1.0,1.0,100.0,1500.0,1500.0,0.5078542232513428,periodic_50,1.0,1.0,100.0,2000.0,2000.0,0.941291093826294,periodic_50,1.0,1.0,100.0,3000.0,3000.0,1.7915513515472412,periodic_50,1.0,1.0,100.0,4000.0,4000.0,2.5055346488952637,periodic_50,1.0,1.0,100.0,5000.0,5000.0
lista_bd,dysts:WangSun,8,complete,0.00045942049473524094,periodic_25,1.0,1.0,100.0,100.0,100.0,0.015605771914124489,periodic_25,1.0,1.0,100.0,500.0,500.0,0.08647430688142776,periodic_25,1.0,1.0,100.0,1000.0,1000.0,0.22865909337997437,periodic_25,1.0,1.0,100.0,1500.0,1500.0,0.7299367785453796,periodic_25,1.0,1.0,100.0,2000.0,2000.0,1.0908217430114746,periodic_25,1.0,1.0,100.0,3000.0,3000.0,1.3858898878097534,periodic_50,1.0,1.0,100.0,4000.0,4000.0,1.9389970302581787,periodic_50,1.0,1.0,100.0,5000.0,5000.0
lista_bd,dysts:WangSun,9,complete,0.003371487371623516,periodic_25,1.0,1.0,100.0,100.0,100.0,0.036150265485048294,periodic_25,1.0,1.0,100.0,500.0,500.0,0.06978742778301239,periodic_25,1.0,1.0,100.0,1000.0,1000.0,0.10293112695217133,periodic_25,1.0,1.0,100.0,1500.0,1500.0,0.23808759450912476,periodic_25,1.0,1.0,100.0,2000.0,2000.0,0.7627972364425659,periodic_50,1.0,1.0,100.0,3000.0,3000.0,1.6707944869995117,periodic_25,1.0,1.0,100.0,4000.0,4000.0,2.1958396434783936,periodic_25,1.0,1.0,100.0,5000.0,5000.0
lista_bd,dysts:WangSun,10,complete,0.00992768257856369,periodic_50,1.0,1.0,100.0,100.0,100.0,0.7024092078208923,periodic_50,1.0,1.0,100.0,500.0,500.0,1.5729477405548096,periodic_50,1.0,1.0,100.0,1000.0,1000.0,2.604424476623535,periodic_50,1.0,1.0,100.0,1500.0,1500.0,3.9833338260650635,periodic_25,1.0,1.0,100.0,2000.0,2000.0,163.02552795410156,periodic_100,1.0,1.0,100.0,3000.0,3000.0,6.739758491516113,periodic_10,1.0,1.0,100.0,4000.0,4000.0,7.13040018081665,periodic_10,1.0,1.0,100.0,5000.0,5000.0
lista_bd,dysts:WangSun,11,complete,0.0010790103115141392,periodic_50,1.0,1.0,100.0,100.0,100.0,0.03137936070561409,periodic_25,1.0,1.0,100.0,500.0,500.0,0.06226899474859238,periodic_25,1.0,1.0,100.0,1000.0,1000.0,0.1931973248720169,periodic_100,1.0,1.0,100.0,1500.0,1500.0,0.30155858397483826,periodic_100,1.0,1.0,100.0,2000.0,2000.0,1.3996084928512573,periodic_100,1.0,1.0,100.0,3000.0,3000.0,2.2442243099212646,periodic_50,1.0,1.0,100.0,4000.0,4000.0,3.2201061248779297,periodic_50,1.0,1.0,100.0,5000.0,5000.0
lista_bd,dysts:WangSun,12,complete,0.0017048594309017062,periodic_25,1.0,1.0,100.0,100.0,100.0,0.02945307269692421,periodic_25,1.0,1.0,100.0,500.0,500.0,0.06824278831481934,periodic_25,1.0,1.0,100.0,1000.0,1000.0,0.13755060732364655,periodic_25,1.0,1.0,100.0,1500.0,1500.0,0.25566044449806213,periodic_25,1.0,1.0,100.0,2000.0,2000.0,0.49180781841278076,periodic_50,1.0,1.0,100.0,3000.0,3000.0,1.4789925813674927,periodic_50,1.0,1.0,100.0,4000.0,4000.0,2.3532631397247314,periodic_25,1.0,1.0,100.0,5000.0,5000.0
lista_bd,dysts:WangSun,13,complete,0.00015380985860247165,periodic_25,1.0,1.0,100.0,100.0,100.0,0.005663186311721802,periodic_50,1.0,1.0,100.0,500.0,500.0,0.01698928326368332,periodic_50,1.0,1.0,100.0,1000.0,1000.0,0.04876725375652313,periodic_25,1.0,1.0,100.0,1500.0,1500.0,0.13590854406356812,periodic_50,1.0,1.0,100.0,2000.0,2000.0,0.700549304485321,periodic_100,1.0,1.0,100.0,3000.0,3000.0,1.1370773315429688,periodic_100,1.0,1.0,100.0,4000.0,4000.0,2.0566134452819824,periodic_100,1.0,1.0,100.0,5000.0,5000.0
lista_bd,dysts:WangSun,14,complete,0.004080489743500948,periodic_25,1.0,1.0,100.0,100.0,100.0,0.4596286118030548,periodic_10,1.0,1.0,100.0,500.0,500.0,1.7355968952178955,periodic_25,1.0,1.0,100.0,1000.0,1000.0,2.5191564559936523,periodic_50,1.0,1.0,100.0,1500.0,1500.0,4.893424987792969,periodic_50,1.0,1.0,100.0,2000.0,2000.0,609.7214965820312,periodic_50,1.0,1.0,100.0,3000.0,3000.0,134443.65625,periodic_50,1.0,1.0,100.0,4000.0,4000.0,31531100.0,periodic_50,1.0,1.0,100.0,5000.0,5000.0
lista_sb,dysts:Chua,0,complete,0.00011377945338608697,periodic_100,1.0,1.0,100.0,100.0,100.0,0.0013411545660346746,periodic_200,1.0,1.0,100.0,500.0,500.0,0.004692098591476679,periodic_200,1.0,1.0,100.0,1000.0,1000.0,0.010061339475214481,periodic_200,1.0,1.0,100.0,1500.0,1500.0,0.01759212091565132,periodic_200,1.0,1.0,100.0,2000.0,2000.0,0.03954591229557991,periodic_200,1.0,1.0,100.0,3000.0,3000.0,0.07806041091680527,periodic_200,1.0,1.0,100.0,4000.0,4000.0,0.14624904096126556,periodic_200,1.0,1.0,100.0,5000.0,5000.0
lista_sb,dysts:Chua,1,complete,9.946679347194731e-05,periodic_100,1.0,1.0,100.0,100.0,100.0,0.0007845659274607897,periodic_200,1.0,1.0,100.0,500.0,500.0,0.00181063381023705,periodic_200,1.0,1.0,100.0,1000.0,1000.0,0.0036470305640250444,periodic_200,1.0,1.0,100.0,1500.0,1500.0,0.0066701858304440975,periodic_200,1.0,1.0,100.0,2000.0,2000.0,0.015815958380699158,periodic_200,1.0,1.0,100.0,3000.0,3000.0,0.027656501159071922,periodic_200,1.0,1.0,100.0,4000.0,4000.0,0.04916625842452049,periodic_200,1.0,1.0,100.0,5000.0,5000.0
lista_sb,dysts:Chua,2,complete,7.929035200504586e-05,periodic_100,1.0,1.0,100.0,100.0,100.0,0.0008852285100147128,periodic_200,1.0,1.0,100.0,500.0,500.0,0.003450622782111168,periodic_200,1.0,1.0,100.0,1000.0,1000.0,0.008749854750931263,periodic_200,1.0,1.0,100.0,1500.0,1500.0,0.02738029882311821,periodic_200,1.0,1.0,100.0,2000.0,2000.0,0.06977671384811401,periodic_50,1.0,1.0,100.0,3000.0,3000.0,0.10517935454845428,periodic_50,1.0,1.0,100.0,4000.0,4000.0,0.15649066865444183,periodic_50,1.0,1.0,100.0,5000.0,5000.0
lista_sb,dysts:Chua,3,complete,0.00010122123057954013,periodic_100,1.0,1.0,100.0,100.0,100.0,0.0013441737974062562,periodic_200,1.0,1.0,100.0,500.0,500.0,0.004463219549506903,periodic_200,1.0,1.0,100.0,1000.0,1000.0,0.01034852396696806,periodic_200,1.0,1.0,100.0,1500.0,1500.0,0.021336741745471954,periodic_200,1.0,1.0,100.0,2000.0,2000.0,0.06424175947904587,periodic_200,1.0,1.0,100.0,3000.0,3000.0,0.1583610326051712,periodic_200,1.0,1.0,100.0,4000.0,4000.0,0.3167330324649811,periodic_25,1.0,1.0,100.0,5000.0,5000.0
lista_sb,dysts:Chua,4,complete,9.122835763264447e-05,periodic_100,1.0,1.0,100.0,100.0,100.0,0.0011582509614527225,periodic_200,1.0,1.0,100.0,500.0,500.0,0.004187957849353552,periodic_200,1.0,1.0,100.0,1000.0,1000.0,0.010254683904349804,periodic_200,1.0,1.0,100.0,1500.0,1500.0,0.02171114832162857,periodic_200,1.0,1.0,100.0,2000.0,2000.0,0.07913164049386978,periodic_200,1.0,1.0,100.0,3000.0,3000.0,0.19609081745147705,periodic_200,1.0,1.0,100.0,4000.0,4000.0,0.32687413692474365,periodic_200,1.0,1.0,100.0,5000.0,5000.0
lista_sb,dysts:Chua,5,complete,0.0001825867366278544,periodic_100,1.0,1.0,100.0,100.0,100.0,0.0017096730880439281,periodic_200,1.0,1.0,100.0,500.0,500.0,0.0038740006275475025,periodic_200,1.0,1.0,100.0,1000.0,1000.0,0.006250870414078236,periodic_200,1.0,1.0,100.0,1500.0,1500.0,0.010088895447552204,periodic_200,1.0,1.0,100.0,2000.0,2000.0,0.021725380793213844,periodic_200,1.0,1.0,100.0,3000.0,3000.0,0.044162437319755554,periodic_200,1.0,1.0,100.0,4000.0,4000.0,0.08312634378671646,periodic_200,1.0,1.0,100.0,5000.0,5000.0
lista_sb,dysts:Chua,6,complete,0.0001450634590582922,periodic_100,1.0,1.0,100.0,100.0,100.0,0.0018985015340149403,periodic_200,1.0,1.0,100.0,500.0,500.0,0.005378966219723225,periodic_200,1.0,1.0,100.0,1000.0,1000.0,0.010079914703965187,periodic_200,1.0,1.0,100.0,1500.0,1500.0,0.01818147487938404,periodic_200,1.0,1.0,100.0,2000.0,2000.0,0.05813922733068466,periodic_150,1.0,1.0,100.0,3000.0,3000.0,0.14676973223686218,periodic_100,1.0,1.0,100.0,4000.0,4000.0,0.2992733120918274,periodic_50,1.0,1.0,100.0,5000.0,5000.0
lista_sb,dysts:Chua,7,complete,0.00021734110487159342,periodic_100,1.0,1.0,100.0,100.0,100.0,0.002363043837249279,periodic_200,1.0,1.0,100.0,500.0,500.0,0.007223788648843765,periodic_200,1.0,1.0,100.0,1000.0,1000.0,0.014705113135278225,periodic_200,1.0,1.0,100.0,1500.0,1500.0,0.02780449390411377,periodic_200,1.0,1.0,100.0,2000.0,2000.0,0.08107049763202667,periodic_200,1.0,1.0,100.0,3000.0,3000.0,0.16396957635879517,periodic_200,1.0,1.0,100.0,4000.0,4000.0,0.25618213415145874,periodic_200,1.0,1.0,100.0,5000.0,5000.0
lista_sb,dysts:Chua,8,complete,0.0001312420645263046,periodic_100,1.0,1.0,100.0,100.0,100.0,0.0015403261641040444,periodic_200,1.0,1.0,100.0,500.0,500.0,0.005552785005420446,periodic_200,1.0,1.0,100.0,1000.0,1000.0,0.01414403598755598,periodic_200,1.0,1.0,100.0,1500.0,1500.0,0.03395182266831398,periodic_200,1.0,1.0,100.0,2000.0,2000.0,0.1308930367231369,periodic_150,1.0,1.0,100.0,3000.0,3000.0,0.280239075422287,periodic_150,1.0,1.0,100.0,4000.0,4000.0,0.45694515109062195,periodic_150,1.0,1.0,100.0,5000.0,5000.0
lista_sb,dysts:Chua,9,complete,0.0001347121869912371,periodic_100,1.0,1.0,100.0,100.0,100.0,0.0020760195329785347,periodic_200,1.0,1.0,100.0,500.0,500.0,0.007934332825243473,periodic_200,1.0,1.0,100.0,1000.0,1000.0,0.018005376681685448,periodic_200,1.0,1.0,100.0,1500.0,1500.0,0.030544735491275787,periodic_200,1.0,1.0,100.0,2000.0,2000.0,0.05223605036735535,periodic_200,1.0,1.0,100.0,3000.0,3000.0,0.08694635331630707,periodic_200,1.0,1.0,100.0,4000.0,4000.0,0.1435038149356842,periodic_200,1.0,1.0,100.0,5000.0,5000.0
lista_sb,dysts:Chua,10,complete,0.00011887312575709075,periodic_100,1.0,1.0,100.0,100.0,100.0,0.0013266326859593391,periodic_200,1.0,1.0,100.0,500.0,500.0,0.004315533209592104,periodic_200,1.0,1.0,100.0,1000.0,1000.0,0.009699556976556778,periodic_200,1.0,1.0,100.0,1500.0,1500.0,0.017564482986927032,periodic_200,1.0,1.0,100.0,2000.0,2000.0,0.0398896299302578,periodic_200,1.0,1.0,100.0,3000.0,3000.0,0.08771274238824844,periodic_200,1.0,1.0,100.0,4000.0,4000.0,0.17451366782188416,periodic_200,1.0,1.0,100.0,5000.0,5000.0
lista_sb,dysts:Chua,11,complete,7.381987961707637e-05,periodic_100,1.0,1.0,100.0,100.0,100.0,0.000828031450510025,periodic_200,1.0,1.0,100.0,500.0,500.0,0.003162459237501025,periodic_200,1.0,1.0,100.0,1000.0,1000.0,0.009278986603021622,periodic_200,1.0,1.0,100.0,1500.0,1500.0,0.021501880139112473,periodic_200,1.0,1.0,100.0,2000.0,2000.0,0.06928088515996933,periodic_200,1.0,1.0,100.0,3000.0,3000.0,0.1558208167552948,periodic_200,1.0,1.0,100.0,4000.0,4000.0,0.27735820412635803,periodic_200,1.0,1.0,100.0,5000.0,5000.0
lista_sb,dysts:Chua,12,complete,0.00018280705262441188,periodic_100,1.0,1.0,100.0,100.0,100.0,0.002437251852825284,periodic_200,1.0,1.0,100.0,500.0,500.0,0.0068727838806807995,periodic_200,1.0,1.0,100.0,1000.0,1000.0,0.014198319986462593,periodic_200,1.0,1.0,100.0,1500.0,1500.0,0.024233156815171242,periodic_200,1.0,1.0,100.0,2000.0,2000.0,0.0496198832988739,periodic_200,1.0,1.0,100.0,3000.0,3000.0,0.09761258959770203,periodic_200,1.0,1.0,100.0,4000.0,4000.0,0.18943573534488678,periodic_200,1.0,1.0,100.0,5000.0,5000.0
lista_sb,dysts:Chua,13,complete,6.68949433020316e-05,periodic_100,1.0,1.0,100.0,100.0,100.0,0.0007471299031749368,periodic_200,1.0,1.0,100.0,500.0,500.0,0.002429428743198514,periodic_200,1.0,1.0,100.0,1000.0,1000.0,0.005010351538658142,periodic_200,1.0,1.0,100.0,1500.0,1500.0,0.00775656895712018,periodic_200,1.0,1.0,100.0,2000.0,2000.0,0.013964168727397919,periodic_200,1.0,1.0,100.0,3000.0,3000.0,0.023611832410097122,periodic_200,1.0,1.0,100.0,4000.0,4000.0,0.042616721242666245,periodic_200,1.0,1.0,100.0,5000.0,5000.0
lista_sb,dysts:Chua,14,complete,0.0005589500651694834,periodic_100,1.0,1.0,100.0,100.0,100.0,0.005585106555372477,periodic_200,1.0,1.0,100.0,500.0,500.0,0.01825692690908909,periodic_200,1.0,1.0,100.0,1000.0,1000.0,0.05874548479914665,periodic_200,1.0,1.0,100.0,1500.0,1500.0,0.17543333768844604,periodic_200,1.0,1.0,100.0,2000.0,2000.0,0.5523431897163391,periodic_25,1.0,1.0,100.0,3000.0,3000.0,0.9920424818992615,periodic_25,1.0,1.0,100.0,4000.0,4000.0,1.4766310453414917,periodic_25,1.0,1.0,100.0,5000.0,5000.0
lista_sb,dysts:Dadras,0,complete,0.0006237631314434111,periodic_50,1.0,1.0,100.0,100.0,100.0,0.013860655017197132,periodic_25,1.0,1.0,100.0,500.0,500.0,0.17656058073043823,periodic_200,1.0,1.0,100.0,1000.0,1000.0,0.6185755133628845,periodic_200,1.0,1.0,100.0,1500.0,1500.0,0.6870195865631104,periodic_200,1.0,1.0,100.0,2000.0,2000.0,1.156580924987793,periodic_200,1.0,1.0,100.0,3000.0,3000.0,1.897429347038269,periodic_200,1.0,1.0,100.0,4000.0,4000.0,2.2945189476013184,periodic_200,1.0,1.0,100.0,5000.0,5000.0
lista_sb,dysts:Dadras,1,complete,0.0003266161947976798,periodic_25,1.0,1.0,100.0,100.0,100.0,0.013313288800418377,periodic_25,1.0,1.0,100.0,500.0,500.0,0.06660787016153336,periodic_100,1.0,1.0,100.0,1000.0,1000.0,0.12108112126588821,periodic_100,1.0,1.0,100.0,1500.0,1500.0,0.2236769050359726,periodic_150,1.0,1.0,100.0,2000.0,2000.0,0.6079365611076355,periodic_200,1.0,1.0,100.0,3000.0,3000.0,1.1439144611358643,periodic_150,1.0,1.0,100.0,4000.0,4000.0,1.4486868381500244,periodic_150,1.0,1.0,100.0,5000.0,5000.0
lista_sb,dysts:Dadras,2,complete,0.00022589342552237213,periodic_25,1.0,1.0,100.0,100.0,100.0,0.005287426523864269,periodic_25,1.0,1.0,100.0,500.0,500.0,0.03877093270421028,periodic_25,1.0,1.0,100.0,1000.0,1000.0,0.08246377110481262,periodic_50,1.0,1.0,100.0,1500.0,1500.0,0.11088231950998306,periodic_50,1.0,1.0,100.0,2000.0,2000.0,0.35472026467323303,periodic_50,1.0,1.0,100.0,3000.0,3000.0,0.5866464376449585,periodic_150,1.0,1.0,100.0,4000.0,4000.0,0.7584686279296875,periodic_100,1.0,1.0,100.0,5000.0,5000.0
lista_sb,dysts:Dadras,3,complete,0.00023375224554911256,periodic_50,1.0,1.0,100.0,100.0,100.0,0.003141948953270912,periodic_50,1.0,1.0,100.0,500.0,500.0,0.021223442628979683,periodic_100,1.0,1.0,100.0,1000.0,1000.0,0.11581867933273315,periodic_100,1.0,1.0,100.0,1500.0,1500.0,0.22350755333900452,periodic_100,1.0,1.0,100.0,2000.0,2000.0,0.4749465584754944,periodic_100,1.0,1.0,100.0,3000.0,3000.0,0.7977349758148193,periodic_100,1.0,1.0,100.0,4000.0,4000.0,1.1926183700561523,periodic_100,1.0,1.0,100.0,5000.0,5000.0
lista_sb,dysts:Dadras,4,complete,0.0023288382217288017,periodic_10,1.0,1.0,100.0,100.0,100.0,0.02844972163438797,periodic_50,1.0,1.0,100.0,500.0,500.0,0.20299367606639862,periodic_200,1.0,1.0,100.0,1000.0,1000.0,0.3338286578655243,periodic_200,1.0,1.0,100.0,1500.0,1500.0,0.3914481997489929,periodic_200,1.0,1.0,100.0,2000.0,2000.0,0.8588665723800659,periodic_200,1.0,1.0,100.0,3000.0,3000.0,1.7306098937988281,periodic_200,1.0,1.0,100.0,4000.0,4000.0,2.2281479835510254,periodic_200,1.0,1.0,100.0,5000.0,5000.0
lista_sb,dysts:Dadras,5,complete,0.00020249340741429478,periodic_50,1.0,1.0,100.0,100.0,100.0,0.004516741260886192,periodic_50,1.0,1.0,100.0,500.0,500.0,0.015742184594273567,periodic_50,1.0,1.0,100.0,1000.0,1000.0,0.03185342624783516,periodic_100,1.0,1.0,100.0,1500.0,1500.0,0.05200847610831261,periodic_150,1.0,1.0,100.0,2000.0,2000.0,0.5637840032577515,periodic_150,1.0,1.0,100.0,3000.0,3000.0,0.9208583831787109,periodic_150,1.0,1.0,100.0,4000.0,4000.0,1.2394163608551025,periodic_100,1.0,1.0,100.0,5000.0,5000.0
lista_sb,dysts:Dadras,6,complete,0.008569023571908474,periodic_25,1.0,1.0,100.0,100.0,100.0,0.2450627088546753,periodic_25,1.0,1.0,100.0,500.0,500.0,0.9027770161628723,periodic_25,1.0,1.0,100.0,1000.0,1000.0,2.0970616340637207,periodic_25,1.0,1.0,100.0,1500.0,1500.0,3.0044639110565186,periodic_100,1.0,1.0,100.0,2000.0,2000.0,5.198113441467285,periodic_100,1.0,1.0,100.0,3000.0,3000.0,7.233375072479248,periodic_100,1.0,1.0,100.0,4000.0,4000.0,10.1571626663208,periodic_100,1.0,1.0,100.0,5000.0,5000.0
lista_sb,dysts:Dadras,7,complete,0.0018169429386034608,periodic_50,1.0,1.0,100.0,100.0,100.0,0.06358590722084045,periodic_100,1.0,1.0,100.0,500.0,500.0,0.5776923894882202,periodic_200,1.0,1.0,100.0,1000.0,1000.0,1.3091670274734497,periodic_200,1.0,1.0,100.0,1500.0,1500.0,2.1794872283935547,periodic_50,1.0,1.0,100.0,2000.0,2000.0,2.615177631378174,periodic_50,1.0,1.0,100.0,3000.0,3000.0,3.1713058948516846,periodic_50,1.0,1.0,100.0,4000.0,4000.0,3.8443822860717773,periodic_50,1.0,1.0,100.0,5000.0,5000.0
lista_sb,dysts:Dadras,8,complete,0.00021306201233528554,periodic_25,1.0,1.0,100.0,100.0,100.0,0.0036988062784075737,periodic_25,1.0,1.0,100.0,500.0,500.0,0.02004353702068329,periodic_50,1.0,1.0,100.0,1000.0,1000.0,0.055534329265356064,periodic_100,1.0,1.0,100.0,1500.0,1500.0,0.08525623381137848,periodic_100,1.0,1.0,100.0,2000.0,2000.0,0.275193989276886,periodic_100,1.0,1.0,100.0,3000.0,3000.0,0.7337204217910767,periodic_100,1.0,1.0,100.0,4000.0,4000.0,1.2171423435211182,periodic_100,1.0,1.0,100.0,5000.0,5000.0
lista_sb,dysts:Dadras,9,complete,0.0007210705662146211,periodic_10,1.0,1.0,100.0,100.0,100.0,0.009237337857484818,periodic_25,1.0,1.0,100.0,500.0,500.0,0.026404140517115593,periodic_50,1.0,1.0,100.0,1000.0,1000.0,0.05420269817113876,periodic_50,1.0,1.0,100.0,1500.0,1500.0,0.12058417499065399,periodic_100,1.0,1.0,100.0,2000.0,2000.0,0.5318891406059265,periodic_150,1.0,1.0,100.0,3000.0,3000.0,0.9466023445129395,periodic_100,1.0,1.0,100.0,4000.0,4000.0,1.2072900533676147,periodic_25,1.0,1.0,100.0,5000.0,5000.0
lista_sb,dysts:Dadras,10,complete,0.0005015472415834665,periodic_50,1.0,1.0,100.0,100.0,100.0,0.009057797491550446,periodic_25,1.0,1.0,100.0,500.0,500.0,0.09947430342435837,periodic_100,1.0,1.0,100.0,1000.0,1000.0,0.4884157180786133,periodic_150,1.0,1.0,100.0,1500.0,1500.0,0.7040247321128845,periodic_100,1.0,1.0,100.0,2000.0,2000.0,1.0952174663543701,periodic_150,1.0,1.0,100.0,3000.0,3000.0,1.5251394510269165,periodic_100,1.0,1.0,100.0,4000.0,4000.0,2.096224069595337,periodic_150,1.0,1.0,100.0,5000.0,5000.0
lista_sb,dysts:Dadras,11,complete,0.003268572734668851,periodic_25,1.0,1.0,100.0,100.0,100.0,0.11573648452758789,periodic_25,1.0,1.0,100.0,500.0,500.0,1.171677589416504,periodic_25,1.0,1.0,100.0,1000.0,1000.0,2.1114625930786133,periodic_25,1.0,1.0,100.0,1500.0,1500.0,2.7904343605041504,periodic_10,1.0,1.0,100.0,2000.0,2000.0,3.107179641723633,periodic_10,1.0,1.0,100.0,3000.0,3000.0,3.16823673248291,periodic_10,1.0,1.0,100.0,4000.0,4000.0,3.357794761657715,periodic_10,1.0,1.0,100.0,5000.0,5000.0
lista_sb,dysts:Dadras,12,complete,0.0002733692235779017,periodic_25,1.0,1.0,100.0,100.0,100.0,0.019184742122888565,periodic_25,1.0,1.0,100.0,500.0,500.0,0.056644268333911896,periodic_50,1.0,1.0,100.0,1000.0,1000.0,0.07809853553771973,periodic_50,1.0,1.0,100.0,1500.0,1500.0,0.20005923509597778,periodic_50,1.0,1.0,100.0,2000.0,2000.0,0.8814024925231934,periodic_50,1.0,1.0,100.0,3000.0,3000.0,1.4566481113433838,periodic_50,1.0,1.0,100.0,4000.0,4000.0,1.7900640964508057,periodic_25,1.0,1.0,100.0,5000.0,5000.0
lista_sb,dysts:Dadras,13,complete,0.00030705894459970295,periodic_25,1.0,1.0,100.0,100.0,100.0,0.006094295531511307,periodic_50,1.0,1.0,100.0,500.0,500.0,0.05404988303780556,periodic_50,1.0,1.0,100.0,1000.0,1000.0,0.2278793454170227,periodic_200,1.0,1.0,100.0,1500.0,1500.0,0.29303622245788574,periodic_200,1.0,1.0,100.0,2000.0,2000.0,0.727477490901947,periodic_200,1.0,1.0,100.0,3000.0,3000.0,1.186559796333313,periodic_200,1.0,1.0,100.0,4000.0,4000.0,1.506136178970337,periodic_50,1.0,1.0,100.0,5000.0,5000.0
lista_sb,dysts:Dadras,14,complete,0.00021194361033849418,periodic_25,1.0,1.0,100.0,100.0,100.0,0.005250881426036358,periodic_25,1.0,1.0,100.0,500.0,500.0,0.03324374929070473,periodic_50,1.0,1.0,100.0,1000.0,1000.0,0.07594594359397888,periodic_50,1.0,1.0,100.0,1500.0,1500.0,0.13043911755084991,periodic_50,1.0,1.0,100.0,2000.0,2000.0,0.37468722462654114,periodic_50,1.0,1.0,100.0,3000.0,3000.0,0.8535829186439514,periodic_50,1.0,1.0,100.0,4000.0,4000.0,1.4226889610290527,periodic_50,1.0,1.0,100.0,5000.0,5000.0
lista_sb,dysts:DequanLi,0,complete,0.00039131511584855616,periodic_100,1.0,1.0,100.0,100.0,100.0,0.005852192174643278,periodic_200,1.0,1.0,100.0,500.0,500.0,0.019164593890309334,periodic_200,1.0,1.0,100.0,1000.0,1000.0,0.04081468656659126,periodic_200,1.0,1.0,100.0,1500.0,1500.0,0.07382314652204514,periodic_200,1.0,1.0,100.0,2000.0,2000.0,0.18681998550891876,periodic_200,1.0,1.0,100.0,3000.0,3000.0,0.4799649119377136,periodic_200,1.0,1.0,100.0,4000.0,4000.0,0.965258777141571,periodic_200,1.0,1.0,100.0,5000.0,5000.0
lista_sb,dysts:DequanLi,1,complete,0.0003417364787310362,periodic_100,1.0,1.0,100.0,100.0,100.0,0.0056237149983644485,periodic_200,1.0,1.0,100.0,500.0,500.0,0.018676217645406723,periodic_200,1.0,1.0,100.0,1000.0,1000.0,0.039953555911779404,periodic_200,1.0,1.0,100.0,1500.0,1500.0,0.07386412471532822,periodic_200,1.0,1.0,100.0,2000.0,2000.0,0.21605271100997925,periodic_200,1.0,1.0,100.0,3000.0,3000.0,0.5440358519554138,periodic_200,1.0,1.0,100.0,4000.0,4000.0,1.0406790971755981,periodic_200,1.0,1.0,100.0,5000.0,5000.0
lista_sb,dysts:DequanLi,2,complete,0.00027939199935644865,periodic_100,1.0,1.0,100.0,100.0,100.0,0.00426592119038105,periodic_100,1.0,1.0,100.0,500.0,500.0,0.013706548139452934,periodic_100,1.0,1.0,100.0,1000.0,1000.0,0.029463322833180428,periodic_200,1.0,1.0,100.0,1500.0,1500.0,0.048859789967536926,periodic_200,1.0,1.0,100.0,2000.0,2000.0,0.12910735607147217,periodic_100,1.0,1.0,100.0,3000.0,3000.0,0.37136322259902954,periodic_100,1.0,1.0,100.0,4000.0,4000.0,0.7465716004371643,periodic_200,1.0,1.0,100.0,5000.0,5000.0
lista_sb,dysts:DequanLi,3,complete,0.0004037386679556221,periodic_100,1.0,1.0,100.0,100.0,100.0,0.006101979408413172,periodic_200,1.0,1.0,100.0,500.0,500.0,0.019561946392059326,periodic_200,1.0,1.0,100.0,1000.0,1000.0,0.04390542209148407,periodic_200,1.0,1.0,100.0,1500.0,1500.0,0.08464128524065018,periodic_200,1.0,1.0,100.0,2000.0,2000.0,0.2575486898422241,periodic_200,1.0,1.0,100.0,3000.0,3000.0,0.5997308492660522,periodic_200,1.0,1.0,100.0,4000.0,4000.0,1.0724763870239258,periodic_200,1.0,1.0,100.0,5000.0,5000.0
lista_sb,dysts:DequanLi,4,complete,0.00025484568323008716,periodic_100,1.0,1.0,100.0,100.0,100.0,0.00352092063985765,periodic_150,1.0,1.0,100.0,500.0,500.0,0.010839533992111683,periodic_200,1.0,1.0,100.0,1000.0,1000.0,0.022136041894555092,periodic_200,1.0,1.0,100.0,1500.0,1500.0,0.03825976699590683,periodic_200,1.0,1.0,100.0,2000.0,2000.0,0.08867330849170685,periodic_200,1.0,1.0,100.0,3000.0,3000.0,0.20204609632492065,periodic_200,1.0,1.0,100.0,4000.0,4000.0,0.4473726749420166,periodic_100,1.0,1.0,100.0,5000.0,5000.0
lista_sb,dysts:DequanLi,5,complete,0.0006160747725516558,periodic_100,1.0,1.0,100.0,100.0,100.0,0.0081088338047266,periodic_200,1.0,1.0,100.0,500.0,500.0,0.024076996371150017,periodic_200,1.0,1.0,100.0,1000.0,1000.0,0.047292910516262054,periodic_200,1.0,1.0,100.0,1500.0,1500.0,0.08400212228298187,periodic_200,1.0,1.0,100.0,2000.0,2000.0,0.21786735951900482,periodic_200,1.0,1.0,100.0,3000.0,3000.0,0.44899803400039673,periodic_200,1.0,1.0,100.0,4000.0,4000.0,0.6903722286224365,periodic_200,1.0,1.0,100.0,5000.0,5000.0
lista_sb,dysts:DequanLi,6,complete,0.00024363417469430715,periodic_100,1.0,1.0,100.0,100.0,100.0,0.00418999744579196,periodic_200,1.0,1.0,100.0,500.0,500.0,0.014484238810837269,periodic_200,1.0,1.0,100.0,1000.0,1000.0,0.02892877161502838,periodic_200,1.0,1.0,100.0,1500.0,1500.0,0.04927706718444824,periodic_200,1.0,1.0,100.0,2000.0,2000.0,0.11687837541103363,periodic_200,1.0,1.0,100.0,3000.0,3000.0,0.25258898735046387,periodic_150,1.0,1.0,100.0,4000.0,4000.0,0.49588704109191895,periodic_200,1.0,1.0,100.0,5000.0,5000.0
lista_sb,dysts:DequanLi,7,complete,0.0002670824760571122,periodic_100,1.0,1.0,100.0,100.0,100.0,0.004582569934427738,periodic_200,1.0,1.0,100.0,500.0,500.0,0.015692660585045815,periodic_200,1.0,1.0,100.0,1000.0,1000.0,0.03540543094277382,periodic_200,1.0,1.0,100.0,1500.0,1500.0,0.06263429671525955,periodic_200,1.0,1.0,100.0,2000.0,2000.0,0.16923339664936066,periodic_200,1.0,1.0,100.0,3000.0,3000.0,0.41443052887916565,periodic_200,1.0,1.0,100.0,4000.0,4000.0,0.778127133846283,periodic_150,1.0,1.0,100.0,5000.0,5000.0
lista_sb,dysts:DequanLi,8,complete,0.00038460257928818464,periodic_100,1.0,1.0,100.0,100.0,100.0,0.006314871367067099,periodic_200,1.0,1.0,100.0,500.0,500.0,0.020301658660173416,periodic_200,1.0,1.0,100.0,1000.0,1000.0,0.03975753113627434,periodic_200,1.0,1.0,100.0,1500.0,1500.0,0.06457627564668655,periodic_200,1.0,1.0,100.0,2000.0,2000.0,0.13722962141036987,periodic_200,1.0,1.0,100.0,3000.0,3000.0,0.2858596444129944,periodic_200,1.0,1.0,100.0,4000.0,4000.0,0.47849318385124207,periodic_200,1.0,1.0,100.0,5000.0,5000.0
lista_sb,dysts:DequanLi,9,complete,0.00023524476273451,periodic_100,1.0,1.0,100.0,100.0,100.0,0.0034636736381798983,periodic_150,1.0,1.0,100.0,500.0,500.0,0.011529210023581982,periodic_200,1.0,1.0,100.0,1000.0,1000.0,0.023097405210137367,periodic_200,1.0,1.0,100.0,1500.0,1500.0,0.03942157328128815,periodic_200,1.0,1.0,100.0,2000.0,2000.0,0.10805277526378632,periodic_200,1.0,1.0,100.0,3000.0,3000.0,0.25984323024749756,periodic_200,1.0,1.0,100.0,4000.0,4000.0,0.4915327727794647,periodic_200,1.0,1.0,100.0,5000.0,5000.0
lista_sb,dysts:DequanLi,10,complete,0.00033310093567706645,periodic_100,1.0,1.0,100.0,100.0,100.0,0.0048111374489963055,periodic_200,1.0,1.0,100.0,500.0,500.0,0.01487819105386734,periodic_200,1.0,1.0,100.0,1000.0,1000.0,0.030320974066853523,periodic_200,1.0,1.0,100.0,1500.0,1500.0,0.054382890462875366,periodic_200,1.0,1.0,100.0,2000.0,2000.0,0.13112294673919678,periodic_200,1.0,1.0,100.0,3000.0,3000.0,0.2735200822353363,periodic_200,1.0,1.0,100.0,4000.0,4000.0,0.5278101563453674,periodic_200,1.0,1.0,100.0,5000.0,5000.0
lista_sb,dysts:DequanLi,11,complete,0.0008222034084610641,periodic_100,1.0,1.0,100.0,100.0,100.0,0.012023952789604664,periodic_200,1.0,1.0,100.0,500.0,500.0,0.035068709403276443,periodic_200,1.0,1.0,100.0,1000.0,1000.0,0.06896676868200302,periodic_200,1.0,1.0,100.0,1500.0,1500.0,0.12168777734041214,periodic_200,1.0,1.0,100.0,2000.0,2000.0,0.32891425490379333,periodic_200,1.0,1.0,100.0,3000.0,3000.0,0.6748213171958923,periodic_200,1.0,1.0,100.0,4000.0,4000.0,1.0724153518676758,periodic_200,1.0,1.0,100.0,5000.0,5000.0
lista_sb,dysts:DequanLi,12,complete,0.0004368299269117415,periodic_100,1.0,1.0,100.0,100.0,100.0,0.007588497828692198,periodic_200,1.0,1.0,100.0,500.0,500.0,0.028587577864527702,periodic_200,1.0,1.0,100.0,1000.0,1000.0,0.059681087732315063,periodic_200,1.0,1.0,100.0,1500.0,1500.0,0.09791111946105957,periodic_200,1.0,1.0,100.0,2000.0,2000.0,0.2048262059688568,periodic_200,1.0,1.0,100.0,3000.0,3000.0,0.38496553897857666,periodic_200,1.0,1.0,100.0,4000.0,4000.0,0.6346060037612915,periodic_200,1.0,1.0,100.0,5000.0,5000.0
lista_sb,dysts:DequanLi,13,complete,0.00030811832402832806,periodic_100,1.0,1.0,100.0,100.0,100.0,0.004832017235457897,periodic_200,1.0,1.0,100.0,500.0,500.0,0.013839871622622013,periodic_200,1.0,1.0,100.0,1000.0,1000.0,0.025549497455358505,periodic_200,1.0,1.0,100.0,1500.0,1500.0,0.041667405515909195,periodic_200,1.0,1.0,100.0,2000.0,2000.0,0.11125599592924118,periodic_200,1.0,1.0,100.0,3000.0,3000.0,0.27606338262557983,periodic_200,1.0,1.0,100.0,4000.0,4000.0,0.5375381112098694,periodic_200,1.0,1.0,100.0,5000.0,5000.0
lista_sb,dysts:DequanLi,14,complete,0.00037905515637248755,periodic_100,1.0,1.0,100.0,100.0,100.0,0.00634377496317029,periodic_200,1.0,1.0,100.0,500.0,500.0,0.020532643422484398,periodic_200,1.0,1.0,100.0,1000.0,1000.0,0.04486919939517975,periodic_200,1.0,1.0,100.0,1500.0,1500.0,0.08255679905414581,periodic_200,1.0,1.0,100.0,2000.0,2000.0,0.2335032969713211,periodic_200,1.0,1.0,100.0,3000.0,3000.0,0.5740617513656616,periodic_200,1.0,1.0,100.0,4000.0,4000.0,0.9759992957115173,periodic_200,1.0,1.0,100.0,5000.0,5000.0
lista_sb,dysts:Hadley,0,complete,0.00047544226981699467,periodic_100,1.0,1.0,100.0,100.0,100.0,0.0063070193864405155,periodic_200,1.0,1.0,100.0,500.0,500.0,0.01770849898457527,periodic_200,1.0,1.0,100.0,1000.0,1000.0,0.0326041579246521,periodic_200,1.0,1.0,100.0,1500.0,1500.0,0.05231267586350441,periodic_200,1.0,1.0,100.0,2000.0,2000.0,0.11510676145553589,periodic_200,1.0,1.0,100.0,3000.0,3000.0,0.229176327586174,periodic_200,1.0,1.0,100.0,4000.0,4000.0,0.4266282021999359,periodic_200,1.0,1.0,100.0,5000.0,5000.0
lista_sb,dysts:Hadley,1,complete,0.0014886275166645646,periodic_100,1.0,1.0,100.0,100.0,100.0,0.02213946543633938,periodic_200,1.0,1.0,100.0,500.0,500.0,0.06377860903739929,periodic_200,1.0,1.0,100.0,1000.0,1000.0,0.11375182867050171,periodic_200,1.0,1.0,100.0,1500.0,1500.0,0.17308233678340912,periodic_200,1.0,1.0,100.0,2000.0,2000.0,0.365323930978775,periodic_200,1.0,1.0,100.0,3000.0,3000.0,0.6674797534942627,periodic_200,1.0,1.0,100.0,4000.0,4000.0,1.035925030708313,periodic_200,1.0,1.0,100.0,5000.0,5000.0
lista_sb,dysts:Hadley,2,complete,0.00019490520935505629,periodic_100,1.0,1.0,100.0,100.0,100.0,0.003598196431994438,periodic_200,1.0,1.0,100.0,500.0,500.0,0.012989171780645847,periodic_200,1.0,1.0,100.0,1000.0,1000.0,0.028515754267573357,periodic_200,1.0,1.0,100.0,1500.0,1500.0,0.05045793950557709,periodic_200,1.0,1.0,100.0,2000.0,2000.0,0.1263827085494995,periodic_200,1.0,1.0,100.0,3000.0,3000.0,0.2803056240081787,periodic_200,1.0,1.0,100.0,4000.0,4000.0,0.5617297887802124,periodic_200,1.0,1.0,100.0,5000.0,5000.0
lista_sb,dysts:Hadley,3,complete,0.00018546408682595938,periodic_100,1.0,1.0,100.0,100.0,100.0,0.002528122626245022,periodic_200,1.0,1.0,100.0,500.0,500.0,0.008144392631947994,periodic_200,1.0,1.0,100.0,1000.0,1000.0,0.016698099672794342,periodic_200,1.0,1.0,100.0,1500.0,1500.0,0.02991112507879734,periodic_200,1.0,1.0,100.0,2000.0,2000.0,0.06871344149112701,periodic_200,1.0,1.0,100.0,3000.0,3000.0,0.12121561169624329,periodic_200,1.0,1.0,100.0,4000.0,4000.0,0.19384104013442993,periodic_200,1.0,1.0,100.0,5000.0,5000.0
lista_sb,dysts:Hadley,4,complete,0.0003770673356484622,periodic_100,1.0,1.0,100.0,100.0,100.0,0.006404440384358168,periodic_200,1.0,1.0,100.0,500.0,500.0,0.021971870213747025,periodic_200,1.0,1.0,100.0,1000.0,1000.0,0.044646479189395905,periodic_200,1.0,1.0,100.0,1500.0,1500.0,0.07628918439149857,periodic_200,1.0,1.0,100.0,2000.0,2000.0,0.18148921430110931,periodic_200,1.0,1.0,100.0,3000.0,3000.0,0.38252705335617065,periodic_200,1.0,1.0,100.0,4000.0,4000.0,0.7490330338478088,periodic_200,1.0,1.0,100.0,5000.0,5000.0
lista_sb,dysts:Hadley,5,complete,0.00021418038522824645,periodic_100,1.0,1.0,100.0,100.0,100.0,0.0035808845423161983,periodic_200,1.0,1.0,100.0,500.0,500.0,0.010766210965812206,periodic_200,1.0,1.0,100.0,1000.0,1000.0,0.020698413252830505,periodic_200,1.0,1.0,100.0,1500.0,1500.0,0.036907508969306946,periodic_200,1.0,1.0,100.0,2000.0,2000.0,0.0937207043170929,periodic_200,1.0,1.0,100.0,3000.0,3000.0,0.19261468946933746,periodic_200,1.0,1.0,100.0,4000.0,4000.0,0.31366950273513794,periodic_200,1.0,1.0,100.0,5000.0,5000.0
lista_sb,dysts:Hadley,6,complete,0.00022717672982253134,periodic_100,1.0,1.0,100.0,100.0,100.0,0.003748140064999461,periodic_200,1.0,1.0,100.0,500.0,500.0,0.012692012824118137,periodic_200,1.0,1.0,100.0,1000.0,1000.0,0.026213355362415314,periodic_200,1.0,1.0,100.0,1500.0,1500.0,0.04490320384502411,periodic_200,1.0,1.0,100.0,2000.0,2000.0,0.1069718450307846,periodic_200,1.0,1.0,100.0,3000.0,3000.0,0.19657178223133087,periodic_200,1.0,1.0,100.0,4000.0,4000.0,0.30007556080818176,periodic_200,1.0,1.0,100.0,5000.0,5000.0
lista_sb,dysts:Hadley,7,complete,0.00016558617062401026,periodic_100,1.0,1.0,100.0,100.0,100.0,0.002406548475846648,periodic_150,1.0,1.0,100.0,500.0,500.0,0.008041082881391048,periodic_200,1.0,1.0,100.0,1000.0,1000.0,0.01728975586593151,periodic_200,1.0,1.0,100.0,1500.0,1500.0,0.030944133177399635,periodic_200,1.0,1.0,100.0,2000.0,2000.0,0.07136394828557968,periodic_200,1.0,1.0,100.0,3000.0,3000.0,0.13187894225120544,periodic_200,1.0,1.0,100.0,4000.0,4000.0,0.21493610739707947,periodic_200,1.0,1.0,100.0,5000.0,5000.0
lista_sb,dysts:Hadley,8,complete,0.00011597549746511504,periodic_100,1.0,1.0,100.0,100.0,100.0,0.0021627843379974365,periodic_200,1.0,1.0,100.0,500.0,500.0,0.007262163329869509,periodic_200,1.0,1.0,100.0,1000.0,1000.0,0.015669122338294983,periodic_200,1.0,1.0,100.0,1500.0,1500.0,0.028129296377301216,periodic_50,1.0,1.0,100.0,2000.0,2000.0,0.060604095458984375,periodic_50,1.0,1.0,100.0,3000.0,3000.0,0.10516218096017838,periodic_50,1.0,1.0,100.0,4000.0,4000.0,0.16090911626815796,periodic_100,1.0,1.0,100.0,5000.0,5000.0
lista_sb,dysts:Hadley,9,complete,0.000241346366237849,periodic_100,1.0,1.0,100.0,100.0,100.0,0.0031430255621671677,periodic_150,1.0,1.0,100.0,500.0,500.0,0.010113578289747238,periodic_150,1.0,1.0,100.0,1000.0,1000.0,0.021003209054470062,periodic_200,1.0,1.0,100.0,1500.0,1500.0,0.035273194313049316,periodic_200,1.0,1.0,100.0,2000.0,2000.0,0.07430984824895859,periodic_200,1.0,1.0,100.0,3000.0,3000.0,0.12407952547073364,periodic_200,1.0,1.0,100.0,4000.0,4000.0,0.18321262300014496,periodic_200,1.0,1.0,100.0,5000.0,5000.0
lista_sb,dysts:Hadley,10,complete,0.00017584902525413781,periodic_100,1.0,1.0,100.0,100.0,100.0,0.0027518460992723703,periodic_200,1.0,1.0,100.0,500.0,500.0,0.009007168002426624,periodic_200,1.0,1.0,100.0,1000.0,1000.0,0.017944708466529846,periodic_200,1.0,1.0,100.0,1500.0,1500.0,0.03086344711482525,periodic_200,1.0,1.0,100.0,2000.0,2000.0,0.06908141821622849,periodic_200,1.0,1.0,100.0,3000.0,3000.0,0.1291300356388092,periodic_200,1.0,1.0,100.0,4000.0,4000.0,0.22773477435112,periodic_200,1.0,1.0,100.0,5000.0,5000.0
lista_sb,dysts:Hadley,11,complete,0.03890438750386238,periodic_10,1.0,1.0,100.0,100.0,100.0,0.516633927822113,periodic_10,1.0,1.0,100.0,500.0,500.0,1.6944652795791626,periodic_10,1.0,1.0,100.0,1000.0,1000.0,3.8093068599700928,periodic_10,1.0,1.0,100.0,1500.0,1500.0,8.758966445922852,periodic_10,1.0,1.0,100.0,2000.0,2000.0,34.012699127197266,periodic_10,1.0,1.0,100.0,3000.0,3000.0,82.02623748779297,periodic_10,1.0,1.0,100.0,4000.0,4000.0,161.0891571044922,periodic_10,1.0,1.0,100.0,5000.0,5000.0
lista_sb,dysts:Hadley,12,complete,0.0001392828271491453,periodic_100,1.0,1.0,100.0,100.0,100.0,0.002275671111419797,periodic_200,1.0,1.0,100.0,500.0,500.0,0.0074052405543625355,periodic_200,1.0,1.0,100.0,1000.0,1000.0,0.014148441143333912,periodic_200,1.0,1.0,100.0,1500.0,1500.0,0.023234326392412186,periodic_200,1.0,1.0,100.0,2000.0,2000.0,0.05287472903728485,periodic_200,1.0,1.0,100.0,3000.0,3000.0,0.10228058695793152,periodic_200,1.0,1.0,100.0,4000.0,4000.0,0.16643297672271729,periodic_200,1.0,1.0,100.0,5000.0,5000.0
lista_sb,dysts:Hadley,13,complete,0.06184397265315056,periodic_10,1.0,1.0,100.0,100.0,100.0,1.3773404359817505,periodic_10,1.0,1.0,100.0,500.0,500.0,2.978361129760742,periodic_10,1.0,1.0,100.0,1000.0,1000.0,426.8005065917969,periodic_10,1.0,1.0,100.0,1500.0,1500.0,69772.6875,periodic_200,1.0,1.0,100.0,2000.0,2000.0,678716352.0,periodic_200,1.0,1.0,100.0,3000.0,3000.0,8335944843264.0,periodic_200,1.0,1.0,100.0,4000.0,4000.0,1.0921643990214246e+17,periodic_200,1.0,1.0,100.0,5000.0,5000.0
lista_sb,dysts:Hadley,14,complete,0.00016942952061071992,periodic_100,1.0,1.0,100.0,100.0,100.0,0.0024617232847958803,periodic_200,1.0,1.0,100.0,500.0,500.0,0.007439895998686552,periodic_200,1.0,1.0,100.0,1000.0,1000.0,0.014885199256241322,periodic_200,1.0,1.0,100.0,1500.0,1500.0,0.024125713855028152,periodic_200,1.0,1.0,100.0,2000.0,2000.0,0.04903798922896385,periodic_200,1.0,1.0,100.0,3000.0,3000.0,0.0926041230559349,periodic_200,1.0,1.0,100.0,4000.0,4000.0,0.16630525887012482,periodic_200,1.0,1.0,100.0,5000.0,5000.0
lista_sb,dysts:LuChenCheng,0,complete,0.00015193545550573617,periodic_100,1.0,1.0,100.0,100.0,100.0,0.0019282366847619414,periodic_200,1.0,1.0,100.0,500.0,500.0,0.0057955472730100155,periodic_200,1.0,1.0,100.0,1000.0,1000.0,0.012111302465200424,periodic_200,1.0,1.0,100.0,1500.0,1500.0,0.023790467530488968,periodic_200,1.0,1.0,100.0,2000.0,2000.0,0.08842917531728745,periodic_200,1.0,1.0,100.0,3000.0,3000.0,0.2202729731798172,periodic_200,1.0,1.0,100.0,4000.0,4000.0,0.36253559589385986,periodic_200,1.0,1.0,100.0,5000.0,5000.0
lista_sb,dysts:LuChenCheng,1,complete,0.00016909764963202178,periodic_100,1.0,1.0,100.0,100.0,100.0,0.0020475145429372787,periodic_150,1.0,1.0,100.0,500.0,500.0,0.0077712214551866055,periodic_200,1.0,1.0,100.0,1000.0,1000.0,0.01630946435034275,periodic_200,1.0,1.0,100.0,1500.0,1500.0,0.026439590379595757,periodic_200,1.0,1.0,100.0,2000.0,2000.0,0.04715586081147194,periodic_200,1.0,1.0,100.0,3000.0,3000.0,0.07447358220815659,periodic_200,1.0,1.0,100.0,4000.0,4000.0,0.10594188421964645,periodic_150,1.0,1.0,100.0,5000.0,5000.0
lista_sb,dysts:LuChenCheng,2,complete,0.00012142308696638793,periodic_100,1.0,1.0,100.0,100.0,100.0,0.001924913958646357,periodic_150,1.0,1.0,100.0,500.0,500.0,0.006437350995838642,periodic_150,1.0,1.0,100.0,1000.0,1000.0,0.010532213374972343,periodic_200,1.0,1.0,100.0,1500.0,1500.0,0.01588616520166397,periodic_200,1.0,1.0,100.0,2000.0,2000.0,0.03432469442486763,periodic_150,1.0,1.0,100.0,3000.0,3000.0,0.062267351895570755,periodic_150,1.0,1.0,100.0,4000.0,4000.0,0.10282373428344727,periodic_150,1.0,1.0,100.0,5000.0,5000.0
lista_sb,dysts:LuChenCheng,3,complete,0.000110827517346479,periodic_100,1.0,1.0,100.0,100.0,100.0,0.0018353357445448637,periodic_150,1.0,1.0,100.0,500.0,500.0,0.005919905379414558,periodic_200,1.0,1.0,100.0,1000.0,1000.0,0.014418543316423893,periodic_200,1.0,1.0,100.0,1500.0,1500.0,0.02798941358923912,periodic_200,1.0,1.0,100.0,2000.0,2000.0,0.053038641810417175,periodic_150,1.0,1.0,100.0,3000.0,3000.0,0.09283661097288132,periodic_200,1.0,1.0,100.0,4000.0,4000.0,0.1743716448545456,periodic_200,1.0,1.0,100.0,5000.0,5000.0
lista_sb,dysts:LuChenCheng,4,complete,9.536759171169251e-05,periodic_100,1.0,1.0,100.0,100.0,100.0,0.0020619696006178856,periodic_50,1.0,1.0,100.0,500.0,500.0,0.00529856514185667,periodic_100,1.0,1.0,100.0,1000.0,1000.0,0.01356012374162674,periodic_100,1.0,1.0,100.0,1500.0,1500.0,0.022237712517380714,periodic_100,1.0,1.0,100.0,2000.0,2000.0,0.04062739759683609,periodic_150,1.0,1.0,100.0,3000.0,3000.0,0.07414036244153976,periodic_200,1.0,1.0,100.0,4000.0,4000.0,0.15107764303684235,periodic_200,1.0,1.0,100.0,5000.0,5000.0
lista_sb,dysts:LuChenCheng,5,complete,0.00010805163765326142,periodic_100,1.0,1.0,100.0,100.0,100.0,0.0012928027426823974,periodic_100,1.0,1.0,100.0,500.0,500.0,0.0052306074649095535,periodic_150,1.0,1.0,100.0,1000.0,1000.0,0.010698302648961544,periodic_150,1.0,1.0,100.0,1500.0,1500.0,0.01724356599152088,periodic_150,1.0,1.0,100.0,2000.0,2000.0,0.029073985293507576,periodic_200,1.0,1.0,100.0,3000.0,3000.0,0.038131438195705414,periodic_150,1.0,1.0,100.0,4000.0,4000.0,0.07191486656665802,periodic_150,1.0,1.0,100.0,5000.0,5000.0
lista_sb,dysts:LuChenCheng,6,complete,7.144910341594368e-05,periodic_100,1.0,1.0,100.0,100.0,100.0,0.0008292484562844038,periodic_100,1.0,1.0,100.0,500.0,500.0,0.0024495753459632397,periodic_100,1.0,1.0,100.0,1000.0,1000.0,0.005066830664873123,periodic_150,1.0,1.0,100.0,1500.0,1500.0,0.009028483182191849,periodic_150,1.0,1.0,100.0,2000.0,2000.0,0.030233023688197136,periodic_200,1.0,1.0,100.0,3000.0,3000.0,0.058806899935007095,periodic_200,1.0,1.0,100.0,4000.0,4000.0,0.08371385931968689,periodic_200,1.0,1.0,100.0,5000.0,5000.0
lista_sb,dysts:LuChenCheng,7,complete,0.0002101594436680898,periodic_100,1.0,1.0,100.0,100.0,100.0,0.002946698572486639,periodic_150,1.0,1.0,100.0,500.0,500.0,0.010367888025939465,periodic_200,1.0,1.0,100.0,1000.0,1000.0,0.01958496868610382,periodic_200,1.0,1.0,100.0,1500.0,1500.0,0.03459184244275093,periodic_200,1.0,1.0,100.0,2000.0,2000.0,0.08098465204238892,periodic_200,1.0,1.0,100.0,3000.0,3000.0,0.1495390087366104,periodic_200,1.0,1.0,100.0,4000.0,4000.0,0.2552154064178467,periodic_200,1.0,1.0,100.0,5000.0,5000.0
lista_sb,dysts:LuChenCheng,8,complete,8.843690739013255e-05,periodic_100,1.0,1.0,100.0,100.0,100.0,0.001346623059362173,periodic_100,1.0,1.0,100.0,500.0,500.0,0.005115909967571497,periodic_100,1.0,1.0,100.0,1000.0,1000.0,0.012338366359472275,periodic_100,1.0,1.0,100.0,1500.0,1500.0,0.023367509245872498,periodic_150,1.0,1.0,100.0,2000.0,2000.0,0.057188816368579865,periodic_150,1.0,1.0,100.0,3000.0,3000.0,0.11559196561574936,periodic_200,1.0,1.0,100.0,4000.0,4000.0,0.17652057111263275,periodic_100,1.0,1.0,100.0,5000.0,5000.0
lista_sb,dysts:LuChenCheng,9,complete,7.355617708526552e-05,periodic_100,1.0,1.0,100.0,100.0,100.0,0.0018024801975116134,periodic_150,1.0,1.0,100.0,500.0,500.0,0.00505134416744113,periodic_150,1.0,1.0,100.0,1000.0,1000.0,0.00967869721353054,periodic_150,1.0,1.0,100.0,1500.0,1500.0,0.019375858828425407,periodic_200,1.0,1.0,100.0,2000.0,2000.0,0.05946457013487816,periodic_200,1.0,1.0,100.0,3000.0,3000.0,0.11562468856573105,periodic_200,1.0,1.0,100.0,4000.0,4000.0,0.13994497060775757,periodic_200,1.0,1.0,100.0,5000.0,5000.0
lista_sb,dysts:LuChenCheng,10,complete,7.586800347780809e-05,periodic_50,1.0,1.0,100.0,100.0,100.0,0.0011841267114505172,periodic_100,1.0,1.0,100.0,500.0,500.0,0.0033867431338876486,periodic_100,1.0,1.0,100.0,1000.0,1000.0,0.006342204753309488,periodic_200,1.0,1.0,100.0,1500.0,1500.0,0.009670976549386978,periodic_200,1.0,1.0,100.0,2000.0,2000.0,0.017653480172157288,periodic_200,1.0,1.0,100.0,3000.0,3000.0,0.024797342717647552,periodic_200,1.0,1.0,100.0,4000.0,4000.0,0.04698101058602333,periodic_200,1.0,1.0,100.0,5000.0,5000.0
lista_sb,dysts:LuChenCheng,11,complete,0.00012580417387653142,periodic_100,1.0,1.0,100.0,100.0,100.0,0.0015809540636837482,periodic_100,1.0,1.0,100.0,500.0,500.0,0.004285747185349464,periodic_100,1.0,1.0,100.0,1000.0,1000.0,0.007957538589835167,periodic_200,1.0,1.0,100.0,1500.0,1500.0,0.01418570801615715,periodic_200,1.0,1.0,100.0,2000.0,2000.0,0.035200055688619614,periodic_200,1.0,1.0,100.0,3000.0,3000.0,0.06143365427851677,periodic_200,1.0,1.0,100.0,4000.0,4000.0,0.09067987650632858,periodic_200,1.0,1.0,100.0,5000.0,5000.0
lista_sb,dysts:LuChenCheng,12,complete,0.0004533702158369124,periodic_50,1.0,1.0,100.0,100.0,100.0,0.007993197068572044,periodic_100,1.0,1.0,100.0,500.0,500.0,0.025225352495908737,periodic_150,1.0,1.0,100.0,1000.0,1000.0,0.05841510742902756,periodic_200,1.0,1.0,100.0,1500.0,1500.0,0.11962086707353592,periodic_150,1.0,1.0,100.0,2000.0,2000.0,0.26061928272247314,periodic_200,1.0,1.0,100.0,3000.0,3000.0,0.478275328874588,periodic_200,1.0,1.0,100.0,4000.0,4000.0,0.7174192667007446,periodic_200,1.0,1.0,100.0,5000.0,5000.0
lista_sb,dysts:LuChenCheng,13,complete,0.0001783595944289118,periodic_100,1.0,1.0,100.0,100.0,100.0,0.0026785777881741524,periodic_150,1.0,1.0,100.0,500.0,500.0,0.0064915865659713745,periodic_150,1.0,1.0,100.0,1000.0,1000.0,0.01236322894692421,periodic_200,1.0,1.0,100.0,1500.0,1500.0,0.023601017892360687,periodic_200,1.0,1.0,100.0,2000.0,2000.0,0.07842026650905609,periodic_200,1.0,1.0,100.0,3000.0,3000.0,0.16780994832515717,periodic_200,1.0,1.0,100.0,4000.0,4000.0,0.3161444365978241,periodic_200,1.0,1.0,100.0,5000.0,5000.0
lista_sb,dysts:LuChenCheng,14,complete,0.00026332985726185143,periodic_100,1.0,1.0,100.0,100.0,100.0,0.0038721803575754166,periodic_150,1.0,1.0,100.0,500.0,500.0,0.012564585544168949,periodic_150,1.0,1.0,100.0,1000.0,1000.0,0.02634611167013645,periodic_200,1.0,1.0,100.0,1500.0,1500.0,0.04813689365983009,periodic_200,1.0,1.0,100.0,2000.0,2000.0,0.1302107572555542,periodic_200,1.0,1.0,100.0,3000.0,3000.0,0.28300249576568604,periodic_200,1.0,1.0,100.0,4000.0,4000.0,0.4646276831626892,periodic_200,1.0,1.0,100.0,5000.0,5000.0
lista_sb,dysts:QiChen,0,complete,0.03105940669775009,periodic_25,1.0,1.0,100.0,100.0,100.0,0.5300650596618652,periodic_25,1.0,1.0,100.0,500.0,500.0,5.286680698394775,periodic_100,1.0,1.0,100.0,1000.0,1000.0,3197.669677734375,periodic_200,1.0,1.0,100.0,1500.0,1500.0,549681.8125,periodic_200,1.0,1.0,100.0,2000.0,2000.0,22357534720.0,periodic_200,1.0,1.0,100.0,3000.0,3000.0,1023463930200064.0,periodic_200,1.0,1.0,100.0,4000.0,4000.0,4.99752575923724e+19,periodic_200,1.0,1.0,100.0,5000.0,5000.0
lista_sb,dysts:QiChen,1,complete,0.00026189180789515376,periodic_100,1.0,1.0,100.0,100.0,100.0,0.0035397252067923546,periodic_50,1.0,1.0,100.0,500.0,500.0,0.011376413516700268,periodic_200,1.0,1.0,100.0,1000.0,1000.0,0.03901238739490509,periodic_25,1.0,1.0,100.0,1500.0,1500.0,0.1833818256855011,periodic_200,1.0,1.0,100.0,2000.0,2000.0,0.5943062901496887,periodic_200,1.0,1.0,100.0,3000.0,3000.0,1.1308631896972656,periodic_25,1.0,1.0,100.0,4000.0,4000.0,1.6093146800994873,periodic_25,1.0,1.0,100.0,5000.0,5000.0
lista_sb,dysts:QiChen,2,complete,0.0002367071865592152,periodic_50,1.0,1.0,100.0,100.0,100.0,0.0039288876578211784,periodic_50,1.0,1.0,100.0,500.0,500.0,0.018493272364139557,periodic_50,1.0,1.0,100.0,1000.0,1000.0,0.044167593121528625,periodic_100,1.0,1.0,100.0,1500.0,1500.0,0.08666416257619858,periodic_200,1.0,1.0,100.0,2000.0,2000.0,0.3214799761772156,periodic_200,1.0,1.0,100.0,3000.0,3000.0,0.48549267649650574,periodic_200,1.0,1.0,100.0,4000.0,4000.0,0.7631586194038391,periodic_200,1.0,1.0,100.0,5000.0,5000.0
lista_sb,dysts:QiChen,3,complete,0.00022882749908603728,periodic_50,1.0,1.0,100.0,100.0,100.0,0.0021179374307394028,periodic_100,1.0,1.0,100.0,500.0,500.0,0.009502406232059002,periodic_150,1.0,1.0,100.0,1000.0,1000.0,0.022728947922587395,periodic_100,1.0,1.0,100.0,1500.0,1500.0,0.06275994330644608,periodic_100,1.0,1.0,100.0,2000.0,2000.0,0.17747870087623596,periodic_100,1.0,1.0,100.0,3000.0,3000.0,0.4332073926925659,periodic_200,1.0,1.0,100.0,4000.0,4000.0,0.6581785082817078,periodic_200,1.0,1.0,100.0,5000.0,5000.0
lista_sb,dysts:QiChen,4,complete,0.0002946800959762186,periodic_100,1.0,1.0,100.0,100.0,100.0,0.004385196138173342,periodic_100,1.0,1.0,100.0,500.0,500.0,0.008293883875012398,periodic_100,1.0,1.0,100.0,1000.0,1000.0,0.02181936986744404,periodic_200,1.0,1.0,100.0,1500.0,1500.0,0.09642165899276733,periodic_200,1.0,1.0,100.0,2000.0,2000.0,0.36431407928466797,periodic_200,1.0,1.0,100.0,3000.0,3000.0,0.6007241606712341,periodic_200,1.0,1.0,100.0,4000.0,4000.0,0.8115336894989014,periodic_200,1.0,1.0,100.0,5000.0,5000.0
lista_sb,dysts:QiChen,5,complete,0.000649219669867307,periodic_50,1.0,1.0,100.0,100.0,100.0,0.0037938484456390142,periodic_25,1.0,1.0,100.0,500.0,500.0,0.008924257941544056,periodic_50,1.0,1.0,100.0,1000.0,1000.0,0.019871313124895096,periodic_50,1.0,1.0,100.0,1500.0,1500.0,0.059859681874513626,periodic_100,1.0,1.0,100.0,2000.0,2000.0,0.19517798721790314,periodic_50,1.0,1.0,100.0,3000.0,3000.0,0.42155811190605164,periodic_50,1.0,1.0,100.0,4000.0,4000.0,0.720714271068573,periodic_50,1.0,1.0,100.0,5000.0,5000.0
lista_sb,dysts:QiChen,6,complete,0.0005264901556074619,periodic_100,1.0,1.0,100.0,100.0,100.0,0.004920461215078831,periodic_150,1.0,1.0,100.0,500.0,500.0,0.022442389279603958,periodic_100,1.0,1.0,100.0,1000.0,1000.0,0.04117279499769211,periodic_100,1.0,1.0,100.0,1500.0,1500.0,0.07289936393499374,periodic_150,1.0,1.0,100.0,2000.0,2000.0,0.3584737777709961,periodic_200,1.0,1.0,100.0,3000.0,3000.0,0.6745222210884094,periodic_200,1.0,1.0,100.0,4000.0,4000.0,0.9934539198875427,periodic_150,1.0,1.0,100.0,5000.0,5000.0
lista_sb,dysts:QiChen,7,complete,0.0008428237051703036,periodic_100,1.0,1.0,100.0,100.0,100.0,0.009282644838094711,periodic_150,1.0,1.0,100.0,500.0,500.0,0.027760619297623634,periodic_150,1.0,1.0,100.0,1000.0,1000.0,0.07046989351511002,periodic_200,1.0,1.0,100.0,1500.0,1500.0,0.17030826210975647,periodic_200,1.0,1.0,100.0,2000.0,2000.0,0.6200795769691467,periodic_200,1.0,1.0,100.0,3000.0,3000.0,1.370717167854309,periodic_150,1.0,1.0,100.0,4000.0,4000.0,1.6742810010910034,periodic_100,1.0,1.0,100.0,5000.0,5000.0
lista_sb,dysts:QiChen,8,complete,0.00018522993195801973,periodic_25,1.0,1.0,100.0,100.0,100.0,0.002461087191477418,periodic_50,1.0,1.0,100.0,500.0,500.0,0.017501182854175568,periodic_100,1.0,1.0,100.0,1000.0,1000.0,0.047418661415576935,periodic_50,1.0,1.0,100.0,1500.0,1500.0,0.05699101835489273,periodic_50,1.0,1.0,100.0,2000.0,2000.0,0.09069613367319107,periodic_50,1.0,1.0,100.0,3000.0,3000.0,0.19322232902050018,periodic_50,1.0,1.0,100.0,4000.0,4000.0,0.5280056595802307,periodic_100,1.0,1.0,100.0,5000.0,5000.0
lista_sb,dysts:QiChen,9,complete,0.00017985384329222143,periodic_100,1.0,1.0,100.0,100.0,100.0,0.0030285187531262636,periodic_150,1.0,1.0,100.0,500.0,500.0,0.01187938079237938,periodic_150,1.0,1.0,100.0,1000.0,1000.0,0.03892805427312851,periodic_150,1.0,1.0,100.0,1500.0,1500.0,0.09714218974113464,periodic_200,1.0,1.0,100.0,2000.0,2000.0,0.3621128797531128,periodic_200,1.0,1.0,100.0,3000.0,3000.0,0.5607618689537048,periodic_200,1.0,1.0,100.0,4000.0,4000.0,0.7926326990127563,periodic_200,1.0,1.0,100.0,5000.0,5000.0
lista_sb,dysts:QiChen,10,complete,0.00022388191428035498,periodic_100,1.0,1.0,100.0,100.0,100.0,0.0031303074210882187,periodic_200,1.0,1.0,100.0,500.0,500.0,0.010963499546051025,periodic_200,1.0,1.0,100.0,1000.0,1000.0,0.03733232617378235,periodic_200,1.0,1.0,100.0,1500.0,1500.0,0.10893815010786057,periodic_200,1.0,1.0,100.0,2000.0,2000.0,0.18291574716567993,periodic_200,1.0,1.0,100.0,3000.0,3000.0,0.4312856197357178,periodic_150,1.0,1.0,100.0,4000.0,4000.0,0.6096251010894775,periodic_150,1.0,1.0,100.0,5000.0,5000.0
lista_sb,dysts:QiChen,11,complete,0.00020238032448105514,periodic_100,1.0,1.0,100.0,100.0,100.0,0.0028518682811409235,periodic_150,1.0,1.0,100.0,500.0,500.0,0.014976429753005505,periodic_100,1.0,1.0,100.0,1000.0,1000.0,0.042006004601716995,periodic_150,1.0,1.0,100.0,1500.0,1500.0,0.0787605494260788,periodic_200,1.0,1.0,100.0,2000.0,2000.0,0.22916631400585175,periodic_200,1.0,1.0,100.0,3000.0,3000.0,0.39136818051338196,periodic_150,1.0,1.0,100.0,4000.0,4000.0,0.6843555569648743,periodic_150,1.0,1.0,100.0,5000.0,5000.0
lista_sb,dysts:QiChen,12,complete,9.902703459374607e-05,periodic_50,1.0,1.0,100.0,100.0,100.0,0.0015932379756122828,periodic_100,1.0,1.0,100.0,500.0,500.0,0.0060058338567614555,periodic_100,1.0,1.0,100.0,1000.0,1000.0,0.012554106302559376,periodic_100,1.0,1.0,100.0,1500.0,1500.0,0.0333586223423481,periodic_100,1.0,1.0,100.0,2000.0,2000.0,0.1608986109495163,periodic_100,1.0,1.0,100.0,3000.0,3000.0,0.4447310268878937,periodic_100,1.0,1.0,100.0,4000.0,4000.0,0.6456404328346252,periodic_100,1.0,1.0,100.0,5000.0,5000.0
lista_sb,dysts:QiChen,13,complete,0.011052882298827171,periodic_25,1.0,1.0,100.0,100.0,100.0,0.2565661370754242,periodic_200,1.0,1.0,100.0,500.0,500.0,1.3262661695480347,periodic_200,1.0,1.0,100.0,1000.0,1000.0,7.310462474822998,periodic_10,1.0,1.0,100.0,1500.0,1500.0,9.137689590454102,periodic_10,1.0,1.0,100.0,2000.0,2000.0,12.322308540344238,periodic_10,1.0,1.0,100.0,3000.0,3000.0,14.367759704589844,periodic_10,1.0,1.0,100.0,4000.0,4000.0,15.962981224060059,periodic_10,1.0,1.0,100.0,5000.0,5000.0
lista_sb,dysts:QiChen,14,complete,0.0012419053819030523,periodic_50,1.0,1.0,100.0,100.0,100.0,0.02567148394882679,periodic_50,1.0,1.0,100.0,500.0,500.0,0.0699567124247551,periodic_100,1.0,1.0,100.0,1000.0,1000.0,0.10435828566551208,periodic_150,1.0,1.0,100.0,1500.0,1500.0,0.2155732959508896,periodic_150,1.0,1.0,100.0,2000.0,2000.0,0.7098082900047302,periodic_25,1.0,1.0,100.0,3000.0,3000.0,1.2319964170455933,periodic_25,1.0,1.0,100.0,4000.0,4000.0,1.7572208642959595,periodic_25,1.0,1.0,100.0,5000.0,5000.0
lista_sb,dysts:Sakarya,0,complete,0.0008763691876083612,periodic_10,1.0,1.0,100.0,100.0,100.0,0.01069590076804161,periodic_25,1.0,1.0,100.0,500.0,500.0,0.04910537600517273,periodic_25,1.0,1.0,100.0,1000.0,1000.0,0.10429618507623672,periodic_25,1.0,1.0,100.0,1500.0,1500.0,0.1678703874349594,periodic_50,1.0,1.0,100.0,2000.0,2000.0,0.3818811774253845,periodic_50,1.0,1.0,100.0,3000.0,3000.0,0.6980220675468445,periodic_50,1.0,1.0,100.0,4000.0,4000.0,1.2585206031799316,periodic_100,1.0,1.0,100.0,5000.0,5000.0
lista_sb,dysts:Sakarya,1,complete,0.001204060623422265,periodic_10,1.0,1.0,100.0,100.0,100.0,0.009985522367060184,periodic_50,1.0,1.0,100.0,500.0,500.0,0.026856498792767525,periodic_50,1.0,1.0,100.0,1000.0,1000.0,0.08105812966823578,periodic_25,1.0,1.0,100.0,1500.0,1500.0,0.267805278301239,periodic_100,1.0,1.0,100.0,2000.0,2000.0,0.5112732648849487,periodic_100,1.0,1.0,100.0,3000.0,3000.0,0.8258864879608154,periodic_100,1.0,1.0,100.0,4000.0,4000.0,1.1447832584381104,periodic_50,1.0,1.0,100.0,5000.0,5000.0
lista_sb,dysts:Sakarya,2,complete,0.009532281197607517,periodic_25,1.0,1.0,100.0,100.0,100.0,0.2636539340019226,periodic_150,1.0,1.0,100.0,500.0,500.0,1.5043635368347168,periodic_10,1.0,1.0,100.0,1000.0,1000.0,3.461068630218506,periodic_10,1.0,1.0,100.0,1500.0,1500.0,31.721166610717773,periodic_10,1.0,1.0,100.0,2000.0,2000.0,1488.4697265625,periodic_100,1.0,1.0,100.0,3000.0,3000.0,83198.96875,periodic_200,1.0,1.0,100.0,4000.0,4000.0,1976797.625,periodic_200,1.0,1.0,100.0,5000.0,5000.0
lista_sb,dysts:Sakarya,3,complete,0.00037198487552814186,periodic_25,1.0,1.0,100.0,100.0,100.0,0.007650984451174736,periodic_25,1.0,1.0,100.0,500.0,500.0,0.02243523858487606,periodic_50,1.0,1.0,100.0,1000.0,1000.0,0.049117155373096466,periodic_100,1.0,1.0,100.0,1500.0,1500.0,0.16248513758182526,periodic_50,1.0,1.0,100.0,2000.0,2000.0,0.5425441265106201,periodic_50,1.0,1.0,100.0,3000.0,3000.0,1.2249118089675903,periodic_25,1.0,1.0,100.0,4000.0,4000.0,2.0692408084869385,periodic_25,1.0,1.0,100.0,5000.0,5000.0
lista_sb,dysts:Sakarya,4,complete,0.0022194420453161,periodic_10,1.0,1.0,100.0,100.0,100.0,0.03237927332520485,periodic_25,1.0,1.0,100.0,500.0,500.0,0.11503253877162933,periodic_25,1.0,1.0,100.0,1000.0,1000.0,0.3326447308063507,periodic_25,1.0,1.0,100.0,1500.0,1500.0,0.46517831087112427,periodic_50,1.0,1.0,100.0,2000.0,2000.0,0.6783654093742371,periodic_50,1.0,1.0,100.0,3000.0,3000.0,0.8378469347953796,periodic_50,1.0,1.0,100.0,4000.0,4000.0,0.9683172702789307,periodic_50,1.0,1.0,100.0,5000.0,5000.0
lista_sb,dysts:Sakarya,5,complete,0.000994355184957385,periodic_50,1.0,1.0,100.0,100.0,100.0,0.015035251155495644,periodic_100,1.0,1.0,100.0,500.0,500.0,0.0769382193684578,periodic_100,1.0,1.0,100.0,1000.0,1000.0,0.16869495809078217,periodic_100,1.0,1.0,100.0,1500.0,1500.0,0.3396272361278534,periodic_200,1.0,1.0,100.0,2000.0,2000.0,0.7275440692901611,periodic_200,1.0,1.0,100.0,3000.0,3000.0,1.3532612323760986,periodic_200,1.0,1.0,100.0,4000.0,4000.0,1.9750195741653442,periodic_200,1.0,1.0,100.0,5000.0,5000.0
lista_sb,dysts:Sakarya,6,complete,0.000995222362689674,periodic_10,1.0,1.0,100.0,100.0,100.0,0.01963747851550579,periodic_10,1.0,1.0,100.0,500.0,500.0,0.044800031930208206,periodic_25,1.0,1.0,100.0,1000.0,1000.0,0.0895218476653099,periodic_25,1.0,1.0,100.0,1500.0,1500.0,0.2624777853488922,periodic_25,1.0,1.0,100.0,2000.0,2000.0,0.6558724045753479,periodic_25,1.0,1.0,100.0,3000.0,3000.0,1.115119218826294,periodic_25,1.0,1.0,100.0,4000.0,4000.0,1.641929268836975,periodic_25,1.0,1.0,100.0,5000.0,5000.0
lista_sb,dysts:Sakarya,7,complete,0.0013274860102683306,periodic_50,1.0,1.0,100.0,100.0,100.0,0.029787283390760422,periodic_25,1.0,1.0,100.0,500.0,500.0,0.19548845291137695,periodic_50,1.0,1.0,100.0,1000.0,1000.0,0.46180304884910583,periodic_150,1.0,1.0,100.0,1500.0,1500.0,0.7326751947402954,periodic_150,1.0,1.0,100.0,2000.0,2000.0,1.2947672605514526,periodic_200,1.0,1.0,100.0,3000.0,3000.0,2.0243265628814697,periodic_150,1.0,1.0,100.0,4000.0,4000.0,2.746079444885254,periodic_150,1.0,1.0,100.0,5000.0,5000.0
lista_sb,dysts:Sakarya,8,complete,0.00022611288295593113,periodic_50,1.0,1.0,100.0,100.0,100.0,0.0023866777773946524,periodic_100,1.0,1.0,100.0,500.0,500.0,0.00879037193953991,periodic_150,1.0,1.0,100.0,1000.0,1000.0,0.034736793488264084,periodic_100,1.0,1.0,100.0,1500.0,1500.0,0.22245346009731293,periodic_150,1.0,1.0,100.0,2000.0,2000.0,0.5795843005180359,periodic_150,1.0,1.0,100.0,3000.0,3000.0,0.8861649036407471,periodic_200,1.0,1.0,100.0,4000.0,4000.0,1.3360317945480347,periodic_200,1.0,1.0,100.0,5000.0,5000.0
lista_sb,dysts:Sakarya,9,complete,0.0019474922446534038,periodic_10,1.0,1.0,100.0,100.0,100.0,0.07254818081855774,periodic_25,1.0,1.0,100.0,500.0,500.0,0.2421286404132843,periodic_50,1.0,1.0,100.0,1000.0,1000.0,0.47162356972694397,periodic_50,1.0,1.0,100.0,1500.0,1500.0,0.703582763671875,periodic_50,1.0,1.0,100.0,2000.0,2000.0,1.0145916938781738,periodic_50,1.0,1.0,100.0,3000.0,3000.0,1.3355406522750854,periodic_50,1.0,1.0,100.0,4000.0,4000.0,1.5930263996124268,periodic_50,1.0,1.0,100.0,5000.0,5000.0
lista_sb,dysts:Sakarya,10,complete,0.0005304492078721523,periodic_50,1.0,1.0,100.0,100.0,100.0,0.007655907887965441,periodic_50,1.0,1.0,100.0,500.0,500.0,0.02259973995387554,periodic_100,1.0,1.0,100.0,1000.0,1000.0,0.05883501470088959,periodic_100,1.0,1.0,100.0,1500.0,1500.0,0.15688270330429077,periodic_100,1.0,1.0,100.0,2000.0,2000.0,0.7755499482154846,periodic_200,1.0,1.0,100.0,3000.0,3000.0,1.2975420951843262,periodic_200,1.0,1.0,100.0,4000.0,4000.0,2.1073927879333496,periodic_200,1.0,1.0,100.0,5000.0,5000.0
lista_sb,dysts:Sakarya,11,complete,0.0005972179933451116,periodic_25,1.0,1.0,100.0,100.0,100.0,0.008176147937774658,periodic_50,1.0,1.0,100.0,500.0,500.0,0.029790733009576797,periodic_50,1.0,1.0,100.0,1000.0,1000.0,0.055390823632478714,periodic_100,1.0,1.0,100.0,1500.0,1500.0,0.15011189877986908,periodic_100,1.0,1.0,100.0,2000.0,2000.0,0.4340982735157013,periodic_150,1.0,1.0,100.0,3000.0,3000.0,0.707265317440033,periodic_150,1.0,1.0,100.0,4000.0,4000.0,1.1055482625961304,periodic_100,1.0,1.0,100.0,5000.0,5000.0
lista_sb,dysts:Sakarya,12,complete,0.00042066548485308886,periodic_10,1.0,1.0,100.0,100.0,100.0,0.0043410370126366615,periodic_25,1.0,1.0,100.0,500.0,500.0,0.01605813205242157,periodic_50,1.0,1.0,100.0,1000.0,1000.0,0.03533104807138443,periodic_50,1.0,1.0,100.0,1500.0,1500.0,0.21465051174163818,periodic_100,1.0,1.0,100.0,2000.0,2000.0,0.4543675184249878,periodic_100,1.0,1.0,100.0,3000.0,3000.0,0.6462110877037048,periodic_100,1.0,1.0,100.0,4000.0,4000.0,1.14243483543396,periodic_100,1.0,1.0,100.0,5000.0,5000.0
lista_sb,dysts:Sakarya,13,complete,0.00605220440775156,periodic_10,1.0,1.0,100.0,100.0,100.0,0.10684306174516678,periodic_10,1.0,1.0,100.0,500.0,500.0,0.4248366951942444,periodic_10,1.0,1.0,100.0,1000.0,1000.0,0.8407495021820068,periodic_200,1.0,1.0,100.0,1500.0,1500.0,1.038184404373169,periodic_200,1.0,1.0,100.0,2000.0,2000.0,1.519263505935669,periodic_200,1.0,1.0,100.0,3000.0,3000.0,1.9040322303771973,periodic_50,1.0,1.0,100.0,4000.0,4000.0,2.255803346633911,periodic_50,1.0,1.0,100.0,5000.0,5000.0
lista_sb,dysts:Sakarya,14,complete,0.007809074129909277,periodic_10,1.0,1.0,100.0,100.0,100.0,0.053913842886686325,periodic_25,1.0,1.0,100.0,500.0,500.0,0.2540828287601471,periodic_25,1.0,1.0,100.0,1000.0,1000.0,0.4957714378833771,periodic_25,1.0,1.0,100.0,1500.0,1500.0,0.9027753472328186,periodic_25,1.0,1.0,100.0,2000.0,2000.0,1.727853536605835,periodic_25,1.0,1.0,100.0,3000.0,3000.0,2.226156234741211,periodic_25,1.0,1.0,100.0,4000.0,4000.0,2.764439105987549,periodic_25,1.0,1.0,100.0,5000.0,5000.0
lista_sb,dysts:SanUmSrisuchinwong,0,complete,0.00034389845677651465,periodic_100,1.0,1.0,100.0,100.0,100.0,0.00436687096953392,periodic_200,1.0,1.0,100.0,500.0,500.0,0.011437753215432167,periodic_200,1.0,1.0,100.0,1000.0,1000.0,0.021146260201931,periodic_200,1.0,1.0,100.0,1500.0,1500.0,0.0348479300737381,periodic_200,1.0,1.0,100.0,2000.0,2000.0,0.15801973640918732,periodic_200,1.0,1.0,100.0,3000.0,3000.0,0.630424976348877,periodic_200,1.0,1.0,100.0,4000.0,4000.0,1.1055846214294434,periodic_200,1.0,1.0,100.0,5000.0,5000.0
lista_sb,dysts:SanUmSrisuchinwong,1,complete,0.0003168172261212021,periodic_50,1.0,1.0,100.0,100.0,100.0,0.003266293788328767,periodic_150,1.0,1.0,100.0,500.0,500.0,0.014239550568163395,periodic_200,1.0,1.0,100.0,1000.0,1000.0,0.05591895058751106,periodic_25,1.0,1.0,100.0,1500.0,1500.0,0.1375667005777359,periodic_25,1.0,1.0,100.0,2000.0,2000.0,0.5330482721328735,periodic_200,1.0,1.0,100.0,3000.0,3000.0,0.9951817393302917,periodic_200,1.0,1.0,100.0,4000.0,4000.0,1.326865792274475,periodic_200,1.0,1.0,100.0,5000.0,5000.0
lista_sb,dysts:SanUmSrisuchinwong,2,complete,0.0007740046130493283,periodic_100,1.0,1.0,100.0,100.0,100.0,0.008656362071633339,periodic_200,1.0,1.0,100.0,500.0,500.0,0.0206320658326149,periodic_150,1.0,1.0,100.0,1000.0,1000.0,0.04181857034564018,periodic_150,1.0,1.0,100.0,1500.0,1500.0,0.06070166081190109,periodic_150,1.0,1.0,100.0,2000.0,2000.0,0.1365012675523758,periodic_200,1.0,1.0,100.0,3000.0,3000.0,0.3276330232620239,periodic_200,1.0,1.0,100.0,4000.0,4000.0,0.605037271976471,periodic_50,1.0,1.0,100.0,5000.0,5000.0
lista_sb,dysts:SanUmSrisuchinwong,3,complete,0.00022288068430498242,periodic_100,1.0,1.0,100.0,100.0,100.0,0.0031084713991731405,periodic_150,1.0,1.0,100.0,500.0,500.0,0.01004187110811472,periodic_150,1.0,1.0,100.0,1000.0,1000.0,0.03565050661563873,periodic_200,1.0,1.0,100.0,1500.0,1500.0,0.13455793261528015,periodic_200,1.0,1.0,100.0,2000.0,2000.0,0.5312826037406921,periodic_200,1.0,1.0,100.0,3000.0,3000.0,0.8706272840499878,periodic_200,1.0,1.0,100.0,4000.0,4000.0,1.0168862342834473,periodic_200,1.0,1.0,100.0,5000.0,5000.0
lista_sb,dysts:SanUmSrisuchinwong,4,complete,0.00032770566758699715,periodic_50,1.0,1.0,100.0,100.0,100.0,0.003841607365757227,periodic_150,1.0,1.0,100.0,500.0,500.0,0.01023420225828886,periodic_150,1.0,1.0,100.0,1000.0,1000.0,0.020217804238200188,periodic_200,1.0,1.0,100.0,1500.0,1500.0,0.03918293118476868,periodic_200,1.0,1.0,100.0,2000.0,2000.0,0.1872161626815796,periodic_200,1.0,1.0,100.0,3000.0,3000.0,0.6063740253448486,periodic_200,1.0,1.0,100.0,4000.0,4000.0,0.9672893285751343,periodic_200,1.0,1.0,100.0,5000.0,5000.0
lista_sb,dysts:SanUmSrisuchinwong,5,complete,0.05558378994464874,periodic_10,1.0,1.0,100.0,100.0,100.0,2.608196496963501,periodic_200,1.0,1.0,100.0,500.0,500.0,127.4479751586914,periodic_200,1.0,1.0,100.0,1000.0,1000.0,13054.8984375,periodic_200,1.0,1.0,100.0,1500.0,1500.0,1347884.75,periodic_200,1.0,1.0,100.0,2000.0,2000.0,18880518144.0,periodic_200,1.0,1.0,100.0,3000.0,3000.0,297286093504512.0,periodic_200,1.0,1.0,100.0,4000.0,4000.0,4.992997200695919e+18,periodic_200,1.0,1.0,100.0,5000.0,5000.0
lista_sb,dysts:SanUmSrisuchinwong,6,complete,0.003177505685016513,periodic_50,1.0,1.0,100.0,100.0,100.0,0.035478707402944565,periodic_200,1.0,1.0,100.0,500.0,500.0,0.08202412724494934,periodic_200,1.0,1.0,100.0,1000.0,1000.0,0.18983015418052673,periodic_200,1.0,1.0,100.0,1500.0,1500.0,0.43757712841033936,periodic_200,1.0,1.0,100.0,2000.0,2000.0,1.742540717124939,periodic_200,1.0,1.0,100.0,3000.0,3000.0,3.125450849533081,periodic_150,1.0,1.0,100.0,4000.0,4000.0,4.079995155334473,periodic_150,1.0,1.0,100.0,5000.0,5000.0
lista_sb,dysts:SanUmSrisuchinwong,7,complete,0.00023076891375239938,periodic_100,1.0,1.0,100.0,100.0,100.0,0.003136776387691498,periodic_150,1.0,1.0,100.0,500.0,500.0,0.010350925847887993,periodic_150,1.0,1.0,100.0,1000.0,1000.0,0.02651541493833065,periodic_200,1.0,1.0,100.0,1500.0,1500.0,0.05584224686026573,periodic_200,1.0,1.0,100.0,2000.0,2000.0,0.21788349747657776,periodic_200,1.0,1.0,100.0,3000.0,3000.0,0.5026518106460571,periodic_200,1.0,1.0,100.0,4000.0,4000.0,0.829535961151123,periodic_100,1.0,1.0,100.0,5000.0,5000.0
lista_sb,dysts:SanUmSrisuchinwong,8,complete,0.014050643891096115,periodic_25,1.0,1.0,100.0,100.0,100.0,0.44911912083625793,periodic_25,1.0,1.0,100.0,500.0,500.0,10.717048645019531,periodic_200,1.0,1.0,100.0,1000.0,1000.0,336.8969421386719,periodic_200,1.0,1.0,100.0,1500.0,1500.0,16756.6484375,periodic_200,1.0,1.0,100.0,2000.0,2000.0,57968580.0,periodic_200,1.0,1.0,100.0,3000.0,3000.0,233532833792.0,periodic_200,1.0,1.0,100.0,4000.0,4000.0,1023434200973312.0,periodic_200,1.0,1.0,100.0,5000.0,5000.0
lista_sb,dysts:SanUmSrisuchinwong,9,complete,0.014488594606518745,periodic_25,1.0,1.0,100.0,100.0,100.0,0.30263176560401917,periodic_200,1.0,1.0,100.0,500.0,500.0,1.523917555809021,periodic_10,1.0,1.0,100.0,1000.0,1000.0,3.2387170791625977,periodic_10,1.0,1.0,100.0,1500.0,1500.0,4.839349269866943,periodic_10,1.0,1.0,100.0,2000.0,2000.0,9.12549114227295,periodic_10,1.0,1.0,100.0,3000.0,3000.0,13.1566801071167,periodic_10,1.0,1.0,100.0,4000.0,4000.0,16.433408737182617,periodic_10,1.0,1.0,100.0,5000.0,5000.0
lista_sb,dysts:SanUmSrisuchinwong,10,complete,0.00016230990877375007,periodic_100,1.0,1.0,100.0,100.0,100.0,0.0018143292982131243,periodic_100,1.0,1.0,100.0,500.0,500.0,0.005051055923104286,periodic_150,1.0,1.0,100.0,1000.0,1000.0,0.012639783322811127,periodic_200,1.0,1.0,100.0,1500.0,1500.0,0.033501673489809036,periodic_200,1.0,1.0,100.0,2000.0,2000.0,0.06928159296512604,periodic_200,1.0,1.0,100.0,3000.0,3000.0,0.20970748364925385,periodic_200,1.0,1.0,100.0,4000.0,4000.0,0.46345287561416626,periodic_200,1.0,1.0,100.0,5000.0,5000.0
lista_sb,dysts:SanUmSrisuchinwong,11,complete,0.0003670875739771873,periodic_100,1.0,1.0,100.0,100.0,100.0,0.003999567124992609,periodic_200,1.0,1.0,100.0,500.0,500.0,0.010582954622805119,periodic_200,1.0,1.0,100.0,1000.0,1000.0,0.0205680038779974,periodic_200,1.0,1.0,100.0,1500.0,1500.0,0.04127681627869606,periodic_200,1.0,1.0,100.0,2000.0,2000.0,0.25635263323783875,periodic_200,1.0,1.0,100.0,3000.0,3000.0,0.5479832887649536,periodic_200,1.0,1.0,100.0,4000.0,4000.0,0.7888034582138062,periodic_200,1.0,1.0,100.0,5000.0,5000.0
lista_sb,dysts:SanUmSrisuchinwong,12,complete,0.001156785641796887,periodic_50,1.0,1.0,100.0,100.0,100.0,0.014192393980920315,periodic_150,1.0,1.0,100.0,500.0,500.0,0.0374758280813694,periodic_200,1.0,1.0,100.0,1000.0,1000.0,0.07363305240869522,periodic_200,1.0,1.0,100.0,1500.0,1500.0,0.13490863144397736,periodic_200,1.0,1.0,100.0,2000.0,2000.0,0.30001652240753174,periodic_200,1.0,1.0,100.0,3000.0,3000.0,0.5719922780990601,periodic_150,1.0,1.0,100.0,4000.0,4000.0,0.9933610558509827,periodic_150,1.0,1.0,100.0,5000.0,5000.0
lista_sb,dysts:SanUmSrisuchinwong,13,complete,0.0004478699993342161,periodic_100,1.0,1.0,100.0,100.0,100.0,0.005318279843777418,periodic_150,1.0,1.0,100.0,500.0,500.0,0.01300053857266903,periodic_200,1.0,1.0,100.0,1000.0,1000.0,0.021599847823381424,periodic_200,1.0,1.0,100.0,1500.0,1500.0,0.03615330532193184,periodic_200,1.0,1.0,100.0,2000.0,2000.0,0.1657501459121704,periodic_100,1.0,1.0,100.0,3000.0,3000.0,0.48223358392715454,periodic_200,1.0,1.0,100.0,4000.0,4000.0,0.8410468101501465,periodic_150,1.0,1.0,100.0,5000.0,5000.0
lista_sb,dysts:SanUmSrisuchinwong,14,complete,0.00048228591913357377,periodic_100,1.0,1.0,100.0,100.0,100.0,0.004779768642038107,periodic_150,1.0,1.0,100.0,500.0,500.0,0.016025971621274948,periodic_200,1.0,1.0,100.0,1000.0,1000.0,0.04084520787000656,periodic_200,1.0,1.0,100.0,1500.0,1500.0,0.11407604813575745,periodic_200,1.0,1.0,100.0,2000.0,2000.0,0.3959124684333801,periodic_200,1.0,1.0,100.0,3000.0,3000.0,0.7115649580955505,periodic_200,1.0,1.0,100.0,4000.0,4000.0,1.1029614210128784,periodic_200,1.0,1.0,100.0,5000.0,5000.0
lista_sb,dysts:ShimizuMorioka,0,complete,0.0006470545195043087,periodic_50,1.0,1.0,100.0,100.0,100.0,0.009848570451140404,periodic_150,1.0,1.0,100.0,500.0,500.0,0.04309197887778282,periodic_200,1.0,1.0,100.0,1000.0,1000.0,0.10150124877691269,periodic_200,1.0,1.0,100.0,1500.0,1500.0,0.19754339754581451,periodic_200,1.0,1.0,100.0,2000.0,2000.0,0.6001987457275391,periodic_200,1.0,1.0,100.0,3000.0,3000.0,1.0818641185760498,periodic_200,1.0,1.0,100.0,4000.0,4000.0,1.559057593345642,periodic_200,1.0,1.0,100.0,5000.0,5000.0
lista_sb,dysts:ShimizuMorioka,1,complete,0.025555217638611794,periodic_25,1.0,1.0,100.0,100.0,100.0,1.7536159753799438,periodic_200,1.0,1.0,100.0,500.0,500.0,127.26435852050781,periodic_200,1.0,1.0,100.0,1000.0,1000.0,12084.4091796875,periodic_200,1.0,1.0,100.0,1500.0,1500.0,1116018.875,periodic_200,1.0,1.0,100.0,2000.0,2000.0,11843187712.0,periodic_200,1.0,1.0,100.0,3000.0,3000.0,5.0502028465271,periodic_10,1.0,1.0,100.0,4000.0,4000.0,5.245141983032227,periodic_10,0.0,0.9711980223655701,0.0,4856.0,4855.0
lista_sb,dysts:ShimizuMorioka,2,complete,0.0008936396334320307,periodic_50,1.0,1.0,100.0,100.0,100.0,0.01750176213681698,periodic_200,1.0,1.0,100.0,500.0,500.0,0.16760417819023132,periodic_200,1.0,1.0,100.0,1000.0,1000.0,2.984952926635742,periodic_200,1.0,1.0,100.0,1500.0,1500.0,13.90222454071045,periodic_10,1.0,1.0,100.0,2000.0,2000.0,17.482851028442383,periodic_10,1.0,1.0,100.0,3000.0,3000.0,19.250539779663086,periodic_10,1.0,1.0,100.0,4000.0,4000.0,21.271099090576172,periodic_10,1.0,1.0,100.0,5000.0,5000.0
lista_sb,dysts:ShimizuMorioka,3,complete,9.467361815040931e-05,periodic_100,1.0,1.0,100.0,100.0,100.0,0.0012767367297783494,periodic_150,1.0,1.0,100.0,500.0,500.0,0.004928258713334799,periodic_150,1.0,1.0,100.0,1000.0,1000.0,0.010812320746481419,periodic_150,1.0,1.0,100.0,1500.0,1500.0,0.018328608945012093,periodic_200,1.0,1.0,100.0,2000.0,2000.0,0.04567153379321098,periodic_150,1.0,1.0,100.0,3000.0,3000.0,0.1491047888994217,periodic_150,1.0,1.0,100.0,4000.0,4000.0,0.32664716243743896,periodic_150,1.0,1.0,100.0,5000.0,5000.0
lista_sb,dysts:ShimizuMorioka,4,complete,0.0015164086362347007,periodic_100,1.0,1.0,100.0,100.0,100.0,0.01927652396261692,periodic_200,1.0,1.0,100.0,500.0,500.0,0.07436276227235794,periodic_200,1.0,1.0,100.0,1000.0,1000.0,0.19771139323711395,periodic_200,1.0,1.0,100.0,1500.0,1500.0,0.4414120018482208,periodic_150,1.0,1.0,100.0,2000.0,2000.0,1.3355461359024048,periodic_150,1.0,1.0,100.0,3000.0,3000.0,1.9529615640640259,periodic_150,1.0,1.0,100.0,4000.0,4000.0,2.313311815261841,periodic_150,1.0,1.0,100.0,5000.0,5000.0
lista_sb,dysts:ShimizuMorioka,5,complete,5.892904300708324e-05,periodic_100,1.0,1.0,100.0,100.0,100.0,0.000784864358138293,periodic_150,1.0,1.0,100.0,500.0,500.0,0.0033779023215174675,periodic_200,1.0,1.0,100.0,1000.0,1000.0,0.0067893401719629765,periodic_200,1.0,1.0,100.0,1500.0,1500.0,0.010863061062991619,periodic_200,1.0,1.0,100.0,2000.0,2000.0,0.027889354154467583,periodic_200,1.0,1.0,100.0,3000.0,3000.0,0.10727576166391373,periodic_200,1.0,1.0,100.0,4000.0,4000.0,0.2134445160627365,periodic_200,1.0,1.0,100.0,5000.0,5000.0
lista_sb,dysts:ShimizuMorioka,6,complete,0.0014222258469089866,periodic_50,1.0,1.0,100.0,100.0,100.0,0.0160523671656847,periodic_200,1.0,1.0,100.0,500.0,500.0,0.06244329363107681,periodic_150,1.0,1.0,100.0,1000.0,1000.0,0.18861164152622223,periodic_200,1.0,1.0,100.0,1500.0,1500.0,0.4187321960926056,periodic_200,1.0,1.0,100.0,2000.0,2000.0,1.2462780475616455,periodic_200,1.0,1.0,100.0,3000.0,3000.0,2.1470398902893066,periodic_200,1.0,1.0,100.0,4000.0,4000.0,2.6140499114990234,periodic_200,1.0,1.0,100.0,5000.0,5000.0
lista_sb,dysts:ShimizuMorioka,7,complete,7.969780563144013e-05,periodic_100,1.0,1.0,100.0,100.0,100.0,0.0009770974284037948,periodic_100,1.0,1.0,100.0,500.0,500.0,0.002967247273772955,periodic_200,1.0,1.0,100.0,1000.0,1000.0,0.006787569727748632,periodic_200,1.0,1.0,100.0,1500.0,1500.0,0.014605514705181122,periodic_200,1.0,1.0,100.0,2000.0,2000.0,0.06880323588848114,periodic_200,1.0,1.0,100.0,3000.0,3000.0,0.22135686874389648,periodic_150,1.0,1.0,100.0,4000.0,4000.0,0.3533174991607666,periodic_100,1.0,1.0,100.0,5000.0,5000.0
lista_sb,dysts:ShimizuMorioka,8,complete,0.0001343226176686585,periodic_100,1.0,1.0,100.0,100.0,100.0,0.0016852079425007105,periodic_200,1.0,1.0,100.0,500.0,500.0,0.00762261264026165,periodic_200,1.0,1.0,100.0,1000.0,1000.0,0.015171169303357601,periodic_200,1.0,1.0,100.0,1500.0,1500.0,0.025887498632073402,periodic_200,1.0,1.0,100.0,2000.0,2000.0,0.09539935737848282,periodic_200,1.0,1.0,100.0,3000.0,3000.0,0.30203118920326233,periodic_200,1.0,1.0,100.0,4000.0,4000.0,0.5493562817573547,periodic_150,1.0,1.0,100.0,5000.0,5000.0
lista_sb,dysts:ShimizuMorioka,9,complete,0.00015280456864275038,periodic_100,1.0,1.0,100.0,100.0,100.0,0.0025479558389633894,periodic_150,1.0,1.0,100.0,500.0,500.0,0.007435812149196863,periodic_150,1.0,1.0,100.0,1000.0,1000.0,0.01668306067585945,periodic_150,1.0,1.0,100.0,1500.0,1500.0,0.027059517800807953,periodic_150,1.0,1.0,100.0,2000.0,2000.0,0.08902274817228317,periodic_150,1.0,1.0,100.0,3000.0,3000.0,0.17774465680122375,periodic_150,1.0,1.0,100.0,4000.0,4000.0,0.2536171078681946,periodic_150,1.0,1.0,100.0,5000.0,5000.0
lista_sb,dysts:ShimizuMorioka,10,complete,7.74618674768135e-05,periodic_100,1.0,1.0,100.0,100.0,100.0,0.0011898158118128777,periodic_100,1.0,1.0,100.0,500.0,500.0,0.0040628258138895035,periodic_150,1.0,1.0,100.0,1000.0,1000.0,0.01107885129749775,periodic_150,1.0,1.0,100.0,1500.0,1500.0,0.018501993268728256,periodic_200,1.0,1.0,100.0,2000.0,2000.0,0.04654068127274513,periodic_150,1.0,1.0,100.0,3000.0,3000.0,0.16231471300125122,periodic_150,1.0,1.0,100.0,4000.0,4000.0,0.33858585357666016,periodic_150,1.0,1.0,100.0,5000.0,5000.0
lista_sb,dysts:ShimizuMorioka,11,complete,0.0004399273602757603,periodic_50,1.0,1.0,100.0,100.0,100.0,0.005244440399110317,periodic_200,1.0,1.0,100.0,500.0,500.0,0.018794504925608635,periodic_200,1.0,1.0,100.0,1000.0,1000.0,0.05314243212342262,periodic_200,1.0,1.0,100.0,1500.0,1500.0,0.12148237228393555,periodic_200,1.0,1.0,100.0,2000.0,2000.0,0.3484933376312256,periodic_200,1.0,1.0,100.0,3000.0,3000.0,0.6033617258071899,periodic_200,1.0,1.0,100.0,4000.0,4000.0,0.9804728031158447,periodic_200,1.0,1.0,100.0,5000.0,5000.0
lista_sb,dysts:ShimizuMorioka,12,complete,0.0027559855952858925,periodic_25,1.0,1.0,100.0,100.0,100.0,0.053157586604356766,periodic_200,1.0,1.0,100.0,500.0,500.0,0.5282542705535889,periodic_10,1.0,1.0,100.0,1000.0,1000.0,1.2102488279342651,periodic_10,1.0,1.0,100.0,1500.0,1500.0,2.2122530937194824,periodic_10,1.0,1.0,100.0,2000.0,2000.0,4.3296308517456055,periodic_10,1.0,1.0,100.0,3000.0,3000.0,5.944439888000488,periodic_10,1.0,1.0,100.0,4000.0,4000.0,7.454029560089111,periodic_10,1.0,1.0,100.0,5000.0,5000.0
lista_sb,dysts:ShimizuMorioka,13,complete,0.0001249230554094538,periodic_100,1.0,1.0,100.0,100.0,100.0,0.0017324676737189293,periodic_200,1.0,1.0,100.0,500.0,500.0,0.00560184009373188,periodic_200,1.0,1.0,100.0,1000.0,1000.0,0.010869172401726246,periodic_200,1.0,1.0,100.0,1500.0,1500.0,0.017513375729322433,periodic_200,1.0,1.0,100.0,2000.0,2000.0,0.05336891487240791,periodic_200,1.0,1.0,100.0,3000.0,3000.0,0.1627366691827774,periodic_200,1.0,1.0,100.0,4000.0,4000.0,0.39361777901649475,periodic_200,1.0,1.0,100.0,5000.0,5000.0
lista_sb,dysts:ShimizuMorioka,14,complete,0.00012514606351032853,periodic_100,1.0,1.0,100.0,100.0,100.0,0.0017477935180068016,periodic_150,1.0,1.0,100.0,500.0,500.0,0.007502594497054815,periodic_200,1.0,1.0,100.0,1000.0,1000.0,0.015592685900628567,periodic_200,1.0,1.0,100.0,1500.0,1500.0,0.026515958830714226,periodic_200,1.0,1.0,100.0,2000.0,2000.0,0.08133096992969513,periodic_200,1.0,1.0,100.0,3000.0,3000.0,0.20745740830898285,periodic_200,1.0,1.0,100.0,4000.0,4000.0,0.44318336248397827,periodic_200,1.0,1.0,100.0,5000.0,5000.0
lista_sb,dysts:WangSun,0,complete,0.0013563015963882208,periodic_25,1.0,1.0,100.0,100.0,100.0,0.021414443850517273,periodic_25,1.0,1.0,100.0,500.0,500.0,0.09992831945419312,periodic_50,1.0,1.0,100.0,1000.0,1000.0,0.3861216604709625,periodic_25,1.0,1.0,100.0,1500.0,1500.0,0.5342164635658264,periodic_50,1.0,1.0,100.0,2000.0,2000.0,1.088132381439209,periodic_100,1.0,1.0,100.0,3000.0,3000.0,1.9767192602157593,periodic_100,1.0,1.0,100.0,4000.0,4000.0,2.704949378967285,periodic_100,1.0,1.0,100.0,5000.0,5000.0
lista_sb,dysts:WangSun,1,complete,0.0011146346805617213,periodic_25,1.0,1.0,100.0,100.0,100.0,0.013404265977442265,periodic_25,1.0,1.0,100.0,500.0,500.0,0.05438142642378807,periodic_50,1.0,1.0,100.0,1000.0,1000.0,0.153334379196167,periodic_50,1.0,1.0,100.0,1500.0,1500.0,0.2367679923772812,periodic_100,1.0,1.0,100.0,2000.0,2000.0,0.5960898399353027,periodic_100,1.0,1.0,100.0,3000.0,3000.0,0.9181123375892639,periodic_100,1.0,1.0,100.0,4000.0,4000.0,1.7288529872894287,periodic_100,1.0,1.0,100.0,5000.0,5000.0
lista_sb,dysts:WangSun,2,complete,0.00041358775342814624,periodic_25,1.0,1.0,100.0,100.0,100.0,0.009764506481587887,periodic_25,1.0,1.0,100.0,500.0,500.0,0.0690423995256424,periodic_25,1.0,1.0,100.0,1000.0,1000.0,0.486408531665802,periodic_25,1.0,1.0,100.0,1500.0,1500.0,0.8841486573219299,periodic_25,1.0,1.0,100.0,2000.0,2000.0,1.8594253063201904,periodic_150,1.0,1.0,100.0,3000.0,3000.0,2.580671787261963,periodic_150,1.0,1.0,100.0,4000.0,4000.0,3.154417037963867,periodic_150,1.0,1.0,100.0,5000.0,5000.0
lista_sb,dysts:WangSun,3,complete,0.0011957986280322075,periodic_25,1.0,1.0,100.0,100.0,100.0,0.01853269524872303,periodic_25,1.0,1.0,100.0,500.0,500.0,0.08117623627185822,periodic_50,1.0,1.0,100.0,1000.0,1000.0,0.15911637246608734,periodic_50,1.0,1.0,100.0,1500.0,1500.0,0.2705540955066681,periodic_100,1.0,1.0,100.0,2000.0,2000.0,0.7104141712188721,periodic_100,1.0,1.0,100.0,3000.0,3000.0,1.4964512586593628,periodic_100,1.0,1.0,100.0,4000.0,4000.0,2.3484559059143066,periodic_100,1.0,1.0,100.0,5000.0,5000.0
lista_sb,dysts:WangSun,4,complete,0.00213837344199419,periodic_25,1.0,1.0,100.0,100.0,100.0,0.08494486659765244,periodic_25,1.0,1.0,100.0,500.0,500.0,0.30798712372779846,periodic_50,1.0,1.0,100.0,1000.0,1000.0,0.6219145059585571,periodic_50,1.0,1.0,100.0,1500.0,1500.0,1.3381694555282593,periodic_100,1.0,1.0,100.0,2000.0,2000.0,2.2690460681915283,periodic_50,1.0,1.0,100.0,3000.0,3000.0,2.8295159339904785,periodic_100,1.0,1.0,100.0,4000.0,4000.0,3.030207872390747,periodic_100,1.0,1.0,100.0,5000.0,5000.0
lista_sb,dysts:WangSun,5,complete,0.00042928417678922415,periodic_50,1.0,1.0,100.0,100.0,100.0,0.015492544509470463,periodic_25,1.0,1.0,100.0,500.0,500.0,0.09740285575389862,periodic_50,1.0,1.0,100.0,1000.0,1000.0,0.16919121146202087,periodic_100,1.0,1.0,100.0,1500.0,1500.0,0.2436608076095581,periodic_100,1.0,1.0,100.0,2000.0,2000.0,0.5776818990707397,periodic_100,1.0,1.0,100.0,3000.0,3000.0,1.3012803792953491,periodic_100,1.0,1.0,100.0,4000.0,4000.0,1.8593566417694092,periodic_100,1.0,1.0,100.0,5000.0,5000.0
lista_sb,dysts:WangSun,6,complete,0.0003542150661814958,periodic_25,1.0,1.0,100.0,100.0,100.0,0.025283198803663254,periodic_10,1.0,1.0,100.0,500.0,500.0,0.6818397045135498,periodic_50,1.0,1.0,100.0,1000.0,1000.0,0.9384856224060059,periodic_25,1.0,1.0,100.0,1500.0,1500.0,0.8825737833976746,periodic_25,1.0,1.0,100.0,2000.0,2000.0,1.2947704792022705,periodic_50,1.0,1.0,100.0,3000.0,3000.0,1.5662240982055664,periodic_50,1.0,1.0,100.0,4000.0,4000.0,2.1365411281585693,periodic_50,1.0,1.0,100.0,5000.0,5000.0
lista_sb,dysts:WangSun,7,complete,0.003461814019829035,periodic_50,1.0,1.0,100.0,100.0,100.0,0.3904142379760742,periodic_25,1.0,1.0,100.0,500.0,500.0,0.9776936173439026,periodic_100,1.0,1.0,100.0,1000.0,1000.0,1.9572153091430664,periodic_100,1.0,1.0,100.0,1500.0,1500.0,3.020174503326416,periodic_100,1.0,1.0,100.0,2000.0,2000.0,5.221475601196289,periodic_100,1.0,1.0,100.0,3000.0,3000.0,9.620085716247559,periodic_100,1.0,1.0,100.0,4000.0,4000.0,25.099699020385742,periodic_100,1.0,1.0,100.0,5000.0,5000.0
lista_sb,dysts:WangSun,8,complete,0.06289288401603699,periodic_10,1.0,1.0,100.0,100.0,100.0,14.741292953491211,periodic_200,1.0,1.0,100.0,500.0,500.0,3277.390625,periodic_200,1.0,1.0,100.0,1000.0,1000.0,1565950.125,periodic_200,1.0,1.0,100.0,1500.0,1500.0,692302976.0,periodic_200,1.0,1.0,100.0,2000.0,2000.0,216941146931200.0,periodic_200,1.0,1.0,100.0,3000.0,3000.0,7.110823611608754e+19,periodic_200,1.0,1.0,100.0,4000.0,4000.0,2.5914705497766053e+25,periodic_200,1.0,1.0,100.0,5000.0,5000.0
lista_sb,dysts:WangSun,9,complete,0.004464779980480671,periodic_25,1.0,1.0,100.0,100.0,100.0,0.026645589619874954,periodic_25,1.0,1.0,100.0,500.0,500.0,0.08180675655603409,periodic_25,1.0,1.0,100.0,1000.0,1000.0,0.10674990713596344,periodic_25,1.0,1.0,100.0,1500.0,1500.0,0.1849464476108551,periodic_25,1.0,1.0,100.0,2000.0,2000.0,0.7003484964370728,periodic_25,1.0,1.0,100.0,3000.0,3000.0,1.3874578475952148,periodic_25,1.0,1.0,100.0,4000.0,4000.0,1.8422937393188477,periodic_25,1.0,1.0,100.0,5000.0,5000.0
lista_sb,dysts:WangSun,10,complete,0.00473363883793354,periodic_25,1.0,1.0,100.0,100.0,100.0,0.3891242742538452,periodic_50,1.0,1.0,100.0,500.0,500.0,0.7389943599700928,periodic_50,1.0,1.0,100.0,1000.0,1000.0,1.8794549703598022,periodic_50,1.0,1.0,100.0,1500.0,1500.0,2.343629837036133,periodic_50,1.0,1.0,100.0,2000.0,2000.0,3.128643274307251,periodic_50,1.0,1.0,100.0,3000.0,3000.0,3.510471820831299,periodic_25,1.0,1.0,100.0,4000.0,4000.0,3.756235361099243,periodic_25,1.0,1.0,100.0,5000.0,5000.0
lista_sb,dysts:WangSun,11,complete,0.0006933410186320543,periodic_25,1.0,1.0,100.0,100.0,100.0,0.011524983681738377,periodic_25,1.0,1.0,100.0,500.0,500.0,0.05376846343278885,periodic_25,1.0,1.0,100.0,1000.0,1000.0,0.40274256467819214,periodic_50,1.0,1.0,100.0,1500.0,1500.0,0.5269519686698914,periodic_50,1.0,1.0,100.0,2000.0,2000.0,1.0230542421340942,periodic_50,1.0,1.0,100.0,3000.0,3000.0,1.4431202411651611,periodic_50,1.0,1.0,100.0,4000.0,4000.0,2.0734200477600098,periodic_50,1.0,1.0,100.0,5000.0,5000.0
lista_sb,dysts:WangSun,12,complete,0.0008492623455822468,periodic_25,1.0,1.0,100.0,100.0,100.0,0.02467942051589489,periodic_25,1.0,1.0,100.0,500.0,500.0,0.10807899385690689,periodic_50,1.0,1.0,100.0,1000.0,1000.0,0.20848533511161804,periodic_50,1.0,1.0,100.0,1500.0,1500.0,0.2931858003139496,periodic_50,1.0,1.0,100.0,2000.0,2000.0,0.4060896337032318,periodic_50,1.0,1.0,100.0,3000.0,3000.0,1.233343482017517,periodic_50,1.0,1.0,100.0,4000.0,4000.0,1.9111814498901367,periodic_50,1.0,1.0,100.0,5000.0,5000.0
lista_sb,dysts:WangSun,13,complete,0.00019642502593342215,periodic_25,1.0,1.0,100.0,100.0,100.0,0.0056230006739497185,periodic_25,1.0,1.0,100.0,500.0,500.0,0.0159627515822649,periodic_25,1.0,1.0,100.0,1000.0,1000.0,0.02994043380022049,periodic_25,1.0,1.0,100.0,1500.0,1500.0,0.10172080993652344,periodic_50,1.0,1.0,100.0,2000.0,2000.0,0.4364163279533386,periodic_50,1.0,1.0,100.0,3000.0,3000.0,0.8625637292861938,periodic_25,1.0,1.0,100.0,4000.0,4000.0,1.4510480165481567,periodic_50,1.0,1.0,100.0,5000.0,5000.0
lista_sb,dysts:WangSun,14,complete,0.0010737120173871517,periodic_10,1.0,1.0,100.0,100.0,100.0,0.12144345045089722,periodic_25,1.0,1.0,100.0,500.0,500.0,0.22416257858276367,periodic_25,1.0,1.0,100.0,1000.0,1000.0,0.21861723065376282,periodic_25,1.0,1.0,100.0,1500.0,1500.0,0.20152495801448822,periodic_25,1.0,1.0,100.0,2000.0,2000.0,0.6085525751113892,periodic_25,1.0,1.0,100.0,3000.0,3000.0,1.0314127206802368,periodic_25,1.0,1.0,100.0,4000.0,4000.0,1.5681248903274536,periodic_25,1.0,1.0,100.0,5000.0,5000.0
sparse_mlp,dysts:Chua,0,complete,4.8084737500175834e-05,periodic_100,1.0,1.0,100.0,100.0,100.0,0.0004866240778937936,periodic_200,1.0,1.0,100.0,500.0,500.0,0.0016488112742081285,periodic_200,1.0,1.0,100.0,1000.0,1000.0,0.0041306838393211365,periodic_200,1.0,1.0,100.0,1500.0,1500.0,0.008990276604890823,periodic_200,1.0,1.0,100.0,2000.0,2000.0,0.029074853286147118,periodic_200,1.0,1.0,100.0,3000.0,3000.0,0.07622434943914413,periodic_200,1.0,1.0,100.0,4000.0,4000.0,0.1555565446615219,periodic_200,1.0,1.0,100.0,5000.0,5000.0
sparse_mlp,dysts:Chua,1,complete,5.806767876492813e-05,periodic_100,1.0,1.0,100.0,100.0,100.0,0.00070330617018044,periodic_150,1.0,1.0,100.0,500.0,500.0,0.0022271880879998207,periodic_150,1.0,1.0,100.0,1000.0,1000.0,0.0044873845763504505,periodic_200,1.0,1.0,100.0,1500.0,1500.0,0.007985592819750309,periodic_200,1.0,1.0,100.0,2000.0,2000.0,0.019034845754504204,periodic_200,1.0,1.0,100.0,3000.0,3000.0,0.03809748589992523,periodic_200,1.0,1.0,100.0,4000.0,4000.0,0.07196183502674103,periodic_200,1.0,1.0,100.0,5000.0,5000.0
sparse_mlp,dysts:Chua,2,complete,8.872217586031184e-05,periodic_100,1.0,1.0,100.0,100.0,100.0,0.0014728180831298232,periodic_200,1.0,1.0,100.0,500.0,500.0,0.0053152525797486305,periodic_200,1.0,1.0,100.0,1000.0,1000.0,0.010915101505815983,periodic_200,1.0,1.0,100.0,1500.0,1500.0,0.01743987202644348,periodic_200,1.0,1.0,100.0,2000.0,2000.0,0.031974855810403824,periodic_200,1.0,1.0,100.0,3000.0,3000.0,0.051356010138988495,periodic_200,1.0,1.0,100.0,4000.0,4000.0,0.09113571792840958,periodic_200,1.0,1.0,100.0,5000.0,5000.0
sparse_mlp,dysts:Chua,3,complete,7.115197513485327e-05,periodic_100,1.0,1.0,100.0,100.0,100.0,0.0011736990418285131,periodic_200,1.0,1.0,100.0,500.0,500.0,0.004890498239547014,periodic_200,1.0,1.0,100.0,1000.0,1000.0,0.011780519038438797,periodic_200,1.0,1.0,100.0,1500.0,1500.0,0.02310071885585785,periodic_200,1.0,1.0,100.0,2000.0,2000.0,0.06573831290006638,periodic_200,1.0,1.0,100.0,3000.0,3000.0,0.11677487194538116,periodic_200,1.0,1.0,100.0,4000.0,4000.0,0.21098469197750092,periodic_200,1.0,1.0,100.0,5000.0,5000.0
sparse_mlp,dysts:Chua,4,complete,8.646285277791321e-05,periodic_100,1.0,1.0,100.0,100.0,100.0,0.00131827627774328,periodic_200,1.0,1.0,100.0,500.0,500.0,0.0055049206130206585,periodic_200,1.0,1.0,100.0,1000.0,1000.0,0.01358336117118597,periodic_200,1.0,1.0,100.0,1500.0,1500.0,0.02527906373143196,periodic_200,1.0,1.0,100.0,2000.0,2000.0,0.0576062947511673,periodic_200,1.0,1.0,100.0,3000.0,3000.0,0.1140417754650116,periodic_200,1.0,1.0,100.0,4000.0,4000.0,0.20250120759010315,periodic_200,1.0,1.0,100.0,5000.0,5000.0
sparse_mlp,dysts:Chua,5,complete,5.491335832630284e-05,periodic_100,1.0,1.0,100.0,100.0,100.0,0.0007193251512944698,periodic_200,1.0,1.0,100.0,500.0,500.0,0.0025509768165647984,periodic_200,1.0,1.0,100.0,1000.0,1000.0,0.0055790250189602375,periodic_200,1.0,1.0,100.0,1500.0,1500.0,0.00960447546094656,periodic_200,1.0,1.0,100.0,2000.0,2000.0,0.021185677498579025,periodic_200,1.0,1.0,100.0,3000.0,3000.0,0.042445987462997437,periodic_200,1.0,1.0,100.0,4000.0,4000.0,0.07682111114263535,periodic_200,1.0,1.0,100.0,5000.0,5000.0
sparse_mlp,dysts:Chua,6,complete,0.00020354148000478745,periodic_100,1.0,1.0,100.0,100.0,100.0,0.0024713913444429636,periodic_200,1.0,1.0,100.0,500.0,500.0,0.008082368411123753,periodic_200,1.0,1.0,100.0,1000.0,1000.0,0.017344003543257713,periodic_200,1.0,1.0,100.0,1500.0,1500.0,0.031405311077833176,periodic_200,1.0,1.0,100.0,2000.0,2000.0,0.07058630883693695,periodic_200,1.0,1.0,100.0,3000.0,3000.0,0.12080244719982147,periodic_200,1.0,1.0,100.0,4000.0,4000.0,0.21376138925552368,periodic_200,1.0,1.0,100.0,5000.0,5000.0
sparse_mlp,dysts:Chua,7,complete,8.486574370181188e-05,periodic_100,1.0,1.0,100.0,100.0,100.0,0.001067067263647914,periodic_200,1.0,1.0,100.0,500.0,500.0,0.004109887406229973,periodic_200,1.0,1.0,100.0,1000.0,1000.0,0.010282077826559544,periodic_200,1.0,1.0,100.0,1500.0,1500.0,0.02094295434653759,periodic_200,1.0,1.0,100.0,2000.0,2000.0,0.06273966282606125,periodic_200,1.0,1.0,100.0,3000.0,3000.0,0.15836939215660095,periodic_200,1.0,1.0,100.0,4000.0,4000.0,0.3364364504814148,periodic_200,1.0,1.0,100.0,5000.0,5000.0
sparse_mlp,dysts:Chua,8,complete,6.78604410495609e-05,periodic_100,1.0,1.0,100.0,100.0,100.0,0.0009513715631328523,periodic_200,1.0,1.0,100.0,500.0,500.0,0.0034579834900796413,periodic_200,1.0,1.0,100.0,1000.0,1000.0,0.00769959669560194,periodic_200,1.0,1.0,100.0,1500.0,1500.0,0.01402262318879366,periodic_200,1.0,1.0,100.0,2000.0,2000.0,0.03292456269264221,periodic_150,1.0,1.0,100.0,3000.0,3000.0,0.05867690593004227,periodic_100,1.0,1.0,100.0,4000.0,4000.0,0.10744895040988922,periodic_100,1.0,1.0,100.0,5000.0,5000.0
sparse_mlp,dysts:Chua,9,complete,5.658667578245513e-05,periodic_100,1.0,1.0,100.0,100.0,100.0,0.0007813700940459967,periodic_200,1.0,1.0,100.0,500.0,500.0,0.0027312308084219694,periodic_200,1.0,1.0,100.0,1000.0,1000.0,0.005737789906561375,periodic_200,1.0,1.0,100.0,1500.0,1500.0,0.009695461951196194,periodic_200,1.0,1.0,100.0,2000.0,2000.0,0.02081233076751232,periodic_200,1.0,1.0,100.0,3000.0,3000.0,0.041467007249593735,periodic_200,1.0,1.0,100.0,4000.0,4000.0,0.06996876746416092,periodic_200,1.0,1.0,100.0,5000.0,5000.0
sparse_mlp,dysts:Chua,10,complete,6.110058893682435e-05,periodic_100,1.0,1.0,100.0,100.0,100.0,0.0009066183702088892,periodic_200,1.0,1.0,100.0,500.0,500.0,0.003047619480639696,periodic_200,1.0,1.0,100.0,1000.0,1000.0,0.006334845442324877,periodic_200,1.0,1.0,100.0,1500.0,1500.0,0.011144651100039482,periodic_200,1.0,1.0,100.0,2000.0,2000.0,0.026566579937934875,periodic_200,1.0,1.0,100.0,3000.0,3000.0,0.05919841304421425,periodic_200,1.0,1.0,100.0,4000.0,4000.0,0.1384550780057907,periodic_200,1.0,1.0,100.0,5000.0,5000.0
sparse_mlp,dysts:Chua,11,complete,6.607803516089916e-05,periodic_100,1.0,1.0,100.0,100.0,100.0,0.0007055209716781974,periodic_200,1.0,1.0,100.0,500.0,500.0,0.00204050587490201,periodic_200,1.0,1.0,100.0,1000.0,1000.0,0.0041359709575772285,periodic_200,1.0,1.0,100.0,1500.0,1500.0,0.007773296907544136,periodic_200,1.0,1.0,100.0,2000.0,2000.0,0.02047792263329029,periodic_150,1.0,1.0,100.0,3000.0,3000.0,0.0334981232881546,periodic_100,1.0,1.0,100.0,4000.0,4000.0,0.05413757637143135,periodic_100,1.0,1.0,100.0,5000.0,5000.0
sparse_mlp,dysts:Chua,12,complete,0.00018441809515934438,periodic_100,1.0,1.0,100.0,100.0,100.0,0.0015525108901783824,periodic_200,1.0,1.0,100.0,500.0,500.0,0.005350774619728327,periodic_200,1.0,1.0,100.0,1000.0,1000.0,0.011022325605154037,periodic_200,1.0,1.0,100.0,1500.0,1500.0,0.01760554313659668,periodic_200,1.0,1.0,100.0,2000.0,2000.0,0.03925614804029465,periodic_200,1.0,1.0,100.0,3000.0,3000.0,0.07038788497447968,periodic_200,1.0,1.0,100.0,4000.0,4000.0,0.11577567458152771,periodic_200,1.0,1.0,100.0,5000.0,5000.0
sparse_mlp,dysts:Chua,13,complete,4.062450534547679e-05,periodic_100,1.0,1.0,100.0,100.0,100.0,0.0005104560987092555,periodic_200,1.0,1.0,100.0,500.0,500.0,0.001886189915239811,periodic_200,1.0,1.0,100.0,1000.0,1000.0,0.005035190377384424,periodic_200,1.0,1.0,100.0,1500.0,1500.0,0.01121929194778204,periodic_200,1.0,1.0,100.0,2000.0,2000.0,0.03931983560323715,periodic_200,1.0,1.0,100.0,3000.0,3000.0,0.09866376966238022,periodic_200,1.0,1.0,100.0,4000.0,4000.0,0.1848852038383484,periodic_200,1.0,1.0,100.0,5000.0,5000.0
sparse_mlp,dysts:Chua,14,complete,9.942024917108938e-05,periodic_100,1.0,1.0,100.0,100.0,100.0,0.0011618264252319932,periodic_200,1.0,1.0,100.0,500.0,500.0,0.004088602494448423,periodic_200,1.0,1.0,100.0,1000.0,1000.0,0.009220418520271778,periodic_200,1.0,1.0,100.0,1500.0,1500.0,0.017369253560900688,periodic_200,1.0,1.0,100.0,2000.0,2000.0,0.046866144984960556,periodic_200,1.0,1.0,100.0,3000.0,3000.0,0.10134874284267426,periodic_200,1.0,1.0,100.0,4000.0,4000.0,0.19141198694705963,periodic_200,1.0,1.0,100.0,5000.0,5000.0
sparse_mlp,dysts:Dadras,0,complete,0.0034905823413282633,periodic_50,1.0,1.0,100.0,100.0,100.0,0.17590734362602234,periodic_25,1.0,1.0,100.0,500.0,500.0,0.3438248038291931,periodic_25,1.0,1.0,100.0,1000.0,1000.0,0.4793461561203003,periodic_25,1.0,1.0,100.0,1500.0,1500.0,0.5615816116333008,periodic_25,1.0,1.0,100.0,2000.0,2000.0,1.213391900062561,periodic_25,1.0,1.0,100.0,3000.0,3000.0,2.0620534420013428,periodic_25,1.0,1.0,100.0,4000.0,4000.0,2.5311901569366455,periodic_25,1.0,1.0,100.0,5000.0,5000.0
sparse_mlp,dysts:Dadras,1,complete,0.0002334073797101155,periodic_50,1.0,1.0,100.0,100.0,100.0,0.004786135163158178,periodic_50,1.0,1.0,100.0,500.0,500.0,0.02255287952721119,periodic_50,1.0,1.0,100.0,1000.0,1000.0,0.04607214033603668,periodic_50,1.0,1.0,100.0,1500.0,1500.0,0.0904022678732872,periodic_50,1.0,1.0,100.0,2000.0,2000.0,0.12188901752233505,periodic_50,1.0,1.0,100.0,3000.0,3000.0,0.45129910111427307,periodic_50,1.0,1.0,100.0,4000.0,4000.0,0.8134244680404663,periodic_50,1.0,1.0,100.0,5000.0,5000.0
sparse_mlp,dysts:Dadras,2,complete,0.00018104746413882822,periodic_50,1.0,1.0,100.0,100.0,100.0,0.0038486409466713667,periodic_50,1.0,1.0,100.0,500.0,500.0,0.021465511992573738,periodic_25,1.0,1.0,100.0,1000.0,1000.0,0.1778911054134369,periodic_10,1.0,1.0,100.0,1500.0,1500.0,0.4050920903682709,periodic_50,1.0,1.0,100.0,2000.0,2000.0,0.8221983313560486,periodic_50,1.0,1.0,100.0,3000.0,3000.0,1.2639167308807373,periodic_50,1.0,1.0,100.0,4000.0,4000.0,1.7981947660446167,periodic_50,1.0,1.0,100.0,5000.0,5000.0
sparse_mlp,dysts:Dadras,3,complete,0.0004412772541400045,periodic_100,1.0,1.0,100.0,100.0,100.0,0.006652796640992165,periodic_150,1.0,1.0,100.0,500.0,500.0,0.09856052696704865,periodic_200,1.0,1.0,100.0,1000.0,1000.0,0.12333956360816956,periodic_200,1.0,1.0,100.0,1500.0,1500.0,0.19416728615760803,periodic_150,1.0,1.0,100.0,2000.0,2000.0,0.31065991520881653,periodic_150,1.0,1.0,100.0,3000.0,3000.0,0.6346956491470337,periodic_150,1.0,1.0,100.0,4000.0,4000.0,1.07278311252594,periodic_150,1.0,1.0,100.0,5000.0,5000.0
sparse_mlp,dysts:Dadras,4,complete,0.000421004748204723,periodic_50,1.0,1.0,100.0,100.0,100.0,0.0058897738344967365,periodic_100,1.0,1.0,100.0,500.0,500.0,0.38835570216178894,periodic_150,1.0,1.0,100.0,1000.0,1000.0,0.5335640907287598,periodic_100,1.0,1.0,100.0,1500.0,1500.0,0.7039702534675598,periodic_100,1.0,1.0,100.0,2000.0,2000.0,1.0113178491592407,periodic_100,1.0,1.0,100.0,3000.0,3000.0,1.4252066612243652,periodic_100,1.0,1.0,100.0,4000.0,4000.0,1.6811326742172241,periodic_100,1.0,1.0,100.0,5000.0,5000.0
sparse_mlp,dysts:Dadras,5,complete,0.00021164800273254514,periodic_50,1.0,1.0,100.0,100.0,100.0,0.00530106108635664,periodic_150,1.0,1.0,100.0,500.0,500.0,0.022835951298475266,periodic_100,1.0,1.0,100.0,1000.0,1000.0,0.11154737323522568,periodic_50,1.0,1.0,100.0,1500.0,1500.0,0.14082668721675873,periodic_50,1.0,1.0,100.0,2000.0,2000.0,0.4052529036998749,periodic_50,1.0,1.0,100.0,3000.0,3000.0,0.6464025378227234,periodic_100,1.0,1.0,100.0,4000.0,4000.0,0.8678584098815918,periodic_100,1.0,1.0,100.0,5000.0,5000.0
sparse_mlp,dysts:Dadras,6,complete,0.00016666388546582311,periodic_50,1.0,1.0,100.0,100.0,100.0,0.0072988541796803474,periodic_50,1.0,1.0,100.0,500.0,500.0,0.023993177339434624,periodic_100,1.0,1.0,100.0,1000.0,1000.0,0.053298935294151306,periodic_100,1.0,1.0,100.0,1500.0,1500.0,0.1451398730278015,periodic_100,1.0,1.0,100.0,2000.0,2000.0,0.3430187702178955,periodic_50,1.0,1.0,100.0,3000.0,3000.0,0.5429343581199646,periodic_50,1.0,1.0,100.0,4000.0,4000.0,1.0663673877716064,periodic_50,1.0,1.0,100.0,5000.0,5000.0
sparse_mlp,dysts:Dadras,7,complete,0.00018454926612321287,periodic_100,1.0,1.0,100.0,100.0,100.0,0.005204653833061457,periodic_150,1.0,1.0,100.0,500.0,500.0,0.05319146811962128,periodic_100,1.0,1.0,100.0,1000.0,1000.0,0.21918390691280365,periodic_100,1.0,1.0,100.0,1500.0,1500.0,0.3763520121574402,periodic_150,1.0,1.0,100.0,2000.0,2000.0,0.518808126449585,periodic_150,1.0,1.0,100.0,3000.0,3000.0,0.903209388256073,periodic_150,1.0,1.0,100.0,4000.0,4000.0,1.4150760173797607,periodic_100,1.0,1.0,100.0,5000.0,5000.0
sparse_mlp,dysts:Dadras,8,complete,0.0003315454814583063,periodic_50,1.0,1.0,100.0,100.0,100.0,0.004791978746652603,periodic_100,1.0,1.0,100.0,500.0,500.0,0.0209181047976017,periodic_50,1.0,1.0,100.0,1000.0,1000.0,0.058914441615343094,periodic_50,1.0,1.0,100.0,1500.0,1500.0,0.12429732084274292,periodic_100,1.0,1.0,100.0,2000.0,2000.0,0.31694844365119934,periodic_50,1.0,1.0,100.0,3000.0,3000.0,0.8591248989105225,periodic_50,1.0,1.0,100.0,4000.0,4000.0,1.4710142612457275,periodic_50,1.0,1.0,100.0,5000.0,5000.0
sparse_mlp,dysts:Dadras,9,complete,0.00020433177996892482,periodic_50,1.0,1.0,100.0,100.0,100.0,0.005383510608226061,periodic_50,1.0,1.0,100.0,500.0,500.0,0.054575324058532715,periodic_50,1.0,1.0,100.0,1000.0,1000.0,0.2884356379508972,periodic_50,1.0,1.0,100.0,1500.0,1500.0,0.4578651487827301,periodic_50,1.0,1.0,100.0,2000.0,2000.0,0.6715639233589172,periodic_100,1.0,1.0,100.0,3000.0,3000.0,1.0747157335281372,periodic_100,1.0,1.0,100.0,4000.0,4000.0,1.580916166305542,periodic_100,1.0,1.0,100.0,5000.0,5000.0
sparse_mlp,dysts:Dadras,10,complete,0.0010909889824688435,periodic_50,1.0,1.0,100.0,100.0,100.0,0.034238871186971664,periodic_25,1.0,1.0,100.0,500.0,500.0,0.12278863042593002,periodic_50,1.0,1.0,100.0,1000.0,1000.0,0.37836021184921265,periodic_50,1.0,1.0,100.0,1500.0,1500.0,0.42623502016067505,periodic_50,1.0,1.0,100.0,2000.0,2000.0,0.5891413688659668,periodic_50,1.0,1.0,100.0,3000.0,3000.0,0.9362016916275024,periodic_50,1.0,1.0,100.0,4000.0,4000.0,1.5562258958816528,periodic_50,1.0,1.0,100.0,5000.0,5000.0
sparse_mlp,dysts:Dadras,11,complete,0.00035444062086753547,periodic_50,1.0,1.0,100.0,100.0,100.0,0.013861162588000298,periodic_50,1.0,1.0,100.0,500.0,500.0,0.4625074863433838,periodic_200,1.0,1.0,100.0,1000.0,1000.0,0.8151797652244568,periodic_25,1.0,1.0,100.0,1500.0,1500.0,0.9695413112640381,periodic_25,1.0,1.0,100.0,2000.0,2000.0,1.1830631494522095,periodic_50,1.0,1.0,100.0,3000.0,3000.0,1.3494681119918823,periodic_100,1.0,1.0,100.0,4000.0,4000.0,1.7208504676818848,periodic_100,1.0,1.0,100.0,5000.0,5000.0
sparse_mlp,dysts:Dadras,12,complete,0.0003580658230930567,periodic_100,1.0,1.0,100.0,100.0,100.0,0.012203939259052277,periodic_100,1.0,1.0,100.0,500.0,500.0,0.03180386498570442,periodic_100,1.0,1.0,100.0,1000.0,1000.0,0.0889929011464119,periodic_200,1.0,1.0,100.0,1500.0,1500.0,0.1740635633468628,periodic_200,1.0,1.0,100.0,2000.0,2000.0,0.794373095035553,periodic_200,1.0,1.0,100.0,3000.0,3000.0,1.359535574913025,periodic_200,1.0,1.0,100.0,4000.0,4000.0,1.7680573463439941,periodic_200,1.0,1.0,100.0,5000.0,5000.0
sparse_mlp,dysts:Dadras,13,complete,0.0004448989639058709,periodic_50,1.0,1.0,100.0,100.0,100.0,0.008448591455817223,periodic_50,1.0,1.0,100.0,500.0,500.0,0.04904426261782646,periodic_50,1.0,1.0,100.0,1000.0,1000.0,0.3194383680820465,periodic_100,1.0,1.0,100.0,1500.0,1500.0,0.4452533423900604,periodic_50,1.0,1.0,100.0,2000.0,2000.0,0.6461718678474426,periodic_50,1.0,1.0,100.0,3000.0,3000.0,1.0121843814849854,periodic_50,1.0,1.0,100.0,4000.0,4000.0,1.4791697263717651,periodic_50,1.0,1.0,100.0,5000.0,5000.0
sparse_mlp,dysts:Dadras,14,complete,0.0002484067517798394,periodic_50,1.0,1.0,100.0,100.0,100.0,0.0037659713998436928,periodic_100,1.0,1.0,100.0,500.0,500.0,0.019248241558670998,periodic_100,1.0,1.0,100.0,1000.0,1000.0,0.04597427695989609,periodic_150,1.0,1.0,100.0,1500.0,1500.0,0.10009323060512543,periodic_200,1.0,1.0,100.0,2000.0,2000.0,0.40505528450012207,periodic_150,1.0,1.0,100.0,3000.0,3000.0,0.7496308088302612,periodic_100,1.0,1.0,100.0,4000.0,4000.0,1.1467673778533936,periodic_100,1.0,1.0,100.0,5000.0,5000.0
sparse_mlp,dysts:DequanLi,0,complete,0.0003965999057982117,periodic_100,1.0,1.0,100.0,100.0,100.0,0.006329710595309734,periodic_200,1.0,1.0,100.0,500.0,500.0,0.02453426830470562,periodic_200,1.0,1.0,100.0,1000.0,1000.0,0.06095198541879654,periodic_200,1.0,1.0,100.0,1500.0,1500.0,0.12585262954235077,periodic_200,1.0,1.0,100.0,2000.0,2000.0,0.403116375207901,periodic_200,1.0,1.0,100.0,3000.0,3000.0,0.985453724861145,periodic_200,1.0,1.0,100.0,4000.0,4000.0,1.6573154926300049,periodic_200,1.0,1.0,100.0,5000.0,5000.0
sparse_mlp,dysts:DequanLi,1,complete,0.0002459476818330586,periodic_100,1.0,1.0,100.0,100.0,100.0,0.0039039712864905596,periodic_150,1.0,1.0,100.0,500.0,500.0,0.015319048427045345,periodic_150,1.0,1.0,100.0,1000.0,1000.0,0.03322551026940346,periodic_150,1.0,1.0,100.0,1500.0,1500.0,0.05890617519617081,periodic_150,1.0,1.0,100.0,2000.0,2000.0,0.1810547262430191,periodic_150,1.0,1.0,100.0,3000.0,3000.0,0.5015491843223572,periodic_150,1.0,1.0,100.0,4000.0,4000.0,1.0338714122772217,periodic_150,1.0,1.0,100.0,5000.0,5000.0
sparse_mlp,dysts:DequanLi,2,complete,0.00020083965500816703,periodic_100,1.0,1.0,100.0,100.0,100.0,0.0038053214084357023,periodic_200,1.0,1.0,100.0,500.0,500.0,0.013716190122067928,periodic_200,1.0,1.0,100.0,1000.0,1000.0,0.026925155892968178,periodic_200,1.0,1.0,100.0,1500.0,1500.0,0.04582156985998154,periodic_200,1.0,1.0,100.0,2000.0,2000.0,0.13400842249393463,periodic_200,1.0,1.0,100.0,3000.0,3000.0,0.2849494516849518,periodic_200,1.0,1.0,100.0,4000.0,4000.0,0.5560517311096191,periodic_200,1.0,1.0,100.0,5000.0,5000.0
sparse_mlp,dysts:DequanLi,3,complete,0.0001927119301399216,periodic_100,1.0,1.0,100.0,100.0,100.0,0.003095288760960102,periodic_200,1.0,1.0,100.0,500.0,500.0,0.011986101046204567,periodic_200,1.0,1.0,100.0,1000.0,1000.0,0.027927031740546227,periodic_200,1.0,1.0,100.0,1500.0,1500.0,0.049868326634168625,periodic_200,1.0,1.0,100.0,2000.0,2000.0,0.1125696673989296,periodic_200,1.0,1.0,100.0,3000.0,3000.0,0.21259763836860657,periodic_200,1.0,1.0,100.0,4000.0,4000.0,0.3890349268913269,periodic_200,1.0,1.0,100.0,5000.0,5000.0
sparse_mlp,dysts:DequanLi,4,complete,0.00024659058544784784,periodic_100,1.0,1.0,100.0,100.0,100.0,0.00319301406852901,periodic_200,1.0,1.0,100.0,500.0,500.0,0.009202707558870316,periodic_200,1.0,1.0,100.0,1000.0,1000.0,0.017290709540247917,periodic_200,1.0,1.0,100.0,1500.0,1500.0,0.027617081999778748,periodic_200,1.0,1.0,100.0,2000.0,2000.0,0.06100847199559212,periodic_200,1.0,1.0,100.0,3000.0,3000.0,0.1263836920261383,periodic_200,1.0,1.0,100.0,4000.0,4000.0,0.23706354200839996,periodic_150,1.0,1.0,100.0,5000.0,5000.0
sparse_mlp,dysts:DequanLi,5,complete,0.0001496270706411451,periodic_100,1.0,1.0,100.0,100.0,100.0,0.002247666008770466,periodic_200,1.0,1.0,100.0,500.0,500.0,0.0070884330198168755,periodic_200,1.0,1.0,100.0,1000.0,1000.0,0.014727882109582424,periodic_200,1.0,1.0,100.0,1500.0,1500.0,0.025625383481383324,periodic_200,1.0,1.0,100.0,2000.0,2000.0,0.0677838996052742,periodic_200,1.0,1.0,100.0,3000.0,3000.0,0.16863584518432617,periodic_200,1.0,1.0,100.0,4000.0,4000.0,0.3997061252593994,periodic_200,1.0,1.0,100.0,5000.0,5000.0
sparse_mlp,dysts:DequanLi,6,complete,0.00022119955974631011,periodic_100,1.0,1.0,100.0,100.0,100.0,0.0030703956726938486,periodic_200,1.0,1.0,100.0,500.0,500.0,0.010695047676563263,periodic_200,1.0,1.0,100.0,1000.0,1000.0,0.024924812838435173,periodic_200,1.0,1.0,100.0,1500.0,1500.0,0.04712745174765587,periodic_200,1.0,1.0,100.0,2000.0,2000.0,0.11915901303291321,periodic_200,1.0,1.0,100.0,3000.0,3000.0,0.27429720759391785,periodic_200,1.0,1.0,100.0,4000.0,4000.0,0.5353649854660034,periodic_200,1.0,1.0,100.0,5000.0,5000.0
sparse_mlp,dysts:DequanLi,7,complete,0.00035559741081669927,periodic_100,1.0,1.0,100.0,100.0,100.0,0.00584670202806592,periodic_200,1.0,1.0,100.0,500.0,500.0,0.020950021222233772,periodic_200,1.0,1.0,100.0,1000.0,1000.0,0.049131378531455994,periodic_200,1.0,1.0,100.0,1500.0,1500.0,0.0962120071053505,periodic_200,1.0,1.0,100.0,2000.0,2000.0,0.2879411578178406,periodic_200,1.0,1.0,100.0,3000.0,3000.0,0.7075285911560059,periodic_200,1.0,1.0,100.0,4000.0,4000.0,1.3733127117156982,periodic_200,1.0,1.0,100.0,5000.0,5000.0
sparse_mlp,dysts:DequanLi,8,complete,0.00014234951231628656,periodic_100,1.0,1.0,100.0,100.0,100.0,0.00163112988229841,periodic_200,1.0,1.0,100.0,500.0,500.0,0.0049594067968428135,periodic_200,1.0,1.0,100.0,1000.0,1000.0,0.009695194661617279,periodic_200,1.0,1.0,100.0,1500.0,1500.0,0.015508920885622501,periodic_200,1.0,1.0,100.0,2000.0,2000.0,0.03499497473239899,periodic_200,1.0,1.0,100.0,3000.0,3000.0,0.07956436276435852,periodic_200,1.0,1.0,100.0,4000.0,4000.0,0.20383787155151367,periodic_200,1.0,1.0,100.0,5000.0,5000.0
sparse_mlp,dysts:DequanLi,9,complete,0.0003615944879129529,periodic_100,1.0,1.0,100.0,100.0,100.0,0.006733433809131384,periodic_200,1.0,1.0,100.0,500.0,500.0,0.022023536264896393,periodic_200,1.0,1.0,100.0,1000.0,1000.0,0.042351797223091125,periodic_200,1.0,1.0,100.0,1500.0,1500.0,0.07248416543006897,periodic_200,1.0,1.0,100.0,2000.0,2000.0,0.17252349853515625,periodic_200,1.0,1.0,100.0,3000.0,3000.0,0.3057049810886383,periodic_200,1.0,1.0,100.0,4000.0,4000.0,0.4871514141559601,periodic_200,1.0,1.0,100.0,5000.0,5000.0
sparse_mlp,dysts:DequanLi,10,complete,0.00014087390445638448,periodic_100,1.0,1.0,100.0,100.0,100.0,0.002499881200492382,periodic_150,1.0,1.0,100.0,500.0,500.0,0.00984552875161171,periodic_200,1.0,1.0,100.0,1000.0,1000.0,0.02531975694000721,periodic_200,1.0,1.0,100.0,1500.0,1500.0,0.053922366350889206,periodic_200,1.0,1.0,100.0,2000.0,2000.0,0.17234459519386292,periodic_200,1.0,1.0,100.0,3000.0,3000.0,0.40806159377098083,periodic_50,1.0,1.0,100.0,4000.0,4000.0,0.8204110860824585,periodic_50,1.0,1.0,100.0,5000.0,5000.0
sparse_mlp,dysts:DequanLi,11,complete,0.0003307693696115166,periodic_100,1.0,1.0,100.0,100.0,100.0,0.005881412420421839,periodic_200,1.0,1.0,100.0,500.0,500.0,0.022700781002640724,periodic_200,1.0,1.0,100.0,1000.0,1000.0,0.05273841693997383,periodic_200,1.0,1.0,100.0,1500.0,1500.0,0.09804747253656387,periodic_200,1.0,1.0,100.0,2000.0,2000.0,0.24031583964824677,periodic_200,1.0,1.0,100.0,3000.0,3000.0,0.5158714056015015,periodic_200,1.0,1.0,100.0,4000.0,4000.0,0.9228916764259338,periodic_200,1.0,1.0,100.0,5000.0,5000.0
sparse_mlp,dysts:DequanLi,12,complete,0.00013562172534875572,periodic_100,1.0,1.0,100.0,100.0,100.0,0.0020588920451700687,periodic_200,1.0,1.0,100.0,500.0,500.0,0.007320728152990341,periodic_200,1.0,1.0,100.0,1000.0,1000.0,0.015413591638207436,periodic_200,1.0,1.0,100.0,1500.0,1500.0,0.026742029935121536,periodic_200,1.0,1.0,100.0,2000.0,2000.0,0.05972457304596901,periodic_200,1.0,1.0,100.0,3000.0,3000.0,0.1295779049396515,periodic_150,1.0,1.0,100.0,4000.0,4000.0,0.2806243598461151,periodic_150,1.0,1.0,100.0,5000.0,5000.0
sparse_mlp,dysts:DequanLi,13,complete,0.0004478618793655187,periodic_100,1.0,1.0,100.0,100.0,100.0,0.006959266494959593,periodic_200,1.0,1.0,100.0,500.0,500.0,0.022889800369739532,periodic_200,1.0,1.0,100.0,1000.0,1000.0,0.04381633177399635,periodic_200,1.0,1.0,100.0,1500.0,1500.0,0.07099900394678116,periodic_200,1.0,1.0,100.0,2000.0,2000.0,0.16409623622894287,periodic_200,1.0,1.0,100.0,3000.0,3000.0,0.37953484058380127,periodic_200,1.0,1.0,100.0,4000.0,4000.0,0.7939400672912598,periodic_200,1.0,1.0,100.0,5000.0,5000.0
sparse_mlp,dysts:DequanLi,14,complete,0.00021550367819145322,periodic_100,1.0,1.0,100.0,100.0,100.0,0.0036963371094316244,periodic_150,1.0,1.0,100.0,500.0,500.0,0.012581616640090942,periodic_150,1.0,1.0,100.0,1000.0,1000.0,0.02673344314098358,periodic_200,1.0,1.0,100.0,1500.0,1500.0,0.04709218814969063,periodic_200,1.0,1.0,100.0,2000.0,2000.0,0.12987717986106873,periodic_200,1.0,1.0,100.0,3000.0,3000.0,0.3021630346775055,periodic_200,1.0,1.0,100.0,4000.0,4000.0,0.6054988503456116,periodic_200,1.0,1.0,100.0,5000.0,5000.0
sparse_mlp,dysts:Hadley,0,complete,0.0009637296316213906,periodic_100,1.0,1.0,100.0,100.0,100.0,0.014466727152466774,periodic_200,1.0,1.0,100.0,500.0,500.0,0.05774872750043869,periodic_200,1.0,1.0,100.0,1000.0,1000.0,0.13279642164707184,periodic_200,1.0,1.0,100.0,1500.0,1500.0,0.2481124848127365,periodic_100,1.0,1.0,100.0,2000.0,2000.0,0.6490471363067627,periodic_200,1.0,1.0,100.0,3000.0,3000.0,1.314325213432312,periodic_200,1.0,1.0,100.0,4000.0,4000.0,2.1671433448791504,periodic_200,1.0,1.0,100.0,5000.0,5000.0
sparse_mlp,dysts:Hadley,1,complete,0.0002142985031241551,periodic_100,1.0,1.0,100.0,100.0,100.0,0.00403486005961895,periodic_200,1.0,1.0,100.0,500.0,500.0,0.016858525574207306,periodic_200,1.0,1.0,100.0,1000.0,1000.0,0.04096882417798042,periodic_200,1.0,1.0,100.0,1500.0,1500.0,0.07925762981176376,periodic_200,1.0,1.0,100.0,2000.0,2000.0,0.2062956690788269,periodic_200,1.0,1.0,100.0,3000.0,3000.0,0.4128088355064392,periodic_200,1.0,1.0,100.0,4000.0,4000.0,0.7084285020828247,periodic_200,1.0,1.0,100.0,5000.0,5000.0
sparse_mlp,dysts:Hadley,2,complete,9.289582521887496e-05,periodic_100,1.0,1.0,100.0,100.0,100.0,0.0014307531528174877,periodic_200,1.0,1.0,100.0,500.0,500.0,0.005765091627836227,periodic_200,1.0,1.0,100.0,1000.0,1000.0,0.01450660265982151,periodic_200,1.0,1.0,100.0,1500.0,1500.0,0.028187589719891548,periodic_200,1.0,1.0,100.0,2000.0,2000.0,0.0719299241900444,periodic_200,1.0,1.0,100.0,3000.0,3000.0,0.14594726264476776,periodic_200,1.0,1.0,100.0,4000.0,4000.0,0.2617994248867035,periodic_200,1.0,1.0,100.0,5000.0,5000.0
sparse_mlp,dysts:Hadley,3,complete,0.0001669989578658715,periodic_100,1.0,1.0,100.0,100.0,100.0,0.00300310249440372,periodic_200,1.0,1.0,100.0,500.0,500.0,0.01194687094539404,periodic_200,1.0,1.0,100.0,1000.0,1000.0,0.027102498337626457,periodic_200,1.0,1.0,100.0,1500.0,1500.0,0.049442630261182785,periodic_200,1.0,1.0,100.0,2000.0,2000.0,0.12093614786863327,periodic_200,1.0,1.0,100.0,3000.0,3000.0,0.23151051998138428,periodic_200,1.0,1.0,100.0,4000.0,4000.0,0.38784340023994446,periodic_200,1.0,1.0,100.0,5000.0,5000.0
sparse_mlp,dysts:Hadley,4,complete,0.0005215464043430984,periodic_100,1.0,1.0,100.0,100.0,100.0,0.006350653246045113,periodic_200,1.0,1.0,100.0,500.0,500.0,0.024506764486432076,periodic_200,1.0,1.0,100.0,1000.0,1000.0,0.054672107100486755,periodic_200,1.0,1.0,100.0,1500.0,1500.0,0.09817811846733093,periodic_150,1.0,1.0,100.0,2000.0,2000.0,0.2318202257156372,periodic_150,1.0,1.0,100.0,3000.0,3000.0,0.41996461153030396,periodic_150,1.0,1.0,100.0,4000.0,4000.0,0.6441380381584167,periodic_100,1.0,1.0,100.0,5000.0,5000.0
sparse_mlp,dysts:Hadley,5,complete,0.00011782473302446306,periodic_100,1.0,1.0,100.0,100.0,100.0,0.0021089992951601744,periodic_200,1.0,1.0,100.0,500.0,500.0,0.007873868569731712,periodic_200,1.0,1.0,100.0,1000.0,1000.0,0.017283091321587563,periodic_200,1.0,1.0,100.0,1500.0,1500.0,0.030434494838118553,periodic_200,1.0,1.0,100.0,2000.0,2000.0,0.06665925681591034,periodic_200,1.0,1.0,100.0,3000.0,3000.0,0.11516190320253372,periodic_200,1.0,1.0,100.0,4000.0,4000.0,0.1809721440076828,periodic_200,1.0,1.0,100.0,5000.0,5000.0
sparse_mlp,dysts:Hadley,6,complete,0.0001558096264488995,periodic_100,1.0,1.0,100.0,100.0,100.0,0.0028079396579414606,periodic_200,1.0,1.0,100.0,500.0,500.0,0.010572858154773712,periodic_200,1.0,1.0,100.0,1000.0,1000.0,0.024089371785521507,periodic_200,1.0,1.0,100.0,1500.0,1500.0,0.045918453484773636,periodic_200,1.0,1.0,100.0,2000.0,2000.0,0.11088140308856964,periodic_200,1.0,1.0,100.0,3000.0,3000.0,0.1807086020708084,periodic_200,1.0,1.0,100.0,4000.0,4000.0,0.2520831227302551,periodic_200,1.0,1.0,100.0,5000.0,5000.0
sparse_mlp,dysts:Hadley,7,complete,0.00013627807493321598,periodic_100,1.0,1.0,100.0,100.0,100.0,0.002424423350021243,periodic_200,1.0,1.0,100.0,500.0,500.0,0.00921382661908865,periodic_200,1.0,1.0,100.0,1000.0,1000.0,0.021305503323674202,periodic_200,1.0,1.0,100.0,1500.0,1500.0,0.04098949581384659,periodic_200,1.0,1.0,100.0,2000.0,2000.0,0.11149625480175018,periodic_200,1.0,1.0,100.0,3000.0,3000.0,0.2518071234226227,periodic_200,1.0,1.0,100.0,4000.0,4000.0,0.5044571161270142,periodic_200,1.0,1.0,100.0,5000.0,5000.0
sparse_mlp,dysts:Hadley,8,complete,0.00014733987336512655,periodic_100,1.0,1.0,100.0,100.0,100.0,0.0026260104496032,periodic_150,1.0,1.0,100.0,500.0,500.0,0.008242344483733177,periodic_150,1.0,1.0,100.0,1000.0,1000.0,0.015403018333017826,periodic_200,1.0,1.0,100.0,1500.0,1500.0,0.02265038900077343,periodic_200,1.0,1.0,100.0,2000.0,2000.0,0.03883540630340576,periodic_200,1.0,1.0,100.0,3000.0,3000.0,0.0694001168012619,periodic_200,1.0,1.0,100.0,4000.0,4000.0,0.12580649554729462,periodic_150,1.0,1.0,100.0,5000.0,5000.0
sparse_mlp,dysts:Hadley,9,complete,0.000128891333588399,periodic_100,1.0,1.0,100.0,100.0,100.0,0.0018741075182333589,periodic_200,1.0,1.0,100.0,500.0,500.0,0.006564423441886902,periodic_200,1.0,1.0,100.0,1000.0,1000.0,0.014031853526830673,periodic_200,1.0,1.0,100.0,1500.0,1500.0,0.02501293458044529,periodic_200,1.0,1.0,100.0,2000.0,2000.0,0.06033285707235336,periodic_200,1.0,1.0,100.0,3000.0,3000.0,0.1271650642156601,periodic_200,1.0,1.0,100.0,4000.0,4000.0,0.2384861409664154,periodic_200,1.0,1.0,100.0,5000.0,5000.0
sparse_mlp,dysts:Hadley,10,complete,0.0003675887128338218,periodic_100,1.0,1.0,100.0,100.0,100.0,0.004581253044307232,periodic_200,1.0,1.0,100.0,500.0,500.0,0.016745813190937042,periodic_200,1.0,1.0,100.0,1000.0,1000.0,0.03723752126097679,periodic_200,1.0,1.0,100.0,1500.0,1500.0,0.06835588812828064,periodic_200,1.0,1.0,100.0,2000.0,2000.0,0.1693529635667801,periodic_200,1.0,1.0,100.0,3000.0,3000.0,0.3345853090286255,periodic_200,1.0,1.0,100.0,4000.0,4000.0,0.5671591758728027,periodic_200,1.0,1.0,100.0,5000.0,5000.0
sparse_mlp,dysts:Hadley,11,complete,0.00013614243653137237,periodic_100,1.0,1.0,100.0,100.0,100.0,0.0019607064314186573,periodic_200,1.0,1.0,100.0,500.0,500.0,0.007630041800439358,periodic_200,1.0,1.0,100.0,1000.0,1000.0,0.017287949100136757,periodic_200,1.0,1.0,100.0,1500.0,1500.0,0.031274452805519104,periodic_200,1.0,1.0,100.0,2000.0,2000.0,0.07745365053415298,periodic_200,1.0,1.0,100.0,3000.0,3000.0,0.15058980882167816,periodic_200,1.0,1.0,100.0,4000.0,4000.0,0.24209274351596832,periodic_200,1.0,1.0,100.0,5000.0,5000.0
sparse_mlp,dysts:Hadley,12,complete,0.00014797730545978993,periodic_100,1.0,1.0,100.0,100.0,100.0,0.0026747772935777903,periodic_200,1.0,1.0,100.0,500.0,500.0,0.009209221228957176,periodic_200,1.0,1.0,100.0,1000.0,1000.0,0.018622515723109245,periodic_200,1.0,1.0,100.0,1500.0,1500.0,0.030705798417329788,periodic_200,1.0,1.0,100.0,2000.0,2000.0,0.06870416551828384,periodic_200,1.0,1.0,100.0,3000.0,3000.0,0.1412629783153534,periodic_200,1.0,1.0,100.0,4000.0,4000.0,0.2705751061439514,periodic_200,1.0,1.0,100.0,5000.0,5000.0
sparse_mlp,dysts:Hadley,13,complete,0.00010006705269915983,periodic_100,1.0,1.0,100.0,100.0,100.0,0.0016007738886401057,periodic_200,1.0,1.0,100.0,500.0,500.0,0.005692166276276112,periodic_200,1.0,1.0,100.0,1000.0,1000.0,0.012184418737888336,periodic_200,1.0,1.0,100.0,1500.0,1500.0,0.02118980698287487,periodic_200,1.0,1.0,100.0,2000.0,2000.0,0.04718172550201416,periodic_200,1.0,1.0,100.0,3000.0,3000.0,0.0844009667634964,periodic_200,1.0,1.0,100.0,4000.0,4000.0,0.12955446541309357,periodic_200,1.0,1.0,100.0,5000.0,5000.0
sparse_mlp,dysts:Hadley,14,complete,0.00036138322320766747,periodic_100,1.0,1.0,100.0,100.0,100.0,0.004193935543298721,periodic_200,1.0,1.0,100.0,500.0,500.0,0.01381073147058487,periodic_200,1.0,1.0,100.0,1000.0,1000.0,0.028395002707839012,periodic_200,1.0,1.0,100.0,1500.0,1500.0,0.04852188751101494,periodic_200,1.0,1.0,100.0,2000.0,2000.0,0.11454389244318008,periodic_200,1.0,1.0,100.0,3000.0,3000.0,0.24441778659820557,periodic_200,1.0,1.0,100.0,4000.0,4000.0,0.4650081992149353,periodic_200,1.0,1.0,100.0,5000.0,5000.0
sparse_mlp,dysts:LuChenCheng,0,complete,0.00024172799021471292,periodic_100,1.0,1.0,100.0,100.0,100.0,0.0030751789454370737,periodic_200,1.0,1.0,100.0,500.0,500.0,0.0060977996326982975,periodic_200,1.0,1.0,100.0,1000.0,1000.0,0.008302288129925728,periodic_200,1.0,1.0,100.0,1500.0,1500.0,0.010955143719911575,periodic_200,1.0,1.0,100.0,2000.0,2000.0,0.017817197367548943,periodic_200,1.0,1.0,100.0,3000.0,3000.0,0.027598178014159203,periodic_150,1.0,1.0,100.0,4000.0,4000.0,0.04638081416487694,periodic_150,1.0,1.0,100.0,5000.0,5000.0
sparse_mlp,dysts:LuChenCheng,1,complete,6.65552870486863e-05,periodic_100,1.0,1.0,100.0,100.0,100.0,0.0007549597066827118,periodic_200,1.0,1.0,100.0,500.0,500.0,0.0025169753935188055,periodic_200,1.0,1.0,100.0,1000.0,1000.0,0.005797897465527058,periodic_200,1.0,1.0,100.0,1500.0,1500.0,0.011487109586596489,periodic_200,1.0,1.0,100.0,2000.0,2000.0,0.02929074317216873,periodic_200,1.0,1.0,100.0,3000.0,3000.0,0.048255495727062225,periodic_200,1.0,1.0,100.0,4000.0,4000.0,0.0641154795885086,periodic_200,1.0,1.0,100.0,5000.0,5000.0
sparse_mlp,dysts:LuChenCheng,2,complete,0.00013121152005624026,periodic_100,1.0,1.0,100.0,100.0,100.0,0.0018376511288806796,periodic_200,1.0,1.0,100.0,500.0,500.0,0.004230307415127754,periodic_200,1.0,1.0,100.0,1000.0,1000.0,0.005933789536356926,periodic_150,1.0,1.0,100.0,1500.0,1500.0,0.008512602187693119,periodic_150,1.0,1.0,100.0,2000.0,2000.0,0.019915377721190453,periodic_150,1.0,1.0,100.0,3000.0,3000.0,0.05143960937857628,periodic_150,1.0,1.0,100.0,4000.0,4000.0,0.09022638946771622,periodic_100,1.0,1.0,100.0,5000.0,5000.0
sparse_mlp,dysts:LuChenCheng,3,complete,6.51377922622487e-05,periodic_100,1.0,1.0,100.0,100.0,100.0,0.0005881816032342613,periodic_100,1.0,1.0,100.0,500.0,500.0,0.0018071570666506886,periodic_100,1.0,1.0,100.0,1000.0,1000.0,0.004050040617585182,periodic_150,1.0,1.0,100.0,1500.0,1500.0,0.008236135356128216,periodic_200,1.0,1.0,100.0,2000.0,2000.0,0.014689838513731956,periodic_200,1.0,1.0,100.0,3000.0,3000.0,0.02084384858608246,periodic_150,1.0,1.0,100.0,4000.0,4000.0,0.024295715615153313,periodic_150,1.0,1.0,100.0,5000.0,5000.0
sparse_mlp,dysts:LuChenCheng,4,complete,5.5041757150320336e-05,periodic_100,1.0,1.0,100.0,100.0,100.0,0.0009032904636114836,periodic_150,1.0,1.0,100.0,500.0,500.0,0.0037703707348555326,periodic_150,1.0,1.0,100.0,1000.0,1000.0,0.008839474059641361,periodic_150,1.0,1.0,100.0,1500.0,1500.0,0.013945193029940128,periodic_200,1.0,1.0,100.0,2000.0,2000.0,0.02190997451543808,periodic_200,1.0,1.0,100.0,3000.0,3000.0,0.029273830354213715,periodic_200,1.0,1.0,100.0,4000.0,4000.0,0.04766547307372093,periodic_200,1.0,1.0,100.0,5000.0,5000.0
sparse_mlp,dysts:LuChenCheng,5,complete,0.00013654693611897528,periodic_100,1.0,1.0,100.0,100.0,100.0,0.002370682545006275,periodic_100,1.0,1.0,100.0,500.0,500.0,0.009164877235889435,periodic_100,1.0,1.0,100.0,1000.0,1000.0,0.01840505190193653,periodic_100,1.0,1.0,100.0,1500.0,1500.0,0.036531396210193634,periodic_100,1.0,1.0,100.0,2000.0,2000.0,0.08415944129228592,periodic_100,1.0,1.0,100.0,3000.0,3000.0,0.11925533413887024,periodic_100,1.0,1.0,100.0,4000.0,4000.0,0.17012962698936462,periodic_100,1.0,1.0,100.0,5000.0,5000.0
sparse_mlp,dysts:LuChenCheng,6,complete,0.00010176351497648284,periodic_100,1.0,1.0,100.0,100.0,100.0,0.001598726841621101,periodic_200,1.0,1.0,100.0,500.0,500.0,0.005153162404894829,periodic_200,1.0,1.0,100.0,1000.0,1000.0,0.011277670972049236,periodic_200,1.0,1.0,100.0,1500.0,1500.0,0.023547250777482986,periodic_200,1.0,1.0,100.0,2000.0,2000.0,0.0934639722108841,periodic_200,1.0,1.0,100.0,3000.0,3000.0,0.24283196032047272,periodic_100,1.0,1.0,100.0,4000.0,4000.0,0.36543118953704834,periodic_100,1.0,1.0,100.0,5000.0,5000.0
sparse_mlp,dysts:LuChenCheng,7,complete,8.132419316098094e-05,periodic_100,1.0,1.0,100.0,100.0,100.0,0.0009287241846323013,periodic_200,1.0,1.0,100.0,500.0,500.0,0.0021329934243112803,periodic_150,1.0,1.0,100.0,1000.0,1000.0,0.004240986425429583,periodic_200,1.0,1.0,100.0,1500.0,1500.0,0.008142810314893723,periodic_200,1.0,1.0,100.0,2000.0,2000.0,0.016296539455652237,periodic_200,1.0,1.0,100.0,3000.0,3000.0,0.025686679407954216,periodic_200,1.0,1.0,100.0,4000.0,4000.0,0.04159785434603691,periodic_200,1.0,1.0,100.0,5000.0,5000.0
sparse_mlp,dysts:LuChenCheng,8,complete,8.911935583455488e-05,periodic_100,1.0,1.0,100.0,100.0,100.0,0.0014175298856571317,periodic_200,1.0,1.0,100.0,500.0,500.0,0.0058293123729527,periodic_200,1.0,1.0,100.0,1000.0,1000.0,0.016255158931016922,periodic_200,1.0,1.0,100.0,1500.0,1500.0,0.038383930921554565,periodic_200,1.0,1.0,100.0,2000.0,2000.0,0.08090727776288986,periodic_200,1.0,1.0,100.0,3000.0,3000.0,0.12103217840194702,periodic_200,1.0,1.0,100.0,4000.0,4000.0,0.14538583159446716,periodic_150,1.0,1.0,100.0,5000.0,5000.0
sparse_mlp,dysts:LuChenCheng,9,complete,6.994545401539654e-05,periodic_100,1.0,1.0,100.0,100.0,100.0,0.0013732959050685167,periodic_200,1.0,1.0,100.0,500.0,500.0,0.004519341979175806,periodic_200,1.0,1.0,100.0,1000.0,1000.0,0.010711529292166233,periodic_200,1.0,1.0,100.0,1500.0,1500.0,0.022615501657128334,periodic_200,1.0,1.0,100.0,2000.0,2000.0,0.07130679488182068,periodic_200,1.0,1.0,100.0,3000.0,3000.0,0.13787910342216492,periodic_200,1.0,1.0,100.0,4000.0,4000.0,0.17736907303333282,periodic_200,1.0,1.0,100.0,5000.0,5000.0
sparse_mlp,dysts:LuChenCheng,10,complete,0.00017742186901159585,periodic_100,1.0,1.0,100.0,100.0,100.0,0.0029169395565986633,periodic_200,1.0,1.0,100.0,500.0,500.0,0.008908841758966446,periodic_200,1.0,1.0,100.0,1000.0,1000.0,0.01927066035568714,periodic_200,1.0,1.0,100.0,1500.0,1500.0,0.03468434140086174,periodic_200,1.0,1.0,100.0,2000.0,2000.0,0.12696203589439392,periodic_200,1.0,1.0,100.0,3000.0,3000.0,0.22694164514541626,periodic_200,1.0,1.0,100.0,4000.0,4000.0,0.3767441511154175,periodic_150,1.0,1.0,100.0,5000.0,5000.0
sparse_mlp,dysts:LuChenCheng,11,complete,8.068927854765207e-05,periodic_100,1.0,1.0,100.0,100.0,100.0,0.0010552310850471258,periodic_200,1.0,1.0,100.0,500.0,500.0,0.003242537612095475,periodic_200,1.0,1.0,100.0,1000.0,1000.0,0.006401093676686287,periodic_200,1.0,1.0,100.0,1500.0,1500.0,0.01348968967795372,periodic_200,1.0,1.0,100.0,2000.0,2000.0,0.04100128635764122,periodic_200,1.0,1.0,100.0,3000.0,3000.0,0.09204433113336563,periodic_200,1.0,1.0,100.0,4000.0,4000.0,0.1537485271692276,periodic_200,1.0,1.0,100.0,5000.0,5000.0
sparse_mlp,dysts:LuChenCheng,12,complete,0.00012874798267148435,periodic_100,1.0,1.0,100.0,100.0,100.0,0.0013931647408753633,periodic_200,1.0,1.0,100.0,500.0,500.0,0.0034953453578054905,periodic_200,1.0,1.0,100.0,1000.0,1000.0,0.006999375764280558,periodic_200,1.0,1.0,100.0,1500.0,1500.0,0.010954109020531178,periodic_200,1.0,1.0,100.0,2000.0,2000.0,0.015225721523165703,periodic_200,1.0,1.0,100.0,3000.0,3000.0,0.030197177082300186,periodic_200,1.0,1.0,100.0,4000.0,4000.0,0.07780935615301132,periodic_200,1.0,1.0,100.0,5000.0,5000.0
sparse_mlp,dysts:LuChenCheng,13,complete,0.00015035210526548326,periodic_100,1.0,1.0,100.0,100.0,100.0,0.002163141733035445,periodic_150,1.0,1.0,100.0,500.0,500.0,0.006253323517739773,periodic_150,1.0,1.0,100.0,1000.0,1000.0,0.011618210934102535,periodic_200,1.0,1.0,100.0,1500.0,1500.0,0.0228608138859272,periodic_200,1.0,1.0,100.0,2000.0,2000.0,0.06984220445156097,periodic_200,1.0,1.0,100.0,3000.0,3000.0,0.10950402170419693,periodic_200,1.0,1.0,100.0,4000.0,4000.0,0.19640029966831207,periodic_200,1.0,1.0,100.0,5000.0,5000.0
sparse_mlp,dysts:LuChenCheng,14,complete,0.00011066838487749919,periodic_100,1.0,1.0,100.0,100.0,100.0,0.001454949495382607,periodic_200,1.0,1.0,100.0,500.0,500.0,0.005008893087506294,periodic_200,1.0,1.0,100.0,1000.0,1000.0,0.009500249288976192,periodic_150,1.0,1.0,100.0,1500.0,1500.0,0.015187688171863556,periodic_150,1.0,1.0,100.0,2000.0,2000.0,0.03615328669548035,periodic_150,1.0,1.0,100.0,3000.0,3000.0,0.09704997390508652,periodic_150,1.0,1.0,100.0,4000.0,4000.0,0.226357102394104,periodic_200,1.0,1.0,100.0,5000.0,5000.0
sparse_mlp,dysts:QiChen,0,complete,0.003980371635407209,periodic_100,1.0,1.0,100.0,100.0,100.0,0.03254590183496475,periodic_100,1.0,1.0,100.0,500.0,500.0,0.09971413761377335,periodic_50,1.0,1.0,100.0,1000.0,1000.0,0.24313540756702423,periodic_100,1.0,1.0,100.0,1500.0,1500.0,0.4824264943599701,periodic_100,1.0,1.0,100.0,2000.0,2000.0,1.2114912271499634,periodic_100,1.0,1.0,100.0,3000.0,3000.0,1.6514410972595215,periodic_100,1.0,1.0,100.0,4000.0,4000.0,2.277374505996704,periodic_100,1.0,1.0,100.0,5000.0,5000.0
sparse_mlp,dysts:QiChen,1,complete,0.00027549482183530927,periodic_100,1.0,1.0,100.0,100.0,100.0,0.004347852896898985,periodic_150,1.0,1.0,100.0,500.0,500.0,0.017121367156505585,periodic_100,1.0,1.0,100.0,1000.0,1000.0,0.06094393879175186,periodic_100,1.0,1.0,100.0,1500.0,1500.0,0.3019927144050598,periodic_50,1.0,1.0,100.0,2000.0,2000.0,0.9238495826721191,periodic_200,1.0,1.0,100.0,3000.0,3000.0,1.1553727388381958,periodic_200,1.0,1.0,100.0,4000.0,4000.0,1.3746925592422485,periodic_200,1.0,1.0,100.0,5000.0,5000.0
sparse_mlp,dysts:QiChen,2,complete,0.0001666342286625877,periodic_100,1.0,1.0,100.0,100.0,100.0,0.0027109605725854635,periodic_100,1.0,1.0,100.0,500.0,500.0,0.01047928910702467,periodic_150,1.0,1.0,100.0,1000.0,1000.0,0.023662328720092773,periodic_150,1.0,1.0,100.0,1500.0,1500.0,0.041762575507164,periodic_200,1.0,1.0,100.0,2000.0,2000.0,0.20606526732444763,periodic_200,1.0,1.0,100.0,3000.0,3000.0,0.31255656480789185,periodic_200,1.0,1.0,100.0,4000.0,4000.0,0.4147300720214844,periodic_200,1.0,1.0,100.0,5000.0,5000.0
sparse_mlp,dysts:QiChen,3,complete,0.00016339943977072835,periodic_100,1.0,1.0,100.0,100.0,100.0,0.001861543394625187,periodic_200,1.0,1.0,100.0,500.0,500.0,0.0059078149497509,periodic_200,1.0,1.0,100.0,1000.0,1000.0,0.01451612263917923,periodic_200,1.0,1.0,100.0,1500.0,1500.0,0.03765146806836128,periodic_200,1.0,1.0,100.0,2000.0,2000.0,0.10865718871355057,periodic_150,1.0,1.0,100.0,3000.0,3000.0,0.234486922621727,periodic_100,1.0,1.0,100.0,4000.0,4000.0,0.362183153629303,periodic_150,1.0,1.0,100.0,5000.0,5000.0
sparse_mlp,dysts:QiChen,4,complete,9.520285675534979e-05,periodic_100,1.0,1.0,100.0,100.0,100.0,0.0017119565745815635,periodic_100,1.0,1.0,100.0,500.0,500.0,0.0040684356354177,periodic_150,1.0,1.0,100.0,1000.0,1000.0,0.008655071258544922,periodic_200,1.0,1.0,100.0,1500.0,1500.0,0.020610593259334564,periodic_200,1.0,1.0,100.0,2000.0,2000.0,0.1741592437028885,periodic_200,1.0,1.0,100.0,3000.0,3000.0,0.4739658236503601,periodic_200,1.0,1.0,100.0,4000.0,4000.0,0.6485810279846191,periodic_200,1.0,1.0,100.0,5000.0,5000.0
sparse_mlp,dysts:QiChen,5,complete,0.00014981001731939614,periodic_100,1.0,1.0,100.0,100.0,100.0,0.002711973851546645,periodic_150,1.0,1.0,100.0,500.0,500.0,0.008234713226556778,periodic_100,1.0,1.0,100.0,1000.0,1000.0,0.014179463498294353,periodic_200,1.0,1.0,100.0,1500.0,1500.0,0.026003284379839897,periodic_200,1.0,1.0,100.0,2000.0,2000.0,0.09281077235937119,periodic_200,1.0,1.0,100.0,3000.0,3000.0,0.40528038144111633,periodic_200,1.0,1.0,100.0,4000.0,4000.0,0.5721921920776367,periodic_200,1.0,1.0,100.0,5000.0,5000.0
sparse_mlp,dysts:QiChen,6,complete,0.00022315670503303409,periodic_100,1.0,1.0,100.0,100.0,100.0,0.003138188039883971,periodic_150,1.0,1.0,100.0,500.0,500.0,0.0066235363483428955,periodic_150,1.0,1.0,100.0,1000.0,1000.0,0.009818521328270435,periodic_150,1.0,1.0,100.0,1500.0,1500.0,0.017358602955937386,periodic_150,1.0,1.0,100.0,2000.0,2000.0,0.05379253998398781,periodic_200,1.0,1.0,100.0,3000.0,3000.0,0.20491023361682892,periodic_200,1.0,1.0,100.0,4000.0,4000.0,0.5685933828353882,periodic_200,1.0,1.0,100.0,5000.0,5000.0
sparse_mlp,dysts:QiChen,7,complete,0.00016743209562264383,periodic_100,1.0,1.0,100.0,100.0,100.0,0.0031745650339871645,periodic_100,1.0,1.0,100.0,500.0,500.0,0.011960671283304691,periodic_200,1.0,1.0,100.0,1000.0,1000.0,0.02988356538116932,periodic_200,1.0,1.0,100.0,1500.0,1500.0,0.05506846308708191,periodic_200,1.0,1.0,100.0,2000.0,2000.0,0.22179540991783142,periodic_200,1.0,1.0,100.0,3000.0,3000.0,0.6719266772270203,periodic_50,1.0,1.0,100.0,4000.0,4000.0,0.8183196783065796,periodic_150,1.0,1.0,100.0,5000.0,5000.0
sparse_mlp,dysts:QiChen,8,complete,0.00015196375898085535,periodic_100,1.0,1.0,100.0,100.0,100.0,0.00230868230573833,periodic_100,1.0,1.0,100.0,500.0,500.0,0.008132466115057468,periodic_100,1.0,1.0,100.0,1000.0,1000.0,0.015303561463952065,periodic_100,1.0,1.0,100.0,1500.0,1500.0,0.01833694614470005,periodic_100,1.0,1.0,100.0,2000.0,2000.0,0.04730188846588135,periodic_150,1.0,1.0,100.0,3000.0,3000.0,0.1897578090429306,periodic_150,1.0,1.0,100.0,4000.0,4000.0,0.3196207880973816,periodic_150,1.0,1.0,100.0,5000.0,5000.0
sparse_mlp,dysts:QiChen,9,complete,0.0011614563409239054,periodic_100,1.0,1.0,100.0,100.0,100.0,0.02030699886381626,periodic_150,1.0,1.0,100.0,500.0,500.0,0.0696963518857956,periodic_150,1.0,1.0,100.0,1000.0,1000.0,0.11741451919078827,periodic_150,1.0,1.0,100.0,1500.0,1500.0,0.17335079610347748,periodic_200,1.0,1.0,100.0,2000.0,2000.0,0.4230899512767792,periodic_200,1.0,1.0,100.0,3000.0,3000.0,0.6809303760528564,periodic_200,1.0,1.0,100.0,4000.0,4000.0,1.0350021123886108,periodic_200,1.0,1.0,100.0,5000.0,5000.0
sparse_mlp,dysts:QiChen,10,complete,0.0001317612041020766,periodic_100,1.0,1.0,100.0,100.0,100.0,0.002387232845649123,periodic_150,1.0,1.0,100.0,500.0,500.0,0.008932306431233883,periodic_200,1.0,1.0,100.0,1000.0,1000.0,0.022804398089647293,periodic_200,1.0,1.0,100.0,1500.0,1500.0,0.04824404418468475,periodic_150,1.0,1.0,100.0,2000.0,2000.0,0.11330877989530563,periodic_150,1.0,1.0,100.0,3000.0,3000.0,0.26611289381980896,periodic_200,1.0,1.0,100.0,4000.0,4000.0,0.48636969923973083,periodic_200,1.0,1.0,100.0,5000.0,5000.0
sparse_mlp,dysts:QiChen,11,complete,8.13455626484938e-05,periodic_100,1.0,1.0,100.0,100.0,100.0,0.001186169101856649,periodic_150,1.0,1.0,100.0,500.0,500.0,0.006978592369705439,periodic_100,1.0,1.0,100.0,1000.0,1000.0,0.014927336946129799,periodic_100,1.0,1.0,100.0,1500.0,1500.0,0.022937331348657608,periodic_100,1.0,1.0,100.0,2000.0,2000.0,0.05542375519871712,periodic_100,1.0,1.0,100.0,3000.0,3000.0,0.2617507576942444,periodic_100,1.0,1.0,100.0,4000.0,4000.0,0.3894655108451843,periodic_150,1.0,1.0,100.0,5000.0,5000.0
sparse_mlp,dysts:QiChen,12,complete,8.847076242091134e-05,periodic_100,1.0,1.0,100.0,100.0,100.0,0.001342239324003458,periodic_150,1.0,1.0,100.0,500.0,500.0,0.00740427989512682,periodic_150,1.0,1.0,100.0,1000.0,1000.0,0.03897647559642792,periodic_200,1.0,1.0,100.0,1500.0,1500.0,0.17043079435825348,periodic_200,1.0,1.0,100.0,2000.0,2000.0,0.27882063388824463,periodic_200,1.0,1.0,100.0,3000.0,3000.0,0.7135154604911804,periodic_200,1.0,1.0,100.0,4000.0,4000.0,0.9355942010879517,periodic_100,1.0,1.0,100.0,5000.0,5000.0
sparse_mlp,dysts:QiChen,13,complete,0.0001319914445048198,periodic_100,1.0,1.0,100.0,100.0,100.0,0.002380348974838853,periodic_100,1.0,1.0,100.0,500.0,500.0,0.008860827423632145,periodic_200,1.0,1.0,100.0,1000.0,1000.0,0.016773812472820282,periodic_150,1.0,1.0,100.0,1500.0,1500.0,0.031475916504859924,periodic_150,1.0,1.0,100.0,2000.0,2000.0,0.06536900997161865,periodic_100,1.0,1.0,100.0,3000.0,3000.0,0.20410163700580597,periodic_100,1.0,1.0,100.0,4000.0,4000.0,0.4625738561153412,periodic_150,1.0,1.0,100.0,5000.0,5000.0
sparse_mlp,dysts:QiChen,14,complete,0.00014326165546663105,periodic_100,1.0,1.0,100.0,100.0,100.0,0.001828109030611813,periodic_50,1.0,1.0,100.0,500.0,500.0,0.0037258744705468416,periodic_100,1.0,1.0,100.0,1000.0,1000.0,0.006046999245882034,periodic_100,1.0,1.0,100.0,1500.0,1500.0,0.009358083829283714,periodic_100,1.0,1.0,100.0,2000.0,2000.0,0.04156794026494026,periodic_100,1.0,1.0,100.0,3000.0,3000.0,0.14628252387046814,periodic_200,1.0,1.0,100.0,4000.0,4000.0,0.4515443444252014,periodic_200,1.0,1.0,100.0,5000.0,5000.0
sparse_mlp,dysts:Sakarya,0,complete,0.000649826368317008,periodic_50,1.0,1.0,100.0,100.0,100.0,0.008789289742708206,periodic_25,1.0,1.0,100.0,500.0,500.0,0.015476282685995102,periodic_50,1.0,1.0,100.0,1000.0,1000.0,0.03743070736527443,periodic_50,1.0,1.0,100.0,1500.0,1500.0,0.05926792323589325,periodic_50,1.0,1.0,100.0,2000.0,2000.0,0.17454677820205688,periodic_50,1.0,1.0,100.0,3000.0,3000.0,0.44730663299560547,periodic_50,1.0,1.0,100.0,4000.0,4000.0,1.0748987197875977,periodic_50,1.0,1.0,100.0,5000.0,5000.0
sparse_mlp,dysts:Sakarya,1,complete,0.0005514395888894796,periodic_100,1.0,1.0,100.0,100.0,100.0,0.006356308236718178,periodic_100,1.0,1.0,100.0,500.0,500.0,0.021747540682554245,periodic_100,1.0,1.0,100.0,1000.0,1000.0,0.08620156347751617,periodic_50,1.0,1.0,100.0,1500.0,1500.0,0.16383564472198486,periodic_50,1.0,1.0,100.0,2000.0,2000.0,0.4994690716266632,periodic_100,1.0,1.0,100.0,3000.0,3000.0,0.9078207612037659,periodic_100,1.0,1.0,100.0,4000.0,4000.0,1.4068180322647095,periodic_50,1.0,1.0,100.0,5000.0,5000.0
sparse_mlp,dysts:Sakarya,2,complete,0.0010991463204845786,periodic_50,1.0,1.0,100.0,100.0,100.0,0.030656419694423676,periodic_100,1.0,1.0,100.0,500.0,500.0,0.07172930985689163,periodic_100,1.0,1.0,100.0,1000.0,1000.0,0.16719649732112885,periodic_100,1.0,1.0,100.0,1500.0,1500.0,0.27116063237190247,periodic_100,1.0,1.0,100.0,2000.0,2000.0,0.787832498550415,periodic_100,1.0,1.0,100.0,3000.0,3000.0,1.348609209060669,periodic_50,1.0,1.0,100.0,4000.0,4000.0,2.0048727989196777,periodic_50,1.0,1.0,100.0,5000.0,5000.0
sparse_mlp,dysts:Sakarya,3,complete,0.0001391953119309619,periodic_25,1.0,1.0,100.0,100.0,100.0,0.0021017284598201513,periodic_25,1.0,1.0,100.0,500.0,500.0,0.008059170097112656,periodic_50,1.0,1.0,100.0,1000.0,1000.0,0.03045698255300522,periodic_25,1.0,1.0,100.0,1500.0,1500.0,0.07069962471723557,periodic_200,1.0,1.0,100.0,2000.0,2000.0,0.22325004637241364,periodic_150,1.0,1.0,100.0,3000.0,3000.0,0.41221484541893005,periodic_50,1.0,1.0,100.0,4000.0,4000.0,0.5295303463935852,periodic_50,1.0,1.0,100.0,5000.0,5000.0
sparse_mlp,dysts:Sakarya,4,complete,0.02046314626932144,periodic_25,1.0,1.0,100.0,100.0,100.0,0.24712224304676056,periodic_25,1.0,1.0,100.0,500.0,500.0,0.5417393445968628,periodic_25,1.0,1.0,100.0,1000.0,1000.0,1.0209088325500488,periodic_50,1.0,1.0,100.0,1500.0,1500.0,1.3306167125701904,periodic_100,1.0,1.0,100.0,2000.0,2000.0,1.6971421241760254,periodic_200,1.0,1.0,100.0,3000.0,3000.0,1.9371343851089478,periodic_200,1.0,1.0,100.0,4000.0,4000.0,2.1453137397766113,periodic_200,1.0,1.0,100.0,5000.0,5000.0
sparse_mlp,dysts:Sakarya,5,complete,0.00017564282461535186,periodic_50,1.0,1.0,100.0,100.0,100.0,0.003439076477661729,periodic_50,1.0,1.0,100.0,500.0,500.0,0.01308426633477211,periodic_25,1.0,1.0,100.0,1000.0,1000.0,0.02327892743051052,periodic_50,1.0,1.0,100.0,1500.0,1500.0,0.05141035467386246,periodic_50,1.0,1.0,100.0,2000.0,2000.0,0.1291009485721588,periodic_50,1.0,1.0,100.0,3000.0,3000.0,0.20854437351226807,periodic_50,1.0,1.0,100.0,4000.0,4000.0,0.3985973596572876,periodic_50,1.0,1.0,100.0,5000.0,5000.0
sparse_mlp,dysts:Sakarya,6,complete,0.0008171540684998035,periodic_50,1.0,1.0,100.0,100.0,100.0,0.011498700827360153,periodic_25,1.0,1.0,100.0,500.0,500.0,0.02878674492239952,periodic_50,1.0,1.0,100.0,1000.0,1000.0,0.07363147288560867,periodic_50,1.0,1.0,100.0,1500.0,1500.0,0.17958851158618927,periodic_50,1.0,1.0,100.0,2000.0,2000.0,0.39053675532341003,periodic_150,1.0,1.0,100.0,3000.0,3000.0,0.7114843130111694,periodic_150,1.0,1.0,100.0,4000.0,4000.0,1.298825979232788,periodic_100,1.0,1.0,100.0,5000.0,5000.0
sparse_mlp,dysts:Sakarya,7,complete,0.00029455681215040386,periodic_50,1.0,1.0,100.0,100.0,100.0,0.0059831393882632256,periodic_50,1.0,1.0,100.0,500.0,500.0,0.025421885773539543,periodic_50,1.0,1.0,100.0,1000.0,1000.0,0.06116647645831108,periodic_50,1.0,1.0,100.0,1500.0,1500.0,0.10772082209587097,periodic_50,1.0,1.0,100.0,2000.0,2000.0,0.332988977432251,periodic_50,1.0,1.0,100.0,3000.0,3000.0,0.8201336860656738,periodic_150,1.0,1.0,100.0,4000.0,4000.0,1.3614059686660767,periodic_50,1.0,1.0,100.0,5000.0,5000.0
sparse_mlp,dysts:Sakarya,8,complete,0.00024725773255340755,periodic_100,1.0,1.0,100.0,100.0,100.0,0.004729303065687418,periodic_200,1.0,1.0,100.0,500.0,500.0,0.013102428056299686,periodic_200,1.0,1.0,100.0,1000.0,1000.0,0.02989775501191616,periodic_200,1.0,1.0,100.0,1500.0,1500.0,0.08365236222743988,periodic_200,1.0,1.0,100.0,2000.0,2000.0,0.20112556219100952,periodic_200,1.0,1.0,100.0,3000.0,3000.0,0.34397026896476746,periodic_200,1.0,1.0,100.0,4000.0,4000.0,0.6610581874847412,periodic_150,1.0,1.0,100.0,5000.0,5000.0
sparse_mlp,dysts:Sakarya,9,complete,0.018658146262168884,periodic_10,1.0,1.0,100.0,100.0,100.0,0.3101140856742859,periodic_10,1.0,1.0,100.0,500.0,500.0,1.0584766864776611,periodic_200,1.0,1.0,100.0,1000.0,1000.0,1.5281317234039307,periodic_200,1.0,1.0,100.0,1500.0,1500.0,1.813883662223816,periodic_100,1.0,1.0,100.0,2000.0,2000.0,2.0119028091430664,periodic_100,1.0,1.0,100.0,3000.0,3000.0,2.1717758178710938,periodic_100,1.0,1.0,100.0,4000.0,4000.0,2.5751099586486816,periodic_100,1.0,1.0,100.0,5000.0,5000.0
sparse_mlp,dysts:Sakarya,10,complete,0.0006424665916711092,periodic_100,1.0,1.0,100.0,100.0,100.0,0.009633510373532772,periodic_50,1.0,1.0,100.0,500.0,500.0,0.0233470369130373,periodic_50,1.0,1.0,100.0,1000.0,1000.0,0.04673272743821144,periodic_50,1.0,1.0,100.0,1500.0,1500.0,0.09340163320302963,periodic_50,1.0,1.0,100.0,2000.0,2000.0,0.6466954946517944,periodic_50,1.0,1.0,100.0,3000.0,3000.0,1.2888182401657104,periodic_25,1.0,1.0,100.0,4000.0,4000.0,1.6261661052703857,periodic_25,1.0,1.0,100.0,5000.0,5000.0
sparse_mlp,dysts:Sakarya,11,complete,0.00020629941718652844,periodic_50,1.0,1.0,100.0,100.0,100.0,0.00359216402284801,periodic_50,1.0,1.0,100.0,500.0,500.0,0.013812925666570663,periodic_100,1.0,1.0,100.0,1000.0,1000.0,0.03498518094420433,periodic_200,1.0,1.0,100.0,1500.0,1500.0,0.06792166084051132,periodic_200,1.0,1.0,100.0,2000.0,2000.0,0.20430320501327515,periodic_200,1.0,1.0,100.0,3000.0,3000.0,0.34712204337120056,periodic_50,1.0,1.0,100.0,4000.0,4000.0,0.5588071942329407,periodic_50,1.0,1.0,100.0,5000.0,5000.0
sparse_mlp,dysts:Sakarya,12,complete,0.00026764566428028047,periodic_50,1.0,1.0,100.0,100.0,100.0,0.003372115083038807,periodic_150,1.0,1.0,100.0,500.0,500.0,0.007786240428686142,periodic_150,1.0,1.0,100.0,1000.0,1000.0,0.01704011857509613,periodic_150,1.0,1.0,100.0,1500.0,1500.0,0.10398513078689575,periodic_150,1.0,1.0,100.0,2000.0,2000.0,0.2996688485145569,periodic_100,1.0,1.0,100.0,3000.0,3000.0,0.4199701249599457,periodic_100,1.0,1.0,100.0,4000.0,4000.0,0.8289048671722412,periodic_100,1.0,1.0,100.0,5000.0,5000.0
sparse_mlp,dysts:Sakarya,13,complete,0.033602405339479446,periodic_100,1.0,1.0,100.0,100.0,100.0,0.4944275915622711,periodic_25,1.0,1.0,100.0,500.0,500.0,0.8280743956565857,periodic_25,1.0,1.0,100.0,1000.0,1000.0,1.0735092163085938,periodic_25,1.0,1.0,100.0,1500.0,1500.0,1.4049714803695679,periodic_50,1.0,1.0,100.0,2000.0,2000.0,1.8673046827316284,periodic_50,1.0,1.0,100.0,3000.0,3000.0,2.606489658355713,periodic_50,1.0,1.0,100.0,4000.0,4000.0,3.429492235183716,periodic_100,1.0,1.0,100.0,5000.0,5000.0
sparse_mlp,dysts:Sakarya,14,complete,0.0005268433596938848,periodic_50,1.0,1.0,100.0,100.0,100.0,0.02921375259757042,periodic_50,1.0,1.0,100.0,500.0,500.0,0.044345635920763016,periodic_50,1.0,1.0,100.0,1000.0,1000.0,0.07479024678468704,periodic_100,1.0,1.0,100.0,1500.0,1500.0,0.0926210954785347,periodic_100,1.0,1.0,100.0,2000.0,2000.0,0.14358849823474884,periodic_50,1.0,1.0,100.0,3000.0,3000.0,0.20789232850074768,periodic_50,1.0,1.0,100.0,4000.0,4000.0,0.6461471319198608,periodic_50,1.0,1.0,100.0,5000.0,5000.0
sparse_mlp,dysts:SanUmSrisuchinwong,0,complete,0.00011471830657683313,periodic_100,1.0,1.0,100.0,100.0,100.0,0.002064904198050499,periodic_150,1.0,1.0,100.0,500.0,500.0,0.006993948016315699,periodic_150,1.0,1.0,100.0,1000.0,1000.0,0.014922011643648148,periodic_150,1.0,1.0,100.0,1500.0,1500.0,0.025556335225701332,periodic_150,1.0,1.0,100.0,2000.0,2000.0,0.0662514939904213,periodic_150,1.0,1.0,100.0,3000.0,3000.0,0.19548265635967255,periodic_150,1.0,1.0,100.0,4000.0,4000.0,0.3735927641391754,periodic_100,1.0,1.0,100.0,5000.0,5000.0
sparse_mlp,dysts:SanUmSrisuchinwong,1,complete,0.0001528393622720614,periodic_100,1.0,1.0,100.0,100.0,100.0,0.0024965705815702677,periodic_200,1.0,1.0,100.0,500.0,500.0,0.01152169331908226,periodic_200,1.0,1.0,100.0,1000.0,1000.0,0.04843173176050186,periodic_200,1.0,1.0,100.0,1500.0,1500.0,0.18879543244838715,periodic_200,1.0,1.0,100.0,2000.0,2000.0,0.6316921710968018,periodic_200,1.0,1.0,100.0,3000.0,3000.0,0.9143496751785278,periodic_200,1.0,1.0,100.0,4000.0,4000.0,1.0484554767608643,periodic_200,1.0,1.0,100.0,5000.0,5000.0
sparse_mlp,dysts:SanUmSrisuchinwong,2,complete,0.00013068800035398453,periodic_100,1.0,1.0,100.0,100.0,100.0,0.004113879986107349,periodic_150,1.0,1.0,100.0,500.0,500.0,0.014554079622030258,periodic_150,1.0,1.0,100.0,1000.0,1000.0,0.022174611687660217,periodic_150,1.0,1.0,100.0,1500.0,1500.0,0.03444128856062889,periodic_200,1.0,1.0,100.0,2000.0,2000.0,0.15896785259246826,periodic_200,1.0,1.0,100.0,3000.0,3000.0,0.36996155977249146,periodic_150,1.0,1.0,100.0,4000.0,4000.0,0.46624213457107544,periodic_150,1.0,1.0,100.0,5000.0,5000.0
sparse_mlp,dysts:SanUmSrisuchinwong,3,complete,0.00016217540542129427,periodic_100,1.0,1.0,100.0,100.0,100.0,0.002805393422022462,periodic_150,1.0,1.0,100.0,500.0,500.0,0.011293736286461353,periodic_150,1.0,1.0,100.0,1000.0,1000.0,0.03282562270760536,periodic_200,1.0,1.0,100.0,1500.0,1500.0,0.1182292103767395,periodic_200,1.0,1.0,100.0,2000.0,2000.0,0.4334125816822052,periodic_200,1.0,1.0,100.0,3000.0,3000.0,0.6806280612945557,periodic_200,1.0,1.0,100.0,4000.0,4000.0,0.8228740692138672,periodic_200,1.0,1.0,100.0,5000.0,5000.0
sparse_mlp,dysts:SanUmSrisuchinwong,4,complete,0.00010085929534398019,periodic_100,1.0,1.0,100.0,100.0,100.0,0.0015363757265731692,periodic_150,1.0,1.0,100.0,500.0,500.0,0.0054533882066607475,periodic_150,1.0,1.0,100.0,1000.0,1000.0,0.012747942470014095,periodic_150,1.0,1.0,100.0,1500.0,1500.0,0.024143772199749947,periodic_150,1.0,1.0,100.0,2000.0,2000.0,0.07975850254297256,periodic_150,1.0,1.0,100.0,3000.0,3000.0,0.29710137844085693,periodic_150,1.0,1.0,100.0,4000.0,4000.0,0.4436914920806885,periodic_150,1.0,1.0,100.0,5000.0,5000.0
sparse_mlp,dysts:SanUmSrisuchinwong,5,complete,0.00024002559075597674,periodic_100,1.0,1.0,100.0,100.0,100.0,0.003906943369656801,periodic_200,1.0,1.0,100.0,500.0,500.0,0.02275131270289421,periodic_200,1.0,1.0,100.0,1000.0,1000.0,0.14483393728733063,periodic_200,1.0,1.0,100.0,1500.0,1500.0,0.3736117482185364,periodic_200,1.0,1.0,100.0,2000.0,2000.0,0.3700169324874878,periodic_200,1.0,1.0,100.0,3000.0,3000.0,0.44180652499198914,periodic_150,1.0,1.0,100.0,4000.0,4000.0,0.6593731045722961,periodic_200,1.0,1.0,100.0,5000.0,5000.0
sparse_mlp,dysts:SanUmSrisuchinwong,6,complete,0.0001883543882286176,periodic_100,1.0,1.0,100.0,100.0,100.0,0.002522502327337861,periodic_200,1.0,1.0,100.0,500.0,500.0,0.007240453269332647,periodic_200,1.0,1.0,100.0,1000.0,1000.0,0.015720970928668976,periodic_200,1.0,1.0,100.0,1500.0,1500.0,0.03252541646361351,periodic_200,1.0,1.0,100.0,2000.0,2000.0,0.2405969798564911,periodic_200,1.0,1.0,100.0,3000.0,3000.0,0.4437408745288849,periodic_200,1.0,1.0,100.0,4000.0,4000.0,0.5301705002784729,periodic_200,1.0,1.0,100.0,5000.0,5000.0
sparse_mlp,dysts:SanUmSrisuchinwong,7,complete,0.0002526768366806209,periodic_100,1.0,1.0,100.0,100.0,100.0,0.004697481170296669,periodic_200,1.0,1.0,100.0,500.0,500.0,0.02109823375940323,periodic_200,1.0,1.0,100.0,1000.0,1000.0,0.06683585792779922,periodic_200,1.0,1.0,100.0,1500.0,1500.0,0.1635420173406601,periodic_200,1.0,1.0,100.0,2000.0,2000.0,0.5354145169258118,periodic_200,1.0,1.0,100.0,3000.0,3000.0,0.7448341250419617,periodic_200,1.0,1.0,100.0,4000.0,4000.0,1.0909359455108643,periodic_200,1.0,1.0,100.0,5000.0,5000.0
sparse_mlp,dysts:SanUmSrisuchinwong,8,complete,0.000220674613956362,periodic_100,1.0,1.0,100.0,100.0,100.0,0.0035807013045996428,periodic_200,1.0,1.0,100.0,500.0,500.0,0.013245794922113419,periodic_200,1.0,1.0,100.0,1000.0,1000.0,0.04223906621336937,periodic_200,1.0,1.0,100.0,1500.0,1500.0,0.16154903173446655,periodic_200,1.0,1.0,100.0,2000.0,2000.0,0.5962432622909546,periodic_200,1.0,1.0,100.0,3000.0,3000.0,1.2193351984024048,periodic_200,1.0,1.0,100.0,4000.0,4000.0,1.3833311796188354,periodic_200,1.0,1.0,100.0,5000.0,5000.0
sparse_mlp,dysts:SanUmSrisuchinwong,9,complete,0.00019033630087506026,periodic_100,1.0,1.0,100.0,100.0,100.0,0.004155625589191914,periodic_200,1.0,1.0,100.0,500.0,500.0,0.014250805601477623,periodic_200,1.0,1.0,100.0,1000.0,1000.0,0.033241067081689835,periodic_200,1.0,1.0,100.0,1500.0,1500.0,0.07220497727394104,periodic_200,1.0,1.0,100.0,2000.0,2000.0,0.28546851873397827,periodic_100,1.0,1.0,100.0,3000.0,3000.0,0.6565895080566406,periodic_100,1.0,1.0,100.0,4000.0,4000.0,1.1983058452606201,periodic_100,1.0,1.0,100.0,5000.0,5000.0
sparse_mlp,dysts:SanUmSrisuchinwong,10,complete,0.00020211808441672474,periodic_100,1.0,1.0,100.0,100.0,100.0,0.0032341775950044394,periodic_150,1.0,1.0,100.0,500.0,500.0,0.013151384890079498,periodic_200,1.0,1.0,100.0,1000.0,1000.0,0.06994028389453888,periodic_200,1.0,1.0,100.0,1500.0,1500.0,0.3091631233692169,periodic_200,1.0,1.0,100.0,2000.0,2000.0,0.6373751759529114,periodic_200,1.0,1.0,100.0,3000.0,3000.0,0.9163281917572021,periodic_200,1.0,1.0,100.0,4000.0,4000.0,1.2428935766220093,periodic_200,1.0,1.0,100.0,5000.0,5000.0
sparse_mlp,dysts:SanUmSrisuchinwong,11,complete,0.00019730279745999724,periodic_100,1.0,1.0,100.0,100.0,100.0,0.003416033461689949,periodic_150,1.0,1.0,100.0,500.0,500.0,0.011594832874834538,periodic_150,1.0,1.0,100.0,1000.0,1000.0,0.024907030165195465,periodic_150,1.0,1.0,100.0,1500.0,1500.0,0.04124531149864197,periodic_200,1.0,1.0,100.0,2000.0,2000.0,0.11098629981279373,periodic_200,1.0,1.0,100.0,3000.0,3000.0,0.3523730933666229,periodic_200,1.0,1.0,100.0,4000.0,4000.0,0.5880140066146851,periodic_200,1.0,1.0,100.0,5000.0,5000.0
sparse_mlp,dysts:SanUmSrisuchinwong,12,complete,0.0008382406085729599,periodic_100,1.0,1.0,100.0,100.0,100.0,0.010049627162516117,periodic_200,1.0,1.0,100.0,500.0,500.0,0.023929815739393234,periodic_200,1.0,1.0,100.0,1000.0,1000.0,0.041448093950748444,periodic_200,1.0,1.0,100.0,1500.0,1500.0,0.05597439408302307,periodic_200,1.0,1.0,100.0,2000.0,2000.0,0.08097635954618454,periodic_200,1.0,1.0,100.0,3000.0,3000.0,0.14194610714912415,periodic_200,1.0,1.0,100.0,4000.0,4000.0,0.3228439390659332,periodic_200,1.0,1.0,100.0,5000.0,5000.0
sparse_mlp,dysts:SanUmSrisuchinwong,13,complete,0.0009928960353136063,periodic_100,1.0,1.0,100.0,100.0,100.0,0.01252279058098793,periodic_150,1.0,1.0,100.0,500.0,500.0,0.03196582943201065,periodic_150,1.0,1.0,100.0,1000.0,1000.0,0.04943745583295822,periodic_200,1.0,1.0,100.0,1500.0,1500.0,0.08198939263820648,periodic_200,1.0,1.0,100.0,2000.0,2000.0,0.34727999567985535,periodic_100,1.0,1.0,100.0,3000.0,3000.0,0.8478682637214661,periodic_100,1.0,1.0,100.0,4000.0,4000.0,1.4468938112258911,periodic_100,1.0,1.0,100.0,5000.0,5000.0
sparse_mlp,dysts:SanUmSrisuchinwong,14,complete,0.00020146576571278274,periodic_100,1.0,1.0,100.0,100.0,100.0,0.002925978507846594,periodic_150,1.0,1.0,100.0,500.0,500.0,0.010495401918888092,periodic_200,1.0,1.0,100.0,1000.0,1000.0,0.02258993126451969,periodic_200,1.0,1.0,100.0,1500.0,1500.0,0.04495970904827118,periodic_200,1.0,1.0,100.0,2000.0,2000.0,0.20527496933937073,periodic_200,1.0,1.0,100.0,3000.0,3000.0,0.7557043433189392,periodic_200,1.0,1.0,100.0,4000.0,4000.0,1.3374552726745605,periodic_150,1.0,1.0,100.0,5000.0,5000.0
sparse_mlp,dysts:ShimizuMorioka,0,complete,7.959645154187456e-05,periodic_100,1.0,1.0,100.0,100.0,100.0,0.0009193425066769123,periodic_200,1.0,1.0,100.0,500.0,500.0,0.0029543056152760983,periodic_200,1.0,1.0,100.0,1000.0,1000.0,0.005633269436657429,periodic_200,1.0,1.0,100.0,1500.0,1500.0,0.009917832911014557,periodic_200,1.0,1.0,100.0,2000.0,2000.0,0.027487048879265785,periodic_200,1.0,1.0,100.0,3000.0,3000.0,0.11472433805465698,periodic_200,1.0,1.0,100.0,4000.0,4000.0,0.35554438829421997,periodic_150,1.0,1.0,100.0,5000.0,5000.0
sparse_mlp,dysts:ShimizuMorioka,1,complete,4.218154936097562e-05,periodic_100,1.0,1.0,100.0,100.0,100.0,0.00044493653695099056,periodic_150,1.0,1.0,100.0,500.0,500.0,0.0014785188250243664,periodic_150,1.0,1.0,100.0,1000.0,1000.0,0.002800440415740013,periodic_150,1.0,1.0,100.0,1500.0,1500.0,0.005032520741224289,periodic_200,1.0,1.0,100.0,2000.0,2000.0,0.025198740884661674,periodic_200,1.0,1.0,100.0,3000.0,3000.0,0.1196872815489769,periodic_200,1.0,1.0,100.0,4000.0,4000.0,0.2768539786338806,periodic_200,1.0,1.0,100.0,5000.0,5000.0
sparse_mlp,dysts:ShimizuMorioka,2,complete,9.884202154353261e-05,periodic_100,1.0,1.0,100.0,100.0,100.0,0.0017697231378406286,periodic_200,1.0,1.0,100.0,500.0,500.0,0.007453454192727804,periodic_200,1.0,1.0,100.0,1000.0,1000.0,0.017096824944019318,periodic_200,1.0,1.0,100.0,1500.0,1500.0,0.034801121801137924,periodic_200,1.0,1.0,100.0,2000.0,2000.0,0.12464147806167603,periodic_200,1.0,1.0,100.0,3000.0,3000.0,0.3349247872829437,periodic_200,1.0,1.0,100.0,4000.0,4000.0,0.5880143642425537,periodic_200,1.0,1.0,100.0,5000.0,5000.0
sparse_mlp,dysts:ShimizuMorioka,3,complete,9.598618635209277e-05,periodic_100,1.0,1.0,100.0,100.0,100.0,0.0013000757899135351,periodic_200,1.0,1.0,100.0,500.0,500.0,0.005009418819099665,periodic_200,1.0,1.0,100.0,1000.0,1000.0,0.010931354947388172,periodic_200,1.0,1.0,100.0,1500.0,1500.0,0.019542090594768524,periodic_200,1.0,1.0,100.0,2000.0,2000.0,0.044052042067050934,periodic_200,1.0,1.0,100.0,3000.0,3000.0,0.1146421730518341,periodic_200,1.0,1.0,100.0,4000.0,4000.0,0.32207411527633667,periodic_200,1.0,1.0,100.0,5000.0,5000.0
sparse_mlp,dysts:ShimizuMorioka,4,complete,5.3234780352795497e-05,periodic_100,1.0,1.0,100.0,100.0,100.0,0.0005997020052745938,periodic_150,1.0,1.0,100.0,500.0,500.0,0.0018449266208335757,periodic_200,1.0,1.0,100.0,1000.0,1000.0,0.0035683775786310434,periodic_200,1.0,1.0,100.0,1500.0,1500.0,0.006321675609797239,periodic_200,1.0,1.0,100.0,2000.0,2000.0,0.020581413060426712,periodic_150,1.0,1.0,100.0,3000.0,3000.0,0.06495168805122375,periodic_150,1.0,1.0,100.0,4000.0,4000.0,0.1799151450395584,periodic_200,1.0,1.0,100.0,5000.0,5000.0
sparse_mlp,dysts:ShimizuMorioka,5,complete,8.321383938891813e-05,periodic_100,1.0,1.0,100.0,100.0,100.0,0.0015521874884143472,periodic_200,1.0,1.0,100.0,500.0,500.0,0.006922956556081772,periodic_200,1.0,1.0,100.0,1000.0,1000.0,0.012669956311583519,periodic_200,1.0,1.0,100.0,1500.0,1500.0,0.018022632226347923,periodic_200,1.0,1.0,100.0,2000.0,2000.0,0.03453194722533226,periodic_200,1.0,1.0,100.0,3000.0,3000.0,0.11367443948984146,periodic_150,1.0,1.0,100.0,4000.0,4000.0,0.30990687012672424,periodic_150,1.0,1.0,100.0,5000.0,5000.0
sparse_mlp,dysts:ShimizuMorioka,6,complete,7.042958895908669e-05,periodic_100,1.0,1.0,100.0,100.0,100.0,0.0007514221360906959,periodic_200,1.0,1.0,100.0,500.0,500.0,0.002428442006930709,periodic_200,1.0,1.0,100.0,1000.0,1000.0,0.004852752201259136,periodic_200,1.0,1.0,100.0,1500.0,1500.0,0.009083250537514687,periodic_200,1.0,1.0,100.0,2000.0,2000.0,0.03692884370684624,periodic_200,1.0,1.0,100.0,3000.0,3000.0,0.11136247962713242,periodic_200,1.0,1.0,100.0,4000.0,4000.0,0.21076537668704987,periodic_150,1.0,1.0,100.0,5000.0,5000.0
sparse_mlp,dysts:ShimizuMorioka,7,complete,7.53329077269882e-05,periodic_100,1.0,1.0,100.0,100.0,100.0,0.0009279419318772852,periodic_200,1.0,1.0,100.0,500.0,500.0,0.003003751626238227,periodic_200,1.0,1.0,100.0,1000.0,1000.0,0.005407954566180706,periodic_200,1.0,1.0,100.0,1500.0,1500.0,0.009351498447358608,periodic_200,1.0,1.0,100.0,2000.0,2000.0,0.026423044502735138,periodic_150,1.0,1.0,100.0,3000.0,3000.0,0.08869708329439163,periodic_100,1.0,1.0,100.0,4000.0,4000.0,0.22387292981147766,periodic_100,1.0,1.0,100.0,5000.0,5000.0
sparse_mlp,dysts:ShimizuMorioka,8,complete,6.608452531509101e-05,periodic_100,1.0,1.0,100.0,100.0,100.0,0.0007714519160799682,periodic_200,1.0,1.0,100.0,500.0,500.0,0.0037654840853065252,periodic_200,1.0,1.0,100.0,1000.0,1000.0,0.012478874996304512,periodic_200,1.0,1.0,100.0,1500.0,1500.0,0.03324852138757706,periodic_200,1.0,1.0,100.0,2000.0,2000.0,0.16785947978496552,periodic_200,1.0,1.0,100.0,3000.0,3000.0,0.3728598654270172,periodic_200,1.0,1.0,100.0,4000.0,4000.0,0.5347752571105957,periodic_200,1.0,1.0,100.0,5000.0,5000.0
sparse_mlp,dysts:ShimizuMorioka,9,complete,9.825131564866751e-05,periodic_100,1.0,1.0,100.0,100.0,100.0,0.0009774171048775315,periodic_200,1.0,1.0,100.0,500.0,500.0,0.0026200113352388144,periodic_200,1.0,1.0,100.0,1000.0,1000.0,0.004642792511731386,periodic_200,1.0,1.0,100.0,1500.0,1500.0,0.008718038909137249,periodic_200,1.0,1.0,100.0,2000.0,2000.0,0.03842471167445183,periodic_200,1.0,1.0,100.0,3000.0,3000.0,0.13196784257888794,periodic_200,1.0,1.0,100.0,4000.0,4000.0,0.2858218550682068,periodic_200,1.0,1.0,100.0,5000.0,5000.0
sparse_mlp,dysts:ShimizuMorioka,10,complete,9.428217890672386e-05,periodic_100,1.0,1.0,100.0,100.0,100.0,0.0013360752491280437,periodic_150,1.0,1.0,100.0,500.0,500.0,0.004868974909186363,periodic_200,1.0,1.0,100.0,1000.0,1000.0,0.010603003203868866,periodic_200,1.0,1.0,100.0,1500.0,1500.0,0.018255403265357018,periodic_200,1.0,1.0,100.0,2000.0,2000.0,0.04586521536111832,periodic_200,1.0,1.0,100.0,3000.0,3000.0,0.16263486444950104,periodic_200,1.0,1.0,100.0,4000.0,4000.0,0.46308937668800354,periodic_200,1.0,1.0,100.0,5000.0,5000.0
sparse_mlp,dysts:ShimizuMorioka,11,complete,6.0253423725953326e-05,periodic_100,1.0,1.0,100.0,100.0,100.0,0.0006041023880243301,periodic_150,1.0,1.0,100.0,500.0,500.0,0.0018390935147181153,periodic_200,1.0,1.0,100.0,1000.0,1000.0,0.004244625568389893,periodic_200,1.0,1.0,100.0,1500.0,1500.0,0.010014495812356472,periodic_200,1.0,1.0,100.0,2000.0,2000.0,0.02980990707874298,periodic_200,1.0,1.0,100.0,3000.0,3000.0,0.07402607798576355,periodic_200,1.0,1.0,100.0,4000.0,4000.0,0.1756160706281662,periodic_200,1.0,1.0,100.0,5000.0,5000.0
sparse_mlp,dysts:ShimizuMorioka,12,complete,0.00013839385064784437,periodic_100,1.0,1.0,100.0,100.0,100.0,0.0016571636078879237,periodic_200,1.0,1.0,100.0,500.0,500.0,0.005729837343096733,periodic_200,1.0,1.0,100.0,1000.0,1000.0,0.01397733110934496,periodic_200,1.0,1.0,100.0,1500.0,1500.0,0.025332458317279816,periodic_200,1.0,1.0,100.0,2000.0,2000.0,0.07514235377311707,periodic_200,1.0,1.0,100.0,3000.0,3000.0,0.21233873069286346,periodic_200,1.0,1.0,100.0,4000.0,4000.0,0.45753490924835205,periodic_150,1.0,1.0,100.0,5000.0,5000.0
sparse_mlp,dysts:ShimizuMorioka,13,complete,4.0334427467314526e-05,periodic_100,1.0,1.0,100.0,100.0,100.0,0.00040006713243201375,periodic_150,1.0,1.0,100.0,500.0,500.0,0.0013918349286541343,periodic_200,1.0,1.0,100.0,1000.0,1000.0,0.003298751311376691,periodic_200,1.0,1.0,100.0,1500.0,1500.0,0.005349433049559593,periodic_200,1.0,1.0,100.0,2000.0,2000.0,0.01131925918161869,periodic_100,1.0,1.0,100.0,3000.0,3000.0,0.024900095537304878,periodic_100,1.0,1.0,100.0,4000.0,4000.0,0.06094338372349739,periodic_100,1.0,1.0,100.0,5000.0,5000.0
sparse_mlp,dysts:ShimizuMorioka,14,complete,0.0005351058207452297,periodic_100,1.0,1.0,100.0,100.0,100.0,0.0068841963075101376,periodic_200,1.0,1.0,100.0,500.0,500.0,0.019822807982563972,periodic_200,1.0,1.0,100.0,1000.0,1000.0,0.03296264633536339,periodic_200,1.0,1.0,100.0,1500.0,1500.0,0.05432959645986557,periodic_200,1.0,1.0,100.0,2000.0,2000.0,0.14242088794708252,periodic_200,1.0,1.0,100.0,3000.0,3000.0,0.27876904606819153,periodic_200,1.0,1.0,100.0,4000.0,4000.0,0.563572108745575,periodic_150,1.0,1.0,100.0,5000.0,5000.0
sparse_mlp,dysts:WangSun,0,complete,0.0002638369332998991,periodic_50,1.0,1.0,100.0,100.0,100.0,0.004180876538157463,periodic_50,1.0,1.0,100.0,500.0,500.0,0.05657929554581642,periodic_200,1.0,1.0,100.0,1000.0,1000.0,0.3538604974746704,periodic_200,1.0,1.0,100.0,1500.0,1500.0,0.5233644843101501,periodic_25,1.0,1.0,100.0,2000.0,2000.0,0.9313822388648987,periodic_25,1.0,1.0,100.0,3000.0,3000.0,1.4583512544631958,periodic_25,1.0,1.0,100.0,4000.0,4000.0,2.07289981842041,periodic_25,1.0,1.0,100.0,5000.0,5000.0
sparse_mlp,dysts:WangSun,1,complete,0.0006236644112505019,periodic_25,1.0,1.0,100.0,100.0,100.0,0.006249642930924892,periodic_50,1.0,1.0,100.0,500.0,500.0,0.10382638871669769,periodic_200,1.0,1.0,100.0,1000.0,1000.0,0.3546130359172821,periodic_200,1.0,1.0,100.0,1500.0,1500.0,0.7418131828308105,periodic_25,1.0,1.0,100.0,2000.0,2000.0,1.4459927082061768,periodic_50,1.0,1.0,100.0,3000.0,3000.0,1.8242295980453491,periodic_50,1.0,1.0,100.0,4000.0,4000.0,2.3901398181915283,periodic_50,1.0,1.0,100.0,5000.0,5000.0
sparse_mlp,dysts:WangSun,2,complete,0.0005076903034932911,periodic_50,1.0,1.0,100.0,100.0,100.0,0.016574116423726082,periodic_150,1.0,1.0,100.0,500.0,500.0,0.2962777018547058,periodic_200,1.0,1.0,100.0,1000.0,1000.0,1.376858115196228,periodic_25,1.0,1.0,100.0,1500.0,1500.0,1.800355076789856,periodic_25,1.0,1.0,100.0,2000.0,2000.0,2.4944307804107666,periodic_200,1.0,1.0,100.0,3000.0,3000.0,2.9939630031585693,periodic_100,1.0,1.0,100.0,4000.0,4000.0,3.546584129333496,periodic_150,1.0,1.0,100.0,5000.0,5000.0
sparse_mlp,dysts:WangSun,3,complete,0.0005205251509323716,periodic_50,1.0,1.0,100.0,100.0,100.0,0.005405534524470568,periodic_100,1.0,1.0,100.0,500.0,500.0,0.013926995918154716,periodic_100,1.0,1.0,100.0,1000.0,1000.0,0.03740369901061058,periodic_150,1.0,1.0,100.0,1500.0,1500.0,0.3110947608947754,periodic_100,1.0,1.0,100.0,2000.0,2000.0,0.9693900942802429,periodic_100,1.0,1.0,100.0,3000.0,3000.0,1.4820942878723145,periodic_150,1.0,1.0,100.0,4000.0,4000.0,1.8775458335876465,periodic_150,1.0,1.0,100.0,5000.0,5000.0
sparse_mlp,dysts:WangSun,4,complete,0.0007678985712118447,periodic_25,1.0,1.0,100.0,100.0,100.0,0.013665806502103806,periodic_25,1.0,1.0,100.0,500.0,500.0,0.04874970018863678,periodic_50,1.0,1.0,100.0,1000.0,1000.0,0.25707870721817017,periodic_50,1.0,1.0,100.0,1500.0,1500.0,0.621376633644104,periodic_50,1.0,1.0,100.0,2000.0,2000.0,1.031854271888733,periodic_50,1.0,1.0,100.0,3000.0,3000.0,1.5127654075622559,periodic_50,1.0,1.0,100.0,4000.0,4000.0,2.0305581092834473,periodic_50,1.0,1.0,100.0,5000.0,5000.0
sparse_mlp,dysts:WangSun,5,complete,0.0004717498959507793,periodic_50,1.0,1.0,100.0,100.0,100.0,0.01302186120301485,periodic_50,1.0,1.0,100.0,500.0,500.0,0.05080679804086685,periodic_100,1.0,1.0,100.0,1000.0,1000.0,0.1707448810338974,periodic_50,1.0,1.0,100.0,1500.0,1500.0,0.2642836272716522,periodic_50,1.0,1.0,100.0,2000.0,2000.0,0.6031709313392639,periodic_100,1.0,1.0,100.0,3000.0,3000.0,1.2541756629943848,periodic_100,1.0,1.0,100.0,4000.0,4000.0,1.8544931411743164,periodic_100,1.0,1.0,100.0,5000.0,5000.0
sparse_mlp,dysts:WangSun,6,complete,0.00039164270856417716,periodic_50,1.0,1.0,100.0,100.0,100.0,0.029089517891407013,periodic_25,1.0,1.0,100.0,500.0,500.0,0.10817927122116089,periodic_25,1.0,1.0,100.0,1000.0,1000.0,0.34324896335601807,periodic_50,1.0,1.0,100.0,1500.0,1500.0,0.6566123366355896,periodic_50,1.0,1.0,100.0,2000.0,2000.0,1.580203890800476,periodic_50,1.0,1.0,100.0,3000.0,3000.0,2.0167899131774902,periodic_50,1.0,1.0,100.0,4000.0,4000.0,2.427889347076416,periodic_50,1.0,1.0,100.0,5000.0,5000.0
sparse_mlp,dysts:WangSun,7,complete,0.00047240362619049847,periodic_50,1.0,1.0,100.0,100.0,100.0,0.016098536550998688,periodic_50,1.0,1.0,100.0,500.0,500.0,0.04754561930894852,periodic_100,1.0,1.0,100.0,1000.0,1000.0,0.1109599769115448,periodic_150,1.0,1.0,100.0,1500.0,1500.0,0.34427669644355774,periodic_150,1.0,1.0,100.0,2000.0,2000.0,1.1030727624893188,periodic_150,1.0,1.0,100.0,3000.0,3000.0,1.7119174003601074,periodic_150,1.0,1.0,100.0,4000.0,4000.0,2.152865409851074,periodic_150,1.0,1.0,100.0,5000.0,5000.0
sparse_mlp,dysts:WangSun,8,complete,0.0003379771369509399,periodic_25,1.0,1.0,100.0,100.0,100.0,0.006389715243130922,periodic_50,1.0,1.0,100.0,500.0,500.0,0.04821743071079254,periodic_150,1.0,1.0,100.0,1000.0,1000.0,0.12797066569328308,periodic_150,1.0,1.0,100.0,1500.0,1500.0,0.25379452109336853,periodic_50,1.0,1.0,100.0,2000.0,2000.0,0.41321703791618347,periodic_50,1.0,1.0,100.0,3000.0,3000.0,1.0066442489624023,periodic_50,1.0,1.0,100.0,4000.0,4000.0,1.8993016481399536,periodic_50,1.0,1.0,100.0,5000.0,5000.0
sparse_mlp,dysts:WangSun,9,complete,0.0005725046503357589,periodic_25,1.0,1.0,100.0,100.0,100.0,0.0053003509528934956,periodic_50,1.0,1.0,100.0,500.0,500.0,0.01921367458999157,periodic_50,1.0,1.0,100.0,1000.0,1000.0,0.03293933719396591,periodic_100,1.0,1.0,100.0,1500.0,1500.0,0.07725473493337631,periodic_100,1.0,1.0,100.0,2000.0,2000.0,0.5282151699066162,periodic_100,1.0,1.0,100.0,3000.0,3000.0,1.4789211750030518,periodic_50,1.0,1.0,100.0,4000.0,4000.0,1.7887029647827148,periodic_100,1.0,1.0,100.0,5000.0,5000.0
sparse_mlp,dysts:WangSun,10,complete,0.0001612813357496634,periodic_100,1.0,1.0,100.0,100.0,100.0,0.008234061300754547,periodic_25,1.0,1.0,100.0,500.0,500.0,0.023536942899227142,periodic_25,1.0,1.0,100.0,1000.0,1000.0,0.38448870182037354,periodic_25,1.0,1.0,100.0,1500.0,1500.0,0.5298657417297363,periodic_50,1.0,1.0,100.0,2000.0,2000.0,0.5829151272773743,periodic_50,1.0,1.0,100.0,3000.0,3000.0,0.9390363097190857,periodic_50,1.0,1.0,100.0,4000.0,4000.0,1.6057319641113281,periodic_50,1.0,1.0,100.0,5000.0,5000.0
sparse_mlp,dysts:WangSun,11,complete,0.000555780075956136,periodic_50,1.0,1.0,100.0,100.0,100.0,0.0062123495154082775,periodic_50,1.0,1.0,100.0,500.0,500.0,0.02501150593161583,periodic_50,1.0,1.0,100.0,1000.0,1000.0,0.33217498660087585,periodic_50,1.0,1.0,100.0,1500.0,1500.0,0.6526386141777039,periodic_50,1.0,1.0,100.0,2000.0,2000.0,1.0512362718582153,periodic_200,1.0,1.0,100.0,3000.0,3000.0,1.353110909461975,periodic_200,1.0,1.0,100.0,4000.0,4000.0,1.9069381952285767,periodic_200,1.0,1.0,100.0,5000.0,5000.0
sparse_mlp,dysts:WangSun,12,complete,0.0004343700420577079,periodic_50,1.0,1.0,100.0,100.0,100.0,0.004382789600640535,periodic_50,1.0,1.0,100.0,500.0,500.0,0.013255026191473007,periodic_50,1.0,1.0,100.0,1000.0,1000.0,0.04182444512844086,periodic_50,1.0,1.0,100.0,1500.0,1500.0,0.07698078453540802,periodic_150,1.0,1.0,100.0,2000.0,2000.0,0.24409641325473785,periodic_150,1.0,1.0,100.0,3000.0,3000.0,0.9197706580162048,periodic_150,1.0,1.0,100.0,4000.0,4000.0,1.5974310636520386,periodic_150,1.0,1.0,100.0,5000.0,5000.0
sparse_mlp,dysts:WangSun,13,complete,0.00015409789921250194,periodic_50,1.0,1.0,100.0,100.0,100.0,0.005031232256442308,periodic_50,1.0,1.0,100.0,500.0,500.0,0.021227257326245308,periodic_150,1.0,1.0,100.0,1000.0,1000.0,0.10037922859191895,periodic_200,1.0,1.0,100.0,1500.0,1500.0,0.647681474685669,periodic_200,1.0,1.0,100.0,2000.0,2000.0,2.1164093017578125,periodic_50,1.0,1.0,100.0,3000.0,3000.0,2.2529304027557373,periodic_100,1.0,1.0,100.0,4000.0,4000.0,2.8808658123016357,periodic_100,1.0,1.0,100.0,5000.0,5000.0
sparse_mlp,dysts:WangSun,14,complete,0.0005573207745328546,periodic_50,1.0,1.0,100.0,100.0,100.0,0.28071117401123047,periodic_10,1.0,1.0,100.0,500.0,500.0,0.4677663743495941,periodic_25,1.0,1.0,100.0,1000.0,1000.0,0.5402794480323792,periodic_25,1.0,1.0,100.0,1500.0,1500.0,0.7785927653312683,periodic_25,1.0,1.0,100.0,2000.0,2000.0,1.533463954925537,periodic_100,1.0,1.0,100.0,3000.0,3000.0,2.001126527786255,periodic_100,1.0,1.0,100.0,4000.0,4000.0,2.5421862602233887,periodic_100,1.0,1.0,100.0,5000.0,5000.0
dense_mlp_tanh,dysts:Chua,0,complete,0.009456241503357887,periodic_100,1.0,1.0,100.0,100.0,100.0,0.02170201577246189,periodic_200,1.0,1.0,100.0,500.0,500.0,0.04217799752950668,periodic_200,1.0,1.0,100.0,1000.0,1000.0,0.06848829239606857,periodic_200,1.0,1.0,100.0,1500.0,1500.0,0.10619667172431946,periodic_200,1.0,1.0,100.0,2000.0,2000.0,0.21069234609603882,periodic_200,1.0,1.0,100.0,3000.0,3000.0,0.33417588472366333,periodic_200,1.0,1.0,100.0,4000.0,4000.0,0.47419989109039307,periodic_200,1.0,1.0,100.0,5000.0,5000.0
dense_mlp_tanh,dysts:Chua,1,complete,4.878978870692663e-05,periodic_100,1.0,1.0,100.0,100.0,100.0,0.0008531913626939058,periodic_200,1.0,1.0,100.0,500.0,500.0,0.0031835301779210567,periodic_200,1.0,1.0,100.0,1000.0,1000.0,0.007113925646990538,periodic_200,1.0,1.0,100.0,1500.0,1500.0,0.012445143423974514,periodic_200,1.0,1.0,100.0,2000.0,2000.0,0.028917502611875534,periodic_200,1.0,1.0,100.0,3000.0,3000.0,0.06101682782173157,periodic_200,1.0,1.0,100.0,4000.0,4000.0,0.11707897484302521,periodic_200,1.0,1.0,100.0,5000.0,5000.0
dense_mlp_tanh,dysts:Chua,2,complete,0.00032558164093643427,periodic_100,1.0,1.0,100.0,100.0,100.0,0.0039715999737381935,periodic_200,1.0,1.0,100.0,500.0,500.0,0.012075314298272133,periodic_200,1.0,1.0,100.0,1000.0,1000.0,0.021775994449853897,periodic_200,1.0,1.0,100.0,1500.0,1500.0,0.03162245452404022,periodic_200,1.0,1.0,100.0,2000.0,2000.0,0.05452055111527443,periodic_200,1.0,1.0,100.0,3000.0,3000.0,0.105310820043087,periodic_200,1.0,1.0,100.0,4000.0,4000.0,0.18448756635189056,periodic_200,1.0,1.0,100.0,5000.0,5000.0
dense_mlp_tanh,dysts:Chua,3,complete,0.00025808450300246477,periodic_100,1.0,1.0,100.0,100.0,100.0,0.004025271162390709,periodic_200,1.0,1.0,100.0,500.0,500.0,0.013241124339401722,periodic_150,1.0,1.0,100.0,1000.0,1000.0,0.02757953107357025,periodic_150,1.0,1.0,100.0,1500.0,1500.0,0.052028294652700424,periodic_150,1.0,1.0,100.0,2000.0,2000.0,0.1399240642786026,periodic_100,1.0,1.0,100.0,3000.0,3000.0,0.29423797130584717,periodic_100,1.0,1.0,100.0,4000.0,4000.0,0.514834463596344,periodic_100,1.0,1.0,100.0,5000.0,5000.0
dense_mlp_tanh,dysts:Chua,4,complete,8.145321771735325e-05,periodic_100,1.0,1.0,100.0,100.0,100.0,0.0011401609517633915,periodic_200,1.0,1.0,100.0,500.0,500.0,0.0037597015034407377,periodic_200,1.0,1.0,100.0,1000.0,1000.0,0.00724911829456687,periodic_200,1.0,1.0,100.0,1500.0,1500.0,0.010888460092246532,periodic_200,1.0,1.0,100.0,2000.0,2000.0,0.019446196034550667,periodic_200,1.0,1.0,100.0,3000.0,3000.0,0.035486623644828796,periodic_200,1.0,1.0,100.0,4000.0,4000.0,0.058308545500040054,periodic_200,1.0,1.0,100.0,5000.0,5000.0
dense_mlp_tanh,dysts:Chua,5,complete,0.00016511217108927667,periodic_100,1.0,1.0,100.0,100.0,100.0,0.002725004917010665,periodic_200,1.0,1.0,100.0,500.0,500.0,0.0127851702272892,periodic_200,1.0,1.0,100.0,1000.0,1000.0,0.03807101398706436,periodic_200,1.0,1.0,100.0,1500.0,1500.0,0.08163022249937057,periodic_150,1.0,1.0,100.0,2000.0,2000.0,0.19320112466812134,periodic_100,1.0,1.0,100.0,3000.0,3000.0,0.3077699840068817,periodic_50,1.0,1.0,100.0,4000.0,4000.0,0.441107839345932,periodic_50,1.0,1.0,100.0,5000.0,5000.0
dense_mlp_tanh,dysts:Chua,6,complete,8.774785237619653e-05,periodic_100,1.0,1.0,100.0,100.0,100.0,0.001237556803971529,periodic_200,1.0,1.0,100.0,500.0,500.0,0.005695093423128128,periodic_200,1.0,1.0,100.0,1000.0,1000.0,0.016167158260941505,periodic_200,1.0,1.0,100.0,1500.0,1500.0,0.03477337956428528,periodic_150,1.0,1.0,100.0,2000.0,2000.0,0.09798213094472885,periodic_100,1.0,1.0,100.0,3000.0,3000.0,0.20020927488803864,periodic_100,1.0,1.0,100.0,4000.0,4000.0,0.35550904273986816,periodic_100,1.0,1.0,100.0,5000.0,5000.0
dense_mlp_tanh,dysts:Chua,7,complete,0.00012932560639455914,periodic_100,1.0,1.0,100.0,100.0,100.0,0.001936036627739668,periodic_200,1.0,1.0,100.0,500.0,500.0,0.0068367356434464455,periodic_200,1.0,1.0,100.0,1000.0,1000.0,0.014482171274721622,periodic_200,1.0,1.0,100.0,1500.0,1500.0,0.02538563683629036,periodic_200,1.0,1.0,100.0,2000.0,2000.0,0.056529294699430466,periodic_200,1.0,1.0,100.0,3000.0,3000.0,0.1006140485405922,periodic_200,1.0,1.0,100.0,4000.0,4000.0,0.17117840051651,periodic_200,1.0,1.0,100.0,5000.0,5000.0
dense_mlp_tanh,dysts:Chua,8,complete,6.473824032582343e-05,periodic_100,1.0,1.0,100.0,100.0,100.0,0.0006012518424540758,periodic_200,1.0,1.0,100.0,500.0,500.0,0.0019801235757768154,periodic_200,1.0,1.0,100.0,1000.0,1000.0,0.004412953741848469,periodic_200,1.0,1.0,100.0,1500.0,1500.0,0.008265811018645763,periodic_200,1.0,1.0,100.0,2000.0,2000.0,0.016974203288555145,periodic_150,1.0,1.0,100.0,3000.0,3000.0,0.028219634667038918,periodic_150,1.0,1.0,100.0,4000.0,4000.0,0.0479314886033535,periodic_150,1.0,1.0,100.0,5000.0,5000.0
dense_mlp_tanh,dysts:Chua,9,complete,0.000117373579996638,periodic_100,1.0,1.0,100.0,100.0,100.0,0.001744633074849844,periodic_200,1.0,1.0,100.0,500.0,500.0,0.006339292507618666,periodic_200,1.0,1.0,100.0,1000.0,1000.0,0.012813045643270016,periodic_200,1.0,1.0,100.0,1500.0,1500.0,0.019309479743242264,periodic_200,1.0,1.0,100.0,2000.0,2000.0,0.03146428242325783,periodic_200,1.0,1.0,100.0,3000.0,3000.0,0.044880885630846024,periodic_150,1.0,1.0,100.0,4000.0,4000.0,0.06497259438037872,periodic_100,1.0,1.0,100.0,5000.0,5000.0
dense_mlp_tanh,dysts:Chua,10,complete,7.347965583903715e-05,periodic_100,1.0,1.0,100.0,100.0,100.0,0.0015100502641871572,periodic_100,1.0,1.0,100.0,500.0,500.0,0.005138664040714502,periodic_100,1.0,1.0,100.0,1000.0,1000.0,0.010022686794400215,periodic_100,1.0,1.0,100.0,1500.0,1500.0,0.015495095402002335,periodic_100,1.0,1.0,100.0,2000.0,2000.0,0.027586590498685837,periodic_100,1.0,1.0,100.0,3000.0,3000.0,0.042630892246961594,periodic_50,1.0,1.0,100.0,4000.0,4000.0,0.06446534395217896,periodic_50,1.0,1.0,100.0,5000.0,5000.0
dense_mlp_tanh,dysts:Chua,11,complete,0.00019495980814099312,periodic_100,1.0,1.0,100.0,100.0,100.0,0.002909541130065918,periodic_200,1.0,1.0,100.0,500.0,500.0,0.009425634518265724,periodic_200,1.0,1.0,100.0,1000.0,1000.0,0.019770722836256027,periodic_200,1.0,1.0,100.0,1500.0,1500.0,0.0356028713285923,periodic_200,1.0,1.0,100.0,2000.0,2000.0,0.08151807636022568,periodic_100,1.0,1.0,100.0,3000.0,3000.0,0.15480192005634308,periodic_50,1.0,1.0,100.0,4000.0,4000.0,0.29238161444664,periodic_50,1.0,1.0,100.0,5000.0,5000.0
dense_mlp_tanh,dysts:Chua,12,complete,8.548271580366418e-05,periodic_100,1.0,1.0,100.0,100.0,100.0,0.0015013208612799644,periodic_200,1.0,1.0,100.0,500.0,500.0,0.006371507421135902,periodic_200,1.0,1.0,100.0,1000.0,1000.0,0.01668984442949295,periodic_200,1.0,1.0,100.0,1500.0,1500.0,0.03618524968624115,periodic_200,1.0,1.0,100.0,2000.0,2000.0,0.13610948622226715,periodic_200,1.0,1.0,100.0,3000.0,3000.0,0.3483349680900574,periodic_25,1.0,1.0,100.0,4000.0,4000.0,0.6039325594902039,periodic_25,1.0,1.0,100.0,5000.0,5000.0
dense_mlp_tanh,dysts:Chua,13,complete,9.332816989626735e-05,periodic_100,1.0,1.0,100.0,100.0,100.0,0.0017499391688033938,periodic_200,1.0,1.0,100.0,500.0,500.0,0.007116970606148243,periodic_200,1.0,1.0,100.0,1000.0,1000.0,0.015333123505115509,periodic_150,1.0,1.0,100.0,1500.0,1500.0,0.025478070601820946,periodic_150,1.0,1.0,100.0,2000.0,2000.0,0.04619181528687477,periodic_100,1.0,1.0,100.0,3000.0,3000.0,0.08123645186424255,periodic_100,1.0,1.0,100.0,4000.0,4000.0,0.1470320075750351,periodic_100,1.0,1.0,100.0,5000.0,5000.0
dense_mlp_tanh,dysts:Chua,14,complete,0.00011736100714188069,periodic_100,1.0,1.0,100.0,100.0,100.0,0.001884962897747755,periodic_200,1.0,1.0,100.0,500.0,500.0,0.007222883868962526,periodic_200,1.0,1.0,100.0,1000.0,1000.0,0.017111174762248993,periodic_150,1.0,1.0,100.0,1500.0,1500.0,0.032937970012426376,periodic_100,1.0,1.0,100.0,2000.0,2000.0,0.07075561583042145,periodic_100,1.0,1.0,100.0,3000.0,3000.0,0.1268453150987625,periodic_50,1.0,1.0,100.0,4000.0,4000.0,0.22779539227485657,periodic_50,1.0,1.0,100.0,5000.0,5000.0
dense_mlp_tanh,dysts:Dadras,0,complete,0.0003067561483476311,periodic_50,1.0,1.0,100.0,100.0,100.0,0.010336732491850853,periodic_50,1.0,1.0,100.0,500.0,500.0,0.3998372256755829,periodic_50,1.0,1.0,100.0,1000.0,1000.0,0.6798973679542542,periodic_50,1.0,1.0,100.0,1500.0,1500.0,0.6448204517364502,periodic_50,1.0,1.0,100.0,2000.0,2000.0,0.7679427862167358,periodic_50,1.0,1.0,100.0,3000.0,3000.0,1.3571869134902954,periodic_50,1.0,1.0,100.0,4000.0,4000.0,1.8170541524887085,periodic_50,1.0,1.0,100.0,5000.0,5000.0
dense_mlp_tanh,dysts:Dadras,1,complete,0.000687798485159874,periodic_50,1.0,1.0,100.0,100.0,100.0,0.009500991553068161,periodic_25,1.0,1.0,100.0,500.0,500.0,0.03219282999634743,periodic_25,1.0,1.0,100.0,1000.0,1000.0,0.12037577480077744,periodic_25,1.0,1.0,100.0,1500.0,1500.0,0.4003189206123352,periodic_25,1.0,1.0,100.0,2000.0,2000.0,0.7560055255889893,periodic_25,1.0,1.0,100.0,3000.0,3000.0,1.2436176538467407,periodic_25,1.0,1.0,100.0,4000.0,4000.0,1.5420275926589966,periodic_25,1.0,1.0,100.0,5000.0,5000.0
dense_mlp_tanh,dysts:Dadras,2,complete,0.0058928923681378365,periodic_25,1.0,1.0,100.0,100.0,100.0,0.08605978637933731,periodic_100,1.0,1.0,100.0,500.0,500.0,0.18984876573085785,periodic_100,1.0,1.0,100.0,1000.0,1000.0,0.2442428022623062,periodic_100,1.0,1.0,100.0,1500.0,1500.0,0.34672465920448303,periodic_100,1.0,1.0,100.0,2000.0,2000.0,0.777325451374054,periodic_50,1.0,1.0,100.0,3000.0,3000.0,1.1705727577209473,periodic_50,1.0,1.0,100.0,4000.0,4000.0,1.6822235584259033,periodic_50,1.0,1.0,100.0,5000.0,5000.0
dense_mlp_tanh,dysts:Dadras,3,complete,0.0004381428298074752,periodic_50,1.0,1.0,100.0,100.0,100.0,0.003854994662106037,periodic_25,1.0,1.0,100.0,500.0,500.0,0.05443873256444931,periodic_50,1.0,1.0,100.0,1000.0,1000.0,0.0976535901427269,periodic_50,1.0,1.0,100.0,1500.0,1500.0,0.46073663234710693,periodic_150,1.0,1.0,100.0,2000.0,2000.0,0.9709529876708984,periodic_150,1.0,1.0,100.0,3000.0,3000.0,1.2350637912750244,periodic_100,1.0,1.0,100.0,4000.0,4000.0,1.6968661546707153,periodic_100,1.0,1.0,100.0,5000.0,5000.0
dense_mlp_tanh,dysts:Dadras,4,complete,0.0018336609937250614,periodic_100,1.0,1.0,100.0,100.0,100.0,0.008852262049913406,periodic_50,1.0,1.0,100.0,500.0,500.0,0.1089763343334198,periodic_150,1.0,1.0,100.0,1000.0,1000.0,0.17216908931732178,periodic_150,1.0,1.0,100.0,1500.0,1500.0,0.2682019770145416,periodic_25,1.0,1.0,100.0,2000.0,2000.0,0.5770911574363708,periodic_100,1.0,1.0,100.0,3000.0,3000.0,0.9391922950744629,periodic_100,1.0,1.0,100.0,4000.0,4000.0,1.4547702074050903,periodic_100,1.0,1.0,100.0,5000.0,5000.0
dense_mlp_tanh,dysts:Dadras,5,complete,0.000265025271801278,periodic_50,1.0,1.0,100.0,100.0,100.0,0.005128270480781794,periodic_100,1.0,1.0,100.0,500.0,500.0,0.03160736709833145,periodic_100,1.0,1.0,100.0,1000.0,1000.0,0.07426979392766953,periodic_150,1.0,1.0,100.0,1500.0,1500.0,0.18611249327659607,periodic_50,1.0,1.0,100.0,2000.0,2000.0,0.990376353263855,periodic_50,1.0,1.0,100.0,3000.0,3000.0,1.566802978515625,periodic_150,1.0,1.0,100.0,4000.0,4000.0,2.0441904067993164,periodic_50,1.0,1.0,100.0,5000.0,5000.0
dense_mlp_tanh,dysts:Dadras,6,complete,0.0006374208605848253,periodic_50,1.0,1.0,100.0,100.0,100.0,0.042572375386953354,periodic_50,1.0,1.0,100.0,500.0,500.0,0.28818434476852417,periodic_50,1.0,1.0,100.0,1000.0,1000.0,0.5469534397125244,periodic_25,1.0,1.0,100.0,1500.0,1500.0,0.6688498854637146,periodic_25,1.0,1.0,100.0,2000.0,2000.0,1.3996849060058594,periodic_25,1.0,1.0,100.0,3000.0,3000.0,1.9738703966140747,periodic_25,1.0,1.0,100.0,4000.0,4000.0,2.4919328689575195,periodic_25,1.0,1.0,100.0,5000.0,5000.0
dense_mlp_tanh,dysts:Dadras,7,complete,0.0029562385752797127,periodic_50,1.0,1.0,100.0,100.0,100.0,0.04735231772065163,periodic_50,1.0,1.0,100.0,500.0,500.0,0.15895067155361176,periodic_50,1.0,1.0,100.0,1000.0,1000.0,0.47882190346717834,periodic_50,1.0,1.0,100.0,1500.0,1500.0,0.7569109201431274,periodic_50,1.0,1.0,100.0,2000.0,2000.0,1.0847772359848022,periodic_25,1.0,1.0,100.0,3000.0,3000.0,1.4896228313446045,periodic_25,1.0,1.0,100.0,4000.0,4000.0,2.13447904586792,periodic_25,1.0,1.0,100.0,5000.0,5000.0
dense_mlp_tanh,dysts:Dadras,8,complete,0.0016850644024088979,periodic_50,1.0,1.0,100.0,100.0,100.0,0.01717475801706314,periodic_50,1.0,1.0,100.0,500.0,500.0,0.08089873939752579,periodic_150,1.0,1.0,100.0,1000.0,1000.0,0.2674694061279297,periodic_150,1.0,1.0,100.0,1500.0,1500.0,0.6179466843605042,periodic_200,1.0,1.0,100.0,2000.0,2000.0,1.3515594005584717,periodic_200,1.0,1.0,100.0,3000.0,3000.0,2.2928056716918945,periodic_200,1.0,1.0,100.0,4000.0,4000.0,2.7301671504974365,periodic_200,1.0,1.0,100.0,5000.0,5000.0
dense_mlp_tanh,dysts:Dadras,9,complete,0.001905331271700561,periodic_100,1.0,1.0,100.0,100.0,100.0,0.03518108278512955,periodic_50,1.0,1.0,100.0,500.0,500.0,0.21385996043682098,periodic_150,1.0,1.0,100.0,1000.0,1000.0,0.5980653762817383,periodic_150,1.0,1.0,100.0,1500.0,1500.0,0.7705798149108887,periodic_150,1.0,1.0,100.0,2000.0,2000.0,0.9022250175476074,periodic_100,1.0,1.0,100.0,3000.0,3000.0,1.0712589025497437,periodic_100,1.0,1.0,100.0,4000.0,4000.0,1.4206945896148682,periodic_100,1.0,1.0,100.0,5000.0,5000.0
dense_mlp_tanh,dysts:Dadras,10,complete,0.00022713793441653252,periodic_100,1.0,1.0,100.0,100.0,100.0,0.008396700955927372,periodic_100,1.0,1.0,100.0,500.0,500.0,0.034697674214839935,periodic_150,1.0,1.0,100.0,1000.0,1000.0,0.13386717438697815,periodic_150,1.0,1.0,100.0,1500.0,1500.0,0.14473839104175568,periodic_150,1.0,1.0,100.0,2000.0,2000.0,0.30920085310935974,periodic_150,1.0,1.0,100.0,3000.0,3000.0,0.7312440276145935,periodic_150,1.0,1.0,100.0,4000.0,4000.0,1.3581842184066772,periodic_150,1.0,1.0,100.0,5000.0,5000.0
dense_mlp_tanh,dysts:Dadras,11,complete,0.0006234889733605087,periodic_100,1.0,1.0,100.0,100.0,100.0,0.008236364461481571,periodic_50,1.0,1.0,100.0,500.0,500.0,0.03856712952256203,periodic_150,1.0,1.0,100.0,1000.0,1000.0,0.11194757372140884,periodic_150,1.0,1.0,100.0,1500.0,1500.0,0.2705155611038208,periodic_150,1.0,1.0,100.0,2000.0,2000.0,0.7187843322753906,periodic_150,1.0,1.0,100.0,3000.0,3000.0,1.1121867895126343,periodic_150,1.0,1.0,100.0,4000.0,4000.0,1.4619085788726807,periodic_100,1.0,1.0,100.0,5000.0,5000.0
dense_mlp_tanh,dysts:Dadras,12,complete,0.00030194895225577056,periodic_50,1.0,1.0,100.0,100.0,100.0,0.015567311085760593,periodic_50,1.0,1.0,100.0,500.0,500.0,0.02071400359272957,periodic_50,1.0,1.0,100.0,1000.0,1000.0,0.028353046625852585,periodic_50,1.0,1.0,100.0,1500.0,1500.0,0.056744642555713654,periodic_50,1.0,1.0,100.0,2000.0,2000.0,0.4105147421360016,periodic_25,1.0,1.0,100.0,3000.0,3000.0,0.5773587822914124,periodic_25,1.0,1.0,100.0,4000.0,4000.0,0.826423704624176,periodic_50,1.0,1.0,100.0,5000.0,5000.0
dense_mlp_tanh,dysts:Dadras,13,complete,0.0007099546492099762,periodic_100,1.0,1.0,100.0,100.0,100.0,0.007890685461461544,periodic_50,1.0,1.0,100.0,500.0,500.0,0.026564063504338264,periodic_50,1.0,1.0,100.0,1000.0,1000.0,0.11086219549179077,periodic_25,1.0,1.0,100.0,1500.0,1500.0,0.17114891111850739,periodic_25,1.0,1.0,100.0,2000.0,2000.0,0.6247156262397766,periodic_25,1.0,1.0,100.0,3000.0,3000.0,0.9370240569114685,periodic_50,1.0,1.0,100.0,4000.0,4000.0,1.3137964010238647,periodic_25,1.0,1.0,100.0,5000.0,5000.0
dense_mlp_tanh,dysts:Dadras,14,complete,0.00026268037618137896,periodic_50,1.0,1.0,100.0,100.0,100.0,0.006849110126495361,periodic_50,1.0,1.0,100.0,500.0,500.0,0.26126229763031006,periodic_50,1.0,1.0,100.0,1000.0,1000.0,0.7455812692642212,periodic_50,1.0,1.0,100.0,1500.0,1500.0,0.8046781420707703,periodic_50,1.0,1.0,100.0,2000.0,2000.0,1.3506218194961548,periodic_50,1.0,1.0,100.0,3000.0,3000.0,1.768778681755066,periodic_100,1.0,1.0,100.0,4000.0,4000.0,2.193258762359619,periodic_100,1.0,1.0,100.0,5000.0,5000.0
dense_mlp_tanh,dysts:DequanLi,0,complete,0.009616192430257797,periodic_100,1.0,1.0,100.0,100.0,100.0,0.023492135107517242,periodic_200,1.0,1.0,100.0,500.0,500.0,0.05469002202153206,periodic_200,1.0,1.0,100.0,1000.0,1000.0,0.10499542206525803,periodic_200,1.0,1.0,100.0,1500.0,1500.0,0.17774362862110138,periodic_200,1.0,1.0,100.0,2000.0,2000.0,0.4072021245956421,periodic_200,1.0,1.0,100.0,3000.0,3000.0,0.7344174981117249,periodic_200,1.0,1.0,100.0,4000.0,4000.0,1.0979045629501343,periodic_200,1.0,1.0,100.0,5000.0,5000.0
dense_mlp_tanh,dysts:DequanLi,1,complete,0.00020646612392738461,periodic_100,1.0,1.0,100.0,100.0,100.0,0.003583337878808379,periodic_200,1.0,1.0,100.0,500.0,500.0,0.013104980811476707,periodic_200,1.0,1.0,100.0,1000.0,1000.0,0.02916940674185753,periodic_200,1.0,1.0,100.0,1500.0,1500.0,0.054086580872535706,periodic_200,1.0,1.0,100.0,2000.0,2000.0,0.15522632002830505,periodic_200,1.0,1.0,100.0,3000.0,3000.0,0.4189372956752777,periodic_150,1.0,1.0,100.0,4000.0,4000.0,0.9345799088478088,periodic_150,1.0,1.0,100.0,5000.0,5000.0
dense_mlp_tanh,dysts:DequanLi,2,complete,0.0002826190029736608,periodic_100,1.0,1.0,100.0,100.0,100.0,0.0047655790112912655,periodic_200,1.0,1.0,100.0,500.0,500.0,0.016861410811543465,periodic_200,1.0,1.0,100.0,1000.0,1000.0,0.03605073317885399,periodic_200,1.0,1.0,100.0,1500.0,1500.0,0.06611953675746918,periodic_200,1.0,1.0,100.0,2000.0,2000.0,0.2035929262638092,periodic_150,1.0,1.0,100.0,3000.0,3000.0,0.5106356739997864,periodic_100,1.0,1.0,100.0,4000.0,4000.0,0.8634225726127625,periodic_100,1.0,1.0,100.0,5000.0,5000.0
dense_mlp_tanh,dysts:DequanLi,3,complete,0.000935401942115277,periodic_100,1.0,1.0,100.0,100.0,100.0,0.006813869345933199,periodic_200,1.0,1.0,100.0,500.0,500.0,0.022425923496484756,periodic_150,1.0,1.0,100.0,1000.0,1000.0,0.04688560590147972,periodic_150,1.0,1.0,100.0,1500.0,1500.0,0.08086010813713074,periodic_100,1.0,1.0,100.0,2000.0,2000.0,0.1887183040380478,periodic_100,1.0,1.0,100.0,3000.0,3000.0,0.4181150496006012,periodic_100,1.0,1.0,100.0,4000.0,4000.0,0.7795112133026123,periodic_50,1.0,1.0,100.0,5000.0,5000.0
dense_mlp_tanh,dysts:DequanLi,4,complete,0.0001381886686431244,periodic_100,1.0,1.0,100.0,100.0,100.0,0.002683066064491868,periodic_200,1.0,1.0,100.0,500.0,500.0,0.010275364853441715,periodic_200,1.0,1.0,100.0,1000.0,1000.0,0.021445084363222122,periodic_200,1.0,1.0,100.0,1500.0,1500.0,0.03439616784453392,periodic_200,1.0,1.0,100.0,2000.0,2000.0,0.07477927953004837,periodic_200,1.0,1.0,100.0,3000.0,3000.0,0.17458035051822662,periodic_200,1.0,1.0,100.0,4000.0,4000.0,0.3884626626968384,periodic_200,1.0,1.0,100.0,5000.0,5000.0
dense_mlp_tanh,dysts:DequanLi,5,complete,0.0006581377820111811,periodic_100,1.0,1.0,100.0,100.0,100.0,0.008117446675896645,periodic_150,1.0,1.0,100.0,500.0,500.0,0.0273066908121109,periodic_150,1.0,1.0,100.0,1000.0,1000.0,0.0535442940890789,periodic_150,1.0,1.0,100.0,1500.0,1500.0,0.08641844987869263,periodic_150,1.0,1.0,100.0,2000.0,2000.0,0.17882877588272095,periodic_200,1.0,1.0,100.0,3000.0,3000.0,0.3342656195163727,periodic_200,1.0,1.0,100.0,4000.0,4000.0,0.5422126054763794,periodic_200,1.0,1.0,100.0,5000.0,5000.0
dense_mlp_tanh,dysts:DequanLi,6,complete,0.00015350649482570589,periodic_100,1.0,1.0,100.0,100.0,100.0,0.003183242166414857,periodic_200,1.0,1.0,100.0,500.0,500.0,0.015421489253640175,periodic_200,1.0,1.0,100.0,1000.0,1000.0,0.04300517216324806,periodic_200,1.0,1.0,100.0,1500.0,1500.0,0.09672252833843231,periodic_200,1.0,1.0,100.0,2000.0,2000.0,0.36920395493507385,periodic_200,1.0,1.0,100.0,3000.0,3000.0,1.074051856994629,periodic_200,1.0,1.0,100.0,4000.0,4000.0,2.1973679065704346,periodic_200,1.0,1.0,100.0,5000.0,5000.0
dense_mlp_tanh,dysts:DequanLi,7,complete,0.0001606061850907281,periodic_100,1.0,1.0,100.0,100.0,100.0,0.002583619672805071,periodic_200,1.0,1.0,100.0,500.0,500.0,0.00906451791524887,periodic_200,1.0,1.0,100.0,1000.0,1000.0,0.01952097937464714,periodic_200,1.0,1.0,100.0,1500.0,1500.0,0.03665338456630707,periodic_200,1.0,1.0,100.0,2000.0,2000.0,0.11425311863422394,periodic_200,1.0,1.0,100.0,3000.0,3000.0,0.2988995611667633,periodic_200,1.0,1.0,100.0,4000.0,4000.0,0.6185142397880554,periodic_200,1.0,1.0,100.0,5000.0,5000.0
dense_mlp_tanh,dysts:DequanLi,8,complete,0.00020947898156009614,periodic_100,1.0,1.0,100.0,100.0,100.0,0.0035523357801139355,periodic_200,1.0,1.0,100.0,500.0,500.0,0.012748908251523972,periodic_200,1.0,1.0,100.0,1000.0,1000.0,0.025837039574980736,periodic_200,1.0,1.0,100.0,1500.0,1500.0,0.04184742271900177,periodic_200,1.0,1.0,100.0,2000.0,2000.0,0.07977622747421265,periodic_200,1.0,1.0,100.0,3000.0,3000.0,0.13942933082580566,periodic_200,1.0,1.0,100.0,4000.0,4000.0,0.24389906227588654,periodic_200,1.0,1.0,100.0,5000.0,5000.0
dense_mlp_tanh,dysts:DequanLi,9,complete,0.00908949039876461,periodic_100,1.0,1.0,100.0,100.0,100.0,0.02152666635811329,periodic_200,1.0,1.0,100.0,500.0,500.0,0.0444035641849041,periodic_200,1.0,1.0,100.0,1000.0,1000.0,0.073881596326828,periodic_200,1.0,1.0,100.0,1500.0,1500.0,0.10987964272499084,periodic_200,1.0,1.0,100.0,2000.0,2000.0,0.2218124270439148,periodic_200,1.0,1.0,100.0,3000.0,3000.0,0.3890509009361267,periodic_200,1.0,1.0,100.0,4000.0,4000.0,0.572709321975708,periodic_200,1.0,1.0,100.0,5000.0,5000.0
dense_mlp_tanh,dysts:DequanLi,10,complete,0.0019435960566625,periodic_100,1.0,1.0,100.0,100.0,100.0,0.007975172251462936,periodic_200,1.0,1.0,100.0,500.0,500.0,0.022175107151269913,periodic_200,1.0,1.0,100.0,1000.0,1000.0,0.042272426187992096,periodic_200,1.0,1.0,100.0,1500.0,1500.0,0.06772758811712265,periodic_200,1.0,1.0,100.0,2000.0,2000.0,0.13378512859344482,periodic_200,1.0,1.0,100.0,3000.0,3000.0,0.2263060212135315,periodic_200,1.0,1.0,100.0,4000.0,4000.0,0.3721814453601837,periodic_200,1.0,1.0,100.0,5000.0,5000.0
dense_mlp_tanh,dysts:DequanLi,11,complete,0.00231946655549109,periodic_100,1.0,1.0,100.0,100.0,100.0,0.009098177775740623,periodic_200,1.0,1.0,100.0,500.0,500.0,0.027023527771234512,periodic_200,1.0,1.0,100.0,1000.0,1000.0,0.05396618694067001,periodic_200,1.0,1.0,100.0,1500.0,1500.0,0.09167774021625519,periodic_200,1.0,1.0,100.0,2000.0,2000.0,0.23092040419578552,periodic_200,1.0,1.0,100.0,3000.0,3000.0,0.551139771938324,periodic_200,1.0,1.0,100.0,4000.0,4000.0,1.1922941207885742,periodic_200,1.0,1.0,100.0,5000.0,5000.0
dense_mlp_tanh,dysts:DequanLi,12,complete,0.0002591391676105559,periodic_100,1.0,1.0,100.0,100.0,100.0,0.0044380249455571175,periodic_200,1.0,1.0,100.0,500.0,500.0,0.015533724799752235,periodic_200,1.0,1.0,100.0,1000.0,1000.0,0.03365142643451691,periodic_200,1.0,1.0,100.0,1500.0,1500.0,0.06152895838022232,periodic_200,1.0,1.0,100.0,2000.0,2000.0,0.184481680393219,periodic_200,1.0,1.0,100.0,3000.0,3000.0,0.5472215414047241,periodic_200,1.0,1.0,100.0,4000.0,4000.0,1.2651151418685913,periodic_200,1.0,1.0,100.0,5000.0,5000.0
dense_mlp_tanh,dysts:DequanLi,13,complete,0.00022898124007042497,periodic_100,1.0,1.0,100.0,100.0,100.0,0.003944838419556618,periodic_200,1.0,1.0,100.0,500.0,500.0,0.015631873160600662,periodic_200,1.0,1.0,100.0,1000.0,1000.0,0.037697020918130875,periodic_200,1.0,1.0,100.0,1500.0,1500.0,0.076784148812294,periodic_200,1.0,1.0,100.0,2000.0,2000.0,0.2569117546081543,periodic_200,1.0,1.0,100.0,3000.0,3000.0,0.697550892829895,periodic_200,1.0,1.0,100.0,4000.0,4000.0,1.284976840019226,periodic_200,1.0,1.0,100.0,5000.0,5000.0
dense_mlp_tanh,dysts:DequanLi,14,complete,0.00027694969321601093,periodic_100,1.0,1.0,100.0,100.0,100.0,0.004466137383133173,periodic_200,1.0,1.0,100.0,500.0,500.0,0.015528492629528046,periodic_200,1.0,1.0,100.0,1000.0,1000.0,0.034140557050704956,periodic_200,1.0,1.0,100.0,1500.0,1500.0,0.06841972470283508,periodic_200,1.0,1.0,100.0,2000.0,2000.0,0.23365414142608643,periodic_200,1.0,1.0,100.0,3000.0,3000.0,0.5940685272216797,periodic_200,1.0,1.0,100.0,4000.0,4000.0,0.9679533243179321,periodic_200,1.0,1.0,100.0,5000.0,5000.0
dense_mlp_tanh,dysts:Hadley,0,complete,0.00023545286967419088,periodic_100,1.0,1.0,100.0,100.0,100.0,0.002177559770643711,periodic_200,1.0,1.0,100.0,500.0,500.0,0.007400701753795147,periodic_200,1.0,1.0,100.0,1000.0,1000.0,0.015369096770882607,periodic_200,1.0,1.0,100.0,1500.0,1500.0,0.026011895388364792,periodic_200,1.0,1.0,100.0,2000.0,2000.0,0.05776168406009674,periodic_200,1.0,1.0,100.0,3000.0,3000.0,0.10155807435512543,periodic_200,1.0,1.0,100.0,4000.0,4000.0,0.16030997037887573,periodic_200,1.0,1.0,100.0,5000.0,5000.0
dense_mlp_tanh,dysts:Hadley,1,complete,0.00020085356663912535,periodic_100,1.0,1.0,100.0,100.0,100.0,0.0027105289045721292,periodic_200,1.0,1.0,100.0,500.0,500.0,0.009792917408049107,periodic_200,1.0,1.0,100.0,1000.0,1000.0,0.019833452999591827,periodic_200,1.0,1.0,100.0,1500.0,1500.0,0.031636882573366165,periodic_200,1.0,1.0,100.0,2000.0,2000.0,0.0599125474691391,periodic_200,1.0,1.0,100.0,3000.0,3000.0,0.09951505810022354,periodic_150,1.0,1.0,100.0,4000.0,4000.0,0.16096191108226776,periodic_150,1.0,1.0,100.0,5000.0,5000.0
dense_mlp_tanh,dysts:Hadley,2,complete,0.00823170505464077,periodic_100,1.0,1.0,100.0,100.0,100.0,0.022266261279582977,periodic_200,1.0,1.0,100.0,500.0,500.0,0.054414719343185425,periodic_200,1.0,1.0,100.0,1000.0,1000.0,0.10391844063997269,periodic_200,1.0,1.0,100.0,1500.0,1500.0,0.1737755388021469,periodic_200,1.0,1.0,100.0,2000.0,2000.0,0.3730483949184418,periodic_200,1.0,1.0,100.0,3000.0,3000.0,0.6221932172775269,periodic_200,1.0,1.0,100.0,4000.0,4000.0,0.8874160647392273,periodic_200,1.0,1.0,100.0,5000.0,5000.0
dense_mlp_tanh,dysts:Hadley,3,complete,9.768280142452568e-05,periodic_100,1.0,1.0,100.0,100.0,100.0,0.0019305826863273978,periodic_200,1.0,1.0,100.0,500.0,500.0,0.007708828896284103,periodic_200,1.0,1.0,100.0,1000.0,1000.0,0.017029501497745514,periodic_150,1.0,1.0,100.0,1500.0,1500.0,0.028924165293574333,periodic_150,1.0,1.0,100.0,2000.0,2000.0,0.0553983598947525,periodic_150,1.0,1.0,100.0,3000.0,3000.0,0.08082155138254166,periodic_150,1.0,1.0,100.0,4000.0,4000.0,0.10838964581489563,periodic_150,1.0,1.0,100.0,5000.0,5000.0
dense_mlp_tanh,dysts:Hadley,4,complete,0.0009243358508683741,periodic_100,1.0,1.0,100.0,100.0,100.0,0.005078008398413658,periodic_200,1.0,1.0,100.0,500.0,500.0,0.015180027112364769,periodic_200,1.0,1.0,100.0,1000.0,1000.0,0.030295729637145996,periodic_200,1.0,1.0,100.0,1500.0,1500.0,0.05124282464385033,periodic_200,1.0,1.0,100.0,2000.0,2000.0,0.10881560295820236,periodic_200,1.0,1.0,100.0,3000.0,3000.0,0.17111988365650177,periodic_200,1.0,1.0,100.0,4000.0,4000.0,0.2294914424419403,periodic_200,1.0,1.0,100.0,5000.0,5000.0
dense_mlp_tanh,dysts:Hadley,5,complete,0.000110688190034125,periodic_100,1.0,1.0,100.0,100.0,100.0,0.0016425697831436992,periodic_200,1.0,1.0,100.0,500.0,500.0,0.005976668559014797,periodic_200,1.0,1.0,100.0,1000.0,1000.0,0.012500409036874771,periodic_200,1.0,1.0,100.0,1500.0,1500.0,0.02097235433757305,periodic_200,1.0,1.0,100.0,2000.0,2000.0,0.0440506786108017,periodic_150,1.0,1.0,100.0,3000.0,3000.0,0.08007312566041946,periodic_150,1.0,1.0,100.0,4000.0,4000.0,0.12771958112716675,periodic_100,1.0,1.0,100.0,5000.0,5000.0
dense_mlp_tanh,dysts:Hadley,6,complete,0.0030699390918016434,periodic_100,1.0,1.0,100.0,100.0,100.0,0.01130199059844017,periodic_200,1.0,1.0,100.0,500.0,500.0,0.029399128630757332,periodic_200,1.0,1.0,100.0,1000.0,1000.0,0.05576770380139351,periodic_200,1.0,1.0,100.0,1500.0,1500.0,0.0961524024605751,periodic_200,1.0,1.0,100.0,2000.0,2000.0,0.2549435794353485,periodic_200,1.0,1.0,100.0,3000.0,3000.0,0.5102118849754333,periodic_200,1.0,1.0,100.0,4000.0,4000.0,0.7884222269058228,periodic_200,1.0,1.0,100.0,5000.0,5000.0
dense_mlp_tanh,dysts:Hadley,7,complete,7.780226587783545e-05,periodic_100,1.0,1.0,100.0,100.0,100.0,0.0009193792357109487,periodic_200,1.0,1.0,100.0,500.0,500.0,0.0032341312617063522,periodic_200,1.0,1.0,100.0,1000.0,1000.0,0.0073731038719415665,periodic_200,1.0,1.0,100.0,1500.0,1500.0,0.014252984896302223,periodic_200,1.0,1.0,100.0,2000.0,2000.0,0.04256334900856018,periodic_200,1.0,1.0,100.0,3000.0,3000.0,0.09943689405918121,periodic_200,1.0,1.0,100.0,4000.0,4000.0,0.1825791299343109,periodic_200,1.0,1.0,100.0,5000.0,5000.0
dense_mlp_tanh,dysts:Hadley,8,complete,0.0004546060517895967,periodic_100,1.0,1.0,100.0,100.0,100.0,0.0059792958199977875,periodic_200,1.0,1.0,100.0,500.0,500.0,0.022307395935058594,periodic_200,1.0,1.0,100.0,1000.0,1000.0,0.05180538073182106,periodic_200,1.0,1.0,100.0,1500.0,1500.0,0.09947992116212845,periodic_200,1.0,1.0,100.0,2000.0,2000.0,0.2641603350639343,periodic_200,1.0,1.0,100.0,3000.0,3000.0,0.5028343796730042,periodic_200,1.0,1.0,100.0,4000.0,4000.0,0.7801748514175415,periodic_200,1.0,1.0,100.0,5000.0,5000.0
dense_mlp_tanh,dysts:Hadley,9,complete,0.000792614824604243,periodic_100,1.0,1.0,100.0,100.0,100.0,0.008339759893715382,periodic_200,1.0,1.0,100.0,500.0,500.0,0.031453944742679596,periodic_200,1.0,1.0,100.0,1000.0,1000.0,0.07131317257881165,periodic_200,1.0,1.0,100.0,1500.0,1500.0,0.13194787502288818,periodic_200,1.0,1.0,100.0,2000.0,2000.0,0.3283953070640564,periodic_200,1.0,1.0,100.0,3000.0,3000.0,0.5967662334442139,periodic_200,1.0,1.0,100.0,4000.0,4000.0,0.9111655950546265,periodic_200,1.0,1.0,100.0,5000.0,5000.0
dense_mlp_tanh,dysts:Hadley,10,complete,3.887353523168713e-05,periodic_100,1.0,1.0,100.0,100.0,100.0,0.000664781779050827,periodic_100,1.0,1.0,100.0,500.0,500.0,0.0022885019425302744,periodic_100,1.0,1.0,100.0,1000.0,1000.0,0.004701110068708658,periodic_100,1.0,1.0,100.0,1500.0,1500.0,0.008018556982278824,periodic_100,1.0,1.0,100.0,2000.0,2000.0,0.018459536135196686,periodic_100,1.0,1.0,100.0,3000.0,3000.0,0.03742557018995285,periodic_100,1.0,1.0,100.0,4000.0,4000.0,0.07059739530086517,periodic_100,1.0,1.0,100.0,5000.0,5000.0
dense_mlp_tanh,dysts:Hadley,11,complete,0.00014104221190791577,periodic_100,1.0,1.0,100.0,100.0,100.0,0.0019036909798160195,periodic_200,1.0,1.0,100.0,500.0,500.0,0.0072583830915391445,periodic_200,1.0,1.0,100.0,1000.0,1000.0,0.016169583424925804,periodic_200,1.0,1.0,100.0,1500.0,1500.0,0.02881515771150589,periodic_200,1.0,1.0,100.0,2000.0,2000.0,0.06566859781742096,periodic_200,1.0,1.0,100.0,3000.0,3000.0,0.11606138944625854,periodic_200,1.0,1.0,100.0,4000.0,4000.0,0.17619404196739197,periodic_200,1.0,1.0,100.0,5000.0,5000.0
dense_mlp_tanh,dysts:Hadley,12,complete,0.0017649573273956776,periodic_100,1.0,1.0,100.0,100.0,100.0,0.006130800116807222,periodic_200,1.0,1.0,100.0,500.0,500.0,0.015871567651629448,periodic_200,1.0,1.0,100.0,1000.0,1000.0,0.028343699872493744,periodic_200,1.0,1.0,100.0,1500.0,1500.0,0.04244649410247803,periodic_200,1.0,1.0,100.0,2000.0,2000.0,0.07909778505563736,periodic_200,1.0,1.0,100.0,3000.0,3000.0,0.14213506877422333,periodic_200,1.0,1.0,100.0,4000.0,4000.0,0.25849342346191406,periodic_200,1.0,1.0,100.0,5000.0,5000.0
dense_mlp_tanh,dysts:Hadley,13,complete,7.199403626145795e-05,periodic_100,1.0,1.0,100.0,100.0,100.0,0.0012014731764793396,periodic_200,1.0,1.0,100.0,500.0,500.0,0.0044608707539737225,periodic_200,1.0,1.0,100.0,1000.0,1000.0,0.009187612682580948,periodic_200,1.0,1.0,100.0,1500.0,1500.0,0.014453718438744545,periodic_200,1.0,1.0,100.0,2000.0,2000.0,0.02531895413994789,periodic_200,1.0,1.0,100.0,3000.0,3000.0,0.037325307726860046,periodic_200,1.0,1.0,100.0,4000.0,4000.0,0.05389358103275299,periodic_200,1.0,1.0,100.0,5000.0,5000.0
dense_mlp_tanh,dysts:Hadley,14,complete,0.00031126494286581874,periodic_100,1.0,1.0,100.0,100.0,100.0,0.005550549831241369,periodic_200,1.0,1.0,100.0,500.0,500.0,0.02144688554108143,periodic_200,1.0,1.0,100.0,1000.0,1000.0,0.04877608269453049,periodic_200,1.0,1.0,100.0,1500.0,1500.0,0.08911819756031036,periodic_200,1.0,1.0,100.0,2000.0,2000.0,0.2157973051071167,periodic_200,1.0,1.0,100.0,3000.0,3000.0,0.3990141749382019,periodic_200,1.0,1.0,100.0,4000.0,4000.0,0.6174408197402954,periodic_200,1.0,1.0,100.0,5000.0,5000.0
dense_mlp_tanh,dysts:LuChenCheng,0,complete,7.265034946613014e-05,periodic_100,1.0,1.0,100.0,100.0,100.0,0.0014289735117927194,periodic_150,1.0,1.0,100.0,500.0,500.0,0.005363490432500839,periodic_150,1.0,1.0,100.0,1000.0,1000.0,0.015392592176795006,periodic_200,1.0,1.0,100.0,1500.0,1500.0,0.04308304190635681,periodic_200,1.0,1.0,100.0,2000.0,2000.0,0.17064552009105682,periodic_200,1.0,1.0,100.0,3000.0,3000.0,0.41337281465530396,periodic_200,1.0,1.0,100.0,4000.0,4000.0,0.636720597743988,periodic_200,1.0,1.0,100.0,5000.0,5000.0
dense_mlp_tanh,dysts:LuChenCheng,1,complete,0.003942349925637245,periodic_100,1.0,1.0,100.0,100.0,100.0,0.007844205014407635,periodic_200,1.0,1.0,100.0,500.0,500.0,0.018904970958828926,periodic_200,1.0,1.0,100.0,1000.0,1000.0,0.032601650804281235,periodic_200,1.0,1.0,100.0,1500.0,1500.0,0.04922298341989517,periodic_200,1.0,1.0,100.0,2000.0,2000.0,0.0980752632021904,periodic_200,1.0,1.0,100.0,3000.0,3000.0,0.1428140252828598,periodic_200,1.0,1.0,100.0,4000.0,4000.0,0.21772868931293488,periodic_200,1.0,1.0,100.0,5000.0,5000.0
dense_mlp_tanh,dysts:LuChenCheng,2,complete,0.00022472762793768197,periodic_100,1.0,1.0,100.0,100.0,100.0,0.0036731429863721132,periodic_200,1.0,1.0,100.0,500.0,500.0,0.01508379727602005,periodic_200,1.0,1.0,100.0,1000.0,1000.0,0.03486444428563118,periodic_200,1.0,1.0,100.0,1500.0,1500.0,0.05396338552236557,periodic_200,1.0,1.0,100.0,2000.0,2000.0,0.08721422404050827,periodic_200,1.0,1.0,100.0,3000.0,3000.0,0.1452198475599289,periodic_200,1.0,1.0,100.0,4000.0,4000.0,0.20483623445034027,periodic_200,1.0,1.0,100.0,5000.0,5000.0
dense_mlp_tanh,dysts:LuChenCheng,3,complete,4.20824799221009e-05,periodic_100,1.0,1.0,100.0,100.0,100.0,0.0007147855940274894,periodic_100,1.0,1.0,100.0,500.0,500.0,0.0027567392680794,periodic_100,1.0,1.0,100.0,1000.0,1000.0,0.006931730546057224,periodic_100,1.0,1.0,100.0,1500.0,1500.0,0.015656594187021255,periodic_100,1.0,1.0,100.0,2000.0,2000.0,0.035530366003513336,periodic_100,1.0,1.0,100.0,3000.0,3000.0,0.06754938513040543,periodic_100,1.0,1.0,100.0,4000.0,4000.0,0.08580814301967621,periodic_100,1.0,1.0,100.0,5000.0,5000.0
dense_mlp_tanh,dysts:LuChenCheng,4,complete,0.00011519443069119006,periodic_100,1.0,1.0,100.0,100.0,100.0,0.0014764079824090004,periodic_200,1.0,1.0,100.0,500.0,500.0,0.006658217404037714,periodic_200,1.0,1.0,100.0,1000.0,1000.0,0.021572163328528404,periodic_200,1.0,1.0,100.0,1500.0,1500.0,0.05402929335832596,periodic_200,1.0,1.0,100.0,2000.0,2000.0,0.20059944689273834,periodic_200,1.0,1.0,100.0,3000.0,3000.0,0.47483208775520325,periodic_200,1.0,1.0,100.0,4000.0,4000.0,0.8539843559265137,periodic_200,1.0,1.0,100.0,5000.0,5000.0
dense_mlp_tanh,dysts:LuChenCheng,5,complete,0.00020034951739944518,periodic_100,1.0,1.0,100.0,100.0,100.0,0.004425272811204195,periodic_200,1.0,1.0,100.0,500.0,500.0,0.01814071461558342,periodic_200,1.0,1.0,100.0,1000.0,1000.0,0.03741329163312912,periodic_200,1.0,1.0,100.0,1500.0,1500.0,0.0554967038333416,periodic_200,1.0,1.0,100.0,2000.0,2000.0,0.07439985871315002,periodic_200,1.0,1.0,100.0,3000.0,3000.0,0.07881736010313034,periodic_200,1.0,1.0,100.0,4000.0,4000.0,0.1049824208021164,periodic_150,1.0,1.0,100.0,5000.0,5000.0
dense_mlp_tanh,dysts:LuChenCheng,6,complete,0.00011732461280189455,periodic_100,1.0,1.0,100.0,100.0,100.0,0.0028071152046322823,periodic_150,1.0,1.0,100.0,500.0,500.0,0.013171937316656113,periodic_150,1.0,1.0,100.0,1000.0,1000.0,0.03532588854432106,periodic_150,1.0,1.0,100.0,1500.0,1500.0,0.06434687972068787,periodic_150,1.0,1.0,100.0,2000.0,2000.0,0.14866237342357635,periodic_100,1.0,1.0,100.0,3000.0,3000.0,0.21218544244766235,periodic_100,1.0,1.0,100.0,4000.0,4000.0,0.3315523564815521,periodic_100,1.0,1.0,100.0,5000.0,5000.0
dense_mlp_tanh,dysts:LuChenCheng,7,complete,6.328065501293167e-05,periodic_100,1.0,1.0,100.0,100.0,100.0,0.0006104772328399122,periodic_200,1.0,1.0,100.0,500.0,500.0,0.0022834816481918097,periodic_200,1.0,1.0,100.0,1000.0,1000.0,0.005814134608954191,periodic_200,1.0,1.0,100.0,1500.0,1500.0,0.012321822345256805,periodic_200,1.0,1.0,100.0,2000.0,2000.0,0.02942427434027195,periodic_200,1.0,1.0,100.0,3000.0,3000.0,0.045756831765174866,periodic_200,1.0,1.0,100.0,4000.0,4000.0,0.0792805403470993,periodic_200,1.0,1.0,100.0,5000.0,5000.0
dense_mlp_tanh,dysts:LuChenCheng,8,complete,4.364947017165832e-05,periodic_100,1.0,1.0,100.0,100.0,100.0,0.0006711503956466913,periodic_200,1.0,1.0,100.0,500.0,500.0,0.002021007239818573,periodic_200,1.0,1.0,100.0,1000.0,1000.0,0.0038961232639849186,periodic_200,1.0,1.0,100.0,1500.0,1500.0,0.006530480459332466,periodic_200,1.0,1.0,100.0,2000.0,2000.0,0.01653406210243702,periodic_200,1.0,1.0,100.0,3000.0,3000.0,0.05043508857488632,periodic_200,1.0,1.0,100.0,4000.0,4000.0,0.13274922966957092,periodic_200,1.0,1.0,100.0,5000.0,5000.0
dense_mlp_tanh,dysts:LuChenCheng,9,complete,0.00016328704077750444,periodic_100,1.0,1.0,100.0,100.0,100.0,0.002385922474786639,periodic_200,1.0,1.0,100.0,500.0,500.0,0.006750647444278002,periodic_200,1.0,1.0,100.0,1000.0,1000.0,0.012280503287911415,periodic_200,1.0,1.0,100.0,1500.0,1500.0,0.018385589122772217,periodic_200,1.0,1.0,100.0,2000.0,2000.0,0.04418239742517471,periodic_150,1.0,1.0,100.0,3000.0,3000.0,0.08541938662528992,periodic_100,1.0,1.0,100.0,4000.0,4000.0,0.12200906127691269,periodic_150,1.0,1.0,100.0,5000.0,5000.0
dense_mlp_tanh,dysts:LuChenCheng,10,complete,0.00039321728399954736,periodic_100,1.0,1.0,100.0,100.0,100.0,0.006996608339250088,periodic_200,1.0,1.0,100.0,500.0,500.0,0.023568831384181976,periodic_200,1.0,1.0,100.0,1000.0,1000.0,0.05620019882917404,periodic_200,1.0,1.0,100.0,1500.0,1500.0,0.11315658688545227,periodic_200,1.0,1.0,100.0,2000.0,2000.0,0.3381665349006653,periodic_200,1.0,1.0,100.0,3000.0,3000.0,0.5096501708030701,periodic_200,1.0,1.0,100.0,4000.0,4000.0,0.7824944853782654,periodic_200,1.0,1.0,100.0,5000.0,5000.0
dense_mlp_tanh,dysts:LuChenCheng,11,complete,0.011332483030855656,periodic_100,1.0,1.0,100.0,100.0,100.0,0.020640280097723007,periodic_200,1.0,1.0,100.0,500.0,500.0,0.04022388532757759,periodic_200,1.0,1.0,100.0,1000.0,1000.0,0.06303384155035019,periodic_200,1.0,1.0,100.0,1500.0,1500.0,0.09021984785795212,periodic_200,1.0,1.0,100.0,2000.0,2000.0,0.18778400123119354,periodic_200,1.0,1.0,100.0,3000.0,3000.0,0.4144335091114044,periodic_200,1.0,1.0,100.0,4000.0,4000.0,0.6408165693283081,periodic_200,1.0,1.0,100.0,5000.0,5000.0
dense_mlp_tanh,dysts:LuChenCheng,12,complete,7.765225745970383e-05,periodic_100,1.0,1.0,100.0,100.0,100.0,0.0015120033640414476,periodic_100,1.0,1.0,100.0,500.0,500.0,0.005731184501200914,periodic_100,1.0,1.0,100.0,1000.0,1000.0,0.012729031965136528,periodic_100,1.0,1.0,100.0,1500.0,1500.0,0.021177096292376518,periodic_100,1.0,1.0,100.0,2000.0,2000.0,0.03752509132027626,periodic_100,1.0,1.0,100.0,3000.0,3000.0,0.08381035178899765,periodic_100,1.0,1.0,100.0,4000.0,4000.0,0.17512832581996918,periodic_150,1.0,1.0,100.0,5000.0,5000.0
dense_mlp_tanh,dysts:LuChenCheng,13,complete,0.004499555565416813,periodic_100,1.0,1.0,100.0,100.0,100.0,0.012827558442950249,periodic_200,1.0,1.0,100.0,500.0,500.0,0.021589403972029686,periodic_200,1.0,1.0,100.0,1000.0,1000.0,0.034171637147665024,periodic_200,1.0,1.0,100.0,1500.0,1500.0,0.046400342136621475,periodic_200,1.0,1.0,100.0,2000.0,2000.0,0.09245845675468445,periodic_200,1.0,1.0,100.0,3000.0,3000.0,0.13507534563541412,periodic_200,1.0,1.0,100.0,4000.0,4000.0,0.19936096668243408,periodic_200,1.0,1.0,100.0,5000.0,5000.0
dense_mlp_tanh,dysts:LuChenCheng,14,complete,6.0328355175442994e-05,periodic_100,1.0,1.0,100.0,100.0,100.0,0.0010067420080304146,periodic_150,1.0,1.0,100.0,500.0,500.0,0.003714208956807852,periodic_200,1.0,1.0,100.0,1000.0,1000.0,0.007137898355722427,periodic_200,1.0,1.0,100.0,1500.0,1500.0,0.010952017270028591,periodic_200,1.0,1.0,100.0,2000.0,2000.0,0.021813130006194115,periodic_200,1.0,1.0,100.0,3000.0,3000.0,0.05381925404071808,periodic_200,1.0,1.0,100.0,4000.0,4000.0,0.143098846077919,periodic_200,1.0,1.0,100.0,5000.0,5000.0
dense_mlp_tanh,dysts:QiChen,0,complete,0.0007025772938504815,periodic_100,1.0,1.0,100.0,100.0,100.0,0.00832403264939785,periodic_150,1.0,1.0,100.0,500.0,500.0,0.026412291452288628,periodic_150,1.0,1.0,100.0,1000.0,1000.0,0.05716703459620476,periodic_200,1.0,1.0,100.0,1500.0,1500.0,0.14214448630809784,periodic_200,1.0,1.0,100.0,2000.0,2000.0,0.49767687916755676,periodic_50,1.0,1.0,100.0,3000.0,3000.0,0.6316570043563843,periodic_50,1.0,1.0,100.0,4000.0,4000.0,0.8564469218254089,periodic_200,1.0,1.0,100.0,5000.0,5000.0
dense_mlp_tanh,dysts:QiChen,1,complete,0.001023156219162047,periodic_100,1.0,1.0,100.0,100.0,100.0,0.015467595309019089,periodic_100,1.0,1.0,100.0,500.0,500.0,0.05288182571530342,periodic_50,1.0,1.0,100.0,1000.0,1000.0,0.10779401659965515,periodic_50,1.0,1.0,100.0,1500.0,1500.0,0.21339397132396698,periodic_50,1.0,1.0,100.0,2000.0,2000.0,0.7641032338142395,periodic_50,1.0,1.0,100.0,3000.0,3000.0,1.3199584484100342,periodic_50,1.0,1.0,100.0,4000.0,4000.0,1.8946744203567505,periodic_50,1.0,1.0,100.0,5000.0,5000.0
dense_mlp_tanh,dysts:QiChen,2,complete,0.0012810806510969996,periodic_100,1.0,1.0,100.0,100.0,100.0,0.01761057786643505,periodic_200,1.0,1.0,100.0,500.0,500.0,0.07492907345294952,periodic_100,1.0,1.0,100.0,1000.0,1000.0,0.21684667468070984,periodic_100,1.0,1.0,100.0,1500.0,1500.0,0.5881834626197815,periodic_100,1.0,1.0,100.0,2000.0,2000.0,1.6400753259658813,periodic_100,1.0,1.0,100.0,3000.0,3000.0,2.2158920764923096,periodic_50,1.0,1.0,100.0,4000.0,4000.0,3.077937602996826,periodic_50,1.0,1.0,100.0,5000.0,5000.0
dense_mlp_tanh,dysts:QiChen,3,complete,0.0003392636135686189,periodic_100,1.0,1.0,100.0,100.0,100.0,0.00427369587123394,periodic_200,1.0,1.0,100.0,500.0,500.0,0.020656736567616463,periodic_200,1.0,1.0,100.0,1000.0,1000.0,0.06630836427211761,periodic_200,1.0,1.0,100.0,1500.0,1500.0,0.13820427656173706,periodic_50,1.0,1.0,100.0,2000.0,2000.0,0.29616281390190125,periodic_50,1.0,1.0,100.0,3000.0,3000.0,0.6693910956382751,periodic_100,1.0,1.0,100.0,4000.0,4000.0,0.9066073894500732,periodic_100,1.0,1.0,100.0,5000.0,5000.0
dense_mlp_tanh,dysts:QiChen,4,complete,0.001206710236147046,periodic_100,1.0,1.0,100.0,100.0,100.0,0.024466469883918762,periodic_50,1.0,1.0,100.0,500.0,500.0,0.08879705518484116,periodic_50,1.0,1.0,100.0,1000.0,1000.0,0.2959691286087036,periodic_25,1.0,1.0,100.0,1500.0,1500.0,0.8273752331733704,periodic_25,1.0,1.0,100.0,2000.0,2000.0,1.3895995616912842,periodic_25,1.0,1.0,100.0,3000.0,3000.0,1.6529425382614136,periodic_50,1.0,1.0,100.0,4000.0,4000.0,1.9689276218414307,periodic_50,1.0,1.0,100.0,5000.0,5000.0
dense_mlp_tanh,dysts:QiChen,5,complete,0.0005259920726530254,periodic_100,1.0,1.0,100.0,100.0,100.0,0.002697509713470936,periodic_100,1.0,1.0,100.0,500.0,500.0,0.005405736155807972,periodic_100,1.0,1.0,100.0,1000.0,1000.0,0.008870917372405529,periodic_100,1.0,1.0,100.0,1500.0,1500.0,0.018371880054473877,periodic_100,1.0,1.0,100.0,2000.0,2000.0,0.09804229438304901,periodic_100,1.0,1.0,100.0,3000.0,3000.0,0.2918962836265564,periodic_100,1.0,1.0,100.0,4000.0,4000.0,0.47333526611328125,periodic_100,1.0,1.0,100.0,5000.0,5000.0
dense_mlp_tanh,dysts:QiChen,6,complete,0.0021650169510394335,periodic_100,1.0,1.0,100.0,100.0,100.0,0.04035202041268349,periodic_100,1.0,1.0,100.0,500.0,500.0,0.15041384100914001,periodic_100,1.0,1.0,100.0,1000.0,1000.0,0.1914127767086029,periodic_100,1.0,1.0,100.0,1500.0,1500.0,0.2416735589504242,periodic_100,1.0,1.0,100.0,2000.0,2000.0,0.5071180462837219,periodic_50,1.0,1.0,100.0,3000.0,3000.0,0.7404785752296448,periodic_50,1.0,1.0,100.0,4000.0,4000.0,1.0964691638946533,periodic_50,1.0,1.0,100.0,5000.0,5000.0
dense_mlp_tanh,dysts:QiChen,7,complete,0.00035875715548172593,periodic_100,1.0,1.0,100.0,100.0,100.0,0.00610584719106555,periodic_200,1.0,1.0,100.0,500.0,500.0,0.021089747548103333,periodic_100,1.0,1.0,100.0,1000.0,1000.0,0.06761527061462402,periodic_100,1.0,1.0,100.0,1500.0,1500.0,0.2393404245376587,periodic_100,1.0,1.0,100.0,2000.0,2000.0,0.8127766251564026,periodic_50,1.0,1.0,100.0,3000.0,3000.0,1.353773832321167,periodic_50,1.0,1.0,100.0,4000.0,4000.0,1.6074219942092896,periodic_50,1.0,1.0,100.0,5000.0,5000.0
dense_mlp_tanh,dysts:QiChen,8,complete,0.0011972215725108981,periodic_100,1.0,1.0,100.0,100.0,100.0,0.015601933002471924,periodic_200,1.0,1.0,100.0,500.0,500.0,0.07221271842718124,periodic_150,1.0,1.0,100.0,1000.0,1000.0,0.16174715757369995,periodic_200,1.0,1.0,100.0,1500.0,1500.0,0.3160543143749237,periodic_200,1.0,1.0,100.0,2000.0,2000.0,0.8574624061584473,periodic_150,1.0,1.0,100.0,3000.0,3000.0,1.258384346961975,periodic_100,1.0,1.0,100.0,4000.0,4000.0,1.8617135286331177,periodic_100,1.0,1.0,100.0,5000.0,5000.0
dense_mlp_tanh,dysts:QiChen,9,complete,0.033261872828006744,periodic_100,1.0,1.0,100.0,100.0,100.0,0.13795875012874603,periodic_200,1.0,1.0,100.0,500.0,500.0,0.35927754640579224,periodic_200,1.0,1.0,100.0,1000.0,1000.0,0.6373270750045776,periodic_200,1.0,1.0,100.0,1500.0,1500.0,0.8322511315345764,periodic_200,1.0,1.0,100.0,2000.0,2000.0,1.2305729389190674,periodic_200,1.0,1.0,100.0,3000.0,3000.0,1.4454127550125122,periodic_200,1.0,1.0,100.0,4000.0,4000.0,1.7984695434570312,periodic_200,1.0,1.0,100.0,5000.0,5000.0
dense_mlp_tanh,dysts:QiChen,10,complete,0.0007501859217882156,periodic_100,1.0,1.0,100.0,100.0,100.0,0.006718339864164591,periodic_100,1.0,1.0,100.0,500.0,500.0,0.03365311771631241,periodic_100,1.0,1.0,100.0,1000.0,1000.0,0.13798309862613678,periodic_100,1.0,1.0,100.0,1500.0,1500.0,0.29868432879447937,periodic_50,1.0,1.0,100.0,2000.0,2000.0,0.7439386248588562,periodic_50,1.0,1.0,100.0,3000.0,3000.0,1.369212031364441,periodic_50,1.0,1.0,100.0,4000.0,4000.0,1.8074547052383423,periodic_50,1.0,1.0,100.0,5000.0,5000.0
dense_mlp_tanh,dysts:QiChen,11,complete,0.00011628627544268966,periodic_100,1.0,1.0,100.0,100.0,100.0,0.002484284108504653,periodic_50,1.0,1.0,100.0,500.0,500.0,0.012319960631430149,periodic_50,1.0,1.0,100.0,1000.0,1000.0,0.03330656886100769,periodic_50,1.0,1.0,100.0,1500.0,1500.0,0.08085405081510544,periodic_50,1.0,1.0,100.0,2000.0,2000.0,0.3041285574436188,periodic_50,1.0,1.0,100.0,3000.0,3000.0,0.5419266223907471,periodic_50,1.0,1.0,100.0,4000.0,4000.0,0.7305082678794861,periodic_50,1.0,1.0,100.0,5000.0,5000.0
dense_mlp_tanh,dysts:QiChen,12,complete,0.0009156700107268989,periodic_100,1.0,1.0,100.0,100.0,100.0,0.020050108432769775,periodic_200,1.0,1.0,100.0,500.0,500.0,0.1561155766248703,periodic_200,1.0,1.0,100.0,1000.0,1000.0,0.7882106900215149,periodic_200,1.0,1.0,100.0,1500.0,1500.0,1.5517680644989014,periodic_50,1.0,1.0,100.0,2000.0,2000.0,2.817553758621216,periodic_25,1.0,1.0,100.0,3000.0,3000.0,3.7296347618103027,periodic_50,1.0,1.0,100.0,4000.0,4000.0,4.319890022277832,periodic_10,1.0,1.0,100.0,5000.0,5000.0
dense_mlp_tanh,dysts:QiChen,13,complete,0.0007628530147485435,periodic_100,1.0,1.0,100.0,100.0,100.0,0.009078962728381157,periodic_150,1.0,1.0,100.0,500.0,500.0,0.05977620556950569,periodic_200,1.0,1.0,100.0,1000.0,1000.0,0.1767035871744156,periodic_200,1.0,1.0,100.0,1500.0,1500.0,0.3108796179294586,periodic_50,1.0,1.0,100.0,2000.0,2000.0,0.7421521544456482,periodic_50,1.0,1.0,100.0,3000.0,3000.0,1.0070070028305054,periodic_50,1.0,1.0,100.0,4000.0,4000.0,1.2536624670028687,periodic_50,1.0,1.0,100.0,5000.0,5000.0
dense_mlp_tanh,dysts:QiChen,14,complete,0.000900371465831995,periodic_100,1.0,1.0,100.0,100.0,100.0,0.009240610525012016,periodic_200,1.0,1.0,100.0,500.0,500.0,0.019519541412591934,periodic_200,1.0,1.0,100.0,1000.0,1000.0,0.03016270324587822,periodic_200,1.0,1.0,100.0,1500.0,1500.0,0.04698675125837326,periodic_200,1.0,1.0,100.0,2000.0,2000.0,0.2452283352613449,periodic_200,1.0,1.0,100.0,3000.0,3000.0,0.4422825872898102,periodic_200,1.0,1.0,100.0,4000.0,4000.0,0.7941019535064697,periodic_200,1.0,1.0,100.0,5000.0,5000.0
dense_mlp_tanh,dysts:Sakarya,0,complete,0.009942138567566872,periodic_100,1.0,1.0,100.0,100.0,100.0,0.08223505318164825,periodic_200,1.0,1.0,100.0,500.0,500.0,0.2238355278968811,periodic_200,1.0,1.0,100.0,1000.0,1000.0,0.41140884160995483,periodic_200,1.0,1.0,100.0,1500.0,1500.0,0.5276325941085815,periodic_200,1.0,1.0,100.0,2000.0,2000.0,0.795530378818512,periodic_200,1.0,1.0,100.0,3000.0,3000.0,1.0681025981903076,periodic_200,1.0,1.0,100.0,4000.0,4000.0,1.594322681427002,periodic_200,1.0,1.0,100.0,5000.0,5000.0
dense_mlp_tanh,dysts:Sakarya,1,complete,0.0017175344983115792,periodic_100,1.0,1.0,100.0,100.0,100.0,0.009041812270879745,periodic_150,1.0,1.0,100.0,500.0,500.0,0.032053012400865555,periodic_150,1.0,1.0,100.0,1000.0,1000.0,0.07570619136095047,periodic_200,1.0,1.0,100.0,1500.0,1500.0,0.1491016149520874,periodic_200,1.0,1.0,100.0,2000.0,2000.0,0.5408994555473328,periodic_100,1.0,1.0,100.0,3000.0,3000.0,0.8193062543869019,periodic_50,1.0,1.0,100.0,4000.0,4000.0,1.282595157623291,periodic_50,1.0,1.0,100.0,5000.0,5000.0
dense_mlp_tanh,dysts:Sakarya,2,complete,0.11432207375764847,periodic_100,1.0,1.0,100.0,100.0,100.0,0.29748955368995667,periodic_200,1.0,1.0,100.0,500.0,500.0,0.5141453146934509,periodic_200,1.0,1.0,100.0,1000.0,1000.0,0.6932212710380554,periodic_200,1.0,1.0,100.0,1500.0,1500.0,0.9009730815887451,periodic_200,1.0,1.0,100.0,2000.0,2000.0,1.2314893007278442,periodic_200,1.0,1.0,100.0,3000.0,3000.0,1.4481755495071411,periodic_200,1.0,1.0,100.0,4000.0,4000.0,1.7675774097442627,periodic_200,1.0,1.0,100.0,5000.0,5000.0
dense_mlp_tanh,dysts:Sakarya,3,complete,8.763132791500539e-05,periodic_50,1.0,1.0,100.0,100.0,100.0,0.002257737098261714,periodic_50,1.0,1.0,100.0,500.0,500.0,0.01433292031288147,periodic_25,1.0,1.0,100.0,1000.0,1000.0,0.044015828520059586,periodic_25,1.0,1.0,100.0,1500.0,1500.0,0.2178393006324768,periodic_200,1.0,1.0,100.0,2000.0,2000.0,0.3392629325389862,periodic_50,1.0,1.0,100.0,3000.0,3000.0,0.5256153345108032,periodic_50,1.0,1.0,100.0,4000.0,4000.0,0.858497142791748,periodic_50,1.0,1.0,100.0,5000.0,5000.0
dense_mlp_tanh,dysts:Sakarya,4,complete,0.006198567803949118,periodic_100,1.0,1.0,100.0,100.0,100.0,0.04939419776201248,periodic_200,1.0,1.0,100.0,500.0,500.0,0.14643120765686035,periodic_200,1.0,1.0,100.0,1000.0,1000.0,0.3464515209197998,periodic_200,1.0,1.0,100.0,1500.0,1500.0,0.6417006850242615,periodic_200,1.0,1.0,100.0,2000.0,2000.0,0.8468305468559265,periodic_25,1.0,1.0,100.0,3000.0,3000.0,1.2257230281829834,periodic_50,1.0,1.0,100.0,4000.0,4000.0,1.422928810119629,periodic_50,1.0,1.0,100.0,5000.0,5000.0
dense_mlp_tanh,dysts:Sakarya,5,complete,0.00028036950970999897,periodic_50,1.0,1.0,100.0,100.0,100.0,0.006850177422165871,periodic_50,1.0,1.0,100.0,500.0,500.0,0.03886358067393303,periodic_100,1.0,1.0,100.0,1000.0,1000.0,0.09301724284887314,periodic_100,1.0,1.0,100.0,1500.0,1500.0,0.2265072613954544,periodic_100,1.0,1.0,100.0,2000.0,2000.0,0.6933391094207764,periodic_50,1.0,1.0,100.0,3000.0,3000.0,1.0411081314086914,periodic_100,1.0,1.0,100.0,4000.0,4000.0,1.2563118934631348,periodic_100,1.0,1.0,100.0,5000.0,5000.0
dense_mlp_tanh,dysts:Sakarya,6,complete,0.0006689519505016506,periodic_100,1.0,1.0,100.0,100.0,100.0,0.025211626663804054,periodic_100,1.0,1.0,100.0,500.0,500.0,0.06448078900575638,periodic_100,1.0,1.0,100.0,1000.0,1000.0,0.15268418192863464,periodic_100,1.0,1.0,100.0,1500.0,1500.0,0.3967251181602478,periodic_150,1.0,1.0,100.0,2000.0,2000.0,0.7299450039863586,periodic_200,1.0,1.0,100.0,3000.0,3000.0,0.9029481410980225,periodic_200,1.0,1.0,100.0,4000.0,4000.0,1.0034428834915161,periodic_200,1.0,1.0,100.0,5000.0,5000.0
dense_mlp_tanh,dysts:Sakarya,7,complete,0.0005485232686623931,periodic_50,1.0,1.0,100.0,100.0,100.0,0.019337346777319908,periodic_50,1.0,1.0,100.0,500.0,500.0,0.054735682904720306,periodic_100,1.0,1.0,100.0,1000.0,1000.0,0.11071136593818665,periodic_100,1.0,1.0,100.0,1500.0,1500.0,0.1685004085302353,periodic_50,1.0,1.0,100.0,2000.0,2000.0,0.4854714274406433,periodic_100,1.0,1.0,100.0,3000.0,3000.0,0.9644314646720886,periodic_200,1.0,1.0,100.0,4000.0,4000.0,1.4057101011276245,periodic_200,1.0,1.0,100.0,5000.0,5000.0
dense_mlp_tanh,dysts:Sakarya,8,complete,0.0007253488292917609,periodic_100,1.0,1.0,100.0,100.0,100.0,0.012624317780137062,periodic_200,1.0,1.0,100.0,500.0,500.0,0.03437774255871773,periodic_200,1.0,1.0,100.0,1000.0,1000.0,0.07050465792417526,periodic_200,1.0,1.0,100.0,1500.0,1500.0,0.23088663816452026,periodic_200,1.0,1.0,100.0,2000.0,2000.0,0.7184074521064758,periodic_200,1.0,1.0,100.0,3000.0,3000.0,1.3198890686035156,periodic_150,1.0,1.0,100.0,4000.0,4000.0,1.8997573852539062,periodic_150,1.0,1.0,100.0,5000.0,5000.0
dense_mlp_tanh,dysts:Sakarya,9,complete,0.021088091656565666,periodic_100,1.0,1.0,100.0,100.0,100.0,0.20290148258209229,periodic_200,1.0,1.0,100.0,500.0,500.0,0.5363786220550537,periodic_200,1.0,1.0,100.0,1000.0,1000.0,0.9114096760749817,periodic_150,1.0,1.0,100.0,1500.0,1500.0,1.1515021324157715,periodic_50,1.0,1.0,100.0,2000.0,2000.0,1.7976094484329224,periodic_25,1.0,1.0,100.0,3000.0,3000.0,2.431002378463745,periodic_25,1.0,1.0,100.0,4000.0,4000.0,2.9782445430755615,periodic_25,1.0,1.0,100.0,5000.0,5000.0
dense_mlp_tanh,dysts:Sakarya,10,complete,0.008016160689294338,periodic_100,1.0,1.0,100.0,100.0,100.0,0.07123042643070221,periodic_200,1.0,1.0,100.0,500.0,500.0,0.1699782907962799,periodic_150,1.0,1.0,100.0,1000.0,1000.0,0.2753234803676605,periodic_100,1.0,1.0,100.0,1500.0,1500.0,0.6228028535842896,periodic_50,1.0,1.0,100.0,2000.0,2000.0,1.4173702001571655,periodic_50,1.0,1.0,100.0,3000.0,3000.0,2.119769811630249,periodic_50,1.0,1.0,100.0,4000.0,4000.0,2.7322373390197754,periodic_50,1.0,1.0,100.0,5000.0,5000.0
dense_mlp_tanh,dysts:Sakarya,11,complete,0.03671092912554741,periodic_100,1.0,1.0,100.0,100.0,100.0,0.14929170906543732,periodic_200,1.0,1.0,100.0,500.0,500.0,0.41025084257125854,periodic_200,1.0,1.0,100.0,1000.0,1000.0,0.6725986003875732,periodic_200,1.0,1.0,100.0,1500.0,1500.0,0.9774861931800842,periodic_200,1.0,1.0,100.0,2000.0,2000.0,1.4764857292175293,periodic_200,1.0,1.0,100.0,3000.0,3000.0,1.9889428615570068,periodic_200,1.0,1.0,100.0,4000.0,4000.0,2.5059468746185303,periodic_200,1.0,1.0,100.0,5000.0,5000.0
dense_mlp_tanh,dysts:Sakarya,12,complete,0.00026547652669250965,periodic_100,1.0,1.0,100.0,100.0,100.0,0.004569073673337698,periodic_50,1.0,1.0,100.0,500.0,500.0,0.009299177676439285,periodic_50,1.0,1.0,100.0,1000.0,1000.0,0.018170515075325966,periodic_50,1.0,1.0,100.0,1500.0,1500.0,0.0439457930624485,periodic_50,1.0,1.0,100.0,2000.0,2000.0,0.17422159016132355,periodic_50,1.0,1.0,100.0,3000.0,3000.0,0.39288967847824097,periodic_50,1.0,1.0,100.0,4000.0,4000.0,0.8355777859687805,periodic_100,1.0,1.0,100.0,5000.0,5000.0
dense_mlp_tanh,dysts:Sakarya,13,complete,0.04656796529889107,periodic_100,1.0,1.0,100.0,100.0,100.0,0.2831457853317261,periodic_100,1.0,1.0,100.0,500.0,500.0,0.6051638126373291,periodic_200,1.0,1.0,100.0,1000.0,1000.0,1.247758150100708,periodic_200,1.0,1.0,100.0,1500.0,1500.0,1.6869059801101685,periodic_100,1.0,1.0,100.0,2000.0,2000.0,2.2829794883728027,periodic_50,1.0,1.0,100.0,3000.0,3000.0,2.846096992492676,periodic_50,1.0,1.0,100.0,4000.0,4000.0,3.4314801692962646,periodic_25,1.0,1.0,100.0,5000.0,5000.0
dense_mlp_tanh,dysts:Sakarya,14,complete,0.023254649713635445,periodic_100,1.0,1.0,100.0,100.0,100.0,0.13823874294757843,periodic_200,1.0,1.0,100.0,500.0,500.0,0.32880455255508423,periodic_150,1.0,1.0,100.0,1000.0,1000.0,0.5689621567726135,periodic_100,1.0,1.0,100.0,1500.0,1500.0,0.9898228645324707,periodic_50,1.0,1.0,100.0,2000.0,2000.0,1.7913384437561035,periodic_50,1.0,1.0,100.0,3000.0,3000.0,2.3329970836639404,periodic_50,1.0,1.0,100.0,4000.0,4000.0,3.022606134414673,periodic_50,1.0,1.0,100.0,5000.0,5000.0
dense_mlp_tanh,dysts:SanUmSrisuchinwong,0,complete,0.0006330409087240696,periodic_100,1.0,1.0,100.0,100.0,100.0,0.00710247503593564,periodic_150,1.0,1.0,100.0,500.0,500.0,0.015174535103142262,periodic_150,1.0,1.0,100.0,1000.0,1000.0,0.025288743898272514,periodic_150,1.0,1.0,100.0,1500.0,1500.0,0.03523017838597298,periodic_150,1.0,1.0,100.0,2000.0,2000.0,0.06541891396045685,periodic_150,1.0,1.0,100.0,3000.0,3000.0,0.26088061928749084,periodic_150,1.0,1.0,100.0,4000.0,4000.0,0.6099665760993958,periodic_100,1.0,1.0,100.0,5000.0,5000.0
dense_mlp_tanh,dysts:SanUmSrisuchinwong,1,complete,0.00018478455604054034,periodic_100,1.0,1.0,100.0,100.0,100.0,0.003740758867934346,periodic_100,1.0,1.0,100.0,500.0,500.0,0.015412235632538795,periodic_100,1.0,1.0,100.0,1000.0,1000.0,0.040877003222703934,periodic_200,1.0,1.0,100.0,1500.0,1500.0,0.08464812487363815,periodic_200,1.0,1.0,100.0,2000.0,2000.0,0.37384092807769775,periodic_200,1.0,1.0,100.0,3000.0,3000.0,1.046362280845642,periodic_200,1.0,1.0,100.0,4000.0,4000.0,1.4006692171096802,periodic_200,1.0,1.0,100.0,5000.0,5000.0
dense_mlp_tanh,dysts:SanUmSrisuchinwong,2,complete,0.0008613121462985873,periodic_100,1.0,1.0,100.0,100.0,100.0,0.012774799950420856,periodic_150,1.0,1.0,100.0,500.0,500.0,0.04261885955929756,periodic_150,1.0,1.0,100.0,1000.0,1000.0,0.11338396370410919,periodic_100,1.0,1.0,100.0,1500.0,1500.0,0.2549361288547516,periodic_100,1.0,1.0,100.0,2000.0,2000.0,0.6415596008300781,periodic_100,1.0,1.0,100.0,3000.0,3000.0,0.9061616659164429,periodic_100,1.0,1.0,100.0,4000.0,4000.0,1.2242531776428223,periodic_50,1.0,1.0,100.0,5000.0,5000.0
dense_mlp_tanh,dysts:SanUmSrisuchinwong,3,complete,0.00035086166462861,periodic_100,1.0,1.0,100.0,100.0,100.0,0.003366375807672739,periodic_150,1.0,1.0,100.0,500.0,500.0,0.011145362630486488,periodic_100,1.0,1.0,100.0,1000.0,1000.0,0.023020286113023758,periodic_100,1.0,1.0,100.0,1500.0,1500.0,0.045039102435112,periodic_100,1.0,1.0,100.0,2000.0,2000.0,0.1488647162914276,periodic_100,1.0,1.0,100.0,3000.0,3000.0,0.5560590624809265,periodic_150,1.0,1.0,100.0,4000.0,4000.0,1.05455482006073,periodic_50,1.0,1.0,100.0,5000.0,5000.0
dense_mlp_tanh,dysts:SanUmSrisuchinwong,4,complete,0.00013389409286901355,periodic_100,1.0,1.0,100.0,100.0,100.0,0.0025509304832667112,periodic_100,1.0,1.0,100.0,500.0,500.0,0.007415973115712404,periodic_50,1.0,1.0,100.0,1000.0,1000.0,0.013949472457170486,periodic_50,1.0,1.0,100.0,1500.0,1500.0,0.023937905207276344,periodic_50,1.0,1.0,100.0,2000.0,2000.0,0.06910349428653717,periodic_100,1.0,1.0,100.0,3000.0,3000.0,0.19604691863059998,periodic_100,1.0,1.0,100.0,4000.0,4000.0,0.5180308818817139,periodic_150,1.0,1.0,100.0,5000.0,5000.0
dense_mlp_tanh,dysts:SanUmSrisuchinwong,5,complete,0.00100065884180367,periodic_100,1.0,1.0,100.0,100.0,100.0,0.018252937123179436,periodic_150,1.0,1.0,100.0,500.0,500.0,0.08644574880599976,periodic_150,1.0,1.0,100.0,1000.0,1000.0,0.24965421855449677,periodic_150,1.0,1.0,100.0,1500.0,1500.0,0.4248872399330139,periodic_200,1.0,1.0,100.0,2000.0,2000.0,0.7774225473403931,periodic_200,1.0,1.0,100.0,3000.0,3000.0,1.334328055381775,periodic_200,1.0,1.0,100.0,4000.0,4000.0,1.8462027311325073,periodic_200,1.0,1.0,100.0,5000.0,5000.0
dense_mlp_tanh,dysts:SanUmSrisuchinwong,6,complete,0.0049356683157384396,periodic_100,1.0,1.0,100.0,100.0,100.0,0.023137256503105164,periodic_150,1.0,1.0,100.0,500.0,500.0,0.07452628016471863,periodic_150,1.0,1.0,100.0,1000.0,1000.0,0.16698488593101501,periodic_100,1.0,1.0,100.0,1500.0,1500.0,0.37001869082450867,periodic_100,1.0,1.0,100.0,2000.0,2000.0,1.4023301601409912,periodic_100,1.0,1.0,100.0,3000.0,3000.0,1.9191250801086426,periodic_100,1.0,1.0,100.0,4000.0,4000.0,2.2066738605499268,periodic_100,1.0,1.0,100.0,5000.0,5000.0
dense_mlp_tanh,dysts:SanUmSrisuchinwong,7,complete,0.0002522374561522156,periodic_100,1.0,1.0,100.0,100.0,100.0,0.005410442128777504,periodic_100,1.0,1.0,100.0,500.0,500.0,0.016832664608955383,periodic_100,1.0,1.0,100.0,1000.0,1000.0,0.036870215088129044,periodic_150,1.0,1.0,100.0,1500.0,1500.0,0.07382752001285553,periodic_200,1.0,1.0,100.0,2000.0,2000.0,0.1973702311515808,periodic_200,1.0,1.0,100.0,3000.0,3000.0,0.3742941915988922,periodic_200,1.0,1.0,100.0,4000.0,4000.0,0.7872125506401062,periodic_200,1.0,1.0,100.0,5000.0,5000.0
dense_mlp_tanh,dysts:SanUmSrisuchinwong,8,complete,0.0013696157839149237,periodic_100,1.0,1.0,100.0,100.0,100.0,0.00913319457322359,periodic_200,1.0,1.0,100.0,500.0,500.0,0.02095426805317402,periodic_150,1.0,1.0,100.0,1000.0,1000.0,0.05329786241054535,periodic_100,1.0,1.0,100.0,1500.0,1500.0,0.12627588212490082,periodic_25,1.0,1.0,100.0,2000.0,2000.0,0.364340603351593,periodic_25,1.0,1.0,100.0,3000.0,3000.0,0.8278166055679321,periodic_100,1.0,1.0,100.0,4000.0,4000.0,1.393062949180603,periodic_50,1.0,1.0,100.0,5000.0,5000.0
dense_mlp_tanh,dysts:SanUmSrisuchinwong,9,complete,0.0003398049739189446,periodic_100,1.0,1.0,100.0,100.0,100.0,0.005976391490548849,periodic_150,1.0,1.0,100.0,500.0,500.0,0.01834210194647312,periodic_150,1.0,1.0,100.0,1000.0,1000.0,0.03866356611251831,periodic_150,1.0,1.0,100.0,1500.0,1500.0,0.08493945002555847,periodic_150,1.0,1.0,100.0,2000.0,2000.0,0.3444230556488037,periodic_200,1.0,1.0,100.0,3000.0,3000.0,0.5671853423118591,periodic_200,1.0,1.0,100.0,4000.0,4000.0,1.0225619077682495,periodic_150,1.0,1.0,100.0,5000.0,5000.0
dense_mlp_tanh,dysts:SanUmSrisuchinwong,10,complete,0.0008936029626056552,periodic_100,1.0,1.0,100.0,100.0,100.0,0.008169237524271011,periodic_150,1.0,1.0,100.0,500.0,500.0,0.02963566593825817,periodic_100,1.0,1.0,100.0,1000.0,1000.0,0.08388578146696091,periodic_100,1.0,1.0,100.0,1500.0,1500.0,0.2502017617225647,periodic_100,1.0,1.0,100.0,2000.0,2000.0,0.9228700399398804,periodic_50,1.0,1.0,100.0,3000.0,3000.0,1.477136254310608,periodic_100,1.0,1.0,100.0,4000.0,4000.0,1.9374641180038452,periodic_100,1.0,1.0,100.0,5000.0,5000.0
dense_mlp_tanh,dysts:SanUmSrisuchinwong,11,complete,0.00015646890096832067,periodic_100,1.0,1.0,100.0,100.0,100.0,0.0037745118606835604,periodic_100,1.0,1.0,100.0,500.0,500.0,0.01542644016444683,periodic_100,1.0,1.0,100.0,1000.0,1000.0,0.036515504121780396,periodic_100,1.0,1.0,100.0,1500.0,1500.0,0.0743456482887268,periodic_150,1.0,1.0,100.0,2000.0,2000.0,0.3774360418319702,periodic_200,1.0,1.0,100.0,3000.0,3000.0,0.6074585318565369,periodic_200,1.0,1.0,100.0,4000.0,4000.0,0.7999864816665649,periodic_150,1.0,1.0,100.0,5000.0,5000.0
dense_mlp_tanh,dysts:SanUmSrisuchinwong,12,complete,0.000149500512634404,periodic_100,1.0,1.0,100.0,100.0,100.0,0.002763578202575445,periodic_100,1.0,1.0,100.0,500.0,500.0,0.011038253083825111,periodic_100,1.0,1.0,100.0,1000.0,1000.0,0.030931532382965088,periodic_100,1.0,1.0,100.0,1500.0,1500.0,0.08881927281618118,periodic_150,1.0,1.0,100.0,2000.0,2000.0,0.36320579051971436,periodic_100,1.0,1.0,100.0,3000.0,3000.0,0.6356359720230103,periodic_100,1.0,1.0,100.0,4000.0,4000.0,0.9780431389808655,periodic_100,1.0,1.0,100.0,5000.0,5000.0
dense_mlp_tanh,dysts:SanUmSrisuchinwong,13,complete,0.0005873218760825694,periodic_100,1.0,1.0,100.0,100.0,100.0,0.006168921012431383,periodic_150,1.0,1.0,100.0,500.0,500.0,0.02032880298793316,periodic_100,1.0,1.0,100.0,1000.0,1000.0,0.04335324466228485,periodic_100,1.0,1.0,100.0,1500.0,1500.0,0.08168697357177734,periodic_100,1.0,1.0,100.0,2000.0,2000.0,0.38294368982315063,periodic_100,1.0,1.0,100.0,3000.0,3000.0,0.8987048864364624,periodic_100,1.0,1.0,100.0,4000.0,4000.0,1.4198989868164062,periodic_100,1.0,1.0,100.0,5000.0,5000.0
dense_mlp_tanh,dysts:SanUmSrisuchinwong,14,complete,0.0011328901164233685,periodic_100,1.0,1.0,100.0,100.0,100.0,0.014888685196638107,periodic_150,1.0,1.0,100.0,500.0,500.0,0.049749135971069336,periodic_100,1.0,1.0,100.0,1000.0,1000.0,0.1125185564160347,periodic_100,1.0,1.0,100.0,1500.0,1500.0,0.2232036590576172,periodic_100,1.0,1.0,100.0,2000.0,2000.0,0.6545490026473999,periodic_100,1.0,1.0,100.0,3000.0,3000.0,1.231496810913086,periodic_100,1.0,1.0,100.0,4000.0,4000.0,1.6829049587249756,periodic_50,1.0,1.0,100.0,5000.0,5000.0
dense_mlp_tanh,dysts:ShimizuMorioka,0,complete,0.0004757021088153124,periodic_100,1.0,1.0,100.0,100.0,100.0,0.007832244969904423,periodic_150,1.0,1.0,100.0,500.0,500.0,0.024520378559827805,periodic_100,1.0,1.0,100.0,1000.0,1000.0,0.05104226991534233,periodic_100,1.0,1.0,100.0,1500.0,1500.0,0.10778949409723282,periodic_50,1.0,1.0,100.0,2000.0,2000.0,0.4724045693874359,periodic_50,1.0,1.0,100.0,3000.0,3000.0,1.0511107444763184,periodic_50,1.0,1.0,100.0,4000.0,4000.0,1.4375282526016235,periodic_100,1.0,1.0,100.0,5000.0,5000.0
dense_mlp_tanh,dysts:ShimizuMorioka,1,complete,9.545213833916932e-05,periodic_100,1.0,1.0,100.0,100.0,100.0,0.0014773313887417316,periodic_200,1.0,1.0,100.0,500.0,500.0,0.005188366863876581,periodic_200,1.0,1.0,100.0,1000.0,1000.0,0.011639264412224293,periodic_200,1.0,1.0,100.0,1500.0,1500.0,0.01946263574063778,periodic_200,1.0,1.0,100.0,2000.0,2000.0,0.06910760700702667,periodic_200,1.0,1.0,100.0,3000.0,3000.0,0.251920610666275,periodic_200,1.0,1.0,100.0,4000.0,4000.0,0.5778905749320984,periodic_200,1.0,1.0,100.0,5000.0,5000.0
dense_mlp_tanh,dysts:ShimizuMorioka,2,complete,9.81629709713161e-05,periodic_50,1.0,1.0,100.0,100.0,100.0,0.001502794912084937,periodic_100,1.0,1.0,100.0,500.0,500.0,0.0065153054893016815,periodic_100,1.0,1.0,100.0,1000.0,1000.0,0.015260109677910805,periodic_100,1.0,1.0,100.0,1500.0,1500.0,0.028533587232232094,periodic_50,1.0,1.0,100.0,2000.0,2000.0,0.09958148002624512,periodic_50,1.0,1.0,100.0,3000.0,3000.0,0.27613627910614014,periodic_50,1.0,1.0,100.0,4000.0,4000.0,0.5532999634742737,periodic_50,1.0,1.0,100.0,5000.0,5000.0
dense_mlp_tanh,dysts:ShimizuMorioka,3,complete,6.43840612610802e-05,periodic_100,1.0,1.0,100.0,100.0,100.0,0.0007217980455607176,periodic_100,1.0,1.0,100.0,500.0,500.0,0.0019055476877838373,periodic_100,1.0,1.0,100.0,1000.0,1000.0,0.003220910206437111,periodic_150,1.0,1.0,100.0,1500.0,1500.0,0.004943517968058586,periodic_150,1.0,1.0,100.0,2000.0,2000.0,0.010564472526311874,periodic_200,1.0,1.0,100.0,3000.0,3000.0,0.02419874630868435,periodic_200,1.0,1.0,100.0,4000.0,4000.0,0.0789785161614418,periodic_200,1.0,1.0,100.0,5000.0,5000.0
dense_mlp_tanh,dysts:ShimizuMorioka,4,complete,6.902898894622922e-05,periodic_100,1.0,1.0,100.0,100.0,100.0,0.0008647100767120719,periodic_150,1.0,1.0,100.0,500.0,500.0,0.002744663041085005,periodic_200,1.0,1.0,100.0,1000.0,1000.0,0.00562652014195919,periodic_200,1.0,1.0,100.0,1500.0,1500.0,0.008640958927571774,periodic_200,1.0,1.0,100.0,2000.0,2000.0,0.022589566186070442,periodic_150,1.0,1.0,100.0,3000.0,3000.0,0.08400622010231018,periodic_150,1.0,1.0,100.0,4000.0,4000.0,0.29643240571022034,periodic_150,1.0,1.0,100.0,5000.0,5000.0
dense_mlp_tanh,dysts:ShimizuMorioka,5,complete,5.9349273215048015e-05,periodic_100,1.0,1.0,100.0,100.0,100.0,0.0010296107502654195,periodic_100,1.0,1.0,100.0,500.0,500.0,0.003670342266559601,periodic_100,1.0,1.0,100.0,1000.0,1000.0,0.005634315777570009,periodic_100,1.0,1.0,100.0,1500.0,1500.0,0.0073957680724561214,periodic_150,1.0,1.0,100.0,2000.0,2000.0,0.02093696780502796,periodic_200,1.0,1.0,100.0,3000.0,3000.0,0.09320139139890671,periodic_200,1.0,1.0,100.0,4000.0,4000.0,0.25014054775238037,periodic_50,1.0,1.0,100.0,5000.0,5000.0
dense_mlp_tanh,dysts:ShimizuMorioka,6,complete,0.00014588980411645025,periodic_100,1.0,1.0,100.0,100.0,100.0,0.002222036477178335,periodic_100,1.0,1.0,100.0,500.0,500.0,0.005062760319560766,periodic_100,1.0,1.0,100.0,1000.0,1000.0,0.007309948094189167,periodic_100,1.0,1.0,100.0,1500.0,1500.0,0.010070586577057838,periodic_100,1.0,1.0,100.0,2000.0,2000.0,0.033410146832466125,periodic_100,1.0,1.0,100.0,3000.0,3000.0,0.1326499879360199,periodic_100,1.0,1.0,100.0,4000.0,4000.0,0.2988858222961426,periodic_100,1.0,1.0,100.0,5000.0,5000.0
dense_mlp_tanh,dysts:ShimizuMorioka,7,complete,0.00023506394063588232,periodic_100,1.0,1.0,100.0,100.0,100.0,0.004049878567457199,periodic_200,1.0,1.0,100.0,500.0,500.0,0.010522688739001751,periodic_200,1.0,1.0,100.0,1000.0,1000.0,0.018572570756077766,periodic_200,1.0,1.0,100.0,1500.0,1500.0,0.03580472618341446,periodic_200,1.0,1.0,100.0,2000.0,2000.0,0.10943596810102463,periodic_200,1.0,1.0,100.0,3000.0,3000.0,0.39196500182151794,periodic_200,1.0,1.0,100.0,4000.0,4000.0,0.7796431183815002,periodic_200,1.0,1.0,100.0,5000.0,5000.0
dense_mlp_tanh,dysts:ShimizuMorioka,8,complete,0.00015820541011635214,periodic_50,1.0,1.0,100.0,100.0,100.0,0.0024773988407105207,periodic_50,1.0,1.0,100.0,500.0,500.0,0.00783573929220438,periodic_100,1.0,1.0,100.0,1000.0,1000.0,0.016439836472272873,periodic_100,1.0,1.0,100.0,1500.0,1500.0,0.028066618368029594,periodic_150,1.0,1.0,100.0,2000.0,2000.0,0.09274162352085114,periodic_200,1.0,1.0,100.0,3000.0,3000.0,0.38201743364334106,periodic_200,1.0,1.0,100.0,4000.0,4000.0,0.8948478102684021,periodic_200,1.0,1.0,100.0,5000.0,5000.0
dense_mlp_tanh,dysts:ShimizuMorioka,9,complete,0.024549396708607674,periodic_100,1.0,1.0,100.0,100.0,100.0,0.04768871143460274,periodic_200,1.0,1.0,100.0,500.0,500.0,0.09420377016067505,periodic_200,1.0,1.0,100.0,1000.0,1000.0,0.16434016823768616,periodic_200,1.0,1.0,100.0,1500.0,1500.0,0.2389354556798935,periodic_200,1.0,1.0,100.0,2000.0,2000.0,0.5636547207832336,periodic_200,1.0,1.0,100.0,3000.0,3000.0,1.0391932725906372,periodic_200,1.0,1.0,100.0,4000.0,4000.0,1.4124466180801392,periodic_200,1.0,1.0,100.0,5000.0,5000.0
dense_mlp_tanh,dysts:ShimizuMorioka,10,complete,9.909131767926738e-05,periodic_100,1.0,1.0,100.0,100.0,100.0,0.002473076106980443,periodic_100,1.0,1.0,100.0,500.0,500.0,0.0073935906402766705,periodic_100,1.0,1.0,100.0,1000.0,1000.0,0.010297613218426704,periodic_100,1.0,1.0,100.0,1500.0,1500.0,0.014860149472951889,periodic_150,1.0,1.0,100.0,2000.0,2000.0,0.03285970911383629,periodic_150,1.0,1.0,100.0,3000.0,3000.0,0.12847661972045898,periodic_200,1.0,1.0,100.0,4000.0,4000.0,0.38238659501075745,periodic_200,1.0,1.0,100.0,5000.0,5000.0
dense_mlp_tanh,dysts:ShimizuMorioka,11,complete,0.0001504894025856629,periodic_100,1.0,1.0,100.0,100.0,100.0,0.0028258739039301872,periodic_150,1.0,1.0,100.0,500.0,500.0,0.0102543318644166,periodic_200,1.0,1.0,100.0,1000.0,1000.0,0.021940434351563454,periodic_150,1.0,1.0,100.0,1500.0,1500.0,0.03544182702898979,periodic_150,1.0,1.0,100.0,2000.0,2000.0,0.05943255126476288,periodic_100,1.0,1.0,100.0,3000.0,3000.0,0.15524841845035553,periodic_100,1.0,1.0,100.0,4000.0,4000.0,0.38649654388427734,periodic_150,1.0,1.0,100.0,5000.0,5000.0
dense_mlp_tanh,dysts:ShimizuMorioka,12,complete,0.000218912071431987,periodic_100,1.0,1.0,100.0,100.0,100.0,0.0037086964584887028,periodic_100,1.0,1.0,100.0,500.0,500.0,0.011526825837790966,periodic_100,1.0,1.0,100.0,1000.0,1000.0,0.017883991822600365,periodic_100,1.0,1.0,100.0,1500.0,1500.0,0.026408303529024124,periodic_100,1.0,1.0,100.0,2000.0,2000.0,0.06592980027198792,periodic_50,1.0,1.0,100.0,3000.0,3000.0,0.2412063032388687,periodic_50,1.0,1.0,100.0,4000.0,4000.0,0.6120266914367676,periodic_50,1.0,1.0,100.0,5000.0,5000.0
dense_mlp_tanh,dysts:ShimizuMorioka,13,complete,6.81414021528326e-05,periodic_100,1.0,1.0,100.0,100.0,100.0,0.0009552804403938353,periodic_100,1.0,1.0,100.0,500.0,500.0,0.00285630882717669,periodic_200,1.0,1.0,100.0,1000.0,1000.0,0.006855543702840805,periodic_200,1.0,1.0,100.0,1500.0,1500.0,0.013821902684867382,periodic_200,1.0,1.0,100.0,2000.0,2000.0,0.04037148505449295,periodic_200,1.0,1.0,100.0,3000.0,3000.0,0.1284726858139038,periodic_200,1.0,1.0,100.0,4000.0,4000.0,0.3121471107006073,periodic_200,1.0,1.0,100.0,5000.0,5000.0
dense_mlp_tanh,dysts:ShimizuMorioka,14,complete,0.0010250681079924107,periodic_100,1.0,1.0,100.0,100.0,100.0,0.009099478833377361,periodic_200,1.0,1.0,100.0,500.0,500.0,0.034343305975198746,periodic_150,1.0,1.0,100.0,1000.0,1000.0,0.0785205066204071,periodic_150,1.0,1.0,100.0,1500.0,1500.0,0.17013856768608093,periodic_100,1.0,1.0,100.0,2000.0,2000.0,0.6198444366455078,periodic_100,1.0,1.0,100.0,3000.0,3000.0,1.0602333545684814,periodic_100,1.0,1.0,100.0,4000.0,4000.0,1.5928906202316284,periodic_200,1.0,1.0,100.0,5000.0,5000.0
dense_mlp_tanh,dysts:WangSun,0,complete,0.07976756244897842,periodic_100,1.0,1.0,100.0,100.0,100.0,0.47402259707450867,periodic_200,1.0,1.0,100.0,500.0,500.0,0.7719824314117432,periodic_200,1.0,1.0,100.0,1000.0,1000.0,1.1101198196411133,periodic_150,1.0,1.0,100.0,1500.0,1500.0,1.3189491033554077,periodic_150,1.0,1.0,100.0,2000.0,2000.0,1.8986310958862305,periodic_150,1.0,1.0,100.0,3000.0,3000.0,2.5132198333740234,periodic_150,1.0,1.0,100.0,4000.0,4000.0,3.127026081085205,periodic_200,1.0,1.0,100.0,5000.0,5000.0
dense_mlp_tanh,dysts:WangSun,1,complete,0.0014177076518535614,periodic_100,1.0,1.0,100.0,100.0,100.0,0.012381110340356827,periodic_50,1.0,1.0,100.0,500.0,500.0,0.13298597931861877,periodic_50,1.0,1.0,100.0,1000.0,1000.0,0.5656304359436035,periodic_50,1.0,1.0,100.0,1500.0,1500.0,1.0491130352020264,periodic_50,1.0,1.0,100.0,2000.0,2000.0,1.4931057691574097,periodic_100,1.0,1.0,100.0,3000.0,3000.0,1.7478551864624023,periodic_100,1.0,1.0,100.0,4000.0,4000.0,2.3246657848358154,periodic_100,1.0,1.0,100.0,5000.0,5000.0
dense_mlp_tanh,dysts:WangSun,2,complete,0.0006481247255578637,periodic_50,1.0,1.0,100.0,100.0,100.0,0.007795336190611124,periodic_50,1.0,1.0,100.0,500.0,500.0,0.035468947142362595,periodic_50,1.0,1.0,100.0,1000.0,1000.0,0.5646568536758423,periodic_50,1.0,1.0,100.0,1500.0,1500.0,0.9643486738204956,periodic_50,1.0,1.0,100.0,2000.0,2000.0,1.268104076385498,periodic_50,1.0,1.0,100.0,3000.0,3000.0,1.5550317764282227,periodic_50,1.0,1.0,100.0,4000.0,4000.0,1.9793604612350464,periodic_50,1.0,1.0,100.0,5000.0,5000.0
dense_mlp_tanh,dysts:WangSun,3,complete,0.000335839984472841,periodic_50,1.0,1.0,100.0,100.0,100.0,0.004259912762790918,periodic_25,1.0,1.0,100.0,500.0,500.0,0.012715822085738182,periodic_25,1.0,1.0,100.0,1000.0,1000.0,0.03795550391077995,periodic_25,1.0,1.0,100.0,1500.0,1500.0,0.12805385887622833,periodic_25,1.0,1.0,100.0,2000.0,2000.0,0.7347697615623474,periodic_50,1.0,1.0,100.0,3000.0,3000.0,1.4971908330917358,periodic_25,1.0,1.0,100.0,4000.0,4000.0,2.1103944778442383,periodic_50,1.0,1.0,100.0,5000.0,5000.0
dense_mlp_tanh,dysts:WangSun,4,complete,0.0009703836403787136,periodic_50,1.0,1.0,100.0,100.0,100.0,0.02302972786128521,periodic_50,1.0,1.0,100.0,500.0,500.0,0.041670847684144974,periodic_50,1.0,1.0,100.0,1000.0,1000.0,0.09322986751794815,periodic_50,1.0,1.0,100.0,1500.0,1500.0,0.20760367810726166,periodic_50,1.0,1.0,100.0,2000.0,2000.0,0.6329242587089539,periodic_50,1.0,1.0,100.0,3000.0,3000.0,1.0812733173370361,periodic_50,1.0,1.0,100.0,4000.0,4000.0,1.4423047304153442,periodic_50,1.0,1.0,100.0,5000.0,5000.0
dense_mlp_tanh,dysts:WangSun,5,complete,0.00034513790160417557,periodic_50,1.0,1.0,100.0,100.0,100.0,0.01617528311908245,periodic_100,1.0,1.0,100.0,500.0,500.0,0.07778787612915039,periodic_100,1.0,1.0,100.0,1000.0,1000.0,0.2289409637451172,periodic_100,1.0,1.0,100.0,1500.0,1500.0,0.518581748008728,periodic_100,1.0,1.0,100.0,2000.0,2000.0,1.691930890083313,periodic_100,1.0,1.0,100.0,3000.0,3000.0,2.442021131515503,periodic_100,1.0,1.0,100.0,4000.0,4000.0,2.973823308944702,periodic_100,1.0,1.0,100.0,5000.0,5000.0
dense_mlp_tanh,dysts:WangSun,6,complete,0.0003095413267146796,periodic_50,1.0,1.0,100.0,100.0,100.0,0.030585747212171555,periodic_25,1.0,1.0,100.0,500.0,500.0,0.17043261229991913,periodic_25,1.0,1.0,100.0,1000.0,1000.0,0.31441351771354675,periodic_25,1.0,1.0,100.0,1500.0,1500.0,0.38841792941093445,periodic_25,1.0,1.0,100.0,2000.0,2000.0,1.342087984085083,periodic_25,1.0,1.0,100.0,3000.0,3000.0,2.0813539028167725,periodic_25,1.0,1.0,100.0,4000.0,4000.0,2.648214817047119,periodic_25,1.0,1.0,100.0,5000.0,5000.0
dense_mlp_tanh,dysts:WangSun,7,complete,0.0008890735916793346,periodic_50,1.0,1.0,100.0,100.0,100.0,0.02111838385462761,periodic_50,1.0,1.0,100.0,500.0,500.0,0.1393871307373047,periodic_150,1.0,1.0,100.0,1000.0,1000.0,0.6465355753898621,periodic_200,1.0,1.0,100.0,1500.0,1500.0,1.4008820056915283,periodic_100,1.0,1.0,100.0,2000.0,2000.0,1.9082714319229126,periodic_100,1.0,1.0,100.0,3000.0,3000.0,2.3741824626922607,periodic_100,1.0,1.0,100.0,4000.0,4000.0,3.128316879272461,periodic_100,1.0,1.0,100.0,5000.0,5000.0
dense_mlp_tanh,dysts:WangSun,8,complete,0.0005224093329161406,periodic_50,1.0,1.0,100.0,100.0,100.0,0.007085445336997509,periodic_50,1.0,1.0,100.0,500.0,500.0,0.0308619923889637,periodic_100,1.0,1.0,100.0,1000.0,1000.0,0.3715629577636719,periodic_100,1.0,1.0,100.0,1500.0,1500.0,0.9492626786231995,periodic_100,1.0,1.0,100.0,2000.0,2000.0,1.3774452209472656,periodic_50,1.0,1.0,100.0,3000.0,3000.0,1.8574492931365967,periodic_50,1.0,1.0,100.0,4000.0,4000.0,2.7586710453033447,periodic_50,1.0,1.0,100.0,5000.0,5000.0
dense_mlp_tanh,dysts:WangSun,9,complete,0.2012069672346115,periodic_100,1.0,1.0,100.0,100.0,100.0,0.42422768473625183,periodic_200,1.0,1.0,100.0,500.0,500.0,0.6511565446853638,periodic_200,1.0,1.0,100.0,1000.0,1000.0,0.7178478837013245,periodic_200,1.0,1.0,100.0,1500.0,1500.0,0.9104017615318298,periodic_200,1.0,1.0,100.0,2000.0,2000.0,1.537390947341919,periodic_200,1.0,1.0,100.0,3000.0,3000.0,2.1324448585510254,periodic_200,1.0,1.0,100.0,4000.0,4000.0,2.5313773155212402,periodic_200,1.0,1.0,100.0,5000.0,5000.0
dense_mlp_tanh,dysts:WangSun,10,complete,0.010288975201547146,periodic_100,1.0,1.0,100.0,100.0,100.0,0.3079177141189575,periodic_50,1.0,1.0,100.0,500.0,500.0,0.9133188724517822,periodic_200,1.0,1.0,100.0,1000.0,1000.0,2.004146099090576,periodic_50,1.0,1.0,100.0,1500.0,1500.0,2.2563164234161377,periodic_50,1.0,1.0,100.0,2000.0,2000.0,2.7211339473724365,periodic_100,1.0,1.0,100.0,3000.0,3000.0,3.2035183906555176,periodic_100,1.0,1.0,100.0,4000.0,4000.0,3.7181897163391113,periodic_100,1.0,1.0,100.0,5000.0,5000.0
dense_mlp_tanh,dysts:WangSun,11,complete,0.0006377132376655936,periodic_50,1.0,1.0,100.0,100.0,100.0,0.010759422555565834,periodic_100,1.0,1.0,100.0,500.0,500.0,0.03176065534353256,periodic_150,1.0,1.0,100.0,1000.0,1000.0,0.10605021566152573,periodic_200,1.0,1.0,100.0,1500.0,1500.0,0.27359485626220703,periodic_200,1.0,1.0,100.0,2000.0,2000.0,1.1875461339950562,periodic_150,1.0,1.0,100.0,3000.0,3000.0,1.8673946857452393,periodic_150,1.0,1.0,100.0,4000.0,4000.0,2.594726800918579,periodic_150,1.0,1.0,100.0,5000.0,5000.0
dense_mlp_tanh,dysts:WangSun,12,complete,0.001579716452397406,periodic_50,1.0,1.0,100.0,100.0,100.0,0.012108832597732544,periodic_50,1.0,1.0,100.0,500.0,500.0,0.018894962966442108,periodic_50,1.0,1.0,100.0,1000.0,1000.0,0.04106307029724121,periodic_100,1.0,1.0,100.0,1500.0,1500.0,0.0850987508893013,periodic_100,1.0,1.0,100.0,2000.0,2000.0,0.20081940293312073,periodic_100,1.0,1.0,100.0,3000.0,3000.0,0.9147710204124451,periodic_100,1.0,1.0,100.0,4000.0,4000.0,1.7726867198944092,periodic_100,1.0,1.0,100.0,5000.0,5000.0
dense_mlp_tanh,dysts:WangSun,13,complete,0.0001708652707748115,periodic_50,1.0,1.0,100.0,100.0,100.0,0.0032831523567438126,periodic_50,1.0,1.0,100.0,500.0,500.0,0.01724099926650524,periodic_50,1.0,1.0,100.0,1000.0,1000.0,0.16371792554855347,periodic_200,1.0,1.0,100.0,1500.0,1500.0,0.544359564781189,periodic_150,1.0,1.0,100.0,2000.0,2000.0,1.6867326498031616,periodic_200,1.0,1.0,100.0,3000.0,3000.0,2.2231197357177734,periodic_150,1.0,1.0,100.0,4000.0,4000.0,2.9106881618499756,periodic_100,1.0,1.0,100.0,5000.0,5000.0
dense_mlp_tanh,dysts:WangSun,14,complete,0.0007319768774323165,periodic_50,1.0,1.0,100.0,100.0,100.0,0.21697372198104858,periodic_100,1.0,1.0,100.0,500.0,500.0,0.569019615650177,periodic_100,1.0,1.0,100.0,1000.0,1000.0,0.6432672739028931,periodic_100,1.0,1.0,100.0,1500.0,1500.0,0.8686624765396118,periodic_100,1.0,1.0,100.0,2000.0,2000.0,1.9300854206085205,periodic_50,1.0,1.0,100.0,3000.0,3000.0,2.595968246459961,periodic_50,1.0,1.0,100.0,4000.0,4000.0,3.182753324508667,periodic_50,1.0,1.0,100.0,5000.0,5000.0
sparse_mlp_bd,dysts:Chua,0,complete,0.00011889541201526299,periodic_100,1.0,1.0,100.0,100.0,100.0,0.0015243099769577384,periodic_200,1.0,1.0,100.0,500.0,500.0,0.004903820343315601,periodic_200,1.0,1.0,100.0,1000.0,1000.0,0.009573682211339474,periodic_200,1.0,1.0,100.0,1500.0,1500.0,0.015971535816788673,periodic_200,1.0,1.0,100.0,2000.0,2000.0,0.043484266847372055,periodic_200,1.0,1.0,100.0,3000.0,3000.0,0.10714789479970932,periodic_200,1.0,1.0,100.0,4000.0,4000.0,0.2150472104549408,periodic_200,1.0,1.0,100.0,5000.0,5000.0
sparse_mlp_bd,dysts:Chua,1,complete,9.377422975376248e-05,periodic_100,1.0,1.0,100.0,100.0,100.0,0.0009305471903644502,periodic_200,1.0,1.0,100.0,500.0,500.0,0.0030356317292898893,periodic_200,1.0,1.0,100.0,1000.0,1000.0,0.006534513086080551,periodic_200,1.0,1.0,100.0,1500.0,1500.0,0.011719605885446072,periodic_200,1.0,1.0,100.0,2000.0,2000.0,0.02897997386753559,periodic_150,1.0,1.0,100.0,3000.0,3000.0,0.053733550012111664,periodic_100,1.0,1.0,100.0,4000.0,4000.0,0.08809763938188553,periodic_100,1.0,1.0,100.0,5000.0,5000.0
sparse_mlp_bd,dysts:Chua,2,complete,6.254086474655196e-05,periodic_100,1.0,1.0,100.0,100.0,100.0,0.0007012372370809317,periodic_200,1.0,1.0,100.0,500.0,500.0,0.002197347581386566,periodic_200,1.0,1.0,100.0,1000.0,1000.0,0.004753341898322105,periodic_200,1.0,1.0,100.0,1500.0,1500.0,0.008459361270070076,periodic_150,1.0,1.0,100.0,2000.0,2000.0,0.018156977370381355,periodic_150,1.0,1.0,100.0,3000.0,3000.0,0.03019567020237446,periodic_200,1.0,1.0,100.0,4000.0,4000.0,0.05167968571186066,periodic_200,1.0,1.0,100.0,5000.0,5000.0
sparse_mlp_bd,dysts:Chua,3,complete,4.1304367186967283e-05,periodic_100,1.0,1.0,100.0,100.0,100.0,0.00048621275345794857,periodic_200,1.0,1.0,100.0,500.0,500.0,0.001641772105358541,periodic_200,1.0,1.0,100.0,1000.0,1000.0,0.0038107961881905794,periodic_200,1.0,1.0,100.0,1500.0,1500.0,0.007464275229722261,periodic_200,1.0,1.0,100.0,2000.0,2000.0,0.018980883061885834,periodic_150,1.0,1.0,100.0,3000.0,3000.0,0.040730204433202744,periodic_100,1.0,1.0,100.0,4000.0,4000.0,0.07910213619470596,periodic_100,1.0,1.0,100.0,5000.0,5000.0
sparse_mlp_bd,dysts:Chua,4,complete,3.7951926060486585e-05,periodic_100,1.0,1.0,100.0,100.0,100.0,0.0005382198723964393,periodic_200,1.0,1.0,100.0,500.0,500.0,0.002175656845793128,periodic_200,1.0,1.0,100.0,1000.0,1000.0,0.005542350932955742,periodic_200,1.0,1.0,100.0,1500.0,1500.0,0.01063890103250742,periodic_200,1.0,1.0,100.0,2000.0,2000.0,0.024748973548412323,periodic_200,1.0,1.0,100.0,3000.0,3000.0,0.05330698937177658,periodic_200,1.0,1.0,100.0,4000.0,4000.0,0.10883218795061111,periodic_200,1.0,1.0,100.0,5000.0,5000.0
sparse_mlp_bd,dysts:Chua,5,complete,5.6262473663082346e-05,periodic_100,1.0,1.0,100.0,100.0,100.0,0.0007047091494314373,periodic_200,1.0,1.0,100.0,500.0,500.0,0.0032403685618191957,periodic_200,1.0,1.0,100.0,1000.0,1000.0,0.008793025277554989,periodic_200,1.0,1.0,100.0,1500.0,1500.0,0.018177533522248268,periodic_200,1.0,1.0,100.0,2000.0,2000.0,0.05355430021882057,periodic_200,1.0,1.0,100.0,3000.0,3000.0,0.13945111632347107,periodic_200,1.0,1.0,100.0,4000.0,4000.0,0.3062297999858856,periodic_200,1.0,1.0,100.0,5000.0,5000.0
sparse_mlp_bd,dysts:Chua,6,complete,6.173038855195045e-05,periodic_100,1.0,1.0,100.0,100.0,100.0,0.0008721794001758099,periodic_200,1.0,1.0,100.0,500.0,500.0,0.0033868507016450167,periodic_200,1.0,1.0,100.0,1000.0,1000.0,0.007667547557502985,periodic_200,1.0,1.0,100.0,1500.0,1500.0,0.013732416555285454,periodic_200,1.0,1.0,100.0,2000.0,2000.0,0.03215797618031502,periodic_200,1.0,1.0,100.0,3000.0,3000.0,0.07222156226634979,periodic_200,1.0,1.0,100.0,4000.0,4000.0,0.14920243620872498,periodic_200,1.0,1.0,100.0,5000.0,5000.0
sparse_mlp_bd,dysts:Chua,7,complete,5.690971011063084e-05,periodic_100,1.0,1.0,100.0,100.0,100.0,0.0006855220999568701,periodic_200,1.0,1.0,100.0,500.0,500.0,0.002317138249054551,periodic_200,1.0,1.0,100.0,1000.0,1000.0,0.004625861532986164,periodic_200,1.0,1.0,100.0,1500.0,1500.0,0.007488589733839035,periodic_200,1.0,1.0,100.0,2000.0,2000.0,0.015273725613951683,periodic_200,1.0,1.0,100.0,3000.0,3000.0,0.028961028903722763,periodic_150,1.0,1.0,100.0,4000.0,4000.0,0.05923343822360039,periodic_150,1.0,1.0,100.0,5000.0,5000.0
sparse_mlp_bd,dysts:Chua,8,complete,3.1029529054649174e-05,periodic_100,1.0,1.0,100.0,100.0,100.0,0.0003183236694894731,periodic_200,1.0,1.0,100.0,500.0,500.0,0.0009576918673701584,periodic_150,1.0,1.0,100.0,1000.0,1000.0,0.00235122162848711,periodic_150,1.0,1.0,100.0,1500.0,1500.0,0.00527936639264226,periodic_100,1.0,1.0,100.0,2000.0,2000.0,0.019002865999937057,periodic_50,1.0,1.0,100.0,3000.0,3000.0,0.04044988751411438,periodic_50,1.0,1.0,100.0,4000.0,4000.0,0.08828843384981155,periodic_50,1.0,1.0,100.0,5000.0,5000.0
sparse_mlp_bd,dysts:Chua,9,complete,6.431325164157897e-05,periodic_100,1.0,1.0,100.0,100.0,100.0,0.0010186575818806887,periodic_200,1.0,1.0,100.0,500.0,500.0,0.003951085731387138,periodic_200,1.0,1.0,100.0,1000.0,1000.0,0.00805225595831871,periodic_200,1.0,1.0,100.0,1500.0,1500.0,0.01279993262141943,periodic_200,1.0,1.0,100.0,2000.0,2000.0,0.0235313531011343,periodic_200,1.0,1.0,100.0,3000.0,3000.0,0.04125179722905159,periodic_200,1.0,1.0,100.0,4000.0,4000.0,0.070050910115242,periodic_200,1.0,1.0,100.0,5000.0,5000.0
sparse_mlp_bd,dysts:Chua,10,complete,3.441737135290168e-05,periodic_100,1.0,1.0,100.0,100.0,100.0,0.0005118644912727177,periodic_200,1.0,1.0,100.0,500.0,500.0,0.0017501791007816792,periodic_200,1.0,1.0,100.0,1000.0,1000.0,0.003999317064881325,periodic_200,1.0,1.0,100.0,1500.0,1500.0,0.0073621030896902084,periodic_200,1.0,1.0,100.0,2000.0,2000.0,0.01781945861876011,periodic_200,1.0,1.0,100.0,3000.0,3000.0,0.036924175918102264,periodic_200,1.0,1.0,100.0,4000.0,4000.0,0.07312072068452835,periodic_200,1.0,1.0,100.0,5000.0,5000.0
sparse_mlp_bd,dysts:Chua,11,complete,3.131362245767377e-05,periodic_100,1.0,1.0,100.0,100.0,100.0,0.0004960175137966871,periodic_200,1.0,1.0,100.0,500.0,500.0,0.0018817196832969785,periodic_200,1.0,1.0,100.0,1000.0,1000.0,0.004314201883971691,periodic_200,1.0,1.0,100.0,1500.0,1500.0,0.008025666698813438,periodic_200,1.0,1.0,100.0,2000.0,2000.0,0.02108076401054859,periodic_200,1.0,1.0,100.0,3000.0,3000.0,0.04532648250460625,periodic_100,1.0,1.0,100.0,4000.0,4000.0,0.08104972541332245,periodic_100,1.0,1.0,100.0,5000.0,5000.0
sparse_mlp_bd,dysts:Chua,12,complete,0.00017679808661341667,periodic_100,1.0,1.0,100.0,100.0,100.0,0.001297804992645979,periodic_200,1.0,1.0,100.0,500.0,500.0,0.004408794455230236,periodic_200,1.0,1.0,100.0,1000.0,1000.0,0.008941810578107834,periodic_200,1.0,1.0,100.0,1500.0,1500.0,0.014279503375291824,periodic_200,1.0,1.0,100.0,2000.0,2000.0,0.029646234586834908,periodic_200,1.0,1.0,100.0,3000.0,3000.0,0.04939586669206619,periodic_200,1.0,1.0,100.0,4000.0,4000.0,0.08139852434396744,periodic_200,1.0,1.0,100.0,5000.0,5000.0
sparse_mlp_bd,dysts:Chua,13,complete,5.074682485428639e-05,periodic_100,1.0,1.0,100.0,100.0,100.0,0.0008648057118989527,periodic_150,1.0,1.0,100.0,500.0,500.0,0.003118721302598715,periodic_150,1.0,1.0,100.0,1000.0,1000.0,0.0070596719160676,periodic_150,1.0,1.0,100.0,1500.0,1500.0,0.013167958706617355,periodic_100,1.0,1.0,100.0,2000.0,2000.0,0.03639371693134308,periodic_150,1.0,1.0,100.0,3000.0,3000.0,0.09137602150440216,periodic_150,1.0,1.0,100.0,4000.0,4000.0,0.17665070295333862,periodic_100,1.0,1.0,100.0,5000.0,5000.0
sparse_mlp_bd,dysts:Chua,14,complete,6.44014507997781e-05,periodic_100,1.0,1.0,100.0,100.0,100.0,0.0005613747052848339,periodic_200,1.0,1.0,100.0,500.0,500.0,0.0019293391378596425,periodic_200,1.0,1.0,100.0,1000.0,1000.0,0.004639929160475731,periodic_200,1.0,1.0,100.0,1500.0,1500.0,0.008581622503697872,periodic_200,1.0,1.0,100.0,2000.0,2000.0,0.019868016242980957,periodic_200,1.0,1.0,100.0,3000.0,3000.0,0.04608137533068657,periodic_200,1.0,1.0,100.0,4000.0,4000.0,0.0957818254828453,periodic_200,1.0,1.0,100.0,5000.0,5000.0
sparse_mlp_bd,dysts:Dadras,0,complete,0.00038416057941503823,periodic_50,1.0,1.0,100.0,100.0,100.0,0.007335225120186806,periodic_50,1.0,1.0,100.0,500.0,500.0,0.06091291084885597,periodic_150,1.0,1.0,100.0,1000.0,1000.0,0.09929346293210983,periodic_200,1.0,1.0,100.0,1500.0,1500.0,0.11031590402126312,periodic_150,1.0,1.0,100.0,2000.0,2000.0,0.36127907037734985,periodic_100,1.0,1.0,100.0,3000.0,3000.0,1.0166983604431152,periodic_50,1.0,1.0,100.0,4000.0,4000.0,1.2403779029846191,periodic_50,1.0,1.0,100.0,5000.0,5000.0
sparse_mlp_bd,dysts:Dadras,1,complete,0.0001396939333062619,periodic_50,1.0,1.0,100.0,100.0,100.0,0.0036925319582223892,periodic_50,1.0,1.0,100.0,500.0,500.0,0.015423009172081947,periodic_50,1.0,1.0,100.0,1000.0,1000.0,0.05598233640193939,periodic_50,1.0,1.0,100.0,1500.0,1500.0,0.3268217444419861,periodic_50,1.0,1.0,100.0,2000.0,2000.0,0.4195137023925781,periodic_50,1.0,1.0,100.0,3000.0,3000.0,0.7456530928611755,periodic_50,1.0,1.0,100.0,4000.0,4000.0,0.9168264269828796,periodic_50,1.0,1.0,100.0,5000.0,5000.0
sparse_mlp_bd,dysts:Dadras,2,complete,0.00012956286082044244,periodic_50,1.0,1.0,100.0,100.0,100.0,0.005590342450886965,periodic_25,1.0,1.0,100.0,500.0,500.0,0.027923181653022766,periodic_25,1.0,1.0,100.0,1000.0,1000.0,0.09936662018299103,periodic_200,1.0,1.0,100.0,1500.0,1500.0,0.1260158121585846,periodic_200,1.0,1.0,100.0,2000.0,2000.0,0.31622013449668884,periodic_200,1.0,1.0,100.0,3000.0,3000.0,0.5199727416038513,periodic_50,1.0,1.0,100.0,4000.0,4000.0,0.7990458607673645,periodic_50,1.0,1.0,100.0,5000.0,5000.0
sparse_mlp_bd,dysts:Dadras,3,complete,0.00019023848290089518,periodic_50,1.0,1.0,100.0,100.0,100.0,0.00277100526727736,periodic_100,1.0,1.0,100.0,500.0,500.0,0.03614630177617073,periodic_200,1.0,1.0,100.0,1000.0,1000.0,0.09087137132883072,periodic_200,1.0,1.0,100.0,1500.0,1500.0,0.11499649286270142,periodic_200,1.0,1.0,100.0,2000.0,2000.0,0.21979330480098724,periodic_200,1.0,1.0,100.0,3000.0,3000.0,0.5287771224975586,periodic_200,1.0,1.0,100.0,4000.0,4000.0,0.8792019486427307,periodic_200,1.0,1.0,100.0,5000.0,5000.0
sparse_mlp_bd,dysts:Dadras,4,complete,0.021722102537751198,periodic_10,1.0,1.0,100.0,100.0,100.0,0.16531389951705933,periodic_50,1.0,1.0,100.0,500.0,500.0,0.639984667301178,periodic_25,1.0,1.0,100.0,1000.0,1000.0,0.6706215143203735,periodic_25,1.0,1.0,100.0,1500.0,1500.0,0.9146360754966736,periodic_50,1.0,1.0,100.0,2000.0,2000.0,1.4351693391799927,periodic_50,1.0,1.0,100.0,3000.0,3000.0,2.435166358947754,periodic_50,1.0,1.0,100.0,4000.0,4000.0,2.636965751647949,periodic_50,1.0,1.0,100.0,5000.0,5000.0
sparse_mlp_bd,dysts:Dadras,5,complete,0.00015982607146725059,periodic_100,1.0,1.0,100.0,100.0,100.0,0.006200629286468029,periodic_100,1.0,1.0,100.0,500.0,500.0,0.014896292239427567,periodic_100,1.0,1.0,100.0,1000.0,1000.0,0.02465996891260147,periodic_100,1.0,1.0,100.0,1500.0,1500.0,0.03331707417964935,periodic_100,1.0,1.0,100.0,2000.0,2000.0,0.4208298921585083,periodic_100,1.0,1.0,100.0,3000.0,3000.0,0.7279815077781677,periodic_100,1.0,1.0,100.0,4000.0,4000.0,0.8578348755836487,periodic_100,1.0,1.0,100.0,5000.0,5000.0
sparse_mlp_bd,dysts:Dadras,6,complete,0.00016197218792513013,periodic_50,1.0,1.0,100.0,100.0,100.0,0.006954035721719265,periodic_25,1.0,1.0,100.0,500.0,500.0,0.04736267402768135,periodic_150,1.0,1.0,100.0,1000.0,1000.0,0.06220591440796852,periodic_150,1.0,1.0,100.0,1500.0,1500.0,0.09418178349733353,periodic_150,1.0,1.0,100.0,2000.0,2000.0,0.47257500886917114,periodic_150,1.0,1.0,100.0,3000.0,3000.0,0.8245530128479004,periodic_150,1.0,1.0,100.0,4000.0,4000.0,1.1580082178115845,periodic_100,1.0,1.0,100.0,5000.0,5000.0
sparse_mlp_bd,dysts:Dadras,7,complete,0.00022104378149379045,periodic_50,1.0,1.0,100.0,100.0,100.0,0.00643498171120882,periodic_50,1.0,1.0,100.0,500.0,500.0,0.025844303891062737,periodic_100,1.0,1.0,100.0,1000.0,1000.0,0.07152702659368515,periodic_200,1.0,1.0,100.0,1500.0,1500.0,0.26033174991607666,periodic_200,1.0,1.0,100.0,2000.0,2000.0,0.3699394464492798,periodic_200,1.0,1.0,100.0,3000.0,3000.0,0.7215514183044434,periodic_150,1.0,1.0,100.0,4000.0,4000.0,1.202807068824768,periodic_150,1.0,1.0,100.0,5000.0,5000.0
sparse_mlp_bd,dysts:Dadras,8,complete,0.0022533985320478678,periodic_25,1.0,1.0,100.0,100.0,100.0,0.049030084162950516,periodic_25,1.0,1.0,100.0,500.0,500.0,0.17818696796894073,periodic_50,1.0,1.0,100.0,1000.0,1000.0,0.3508007526397705,periodic_150,1.0,1.0,100.0,1500.0,1500.0,0.6853120923042297,periodic_200,1.0,1.0,100.0,2000.0,2000.0,1.2403404712677002,periodic_200,1.0,1.0,100.0,3000.0,3000.0,1.928865671157837,periodic_200,1.0,1.0,100.0,4000.0,4000.0,2.5170481204986572,periodic_200,1.0,1.0,100.0,5000.0,5000.0
sparse_mlp_bd,dysts:Dadras,9,complete,0.0002577503037173301,periodic_25,1.0,1.0,100.0,100.0,100.0,0.004437202587723732,periodic_50,1.0,1.0,100.0,500.0,500.0,0.027118178084492683,periodic_50,1.0,1.0,100.0,1000.0,1000.0,0.043325427919626236,periodic_100,1.0,1.0,100.0,1500.0,1500.0,0.1492215096950531,periodic_50,1.0,1.0,100.0,2000.0,2000.0,0.5812821984291077,periodic_50,1.0,1.0,100.0,3000.0,3000.0,0.9102616906166077,periodic_50,1.0,1.0,100.0,4000.0,4000.0,1.2330152988433838,periodic_50,1.0,1.0,100.0,5000.0,5000.0
sparse_mlp_bd,dysts:Dadras,10,complete,0.0001603701093699783,periodic_50,1.0,1.0,100.0,100.0,100.0,0.004485042300075293,periodic_50,1.0,1.0,100.0,500.0,500.0,0.04733920469880104,periodic_100,1.0,1.0,100.0,1000.0,1000.0,0.4559665322303772,periodic_100,1.0,1.0,100.0,1500.0,1500.0,0.6491748690605164,periodic_150,1.0,1.0,100.0,2000.0,2000.0,0.832621157169342,periodic_100,1.0,1.0,100.0,3000.0,3000.0,1.226845383644104,periodic_100,1.0,1.0,100.0,4000.0,4000.0,1.8543237447738647,periodic_100,1.0,1.0,100.0,5000.0,5000.0
sparse_mlp_bd,dysts:Dadras,11,complete,0.00019019162573385984,periodic_25,1.0,1.0,100.0,100.0,100.0,0.00547839654609561,periodic_50,1.0,1.0,100.0,500.0,500.0,0.22504320740699768,periodic_200,1.0,1.0,100.0,1000.0,1000.0,0.8675477504730225,periodic_200,1.0,1.0,100.0,1500.0,1500.0,1.0716749429702759,periodic_100,1.0,1.0,100.0,2000.0,2000.0,1.3396412134170532,periodic_50,1.0,1.0,100.0,3000.0,3000.0,1.491042971611023,periodic_50,1.0,1.0,100.0,4000.0,4000.0,2.0552027225494385,periodic_50,1.0,1.0,100.0,5000.0,5000.0
sparse_mlp_bd,dysts:Dadras,12,complete,0.00019636804063338786,periodic_50,1.0,1.0,100.0,100.0,100.0,0.019376257434487343,periodic_25,1.0,1.0,100.0,500.0,500.0,0.022770052775740623,periodic_50,1.0,1.0,100.0,1000.0,1000.0,0.03152650594711304,periodic_100,1.0,1.0,100.0,1500.0,1500.0,0.04553090035915375,periodic_100,1.0,1.0,100.0,2000.0,2000.0,0.46702811121940613,periodic_200,1.0,1.0,100.0,3000.0,3000.0,0.7519346475601196,periodic_150,1.0,1.0,100.0,4000.0,4000.0,1.1181347370147705,periodic_150,1.0,1.0,100.0,5000.0,5000.0
sparse_mlp_bd,dysts:Dadras,13,complete,0.00022091373102739453,periodic_50,1.0,1.0,100.0,100.0,100.0,0.0033644670620560646,periodic_50,1.0,1.0,100.0,500.0,500.0,0.018580757081508636,periodic_50,1.0,1.0,100.0,1000.0,1000.0,0.0369865857064724,periodic_50,1.0,1.0,100.0,1500.0,1500.0,0.10312607139348984,periodic_100,1.0,1.0,100.0,2000.0,2000.0,0.3909175992012024,periodic_100,1.0,1.0,100.0,3000.0,3000.0,0.6367478370666504,periodic_100,1.0,1.0,100.0,4000.0,4000.0,0.991387128829956,periodic_100,1.0,1.0,100.0,5000.0,5000.0
sparse_mlp_bd,dysts:Dadras,14,complete,0.00036163005279377103,periodic_50,1.0,1.0,100.0,100.0,100.0,0.00527746370062232,periodic_50,1.0,1.0,100.0,500.0,500.0,0.03838493674993515,periodic_50,1.0,1.0,100.0,1000.0,1000.0,0.07544887065887451,periodic_50,1.0,1.0,100.0,1500.0,1500.0,0.12379516661167145,periodic_100,1.0,1.0,100.0,2000.0,2000.0,0.300011545419693,periodic_200,1.0,1.0,100.0,3000.0,3000.0,0.5157986283302307,periodic_150,1.0,1.0,100.0,4000.0,4000.0,0.7638658285140991,periodic_150,1.0,1.0,100.0,5000.0,5000.0
sparse_mlp_bd,dysts:DequanLi,0,complete,0.00016453170974273235,periodic_100,1.0,1.0,100.0,100.0,100.0,0.002603646134957671,periodic_100,1.0,1.0,100.0,500.0,500.0,0.008250895887613297,periodic_150,1.0,1.0,100.0,1000.0,1000.0,0.018434982746839523,periodic_150,1.0,1.0,100.0,1500.0,1500.0,0.03388252109289169,periodic_150,1.0,1.0,100.0,2000.0,2000.0,0.0867173969745636,periodic_150,1.0,1.0,100.0,3000.0,3000.0,0.20788855850696564,periodic_150,1.0,1.0,100.0,4000.0,4000.0,0.34770092368125916,periodic_100,1.0,1.0,100.0,5000.0,5000.0
sparse_mlp_bd,dysts:DequanLi,1,complete,0.0001238044205820188,periodic_100,1.0,1.0,100.0,100.0,100.0,0.001604970428161323,periodic_100,1.0,1.0,100.0,500.0,500.0,0.005460699088871479,periodic_150,1.0,1.0,100.0,1000.0,1000.0,0.012174148112535477,periodic_150,1.0,1.0,100.0,1500.0,1500.0,0.02020656317472458,periodic_100,1.0,1.0,100.0,2000.0,2000.0,0.045712828636169434,periodic_100,1.0,1.0,100.0,3000.0,3000.0,0.10853955149650574,periodic_100,1.0,1.0,100.0,4000.0,4000.0,0.2093469649553299,periodic_100,1.0,1.0,100.0,5000.0,5000.0
sparse_mlp_bd,dysts:DequanLi,2,complete,0.0002032969641732052,periodic_100,1.0,1.0,100.0,100.0,100.0,0.004206894896924496,periodic_100,1.0,1.0,100.0,500.0,500.0,0.01656457781791687,periodic_100,1.0,1.0,100.0,1000.0,1000.0,0.03301404416561127,periodic_100,1.0,1.0,100.0,1500.0,1500.0,0.05232390761375427,periodic_100,1.0,1.0,100.0,2000.0,2000.0,0.1250322312116623,periodic_100,1.0,1.0,100.0,3000.0,3000.0,0.22443418204784393,periodic_100,1.0,1.0,100.0,4000.0,4000.0,0.4468608498573303,periodic_100,1.0,1.0,100.0,5000.0,5000.0
sparse_mlp_bd,dysts:DequanLi,3,complete,0.0001591913605807349,periodic_100,1.0,1.0,100.0,100.0,100.0,0.0023854852188378572,periodic_150,1.0,1.0,100.0,500.0,500.0,0.007335838861763477,periodic_200,1.0,1.0,100.0,1000.0,1000.0,0.015657419338822365,periodic_200,1.0,1.0,100.0,1500.0,1500.0,0.028712740167975426,periodic_200,1.0,1.0,100.0,2000.0,2000.0,0.0751410499215126,periodic_200,1.0,1.0,100.0,3000.0,3000.0,0.17015287280082703,periodic_200,1.0,1.0,100.0,4000.0,4000.0,0.33475735783576965,periodic_200,1.0,1.0,100.0,5000.0,5000.0
sparse_mlp_bd,dysts:DequanLi,4,complete,0.00016070301353465766,periodic_100,1.0,1.0,100.0,100.0,100.0,0.002370125148445368,periodic_200,1.0,1.0,100.0,500.0,500.0,0.0075527639128267765,periodic_200,1.0,1.0,100.0,1000.0,1000.0,0.014675016514956951,periodic_200,1.0,1.0,100.0,1500.0,1500.0,0.02361273020505905,periodic_200,1.0,1.0,100.0,2000.0,2000.0,0.049793537706136703,periodic_200,1.0,1.0,100.0,3000.0,3000.0,0.09960556030273438,periodic_200,1.0,1.0,100.0,4000.0,4000.0,0.22560591995716095,periodic_200,1.0,1.0,100.0,5000.0,5000.0
sparse_mlp_bd,dysts:DequanLi,5,complete,0.00021760704112239182,periodic_100,1.0,1.0,100.0,100.0,100.0,0.0036547936033457518,periodic_150,1.0,1.0,100.0,500.0,500.0,0.012357682920992374,periodic_200,1.0,1.0,100.0,1000.0,1000.0,0.025208614766597748,periodic_200,1.0,1.0,100.0,1500.0,1500.0,0.0449015349149704,periodic_200,1.0,1.0,100.0,2000.0,2000.0,0.13804760575294495,periodic_200,1.0,1.0,100.0,3000.0,3000.0,0.39837580919265747,periodic_200,1.0,1.0,100.0,4000.0,4000.0,0.902174174785614,periodic_200,1.0,1.0,100.0,5000.0,5000.0
sparse_mlp_bd,dysts:DequanLi,6,complete,0.00015146749501582235,periodic_100,1.0,1.0,100.0,100.0,100.0,0.002501474693417549,periodic_200,1.0,1.0,100.0,500.0,500.0,0.00936813559383154,periodic_150,1.0,1.0,100.0,1000.0,1000.0,0.019001303240656853,periodic_150,1.0,1.0,100.0,1500.0,1500.0,0.030705370008945465,periodic_150,1.0,1.0,100.0,2000.0,2000.0,0.06550966948270798,periodic_150,1.0,1.0,100.0,3000.0,3000.0,0.1403803676366806,periodic_150,1.0,1.0,100.0,4000.0,4000.0,0.31077632308006287,periodic_150,1.0,1.0,100.0,5000.0,5000.0
sparse_mlp_bd,dysts:DequanLi,7,complete,0.00019115883333142847,periodic_100,1.0,1.0,100.0,100.0,100.0,0.002946509514003992,periodic_150,1.0,1.0,100.0,500.0,500.0,0.011421984061598778,periodic_100,1.0,1.0,100.0,1000.0,1000.0,0.025457434356212616,periodic_100,1.0,1.0,100.0,1500.0,1500.0,0.045667991042137146,periodic_100,1.0,1.0,100.0,2000.0,2000.0,0.1303863376379013,periodic_100,1.0,1.0,100.0,3000.0,3000.0,0.34013381600379944,periodic_100,1.0,1.0,100.0,4000.0,4000.0,0.619862973690033,periodic_100,1.0,1.0,100.0,5000.0,5000.0
sparse_mlp_bd,dysts:DequanLi,8,complete,0.00016826864157337695,periodic_100,1.0,1.0,100.0,100.0,100.0,0.0025986346881836653,periodic_200,1.0,1.0,100.0,500.0,500.0,0.009093853645026684,periodic_200,1.0,1.0,100.0,1000.0,1000.0,0.018748421221971512,periodic_200,1.0,1.0,100.0,1500.0,1500.0,0.030167140066623688,periodic_200,1.0,1.0,100.0,2000.0,2000.0,0.05864040553569794,periodic_200,1.0,1.0,100.0,3000.0,3000.0,0.1019548624753952,periodic_150,1.0,1.0,100.0,4000.0,4000.0,0.18310251832008362,periodic_150,1.0,1.0,100.0,5000.0,5000.0
sparse_mlp_bd,dysts:DequanLi,9,complete,0.00016818009316921234,periodic_100,1.0,1.0,100.0,100.0,100.0,0.00252386718057096,periodic_150,1.0,1.0,100.0,500.0,500.0,0.008622587658464909,periodic_200,1.0,1.0,100.0,1000.0,1000.0,0.01850064843893051,periodic_200,1.0,1.0,100.0,1500.0,1500.0,0.031783577054739,periodic_200,1.0,1.0,100.0,2000.0,2000.0,0.07510194927453995,periodic_150,1.0,1.0,100.0,3000.0,3000.0,0.14207422733306885,periodic_150,1.0,1.0,100.0,4000.0,4000.0,0.22614528238773346,periodic_200,1.0,1.0,100.0,5000.0,5000.0
sparse_mlp_bd,dysts:DequanLi,10,complete,0.00013107305858284235,periodic_100,1.0,1.0,100.0,100.0,100.0,0.0018680297071114182,periodic_150,1.0,1.0,100.0,500.0,500.0,0.006830969825387001,periodic_200,1.0,1.0,100.0,1000.0,1000.0,0.01571725867688656,periodic_150,1.0,1.0,100.0,1500.0,1500.0,0.030098022893071175,periodic_150,1.0,1.0,100.0,2000.0,2000.0,0.07742312550544739,periodic_200,1.0,1.0,100.0,3000.0,3000.0,0.17291948199272156,periodic_200,1.0,1.0,100.0,4000.0,4000.0,0.3830339312553406,periodic_200,1.0,1.0,100.0,5000.0,5000.0
sparse_mlp_bd,dysts:DequanLi,11,complete,0.0002062335843220353,periodic_100,1.0,1.0,100.0,100.0,100.0,0.002835160121321678,periodic_200,1.0,1.0,100.0,500.0,500.0,0.008248803205788136,periodic_200,1.0,1.0,100.0,1000.0,1000.0,0.015286611393094063,periodic_200,1.0,1.0,100.0,1500.0,1500.0,0.02443886734545231,periodic_200,1.0,1.0,100.0,2000.0,2000.0,0.05274847894906998,periodic_200,1.0,1.0,100.0,3000.0,3000.0,0.10049224644899368,periodic_200,1.0,1.0,100.0,4000.0,4000.0,0.17050449550151825,periodic_200,1.0,1.0,100.0,5000.0,5000.0
sparse_mlp_bd,dysts:DequanLi,12,complete,0.00012036581756547093,periodic_100,1.0,1.0,100.0,100.0,100.0,0.002071015303954482,periodic_150,1.0,1.0,100.0,500.0,500.0,0.007895639166235924,periodic_150,1.0,1.0,100.0,1000.0,1000.0,0.016656095162034035,periodic_150,1.0,1.0,100.0,1500.0,1500.0,0.02921440824866295,periodic_150,1.0,1.0,100.0,2000.0,2000.0,0.0652444064617157,periodic_150,1.0,1.0,100.0,3000.0,3000.0,0.1455627977848053,periodic_200,1.0,1.0,100.0,4000.0,4000.0,0.3343285620212555,periodic_200,1.0,1.0,100.0,5000.0,5000.0
sparse_mlp_bd,dysts:DequanLi,13,complete,0.00015545407950412482,periodic_100,1.0,1.0,100.0,100.0,100.0,0.0024520831648260355,periodic_150,1.0,1.0,100.0,500.0,500.0,0.00729109812527895,periodic_150,1.0,1.0,100.0,1000.0,1000.0,0.014044232666492462,periodic_200,1.0,1.0,100.0,1500.0,1500.0,0.02220025286078453,periodic_200,1.0,1.0,100.0,2000.0,2000.0,0.045731380581855774,periodic_200,1.0,1.0,100.0,3000.0,3000.0,0.10156811773777008,periodic_200,1.0,1.0,100.0,4000.0,4000.0,0.18436124920845032,periodic_200,1.0,1.0,100.0,5000.0,5000.0
sparse_mlp_bd,dysts:DequanLi,14,complete,0.00019553494348656386,periodic_100,1.0,1.0,100.0,100.0,100.0,0.0032158230897039175,periodic_200,1.0,1.0,100.0,500.0,500.0,0.012589928694069386,periodic_200,1.0,1.0,100.0,1000.0,1000.0,0.029748283326625824,periodic_200,1.0,1.0,100.0,1500.0,1500.0,0.05915309861302376,periodic_200,1.0,1.0,100.0,2000.0,2000.0,0.18827137351036072,periodic_200,1.0,1.0,100.0,3000.0,3000.0,0.4512840211391449,periodic_150,1.0,1.0,100.0,4000.0,4000.0,0.6661182641983032,periodic_150,1.0,1.0,100.0,5000.0,5000.0
sparse_mlp_bd,dysts:Hadley,0,complete,0.0006446167244575918,periodic_100,1.0,1.0,100.0,100.0,100.0,0.005239022430032492,periodic_200,1.0,1.0,100.0,500.0,500.0,0.01869167387485504,periodic_200,1.0,1.0,100.0,1000.0,1000.0,0.04186850041151047,periodic_200,1.0,1.0,100.0,1500.0,1500.0,0.07692933082580566,periodic_200,1.0,1.0,100.0,2000.0,2000.0,0.1925545632839203,periodic_150,1.0,1.0,100.0,3000.0,3000.0,0.38723331689834595,periodic_150,1.0,1.0,100.0,4000.0,4000.0,0.6750020384788513,periodic_150,1.0,1.0,100.0,5000.0,5000.0
sparse_mlp_bd,dysts:Hadley,1,complete,0.00023137718380894512,periodic_100,1.0,1.0,100.0,100.0,100.0,0.0027126488275825977,periodic_200,1.0,1.0,100.0,500.0,500.0,0.00946277379989624,periodic_200,1.0,1.0,100.0,1000.0,1000.0,0.020796556025743484,periodic_200,1.0,1.0,100.0,1500.0,1500.0,0.035475749522447586,periodic_150,1.0,1.0,100.0,2000.0,2000.0,0.07088486105203629,periodic_100,1.0,1.0,100.0,3000.0,3000.0,0.11926878243684769,periodic_150,1.0,1.0,100.0,4000.0,4000.0,0.18095248937606812,periodic_150,1.0,1.0,100.0,5000.0,5000.0
sparse_mlp_bd,dysts:Hadley,2,complete,7.167604780988768e-05,periodic_100,1.0,1.0,100.0,100.0,100.0,0.0011489384341984987,periodic_150,1.0,1.0,100.0,500.0,500.0,0.004117502365261316,periodic_150,1.0,1.0,100.0,1000.0,1000.0,0.008556804619729519,periodic_150,1.0,1.0,100.0,1500.0,1500.0,0.014639279805123806,periodic_150,1.0,1.0,100.0,2000.0,2000.0,0.03192894905805588,periodic_200,1.0,1.0,100.0,3000.0,3000.0,0.05968616530299187,periodic_200,1.0,1.0,100.0,4000.0,4000.0,0.10814051330089569,periodic_200,1.0,1.0,100.0,5000.0,5000.0
sparse_mlp_bd,dysts:Hadley,3,complete,0.00010661285341484472,periodic_100,1.0,1.0,100.0,100.0,100.0,0.00162191828712821,periodic_150,1.0,1.0,100.0,500.0,500.0,0.006101923994719982,periodic_200,1.0,1.0,100.0,1000.0,1000.0,0.013478977605700493,periodic_200,1.0,1.0,100.0,1500.0,1500.0,0.024375595152378082,periodic_200,1.0,1.0,100.0,2000.0,2000.0,0.05851321667432785,periodic_200,1.0,1.0,100.0,3000.0,3000.0,0.10671118646860123,periodic_200,1.0,1.0,100.0,4000.0,4000.0,0.15551607310771942,periodic_200,1.0,1.0,100.0,5000.0,5000.0
sparse_mlp_bd,dysts:Hadley,4,complete,0.00011213587276870385,periodic_100,1.0,1.0,100.0,100.0,100.0,0.0016565551050007343,periodic_100,1.0,1.0,100.0,500.0,500.0,0.005718195345252752,periodic_150,1.0,1.0,100.0,1000.0,1000.0,0.014534302055835724,periodic_150,1.0,1.0,100.0,1500.0,1500.0,0.029504403471946716,periodic_200,1.0,1.0,100.0,2000.0,2000.0,0.07416397333145142,periodic_200,1.0,1.0,100.0,3000.0,3000.0,0.1292891651391983,periodic_200,1.0,1.0,100.0,4000.0,4000.0,0.1998886913061142,periodic_200,1.0,1.0,100.0,5000.0,5000.0
sparse_mlp_bd,dysts:Hadley,5,complete,0.0001302277814829722,periodic_100,1.0,1.0,100.0,100.0,100.0,0.002043791813775897,periodic_200,1.0,1.0,100.0,500.0,500.0,0.006821116898208857,periodic_200,1.0,1.0,100.0,1000.0,1000.0,0.013606375083327293,periodic_200,1.0,1.0,100.0,1500.0,1500.0,0.023914553225040436,periodic_200,1.0,1.0,100.0,2000.0,2000.0,0.05695829913020134,periodic_200,1.0,1.0,100.0,3000.0,3000.0,0.1110592857003212,periodic_200,1.0,1.0,100.0,4000.0,4000.0,0.17548143863677979,periodic_200,1.0,1.0,100.0,5000.0,5000.0
sparse_mlp_bd,dysts:Hadley,6,complete,6.54324539937079e-05,periodic_100,1.0,1.0,100.0,100.0,100.0,0.0010576224885880947,periodic_150,1.0,1.0,100.0,500.0,500.0,0.0036260755732655525,periodic_150,1.0,1.0,100.0,1000.0,1000.0,0.007232383359223604,periodic_150,1.0,1.0,100.0,1500.0,1500.0,0.012429125607013702,periodic_150,1.0,1.0,100.0,2000.0,2000.0,0.0351773165166378,periodic_150,1.0,1.0,100.0,3000.0,3000.0,0.07553426921367645,periodic_200,1.0,1.0,100.0,4000.0,4000.0,0.11967431008815765,periodic_200,1.0,1.0,100.0,5000.0,5000.0
sparse_mlp_bd,dysts:Hadley,7,complete,9.825148299569264e-05,periodic_100,1.0,1.0,100.0,100.0,100.0,0.0014574452070519328,periodic_150,1.0,1.0,100.0,500.0,500.0,0.00586859043687582,periodic_200,1.0,1.0,100.0,1000.0,1000.0,0.013167236931622028,periodic_200,1.0,1.0,100.0,1500.0,1500.0,0.022805122658610344,periodic_200,1.0,1.0,100.0,2000.0,2000.0,0.05543435737490654,periodic_200,1.0,1.0,100.0,3000.0,3000.0,0.10379406809806824,periodic_200,1.0,1.0,100.0,4000.0,4000.0,0.15045779943466187,periodic_200,1.0,1.0,100.0,5000.0,5000.0
sparse_mlp_bd,dysts:Hadley,8,complete,9.355501242680475e-05,periodic_100,1.0,1.0,100.0,100.0,100.0,0.0014168904162943363,periodic_150,1.0,1.0,100.0,500.0,500.0,0.005216890014708042,periodic_200,1.0,1.0,100.0,1000.0,1000.0,0.012004897929728031,periodic_200,1.0,1.0,100.0,1500.0,1500.0,0.022510366514325142,periodic_150,1.0,1.0,100.0,2000.0,2000.0,0.0531780831515789,periodic_200,1.0,1.0,100.0,3000.0,3000.0,0.08988364040851593,periodic_200,1.0,1.0,100.0,4000.0,4000.0,0.1356613039970398,periodic_200,1.0,1.0,100.0,5000.0,5000.0
sparse_mlp_bd,dysts:Hadley,9,complete,0.00012654899910558015,periodic_100,1.0,1.0,100.0,100.0,100.0,0.0017321512568742037,periodic_200,1.0,1.0,100.0,500.0,500.0,0.005573740229010582,periodic_200,1.0,1.0,100.0,1000.0,1000.0,0.011444599367678165,periodic_200,1.0,1.0,100.0,1500.0,1500.0,0.020809616893529892,periodic_200,1.0,1.0,100.0,2000.0,2000.0,0.05193905904889107,periodic_200,1.0,1.0,100.0,3000.0,3000.0,0.09990733116865158,periodic_200,1.0,1.0,100.0,4000.0,4000.0,0.15937061607837677,periodic_200,1.0,1.0,100.0,5000.0,5000.0
sparse_mlp_bd,dysts:Hadley,10,complete,0.00040965410880744457,periodic_100,1.0,1.0,100.0,100.0,100.0,0.005315268412232399,periodic_200,1.0,1.0,100.0,500.0,500.0,0.019589770585298538,periodic_200,1.0,1.0,100.0,1000.0,1000.0,0.04321058839559555,periodic_200,1.0,1.0,100.0,1500.0,1500.0,0.07682469487190247,periodic_200,1.0,1.0,100.0,2000.0,2000.0,0.18037967383861542,periodic_200,1.0,1.0,100.0,3000.0,3000.0,0.36688461899757385,periodic_200,1.0,1.0,100.0,4000.0,4000.0,0.6733739376068115,periodic_200,1.0,1.0,100.0,5000.0,5000.0
sparse_mlp_bd,dysts:Hadley,11,complete,0.00011927844752790406,periodic_100,1.0,1.0,100.0,100.0,100.0,0.0018519824370741844,periodic_150,1.0,1.0,100.0,500.0,500.0,0.006564625073224306,periodic_150,1.0,1.0,100.0,1000.0,1000.0,0.01440973486751318,periodic_200,1.0,1.0,100.0,1500.0,1500.0,0.025152334943413734,periodic_200,1.0,1.0,100.0,2000.0,2000.0,0.05849862098693848,periodic_200,1.0,1.0,100.0,3000.0,3000.0,0.1098506897687912,periodic_200,1.0,1.0,100.0,4000.0,4000.0,0.17684148252010345,periodic_200,1.0,1.0,100.0,5000.0,5000.0
sparse_mlp_bd,dysts:Hadley,12,complete,9.211237193085253e-05,periodic_100,1.0,1.0,100.0,100.0,100.0,0.0013884183717891574,periodic_200,1.0,1.0,100.0,500.0,500.0,0.004144486039876938,periodic_200,1.0,1.0,100.0,1000.0,1000.0,0.007866529747843742,periodic_200,1.0,1.0,100.0,1500.0,1500.0,0.012589330784976482,periodic_200,1.0,1.0,100.0,2000.0,2000.0,0.025863725692033768,periodic_200,1.0,1.0,100.0,3000.0,3000.0,0.04213963821530342,periodic_200,1.0,1.0,100.0,4000.0,4000.0,0.06361649185419083,periodic_200,1.0,1.0,100.0,5000.0,5000.0
sparse_mlp_bd,dysts:Hadley,13,complete,8.83084285305813e-05,periodic_100,1.0,1.0,100.0,100.0,100.0,0.0013645789586007595,periodic_150,1.0,1.0,100.0,500.0,500.0,0.004862798843532801,periodic_150,1.0,1.0,100.0,1000.0,1000.0,0.01082505565136671,periodic_200,1.0,1.0,100.0,1500.0,1500.0,0.02119254507124424,periodic_200,1.0,1.0,100.0,2000.0,2000.0,0.051303520798683167,periodic_200,1.0,1.0,100.0,3000.0,3000.0,0.08809713274240494,periodic_200,1.0,1.0,100.0,4000.0,4000.0,0.12776945531368256,periodic_200,1.0,1.0,100.0,5000.0,5000.0
sparse_mlp_bd,dysts:Hadley,14,complete,8.025546412682161e-05,periodic_100,1.0,1.0,100.0,100.0,100.0,0.001341850496828556,periodic_150,1.0,1.0,100.0,500.0,500.0,0.0044935946352779865,periodic_150,1.0,1.0,100.0,1000.0,1000.0,0.008575051091611385,periodic_150,1.0,1.0,100.0,1500.0,1500.0,0.013972634449601173,periodic_200,1.0,1.0,100.0,2000.0,2000.0,0.02968849241733551,periodic_200,1.0,1.0,100.0,3000.0,3000.0,0.05853322520852089,periodic_200,1.0,1.0,100.0,4000.0,4000.0,0.10212969779968262,periodic_200,1.0,1.0,100.0,5000.0,5000.0
sparse_mlp_bd,dysts:LuChenCheng,0,complete,4.374336276669055e-05,periodic_100,1.0,1.0,100.0,100.0,100.0,0.0006552788545377553,periodic_100,1.0,1.0,100.0,500.0,500.0,0.0022530241403728724,periodic_150,1.0,1.0,100.0,1000.0,1000.0,0.004250482190400362,periodic_150,1.0,1.0,100.0,1500.0,1500.0,0.007275004871189594,periodic_150,1.0,1.0,100.0,2000.0,2000.0,0.01849525421857834,periodic_200,1.0,1.0,100.0,3000.0,3000.0,0.053646013140678406,periodic_200,1.0,1.0,100.0,4000.0,4000.0,0.08581727743148804,periodic_200,1.0,1.0,100.0,5000.0,5000.0
sparse_mlp_bd,dysts:LuChenCheng,1,complete,7.918939081719145e-05,periodic_100,1.0,1.0,100.0,100.0,100.0,0.0009296387434005737,periodic_150,1.0,1.0,100.0,500.0,500.0,0.0028374565299600363,periodic_150,1.0,1.0,100.0,1000.0,1000.0,0.00540167698636651,periodic_150,1.0,1.0,100.0,1500.0,1500.0,0.008191865868866444,periodic_100,1.0,1.0,100.0,2000.0,2000.0,0.01312799658626318,periodic_100,1.0,1.0,100.0,3000.0,3000.0,0.018276093527674675,periodic_100,1.0,1.0,100.0,4000.0,4000.0,0.028797252103686333,periodic_100,1.0,1.0,100.0,5000.0,5000.0
sparse_mlp_bd,dysts:LuChenCheng,2,complete,4.9920068704523146e-05,periodic_100,1.0,1.0,100.0,100.0,100.0,0.0006336048245429993,periodic_100,1.0,1.0,100.0,500.0,500.0,0.0016796290874481201,periodic_100,1.0,1.0,100.0,1000.0,1000.0,0.0028534666635096073,periodic_100,1.0,1.0,100.0,1500.0,1500.0,0.0044953785836696625,periodic_100,1.0,1.0,100.0,2000.0,2000.0,0.010915533639490604,periodic_150,1.0,1.0,100.0,3000.0,3000.0,0.03132409229874611,periodic_150,1.0,1.0,100.0,4000.0,4000.0,0.060590170323848724,periodic_150,1.0,1.0,100.0,5000.0,5000.0
sparse_mlp_bd,dysts:LuChenCheng,3,complete,6.063498949515633e-05,periodic_100,1.0,1.0,100.0,100.0,100.0,0.0007392016123048961,periodic_100,1.0,1.0,100.0,500.0,500.0,0.0018907871562987566,periodic_100,1.0,1.0,100.0,1000.0,1000.0,0.003383013652637601,periodic_100,1.0,1.0,100.0,1500.0,1500.0,0.005742546170949936,periodic_150,1.0,1.0,100.0,2000.0,2000.0,0.010286318138241768,periodic_150,1.0,1.0,100.0,3000.0,3000.0,0.02086065337061882,periodic_150,1.0,1.0,100.0,4000.0,4000.0,0.03598794341087341,periodic_200,1.0,1.0,100.0,5000.0,5000.0
sparse_mlp_bd,dysts:LuChenCheng,4,complete,6.310834578471258e-05,periodic_50,1.0,1.0,100.0,100.0,100.0,0.000916539051104337,periodic_100,1.0,1.0,100.0,500.0,500.0,0.0025708430912345648,periodic_100,1.0,1.0,100.0,1000.0,1000.0,0.005270457360893488,periodic_150,1.0,1.0,100.0,1500.0,1500.0,0.009379376657307148,periodic_150,1.0,1.0,100.0,2000.0,2000.0,0.02639422006905079,periodic_100,1.0,1.0,100.0,3000.0,3000.0,0.04043607786297798,periodic_200,1.0,1.0,100.0,4000.0,4000.0,0.04498742148280144,periodic_200,1.0,1.0,100.0,5000.0,5000.0
sparse_mlp_bd,dysts:LuChenCheng,5,complete,9.51958354562521e-05,periodic_100,1.0,1.0,100.0,100.0,100.0,0.0014756956370547414,periodic_100,1.0,1.0,100.0,500.0,500.0,0.0050870864652097225,periodic_100,1.0,1.0,100.0,1000.0,1000.0,0.008833253756165504,periodic_100,1.0,1.0,100.0,1500.0,1500.0,0.013348754495382309,periodic_150,1.0,1.0,100.0,2000.0,2000.0,0.023447157815098763,periodic_150,1.0,1.0,100.0,3000.0,3000.0,0.032260097563266754,periodic_200,1.0,1.0,100.0,4000.0,4000.0,0.05717810243368149,periodic_200,1.0,1.0,100.0,5000.0,5000.0
sparse_mlp_bd,dysts:LuChenCheng,6,complete,3.2029071007855237e-05,periodic_100,1.0,1.0,100.0,100.0,100.0,0.00029825459932908416,periodic_100,1.0,1.0,100.0,500.0,500.0,0.0009991562692448497,periodic_100,1.0,1.0,100.0,1000.0,1000.0,0.001978163607418537,periodic_150,1.0,1.0,100.0,1500.0,1500.0,0.0031210368033498526,periodic_150,1.0,1.0,100.0,2000.0,2000.0,0.006159964948892593,periodic_200,1.0,1.0,100.0,3000.0,3000.0,0.013259592466056347,periodic_200,1.0,1.0,100.0,4000.0,4000.0,0.031856685876846313,periodic_200,1.0,1.0,100.0,5000.0,5000.0
sparse_mlp_bd,dysts:LuChenCheng,7,complete,5.1532882935134694e-05,periodic_100,1.0,1.0,100.0,100.0,100.0,0.0007319470751099288,periodic_150,1.0,1.0,100.0,500.0,500.0,0.00256184209138155,periodic_150,1.0,1.0,100.0,1000.0,1000.0,0.005338734947144985,periodic_200,1.0,1.0,100.0,1500.0,1500.0,0.009715961292386055,periodic_200,1.0,1.0,100.0,2000.0,2000.0,0.02008216828107834,periodic_200,1.0,1.0,100.0,3000.0,3000.0,0.035907238721847534,periodic_200,1.0,1.0,100.0,4000.0,4000.0,0.09164686501026154,periodic_200,1.0,1.0,100.0,5000.0,5000.0
sparse_mlp_bd,dysts:LuChenCheng,8,complete,4.867987081524916e-05,periodic_100,1.0,1.0,100.0,100.0,100.0,0.0007544574327766895,periodic_150,1.0,1.0,100.0,500.0,500.0,0.0023310789838433266,periodic_150,1.0,1.0,100.0,1000.0,1000.0,0.004963682033121586,periodic_150,1.0,1.0,100.0,1500.0,1500.0,0.010388226248323917,periodic_150,1.0,1.0,100.0,2000.0,2000.0,0.021250315010547638,periodic_200,1.0,1.0,100.0,3000.0,3000.0,0.038911692798137665,periodic_200,1.0,1.0,100.0,4000.0,4000.0,0.052188701927661896,periodic_200,1.0,1.0,100.0,5000.0,5000.0
sparse_mlp_bd,dysts:LuChenCheng,9,complete,5.764375964645296e-05,periodic_100,1.0,1.0,100.0,100.0,100.0,0.0008744059014134109,periodic_100,1.0,1.0,100.0,500.0,500.0,0.002758203772827983,periodic_200,1.0,1.0,100.0,1000.0,1000.0,0.0051939659751951694,periodic_200,1.0,1.0,100.0,1500.0,1500.0,0.007980041205883026,periodic_200,1.0,1.0,100.0,2000.0,2000.0,0.016257280483841896,periodic_200,1.0,1.0,100.0,3000.0,3000.0,0.033148251473903656,periodic_200,1.0,1.0,100.0,4000.0,4000.0,0.05015557259321213,periodic_200,1.0,1.0,100.0,5000.0,5000.0
sparse_mlp_bd,dysts:LuChenCheng,10,complete,6.682679668301716e-05,periodic_100,1.0,1.0,100.0,100.0,100.0,0.0007504935492761433,periodic_100,1.0,1.0,100.0,500.0,500.0,0.0021137045696377754,periodic_150,1.0,1.0,100.0,1000.0,1000.0,0.003591225715354085,periodic_150,1.0,1.0,100.0,1500.0,1500.0,0.006090797018259764,periodic_150,1.0,1.0,100.0,2000.0,2000.0,0.014284398406744003,periodic_200,1.0,1.0,100.0,3000.0,3000.0,0.02523564174771309,periodic_200,1.0,1.0,100.0,4000.0,4000.0,0.055709585547447205,periodic_200,1.0,1.0,100.0,5000.0,5000.0
sparse_mlp_bd,dysts:LuChenCheng,11,complete,8.390924631385133e-05,periodic_100,1.0,1.0,100.0,100.0,100.0,0.0006140638724900782,periodic_150,1.0,1.0,100.0,500.0,500.0,0.0018836796516552567,periodic_150,1.0,1.0,100.0,1000.0,1000.0,0.0031968175899237394,periodic_150,1.0,1.0,100.0,1500.0,1500.0,0.004638082347810268,periodic_150,1.0,1.0,100.0,2000.0,2000.0,0.0074749719351530075,periodic_150,1.0,1.0,100.0,3000.0,3000.0,0.013266771100461483,periodic_150,1.0,1.0,100.0,4000.0,4000.0,0.02774556167423725,periodic_150,1.0,1.0,100.0,5000.0,5000.0
sparse_mlp_bd,dysts:LuChenCheng,12,complete,5.64506153750699e-05,periodic_100,1.0,1.0,100.0,100.0,100.0,0.0008748058462515473,periodic_100,1.0,1.0,100.0,500.0,500.0,0.002919701859354973,periodic_100,1.0,1.0,100.0,1000.0,1000.0,0.006183472461998463,periodic_150,1.0,1.0,100.0,1500.0,1500.0,0.01029555406421423,periodic_150,1.0,1.0,100.0,2000.0,2000.0,0.021196682006120682,periodic_200,1.0,1.0,100.0,3000.0,3000.0,0.04359983280301094,periodic_200,1.0,1.0,100.0,4000.0,4000.0,0.08020112663507462,periodic_200,1.0,1.0,100.0,5000.0,5000.0
sparse_mlp_bd,dysts:LuChenCheng,13,complete,6.302175461314619e-05,periodic_100,1.0,1.0,100.0,100.0,100.0,0.00124879099894315,periodic_100,1.0,1.0,100.0,500.0,500.0,0.0037083581555634737,periodic_150,1.0,1.0,100.0,1000.0,1000.0,0.006914544850587845,periodic_150,1.0,1.0,100.0,1500.0,1500.0,0.010371068492531776,periodic_150,1.0,1.0,100.0,2000.0,2000.0,0.019906990230083466,periodic_200,1.0,1.0,100.0,3000.0,3000.0,0.030771717429161072,periodic_200,1.0,1.0,100.0,4000.0,4000.0,0.05870417505502701,periodic_150,1.0,1.0,100.0,5000.0,5000.0
sparse_mlp_bd,dysts:LuChenCheng,14,complete,5.5700020311633125e-05,periodic_100,1.0,1.0,100.0,100.0,100.0,0.0007152549223974347,periodic_100,1.0,1.0,100.0,500.0,500.0,0.0017889771843329072,periodic_100,1.0,1.0,100.0,1000.0,1000.0,0.003885964397341013,periodic_150,1.0,1.0,100.0,1500.0,1500.0,0.006737215910106897,periodic_150,1.0,1.0,100.0,2000.0,2000.0,0.013784910552203655,periodic_150,1.0,1.0,100.0,3000.0,3000.0,0.020890377461910248,periodic_150,1.0,1.0,100.0,4000.0,4000.0,0.03128476440906525,periodic_150,1.0,1.0,100.0,5000.0,5000.0
sparse_mlp_bd,dysts:QiChen,0,complete,0.0006963528576306999,periodic_100,1.0,1.0,100.0,100.0,100.0,0.0070940908044576645,periodic_100,1.0,1.0,100.0,500.0,500.0,0.02783932164311409,periodic_50,1.0,1.0,100.0,1000.0,1000.0,0.052286699414253235,periodic_50,1.0,1.0,100.0,1500.0,1500.0,0.07804471999406815,periodic_150,1.0,1.0,100.0,2000.0,2000.0,0.3490718901157379,periodic_150,1.0,1.0,100.0,3000.0,3000.0,0.4736748933792114,periodic_150,1.0,1.0,100.0,4000.0,4000.0,0.6707281470298767,periodic_150,1.0,1.0,100.0,5000.0,5000.0
sparse_mlp_bd,dysts:QiChen,1,complete,0.00010515483154449612,periodic_100,1.0,1.0,100.0,100.0,100.0,0.0011645794147625566,periodic_200,1.0,1.0,100.0,500.0,500.0,0.00336474203504622,periodic_200,1.0,1.0,100.0,1000.0,1000.0,0.008746192790567875,periodic_150,1.0,1.0,100.0,1500.0,1500.0,0.030546216294169426,periodic_150,1.0,1.0,100.0,2000.0,2000.0,0.1479245126247406,periodic_100,1.0,1.0,100.0,3000.0,3000.0,0.3529348075389862,periodic_100,1.0,1.0,100.0,4000.0,4000.0,0.7465781569480896,periodic_100,1.0,1.0,100.0,5000.0,5000.0
sparse_mlp_bd,dysts:QiChen,2,complete,0.0001351724349660799,periodic_50,1.0,1.0,100.0,100.0,100.0,0.0016703596338629723,periodic_50,1.0,1.0,100.0,500.0,500.0,0.004369775764644146,periodic_100,1.0,1.0,100.0,1000.0,1000.0,0.006396664772182703,periodic_100,1.0,1.0,100.0,1500.0,1500.0,0.00997546873986721,periodic_100,1.0,1.0,100.0,2000.0,2000.0,0.04238103702664375,periodic_100,1.0,1.0,100.0,3000.0,3000.0,0.08903346955776215,periodic_100,1.0,1.0,100.0,4000.0,4000.0,0.14229148626327515,periodic_100,1.0,1.0,100.0,5000.0,5000.0
sparse_mlp_bd,dysts:QiChen,3,complete,0.00010496757022337988,periodic_100,1.0,1.0,100.0,100.0,100.0,0.0010911102872341871,periodic_200,1.0,1.0,100.0,500.0,500.0,0.005401445087045431,periodic_150,1.0,1.0,100.0,1000.0,1000.0,0.013423834927380085,periodic_200,1.0,1.0,100.0,1500.0,1500.0,0.03960404172539711,periodic_200,1.0,1.0,100.0,2000.0,2000.0,0.19669218361377716,periodic_200,1.0,1.0,100.0,3000.0,3000.0,0.23853518068790436,periodic_200,1.0,1.0,100.0,4000.0,4000.0,0.3269127309322357,periodic_200,1.0,1.0,100.0,5000.0,5000.0
sparse_mlp_bd,dysts:QiChen,4,complete,6.568286335095763e-05,periodic_100,1.0,1.0,100.0,100.0,100.0,0.0011479214299470186,periodic_100,1.0,1.0,100.0,500.0,500.0,0.0037439309526234865,periodic_100,1.0,1.0,100.0,1000.0,1000.0,0.007417717482894659,periodic_150,1.0,1.0,100.0,1500.0,1500.0,0.01728329434990883,periodic_200,1.0,1.0,100.0,2000.0,2000.0,0.2138550728559494,periodic_100,1.0,1.0,100.0,3000.0,3000.0,0.5293179750442505,periodic_150,1.0,1.0,100.0,4000.0,4000.0,0.6859638690948486,periodic_150,1.0,1.0,100.0,5000.0,5000.0
sparse_mlp_bd,dysts:QiChen,5,complete,0.0002828035212587565,periodic_50,1.0,1.0,100.0,100.0,100.0,0.002194441622123122,periodic_50,1.0,1.0,100.0,500.0,500.0,0.004446400795131922,periodic_100,1.0,1.0,100.0,1000.0,1000.0,0.007965458557009697,periodic_150,1.0,1.0,100.0,1500.0,1500.0,0.013309833593666553,periodic_150,1.0,1.0,100.0,2000.0,2000.0,0.06323660910129547,periodic_150,1.0,1.0,100.0,3000.0,3000.0,0.2780211865901947,periodic_100,1.0,1.0,100.0,4000.0,4000.0,0.42249366641044617,periodic_100,1.0,1.0,100.0,5000.0,5000.0
sparse_mlp_bd,dysts:QiChen,6,complete,0.0001664034789428115,periodic_50,1.0,1.0,100.0,100.0,100.0,0.003210472408682108,periodic_100,1.0,1.0,100.0,500.0,500.0,0.014349883422255516,periodic_100,1.0,1.0,100.0,1000.0,1000.0,0.028340090066194534,periodic_100,1.0,1.0,100.0,1500.0,1500.0,0.07742480933666229,periodic_100,1.0,1.0,100.0,2000.0,2000.0,0.3236308991909027,periodic_100,1.0,1.0,100.0,3000.0,3000.0,0.45227718353271484,periodic_100,1.0,1.0,100.0,4000.0,4000.0,0.6046881675720215,periodic_100,1.0,1.0,100.0,5000.0,5000.0
sparse_mlp_bd,dysts:QiChen,7,complete,9.881609003059566e-05,periodic_50,1.0,1.0,100.0,100.0,100.0,0.0010921201901510358,periodic_100,1.0,1.0,100.0,500.0,500.0,0.0025793476961553097,periodic_100,1.0,1.0,100.0,1000.0,1000.0,0.005401996895670891,periodic_150,1.0,1.0,100.0,1500.0,1500.0,0.017604028806090355,periodic_200,1.0,1.0,100.0,2000.0,2000.0,0.0884770005941391,periodic_200,1.0,1.0,100.0,3000.0,3000.0,0.37027594447135925,periodic_200,1.0,1.0,100.0,4000.0,4000.0,0.513438880443573,periodic_150,1.0,1.0,100.0,5000.0,5000.0
sparse_mlp_bd,dysts:QiChen,8,complete,0.00013948928972240537,periodic_100,1.0,1.0,100.0,100.0,100.0,0.00279481103643775,periodic_50,1.0,1.0,100.0,500.0,500.0,0.012303999625146389,periodic_100,1.0,1.0,100.0,1000.0,1000.0,0.02424551546573639,periodic_100,1.0,1.0,100.0,1500.0,1500.0,0.028515184298157692,periodic_100,1.0,1.0,100.0,2000.0,2000.0,0.042955514043569565,periodic_100,1.0,1.0,100.0,3000.0,3000.0,0.15753355622291565,periodic_100,1.0,1.0,100.0,4000.0,4000.0,0.4198133051395416,periodic_200,1.0,1.0,100.0,5000.0,5000.0
sparse_mlp_bd,dysts:QiChen,9,complete,7.462219946319237e-05,periodic_100,1.0,1.0,100.0,100.0,100.0,0.001740904408507049,periodic_150,1.0,1.0,100.0,500.0,500.0,0.005911489017307758,periodic_150,1.0,1.0,100.0,1000.0,1000.0,0.011490637436509132,periodic_150,1.0,1.0,100.0,1500.0,1500.0,0.01956203207373619,periodic_150,1.0,1.0,100.0,2000.0,2000.0,0.09744024276733398,periodic_200,1.0,1.0,100.0,3000.0,3000.0,0.1523587852716446,periodic_200,1.0,1.0,100.0,4000.0,4000.0,0.31615912914276123,periodic_200,1.0,1.0,100.0,5000.0,5000.0
sparse_mlp_bd,dysts:QiChen,10,complete,0.00013690681953448802,periodic_100,1.0,1.0,100.0,100.0,100.0,0.0019512965809553862,periodic_100,1.0,1.0,100.0,500.0,500.0,0.005510232411324978,periodic_100,1.0,1.0,100.0,1000.0,1000.0,0.010687974281609058,periodic_150,1.0,1.0,100.0,1500.0,1500.0,0.016957296058535576,periodic_150,1.0,1.0,100.0,2000.0,2000.0,0.07780252397060394,periodic_150,1.0,1.0,100.0,3000.0,3000.0,0.44050487875938416,periodic_100,1.0,1.0,100.0,4000.0,4000.0,0.7781330943107605,periodic_100,1.0,1.0,100.0,5000.0,5000.0
sparse_mlp_bd,dysts:QiChen,11,complete,0.00013747738557867706,periodic_100,1.0,1.0,100.0,100.0,100.0,0.0017351392889395356,periodic_200,1.0,1.0,100.0,500.0,500.0,0.007788138464093208,periodic_100,1.0,1.0,100.0,1000.0,1000.0,0.022641334682703018,periodic_100,1.0,1.0,100.0,1500.0,1500.0,0.05357246845960617,periodic_200,1.0,1.0,100.0,2000.0,2000.0,0.23091977834701538,periodic_100,1.0,1.0,100.0,3000.0,3000.0,0.44295734167099,periodic_100,1.0,1.0,100.0,4000.0,4000.0,0.620934009552002,periodic_150,1.0,1.0,100.0,5000.0,5000.0
sparse_mlp_bd,dysts:QiChen,12,complete,0.00014836784976068884,periodic_100,1.0,1.0,100.0,100.0,100.0,0.0021170880645513535,periodic_150,1.0,1.0,100.0,500.0,500.0,0.009126147255301476,periodic_150,1.0,1.0,100.0,1000.0,1000.0,0.021244732663035393,periodic_200,1.0,1.0,100.0,1500.0,1500.0,0.06927383691072464,periodic_200,1.0,1.0,100.0,2000.0,2000.0,0.16186736524105072,periodic_200,1.0,1.0,100.0,3000.0,3000.0,0.5048438906669617,periodic_200,1.0,1.0,100.0,4000.0,4000.0,0.7392362356185913,periodic_200,1.0,1.0,100.0,5000.0,5000.0
sparse_mlp_bd,dysts:QiChen,13,complete,0.0001098173888749443,periodic_100,1.0,1.0,100.0,100.0,100.0,0.0019707162864506245,periodic_100,1.0,1.0,100.0,500.0,500.0,0.006366330198943615,periodic_100,1.0,1.0,100.0,1000.0,1000.0,0.010420071892440319,periodic_150,1.0,1.0,100.0,1500.0,1500.0,0.016186648979783058,periodic_150,1.0,1.0,100.0,2000.0,2000.0,0.042771030217409134,periodic_150,1.0,1.0,100.0,3000.0,3000.0,0.09560275822877884,periodic_150,1.0,1.0,100.0,4000.0,4000.0,0.282922625541687,periodic_150,1.0,1.0,100.0,5000.0,5000.0
sparse_mlp_bd,dysts:QiChen,14,complete,9.117346053244546e-05,periodic_100,1.0,1.0,100.0,100.0,100.0,0.00299434969201684,periodic_100,1.0,1.0,100.0,500.0,500.0,0.008647228591144085,periodic_200,1.0,1.0,100.0,1000.0,1000.0,0.01854342222213745,periodic_200,1.0,1.0,100.0,1500.0,1500.0,0.03430939465761185,periodic_200,1.0,1.0,100.0,2000.0,2000.0,0.07635346055030823,periodic_150,1.0,1.0,100.0,3000.0,3000.0,0.20340177416801453,periodic_150,1.0,1.0,100.0,4000.0,4000.0,0.5229963660240173,periodic_100,1.0,1.0,100.0,5000.0,5000.0
sparse_mlp_bd,dysts:Sakarya,0,complete,0.0010757793206721544,periodic_25,1.0,1.0,100.0,100.0,100.0,0.02247319184243679,periodic_25,1.0,1.0,100.0,500.0,500.0,0.05261119827628136,periodic_50,1.0,1.0,100.0,1000.0,1000.0,0.07644656300544739,periodic_50,1.0,1.0,100.0,1500.0,1500.0,0.12226761877536774,periodic_50,1.0,1.0,100.0,2000.0,2000.0,0.35171249508857727,periodic_100,1.0,1.0,100.0,3000.0,3000.0,0.6243684887886047,periodic_50,1.0,1.0,100.0,4000.0,4000.0,0.9770883321762085,periodic_50,1.0,1.0,100.0,5000.0,5000.0
sparse_mlp_bd,dysts:Sakarya,1,complete,0.00045917980605736375,periodic_25,1.0,1.0,100.0,100.0,100.0,0.006049625109881163,periodic_50,1.0,1.0,100.0,500.0,500.0,0.02205326035618782,periodic_50,1.0,1.0,100.0,1000.0,1000.0,0.1954641342163086,periodic_50,1.0,1.0,100.0,1500.0,1500.0,0.29262596368789673,periodic_50,1.0,1.0,100.0,2000.0,2000.0,0.4849656820297241,periodic_50,1.0,1.0,100.0,3000.0,3000.0,0.7529577016830444,periodic_50,1.0,1.0,100.0,4000.0,4000.0,1.136854887008667,periodic_50,1.0,1.0,100.0,5000.0,5000.0
sparse_mlp_bd,dysts:Sakarya,2,complete,0.0004385302891023457,periodic_25,1.0,1.0,100.0,100.0,100.0,0.004382630344480276,periodic_25,1.0,1.0,100.0,500.0,500.0,0.014831040985882282,periodic_50,1.0,1.0,100.0,1000.0,1000.0,0.032576993107795715,periodic_50,1.0,1.0,100.0,1500.0,1500.0,0.04485168308019638,periodic_50,1.0,1.0,100.0,2000.0,2000.0,0.12685586512088776,periodic_50,1.0,1.0,100.0,3000.0,3000.0,0.3311484456062317,periodic_50,1.0,1.0,100.0,4000.0,4000.0,0.8320404291152954,periodic_50,1.0,1.0,100.0,5000.0,5000.0
sparse_mlp_bd,dysts:Sakarya,3,complete,0.00016115474863909185,periodic_50,1.0,1.0,100.0,100.0,100.0,0.0021584585774689913,periodic_50,1.0,1.0,100.0,500.0,500.0,0.009574233554303646,periodic_100,1.0,1.0,100.0,1000.0,1000.0,0.028014812618494034,periodic_100,1.0,1.0,100.0,1500.0,1500.0,0.058484163135290146,periodic_50,1.0,1.0,100.0,2000.0,2000.0,0.14931321144104004,periodic_50,1.0,1.0,100.0,3000.0,3000.0,0.3565840423107147,periodic_50,1.0,1.0,100.0,4000.0,4000.0,0.6085428595542908,periodic_50,1.0,1.0,100.0,5000.0,5000.0
sparse_mlp_bd,dysts:Sakarya,4,complete,0.03096342645585537,periodic_25,1.0,1.0,100.0,100.0,100.0,0.43679627776145935,periodic_25,1.0,1.0,100.0,500.0,500.0,0.8200187087059021,periodic_25,1.0,1.0,100.0,1000.0,1000.0,1.3963615894317627,periodic_25,1.0,1.0,100.0,1500.0,1500.0,1.7728211879730225,periodic_25,1.0,1.0,100.0,2000.0,2000.0,1.9673032760620117,periodic_200,1.0,1.0,100.0,3000.0,3000.0,1.972641944885254,periodic_200,1.0,1.0,100.0,4000.0,4000.0,2.097235679626465,periodic_200,1.0,1.0,100.0,5000.0,5000.0
sparse_mlp_bd,dysts:Sakarya,5,complete,0.00019445105863269418,periodic_50,1.0,1.0,100.0,100.0,100.0,0.00369509169831872,periodic_50,1.0,1.0,100.0,500.0,500.0,0.018515046685934067,periodic_50,1.0,1.0,100.0,1000.0,1000.0,0.04304489120841026,periodic_50,1.0,1.0,100.0,1500.0,1500.0,0.10835253447294235,periodic_50,1.0,1.0,100.0,2000.0,2000.0,0.4067186713218689,periodic_50,1.0,1.0,100.0,3000.0,3000.0,0.617811381816864,periodic_50,1.0,1.0,100.0,4000.0,4000.0,0.7924674153327942,periodic_50,1.0,1.0,100.0,5000.0,5000.0
sparse_mlp_bd,dysts:Sakarya,6,complete,0.0005529015907086432,periodic_25,1.0,1.0,100.0,100.0,100.0,0.010308820754289627,periodic_25,1.0,1.0,100.0,500.0,500.0,0.037486735731363297,periodic_50,1.0,1.0,100.0,1000.0,1000.0,0.05744949355721474,periodic_50,1.0,1.0,100.0,1500.0,1500.0,0.21585100889205933,periodic_50,1.0,1.0,100.0,2000.0,2000.0,0.5059634447097778,periodic_50,1.0,1.0,100.0,3000.0,3000.0,0.7987281680107117,periodic_50,1.0,1.0,100.0,4000.0,4000.0,1.216579794883728,periodic_50,1.0,1.0,100.0,5000.0,5000.0
sparse_mlp_bd,dysts:Sakarya,7,complete,0.00033776945201680064,periodic_25,1.0,1.0,100.0,100.0,100.0,0.008333916775882244,periodic_25,1.0,1.0,100.0,500.0,500.0,0.05963249132037163,periodic_100,1.0,1.0,100.0,1000.0,1000.0,0.09968079626560211,periodic_100,1.0,1.0,100.0,1500.0,1500.0,0.09997668862342834,periodic_150,1.0,1.0,100.0,2000.0,2000.0,0.2476111203432083,periodic_50,1.0,1.0,100.0,3000.0,3000.0,0.7883001565933228,periodic_50,1.0,1.0,100.0,4000.0,4000.0,1.1486440896987915,periodic_50,1.0,1.0,100.0,5000.0,5000.0
sparse_mlp_bd,dysts:Sakarya,8,complete,0.000703873171005398,periodic_100,1.0,1.0,100.0,100.0,100.0,0.01276260893791914,periodic_50,1.0,1.0,100.0,500.0,500.0,0.032268017530441284,periodic_100,1.0,1.0,100.0,1000.0,1000.0,0.06633955985307693,periodic_150,1.0,1.0,100.0,1500.0,1500.0,0.12840557098388672,periodic_200,1.0,1.0,100.0,2000.0,2000.0,0.41635096073150635,periodic_200,1.0,1.0,100.0,3000.0,3000.0,0.8567072153091431,periodic_200,1.0,1.0,100.0,4000.0,4000.0,1.5604394674301147,periodic_50,1.0,1.0,100.0,5000.0,5000.0
sparse_mlp_bd,dysts:Sakarya,9,complete,0.04406311362981796,periodic_25,1.0,1.0,100.0,100.0,100.0,0.9188036322593689,periodic_200,1.0,1.0,100.0,500.0,500.0,1.634516716003418,periodic_10,1.0,1.0,100.0,1000.0,1000.0,1.9332513809204102,periodic_25,1.0,1.0,100.0,1500.0,1500.0,2.2275524139404297,periodic_25,1.0,1.0,100.0,2000.0,2000.0,2.776150703430176,periodic_25,1.0,1.0,100.0,3000.0,3000.0,3.1099977493286133,periodic_25,1.0,1.0,100.0,4000.0,4000.0,3.29814076423645,periodic_25,1.0,1.0,100.0,5000.0,5000.0
sparse_mlp_bd,dysts:Sakarya,10,complete,0.00018427566101308912,periodic_50,1.0,1.0,100.0,100.0,100.0,0.0028912124689668417,periodic_50,1.0,1.0,100.0,500.0,500.0,0.008353139273822308,periodic_100,1.0,1.0,100.0,1000.0,1000.0,0.02298711985349655,periodic_100,1.0,1.0,100.0,1500.0,1500.0,0.11837631464004517,periodic_50,1.0,1.0,100.0,2000.0,2000.0,0.43674397468566895,periodic_50,1.0,1.0,100.0,3000.0,3000.0,0.8044008016586304,periodic_50,1.0,1.0,100.0,4000.0,4000.0,1.2858315706253052,periodic_50,1.0,1.0,100.0,5000.0,5000.0
sparse_mlp_bd,dysts:Sakarya,11,complete,0.00020194696844555438,periodic_50,1.0,1.0,100.0,100.0,100.0,0.0049173953011631966,periodic_50,1.0,1.0,100.0,500.0,500.0,0.016315855085849762,periodic_50,1.0,1.0,100.0,1000.0,1000.0,0.030860397964715958,periodic_50,1.0,1.0,100.0,1500.0,1500.0,0.054354168474674225,periodic_50,1.0,1.0,100.0,2000.0,2000.0,0.18980605900287628,periodic_50,1.0,1.0,100.0,3000.0,3000.0,0.36104893684387207,periodic_50,1.0,1.0,100.0,4000.0,4000.0,0.6164177656173706,periodic_50,1.0,1.0,100.0,5000.0,5000.0
sparse_mlp_bd,dysts:Sakarya,12,complete,0.005845926236361265,periodic_100,1.0,1.0,100.0,100.0,100.0,0.0567205585539341,periodic_50,1.0,1.0,100.0,500.0,500.0,0.14549386501312256,periodic_50,1.0,1.0,100.0,1000.0,1000.0,0.23911353945732117,periodic_50,1.0,1.0,100.0,1500.0,1500.0,0.31736916303634644,periodic_100,1.0,1.0,100.0,2000.0,2000.0,0.47372928261756897,periodic_100,1.0,1.0,100.0,3000.0,3000.0,0.731828510761261,periodic_50,1.0,1.0,100.0,4000.0,4000.0,1.2715739011764526,periodic_50,1.0,1.0,100.0,5000.0,5000.0
sparse_mlp_bd,dysts:Sakarya,13,complete,0.05630314350128174,periodic_100,1.0,1.0,100.0,100.0,100.0,0.6143926382064819,periodic_25,1.0,1.0,100.0,500.0,500.0,0.9486503005027771,periodic_25,1.0,1.0,100.0,1000.0,1000.0,1.2467243671417236,periodic_25,1.0,1.0,100.0,1500.0,1500.0,1.7363669872283936,periodic_25,1.0,1.0,100.0,2000.0,2000.0,2.4711313247680664,periodic_200,1.0,1.0,100.0,3000.0,3000.0,3.180826187133789,periodic_200,1.0,1.0,100.0,4000.0,4000.0,3.695675849914551,periodic_10,1.0,1.0,100.0,5000.0,5000.0
sparse_mlp_bd,dysts:Sakarya,14,complete,0.0004663857398554683,periodic_25,1.0,1.0,100.0,100.0,100.0,0.012118502520024776,periodic_10,1.0,1.0,100.0,500.0,500.0,0.031041324138641357,periodic_25,1.0,1.0,100.0,1000.0,1000.0,0.05178793892264366,periodic_50,1.0,1.0,100.0,1500.0,1500.0,0.08376806229352951,periodic_50,1.0,1.0,100.0,2000.0,2000.0,0.25787174701690674,periodic_50,1.0,1.0,100.0,3000.0,3000.0,0.5336482524871826,periodic_50,1.0,1.0,100.0,4000.0,4000.0,1.2374719381332397,periodic_100,1.0,1.0,100.0,5000.0,5000.0
sparse_mlp_bd,dysts:SanUmSrisuchinwong,0,complete,0.00018985025235451758,periodic_100,1.0,1.0,100.0,100.0,100.0,0.002411981113255024,periodic_200,1.0,1.0,100.0,500.0,500.0,0.006088821683079004,periodic_200,1.0,1.0,100.0,1000.0,1000.0,0.011031730100512505,periodic_200,1.0,1.0,100.0,1500.0,1500.0,0.01647263951599598,periodic_200,1.0,1.0,100.0,2000.0,2000.0,0.03164641931653023,periodic_200,1.0,1.0,100.0,3000.0,3000.0,0.08964399993419647,periodic_200,1.0,1.0,100.0,4000.0,4000.0,0.2966326177120209,periodic_200,1.0,1.0,100.0,5000.0,5000.0
sparse_mlp_bd,dysts:SanUmSrisuchinwong,1,complete,7.28202358004637e-05,periodic_100,1.0,1.0,100.0,100.0,100.0,0.001005105092190206,periodic_150,1.0,1.0,100.0,500.0,500.0,0.004284363240003586,periodic_150,1.0,1.0,100.0,1000.0,1000.0,0.013095194473862648,periodic_200,1.0,1.0,100.0,1500.0,1500.0,0.038665708154439926,periodic_200,1.0,1.0,100.0,2000.0,2000.0,0.14567328989505768,periodic_200,1.0,1.0,100.0,3000.0,3000.0,0.38239938020706177,periodic_200,1.0,1.0,100.0,4000.0,4000.0,0.5493556261062622,periodic_200,1.0,1.0,100.0,5000.0,5000.0
sparse_mlp_bd,dysts:SanUmSrisuchinwong,2,complete,0.00023313392011914402,periodic_100,1.0,1.0,100.0,100.0,100.0,0.005879467353224754,periodic_50,1.0,1.0,100.0,500.0,500.0,0.011517886072397232,periodic_50,1.0,1.0,100.0,1000.0,1000.0,0.01707867905497551,periodic_50,1.0,1.0,100.0,1500.0,1500.0,0.024542320519685745,periodic_100,1.0,1.0,100.0,2000.0,2000.0,0.03808245807886124,periodic_200,1.0,1.0,100.0,3000.0,3000.0,0.0992116928100586,periodic_200,1.0,1.0,100.0,4000.0,4000.0,0.3151623010635376,periodic_200,1.0,1.0,100.0,5000.0,5000.0
sparse_mlp_bd,dysts:SanUmSrisuchinwong,3,complete,0.00011129620543215424,periodic_100,1.0,1.0,100.0,100.0,100.0,0.0015138742746785283,periodic_200,1.0,1.0,100.0,500.0,500.0,0.005453442223370075,periodic_200,1.0,1.0,100.0,1000.0,1000.0,0.01350808423012495,periodic_200,1.0,1.0,100.0,1500.0,1500.0,0.03491075336933136,periodic_200,1.0,1.0,100.0,2000.0,2000.0,0.14209789037704468,periodic_200,1.0,1.0,100.0,3000.0,3000.0,0.37142136693000793,periodic_200,1.0,1.0,100.0,4000.0,4000.0,0.5180475115776062,periodic_200,1.0,1.0,100.0,5000.0,5000.0
sparse_mlp_bd,dysts:SanUmSrisuchinwong,4,complete,0.00010042661597253755,periodic_100,1.0,1.0,100.0,100.0,100.0,0.0011659263400360942,periodic_150,1.0,1.0,100.0,500.0,500.0,0.003286175662651658,periodic_150,1.0,1.0,100.0,1000.0,1000.0,0.0064857411198318005,periodic_150,1.0,1.0,100.0,1500.0,1500.0,0.010459886863827705,periodic_150,1.0,1.0,100.0,2000.0,2000.0,0.029162118211388588,periodic_150,1.0,1.0,100.0,3000.0,3000.0,0.15619540214538574,periodic_100,1.0,1.0,100.0,4000.0,4000.0,0.3173040449619293,periodic_150,1.0,1.0,100.0,5000.0,5000.0
sparse_mlp_bd,dysts:SanUmSrisuchinwong,5,complete,0.00012284115655347705,periodic_100,1.0,1.0,100.0,100.0,100.0,0.0027474367525428534,periodic_100,1.0,1.0,100.0,500.0,500.0,0.01747439242899418,periodic_100,1.0,1.0,100.0,1000.0,1000.0,0.050759296864271164,periodic_100,1.0,1.0,100.0,1500.0,1500.0,0.07960688322782516,periodic_100,1.0,1.0,100.0,2000.0,2000.0,0.18492703139781952,periodic_200,1.0,1.0,100.0,3000.0,3000.0,0.5609374046325684,periodic_150,1.0,1.0,100.0,4000.0,4000.0,0.6936855316162109,periodic_150,1.0,1.0,100.0,5000.0,5000.0
sparse_mlp_bd,dysts:SanUmSrisuchinwong,6,complete,0.00023336401500273496,periodic_100,1.0,1.0,100.0,100.0,100.0,0.003707784926518798,periodic_200,1.0,1.0,100.0,500.0,500.0,0.0122012197971344,periodic_200,1.0,1.0,100.0,1000.0,1000.0,0.03978929668664932,periodic_200,1.0,1.0,100.0,1500.0,1500.0,0.10830675810575485,periodic_200,1.0,1.0,100.0,2000.0,2000.0,0.5190061330795288,periodic_200,1.0,1.0,100.0,3000.0,3000.0,0.704049825668335,periodic_200,1.0,1.0,100.0,4000.0,4000.0,0.6759475469589233,periodic_200,1.0,1.0,100.0,5000.0,5000.0
sparse_mlp_bd,dysts:SanUmSrisuchinwong,7,complete,0.00027959889848716557,periodic_100,1.0,1.0,100.0,100.0,100.0,0.005078831687569618,periodic_200,1.0,1.0,100.0,500.0,500.0,0.016230635344982147,periodic_200,1.0,1.0,100.0,1000.0,1000.0,0.035951416939496994,periodic_150,1.0,1.0,100.0,1500.0,1500.0,0.06123271957039833,periodic_150,1.0,1.0,100.0,2000.0,2000.0,0.13686807453632355,periodic_150,1.0,1.0,100.0,3000.0,3000.0,0.2957083582878113,periodic_150,1.0,1.0,100.0,4000.0,4000.0,0.5379101037979126,periodic_150,1.0,1.0,100.0,5000.0,5000.0
sparse_mlp_bd,dysts:SanUmSrisuchinwong,8,complete,0.00020556944946292788,periodic_100,1.0,1.0,100.0,100.0,100.0,0.003425387665629387,periodic_150,1.0,1.0,100.0,500.0,500.0,0.006153916008770466,periodic_150,1.0,1.0,100.0,1000.0,1000.0,0.010773601941764355,periodic_150,1.0,1.0,100.0,1500.0,1500.0,0.01850207708775997,periodic_200,1.0,1.0,100.0,2000.0,2000.0,0.12104097008705139,periodic_100,1.0,1.0,100.0,3000.0,3000.0,0.449153333902359,periodic_50,1.0,1.0,100.0,4000.0,4000.0,0.7748584151268005,periodic_100,1.0,1.0,100.0,5000.0,5000.0
sparse_mlp_bd,dysts:SanUmSrisuchinwong,9,complete,9.465167386224493e-05,periodic_100,1.0,1.0,100.0,100.0,100.0,0.0016110580181702971,periodic_100,1.0,1.0,100.0,500.0,500.0,0.0038689724169671535,periodic_200,1.0,1.0,100.0,1000.0,1000.0,0.007744734175503254,periodic_200,1.0,1.0,100.0,1500.0,1500.0,0.020583750680088997,periodic_200,1.0,1.0,100.0,2000.0,2000.0,0.23617425560951233,periodic_200,1.0,1.0,100.0,3000.0,3000.0,0.40411004424095154,periodic_200,1.0,1.0,100.0,4000.0,4000.0,0.7427446842193604,periodic_150,1.0,1.0,100.0,5000.0,5000.0
sparse_mlp_bd,dysts:SanUmSrisuchinwong,10,complete,0.00012463433085940778,periodic_100,1.0,1.0,100.0,100.0,100.0,0.0017504181014373899,periodic_150,1.0,1.0,100.0,500.0,500.0,0.0053534721955657005,periodic_150,1.0,1.0,100.0,1000.0,1000.0,0.0113252904266119,periodic_150,1.0,1.0,100.0,1500.0,1500.0,0.023248737677931786,periodic_150,1.0,1.0,100.0,2000.0,2000.0,0.1477300226688385,periodic_50,1.0,1.0,100.0,3000.0,3000.0,0.40490084886550903,periodic_100,1.0,1.0,100.0,4000.0,4000.0,0.5360939502716064,periodic_100,1.0,1.0,100.0,5000.0,5000.0
sparse_mlp_bd,dysts:SanUmSrisuchinwong,11,complete,0.0001445049565518275,periodic_100,1.0,1.0,100.0,100.0,100.0,0.0018105357885360718,periodic_200,1.0,1.0,100.0,500.0,500.0,0.005804902408272028,periodic_150,1.0,1.0,100.0,1000.0,1000.0,0.014140453189611435,periodic_150,1.0,1.0,100.0,1500.0,1500.0,0.025845810770988464,periodic_150,1.0,1.0,100.0,2000.0,2000.0,0.0813724547624588,periodic_150,1.0,1.0,100.0,3000.0,3000.0,0.3403002619743347,periodic_150,1.0,1.0,100.0,4000.0,4000.0,0.6412427425384521,periodic_200,1.0,1.0,100.0,5000.0,5000.0
sparse_mlp_bd,dysts:SanUmSrisuchinwong,12,complete,0.00019834069826174527,periodic_100,1.0,1.0,100.0,100.0,100.0,0.0022801444865763187,periodic_100,1.0,1.0,100.0,500.0,500.0,0.005986287724226713,periodic_200,1.0,1.0,100.0,1000.0,1000.0,0.01181943342089653,periodic_150,1.0,1.0,100.0,1500.0,1500.0,0.0209633931517601,periodic_150,1.0,1.0,100.0,2000.0,2000.0,0.04325557127594948,periodic_150,1.0,1.0,100.0,3000.0,3000.0,0.16479641199111938,periodic_100,1.0,1.0,100.0,4000.0,4000.0,0.39019474387168884,periodic_100,1.0,1.0,100.0,5000.0,5000.0
sparse_mlp_bd,dysts:SanUmSrisuchinwong,13,complete,9.503334149485454e-05,periodic_100,1.0,1.0,100.0,100.0,100.0,0.0011936946539208293,periodic_150,1.0,1.0,100.0,500.0,500.0,0.003019477240741253,periodic_150,1.0,1.0,100.0,1000.0,1000.0,0.005234220996499062,periodic_150,1.0,1.0,100.0,1500.0,1500.0,0.008619380183517933,periodic_150,1.0,1.0,100.0,2000.0,2000.0,0.0264743659645319,periodic_100,1.0,1.0,100.0,3000.0,3000.0,0.10059047490358353,periodic_100,1.0,1.0,100.0,4000.0,4000.0,0.3441738486289978,periodic_100,1.0,1.0,100.0,5000.0,5000.0
sparse_mlp_bd,dysts:SanUmSrisuchinwong,14,complete,0.0014013109030202031,periodic_100,1.0,1.0,100.0,100.0,100.0,0.01149191614240408,periodic_150,1.0,1.0,100.0,500.0,500.0,0.027676159515976906,periodic_150,1.0,1.0,100.0,1000.0,1000.0,0.057555828243494034,periodic_150,1.0,1.0,100.0,1500.0,1500.0,0.10063093900680542,periodic_150,1.0,1.0,100.0,2000.0,2000.0,0.24077259004116058,periodic_150,1.0,1.0,100.0,3000.0,3000.0,0.6642492413520813,periodic_150,1.0,1.0,100.0,4000.0,4000.0,1.0308380126953125,periodic_150,1.0,1.0,100.0,5000.0,5000.0
sparse_mlp_bd,dysts:ShimizuMorioka,0,complete,8.203119068639353e-05,periodic_100,1.0,1.0,100.0,100.0,100.0,0.0010021731723099947,periodic_200,1.0,1.0,100.0,500.0,500.0,0.003874880960211158,periodic_200,1.0,1.0,100.0,1000.0,1000.0,0.009898367337882519,periodic_200,1.0,1.0,100.0,1500.0,1500.0,0.019487177953124046,periodic_200,1.0,1.0,100.0,2000.0,2000.0,0.06883218139410019,periodic_200,1.0,1.0,100.0,3000.0,3000.0,0.17874297499656677,periodic_200,1.0,1.0,100.0,4000.0,4000.0,0.4035273790359497,periodic_200,1.0,1.0,100.0,5000.0,5000.0
sparse_mlp_bd,dysts:ShimizuMorioka,1,complete,4.800691385753453e-05,periodic_100,1.0,1.0,100.0,100.0,100.0,0.0006257353234104812,periodic_200,1.0,1.0,100.0,500.0,500.0,0.0022602819371968508,periodic_200,1.0,1.0,100.0,1000.0,1000.0,0.005110380705446005,periodic_200,1.0,1.0,100.0,1500.0,1500.0,0.011679974384605885,periodic_200,1.0,1.0,100.0,2000.0,2000.0,0.07917995750904083,periodic_200,1.0,1.0,100.0,3000.0,3000.0,0.35242271423339844,periodic_200,1.0,1.0,100.0,4000.0,4000.0,0.6517571210861206,periodic_200,1.0,1.0,100.0,5000.0,5000.0
sparse_mlp_bd,dysts:ShimizuMorioka,2,complete,0.0005702071357518435,periodic_100,1.0,1.0,100.0,100.0,100.0,0.008847850374877453,periodic_100,1.0,1.0,100.0,500.0,500.0,0.03160613402724266,periodic_50,1.0,1.0,100.0,1000.0,1000.0,0.06616716831922531,periodic_100,1.0,1.0,100.0,1500.0,1500.0,0.11711151152849197,periodic_100,1.0,1.0,100.0,2000.0,2000.0,0.30113089084625244,periodic_100,1.0,1.0,100.0,3000.0,3000.0,0.7175562381744385,periodic_100,1.0,1.0,100.0,4000.0,4000.0,1.3407748937606812,periodic_100,1.0,1.0,100.0,5000.0,5000.0
sparse_mlp_bd,dysts:ShimizuMorioka,3,complete,7.283954619197175e-05,periodic_100,1.0,1.0,100.0,100.0,100.0,0.0010764821199700236,periodic_200,1.0,1.0,100.0,500.0,500.0,0.0037157507613301277,periodic_200,1.0,1.0,100.0,1000.0,1000.0,0.006976481527090073,periodic_200,1.0,1.0,100.0,1500.0,1500.0,0.011519355699419975,periodic_200,1.0,1.0,100.0,2000.0,2000.0,0.029931331053376198,periodic_200,1.0,1.0,100.0,3000.0,3000.0,0.10388267785310745,periodic_200,1.0,1.0,100.0,4000.0,4000.0,0.24608014523983002,periodic_100,1.0,1.0,100.0,5000.0,5000.0
sparse_mlp_bd,dysts:ShimizuMorioka,4,complete,5.901724216528237e-05,periodic_50,1.0,1.0,100.0,100.0,100.0,0.0005538775585591793,periodic_100,1.0,1.0,100.0,500.0,500.0,0.0017393147572875023,periodic_150,1.0,1.0,100.0,1000.0,1000.0,0.003360013710334897,periodic_150,1.0,1.0,100.0,1500.0,1500.0,0.006014537997543812,periodic_150,1.0,1.0,100.0,2000.0,2000.0,0.01932220719754696,periodic_150,1.0,1.0,100.0,3000.0,3000.0,0.0786043331027031,periodic_150,1.0,1.0,100.0,4000.0,4000.0,0.21910491585731506,periodic_150,1.0,1.0,100.0,5000.0,5000.0
sparse_mlp_bd,dysts:ShimizuMorioka,5,complete,5.957943358225748e-05,periodic_100,1.0,1.0,100.0,100.0,100.0,0.0005823224200867116,periodic_150,1.0,1.0,100.0,500.0,500.0,0.002091889502480626,periodic_200,1.0,1.0,100.0,1000.0,1000.0,0.005465192254632711,periodic_200,1.0,1.0,100.0,1500.0,1500.0,0.011865879409015179,periodic_200,1.0,1.0,100.0,2000.0,2000.0,0.06978872418403625,periodic_200,1.0,1.0,100.0,3000.0,3000.0,0.19614215195178986,periodic_200,1.0,1.0,100.0,4000.0,4000.0,0.36462482810020447,periodic_200,1.0,1.0,100.0,5000.0,5000.0
sparse_mlp_bd,dysts:ShimizuMorioka,6,complete,6.826009484939277e-05,periodic_100,1.0,1.0,100.0,100.0,100.0,0.0010395667050033808,periodic_200,1.0,1.0,100.0,500.0,500.0,0.004884674679487944,periodic_200,1.0,1.0,100.0,1000.0,1000.0,0.010563476011157036,periodic_200,1.0,1.0,100.0,1500.0,1500.0,0.018075183033943176,periodic_200,1.0,1.0,100.0,2000.0,2000.0,0.04842454940080643,periodic_200,1.0,1.0,100.0,3000.0,3000.0,0.15487851202487946,periodic_200,1.0,1.0,100.0,4000.0,4000.0,0.4387487471103668,periodic_200,1.0,1.0,100.0,5000.0,5000.0
sparse_mlp_bd,dysts:ShimizuMorioka,7,complete,3.8533558836206794e-05,periodic_100,1.0,1.0,100.0,100.0,100.0,0.00042954765376634896,periodic_150,1.0,1.0,100.0,500.0,500.0,0.001357083790935576,periodic_200,1.0,1.0,100.0,1000.0,1000.0,0.0033360635861754417,periodic_200,1.0,1.0,100.0,1500.0,1500.0,0.007637251168489456,periodic_200,1.0,1.0,100.0,2000.0,2000.0,0.030360903590917587,periodic_200,1.0,1.0,100.0,3000.0,3000.0,0.14821645617485046,periodic_150,1.0,1.0,100.0,4000.0,4000.0,0.4931255280971527,periodic_100,1.0,1.0,100.0,5000.0,5000.0
sparse_mlp_bd,dysts:ShimizuMorioka,8,complete,5.100955240777694e-05,periodic_100,1.0,1.0,100.0,100.0,100.0,0.000558230560272932,periodic_150,1.0,1.0,100.0,500.0,500.0,0.0021500999573618174,periodic_200,1.0,1.0,100.0,1000.0,1000.0,0.005820910446345806,periodic_200,1.0,1.0,100.0,1500.0,1500.0,0.010354013182222843,periodic_200,1.0,1.0,100.0,2000.0,2000.0,0.03172272816300392,periodic_200,1.0,1.0,100.0,3000.0,3000.0,0.08891589194536209,periodic_200,1.0,1.0,100.0,4000.0,4000.0,0.18049953877925873,periodic_200,1.0,1.0,100.0,5000.0,5000.0
sparse_mlp_bd,dysts:ShimizuMorioka,9,complete,4.1921710362657905e-05,periodic_100,1.0,1.0,100.0,100.0,100.0,0.0005692985141649842,periodic_150,1.0,1.0,100.0,500.0,500.0,0.002453269436955452,periodic_200,1.0,1.0,100.0,1000.0,1000.0,0.0055967457592487335,periodic_200,1.0,1.0,100.0,1500.0,1500.0,0.011771141551434994,periodic_200,1.0,1.0,100.0,2000.0,2000.0,0.04331084340810776,periodic_200,1.0,1.0,100.0,3000.0,3000.0,0.12348958849906921,periodic_150,1.0,1.0,100.0,4000.0,4000.0,0.24971963465213776,periodic_150,1.0,1.0,100.0,5000.0,5000.0
sparse_mlp_bd,dysts:ShimizuMorioka,10,complete,5.61155793548096e-05,periodic_100,1.0,1.0,100.0,100.0,100.0,0.0006601127097383142,periodic_150,1.0,1.0,100.0,500.0,500.0,0.0019152327440679073,periodic_200,1.0,1.0,100.0,1000.0,1000.0,0.003540185745805502,periodic_200,1.0,1.0,100.0,1500.0,1500.0,0.006107039283961058,periodic_200,1.0,1.0,100.0,2000.0,2000.0,0.020742930471897125,periodic_200,1.0,1.0,100.0,3000.0,3000.0,0.0746695026755333,periodic_200,1.0,1.0,100.0,4000.0,4000.0,0.15094390511512756,periodic_200,1.0,1.0,100.0,5000.0,5000.0
sparse_mlp_bd,dysts:ShimizuMorioka,11,complete,3.859115167870186e-05,periodic_100,1.0,1.0,100.0,100.0,100.0,0.00037715595681220293,periodic_100,1.0,1.0,100.0,500.0,500.0,0.0012561988551169634,periodic_200,1.0,1.0,100.0,1000.0,1000.0,0.003072955645620823,periodic_200,1.0,1.0,100.0,1500.0,1500.0,0.007499299012124538,periodic_200,1.0,1.0,100.0,2000.0,2000.0,0.021458754315972328,periodic_200,1.0,1.0,100.0,3000.0,3000.0,0.04275819659233093,periodic_150,1.0,1.0,100.0,4000.0,4000.0,0.1077595204114914,periodic_150,1.0,1.0,100.0,5000.0,5000.0
sparse_mlp_bd,dysts:ShimizuMorioka,12,complete,4.6237040805863217e-05,periodic_100,1.0,1.0,100.0,100.0,100.0,0.0004772815154865384,periodic_200,1.0,1.0,100.0,500.0,500.0,0.002111864974722266,periodic_200,1.0,1.0,100.0,1000.0,1000.0,0.0057436442002654076,periodic_200,1.0,1.0,100.0,1500.0,1500.0,0.009057808667421341,periodic_200,1.0,1.0,100.0,2000.0,2000.0,0.02668837457895279,periodic_200,1.0,1.0,100.0,3000.0,3000.0,0.07833670824766159,periodic_200,1.0,1.0,100.0,4000.0,4000.0,0.25782036781311035,periodic_200,1.0,1.0,100.0,5000.0,5000.0
sparse_mlp_bd,dysts:ShimizuMorioka,13,complete,4.8674010031390935e-05,periodic_100,1.0,1.0,100.0,100.0,100.0,0.0006582303903996944,periodic_200,1.0,1.0,100.0,500.0,500.0,0.0026469833683222532,periodic_200,1.0,1.0,100.0,1000.0,1000.0,0.0064743077382445335,periodic_200,1.0,1.0,100.0,1500.0,1500.0,0.01273565087467432,periodic_200,1.0,1.0,100.0,2000.0,2000.0,0.03766427934169769,periodic_200,1.0,1.0,100.0,3000.0,3000.0,0.10773108154535294,periodic_200,1.0,1.0,100.0,4000.0,4000.0,0.20072004199028015,periodic_200,1.0,1.0,100.0,5000.0,5000.0
sparse_mlp_bd,dysts:ShimizuMorioka,14,complete,7.066778198350221e-05,periodic_100,1.0,1.0,100.0,100.0,100.0,0.0012427681358531117,periodic_200,1.0,1.0,100.0,500.0,500.0,0.0047537474893033504,periodic_200,1.0,1.0,100.0,1000.0,1000.0,0.009744151495397091,periodic_200,1.0,1.0,100.0,1500.0,1500.0,0.01592853106558323,periodic_200,1.0,1.0,100.0,2000.0,2000.0,0.04874587059020996,periodic_200,1.0,1.0,100.0,3000.0,3000.0,0.15920358896255493,periodic_200,1.0,1.0,100.0,4000.0,4000.0,0.36880120635032654,periodic_200,1.0,1.0,100.0,5000.0,5000.0
sparse_mlp_bd,dysts:WangSun,0,complete,0.00019953770970460027,periodic_25,1.0,1.0,100.0,100.0,100.0,0.003813669318333268,periodic_25,1.0,1.0,100.0,500.0,500.0,0.020082592964172363,periodic_50,1.0,1.0,100.0,1000.0,1000.0,0.07973872125148773,periodic_25,1.0,1.0,100.0,1500.0,1500.0,0.1198158860206604,periodic_50,1.0,1.0,100.0,2000.0,2000.0,0.22478505969047546,periodic_50,1.0,1.0,100.0,3000.0,3000.0,0.6534372568130493,periodic_50,1.0,1.0,100.0,4000.0,4000.0,1.371653437614441,periodic_25,1.0,1.0,100.0,5000.0,5000.0
sparse_mlp_bd,dysts:WangSun,1,complete,0.032520655542612076,periodic_25,1.0,1.0,100.0,100.0,100.0,0.3004622459411621,periodic_25,1.0,1.0,100.0,500.0,500.0,0.6974285840988159,periodic_25,1.0,1.0,100.0,1000.0,1000.0,1.2123442888259888,periodic_25,1.0,1.0,100.0,1500.0,1500.0,2.1477231979370117,periodic_25,1.0,1.0,100.0,2000.0,2000.0,3.2782557010650635,periodic_10,1.0,1.0,100.0,3000.0,3000.0,3.3152401447296143,periodic_10,1.0,1.0,100.0,4000.0,4000.0,3.52778697013855,periodic_10,1.0,1.0,100.0,5000.0,5000.0
sparse_mlp_bd,dysts:WangSun,2,complete,0.00030781945679336786,periodic_25,1.0,1.0,100.0,100.0,100.0,0.005177697166800499,periodic_25,1.0,1.0,100.0,500.0,500.0,0.07332246005535126,periodic_25,1.0,1.0,100.0,1000.0,1000.0,0.7831968069076538,periodic_25,1.0,1.0,100.0,1500.0,1500.0,1.0858638286590576,periodic_25,1.0,1.0,100.0,2000.0,2000.0,1.0942350625991821,periodic_50,1.0,1.0,100.0,3000.0,3000.0,1.2434781789779663,periodic_50,1.0,1.0,100.0,4000.0,4000.0,1.9781782627105713,periodic_50,1.0,1.0,100.0,5000.0,5000.0
sparse_mlp_bd,dysts:WangSun,3,complete,0.0004401080950628966,periodic_25,1.0,1.0,100.0,100.0,100.0,0.008007795549929142,periodic_50,1.0,1.0,100.0,500.0,500.0,0.04623705893754959,periodic_50,1.0,1.0,100.0,1000.0,1000.0,0.14823190867900848,periodic_100,1.0,1.0,100.0,1500.0,1500.0,0.3563350737094879,periodic_100,1.0,1.0,100.0,2000.0,2000.0,1.5363783836364746,periodic_50,1.0,1.0,100.0,3000.0,3000.0,2.3998444080352783,periodic_50,1.0,1.0,100.0,4000.0,4000.0,3.343196392059326,periodic_50,1.0,1.0,100.0,5000.0,5000.0
sparse_mlp_bd,dysts:WangSun,4,complete,0.0011094153160229325,periodic_25,1.0,1.0,100.0,100.0,100.0,0.022175943478941917,periodic_25,1.0,1.0,100.0,500.0,500.0,0.07450558245182037,periodic_50,1.0,1.0,100.0,1000.0,1000.0,0.13136282563209534,periodic_100,1.0,1.0,100.0,1500.0,1500.0,0.2652631998062134,periodic_100,1.0,1.0,100.0,2000.0,2000.0,0.6557983160018921,periodic_100,1.0,1.0,100.0,3000.0,3000.0,1.1579643487930298,periodic_100,1.0,1.0,100.0,4000.0,4000.0,1.7155086994171143,periodic_100,1.0,1.0,100.0,5000.0,5000.0
sparse_mlp_bd,dysts:WangSun,5,complete,0.013587703928351402,periodic_25,1.0,1.0,100.0,100.0,100.0,0.3636702299118042,periodic_25,1.0,1.0,100.0,500.0,500.0,1.1206108331680298,periodic_25,1.0,1.0,100.0,1000.0,1000.0,2.01301646232605,periodic_25,1.0,1.0,100.0,1500.0,1500.0,2.941311836242676,periodic_25,1.0,1.0,100.0,2000.0,2000.0,3.953047513961792,periodic_50,1.0,1.0,100.0,3000.0,3000.0,4.558554649353027,periodic_25,1.0,1.0,100.0,4000.0,4000.0,4.921881675720215,periodic_25,1.0,1.0,100.0,5000.0,5000.0
sparse_mlp_bd,dysts:WangSun,6,complete,0.0002840175584424287,periodic_50,1.0,1.0,100.0,100.0,100.0,0.016453251242637634,periodic_25,1.0,1.0,100.0,500.0,500.0,0.03687088564038277,periodic_50,1.0,1.0,100.0,1000.0,1000.0,0.11747810244560242,periodic_50,1.0,1.0,100.0,1500.0,1500.0,0.21569545567035675,periodic_50,1.0,1.0,100.0,2000.0,2000.0,0.6621965169906616,periodic_100,1.0,1.0,100.0,3000.0,3000.0,0.898140013217926,periodic_100,1.0,1.0,100.0,4000.0,4000.0,1.416487216949463,periodic_50,1.0,1.0,100.0,5000.0,5000.0
sparse_mlp_bd,dysts:WangSun,7,complete,0.0009652223670855165,periodic_25,1.0,1.0,100.0,100.0,100.0,0.05271446332335472,periodic_10,1.0,1.0,100.0,500.0,500.0,0.08418150246143341,periodic_25,1.0,1.0,100.0,1000.0,1000.0,0.1208312138915062,periodic_25,1.0,1.0,100.0,1500.0,1500.0,0.2209191918373108,periodic_50,1.0,1.0,100.0,2000.0,2000.0,0.5819044709205627,periodic_50,1.0,1.0,100.0,3000.0,3000.0,1.5093156099319458,periodic_50,1.0,1.0,100.0,4000.0,4000.0,2.157444953918457,periodic_50,1.0,1.0,100.0,5000.0,5000.0
sparse_mlp_bd,dysts:WangSun,8,complete,0.0015430677449330688,periodic_25,1.0,1.0,100.0,100.0,100.0,0.011634327471256256,periodic_50,1.0,1.0,100.0,500.0,500.0,0.06196902319788933,periodic_100,1.0,1.0,100.0,1000.0,1000.0,0.1607377976179123,periodic_100,1.0,1.0,100.0,1500.0,1500.0,0.3415801525115967,periodic_100,1.0,1.0,100.0,2000.0,2000.0,0.49072253704071045,periodic_100,1.0,1.0,100.0,3000.0,3000.0,0.8361339569091797,periodic_100,1.0,1.0,100.0,4000.0,4000.0,1.3982338905334473,periodic_100,1.0,1.0,100.0,5000.0,5000.0
sparse_mlp_bd,dysts:WangSun,9,complete,0.0015477108536288142,periodic_10,1.0,1.0,100.0,100.0,100.0,0.014648602344095707,periodic_25,1.0,1.0,100.0,500.0,500.0,0.03152082860469818,periodic_50,1.0,1.0,100.0,1000.0,1000.0,0.04248494654893875,periodic_50,1.0,1.0,100.0,1500.0,1500.0,0.09013786166906357,periodic_50,1.0,1.0,100.0,2000.0,2000.0,0.5712581276893616,periodic_100,1.0,1.0,100.0,3000.0,3000.0,1.2259327173233032,periodic_100,1.0,1.0,100.0,4000.0,4000.0,1.6548798084259033,periodic_50,1.0,1.0,100.0,5000.0,5000.0
sparse_mlp_bd,dysts:WangSun,10,complete,0.005621207877993584,periodic_50,1.0,1.0,100.0,100.0,100.0,0.34733280539512634,periodic_10,1.0,1.0,100.0,500.0,500.0,0.8497778177261353,periodic_10,1.0,1.0,100.0,1000.0,1000.0,1.5512129068374634,periodic_10,1.0,1.0,100.0,1500.0,1500.0,2.08022141456604,periodic_25,1.0,1.0,100.0,2000.0,2000.0,2.5689170360565186,periodic_10,1.0,1.0,100.0,3000.0,3000.0,2.8220129013061523,periodic_10,1.0,1.0,100.0,4000.0,4000.0,3.1359975337982178,periodic_10,1.0,1.0,100.0,5000.0,5000.0
sparse_mlp_bd,dysts:WangSun,11,complete,0.00596201466396451,periodic_25,1.0,1.0,100.0,100.0,100.0,0.07277858257293701,periodic_25,1.0,1.0,100.0,500.0,500.0,0.15448476374149323,periodic_25,1.0,1.0,100.0,1000.0,1000.0,0.4372926950454712,periodic_25,1.0,1.0,100.0,1500.0,1500.0,0.7598205804824829,periodic_50,1.0,1.0,100.0,2000.0,2000.0,1.015004277229309,periodic_200,1.0,1.0,100.0,3000.0,3000.0,1.464349389076233,periodic_200,1.0,1.0,100.0,4000.0,4000.0,2.2403573989868164,periodic_200,1.0,1.0,100.0,5000.0,5000.0
sparse_mlp_bd,dysts:WangSun,12,complete,0.03825521469116211,periodic_50,1.0,1.0,100.0,100.0,100.0,0.5082335472106934,periodic_25,1.0,1.0,100.0,500.0,500.0,1.20643949508667,periodic_25,1.0,1.0,100.0,1000.0,1000.0,1.8150352239608765,periodic_25,1.0,1.0,100.0,1500.0,1500.0,2.124629497528076,periodic_10,1.0,1.0,100.0,2000.0,2000.0,2.2460646629333496,periodic_10,1.0,1.0,100.0,3000.0,3000.0,2.7976572513580322,periodic_10,1.0,1.0,100.0,4000.0,4000.0,3.106879234313965,periodic_10,1.0,1.0,100.0,5000.0,5000.0
sparse_mlp_bd,dysts:WangSun,13,complete,0.009327011182904243,periodic_50,1.0,1.0,100.0,100.0,100.0,0.11002029478549957,periodic_25,1.0,1.0,100.0,500.0,500.0,0.41099244356155396,periodic_10,1.0,1.0,100.0,1000.0,1000.0,0.7661667466163635,periodic_25,1.0,1.0,100.0,1500.0,1500.0,1.4763237237930298,periodic_10,1.0,1.0,100.0,2000.0,2000.0,2.722137212753296,periodic_10,1.0,1.0,100.0,3000.0,3000.0,2.928992509841919,periodic_10,1.0,1.0,100.0,4000.0,4000.0,3.2966692447662354,periodic_10,1.0,1.0,100.0,5000.0,5000.0
sparse_mlp_bd,dysts:WangSun,14,complete,0.0004284099559299648,periodic_25,1.0,1.0,100.0,100.0,100.0,0.07486757636070251,periodic_10,1.0,1.0,100.0,500.0,500.0,0.3991900384426117,periodic_10,1.0,1.0,100.0,1000.0,1000.0,0.3729095160961151,periodic_25,1.0,1.0,100.0,1500.0,1500.0,0.37190327048301697,periodic_25,1.0,1.0,100.0,2000.0,2000.0,0.47049686312675476,periodic_50,1.0,1.0,100.0,3000.0,3000.0,0.7061916589736938,periodic_50,1.0,1.0,100.0,4000.0,4000.0,0.9967760443687439,periodic_50,1.0,1.0,100.0,5000.0,5000.0
