=============================================
ManiSkill 5k packed tuning GPU context
date=2026-06-04T14:44:08-0400
host=cn-g027.server.mila.quebec
slurm_job_id=9736452
slurm_array_task_id=6
slurm_nodelist=cn-g027
slurm_job_gpus=3
slurm_step_gpus=
slurm_gpus=
slurm_gpus_on_node=1
slurm_cpus_per_task=8
cuda_visible_devices=0
cuda_device_order=
GPU 0: NVIDIA A100-SXM4-80GB (UUID: GPU-247a5d9f-faae-6e91-b78b-f0e0c4015b0a)
index, uuid, name, driver_version, memory.total [MiB]
0, GPU-247a5d9f-faae-6e91-b78b-f0e0c4015b0a, NVIDIA A100-SXM4-80GB, 580.95.05, 81920 MiB
=============================================
date=Thu Jun  4 14:44:08 EDT 2026
host=cn-g027.server.mila.quebec
commit=b5ea99e
slurm_job_id=9736452
slurm_array_task_id=6
task_set=lista_forecast_refine
task_count=231
start_task=24
pack_size=4
pack_concurrency=4
packed_task_threads=2
dataset=data/maniskill/perturbation_assessment_seed0_e20/all_setups.npz
run_root=runs/maniskill_insertion/perturbation_e20_5k_lista_refine_20260604_143125
num_steps=5000
batch_size=512
sequence_length=10
z_dim=320
hidden_dim=256
horizons=10,20,30,40,50,75,100,125
periodic_reencode_periods=1,2,5,10,20,50,100
cuda_visible_devices=0
----- task 24/231: lista_relu_a0p02_sp1em4_loops1 seed0 -----
encoder_kind=lista activation=relu alpha=0.02 sparsity=1e-4 loops=1
weights pred=1.0 rec=0.1 latent=0.1 k=1e-4
run_dir=runs/maniskill_insertion/perturbation_e20_5k_lista_refine_20260604_143125/lista_relu_a0p02_sp1em4_loops1/seed0
----- task 27/231: lista_relu_a0p005_sp1em5_loops2 seed0 -----
encoder_kind=lista activation=relu alpha=0.005 sparsity=1e-5 loops=2
weights pred=1.0 rec=0.1 latent=0.1 k=1e-4
run_dir=runs/maniskill_insertion/perturbation_e20_5k_lista_refine_20260604_143125/lista_relu_a0p005_sp1em5_loops2/seed0
----- task 25/231: lista_relu_a0p02_sp3em4_loops1 seed0 -----
encoder_kind=lista activation=relu alpha=0.02 sparsity=3e-4 loops=1
weights pred=1.0 rec=0.1 latent=0.1 k=1e-4
run_dir=runs/maniskill_insertion/perturbation_e20_5k_lista_refine_20260604_143125/lista_relu_a0p02_sp3em4_loops1/seed0
----- task 26/231: lista_relu_a0p02_sp1em3_loops1 seed0 -----
encoder_kind=lista activation=relu alpha=0.02 sparsity=1e-3 loops=1
weights pred=1.0 rec=0.1 latent=0.1 k=1e-4
run_dir=runs/maniskill_insertion/perturbation_e20_5k_lista_refine_20260604_143125/lista_relu_a0p02_sp1em3_loops1/seed0
step=0 loss=1.408766 pred=0.984878 val_mse=0.758617
step=0 loss=1.409110 pred=0.984731 val_mse=0.758554
step=0 loss=1.408707 pred=0.984878 val_mse=0.758617
step=0 loss=1.408720 pred=0.984878 val_mse=0.758617
step=500 loss=0.060673 pred=0.051272 val_mse=0.125739
step=500 loss=0.061114 pred=0.052069 val_mse=0.123555
step=500 loss=0.062027 pred=0.052905 val_mse=0.123033
step=500 loss=0.058548 pred=0.050170 val_mse=0.119285
step=1000 loss=0.048261 pred=0.042211 val_mse=0.197255
step=1000 loss=0.048433 pred=0.042385 val_mse=0.200210
step=1000 loss=0.049147 pred=0.042841 val_mse=0.195742
step=1000 loss=0.045704 pred=0.040169 val_mse=0.203132
step=1500 loss=0.038548 pred=0.034094 val_mse=0.205790
step=1500 loss=0.038265 pred=0.033911 val_mse=0.203949
step=1500 loss=0.038641 pred=0.033933 val_mse=0.203336
step=2000 loss=0.028238 pred=0.024610 val_mse=0.177963
step=2000 loss=0.029102 pred=0.025571 val_mse=0.177290
step=2000 loss=0.028145 pred=0.024273 val_mse=0.178304
step=1500 loss=0.037014 pred=0.033045 val_mse=0.212012
step=2500 loss=0.026251 pred=0.023144 val_mse=0.098777
step=2500 loss=0.027275 pred=0.024225 val_mse=0.091624
step=2500 loss=0.025992 pred=0.022651 val_mse=0.098699
step=2000 loss=0.025435 pred=0.022261 val_mse=0.180861
step=3000 loss=0.020335 pred=0.017716 val_mse=0.120487
step=3000 loss=0.020240 pred=0.017555 val_mse=0.122261
step=3000 loss=0.019593 pred=0.016702 val_mse=0.124034
step=2500 loss=0.023855 pred=0.021184 val_mse=0.099191
step=3500 loss=0.019227 pred=0.016684 val_mse=0.103367
step=3500 loss=0.018917 pred=0.016480 val_mse=0.105201
step=3500 loss=0.019071 pred=0.016334 val_mse=0.108383
step=4000 loss=0.019665 pred=0.017530 val_mse=0.189053
step=4000 loss=0.019843 pred=0.017604 val_mse=0.184863
step=4000 loss=0.018658 pred=0.016293 val_mse=0.185655
step=3000 loss=0.018495 pred=0.016129 val_mse=0.127271
step=4500 loss=0.014066 pred=0.012233 val_mse=0.188858
step=4500 loss=0.012357 pred=0.010312 val_mse=0.184219
step=4500 loss=0.012493 pred=0.010601 val_mse=0.183194
step=3500 loss=0.017496 pred=0.015307 val_mse=0.112471
step=4999 loss=0.016935 pred=0.015131 val_mse=0.176499
run_dir=runs/maniskill_insertion/perturbation_e20_5k_lista_refine_20260604_143125/lista_relu_a0p02_sp1em4_loops1/seed0
step=4999 loss=0.016327 pred=0.014309 val_mse=0.175571
run_dir=runs/maniskill_insertion/perturbation_e20_5k_lista_refine_20260604_143125/lista_relu_a0p02_sp1em3_loops1/seed0
step=4999 loss=0.016524 pred=0.014654 val_mse=0.165980
run_dir=runs/maniskill_insertion/perturbation_e20_5k_lista_refine_20260604_143125/lista_relu_a0p02_sp3em4_loops1/seed0
step=4000 loss=0.017963 pred=0.016094 val_mse=0.190831
step=4500 loss=0.011299 pred=0.009649 val_mse=0.195131
{
  "best_periodic_rollout": {
    "episode_count": 15,
    "h10/episode_count": 15,
    "h10/final_state_mse": 0.0018088085199493209,
    "h10/outcome_drop_episode_count": 3,
    "h10/outcome_drop_final_state_mse": 0.001338127355267799,
    "h10/outcome_drop_state_mse": 0.0013250653455459994,
    "h10/outcome_jam_episode_count": 3,
    "h10/outcome_jam_final_state_mse": 0.0024430670964172463,
    "h10/outcome_jam_state_mse": 0.0017699663545571122,
    "h10/outcome_miss_episode_count": 3,
    "h10/outcome_miss_final_state_mse": 0.0025282841102749693,
    "h10/outcome_miss_state_mse": 0.008577588960236195,
    "h10/outcome_partial_episode_count": 3,
    "h10/outcome_partial_final_state_mse": 0.0013798054039867874,
    "h10/outcome_partial_state_mse": 0.0012443781678193534,
    "h10/outcome_success_episode_count": 3,
    "h10/outcome_success_final_state_mse": 0.0013547590111984925,
    "h10/outcome_success_state_mse": 0.0012462968725005007,
    "h10/selected_mode": "periodic_10",
    "h10/selected_period": 10,
    "h10/state_mse": 0.0028326593037524255,
    "h100/episode_count": 15,
    "h100/final_state_mse": 0.0028485958872277754,
    "h100/outcome_drop_episode_count": 3,
    "h100/outcome_drop_final_state_mse": 0.0023582192028270047,
    "h100/outcome_drop_state_mse": 0.0020796627468532987,
    "h100/outcome_jam_episode_count": 3,
    "h100/outcome_jam_final_state_mse": 0.003572041034893273,
    "h100/outcome_jam_state_mse": 0.002586692454768162,
    "h100/outcome_miss_episode_count": 3,
    "h100/outcome_miss_final_state_mse": 0.0035355747525208916,
    "h100/outcome_miss_state_mse": 0.0030143555784537123,
    "h100/outcome_partial_episode_count": 3,
    "h100/outcome_partial_final_state_mse": 0.0017468092439610974,
    "h100/outcome_partial_state_mse": 0.0016401382209428775,
    "h100/outcome_success_episode_count": 3,
    "h100/outcome_success_final_state_mse": 0.003030335250633215,
    "h100/outcome_success_state_mse": 0.0020307242324928833,
    "h100/selected_mode": "periodic_10",
    "h100/selected_period": 10,
    "h100/state_mse": 0.002270314534505208,
    "h125/episode_count": 15,
    "h125/final_state_mse": 0.0039261390960294434,
    "h125/outcome_drop_episode_count": 3,
    "h125/outcome_drop_final_state_mse": 0.0034910705354478625,
    "h125/outcome_drop_state_mse": 0.00242947741739111,
    "h125/outcome_jam_episode_count": 3,
    "h125/outcome_jam_final_state_mse": 0.005737776606301077,
    "h125/outcome_jam_state_mse": 0.003006679609710095,
    "h125/outcome_miss_episode_count": 3,
    "h125/outcome_miss_final_state_mse": 0.0036038343910298315,
    "h125/outcome_miss_state_mse": 0.003143035140692019,
    "h125/outcome_partial_episode_count": 3,
    "h125/outcome_partial_final_state_mse": 0.0018745522483501558,
    "h125/outcome_partial_state_mse": 0.0016832175161324296,
    "h125/outcome_success_episode_count": 3,
    "h125/outcome_success_final_state_mse": 0.004923460335513346,
    "h125/outcome_success_state_mse": 0.002445668837603401,
    "h125/selected_mode": "periodic_10",
    "h125/selected_period": 10,
    "h125/state_mse": 0.0025416159237132353,
    "h20/episode_count": 15,
    "h20/final_state_mse": 0.0013166555392196755,
    "h20/outcome_drop_episode_count": 3,
    "h20/outcome_drop_final_state_mse": 0.0010883537139378342,
    "h20/outcome_drop_state_mse": 0.0013071348659353318,
    "h20/outcome_jam_episode_count": 3,
    "h20/outcome_jam_final_state_mse": 0.0013424140565535601,
    "h20/outcome_jam_state_mse": 0.001689256016725029,
    "h20/outcome_miss_episode_count": 3,
    "h20/outcome_miss_final_state_mse": 0.0020787326339023566,
    "h20/outcome_miss_state_mse": 0.005443572842217738,
    "h20/outcome_partial_episode_count": 3,
    "h20/outcome_partial_final_state_mse": 0.0010075618336403292,
    "h20/outcome_partial_state_mse": 0.001221775073631137,
    "h20/outcome_success_episode_count": 3,
    "h20/outcome_success_final_state_mse": 0.00106621576241808,
    "h20/outcome_success_state_mse": 0.001235818375948987,
    "h20/selected_mode": "periodic_10",
    "h20/selected_period": 10,
    "h20/state_mse": 0.002179511325811249,
    "h30/episode_count": 15,
    "h30/final_state_mse": 0.0013859337451411228,
    "h30/outcome_drop_episode_count": 3,
    "h30/outcome_drop_final_state_mse": 0.0013421741527279997,
    "h30/outcome_drop_state_mse": 0.0013421107481247979,
    "h30/outcome_jam_episode_count": 3,
    "h30/outcome_jam_final_state_mse": 0.0016240056336315628,
    "h30/outcome_jam_state_mse": 0.0017337624803347785,
    "h30/outcome_miss_episode_count": 3,
    "h30/outcome_miss_final_state_mse": 0.0014238437406377854,
    "h30/outcome_miss_state_mse": 0.004172239116593903,
    "h30/outcome_partial_episode_count": 3,
    "h30/outcome_partial_final_state_mse": 0.0012430513606351964,
    "h30/outcome_partial_state_mse": 0.0012668955170251186,
    "h30/outcome_success_episode_count": 3,
    "h30/outcome_success_final_state_mse": 0.0012965937893764645,
    "h30/outcome_success_state_mse": 0.0012811613238714879,
    "h30/selected_mode": "periodic_10",
    "h30/selected_period": 10,
    "h30/state_mse": 0.0019592338345928648,
    "h40/episode_count": 15,
    "h40/final_state_mse": 0.0016698055018007365,
    "h40/outcome_drop_episode_count": 3,
    "h40/outcome_drop_final_state_mse": 0.0018067951831552717,
    "h40/outcome_drop_state_mse": 0.0015595492779039869,
    "h40/outcome_jam_episode_count": 3,
    "h40/outcome_jam_final_state_mse": 0.0017506065078420577,
    "h40/outcome_jam_state_mse": 0.0018298024056004542,
    "h40/outcome_miss_episode_count": 3,
    "h40/outcome_miss_final_state_mse": 0.0016337880268206004,
    "h40/outcome_miss_state_mse": 0.0035903584723379098,
    "h40/outcome_partial_episode_count": 3,
    "h40/outcome_partial_final_state_mse": 0.001542504535975799,
    "h40/outcome_partial_state_mse": 0.0013783327115127464,
    "h40/outcome_success_episode_count": 3,
    "h40/outcome_success_final_state_mse": 0.0016153335717378878,
    "h40/outcome_success_state_mse": 0.001395895434360878,
    "h40/selected_mode": "periodic_10",
    "h40/selected_period": 10,
    "h40/state_mse": 0.001950787687613294,
    "h50/episode_count": 15,
    "h50/final_state_mse": 0.0017188002081478344,
    "h50/outcome_drop_episode_count": 3,
    "h50/outcome_drop_final_state_mse": 0.0017770140194425395,
    "h50/outcome_drop_state_mse": 0.0016944304322884752,
    "h50/outcome_jam_episode_count": 3,
    "h50/outcome_jam_final_state_mse": 0.002037605672490363,
    "h50/outcome_jam_state_mse": 0.0019441794102488,
    "h50/outcome_miss_episode_count": 3,
    "h50/outcome_miss_final_state_mse": 0.0017843071395665213,
    "h50/outcome_miss_state_mse": 0.003253067303327174,
    "h50/outcome_partial_episode_count": 3,
    "h50/outcome_partial_final_state_mse": 0.0014663383462070639,
    "h50/outcome_partial_state_mse": 0.0014480273708019382,
    "h50/outcome_success_episode_count": 3,
    "h50/outcome_success_final_state_mse": 0.0015287360578191047,
    "h50/outcome_success_state_mse": 0.0014697323905097114,
    "h50/selected_mode": "periodic_10",
    "h50/selected_period": 10,
    "h50/state_mse": 0.001961887334686479,
    "h75/episode_count": 15,
    "h75/final_state_mse": 0.0037187601226607177,
    "h75/outcome_drop_episode_count": 3,
    "h75/outcome_drop_final_state_mse": 0.00283389940273528,
    "h75/outcome_drop_state_mse": 0.0018680451794127753,
    "h75/outcome_jam_episode_count": 3,
    "h75/outcome_jam_final_state_mse": 0.004082018935602475,
    "h75/outcome_jam_state_mse": 0.0022001239053564135,
    "h75/outcome_miss_episode_count": 3,
    "h75/outcome_miss_final_state_mse": 0.004412610424694672,
    "h75/outcome_miss_state_mse": 0.002949764359750519,
    "h75/outcome_partial_episode_count": 3,
    "h75/outcome_partial_final_state_mse": 0.0031675572561867095,
    "h75/outcome_partial_state_mse": 0.0015983066267956836,
    "h75/outcome_success_episode_count": 3,
    "h75/outcome_success_final_state_mse": 0.004097714265382368,
    "h75/outcome_success_state_mse": 0.0016622827982850585,
    "h75/selected_mode": "periodic_10",
    "h75/selected_period": 10,
    "h75/state_mse": 0.00205570461962997,
    "max_requested_horizon": 125,
    "periodic_reencode_periods": [
      1,
      2,
      5,
      10,
      20,
      50,
      100
    ],
    "rollout_mode": "best_periodic"
  },
  "checkpoint": "runs/maniskill_insertion/perturbation_e20_5k_lista_refine_20260604_143125/lista_relu_a0p02_sp1em4_loops1/seed0/checkpoint.pt",
  "checkpoint_step": 2500,
  "dataset": "data/maniskill/perturbation_assessment_seed0_e20/all_setups.npz",
  "device": "cuda",
  "family_jaccard": 0.4,
  "horizons": [
    10,
    20,
    30,
    40,
    50,
    75,
    100,
    125
  ],
  "labels_used_for_training": false,
  "periodic_reencode_periods": [
    1,
    2,
    5,
    10,
    20,
    50,
    100
  ],
  "rollout": {
    "episode_count": 15,
    "h10/episode_count": 15,
    "h10/final_state_mse": 0.0018088091432658675,
    "h10/outcome_drop_episode_count": 3,
    "h10/outcome_drop_final_state_mse": 0.0013381282318066928,
    "h10/outcome_drop_state_mse": 0.0013250655403324201,
    "h10/outcome_jam_episode_count": 3,
    "h10/outcome_jam_final_state_mse": 0.0024430671451138516,
    "h10/outcome_jam_state_mse": 0.0017699666662153856,
    "h10/outcome_miss_episode_count": 3,
    "h10/outcome_miss_final_state_mse": 0.00252828420766818,
    "h10/outcome_miss_state_mse": 0.008577589271894467,
    "h10/outcome_partial_episode_count": 3,
    "h10/outcome_partial_final_state_mse": 0.001379806183132471,
    "h10/outcome_partial_state_mse": 0.0012443784989562689,
    "h10/outcome_success_episode_count": 3,
    "h10/outcome_success_final_state_mse": 0.0013547597781700246,
    "h10/outcome_success_state_mse": 0.001246296930936427,
    "h10/state_mse": 0.0028326595530790443,
    "h100/episode_count": 15,
    "h100/final_state_mse": 97433.32810457516,
    "h100/outcome_drop_episode_count": 3,
    "h100/outcome_drop_final_state_mse": 104501.49918300654,
    "h100/outcome_drop_state_mse": 5167.993464052288,
    "h100/outcome_jam_episode_count": 3,
    "h100/outcome_jam_final_state_mse": 98812.89869281046,
    "h100/outcome_jam_state_mse": 4910.83339869281,
    "h100/outcome_miss_episode_count": 3,
    "h100/outcome_miss_final_state_mse": 63185.80718954248,
    "h100/outcome_miss_state_mse": 3038.9390522875815,
    "h100/outcome_partial_episode_count": 3,
    "h100/outcome_partial_final_state_mse": 110544.96895424837,
    "h100/outcome_partial_state_mse": 5420.070359477124,
    "h100/outcome_success_episode_count": 3,
    "h100/outcome_success_final_state_mse": 110121.47222222222,
    "h100/outcome_success_state_mse": 5414.06183006536,
    "h100/state_mse": 4790.379503267974,
    "h125/episode_count": 15,
    "h125/final_state_mse": 32527623.696732026,
    "h125/outcome_drop_episode_count": 3,
    "h125/outcome_drop_final_state_mse": 36926459.60784314,
    "h125/outcome_drop_state_mse": 1351073.6648366014,
    "h125/outcome_jam_episode_count": 3,
    "h125/outcome_jam_final_state_mse": 34796011.08496732,
    "h125/outcome_jam_state_mse": 1271758.7074509803,
    "h125/outcome_miss_episode_count": 3,
    "h125/outcome_miss_final_state_mse": 13807642.248366013,
    "h125/outcome_miss_state_mse": 585085.8081045751,
    "h125/outcome_partial_episode_count": 3,
    "h125/outcome_partial_final_state_mse": 38640095.79084967,
    "h125/outcome_partial_state_mse": 1424273.026509804,
    "h125/outcome_success_episode_count": 3,
    "h125/outcome_success_final_state_mse": 38467925.54248366,
    "h125/outcome_success_state_mse": 1417451.8613333334,
    "h125/state_mse": 1209928.544711111,
    "h20/episode_count": 15,
    "h20/final_state_mse": 0.003958472395254896,
    "h20/outcome_drop_episode_count": 3,
    "h20/outcome_drop_final_state_mse": 0.0031211747258317237,
    "h20/outcome_drop_state_mse": 0.0017036056206896414,
    "h20/outcome_jam_episode_count": 3,
    "h20/outcome_jam_final_state_mse": 0.003973368141386244,
    "h20/outcome_jam_state_mse": 0.0020790768215079715,
    "h20/outcome_miss_episode_count": 3,
    "h20/outcome_miss_final_state_mse": 0.0061651501390669085,
    "h20/outcome_miss_state_mse": 0.005881515047908609,
    "h20/outcome_partial_episode_count": 3,
    "h20/outcome_partial_final_state_mse": 0.0031639566413717334,
    "h20/outcome_partial_state_mse": 0.0016229394214605194,
    "h20/outcome_success_episode_count": 3,
    "h20/outcome_success_final_state_mse": 0.00336871252340429,
    "h20/outcome_success_state_mse": 0.001638266074112038,
    "h20/state_mse": 0.0025850807140076083,
    "h30/episode_count": 15,
    "h30/final_state_mse": 0.02476988649056628,
    "h30/outcome_drop_episode_count": 3,
    "h30/outcome_drop_final_state_mse": 0.022860658714194702,
    "h30/outcome_drop_state_mse": 0.004841366416748313,
    "h30/outcome_jam_episode_count": 3,
    "h30/outcome_jam_final_state_mse": 0.024809018459195406,
    "h30/outcome_jam_state_mse": 0.0053483780173174955,
    "h30/outcome_miss_episode_count": 3,
    "h30/outcome_miss_final_state_mse": 0.02772931569541981,
    "h30/outcome_miss_state_mse": 0.009166674312682973,
    "h30/outcome_partial_episode_count": 3,
    "h30/outcome_partial_final_state_mse": 0.024292663811079036,
    "h30/outcome_partial_state_mse": 0.004860645909195113,
    "h30/outcome_success_episode_count": 3,
    "h30/outcome_success_final_state_mse": 0.024157782785253587,
    "h30/outcome_success_state_mse": 0.004836146867872583,
    "h30/state_mse": 0.005810642616421569,
    "h40/episode_count": 15,
    "h40/final_state_mse": 0.1782861248340482,
    "h40/outcome_drop_episode_count": 3,
    "h40/outcome_drop_final_state_mse": 0.19170122053108962,
    "h40/outcome_drop_state_mse": 0.025721086240282246,
    "h40/outcome_jam_episode_count": 3,
    "h40/outcome_jam_final_state_mse": 0.18756581911074569,
    "h40/outcome_jam_state_mse": 0.026132896523070492,
    "h40/outcome_miss_episode_count": 3,
    "h40/outcome_miss_final_state_mse": 0.12421835170072668,
    "h40/outcome_miss_state_mse": 0.023931372399423636,
    "h40/outcome_partial_episode_count": 3,
    "h40/outcome_partial_final_state_mse": 0.1953637381784277,
    "h40/outcome_partial_state_mse": 0.02624595430162218,
    "h40/outcome_success_episode_count": 3,
    "h40/outcome_success_final_state_mse": 0.1925813918020211,
    "h40/outcome_success_state_mse": 0.0258916942122715,
    "h40/state_mse": 0.02558459911471099,
    "h50/episode_count": 15,
    "h50/final_state_mse": 1.7065319584865195,
    "h50/outcome_drop_episode_count": 3,
    "h50/outcome_drop_final_state_mse": 1.814910340153314,
    "h50/outcome_drop_state_mse": 0.18528625687742545,
    "h50/outcome_jam_episode_count": 3,
    "h50/outcome_jam_final_state_mse": 1.7070211211061166,
    "h50/outcome_jam_state_mse": 0.17469259324416617,
    "h50/outcome_miss_episode_count": 3,
    "h50/outcome_miss_final_state_mse": 1.6121177673339844,
    "h50/outcome_miss_state_mse": 0.14375692928538603,
    "h50/outcome_partial_episode_count": 3,
    "h50/outcome_partial_final_state_mse": 1.6890371484694138,
    "h50/outcome_partial_state_mse": 0.1761736342486213,
    "h50/outcome_success_episode_count": 3,
    "h50/outcome_success_final_state_mse": 1.7095736085978988,
    "h50/outcome_success_state_mse": 0.1764696128695619,
    "h50/state_mse": 0.17127579912173202,
    "h75/episode_count": 15,
    "h75/final_state_mse": 350.5310866013072,
    "h75/outcome_drop_episode_count": 3,
    "h75/outcome_drop_final_state_mse": 370.27892029207516,
    "h75/outcome_drop_state_mse": 24.762543062363836,
    "h75/outcome_jam_episode_count": 3,
    "h75/outcome_jam_final_state_mse": 361.1603174147263,
    "h75/outcome_jam_state_mse": 24.245140420751635,
    "h75/outcome_miss_episode_count": 3,
    "h75/outcome_miss_final_state_mse": 258.34338618259807,
    "h75/outcome_miss_state_mse": 20.538082788671023,
    "h75/outcome_partial_episode_count": 3,
    "h75/outcome_partial_final_state_mse": 378.40320063572307,
    "h75/outcome_partial_state_mse": 24.78123383033769,
    "h75/outcome_success_episode_count": 3,
    "h75/outcome_success_final_state_mse": 384.4696403952206,
    "h75/outcome_success_state_mse": 25.18444001906318,
    "h75/state_mse": 23.902285403050108,
    "max_requested_horizon": 125,
    "reencode_period": null,
    "rollout_mode": "no_reencode"
  },
  "rollout_modes": {
    "no_reencode": {
      "episode_count": 15,
      "h10/episode_count": 15,
      "h10/final_state_mse": 0.0018088091432658675,
      "h10/outcome_drop_episode_count": 3,
      "h10/outcome_drop_final_state_mse": 0.0013381282318066928,
      "h10/outcome_drop_state_mse": 0.0013250655403324201,
      "h10/outcome_jam_episode_count": 3,
      "h10/outcome_jam_final_state_mse": 0.0024430671451138516,
      "h10/outcome_jam_state_mse": 0.0017699666662153856,
      "h10/outcome_miss_episode_count": 3,
      "h10/outcome_miss_final_state_mse": 0.00252828420766818,
      "h10/outcome_miss_state_mse": 0.008577589271894467,
      "h10/outcome_partial_episode_count": 3,
      "h10/outcome_partial_final_state_mse": 0.001379806183132471,
      "h10/outcome_partial_state_mse": 0.0012443784989562689,
      "h10/outcome_success_episode_count": 3,
      "h10/outcome_success_final_state_mse": 0.0013547597781700246,
      "h10/outcome_success_state_mse": 0.001246296930936427,
      "h10/state_mse": 0.0028326595530790443,
      "h100/episode_count": 15,
      "h100/final_state_mse": 97433.32810457516,
      "h100/outcome_drop_episode_count": 3,
      "h100/outcome_drop_final_state_mse": 104501.49918300654,
      "h100/outcome_drop_state_mse": 5167.993464052288,
      "h100/outcome_jam_episode_count": 3,
      "h100/outcome_jam_final_state_mse": 98812.89869281046,
      "h100/outcome_jam_state_mse": 4910.83339869281,
      "h100/outcome_miss_episode_count": 3,
      "h100/outcome_miss_final_state_mse": 63185.80718954248,
      "h100/outcome_miss_state_mse": 3038.9390522875815,
      "h100/outcome_partial_episode_count": 3,
      "h100/outcome_partial_final_state_mse": 110544.96895424837,
      "h100/outcome_partial_state_mse": 5420.070359477124,
      "h100/outcome_success_episode_count": 3,
      "h100/outcome_success_final_state_mse": 110121.47222222222,
      "h100/outcome_success_state_mse": 5414.06183006536,
      "h100/state_mse": 4790.379503267974,
      "h125/episode_count": 15,
      "h125/final_state_mse": 32527623.696732026,
      "h125/outcome_drop_episode_count": 3,
      "h125/outcome_drop_final_state_mse": 36926459.60784314,
      "h125/outcome_drop_state_mse": 1351073.6648366014,
      "h125/outcome_jam_episode_count": 3,
      "h125/outcome_jam_final_state_mse": 34796011.08496732,
      "h125/outcome_jam_state_mse": 1271758.7074509803,
      "h125/outcome_miss_episode_count": 3,
      "h125/outcome_miss_final_state_mse": 13807642.248366013,
      "h125/outcome_miss_state_mse": 585085.8081045751,
      "h125/outcome_partial_episode_count": 3,
      "h125/outcome_partial_final_state_mse": 38640095.79084967,
      "h125/outcome_partial_state_mse": 1424273.026509804,
      "h125/outcome_success_episode_count": 3,
      "h125/outcome_success_final_state_mse": 38467925.54248366,
      "h125/outcome_success_state_mse": 1417451.8613333334,
      "h125/state_mse": 1209928.544711111,
      "h20/episode_count": 15,
      "h20/final_state_mse": 0.003958472395254896,
      "h20/outcome_drop_episode_count": 3,
      "h20/outcome_drop_final_state_mse": 0.0031211747258317237,
      "h20/outcome_drop_state_mse": 0.0017036056206896414,
      "h20/outcome_jam_episode_count": 3,
      "h20/outcome_jam_final_state_mse": 0.003973368141386244,
      "h20/outcome_jam_state_mse": 0.0020790768215079715,
      "h20/outcome_miss_episode_count": 3,
      "h20/outcome_miss_final_state_mse": 0.0061651501390669085,
      "h20/outcome_miss_state_mse": 0.005881515047908609,
      "h20/outcome_partial_episode_count": 3,
      "h20/outcome_partial_final_state_mse": 0.0031639566413717334,
      "h20/outcome_partial_state_mse": 0.0016229394214605194,
      "h20/outcome_success_episode_count": 3,
      "h20/outcome_success_final_state_mse": 0.00336871252340429,
      "h20/outcome_success_state_mse": 0.001638266074112038,
      "h20/state_mse": 0.0025850807140076083,
      "h30/episode_count": 15,
      "h30/final_state_mse": 0.02476988649056628,
      "h30/outcome_drop_episode_count": 3,
      "h30/outcome_drop_final_state_mse": 0.022860658714194702,
      "h30/outcome_drop_state_mse": 0.004841366416748313,
      "h30/outcome_jam_episode_count": 3,
      "h30/outcome_jam_final_state_mse": 0.024809018459195406,
      "h30/outcome_jam_state_mse": 0.0053483780173174955,
      "h30/outcome_miss_episode_count": 3,
      "h30/outcome_miss_final_state_mse": 0.02772931569541981,
      "h30/outcome_miss_state_mse": 0.009166674312682973,
      "h30/outcome_partial_episode_count": 3,
      "h30/outcome_partial_final_state_mse": 0.024292663811079036,
      "h30/outcome_partial_state_mse": 0.004860645909195113,
      "h30/outcome_success_episode_count": 3,
      "h30/outcome_success_final_state_mse": 0.024157782785253587,
      "h30/outcome_success_state_mse": 0.004836146867872583,
      "h30/state_mse": 0.005810642616421569,
      "h40/episode_count": 15,
      "h40/final_state_mse": 0.1782861248340482,
      "h40/outcome_drop_episode_count": 3,
      "h40/outcome_drop_final_state_mse": 0.19170122053108962,
      "h40/outcome_drop_state_mse": 0.025721086240282246,
      "h40/outcome_jam_episode_count": 3,
      "h40/outcome_jam_final_state_mse": 0.18756581911074569,
      "h40/outcome_jam_state_mse": 0.026132896523070492,
      "h40/outcome_miss_episode_count": 3,
      "h40/outcome_miss_final_state_mse": 0.12421835170072668,
      "h40/outcome_miss_state_mse": 0.023931372399423636,
      "h40/outcome_partial_episode_count": 3,
      "h40/outcome_partial_final_state_mse": 0.1953637381784277,
      "h40/outcome_partial_state_mse": 0.02624595430162218,
      "h40/outcome_success_episode_count": 3,
      "h40/outcome_success_final_state_mse": 0.1925813918020211,
      "h40/outcome_success_state_mse": 0.0258916942122715,
      "h40/state_mse": 0.02558459911471099,
      "h50/episode_count": 15,
      "h50/final_state_mse": 1.7065319584865195,
      "h50/outcome_drop_episode_count": 3,
      "h50/outcome_drop_final_state_mse": 1.814910340153314,
      "h50/outcome_drop_state_mse": 0.18528625687742545,
      "h50/outcome_jam_episode_count": 3,
      "h50/outcome_jam_final_state_mse": 1.7070211211061166,
      "h50/outcome_jam_state_mse": 0.17469259324416617,
      "h50/outcome_miss_episode_count": 3,
      "h50/outcome_miss_final_state_mse": 1.6121177673339844,
      "h50/outcome_miss_state_mse": 0.14375692928538603,
      "h50/outcome_partial_episode_count": 3,
      "h50/outcome_partial_final_state_mse": 1.6890371484694138,
      "h50/outcome_partial_state_mse": 0.1761736342486213,
      "h50/outcome_success_episode_count": 3,
      "h50/outcome_success_final_state_mse": 1.7095736085978988,
      "h50/outcome_success_state_mse": 0.1764696128695619,
      "h50/state_mse": 0.17127579912173202,
      "h75/episode_count": 15,
      "h75/final_state_mse": 350.5310866013072,
      "h75/outcome_drop_episode_count": 3,
      "h75/outcome_drop_final_state_mse": 370.27892029207516,
      "h75/outcome_drop_state_mse": 24.762543062363836,
      "h75/outcome_jam_episode_count": 3,
      "h75/outcome_jam_final_state_mse": 361.1603174147263,
      "h75/outcome_jam_state_mse": 24.245140420751635,
      "h75/outcome_miss_episode_count": 3,
      "h75/outcome_miss_final_state_mse": 258.34338618259807,
      "h75/outcome_miss_state_mse": 20.538082788671023,
      "h75/outcome_partial_episode_count": 3,
      "h75/outcome_partial_final_state_mse": 378.40320063572307,
      "h75/outcome_partial_state_mse": 24.78123383033769,
      "h75/outcome_success_episode_count": 3,
      "h75/outcome_success_final_state_mse": 384.4696403952206,
      "h75/outcome_success_state_mse": 25.18444001906318,
      "h75/state_mse": 23.902285403050108,
      "max_requested_horizon": 125,
      "reencode_period": null,
      "rollout_mode": "no_reencode"
    },
    "periodic_1": {
      "episode_count": 15,
      "h10/episode_count": 15,
      "h10/final_state_mse": 0.003811570086510353,
      "h10/outcome_drop_episode_count": 3,
      "h10/outcome_drop_final_state_mse": 0.0027364996061021206,
      "h10/outcome_drop_state_mse": 0.0023368964592615765,
      "h10/outcome_jam_episode_count": 3,
      "h10/outcome_jam_final_state_mse": 0.003620432969791437,
      "h10/outcome_jam_state_mse": 0.002680766582489014,
      "h10/outcome_miss_episode_count": 3,
      "h10/outcome_miss_final_state_mse": 0.007179706801776014,
      "h10/outcome_miss_state_mse": 0.011452077416812673,
      "h10/outcome_partial_episode_count": 3,
      "h10/outcome_partial_final_state_mse": 0.0027275261730929606,
      "h10/outcome_partial_state_mse": 0.002206420391992806,
      "h10/outcome_success_episode_count": 3,
      "h10/outcome_success_final_state_mse": 0.0027936840417727925,
      "h10/outcome_success_state_mse": 0.0022371124597935894,
      "h10/state_mse": 0.004182654736088772,
      "h100/episode_count": 15,
      "h100/final_state_mse": 0.005687683703852635,
      "h100/outcome_drop_episode_count": 3,
      "h100/outcome_drop_final_state_mse": 0.008308160733553319,
      "h100/outcome_drop_state_mse": 0.00541809830011106,
      "h100/outcome_jam_episode_count": 3,
      "h100/outcome_jam_final_state_mse": 0.004946471234552221,
      "h100/outcome_jam_state_mse": 0.004866023718142042,
      "h100/outcome_miss_episode_count": 3,
      "h100/outcome_miss_final_state_mse": 0.006440613394469217,
      "h100/outcome_miss_state_mse": 0.006079239876441706,
      "h100/outcome_partial_episode_count": 3,
      "h100/outcome_partial_final_state_mse": 0.004986507635490567,
      "h100/outcome_partial_state_mse": 0.004107717065250173,
      "h100/outcome_success_episode_count": 3,
      "h100/outcome_success_final_state_mse": 0.0037566681995111354,
      "h100/outcome_success_state_mse": 0.004242283503214518,
      "h100/state_mse": 0.004942672829222835,
      "h125/episode_count": 15,
      "h125/final_state_mse": 0.0062983269784964765,
      "h125/outcome_drop_episode_count": 3,
      "h125/outcome_drop_final_state_mse": 0.0039469961539592615,
      "h125/outcome_drop_state_mse": 0.005625670888065513,
      "h125/outcome_jam_episode_count": 3,
      "h125/outcome_jam_final_state_mse": 0.00908725791507297,
      "h125/outcome_jam_state_mse": 0.005229265998391544,
      "h125/outcome_miss_episode_count": 3,
      "h125/outcome_miss_final_state_mse": 0.008308761649661593,
      "h125/outcome_miss_state_mse": 0.00669854656543607,
      "h125/outcome_partial_episode_count": 3,
      "h125/outcome_partial_final_state_mse": 0.005993179636063919,
      "h125/outcome_partial_state_mse": 0.004421720417496426,
      "h125/outcome_success_episode_count": 3,
      "h125/outcome_success_final_state_mse": 0.004155438515095929,
      "h125/outcome_success_state_mse": 0.004217943976907169,
      "h125/state_mse": 0.005238629110498366,
      "h20/episode_count": 15,
      "h20/final_state_mse": 0.0045298230414297065,
      "h20/outcome_drop_episode_count": 3,
      "h20/outcome_drop_final_state_mse": 0.0038710689914771934,
      "h20/outcome_drop_state_mse": 0.00297012913460825,
      "h20/outcome_jam_episode_count": 3,
      "h20/outcome_jam_final_state_mse": 0.004449967806245766,
      "h20/outcome_jam_state_mse": 0.0032847585241779003,
      "h20/outcome_miss_episode_count": 3,
      "h20/outcome_miss_final_state_mse": 0.0066945542112674585,
      "h20/outcome_miss_state_mse": 0.00958563393237544,
      "h20/outcome_partial_episode_count": 3,
      "h20/outcome_partial_final_state_mse": 0.0037615632796599197,
      "h20/outcome_partial_state_mse": 0.0028846761370016857,
      "h20/outcome_success_episode_count": 3,
      "h20/outcome_success_final_state_mse": 0.003871962379396351,
      "h20/outcome_success_state_mse": 0.002900677880430533,
      "h20/state_mse": 0.0043251750671785645,
      "h30/episode_count": 15,
      "h30/final_state_mse": 0.0041222731272379555,
      "h30/outcome_drop_episode_count": 3,
      "h30/outcome_drop_final_state_mse": 0.004134894488683713,
      "h30/outcome_drop_state_mse": 0.0032966642338206308,
      "h30/outcome_jam_episode_count": 3,
      "h30/outcome_jam_final_state_mse": 0.004006409859345629,
      "h30/outcome_jam_state_mse": 0.0036182633672144937,
      "h30/outcome_miss_episode_count": 3,
      "h30/outcome_miss_final_state_mse": 0.00503092643871806,
      "h30/outcome_miss_state_mse": 0.008195861803939919,
      "h30/outcome_partial_episode_count": 3,
      "h30/outcome_partial_final_state_mse": 0.003665850345605339,
      "h30/outcome_partial_state_mse": 0.0031637115935614427,
      "h30/outcome_success_episode_count": 3,
      "h30/outcome_success_final_state_mse": 0.0037732844064438265,
      "h30/outcome_success_state_mse": 0.003194656169492435,
      "h30/state_mse": 0.004293831220639297,
      "h40/episode_count": 15,
      "h40/final_state_mse": 0.005143532410166622,
      "h40/outcome_drop_episode_count": 3,
      "h40/outcome_drop_final_state_mse": 0.005191546444799386,
      "h40/outcome_drop_state_mse": 0.0035520965756933674,
      "h40/outcome_jam_episode_count": 3,
      "h40/outcome_jam_final_state_mse": 0.004519650846524955,
      "h40/outcome_jam_state_mse": 0.003745080442989574,
      "h40/outcome_miss_episode_count": 3,
      "h40/outcome_miss_final_state_mse": 0.005225843658634261,
      "h40/outcome_miss_state_mse": 0.007368529388328004,
      "h40/outcome_partial_episode_count": 3,
      "h40/outcome_partial_final_state_mse": 0.00532505607682895,
      "h40/outcome_partial_state_mse": 0.0033738318222020966,
      "h40/outcome_success_episode_count": 3,
      "h40/outcome_success_final_state_mse": 0.005455565803191241,
      "h40/outcome_success_state_mse": 0.003413184795504302,
      "h40/state_mse": 0.0042905440984987745,
      "h50/episode_count": 15,
      "h50/final_state_mse": 0.0067167444166794325,
      "h50/outcome_drop_episode_count": 3,
      "h50/outcome_drop_final_state_mse": 0.005422371275284711,
      "h50/outcome_drop_state_mse": 0.003978809032564849,
      "h50/outcome_jam_episode_count": 3,
      "h50/outcome_jam_final_state_mse": 0.006780424051814609,
      "h50/outcome_jam_state_mse": 0.004415441899517782,
      "h50/outcome_miss_episode_count": 3,
      "h50/outcome_miss_final_state_mse": 0.005395585853679508,
      "h50/outcome_miss_state_mse": 0.007037242066626455,
      "h50/outcome_partial_episode_count": 3,
      "h50/outcome_partial_final_state_mse": 0.007933368967249502,
      "h50/outcome_partial_state_mse": 0.004122945935118432,
      "h50/outcome_success_episode_count": 3,
      "h50/outcome_success_final_state_mse": 0.008051969646628385,
      "h50/outcome_success_state_mse": 0.00416579539479773,
      "h50/state_mse": 0.00474404727711397,
      "h75/episode_count": 15,
      "h75/final_state_mse": 0.005255107006995507,
      "h75/outcome_drop_episode_count": 3,
      "h75/outcome_drop_final_state_mse": 0.006671904835825652,
      "h75/outcome_drop_state_mse": 0.004574663581931254,
      "h75/outcome_jam_episode_count": 3,
      "h75/outcome_jam_final_state_mse": 0.005102285372665505,
      "h75/outcome_jam_state_mse": 0.004734033572128395,
      "h75/outcome_miss_episode_count": 3,
      "h75/outcome_miss_final_state_mse": 0.005828378734245799,
      "h75/outcome_miss_state_mse": 0.006169512713396991,
      "h75/outcome_partial_episode_count": 3,
      "h75/outcome_partial_final_state_mse": 0.0038416877486347374,
      "h75/outcome_partial_state_mse": 0.004292486685293692,
      "h75/outcome_success_episode_count": 3,
      "h75/outcome_success_final_state_mse": 0.004831276517483144,
      "h75/outcome_success_state_mse": 0.00438022854541122,
      "h75/state_mse": 0.004830185036254085,
      "max_requested_horizon": 125,
      "reencode_period": 1,
      "rollout_mode": "periodic_1"
    },
    "periodic_10": {
      "episode_count": 15,
      "h10/episode_count": 15,
      "h10/final_state_mse": 0.0018088085199493209,
      "h10/outcome_drop_episode_count": 3,
      "h10/outcome_drop_final_state_mse": 0.001338127355267799,
      "h10/outcome_drop_state_mse": 0.0013250653455459994,
      "h10/outcome_jam_episode_count": 3,
      "h10/outcome_jam_final_state_mse": 0.0024430670964172463,
      "h10/outcome_jam_state_mse": 0.0017699663545571122,
      "h10/outcome_miss_episode_count": 3,
      "h10/outcome_miss_final_state_mse": 0.0025282841102749693,
      "h10/outcome_miss_state_mse": 0.008577588960236195,
      "h10/outcome_partial_episode_count": 3,
      "h10/outcome_partial_final_state_mse": 0.0013798054039867874,
      "h10/outcome_partial_state_mse": 0.0012443781678193534,
      "h10/outcome_success_episode_count": 3,
      "h10/outcome_success_final_state_mse": 0.0013547590111984925,
      "h10/outcome_success_state_mse": 0.0012462968725005007,
      "h10/state_mse": 0.0028326593037524255,
      "h100/episode_count": 15,
      "h100/final_state_mse": 0.0028485958872277754,
      "h100/outcome_drop_episode_count": 3,
      "h100/outcome_drop_final_state_mse": 0.0023582192028270047,
      "h100/outcome_drop_state_mse": 0.0020796627468532987,
      "h100/outcome_jam_episode_count": 3,
      "h100/outcome_jam_final_state_mse": 0.003572041034893273,
      "h100/outcome_jam_state_mse": 0.002586692454768162,
      "h100/outcome_miss_episode_count": 3,
      "h100/outcome_miss_final_state_mse": 0.0035355747525208916,
      "h100/outcome_miss_state_mse": 0.0030143555784537123,
      "h100/outcome_partial_episode_count": 3,
      "h100/outcome_partial_final_state_mse": 0.0017468092439610974,
      "h100/outcome_partial_state_mse": 0.0016401382209428775,
      "h100/outcome_success_episode_count": 3,
      "h100/outcome_success_final_state_mse": 0.003030335250633215,
      "h100/outcome_success_state_mse": 0.0020307242324928833,
      "h100/state_mse": 0.002270314534505208,
      "h125/episode_count": 15,
      "h125/final_state_mse": 0.0039261390960294434,
      "h125/outcome_drop_episode_count": 3,
      "h125/outcome_drop_final_state_mse": 0.0034910705354478625,
      "h125/outcome_drop_state_mse": 0.00242947741739111,
      "h125/outcome_jam_episode_count": 3,
      "h125/outcome_jam_final_state_mse": 0.005737776606301077,
      "h125/outcome_jam_state_mse": 0.003006679609710095,
      "h125/outcome_miss_episode_count": 3,
      "h125/outcome_miss_final_state_mse": 0.0036038343910298315,
      "h125/outcome_miss_state_mse": 0.003143035140692019,
      "h125/outcome_partial_episode_count": 3,
      "h125/outcome_partial_final_state_mse": 0.0018745522483501558,
      "h125/outcome_partial_state_mse": 0.0016832175161324296,
      "h125/outcome_success_episode_count": 3,
      "h125/outcome_success_final_state_mse": 0.004923460335513346,
      "h125/outcome_success_state_mse": 0.002445668837603401,
      "h125/state_mse": 0.0025416159237132353,
      "h20/episode_count": 15,
      "h20/final_state_mse": 0.0013166555392196755,
      "h20/outcome_drop_episode_count": 3,
      "h20/outcome_drop_final_state_mse": 0.0010883537139378342,
      "h20/outcome_drop_state_mse": 0.0013071348659353318,
      "h20/outcome_jam_episode_count": 3,
      "h20/outcome_jam_final_state_mse": 0.0013424140565535601,
      "h20/outcome_jam_state_mse": 0.001689256016725029,
      "h20/outcome_miss_episode_count": 3,
      "h20/outcome_miss_final_state_mse": 0.0020787326339023566,
      "h20/outcome_miss_state_mse": 0.005443572842217738,
      "h20/outcome_partial_episode_count": 3,
      "h20/outcome_partial_final_state_mse": 0.0010075618336403292,
      "h20/outcome_partial_state_mse": 0.001221775073631137,
      "h20/outcome_success_episode_count": 3,
      "h20/outcome_success_final_state_mse": 0.00106621576241808,
      "h20/outcome_success_state_mse": 0.001235818375948987,
      "h20/state_mse": 0.002179511325811249,
      "h30/episode_count": 15,
      "h30/final_state_mse": 0.0013859337451411228,
      "h30/outcome_drop_episode_count": 3,
      "h30/outcome_drop_final_state_mse": 0.0013421741527279997,
      "h30/outcome_drop_state_mse": 0.0013421107481247979,
      "h30/outcome_jam_episode_count": 3,
      "h30/outcome_jam_final_state_mse": 0.0016240056336315628,
      "h30/outcome_jam_state_mse": 0.0017337624803347785,
      "h30/outcome_miss_episode_count": 3,
      "h30/outcome_miss_final_state_mse": 0.0014238437406377854,
      "h30/outcome_miss_state_mse": 0.004172239116593903,
      "h30/outcome_partial_episode_count": 3,
      "h30/outcome_partial_final_state_mse": 0.0012430513606351964,
      "h30/outcome_partial_state_mse": 0.0012668955170251186,
      "h30/outcome_success_episode_count": 3,
      "h30/outcome_success_final_state_mse": 0.0012965937893764645,
      "h30/outcome_success_state_mse": 0.0012811613238714879,
      "h30/state_mse": 0.0019592338345928648,
      "h40/episode_count": 15,
      "h40/final_state_mse": 0.0016698055018007365,
      "h40/outcome_drop_episode_count": 3,
      "h40/outcome_drop_final_state_mse": 0.0018067951831552717,
      "h40/outcome_drop_state_mse": 0.0015595492779039869,
      "h40/outcome_jam_episode_count": 3,
      "h40/outcome_jam_final_state_mse": 0.0017506065078420577,
      "h40/outcome_jam_state_mse": 0.0018298024056004542,
      "h40/outcome_miss_episode_count": 3,
      "h40/outcome_miss_final_state_mse": 0.0016337880268206004,
      "h40/outcome_miss_state_mse": 0.0035903584723379098,
      "h40/outcome_partial_episode_count": 3,
      "h40/outcome_partial_final_state_mse": 0.001542504535975799,
      "h40/outcome_partial_state_mse": 0.0013783327115127464,
      "h40/outcome_success_episode_count": 3,
      "h40/outcome_success_final_state_mse": 0.0016153335717378878,
      "h40/outcome_success_state_mse": 0.001395895434360878,
      "h40/state_mse": 0.001950787687613294,
      "h50/episode_count": 15,
      "h50/final_state_mse": 0.0017188002081478344,
      "h50/outcome_drop_episode_count": 3,
      "h50/outcome_drop_final_state_mse": 0.0017770140194425395,
      "h50/outcome_drop_state_mse": 0.0016944304322884752,
      "h50/outcome_jam_episode_count": 3,
      "h50/outcome_jam_final_state_mse": 0.002037605672490363,
      "h50/outcome_jam_state_mse": 0.0019441794102488,
      "h50/outcome_miss_episode_count": 3,
      "h50/outcome_miss_final_state_mse": 0.0017843071395665213,
      "h50/outcome_miss_state_mse": 0.003253067303327174,
      "h50/outcome_partial_episode_count": 3,
      "h50/outcome_partial_final_state_mse": 0.0014663383462070639,
      "h50/outcome_partial_state_mse": 0.0014480273708019382,
      "h50/outcome_success_episode_count": 3,
      "h50/outcome_success_final_state_mse": 0.0015287360578191047,
      "h50/outcome_success_state_mse": 0.0014697323905097114,
      "h50/state_mse": 0.001961887334686479,
      "h75/episode_count": 15,
      "h75/final_state_mse": 0.0037187601226607177,
      "h75/outcome_drop_episode_count": 3,
      "h75/outcome_drop_final_state_mse": 0.00283389940273528,
      "h75/outcome_drop_state_mse": 0.0018680451794127753,
      "h75/outcome_jam_episode_count": 3,
      "h75/outcome_jam_final_state_mse": 0.004082018935602475,
      "h75/outcome_jam_state_mse": 0.0022001239053564135,
      "h75/outcome_miss_episode_count": 3,
      "h75/outcome_miss_final_state_mse": 0.004412610424694672,
      "h75/outcome_miss_state_mse": 0.002949764359750519,
      "h75/outcome_partial_episode_count": 3,
      "h75/outcome_partial_final_state_mse": 0.0031675572561867095,
      "h75/outcome_partial_state_mse": 0.0015983066267956836,
      "h75/outcome_success_episode_count": 3,
      "h75/outcome_success_final_state_mse": 0.004097714265382368,
      "h75/outcome_success_state_mse": 0.0016622827982850585,
      "h75/state_mse": 0.00205570461962997,
      "max_requested_horizon": 125,
      "reencode_period": 10,
      "rollout_mode": "periodic_10"
    },
    "periodic_100": {
      "episode_count": 15,
      "h10/episode_count": 15,
      "h10/final_state_mse": 0.0018088085199493209,
      "h10/outcome_drop_episode_count": 3,
      "h10/outcome_drop_final_state_mse": 0.001338127355267799,
      "h10/outcome_drop_state_mse": 0.0013250653455459994,
      "h10/outcome_jam_episode_count": 3,
      "h10/outcome_jam_final_state_mse": 0.0024430670964172463,
      "h10/outcome_jam_state_mse": 0.0017699663545571122,
      "h10/outcome_miss_episode_count": 3,
      "h10/outcome_miss_final_state_mse": 0.0025282841102749693,
      "h10/outcome_miss_state_mse": 0.008577588960236195,
      "h10/outcome_partial_episode_count": 3,
      "h10/outcome_partial_final_state_mse": 0.0013798054039867874,
      "h10/outcome_partial_state_mse": 0.0012443781678193534,
      "h10/outcome_success_episode_count": 3,
      "h10/outcome_success_final_state_mse": 0.0013547590111984925,
      "h10/outcome_success_state_mse": 0.0012462968725005007,
      "h10/state_mse": 0.0028326593037524255,
      "h100/episode_count": 15,
      "h100/final_state_mse": 97433.3385620915,
      "h100/outcome_drop_episode_count": 3,
      "h100/outcome_drop_final_state_mse": 104501.50571895424,
      "h100/outcome_drop_state_mse": 5167.994117647058,
      "h100/outcome_jam_episode_count": 3,
      "h100/outcome_jam_final_state_mse": 98812.89950980392,
      "h100/outcome_jam_state_mse": 4910.833006535948,
      "h100/outcome_miss_episode_count": 3,
      "h100/outcome_miss_final_state_mse": 63185.80637254902,
      "h100/outcome_miss_state_mse": 3038.9389215686274,
      "h100/outcome_partial_episode_count": 3,
      "h100/outcome_partial_final_state_mse": 110544.9705882353,
      "h100/outcome_partial_state_mse": 5420.070490196078,
      "h100/outcome_success_episode_count": 3,
      "h100/outcome_success_final_state_mse": 110121.47467320261,
      "h100/outcome_success_state_mse": 5414.061241830065,
      "h100/state_mse": 4790.379503267974,
      "h125/episode_count": 15,
      "h125/final_state_mse": 57167.7385620915,
      "h125/outcome_drop_episode_count": 3,
      "h125/outcome_drop_final_state_mse": 65833.48570261437,
      "h125/outcome_drop_state_mse": 8557.822274509805,
      "h125/outcome_jam_episode_count": 3,
      "h125/outcome_jam_final_state_mse": 62205.92851307189,
      "h125/outcome_jam_state_mse": 8166.625986928105,
      "h125/outcome_miss_episode_count": 3,
      "h125/outcome_miss_final_state_mse": 25500.680964052288,
      "h125/outcome_miss_state_mse": 4778.8379607843135,
      "h125/outcome_partial_episode_count": 3,
      "h125/outcome_partial_final_state_mse": 65971.68300653595,
      "h125/outcome_partial_state_mse": 8867.373333333333,
      "h125/outcome_success_episode_count": 3,
      "h125/outcome_success_final_state_mse": 66326.90849673202,
      "h125/outcome_success_state_mse": 8848.464104575163,
      "h125/state_mse": 7843.824606535948,
      "h20/episode_count": 15,
      "h20/final_state_mse": 0.003958473018571443,
      "h20/outcome_drop_episode_count": 3,
      "h20/outcome_drop_final_state_mse": 0.0031211749693147496,
      "h20/outcome_drop_state_mse": 0.0017036055427750731,
      "h20/outcome_jam_episode_count": 3,
      "h20/outcome_jam_final_state_mse": 0.0039733698944640315,
      "h20/outcome_jam_state_mse": 0.002079076743593403,
      "h20/outcome_miss_episode_count": 3,
      "h20/outcome_miss_final_state_mse": 0.006165150723426171,
      "h20/outcome_miss_state_mse": 0.005881515203737745,
      "h20/outcome_partial_episode_count": 3,
      "h20/outcome_partial_final_state_mse": 0.0031639574692140216,
      "h20/outcome_partial_state_mse": 0.0016229392656313827,
      "h20/outcome_success_episode_count": 3,
      "h20/outcome_success_final_state_mse": 0.0033687120364382377,
      "h20/outcome_success_state_mse": 0.0016382659961974699,
      "h20/state_mse": 0.0025850804646809895,
      "h30/episode_count": 15,
      "h30/final_state_mse": 0.02476989147709865,
      "h30/outcome_drop_episode_count": 3,
      "h30/outcome_drop_final_state_mse": 0.022860658714194702,
      "h30/outcome_drop_state_mse": 0.004841366520634404,
      "h30/outcome_jam_episode_count": 3,
      "h30/outcome_jam_final_state_mse": 0.02480902001748677,
      "h30/outcome_jam_state_mse": 0.0053483780173174955,
      "h30/outcome_miss_episode_count": 3,
      "h30/outcome_miss_final_state_mse": 0.02772932270773096,
      "h30/outcome_miss_state_mse": 0.009166674935999519,
      "h30/outcome_partial_episode_count": 3,
      "h30/outcome_partial_final_state_mse": 0.024292663031933354,
      "h30/outcome_partial_state_mse": 0.004860645909195113,
      "h30/outcome_success_episode_count": 3,
      "h30/outcome_success_final_state_mse": 0.024157784343544954,
      "h30/outcome_success_state_mse": 0.0048361470756447655,
      "h30/state_mse": 0.005810642616421569,
      "h40/episode_count": 15,
      "h40/final_state_mse": 0.1782861248340482,
      "h40/outcome_drop_episode_count": 3,
      "h40/outcome_drop_final_state_mse": 0.19170120650646733,
      "h40/outcome_drop_state_mse": 0.025721086551940518,
      "h40/outcome_jam_episode_count": 3,
      "h40/outcome_jam_final_state_mse": 0.18756583157707662,
      "h40/outcome_jam_state_mse": 0.026132896523070492,
      "h40/outcome_miss_episode_count": 3,
      "h40/outcome_miss_final_state_mse": 0.12421834390926985,
      "h40/outcome_miss_state_mse": 0.023931373334398456,
      "h40/outcome_partial_episode_count": 3,
      "h40/outcome_partial_final_state_mse": 0.19536374908646728,
      "h40/outcome_partial_state_mse": 0.026245954924938725,
      "h40/outcome_success_episode_count": 3,
      "h40/outcome_success_final_state_mse": 0.19258139959347795,
      "h40/outcome_success_state_mse": 0.02589169608222114,
      "h40/state_mse": 0.025584603103936888,
      "h50/episode_count": 15,
      "h50/final_state_mse": 1.7065317989174837,
      "h50/outcome_drop_episode_count": 3,
      "h50/outcome_drop_final_state_mse": 1.814910340153314,
      "h50/outcome_drop_state_mse": 0.18528625687742545,
      "h50/outcome_jam_episode_count": 3,
      "h50/outcome_jam_final_state_mse": 1.707021139805613,
      "h50/outcome_jam_state_mse": 0.17469258626302084,
      "h50/outcome_miss_episode_count": 3,
      "h50/outcome_miss_final_state_mse": 1.6121177050023296,
      "h50/outcome_miss_state_mse": 0.14375693526922487,
      "h50/outcome_partial_episode_count": 3,
      "h50/outcome_partial_final_state_mse": 1.6890369178422915,
      "h50/outcome_partial_state_mse": 0.1761736342486213,
      "h50/outcome_success_episode_count": 3,
      "h50/outcome_success_final_state_mse": 1.7095736896290499,
      "h50/outcome_success_state_mse": 0.1764696128695619,
      "h50/state_mse": 0.1712758118872549,
      "h75/episode_count": 15,
      "h75/final_state_mse": 350.5310866013072,
      "h75/outcome_drop_episode_count": 3,
      "h75/outcome_drop_final_state_mse": 370.2789474188113,
      "h75/outcome_drop_state_mse": 24.762543232570806,
      "h75/outcome_jam_episode_count": 3,
      "h75/outcome_jam_final_state_mse": 361.16038922079247,
      "h75/outcome_jam_state_mse": 24.245140420751635,
      "h75/outcome_miss_episode_count": 3,
      "h75/outcome_miss_final_state_mse": 258.3434117136438,
      "h75/outcome_miss_state_mse": 20.538082107843138,
      "h75/outcome_partial_episode_count": 3,
      "h75/outcome_partial_final_state_mse": 378.4031767003676,
      "h75/outcome_partial_state_mse": 24.781231107026144,
      "h75/outcome_success_episode_count": 3,
      "h75/outcome_success_final_state_mse": 384.46955422794116,
      "h75/outcome_success_state_mse": 25.18443882761438,
      "h75/state_mse": 23.902287581699348,
      "max_requested_horizon": 125,
      "reencode_period": 100,
      "rollout_mode": "periodic_100"
    },
    "periodic_2": {
      "episode_count": 15,
      "h10/episode_count": 15,
      "h10/final_state_mse": 0.0024619049496120878,
      "h10/outcome_drop_episode_count": 3,
      "h10/outcome_drop_final_state_mse": 0.0018396527062054552,
      "h10/outcome_drop_state_mse": 0.001724872129415375,
      "h10/outcome_jam_episode_count": 3,
      "h10/outcome_jam_final_state_mse": 0.00249991030280107,
      "h10/outcome_jam_state_mse": 0.002132804798924066,
      "h10/outcome_miss_episode_count": 3,
      "h10/outcome_miss_final_state_mse": 0.004426900078268612,
      "h10/outcome_miss_state_mse": 0.009508103950350892,
      "h10/outcome_partial_episode_count": 3,
      "h10/outcome_partial_final_state_mse": 0.0017373739723481384,
      "h10/outcome_partial_state_mse": 0.001618762655195847,
      "h10/outcome_success_episode_count": 3,
      "h10/outcome_success_final_state_mse": 0.0018056877249596165,
      "h10/outcome_success_state_mse": 0.0016244956091338513,
      "h10/state_mse": 0.0033218079610587725,
      "h100/episode_count": 15,
      "h100/final_state_mse": 0.00351768537284502,
      "h100/outcome_drop_episode_count": 3,
      "h100/outcome_drop_final_state_mse": 0.004838405651789086,
      "h100/outcome_drop_state_mse": 0.00308481415891959,
      "h100/outcome_jam_episode_count": 3,
      "h100/outcome_jam_final_state_mse": 0.0030009103756324916,
      "h100/outcome_jam_state_mse": 0.0035319458581263724,
      "h100/outcome_miss_episode_count": 3,
      "h100/outcome_miss_final_state_mse": 0.004826469894717722,
      "h100/outcome_miss_state_mse": 0.0041853013381459355,
      "h100/outcome_partial_episode_count": 3,
      "h100/outcome_partial_final_state_mse": 0.002402037236036039,
      "h100/outcome_partial_state_mse": 0.0026840443081325954,
      "h100/outcome_success_episode_count": 3,
      "h100/outcome_success_final_state_mse": 0.0025206042417124206,
      "h100/outcome_success_state_mse": 0.003013115053862528,
      "h100/state_mse": 0.003299843981375102,
      "h125/episode_count": 15,
      "h125/final_state_mse": 0.005808751723345588,
      "h125/outcome_drop_episode_count": 3,
      "h125/outcome_drop_final_state_mse": 0.0065084743295230115,
      "h125/outcome_drop_state_mse": 0.003735970291436887,
      "h125/outcome_jam_episode_count": 3,
      "h125/outcome_jam_final_state_mse": 0.006032788480808533,
      "h125/outcome_jam_state_mse": 0.0038364010480494283,
      "h125/outcome_miss_episode_count": 3,
      "h125/outcome_miss_final_state_mse": 0.00937400656003578,
      "h125/outcome_miss_state_mse": 0.00491359825383604,
      "h125/outcome_partial_episode_count": 3,
      "h125/outcome_partial_final_state_mse": 0.002326534391423456,
      "h125/outcome_partial_state_mse": 0.002612108816508374,
      "h125/outcome_success_episode_count": 3,
      "h125/outcome_success_final_state_mse": 0.00480195100790535,
      "h125/outcome_success_state_mse": 0.003139726526596967,
      "h125/state_mse": 0.0036475605085784313,
      "h20/episode_count": 15,
      "h20/final_state_mse": 0.0022688465180739858,
      "h20/outcome_drop_episode_count": 3,
      "h20/outcome_drop_final_state_mse": 0.002003142865849476,
      "h20/outcome_drop_state_mse": 0.0018410948756473517,
      "h20/outcome_jam_episode_count": 3,
      "h20/outcome_jam_final_state_mse": 0.0018674257436608957,
      "h20/outcome_jam_state_mse": 0.0022003137597850723,
      "h20/outcome_miss_episode_count": 3,
      "h20/outcome_miss_final_state_mse": 0.0037959064630901113,
      "h20/outcome_miss_state_mse": 0.007092911901037677,
      "h20/outcome_partial_episode_count": 3,
      "h20/outcome_partial_final_state_mse": 0.001823474330450195,
      "h20/outcome_partial_state_mse": 0.0017517337806863722,
      "h20/outcome_success_episode_count": 3,
      "h20/outcome_success_final_state_mse": 0.0018542825055667777,
      "h20/outcome_success_state_mse": 0.0017649451307221954,
      "h20/state_mse": 0.0029301998662013633,
      "h30/episode_count": 15,
      "h30/final_state_mse": 0.002876991695827908,
      "h30/outcome_drop_episode_count": 3,
      "h30/outcome_drop_final_state_mse": 0.002890128325792699,
      "h30/outcome_drop_state_mse": 0.002077911050750799,
      "h30/outcome_jam_episode_count": 3,
      "h30/outcome_jam_final_state_mse": 0.002800179608896667,
      "h30/outcome_jam_state_mse": 0.0023787049166777035,
      "h30/outcome_miss_episode_count": 3,
      "h30/outcome_miss_final_state_mse": 0.0035803896052385466,
      "h30/outcome_miss_state_mse": 0.0059674458306339575,
      "h30/outcome_partial_episode_count": 3,
      "h30/outcome_partial_final_state_mse": 0.0025264366584665634,
      "h30/outcome_partial_state_mse": 0.001973638139778752,
      "h30/outcome_success_episode_count": 3,
      "h30/outcome_success_final_state_mse": 0.0025878261312160616,
      "h30/outcome_success_state_mse": 0.0019974617397083955,
      "h30/state_mse": 0.0028790323095383985,
      "h40/episode_count": 15,
      "h40/final_state_mse": 0.0036274124594295725,
      "h40/outcome_drop_episode_count": 3,
      "h40/outcome_drop_final_state_mse": 0.003776975316939011,
      "h40/outcome_drop_state_mse": 0.002446840869055854,
      "h40/outcome_jam_episode_count": 3,
      "h40/outcome_jam_final_state_mse": 0.003572152233591267,
      "h40/outcome_jam_state_mse": 0.0026796118885863062,
      "h40/outcome_miss_episode_count": 3,
      "h40/outcome_miss_final_state_mse": 0.0030637137056176177,
      "h40/outcome_miss_state_mse": 0.00533595131892784,
      "h40/outcome_partial_episode_count": 3,
      "h40/outcome_partial_final_state_mse": 0.003795154441415874,
      "h40/outcome_partial_state_mse": 0.002305524567373438,
      "h40/outcome_success_episode_count": 3,
      "h40/outcome_success_final_state_mse": 0.003929065625651989,
      "h40/outcome_success_state_mse": 0.002333079054464702,
      "h40/state_mse": 0.0030202017890082465,
      "h50/episode_count": 15,
      "h50/final_state_mse": 0.0029186800414440677,
      "h50/outcome_drop_episode_count": 3,
      "h50/outcome_drop_final_state_mse": 0.002507684034070158,
      "h50/outcome_drop_state_mse": 0.0026292944266126045,
      "h50/outcome_jam_episode_count": 3,
      "h50/outcome_jam_final_state_mse": 0.003019029603284948,
      "h50/outcome_jam_state_mse": 0.003020446814742743,
      "h50/outcome_miss_episode_count": 3,
      "h50/outcome_miss_final_state_mse": 0.0022307509933811387,
      "h50/outcome_miss_state_mse": 0.004830375372194776,
      "h50/outcome_partial_episode_count": 3,
      "h50/outcome_partial_final_state_mse": 0.003390714818356084,
      "h50/outcome_partial_state_mse": 0.002657081878263187,
      "h50/outcome_success_episode_count": 3,
      "h50/outcome_success_final_state_mse": 0.003445220587689892,
      "h50/outcome_success_state_mse": 0.0026881877425449347,
      "h50/state_mse": 0.0031650771596073326,
      "h75/episode_count": 15,
      "h75/final_state_mse": 0.005025822508568857,
      "h75/outcome_drop_episode_count": 3,
      "h75/outcome_drop_final_state_mse": 0.003793789621661691,
      "h75/outcome_drop_state_mse": 0.002685577168184168,
      "h75/outcome_jam_episode_count": 3,
      "h75/outcome_jam_final_state_mse": 0.005333131386174096,
      "h75/outcome_jam_state_mse": 0.0033437181194363595,
      "h75/outcome_miss_episode_count": 3,
      "h75/outcome_miss_final_state_mse": 0.00656857390224544,
      "h75/outcome_miss_state_mse": 0.00424341056341699,
      "h75/outcome_partial_episode_count": 3,
      "h75/outcome_partial_final_state_mse": 0.003935802508802975,
      "h75/outcome_partial_state_mse": 0.00281044488379119,
      "h75/outcome_success_episode_count": 3,
      "h75/outcome_success_final_state_mse": 0.00549781415002798,
      "h75/outcome_success_state_mse": 0.0029125057793910206,
      "h75/state_mse": 0.003199131252978622,
      "max_requested_horizon": 125,
      "reencode_period": 2,
      "rollout_mode": "periodic_2"
    },
    "periodic_20": {
      "episode_count": 15,
      "h10/episode_count": 15,
      "h10/final_state_mse": 0.0018088085199493209,
      "h10/outcome_drop_episode_count": 3,
      "h10/outcome_drop_final_state_mse": 0.001338127355267799,
      "h10/outcome_drop_state_mse": 0.0013250653455459994,
      "h10/outcome_jam_episode_count": 3,
      "h10/outcome_jam_final_state_mse": 0.0024430670964172463,
      "h10/outcome_jam_state_mse": 0.0017699663545571122,
      "h10/outcome_miss_episode_count": 3,
      "h10/outcome_miss_final_state_mse": 0.0025282841102749693,
      "h10/outcome_miss_state_mse": 0.008577588960236195,
      "h10/outcome_partial_episode_count": 3,
      "h10/outcome_partial_final_state_mse": 0.0013798054039867874,
      "h10/outcome_partial_state_mse": 0.0012443781678193534,
      "h10/outcome_success_episode_count": 3,
      "h10/outcome_success_final_state_mse": 0.0013547590111984925,
      "h10/outcome_success_state_mse": 0.0012462968725005007,
      "h10/state_mse": 0.0028326593037524255,
      "h100/episode_count": 15,
      "h100/final_state_mse": 0.008579765269958895,
      "h100/outcome_drop_episode_count": 3,
      "h100/outcome_drop_final_state_mse": 0.008173862703485427,
      "h100/outcome_drop_state_mse": 0.0034816264482884626,
      "h100/outcome_jam_episode_count": 3,
      "h100/outcome_jam_final_state_mse": 0.00767347430871203,
      "h100/outcome_jam_state_mse": 0.003679812686895233,
      "h100/outcome_miss_episode_count": 3,
      "h100/outcome_miss_final_state_mse": 0.011629941611508139,
      "h100/outcome_miss_state_mse": 0.005195541631162556,
      "h100/outcome_partial_episode_count": 3,
      "h100/outcome_partial_final_state_mse": 0.006721988028171016,
      "h100/outcome_partial_state_mse": 0.00300758785671658,
      "h100/outcome_success_episode_count": 3,
      "h100/outcome_success_final_state_mse": 0.00869955891877218,
      "h100/outcome_success_state_mse": 0.003337682212879455,
      "h100/state_mse": 0.003740450192121119,
      "h125/episode_count": 15,
      "h125/final_state_mse": 0.00718784082948772,
      "h125/outcome_drop_episode_count": 3,
      "h125/outcome_drop_final_state_mse": 0.005709405038871017,
      "h125/outcome_drop_state_mse": 0.004080081815033956,
      "h125/outcome_jam_episode_count": 3,
      "h125/outcome_jam_final_state_mse": 0.008817446582457599,
      "h125/outcome_jam_state_mse": 0.004217125986136642,
      "h125/outcome_miss_episode_count": 3,
      "h125/outcome_miss_final_state_mse": 0.009178169217764163,
      "h125/outcome_miss_state_mse": 0.006091315574895323,
      "h125/outcome_partial_episode_count": 3,
      "h125/outcome_partial_final_state_mse": 0.0046615468131171334,
      "h125/outcome_partial_state_mse": 0.0033475418090820313,
      "h125/outcome_success_episode_count": 3,
      "h125/outcome_success_final_state_mse": 0.007572633281252743,
      "h125/outcome_success_state_mse": 0.003953229717179841,
      "h125/state_mse": 0.004337859349468954,
      "h20/episode_count": 15,
      "h20/final_state_mse": 0.003958473018571443,
      "h20/outcome_drop_episode_count": 3,
      "h20/outcome_drop_final_state_mse": 0.0031211749693147496,
      "h20/outcome_drop_state_mse": 0.0017036055427750731,
      "h20/outcome_jam_episode_count": 3,
      "h20/outcome_jam_final_state_mse": 0.0039733698944640315,
      "h20/outcome_jam_state_mse": 0.002079076743593403,
      "h20/outcome_miss_episode_count": 3,
      "h20/outcome_miss_final_state_mse": 0.006165150723426171,
      "h20/outcome_miss_state_mse": 0.005881515203737745,
      "h20/outcome_partial_episode_count": 3,
      "h20/outcome_partial_final_state_mse": 0.0031639574692140216,
      "h20/outcome_partial_state_mse": 0.0016229392656313827,
      "h20/outcome_success_episode_count": 3,
      "h20/outcome_success_final_state_mse": 0.0033687120364382377,
      "h20/outcome_success_state_mse": 0.0016382659961974699,
      "h20/state_mse": 0.0025850804646809895,
      "h30/episode_count": 15,
      "h30/final_state_mse": 0.001943309011023029,
      "h30/outcome_drop_episode_count": 3,
      "h30/outcome_drop_final_state_mse": 0.0018810418988364974,
      "h30/outcome_drop_state_mse": 0.001885336260909868,
      "h30/outcome_jam_episode_count": 3,
      "h30/outcome_jam_final_state_mse": 0.002220619883802202,
      "h30/outcome_jam_state_mse": 0.002289100565941505,
      "h30/outcome_miss_episode_count": 3,
      "h30/outcome_miss_final_state_mse": 0.002008238381225299,
      "h30/outcome_miss_state_mse": 0.00477379859143093,
      "h30/outcome_partial_episode_count": 3,
      "h30/outcome_partial_final_state_mse": 0.0017718444121818915,
      "h30/outcome_partial_state_mse": 0.0017956805644731375,
      "h30/outcome_success_episode_count": 3,
      "h30/outcome_success_final_state_mse": 0.001834800284282834,
      "h30/outcome_success_state_mse": 0.0018058159512372319,
      "h30/state_mse": 0.0025099464699074076,
      "h40/episode_count": 15,
      "h40/final_state_mse": 0.005971467261220895,
      "h40/outcome_drop_episode_count": 3,
      "h40/outcome_drop_final_state_mse": 0.006014644807460261,
      "h40/outcome_drop_state_mse": 0.0024261657708610582,
      "h40/outcome_jam_episode_count": 3,
      "h40/outcome_jam_final_state_mse": 0.005428796013196309,
      "h40/outcome_jam_state_mse": 0.002666116072461496,
      "h40/outcome_miss_episode_count": 3,
      "h40/outcome_miss_final_state_mse": 0.00789299977371116,
      "h40/outcome_miss_state_mse": 0.004666482311448241,
      "h40/outcome_partial_episode_count": 3,
      "h40/outcome_partial_final_state_mse": 0.005237421471309039,
      "h40/outcome_partial_state_mse": 0.002171099302815456,
      "h40/outcome_success_episode_count": 3,
      "h40/outcome_success_final_state_mse": 0.005283474922180176,
      "h40/outcome_success_state_mse": 0.0021921882831972407,
      "h40/state_mse": 0.0028244103325737848,
      "h50/episode_count": 15,
      "h50/final_state_mse": 0.002185004676868713,
      "h50/outcome_drop_episode_count": 3,
      "h50/outcome_drop_final_state_mse": 0.002361063522840637,
      "h50/outcome_drop_state_mse": 0.0025150872523488563,
      "h50/outcome_jam_episode_count": 3,
      "h50/outcome_jam_final_state_mse": 0.0025180569709905612,
      "h50/outcome_jam_state_mse": 0.0026910309386409185,
      "h50/outcome_miss_episode_count": 3,
      "h50/outcome_miss_final_state_mse": 0.0023728948743904337,
      "h50/outcome_miss_state_mse": 0.004335658939835293,
      "h50/outcome_partial_episode_count": 3,
      "h50/outcome_partial_final_state_mse": 0.0018201738693355734,
      "h50/outcome_partial_state_mse": 0.00216510891135222,
      "h50/outcome_success_episode_count": 3,
      "h50/outcome_success_final_state_mse": 0.0018528344389659905,
      "h50/outcome_success_state_mse": 0.0021891321543774573,
      "h50/state_mse": 0.0027792035271139706,
      "h75/episode_count": 15,
      "h75/final_state_mse": 0.006632841646281722,
      "h75/outcome_drop_episode_count": 3,
      "h75/outcome_drop_final_state_mse": 0.004298632148823707,
      "h75/outcome_drop_state_mse": 0.0029286053809205433,
      "h75/outcome_jam_episode_count": 3,
      "h75/outcome_jam_final_state_mse": 0.007102037664332421,
      "h75/outcome_jam_state_mse": 0.003190959938730809,
      "h75/outcome_miss_episode_count": 3,
      "h75/outcome_miss_final_state_mse": 0.00730644989442202,
      "h75/outcome_miss_state_mse": 0.004422478021359911,
      "h75/outcome_partial_episode_count": 3,
      "h75/outcome_partial_final_state_mse": 0.006993440241595499,
      "h75/outcome_partial_state_mse": 0.0025577484080994053,
      "h75/outcome_success_episode_count": 3,
      "h75/outcome_success_final_state_mse": 0.007463649256167069,
      "h75/outcome_success_state_mse": 0.0026118092755087062,
      "h75/state_mse": 0.003142319889110158,
      "max_requested_horizon": 125,
      "reencode_period": 20,
      "rollout_mode": "periodic_20"
    },
    "periodic_5": {
      "episode_count": 15,
      "h10/episode_count": 15,
      "h10/final_state_mse": 0.0016675634321823619,
      "h10/outcome_drop_episode_count": 3,
      "h10/outcome_drop_final_state_mse": 0.0012019578294426786,
      "h10/outcome_drop_state_mse": 0.0013841332173814961,
      "h10/outcome_jam_episode_count": 3,
      "h10/outcome_jam_final_state_mse": 0.0020698429712283067,
      "h10/outcome_jam_state_mse": 0.0018031098094640993,
      "h10/outcome_miss_episode_count": 3,
      "h10/outcome_miss_final_state_mse": 0.002827093102573569,
      "h10/outcome_miss_state_mse": 0.008778603715834275,
      "h10/outcome_partial_episode_count": 3,
      "h10/outcome_partial_final_state_mse": 0.0011152678528447556,
      "h10/outcome_partial_state_mse": 0.0012870144025952208,
      "h10/outcome_success_episode_count": 3,
      "h10/outcome_success_final_state_mse": 0.0011236551369911705,
      "h10/outcome_success_state_mse": 0.0012855243059544782,
      "h10/state_mse": 0.0029076769461039626,
      "h100/episode_count": 15,
      "h100/final_state_mse": 0.002571471220527599,
      "h100/outcome_drop_episode_count": 3,
      "h100/outcome_drop_final_state_mse": 0.002052251493034799,
      "h100/outcome_drop_state_mse": 0.002239735329073239,
      "h100/outcome_jam_episode_count": 3,
      "h100/outcome_jam_final_state_mse": 0.0032413825879689137,
      "h100/outcome_jam_state_mse": 0.0028709121778899547,
      "h100/outcome_miss_episode_count": 3,
      "h100/outcome_miss_final_state_mse": 0.002820909218071333,
      "h100/outcome_miss_state_mse": 0.003158097859301598,
      "h100/outcome_partial_episode_count": 3,
      "h100/outcome_partial_final_state_mse": 0.0018404191420748344,
      "h100/outcome_partial_state_mse": 0.001950954767613629,
      "h100/outcome_success_episode_count": 3,
      "h100/outcome_success_final_state_mse": 0.0029023932962635762,
      "h100/outcome_success_state_mse": 0.0023528763515497345,
      "h100/state_mse": 0.0025145155962775735,
      "h125/episode_count": 15,
      "h125/final_state_mse": 0.0037717610402824052,
      "h125/outcome_drop_episode_count": 3,
      "h125/outcome_drop_final_state_mse": 0.0029692209137031455,
      "h125/outcome_drop_state_mse": 0.0024601299310821334,
      "h125/outcome_jam_episode_count": 3,
      "h125/outcome_jam_final_state_mse": 0.004971935785089443,
      "h125/outcome_jam_state_mse": 0.00317350011090048,
      "h125/outcome_miss_episode_count": 3,
      "h125/outcome_miss_final_state_mse": 0.004354199552847669,
      "h125/outcome_miss_state_mse": 0.0033130160562353196,
      "h125/outcome_partial_episode_count": 3,
      "h125/outcome_partial_final_state_mse": 0.0017694620525135713,
      "h125/outcome_partial_state_mse": 0.0019386985379886005,
      "h125/outcome_success_episode_count": 3,
      "h125/outcome_success_final_state_mse": 0.004793986775516685,
      "h125/outcome_success_state_mse": 0.0027050320494408702,
      "h125/state_mse": 0.002718075342116013,
      "h20/episode_count": 15,
      "h20/final_state_mse": 0.0014608866249034608,
      "h20/outcome_drop_episode_count": 3,
      "h20/outcome_drop_final_state_mse": 0.0013735754524960236,
      "h20/outcome_drop_state_mse": 0.0014126244323705536,
      "h20/outcome_jam_episode_count": 3,
      "h20/outcome_jam_final_state_mse": 0.0013939316317536472,
      "h20/outcome_jam_state_mse": 0.0018283556489383473,
      "h20/outcome_miss_episode_count": 3,
      "h20/outcome_miss_final_state_mse": 0.0021055196137989268,
      "h20/outcome_miss_state_mse": 0.00575619367213031,
      "h20/outcome_partial_episode_count": 3,
      "h20/outcome_partial_final_state_mse": 0.0011991037457597022,
      "h20/outcome_partial_state_mse": 0.001329500515476551,
      "h20/outcome_success_episode_count": 3,
      "h20/outcome_success_final_state_mse": 0.0012323028389729705,
      "h20/outcome_success_state_mse": 0.0013416166983398737,
      "h20/state_mse": 0.002333658255782782,
      "h30/episode_count": 15,
      "h30/final_state_mse": 0.001633851980072221,
      "h30/outcome_drop_episode_count": 3,
      "h30/outcome_drop_final_state_mse": 0.0016720788735969394,
      "h30/outcome_drop_state_mse": 0.001522110178579692,
      "h30/outcome_jam_episode_count": 3,
      "h30/outcome_jam_final_state_mse": 0.0017543670544826907,
      "h30/outcome_jam_state_mse": 0.0019226944784193516,
      "h30/outcome_miss_episode_count": 3,
      "h30/outcome_miss_final_state_mse": 0.0017221443647263096,
      "h30/outcome_miss_state_mse": 0.004528737847321953,
      "h30/outcome_partial_episode_count": 3,
      "h30/outcome_partial_final_state_mse": 0.0014776513223944147,
      "h30/outcome_partial_state_mse": 0.001434699746258638,
      "h30/outcome_success_episode_count": 3,
      "h30/outcome_success_final_state_mse": 0.0015430183338573556,
      "h30/outcome_success_state_mse": 0.0014513718536476683,
      "h30/state_mse": 0.0021719227377365877,
      "h40/episode_count": 15,
      "h40/final_state_mse": 0.002069452541326386,
      "h40/outcome_drop_episode_count": 3,
      "h40/outcome_drop_final_state_mse": 0.0023863031681067024,
      "h40/outcome_drop_state_mse": 0.0017866792632084266,
      "h40/outcome_jam_episode_count": 3,
      "h40/outcome_jam_final_state_mse": 0.0020389696644022575,
      "h40/outcome_jam_state_mse": 0.0020622427167456135,
      "h40/outcome_miss_episode_count": 3,
      "h40/outcome_miss_final_state_mse": 0.0017777299325840146,
      "h40/outcome_miss_state_mse": 0.003921698666865529,
      "h40/outcome_partial_episode_count": 3,
      "h40/outcome_partial_final_state_mse": 0.0020239143784529243,
      "h40/outcome_partial_state_mse": 0.0016067320030499128,
      "h40/outcome_success_episode_count": 3,
      "h40/outcome_success_final_state_mse": 0.0021203454413445165,
      "h40/outcome_success_state_mse": 0.0016273851877723644,
      "h40/state_mse": 0.0022009476805044934,
      "h50/episode_count": 15,
      "h50/final_state_mse": 0.001954905815373838,
      "h50/outcome_drop_episode_count": 3,
      "h50/outcome_drop_final_state_mse": 0.0019441369458351259,
      "h50/outcome_drop_state_mse": 0.0019392492568570804,
      "h50/outcome_jam_episode_count": 3,
      "h50/outcome_jam_final_state_mse": 0.0022715675382832296,
      "h50/outcome_jam_state_mse": 0.002245421721265207,
      "h50/outcome_miss_episode_count": 3,
      "h50/outcome_miss_final_state_mse": 0.0016786297844126334,
      "h50/outcome_miss_state_mse": 0.0035312581529804306,
      "h50/outcome_partial_episode_count": 3,
      "h50/outcome_partial_final_state_mse": 0.0018925297445331524,
      "h50/outcome_partial_state_mse": 0.0017544783797918582,
      "h50/outcome_success_episode_count": 3,
      "h50/outcome_success_final_state_mse": 0.001987665161198261,
      "h50/outcome_success_state_mse": 0.0017818315668043747,
      "h50/state_mse": 0.0022504477906071284,
      "h75/episode_count": 15,
      "h75/final_state_mse": 0.003943480074016097,
      "h75/outcome_drop_episode_count": 3,
      "h75/outcome_drop_final_state_mse": 0.0026862740857538834,
      "h75/outcome_drop_state_mse": 0.0020791234533771193,
      "h75/outcome_jam_episode_count": 3,
      "h75/outcome_jam_final_state_mse": 0.004423181215922038,
      "h75/outcome_jam_state_mse": 0.0025533799979681544,
      "h75/outcome_miss_episode_count": 3,
      "h75/outcome_miss_final_state_mse": 0.004687369320225092,
      "h75/outcome_miss_state_mse": 0.0031386095350344457,
      "h75/outcome_partial_episode_count": 3,
      "h75/outcome_partial_final_state_mse": 0.0034575635214257085,
      "h75/outcome_partial_state_mse": 0.0019542184634406064,
      "h75/outcome_success_episode_count": 3,
      "h75/outcome_success_final_state_mse": 0.004463012750242271,
      "h75/outcome_success_state_mse": 0.0020277175404667075,
      "h75/state_mse": 0.002350609606906999,
      "max_requested_horizon": 125,
      "reencode_period": 5,
      "rollout_mode": "periodic_5"
    },
    "periodic_50": {
      "episode_count": 15,
      "h10/episode_count": 15,
      "h10/final_state_mse": 0.0018088085199493209,
      "h10/outcome_drop_episode_count": 3,
      "h10/outcome_drop_final_state_mse": 0.001338127355267799,
      "h10/outcome_drop_state_mse": 0.0013250653455459994,
      "h10/outcome_jam_episode_count": 3,
      "h10/outcome_jam_final_state_mse": 0.0024430670964172463,
      "h10/outcome_jam_state_mse": 0.0017699663545571122,
      "h10/outcome_miss_episode_count": 3,
      "h10/outcome_miss_final_state_mse": 0.0025282841102749693,
      "h10/outcome_miss_state_mse": 0.008577588960236195,
      "h10/outcome_partial_episode_count": 3,
      "h10/outcome_partial_final_state_mse": 0.0013798054039867874,
      "h10/outcome_partial_state_mse": 0.0012443781678193534,
      "h10/outcome_success_episode_count": 3,
      "h10/outcome_success_final_state_mse": 0.0013547590111984925,
      "h10/outcome_success_state_mse": 0.0012462968725005007,
      "h10/state_mse": 0.0028326593037524255,
      "h100/episode_count": 15,
      "h100/final_state_mse": 133.554789624183,
      "h100/outcome_drop_episode_count": 3,
      "h100/outcome_drop_final_state_mse": 137.6349395552492,
      "h100/outcome_drop_state_mse": 7.812683695874183,
      "h100/outcome_jam_episode_count": 3,
      "h100/outcome_jam_final_state_mse": 149.65546472088184,
      "h100/outcome_jam_state_mse": 8.409435093698939,
      "h100/outcome_miss_episode_count": 3,
      "h100/outcome_miss_final_state_mse": 122.27203129787071,
      "h100/outcome_miss_state_mse": 6.5803575622957515,
      "h100/outcome_partial_episode_count": 3,
      "h100/outcome_partial_final_state_mse": 126.10815988179125,
      "h100/outcome_partial_state_mse": 7.4047765076082515,
      "h100/outcome_success_episode_count": 3,
      "h100/outcome_success_final_state_mse": 132.10338278377756,
      "h100/outcome_success_state_mse": 7.7206937902113975,
      "h100/state_mse": 7.585589869281046,
      "h125/episode_count": 15,
      "h125/final_state_mse": 57.528998161764704,
      "h125/outcome_drop_episode_count": 3,
      "h125/outcome_drop_final_state_mse": 62.652709312688295,
      "h125/outcome_drop_state_mse": 14.027927108864379,
      "h125/outcome_jam_episode_count": 3,
      "h125/outcome_jam_final_state_mse": 60.45438013513104,
      "h125/outcome_jam_state_mse": 14.672775645935458,
      "h125/outcome_miss_episode_count": 3,
      "h125/outcome_miss_final_state_mse": 44.77949613683364,
      "h125/outcome_miss_state_mse": 9.195242417279411,
      "h125/outcome_partial_episode_count": 3,
      "h125/outcome_partial_final_state_mse": 59.39494782491447,
      "h125/outcome_partial_state_mse": 13.175407858455882,
      "h125/outcome_success_episode_count": 3,
      "h125/outcome_success_final_state_mse": 60.36346575169782,
      "h125/outcome_success_state_mse": 13.660683568218955,
      "h125/state_mse": 12.946406535947713,
      "h20/episode_count": 15,
      "h20/final_state_mse": 0.003958473018571443,
      "h20/outcome_drop_episode_count": 3,
      "h20/outcome_drop_final_state_mse": 0.0031211749693147496,
      "h20/outcome_drop_state_mse": 0.0017036055427750731,
      "h20/outcome_jam_episode_count": 3,
      "h20/outcome_jam_final_state_mse": 0.0039733698944640315,
      "h20/outcome_jam_state_mse": 0.002079076743593403,
      "h20/outcome_miss_episode_count": 3,
      "h20/outcome_miss_final_state_mse": 0.006165150723426171,
      "h20/outcome_miss_state_mse": 0.005881515203737745,
      "h20/outcome_partial_episode_count": 3,
      "h20/outcome_partial_final_state_mse": 0.0031639574692140216,
      "h20/outcome_partial_state_mse": 0.0016229392656313827,
      "h20/outcome_success_episode_count": 3,
      "h20/outcome_success_final_state_mse": 0.0033687120364382377,
      "h20/outcome_success_state_mse": 0.0016382659961974699,
      "h20/state_mse": 0.0025850804646809895,
      "h30/episode_count": 15,
      "h30/final_state_mse": 0.02476989147709865,
      "h30/outcome_drop_episode_count": 3,
      "h30/outcome_drop_final_state_mse": 0.022860658714194702,
      "h30/outcome_drop_state_mse": 0.004841366520634404,
      "h30/outcome_jam_episode_count": 3,
      "h30/outcome_jam_final_state_mse": 0.02480902001748677,
      "h30/outcome_jam_state_mse": 0.0053483780173174955,
      "h30/outcome_miss_episode_count": 3,
      "h30/outcome_miss_final_state_mse": 0.02772932270773096,
      "h30/outcome_miss_state_mse": 0.009166674935999519,
      "h30/outcome_partial_episode_count": 3,
      "h30/outcome_partial_final_state_mse": 0.024292663031933354,
      "h30/outcome_partial_state_mse": 0.004860645909195113,
      "h30/outcome_success_episode_count": 3,
      "h30/outcome_success_final_state_mse": 0.024157784343544954,
      "h30/outcome_success_state_mse": 0.0048361470756447655,
      "h30/state_mse": 0.005810642616421569,
      "h40/episode_count": 15,
      "h40/final_state_mse": 0.1782861248340482,
      "h40/outcome_drop_episode_count": 3,
      "h40/outcome_drop_final_state_mse": 0.19170120650646733,
      "h40/outcome_drop_state_mse": 0.025721086551940518,
      "h40/outcome_jam_episode_count": 3,
      "h40/outcome_jam_final_state_mse": 0.18756583157707662,
      "h40/outcome_jam_state_mse": 0.026132896523070492,
      "h40/outcome_miss_episode_count": 3,
      "h40/outcome_miss_final_state_mse": 0.12421834390926985,
      "h40/outcome_miss_state_mse": 0.023931373334398456,
      "h40/outcome_partial_episode_count": 3,
      "h40/outcome_partial_final_state_mse": 0.19536374908646728,
      "h40/outcome_partial_state_mse": 0.026245954924938725,
      "h40/outcome_success_episode_count": 3,
      "h40/outcome_success_final_state_mse": 0.19258139959347795,
      "h40/outcome_success_state_mse": 0.02589169608222114,
      "h40/state_mse": 0.025584603103936888,
      "h50/episode_count": 15,
      "h50/final_state_mse": 1.7065317989174837,
      "h50/outcome_drop_episode_count": 3,
      "h50/outcome_drop_final_state_mse": 1.814910340153314,
      "h50/outcome_drop_state_mse": 0.18528625687742545,
      "h50/outcome_jam_episode_count": 3,
      "h50/outcome_jam_final_state_mse": 1.707021139805613,
      "h50/outcome_jam_state_mse": 0.17469258626302084,
      "h50/outcome_miss_episode_count": 3,
      "h50/outcome_miss_final_state_mse": 1.6121177050023296,
      "h50/outcome_miss_state_mse": 0.14375693526922487,
      "h50/outcome_partial_episode_count": 3,
      "h50/outcome_partial_final_state_mse": 1.6890369178422915,
      "h50/outcome_partial_state_mse": 0.1761736342486213,
      "h50/outcome_success_episode_count": 3,
      "h50/outcome_success_final_state_mse": 1.7095736896290499,
      "h50/outcome_success_state_mse": 0.1764696128695619,
      "h50/state_mse": 0.1712758118872549,
      "h75/episode_count": 15,
      "h75/final_state_mse": 1.1144563163807188,
      "h75/outcome_drop_episode_count": 3,
      "h75/outcome_drop_final_state_mse": 1.066750919117647,
      "h75/outcome_drop_state_mse": 0.24210869683159722,
      "h75/outcome_jam_episode_count": 3,
      "h75/outcome_jam_final_state_mse": 1.1170413946014603,
      "h75/outcome_jam_state_mse": 0.23033942727481618,
      "h75/outcome_miss_episode_count": 3,
      "h75/outcome_miss_final_state_mse": 1.1092500873640472,
      "h75/outcome_miss_state_mse": 0.2005485797292007,
      "h75/outcome_partial_episode_count": 3,
      "h75/outcome_partial_final_state_mse": 1.1233993605071424,
      "h75/outcome_partial_state_mse": 0.23043445994391681,
      "h75/outcome_success_episode_count": 3,
      "h75/outcome_success_final_state_mse": 1.155839689416823,
      "h75/outcome_success_state_mse": 0.23310726922062228,
      "h75/state_mse": 0.22730768314270153,
      "max_requested_horizon": 125,
      "reencode_period": 50,
      "rollout_mode": "periodic_50"
    }
  },
  "split": "test",
  "support_alignment": {
    "contact_phase": {
      "contact_phase_family_ari": 0.0,
      "contact_phase_family_nmi": 0.0,
      "contact_phase_family_purity": 0.9996668887408394,
      "contact_phase_sample_count": 3002.0,
      "h_contact_phase_given_family": 0.0030002889533867266,
      "h_family_given_contact_phase": 0.0,
      "unique_contact_phase_count": 2.0,
      "unique_family_count": 1.0
    },
    "contact_phase_alignment_available": true,
    "evaluated_state_count": 3017,
    "family_count": 1,
    "mean_family_similarity": 0.5859929323196411,
    "mean_support_size": 231.76698707325158,
    "outcome_alignment_available": true,
    "outcome_state": {
      "h_family_given_outcome": 0.0,
      "h_outcome_given_family": 1.6094379124341005,
      "outcome_family_ari": 0.0,
      "outcome_family_nmi": 0.0,
      "outcome_family_purity": 0.2,
      "outcome_sample_count": 15.0,
      "unique_family_count": 1.0,
      "unique_outcome_count": 5.0
    },
    "status": "ok",
    "unassigned_state_fraction": 0.0,
    "validation_state_count": 2346
  },
  "support_threshold": 0.2
}
{
  "best_periodic_rollout": {
    "episode_count": 15,
    "h10/episode_count": 15,
    "h10/final_state_mse": 0.0020543414782854467,
    "h10/outcome_drop_episode_count": 3,
    "h10/outcome_drop_final_state_mse": 0.0013985549604970645,
    "h10/outcome_drop_state_mse": 0.0013495325457816031,
    "h10/outcome_jam_episode_count": 3,
    "h10/outcome_jam_final_state_mse": 0.0024674083867104223,
    "h10/outcome_jam_state_mse": 0.0018054247681611503,
    "h10/outcome_miss_episode_count": 3,
    "h10/outcome_miss_final_state_mse": 0.003516680859272776,
    "h10/outcome_miss_state_mse": 0.008598550628213322,
    "h10/outcome_partial_episode_count": 3,
    "h10/outcome_partial_final_state_mse": 0.0014454567305792392,
    "h10/outcome_partial_state_mse": 0.0012766766587114023,
    "h10/outcome_success_episode_count": 3,
    "h10/outcome_success_final_state_mse": 0.0014436062230588564,
    "h10/outcome_success_state_mse": 0.001281684130625008,
    "h10/selected_mode": "periodic_10",
    "h10/selected_period": 10,
    "h10/state_mse": 0.002862373800838695,
    "h100/episode_count": 15,
    "h100/final_state_mse": 0.003612206028956993,
    "h100/outcome_drop_episode_count": 3,
    "h100/outcome_drop_final_state_mse": 0.0026965953799244625,
    "h100/outcome_drop_state_mse": 0.002070103159137801,
    "h100/outcome_jam_episode_count": 3,
    "h100/outcome_jam_final_state_mse": 0.003679232708379334,
    "h100/outcome_jam_state_mse": 0.00249715278351229,
    "h100/outcome_miss_episode_count": 3,
    "h100/outcome_miss_final_state_mse": 0.007295450670462029,
    "h100/outcome_miss_state_mse": 0.003269316542382334,
    "h100/outcome_partial_episode_count": 3,
    "h100/outcome_partial_final_state_mse": 0.001654996664500704,
    "h100/outcome_partial_state_mse": 0.0016461277319714915,
    "h100/outcome_success_episode_count": 3,
    "h100/outcome_success_final_state_mse": 0.002734755671102237,
    "h100/outcome_success_state_mse": 0.0019604156843197893,
    "h100/selected_mode": "periodic_10",
    "h100/selected_period": 10,
    "h100/state_mse": 0.002288623086767259,
    "h125/episode_count": 15,
    "h125/final_state_mse": 0.005259418487548828,
    "h125/outcome_drop_episode_count": 3,
    "h125/outcome_drop_final_state_mse": 0.0034276343443814445,
    "h125/outcome_drop_state_mse": 0.002443517597672207,
    "h125/outcome_jam_episode_count": 3,
    "h125/outcome_jam_final_state_mse": 0.005899808765236848,
    "h125/outcome_jam_state_mse": 0.003091722775128932,
    "h125/outcome_miss_episode_count": 3,
    "h125/outcome_miss_final_state_mse": 0.010557920032856511,
    "h125/outcome_miss_state_mse": 0.0036492626713771448,
    "h125/outcome_partial_episode_count": 3,
    "h125/outcome_partial_final_state_mse": 0.001633998603115674,
    "h125/outcome_partial_state_mse": 0.0018350616903866038,
    "h125/outcome_success_episode_count": 3,
    "h125/outcome_success_final_state_mse": 0.004777732335664088,
    "h125/outcome_success_state_mse": 0.002478590697244881,
    "h125/selected_mode": "periodic_5",
    "h125/selected_period": 5,
    "h125/state_mse": 0.002699631076388889,
    "h20/episode_count": 15,
    "h20/final_state_mse": 0.001299873520346249,
    "h20/outcome_drop_episode_count": 3,
    "h20/outcome_drop_final_state_mse": 0.0011764027519163742,
    "h20/outcome_drop_state_mse": 0.0013228251848345488,
    "h20/outcome_jam_episode_count": 3,
    "h20/outcome_jam_final_state_mse": 0.001341921466043572,
    "h20/outcome_jam_state_mse": 0.001755810952654072,
    "h20/outcome_miss_episode_count": 3,
    "h20/outcome_miss_final_state_mse": 0.0018630625034858977,
    "h20/outcome_miss_state_mse": 0.005479562672135098,
    "h20/outcome_partial_episode_count": 3,
    "h20/outcome_partial_final_state_mse": 0.0010254224336225222,
    "h20/outcome_partial_state_mse": 0.001245556158177993,
    "h20/outcome_success_episode_count": 3,
    "h20/outcome_success_final_state_mse": 0.0010925585197077857,
    "h20/outcome_success_state_mse": 0.0012652973139208126,
    "h20/selected_mode": "periodic_5",
    "h20/selected_period": 5,
    "h20/state_mse": 0.002213810440761591,
    "h30/episode_count": 15,
    "h30/final_state_mse": 0.0013096460329940895,
    "h30/outcome_drop_episode_count": 3,
    "h30/outcome_drop_final_state_mse": 0.0012602291124708513,
    "h30/outcome_drop_state_mse": 0.0013704195521236245,
    "h30/outcome_jam_episode_count": 3,
    "h30/outcome_jam_final_state_mse": 0.0016316679714162366,
    "h30/outcome_jam_state_mse": 0.0017569051848517524,
    "h30/outcome_miss_episode_count": 3,
    "h30/outcome_miss_final_state_mse": 0.001173260798251707,
    "h30/outcome_miss_state_mse": 0.004353230918934143,
    "h30/outcome_partial_episode_count": 3,
    "h30/outcome_partial_final_state_mse": 0.0012071375412489075,
    "h30/outcome_partial_state_mse": 0.0012895668254179113,
    "h30/outcome_success_episode_count": 3,
    "h30/outcome_success_final_state_mse": 0.0012759349607174692,
    "h30/outcome_success_state_mse": 0.00130518115164148,
    "h30/selected_mode": "periodic_10",
    "h30/selected_period": 10,
    "h30/state_mse": 0.00201506072399663,
    "h40/episode_count": 15,
    "h40/final_state_mse": 0.0014418947930429497,
    "h40/outcome_drop_episode_count": 3,
    "h40/outcome_drop_final_state_mse": 0.0015589248121174331,
    "h40/outcome_drop_state_mse": 0.0015764739193947486,
    "h40/outcome_jam_episode_count": 3,
    "h40/outcome_jam_final_state_mse": 0.001534953421237422,
    "h40/outcome_jam_state_mse": 0.001837296345654656,
    "h40/outcome_miss_episode_count": 3,
    "h40/outcome_miss_final_state_mse": 0.0013560286169153413,
    "h40/outcome_miss_state_mse": 0.0036724625849256327,
    "h40/outcome_partial_episode_count": 3,
    "h40/outcome_partial_final_state_mse": 0.0013495875778151494,
    "h40/outcome_partial_state_mse": 0.0013830998754189685,
    "h40/outcome_success_episode_count": 3,
    "h40/outcome_success_final_state_mse": 0.0014099792571239222,
    "h40/outcome_success_state_mse": 0.001400645729763056,
    "h40/selected_mode": "periodic_10",
    "h40/selected_period": 10,
    "h40/state_mse": 0.0019739957572587953,
    "h50/episode_count": 15,
    "h50/final_state_mse": 0.0016094131407394909,
    "h50/outcome_drop_episode_count": 3,
    "h50/outcome_drop_final_state_mse": 0.0016447460778008878,
    "h50/outcome_drop_state_mse": 0.0017076654995188993,
    "h50/outcome_jam_episode_count": 3,
    "h50/outcome_jam_final_state_mse": 0.0019323034272863975,
    "h50/outcome_jam_state_mse": 0.001958067245732725,
    "h50/outcome_miss_episode_count": 3,
    "h50/outcome_miss_final_state_mse": 0.0016020445847043803,
    "h50/outcome_miss_state_mse": 0.0032986591064852046,
    "h50/outcome_partial_episode_count": 3,
    "h50/outcome_partial_final_state_mse": 0.001398637854293281,
    "h50/outcome_partial_state_mse": 0.0014594471844193203,
    "h50/outcome_success_episode_count": 3,
    "h50/outcome_success_final_state_mse": 0.001469333747438356,
    "h50/outcome_success_state_mse": 0.0014823816960154016,
    "h50/selected_mode": "periodic_10",
    "h50/selected_period": 10,
    "h50/state_mse": 0.001981244056053411,
    "h75/episode_count": 15,
    "h75/final_state_mse": 0.0034989783966463375,
    "h75/outcome_drop_episode_count": 3,
    "h75/outcome_drop_final_state_mse": 0.0026052634724799324,
    "h75/outcome_drop_state_mse": 0.0018486545080712677,
    "h75/outcome_jam_episode_count": 3,
    "h75/outcome_jam_final_state_mse": 0.003653594481399636,
    "h75/outcome_jam_state_mse": 0.0022141079705265353,
    "h75/outcome_miss_episode_count": 3,
    "h75/outcome_miss_final_state_mse": 0.004624459113365684,
    "h75/outcome_miss_state_mse": 0.00300406927636506,
    "h75/outcome_partial_episode_count": 3,
    "h75/outcome_partial_final_state_mse": 0.0029599348606626974,
    "h75/outcome_partial_state_mse": 0.0016321157526086878,
    "h75/outcome_success_episode_count": 3,
    "h75/outcome_success_final_state_mse": 0.003651639410093719,
    "h75/outcome_success_state_mse": 0.0016900592172327644,
    "h75/selected_mode": "periodic_10",
    "h75/selected_period": 10,
    "h75/state_mse": 0.0020778013408054193,
    "max_requested_horizon": 125,
    "periodic_reencode_periods": [
      1,
      2,
      5,
      10,
      20,
      50,
      100
    ],
    "rollout_mode": "best_periodic"
  },
  "checkpoint": "runs/maniskill_insertion/perturbation_e20_5k_lista_refine_20260604_143125/lista_relu_a0p02_sp3em4_loops1/seed0/checkpoint.pt",
  "checkpoint_step": 2500,
  "dataset": "data/maniskill/perturbation_assessment_seed0_e20/all_setups.npz",
  "device": "cuda",
  "family_jaccard": 0.4,
  "horizons": [
    10,
    20,
    30,
    40,
    50,
    75,
    100,
    125
  ],
  "labels_used_for_training": false,
  "periodic_reencode_periods": [
    1,
    2,
    5,
    10,
    20,
    50,
    100
  ],
  "rollout": {
    "episode_count": 15,
    "h10/episode_count": 15,
    "h10/final_state_mse": 0.00205434132245631,
    "h10/outcome_drop_episode_count": 3,
    "h10/outcome_drop_final_state_mse": 0.00139855444918271,
    "h10/outcome_drop_state_mse": 0.0013495326236961714,
    "h10/outcome_jam_episode_count": 3,
    "h10/outcome_jam_final_state_mse": 0.002467407607564739,
    "h10/outcome_jam_state_mse": 0.0018054247681611503,
    "h10/outcome_miss_episode_count": 3,
    "h10/outcome_miss_final_state_mse": 0.0035166825149573534,
    "h10/outcome_miss_state_mse": 0.008598550472384186,
    "h10/outcome_partial_episode_count": 3,
    "h10/outcome_partial_final_state_mse": 0.001445456000130161,
    "h10/outcome_partial_state_mse": 0.0012766769314123915,
    "h10/outcome_success_episode_count": 3,
    "h10/outcome_success_final_state_mse": 0.001443605845660166,
    "h10/outcome_success_state_mse": 0.0012816842669755026,
    "h10/state_mse": 0.002862373800838695,
    "h100/episode_count": 15,
    "h100/final_state_mse": 255723.60784313726,
    "h100/outcome_drop_episode_count": 3,
    "h100/outcome_drop_final_state_mse": 246754.90522875817,
    "h100/outcome_drop_state_mse": 10878.743529411764,
    "h100/outcome_jam_episode_count": 3,
    "h100/outcome_jam_final_state_mse": 284840.9346405229,
    "h100/outcome_jam_state_mse": 12423.371764705882,
    "h100/outcome_miss_episode_count": 3,
    "h100/outcome_miss_final_state_mse": 147437.6797385621,
    "h100/outcome_miss_state_mse": 6578.709019607843,
    "h100/outcome_partial_episode_count": 3,
    "h100/outcome_partial_final_state_mse": 304371.51960784313,
    "h100/outcome_partial_state_mse": 13187.622614379085,
    "h100/outcome_success_episode_count": 3,
    "h100/outcome_success_final_state_mse": 295212.954248366,
    "h100/outcome_success_state_mse": 12866.671503267973,
    "h100/state_mse": 11187.023477124183,
    "h125/episode_count": 15,
    "h125/final_state_mse": 149852390.23267972,
    "h125/outcome_drop_episode_count": 3,
    "h125/outcome_drop_final_state_mse": 143216613.22875816,
    "h125/outcome_drop_state_mse": 5261068.488784314,
    "h125/outcome_jam_episode_count": 3,
    "h125/outcome_jam_final_state_mse": 162704384.0,
    "h125/outcome_jam_state_mse": 6001798.3916339865,
    "h125/outcome_miss_episode_count": 3,
    "h125/outcome_miss_final_state_mse": 97286512.10457516,
    "h125/outcome_miss_state_mse": 3470691.6291764705,
    "h125/outcome_partial_episode_count": 3,
    "h125/outcome_partial_final_state_mse": 175718713.72549018,
    "h125/outcome_partial_state_mse": 6459761.416366013,
    "h125/outcome_success_episode_count": 3,
    "h125/outcome_success_final_state_mse": 170335705.51633987,
    "h125/outcome_success_state_mse": 6253839.94227451,
    "h125/state_mse": 5489431.743414379,
    "h20/episode_count": 15,
    "h20/final_state_mse": 0.005131689084121605,
    "h20/outcome_drop_episode_count": 3,
    "h20/outcome_drop_final_state_mse": 0.004701314116615096,
    "h20/outcome_drop_state_mse": 0.001979697685615689,
    "h20/outcome_jam_episode_count": 3,
    "h20/outcome_jam_final_state_mse": 0.00565654604263555,
    "h20/outcome_jam_state_mse": 0.002305165692871692,
    "h20/outcome_miss_episode_count": 3,
    "h20/outcome_miss_final_state_mse": 0.0055947159630021235,
    "h20/outcome_miss_state_mse": 0.006398226155175103,
    "h20/outcome_partial_episode_count": 3,
    "h20/outcome_partial_final_state_mse": 0.0047241752248963495,
    "h20/outcome_partial_state_mse": 0.0018865012265498343,
    "h20/outcome_success_episode_count": 3,
    "h20/outcome_success_final_state_mse": 0.0049816957291434795,
    "h20/outcome_success_state_mse": 0.0019026740703707427,
    "h20/state_mse": 0.0028944529115764142,
    "h30/episode_count": 15,
    "h30/final_state_mse": 0.03079080768660003,
    "h30/outcome_drop_episode_count": 3,
    "h30/outcome_drop_final_state_mse": 0.028408740860184814,
    "h30/outcome_drop_state_mse": 0.006153190525528652,
    "h30/outcome_jam_episode_count": 3,
    "h30/outcome_jam_final_state_mse": 0.033111544995526085,
    "h30/outcome_jam_state_mse": 0.006744061679881642,
    "h30/outcome_miss_episode_count": 3,
    "h30/outcome_miss_final_state_mse": 0.029808804879780687,
    "h30/outcome_miss_state_mse": 0.009401824427585977,
    "h30/outcome_partial_episode_count": 3,
    "h30/outcome_partial_final_state_mse": 0.03147978252834744,
    "h30/outcome_partial_state_mse": 0.006249904528682269,
    "h30/outcome_success_episode_count": 3,
    "h30/outcome_success_final_state_mse": 0.03114516283172408,
    "h30/outcome_success_state_mse": 0.006206114255784644,
    "h30/state_mse": 0.0069510186887254905,
    "h40/episode_count": 15,
    "h40/final_state_mse": 0.16711918450648489,
    "h40/outcome_drop_episode_count": 3,
    "h40/outcome_drop_final_state_mse": 0.16262779672161426,
    "h40/outcome_drop_state_mse": 0.026073422151453356,
    "h40/outcome_jam_episode_count": 3,
    "h40/outcome_jam_final_state_mse": 0.17570655174504698,
    "h40/outcome_jam_state_mse": 0.02815922631157769,
    "h40/outcome_miss_episode_count": 3,
    "h40/outcome_miss_final_state_mse": 0.13411944208581464,
    "h40/outcome_miss_state_mse": 0.024848034802605123,
    "h40/outcome_partial_episode_count": 3,
    "h40/outcome_partial_final_state_mse": 0.18550346100252438,
    "h40/outcome_partial_state_mse": 0.028381277221480226,
    "h40/outcome_success_episode_count": 3,
    "h40/outcome_success_final_state_mse": 0.1776386647442587,
    "h40/outcome_success_state_mse": 0.02764040691400665,
    "h40/state_mse": 0.02702047310623468,
    "h50/episode_count": 15,
    "h50/final_state_mse": 1.1615954031352125,
    "h50/outcome_drop_episode_count": 3,
    "h50/outcome_drop_final_state_mse": 1.0683398527257584,
    "h50/outcome_drop_state_mse": 0.12404943727979473,
    "h50/outcome_jam_episode_count": 3,
    "h50/outcome_jam_final_state_mse": 0.9992118536257276,
    "h50/outcome_jam_state_mse": 0.12221930410347732,
    "h50/outcome_miss_episode_count": 3,
    "h50/outcome_miss_final_state_mse": 1.5762815288468903,
    "h50/outcome_miss_state_mse": 0.15260968775531045,
    "h50/outcome_partial_episode_count": 3,
    "h50/outcome_partial_final_state_mse": 1.1038724113913143,
    "h50/outcome_partial_state_mse": 0.13187621073006026,
    "h50/outcome_success_episode_count": 3,
    "h50/outcome_success_final_state_mse": 1.0602712693557241,
    "h50/outcome_success_state_mse": 0.1259157327888838,
    "h50/state_mse": 0.13133407373366013,
    "h75/episode_count": 15,
    "h75/final_state_mse": 578.1325980392157,
    "h75/outcome_drop_episode_count": 3,
    "h75/outcome_drop_final_state_mse": 600.741779003268,
    "h75/outcome_drop_state_mse": 38.93892633442266,
    "h75/outcome_jam_episode_count": 3,
    "h75/outcome_jam_final_state_mse": 627.2650760825163,
    "h75/outcome_jam_state_mse": 40.21594635076253,
    "h75/outcome_miss_episode_count": 3,
    "h75/outcome_miss_final_state_mse": 404.7073823018791,
    "h75/outcome_miss_state_mse": 28.302617783224402,
    "h75/outcome_partial_episode_count": 3,
    "h75/outcome_partial_final_state_mse": 619.3991779003268,
    "h75/outcome_partial_state_mse": 39.77634872004357,
    "h75/outcome_success_episode_count": 3,
    "h75/outcome_success_final_state_mse": 638.5494791666666,
    "h75/outcome_success_state_mse": 40.88361111111111,
    "h75/state_mse": 37.62349455337691,
    "max_requested_horizon": 125,
    "reencode_period": null,
    "rollout_mode": "no_reencode"
  },
  "rollout_modes": {
    "no_reencode": {
      "episode_count": 15,
      "h10/episode_count": 15,
      "h10/final_state_mse": 0.00205434132245631,
      "h10/outcome_drop_episode_count": 3,
      "h10/outcome_drop_final_state_mse": 0.00139855444918271,
      "h10/outcome_drop_state_mse": 0.0013495326236961714,
      "h10/outcome_jam_episode_count": 3,
      "h10/outcome_jam_final_state_mse": 0.002467407607564739,
      "h10/outcome_jam_state_mse": 0.0018054247681611503,
      "h10/outcome_miss_episode_count": 3,
      "h10/outcome_miss_final_state_mse": 0.0035166825149573534,
      "h10/outcome_miss_state_mse": 0.008598550472384186,
      "h10/outcome_partial_episode_count": 3,
      "h10/outcome_partial_final_state_mse": 0.001445456000130161,
      "h10/outcome_partial_state_mse": 0.0012766769314123915,
      "h10/outcome_success_episode_count": 3,
      "h10/outcome_success_final_state_mse": 0.001443605845660166,
      "h10/outcome_success_state_mse": 0.0012816842669755026,
      "h10/state_mse": 0.002862373800838695,
      "h100/episode_count": 15,
      "h100/final_state_mse": 255723.60784313726,
      "h100/outcome_drop_episode_count": 3,
      "h100/outcome_drop_final_state_mse": 246754.90522875817,
      "h100/outcome_drop_state_mse": 10878.743529411764,
      "h100/outcome_jam_episode_count": 3,
      "h100/outcome_jam_final_state_mse": 284840.9346405229,
      "h100/outcome_jam_state_mse": 12423.371764705882,
      "h100/outcome_miss_episode_count": 3,
      "h100/outcome_miss_final_state_mse": 147437.6797385621,
      "h100/outcome_miss_state_mse": 6578.709019607843,
      "h100/outcome_partial_episode_count": 3,
      "h100/outcome_partial_final_state_mse": 304371.51960784313,
      "h100/outcome_partial_state_mse": 13187.622614379085,
      "h100/outcome_success_episode_count": 3,
      "h100/outcome_success_final_state_mse": 295212.954248366,
      "h100/outcome_success_state_mse": 12866.671503267973,
      "h100/state_mse": 11187.023477124183,
      "h125/episode_count": 15,
      "h125/final_state_mse": 149852390.23267972,
      "h125/outcome_drop_episode_count": 3,
      "h125/outcome_drop_final_state_mse": 143216613.22875816,
      "h125/outcome_drop_state_mse": 5261068.488784314,
      "h125/outcome_jam_episode_count": 3,
      "h125/outcome_jam_final_state_mse": 162704384.0,
      "h125/outcome_jam_state_mse": 6001798.3916339865,
      "h125/outcome_miss_episode_count": 3,
      "h125/outcome_miss_final_state_mse": 97286512.10457516,
      "h125/outcome_miss_state_mse": 3470691.6291764705,
      "h125/outcome_partial_episode_count": 3,
      "h125/outcome_partial_final_state_mse": 175718713.72549018,
      "h125/outcome_partial_state_mse": 6459761.416366013,
      "h125/outcome_success_episode_count": 3,
      "h125/outcome_success_final_state_mse": 170335705.51633987,
      "h125/outcome_success_state_mse": 6253839.94227451,
      "h125/state_mse": 5489431.743414379,
      "h20/episode_count": 15,
      "h20/final_state_mse": 0.005131689084121605,
      "h20/outcome_drop_episode_count": 3,
      "h20/outcome_drop_final_state_mse": 0.004701314116615096,
      "h20/outcome_drop_state_mse": 0.001979697685615689,
      "h20/outcome_jam_episode_count": 3,
      "h20/outcome_jam_final_state_mse": 0.00565654604263555,
      "h20/outcome_jam_state_mse": 0.002305165692871692,
      "h20/outcome_miss_episode_count": 3,
      "h20/outcome_miss_final_state_mse": 0.0055947159630021235,
      "h20/outcome_miss_state_mse": 0.006398226155175103,
      "h20/outcome_partial_episode_count": 3,
      "h20/outcome_partial_final_state_mse": 0.0047241752248963495,
      "h20/outcome_partial_state_mse": 0.0018865012265498343,
      "h20/outcome_success_episode_count": 3,
      "h20/outcome_success_final_state_mse": 0.0049816957291434795,
      "h20/outcome_success_state_mse": 0.0019026740703707427,
      "h20/state_mse": 0.0028944529115764142,
      "h30/episode_count": 15,
      "h30/final_state_mse": 0.03079080768660003,
      "h30/outcome_drop_episode_count": 3,
      "h30/outcome_drop_final_state_mse": 0.028408740860184814,
      "h30/outcome_drop_state_mse": 0.006153190525528652,
      "h30/outcome_jam_episode_count": 3,
      "h30/outcome_jam_final_state_mse": 0.033111544995526085,
      "h30/outcome_jam_state_mse": 0.006744061679881642,
      "h30/outcome_miss_episode_count": 3,
      "h30/outcome_miss_final_state_mse": 0.029808804879780687,
      "h30/outcome_miss_state_mse": 0.009401824427585977,
      "h30/outcome_partial_episode_count": 3,
      "h30/outcome_partial_final_state_mse": 0.03147978252834744,
      "h30/outcome_partial_state_mse": 0.006249904528682269,
      "h30/outcome_success_episode_count": 3,
      "h30/outcome_success_final_state_mse": 0.03114516283172408,
      "h30/outcome_success_state_mse": 0.006206114255784644,
      "h30/state_mse": 0.0069510186887254905,
      "h40/episode_count": 15,
      "h40/final_state_mse": 0.16711918450648489,
      "h40/outcome_drop_episode_count": 3,
      "h40/outcome_drop_final_state_mse": 0.16262779672161426,
      "h40/outcome_drop_state_mse": 0.026073422151453356,
      "h40/outcome_jam_episode_count": 3,
      "h40/outcome_jam_final_state_mse": 0.17570655174504698,
      "h40/outcome_jam_state_mse": 0.02815922631157769,
      "h40/outcome_miss_episode_count": 3,
      "h40/outcome_miss_final_state_mse": 0.13411944208581464,
      "h40/outcome_miss_state_mse": 0.024848034802605123,
      "h40/outcome_partial_episode_count": 3,
      "h40/outcome_partial_final_state_mse": 0.18550346100252438,
      "h40/outcome_partial_state_mse": 0.028381277221480226,
      "h40/outcome_success_episode_count": 3,
      "h40/outcome_success_final_state_mse": 0.1776386647442587,
      "h40/outcome_success_state_mse": 0.02764040691400665,
      "h40/state_mse": 0.02702047310623468,
      "h50/episode_count": 15,
      "h50/final_state_mse": 1.1615954031352125,
      "h50/outcome_drop_episode_count": 3,
      "h50/outcome_drop_final_state_mse": 1.0683398527257584,
      "h50/outcome_drop_state_mse": 0.12404943727979473,
      "h50/outcome_jam_episode_count": 3,
      "h50/outcome_jam_final_state_mse": 0.9992118536257276,
      "h50/outcome_jam_state_mse": 0.12221930410347732,
      "h50/outcome_miss_episode_count": 3,
      "h50/outcome_miss_final_state_mse": 1.5762815288468903,
      "h50/outcome_miss_state_mse": 0.15260968775531045,
      "h50/outcome_partial_episode_count": 3,
      "h50/outcome_partial_final_state_mse": 1.1038724113913143,
      "h50/outcome_partial_state_mse": 0.13187621073006026,
      "h50/outcome_success_episode_count": 3,
      "h50/outcome_success_final_state_mse": 1.0602712693557241,
      "h50/outcome_success_state_mse": 0.1259157327888838,
      "h50/state_mse": 0.13133407373366013,
      "h75/episode_count": 15,
      "h75/final_state_mse": 578.1325980392157,
      "h75/outcome_drop_episode_count": 3,
      "h75/outcome_drop_final_state_mse": 600.741779003268,
      "h75/outcome_drop_state_mse": 38.93892633442266,
      "h75/outcome_jam_episode_count": 3,
      "h75/outcome_jam_final_state_mse": 627.2650760825163,
      "h75/outcome_jam_state_mse": 40.21594635076253,
      "h75/outcome_miss_episode_count": 3,
      "h75/outcome_miss_final_state_mse": 404.7073823018791,
      "h75/outcome_miss_state_mse": 28.302617783224402,
      "h75/outcome_partial_episode_count": 3,
      "h75/outcome_partial_final_state_mse": 619.3991779003268,
      "h75/outcome_partial_state_mse": 39.77634872004357,
      "h75/outcome_success_episode_count": 3,
      "h75/outcome_success_final_state_mse": 638.5494791666666,
      "h75/outcome_success_state_mse": 40.88361111111111,
      "h75/state_mse": 37.62349455337691,
      "max_requested_horizon": 125,
      "reencode_period": null,
      "rollout_mode": "no_reencode"
    },
    "periodic_1": {
      "episode_count": 15,
      "h10/episode_count": 15,
      "h10/final_state_mse": 0.003251949946085612,
      "h10/outcome_drop_episode_count": 3,
      "h10/outcome_drop_final_state_mse": 0.0027536831650079464,
      "h10/outcome_drop_state_mse": 0.0021484275464138955,
      "h10/outcome_jam_episode_count": 3,
      "h10/outcome_jam_final_state_mse": 0.003732830480812422,
      "h10/outcome_jam_state_mse": 0.00253074874285779,
      "h10/outcome_miss_episode_count": 3,
      "h10/outcome_miss_final_state_mse": 0.004421177594100728,
      "h10/outcome_miss_state_mse": 0.010181565066568213,
      "h10/outcome_partial_episode_count": 3,
      "h10/outcome_partial_final_state_mse": 0.0026587528340956744,
      "h10/outcome_partial_state_mse": 0.001998993695950976,
      "h10/outcome_success_episode_count": 3,
      "h10/outcome_success_final_state_mse": 0.002693306727736604,
      "h10/outcome_success_state_mse": 0.002033655549965653,
      "h10/state_mse": 0.0037786780463324654,
      "h100/episode_count": 15,
      "h100/final_state_mse": 0.006352061851351869,
      "h100/outcome_drop_episode_count": 3,
      "h100/outcome_drop_final_state_mse": 0.008447563726138444,
      "h100/outcome_drop_state_mse": 0.0054864601683772465,
      "h100/outcome_jam_episode_count": 3,
      "h100/outcome_jam_final_state_mse": 0.005648616871802636,
      "h100/outcome_jam_state_mse": 0.005621345869076797,
      "h100/outcome_miss_episode_count": 3,
      "h100/outcome_miss_final_state_mse": 0.0052375099043440974,
      "h100/outcome_miss_state_mse": 0.004438936570111443,
      "h100/outcome_partial_episode_count": 3,
      "h100/outcome_partial_final_state_mse": 0.006410075655949661,
      "h100/outcome_partial_state_mse": 0.005017489140329797,
      "h100/outcome_success_episode_count": 3,
      "h100/outcome_success_final_state_mse": 0.006016545241175134,
      "h100/outcome_success_state_mse": 0.0051832245845420686,
      "h100/state_mse": 0.005149490655637255,
      "h125/episode_count": 15,
      "h125/final_state_mse": 0.0079814324971118,
      "h125/outcome_drop_episode_count": 3,
      "h125/outcome_drop_final_state_mse": 0.004978890804683461,
      "h125/outcome_drop_state_mse": 0.005733182121725643,
      "h125/outcome_jam_episode_count": 3,
      "h125/outcome_jam_final_state_mse": 0.006584793134452471,
      "h125/outcome_jam_state_mse": 0.005703461192012612,
      "h125/outcome_miss_episode_count": 3,
      "h125/outcome_miss_final_state_mse": 0.010998449635271933,
      "h125/outcome_miss_state_mse": 0.005424244201261233,
      "h125/outcome_partial_episode_count": 3,
      "h125/outcome_partial_final_state_mse": 0.0063858932139826755,
      "h125/outcome_partial_state_mse": 0.00529305182562934,
      "h125/outcome_success_episode_count": 3,
      "h125/outcome_success_final_state_mse": 0.010959136281527724,
      "h125/outcome_success_state_mse": 0.005867676379633885,
      "h125/state_mse": 0.005604323044321896,
      "h20/episode_count": 15,
      "h20/final_state_mse": 0.0036976957632825266,
      "h20/outcome_drop_episode_count": 3,
      "h20/outcome_drop_final_state_mse": 0.003622826067061206,
      "h20/outcome_drop_state_mse": 0.0027121821649713452,
      "h20/outcome_jam_episode_count": 3,
      "h20/outcome_jam_final_state_mse": 0.004280910869829016,
      "h20/outcome_jam_state_mse": 0.0030885471238030326,
      "h20/outcome_miss_episode_count": 3,
      "h20/outcome_miss_final_state_mse": 0.003264808333387562,
      "h20/outcome_miss_state_mse": 0.007013279939788619,
      "h20/outcome_partial_episode_count": 3,
      "h20/outcome_partial_final_state_mse": 0.0035966177976209353,
      "h20/outcome_partial_state_mse": 0.002613330861322241,
      "h20/outcome_success_episode_count": 3,
      "h20/outcome_success_final_state_mse": 0.0037233158946037292,
      "h20/outcome_success_state_mse": 0.0026245171727697835,
      "h20/state_mse": 0.0036103716083601407,
      "h30/episode_count": 15,
      "h30/final_state_mse": 0.0035391371234569672,
      "h30/outcome_drop_episode_count": 3,
      "h30/outcome_drop_final_state_mse": 0.0036989850740806727,
      "h30/outcome_drop_state_mse": 0.003053766034527282,
      "h30/outcome_jam_episode_count": 3,
      "h30/outcome_jam_final_state_mse": 0.0034683699311773763,
      "h30/outcome_jam_state_mse": 0.003431654288098703,
      "h30/outcome_miss_episode_count": 3,
      "h30/outcome_miss_final_state_mse": 0.00391051752699746,
      "h30/outcome_miss_state_mse": 0.005972856529917333,
      "h30/outcome_partial_episode_count": 3,
      "h30/outcome_partial_final_state_mse": 0.003269748263109743,
      "h30/outcome_partial_state_mse": 0.0029600497943903107,
      "h30/outcome_success_episode_count": 3,
      "h30/outcome_success_final_state_mse": 0.003348064432346743,
      "h30/outcome_success_state_mse": 0.0029876751317957128,
      "h30/state_mse": 0.0036812004804091776,
      "h40/episode_count": 15,
      "h40/final_state_mse": 0.0053128099129870045,
      "h40/outcome_drop_episode_count": 3,
      "h40/outcome_drop_final_state_mse": 0.005701854240660574,
      "h40/outcome_drop_state_mse": 0.0033203252779892066,
      "h40/outcome_jam_episode_count": 3,
      "h40/outcome_jam_final_state_mse": 0.005119330012330822,
      "h40/outcome_jam_state_mse": 0.0036150319903504617,
      "h40/outcome_miss_episode_count": 3,
      "h40/outcome_miss_final_state_mse": 0.004788406144559773,
      "h40/outcome_miss_state_mse": 0.005485283237656737,
      "h40/outcome_partial_episode_count": 3,
      "h40/outcome_partial_final_state_mse": 0.005473597912616979,
      "h40/outcome_partial_state_mse": 0.0031770899404887283,
      "h40/outcome_success_episode_count": 3,
      "h40/outcome_success_final_state_mse": 0.005480862423485401,
      "h40/outcome_success_state_mse": 0.0032102577826556037,
      "h40/state_mse": 0.0037615976769939745,
      "h50/episode_count": 15,
      "h50/final_state_mse": 0.007478938383214614,
      "h50/outcome_drop_episode_count": 3,
      "h50/outcome_drop_final_state_mse": 0.007189013209997439,
      "h50/outcome_drop_state_mse": 0.003964700013204338,
      "h50/outcome_jam_episode_count": 3,
      "h50/outcome_jam_final_state_mse": 0.008162590413311728,
      "h50/outcome_jam_state_mse": 0.004581550336351581,
      "h50/outcome_miss_episode_count": 3,
      "h50/outcome_miss_final_state_mse": 0.0033432137148053038,
      "h50/outcome_miss_state_mse": 0.005296642951716005,
      "h50/outcome_partial_episode_count": 3,
      "h50/outcome_partial_final_state_mse": 0.009311189692394407,
      "h50/outcome_partial_state_mse": 0.004168314279294482,
      "h50/outcome_success_episode_count": 3,
      "h50/outcome_success_final_state_mse": 0.009388683570755852,
      "h50/outcome_success_state_mse": 0.004209712284063202,
      "h50/state_mse": 0.004444183947993259,
      "h75/episode_count": 15,
      "h75/final_state_mse": 0.00644988265692019,
      "h75/outcome_drop_episode_count": 3,
      "h75/outcome_drop_final_state_mse": 0.007157002983529583,
      "h75/outcome_drop_state_mse": 0.004874070859422871,
      "h75/outcome_jam_episode_count": 3,
      "h75/outcome_jam_final_state_mse": 0.007591059346214618,
      "h75/outcome_jam_state_mse": 0.005718835568895527,
      "h75/outcome_miss_episode_count": 3,
      "h75/outcome_miss_final_state_mse": 0.004819492645123426,
      "h75/outcome_miss_state_mse": 0.004742532701014434,
      "h75/outcome_partial_episode_count": 3,
      "h75/outcome_partial_final_state_mse": 0.005515322064846949,
      "h75/outcome_partial_state_mse": 0.005028345610840907,
      "h75/outcome_success_episode_count": 3,
      "h75/outcome_success_final_state_mse": 0.007166535149212756,
      "h75/outcome_success_state_mse": 0.005146746001731856,
      "h75/state_mse": 0.005102106098515795,
      "max_requested_horizon": 125,
      "reencode_period": 1,
      "rollout_mode": "periodic_1"
    },
    "periodic_10": {
      "episode_count": 15,
      "h10/episode_count": 15,
      "h10/final_state_mse": 0.0020543414782854467,
      "h10/outcome_drop_episode_count": 3,
      "h10/outcome_drop_final_state_mse": 0.0013985549604970645,
      "h10/outcome_drop_state_mse": 0.0013495325457816031,
      "h10/outcome_jam_episode_count": 3,
      "h10/outcome_jam_final_state_mse": 0.0024674083867104223,
      "h10/outcome_jam_state_mse": 0.0018054247681611503,
      "h10/outcome_miss_episode_count": 3,
      "h10/outcome_miss_final_state_mse": 0.003516680859272776,
      "h10/outcome_miss_state_mse": 0.008598550628213322,
      "h10/outcome_partial_episode_count": 3,
      "h10/outcome_partial_final_state_mse": 0.0014454567305792392,
      "h10/outcome_partial_state_mse": 0.0012766766587114023,
      "h10/outcome_success_episode_count": 3,
      "h10/outcome_success_final_state_mse": 0.0014436062230588564,
      "h10/outcome_success_state_mse": 0.001281684130625008,
      "h10/state_mse": 0.002862373800838695,
      "h100/episode_count": 15,
      "h100/final_state_mse": 0.003612206028956993,
      "h100/outcome_drop_episode_count": 3,
      "h100/outcome_drop_final_state_mse": 0.0026965953799244625,
      "h100/outcome_drop_state_mse": 0.002070103159137801,
      "h100/outcome_jam_episode_count": 3,
      "h100/outcome_jam_final_state_mse": 0.003679232708379334,
      "h100/outcome_jam_state_mse": 0.00249715278351229,
      "h100/outcome_miss_episode_count": 3,
      "h100/outcome_miss_final_state_mse": 0.007295450670462029,
      "h100/outcome_miss_state_mse": 0.003269316542382334,
      "h100/outcome_partial_episode_count": 3,
      "h100/outcome_partial_final_state_mse": 0.001654996664500704,
      "h100/outcome_partial_state_mse": 0.0016461277319714915,
      "h100/outcome_success_episode_count": 3,
      "h100/outcome_success_final_state_mse": 0.002734755671102237,
      "h100/outcome_success_state_mse": 0.0019604156843197893,
      "h100/state_mse": 0.002288623086767259,
      "h125/episode_count": 15,
      "h125/final_state_mse": 0.006856043198529412,
      "h125/outcome_drop_episode_count": 3,
      "h125/outcome_drop_final_state_mse": 0.00461088491031547,
      "h125/outcome_drop_state_mse": 0.0024257328307706544,
      "h125/outcome_jam_episode_count": 3,
      "h125/outcome_jam_final_state_mse": 0.006190781256342246,
      "h125/outcome_jam_state_mse": 0.003022547403971354,
      "h125/outcome_miss_episode_count": 3,
      "h125/outcome_miss_final_state_mse": 0.017752881216652253,
      "h125/outcome_miss_state_mse": 0.00518177431393293,
      "h125/outcome_partial_episode_count": 3,
      "h125/outcome_partial_final_state_mse": 0.0015247575451735578,
      "h125/outcome_partial_state_mse": 0.001641210094776029,
      "h125/outcome_success_episode_count": 3,
      "h125/outcome_success_final_state_mse": 0.00420090599971659,
      "h125/outcome_success_state_mse": 0.002271951313891442,
      "h125/state_mse": 0.002908643216401144,
      "h20/episode_count": 15,
      "h20/final_state_mse": 0.0014202911090227513,
      "h20/outcome_drop_episode_count": 3,
      "h20/outcome_drop_final_state_mse": 0.0011255386364615822,
      "h20/outcome_drop_state_mse": 0.0013428844462812337,
      "h20/outcome_jam_episode_count": 3,
      "h20/outcome_jam_final_state_mse": 0.001365445822087768,
      "h20/outcome_jam_state_mse": 0.0017362861461888732,
      "h20/outcome_miss_episode_count": 3,
      "h20/outcome_miss_final_state_mse": 0.002513281952321919,
      "h20/outcome_miss_state_mse": 0.00578706482656641,
      "h20/outcome_partial_episode_count": 3,
      "h20/outcome_partial_final_state_mse": 0.0010107162171134761,
      "h20/outcome_partial_state_mse": 0.0012602796546773974,
      "h20/outcome_success_episode_count": 3,
      "h20/outcome_success_final_state_mse": 0.0010864725640786239,
      "h20/outcome_success_state_mse": 0.0012780340668422723,
      "h20/state_mse": 0.0022809097190308416,
      "h30/episode_count": 15,
      "h30/final_state_mse": 0.0013096460329940895,
      "h30/outcome_drop_episode_count": 3,
      "h30/outcome_drop_final_state_mse": 0.0012602291124708513,
      "h30/outcome_drop_state_mse": 0.0013704195521236245,
      "h30/outcome_jam_episode_count": 3,
      "h30/outcome_jam_final_state_mse": 0.0016316679714162366,
      "h30/outcome_jam_state_mse": 0.0017569051848517524,
      "h30/outcome_miss_episode_count": 3,
      "h30/outcome_miss_final_state_mse": 0.001173260798251707,
      "h30/outcome_miss_state_mse": 0.004353230918934143,
      "h30/outcome_partial_episode_count": 3,
      "h30/outcome_partial_final_state_mse": 0.0012071375412489075,
      "h30/outcome_partial_state_mse": 0.0012895668254179113,
      "h30/outcome_success_episode_count": 3,
      "h30/outcome_success_final_state_mse": 0.0012759349607174692,
      "h30/outcome_success_state_mse": 0.00130518115164148,
      "h30/state_mse": 0.00201506072399663,
      "h40/episode_count": 15,
      "h40/final_state_mse": 0.0014418947930429497,
      "h40/outcome_drop_episode_count": 3,
      "h40/outcome_drop_final_state_mse": 0.0015589248121174331,
      "h40/outcome_drop_state_mse": 0.0015764739193947486,
      "h40/outcome_jam_episode_count": 3,
      "h40/outcome_jam_final_state_mse": 0.001534953421237422,
      "h40/outcome_jam_state_mse": 0.001837296345654656,
      "h40/outcome_miss_episode_count": 3,
      "h40/outcome_miss_final_state_mse": 0.0013560286169153413,
      "h40/outcome_miss_state_mse": 0.0036724625849256327,
      "h40/outcome_partial_episode_count": 3,
      "h40/outcome_partial_final_state_mse": 0.0013495875778151494,
      "h40/outcome_partial_state_mse": 0.0013830998754189685,
      "h40/outcome_success_episode_count": 3,
      "h40/outcome_success_final_state_mse": 0.0014099792571239222,
      "h40/outcome_success_state_mse": 0.001400645729763056,
      "h40/state_mse": 0.0019739957572587953,
      "h50/episode_count": 15,
      "h50/final_state_mse": 0.0016094131407394909,
      "h50/outcome_drop_episode_count": 3,
      "h50/outcome_drop_final_state_mse": 0.0016447460778008878,
      "h50/outcome_drop_state_mse": 0.0017076654995188993,
      "h50/outcome_jam_episode_count": 3,
      "h50/outcome_jam_final_state_mse": 0.0019323034272863975,
      "h50/outcome_jam_state_mse": 0.001958067245732725,
      "h50/outcome_miss_episode_count": 3,
      "h50/outcome_miss_final_state_mse": 0.0016020445847043803,
      "h50/outcome_miss_state_mse": 0.0032986591064852046,
      "h50/outcome_partial_episode_count": 3,
      "h50/outcome_partial_final_state_mse": 0.001398637854293281,
      "h50/outcome_partial_state_mse": 0.0014594471844193203,
      "h50/outcome_success_episode_count": 3,
      "h50/outcome_success_final_state_mse": 0.001469333747438356,
      "h50/outcome_success_state_mse": 0.0014823816960154016,
      "h50/state_mse": 0.001981244056053411,
      "h75/episode_count": 15,
      "h75/final_state_mse": 0.0034989783966463375,
      "h75/outcome_drop_episode_count": 3,
      "h75/outcome_drop_final_state_mse": 0.0026052634724799324,
      "h75/outcome_drop_state_mse": 0.0018486545080712677,
      "h75/outcome_jam_episode_count": 3,
      "h75/outcome_jam_final_state_mse": 0.003653594481399636,
      "h75/outcome_jam_state_mse": 0.0022141079705265353,
      "h75/outcome_miss_episode_count": 3,
      "h75/outcome_miss_final_state_mse": 0.004624459113365684,
      "h75/outcome_miss_state_mse": 0.00300406927636506,
      "h75/outcome_partial_episode_count": 3,
      "h75/outcome_partial_final_state_mse": 0.0029599348606626974,
      "h75/outcome_partial_state_mse": 0.0016321157526086878,
      "h75/outcome_success_episode_count": 3,
      "h75/outcome_success_final_state_mse": 0.003651639410093719,
      "h75/outcome_success_state_mse": 0.0016900592172327644,
      "h75/state_mse": 0.0020778013408054193,
      "max_requested_horizon": 125,
      "reencode_period": 10,
      "rollout_mode": "periodic_10"
    },
    "periodic_100": {
      "episode_count": 15,
      "h10/episode_count": 15,
      "h10/final_state_mse": 0.0020543414782854467,
      "h10/outcome_drop_episode_count": 3,
      "h10/outcome_drop_final_state_mse": 0.0013985549604970645,
      "h10/outcome_drop_state_mse": 0.0013495325457816031,
      "h10/outcome_jam_episode_count": 3,
      "h10/outcome_jam_final_state_mse": 0.0024674083867104223,
      "h10/outcome_jam_state_mse": 0.0018054247681611503,
      "h10/outcome_miss_episode_count": 3,
      "h10/outcome_miss_final_state_mse": 0.003516680859272776,
      "h10/outcome_miss_state_mse": 0.008598550628213322,
      "h10/outcome_partial_episode_count": 3,
      "h10/outcome_partial_final_state_mse": 0.0014454567305792392,
      "h10/outcome_partial_state_mse": 0.0012766766587114023,
      "h10/outcome_success_episode_count": 3,
      "h10/outcome_success_final_state_mse": 0.0014436062230588564,
      "h10/outcome_success_state_mse": 0.001281684130625008,
      "h10/state_mse": 0.002862373800838695,
      "h100/episode_count": 15,
      "h100/final_state_mse": 255723.58692810457,
      "h100/outcome_drop_episode_count": 3,
      "h100/outcome_drop_final_state_mse": 246754.95751633987,
      "h100/outcome_drop_state_mse": 10878.743921568628,
      "h100/outcome_jam_episode_count": 3,
      "h100/outcome_jam_final_state_mse": 284840.8366013072,
      "h100/outcome_jam_state_mse": 12423.369934640523,
      "h100/outcome_miss_episode_count": 3,
      "h100/outcome_miss_final_state_mse": 147437.62418300653,
      "h100/outcome_miss_state_mse": 6578.709281045752,
      "h100/outcome_partial_episode_count": 3,
      "h100/outcome_partial_final_state_mse": 304371.58496732026,
      "h100/outcome_partial_state_mse": 13187.623137254903,
      "h100/outcome_success_episode_count": 3,
      "h100/outcome_success_final_state_mse": 295212.97385620914,
      "h100/outcome_success_state_mse": 12866.673333333334,
      "h100/state_mse": 11187.024313725491,
      "h125/episode_count": 15,
      "h125/final_state_mse": 186303.26797385621,
      "h125/outcome_drop_episode_count": 3,
      "h125/outcome_drop_final_state_mse": 191026.09150326796,
      "h125/outcome_drop_state_mse": 22328.715294117646,
      "h125/outcome_jam_episode_count": 3,
      "h125/outcome_jam_final_state_mse": 219520.0065359477,
      "h125/outcome_jam_state_mse": 24607.080156862747,
      "h125/outcome_miss_episode_count": 3,
      "h125/outcome_miss_final_state_mse": 75530.06781045752,
      "h125/outcome_miss_state_mse": 11201.979607843137,
      "h125/outcome_partial_episode_count": 3,
      "h125/outcome_partial_final_state_mse": 222981.61437908496,
      "h125/outcome_partial_state_mse": 25835.589019607844,
      "h125/outcome_success_episode_count": 3,
      "h125/outcome_success_final_state_mse": 222458.5,
      "h125/outcome_success_state_mse": 25662.278692810458,
      "h125/state_mse": 21927.128847058822,
      "h20/episode_count": 15,
      "h20/final_state_mse": 0.005131689084121605,
      "h20/outcome_drop_episode_count": 3,
      "h20/outcome_drop_final_state_mse": 0.004701314408794727,
      "h20/outcome_drop_state_mse": 0.001979697841444826,
      "h20/outcome_jam_episode_count": 3,
      "h20/outcome_jam_final_state_mse": 0.005656546334815181,
      "h20/outcome_jam_state_mse": 0.002305165692871692,
      "h20/outcome_miss_episode_count": 3,
      "h20/outcome_miss_final_state_mse": 0.005594714599497178,
      "h20/outcome_miss_state_mse": 0.006398225999345967,
      "h20/outcome_partial_episode_count": 3,
      "h20/outcome_partial_final_state_mse": 0.004724176004042033,
      "h20/outcome_partial_state_mse": 0.0018865009928061291,
      "h20/outcome_success_episode_count": 3,
      "h20/outcome_success_final_state_mse": 0.0049816957291434795,
      "h20/outcome_success_state_mse": 0.0019026740314134585,
      "h20/state_mse": 0.0028944529115764142,
      "h30/episode_count": 15,
      "h30/final_state_mse": 0.030790810179866217,
      "h30/outcome_drop_episode_count": 3,
      "h30/outcome_drop_final_state_mse": 0.028408743976767546,
      "h30/outcome_drop_state_mse": 0.006153190941073017,
      "h30/outcome_jam_episode_count": 3,
      "h30/outcome_jam_final_state_mse": 0.033111543437234714,
      "h30/outcome_jam_state_mse": 0.0067440618876538246,
      "h30/outcome_miss_episode_count": 3,
      "h30/outcome_miss_final_state_mse": 0.02980881267123752,
      "h30/outcome_miss_state_mse": 0.009401825466446887,
      "h30/outcome_partial_episode_count": 3,
      "h30/outcome_partial_final_state_mse": 0.03147978252834744,
      "h30/outcome_partial_state_mse": 0.006249904113137904,
      "h30/outcome_success_episode_count": 3,
      "h30/outcome_success_final_state_mse": 0.03114516127343271,
      "h30/outcome_success_state_mse": 0.006206114567442917,
      "h30/state_mse": 0.006951019353596473,
      "h40/episode_count": 15,
      "h40/final_state_mse": 0.16711918450648489,
      "h40/outcome_drop_episode_count": 3,
      "h40/outcome_drop_final_state_mse": 0.1626277624392042,
      "h40/outcome_drop_state_mse": 0.026073422151453356,
      "h40/outcome_jam_episode_count": 3,
      "h40/outcome_jam_final_state_mse": 0.17570659849378797,
      "h40/outcome_jam_state_mse": 0.028159226934894237,
      "h40/outcome_miss_episode_count": 3,
      "h40/outcome_miss_final_state_mse": 0.13411944520239735,
      "h40/outcome_miss_state_mse": 0.02484803542592167,
      "h40/outcome_partial_episode_count": 3,
      "h40/outcome_partial_final_state_mse": 0.18550344541961072,
      "h40/outcome_partial_state_mse": 0.028381277844796774,
      "h40/outcome_success_episode_count": 3,
      "h40/outcome_success_final_state_mse": 0.17763864916134503,
      "h40/outcome_success_state_mse": 0.027640406290690103,
      "h40/state_mse": 0.02702047310623468,
      "h50/episode_count": 15,
      "h50/final_state_mse": 1.1615954031352125,
      "h50/outcome_drop_episode_count": 3,
      "h50/outcome_drop_final_state_mse": 1.06833987765842,
      "h50/outcome_drop_state_mse": 0.12404942930134294,
      "h50/outcome_jam_episode_count": 3,
      "h50/outcome_jam_final_state_mse": 0.9992118536257276,
      "h50/outcome_jam_state_mse": 0.12221930011425143,
      "h50/outcome_miss_episode_count": 3,
      "h50/outcome_miss_final_state_mse": 1.5762818280388327,
      "h50/outcome_miss_state_mse": 0.15260968775531045,
      "h50/outcome_partial_episode_count": 3,
      "h50/outcome_partial_final_state_mse": 1.1038723615259907,
      "h50/outcome_partial_state_mse": 0.1318762167138991,
      "h50/outcome_success_episode_count": 3,
      "h50/outcome_success_final_state_mse": 1.0602713441537097,
      "h50/outcome_success_state_mse": 0.12591572879965787,
      "h50/state_mse": 0.13133407373366013,
      "h75/episode_count": 15,
      "h75/final_state_mse": 578.1325163398693,
      "h75/outcome_drop_episode_count": 3,
      "h75/outcome_drop_final_state_mse": 600.7417279411765,
      "h75/outcome_drop_state_mse": 38.93892769607843,
      "h75/outcome_jam_episode_count": 3,
      "h75/outcome_jam_final_state_mse": 627.265012254902,
      "h75/outcome_jam_state_mse": 40.21594362745098,
      "h75/outcome_miss_episode_count": 3,
      "h75/outcome_miss_final_state_mse": 404.7073759191176,
      "h75/outcome_miss_state_mse": 28.30261982570806,
      "h75/outcome_partial_episode_count": 3,
      "h75/outcome_partial_final_state_mse": 619.3990630106209,
      "h75/outcome_partial_state_mse": 39.7763473583878,
      "h75/outcome_success_episode_count": 3,
      "h75/outcome_success_final_state_mse": 638.5494281045752,
      "h75/outcome_success_state_mse": 40.88360770697168,
      "h75/state_mse": 37.62349019607843,
      "max_requested_horizon": 125,
      "reencode_period": 100,
      "rollout_mode": "periodic_100"
    },
    "periodic_2": {
      "episode_count": 15,
      "h10/episode_count": 15,
      "h10/final_state_mse": 0.0020312061496809415,
      "h10/outcome_drop_episode_count": 3,
      "h10/outcome_drop_final_state_mse": 0.0015543921564529146,
      "h10/outcome_drop_state_mse": 0.0015633034550286587,
      "h10/outcome_jam_episode_count": 3,
      "h10/outcome_jam_final_state_mse": 0.002245677208978366,
      "h10/outcome_jam_state_mse": 0.0019470376126906452,
      "h10/outcome_miss_episode_count": 3,
      "h10/outcome_miss_final_state_mse": 0.003423793643128638,
      "h10/outcome_miss_state_mse": 0.00883538645077375,
      "h10/outcome_partial_episode_count": 3,
      "h10/outcome_partial_final_state_mse": 0.001432951637148078,
      "h10/outcome_partial_state_mse": 0.0014521791070115332,
      "h10/outcome_success_episode_count": 3,
      "h10/outcome_success_final_state_mse": 0.0014992160661742577,
      "h10/outcome_success_state_mse": 0.0014647971376094942,
      "h10/state_mse": 0.0030525406980826185,
      "h100/episode_count": 15,
      "h100/final_state_mse": 0.0033063003440308414,
      "h100/outcome_drop_episode_count": 3,
      "h100/outcome_drop_final_state_mse": 0.0046984674591644135,
      "h100/outcome_drop_state_mse": 0.0030444484286838106,
      "h100/outcome_jam_episode_count": 3,
      "h100/outcome_jam_final_state_mse": 0.0035337513081388537,
      "h100/outcome_jam_state_mse": 0.0032422295115352457,
      "h100/outcome_miss_episode_count": 3,
      "h100/outcome_miss_final_state_mse": 0.0033183325252501795,
      "h100/outcome_miss_state_mse": 0.0034704463310491025,
      "h100/outcome_partial_episode_count": 3,
      "h100/outcome_partial_final_state_mse": 0.0023911476281343724,
      "h100/outcome_partial_state_mse": 0.002585924559948491,
      "h100/outcome_success_episode_count": 3,
      "h100/outcome_success_final_state_mse": 0.002589803432522256,
      "h100/outcome_success_state_mse": 0.00270008392583311,
      "h100/state_mse": 0.003008626900467218,
      "h125/episode_count": 15,
      "h125/final_state_mse": 0.0054630454069648695,
      "h125/outcome_drop_episode_count": 3,
      "h125/outcome_drop_final_state_mse": 0.006012185921076856,
      "h125/outcome_drop_state_mse": 0.0036488234077403747,
      "h125/outcome_jam_episode_count": 3,
      "h125/outcome_jam_final_state_mse": 0.007041211660001792,
      "h125/outcome_jam_state_mse": 0.003650787353515625,
      "h125/outcome_miss_episode_count": 3,
      "h125/outcome_miss_final_state_mse": 0.00764878323070364,
      "h125/outcome_miss_state_mse": 0.003902941734962214,
      "h125/outcome_partial_episode_count": 3,
      "h125/outcome_partial_final_state_mse": 0.0025608099607470768,
      "h125/outcome_partial_state_mse": 0.002558109707302517,
      "h125/outcome_success_episode_count": 3,
      "h125/outcome_success_final_state_mse": 0.0040522327804877085,
      "h125/outcome_success_state_mse": 0.002858604630613639,
      "h125/state_mse": 0.0033238536560457515,
      "h20/episode_count": 15,
      "h20/final_state_mse": 0.002002308882919012,
      "h20/outcome_drop_episode_count": 3,
      "h20/outcome_drop_final_state_mse": 0.0019109564912475013,
      "h20/outcome_drop_state_mse": 0.0016955154783585493,
      "h20/outcome_jam_episode_count": 3,
      "h20/outcome_jam_final_state_mse": 0.0018622872291826735,
      "h20/outcome_jam_state_mse": 0.0020325510720022363,
      "h20/outcome_miss_episode_count": 3,
      "h20/outcome_miss_final_state_mse": 0.002701296842370937,
      "h20/outcome_miss_state_mse": 0.006055953767564562,
      "h20/outcome_partial_episode_count": 3,
      "h20/outcome_partial_final_state_mse": 0.0017455929488528008,
      "h20/outcome_partial_state_mse": 0.001596664486367718,
      "h20/outcome_success_episode_count": 3,
      "h20/outcome_success_final_state_mse": 0.0017914104890200048,
      "h20/outcome_success_state_mse": 0.001607153540343241,
      "h20/state_mse": 0.002597567739050373,
      "h30/episode_count": 15,
      "h30/final_state_mse": 0.002577056448444042,
      "h30/outcome_drop_episode_count": 3,
      "h30/outcome_drop_final_state_mse": 0.002665526531880198,
      "h30/outcome_drop_state_mse": 0.0019274719400343553,
      "h30/outcome_jam_episode_count": 3,
      "h30/outcome_jam_final_state_mse": 0.0026215522312650493,
      "h30/outcome_jam_state_mse": 0.0022087772427560977,
      "h30/outcome_miss_episode_count": 3,
      "h30/outcome_miss_final_state_mse": 0.0028546783415710226,
      "h30/outcome_miss_state_mse": 0.005021924702430343,
      "h30/outcome_partial_episode_count": 3,
      "h30/outcome_partial_final_state_mse": 0.002339819580121757,
      "h30/outcome_partial_state_mse": 0.001820138337045973,
      "h30/outcome_success_episode_count": 3,
      "h30/outcome_success_final_state_mse": 0.0024037056791236977,
      "h30/outcome_success_state_mse": 0.0018341323129491868,
      "h30/state_mse": 0.002562488896654582,
      "h40/episode_count": 15,
      "h40/final_state_mse": 0.00339252777348936,
      "h40/outcome_drop_episode_count": 3,
      "h40/outcome_drop_final_state_mse": 0.00387612910442103,
      "h40/outcome_drop_state_mse": 0.0023293880076190225,
      "h40/outcome_jam_episode_count": 3,
      "h40/outcome_jam_final_state_mse": 0.003349052827342663,
      "h40/outcome_jam_state_mse": 0.002503090045031379,
      "h40/outcome_miss_episode_count": 3,
      "h40/outcome_miss_final_state_mse": 0.0023437253887357277,
      "h40/outcome_miss_state_mse": 0.004420814794652602,
      "h40/outcome_partial_episode_count": 3,
      "h40/outcome_partial_final_state_mse": 0.003631739152802361,
      "h40/outcome_partial_state_mse": 0.002156323817820331,
      "h40/outcome_success_episode_count": 3,
      "h40/outcome_success_final_state_mse": 0.003761991468909519,
      "h40/outcome_success_state_mse": 0.0021799578775767406,
      "h40/state_mse": 0.002717914955288756,
      "h50/episode_count": 15,
      "h50/final_state_mse": 0.003039440142562966,
      "h50/outcome_drop_episode_count": 3,
      "h50/outcome_drop_final_state_mse": 0.0029506646340189415,
      "h50/outcome_drop_state_mse": 0.0026292923696680007,
      "h50/outcome_jam_episode_count": 3,
      "h50/outcome_jam_final_state_mse": 0.002939765968548706,
      "h50/outcome_jam_state_mse": 0.0028843566171484055,
      "h50/outcome_miss_episode_count": 3,
      "h50/outcome_miss_final_state_mse": 0.00208623500333892,
      "h50/outcome_miss_state_mse": 0.0040123445847455195,
      "h50/outcome_partial_episode_count": 3,
      "h50/outcome_partial_final_state_mse": 0.003538958411785512,
      "h50/outcome_partial_state_mse": 0.0025548650704178156,
      "h50/outcome_success_episode_count": 3,
      "h50/outcome_success_final_state_mse": 0.0036815769629540787,
      "h50/outcome_success_state_mse": 0.0025919904895857267,
      "h50/state_mse": 0.00293456991357741,
      "h75/episode_count": 15,
      "h75/final_state_mse": 0.0045948661230748,
      "h75/outcome_drop_episode_count": 3,
      "h75/outcome_drop_final_state_mse": 0.0035208034651731356,
      "h75/outcome_drop_state_mse": 0.0026683597107598463,
      "h75/outcome_jam_episode_count": 3,
      "h75/outcome_jam_final_state_mse": 0.00526515983678157,
      "h75/outcome_jam_state_mse": 0.0031817065137144268,
      "h75/outcome_miss_episode_count": 3,
      "h75/outcome_miss_final_state_mse": 0.005540474786672717,
      "h75/outcome_miss_state_mse": 0.003586311257223158,
      "h75/outcome_partial_episode_count": 3,
      "h75/outcome_partial_final_state_mse": 0.003821751650641946,
      "h75/outcome_partial_state_mse": 0.0026618297635080507,
      "h75/outcome_success_episode_count": 3,
      "h75/outcome_success_final_state_mse": 0.004826140778711419,
      "h75/outcome_success_state_mse": 0.002739086732885157,
      "h75/state_mse": 0.002967459086499183,
      "max_requested_horizon": 125,
      "reencode_period": 2,
      "rollout_mode": "periodic_2"
    },
    "periodic_20": {
      "episode_count": 15,
      "h10/episode_count": 15,
      "h10/final_state_mse": 0.0020543414782854467,
      "h10/outcome_drop_episode_count": 3,
      "h10/outcome_drop_final_state_mse": 0.0013985549604970645,
      "h10/outcome_drop_state_mse": 0.0013495325457816031,
      "h10/outcome_jam_episode_count": 3,
      "h10/outcome_jam_final_state_mse": 0.0024674083867104223,
      "h10/outcome_jam_state_mse": 0.0018054247681611503,
      "h10/outcome_miss_episode_count": 3,
      "h10/outcome_miss_final_state_mse": 0.003516680859272776,
      "h10/outcome_miss_state_mse": 0.008598550628213322,
      "h10/outcome_partial_episode_count": 3,
      "h10/outcome_partial_final_state_mse": 0.0014454567305792392,
      "h10/outcome_partial_state_mse": 0.0012766766587114023,
      "h10/outcome_success_episode_count": 3,
      "h10/outcome_success_final_state_mse": 0.0014436062230588564,
      "h10/outcome_success_state_mse": 0.001281684130625008,
      "h10/state_mse": 0.002862373800838695,
      "h100/episode_count": 15,
      "h100/final_state_mse": 0.008951394698199104,
      "h100/outcome_drop_episode_count": 3,
      "h100/outcome_drop_final_state_mse": 0.009109220473594914,
      "h100/outcome_drop_state_mse": 0.004103437186845767,
      "h100/outcome_jam_episode_count": 3,
      "h100/outcome_jam_final_state_mse": 0.006753549466725268,
      "h100/outcome_jam_state_mse": 0.004082521176805683,
      "h100/outcome_miss_episode_count": 3,
      "h100/outcome_miss_final_state_mse": 0.017159613713719487,
      "h100/outcome_miss_state_mse": 0.005937434925752528,
      "h100/outcome_partial_episode_count": 3,
      "h100/outcome_partial_final_state_mse": 0.005030430902063457,
      "h100/outcome_partial_state_mse": 0.0034912055769776985,
      "h100/outcome_success_episode_count": 3,
      "h100/outcome_success_final_state_mse": 0.006704155331343607,
      "h100/outcome_success_state_mse": 0.0037366661370969285,
      "h100/state_mse": 0.004270252900965074,
      "h125/episode_count": 15,
      "h125/final_state_mse": 0.00650837156507704,
      "h125/outcome_drop_episode_count": 3,
      "h125/outcome_drop_final_state_mse": 0.006810555465860305,
      "h125/outcome_drop_state_mse": 0.004821609098147723,
      "h125/outcome_jam_episode_count": 3,
      "h125/outcome_jam_final_state_mse": 0.007078164981471168,
      "h125/outcome_jam_state_mse": 0.005016042871412888,
      "h125/outcome_miss_episode_count": 3,
      "h125/outcome_miss_final_state_mse": 0.009419048338933709,
      "h125/outcome_miss_state_mse": 0.006687945596532884,
      "h125/outcome_partial_episode_count": 3,
      "h125/outcome_partial_final_state_mse": 0.003712797866148107,
      "h125/outcome_partial_state_mse": 0.0036064761292700673,
      "h125/outcome_success_episode_count": 3,
      "h125/outcome_success_final_state_mse": 0.005521290150343203,
      "h125/outcome_success_state_mse": 0.004286753236857894,
      "h125/state_mse": 0.00488376544628268,
      "h20/episode_count": 15,
      "h20/final_state_mse": 0.005131689084121605,
      "h20/outcome_drop_episode_count": 3,
      "h20/outcome_drop_final_state_mse": 0.004701314408794727,
      "h20/outcome_drop_state_mse": 0.001979697841444826,
      "h20/outcome_jam_episode_count": 3,
      "h20/outcome_jam_final_state_mse": 0.005656546334815181,
      "h20/outcome_jam_state_mse": 0.002305165692871692,
      "h20/outcome_miss_episode_count": 3,
      "h20/outcome_miss_final_state_mse": 0.005594714599497178,
      "h20/outcome_miss_state_mse": 0.006398225999345967,
      "h20/outcome_partial_episode_count": 3,
      "h20/outcome_partial_final_state_mse": 0.004724176004042033,
      "h20/outcome_partial_state_mse": 0.0018865009928061291,
      "h20/outcome_success_episode_count": 3,
      "h20/outcome_success_final_state_mse": 0.0049816957291434795,
      "h20/outcome_success_state_mse": 0.0019026740314134585,
      "h20/state_mse": 0.0028944529115764142,
      "h30/episode_count": 15,
      "h30/final_state_mse": 0.003331851335911969,
      "h30/outcome_drop_episode_count": 3,
      "h30/outcome_drop_final_state_mse": 0.003398607271948671,
      "h30/outcome_drop_state_mse": 0.0027638763643817446,
      "h30/outcome_jam_episode_count": 3,
      "h30/outcome_jam_final_state_mse": 0.0038759605167737973,
      "h30/outcome_jam_state_mse": 0.0031275479102706076,
      "h30/outcome_miss_episode_count": 3,
      "h30/outcome_miss_final_state_mse": 0.0023211830971287747,
      "h30/outcome_miss_state_mse": 0.005192673232300869,
      "h30/outcome_partial_episode_count": 3,
      "h30/outcome_partial_final_state_mse": 0.0034952338517101763,
      "h30/outcome_partial_state_mse": 0.0026697324511791884,
      "h30/outcome_success_episode_count": 3,
      "h30/outcome_success_final_state_mse": 0.003568270335010454,
      "h30/outcome_success_state_mse": 0.0026686103255660447,
      "h30/state_mse": 0.0032844879216877725,
      "h40/episode_count": 15,
      "h40/final_state_mse": 0.007208970637103311,
      "h40/outcome_drop_episode_count": 3,
      "h40/outcome_drop_final_state_mse": 0.008618106444676718,
      "h40/outcome_drop_state_mse": 0.003586865873897777,
      "h40/outcome_jam_episode_count": 3,
      "h40/outcome_jam_final_state_mse": 0.0070261033921459925,
      "h40/outcome_jam_state_mse": 0.003675111991907257,
      "h40/outcome_miss_episode_count": 3,
      "h40/outcome_miss_final_state_mse": 0.006960674243814805,
      "h40/outcome_miss_state_mse": 0.004942736906163833,
      "h40/outcome_partial_episode_count": 3,
      "h40/outcome_partial_final_state_mse": 0.00665237214051041,
      "h40/outcome_partial_state_mse": 0.0032264633116379283,
      "h40/outcome_success_episode_count": 3,
      "h40/outcome_success_final_state_mse": 0.006787597548727896,
      "h40/outcome_success_state_mse": 0.0032366572641858867,
      "h40/state_mse": 0.0037335668825635724,
      "h50/episode_count": 15,
      "h50/final_state_mse": 0.002896368425655988,
      "h50/outcome_drop_episode_count": 3,
      "h50/outcome_drop_final_state_mse": 0.0029113245458384745,
      "h50/outcome_drop_state_mse": 0.0035502896901049644,
      "h50/outcome_jam_episode_count": 3,
      "h50/outcome_jam_final_state_mse": 0.003473160897984224,
      "h50/outcome_jam_state_mse": 0.003678703183442159,
      "h50/outcome_miss_episode_count": 3,
      "h50/outcome_miss_final_state_mse": 0.00256399880924256,
      "h50/outcome_miss_state_mse": 0.004575290929258259,
      "h50/outcome_partial_episode_count": 3,
      "h50/outcome_partial_final_state_mse": 0.0027166464992987565,
      "h50/outcome_partial_state_mse": 0.0032183652142294093,
      "h50/outcome_success_episode_count": 3,
      "h50/outcome_success_final_state_mse": 0.0028167109132981767,
      "h50/outcome_success_state_mse": 0.003232796862234477,
      "h50/state_mse": 0.003651089138454861,
      "h75/episode_count": 15,
      "h75/final_state_mse": 0.005546417111664816,
      "h75/outcome_drop_episode_count": 3,
      "h75/outcome_drop_final_state_mse": 0.003948148461728314,
      "h75/outcome_drop_state_mse": 0.0037595696542777265,
      "h75/outcome_jam_episode_count": 3,
      "h75/outcome_jam_final_state_mse": 0.0050277464530047245,
      "h75/outcome_jam_state_mse": 0.003893092203244145,
      "h75/outcome_miss_episode_count": 3,
      "h75/outcome_miss_final_state_mse": 0.007713172998693254,
      "h75/outcome_miss_state_mse": 0.004636299366005625,
      "h75/outcome_partial_episode_count": 3,
      "h75/outcome_partial_final_state_mse": 0.005364980280788896,
      "h75/outcome_partial_state_mse": 0.00337902359972852,
      "h75/outcome_success_episode_count": 3,
      "h75/outcome_success_final_state_mse": 0.005678037023232653,
      "h75/outcome_success_state_mse": 0.00341976614559398,
      "h75/state_mse": 0.0038175500940393517,
      "max_requested_horizon": 125,
      "reencode_period": 20,
      "rollout_mode": "periodic_20"
    },
    "periodic_5": {
      "episode_count": 15,
      "h10/episode_count": 15,
      "h10/final_state_mse": 0.0016899612214830186,
      "h10/outcome_drop_episode_count": 3,
      "h10/outcome_drop_final_state_mse": 0.0012416638726112888,
      "h10/outcome_drop_state_mse": 0.0013890577102798262,
      "h10/outcome_jam_episode_count": 3,
      "h10/outcome_jam_final_state_mse": 0.0020856688322584615,
      "h10/outcome_jam_state_mse": 0.0018212014553593654,
      "h10/outcome_miss_episode_count": 3,
      "h10/outcome_miss_final_state_mse": 0.002826194991083706,
      "h10/outcome_miss_state_mse": 0.008529483570772059,
      "h10/outcome_partial_episode_count": 3,
      "h10/outcome_partial_final_state_mse": 0.0011380413072366341,
      "h10/outcome_partial_state_mse": 0.0013007665576498493,
      "h10/outcome_success_episode_count": 3,
      "h10/outcome_success_final_state_mse": 0.0011582368850902795,
      "h10/outcome_success_state_mse": 0.0013049229687335444,
      "h10/state_mse": 0.0028690864213931017,
      "h100/episode_count": 15,
      "h100/final_state_mse": 0.002802402209612279,
      "h100/outcome_drop_episode_count": 3,
      "h100/outcome_drop_final_state_mse": 0.0023644492273626762,
      "h100/outcome_drop_state_mse": 0.0022374709758883208,
      "h100/outcome_jam_episode_count": 3,
      "h100/outcome_jam_final_state_mse": 0.003441027152577257,
      "h100/outcome_jam_state_mse": 0.002692729351567287,
      "h100/outcome_miss_episode_count": 3,
      "h100/outcome_miss_final_state_mse": 0.0040126143303377175,
      "h100/outcome_miss_state_mse": 0.0030255255356333613,
      "h100/outcome_partial_episode_count": 3,
      "h100/outcome_partial_final_state_mse": 0.0016522010897888856,
      "h100/outcome_partial_state_mse": 0.0018511300928452435,
      "h100/outcome_success_episode_count": 3,
      "h100/outcome_success_final_state_mse": 0.002541718748854656,
      "h100/outcome_success_state_mse": 0.0021364909527348537,
      "h100/state_mse": 0.0023886694814644607,
      "h125/episode_count": 15,
      "h125/final_state_mse": 0.005259418487548828,
      "h125/outcome_drop_episode_count": 3,
      "h125/outcome_drop_final_state_mse": 0.0034276343443814445,
      "h125/outcome_drop_state_mse": 0.002443517597672207,
      "h125/outcome_jam_episode_count": 3,
      "h125/outcome_jam_final_state_mse": 0.005899808765236848,
      "h125/outcome_jam_state_mse": 0.003091722775128932,
      "h125/outcome_miss_episode_count": 3,
      "h125/outcome_miss_final_state_mse": 0.010557920032856511,
      "h125/outcome_miss_state_mse": 0.0036492626713771448,
      "h125/outcome_partial_episode_count": 3,
      "h125/outcome_partial_final_state_mse": 0.001633998603115674,
      "h125/outcome_partial_state_mse": 0.0018350616903866038,
      "h125/outcome_success_episode_count": 3,
      "h125/outcome_success_final_state_mse": 0.004777732335664088,
      "h125/outcome_success_state_mse": 0.002478590697244881,
      "h125/state_mse": 0.002699631076388889,
      "h20/episode_count": 15,
      "h20/final_state_mse": 0.001299873520346249,
      "h20/outcome_drop_episode_count": 3,
      "h20/outcome_drop_final_state_mse": 0.0011764027519163742,
      "h20/outcome_drop_state_mse": 0.0013228251848345488,
      "h20/outcome_jam_episode_count": 3,
      "h20/outcome_jam_final_state_mse": 0.001341921466043572,
      "h20/outcome_jam_state_mse": 0.001755810952654072,
      "h20/outcome_miss_episode_count": 3,
      "h20/outcome_miss_final_state_mse": 0.0018630625034858977,
      "h20/outcome_miss_state_mse": 0.005479562672135098,
      "h20/outcome_partial_episode_count": 3,
      "h20/outcome_partial_final_state_mse": 0.0010254224336225222,
      "h20/outcome_partial_state_mse": 0.001245556158177993,
      "h20/outcome_success_episode_count": 3,
      "h20/outcome_success_final_state_mse": 0.0010925585197077857,
      "h20/outcome_success_state_mse": 0.0012652973139208126,
      "h20/state_mse": 0.002213810440761591,
      "h30/episode_count": 15,
      "h30/final_state_mse": 0.0014355442882363313,
      "h30/outcome_drop_episode_count": 3,
      "h30/outcome_drop_final_state_mse": 0.0014337972780458289,
      "h30/outcome_drop_state_mse": 0.001405995188195721,
      "h30/outcome_jam_episode_count": 3,
      "h30/outcome_jam_final_state_mse": 0.0016467485065553703,
      "h30/outcome_jam_state_mse": 0.0018281945475825557,
      "h30/outcome_miss_episode_count": 3,
      "h30/outcome_miss_final_state_mse": 0.001372361811352711,
      "h30/outcome_miss_state_mse": 0.004238411647821564,
      "h30/outcome_partial_episode_count": 3,
      "h30/outcome_partial_final_state_mse": 0.0013342720693817326,
      "h30/outcome_partial_state_mse": 0.0013243181513285585,
      "h30/outcome_success_episode_count": 3,
      "h30/outcome_success_final_state_mse": 0.0013905413740990208,
      "h30/outcome_success_state_mse": 0.0013438852264470785,
      "h30/state_mse": 0.0020281610094124453,
      "h40/episode_count": 15,
      "h40/final_state_mse": 0.0020116759281532436,
      "h40/outcome_drop_episode_count": 3,
      "h40/outcome_drop_final_state_mse": 0.002354697659124736,
      "h40/outcome_drop_state_mse": 0.0016980347290537715,
      "h40/outcome_jam_episode_count": 3,
      "h40/outcome_jam_final_state_mse": 0.0019973339452073464,
      "h40/outcome_jam_state_mse": 0.0019753024469014086,
      "h40/outcome_miss_episode_count": 3,
      "h40/outcome_miss_final_state_mse": 0.001641459105645909,
      "h40/outcome_miss_state_mse": 0.003644781408746258,
      "h40/outcome_partial_episode_count": 3,
      "h40/outcome_partial_final_state_mse": 0.0019856078270214057,
      "h40/outcome_partial_state_mse": 0.0015116280005648245,
      "h40/outcome_success_episode_count": 3,
      "h40/outcome_success_final_state_mse": 0.0020792808115871904,
      "h40/outcome_success_state_mse": 0.0015312461876401714,
      "h40/state_mse": 0.002072198406543607,
      "h50/episode_count": 15,
      "h50/final_state_mse": 0.0019607459797578697,
      "h50/outcome_drop_episode_count": 3,
      "h50/outcome_drop_final_state_mse": 0.0019205979077644598,
      "h50/outcome_drop_state_mse": 0.0018894700131385155,
      "h50/outcome_jam_episode_count": 3,
      "h50/outcome_jam_final_state_mse": 0.0022103652796324562,
      "h50/outcome_jam_state_mse": 0.0021804558373744194,
      "h50/outcome_miss_episode_count": 3,
      "h50/outcome_miss_final_state_mse": 0.001690872208355299,
      "h50/outcome_miss_state_mse": 0.003303362840141346,
      "h50/outcome_partial_episode_count": 3,
      "h50/outcome_partial_final_state_mse": 0.0019450089802928998,
      "h50/outcome_partial_state_mse": 0.0016946826261632583,
      "h50/outcome_success_episode_count": 3,
      "h50/outcome_success_final_state_mse": 0.00203688557144084,
      "h50/outcome_success_state_mse": 0.0017222162321502087,
      "h50/state_mse": 0.0021580375721252042,
      "h75/episode_count": 15,
      "h75/final_state_mse": 0.003604430778353822,
      "h75/outcome_drop_episode_count": 3,
      "h75/outcome_drop_final_state_mse": 0.0024714964423693865,
      "h75/outcome_drop_state_mse": 0.0020171087759512443,
      "h75/outcome_jam_episode_count": 3,
      "h75/outcome_jam_final_state_mse": 0.003963410269980337,
      "h75/outcome_jam_state_mse": 0.0024542406701314424,
      "h75/outcome_miss_episode_count": 3,
      "h75/outcome_miss_final_state_mse": 0.004580228230337691,
      "h75/outcome_miss_state_mse": 0.0029972728820667808,
      "h75/outcome_partial_episode_count": 3,
      "h75/outcome_partial_final_state_mse": 0.0031974710329295765,
      "h75/outcome_partial_state_mse": 0.0018629585839564503,
      "h75/outcome_success_episode_count": 3,
      "h75/outcome_success_final_state_mse": 0.00380954820833175,
      "h75/outcome_success_state_mse": 0.0019234540311859065,
      "h75/state_mse": 0.0022510071465652232,
      "max_requested_horizon": 125,
      "reencode_period": 5,
      "rollout_mode": "periodic_5"
    },
    "periodic_50": {
      "episode_count": 15,
      "h10/episode_count": 15,
      "h10/final_state_mse": 0.0020543414782854467,
      "h10/outcome_drop_episode_count": 3,
      "h10/outcome_drop_final_state_mse": 0.0013985549604970645,
      "h10/outcome_drop_state_mse": 0.0013495325457816031,
      "h10/outcome_jam_episode_count": 3,
      "h10/outcome_jam_final_state_mse": 0.0024674083867104223,
      "h10/outcome_jam_state_mse": 0.0018054247681611503,
      "h10/outcome_miss_episode_count": 3,
      "h10/outcome_miss_final_state_mse": 0.003516680859272776,
      "h10/outcome_miss_state_mse": 0.008598550628213322,
      "h10/outcome_partial_episode_count": 3,
      "h10/outcome_partial_final_state_mse": 0.0014454567305792392,
      "h10/outcome_partial_state_mse": 0.0012766766587114023,
      "h10/outcome_success_episode_count": 3,
      "h10/outcome_success_final_state_mse": 0.0014436062230588564,
      "h10/outcome_success_state_mse": 0.001281684130625008,
      "h10/state_mse": 0.002862373800838695,
      "h100/episode_count": 15,
      "h100/final_state_mse": 142.87003676470587,
      "h100/outcome_drop_episode_count": 3,
      "h100/outcome_drop_final_state_mse": 174.46396053538604,
      "h100/outcome_drop_state_mse": 8.578895526960784,
      "h100/outcome_jam_episode_count": 3,
      "h100/outcome_jam_final_state_mse": 170.72761326210173,
      "h100/outcome_jam_state_mse": 8.152270539726308,
      "h100/outcome_miss_episode_count": 3,
      "h100/outcome_miss_final_state_mse": 93.73191444546569,
      "h100/outcome_miss_state_mse": 5.052561721303104,
      "h100/outcome_partial_episode_count": 3,
      "h100/outcome_partial_final_state_mse": 142.58700980392157,
      "h100/outcome_partial_state_mse": 7.3031433185253265,
      "h100/outcome_success_episode_count": 3,
      "h100/outcome_success_final_state_mse": 132.83968338311888,
      "h100/outcome_success_state_mse": 6.803197891135621,
      "h100/state_mse": 7.178013071895425,
      "h125/episode_count": 15,
      "h125/final_state_mse": 43.40825163398693,
      "h125/outcome_drop_episode_count": 3,
      "h125/outcome_drop_final_state_mse": 58.79406100005106,
      "h125/outcome_drop_state_mse": 12.50068372140523,
      "h125/outcome_jam_episode_count": 3,
      "h125/outcome_jam_final_state_mse": 40.91210019978043,
      "h125/outcome_jam_state_mse": 10.621187448937908,
      "h125/outcome_miss_episode_count": 3,
      "h125/outcome_miss_final_state_mse": 17.09786767897263,
      "h125/outcome_miss_state_mse": 5.917785028594771,
      "h125/outcome_partial_episode_count": 3,
      "h125/outcome_partial_final_state_mse": 52.364429349213644,
      "h125/outcome_partial_state_mse": 10.655688316993464,
      "h125/outcome_success_episode_count": 3,
      "h125/outcome_success_final_state_mse": 47.87277321410335,
      "h125/outcome_success_state_mse": 9.936704044117647,
      "h125/state_mse": 9.926409803921569,
      "h20/episode_count": 15,
      "h20/final_state_mse": 0.005131689084121605,
      "h20/outcome_drop_episode_count": 3,
      "h20/outcome_drop_final_state_mse": 0.004701314408794727,
      "h20/outcome_drop_state_mse": 0.001979697841444826,
      "h20/outcome_jam_episode_count": 3,
      "h20/outcome_jam_final_state_mse": 0.005656546334815181,
      "h20/outcome_jam_state_mse": 0.002305165692871692,
      "h20/outcome_miss_episode_count": 3,
      "h20/outcome_miss_final_state_mse": 0.005594714599497178,
      "h20/outcome_miss_state_mse": 0.006398225999345967,
      "h20/outcome_partial_episode_count": 3,
      "h20/outcome_partial_final_state_mse": 0.004724176004042033,
      "h20/outcome_partial_state_mse": 0.0018865009928061291,
      "h20/outcome_success_episode_count": 3,
      "h20/outcome_success_final_state_mse": 0.0049816957291434795,
      "h20/outcome_success_state_mse": 0.0019026740314134585,
      "h20/state_mse": 0.0028944529115764142,
      "h30/episode_count": 15,
      "h30/final_state_mse": 0.030790810179866217,
      "h30/outcome_drop_episode_count": 3,
      "h30/outcome_drop_final_state_mse": 0.028408743976767546,
      "h30/outcome_drop_state_mse": 0.006153190941073017,
      "h30/outcome_jam_episode_count": 3,
      "h30/outcome_jam_final_state_mse": 0.033111543437234714,
      "h30/outcome_jam_state_mse": 0.0067440618876538246,
      "h30/outcome_miss_episode_count": 3,
      "h30/outcome_miss_final_state_mse": 0.02980881267123752,
      "h30/outcome_miss_state_mse": 0.009401825466446887,
      "h30/outcome_partial_episode_count": 3,
      "h30/outcome_partial_final_state_mse": 0.03147978252834744,
      "h30/outcome_partial_state_mse": 0.006249904113137904,
      "h30/outcome_success_episode_count": 3,
      "h30/outcome_success_final_state_mse": 0.03114516127343271,
      "h30/outcome_success_state_mse": 0.006206114567442917,
      "h30/state_mse": 0.006951019353596473,
      "h40/episode_count": 15,
      "h40/final_state_mse": 0.16711918450648489,
      "h40/outcome_drop_episode_count": 3,
      "h40/outcome_drop_final_state_mse": 0.1626277624392042,
      "h40/outcome_drop_state_mse": 0.026073422151453356,
      "h40/outcome_jam_episode_count": 3,
      "h40/outcome_jam_final_state_mse": 0.17570659849378797,
      "h40/outcome_jam_state_mse": 0.028159226934894237,
      "h40/outcome_miss_episode_count": 3,
      "h40/outcome_miss_final_state_mse": 0.13411944520239735,
      "h40/outcome_miss_state_mse": 0.02484803542592167,
      "h40/outcome_partial_episode_count": 3,
      "h40/outcome_partial_final_state_mse": 0.18550344541961072,
      "h40/outcome_partial_state_mse": 0.028381277844796774,
      "h40/outcome_success_episode_count": 3,
      "h40/outcome_success_final_state_mse": 0.17763864916134503,
      "h40/outcome_success_state_mse": 0.027640406290690103,
      "h40/state_mse": 0.02702047310623468,
      "h50/episode_count": 15,
      "h50/final_state_mse": 1.1615954031352125,
      "h50/outcome_drop_episode_count": 3,
      "h50/outcome_drop_final_state_mse": 1.06833987765842,
      "h50/outcome_drop_state_mse": 0.12404942930134294,
      "h50/outcome_jam_episode_count": 3,
      "h50/outcome_jam_final_state_mse": 0.9992118536257276,
      "h50/outcome_jam_state_mse": 0.12221930011425143,
      "h50/outcome_miss_episode_count": 3,
      "h50/outcome_miss_final_state_mse": 1.5762818280388327,
      "h50/outcome_miss_state_mse": 0.15260968775531045,
      "h50/outcome_partial_episode_count": 3,
      "h50/outcome_partial_final_state_mse": 1.1038723615259907,
      "h50/outcome_partial_state_mse": 0.1318762167138991,
      "h50/outcome_success_episode_count": 3,
      "h50/outcome_success_final_state_mse": 1.0602713441537097,
      "h50/outcome_success_state_mse": 0.12591572879965787,
      "h50/state_mse": 0.13133407373366013,
      "h75/episode_count": 15,
      "h75/final_state_mse": 1.2914510888991013,
      "h75/outcome_drop_episode_count": 3,
      "h75/outcome_drop_final_state_mse": 1.4042251250323128,
      "h75/outcome_drop_state_mse": 0.18362520903543708,
      "h75/outcome_jam_episode_count": 3,
      "h75/outcome_jam_final_state_mse": 0.7763543222464767,
      "h75/outcome_jam_state_mse": 0.15025481845298883,
      "h75/outcome_miss_episode_count": 3,
      "h75/outcome_miss_final_state_mse": 1.6592989902870328,
      "h75/outcome_miss_state_mse": 0.2414982468681917,
      "h75/outcome_partial_episode_count": 3,
      "h75/outcome_partial_final_state_mse": 1.3476238811717314,
      "h75/outcome_partial_state_mse": 0.18304213314014842,
      "h75/outcome_success_episode_count": 3,
      "h75/outcome_success_final_state_mse": 1.2697528639650033,
      "h75/outcome_success_state_mse": 0.1747606863383374,
      "h75/state_mse": 0.1866362336601307,
      "max_requested_horizon": 125,
      "reencode_period": 50,
      "rollout_mode": "periodic_50"
    }
  },
  "split": "test",
  "support_alignment": {
    "contact_phase": {
      "contact_phase_family_ari": 0.0,
      "contact_phase_family_nmi": 0.0,
      "contact_phase_family_purity": 0.9996668887408394,
      "contact_phase_sample_count": 3002.0,
      "h_contact_phase_given_family": 0.0030002889533867266,
      "h_family_given_contact_phase": 0.0,
      "unique_contact_phase_count": 2.0,
      "unique_family_count": 1.0
    },
    "contact_phase_alignment_available": true,
    "evaluated_state_count": 3017,
    "family_count": 1,
    "mean_family_similarity": 0.5799990892410278,
    "mean_support_size": 228.51110374544248,
    "outcome_alignment_available": true,
    "outcome_state": {
      "h_family_given_outcome": 0.0,
      "h_outcome_given_family": 1.6094379124341005,
      "outcome_family_ari": 0.0,
      "outcome_family_nmi": 0.0,
      "outcome_family_purity": 0.2,
      "outcome_sample_count": 15.0,
      "unique_family_count": 1.0,
      "unique_outcome_count": 5.0
    },
    "status": "ok",
    "unassigned_state_fraction": 0.0,
    "validation_state_count": 2346
  },
  "support_threshold": 0.2
}
{
  "best_periodic_rollout": {
    "episode_count": 15,
    "h10/episode_count": 15,
    "h10/final_state_mse": 0.0019476555531321008,
    "h10/outcome_drop_episode_count": 3,
    "h10/outcome_drop_final_state_mse": 0.0013586177301952262,
    "h10/outcome_drop_state_mse": 0.0014324736556196524,
    "h10/outcome_jam_episode_count": 3,
    "h10/outcome_jam_final_state_mse": 0.002344408796893226,
    "h10/outcome_jam_state_mse": 0.0018730123058643216,
    "h10/outcome_miss_episode_count": 3,
    "h10/outcome_miss_final_state_mse": 0.0032588806417253283,
    "h10/outcome_miss_state_mse": 0.008623465213900299,
    "h10/outcome_partial_episode_count": 3,
    "h10/outcome_partial_final_state_mse": 0.0013959913642383089,
    "h10/outcome_partial_state_mse": 0.0013616276332755494,
    "h10/outcome_success_episode_count": 3,
    "h10/outcome_success_final_state_mse": 0.001380378307372916,
    "h10/outcome_success_state_mse": 0.0013642472379347857,
    "h10/selected_mode": "periodic_10",
    "h10/selected_period": 10,
    "h10/state_mse": 0.0029309650495940565,
    "h100/episode_count": 15,
    "h100/final_state_mse": 0.0035904856289134305,
    "h100/outcome_drop_episode_count": 3,
    "h100/outcome_drop_final_state_mse": 0.002712886975286833,
    "h100/outcome_drop_state_mse": 0.002132068272509606,
    "h100/outcome_jam_episode_count": 3,
    "h100/outcome_jam_final_state_mse": 0.00385730304554397,
    "h100/outcome_jam_state_mse": 0.0026310123493468837,
    "h100/outcome_miss_episode_count": 3,
    "h100/outcome_miss_final_state_mse": 0.006467051073616626,
    "h100/outcome_miss_state_mse": 0.003303904876210331,
    "h100/outcome_partial_episode_count": 3,
    "h100/outcome_partial_final_state_mse": 0.0016998179451702467,
    "h100/outcome_partial_state_mse": 0.001714935302734375,
    "h100/outcome_success_episode_count": 3,
    "h100/outcome_success_final_state_mse": 0.003215369616263832,
    "h100/outcome_success_state_mse": 0.002088724055321388,
    "h100/selected_mode": "periodic_10",
    "h100/selected_period": 10,
    "h100/state_mse": 0.0023741289525250203,
    "h125/episode_count": 15,
    "h125/final_state_mse": 0.004562682731478822,
    "h125/outcome_drop_episode_count": 3,
    "h125/outcome_drop_final_state_mse": 0.004631969712528528,
    "h125/outcome_drop_state_mse": 0.002920483358545241,
    "h125/outcome_jam_episode_count": 3,
    "h125/outcome_jam_final_state_mse": 0.0054981140237228545,
    "h125/outcome_jam_state_mse": 0.0031582977195191227,
    "h125/outcome_miss_episode_count": 3,
    "h125/outcome_miss_final_state_mse": 0.006578618039687474,
    "h125/outcome_miss_state_mse": 0.0034308552960165186,
    "h125/outcome_partial_episode_count": 3,
    "h125/outcome_partial_final_state_mse": 0.001669637603210468,
    "h125/outcome_partial_state_mse": 0.001979039460225822,
    "h125/outcome_success_episode_count": 3,
    "h125/outcome_success_final_state_mse": 0.004435073511273253,
    "h125/outcome_success_state_mse": 0.0026364312764086753,
    "h125/selected_mode": "periodic_5",
    "h125/selected_period": 5,
    "h125/state_mse": 0.002825021063112745,
    "h20/episode_count": 15,
    "h20/final_state_mse": 0.0014011001275255788,
    "h20/outcome_drop_episode_count": 3,
    "h20/outcome_drop_final_state_mse": 0.001160436778578883,
    "h20/outcome_drop_state_mse": 0.0014162528359032923,
    "h20/outcome_jam_episode_count": 3,
    "h20/outcome_jam_final_state_mse": 0.0013045525190487407,
    "h20/outcome_jam_state_mse": 0.0018099829262378168,
    "h20/outcome_miss_episode_count": 3,
    "h20/outcome_miss_final_state_mse": 0.002455125593282039,
    "h20/outcome_miss_state_mse": 0.005808263666489545,
    "h20/outcome_partial_episode_count": 3,
    "h20/outcome_partial_final_state_mse": 0.0010212337220805922,
    "h20/outcome_partial_state_mse": 0.0013380523405823054,
    "h20/outcome_success_episode_count": 3,
    "h20/outcome_success_final_state_mse": 0.0010641526333452051,
    "h20/outcome_success_state_mse": 0.001352328704852684,
    "h20/selected_mode": "periodic_10",
    "h20/selected_period": 10,
    "h20/state_mse": 0.0023449761883106105,
    "h30/episode_count": 15,
    "h30/final_state_mse": 0.0013504240247938367,
    "h30/outcome_drop_episode_count": 3,
    "h30/outcome_drop_final_state_mse": 0.0012806755021896239,
    "h30/outcome_drop_state_mse": 0.001457794013885631,
    "h30/outcome_jam_episode_count": 3,
    "h30/outcome_jam_final_state_mse": 0.0016638221207007863,
    "h30/outcome_jam_state_mse": 0.0018639289735449165,
    "h30/outcome_miss_episode_count": 3,
    "h30/outcome_miss_final_state_mse": 0.0012797902466035356,
    "h30/outcome_miss_state_mse": 0.004426119582066089,
    "h30/outcome_partial_episode_count": 3,
    "h30/outcome_partial_final_state_mse": 0.0012206349010561027,
    "h30/outcome_partial_state_mse": 0.0013856984431447547,
    "h30/outcome_success_episode_count": 3,
    "h30/outcome_success_final_state_mse": 0.0013071977673402798,
    "h30/outcome_success_state_mse": 0.0013999987791306573,
    "h30/selected_mode": "periodic_10",
    "h30/selected_period": 10,
    "h30/state_mse": 0.002106707870051232,
    "h40/episode_count": 15,
    "h40/final_state_mse": 0.0014948098488103332,
    "h40/outcome_drop_episode_count": 3,
    "h40/outcome_drop_final_state_mse": 0.0016129709585429796,
    "h40/outcome_drop_state_mse": 0.0016552354775223078,
    "h40/outcome_jam_episode_count": 3,
    "h40/outcome_jam_final_state_mse": 0.0015471367275013642,
    "h40/outcome_jam_state_mse": 0.0019376791380589305,
    "h40/outcome_miss_episode_count": 3,
    "h40/outcome_miss_final_state_mse": 0.0015109991959107467,
    "h40/outcome_miss_state_mse": 0.003773566632488974,
    "h40/outcome_partial_episode_count": 3,
    "h40/outcome_partial_final_state_mse": 0.0013721120464645958,
    "h40/outcome_partial_state_mse": 0.0014730278573005027,
    "h40/outcome_success_episode_count": 3,
    "h40/outcome_success_final_state_mse": 0.0014308304860700968,
    "h40/outcome_success_state_mse": 0.0014883959605023751,
    "h40/selected_mode": "periodic_10",
    "h40/selected_period": 10,
    "h40/state_mse": 0.002065581028757532,
    "h50/episode_count": 15,
    "h50/final_state_mse": 0.0016606857574063968,
    "h50/outcome_drop_episode_count": 3,
    "h50/outcome_drop_final_state_mse": 0.0017299597072445488,
    "h50/outcome_drop_state_mse": 0.0017812497943055397,
    "h50/outcome_jam_episode_count": 3,
    "h50/outcome_jam_final_state_mse": 0.001921694530965456,
    "h50/outcome_jam_state_mse": 0.0020670151243022843,
    "h50/outcome_miss_episode_count": 3,
    "h50/outcome_miss_final_state_mse": 0.0016705480714639027,
    "h50/outcome_miss_state_mse": 0.0034016707675908905,
    "h50/outcome_partial_episode_count": 3,
    "h50/outcome_partial_final_state_mse": 0.0014630620994793824,
    "h50/outcome_partial_state_mse": 0.0015593816408144882,
    "h50/outcome_success_episode_count": 3,
    "h50/outcome_success_final_state_mse": 0.0015181650474570157,
    "h50/outcome_success_state_mse": 0.0015807312298444362,
    "h50/selected_mode": "periodic_10",
    "h50/selected_period": 10,
    "h50/state_mse": 0.0020780097113715277,
    "h75/episode_count": 15,
    "h75/final_state_mse": 0.003698158887476703,
    "h75/outcome_drop_episode_count": 3,
    "h75/outcome_drop_final_state_mse": 0.0026647102063387827,
    "h75/outcome_drop_state_mse": 0.001934038050034467,
    "h75/outcome_jam_episode_count": 3,
    "h75/outcome_jam_final_state_mse": 0.003957143406462825,
    "h75/outcome_jam_state_mse": 0.0023111598943573197,
    "h75/outcome_miss_episode_count": 3,
    "h75/outcome_miss_final_state_mse": 0.004671486471992692,
    "h75/outcome_miss_state_mse": 0.0030749136066644538,
    "h75/outcome_partial_episode_count": 3,
    "h75/outcome_partial_final_state_mse": 0.0032379708551113903,
    "h75/outcome_partial_state_mse": 0.0017181465880283862,
    "h75/outcome_success_episode_count": 3,
    "h75/outcome_success_final_state_mse": 0.003959483497477824,
    "h75/outcome_success_state_mse": 0.0017723443773057725,
    "h75/selected_mode": "periodic_10",
    "h75/selected_period": 10,
    "h75/state_mse": 0.0021621204118583196,
    "max_requested_horizon": 125,
    "periodic_reencode_periods": [
      1,
      2,
      5,
      10,
      20,
      50,
      100
    ],
    "rollout_mode": "best_periodic"
  },
  "checkpoint": "runs/maniskill_insertion/perturbation_e20_5k_lista_refine_20260604_143125/lista_relu_a0p02_sp1em3_loops1/seed0/checkpoint.pt",
  "checkpoint_step": 2500,
  "dataset": "data/maniskill/perturbation_assessment_seed0_e20/all_setups.npz",
  "device": "cuda",
  "family_jaccard": 0.4,
  "horizons": [
    10,
    20,
    30,
    40,
    50,
    75,
    100,
    125
  ],
  "labels_used_for_training": false,
  "periodic_reencode_periods": [
    1,
    2,
    5,
    10,
    20,
    50,
    100
  ],
  "rollout": {
    "episode_count": 15,
    "h10/episode_count": 15,
    "h10/final_state_mse": 0.0019476550856446907,
    "h10/outcome_drop_episode_count": 3,
    "h10/outcome_drop_final_state_mse": 0.0013586172067067202,
    "h10/outcome_drop_state_mse": 0.0014324735387478,
    "h10/outcome_jam_episode_count": 3,
    "h10/outcome_jam_final_state_mse": 0.0023444084560169894,
    "h10/outcome_jam_state_mse": 0.0018730122669070376,
    "h10/outcome_miss_episode_count": 3,
    "h10/outcome_miss_final_state_mse": 0.0032588810312981697,
    "h10/outcome_miss_state_mse": 0.008623464902242025,
    "h10/outcome_partial_episode_count": 3,
    "h10/outcome_partial_final_state_mse": 0.0013959911572777367,
    "h10/outcome_partial_state_mse": 0.001361627516403697,
    "h10/outcome_success_episode_count": 3,
    "h10/outcome_success_final_state_mse": 0.0013803780517157387,
    "h10/outcome_success_state_mse": 0.0013642471015842912,
    "h10/state_mse": 0.0029309650495940565,
    "h100/episode_count": 15,
    "h100/final_state_mse": 272644.3503267974,
    "h100/outcome_drop_episode_count": 3,
    "h100/outcome_drop_final_state_mse": 264741.77777777775,
    "h100/outcome_drop_state_mse": 12344.624575163398,
    "h100/outcome_jam_episode_count": 3,
    "h100/outcome_jam_final_state_mse": 313061.4117647059,
    "h100/outcome_jam_state_mse": 14212.219346405229,
    "h100/outcome_miss_episode_count": 3,
    "h100/outcome_miss_final_state_mse": 171019.68300653595,
    "h100/outcome_miss_state_mse": 7865.692156862745,
    "h100/outcome_partial_episode_count": 3,
    "h100/outcome_partial_final_state_mse": 308455.6993464052,
    "h100/outcome_partial_state_mse": 13925.58065359477,
    "h100/outcome_success_episode_count": 3,
    "h100/outcome_success_final_state_mse": 305943.1699346405,
    "h100/outcome_success_state_mse": 13915.736470588236,
    "h100/state_mse": 12452.770300653594,
    "h125/episode_count": 15,
    "h125/final_state_mse": 100144704.92026144,
    "h125/outcome_drop_episode_count": 3,
    "h125/outcome_drop_final_state_mse": 91000077.38562092,
    "h125/outcome_drop_state_mse": 3640721.033202614,
    "h125/outcome_jam_episode_count": 3,
    "h125/outcome_jam_final_state_mse": 119034414.8496732,
    "h125/outcome_jam_state_mse": 4700430.657254902,
    "h125/outcome_miss_episode_count": 3,
    "h125/outcome_miss_final_state_mse": 62958739.241830066,
    "h125/outcome_miss_state_mse": 2488834.7842091504,
    "h125/outcome_partial_episode_count": 3,
    "h125/outcome_partial_final_state_mse": 115835860.49673203,
    "h125/outcome_partial_state_mse": 4584888.333385621,
    "h125/outcome_success_episode_count": 3,
    "h125/outcome_success_final_state_mse": 111894420.91503268,
    "h125/outcome_success_state_mse": 4433002.710169935,
    "h125/state_mse": 3969575.3162457515,
    "h20/episode_count": 15,
    "h20/final_state_mse": 0.004876507029813878,
    "h20/outcome_drop_episode_count": 3,
    "h20/outcome_drop_final_state_mse": 0.004749743474854363,
    "h20/outcome_drop_state_mse": 0.002036836645961587,
    "h20/outcome_jam_episode_count": 3,
    "h20/outcome_jam_final_state_mse": 0.0053597092628479,
    "h20/outcome_jam_state_mse": 0.002378259803734574,
    "h20/outcome_miss_episode_count": 3,
    "h20/outcome_miss_final_state_mse": 0.004564989236445209,
    "h20/outcome_miss_state_mse": 0.0060461366877836336,
    "h20/outcome_partial_episode_count": 3,
    "h20/outcome_partial_final_state_mse": 0.004784217846938987,
    "h20/outcome_partial_state_mse": 0.001955546545826532,
    "h20/outcome_success_episode_count": 3,
    "h20/outcome_success_final_state_mse": 0.004923873282725515,
    "h20/outcome_success_state_mse": 0.001964489268321617,
    "h20/state_mse": 0.002876253813699959,
    "h30/episode_count": 15,
    "h30/final_state_mse": 0.04816712522818372,
    "h30/outcome_drop_episode_count": 3,
    "h30/outcome_drop_final_state_mse": 0.04691420427334854,
    "h30/outcome_drop_state_mse": 0.008160220252143012,
    "h30/outcome_jam_episode_count": 3,
    "h30/outcome_jam_final_state_mse": 0.05600818154079462,
    "h30/outcome_jam_state_mse": 0.009379704377749907,
    "h30/outcome_miss_episode_count": 3,
    "h30/outcome_miss_final_state_mse": 0.0334193153319016,
    "h30/outcome_miss_state_mse": 0.009254145778082555,
    "h30/outcome_partial_episode_count": 3,
    "h30/outcome_partial_final_state_mse": 0.05283735312667547,
    "h30/outcome_partial_state_mse": 0.008656074070982425,
    "h30/outcome_success_episode_count": 3,
    "h30/outcome_success_final_state_mse": 0.05165657342648974,
    "h30/outcome_success_state_mse": 0.008490745382371292,
    "h30/state_mse": 0.008788178221592457,
    "h40/episode_count": 15,
    "h40/final_state_mse": 0.3001606860191993,
    "h40/outcome_drop_episode_count": 3,
    "h40/outcome_drop_final_state_mse": 0.3031575103211247,
    "h40/outcome_drop_state_mse": 0.044903142467822905,
    "h40/outcome_jam_episode_count": 3,
    "h40/outcome_jam_final_state_mse": 0.34698166255078283,
    "h40/outcome_jam_state_mse": 0.051631060456917954,
    "h40/outcome_miss_episode_count": 3,
    "h40/outcome_miss_final_state_mse": 0.17605195014305364,
    "h40/outcome_miss_state_mse": 0.030959039575913373,
    "h40/outcome_partial_episode_count": 3,
    "h40/outcome_partial_final_state_mse": 0.3457091337715099,
    "h40/outcome_partial_state_mse": 0.05004860684762593,
    "h40/outcome_success_episode_count": 3,
    "h40/outcome_success_final_state_mse": 0.3289031888924393,
    "h40/outcome_success_state_mse": 0.04804965623843124,
    "h40/state_mse": 0.04511830049402574,
    "h50/episode_count": 15,
    "h50/final_state_mse": 1.4713765063316993,
    "h50/outcome_drop_episode_count": 3,
    "h50/outcome_drop_final_state_mse": 1.323839249953725,
    "h50/outcome_drop_state_mse": 0.18918070076337826,
    "h50/outcome_jam_episode_count": 3,
    "h50/outcome_jam_final_state_mse": 1.6323140960892821,
    "h50/outcome_jam_state_mse": 0.22647381950827206,
    "h50/outcome_miss_episode_count": 3,
    "h50/outcome_miss_final_state_mse": 1.2746049968245763,
    "h50/outcome_miss_state_mse": 0.1404006459354575,
    "h50/outcome_partial_episode_count": 3,
    "h50/outcome_partial_final_state_mse": 1.6225722319160412,
    "h50/outcome_partial_state_mse": 0.2244048274420445,
    "h50/outcome_success_episode_count": 3,
    "h50/outcome_success_final_state_mse": 1.503552181268829,
    "h50/outcome_success_state_mse": 0.21080459893918504,
    "h50/state_mse": 0.19825292330473857,
    "h75/episode_count": 15,
    "h75/final_state_mse": 629.4531045751634,
    "h75/outcome_drop_episode_count": 3,
    "h75/outcome_drop_final_state_mse": 667.0668913398692,
    "h75/outcome_drop_state_mse": 39.562324686819174,
    "h75/outcome_jam_episode_count": 3,
    "h75/outcome_jam_final_state_mse": 711.7793670853758,
    "h75/outcome_jam_state_mse": 42.13111757897604,
    "h75/outcome_miss_episode_count": 3,
    "h75/outcome_miss_final_state_mse": 376.91797513276146,
    "h75/outcome_miss_state_mse": 24.034100285947712,
    "h75/outcome_partial_episode_count": 3,
    "h75/outcome_partial_final_state_mse": 684.7345920138889,
    "h75/outcome_partial_state_mse": 40.53312806372549,
    "h75/outcome_success_episode_count": 3,
    "h75/outcome_success_final_state_mse": 706.7666398590686,
    "h75/outcome_success_state_mse": 41.9187091503268,
    "h75/state_mse": 37.63587363834423,
    "max_requested_horizon": 125,
    "reencode_period": null,
    "rollout_mode": "no_reencode"
  },
  "rollout_modes": {
    "no_reencode": {
      "episode_count": 15,
      "h10/episode_count": 15,
      "h10/final_state_mse": 0.0019476550856446907,
      "h10/outcome_drop_episode_count": 3,
      "h10/outcome_drop_final_state_mse": 0.0013586172067067202,
      "h10/outcome_drop_state_mse": 0.0014324735387478,
      "h10/outcome_jam_episode_count": 3,
      "h10/outcome_jam_final_state_mse": 0.0023444084560169894,
      "h10/outcome_jam_state_mse": 0.0018730122669070376,
      "h10/outcome_miss_episode_count": 3,
      "h10/outcome_miss_final_state_mse": 0.0032588810312981697,
      "h10/outcome_miss_state_mse": 0.008623464902242025,
      "h10/outcome_partial_episode_count": 3,
      "h10/outcome_partial_final_state_mse": 0.0013959911572777367,
      "h10/outcome_partial_state_mse": 0.001361627516403697,
      "h10/outcome_success_episode_count": 3,
      "h10/outcome_success_final_state_mse": 0.0013803780517157387,
      "h10/outcome_success_state_mse": 0.0013642471015842912,
      "h10/state_mse": 0.0029309650495940565,
      "h100/episode_count": 15,
      "h100/final_state_mse": 272644.3503267974,
      "h100/outcome_drop_episode_count": 3,
      "h100/outcome_drop_final_state_mse": 264741.77777777775,
      "h100/outcome_drop_state_mse": 12344.624575163398,
      "h100/outcome_jam_episode_count": 3,
      "h100/outcome_jam_final_state_mse": 313061.4117647059,
      "h100/outcome_jam_state_mse": 14212.219346405229,
      "h100/outcome_miss_episode_count": 3,
      "h100/outcome_miss_final_state_mse": 171019.68300653595,
      "h100/outcome_miss_state_mse": 7865.692156862745,
      "h100/outcome_partial_episode_count": 3,
      "h100/outcome_partial_final_state_mse": 308455.6993464052,
      "h100/outcome_partial_state_mse": 13925.58065359477,
      "h100/outcome_success_episode_count": 3,
      "h100/outcome_success_final_state_mse": 305943.1699346405,
      "h100/outcome_success_state_mse": 13915.736470588236,
      "h100/state_mse": 12452.770300653594,
      "h125/episode_count": 15,
      "h125/final_state_mse": 100144704.92026144,
      "h125/outcome_drop_episode_count": 3,
      "h125/outcome_drop_final_state_mse": 91000077.38562092,
      "h125/outcome_drop_state_mse": 3640721.033202614,
      "h125/outcome_jam_episode_count": 3,
      "h125/outcome_jam_final_state_mse": 119034414.8496732,
      "h125/outcome_jam_state_mse": 4700430.657254902,
      "h125/outcome_miss_episode_count": 3,
      "h125/outcome_miss_final_state_mse": 62958739.241830066,
      "h125/outcome_miss_state_mse": 2488834.7842091504,
      "h125/outcome_partial_episode_count": 3,
      "h125/outcome_partial_final_state_mse": 115835860.49673203,
      "h125/outcome_partial_state_mse": 4584888.333385621,
      "h125/outcome_success_episode_count": 3,
      "h125/outcome_success_final_state_mse": 111894420.91503268,
      "h125/outcome_success_state_mse": 4433002.710169935,
      "h125/state_mse": 3969575.3162457515,
      "h20/episode_count": 15,
      "h20/final_state_mse": 0.004876507029813878,
      "h20/outcome_drop_episode_count": 3,
      "h20/outcome_drop_final_state_mse": 0.004749743474854363,
      "h20/outcome_drop_state_mse": 0.002036836645961587,
      "h20/outcome_jam_episode_count": 3,
      "h20/outcome_jam_final_state_mse": 0.0053597092628479,
      "h20/outcome_jam_state_mse": 0.002378259803734574,
      "h20/outcome_miss_episode_count": 3,
      "h20/outcome_miss_final_state_mse": 0.004564989236445209,
      "h20/outcome_miss_state_mse": 0.0060461366877836336,
      "h20/outcome_partial_episode_count": 3,
      "h20/outcome_partial_final_state_mse": 0.004784217846938987,
      "h20/outcome_partial_state_mse": 0.001955546545826532,
      "h20/outcome_success_episode_count": 3,
      "h20/outcome_success_final_state_mse": 0.004923873282725515,
      "h20/outcome_success_state_mse": 0.001964489268321617,
      "h20/state_mse": 0.002876253813699959,
      "h30/episode_count": 15,
      "h30/final_state_mse": 0.04816712522818372,
      "h30/outcome_drop_episode_count": 3,
      "h30/outcome_drop_final_state_mse": 0.04691420427334854,
      "h30/outcome_drop_state_mse": 0.008160220252143012,
      "h30/outcome_jam_episode_count": 3,
      "h30/outcome_jam_final_state_mse": 0.05600818154079462,
      "h30/outcome_jam_state_mse": 0.009379704377749907,
      "h30/outcome_miss_episode_count": 3,
      "h30/outcome_miss_final_state_mse": 0.0334193153319016,
      "h30/outcome_miss_state_mse": 0.009254145778082555,
      "h30/outcome_partial_episode_count": 3,
      "h30/outcome_partial_final_state_mse": 0.05283735312667547,
      "h30/outcome_partial_state_mse": 0.008656074070982425,
      "h30/outcome_success_episode_count": 3,
      "h30/outcome_success_final_state_mse": 0.05165657342648974,
      "h30/outcome_success_state_mse": 0.008490745382371292,
      "h30/state_mse": 0.008788178221592457,
      "h40/episode_count": 15,
      "h40/final_state_mse": 0.3001606860191993,
      "h40/outcome_drop_episode_count": 3,
      "h40/outcome_drop_final_state_mse": 0.3031575103211247,
      "h40/outcome_drop_state_mse": 0.044903142467822905,
      "h40/outcome_jam_episode_count": 3,
      "h40/outcome_jam_final_state_mse": 0.34698166255078283,
      "h40/outcome_jam_state_mse": 0.051631060456917954,
      "h40/outcome_miss_episode_count": 3,
      "h40/outcome_miss_final_state_mse": 0.17605195014305364,
      "h40/outcome_miss_state_mse": 0.030959039575913373,
      "h40/outcome_partial_episode_count": 3,
      "h40/outcome_partial_final_state_mse": 0.3457091337715099,
      "h40/outcome_partial_state_mse": 0.05004860684762593,
      "h40/outcome_success_episode_count": 3,
      "h40/outcome_success_final_state_mse": 0.3289031888924393,
      "h40/outcome_success_state_mse": 0.04804965623843124,
      "h40/state_mse": 0.04511830049402574,
      "h50/episode_count": 15,
      "h50/final_state_mse": 1.4713765063316993,
      "h50/outcome_drop_episode_count": 3,
      "h50/outcome_drop_final_state_mse": 1.323839249953725,
      "h50/outcome_drop_state_mse": 0.18918070076337826,
      "h50/outcome_jam_episode_count": 3,
      "h50/outcome_jam_final_state_mse": 1.6323140960892821,
      "h50/outcome_jam_state_mse": 0.22647381950827206,
      "h50/outcome_miss_episode_count": 3,
      "h50/outcome_miss_final_state_mse": 1.2746049968245763,
      "h50/outcome_miss_state_mse": 0.1404006459354575,
      "h50/outcome_partial_episode_count": 3,
      "h50/outcome_partial_final_state_mse": 1.6225722319160412,
      "h50/outcome_partial_state_mse": 0.2244048274420445,
      "h50/outcome_success_episode_count": 3,
      "h50/outcome_success_final_state_mse": 1.503552181268829,
      "h50/outcome_success_state_mse": 0.21080459893918504,
      "h50/state_mse": 0.19825292330473857,
      "h75/episode_count": 15,
      "h75/final_state_mse": 629.4531045751634,
      "h75/outcome_drop_episode_count": 3,
      "h75/outcome_drop_final_state_mse": 667.0668913398692,
      "h75/outcome_drop_state_mse": 39.562324686819174,
      "h75/outcome_jam_episode_count": 3,
      "h75/outcome_jam_final_state_mse": 711.7793670853758,
      "h75/outcome_jam_state_mse": 42.13111757897604,
      "h75/outcome_miss_episode_count": 3,
      "h75/outcome_miss_final_state_mse": 376.91797513276146,
      "h75/outcome_miss_state_mse": 24.034100285947712,
      "h75/outcome_partial_episode_count": 3,
      "h75/outcome_partial_final_state_mse": 684.7345920138889,
      "h75/outcome_partial_state_mse": 40.53312806372549,
      "h75/outcome_success_episode_count": 3,
      "h75/outcome_success_final_state_mse": 706.7666398590686,
      "h75/outcome_success_state_mse": 41.9187091503268,
      "h75/state_mse": 37.63587363834423,
      "max_requested_horizon": 125,
      "reencode_period": null,
      "rollout_mode": "no_reencode"
    },
    "periodic_1": {
      "episode_count": 15,
      "h10/episode_count": 15,
      "h10/final_state_mse": 0.003077826157114864,
      "h10/outcome_drop_episode_count": 3,
      "h10/outcome_drop_final_state_mse": 0.002066926190666124,
      "h10/outcome_drop_state_mse": 0.002118480984681572,
      "h10/outcome_jam_episode_count": 3,
      "h10/outcome_jam_final_state_mse": 0.002712008658966987,
      "h10/outcome_jam_state_mse": 0.0025279441300560448,
      "h10/outcome_miss_episode_count": 3,
      "h10/outcome_miss_final_state_mse": 0.006521852382647446,
      "h10/outcome_miss_state_mse": 0.010776444977405025,
      "h10/outcome_partial_episode_count": 3,
      "h10/outcome_partial_final_state_mse": 0.0020210837665336585,
      "h10/outcome_partial_state_mse": 0.001983413820952372,
      "h10/outcome_success_episode_count": 3,
      "h10/outcome_success_final_state_mse": 0.0020672606632989995,
      "h10/outcome_success_state_mse": 0.002020415605283251,
      "h10/state_mse": 0.003885339973798764,
      "h100/episode_count": 15,
      "h100/final_state_mse": 0.00562638924791922,
      "h100/outcome_drop_episode_count": 3,
      "h100/outcome_drop_final_state_mse": 0.009066851115694233,
      "h100/outcome_drop_state_mse": 0.008204304813559538,
      "h100/outcome_jam_episode_count": 3,
      "h100/outcome_jam_final_state_mse": 0.005449543883597929,
      "h100/outcome_jam_state_mse": 0.005877517251407399,
      "h100/outcome_miss_episode_count": 3,
      "h100/outcome_miss_final_state_mse": 0.0073560968138813194,
      "h100/outcome_miss_state_mse": 0.005775423361585031,
      "h100/outcome_partial_episode_count": 3,
      "h100/outcome_partial_final_state_mse": 0.002440172521507039,
      "h100/outcome_partial_state_mse": 0.004815582449919258,
      "h100/outcome_success_episode_count": 3,
      "h100/outcome_success_final_state_mse": 0.003819282586668052,
      "h100/outcome_success_state_mse": 0.00524231518016142,
      "h100/state_mse": 0.005983028636259191,
      "h125/episode_count": 15,
      "h125/final_state_mse": 0.006480892031800513,
      "h125/outcome_drop_episode_count": 3,
      "h125/outcome_drop_final_state_mse": 0.005617020858658684,
      "h125/outcome_drop_state_mse": 0.008246135636871937,
      "h125/outcome_jam_episode_count": 3,
      "h125/outcome_jam_final_state_mse": 0.00872135688276852,
      "h125/outcome_jam_state_mse": 0.006316660662881689,
      "h125/outcome_miss_episode_count": 3,
      "h125/outcome_miss_final_state_mse": 0.010096786677642586,
      "h125/outcome_miss_state_mse": 0.00653600326238894,
      "h125/outcome_partial_episode_count": 3,
      "h125/outcome_partial_final_state_mse": 0.002474128372139401,
      "h125/outcome_partial_state_mse": 0.004350491293115553,
      "h125/outcome_success_episode_count": 3,
      "h125/outcome_success_final_state_mse": 0.005495168122590757,
      "h125/outcome_success_state_mse": 0.005229048585580065,
      "h125/state_mse": 0.00613566814746732,
      "h20/episode_count": 15,
      "h20/final_state_mse": 0.002899820352691451,
      "h20/outcome_drop_episode_count": 3,
      "h20/outcome_drop_final_state_mse": 0.002723887757538191,
      "h20/outcome_drop_state_mse": 0.0022686524523629083,
      "h20/outcome_jam_episode_count": 3,
      "h20/outcome_jam_final_state_mse": 0.002921490303052017,
      "h20/outcome_jam_state_mse": 0.0026126053987764845,
      "h20/outcome_miss_episode_count": 3,
      "h20/outcome_miss_final_state_mse": 0.003429122025670569,
      "h20/outcome_miss_state_mse": 0.007935483159582599,
      "h20/outcome_partial_episode_count": 3,
      "h20/outcome_partial_final_state_mse": 0.0026593847455931643,
      "h20/outcome_partial_state_mse": 0.002194845364763846,
      "h20/outcome_success_episode_count": 3,
      "h20/outcome_success_final_state_mse": 0.002765217491614273,
      "h20/outcome_success_state_mse": 0.0022224607615689046,
      "h20/state_mse": 0.0034468096066144556,
      "h30/episode_count": 15,
      "h30/final_state_mse": 0.0037291034374361725,
      "h30/outcome_drop_episode_count": 3,
      "h30/outcome_drop_final_state_mse": 0.004003056611110962,
      "h30/outcome_drop_state_mse": 0.002566266787078126,
      "h30/outcome_jam_episode_count": 3,
      "h30/outcome_jam_final_state_mse": 0.003917059867210637,
      "h30/outcome_jam_state_mse": 0.0029287572519971394,
      "h30/outcome_miss_episode_count": 3,
      "h30/outcome_miss_final_state_mse": 0.003470676494579689,
      "h30/outcome_miss_state_mse": 0.006433732629082042,
      "h30/outcome_partial_episode_count": 3,
      "h30/outcome_partial_final_state_mse": 0.0035858008207059373,
      "h30/outcome_partial_state_mse": 0.002502437276777878,
      "h30/outcome_success_episode_count": 3,
      "h30/outcome_success_final_state_mse": 0.003668922857910979,
      "h30/outcome_success_state_mse": 0.0025437637611671732,
      "h30/state_mse": 0.0033949914736945124,
      "h40/episode_count": 15,
      "h40/final_state_mse": 0.006616321887845307,
      "h40/outcome_drop_episode_count": 3,
      "h40/outcome_drop_final_state_mse": 0.006901877183540195,
      "h40/outcome_drop_state_mse": 0.003144402519550199,
      "h40/outcome_jam_episode_count": 3,
      "h40/outcome_jam_final_state_mse": 0.006295420278131572,
      "h40/outcome_jam_state_mse": 0.003406796268388337,
      "h40/outcome_miss_episode_count": 3,
      "h40/outcome_miss_final_state_mse": 0.006498572532258003,
      "h40/outcome_miss_state_mse": 0.006027644288306142,
      "h40/outcome_partial_episode_count": 3,
      "h40/outcome_partial_final_state_mse": 0.006700345990704555,
      "h40/outcome_partial_state_mse": 0.0030058583402945327,
      "h40/outcome_success_episode_count": 3,
      "h40/outcome_success_final_state_mse": 0.006685394574614132,
      "h40/outcome_success_state_mse": 0.0030447638112735126,
      "h40/state_mse": 0.0037258931078941993,
      "h50/episode_count": 15,
      "h50/final_state_mse": 0.009697676639930874,
      "h50/outcome_drop_episode_count": 3,
      "h50/outcome_drop_final_state_mse": 0.012670712825519587,
      "h50/outcome_drop_state_mse": 0.00445806029575323,
      "h50/outcome_jam_episode_count": 3,
      "h50/outcome_jam_final_state_mse": 0.008460628051383822,
      "h50/outcome_jam_state_mse": 0.0046470197041829425,
      "h50/outcome_miss_episode_count": 3,
      "h50/outcome_miss_final_state_mse": 0.005700047986180175,
      "h50/outcome_miss_state_mse": 0.006181951036640242,
      "h50/outcome_partial_episode_count": 3,
      "h50/outcome_partial_final_state_mse": 0.010752361973905875,
      "h50/outcome_partial_state_mse": 0.004322780035679636,
      "h50/outcome_success_episode_count": 3,
      "h50/outcome_success_final_state_mse": 0.010904632849630967,
      "h50/outcome_success_state_mse": 0.004374724618749681,
      "h50/state_mse": 0.004796907312729779,
      "h75/episode_count": 15,
      "h75/final_state_mse": 0.006562664929558249,
      "h75/outcome_drop_episode_count": 3,
      "h75/outcome_drop_final_state_mse": 0.012141220125497556,
      "h75/outcome_drop_state_mse": 0.007422183167700674,
      "h75/outcome_jam_episode_count": 3,
      "h75/outcome_jam_final_state_mse": 0.005007757860071519,
      "h75/outcome_jam_state_mse": 0.0060193602451831425,
      "h75/outcome_miss_episode_count": 3,
      "h75/outcome_miss_final_state_mse": 0.005569326916551278,
      "h75/outcome_miss_state_mse": 0.005594318032524425,
      "h75/outcome_partial_episode_count": 3,
      "h75/outcome_partial_final_state_mse": 0.004469893921434489,
      "h75/outcome_partial_state_mse": 0.005467982406449993,
      "h75/outcome_success_episode_count": 3,
      "h75/outcome_success_final_state_mse": 0.005625127479920979,
      "h75/outcome_success_state_mse": 0.005560335645488664,
      "h75/state_mse": 0.006012835733251634,
      "max_requested_horizon": 125,
      "reencode_period": 1,
      "rollout_mode": "periodic_1"
    },
    "periodic_10": {
      "episode_count": 15,
      "h10/episode_count": 15,
      "h10/final_state_mse": 0.0019476555531321008,
      "h10/outcome_drop_episode_count": 3,
      "h10/outcome_drop_final_state_mse": 0.0013586177301952262,
      "h10/outcome_drop_state_mse": 0.0014324736556196524,
      "h10/outcome_jam_episode_count": 3,
      "h10/outcome_jam_final_state_mse": 0.002344408796893226,
      "h10/outcome_jam_state_mse": 0.0018730123058643216,
      "h10/outcome_miss_episode_count": 3,
      "h10/outcome_miss_final_state_mse": 0.0032588806417253283,
      "h10/outcome_miss_state_mse": 0.008623465213900299,
      "h10/outcome_partial_episode_count": 3,
      "h10/outcome_partial_final_state_mse": 0.0013959913642383089,
      "h10/outcome_partial_state_mse": 0.0013616276332755494,
      "h10/outcome_success_episode_count": 3,
      "h10/outcome_success_final_state_mse": 0.001380378307372916,
      "h10/outcome_success_state_mse": 0.0013642472379347857,
      "h10/state_mse": 0.0029309650495940565,
      "h100/episode_count": 15,
      "h100/final_state_mse": 0.0035904856289134305,
      "h100/outcome_drop_episode_count": 3,
      "h100/outcome_drop_final_state_mse": 0.002712886975286833,
      "h100/outcome_drop_state_mse": 0.002132068272509606,
      "h100/outcome_jam_episode_count": 3,
      "h100/outcome_jam_final_state_mse": 0.00385730304554397,
      "h100/outcome_jam_state_mse": 0.0026310123493468837,
      "h100/outcome_miss_episode_count": 3,
      "h100/outcome_miss_final_state_mse": 0.006467051073616626,
      "h100/outcome_miss_state_mse": 0.003303904876210331,
      "h100/outcome_partial_episode_count": 3,
      "h100/outcome_partial_final_state_mse": 0.0016998179451702467,
      "h100/outcome_partial_state_mse": 0.001714935302734375,
      "h100/outcome_success_episode_count": 3,
      "h100/outcome_success_final_state_mse": 0.003215369616263832,
      "h100/outcome_success_state_mse": 0.002088724055321388,
      "h100/state_mse": 0.0023741289525250203,
      "h125/episode_count": 15,
      "h125/final_state_mse": 0.005975197187436172,
      "h125/outcome_drop_episode_count": 3,
      "h125/outcome_drop_final_state_mse": 0.003964919134292727,
      "h125/outcome_drop_state_mse": 0.0024898925980711296,
      "h125/outcome_jam_episode_count": 3,
      "h125/outcome_jam_final_state_mse": 0.007151228783566967,
      "h125/outcome_jam_state_mse": 0.0031981376697814545,
      "h125/outcome_miss_episode_count": 3,
      "h125/outcome_miss_final_state_mse": 0.012067560130864187,
      "h125/outcome_miss_state_mse": 0.004410145728416692,
      "h125/outcome_partial_episode_count": 3,
      "h125/outcome_partial_final_state_mse": 0.0016531079423193838,
      "h125/outcome_partial_state_mse": 0.0017152448666641136,
      "h125/outcome_success_episode_count": 3,
      "h125/outcome_success_final_state_mse": 0.005039173403596566,
      "h125/outcome_success_state_mse": 0.002498582677903518,
      "h125/state_mse": 0.0028624004289215686,
      "h20/episode_count": 15,
      "h20/final_state_mse": 0.0014011001275255788,
      "h20/outcome_drop_episode_count": 3,
      "h20/outcome_drop_final_state_mse": 0.001160436778578883,
      "h20/outcome_drop_state_mse": 0.0014162528359032923,
      "h20/outcome_jam_episode_count": 3,
      "h20/outcome_jam_final_state_mse": 0.0013045525190487407,
      "h20/outcome_jam_state_mse": 0.0018099829262378168,
      "h20/outcome_miss_episode_count": 3,
      "h20/outcome_miss_final_state_mse": 0.002455125593282039,
      "h20/outcome_miss_state_mse": 0.005808263666489545,
      "h20/outcome_partial_episode_count": 3,
      "h20/outcome_partial_final_state_mse": 0.0010212337220805922,
      "h20/outcome_partial_state_mse": 0.0013380523405823054,
      "h20/outcome_success_episode_count": 3,
      "h20/outcome_success_final_state_mse": 0.0010641526333452051,
      "h20/outcome_success_state_mse": 0.001352328704852684,
      "h20/state_mse": 0.0023449761883106105,
      "h30/episode_count": 15,
      "h30/final_state_mse": 0.0013504240247938367,
      "h30/outcome_drop_episode_count": 3,
      "h30/outcome_drop_final_state_mse": 0.0012806755021896239,
      "h30/outcome_drop_state_mse": 0.001457794013885631,
      "h30/outcome_jam_episode_count": 3,
      "h30/outcome_jam_final_state_mse": 0.0016638221207007863,
      "h30/outcome_jam_state_mse": 0.0018639289735449165,
      "h30/outcome_miss_episode_count": 3,
      "h30/outcome_miss_final_state_mse": 0.0012797902466035356,
      "h30/outcome_miss_state_mse": 0.004426119582066089,
      "h30/outcome_partial_episode_count": 3,
      "h30/outcome_partial_final_state_mse": 0.0012206349010561027,
      "h30/outcome_partial_state_mse": 0.0013856984431447547,
      "h30/outcome_success_episode_count": 3,
      "h30/outcome_success_final_state_mse": 0.0013071977673402798,
      "h30/outcome_success_state_mse": 0.0013999987791306573,
      "h30/state_mse": 0.002106707870051232,
      "h40/episode_count": 15,
      "h40/final_state_mse": 0.0014948098488103332,
      "h40/outcome_drop_episode_count": 3,
      "h40/outcome_drop_final_state_mse": 0.0016129709585429796,
      "h40/outcome_drop_state_mse": 0.0016552354775223078,
      "h40/outcome_jam_episode_count": 3,
      "h40/outcome_jam_final_state_mse": 0.0015471367275013642,
      "h40/outcome_jam_state_mse": 0.0019376791380589305,
      "h40/outcome_miss_episode_count": 3,
      "h40/outcome_miss_final_state_mse": 0.0015109991959107467,
      "h40/outcome_miss_state_mse": 0.003773566632488974,
      "h40/outcome_partial_episode_count": 3,
      "h40/outcome_partial_final_state_mse": 0.0013721120464645958,
      "h40/outcome_partial_state_mse": 0.0014730278573005027,
      "h40/outcome_success_episode_count": 3,
      "h40/outcome_success_final_state_mse": 0.0014308304860700968,
      "h40/outcome_success_state_mse": 0.0014883959605023751,
      "h40/state_mse": 0.002065581028757532,
      "h50/episode_count": 15,
      "h50/final_state_mse": 0.0016606857574063968,
      "h50/outcome_drop_episode_count": 3,
      "h50/outcome_drop_final_state_mse": 0.0017299597072445488,
      "h50/outcome_drop_state_mse": 0.0017812497943055397,
      "h50/outcome_jam_episode_count": 3,
      "h50/outcome_jam_final_state_mse": 0.001921694530965456,
      "h50/outcome_jam_state_mse": 0.0020670151243022843,
      "h50/outcome_miss_episode_count": 3,
      "h50/outcome_miss_final_state_mse": 0.0016705480714639027,
      "h50/outcome_miss_state_mse": 0.0034016707675908905,
      "h50/outcome_partial_episode_count": 3,
      "h50/outcome_partial_final_state_mse": 0.0014630620994793824,
      "h50/outcome_partial_state_mse": 0.0015593816408144882,
      "h50/outcome_success_episode_count": 3,
      "h50/outcome_success_final_state_mse": 0.0015181650474570157,
      "h50/outcome_success_state_mse": 0.0015807312298444362,
      "h50/state_mse": 0.0020780097113715277,
      "h75/episode_count": 15,
      "h75/final_state_mse": 0.003698158887476703,
      "h75/outcome_drop_episode_count": 3,
      "h75/outcome_drop_final_state_mse": 0.0026647102063387827,
      "h75/outcome_drop_state_mse": 0.001934038050034467,
      "h75/outcome_jam_episode_count": 3,
      "h75/outcome_jam_final_state_mse": 0.003957143406462825,
      "h75/outcome_jam_state_mse": 0.0023111598943573197,
      "h75/outcome_miss_episode_count": 3,
      "h75/outcome_miss_final_state_mse": 0.004671486471992692,
      "h75/outcome_miss_state_mse": 0.0030749136066644538,
      "h75/outcome_partial_episode_count": 3,
      "h75/outcome_partial_final_state_mse": 0.0032379708551113903,
      "h75/outcome_partial_state_mse": 0.0017181465880283862,
      "h75/outcome_success_episode_count": 3,
      "h75/outcome_success_final_state_mse": 0.003959483497477824,
      "h75/outcome_success_state_mse": 0.0017723443773057725,
      "h75/state_mse": 0.0021621204118583196,
      "max_requested_horizon": 125,
      "reencode_period": 10,
      "rollout_mode": "periodic_10"
    },
    "periodic_100": {
      "episode_count": 15,
      "h10/episode_count": 15,
      "h10/final_state_mse": 0.0019476555531321008,
      "h10/outcome_drop_episode_count": 3,
      "h10/outcome_drop_final_state_mse": 0.0013586177301952262,
      "h10/outcome_drop_state_mse": 0.0014324736556196524,
      "h10/outcome_jam_episode_count": 3,
      "h10/outcome_jam_final_state_mse": 0.002344408796893226,
      "h10/outcome_jam_state_mse": 0.0018730123058643216,
      "h10/outcome_miss_episode_count": 3,
      "h10/outcome_miss_final_state_mse": 0.0032588806417253283,
      "h10/outcome_miss_state_mse": 0.008623465213900299,
      "h10/outcome_partial_episode_count": 3,
      "h10/outcome_partial_final_state_mse": 0.0013959913642383089,
      "h10/outcome_partial_state_mse": 0.0013616276332755494,
      "h10/outcome_success_episode_count": 3,
      "h10/outcome_success_final_state_mse": 0.001380378307372916,
      "h10/outcome_success_state_mse": 0.0013642472379347857,
      "h10/state_mse": 0.0029309650495940565,
      "h100/episode_count": 15,
      "h100/final_state_mse": 272644.3294117647,
      "h100/outcome_drop_episode_count": 3,
      "h100/outcome_drop_final_state_mse": 264741.7385620915,
      "h100/outcome_drop_state_mse": 12344.623529411765,
      "h100/outcome_jam_episode_count": 3,
      "h100/outcome_jam_final_state_mse": 313061.39215686277,
      "h100/outcome_jam_state_mse": 14212.219869281045,
      "h100/outcome_miss_episode_count": 3,
      "h100/outcome_miss_final_state_mse": 171019.70588235295,
      "h100/outcome_miss_state_mse": 7865.6930718954245,
      "h100/outcome_partial_episode_count": 3,
      "h100/outcome_partial_final_state_mse": 308455.71895424835,
      "h100/outcome_partial_state_mse": 13925.57934640523,
      "h100/outcome_success_episode_count": 3,
      "h100/outcome_success_final_state_mse": 305943.1633986928,
      "h100/outcome_success_state_mse": 13915.73594771242,
      "h100/state_mse": 12452.770300653594,
      "h125/episode_count": 15,
      "h125/final_state_mse": 221781.7725490196,
      "h125/outcome_drop_episode_count": 3,
      "h125/outcome_drop_final_state_mse": 223964.90359477125,
      "h125/outcome_drop_state_mse": 23598.05720261438,
      "h125/outcome_jam_episode_count": 3,
      "h125/outcome_jam_final_state_mse": 245701.0751633987,
      "h125/outcome_jam_state_mse": 26017.31973856209,
      "h125/outcome_miss_episode_count": 3,
      "h125/outcome_miss_final_state_mse": 156458.46405228757,
      "h125/outcome_miss_state_mse": 13723.495738562091,
      "h125/outcome_partial_episode_count": 3,
      "h125/outcome_partial_final_state_mse": 237034.5637254902,
      "h125/outcome_partial_state_mse": 25675.7291503268,
      "h125/outcome_success_episode_count": 3,
      "h125/outcome_success_final_state_mse": 245749.88888888888,
      "h125/outcome_success_state_mse": 25993.04491503268,
      "h125/state_mse": 23001.529725490196,
      "h20/episode_count": 15,
      "h20/final_state_mse": 0.004876507653130425,
      "h20/outcome_drop_episode_count": 3,
      "h20/outcome_drop_final_state_mse": 0.004749746981009938,
      "h20/outcome_drop_state_mse": 0.002036836918662576,
      "h20/outcome_jam_episode_count": 3,
      "h20/outcome_jam_final_state_mse": 0.0053597110159256875,
      "h20/outcome_jam_state_mse": 0.002378260076435563,
      "h20/outcome_miss_episode_count": 3,
      "h20/outcome_miss_final_state_mse": 0.004564990405163734,
      "h20/outcome_miss_state_mse": 0.006046137389014749,
      "h20/outcome_partial_episode_count": 3,
      "h20/outcome_partial_final_state_mse": 0.004784215899074779,
      "h20/outcome_partial_state_mse": 0.0019555464289546793,
      "h20/outcome_success_episode_count": 3,
      "h20/outcome_success_final_state_mse": 0.004923873477511936,
      "h20/outcome_success_state_mse": 0.001964489502065322,
      "h20/state_mse": 0.002876253813699959,
      "h30/episode_count": 15,
      "h30/final_state_mse": 0.04816712522818372,
      "h30/outcome_drop_episode_count": 3,
      "h30/outcome_drop_final_state_mse": 0.046914203494202854,
      "h30/outcome_drop_state_mse": 0.008160220459915194,
      "h30/outcome_jam_episode_count": 3,
      "h30/outcome_jam_final_state_mse": 0.056008180761648936,
      "h30/outcome_jam_state_mse": 0.009379705001066453,
      "h30/outcome_miss_episode_count": 3,
      "h30/outcome_miss_final_state_mse": 0.033419323123358435,
      "h30/outcome_miss_state_mse": 0.009254146609171284,
      "h30/outcome_partial_episode_count": 3,
      "h30/outcome_partial_final_state_mse": 0.05283735935984094,
      "h30/outcome_partial_state_mse": 0.008656074174868515,
      "h30/outcome_success_episode_count": 3,
      "h30/outcome_success_final_state_mse": 0.05165656018101312,
      "h30/outcome_success_state_mse": 0.008490746005687838,
      "h30/state_mse": 0.008788178221592457,
      "h40/episode_count": 15,
      "h40/final_state_mse": 0.3001607259114583,
      "h40/outcome_drop_episode_count": 3,
      "h40/outcome_drop_final_state_mse": 0.303157507204542,
      "h40/outcome_drop_state_mse": 0.04490314309113945,
      "h40/outcome_jam_episode_count": 3,
      "h40/outcome_jam_final_state_mse": 0.34698176539801306,
      "h40/outcome_jam_state_mse": 0.05163106357350069,
      "h40/outcome_miss_episode_count": 3,
      "h40/outcome_miss_final_state_mse": 0.17605196260938458,
      "h40/outcome_miss_state_mse": 0.030959037705963734,
      "h40/outcome_partial_episode_count": 3,
      "h40/outcome_partial_final_state_mse": 0.3457091337715099,
      "h40/outcome_partial_state_mse": 0.05004860560099284,
      "h40/outcome_success_episode_count": 3,
      "h40/outcome_success_final_state_mse": 0.32890329485625225,
      "h40/outcome_success_state_mse": 0.04804965997833052,
      "h40/state_mse": 0.04511830049402574,
      "h50/episode_count": 15,
      "h50/final_state_mse": 1.4713765063316993,
      "h50/outcome_drop_episode_count": 3,
      "h50/outcome_drop_final_state_mse": 1.3238391003577539,
      "h50/outcome_drop_state_mse": 0.18918069677415236,
      "h50/outcome_jam_episode_count": 3,
      "h50/outcome_jam_final_state_mse": 1.6323141459546058,
      "h50/outcome_jam_state_mse": 0.22647382748672384,
      "h50/outcome_miss_episode_count": 3,
      "h50/outcome_miss_final_state_mse": 1.274604672699972,
      "h50/outcome_miss_state_mse": 0.14040063795700572,
      "h50/outcome_partial_episode_count": 3,
      "h50/outcome_partial_final_state_mse": 1.622572107252732,
      "h50/outcome_partial_state_mse": 0.22440483143127044,
      "h50/outcome_success_episode_count": 3,
      "h50/outcome_success_final_state_mse": 1.503552231134153,
      "h50/outcome_success_state_mse": 0.21080461090686275,
      "h50/state_mse": 0.19825292330473857,
      "h75/episode_count": 15,
      "h75/final_state_mse": 629.4531045751634,
      "h75/outcome_drop_episode_count": 3,
      "h75/outcome_drop_final_state_mse": 667.0669328278186,
      "h75/outcome_drop_state_mse": 39.5623233251634,
      "h75/outcome_jam_episode_count": 3,
      "h75/outcome_jam_final_state_mse": 711.7794053819445,
      "h75/outcome_jam_state_mse": 42.131113834422656,
      "h75/outcome_miss_episode_count": 3,
      "h75/outcome_miss_final_state_mse": 376.91797513276146,
      "h75/outcome_miss_state_mse": 24.034099945533768,
      "h75/outcome_partial_episode_count": 3,
      "h75/outcome_partial_final_state_mse": 684.7345856311274,
      "h75/outcome_partial_state_mse": 40.533125340413946,
      "h75/outcome_success_episode_count": 3,
      "h75/outcome_success_final_state_mse": 706.7666207107843,
      "h75/outcome_success_state_mse": 41.91870642701525,
      "h75/state_mse": 37.63587363834423,
      "max_requested_horizon": 125,
      "reencode_period": 100,
      "rollout_mode": "periodic_100"
    },
    "periodic_2": {
      "episode_count": 15,
      "h10/episode_count": 15,
      "h10/final_state_mse": 0.002150893678852156,
      "h10/outcome_drop_episode_count": 3,
      "h10/outcome_drop_final_state_mse": 0.001650994534001631,
      "h10/outcome_drop_state_mse": 0.0017271220684051513,
      "h10/outcome_jam_episode_count": 3,
      "h10/outcome_jam_final_state_mse": 0.002058426831282821,
      "h10/outcome_jam_state_mse": 0.0021220227082570393,
      "h10/outcome_miss_episode_count": 3,
      "h10/outcome_miss_final_state_mse": 0.003979158167745553,
      "h10/outcome_miss_state_mse": 0.009117963890624203,
      "h10/outcome_partial_episode_count": 3,
      "h10/outcome_partial_final_state_mse": 0.0015098534621833975,
      "h10/outcome_partial_state_mse": 0.0016244806884940155,
      "h10/outcome_success_episode_count": 3,
      "h10/outcome_success_final_state_mse": 0.0015560361781930612,
      "h10/outcome_success_state_mse": 0.001633349041533626,
      "h10/state_mse": 0.0032449879365808823,
      "h100/episode_count": 15,
      "h100/final_state_mse": 0.003568350411708059,
      "h100/outcome_drop_episode_count": 3,
      "h100/outcome_drop_final_state_mse": 0.0056061179565837956,
      "h100/outcome_drop_state_mse": 0.0033385273677850862,
      "h100/outcome_jam_episode_count": 3,
      "h100/outcome_jam_final_state_mse": 0.0030496046434040944,
      "h100/outcome_jam_state_mse": 0.0034429070840474047,
      "h100/outcome_miss_episode_count": 3,
      "h100/outcome_miss_final_state_mse": 0.004638675624638601,
      "h100/outcome_miss_state_mse": 0.0040716760922101585,
      "h100/outcome_partial_episode_count": 3,
      "h100/outcome_partial_final_state_mse": 0.001957959525920207,
      "h100/outcome_partial_state_mse": 0.002654422311221852,
      "h100/outcome_success_episode_count": 3,
      "h100/outcome_success_final_state_mse": 0.002589394234948688,
      "h100/outcome_success_state_mse": 0.003010735979267195,
      "h100/state_mse": 0.0033036534926470587,
      "h125/episode_count": 15,
      "h125/final_state_mse": 0.0066137513304068375,
      "h125/outcome_drop_episode_count": 3,
      "h125/outcome_drop_final_state_mse": 0.008861840160843593,
      "h125/outcome_drop_state_mse": 0.004292431301540799,
      "h125/outcome_jam_episode_count": 3,
      "h125/outcome_jam_final_state_mse": 0.006694574079482384,
      "h125/outcome_jam_state_mse": 0.0038578161102494385,
      "h125/outcome_miss_episode_count": 3,
      "h125/outcome_miss_final_state_mse": 0.009890097418641733,
      "h125/outcome_miss_state_mse": 0.00472966073229422,
      "h125/outcome_partial_episode_count": 3,
      "h125/outcome_partial_final_state_mse": 0.0020781373179036807,
      "h125/outcome_partial_state_mse": 0.0025223477432151247,
      "h125/outcome_success_episode_count": 3,
      "h125/outcome_success_final_state_mse": 0.005544105873388403,
      "h125/outcome_success_state_mse": 0.0032420844283758427,
      "h125/state_mse": 0.0037288679534313723,
      "h20/episode_count": 15,
      "h20/final_state_mse": 0.0019912461050195633,
      "h20/outcome_drop_episode_count": 3,
      "h20/outcome_drop_final_state_mse": 0.0018697410724521463,
      "h20/outcome_drop_state_mse": 0.0017074450947879966,
      "h20/outcome_jam_episode_count": 3,
      "h20/outcome_jam_final_state_mse": 0.0017779039012061225,
      "h20/outcome_jam_state_mse": 0.002075040340423584,
      "h20/outcome_miss_episode_count": 3,
      "h20/outcome_miss_final_state_mse": 0.003012273728457931,
      "h20/outcome_miss_state_mse": 0.006463285676794115,
      "h20/outcome_partial_episode_count": 3,
      "h20/outcome_partial_final_state_mse": 0.001642411440805672,
      "h20/outcome_partial_state_mse": 0.0016138522843130274,
      "h20/outcome_success_episode_count": 3,
      "h20/outcome_success_final_state_mse": 0.0016539010639284172,
      "h20/outcome_success_state_mse": 0.001632039706691418,
      "h20/state_mse": 0.0026983323440053102,
      "h30/episode_count": 15,
      "h30/final_state_mse": 0.002747408237332612,
      "h30/outcome_drop_episode_count": 3,
      "h30/outcome_drop_final_state_mse": 0.002853635333332361,
      "h30/outcome_drop_state_mse": 0.0019435219255667627,
      "h30/outcome_jam_episode_count": 3,
      "h30/outcome_jam_final_state_mse": 0.002859695431064157,
      "h30/outcome_jam_state_mse": 0.002265267122804729,
      "h30/outcome_miss_episode_count": 3,
      "h30/outcome_miss_final_state_mse": 0.002836599799932218,
      "h30/outcome_miss_state_mse": 0.005284944546768089,
      "h30/outcome_partial_episode_count": 3,
      "h30/outcome_partial_final_state_mse": 0.0025520783429052317,
      "h30/outcome_partial_state_mse": 0.001844111429060726,
      "h30/outcome_success_episode_count": 3,
      "h30/outcome_success_final_state_mse": 0.002635032474215514,
      "h30/outcome_success_state_mse": 0.001872816584468667,
      "h30/state_mse": 0.0026421324619800178,
      "h40/episode_count": 15,
      "h40/final_state_mse": 0.003615178625568066,
      "h40/outcome_drop_episode_count": 3,
      "h40/outcome_drop_final_state_mse": 0.00408614178498586,
      "h40/outcome_drop_state_mse": 0.0023762087416804695,
      "h40/outcome_jam_episode_count": 3,
      "h40/outcome_jam_final_state_mse": 0.003588556853774326,
      "h40/outcome_jam_state_mse": 0.002595594427944009,
      "h40/outcome_miss_episode_count": 3,
      "h40/outcome_miss_final_state_mse": 0.0024613081629759346,
      "h40/outcome_miss_state_mse": 0.00464119100882337,
      "h40/outcome_partial_episode_count": 3,
      "h40/outcome_partial_final_state_mse": 0.00392434672982085,
      "h40/outcome_partial_state_mse": 0.00222155038827385,
      "h40/outcome_success_episode_count": 3,
      "h40/outcome_success_final_state_mse": 0.004015539693676569,
      "h40/outcome_success_state_mse": 0.0022554802738763147,
      "h40/state_mse": 0.0028180048824135774,
      "h50/episode_count": 15,
      "h50/final_state_mse": 0.003302376566369549,
      "h50/outcome_drop_episode_count": 3,
      "h50/outcome_drop_final_state_mse": 0.00324102121046166,
      "h50/outcome_drop_state_mse": 0.0027036190656275533,
      "h50/outcome_jam_episode_count": 3,
      "h50/outcome_jam_final_state_mse": 0.0031854273641810696,
      "h50/outcome_jam_state_mse": 0.0030565694422503703,
      "h50/outcome_miss_episode_count": 3,
      "h50/outcome_miss_final_state_mse": 0.0019350875826442942,
      "h50/outcome_miss_state_mse": 0.004177050060696072,
      "h50/outcome_partial_episode_count": 3,
      "h50/outcome_partial_final_state_mse": 0.003997985054464901,
      "h50/outcome_partial_state_mse": 0.002712368871651444,
      "h50/outcome_success_episode_count": 3,
      "h50/outcome_success_final_state_mse": 0.004152359915714638,
      "h50/outcome_success_state_mse": 0.0027572424894844005,
      "h50/state_mse": 0.0030813700358072915,
      "h75/episode_count": 15,
      "h75/final_state_mse": 0.004813921685312308,
      "h75/outcome_drop_episode_count": 3,
      "h75/outcome_drop_final_state_mse": 0.004117634512630163,
      "h75/outcome_drop_state_mse": 0.002870988617275795,
      "h75/outcome_jam_episode_count": 3,
      "h75/outcome_jam_final_state_mse": 0.004780827004925098,
      "h75/outcome_jam_state_mse": 0.0033342164482166566,
      "h75/outcome_miss_episode_count": 3,
      "h75/outcome_miss_final_state_mse": 0.006679289091646281,
      "h75/outcome_miss_state_mse": 0.003930505490770527,
      "h75/outcome_partial_episode_count": 3,
      "h75/outcome_partial_final_state_mse": 0.003579187164314432,
      "h75/outcome_partial_state_mse": 0.00282829363621398,
      "h75/outcome_success_episode_count": 3,
      "h75/outcome_success_final_state_mse": 0.0049126719922022105,
      "h75/outcome_success_state_mse": 0.0029270155497366046,
      "h75/state_mse": 0.0031782037739140796,
      "max_requested_horizon": 125,
      "reencode_period": 2,
      "rollout_mode": "periodic_2"
    },
    "periodic_20": {
      "episode_count": 15,
      "h10/episode_count": 15,
      "h10/final_state_mse": 0.0019476555531321008,
      "h10/outcome_drop_episode_count": 3,
      "h10/outcome_drop_final_state_mse": 0.0013586177301952262,
      "h10/outcome_drop_state_mse": 0.0014324736556196524,
      "h10/outcome_jam_episode_count": 3,
      "h10/outcome_jam_final_state_mse": 0.002344408796893226,
      "h10/outcome_jam_state_mse": 0.0018730123058643216,
      "h10/outcome_miss_episode_count": 3,
      "h10/outcome_miss_final_state_mse": 0.0032588806417253283,
      "h10/outcome_miss_state_mse": 0.008623465213900299,
      "h10/outcome_partial_episode_count": 3,
      "h10/outcome_partial_final_state_mse": 0.0013959913642383089,
      "h10/outcome_partial_state_mse": 0.0013616276332755494,
      "h10/outcome_success_episode_count": 3,
      "h10/outcome_success_final_state_mse": 0.001380378307372916,
      "h10/outcome_success_state_mse": 0.0013642472379347857,
      "h10/state_mse": 0.0029309650495940565,
      "h100/episode_count": 15,
      "h100/final_state_mse": 0.015959840662339155,
      "h100/outcome_drop_episode_count": 3,
      "h100/outcome_drop_final_state_mse": 0.009226260621563282,
      "h100/outcome_drop_state_mse": 0.004255742091758578,
      "h100/outcome_jam_episode_count": 3,
      "h100/outcome_jam_final_state_mse": 0.009965388993032618,
      "h100/outcome_jam_state_mse": 0.004687034257876328,
      "h100/outcome_miss_episode_count": 3,
      "h100/outcome_miss_final_state_mse": 0.03512368190522287,
      "h100/outcome_miss_state_mse": 0.00710482915242513,
      "h100/outcome_partial_episode_count": 3,
      "h100/outcome_partial_final_state_mse": 0.01546398681752822,
      "h100/outcome_partial_state_mse": 0.004978438919665767,
      "h100/outcome_success_episode_count": 3,
      "h100/outcome_success_final_state_mse": 0.010019879617722206,
      "h100/outcome_success_state_mse": 0.005050141265968871,
      "h100/state_mse": 0.005215237087673611,
      "h125/episode_count": 15,
      "h125/final_state_mse": 0.009912940879273259,
      "h125/outcome_drop_episode_count": 3,
      "h125/outcome_drop_final_state_mse": 0.006581472707729714,
      "h125/outcome_drop_state_mse": 0.004876522886986826,
      "h125/outcome_jam_episode_count": 3,
      "h125/outcome_jam_final_state_mse": 0.006314625634866602,
      "h125/outcome_jam_state_mse": 0.005147101109323938,
      "h125/outcome_miss_episode_count": 3,
      "h125/outcome_miss_final_state_mse": 0.028086652796642454,
      "h125/outcome_miss_state_mse": 0.013169732885423049,
      "h125/outcome_partial_episode_count": 3,
      "h125/outcome_partial_final_state_mse": 0.004365168463170918,
      "h125/outcome_partial_state_mse": 0.005073721592722375,
      "h125/outcome_success_episode_count": 3,
      "h125/outcome_success_final_state_mse": 0.004216784209597344,
      "h125/outcome_success_state_mse": 0.0051048255870544835,
      "h125/state_mse": 0.006674380872140523,
      "h20/episode_count": 15,
      "h20/final_state_mse": 0.004876507653130425,
      "h20/outcome_drop_episode_count": 3,
      "h20/outcome_drop_final_state_mse": 0.004749746981009938,
      "h20/outcome_drop_state_mse": 0.002036836918662576,
      "h20/outcome_jam_episode_count": 3,
      "h20/outcome_jam_final_state_mse": 0.0053597110159256875,
      "h20/outcome_jam_state_mse": 0.002378260076435563,
      "h20/outcome_miss_episode_count": 3,
      "h20/outcome_miss_final_state_mse": 0.004564990405163734,
      "h20/outcome_miss_state_mse": 0.006046137389014749,
      "h20/outcome_partial_episode_count": 3,
      "h20/outcome_partial_final_state_mse": 0.004784215899074779,
      "h20/outcome_partial_state_mse": 0.0019555464289546793,
      "h20/outcome_success_episode_count": 3,
      "h20/outcome_success_final_state_mse": 0.004923873477511936,
      "h20/outcome_success_state_mse": 0.001964489502065322,
      "h20/state_mse": 0.002876253813699959,
      "h30/episode_count": 15,
      "h30/final_state_mse": 0.0030113170349520017,
      "h30/outcome_drop_episode_count": 3,
      "h30/outcome_drop_final_state_mse": 0.0031523040307113548,
      "h30/outcome_drop_state_mse": 0.002640940213255373,
      "h30/outcome_jam_episode_count": 3,
      "h30/outcome_jam_final_state_mse": 0.0034135569349613066,
      "h30/outcome_jam_state_mse": 0.0029882445574326193,
      "h30/outcome_miss_episode_count": 3,
      "h30/outcome_miss_final_state_mse": 0.0021785445073071647,
      "h30/outcome_miss_state_mse": 0.004932304561008296,
      "h30/outcome_partial_episode_count": 3,
      "h30/outcome_partial_final_state_mse": 0.0031227533236827727,
      "h30/outcome_partial_state_mse": 0.002544934089926593,
      "h30/outcome_success_episode_count": 3,
      "h30/outcome_success_final_state_mse": 0.0031894254528619104,
      "h30/outcome_success_state_mse": 0.002546639016510874,
      "h30/state_mse": 0.003130612508403969,
      "h40/episode_count": 15,
      "h40/final_state_mse": 0.007163131938261145,
      "h40/outcome_drop_episode_count": 3,
      "h40/outcome_drop_final_state_mse": 0.008852206316648745,
      "h40/outcome_drop_state_mse": 0.0033007293744804034,
      "h40/outcome_jam_episode_count": 3,
      "h40/outcome_jam_final_state_mse": 0.00722523491367016,
      "h40/outcome_jam_state_mse": 0.003427396568597532,
      "h40/outcome_miss_episode_count": 3,
      "h40/outcome_miss_final_state_mse": 0.006152301831962237,
      "h40/outcome_miss_state_mse": 0.004590589392418955,
      "h40/outcome_partial_episode_count": 3,
      "h40/outcome_partial_final_state_mse": 0.00669755596740573,
      "h40/outcome_partial_state_mse": 0.0029754955784168117,
      "h40/outcome_success_episode_count": 3,
      "h40/outcome_success_final_state_mse": 0.0068883599798663766,
      "h40/outcome_success_state_mse": 0.00298867210064059,
      "h40/state_mse": 0.003456576727574168,
      "h50/episode_count": 15,
      "h50/final_state_mse": 0.0026657600028842103,
      "h50/outcome_drop_episode_count": 3,
      "h50/outcome_drop_final_state_mse": 0.002981951959382475,
      "h50/outcome_drop_state_mse": 0.003371875925001755,
      "h50/outcome_jam_episode_count": 3,
      "h50/outcome_jam_final_state_mse": 0.002845329835134394,
      "h50/outcome_jam_state_mse": 0.0035112374748279846,
      "h50/outcome_miss_episode_count": 3,
      "h50/outcome_miss_final_state_mse": 0.0024788030027564057,
      "h50/outcome_miss_state_mse": 0.004249931285583895,
      "h50/outcome_partial_episode_count": 3,
      "h50/outcome_partial_final_state_mse": 0.0024728130037878072,
      "h50/outcome_partial_state_mse": 0.0030604494630900865,
      "h50/outcome_success_episode_count": 3,
      "h50/outcome_success_final_state_mse": 0.0025499024811912983,
      "h50/outcome_success_state_mse": 0.0030807104921029282,
      "h50/state_mse": 0.0034548411649816175,
      "h75/episode_count": 15,
      "h75/final_state_mse": 0.009264722836563011,
      "h75/outcome_drop_episode_count": 3,
      "h75/outcome_drop_final_state_mse": 0.005670578456392475,
      "h75/outcome_drop_state_mse": 0.0035325403151169324,
      "h75/outcome_jam_episode_count": 3,
      "h75/outcome_jam_final_state_mse": 0.00877650179504569,
      "h75/outcome_jam_state_mse": 0.0038080783918792126,
      "h75/outcome_miss_episode_count": 3,
      "h75/outcome_miss_final_state_mse": 0.008056331060680688,
      "h75/outcome_miss_state_mse": 0.004455470083066321,
      "h75/outcome_partial_episode_count": 3,
      "h75/outcome_partial_final_state_mse": 0.011105200044469896,
      "h75/outcome_partial_state_mse": 0.003462003986300466,
      "h75/outcome_success_episode_count": 3,
      "h75/outcome_success_final_state_mse": 0.012715004968876932,
      "h75/outcome_success_state_mse": 0.0035308945932159756,
      "h75/state_mse": 0.003757797606889978,
      "max_requested_horizon": 125,
      "reencode_period": 20,
      "rollout_mode": "periodic_20"
    },
    "periodic_5": {
      "episode_count": 15,
      "h10/episode_count": 15,
      "h10/final_state_mse": 0.0017945489073111342,
      "h10/outcome_drop_episode_count": 3,
      "h10/outcome_drop_final_state_mse": 0.001353345811367035,
      "h10/outcome_drop_state_mse": 0.0015398704927731184,
      "h10/outcome_jam_episode_count": 3,
      "h10/outcome_jam_final_state_mse": 0.0021356438694436564,
      "h10/outcome_jam_state_mse": 0.001952451701257743,
      "h10/outcome_miss_episode_count": 3,
      "h10/outcome_miss_final_state_mse": 0.0029425765661632314,
      "h10/outcome_miss_state_mse": 0.00867238636889489,
      "h10/outcome_partial_episode_count": 3,
      "h10/outcome_partial_final_state_mse": 0.0012636984047157311,
      "h10/outcome_partial_state_mse": 0.0014628442673901326,
      "h10/outcome_success_episode_count": 3,
      "h10/outcome_success_final_state_mse": 0.0012774803474837658,
      "h10/outcome_success_state_mse": 0.0014636562151067397,
      "h10/state_mse": 0.003018241832458895,
      "h100/episode_count": 15,
      "h100/final_state_mse": 0.0026324973386876722,
      "h100/outcome_drop_episode_count": 3,
      "h100/outcome_drop_final_state_mse": 0.003035451364673041,
      "h100/outcome_drop_state_mse": 0.0024904099321053697,
      "h100/outcome_jam_episode_count": 3,
      "h100/outcome_jam_final_state_mse": 0.002829684541116353,
      "h100/outcome_jam_state_mse": 0.0028713460062064376,
      "h100/outcome_miss_episode_count": 3,
      "h100/outcome_miss_final_state_mse": 0.003096693724978204,
      "h100/outcome_miss_state_mse": 0.0031870329613779107,
      "h100/outcome_partial_episode_count": 3,
      "h100/outcome_partial_final_state_mse": 0.0017050511745455997,
      "h100/outcome_partial_state_mse": 0.00202451042100495,
      "h100/outcome_success_episode_count": 3,
      "h100/outcome_success_final_state_mse": 0.0024956054255074146,
      "h100/outcome_success_state_mse": 0.002353374038646424,
      "h100/state_mse": 0.0025853349274280023,
      "h125/episode_count": 15,
      "h125/final_state_mse": 0.004562682731478822,
      "h125/outcome_drop_episode_count": 3,
      "h125/outcome_drop_final_state_mse": 0.004631969712528528,
      "h125/outcome_drop_state_mse": 0.002920483358545241,
      "h125/outcome_jam_episode_count": 3,
      "h125/outcome_jam_final_state_mse": 0.0054981140237228545,
      "h125/outcome_jam_state_mse": 0.0031582977195191227,
      "h125/outcome_miss_episode_count": 3,
      "h125/outcome_miss_final_state_mse": 0.006578618039687474,
      "h125/outcome_miss_state_mse": 0.0034308552960165186,
      "h125/outcome_partial_episode_count": 3,
      "h125/outcome_partial_final_state_mse": 0.001669637603210468,
      "h125/outcome_partial_state_mse": 0.001979039460225822,
      "h125/outcome_success_episode_count": 3,
      "h125/outcome_success_final_state_mse": 0.004435073511273253,
      "h125/outcome_success_state_mse": 0.0026364312764086753,
      "h125/state_mse": 0.002825021063112745,
      "h20/episode_count": 15,
      "h20/final_state_mse": 0.001497459255791957,
      "h20/outcome_drop_episode_count": 3,
      "h20/outcome_drop_final_state_mse": 0.0014597609200898338,
      "h20/outcome_drop_state_mse": 0.0014961578877143611,
      "h20/outcome_jam_episode_count": 3,
      "h20/outcome_jam_final_state_mse": 0.0014569945146445356,
      "h20/outcome_jam_state_mse": 0.0019237970994188894,
      "h20/outcome_miss_episode_count": 3,
      "h20/outcome_miss_final_state_mse": 0.0020691691563020343,
      "h20/outcome_miss_state_mse": 0.005685556791966258,
      "h20/outcome_partial_episode_count": 3,
      "h20/outcome_partial_final_state_mse": 0.0012372954462478364,
      "h20/outcome_partial_state_mse": 0.0014263845736684363,
      "h20/outcome_success_episode_count": 3,
      "h20/outcome_success_final_state_mse": 0.001264076314720453,
      "h20/outcome_success_state_mse": 0.0014434357873754564,
      "h20/state_mse": 0.0023950664046543096,
      "h30/episode_count": 15,
      "h30/final_state_mse": 0.0016189266653621897,
      "h30/outcome_drop_episode_count": 3,
      "h30/outcome_drop_final_state_mse": 0.0016379909090746463,
      "h30/outcome_drop_state_mse": 0.0015880895595924527,
      "h30/outcome_jam_episode_count": 3,
      "h30/outcome_jam_final_state_mse": 0.001800390897817861,
      "h30/outcome_jam_state_mse": 0.0020165376933311847,
      "h30/outcome_miss_episode_count": 3,
      "h30/outcome_miss_final_state_mse": 0.0016352031501679638,
      "h30/outcome_miss_state_mse": 0.004458152650488228,
      "h30/outcome_partial_episode_count": 3,
      "h30/outcome_partial_final_state_mse": 0.0014775267564782909,
      "h30/outcome_partial_state_mse": 0.0015076764528528018,
      "h30/outcome_success_episode_count": 3,
      "h30/outcome_success_final_state_mse": 0.0015435216863170947,
      "h30/outcome_success_state_mse": 0.0015259586128534056,
      "h30/state_mse": 0.0022192831600413602,
      "h40/episode_count": 15,
      "h40/final_state_mse": 0.002168219385583416,
      "h40/outcome_drop_episode_count": 3,
      "h40/outcome_drop_final_state_mse": 0.0024858566573242734,
      "h40/outcome_drop_state_mse": 0.0018580787711673314,
      "h40/outcome_jam_episode_count": 3,
      "h40/outcome_jam_final_state_mse": 0.0021559491364005344,
      "h40/outcome_jam_state_mse": 0.0021598093649920296,
      "h40/outcome_miss_episode_count": 3,
      "h40/outcome_miss_final_state_mse": 0.0017756836281882392,
      "h40/outcome_miss_state_mse": 0.003854931647481482,
      "h40/outcome_partial_episode_count": 3,
      "h40/outcome_partial_final_state_mse": 0.0021619728577682395,
      "h40/outcome_partial_state_mse": 0.0016843544891457154,
      "h40/outcome_success_episode_count": 3,
      "h40/outcome_success_final_state_mse": 0.002261634307359558,
      "h40/outcome_success_state_mse": 0.001704219587488112,
      "h40/state_mse": 0.0022522787954293044,
      "h50/episode_count": 15,
      "h50/final_state_mse": 0.0020907980164671255,
      "h50/outcome_drop_episode_count": 3,
      "h50/outcome_drop_final_state_mse": 0.002088237919059454,
      "h50/outcome_drop_state_mse": 0.002062800943461898,
      "h50/outcome_jam_episode_count": 3,
      "h50/outcome_jam_final_state_mse": 0.002317657828136207,
      "h50/outcome_jam_state_mse": 0.0023900730157989302,
      "h50/outcome_miss_episode_count": 3,
      "h50/outcome_miss_final_state_mse": 0.0016588852588647332,
      "h50/outcome_miss_state_mse": 0.003476831710416507,
      "h50/outcome_partial_episode_count": 3,
      "h50/outcome_partial_final_state_mse": 0.002144189125377368,
      "h50/outcome_partial_state_mse": 0.001894029760672376,
      "h50/outcome_success_episode_count": 3,
      "h50/outcome_success_final_state_mse": 0.00224501990220126,
      "h50/outcome_success_state_mse": 0.0019234867345273884,
      "h50/state_mse": 0.0023494442210477942,
      "h75/episode_count": 15,
      "h75/final_state_mse": 0.0037487160925771677,
      "h75/outcome_drop_episode_count": 3,
      "h75/outcome_drop_final_state_mse": 0.0027013500434121276,
      "h75/outcome_drop_state_mse": 0.0021943912215222463,
      "h75/outcome_jam_episode_count": 3,
      "h75/outcome_jam_final_state_mse": 0.004000488011276021,
      "h75/outcome_jam_state_mse": 0.002642841713101256,
      "h75/outcome_miss_episode_count": 3,
      "h75/outcome_miss_final_state_mse": 0.0047595789473430785,
      "h75/outcome_miss_state_mse": 0.003135429332458895,
      "h75/outcome_partial_episode_count": 3,
      "h75/outcome_partial_final_state_mse": 0.0033049551295299155,
      "h75/outcome_partial_state_mse": 0.0020626288353747533,
      "h75/outcome_success_episode_count": 3,
      "h75/outcome_success_final_state_mse": 0.003977208891335656,
      "h75/outcome_success_state_mse": 0.0021207349440630747,
      "h75/state_mse": 0.002431205001531863,
      "max_requested_horizon": 125,
      "reencode_period": 5,
      "rollout_mode": "periodic_5"
    },
    "periodic_50": {
      "episode_count": 15,
      "h10/episode_count": 15,
      "h10/final_state_mse": 0.0019476555531321008,
      "h10/outcome_drop_episode_count": 3,
      "h10/outcome_drop_final_state_mse": 0.0013586177301952262,
      "h10/outcome_drop_state_mse": 0.0014324736556196524,
      "h10/outcome_jam_episode_count": 3,
      "h10/outcome_jam_final_state_mse": 0.002344408796893226,
      "h10/outcome_jam_state_mse": 0.0018730123058643216,
      "h10/outcome_miss_episode_count": 3,
      "h10/outcome_miss_final_state_mse": 0.0032588806417253283,
      "h10/outcome_miss_state_mse": 0.008623465213900299,
      "h10/outcome_partial_episode_count": 3,
      "h10/outcome_partial_final_state_mse": 0.0013959913642383089,
      "h10/outcome_partial_state_mse": 0.0013616276332755494,
      "h10/outcome_success_episode_count": 3,
      "h10/outcome_success_final_state_mse": 0.001380378307372916,
      "h10/outcome_success_state_mse": 0.0013642472379347857,
      "h10/state_mse": 0.0029309650495940565,
      "h100/episode_count": 15,
      "h100/final_state_mse": 499.45,
      "h100/outcome_drop_episode_count": 3,
      "h100/outcome_drop_final_state_mse": 551.3660673253677,
      "h100/outcome_drop_state_mse": 26.238133233762255,
      "h100/outcome_jam_episode_count": 3,
      "h100/outcome_jam_final_state_mse": 493.5929354000715,
      "h100/outcome_jam_state_mse": 23.6648353247549,
      "h100/outcome_miss_episode_count": 3,
      "h100/outcome_miss_final_state_mse": 486.6438993566176,
      "h100/outcome_miss_state_mse": 23.467540849673203,
      "h100/outcome_partial_episode_count": 3,
      "h100/outcome_partial_final_state_mse": 486.28116542841093,
      "h100/outcome_partial_state_mse": 23.738400894863155,
      "h100/outcome_success_episode_count": 3,
      "h100/outcome_success_final_state_mse": 479.3662029590482,
      "h100/outcome_success_state_mse": 23.32675018510008,
      "h100/state_mse": 24.087132352941175,
      "h125/episode_count": 15,
      "h125/final_state_mse": 74.50640318627451,
      "h125/outcome_drop_episode_count": 3,
      "h125/outcome_drop_final_state_mse": 77.55512551700367,
      "h125/outcome_drop_state_mse": 31.381510416666668,
      "h125/outcome_jam_episode_count": 3,
      "h125/outcome_jam_final_state_mse": 75.87257315442453,
      "h125/outcome_jam_state_mse": 28.18180764910131,
      "h125/outcome_miss_episode_count": 3,
      "h125/outcome_miss_final_state_mse": 74.3592688865911,
      "h125/outcome_miss_state_mse": 27.53854585375817,
      "h125/outcome_partial_episode_count": 3,
      "h125/outcome_partial_final_state_mse": 72.48947163500817,
      "h125/outcome_partial_state_mse": 28.787297385620914,
      "h125/outcome_success_episode_count": 3,
      "h125/outcome_success_final_state_mse": 72.25557633942249,
      "h125/outcome_success_state_mse": 28.25169526143791,
      "h125/state_mse": 28.82817254901961,
      "h20/episode_count": 15,
      "h20/final_state_mse": 0.004876507653130425,
      "h20/outcome_drop_episode_count": 3,
      "h20/outcome_drop_final_state_mse": 0.004749746981009938,
      "h20/outcome_drop_state_mse": 0.002036836918662576,
      "h20/outcome_jam_episode_count": 3,
      "h20/outcome_jam_final_state_mse": 0.0053597110159256875,
      "h20/outcome_jam_state_mse": 0.002378260076435563,
      "h20/outcome_miss_episode_count": 3,
      "h20/outcome_miss_final_state_mse": 0.004564990405163734,
      "h20/outcome_miss_state_mse": 0.006046137389014749,
      "h20/outcome_partial_episode_count": 3,
      "h20/outcome_partial_final_state_mse": 0.004784215899074779,
      "h20/outcome_partial_state_mse": 0.0019555464289546793,
      "h20/outcome_success_episode_count": 3,
      "h20/outcome_success_final_state_mse": 0.004923873477511936,
      "h20/outcome_success_state_mse": 0.001964489502065322,
      "h20/state_mse": 0.002876253813699959,
      "h30/episode_count": 15,
      "h30/final_state_mse": 0.04816712522818372,
      "h30/outcome_drop_episode_count": 3,
      "h30/outcome_drop_final_state_mse": 0.046914203494202854,
      "h30/outcome_drop_state_mse": 0.008160220459915194,
      "h30/outcome_jam_episode_count": 3,
      "h30/outcome_jam_final_state_mse": 0.056008180761648936,
      "h30/outcome_jam_state_mse": 0.009379705001066453,
      "h30/outcome_miss_episode_count": 3,
      "h30/outcome_miss_final_state_mse": 0.033419323123358435,
      "h30/outcome_miss_state_mse": 0.009254146609171284,
      "h30/outcome_partial_episode_count": 3,
      "h30/outcome_partial_final_state_mse": 0.05283735935984094,
      "h30/outcome_partial_state_mse": 0.008656074174868515,
      "h30/outcome_success_episode_count": 3,
      "h30/outcome_success_final_state_mse": 0.05165656018101312,
      "h30/outcome_success_state_mse": 0.008490746005687838,
      "h30/state_mse": 0.008788178221592457,
      "h40/episode_count": 15,
      "h40/final_state_mse": 0.3001607259114583,
      "h40/outcome_drop_episode_count": 3,
      "h40/outcome_drop_final_state_mse": 0.303157507204542,
      "h40/outcome_drop_state_mse": 0.04490314309113945,
      "h40/outcome_jam_episode_count": 3,
      "h40/outcome_jam_final_state_mse": 0.34698176539801306,
      "h40/outcome_jam_state_mse": 0.05163106357350069,
      "h40/outcome_miss_episode_count": 3,
      "h40/outcome_miss_final_state_mse": 0.17605196260938458,
      "h40/outcome_miss_state_mse": 0.030959037705963734,
      "h40/outcome_partial_episode_count": 3,
      "h40/outcome_partial_final_state_mse": 0.3457091337715099,
      "h40/outcome_partial_state_mse": 0.05004860560099284,
      "h40/outcome_success_episode_count": 3,
      "h40/outcome_success_final_state_mse": 0.32890329485625225,
      "h40/outcome_success_state_mse": 0.04804965997833052,
      "h40/state_mse": 0.04511830049402574,
      "h50/episode_count": 15,
      "h50/final_state_mse": 1.4713765063316993,
      "h50/outcome_drop_episode_count": 3,
      "h50/outcome_drop_final_state_mse": 1.3238391003577539,
      "h50/outcome_drop_state_mse": 0.18918069677415236,
      "h50/outcome_jam_episode_count": 3,
      "h50/outcome_jam_final_state_mse": 1.6323141459546058,
      "h50/outcome_jam_state_mse": 0.22647382748672384,
      "h50/outcome_miss_episode_count": 3,
      "h50/outcome_miss_final_state_mse": 1.274604672699972,
      "h50/outcome_miss_state_mse": 0.14040063795700572,
      "h50/outcome_partial_episode_count": 3,
      "h50/outcome_partial_final_state_mse": 1.622572107252732,
      "h50/outcome_partial_state_mse": 0.22440483143127044,
      "h50/outcome_success_episode_count": 3,
      "h50/outcome_success_final_state_mse": 1.503552231134153,
      "h50/outcome_success_state_mse": 0.21080461090686275,
      "h50/state_mse": 0.19825292330473857,
      "h75/episode_count": 15,
      "h75/final_state_mse": 0.8427533318014706,
      "h75/outcome_drop_episode_count": 3,
      "h75/outcome_drop_final_state_mse": 0.851794847475937,
      "h75/outcome_drop_state_mse": 0.21068683300142974,
      "h75/outcome_jam_episode_count": 3,
      "h75/outcome_jam_final_state_mse": 0.6090696185242896,
      "h75/outcome_jam_state_mse": 0.22410576714409722,
      "h75/outcome_miss_episode_count": 3,
      "h75/outcome_miss_final_state_mse": 1.1853118223302506,
      "h75/outcome_miss_state_mse": 0.20836590669253813,
      "h75/outcome_partial_episode_count": 3,
      "h75/outcome_partial_final_state_mse": 0.8210569705838472,
      "h75/outcome_partial_state_mse": 0.23498109638820805,
      "h75/outcome_success_episode_count": 3,
      "h75/outcome_success_final_state_mse": 0.7465337117513021,
      "h75/outcome_success_state_mse": 0.2198942482809096,
      "h75/state_mse": 0.2196067878540305,
      "max_requested_horizon": 125,
      "reencode_period": 50,
      "rollout_mode": "periodic_50"
    }
  },
  "split": "test",
  "support_alignment": {
    "contact_phase": {
      "contact_phase_family_ari": -0.0006090321813496435,
      "contact_phase_family_nmi": 0.0001435013487028405,
      "contact_phase_family_purity": 0.9996668887408394,
      "contact_phase_sample_count": 3002.0,
      "h_contact_phase_given_family": 0.002999065913333001,
      "h_family_given_contact_phase": 0.024209419278950862,
      "unique_contact_phase_count": 2.0,
      "unique_family_count": 2.0
    },
    "contact_phase_alignment_available": true,
    "evaluated_state_count": 3017,
    "family_count": 2,
    "mean_family_similarity": 0.5449343323707581,
    "mean_support_size": 220.57209148160425,
    "outcome_alignment_available": true,
    "outcome_state": {
      "h_family_given_outcome": 0.0,
      "h_outcome_given_family": 1.6094379124341005,
      "outcome_family_ari": 0.0,
      "outcome_family_nmi": 0.0,
      "outcome_family_purity": 0.2,
      "outcome_sample_count": 15.0,
      "unique_family_count": 1.0,
      "unique_outcome_count": 5.0
    },
    "status": "ok",
    "unassigned_state_fraction": 0.0,
    "validation_state_count": 2346
  },
  "support_threshold": 0.2
}
summary=runs/maniskill_insertion/perturbation_e20_5k_lista_refine_20260604_143125/lista_relu_a0p02_sp1em4_loops1/seed0/eval_test_periodic/metrics_summary.json
summary=runs/maniskill_insertion/perturbation_e20_5k_lista_refine_20260604_143125/lista_relu_a0p02_sp1em3_loops1/seed0/eval_test_periodic/metrics_summary.json
summary=runs/maniskill_insertion/perturbation_e20_5k_lista_refine_20260604_143125/lista_relu_a0p02_sp3em4_loops1/seed0/eval_test_periodic/metrics_summary.json
step=4999 loss=0.015202 pred=0.013613 val_mse=0.177662
run_dir=runs/maniskill_insertion/perturbation_e20_5k_lista_refine_20260604_143125/lista_relu_a0p005_sp1em5_loops2/seed0
{
  "best_periodic_rollout": {
    "episode_count": 15,
    "h10/episode_count": 15,
    "h10/final_state_mse": 0.0019640280530343647,
    "h10/outcome_drop_episode_count": 3,
    "h10/outcome_drop_final_state_mse": 0.0012707065036094266,
    "h10/outcome_drop_state_mse": 0.001508376080226275,
    "h10/outcome_jam_episode_count": 3,
    "h10/outcome_jam_final_state_mse": 0.002070499912780874,
    "h10/outcome_jam_state_mse": 0.0018889963626861571,
    "h10/outcome_miss_episode_count": 3,
    "h10/outcome_miss_final_state_mse": 0.003939163353708055,
    "h10/outcome_miss_state_mse": 0.00994023497587715,
    "h10/outcome_partial_episode_count": 3,
    "h10/outcome_partial_final_state_mse": 0.0012757677974459393,
    "h10/outcome_partial_state_mse": 0.0014305631709254645,
    "h10/outcome_success_episode_count": 3,
    "h10/outcome_success_final_state_mse": 0.0012640032576384888,
    "h10/outcome_success_state_mse": 0.0014296097887886894,
    "h10/selected_mode": "periodic_10",
    "h10/selected_period": 10,
    "h10/state_mse": 0.003239556106866575,
    "h100/episode_count": 15,
    "h100/final_state_mse": 0.003249889573240592,
    "h100/outcome_drop_episode_count": 3,
    "h100/outcome_drop_final_state_mse": 0.0024128588634768342,
    "h100/outcome_drop_state_mse": 0.0019600099987453884,
    "h100/outcome_jam_episode_count": 3,
    "h100/outcome_jam_final_state_mse": 0.003935730705658595,
    "h100/outcome_jam_state_mse": 0.0026097321354485803,
    "h100/outcome_miss_episode_count": 3,
    "h100/outcome_miss_final_state_mse": 0.005158872727085562,
    "h100/outcome_miss_state_mse": 0.003317546782150767,
    "h100/outcome_partial_episode_count": 3,
    "h100/outcome_partial_final_state_mse": 0.0015170924803789925,
    "h100/outcome_partial_state_mse": 0.0016393549302045037,
    "h100/outcome_success_episode_count": 3,
    "h100/outcome_success_final_state_mse": 0.0032248930409063702,
    "h100/outcome_success_state_mse": 0.002071124774957794,
    "h100/selected_mode": "periodic_10",
    "h100/selected_period": 10,
    "h100/state_mse": 0.0023195537492340687,
    "h125/episode_count": 15,
    "h125/final_state_mse": 0.006097533032785054,
    "h125/outcome_drop_episode_count": 3,
    "h125/outcome_drop_final_state_mse": 0.004076842340378979,
    "h125/outcome_drop_state_mse": 0.0023934769474602993,
    "h125/outcome_jam_episode_count": 3,
    "h125/outcome_jam_final_state_mse": 0.007018191703394347,
    "h125/outcome_jam_state_mse": 0.003144831040326287,
    "h125/outcome_miss_episode_count": 3,
    "h125/outcome_miss_final_state_mse": 0.012119538327252943,
    "h125/outcome_miss_state_mse": 0.004367154189963746,
    "h125/outcome_partial_episode_count": 3,
    "h125/outcome_partial_final_state_mse": 0.001622823328753702,
    "h125/outcome_partial_state_mse": 0.0016301180770973754,
    "h125/outcome_success_episode_count": 3,
    "h125/outcome_success_final_state_mse": 0.0056502674919327875,
    "h125/outcome_success_state_mse": 0.0024839891421249488,
    "h125/selected_mode": "periodic_10",
    "h125/selected_period": 10,
    "h125/state_mse": 0.0028039139093137253,
    "h20/episode_count": 15,
    "h20/final_state_mse": 0.0013021588325500487,
    "h20/outcome_drop_episode_count": 3,
    "h20/outcome_drop_final_state_mse": 0.0011575608666426216,
    "h20/outcome_drop_state_mse": 0.001391799660289989,
    "h20/outcome_jam_episode_count": 3,
    "h20/outcome_jam_final_state_mse": 0.0013091458506833493,
    "h20/outcome_jam_state_mse": 0.001735468783409767,
    "h20/outcome_miss_episode_count": 3,
    "h20/outcome_miss_final_state_mse": 0.0019413393502141915,
    "h20/outcome_miss_state_mse": 0.006458198167140188,
    "h20/outcome_partial_episode_count": 3,
    "h20/outcome_partial_final_state_mse": 0.0010186665222730513,
    "h20/outcome_partial_state_mse": 0.0013105911951439054,
    "h20/outcome_success_episode_count": 3,
    "h20/outcome_success_final_state_mse": 0.0010840817068526948,
    "h20/outcome_success_state_mse": 0.001323723987816206,
    "h20/selected_mode": "periodic_10",
    "h20/selected_period": 10,
    "h20/state_mse": 0.0024439563626557394,
    "h30/episode_count": 15,
    "h30/final_state_mse": 0.0011718988418579102,
    "h30/outcome_drop_episode_count": 3,
    "h30/outcome_drop_final_state_mse": 0.0011351948080499188,
    "h30/outcome_drop_state_mse": 0.001391387764924492,
    "h30/outcome_jam_episode_count": 3,
    "h30/outcome_jam_final_state_mse": 0.0013402101212467243,
    "h30/outcome_jam_state_mse": 0.0017228095879482028,
    "h30/outcome_miss_episode_count": 3,
    "h30/outcome_miss_final_state_mse": 0.0012663219586696501,
    "h30/outcome_miss_state_mse": 0.004836424035963669,
    "h30/outcome_partial_episode_count": 3,
    "h30/outcome_partial_final_state_mse": 0.0010353731709757661,
    "h30/outcome_partial_state_mse": 0.0013164666223629887,
    "h30/outcome_success_episode_count": 3,
    "h30/outcome_success_final_state_mse": 0.001082394089476735,
    "h30/outcome_success_state_mse": 0.001328049531949112,
    "h30/selected_mode": "periodic_10",
    "h30/selected_period": 10,
    "h30/state_mse": 0.00211902759693287,
    "h40/episode_count": 15,
    "h40/final_state_mse": 0.0014190549164815665,
    "h40/outcome_drop_episode_count": 3,
    "h40/outcome_drop_final_state_mse": 0.0014184284346555572,
    "h40/outcome_drop_state_mse": 0.0015510445326761483,
    "h40/outcome_jam_episode_count": 3,
    "h40/outcome_jam_final_state_mse": 0.00143617693505256,
    "h40/outcome_jam_state_mse": 0.0018057092732074215,
    "h40/outcome_miss_episode_count": 3,
    "h40/outcome_miss_final_state_mse": 0.0016027238779987385,
    "h40/outcome_miss_state_mse": 0.004070511674569323,
    "h40/outcome_partial_episode_count": 3,
    "h40/outcome_partial_final_state_mse": 0.0012785719792827283,
    "h40/outcome_partial_state_mse": 0.0013945398182650796,
    "h40/outcome_success_episode_count": 3,
    "h40/outcome_success_final_state_mse": 0.0013593728684521968,
    "h40/outcome_success_state_mse": 0.0014106860347822602,
    "h40/selected_mode": "periodic_10",
    "h40/selected_period": 10,
    "h40/state_mse": 0.0020464981926812064,
    "h50/episode_count": 15,
    "h50/final_state_mse": 0.0016613860535465814,
    "h50/outcome_drop_episode_count": 3,
    "h50/outcome_drop_final_state_mse": 0.0014380284043308956,
    "h50/outcome_drop_state_mse": 0.00164540250316944,
    "h50/outcome_jam_episode_count": 3,
    "h50/outcome_jam_final_state_mse": 0.0022089743584978814,
    "h50/outcome_jam_state_mse": 0.0019647509443993664,
    "h50/outcome_miss_episode_count": 3,
    "h50/outcome_miss_final_state_mse": 0.0015907551776739508,
    "h50/outcome_miss_state_mse": 0.0036414882560181464,
    "h50/outcome_partial_episode_count": 3,
    "h50/outcome_partial_final_state_mse": 0.0015275071259417566,
    "h50/outcome_partial_state_mse": 0.0015180904413360397,
    "h50/outcome_success_episode_count": 3,
    "h50/outcome_success_final_state_mse": 0.0015416648604121863,
    "h50/outcome_success_state_mse": 0.0015378519756342071,
    "h50/selected_mode": "periodic_10",
    "h50/selected_period": 10,
    "h50/state_mse": 0.002061516855277267,
    "h75/episode_count": 15,
    "h75/final_state_mse": 0.003264435599831974,
    "h75/outcome_drop_episode_count": 3,
    "h75/outcome_drop_final_state_mse": 0.0022679166077009213,
    "h75/outcome_drop_state_mse": 0.0017232849187580849,
    "h75/outcome_jam_episode_count": 3,
    "h75/outcome_jam_final_state_mse": 0.00352061315883998,
    "h75/outcome_jam_state_mse": 0.002231210488379651,
    "h75/outcome_miss_episode_count": 3,
    "h75/outcome_miss_final_state_mse": 0.004553557854462293,
    "h75/outcome_miss_state_mse": 0.0032003029551121664,
    "h75/outcome_partial_episode_count": 3,
    "h75/outcome_partial_final_state_mse": 0.002674133924682156,
    "h75/outcome_partial_state_mse": 0.0016684268710400285,
    "h75/outcome_success_episode_count": 3,
    "h75/outcome_success_final_state_mse": 0.0033059563804296106,
    "h75/outcome_success_state_mse": 0.0017146653235607936,
    "h75/selected_mode": "periodic_10",
    "h75/selected_period": 10,
    "h75/state_mse": 0.002107578119681032,
    "max_requested_horizon": 125,
    "periodic_reencode_periods": [
      1,
      2,
      5,
      10,
      20,
      50,
      100
    ],
    "rollout_mode": "best_periodic"
  },
  "checkpoint": "runs/maniskill_insertion/perturbation_e20_5k_lista_refine_20260604_143125/lista_relu_a0p005_sp1em5_loops2/seed0/checkpoint.pt",
  "checkpoint_step": 2500,
  "dataset": "data/maniskill/perturbation_assessment_seed0_e20/all_setups.npz",
  "device": "cuda",
  "family_jaccard": 0.4,
  "horizons": [
    10,
    20,
    30,
    40,
    50,
    75,
    100,
    125
  ],
  "labels_used_for_training": false,
  "periodic_reencode_periods": [
    1,
    2,
    5,
    10,
    20,
    50,
    100
  ],
  "rollout": {
    "episode_count": 15,
    "h10/episode_count": 15,
    "h10/final_state_mse": 0.001964027897205228,
    "h10/outcome_drop_episode_count": 3,
    "h10/outcome_drop_final_state_mse": 0.0012707061627331901,
    "h10/outcome_drop_state_mse": 0.0015083761776194854,
    "h10/outcome_jam_episode_count": 3,
    "h10/outcome_jam_final_state_mse": 0.0020704994258148217,
    "h10/outcome_jam_state_mse": 0.0018889962068570207,
    "h10/outcome_miss_episode_count": 3,
    "h10/outcome_miss_final_state_mse": 0.003939163548494476,
    "h10/outcome_miss_state_mse": 0.009940234820048015,
    "h10/outcome_partial_episode_count": 3,
    "h10/outcome_partial_final_state_mse": 0.0012757667139464733,
    "h10/outcome_partial_state_mse": 0.0014305629956176858,
    "h10/outcome_success_episode_count": 3,
    "h10/outcome_success_final_state_mse": 0.0012640034767732121,
    "h10/outcome_success_state_mse": 0.0014296100225323946,
    "h10/state_mse": 0.003239556106866575,
    "h100/episode_count": 15,
    "h100/final_state_mse": 38555.09019607843,
    "h100/outcome_drop_episode_count": 3,
    "h100/outcome_drop_final_state_mse": 36270.060866013075,
    "h100/outcome_drop_state_mse": 1868.3034967320261,
    "h100/outcome_jam_episode_count": 3,
    "h100/outcome_jam_final_state_mse": 35952.73243464052,
    "h100/outcome_jam_state_mse": 1856.1385212418302,
    "h100/outcome_miss_episode_count": 3,
    "h100/outcome_miss_final_state_mse": 47184.84395424837,
    "h100/outcome_miss_state_mse": 2610.204117647059,
    "h100/outcome_partial_episode_count": 3,
    "h100/outcome_partial_final_state_mse": 36687.40277777778,
    "h100/outcome_partial_state_mse": 1895.068455882353,
    "h100/outcome_success_episode_count": 3,
    "h100/outcome_success_final_state_mse": 36680.42647058824,
    "h100/outcome_success_state_mse": 1892.7879248366014,
    "h100/state_mse": 2024.5004967320262,
    "h125/episode_count": 15,
    "h125/final_state_mse": 9706609.108496731,
    "h125/outcome_drop_episode_count": 3,
    "h125/outcome_drop_final_state_mse": 11501489.986928105,
    "h125/outcome_drop_state_mse": 444275.785620915,
    "h125/outcome_jam_episode_count": 3,
    "h125/outcome_jam_final_state_mse": 11023925.85620915,
    "h125/outcome_jam_state_mse": 428468.8631633987,
    "h125/outcome_miss_episode_count": 3,
    "h125/outcome_miss_final_state_mse": 4685788.653594771,
    "h125/outcome_miss_state_mse": 209817.69035294116,
    "h125/outcome_partial_episode_count": 3,
    "h125/outcome_partial_final_state_mse": 10516363.294117646,
    "h125/outcome_partial_state_mse": 412839.0592418301,
    "h125/outcome_success_episode_count": 3,
    "h125/outcome_success_final_state_mse": 10805476.392156864,
    "h125/outcome_success_state_mse": 423034.7595294118,
    "h125/state_mse": 383687.1941019608,
    "h20/episode_count": 15,
    "h20/final_state_mse": 0.004225487802542892,
    "h20/outcome_drop_episode_count": 3,
    "h20/outcome_drop_final_state_mse": 0.004017833595961527,
    "h20/outcome_drop_state_mse": 0.0018552632113687352,
    "h20/outcome_jam_episode_count": 3,
    "h20/outcome_jam_final_state_mse": 0.004460255791938383,
    "h20/outcome_jam_state_mse": 0.002170148706124499,
    "h20/outcome_miss_episode_count": 3,
    "h20/outcome_miss_final_state_mse": 0.004555543263753255,
    "h20/outcome_miss_state_mse": 0.006592343991098841,
    "h20/outcome_partial_episode_count": 3,
    "h20/outcome_partial_final_state_mse": 0.003962360176385618,
    "h20/outcome_partial_state_mse": 0.0017679106176289078,
    "h20/outcome_success_episode_count": 3,
    "h20/outcome_success_final_state_mse": 0.0041314463794620985,
    "h20/outcome_success_state_mse": 0.0017801003518447378,
    "h20/state_mse": 0.002833153469110626,
    "h30/episode_count": 15,
    "h30/final_state_mse": 0.026268897960388584,
    "h30/outcome_drop_episode_count": 3,
    "h30/outcome_drop_final_state_mse": 0.027397198614731333,
    "h30/outcome_drop_state_mse": 0.005529878653732,
    "h30/outcome_jam_episode_count": 3,
    "h30/outcome_jam_final_state_mse": 0.02808801099365833,
    "h30/outcome_jam_state_mse": 0.005919313326900042,
    "h30/outcome_miss_episode_count": 3,
    "h30/outcome_miss_final_state_mse": 0.019177802247938767,
    "h30/outcome_miss_state_mse": 0.007617799181304466,
    "h30/outcome_partial_episode_count": 3,
    "h30/outcome_partial_final_state_mse": 0.02837718857659234,
    "h30/outcome_partial_state_mse": 0.005495314296813832,
    "h30/outcome_success_episode_count": 3,
    "h30/outcome_success_final_state_mse": 0.028304287031585097,
    "h30/outcome_success_state_mse": 0.005482317004068744,
    "h30/state_mse": 0.006008924430232162,
    "h40/episode_count": 15,
    "h40/final_state_mse": 0.23454510059232025,
    "h40/outcome_drop_episode_count": 3,
    "h40/outcome_drop_final_state_mse": 0.1794955138287513,
    "h40/outcome_drop_state_mse": 0.02665920943216561,
    "h40/outcome_jam_episode_count": 3,
    "h40/outcome_jam_final_state_mse": 0.20240575347850526,
    "h40/outcome_jam_state_mse": 0.029203572616078494,
    "h40/outcome_miss_episode_count": 3,
    "h40/outcome_miss_final_state_mse": 0.38026823093688567,
    "h40/outcome_miss_state_mse": 0.04194766773897059,
    "h40/outcome_partial_episode_count": 3,
    "h40/outcome_partial_final_state_mse": 0.20644985772425833,
    "h40/outcome_partial_state_mse": 0.029571490817599827,
    "h40/outcome_success_episode_count": 3,
    "h40/outcome_success_final_state_mse": 0.20410610336104248,
    "h40/outcome_success_state_mse": 0.02923448787016027,
    "h40/state_mse": 0.031323286068984886,
    "h50/episode_count": 15,
    "h50/final_state_mse": 1.461874808517157,
    "h50/outcome_drop_episode_count": 3,
    "h50/outcome_drop_final_state_mse": 1.2311078613879634,
    "h50/outcome_drop_state_mse": 0.14449402453852636,
    "h50/outcome_jam_episode_count": 3,
    "h50/outcome_jam_final_state_mse": 1.2661510168337355,
    "h50/outcome_jam_state_mse": 0.1514947629442402,
    "h50/outcome_miss_episode_count": 3,
    "h50/outcome_miss_final_state_mse": 2.4306713179046033,
    "h50/outcome_miss_state_mse": 0.294003591101154,
    "h50/outcome_partial_episode_count": 3,
    "h50/outcome_partial_final_state_mse": 1.1930711534288194,
    "h50/outcome_partial_state_mse": 0.14808871599583845,
    "h50/outcome_success_episode_count": 3,
    "h50/outcome_success_final_state_mse": 1.1883728301603032,
    "h50/outcome_success_state_mse": 0.1471209796581393,
    "h50/state_mse": 0.17704041564542483,
    "h75/episode_count": 15,
    "h75/final_state_mse": 164.5544117647059,
    "h75/outcome_drop_episode_count": 3,
    "h75/outcome_drop_final_state_mse": 148.3559689989277,
    "h75/outcome_drop_state_mse": 10.37639165475218,
    "h75/outcome_jam_episode_count": 3,
    "h75/outcome_jam_final_state_mse": 149.6205747517106,
    "h75/outcome_jam_state_mse": 10.443128574346405,
    "h75/outcome_miss_episode_count": 3,
    "h75/outcome_miss_final_state_mse": 222.25517961090685,
    "h75/outcome_miss_state_mse": 15.038534007352942,
    "h75/outcome_partial_episode_count": 3,
    "h75/outcome_partial_final_state_mse": 151.7909015331393,
    "h75/outcome_partial_state_mse": 10.609711499183007,
    "h75/outcome_success_episode_count": 3,
    "h75/outcome_success_final_state_mse": 150.74948259740094,
    "h75/outcome_success_state_mse": 10.523835571555011,
    "h75/state_mse": 11.398320261437908,
    "max_requested_horizon": 125,
    "reencode_period": null,
    "rollout_mode": "no_reencode"
  },
  "rollout_modes": {
    "no_reencode": {
      "episode_count": 15,
      "h10/episode_count": 15,
      "h10/final_state_mse": 0.001964027897205228,
      "h10/outcome_drop_episode_count": 3,
      "h10/outcome_drop_final_state_mse": 0.0012707061627331901,
      "h10/outcome_drop_state_mse": 0.0015083761776194854,
      "h10/outcome_jam_episode_count": 3,
      "h10/outcome_jam_final_state_mse": 0.0020704994258148217,
      "h10/outcome_jam_state_mse": 0.0018889962068570207,
      "h10/outcome_miss_episode_count": 3,
      "h10/outcome_miss_final_state_mse": 0.003939163548494476,
      "h10/outcome_miss_state_mse": 0.009940234820048015,
      "h10/outcome_partial_episode_count": 3,
      "h10/outcome_partial_final_state_mse": 0.0012757667139464733,
      "h10/outcome_partial_state_mse": 0.0014305629956176858,
      "h10/outcome_success_episode_count": 3,
      "h10/outcome_success_final_state_mse": 0.0012640034767732121,
      "h10/outcome_success_state_mse": 0.0014296100225323946,
      "h10/state_mse": 0.003239556106866575,
      "h100/episode_count": 15,
      "h100/final_state_mse": 38555.09019607843,
      "h100/outcome_drop_episode_count": 3,
      "h100/outcome_drop_final_state_mse": 36270.060866013075,
      "h100/outcome_drop_state_mse": 1868.3034967320261,
      "h100/outcome_jam_episode_count": 3,
      "h100/outcome_jam_final_state_mse": 35952.73243464052,
      "h100/outcome_jam_state_mse": 1856.1385212418302,
      "h100/outcome_miss_episode_count": 3,
      "h100/outcome_miss_final_state_mse": 47184.84395424837,
      "h100/outcome_miss_state_mse": 2610.204117647059,
      "h100/outcome_partial_episode_count": 3,
      "h100/outcome_partial_final_state_mse": 36687.40277777778,
      "h100/outcome_partial_state_mse": 1895.068455882353,
      "h100/outcome_success_episode_count": 3,
      "h100/outcome_success_final_state_mse": 36680.42647058824,
      "h100/outcome_success_state_mse": 1892.7879248366014,
      "h100/state_mse": 2024.5004967320262,
      "h125/episode_count": 15,
      "h125/final_state_mse": 9706609.108496731,
      "h125/outcome_drop_episode_count": 3,
      "h125/outcome_drop_final_state_mse": 11501489.986928105,
      "h125/outcome_drop_state_mse": 444275.785620915,
      "h125/outcome_jam_episode_count": 3,
      "h125/outcome_jam_final_state_mse": 11023925.85620915,
      "h125/outcome_jam_state_mse": 428468.8631633987,
      "h125/outcome_miss_episode_count": 3,
      "h125/outcome_miss_final_state_mse": 4685788.653594771,
      "h125/outcome_miss_state_mse": 209817.69035294116,
      "h125/outcome_partial_episode_count": 3,
      "h125/outcome_partial_final_state_mse": 10516363.294117646,
      "h125/outcome_partial_state_mse": 412839.0592418301,
      "h125/outcome_success_episode_count": 3,
      "h125/outcome_success_final_state_mse": 10805476.392156864,
      "h125/outcome_success_state_mse": 423034.7595294118,
      "h125/state_mse": 383687.1941019608,
      "h20/episode_count": 15,
      "h20/final_state_mse": 0.004225487802542892,
      "h20/outcome_drop_episode_count": 3,
      "h20/outcome_drop_final_state_mse": 0.004017833595961527,
      "h20/outcome_drop_state_mse": 0.0018552632113687352,
      "h20/outcome_jam_episode_count": 3,
      "h20/outcome_jam_final_state_mse": 0.004460255791938383,
      "h20/outcome_jam_state_mse": 0.002170148706124499,
      "h20/outcome_miss_episode_count": 3,
      "h20/outcome_miss_final_state_mse": 0.004555543263753255,
      "h20/outcome_miss_state_mse": 0.006592343991098841,
      "h20/outcome_partial_episode_count": 3,
      "h20/outcome_partial_final_state_mse": 0.003962360176385618,
      "h20/outcome_partial_state_mse": 0.0017679106176289078,
      "h20/outcome_success_episode_count": 3,
      "h20/outcome_success_final_state_mse": 0.0041314463794620985,
      "h20/outcome_success_state_mse": 0.0017801003518447378,
      "h20/state_mse": 0.002833153469110626,
      "h30/episode_count": 15,
      "h30/final_state_mse": 0.026268897960388584,
      "h30/outcome_drop_episode_count": 3,
      "h30/outcome_drop_final_state_mse": 0.027397198614731333,
      "h30/outcome_drop_state_mse": 0.005529878653732,
      "h30/outcome_jam_episode_count": 3,
      "h30/outcome_jam_final_state_mse": 0.02808801099365833,
      "h30/outcome_jam_state_mse": 0.005919313326900042,
      "h30/outcome_miss_episode_count": 3,
      "h30/outcome_miss_final_state_mse": 0.019177802247938767,
      "h30/outcome_miss_state_mse": 0.007617799181304466,
      "h30/outcome_partial_episode_count": 3,
      "h30/outcome_partial_final_state_mse": 0.02837718857659234,
      "h30/outcome_partial_state_mse": 0.005495314296813832,
      "h30/outcome_success_episode_count": 3,
      "h30/outcome_success_final_state_mse": 0.028304287031585097,
      "h30/outcome_success_state_mse": 0.005482317004068744,
      "h30/state_mse": 0.006008924430232162,
      "h40/episode_count": 15,
      "h40/final_state_mse": 0.23454510059232025,
      "h40/outcome_drop_episode_count": 3,
      "h40/outcome_drop_final_state_mse": 0.1794955138287513,
      "h40/outcome_drop_state_mse": 0.02665920943216561,
      "h40/outcome_jam_episode_count": 3,
      "h40/outcome_jam_final_state_mse": 0.20240575347850526,
      "h40/outcome_jam_state_mse": 0.029203572616078494,
      "h40/outcome_miss_episode_count": 3,
      "h40/outcome_miss_final_state_mse": 0.38026823093688567,
      "h40/outcome_miss_state_mse": 0.04194766773897059,
      "h40/outcome_partial_episode_count": 3,
      "h40/outcome_partial_final_state_mse": 0.20644985772425833,
      "h40/outcome_partial_state_mse": 0.029571490817599827,
      "h40/outcome_success_episode_count": 3,
      "h40/outcome_success_final_state_mse": 0.20410610336104248,
      "h40/outcome_success_state_mse": 0.02923448787016027,
      "h40/state_mse": 0.031323286068984886,
      "h50/episode_count": 15,
      "h50/final_state_mse": 1.461874808517157,
      "h50/outcome_drop_episode_count": 3,
      "h50/outcome_drop_final_state_mse": 1.2311078613879634,
      "h50/outcome_drop_state_mse": 0.14449402453852636,
      "h50/outcome_jam_episode_count": 3,
      "h50/outcome_jam_final_state_mse": 1.2661510168337355,
      "h50/outcome_jam_state_mse": 0.1514947629442402,
      "h50/outcome_miss_episode_count": 3,
      "h50/outcome_miss_final_state_mse": 2.4306713179046033,
      "h50/outcome_miss_state_mse": 0.294003591101154,
      "h50/outcome_partial_episode_count": 3,
      "h50/outcome_partial_final_state_mse": 1.1930711534288194,
      "h50/outcome_partial_state_mse": 0.14808871599583845,
      "h50/outcome_success_episode_count": 3,
      "h50/outcome_success_final_state_mse": 1.1883728301603032,
      "h50/outcome_success_state_mse": 0.1471209796581393,
      "h50/state_mse": 0.17704041564542483,
      "h75/episode_count": 15,
      "h75/final_state_mse": 164.5544117647059,
      "h75/outcome_drop_episode_count": 3,
      "h75/outcome_drop_final_state_mse": 148.3559689989277,
      "h75/outcome_drop_state_mse": 10.37639165475218,
      "h75/outcome_jam_episode_count": 3,
      "h75/outcome_jam_final_state_mse": 149.6205747517106,
      "h75/outcome_jam_state_mse": 10.443128574346405,
      "h75/outcome_miss_episode_count": 3,
      "h75/outcome_miss_final_state_mse": 222.25517961090685,
      "h75/outcome_miss_state_mse": 15.038534007352942,
      "h75/outcome_partial_episode_count": 3,
      "h75/outcome_partial_final_state_mse": 151.7909015331393,
      "h75/outcome_partial_state_mse": 10.609711499183007,
      "h75/outcome_success_episode_count": 3,
      "h75/outcome_success_final_state_mse": 150.74948259740094,
      "h75/outcome_success_state_mse": 10.523835571555011,
      "h75/state_mse": 11.398320261437908,
      "max_requested_horizon": 125,
      "reencode_period": null,
      "rollout_mode": "no_reencode"
    },
    "periodic_1": {
      "episode_count": 15,
      "h10/episode_count": 15,
      "h10/final_state_mse": 0.0030760846106834662,
      "h10/outcome_drop_episode_count": 3,
      "h10/outcome_drop_final_state_mse": 0.0025593688090642295,
      "h10/outcome_drop_state_mse": 0.0025518986134747275,
      "h10/outcome_jam_episode_count": 3,
      "h10/outcome_jam_final_state_mse": 0.002726190814784929,
      "h10/outcome_jam_state_mse": 0.0028350191957810344,
      "h10/outcome_miss_episode_count": 3,
      "h10/outcome_miss_final_state_mse": 0.005330517401103101,
      "h10/outcome_miss_state_mse": 0.011183770030152564,
      "h10/outcome_partial_episode_count": 3,
      "h10/outcome_partial_final_state_mse": 0.0023581290654107637,
      "h10/outcome_partial_state_mse": 0.0024076191428440068,
      "h10/outcome_success_episode_count": 3,
      "h10/outcome_success_final_state_mse": 0.0024062174013237546,
      "h10/outcome_success_state_mse": 0.0024337385215011296,
      "h10/state_mse": 0.004282409069584865,
      "h100/episode_count": 15,
      "h100/final_state_mse": 0.007830966999328214,
      "h100/outcome_drop_episode_count": 3,
      "h100/outcome_drop_final_state_mse": 0.01319395366057851,
      "h100/outcome_drop_state_mse": 0.005547961565404156,
      "h100/outcome_jam_episode_count": 3,
      "h100/outcome_jam_final_state_mse": 0.005746793902777379,
      "h100/outcome_jam_state_mse": 0.00532724486456977,
      "h100/outcome_miss_episode_count": 3,
      "h100/outcome_miss_final_state_mse": 0.01226786129614886,
      "h100/outcome_miss_state_mse": 0.0074091659496033115,
      "h100/outcome_partial_episode_count": 3,
      "h100/outcome_partial_final_state_mse": 0.0028583300756473166,
      "h100/outcome_partial_state_mse": 0.0042791155896155664,
      "h100/outcome_success_episode_count": 3,
      "h100/outcome_success_final_state_mse": 0.005087894551894244,
      "h100/outcome_success_state_mse": 0.004714429269429126,
      "h100/state_mse": 0.0054555835599213644,
      "h125/episode_count": 15,
      "h125/final_state_mse": 0.013604536866830065,
      "h125/outcome_drop_episode_count": 3,
      "h125/outcome_drop_final_state_mse": 0.025129455951304218,
      "h125/outcome_drop_state_mse": 0.007664903428819444,
      "h125/outcome_jam_episode_count": 3,
      "h125/outcome_jam_final_state_mse": 0.01061501300412845,
      "h125/outcome_jam_state_mse": 0.005756015752655229,
      "h125/outcome_miss_episode_count": 3,
      "h125/outcome_miss_final_state_mse": 0.009200057173086926,
      "h125/outcome_miss_state_mse": 0.008815839779922386,
      "h125/outcome_partial_episode_count": 3,
      "h125/outcome_partial_final_state_mse": 0.0031913559810788023,
      "h125/outcome_partial_state_mse": 0.003942532109279259,
      "h125/outcome_success_episode_count": 3,
      "h125/outcome_success_final_state_mse": 0.019886792728713916,
      "h125/outcome_success_state_mse": 0.005820614683861826,
      "h125/state_mse": 0.00639998148999183,
      "h20/episode_count": 15,
      "h20/final_state_mse": 0.0033096494238361034,
      "h20/outcome_drop_episode_count": 3,
      "h20/outcome_drop_final_state_mse": 0.002901773437175875,
      "h20/outcome_drop_state_mse": 0.0025744042365379582,
      "h20/outcome_jam_episode_count": 3,
      "h20/outcome_jam_final_state_mse": 0.002671062094128989,
      "h20/outcome_jam_state_mse": 0.0028728001257952523,
      "h20/outcome_miss_episode_count": 3,
      "h20/outcome_miss_final_state_mse": 0.005447989487959669,
      "h20/outcome_miss_state_mse": 0.008370971056370953,
      "h20/outcome_partial_episode_count": 3,
      "h20/outcome_partial_final_state_mse": 0.002778637886436936,
      "h20/outcome_partial_state_mse": 0.002486147132574343,
      "h20/outcome_success_episode_count": 3,
      "h20/outcome_success_final_state_mse": 0.0027487843108722587,
      "h20/outcome_success_state_mse": 0.002504974408866533,
      "h20/state_mse": 0.0037618594699435765,
      "h30/episode_count": 15,
      "h30/final_state_mse": 0.003980028863046684,
      "h30/outcome_drop_episode_count": 3,
      "h30/outcome_drop_final_state_mse": 0.0035894440085280175,
      "h30/outcome_drop_state_mse": 0.002770851640140309,
      "h30/outcome_jam_episode_count": 3,
      "h30/outcome_jam_final_state_mse": 0.0034612251652611625,
      "h30/outcome_jam_state_mse": 0.0030688377247396897,
      "h30/outcome_miss_episode_count": 3,
      "h30/outcome_miss_final_state_mse": 0.00576506818042082,
      "h30/outcome_miss_state_mse": 0.007274990455777037,
      "h30/outcome_partial_episode_count": 3,
      "h30/outcome_partial_final_state_mse": 0.0034806923636423997,
      "h30/outcome_partial_state_mse": 0.0026940745725610935,
      "h30/outcome_success_episode_count": 3,
      "h30/outcome_success_final_state_mse": 0.0036037167887282527,
      "h30/outcome_success_state_mse": 0.0027108006487744567,
      "h30/state_mse": 0.003703911143450436,
      "h40/episode_count": 15,
      "h40/final_state_mse": 0.0051026503245035805,
      "h40/outcome_drop_episode_count": 3,
      "h40/outcome_drop_final_state_mse": 0.0047949610971937,
      "h40/outcome_drop_state_mse": 0.0031966641837475347,
      "h40/outcome_jam_episode_count": 3,
      "h40/outcome_jam_final_state_mse": 0.004507692615970288,
      "h40/outcome_jam_state_mse": 0.0033968651995939366,
      "h40/outcome_miss_episode_count": 3,
      "h40/outcome_miss_final_state_mse": 0.006718297994214725,
      "h40/outcome_miss_state_mse": 0.00714004055347318,
      "h40/outcome_partial_episode_count": 3,
      "h40/outcome_partial_final_state_mse": 0.004766187539287642,
      "h40/outcome_partial_state_mse": 0.0030388081774992103,
      "h40/outcome_success_episode_count": 3,
      "h40/outcome_success_final_state_mse": 0.004726111986278709,
      "h40/outcome_success_state_mse": 0.0030416726286894356,
      "h40/state_mse": 0.003962809992771522,
      "h50/episode_count": 15,
      "h50/final_state_mse": 0.006930418575511259,
      "h50/outcome_drop_episode_count": 3,
      "h50/outcome_drop_final_state_mse": 0.00917113216873867,
      "h50/outcome_drop_state_mse": 0.003929027108585133,
      "h50/outcome_jam_episode_count": 3,
      "h50/outcome_jam_final_state_mse": 0.006073161472682081,
      "h50/outcome_jam_state_mse": 0.003991058449340022,
      "h50/outcome_miss_episode_count": 3,
      "h50/outcome_miss_final_state_mse": 0.005468249223590676,
      "h50/outcome_miss_state_mse": 0.006935155157949411,
      "h50/outcome_partial_episode_count": 3,
      "h50/outcome_partial_final_state_mse": 0.006928297331909728,
      "h50/outcome_partial_state_mse": 0.003607343661239724,
      "h50/outcome_success_episode_count": 3,
      "h50/outcome_success_final_state_mse": 0.007011252096275878,
      "h50/outcome_success_state_mse": 0.0036024579191519545,
      "h50/state_mse": 0.004413008546517565,
      "h75/episode_count": 15,
      "h75/final_state_mse": 0.00643829520231758,
      "h75/outcome_drop_episode_count": 3,
      "h75/outcome_drop_final_state_mse": 0.005697134955256593,
      "h75/outcome_drop_state_mse": 0.0047773824122476685,
      "h75/outcome_jam_episode_count": 3,
      "h75/outcome_jam_final_state_mse": 0.00674931841348511,
      "h75/outcome_jam_state_mse": 0.005162430806876788,
      "h75/outcome_miss_episode_count": 3,
      "h75/outcome_miss_final_state_mse": 0.007967771268358417,
      "h75/outcome_miss_state_mse": 0.006401680175515302,
      "h75/outcome_partial_episode_count": 3,
      "h75/outcome_partial_final_state_mse": 0.005145051510505427,
      "h75/outcome_partial_state_mse": 0.004596138914685883,
      "h75/outcome_success_episode_count": 3,
      "h75/outcome_success_final_state_mse": 0.006632197039579254,
      "h75/outcome_success_state_mse": 0.004617200531471269,
      "h75/state_mse": 0.005110966967081972,
      "max_requested_horizon": 125,
      "reencode_period": 1,
      "rollout_mode": "periodic_1"
    },
    "periodic_10": {
      "episode_count": 15,
      "h10/episode_count": 15,
      "h10/final_state_mse": 0.0019640280530343647,
      "h10/outcome_drop_episode_count": 3,
      "h10/outcome_drop_final_state_mse": 0.0012707065036094266,
      "h10/outcome_drop_state_mse": 0.001508376080226275,
      "h10/outcome_jam_episode_count": 3,
      "h10/outcome_jam_final_state_mse": 0.002070499912780874,
      "h10/outcome_jam_state_mse": 0.0018889963626861571,
      "h10/outcome_miss_episode_count": 3,
      "h10/outcome_miss_final_state_mse": 0.003939163353708055,
      "h10/outcome_miss_state_mse": 0.00994023497587715,
      "h10/outcome_partial_episode_count": 3,
      "h10/outcome_partial_final_state_mse": 0.0012757677974459393,
      "h10/outcome_partial_state_mse": 0.0014305631709254645,
      "h10/outcome_success_episode_count": 3,
      "h10/outcome_success_final_state_mse": 0.0012640032576384888,
      "h10/outcome_success_state_mse": 0.0014296097887886894,
      "h10/state_mse": 0.003239556106866575,
      "h100/episode_count": 15,
      "h100/final_state_mse": 0.003249889573240592,
      "h100/outcome_drop_episode_count": 3,
      "h100/outcome_drop_final_state_mse": 0.0024128588634768342,
      "h100/outcome_drop_state_mse": 0.0019600099987453884,
      "h100/outcome_jam_episode_count": 3,
      "h100/outcome_jam_final_state_mse": 0.003935730705658595,
      "h100/outcome_jam_state_mse": 0.0026097321354485803,
      "h100/outcome_miss_episode_count": 3,
      "h100/outcome_miss_final_state_mse": 0.005158872727085562,
      "h100/outcome_miss_state_mse": 0.003317546782150767,
      "h100/outcome_partial_episode_count": 3,
      "h100/outcome_partial_final_state_mse": 0.0015170924803789925,
      "h100/outcome_partial_state_mse": 0.0016393549302045037,
      "h100/outcome_success_episode_count": 3,
      "h100/outcome_success_final_state_mse": 0.0032248930409063702,
      "h100/outcome_success_state_mse": 0.002071124774957794,
      "h100/state_mse": 0.0023195537492340687,
      "h125/episode_count": 15,
      "h125/final_state_mse": 0.006097533032785054,
      "h125/outcome_drop_episode_count": 3,
      "h125/outcome_drop_final_state_mse": 0.004076842340378979,
      "h125/outcome_drop_state_mse": 0.0023934769474602993,
      "h125/outcome_jam_episode_count": 3,
      "h125/outcome_jam_final_state_mse": 0.007018191703394347,
      "h125/outcome_jam_state_mse": 0.003144831040326287,
      "h125/outcome_miss_episode_count": 3,
      "h125/outcome_miss_final_state_mse": 0.012119538327252943,
      "h125/outcome_miss_state_mse": 0.004367154189963746,
      "h125/outcome_partial_episode_count": 3,
      "h125/outcome_partial_final_state_mse": 0.001622823328753702,
      "h125/outcome_partial_state_mse": 0.0016301180770973754,
      "h125/outcome_success_episode_count": 3,
      "h125/outcome_success_final_state_mse": 0.0056502674919327875,
      "h125/outcome_success_state_mse": 0.0024839891421249488,
      "h125/state_mse": 0.0028039139093137253,
      "h20/episode_count": 15,
      "h20/final_state_mse": 0.0013021588325500487,
      "h20/outcome_drop_episode_count": 3,
      "h20/outcome_drop_final_state_mse": 0.0011575608666426216,
      "h20/outcome_drop_state_mse": 0.001391799660289989,
      "h20/outcome_jam_episode_count": 3,
      "h20/outcome_jam_final_state_mse": 0.0013091458506833493,
      "h20/outcome_jam_state_mse": 0.001735468783409767,
      "h20/outcome_miss_episode_count": 3,
      "h20/outcome_miss_final_state_mse": 0.0019413393502141915,
      "h20/outcome_miss_state_mse": 0.006458198167140188,
      "h20/outcome_partial_episode_count": 3,
      "h20/outcome_partial_final_state_mse": 0.0010186665222730513,
      "h20/outcome_partial_state_mse": 0.0013105911951439054,
      "h20/outcome_success_episode_count": 3,
      "h20/outcome_success_final_state_mse": 0.0010840817068526948,
      "h20/outcome_success_state_mse": 0.001323723987816206,
      "h20/state_mse": 0.0024439563626557394,
      "h30/episode_count": 15,
      "h30/final_state_mse": 0.0011718988418579102,
      "h30/outcome_drop_episode_count": 3,
      "h30/outcome_drop_final_state_mse": 0.0011351948080499188,
      "h30/outcome_drop_state_mse": 0.001391387764924492,
      "h30/outcome_jam_episode_count": 3,
      "h30/outcome_jam_final_state_mse": 0.0013402101212467243,
      "h30/outcome_jam_state_mse": 0.0017228095879482028,
      "h30/outcome_miss_episode_count": 3,
      "h30/outcome_miss_final_state_mse": 0.0012663219586696501,
      "h30/outcome_miss_state_mse": 0.004836424035963669,
      "h30/outcome_partial_episode_count": 3,
      "h30/outcome_partial_final_state_mse": 0.0010353731709757661,
      "h30/outcome_partial_state_mse": 0.0013164666223629887,
      "h30/outcome_success_episode_count": 3,
      "h30/outcome_success_final_state_mse": 0.001082394089476735,
      "h30/outcome_success_state_mse": 0.001328049531949112,
      "h30/state_mse": 0.00211902759693287,
      "h40/episode_count": 15,
      "h40/final_state_mse": 0.0014190549164815665,
      "h40/outcome_drop_episode_count": 3,
      "h40/outcome_drop_final_state_mse": 0.0014184284346555572,
      "h40/outcome_drop_state_mse": 0.0015510445326761483,
      "h40/outcome_jam_episode_count": 3,
      "h40/outcome_jam_final_state_mse": 0.00143617693505256,
      "h40/outcome_jam_state_mse": 0.0018057092732074215,
      "h40/outcome_miss_episode_count": 3,
      "h40/outcome_miss_final_state_mse": 0.0016027238779987385,
      "h40/outcome_miss_state_mse": 0.004070511674569323,
      "h40/outcome_partial_episode_count": 3,
      "h40/outcome_partial_final_state_mse": 0.0012785719792827283,
      "h40/outcome_partial_state_mse": 0.0013945398182650796,
      "h40/outcome_success_episode_count": 3,
      "h40/outcome_success_final_state_mse": 0.0013593728684521968,
      "h40/outcome_success_state_mse": 0.0014106860347822602,
      "h40/state_mse": 0.0020464981926812064,
      "h50/episode_count": 15,
      "h50/final_state_mse": 0.0016613860535465814,
      "h50/outcome_drop_episode_count": 3,
      "h50/outcome_drop_final_state_mse": 0.0014380284043308956,
      "h50/outcome_drop_state_mse": 0.00164540250316944,
      "h50/outcome_jam_episode_count": 3,
      "h50/outcome_jam_final_state_mse": 0.0022089743584978814,
      "h50/outcome_jam_state_mse": 0.0019647509443993664,
      "h50/outcome_miss_episode_count": 3,
      "h50/outcome_miss_final_state_mse": 0.0015907551776739508,
      "h50/outcome_miss_state_mse": 0.0036414882560181464,
      "h50/outcome_partial_episode_count": 3,
      "h50/outcome_partial_final_state_mse": 0.0015275071259417566,
      "h50/outcome_partial_state_mse": 0.0015180904413360397,
      "h50/outcome_success_episode_count": 3,
      "h50/outcome_success_final_state_mse": 0.0015416648604121863,
      "h50/outcome_success_state_mse": 0.0015378519756342071,
      "h50/state_mse": 0.002061516855277267,
      "h75/episode_count": 15,
      "h75/final_state_mse": 0.003264435599831974,
      "h75/outcome_drop_episode_count": 3,
      "h75/outcome_drop_final_state_mse": 0.0022679166077009213,
      "h75/outcome_drop_state_mse": 0.0017232849187580849,
      "h75/outcome_jam_episode_count": 3,
      "h75/outcome_jam_final_state_mse": 0.00352061315883998,
      "h75/outcome_jam_state_mse": 0.002231210488379651,
      "h75/outcome_miss_episode_count": 3,
      "h75/outcome_miss_final_state_mse": 0.004553557854462293,
      "h75/outcome_miss_state_mse": 0.0032003029551121664,
      "h75/outcome_partial_episode_count": 3,
      "h75/outcome_partial_final_state_mse": 0.002674133924682156,
      "h75/outcome_partial_state_mse": 0.0016684268710400285,
      "h75/outcome_success_episode_count": 3,
      "h75/outcome_success_final_state_mse": 0.0033059563804296106,
      "h75/outcome_success_state_mse": 0.0017146653235607936,
      "h75/state_mse": 0.002107578119681032,
      "max_requested_horizon": 125,
      "reencode_period": 10,
      "rollout_mode": "periodic_10"
    },
    "periodic_100": {
      "episode_count": 15,
      "h10/episode_count": 15,
      "h10/final_state_mse": 0.0019640280530343647,
      "h10/outcome_drop_episode_count": 3,
      "h10/outcome_drop_final_state_mse": 0.0012707065036094266,
      "h10/outcome_drop_state_mse": 0.001508376080226275,
      "h10/outcome_jam_episode_count": 3,
      "h10/outcome_jam_final_state_mse": 0.002070499912780874,
      "h10/outcome_jam_state_mse": 0.0018889963626861571,
      "h10/outcome_miss_episode_count": 3,
      "h10/outcome_miss_final_state_mse": 0.003939163353708055,
      "h10/outcome_miss_state_mse": 0.00994023497587715,
      "h10/outcome_partial_episode_count": 3,
      "h10/outcome_partial_final_state_mse": 0.0012757677974459393,
      "h10/outcome_partial_state_mse": 0.0014305631709254645,
      "h10/outcome_success_episode_count": 3,
      "h10/outcome_success_final_state_mse": 0.0012640032576384888,
      "h10/outcome_success_state_mse": 0.0014296097887886894,
      "h10/state_mse": 0.003239556106866575,
      "h100/episode_count": 15,
      "h100/final_state_mse": 38555.100653594774,
      "h100/outcome_drop_episode_count": 3,
      "h100/outcome_drop_final_state_mse": 36270.069648692814,
      "h100/outcome_drop_state_mse": 1868.303570261438,
      "h100/outcome_jam_episode_count": 3,
      "h100/outcome_jam_final_state_mse": 35952.73611111111,
      "h100/outcome_jam_state_mse": 1856.138570261438,
      "h100/outcome_miss_episode_count": 3,
      "h100/outcome_miss_final_state_mse": 47184.85825163399,
      "h100/outcome_miss_state_mse": 2610.204248366013,
      "h100/outcome_partial_episode_count": 3,
      "h100/outcome_partial_final_state_mse": 36687.41503267974,
      "h100/outcome_partial_state_mse": 1895.0687826797387,
      "h100/outcome_success_episode_count": 3,
      "h100/outcome_success_final_state_mse": 36680.4164624183,
      "h100/outcome_success_state_mse": 1892.788137254902,
      "h100/state_mse": 2024.500705882353,
      "h125/episode_count": 15,
      "h125/final_state_mse": 11103.347712418301,
      "h125/outcome_drop_episode_count": 3,
      "h125/outcome_drop_final_state_mse": 10063.92830882353,
      "h125/outcome_drop_state_mse": 2488.069111111111,
      "h125/outcome_jam_episode_count": 3,
      "h125/outcome_jam_final_state_mse": 11084.20618872549,
      "h125/outcome_jam_state_mse": 2526.5878039215686,
      "h125/outcome_miss_episode_count": 3,
      "h125/outcome_miss_final_state_mse": 13448.844873366013,
      "h125/outcome_miss_state_mse": 3587.6681045751634,
      "h125/outcome_partial_episode_count": 3,
      "h125/outcome_partial_final_state_mse": 10426.537071078432,
      "h125/outcome_partial_state_mse": 2517.289294117647,
      "h125/outcome_success_episode_count": 3,
      "h125/outcome_success_final_state_mse": 10493.22487745098,
      "h125/outcome_success_state_mse": 2516.2603006535946,
      "h125/state_mse": 2727.1750274509805,
      "h20/episode_count": 15,
      "h20/final_state_mse": 0.0042254874908846185,
      "h20/outcome_drop_episode_count": 3,
      "h20/outcome_drop_final_state_mse": 0.004017831258524477,
      "h20/outcome_drop_state_mse": 0.001855263133454167,
      "h20/outcome_jam_episode_count": 3,
      "h20/outcome_jam_final_state_mse": 0.004460255986724804,
      "h20/outcome_jam_state_mse": 0.002170148939868204,
      "h20/outcome_miss_episode_count": 3,
      "h20/outcome_miss_final_state_mse": 0.0045555448220446215,
      "h20/outcome_miss_state_mse": 0.006592343835269704,
      "h20/outcome_partial_episode_count": 3,
      "h20/outcome_partial_final_state_mse": 0.003962359494633145,
      "h20/outcome_partial_state_mse": 0.0017679108513726127,
      "h20/outcome_success_episode_count": 3,
      "h20/outcome_success_final_state_mse": 0.004131445600316416,
      "h20/outcome_success_state_mse": 0.0017801001181010328,
      "h20/state_mse": 0.002833153469110626,
      "h30/episode_count": 15,
      "h30/final_state_mse": 0.02626889297385621,
      "h30/outcome_drop_episode_count": 3,
      "h30/outcome_drop_final_state_mse": 0.027397193160711552,
      "h30/outcome_drop_state_mse": 0.0055298782381876365,
      "h30/outcome_jam_episode_count": 3,
      "h30/outcome_jam_final_state_mse": 0.028088009435366962,
      "h30/outcome_jam_state_mse": 0.005919313534672224,
      "h30/outcome_miss_episode_count": 3,
      "h30/outcome_miss_final_state_mse": 0.019177804585375817,
      "h30/outcome_miss_state_mse": 0.007617799181304466,
      "h30/outcome_partial_episode_count": 3,
      "h30/outcome_partial_final_state_mse": 0.028377175331115723,
      "h30/outcome_partial_state_mse": 0.005495313465725103,
      "h30/outcome_success_episode_count": 3,
      "h30/outcome_success_final_state_mse": 0.028304291706459195,
      "h30/outcome_success_state_mse": 0.005482317211840926,
      "h30/state_mse": 0.006008924430232162,
      "h40/episode_count": 15,
      "h40/final_state_mse": 0.23454510059232025,
      "h40/outcome_drop_episode_count": 3,
      "h40/outcome_drop_final_state_mse": 0.17949554811116136,
      "h40/outcome_drop_state_mse": 0.026659207562215965,
      "h40/outcome_jam_episode_count": 3,
      "h40/outcome_jam_final_state_mse": 0.20240574568704842,
      "h40/outcome_jam_state_mse": 0.029203574486028134,
      "h40/outcome_miss_episode_count": 3,
      "h40/outcome_miss_final_state_mse": 0.3802681904213101,
      "h40/outcome_miss_state_mse": 0.04194766711565404,
      "h40/outcome_partial_episode_count": 3,
      "h40/outcome_partial_final_state_mse": 0.20644987019058925,
      "h40/outcome_partial_state_mse": 0.029571493310866014,
      "h40/outcome_success_episode_count": 3,
      "h40/outcome_success_final_state_mse": 0.2041060893364202,
      "h40/outcome_success_state_mse": 0.02923448600021063,
      "h40/state_mse": 0.031323286068984886,
      "h50/episode_count": 15,
      "h50/final_state_mse": 1.4618749680861929,
      "h50/outcome_drop_episode_count": 3,
      "h50/outcome_drop_final_state_mse": 1.2311076868593303,
      "h50/outcome_drop_state_mse": 0.14449400858162276,
      "h50/outcome_jam_episode_count": 3,
      "h50/outcome_jam_final_state_mse": 1.2661514282226562,
      "h50/outcome_jam_state_mse": 0.15149477291730495,
      "h50/outcome_miss_episode_count": 3,
      "h50/outcome_miss_final_state_mse": 2.4306711184433083,
      "h50/outcome_miss_state_mse": 0.2940035831227022,
      "h50/outcome_partial_episode_count": 3,
      "h50/outcome_partial_final_state_mse": 1.193071440154431,
      "h50/outcome_partial_state_mse": 0.14808873195274203,
      "h50/outcome_success_episode_count": 3,
      "h50/outcome_success_final_state_mse": 1.188372668098001,
      "h50/outcome_success_state_mse": 0.1471209796581393,
      "h50/state_mse": 0.17704041564542483,
      "h75/episode_count": 15,
      "h75/final_state_mse": 164.5544117647059,
      "h75/outcome_drop_episode_count": 3,
      "h75/outcome_drop_final_state_mse": 148.35600171058007,
      "h75/outcome_drop_state_mse": 10.376392633442265,
      "h75/outcome_jam_episode_count": 3,
      "h75/outcome_jam_final_state_mse": 149.62061225043402,
      "h75/outcome_jam_state_mse": 10.443128574346405,
      "h75/outcome_miss_episode_count": 3,
      "h75/outcome_miss_final_state_mse": 222.25507429534315,
      "h75/outcome_miss_state_mse": 15.038532645697169,
      "h75/outcome_partial_episode_count": 3,
      "h75/outcome_partial_final_state_mse": 151.79087121502246,
      "h75/outcome_partial_state_mse": 10.609712775735295,
      "h75/outcome_success_episode_count": 3,
      "h75/outcome_success_final_state_mse": 150.74949616076898,
      "h75/outcome_success_state_mse": 10.523835571555011,
      "h75/state_mse": 11.398321350762528,
      "max_requested_horizon": 125,
      "reencode_period": 100,
      "rollout_mode": "periodic_100"
    },
    "periodic_2": {
      "episode_count": 15,
      "h10/episode_count": 15,
      "h10/final_state_mse": 0.0024036591349084393,
      "h10/outcome_drop_episode_count": 3,
      "h10/outcome_drop_final_state_mse": 0.0020649319672896194,
      "h10/outcome_drop_state_mse": 0.0021380531242470337,
      "h10/outcome_jam_episode_count": 3,
      "h10/outcome_jam_final_state_mse": 0.002367253348328709,
      "h10/outcome_jam_state_mse": 0.0025013967277177796,
      "h10/outcome_miss_episode_count": 3,
      "h10/outcome_miss_final_state_mse": 0.003869122734256819,
      "h10/outcome_miss_state_mse": 0.009740017753800536,
      "h10/outcome_partial_episode_count": 3,
      "h10/outcome_partial_final_state_mse": 0.0018216402215116164,
      "h10/outcome_partial_state_mse": 0.001996695138270559,
      "h10/outcome_success_episode_count": 3,
      "h10/outcome_success_final_state_mse": 0.0018953475005486432,
      "h10/outcome_success_state_mse": 0.002013184354196187,
      "h10/state_mse": 0.003677869559892642,
      "h100/episode_count": 15,
      "h100/final_state_mse": 0.0043012849645676955,
      "h100/outcome_drop_episode_count": 3,
      "h100/outcome_drop_final_state_mse": 0.006278926153588139,
      "h100/outcome_drop_state_mse": 0.0031535540686713323,
      "h100/outcome_jam_episode_count": 3,
      "h100/outcome_jam_final_state_mse": 0.003679100156219956,
      "h100/outcome_jam_state_mse": 0.0035764464210061467,
      "h100/outcome_miss_episode_count": 3,
      "h100/outcome_miss_final_state_mse": 0.005712047219276428,
      "h100/outcome_miss_state_mse": 0.004469060710832184,
      "h100/outcome_partial_episode_count": 3,
      "h100/outcome_partial_final_state_mse": 0.0023706143636719073,
      "h100/outcome_partial_state_mse": 0.0026747383790857652,
      "h100/outcome_success_episode_count": 3,
      "h100/outcome_success_final_state_mse": 0.0034657362239812715,
      "h100/outcome_success_state_mse": 0.003096826092090482,
      "h100/state_mse": 0.003394125146803513,
      "h125/episode_count": 15,
      "h125/final_state_mse": 0.004905639286913903,
      "h125/outcome_drop_episode_count": 3,
      "h125/outcome_drop_final_state_mse": 0.006314190676788878,
      "h125/outcome_drop_state_mse": 0.003931475570778441,
      "h125/outcome_jam_episode_count": 3,
      "h125/outcome_jam_final_state_mse": 0.006291144424014621,
      "h125/outcome_jam_state_mse": 0.0038718238780701083,
      "h125/outcome_miss_episode_count": 3,
      "h125/outcome_miss_final_state_mse": 0.0044776862548067675,
      "h125/outcome_miss_state_mse": 0.004458446826810151,
      "h125/outcome_partial_episode_count": 3,
      "h125/outcome_partial_final_state_mse": 0.002306074001430686,
      "h125/outcome_partial_state_mse": 0.002590745464649076,
      "h125/outcome_success_episode_count": 3,
      "h125/outcome_success_final_state_mse": 0.0051391026358199275,
      "h125/outcome_success_state_mse": 0.0032965160693997652,
      "h125/state_mse": 0.0036298020705678104,
      "h20/episode_count": 15,
      "h20/final_state_mse": 0.002042427405812382,
      "h20/outcome_drop_episode_count": 3,
      "h20/outcome_drop_final_state_mse": 0.001984342932701111,
      "h20/outcome_drop_state_mse": 0.001983383434270722,
      "h20/outcome_jam_episode_count": 3,
      "h20/outcome_jam_final_state_mse": 0.0017178722845962624,
      "h20/outcome_jam_state_mse": 0.0023865836897706675,
      "h20/outcome_miss_episode_count": 3,
      "h20/outcome_miss_final_state_mse": 0.0031422818797865724,
      "h20/outcome_miss_state_mse": 0.006713243559295056,
      "h20/outcome_partial_episode_count": 3,
      "h20/outcome_partial_final_state_mse": 0.0016665047558109744,
      "h20/outcome_partial_state_mse": 0.0018520924000958211,
      "h20/outcome_success_episode_count": 3,
      "h20/outcome_success_final_state_mse": 0.001701135163992838,
      "h20/outcome_success_state_mse": 0.00188240241381078,
      "h20/state_mse": 0.002963541068282782,
      "h30/episode_count": 15,
      "h30/final_state_mse": 0.002644238440819036,
      "h30/outcome_drop_episode_count": 3,
      "h30/outcome_drop_final_state_mse": 0.002479742506360696,
      "h30/outcome_drop_state_mse": 0.002052920576274265,
      "h30/outcome_jam_episode_count": 3,
      "h30/outcome_jam_final_state_mse": 0.00254666927008847,
      "h30/outcome_jam_state_mse": 0.002397805828933882,
      "h30/outcome_miss_episode_count": 3,
      "h30/outcome_miss_final_state_mse": 0.003460502702426287,
      "h30/outcome_miss_state_mse": 0.005581911976301073,
      "h30/outcome_partial_episode_count": 3,
      "h30/outcome_partial_final_state_mse": 0.0023156200943429484,
      "h30/outcome_partial_state_mse": 0.001933511280026571,
      "h30/outcome_success_episode_count": 3,
      "h30/outcome_success_final_state_mse": 0.0024186575334835675,
      "h30/outcome_success_state_mse": 0.001961680305289807,
      "h30/state_mse": 0.0027855660764739922,
      "h40/episode_count": 15,
      "h40/final_state_mse": 0.0029346316468481922,
      "h40/outcome_drop_episode_count": 3,
      "h40/outcome_drop_final_state_mse": 0.002786675894182492,
      "h40/outcome_drop_state_mse": 0.0022857216838138555,
      "h40/outcome_jam_episode_count": 3,
      "h40/outcome_jam_final_state_mse": 0.0026074569014941946,
      "h40/outcome_jam_state_mse": 0.00254358824561624,
      "h40/outcome_miss_episode_count": 3,
      "h40/outcome_miss_final_state_mse": 0.0037922988724864385,
      "h40/outcome_miss_state_mse": 0.005164012098624036,
      "h40/outcome_partial_episode_count": 3,
      "h40/outcome_partial_final_state_mse": 0.0027369570498372996,
      "h40/outcome_partial_state_mse": 0.0021337580447103465,
      "h40/outcome_success_episode_count": 3,
      "h40/outcome_success_final_state_mse": 0.002749769905813379,
      "h40/outcome_success_state_mse": 0.0021562869252722246,
      "h40/state_mse": 0.0028566734463560815,
      "h50/episode_count": 15,
      "h50/final_state_mse": 0.0033211913763308057,
      "h50/outcome_drop_episode_count": 3,
      "h50/outcome_drop_final_state_mse": 0.003120169920079848,
      "h50/outcome_drop_state_mse": 0.002457697188932132,
      "h50/outcome_jam_episode_count": 3,
      "h50/outcome_jam_final_state_mse": 0.0031591830105563395,
      "h50/outcome_jam_state_mse": 0.0027875844793382033,
      "h50/outcome_miss_episode_count": 3,
      "h50/outcome_miss_final_state_mse": 0.00299769274744333,
      "h50/outcome_miss_state_mse": 0.004860327602211946,
      "h50/outcome_partial_episode_count": 3,
      "h50/outcome_partial_final_state_mse": 0.0036104891717044355,
      "h50/outcome_partial_state_mse": 0.002386773863649057,
      "h50/outcome_success_episode_count": 3,
      "h50/outcome_success_final_state_mse": 0.0037184215449040233,
      "h50/outcome_success_state_mse": 0.002404579337126289,
      "h50/state_mse": 0.0029793926563138275,
      "h75/episode_count": 15,
      "h75/final_state_mse": 0.0045747136758043875,
      "h75/outcome_drop_episode_count": 3,
      "h75/outcome_drop_final_state_mse": 0.0033643728767345153,
      "h75/outcome_drop_state_mse": 0.0026799675270363136,
      "h75/outcome_jam_episode_count": 3,
      "h75/outcome_jam_final_state_mse": 0.005349189724797517,
      "h75/outcome_jam_state_mse": 0.0033406832327250563,
      "h75/outcome_miss_episode_count": 3,
      "h75/outcome_miss_final_state_mse": 0.005713559881924024,
      "h75/outcome_miss_state_mse": 0.004391351005870013,
      "h75/outcome_partial_episode_count": 3,
      "h75/outcome_partial_final_state_mse": 0.0034219590959206126,
      "h75/outcome_partial_state_mse": 0.002790220838226784,
      "h75/outcome_success_episode_count": 3,
      "h75/outcome_success_final_state_mse": 0.005024486263982611,
      "h75/outcome_success_state_mse": 0.0028454496346268,
      "h75/state_mse": 0.003209534356277233,
      "max_requested_horizon": 125,
      "reencode_period": 2,
      "rollout_mode": "periodic_2"
    },
    "periodic_20": {
      "episode_count": 15,
      "h10/episode_count": 15,
      "h10/final_state_mse": 0.0019640280530343647,
      "h10/outcome_drop_episode_count": 3,
      "h10/outcome_drop_final_state_mse": 0.0012707065036094266,
      "h10/outcome_drop_state_mse": 0.001508376080226275,
      "h10/outcome_jam_episode_count": 3,
      "h10/outcome_jam_final_state_mse": 0.002070499912780874,
      "h10/outcome_jam_state_mse": 0.0018889963626861571,
      "h10/outcome_miss_episode_count": 3,
      "h10/outcome_miss_final_state_mse": 0.003939163353708055,
      "h10/outcome_miss_state_mse": 0.00994023497587715,
      "h10/outcome_partial_episode_count": 3,
      "h10/outcome_partial_final_state_mse": 0.0012757677974459393,
      "h10/outcome_partial_state_mse": 0.0014305631709254645,
      "h10/outcome_success_episode_count": 3,
      "h10/outcome_success_final_state_mse": 0.0012640032576384888,
      "h10/outcome_success_state_mse": 0.0014296097887886894,
      "h10/state_mse": 0.003239556106866575,
      "h100/episode_count": 15,
      "h100/final_state_mse": 0.0037644850662331177,
      "h100/outcome_drop_episode_count": 3,
      "h100/outcome_drop_final_state_mse": 0.004795602382787692,
      "h100/outcome_drop_state_mse": 0.0025070286108777413,
      "h100/outcome_jam_episode_count": 3,
      "h100/outcome_jam_final_state_mse": 0.0035407697063645507,
      "h100/outcome_jam_state_mse": 0.002762035918391608,
      "h100/outcome_miss_episode_count": 3,
      "h100/outcome_miss_final_state_mse": 0.005222181625225965,
      "h100/outcome_miss_state_mse": 0.003966593960531397,
      "h100/outcome_partial_episode_count": 3,
      "h100/outcome_partial_final_state_mse": 0.0022638688484827676,
      "h100/outcome_partial_state_mse": 0.002060173477222717,
      "h100/outcome_success_episode_count": 3,
      "h100/outcome_success_final_state_mse": 0.003000002573518192,
      "h100/outcome_success_state_mse": 0.002197618266336279,
      "h100/state_mse": 0.0026986897786458333,
      "h125/episode_count": 15,
      "h125/final_state_mse": 0.005036110036513384,
      "h125/outcome_drop_episode_count": 3,
      "h125/outcome_drop_final_state_mse": 0.0055104189741066074,
      "h125/outcome_drop_state_mse": 0.003207947126401016,
      "h125/outcome_jam_episode_count": 3,
      "h125/outcome_jam_final_state_mse": 0.006862618077814189,
      "h125/outcome_jam_state_mse": 0.0033264582016888787,
      "h125/outcome_miss_episode_count": 3,
      "h125/outcome_miss_final_state_mse": 0.005145338041330475,
      "h125/outcome_miss_state_mse": 0.004268274045458027,
      "h125/outcome_partial_episode_count": 3,
      "h125/outcome_partial_final_state_mse": 0.002338809953405966,
      "h125/outcome_partial_state_mse": 0.0020970269246818195,
      "h125/outcome_success_episode_count": 3,
      "h125/outcome_success_final_state_mse": 0.005323365233302895,
      "h125/outcome_success_state_mse": 0.0026502532958984377,
      "h125/state_mse": 0.003109991893892974,
      "h20/episode_count": 15,
      "h20/final_state_mse": 0.0042254874908846185,
      "h20/outcome_drop_episode_count": 3,
      "h20/outcome_drop_final_state_mse": 0.004017831258524477,
      "h20/outcome_drop_state_mse": 0.001855263133454167,
      "h20/outcome_jam_episode_count": 3,
      "h20/outcome_jam_final_state_mse": 0.004460255986724804,
      "h20/outcome_jam_state_mse": 0.002170148939868204,
      "h20/outcome_miss_episode_count": 3,
      "h20/outcome_miss_final_state_mse": 0.0045555448220446215,
      "h20/outcome_miss_state_mse": 0.006592343835269704,
      "h20/outcome_partial_episode_count": 3,
      "h20/outcome_partial_final_state_mse": 0.003962359494633145,
      "h20/outcome_partial_state_mse": 0.0017679108513726127,
      "h20/outcome_success_episode_count": 3,
      "h20/outcome_success_final_state_mse": 0.004131445600316416,
      "h20/outcome_success_state_mse": 0.0017801001181010328,
      "h20/state_mse": 0.002833153469110626,
      "h30/episode_count": 15,
      "h30/final_state_mse": 0.0016602338529100606,
      "h30/outcome_drop_episode_count": 3,
      "h30/outcome_drop_final_state_mse": 0.0016016465386534048,
      "h30/outcome_drop_state_mse": 0.0020050005195966733,
      "h30/outcome_jam_episode_count": 3,
      "h30/outcome_jam_final_state_mse": 0.0018869425882311428,
      "h30/outcome_jam_state_mse": 0.002328237988590415,
      "h30/outcome_miss_episode_count": 3,
      "h30/outcome_miss_final_state_mse": 0.0016369715430378134,
      "h30/outcome_miss_state_mse": 0.005146657096015083,
      "h30/outcome_partial_episode_count": 3,
      "h30/outcome_partial_final_state_mse": 0.001546126285117436,
      "h30/outcome_partial_state_mse": 0.0019133975562966208,
      "h30/outcome_success_episode_count": 3,
      "h30/outcome_success_final_state_mse": 0.0016294815181906706,
      "h30/outcome_success_state_mse": 0.0019264524798507524,
      "h30/state_mse": 0.002663949205984477,
      "h40/episode_count": 15,
      "h40/final_state_mse": 0.003160539639541526,
      "h40/outcome_drop_episode_count": 3,
      "h40/outcome_drop_final_state_mse": 0.0031412022273524915,
      "h40/outcome_drop_state_mse": 0.002098014892316332,
      "h40/outcome_jam_episode_count": 3,
      "h40/outcome_jam_final_state_mse": 0.003084674331487394,
      "h40/outcome_jam_state_mse": 0.0023626507497301287,
      "h40/outcome_miss_episode_count": 3,
      "h40/outcome_miss_final_state_mse": 0.004612573513797685,
      "h40/outcome_miss_state_mse": 0.0044672874843373015,
      "h40/outcome_partial_episode_count": 3,
      "h40/outcome_partial_final_state_mse": 0.0024951559071447337,
      "h40/outcome_partial_state_mse": 0.0019006383769652423,
      "h40/outcome_success_episode_count": 3,
      "h40/outcome_success_final_state_mse": 0.0024690920961838144,
      "h40/outcome_success_state_mse": 0.0019183416771732904,
      "h40/state_mse": 0.002549386616625817,
      "h50/episode_count": 15,
      "h50/final_state_mse": 0.001799223625582028,
      "h50/outcome_drop_episode_count": 3,
      "h50/outcome_drop_final_state_mse": 0.0016795049354531406,
      "h50/outcome_drop_state_mse": 0.002160646027209712,
      "h50/outcome_jam_episode_count": 3,
      "h50/outcome_jam_final_state_mse": 0.0023712584980173047,
      "h50/outcome_jam_state_mse": 0.002482011738945456,
      "h50/outcome_miss_episode_count": 3,
      "h50/outcome_miss_final_state_mse": 0.0016725708067027573,
      "h50/outcome_miss_state_mse": 0.004035788268045662,
      "h50/outcome_partial_episode_count": 3,
      "h50/outcome_partial_final_state_mse": 0.0016132187268702812,
      "h50/outcome_partial_state_mse": 0.0019781476999419967,
      "h50/outcome_success_episode_count": 3,
      "h50/outcome_success_final_state_mse": 0.0016595653800013798,
      "h50/outcome_success_state_mse": 0.002007430332158905,
      "h50/state_mse": 0.0025328048007940153,
      "h75/episode_count": 15,
      "h75/final_state_mse": 0.0037591273488562092,
      "h75/outcome_drop_episode_count": 3,
      "h75/outcome_drop_final_state_mse": 0.002264243227983612,
      "h75/outcome_drop_state_mse": 0.0021010447067892368,
      "h75/outcome_jam_episode_count": 3,
      "h75/outcome_jam_final_state_mse": 0.004245713158370623,
      "h75/outcome_jam_state_mse": 0.00266485733663854,
      "h75/outcome_miss_episode_count": 3,
      "h75/outcome_miss_final_state_mse": 0.004740362804309994,
      "h75/outcome_miss_state_mse": 0.0036699457937336174,
      "h75/outcome_partial_episode_count": 3,
      "h75/outcome_partial_final_state_mse": 0.003909877361425387,
      "h75/outcome_partial_state_mse": 0.0020401264847233922,
      "h75/outcome_success_episode_count": 3,
      "h75/outcome_success_final_state_mse": 0.0036354401434948243,
      "h75/outcome_success_state_mse": 0.0020667484590950096,
      "h75/state_mse": 0.0025085443899782135,
      "max_requested_horizon": 125,
      "reencode_period": 20,
      "rollout_mode": "periodic_20"
    },
    "periodic_5": {
      "episode_count": 15,
      "h10/episode_count": 15,
      "h10/final_state_mse": 0.0018989640902849583,
      "h10/outcome_drop_episode_count": 3,
      "h10/outcome_drop_final_state_mse": 0.0013715598269615297,
      "h10/outcome_drop_state_mse": 0.0016759316516078376,
      "h10/outcome_jam_episode_count": 3,
      "h10/outcome_jam_final_state_mse": 0.0019567538710201487,
      "h10/outcome_jam_state_mse": 0.0020270320325115926,
      "h10/outcome_miss_episode_count": 3,
      "h10/outcome_miss_final_state_mse": 0.0036541746527540917,
      "h10/outcome_miss_state_mse": 0.00988119380925995,
      "h10/outcome_partial_episode_count": 3,
      "h10/outcome_partial_final_state_mse": 0.001256742289448096,
      "h10/outcome_partial_state_mse": 0.0015762561676548976,
      "h10/outcome_success_episode_count": 3,
      "h10/outcome_success_final_state_mse": 0.0012555896164545047,
      "h10/outcome_success_state_mse": 0.0015747467287225661,
      "h10/state_mse": 0.0033470323350694446,
      "h100/episode_count": 15,
      "h100/final_state_mse": 0.002931919596553628,
      "h100/outcome_drop_episode_count": 3,
      "h100/outcome_drop_final_state_mse": 0.002814135374196994,
      "h100/outcome_drop_state_mse": 0.002285130101870867,
      "h100/outcome_jam_episode_count": 3,
      "h100/outcome_jam_final_state_mse": 0.003208490782508663,
      "h100/outcome_jam_state_mse": 0.0029219173605925116,
      "h100/outcome_miss_episode_count": 3,
      "h100/outcome_miss_final_state_mse": 0.003993675867521685,
      "h100/outcome_miss_state_mse": 0.00347540163526348,
      "h100/outcome_partial_episode_count": 3,
      "h100/outcome_partial_final_state_mse": 0.0018395769099394481,
      "h100/outcome_partial_state_mse": 0.0019467022216397953,
      "h100/outcome_success_episode_count": 3,
      "h100/outcome_success_final_state_mse": 0.0028037179042311277,
      "h100/outcome_success_state_mse": 0.0023611271303463606,
      "h100/state_mse": 0.002598055571512459,
      "h125/episode_count": 15,
      "h125/final_state_mse": 0.004209034738976971,
      "h125/outcome_drop_episode_count": 3,
      "h125/outcome_drop_final_state_mse": 0.003668449770391377,
      "h125/outcome_drop_state_mse": 0.0026884772606145324,
      "h125/outcome_jam_episode_count": 3,
      "h125/outcome_jam_final_state_mse": 0.004855484306033141,
      "h125/outcome_jam_state_mse": 0.003239777010250715,
      "h125/outcome_miss_episode_count": 3,
      "h125/outcome_miss_final_state_mse": 0.006192763354264053,
      "h125/outcome_miss_state_mse": 0.003664845285851971,
      "h125/outcome_partial_episode_count": 3,
      "h125/outcome_partial_final_state_mse": 0.0019626381740071417,
      "h125/outcome_partial_state_mse": 0.0019353307836196003,
      "h125/outcome_success_episode_count": 3,
      "h125/outcome_success_final_state_mse": 0.004365837067560433,
      "h125/outcome_success_state_mse": 0.0026503518796434588,
      "h125/state_mse": 0.0028357562295751636,
      "h20/episode_count": 15,
      "h20/final_state_mse": 0.00144396825553545,
      "h20/outcome_drop_episode_count": 3,
      "h20/outcome_drop_final_state_mse": 0.0014128513098542207,
      "h20/outcome_drop_state_mse": 0.001545623626584321,
      "h20/outcome_jam_episode_count": 3,
      "h20/outcome_jam_final_state_mse": 0.0013659886431460287,
      "h20/outcome_jam_state_mse": 0.0019155276367087768,
      "h20/outcome_miss_episode_count": 3,
      "h20/outcome_miss_final_state_mse": 0.0019739491292853763,
      "h20/outcome_miss_state_mse": 0.0063817884407791434,
      "h20/outcome_partial_episode_count": 3,
      "h20/outcome_partial_final_state_mse": 0.0012126175041487013,
      "h20/outcome_partial_state_mse": 0.001466562155804603,
      "h20/outcome_success_episode_count": 3,
      "h20/outcome_success_final_state_mse": 0.0012544349347259484,
      "h20/outcome_success_state_mse": 0.0014865322440278297,
      "h20/state_mse": 0.002559206844155305,
      "h30/episode_count": 15,
      "h30/final_state_mse": 0.0015215135088153915,
      "h30/outcome_drop_episode_count": 3,
      "h30/outcome_drop_final_state_mse": 0.0015099193243419424,
      "h30/outcome_drop_state_mse": 0.0015626538553009366,
      "h30/outcome_jam_episode_count": 3,
      "h30/outcome_jam_final_state_mse": 0.0016342335277133519,
      "h30/outcome_jam_state_mse": 0.0019225876835176888,
      "h30/outcome_miss_episode_count": 3,
      "h30/outcome_miss_final_state_mse": 0.0016432629252960478,
      "h30/outcome_miss_state_mse": 0.00489653980030733,
      "h30/outcome_partial_episode_count": 3,
      "h30/outcome_partial_final_state_mse": 0.0013740835772230735,
      "h30/outcome_partial_state_mse": 0.0014827186505519227,
      "h30/outcome_success_episode_count": 3,
      "h30/outcome_success_final_state_mse": 0.0014460684086372649,
      "h30/outcome_success_state_mse": 0.0015034807273765014,
      "h30/state_mse": 0.0022735961382165716,
      "h40/episode_count": 15,
      "h40/final_state_mse": 0.0020114518458547157,
      "h40/outcome_drop_episode_count": 3,
      "h40/outcome_drop_final_state_mse": 0.002193215917917638,
      "h40/outcome_drop_state_mse": 0.0017795210570291757,
      "h40/outcome_jam_episode_count": 3,
      "h40/outcome_jam_final_state_mse": 0.001930498414569431,
      "h40/outcome_jam_state_mse": 0.002053170422323389,
      "h40/outcome_miss_episode_count": 3,
      "h40/outcome_miss_final_state_mse": 0.0019368952980228498,
      "h40/outcome_miss_state_mse": 0.0042171173625522185,
      "h40/outcome_partial_episode_count": 3,
      "h40/outcome_partial_final_state_mse": 0.0019666066551520156,
      "h40/outcome_partial_state_mse": 0.0016244025791392607,
      "h40/outcome_success_episode_count": 3,
      "h40/outcome_success_final_state_mse": 0.0020300429923082487,
      "h40/outcome_success_state_mse": 0.00164490774566052,
      "h40/state_mse": 0.0022638236151801216,
      "h50/episode_count": 15,
      "h50/final_state_mse": 0.002093341303806679,
      "h50/outcome_drop_episode_count": 3,
      "h50/outcome_drop_final_state_mse": 0.0018461805104819779,
      "h50/outcome_drop_state_mse": 0.0019270173864426956,
      "h50/outcome_jam_episode_count": 3,
      "h50/outcome_jam_final_state_mse": 0.002573001715872023,
      "h50/outcome_jam_state_mse": 0.00228854029786353,
      "h50/outcome_miss_episode_count": 3,
      "h50/outcome_miss_final_state_mse": 0.0016794755714001999,
      "h50/outcome_miss_state_mse": 0.0037970802830714807,
      "h50/outcome_partial_episode_count": 3,
      "h50/outcome_partial_final_state_mse": 0.0021621887541674323,
      "h50/outcome_partial_state_mse": 0.0018256027246612348,
      "h50/outcome_success_episode_count": 3,
      "h50/outcome_success_final_state_mse": 0.0022058600645049726,
      "h50/outcome_success_state_mse": 0.0018467057296653198,
      "h50/state_mse": 0.0023369892594081905,
      "h75/episode_count": 15,
      "h75/final_state_mse": 0.0032951124353346483,
      "h75/outcome_drop_episode_count": 3,
      "h75/outcome_drop_final_state_mse": 0.0022925317433534886,
      "h75/outcome_drop_state_mse": 0.002001418942719503,
      "h75/outcome_jam_episode_count": 3,
      "h75/outcome_jam_final_state_mse": 0.003650587514724607,
      "h75/outcome_jam_state_mse": 0.002582317842637272,
      "h75/outcome_miss_episode_count": 3,
      "h75/outcome_miss_final_state_mse": 0.004633023653155059,
      "h75/outcome_miss_state_mse": 0.0033578283438755276,
      "h75/outcome_partial_episode_count": 3,
      "h75/outcome_partial_final_state_mse": 0.0026631499671078973,
      "h75/outcome_partial_state_mse": 0.0020066884608050577,
      "h75/outcome_success_episode_count": 3,
      "h75/outcome_success_final_state_mse": 0.0032362710270616743,
      "h75/outcome_success_state_mse": 0.0020477780277692675,
      "h75/state_mse": 0.002399206356804875,
      "max_requested_horizon": 125,
      "reencode_period": 5,
      "rollout_mode": "periodic_5"
    },
    "periodic_50": {
      "episode_count": 15,
      "h10/episode_count": 15,
      "h10/final_state_mse": 0.0019640280530343647,
      "h10/outcome_drop_episode_count": 3,
      "h10/outcome_drop_final_state_mse": 0.0012707065036094266,
      "h10/outcome_drop_state_mse": 0.001508376080226275,
      "h10/outcome_jam_episode_count": 3,
      "h10/outcome_jam_final_state_mse": 0.002070499912780874,
      "h10/outcome_jam_state_mse": 0.0018889963626861571,
      "h10/outcome_miss_episode_count": 3,
      "h10/outcome_miss_final_state_mse": 0.003939163353708055,
      "h10/outcome_miss_state_mse": 0.00994023497587715,
      "h10/outcome_partial_episode_count": 3,
      "h10/outcome_partial_final_state_mse": 0.0012757677974459393,
      "h10/outcome_partial_state_mse": 0.0014305631709254645,
      "h10/outcome_success_episode_count": 3,
      "h10/outcome_success_final_state_mse": 0.0012640032576384888,
      "h10/outcome_success_state_mse": 0.0014296097887886894,
      "h10/state_mse": 0.003239556106866575,
      "h100/episode_count": 15,
      "h100/final_state_mse": 15.70933287377451,
      "h100/outcome_drop_episode_count": 3,
      "h100/outcome_drop_final_state_mse": 14.108682071461397,
      "h100/outcome_drop_state_mse": 1.048271245021446,
      "h100/outcome_jam_episode_count": 3,
      "h100/outcome_jam_final_state_mse": 16.932762993706596,
      "h100/outcome_jam_state_mse": 1.1177697833690767,
      "h100/outcome_miss_episode_count": 3,
      "h100/outcome_miss_final_state_mse": 20.042116252425448,
      "h100/outcome_miss_state_mse": 1.4287776373570262,
      "h100/outcome_partial_episode_count": 3,
      "h100/outcome_partial_final_state_mse": 13.630743487987642,
      "h100/outcome_partial_state_mse": 0.998693688087214,
      "h100/outcome_success_episode_count": 3,
      "h100/outcome_success_final_state_mse": 13.832362355749591,
      "h100/outcome_success_state_mse": 1.0104034383935867,
      "h100/state_mse": 1.1207831903594772,
      "h125/episode_count": 15,
      "h125/final_state_mse": 15.678888378267974,
      "h125/outcome_drop_episode_count": 3,
      "h125/outcome_drop_final_state_mse": 4.100810131995506,
      "h125/outcome_drop_state_mse": 1.2799427721609478,
      "h125/outcome_jam_episode_count": 3,
      "h125/outcome_jam_final_state_mse": 9.946622262593188,
      "h125/outcome_jam_state_mse": 1.442042253880719,
      "h125/outcome_miss_episode_count": 3,
      "h125/outcome_miss_final_state_mse": 52.85197299134497,
      "h125/outcome_miss_state_mse": 3.3480578022875815,
      "h125/outcome_partial_episode_count": 3,
      "h125/outcome_partial_final_state_mse": 5.818994709089691,
      "h125/outcome_partial_state_mse": 1.3123845486111112,
      "h125/outcome_success_episode_count": 3,
      "h125/outcome_success_final_state_mse": 5.67603287042356,
      "h125/outcome_success_state_mse": 1.3080383731617646,
      "h125/state_mse": 1.738093137254902,
      "h20/episode_count": 15,
      "h20/final_state_mse": 0.0042254874908846185,
      "h20/outcome_drop_episode_count": 3,
      "h20/outcome_drop_final_state_mse": 0.004017831258524477,
      "h20/outcome_drop_state_mse": 0.001855263133454167,
      "h20/outcome_jam_episode_count": 3,
      "h20/outcome_jam_final_state_mse": 0.004460255986724804,
      "h20/outcome_jam_state_mse": 0.002170148939868204,
      "h20/outcome_miss_episode_count": 3,
      "h20/outcome_miss_final_state_mse": 0.0045555448220446215,
      "h20/outcome_miss_state_mse": 0.006592343835269704,
      "h20/outcome_partial_episode_count": 3,
      "h20/outcome_partial_final_state_mse": 0.003962359494633145,
      "h20/outcome_partial_state_mse": 0.0017679108513726127,
      "h20/outcome_success_episode_count": 3,
      "h20/outcome_success_final_state_mse": 0.004131445600316416,
      "h20/outcome_success_state_mse": 0.0017801001181010328,
      "h20/state_mse": 0.002833153469110626,
      "h30/episode_count": 15,
      "h30/final_state_mse": 0.02626889297385621,
      "h30/outcome_drop_episode_count": 3,
      "h30/outcome_drop_final_state_mse": 0.027397193160711552,
      "h30/outcome_drop_state_mse": 0.0055298782381876365,
      "h30/outcome_jam_episode_count": 3,
      "h30/outcome_jam_final_state_mse": 0.028088009435366962,
      "h30/outcome_jam_state_mse": 0.005919313534672224,
      "h30/outcome_miss_episode_count": 3,
      "h30/outcome_miss_final_state_mse": 0.019177804585375817,
      "h30/outcome_miss_state_mse": 0.007617799181304466,
      "h30/outcome_partial_episode_count": 3,
      "h30/outcome_partial_final_state_mse": 0.028377175331115723,
      "h30/outcome_partial_state_mse": 0.005495313465725103,
      "h30/outcome_success_episode_count": 3,
      "h30/outcome_success_final_state_mse": 0.028304291706459195,
      "h30/outcome_success_state_mse": 0.005482317211840926,
      "h30/state_mse": 0.006008924430232162,
      "h40/episode_count": 15,
      "h40/final_state_mse": 0.23454510059232025,
      "h40/outcome_drop_episode_count": 3,
      "h40/outcome_drop_final_state_mse": 0.17949554811116136,
      "h40/outcome_drop_state_mse": 0.026659207562215965,
      "h40/outcome_jam_episode_count": 3,
      "h40/outcome_jam_final_state_mse": 0.20240574568704842,
      "h40/outcome_jam_state_mse": 0.029203574486028134,
      "h40/outcome_miss_episode_count": 3,
      "h40/outcome_miss_final_state_mse": 0.3802681904213101,
      "h40/outcome_miss_state_mse": 0.04194766711565404,
      "h40/outcome_partial_episode_count": 3,
      "h40/outcome_partial_final_state_mse": 0.20644987019058925,
      "h40/outcome_partial_state_mse": 0.029571493310866014,
      "h40/outcome_success_episode_count": 3,
      "h40/outcome_success_final_state_mse": 0.2041060893364202,
      "h40/outcome_success_state_mse": 0.02923448600021063,
      "h40/state_mse": 0.031323286068984886,
      "h50/episode_count": 15,
      "h50/final_state_mse": 1.4618749680861929,
      "h50/outcome_drop_episode_count": 3,
      "h50/outcome_drop_final_state_mse": 1.2311076868593303,
      "h50/outcome_drop_state_mse": 0.14449400858162276,
      "h50/outcome_jam_episode_count": 3,
      "h50/outcome_jam_final_state_mse": 1.2661514282226562,
      "h50/outcome_jam_state_mse": 0.15149477291730495,
      "h50/outcome_miss_episode_count": 3,
      "h50/outcome_miss_final_state_mse": 2.4306711184433083,
      "h50/outcome_miss_state_mse": 0.2940035831227022,
      "h50/outcome_partial_episode_count": 3,
      "h50/outcome_partial_final_state_mse": 1.193071440154431,
      "h50/outcome_partial_state_mse": 0.14808873195274203,
      "h50/outcome_success_episode_count": 3,
      "h50/outcome_success_final_state_mse": 1.188372668098001,
      "h50/outcome_success_state_mse": 0.1471209796581393,
      "h50/state_mse": 0.17704041564542483,
      "h75/episode_count": 15,
      "h75/final_state_mse": 0.7382702397365196,
      "h75/outcome_drop_episode_count": 3,
      "h75/outcome_drop_final_state_mse": 0.6290027331682592,
      "h75/outcome_drop_state_mse": 0.22660053593920207,
      "h75/outcome_jam_episode_count": 3,
      "h75/outcome_jam_final_state_mse": 0.5270518695606905,
      "h75/outcome_jam_state_mse": 0.22537920783547793,
      "h75/outcome_miss_episode_count": 3,
      "h75/outcome_miss_final_state_mse": 1.197369731329625,
      "h75/outcome_miss_state_mse": 0.45555488536560457,
      "h75/outcome_partial_episode_count": 3,
      "h75/outcome_partial_final_state_mse": 0.666930965348786,
      "h75/outcome_partial_state_mse": 0.22413557198052833,
      "h75/outcome_success_episode_count": 3,
      "h75/outcome_success_final_state_mse": 0.6709956499486188,
      "h75/outcome_success_state_mse": 0.22452656265956902,
      "h75/state_mse": 0.27123936206427013,
      "max_requested_horizon": 125,
      "reencode_period": 50,
      "rollout_mode": "periodic_50"
    }
  },
  "split": "test",
  "support_alignment": {
    "contact_phase": {
      "contact_phase_family_ari": 0.0,
      "contact_phase_family_nmi": 0.0,
      "contact_phase_family_purity": 0.9996668887408394,
      "contact_phase_sample_count": 3002.0,
      "h_contact_phase_given_family": 0.0030002889533867266,
      "h_family_given_contact_phase": 0.0,
      "unique_contact_phase_count": 2.0,
      "unique_family_count": 1.0
    },
    "contact_phase_alignment_available": true,
    "evaluated_state_count": 3017,
    "family_count": 1,
    "mean_family_similarity": 0.5829874873161316,
    "mean_support_size": 236.46436857805767,
    "outcome_alignment_available": true,
    "outcome_state": {
      "h_family_given_outcome": 0.0,
      "h_outcome_given_family": 1.6094379124341005,
      "outcome_family_ari": 0.0,
      "outcome_family_nmi": 0.0,
      "outcome_family_purity": 0.2,
      "outcome_sample_count": 15.0,
      "unique_family_count": 1.0,
      "unique_outcome_count": 5.0
    },
    "status": "ok",
    "unassigned_state_fraction": 0.0,
    "validation_state_count": 2346
  },
  "support_threshold": 0.2
}
summary=runs/maniskill_insertion/perturbation_e20_5k_lista_refine_20260604_143125/lista_relu_a0p005_sp1em5_loops2/seed0/eval_test_periodic/metrics_summary.json
end_time=Thu Jun  4 14:46:13 EDT 2026

======== GPU REPORT ========

==============NVSMI LOG==============

Timestamp                                 : Thu Jun  4 14:46:13 2026
Driver Version                            : 580.95.05
CUDA Version                              : 13.0

Attached GPUs                             : 1
GPU 00000000:C1:00.0
    Accounting Mode                       : Enabled
    Accounting Mode Buffer Size           : 4000
    Accounted Processes
        Process ID                        : 593824
            GPU Utilization               : 26 %
            Memory Utilization            : 1 %
            Max memory usage              : 662 MiB
            Time                          : 93332 ms
            Is Running                    : 0
        Process ID                        : 593833
            GPU Utilization               : 21 %
            Memory Utilization            : 1 %
            Max memory usage              : 662 MiB
            Time                          : 93530 ms
            Is Running                    : 0
        Process ID                        : 593825
            GPU Utilization               : 22 %
            Memory Utilization            : 1 %
            Max memory usage              : 662 MiB
            Time                          : 93532 ms
            Is Running                    : 0
        Process ID                        : 594492
            GPU Utilization               : 6 %
            Memory Utilization            : 0 %
            Max memory usage              : 536 MiB
            Time                          : 3644 ms
            Is Running                    : 0
        Process ID                        : 594490
            GPU Utilization               : 9 %
            Memory Utilization            : 0 %
            Max memory usage              : 536 MiB
            Time                          : 3584 ms
            Is Running                    : 0
        Process ID                        : 594482
            GPU Utilization               : 7 %
            Memory Utilization            : 0 %
            Max memory usage              : 536 MiB
            Time                          : 3836 ms
            Is Running                    : 0
        Process ID                        : 593828
            GPU Utilization               : 24 %
            Memory Utilization            : 1 %
            Max memory usage              : 682 MiB
            Time                          : 104698 ms
            Is Running                    : 0
        Process ID                        : 594536
            GPU Utilization               : 13 %
            Memory Utilization            : 0 %
            Max memory usage              : 536 MiB
            Time                          : 2472 ms
            Is Running                    : 0

Thu Jun  4 14:46:13 2026       
+-----------------------------------------------------------------------------------------+
| NVIDIA-SMI 580.95.05              Driver Version: 580.95.05      CUDA Version: 13.0     |
+-----------------------------------------+------------------------+----------------------+
| GPU  Name                 Persistence-M | Bus-Id          Disp.A | Volatile Uncorr. ECC |
| Fan  Temp   Perf          Pwr:Usage/Cap |           Memory-Usage | GPU-Util  Compute M. |
|                                         |                        |               MIG M. |
|=========================================+========================+======================|
|   0  NVIDIA A100-SXM4-80GB          On  |   00000000:C1:00.0 Off |                    0 |
| N/A   29C    P0             78W /  500W |       0MiB /  81920MiB |      8%      Default |
|                                         |                        |             Disabled |
+-----------------------------------------+------------------------+----------------------+

+-----------------------------------------------------------------------------------------+
| Processes:                                                                              |
|  GPU   GI   CI              PID   Type   Process name                        GPU Memory |
|        ID   ID                                                               Usage      |
|=========================================================================================|
|  No running processes found                                                             |
+-----------------------------------------------------------------------------------------+
