=============================================
ManiSkill 5k packed tuning GPU context
date=2026-06-04T15:35:32-0400
host=cn-l068.server.mila.quebec
slurm_job_id=9736970
slurm_array_task_id=48
slurm_nodelist=cn-l068
slurm_job_gpus=3
slurm_step_gpus=
slurm_gpus=
slurm_gpus_on_node=1
slurm_cpus_per_task=8
cuda_visible_devices=0
cuda_device_order=
GPU 0: NVIDIA L40S (UUID: GPU-553c8cd6-3934-867a-f7a5-050d9bdd0762)
index, uuid, name, driver_version, memory.total [MiB]
0, GPU-553c8cd6-3934-867a-f7a5-050d9bdd0762, NVIDIA L40S, 580.95.05, 46068 MiB
=============================================
date=Thu Jun  4 15:35:32 EDT 2026
host=cn-l068.server.mila.quebec
commit=b5ea99e
slurm_job_id=9736970
slurm_array_task_id=48
task_set=lista_forecast_refine
task_count=231
start_task=192
pack_size=4
pack_concurrency=4
packed_task_threads=2
dataset=data/maniskill/perturbation_assessment_seed0_e20/all_setups.npz
run_root=runs/maniskill_insertion/perturbation_e20_5k_lista_refine_20260604_143125
num_steps=5000
batch_size=512
sequence_length=10
z_dim=320
hidden_dim=256
horizons=10,20,30,40,50,75,100,125
periodic_reencode_periods=1,2,5,10,20,50,100
cuda_visible_devices=0
----- task 192/231: lista_relu_a0p01_sp3em5_loops2 seed2 -----
encoder_kind=lista activation=relu alpha=0.01 sparsity=3e-5 loops=2
weights pred=1.0 rec=0.1 latent=0.1 k=1e-4
run_dir=runs/maniskill_insertion/perturbation_e20_5k_lista_refine_20260604_143125/lista_relu_a0p01_sp3em5_loops2/seed2
----- task 193/231: lista_relu_a0p01_sp1em4_loops2 seed2 -----
encoder_kind=lista activation=relu alpha=0.01 sparsity=1e-4 loops=2
weights pred=1.0 rec=0.1 latent=0.1 k=1e-4
run_dir=runs/maniskill_insertion/perturbation_e20_5k_lista_refine_20260604_143125/lista_relu_a0p01_sp1em4_loops2/seed2
----- task 194/231: lista_relu_a0p01_sp3em4_loops2 seed2 -----
encoder_kind=lista activation=relu alpha=0.01 sparsity=3e-4 loops=2
weights pred=1.0 rec=0.1 latent=0.1 k=1e-4
run_dir=runs/maniskill_insertion/perturbation_e20_5k_lista_refine_20260604_143125/lista_relu_a0p01_sp3em4_loops2/seed2
----- task 195/231: lista_relu_a0p01_sp1em3_loops2 seed2 -----
encoder_kind=lista activation=relu alpha=0.01 sparsity=1e-3 loops=2
weights pred=1.0 rec=0.1 latent=0.1 k=1e-4
run_dir=runs/maniskill_insertion/perturbation_e20_5k_lista_refine_20260604_143125/lista_relu_a0p01_sp1em3_loops2/seed2
step=0 loss=1.466462 pred=0.979076 val_mse=0.742090
step=0 loss=1.466410 pred=0.979076 val_mse=0.742090
step=0 loss=1.466390 pred=0.979076 val_mse=0.742091
step=0 loss=1.466395 pred=0.979076 val_mse=0.742090
step=500 loss=0.060577 pred=0.051148 val_mse=0.180342
step=500 loss=0.060453 pred=0.051294 val_mse=0.181959
step=500 loss=0.060829 pred=0.051765 val_mse=0.182008
step=500 loss=0.060665 pred=0.051590 val_mse=0.183072
step=1000 loss=0.038290 pred=0.032847 val_mse=0.157385
step=1000 loss=0.038440 pred=0.032748 val_mse=0.157883
step=1000 loss=0.038420 pred=0.033053 val_mse=0.156790
step=1000 loss=0.038820 pred=0.033450 val_mse=0.157353
step=1500 loss=0.030036 pred=0.025820 val_mse=0.109206
step=1500 loss=0.029261 pred=0.025259 val_mse=0.110572
step=1500 loss=0.029970 pred=0.026046 val_mse=0.110117
step=1500 loss=0.029476 pred=0.025568 val_mse=0.109709
step=2000 loss=0.024974 pred=0.021414 val_mse=0.191913
step=2000 loss=0.025419 pred=0.022030 val_mse=0.197314
step=2000 loss=0.025641 pred=0.022347 val_mse=0.194451
step=2000 loss=0.026485 pred=0.023181 val_mse=0.194439
step=2500 loss=0.022306 pred=0.019356 val_mse=0.145591
step=2500 loss=0.022572 pred=0.019765 val_mse=0.151612
step=2500 loss=0.022373 pred=0.019664 val_mse=0.146948
step=2500 loss=0.022653 pred=0.019953 val_mse=0.149694
step=3000 loss=0.018717 pred=0.016064 val_mse=0.206719
step=3000 loss=0.018869 pred=0.016360 val_mse=0.221160
step=3000 loss=0.019506 pred=0.017067 val_mse=0.210408
step=3000 loss=0.018787 pred=0.016375 val_mse=0.217542
step=3500 loss=0.018006 pred=0.015478 val_mse=0.259454
step=3500 loss=0.018663 pred=0.016266 val_mse=0.274095
step=3500 loss=0.018281 pred=0.015988 val_mse=0.261303
step=3500 loss=0.019039 pred=0.016668 val_mse=0.264135
step=4000 loss=0.014505 pred=0.012420 val_mse=0.273057
step=4000 loss=0.014493 pred=0.012582 val_mse=0.268730
step=4000 loss=0.014672 pred=0.012817 val_mse=0.265464
step=4000 loss=0.014397 pred=0.012567 val_mse=0.270396
step=4500 loss=0.016031 pred=0.013908 val_mse=0.192166
step=4500 loss=0.016336 pred=0.014344 val_mse=0.190572
step=4500 loss=0.017076 pred=0.015135 val_mse=0.188178
step=4500 loss=0.016311 pred=0.014399 val_mse=0.196172
step=4999 loss=0.012494 pred=0.010569 val_mse=0.178538
step=4999 loss=0.012376 pred=0.010669 val_mse=0.183373
run_dir=runs/maniskill_insertion/perturbation_e20_5k_lista_refine_20260604_143125/lista_relu_a0p01_sp1em3_loops2/seed2
step=4999 loss=0.012103 pred=0.010460 val_mse=0.171138
run_dir=runs/maniskill_insertion/perturbation_e20_5k_lista_refine_20260604_143125/lista_relu_a0p01_sp3em4_loops2/seed2
run_dir=runs/maniskill_insertion/perturbation_e20_5k_lista_refine_20260604_143125/lista_relu_a0p01_sp1em4_loops2/seed2
step=4999 loss=0.012095 pred=0.010440 val_mse=0.191591
run_dir=runs/maniskill_insertion/perturbation_e20_5k_lista_refine_20260604_143125/lista_relu_a0p01_sp3em5_loops2/seed2
{
  "best_periodic_rollout": {
    "episode_count": 15,
    "h10/episode_count": 15,
    "h10/final_state_mse": 0.002389333139058032,
    "h10/outcome_drop_episode_count": 3,
    "h10/outcome_drop_final_state_mse": 0.001712073736331042,
    "h10/outcome_drop_state_mse": 0.0015625482291177987,
    "h10/outcome_jam_episode_count": 3,
    "h10/outcome_jam_final_state_mse": 0.0026890295344630098,
    "h10/outcome_jam_state_mse": 0.0020984898984821795,
    "h10/outcome_miss_episode_count": 3,
    "h10/outcome_miss_final_state_mse": 0.004279784322564119,
    "h10/outcome_miss_state_mse": 0.010398677595300613,
    "h10/outcome_partial_episode_count": 3,
    "h10/outcome_partial_final_state_mse": 0.001615102798525804,
    "h10/outcome_partial_state_mse": 0.0014686625767377467,
    "h10/outcome_success_episode_count": 3,
    "h10/outcome_success_final_state_mse": 0.0016506751086197648,
    "h10/outcome_success_state_mse": 0.0014910613010132236,
    "h10/selected_mode": "periodic_5",
    "h10/selected_period": 5,
    "h10/state_mse": 0.003403887779884089,
    "h100/episode_count": 15,
    "h100/final_state_mse": 0.002712715373319738,
    "h100/outcome_drop_episode_count": 3,
    "h100/outcome_drop_final_state_mse": 0.0033647115129271364,
    "h100/outcome_drop_state_mse": 0.0025838953529308045,
    "h100/outcome_jam_episode_count": 3,
    "h100/outcome_jam_final_state_mse": 0.002627243817436929,
    "h100/outcome_jam_state_mse": 0.002731151954800475,
    "h100/outcome_miss_episode_count": 3,
    "h100/outcome_miss_final_state_mse": 0.0027883922303813735,
    "h100/outcome_miss_state_mse": 0.0034149702234205857,
    "h100/outcome_partial_episode_count": 3,
    "h100/outcome_partial_final_state_mse": 0.002136247269078797,
    "h100/outcome_partial_state_mse": 0.0019618232265796536,
    "h100/outcome_success_episode_count": 3,
    "h100/outcome_success_final_state_mse": 0.00264698208547106,
    "h100/outcome_success_state_mse": 0.002095626132940155,
    "h100/selected_mode": "periodic_5",
    "h100/selected_period": 5,
    "h100/state_mse": 0.0025574933220358456,
    "h125/episode_count": 15,
    "h125/final_state_mse": 0.003864480623232773,
    "h125/outcome_drop_episode_count": 3,
    "h125/outcome_drop_final_state_mse": 0.004629425801872428,
    "h125/outcome_drop_state_mse": 0.002885508319131689,
    "h125/outcome_jam_episode_count": 3,
    "h125/outcome_jam_final_state_mse": 0.003971869941630395,
    "h125/outcome_jam_state_mse": 0.0029103204565110547,
    "h125/outcome_miss_episode_count": 3,
    "h125/outcome_miss_final_state_mse": 0.005758760509148143,
    "h125/outcome_miss_state_mse": 0.003670530581006817,
    "h125/outcome_partial_episode_count": 3,
    "h125/outcome_partial_final_state_mse": 0.002184567912146936,
    "h125/outcome_partial_state_mse": 0.0020176556905110677,
    "h125/outcome_success_episode_count": 3,
    "h125/outcome_success_final_state_mse": 0.002777779413983713,
    "h125/outcome_success_state_mse": 0.002206938176373251,
    "h125/selected_mode": "periodic_5",
    "h125/selected_period": 5,
    "h125/state_mse": 0.0027381906147875817,
    "h20/episode_count": 15,
    "h20/final_state_mse": 0.0021206305697073343,
    "h20/outcome_drop_episode_count": 3,
    "h20/outcome_drop_final_state_mse": 0.0020412767634672277,
    "h20/outcome_drop_state_mse": 0.0016843923556259255,
    "h20/outcome_jam_episode_count": 3,
    "h20/outcome_jam_final_state_mse": 0.0022586488645840314,
    "h20/outcome_jam_state_mse": 0.0022025323771183787,
    "h20/outcome_miss_episode_count": 3,
    "h20/outcome_miss_final_state_mse": 0.0027021363474964318,
    "h20/outcome_miss_state_mse": 0.007005102494183709,
    "h20/outcome_partial_episode_count": 3,
    "h20/outcome_partial_final_state_mse": 0.001776120558478474,
    "h20/outcome_partial_state_mse": 0.0015879844917970544,
    "h20/outcome_success_episode_count": 3,
    "h20/outcome_success_final_state_mse": 0.0018249703145105075,
    "h20/outcome_success_state_mse": 0.0016159336746128555,
    "h20/selected_mode": "periodic_5",
    "h20/selected_period": 5,
    "h20/state_mse": 0.0028191889345256333,
    "h30/episode_count": 15,
    "h30/final_state_mse": 0.0017563639123455372,
    "h30/outcome_drop_episode_count": 3,
    "h30/outcome_drop_final_state_mse": 0.0016583773045758016,
    "h30/outcome_drop_state_mse": 0.0017274410896051943,
    "h30/outcome_jam_episode_count": 3,
    "h30/outcome_jam_final_state_mse": 0.001973003635998645,
    "h30/outcome_jam_state_mse": 0.002252095353369619,
    "h30/outcome_miss_episode_count": 3,
    "h30/outcome_miss_final_state_mse": 0.0018542097284902934,
    "h30/outcome_miss_state_mse": 0.005477022033890867,
    "h30/outcome_partial_episode_count": 3,
    "h30/outcome_partial_final_state_mse": 0.001617661293815164,
    "h30/outcome_partial_state_mse": 0.00163124888031571,
    "h30/outcome_success_episode_count": 3,
    "h30/outcome_success_final_state_mse": 0.0016785673797130585,
    "h30/outcome_success_state_mse": 0.0016550632343832444,
    "h30/selected_mode": "periodic_5",
    "h30/selected_period": 5,
    "h30/state_mse": 0.00254857414428445,
    "h40/episode_count": 15,
    "h40/final_state_mse": 0.0016988900751849405,
    "h40/outcome_drop_episode_count": 3,
    "h40/outcome_drop_final_state_mse": 0.001931793987751007,
    "h40/outcome_drop_state_mse": 0.0018321103909436395,
    "h40/outcome_jam_episode_count": 3,
    "h40/outcome_jam_final_state_mse": 0.0016119656658250521,
    "h40/outcome_jam_state_mse": 0.0022296518671746346,
    "h40/outcome_miss_episode_count": 3,
    "h40/outcome_miss_final_state_mse": 0.0018250614502071554,
    "h40/outcome_miss_state_mse": 0.004647538241218118,
    "h40/outcome_partial_episode_count": 3,
    "h40/outcome_partial_final_state_mse": 0.0015588197735399982,
    "h40/outcome_partial_state_mse": 0.0016378463093751395,
    "h40/outcome_success_episode_count": 3,
    "h40/outcome_success_final_state_mse": 0.001566809279466766,
    "h40/outcome_success_state_mse": 0.001661999299635295,
    "h40/selected_mode": "periodic_5",
    "h40/selected_period": 5,
    "h40/state_mse": 0.0024018291398590686,
    "h50/episode_count": 15,
    "h50/final_state_mse": 0.002051049431944205,
    "h50/outcome_drop_episode_count": 3,
    "h50/outcome_drop_final_state_mse": 0.0024355229696417166,
    "h50/outcome_drop_state_mse": 0.002048109341291041,
    "h50/outcome_jam_episode_count": 3,
    "h50/outcome_jam_final_state_mse": 0.0027253330727807835,
    "h50/outcome_jam_state_mse": 0.0022861310547473384,
    "h50/outcome_miss_episode_count": 3,
    "h50/outcome_miss_final_state_mse": 0.0015136467085944281,
    "h50/outcome_miss_state_mse": 0.004102343889622906,
    "h50/outcome_partial_episode_count": 3,
    "h50/outcome_partial_final_state_mse": 0.0017623650579670675,
    "h50/outcome_partial_state_mse": 0.001664528784409068,
    "h50/outcome_success_episode_count": 3,
    "h50/outcome_success_final_state_mse": 0.0018183796429166606,
    "h50/outcome_success_state_mse": 0.0016892153609032725,
    "h50/selected_mode": "periodic_5",
    "h50/selected_period": 5,
    "h50/state_mse": 0.002358065536598754,
    "h75/episode_count": 15,
    "h75/final_state_mse": 0.004074332916658688,
    "h75/outcome_drop_episode_count": 3,
    "h75/outcome_drop_final_state_mse": 0.003539668043064915,
    "h75/outcome_drop_state_mse": 0.00244585718724203,
    "h75/outcome_jam_episode_count": 3,
    "h75/outcome_jam_final_state_mse": 0.004480924286873512,
    "h75/outcome_jam_state_mse": 0.0026674303873431967,
    "h75/outcome_miss_episode_count": 3,
    "h75/outcome_miss_final_state_mse": 0.004925514066141415,
    "h75/outcome_miss_state_mse": 0.003579775658568006,
    "h75/outcome_partial_episode_count": 3,
    "h75/outcome_partial_final_state_mse": 0.0034229598598542557,
    "h75/outcome_partial_state_mse": 0.0019196006675171696,
    "h75/outcome_success_episode_count": 3,
    "h75/outcome_success_final_state_mse": 0.004002600664796393,
    "h75/outcome_success_state_mse": 0.0019721470627130245,
    "h75/selected_mode": "periodic_5",
    "h75/selected_period": 5,
    "h75/state_mse": 0.0025169619225728487,
    "max_requested_horizon": 125,
    "periodic_reencode_periods": [
      1,
      2,
      5,
      10,
      20,
      50,
      100
    ],
    "rollout_mode": "best_periodic"
  },
  "checkpoint": "runs/maniskill_insertion/perturbation_e20_5k_lista_refine_20260604_143125/lista_relu_a0p01_sp3em4_loops2/seed2/checkpoint.pt",
  "checkpoint_step": 1500,
  "dataset": "data/maniskill/perturbation_assessment_seed0_e20/all_setups.npz",
  "device": "cuda",
  "family_jaccard": 0.4,
  "horizons": [
    10,
    20,
    30,
    40,
    50,
    75,
    100,
    125
  ],
  "labels_used_for_training": false,
  "periodic_reencode_periods": [
    1,
    2,
    5,
    10,
    20,
    50,
    100
  ],
  "rollout": {
    "episode_count": 15,
    "h10/episode_count": 15,
    "h10/final_state_mse": 0.003483246821983188,
    "h10/outcome_drop_episode_count": 3,
    "h10/outcome_drop_final_state_mse": 0.002936526646021924,
    "h10/outcome_drop_state_mse": 0.0019251939907572629,
    "h10/outcome_jam_episode_count": 3,
    "h10/outcome_jam_final_state_mse": 0.0043805834222463225,
    "h10/outcome_jam_state_mse": 0.002537482937956168,
    "h10/outcome_miss_episode_count": 3,
    "h10/outcome_miss_final_state_mse": 0.004223767984536738,
    "h10/outcome_miss_state_mse": 0.010100003161461524,
    "h10/outcome_partial_episode_count": 3,
    "h10/outcome_partial_final_state_mse": 0.002948197785740584,
    "h10/outcome_partial_state_mse": 0.0018566131786583297,
    "h10/outcome_success_episode_count": 3,
    "h10/outcome_success_final_state_mse": 0.0029271580278873444,
    "h10/outcome_success_state_mse": 0.001864260415625728,
    "h10/state_mse": 0.003656710955052594,
    "h100/episode_count": 15,
    "h100/final_state_mse": 173580.0888888889,
    "h100/outcome_drop_episode_count": 3,
    "h100/outcome_drop_final_state_mse": 119899.93464052287,
    "h100/outcome_drop_state_mse": 5312.0072875816995,
    "h100/outcome_jam_episode_count": 3,
    "h100/outcome_jam_final_state_mse": 129196.92973856209,
    "h100/outcome_jam_state_mse": 5730.864248366013,
    "h100/outcome_miss_episode_count": 3,
    "h100/outcome_miss_final_state_mse": 371852.045751634,
    "h100/outcome_miss_state_mse": 15312.633725490196,
    "h100/outcome_partial_episode_count": 3,
    "h100/outcome_partial_final_state_mse": 124041.47549019608,
    "h100/outcome_partial_state_mse": 5506.643300653594,
    "h100/outcome_success_episode_count": 3,
    "h100/outcome_success_final_state_mse": 122910.02777777778,
    "h100/outcome_success_state_mse": 5465.29,
    "h100/state_mse": 7465.487895424837,
    "h125/episode_count": 15,
    "h125/final_state_mse": 73361169.73594771,
    "h125/outcome_drop_episode_count": 3,
    "h125/outcome_drop_final_state_mse": 40458623.58169935,
    "h125/outcome_drop_state_mse": 1645436.151633987,
    "h125/outcome_jam_episode_count": 3,
    "h125/outcome_jam_final_state_mse": 38761720.67973856,
    "h125/outcome_jam_state_mse": 1626738.5742222222,
    "h125/outcome_miss_episode_count": 3,
    "h125/outcome_miss_final_state_mse": 207030452.70588234,
    "h125/outcome_miss_state_mse": 7529168.039320261,
    "h125/outcome_partial_episode_count": 3,
    "h125/outcome_partial_final_state_mse": 40032824.67973856,
    "h125/outcome_partial_state_mse": 1653144.602771242,
    "h125/outcome_success_episode_count": 3,
    "h125/outcome_success_final_state_mse": 40522202.35294118,
    "h125/outcome_success_state_mse": 1662851.8282875817,
    "h125/state_mse": 2823468.2127058823,
    "h20/episode_count": 15,
    "h20/final_state_mse": 0.013696545868917229,
    "h20/outcome_drop_episode_count": 3,
    "h20/outcome_drop_final_state_mse": 0.01266967276342554,
    "h20/outcome_drop_state_mse": 0.004594365677802391,
    "h20/outcome_jam_episode_count": 3,
    "h20/outcome_jam_final_state_mse": 0.013101176596155353,
    "h20/outcome_jam_state_mse": 0.005095876081317079,
    "h20/outcome_miss_episode_count": 3,
    "h20/outcome_miss_final_state_mse": 0.01750978476860944,
    "h20/outcome_miss_state_mse": 0.009862989693685294,
    "h20/outcome_partial_episode_count": 3,
    "h20/outcome_partial_final_state_mse": 0.012639835963841358,
    "h20/outcome_partial_state_mse": 0.004534642875584123,
    "h20/outcome_success_episode_count": 3,
    "h20/outcome_success_final_state_mse": 0.012562258376015557,
    "h20/outcome_success_state_mse": 0.0045309593085370034,
    "h20/state_mse": 0.005723766750759548,
    "h30/episode_count": 15,
    "h30/final_state_mse": 0.04582094678691789,
    "h30/outcome_drop_episode_count": 3,
    "h30/outcome_drop_final_state_mse": 0.04050050529779172,
    "h30/outcome_drop_state_mse": 0.011611690084918651,
    "h30/outcome_jam_episode_count": 3,
    "h30/outcome_jam_final_state_mse": 0.04254594971151913,
    "h30/outcome_jam_state_mse": 0.012190337690133154,
    "h30/outcome_miss_episode_count": 3,
    "h30/outcome_miss_final_state_mse": 0.0635723101547341,
    "h30/outcome_miss_state_mse": 0.020107335774207688,
    "h30/outcome_partial_episode_count": 3,
    "h30/outcome_partial_final_state_mse": 0.04126664236480115,
    "h30/outcome_partial_state_mse": 0.011601839813531615,
    "h30/outcome_success_episode_count": 3,
    "h30/outcome_success_final_state_mse": 0.04121934588438545,
    "h30/outcome_success_state_mse": 0.011567024156159046,
    "h30/state_mse": 0.013415645690784994,
    "h40/episode_count": 15,
    "h40/final_state_mse": 0.1297237321442249,
    "h40/outcome_drop_episode_count": 3,
    "h40/outcome_drop_final_state_mse": 0.09517951728471744,
    "h40/outcome_drop_state_mse": 0.02588873532862445,
    "h40/outcome_jam_episode_count": 3,
    "h40/outcome_jam_final_state_mse": 0.1074846024606742,
    "h40/outcome_jam_state_mse": 0.02763697368646759,
    "h40/outcome_miss_episode_count": 3,
    "h40/outcome_miss_final_state_mse": 0.22822118272968367,
    "h40/outcome_miss_state_mse": 0.043003648246815004,
    "h40/outcome_partial_episode_count": 3,
    "h40/outcome_partial_final_state_mse": 0.10782023660497728,
    "h40/outcome_partial_state_mse": 0.02680081199197208,
    "h40/outcome_success_episode_count": 3,
    "h40/outcome_success_final_state_mse": 0.10991314034056819,
    "h40/outcome_success_state_mse": 0.026853150012446383,
    "h40/state_mse": 0.030036664975234887,
    "h50/episode_count": 15,
    "h50/final_state_mse": 1.587310751123366,
    "h50/outcome_drop_episode_count": 3,
    "h50/outcome_drop_final_state_mse": 0.7044764500038296,
    "h50/outcome_drop_state_mse": 0.08402088838465073,
    "h50/outcome_jam_episode_count": 3,
    "h50/outcome_jam_final_state_mse": 0.7013184790517769,
    "h50/outcome_jam_state_mse": 0.08733026043262357,
    "h50/outcome_miss_episode_count": 3,
    "h50/outcome_miss_final_state_mse": 5.03814777050143,
    "h50/outcome_miss_state_mse": 0.4048162881689134,
    "h50/outcome_partial_episode_count": 3,
    "h50/outcome_partial_final_state_mse": 0.7387073117923113,
    "h50/outcome_partial_state_mse": 0.08903702081418505,
    "h50/outcome_success_episode_count": 3,
    "h50/outcome_success_final_state_mse": 0.7539032206815832,
    "h50/outcome_success_state_mse": 0.09046119241153493,
    "h50/state_mse": 0.15113310610702615,
    "h75/episode_count": 15,
    "h75/final_state_mse": 366.1237745098039,
    "h75/outcome_drop_episode_count": 3,
    "h75/outcome_drop_final_state_mse": 254.49570918862338,
    "h75/outcome_drop_state_mse": 16.48610906862745,
    "h75/outcome_jam_episode_count": 3,
    "h75/outcome_jam_final_state_mse": 247.66905381944446,
    "h75/outcome_jam_state_mse": 15.689402913943356,
    "h75/outcome_miss_episode_count": 3,
    "h75/outcome_miss_final_state_mse": 827.9303896037582,
    "h75/outcome_miss_state_mse": 63.713240740740744,
    "h75/outcome_partial_episode_count": 3,
    "h75/outcome_partial_final_state_mse": 247.6590073529412,
    "h75/outcome_partial_state_mse": 15.872609613289761,
    "h75/outcome_success_episode_count": 3,
    "h75/outcome_success_final_state_mse": 252.86471896701389,
    "h75/outcome_success_state_mse": 16.244783666938996,
    "h75/state_mse": 25.601228758169935,
    "max_requested_horizon": 125,
    "reencode_period": null,
    "rollout_mode": "no_reencode"
  },
  "rollout_modes": {
    "no_reencode": {
      "episode_count": 15,
      "h10/episode_count": 15,
      "h10/final_state_mse": 0.003483246821983188,
      "h10/outcome_drop_episode_count": 3,
      "h10/outcome_drop_final_state_mse": 0.002936526646021924,
      "h10/outcome_drop_state_mse": 0.0019251939907572629,
      "h10/outcome_jam_episode_count": 3,
      "h10/outcome_jam_final_state_mse": 0.0043805834222463225,
      "h10/outcome_jam_state_mse": 0.002537482937956168,
      "h10/outcome_miss_episode_count": 3,
      "h10/outcome_miss_final_state_mse": 0.004223767984536738,
      "h10/outcome_miss_state_mse": 0.010100003161461524,
      "h10/outcome_partial_episode_count": 3,
      "h10/outcome_partial_final_state_mse": 0.002948197785740584,
      "h10/outcome_partial_state_mse": 0.0018566131786583297,
      "h10/outcome_success_episode_count": 3,
      "h10/outcome_success_final_state_mse": 0.0029271580278873444,
      "h10/outcome_success_state_mse": 0.001864260415625728,
      "h10/state_mse": 0.003656710955052594,
      "h100/episode_count": 15,
      "h100/final_state_mse": 173580.0888888889,
      "h100/outcome_drop_episode_count": 3,
      "h100/outcome_drop_final_state_mse": 119899.93464052287,
      "h100/outcome_drop_state_mse": 5312.0072875816995,
      "h100/outcome_jam_episode_count": 3,
      "h100/outcome_jam_final_state_mse": 129196.92973856209,
      "h100/outcome_jam_state_mse": 5730.864248366013,
      "h100/outcome_miss_episode_count": 3,
      "h100/outcome_miss_final_state_mse": 371852.045751634,
      "h100/outcome_miss_state_mse": 15312.633725490196,
      "h100/outcome_partial_episode_count": 3,
      "h100/outcome_partial_final_state_mse": 124041.47549019608,
      "h100/outcome_partial_state_mse": 5506.643300653594,
      "h100/outcome_success_episode_count": 3,
      "h100/outcome_success_final_state_mse": 122910.02777777778,
      "h100/outcome_success_state_mse": 5465.29,
      "h100/state_mse": 7465.487895424837,
      "h125/episode_count": 15,
      "h125/final_state_mse": 73361169.73594771,
      "h125/outcome_drop_episode_count": 3,
      "h125/outcome_drop_final_state_mse": 40458623.58169935,
      "h125/outcome_drop_state_mse": 1645436.151633987,
      "h125/outcome_jam_episode_count": 3,
      "h125/outcome_jam_final_state_mse": 38761720.67973856,
      "h125/outcome_jam_state_mse": 1626738.5742222222,
      "h125/outcome_miss_episode_count": 3,
      "h125/outcome_miss_final_state_mse": 207030452.70588234,
      "h125/outcome_miss_state_mse": 7529168.039320261,
      "h125/outcome_partial_episode_count": 3,
      "h125/outcome_partial_final_state_mse": 40032824.67973856,
      "h125/outcome_partial_state_mse": 1653144.602771242,
      "h125/outcome_success_episode_count": 3,
      "h125/outcome_success_final_state_mse": 40522202.35294118,
      "h125/outcome_success_state_mse": 1662851.8282875817,
      "h125/state_mse": 2823468.2127058823,
      "h20/episode_count": 15,
      "h20/final_state_mse": 0.013696545868917229,
      "h20/outcome_drop_episode_count": 3,
      "h20/outcome_drop_final_state_mse": 0.01266967276342554,
      "h20/outcome_drop_state_mse": 0.004594365677802391,
      "h20/outcome_jam_episode_count": 3,
      "h20/outcome_jam_final_state_mse": 0.013101176596155353,
      "h20/outcome_jam_state_mse": 0.005095876081317079,
      "h20/outcome_miss_episode_count": 3,
      "h20/outcome_miss_final_state_mse": 0.01750978476860944,
      "h20/outcome_miss_state_mse": 0.009862989693685294,
      "h20/outcome_partial_episode_count": 3,
      "h20/outcome_partial_final_state_mse": 0.012639835963841358,
      "h20/outcome_partial_state_mse": 0.004534642875584123,
      "h20/outcome_success_episode_count": 3,
      "h20/outcome_success_final_state_mse": 0.012562258376015557,
      "h20/outcome_success_state_mse": 0.0045309593085370034,
      "h20/state_mse": 0.005723766750759548,
      "h30/episode_count": 15,
      "h30/final_state_mse": 0.04582094678691789,
      "h30/outcome_drop_episode_count": 3,
      "h30/outcome_drop_final_state_mse": 0.04050050529779172,
      "h30/outcome_drop_state_mse": 0.011611690084918651,
      "h30/outcome_jam_episode_count": 3,
      "h30/outcome_jam_final_state_mse": 0.04254594971151913,
      "h30/outcome_jam_state_mse": 0.012190337690133154,
      "h30/outcome_miss_episode_count": 3,
      "h30/outcome_miss_final_state_mse": 0.0635723101547341,
      "h30/outcome_miss_state_mse": 0.020107335774207688,
      "h30/outcome_partial_episode_count": 3,
      "h30/outcome_partial_final_state_mse": 0.04126664236480115,
      "h30/outcome_partial_state_mse": 0.011601839813531615,
      "h30/outcome_success_episode_count": 3,
      "h30/outcome_success_final_state_mse": 0.04121934588438545,
      "h30/outcome_success_state_mse": 0.011567024156159046,
      "h30/state_mse": 0.013415645690784994,
      "h40/episode_count": 15,
      "h40/final_state_mse": 0.1297237321442249,
      "h40/outcome_drop_episode_count": 3,
      "h40/outcome_drop_final_state_mse": 0.09517951728471744,
      "h40/outcome_drop_state_mse": 0.02588873532862445,
      "h40/outcome_jam_episode_count": 3,
      "h40/outcome_jam_final_state_mse": 0.1074846024606742,
      "h40/outcome_jam_state_mse": 0.02763697368646759,
      "h40/outcome_miss_episode_count": 3,
      "h40/outcome_miss_final_state_mse": 0.22822118272968367,
      "h40/outcome_miss_state_mse": 0.043003648246815004,
      "h40/outcome_partial_episode_count": 3,
      "h40/outcome_partial_final_state_mse": 0.10782023660497728,
      "h40/outcome_partial_state_mse": 0.02680081199197208,
      "h40/outcome_success_episode_count": 3,
      "h40/outcome_success_final_state_mse": 0.10991314034056819,
      "h40/outcome_success_state_mse": 0.026853150012446383,
      "h40/state_mse": 0.030036664975234887,
      "h50/episode_count": 15,
      "h50/final_state_mse": 1.587310751123366,
      "h50/outcome_drop_episode_count": 3,
      "h50/outcome_drop_final_state_mse": 0.7044764500038296,
      "h50/outcome_drop_state_mse": 0.08402088838465073,
      "h50/outcome_jam_episode_count": 3,
      "h50/outcome_jam_final_state_mse": 0.7013184790517769,
      "h50/outcome_jam_state_mse": 0.08733026043262357,
      "h50/outcome_miss_episode_count": 3,
      "h50/outcome_miss_final_state_mse": 5.03814777050143,
      "h50/outcome_miss_state_mse": 0.4048162881689134,
      "h50/outcome_partial_episode_count": 3,
      "h50/outcome_partial_final_state_mse": 0.7387073117923113,
      "h50/outcome_partial_state_mse": 0.08903702081418505,
      "h50/outcome_success_episode_count": 3,
      "h50/outcome_success_final_state_mse": 0.7539032206815832,
      "h50/outcome_success_state_mse": 0.09046119241153493,
      "h50/state_mse": 0.15113310610702615,
      "h75/episode_count": 15,
      "h75/final_state_mse": 366.1237745098039,
      "h75/outcome_drop_episode_count": 3,
      "h75/outcome_drop_final_state_mse": 254.49570918862338,
      "h75/outcome_drop_state_mse": 16.48610906862745,
      "h75/outcome_jam_episode_count": 3,
      "h75/outcome_jam_final_state_mse": 247.66905381944446,
      "h75/outcome_jam_state_mse": 15.689402913943356,
      "h75/outcome_miss_episode_count": 3,
      "h75/outcome_miss_final_state_mse": 827.9303896037582,
      "h75/outcome_miss_state_mse": 63.713240740740744,
      "h75/outcome_partial_episode_count": 3,
      "h75/outcome_partial_final_state_mse": 247.6590073529412,
      "h75/outcome_partial_state_mse": 15.872609613289761,
      "h75/outcome_success_episode_count": 3,
      "h75/outcome_success_final_state_mse": 252.86471896701389,
      "h75/outcome_success_state_mse": 16.244783666938996,
      "h75/state_mse": 25.601228758169935,
      "max_requested_horizon": 125,
      "reencode_period": null,
      "rollout_mode": "no_reencode"
    },
    "periodic_1": {
      "episode_count": 15,
      "h10/episode_count": 15,
      "h10/final_state_mse": 0.0031131370394837624,
      "h10/outcome_drop_episode_count": 3,
      "h10/outcome_drop_final_state_mse": 0.0018076847483909208,
      "h10/outcome_drop_state_mse": 0.0016407700925091513,
      "h10/outcome_jam_episode_count": 3,
      "h10/outcome_jam_final_state_mse": 0.002331485691802954,
      "h10/outcome_jam_state_mse": 0.00216471619076199,
      "h10/outcome_miss_episode_count": 3,
      "h10/outcome_miss_final_state_mse": 0.007851280905062857,
      "h10/outcome_miss_state_mse": 0.013797258084116418,
      "h10/outcome_partial_episode_count": 3,
      "h10/outcome_partial_final_state_mse": 0.0017814580472855785,
      "h10/outcome_partial_state_mse": 0.0015247819470424278,
      "h10/outcome_success_episode_count": 3,
      "h10/outcome_success_final_state_mse": 0.0017937770709882375,
      "h10/outcome_success_state_mse": 0.0015495132971433253,
      "h10/state_mse": 0.0041354078405043656,
      "h100/episode_count": 15,
      "h100/final_state_mse": 0.009187862919826133,
      "h100/outcome_drop_episode_count": 3,
      "h100/outcome_drop_final_state_mse": 0.011301067335153717,
      "h100/outcome_drop_state_mse": 0.00519664926466599,
      "h100/outcome_jam_episode_count": 3,
      "h100/outcome_jam_final_state_mse": 0.005704018123009626,
      "h100/outcome_jam_state_mse": 0.003913025076872383,
      "h100/outcome_miss_episode_count": 3,
      "h100/outcome_miss_final_state_mse": 0.015997961358307233,
      "h100/outcome_miss_state_mse": 0.0253577555238811,
      "h100/outcome_partial_episode_count": 3,
      "h100/outcome_partial_final_state_mse": 0.005806390171736673,
      "h100/outcome_partial_state_mse": 0.0032542694939507377,
      "h100/outcome_success_episode_count": 3,
      "h100/outcome_success_final_state_mse": 0.007129877805709839,
      "h100/outcome_success_state_mse": 0.0035316689185846866,
      "h100/state_mse": 0.008250673381331699,
      "h125/episode_count": 15,
      "h125/final_state_mse": 0.007976008396522672,
      "h125/outcome_drop_episode_count": 3,
      "h125/outcome_drop_final_state_mse": 0.00880451714680865,
      "h125/outcome_drop_state_mse": 0.006640003578335631,
      "h125/outcome_jam_episode_count": 3,
      "h125/outcome_jam_final_state_mse": 0.008446249112584233,
      "h125/outcome_jam_state_mse": 0.005052070767271753,
      "h125/outcome_miss_episode_count": 3,
      "h125/outcome_miss_final_state_mse": 0.011796706642200745,
      "h125/outcome_miss_state_mse": 0.022928710837769352,
      "h125/outcome_partial_episode_count": 3,
      "h125/outcome_partial_final_state_mse": 0.0037743146318236207,
      "h125/outcome_partial_state_mse": 0.003378033257777395,
      "h125/outcome_success_episode_count": 3,
      "h125/outcome_success_final_state_mse": 0.0070582506508609045,
      "h125/outcome_success_state_mse": 0.004593561608806934,
      "h125/state_mse": 0.0085184774560866,
      "h20/episode_count": 15,
      "h20/final_state_mse": 0.0041468302408854164,
      "h20/outcome_drop_episode_count": 3,
      "h20/outcome_drop_final_state_mse": 0.003597923864920934,
      "h20/outcome_drop_state_mse": 0.002294718829634922,
      "h20/outcome_jam_episode_count": 3,
      "h20/outcome_jam_final_state_mse": 0.003839319243150599,
      "h20/outcome_jam_state_mse": 0.002775106009315042,
      "h20/outcome_miss_episode_count": 3,
      "h20/outcome_miss_final_state_mse": 0.006591285950218151,
      "h20/outcome_miss_state_mse": 0.010323334675209196,
      "h20/outcome_partial_episode_count": 3,
      "h20/outcome_partial_final_state_mse": 0.003324980001434002,
      "h20/outcome_partial_state_mse": 0.0021947787478079203,
      "h20/outcome_success_episode_count": 3,
      "h20/outcome_success_final_state_mse": 0.0033806430212422914,
      "h20/outcome_success_state_mse": 0.002234093698800779,
      "h20/state_mse": 0.0039644064311108555,
      "h30/episode_count": 15,
      "h30/final_state_mse": 0.005713449116625817,
      "h30/outcome_drop_episode_count": 3,
      "h30/outcome_drop_final_state_mse": 0.0029841932693338083,
      "h30/outcome_drop_state_mse": 0.0026427751792542035,
      "h30/outcome_jam_episode_count": 3,
      "h30/outcome_jam_final_state_mse": 0.0036041758029289493,
      "h30/outcome_jam_state_mse": 0.003042830257374217,
      "h30/outcome_miss_episode_count": 3,
      "h30/outcome_miss_final_state_mse": 0.015875116282818364,
      "h30/outcome_miss_state_mse": 0.010650579082680163,
      "h30/outcome_partial_episode_count": 3,
      "h30/outcome_partial_final_state_mse": 0.002981261319779103,
      "h30/outcome_partial_state_mse": 0.002516680189726919,
      "h30/outcome_success_episode_count": 3,
      "h30/outcome_success_final_state_mse": 0.0031224980073816634,
      "h30/outcome_success_state_mse": 0.0025675194975077974,
      "h30/state_mse": 0.004284076566010519,
      "h40/episode_count": 15,
      "h40/final_state_mse": 0.010649158752042484,
      "h40/outcome_drop_episode_count": 3,
      "h40/outcome_drop_final_state_mse": 0.0041295815916622385,
      "h40/outcome_drop_state_mse": 0.0029289342998679167,
      "h40/outcome_jam_episode_count": 3,
      "h40/outcome_jam_final_state_mse": 0.003160959414017746,
      "h40/outcome_jam_state_mse": 0.0031374346976186713,
      "h40/outcome_miss_episode_count": 3,
      "h40/outcome_miss_final_state_mse": 0.03985748600726034,
      "h40/outcome_miss_state_mse": 0.01483467980927112,
      "h40/outcome_partial_episode_count": 3,
      "h40/outcome_partial_final_state_mse": 0.0030507226200664744,
      "h40/outcome_partial_state_mse": 0.0026333912525301666,
      "h40/outcome_success_episode_count": 3,
      "h40/outcome_success_final_state_mse": 0.0030470442732954336,
      "h40/outcome_success_state_mse": 0.0026813756406696794,
      "h40/state_mse": 0.00524316326465482,
      "h50/episode_count": 15,
      "h50/final_state_mse": 0.016213495591107536,
      "h50/outcome_drop_episode_count": 3,
      "h50/outcome_drop_final_state_mse": 0.00547555619789884,
      "h50/outcome_drop_state_mse": 0.00344871658125734,
      "h50/outcome_jam_episode_count": 3,
      "h50/outcome_jam_final_state_mse": 0.0035228599228110968,
      "h50/outcome_jam_state_mse": 0.003337204129088159,
      "h50/outcome_miss_episode_count": 3,
      "h50/outcome_miss_final_state_mse": 0.06571444085026099,
      "h50/outcome_miss_state_mse": 0.023033702825409137,
      "h50/outcome_partial_episode_count": 3,
      "h50/outcome_partial_final_state_mse": 0.00318420916990517,
      "h50/outcome_partial_state_mse": 0.0027745406456242978,
      "h50/outcome_success_episode_count": 3,
      "h50/outcome_success_final_state_mse": 0.0031704028544862284,
      "h50/outcome_success_state_mse": 0.0028156041164024205,
      "h50/state_mse": 0.007081953061172386,
      "h75/episode_count": 15,
      "h75/final_state_mse": 0.008186386457455704,
      "h75/outcome_drop_episode_count": 3,
      "h75/outcome_drop_final_state_mse": 0.006942267121832355,
      "h75/outcome_drop_state_mse": 0.004171589122099035,
      "h75/outcome_jam_episode_count": 3,
      "h75/outcome_jam_final_state_mse": 0.005200014881838381,
      "h75/outcome_jam_state_mse": 0.0037215580659754137,
      "h75/outcome_miss_episode_count": 3,
      "h75/outcome_miss_final_state_mse": 0.019039946297804516,
      "h75/outcome_miss_state_mse": 0.03045963104513995,
      "h75/outcome_partial_episode_count": 3,
      "h75/outcome_partial_final_state_mse": 0.004048261864512574,
      "h75/outcome_partial_state_mse": 0.002988970554991745,
      "h75/outcome_success_episode_count": 3,
      "h75/outcome_success_final_state_mse": 0.005701445286570032,
      "h75/outcome_success_state_mse": 0.003090487793899569,
      "h75/state_mse": 0.008886446950742102,
      "max_requested_horizon": 125,
      "reencode_period": 1,
      "rollout_mode": "periodic_1"
    },
    "periodic_10": {
      "episode_count": 15,
      "h10/episode_count": 15,
      "h10/final_state_mse": 0.0034832471336414613,
      "h10/outcome_drop_episode_count": 3,
      "h10/outcome_drop_final_state_mse": 0.0029365267921117395,
      "h10/outcome_drop_state_mse": 0.0019251941076291153,
      "h10/outcome_jam_episode_count": 3,
      "h10/outcome_jam_final_state_mse": 0.004380582253527797,
      "h10/outcome_jam_state_mse": 0.0025374828989988838,
      "h10/outcome_miss_episode_count": 3,
      "h10/outcome_miss_final_state_mse": 0.004223768228019764,
      "h10/outcome_miss_state_mse": 0.010100004563923754,
      "h10/outcome_partial_episode_count": 3,
      "h10/outcome_partial_final_state_mse": 0.002948198735324386,
      "h10/outcome_partial_state_mse": 0.001856613042307835,
      "h10/outcome_success_episode_count": 3,
      "h10/outcome_success_final_state_mse": 0.0029271574678763844,
      "h10/outcome_success_state_mse": 0.001864260201360665,
      "h10/state_mse": 0.003656710955052594,
      "h100/episode_count": 15,
      "h100/final_state_mse": 0.0029546881033704173,
      "h100/outcome_drop_episode_count": 3,
      "h100/outcome_drop_final_state_mse": 0.0031094960137909534,
      "h100/outcome_drop_state_mse": 0.0025054530224768944,
      "h100/outcome_jam_episode_count": 3,
      "h100/outcome_jam_final_state_mse": 0.0034377115224701127,
      "h100/outcome_jam_state_mse": 0.0029772756613937077,
      "h100/outcome_miss_episode_count": 3,
      "h100/outcome_miss_final_state_mse": 0.00203090097779542,
      "h100/outcome_miss_state_mse": 0.003135891334683287,
      "h100/outcome_partial_episode_count": 3,
      "h100/outcome_partial_final_state_mse": 0.002331727080874973,
      "h100/outcome_partial_state_mse": 0.0021201461592530893,
      "h100/outcome_success_episode_count": 3,
      "h100/outcome_success_final_state_mse": 0.0038636034610224704,
      "h100/outcome_success_state_mse": 0.0024219754162956688,
      "h100/state_mse": 0.0026321482938878676,
      "h125/episode_count": 15,
      "h125/final_state_mse": 0.003691305522046058,
      "h125/outcome_drop_episode_count": 3,
      "h125/outcome_drop_final_state_mse": 0.004790841120910021,
      "h125/outcome_drop_state_mse": 0.002800945755702997,
      "h125/outcome_jam_episode_count": 3,
      "h125/outcome_jam_final_state_mse": 0.004483854264215706,
      "h125/outcome_jam_state_mse": 0.003189762589199091,
      "h125/outcome_miss_episode_count": 3,
      "h125/outcome_miss_final_state_mse": 0.003994937474821128,
      "h125/outcome_miss_state_mse": 0.003152646482380387,
      "h125/outcome_partial_episode_count": 3,
      "h125/outcome_partial_final_state_mse": 0.002116406470342399,
      "h125/outcome_partial_state_mse": 0.0021382948931525734,
      "h125/outcome_success_episode_count": 3,
      "h125/outcome_success_final_state_mse": 0.0030704893756146523,
      "h125/outcome_success_state_mse": 0.002570736579645693,
      "h125/state_mse": 0.0027704774943831697,
      "h20/episode_count": 15,
      "h20/final_state_mse": 0.0033227643156363293,
      "h20/outcome_drop_episode_count": 3,
      "h20/outcome_drop_final_state_mse": 0.0031900638410078935,
      "h20/outcome_drop_state_mse": 0.0022387605087429868,
      "h20/outcome_jam_episode_count": 3,
      "h20/outcome_jam_final_state_mse": 0.0036013475527950363,
      "h20/outcome_jam_state_mse": 0.002806016666437286,
      "h20/outcome_miss_episode_count": 3,
      "h20/outcome_miss_final_state_mse": 0.0037584890873214,
      "h20/outcome_miss_state_mse": 0.006844464937845866,
      "h20/outcome_partial_episode_count": 3,
      "h20/outcome_partial_final_state_mse": 0.003034867078455445,
      "h20/outcome_partial_state_mse": 0.002160911271774691,
      "h20/outcome_success_episode_count": 3,
      "h20/outcome_success_final_state_mse": 0.0030290547733992533,
      "h20/outcome_success_state_mse": 0.0021657419944900312,
      "h20/state_mse": 0.003243179071962444,
      "h30/episode_count": 15,
      "h30/final_state_mse": 0.002480899586397059,
      "h30/outcome_drop_episode_count": 3,
      "h30/outcome_drop_final_state_mse": 0.0023365464378026575,
      "h30/outcome_drop_state_mse": 0.0022332548575723352,
      "h30/outcome_jam_episode_count": 3,
      "h30/outcome_jam_final_state_mse": 0.0027475052214915455,
      "h30/outcome_jam_state_mse": 0.002810124062764619,
      "h30/outcome_miss_episode_count": 3,
      "h30/outcome_miss_final_state_mse": 0.0026874120036760965,
      "h30/outcome_miss_state_mse": 0.00549289780244848,
      "h30/outcome_partial_episode_count": 3,
      "h30/outcome_partial_final_state_mse": 0.002288072473473019,
      "h30/outcome_partial_state_mse": 0.002154342541247931,
      "h30/outcome_success_episode_count": 3,
      "h30/outcome_success_final_state_mse": 0.002344962428597843,
      "h30/outcome_success_state_mse": 0.002159632213235161,
      "h30/state_mse": 0.002970050487642974,
      "h40/episode_count": 15,
      "h40/final_state_mse": 0.0018816377602371515,
      "h40/outcome_drop_episode_count": 3,
      "h40/outcome_drop_final_state_mse": 0.0018629751174278509,
      "h40/outcome_drop_state_mse": 0.0022318838858136946,
      "h40/outcome_jam_episode_count": 3,
      "h40/outcome_jam_final_state_mse": 0.0020840924987995547,
      "h40/outcome_jam_state_mse": 0.0027170846275254793,
      "h40/outcome_miss_episode_count": 3,
      "h40/outcome_miss_final_state_mse": 0.0016454613335381925,
      "h40/outcome_miss_state_mse": 0.0046165493578692665,
      "h40/outcome_partial_episode_count": 3,
      "h40/outcome_partial_final_state_mse": 0.0019178879173362955,
      "h40/outcome_partial_state_mse": 0.0020898684761882606,
      "h40/outcome_success_episode_count": 3,
      "h40/outcome_success_final_state_mse": 0.0018977707897136415,
      "h40/outcome_success_state_mse": 0.0020963948536542507,
      "h40/state_mse": 0.002750356088276782,
      "h50/episode_count": 15,
      "h50/final_state_mse": 0.001984286464117711,
      "h50/outcome_drop_episode_count": 3,
      "h50/outcome_drop_final_state_mse": 0.0022867695958006615,
      "h50/outcome_drop_state_mse": 0.002294087939792209,
      "h50/outcome_jam_episode_count": 3,
      "h50/outcome_jam_final_state_mse": 0.0027977732661502814,
      "h50/outcome_jam_state_mse": 0.002698203255148495,
      "h50/outcome_miss_episode_count": 3,
      "h50/outcome_miss_final_state_mse": 0.0015276276013430428,
      "h50/outcome_miss_state_mse": 0.004046784943225337,
      "h50/outcome_partial_episode_count": 3,
      "h50/outcome_partial_final_state_mse": 0.0016196749958337522,
      "h50/outcome_partial_state_mse": 0.0020368676715426977,
      "h50/outcome_success_episode_count": 3,
      "h50/outcome_success_final_state_mse": 0.0016895871292921453,
      "h50/outcome_success_state_mse": 0.002047721357906566,
      "h50/state_mse": 0.0026247329213260825,
      "h75/episode_count": 15,
      "h75/final_state_mse": 0.0038318447038239124,
      "h75/outcome_drop_episode_count": 3,
      "h75/outcome_drop_final_state_mse": 0.0033751134243276385,
      "h75/outcome_drop_state_mse": 0.0024199238945456112,
      "h75/outcome_jam_episode_count": 3,
      "h75/outcome_jam_final_state_mse": 0.004416544842564203,
      "h75/outcome_jam_state_mse": 0.0028834233252830756,
      "h75/outcome_miss_episode_count": 3,
      "h75/outcome_miss_final_state_mse": 0.004291517233926487,
      "h75/outcome_miss_state_mse": 0.003420544875732954,
      "h75/outcome_partial_episode_count": 3,
      "h75/outcome_partial_final_state_mse": 0.003158946929414288,
      "h75/outcome_partial_state_mse": 0.002122152199672458,
      "h75/outcome_success_episode_count": 3,
      "h75/outcome_success_final_state_mse": 0.003917100334089566,
      "h75/outcome_success_state_mse": 0.002166979047987196,
      "h75/state_mse": 0.0026026047517531316,
      "max_requested_horizon": 125,
      "reencode_period": 10,
      "rollout_mode": "periodic_10"
    },
    "periodic_100": {
      "episode_count": 15,
      "h10/episode_count": 15,
      "h10/final_state_mse": 0.0034832471336414613,
      "h10/outcome_drop_episode_count": 3,
      "h10/outcome_drop_final_state_mse": 0.0029365267921117395,
      "h10/outcome_drop_state_mse": 0.0019251941076291153,
      "h10/outcome_jam_episode_count": 3,
      "h10/outcome_jam_final_state_mse": 0.004380582253527797,
      "h10/outcome_jam_state_mse": 0.0025374828989988838,
      "h10/outcome_miss_episode_count": 3,
      "h10/outcome_miss_final_state_mse": 0.004223768228019764,
      "h10/outcome_miss_state_mse": 0.010100004563923754,
      "h10/outcome_partial_episode_count": 3,
      "h10/outcome_partial_final_state_mse": 0.002948198735324386,
      "h10/outcome_partial_state_mse": 0.001856613042307835,
      "h10/outcome_success_episode_count": 3,
      "h10/outcome_success_final_state_mse": 0.0029271574678763844,
      "h10/outcome_success_state_mse": 0.001864260201360665,
      "h10/state_mse": 0.003656710955052594,
      "h100/episode_count": 15,
      "h100/final_state_mse": 173580.0679738562,
      "h100/outcome_drop_episode_count": 3,
      "h100/outcome_drop_final_state_mse": 119899.93300653595,
      "h100/outcome_drop_state_mse": 5312.006960784313,
      "h100/outcome_jam_episode_count": 3,
      "h100/outcome_jam_final_state_mse": 129196.9362745098,
      "h100/outcome_jam_state_mse": 5730.864705882353,
      "h100/outcome_miss_episode_count": 3,
      "h100/outcome_miss_final_state_mse": 371851.908496732,
      "h100/outcome_miss_state_mse": 15312.632156862745,
      "h100/outcome_partial_episode_count": 3,
      "h100/outcome_partial_final_state_mse": 124041.45343137255,
      "h100/outcome_partial_state_mse": 5506.643137254902,
      "h100/outcome_success_episode_count": 3,
      "h100/outcome_success_final_state_mse": 122910.07189542483,
      "h100/outcome_success_state_mse": 5465.290620915032,
      "h100/state_mse": 7465.487895424837,
      "h125/episode_count": 15,
      "h125/final_state_mse": 49871.37777777778,
      "h125/outcome_drop_episode_count": 3,
      "h125/outcome_drop_final_state_mse": 35184.583741830065,
      "h125/outcome_drop_state_mse": 7349.784104575164,
      "h125/outcome_jam_episode_count": 3,
      "h125/outcome_jam_final_state_mse": 38982.99162581699,
      "h125/outcome_jam_state_mse": 8099.9859869281045,
      "h125/outcome_miss_episode_count": 3,
      "h125/outcome_miss_final_state_mse": 101173.1045751634,
      "h125/outcome_miss_state_mse": 18854.13688888889,
      "h125/outcome_partial_episode_count": 3,
      "h125/outcome_partial_final_state_mse": 37348.62305964052,
      "h125/outcome_partial_state_mse": 7752.970091503268,
      "h125/outcome_success_episode_count": 3,
      "h125/outcome_success_final_state_mse": 36667.59487336601,
      "h125/outcome_success_state_mse": 7657.230745098039,
      "h125/state_mse": 9942.821814379085,
      "h20/episode_count": 15,
      "h20/final_state_mse": 0.013696545868917229,
      "h20/outcome_drop_episode_count": 3,
      "h20/outcome_drop_final_state_mse": 0.012669671886886646,
      "h20/outcome_drop_state_mse": 0.004594365599887823,
      "h20/outcome_jam_episode_count": 3,
      "h20/outcome_jam_final_state_mse": 0.013101179323165246,
      "h20/outcome_jam_state_mse": 0.005095876548804489,
      "h20/outcome_miss_episode_count": 3,
      "h20/outcome_miss_final_state_mse": 0.017509785547755122,
      "h20/outcome_miss_state_mse": 0.009862990472830978,
      "h20/outcome_partial_episode_count": 3,
      "h20/outcome_partial_final_state_mse": 0.012639832652472203,
      "h20/outcome_partial_state_mse": 0.0045346424470539964,
      "h20/outcome_success_episode_count": 3,
      "h20/outcome_success_final_state_mse": 0.012562257791656295,
      "h20/outcome_success_state_mse": 0.0045309592306224345,
      "h20/state_mse": 0.005723767249412786,
      "h30/episode_count": 15,
      "h30/final_state_mse": 0.04582094678691789,
      "h30/outcome_drop_episode_count": 3,
      "h30/outcome_drop_final_state_mse": 0.04050050140206331,
      "h30/outcome_drop_state_mse": 0.01161168998103256,
      "h30/outcome_jam_episode_count": 3,
      "h30/outcome_jam_final_state_mse": 0.04254594971151913,
      "h30/outcome_jam_state_mse": 0.0121903371707027,
      "h30/outcome_miss_episode_count": 3,
      "h30/outcome_miss_final_state_mse": 0.0635723101547341,
      "h30/outcome_miss_state_mse": 0.02010733494311896,
      "h30/outcome_partial_episode_count": 3,
      "h30/outcome_partial_final_state_mse": 0.04126664859796661,
      "h30/outcome_partial_state_mse": 0.011601839605759431,
      "h30/outcome_success_episode_count": 3,
      "h30/outcome_success_final_state_mse": 0.04121935055925955,
      "h30/outcome_success_state_mse": 0.011567024675589501,
      "h30/state_mse": 0.013415644361043028,
      "h40/episode_count": 15,
      "h40/final_state_mse": 0.12972374211728963,
      "h40/outcome_drop_episode_count": 3,
      "h40/outcome_drop_final_state_mse": 0.09517950170180377,
      "h40/outcome_drop_state_mse": 0.025888735951940998,
      "h40/outcome_jam_episode_count": 3,
      "h40/outcome_jam_final_state_mse": 0.1074846024606742,
      "h40/outcome_jam_state_mse": 0.027636974309784134,
      "h40/outcome_miss_episode_count": 3,
      "h40/outcome_miss_final_state_mse": 0.22822128246033113,
      "h40/outcome_miss_state_mse": 0.04300364887013155,
      "h40/outcome_partial_episode_count": 3,
      "h40/outcome_partial_final_state_mse": 0.10782021478889814,
      "h40/outcome_partial_state_mse": 0.02680081199197208,
      "h40/outcome_success_episode_count": 3,
      "h40/outcome_success_final_state_mse": 0.10991314034056819,
      "h40/outcome_success_state_mse": 0.026853150012446383,
      "h40/state_mse": 0.030036664975234887,
      "h50/episode_count": 15,
      "h50/final_state_mse": 1.587310751123366,
      "h50/outcome_drop_episode_count": 3,
      "h50/outcome_drop_final_state_mse": 0.7044764500038296,
      "h50/outcome_drop_state_mse": 0.08402089436848958,
      "h50/outcome_jam_episode_count": 3,
      "h50/outcome_jam_final_state_mse": 0.701318466585446,
      "h50/outcome_jam_state_mse": 0.08733026641646242,
      "h50/outcome_miss_episode_count": 3,
      "h50/outcome_miss_final_state_mse": 5.038148368885315,
      "h50/outcome_miss_state_mse": 0.4048162961473652,
      "h50/outcome_partial_episode_count": 3,
      "h50/outcome_partial_final_state_mse": 0.7387074987872754,
      "h50/outcome_partial_state_mse": 0.0890370148303462,
      "h50/outcome_success_episode_count": 3,
      "h50/outcome_success_final_state_mse": 0.7539032705469069,
      "h50/outcome_success_state_mse": 0.09046119241153493,
      "h50/state_mse": 0.15113311887254902,
      "h75/episode_count": 15,
      "h75/final_state_mse": 366.1236928104575,
      "h75/outcome_drop_episode_count": 3,
      "h75/outcome_drop_final_state_mse": 254.49572195414623,
      "h75/outcome_drop_state_mse": 16.48610906862745,
      "h75/outcome_jam_episode_count": 3,
      "h75/outcome_jam_final_state_mse": 247.6689564823325,
      "h75/outcome_jam_state_mse": 15.68940138208061,
      "h75/outcome_miss_episode_count": 3,
      "h75/outcome_miss_final_state_mse": 827.9301598243464,
      "h75/outcome_miss_state_mse": 63.713235294117645,
      "h75/outcome_partial_episode_count": 3,
      "h75/outcome_partial_final_state_mse": 247.6590695848652,
      "h75/outcome_partial_state_mse": 15.872609783496731,
      "h75/outcome_success_episode_count": 3,
      "h75/outcome_success_final_state_mse": 252.86471896701389,
      "h75/outcome_success_state_mse": 16.244783666938996,
      "h75/state_mse": 25.601228758169935,
      "max_requested_horizon": 125,
      "reencode_period": 100,
      "rollout_mode": "periodic_100"
    },
    "periodic_2": {
      "episode_count": 15,
      "h10/episode_count": 15,
      "h10/final_state_mse": 0.002707033531338561,
      "h10/outcome_drop_episode_count": 3,
      "h10/outcome_drop_final_state_mse": 0.0015189874113774766,
      "h10/outcome_drop_state_mse": 0.0015220946346233093,
      "h10/outcome_jam_episode_count": 3,
      "h10/outcome_jam_final_state_mse": 0.002260889200603261,
      "h10/outcome_jam_state_mse": 0.0020313811458014196,
      "h10/outcome_miss_episode_count": 3,
      "h10/outcome_miss_final_state_mse": 0.006981263655463075,
      "h10/outcome_miss_state_mse": 0.012219141667185266,
      "h10/outcome_partial_episode_count": 3,
      "h10/outcome_partial_final_state_mse": 0.0013762583432633893,
      "h10/outcome_partial_state_mse": 0.00140819952768438,
      "h10/outcome_success_episode_count": 3,
      "h10/outcome_success_final_state_mse": 0.0013977682668399188,
      "h10/outcome_success_state_mse": 0.0014220940910912806,
      "h10/state_mse": 0.0037205824509165646,
      "h100/episode_count": 15,
      "h100/final_state_mse": 0.0051019244723849826,
      "h100/outcome_drop_episode_count": 3,
      "h100/outcome_drop_final_state_mse": 0.00660972082926557,
      "h100/outcome_drop_state_mse": 0.004189598233092065,
      "h100/outcome_jam_episode_count": 3,
      "h100/outcome_jam_final_state_mse": 0.0031249833603700003,
      "h100/outcome_jam_state_mse": 0.0031765914119147006,
      "h100/outcome_miss_episode_count": 3,
      "h100/outcome_miss_final_state_mse": 0.008991067364714504,
      "h100/outcome_miss_state_mse": 0.004841690873788073,
      "h100/outcome_partial_episode_count": 3,
      "h100/outcome_partial_final_state_mse": 0.003896078107014201,
      "h100/outcome_partial_state_mse": 0.0024795941122217114,
      "h100/outcome_success_episode_count": 3,
      "h100/outcome_success_final_state_mse": 0.0028877738449308607,
      "h100/outcome_success_state_mse": 0.002562446095585044,
      "h100/state_mse": 0.003449983883527369,
      "h125/episode_count": 15,
      "h125/final_state_mse": 0.006928077398561964,
      "h125/outcome_drop_episode_count": 3,
      "h125/outcome_drop_final_state_mse": 0.006420180104137246,
      "h125/outcome_drop_state_mse": 0.004712998832752502,
      "h125/outcome_jam_episode_count": 3,
      "h125/outcome_jam_final_state_mse": 0.004456947831546559,
      "h125/outcome_jam_state_mse": 0.0034496818492615144,
      "h125/outcome_miss_episode_count": 3,
      "h125/outcome_miss_final_state_mse": 0.016431273393381653,
      "h125/outcome_miss_state_mse": 0.0063590174656288296,
      "h125/outcome_partial_episode_count": 3,
      "h125/outcome_partial_final_state_mse": 0.0034190335986660977,
      "h125/outcome_partial_state_mse": 0.002728562548269633,
      "h125/outcome_success_episode_count": 3,
      "h125/outcome_success_final_state_mse": 0.003912952990313761,
      "h125/outcome_success_state_mse": 0.002730375551709942,
      "h125/state_mse": 0.003996126940359477,
      "h20/episode_count": 15,
      "h20/final_state_mse": 0.0024360398061914383,
      "h20/outcome_drop_episode_count": 3,
      "h20/outcome_drop_final_state_mse": 0.0024950402770556658,
      "h20/outcome_drop_state_mse": 0.0016539923895418254,
      "h20/outcome_jam_episode_count": 3,
      "h20/outcome_jam_final_state_mse": 0.002395879404217589,
      "h20/outcome_jam_state_mse": 0.0021309904023712758,
      "h20/outcome_miss_episode_count": 3,
      "h20/outcome_miss_final_state_mse": 0.0029425980900627336,
      "h20/outcome_miss_state_mse": 0.008448101959976495,
      "h20/outcome_partial_episode_count": 3,
      "h20/outcome_partial_final_state_mse": 0.0021748032932188,
      "h20/outcome_partial_state_mse": 0.001553071850265553,
      "h20/outcome_success_episode_count": 3,
      "h20/outcome_success_final_state_mse": 0.0021718775037846533,
      "h20/outcome_success_state_mse": 0.0015742810723049189,
      "h20/state_mse": 0.0030720876556595946,
      "h30/episode_count": 15,
      "h30/final_state_mse": 0.0027445955214157602,
      "h30/outcome_drop_episode_count": 3,
      "h30/outcome_drop_final_state_mse": 0.002454352632067562,
      "h30/outcome_drop_state_mse": 0.0019430351672868583,
      "h30/outcome_jam_episode_count": 3,
      "h30/outcome_jam_final_state_mse": 0.0030139426098150365,
      "h30/outcome_jam_state_mse": 0.0024236480654714412,
      "h30/outcome_miss_episode_count": 3,
      "h30/outcome_miss_final_state_mse": 0.0032300444112883676,
      "h30/outcome_miss_state_mse": 0.006788347697206053,
      "h30/outcome_partial_episode_count": 3,
      "h30/outcome_partial_final_state_mse": 0.0024676582246434455,
      "h30/outcome_partial_state_mse": 0.0018574146923156605,
      "h30/outcome_success_episode_count": 3,
      "h30/outcome_success_final_state_mse": 0.0025569798997025083,
      "h30/outcome_success_state_mse": 0.001879487837581593,
      "h30/state_mse": 0.0029783866400292756,
      "h40/episode_count": 15,
      "h40/final_state_mse": 0.0029117995617436426,
      "h40/outcome_drop_episode_count": 3,
      "h40/outcome_drop_final_state_mse": 0.003271537181598688,
      "h40/outcome_drop_state_mse": 0.002233026425043742,
      "h40/outcome_jam_episode_count": 3,
      "h40/outcome_jam_final_state_mse": 0.0024636515897083905,
      "h40/outcome_jam_state_mse": 0.0025074425086476443,
      "h40/outcome_miss_episode_count": 3,
      "h40/outcome_miss_final_state_mse": 0.004135224846453449,
      "h40/outcome_miss_state_mse": 0.006092451210894616,
      "h40/outcome_partial_episode_count": 3,
      "h40/outcome_partial_final_state_mse": 0.0023534666332933637,
      "h40/outcome_partial_state_mse": 0.00197425395055534,
      "h40/outcome_success_episode_count": 3,
      "h40/outcome_success_final_state_mse": 0.0023351171193948758,
      "h40/outcome_success_state_mse": 0.0019988916863023843,
      "h40/state_mse": 0.0029612131056442757,
      "h50/episode_count": 15,
      "h50/final_state_mse": 0.0031055369408302057,
      "h50/outcome_drop_episode_count": 3,
      "h50/outcome_drop_final_state_mse": 0.004106905725267198,
      "h50/outcome_drop_state_mse": 0.002695525362600688,
      "h50/outcome_jam_episode_count": 3,
      "h50/outcome_jam_final_state_mse": 0.0029457025473413902,
      "h50/outcome_jam_state_mse": 0.0026166496401518777,
      "h50/outcome_miss_episode_count": 3,
      "h50/outcome_miss_final_state_mse": 0.003781015674273173,
      "h50/outcome_miss_state_mse": 0.005713483773025812,
      "h50/outcome_partial_episode_count": 3,
      "h50/outcome_partial_final_state_mse": 0.0022922082031084823,
      "h50/outcome_partial_state_mse": 0.0020576893426234428,
      "h50/outcome_success_episode_count": 3,
      "h50/outcome_success_final_state_mse": 0.00240185372287931,
      "h50/outcome_success_state_mse": 0.0020822015151478884,
      "h50/state_mse": 0.0030331099765752655,
      "h75/episode_count": 15,
      "h75/final_state_mse": 0.0055331267562567015,
      "h75/outcome_drop_episode_count": 3,
      "h75/outcome_drop_final_state_mse": 0.006881418376187094,
      "h75/outcome_drop_state_mse": 0.0036955550449346403,
      "h75/outcome_jam_episode_count": 3,
      "h75/outcome_jam_final_state_mse": 0.005595881126674951,
      "h75/outcome_jam_state_mse": 0.003044027232916007,
      "h75/outcome_miss_episode_count": 3,
      "h75/outcome_miss_final_state_mse": 0.006135034892294142,
      "h75/outcome_miss_state_mse": 0.005035396401399102,
      "h75/outcome_partial_episode_count": 3,
      "h75/outcome_partial_final_state_mse": 0.003795331989238465,
      "h75/outcome_partial_state_mse": 0.0023194833310860694,
      "h75/outcome_success_episode_count": 3,
      "h75/outcome_success_final_state_mse": 0.005257967640371884,
      "h75/outcome_success_state_mse": 0.0024061060886757047,
      "h75/state_mse": 0.0033001131876361656,
      "max_requested_horizon": 125,
      "reencode_period": 2,
      "rollout_mode": "periodic_2"
    },
    "periodic_20": {
      "episode_count": 15,
      "h10/episode_count": 15,
      "h10/final_state_mse": 0.0034832471336414613,
      "h10/outcome_drop_episode_count": 3,
      "h10/outcome_drop_final_state_mse": 0.0029365267921117395,
      "h10/outcome_drop_state_mse": 0.0019251941076291153,
      "h10/outcome_jam_episode_count": 3,
      "h10/outcome_jam_final_state_mse": 0.004380582253527797,
      "h10/outcome_jam_state_mse": 0.0025374828989988838,
      "h10/outcome_miss_episode_count": 3,
      "h10/outcome_miss_final_state_mse": 0.004223768228019764,
      "h10/outcome_miss_state_mse": 0.010100004563923754,
      "h10/outcome_partial_episode_count": 3,
      "h10/outcome_partial_final_state_mse": 0.002948198735324386,
      "h10/outcome_partial_state_mse": 0.001856613042307835,
      "h10/outcome_success_episode_count": 3,
      "h10/outcome_success_final_state_mse": 0.0029271574678763844,
      "h10/outcome_success_state_mse": 0.001864260201360665,
      "h10/state_mse": 0.003656710955052594,
      "h100/episode_count": 15,
      "h100/final_state_mse": 0.01224698334737541,
      "h100/outcome_drop_episode_count": 3,
      "h100/outcome_drop_final_state_mse": 0.008470149795993481,
      "h100/outcome_drop_state_mse": 0.004063835019379659,
      "h100/outcome_jam_episode_count": 3,
      "h100/outcome_jam_final_state_mse": 0.015420074556388106,
      "h100/outcome_jam_state_mse": 0.0052502230725257224,
      "h100/outcome_miss_episode_count": 3,
      "h100/outcome_miss_final_state_mse": 0.010742113870732924,
      "h100/outcome_miss_state_mse": 0.0064460178450042125,
      "h100/outcome_partial_episode_count": 3,
      "h100/outcome_partial_final_state_mse": 0.011027584473292032,
      "h100/outcome_partial_state_mse": 0.004351825527116364,
      "h100/outcome_success_episode_count": 3,
      "h100/outcome_success_final_state_mse": 0.01557499481961618,
      "h100/outcome_success_state_mse": 0.004890887004877228,
      "h100/state_mse": 0.005000557693780637,
      "h125/episode_count": 15,
      "h125/final_state_mse": 0.006720458759981043,
      "h125/outcome_drop_episode_count": 3,
      "h125/outcome_drop_final_state_mse": 0.005878018008338081,
      "h125/outcome_drop_state_mse": 0.004500108905867034,
      "h125/outcome_jam_episode_count": 3,
      "h125/outcome_jam_final_state_mse": 0.006686929589003519,
      "h125/outcome_jam_state_mse": 0.005908522362802543,
      "h125/outcome_miss_episode_count": 3,
      "h125/outcome_miss_final_state_mse": 0.009111444155375162,
      "h125/outcome_miss_state_mse": 0.007087376214320364,
      "h125/outcome_partial_episode_count": 3,
      "h125/outcome_partial_final_state_mse": 0.005958335364566129,
      "h125/outcome_partial_state_mse": 0.00482722562902114,
      "h125/outcome_success_episode_count": 3,
      "h125/outcome_success_final_state_mse": 0.005967567218284981,
      "h125/outcome_success_state_mse": 0.005798053616791769,
      "h125/state_mse": 0.005624257046568627,
      "h20/episode_count": 15,
      "h20/final_state_mse": 0.013696545868917229,
      "h20/outcome_drop_episode_count": 3,
      "h20/outcome_drop_final_state_mse": 0.012669671886886646,
      "h20/outcome_drop_state_mse": 0.004594365599887823,
      "h20/outcome_jam_episode_count": 3,
      "h20/outcome_jam_final_state_mse": 0.013101179323165246,
      "h20/outcome_jam_state_mse": 0.005095876548804489,
      "h20/outcome_miss_episode_count": 3,
      "h20/outcome_miss_final_state_mse": 0.017509785547755122,
      "h20/outcome_miss_state_mse": 0.009862990472830978,
      "h20/outcome_partial_episode_count": 3,
      "h20/outcome_partial_final_state_mse": 0.012639832652472203,
      "h20/outcome_partial_state_mse": 0.0045346424470539964,
      "h20/outcome_success_episode_count": 3,
      "h20/outcome_success_final_state_mse": 0.012562257791656295,
      "h20/outcome_success_state_mse": 0.0045309592306224345,
      "h20/state_mse": 0.005723767249412786,
      "h30/episode_count": 15,
      "h30/final_state_mse": 0.003860683067172181,
      "h30/outcome_drop_episode_count": 3,
      "h30/outcome_drop_final_state_mse": 0.003494622855404623,
      "h30/outcome_drop_state_mse": 0.004375331074583764,
      "h30/outcome_jam_episode_count": 3,
      "h30/outcome_jam_final_state_mse": 0.0036941918428816827,
      "h30/outcome_jam_state_mse": 0.004837986482773991,
      "h30/outcome_miss_episode_count": 3,
      "h30/outcome_miss_final_state_mse": 0.005325925992984397,
      "h30/outcome_miss_state_mse": 0.008510091569688585,
      "h30/outcome_partial_episode_count": 3,
      "h30/outcome_partial_final_state_mse": 0.003368686227237477,
      "h30/outcome_partial_state_mse": 0.00429620223367396,
      "h30/outcome_success_episode_count": 3,
      "h30/outcome_success_final_state_mse": 0.0034199890991051993,
      "h30/outcome_success_state_mse": 0.004301944173758845,
      "h30/state_mse": 0.005264310816014774,
      "h40/episode_count": 15,
      "h40/final_state_mse": 0.0060490464852526295,
      "h40/outcome_drop_episode_count": 3,
      "h40/outcome_drop_final_state_mse": 0.0042995358604231695,
      "h40/outcome_drop_state_mse": 0.004315771074856029,
      "h40/outcome_jam_episode_count": 3,
      "h40/outcome_jam_final_state_mse": 0.0055329122769287205,
      "h40/outcome_jam_state_mse": 0.004778672861897089,
      "h40/outcome_miss_episode_count": 3,
      "h40/outcome_miss_final_state_mse": 0.009101759179744845,
      "h40/outcome_miss_state_mse": 0.008061886768715054,
      "h40/outcome_partial_episode_count": 3,
      "h40/outcome_partial_final_state_mse": 0.0056124725957321965,
      "h40/outcome_partial_state_mse": 0.004281831255146101,
      "h40/outcome_success_episode_count": 3,
      "h40/outcome_success_final_state_mse": 0.0056985505655700085,
      "h40/outcome_success_state_mse": 0.0043030762204936904,
      "h40/state_mse": 0.0051482476128472225,
      "h50/episode_count": 15,
      "h50/final_state_mse": 0.002600680613050274,
      "h50/outcome_drop_episode_count": 3,
      "h50/outcome_drop_final_state_mse": 0.002983830041355557,
      "h50/outcome_drop_state_mse": 0.004135865354849622,
      "h50/outcome_jam_episode_count": 3,
      "h50/outcome_jam_final_state_mse": 0.003159812730706595,
      "h50/outcome_jam_state_mse": 0.004456930098190807,
      "h50/outcome_miss_episode_count": 3,
      "h50/outcome_miss_final_state_mse": 0.002231267591317495,
      "h50/outcome_miss_state_mse": 0.0069171966602599695,
      "h50/outcome_partial_episode_count": 3,
      "h50/outcome_partial_final_state_mse": 0.002269630898642384,
      "h50/outcome_partial_state_mse": 0.003926169545042749,
      "h50/outcome_success_episode_count": 3,
      "h50/outcome_success_final_state_mse": 0.0023588619006225486,
      "h50/outcome_success_state_mse": 0.003952287910810483,
      "h50/state_mse": 0.0046776896956699345,
      "h75/episode_count": 15,
      "h75/final_state_mse": 0.00658102596507353,
      "h75/outcome_drop_episode_count": 3,
      "h75/outcome_drop_final_state_mse": 0.0045037623616605025,
      "h75/outcome_drop_state_mse": 0.003973305646110983,
      "h75/outcome_jam_episode_count": 3,
      "h75/outcome_jam_final_state_mse": 0.007264141942940506,
      "h75/outcome_jam_state_mse": 0.004385887262348516,
      "h75/outcome_miss_episode_count": 3,
      "h75/outcome_miss_final_state_mse": 0.007690243276895261,
      "h75/outcome_miss_state_mse": 0.006342398616483269,
      "h75/outcome_partial_episode_count": 3,
      "h75/outcome_partial_final_state_mse": 0.0064040669818329655,
      "h75/outcome_partial_state_mse": 0.003760523910356243,
      "h75/outcome_success_episode_count": 3,
      "h75/outcome_success_final_state_mse": 0.00704291365505044,
      "h75/outcome_success_state_mse": 0.0038229507246827768,
      "h75/state_mse": 0.004457013165509259,
      "max_requested_horizon": 125,
      "reencode_period": 20,
      "rollout_mode": "periodic_20"
    },
    "periodic_5": {
      "episode_count": 15,
      "h10/episode_count": 15,
      "h10/final_state_mse": 0.002389333139058032,
      "h10/outcome_drop_episode_count": 3,
      "h10/outcome_drop_final_state_mse": 0.001712073736331042,
      "h10/outcome_drop_state_mse": 0.0015625482291177987,
      "h10/outcome_jam_episode_count": 3,
      "h10/outcome_jam_final_state_mse": 0.0026890295344630098,
      "h10/outcome_jam_state_mse": 0.0020984898984821795,
      "h10/outcome_miss_episode_count": 3,
      "h10/outcome_miss_final_state_mse": 0.004279784322564119,
      "h10/outcome_miss_state_mse": 0.010398677595300613,
      "h10/outcome_partial_episode_count": 3,
      "h10/outcome_partial_final_state_mse": 0.001615102798525804,
      "h10/outcome_partial_state_mse": 0.0014686625767377467,
      "h10/outcome_success_episode_count": 3,
      "h10/outcome_success_final_state_mse": 0.0016506751086197648,
      "h10/outcome_success_state_mse": 0.0014910613010132236,
      "h10/state_mse": 0.003403887779884089,
      "h100/episode_count": 15,
      "h100/final_state_mse": 0.002712715373319738,
      "h100/outcome_drop_episode_count": 3,
      "h100/outcome_drop_final_state_mse": 0.0033647115129271364,
      "h100/outcome_drop_state_mse": 0.0025838953529308045,
      "h100/outcome_jam_episode_count": 3,
      "h100/outcome_jam_final_state_mse": 0.002627243817436929,
      "h100/outcome_jam_state_mse": 0.002731151954800475,
      "h100/outcome_miss_episode_count": 3,
      "h100/outcome_miss_final_state_mse": 0.0027883922303813735,
      "h100/outcome_miss_state_mse": 0.0034149702234205857,
      "h100/outcome_partial_episode_count": 3,
      "h100/outcome_partial_final_state_mse": 0.002136247269078797,
      "h100/outcome_partial_state_mse": 0.0019618232265796536,
      "h100/outcome_success_episode_count": 3,
      "h100/outcome_success_final_state_mse": 0.00264698208547106,
      "h100/outcome_success_state_mse": 0.002095626132940155,
      "h100/state_mse": 0.0025574933220358456,
      "h125/episode_count": 15,
      "h125/final_state_mse": 0.003864480623232773,
      "h125/outcome_drop_episode_count": 3,
      "h125/outcome_drop_final_state_mse": 0.004629425801872428,
      "h125/outcome_drop_state_mse": 0.002885508319131689,
      "h125/outcome_jam_episode_count": 3,
      "h125/outcome_jam_final_state_mse": 0.003971869941630395,
      "h125/outcome_jam_state_mse": 0.0029103204565110547,
      "h125/outcome_miss_episode_count": 3,
      "h125/outcome_miss_final_state_mse": 0.005758760509148143,
      "h125/outcome_miss_state_mse": 0.003670530581006817,
      "h125/outcome_partial_episode_count": 3,
      "h125/outcome_partial_final_state_mse": 0.002184567912146936,
      "h125/outcome_partial_state_mse": 0.0020176556905110677,
      "h125/outcome_success_episode_count": 3,
      "h125/outcome_success_final_state_mse": 0.002777779413983713,
      "h125/outcome_success_state_mse": 0.002206938176373251,
      "h125/state_mse": 0.0027381906147875817,
      "h20/episode_count": 15,
      "h20/final_state_mse": 0.0021206305697073343,
      "h20/outcome_drop_episode_count": 3,
      "h20/outcome_drop_final_state_mse": 0.0020412767634672277,
      "h20/outcome_drop_state_mse": 0.0016843923556259255,
      "h20/outcome_jam_episode_count": 3,
      "h20/outcome_jam_final_state_mse": 0.0022586488645840314,
      "h20/outcome_jam_state_mse": 0.0022025323771183787,
      "h20/outcome_miss_episode_count": 3,
      "h20/outcome_miss_final_state_mse": 0.0027021363474964318,
      "h20/outcome_miss_state_mse": 0.007005102494183709,
      "h20/outcome_partial_episode_count": 3,
      "h20/outcome_partial_final_state_mse": 0.001776120558478474,
      "h20/outcome_partial_state_mse": 0.0015879844917970544,
      "h20/outcome_success_episode_count": 3,
      "h20/outcome_success_final_state_mse": 0.0018249703145105075,
      "h20/outcome_success_state_mse": 0.0016159336746128555,
      "h20/state_mse": 0.0028191889345256333,
      "h30/episode_count": 15,
      "h30/final_state_mse": 0.0017563639123455372,
      "h30/outcome_drop_episode_count": 3,
      "h30/outcome_drop_final_state_mse": 0.0016583773045758016,
      "h30/outcome_drop_state_mse": 0.0017274410896051943,
      "h30/outcome_jam_episode_count": 3,
      "h30/outcome_jam_final_state_mse": 0.001973003635998645,
      "h30/outcome_jam_state_mse": 0.002252095353369619,
      "h30/outcome_miss_episode_count": 3,
      "h30/outcome_miss_final_state_mse": 0.0018542097284902934,
      "h30/outcome_miss_state_mse": 0.005477022033890867,
      "h30/outcome_partial_episode_count": 3,
      "h30/outcome_partial_final_state_mse": 0.001617661293815164,
      "h30/outcome_partial_state_mse": 0.00163124888031571,
      "h30/outcome_success_episode_count": 3,
      "h30/outcome_success_final_state_mse": 0.0016785673797130585,
      "h30/outcome_success_state_mse": 0.0016550632343832444,
      "h30/state_mse": 0.00254857414428445,
      "h40/episode_count": 15,
      "h40/final_state_mse": 0.0016988900751849405,
      "h40/outcome_drop_episode_count": 3,
      "h40/outcome_drop_final_state_mse": 0.001931793987751007,
      "h40/outcome_drop_state_mse": 0.0018321103909436395,
      "h40/outcome_jam_episode_count": 3,
      "h40/outcome_jam_final_state_mse": 0.0016119656658250521,
      "h40/outcome_jam_state_mse": 0.0022296518671746346,
      "h40/outcome_miss_episode_count": 3,
      "h40/outcome_miss_final_state_mse": 0.0018250614502071554,
      "h40/outcome_miss_state_mse": 0.004647538241218118,
      "h40/outcome_partial_episode_count": 3,
      "h40/outcome_partial_final_state_mse": 0.0015588197735399982,
      "h40/outcome_partial_state_mse": 0.0016378463093751395,
      "h40/outcome_success_episode_count": 3,
      "h40/outcome_success_final_state_mse": 0.001566809279466766,
      "h40/outcome_success_state_mse": 0.001661999299635295,
      "h40/state_mse": 0.0024018291398590686,
      "h50/episode_count": 15,
      "h50/final_state_mse": 0.002051049431944205,
      "h50/outcome_drop_episode_count": 3,
      "h50/outcome_drop_final_state_mse": 0.0024355229696417166,
      "h50/outcome_drop_state_mse": 0.002048109341291041,
      "h50/outcome_jam_episode_count": 3,
      "h50/outcome_jam_final_state_mse": 0.0027253330727807835,
      "h50/outcome_jam_state_mse": 0.0022861310547473384,
      "h50/outcome_miss_episode_count": 3,
      "h50/outcome_miss_final_state_mse": 0.0015136467085944281,
      "h50/outcome_miss_state_mse": 0.004102343889622906,
      "h50/outcome_partial_episode_count": 3,
      "h50/outcome_partial_final_state_mse": 0.0017623650579670675,
      "h50/outcome_partial_state_mse": 0.001664528784409068,
      "h50/outcome_success_episode_count": 3,
      "h50/outcome_success_final_state_mse": 0.0018183796429166606,
      "h50/outcome_success_state_mse": 0.0016892153609032725,
      "h50/state_mse": 0.002358065536598754,
      "h75/episode_count": 15,
      "h75/final_state_mse": 0.004074332916658688,
      "h75/outcome_drop_episode_count": 3,
      "h75/outcome_drop_final_state_mse": 0.003539668043064915,
      "h75/outcome_drop_state_mse": 0.00244585718724203,
      "h75/outcome_jam_episode_count": 3,
      "h75/outcome_jam_final_state_mse": 0.004480924286873512,
      "h75/outcome_jam_state_mse": 0.0026674303873431967,
      "h75/outcome_miss_episode_count": 3,
      "h75/outcome_miss_final_state_mse": 0.004925514066141415,
      "h75/outcome_miss_state_mse": 0.003579775658568006,
      "h75/outcome_partial_episode_count": 3,
      "h75/outcome_partial_final_state_mse": 0.0034229598598542557,
      "h75/outcome_partial_state_mse": 0.0019196006675171696,
      "h75/outcome_success_episode_count": 3,
      "h75/outcome_success_final_state_mse": 0.004002600664796393,
      "h75/outcome_success_state_mse": 0.0019721470627130245,
      "h75/state_mse": 0.0025169619225728487,
      "max_requested_horizon": 125,
      "reencode_period": 5,
      "rollout_mode": "periodic_5"
    },
    "periodic_50": {
      "episode_count": 15,
      "h10/episode_count": 15,
      "h10/final_state_mse": 0.0034832471336414613,
      "h10/outcome_drop_episode_count": 3,
      "h10/outcome_drop_final_state_mse": 0.0029365267921117395,
      "h10/outcome_drop_state_mse": 0.0019251941076291153,
      "h10/outcome_jam_episode_count": 3,
      "h10/outcome_jam_final_state_mse": 0.004380582253527797,
      "h10/outcome_jam_state_mse": 0.0025374828989988838,
      "h10/outcome_miss_episode_count": 3,
      "h10/outcome_miss_final_state_mse": 0.004223768228019764,
      "h10/outcome_miss_state_mse": 0.010100004563923754,
      "h10/outcome_partial_episode_count": 3,
      "h10/outcome_partial_final_state_mse": 0.002948198735324386,
      "h10/outcome_partial_state_mse": 0.001856613042307835,
      "h10/outcome_success_episode_count": 3,
      "h10/outcome_success_final_state_mse": 0.0029271574678763844,
      "h10/outcome_success_state_mse": 0.001864260201360665,
      "h10/state_mse": 0.003656710955052594,
      "h100/episode_count": 15,
      "h100/final_state_mse": 312.5842524509804,
      "h100/outcome_drop_episode_count": 3,
      "h100/outcome_drop_final_state_mse": 204.52542892156862,
      "h100/outcome_drop_state_mse": 9.402704886642157,
      "h100/outcome_jam_episode_count": 3,
      "h100/outcome_jam_final_state_mse": 209.30370774611927,
      "h100/outcome_jam_state_mse": 9.444581163194444,
      "h100/outcome_miss_episode_count": 3,
      "h100/outcome_miss_final_state_mse": 697.79203686683,
      "h100/outcome_miss_state_mse": 38.00783700980392,
      "h100/outcome_partial_episode_count": 3,
      "h100/outcome_partial_final_state_mse": 222.84183198018792,
      "h100/outcome_partial_state_mse": 9.949173560049019,
      "h100/outcome_success_episode_count": 3,
      "h100/outcome_success_final_state_mse": 228.4582758884804,
      "h100/outcome_success_state_mse": 10.258113000408496,
      "h100/state_mse": 15.41248202614379,
      "h125/episode_count": 15,
      "h125/final_state_mse": 162.3106515522876,
      "h125/outcome_drop_episode_count": 3,
      "h125/outcome_drop_final_state_mse": 120.8574968724469,
      "h125/outcome_drop_state_mse": 15.62753635620915,
      "h125/outcome_jam_episode_count": 3,
      "h125/outcome_jam_final_state_mse": 114.44581354677288,
      "h125/outcome_jam_state_mse": 15.251429534313726,
      "h125/outcome_miss_episode_count": 3,
      "h125/outcome_miss_final_state_mse": 341.14726307189545,
      "h125/outcome_miss_state_mse": 48.08021650326798,
      "h125/outcome_partial_episode_count": 3,
      "h125/outcome_partial_final_state_mse": 114.8085426879085,
      "h125/outcome_partial_state_mse": 15.655417892156862,
      "h125/outcome_success_episode_count": 3,
      "h125/outcome_success_final_state_mse": 120.29411046645221,
      "h125/outcome_success_state_mse": 16.356522875816992,
      "h125/state_mse": 22.194224836601308,
      "h20/episode_count": 15,
      "h20/final_state_mse": 0.013696545868917229,
      "h20/outcome_drop_episode_count": 3,
      "h20/outcome_drop_final_state_mse": 0.012669671886886646,
      "h20/outcome_drop_state_mse": 0.004594365599887823,
      "h20/outcome_jam_episode_count": 3,
      "h20/outcome_jam_final_state_mse": 0.013101179323165246,
      "h20/outcome_jam_state_mse": 0.005095876548804489,
      "h20/outcome_miss_episode_count": 3,
      "h20/outcome_miss_final_state_mse": 0.017509785547755122,
      "h20/outcome_miss_state_mse": 0.009862990472830978,
      "h20/outcome_partial_episode_count": 3,
      "h20/outcome_partial_final_state_mse": 0.012639832652472203,
      "h20/outcome_partial_state_mse": 0.0045346424470539964,
      "h20/outcome_success_episode_count": 3,
      "h20/outcome_success_final_state_mse": 0.012562257791656295,
      "h20/outcome_success_state_mse": 0.0045309592306224345,
      "h20/state_mse": 0.005723767249412786,
      "h30/episode_count": 15,
      "h30/final_state_mse": 0.04582094678691789,
      "h30/outcome_drop_episode_count": 3,
      "h30/outcome_drop_final_state_mse": 0.04050050140206331,
      "h30/outcome_drop_state_mse": 0.01161168998103256,
      "h30/outcome_jam_episode_count": 3,
      "h30/outcome_jam_final_state_mse": 0.04254594971151913,
      "h30/outcome_jam_state_mse": 0.0121903371707027,
      "h30/outcome_miss_episode_count": 3,
      "h30/outcome_miss_final_state_mse": 0.0635723101547341,
      "h30/outcome_miss_state_mse": 0.02010733494311896,
      "h30/outcome_partial_episode_count": 3,
      "h30/outcome_partial_final_state_mse": 0.04126664859796661,
      "h30/outcome_partial_state_mse": 0.011601839605759431,
      "h30/outcome_success_episode_count": 3,
      "h30/outcome_success_final_state_mse": 0.04121935055925955,
      "h30/outcome_success_state_mse": 0.011567024675589501,
      "h30/state_mse": 0.013415644361043028,
      "h40/episode_count": 15,
      "h40/final_state_mse": 0.12972374211728963,
      "h40/outcome_drop_episode_count": 3,
      "h40/outcome_drop_final_state_mse": 0.09517950170180377,
      "h40/outcome_drop_state_mse": 0.025888735951940998,
      "h40/outcome_jam_episode_count": 3,
      "h40/outcome_jam_final_state_mse": 0.1074846024606742,
      "h40/outcome_jam_state_mse": 0.027636974309784134,
      "h40/outcome_miss_episode_count": 3,
      "h40/outcome_miss_final_state_mse": 0.22822128246033113,
      "h40/outcome_miss_state_mse": 0.04300364887013155,
      "h40/outcome_partial_episode_count": 3,
      "h40/outcome_partial_final_state_mse": 0.10782021478889814,
      "h40/outcome_partial_state_mse": 0.02680081199197208,
      "h40/outcome_success_episode_count": 3,
      "h40/outcome_success_final_state_mse": 0.10991314034056819,
      "h40/outcome_success_state_mse": 0.026853150012446383,
      "h40/state_mse": 0.030036664975234887,
      "h50/episode_count": 15,
      "h50/final_state_mse": 1.587310751123366,
      "h50/outcome_drop_episode_count": 3,
      "h50/outcome_drop_final_state_mse": 0.7044764500038296,
      "h50/outcome_drop_state_mse": 0.08402089436848958,
      "h50/outcome_jam_episode_count": 3,
      "h50/outcome_jam_final_state_mse": 0.701318466585446,
      "h50/outcome_jam_state_mse": 0.08733026641646242,
      "h50/outcome_miss_episode_count": 3,
      "h50/outcome_miss_final_state_mse": 5.038148368885315,
      "h50/outcome_miss_state_mse": 0.4048162961473652,
      "h50/outcome_partial_episode_count": 3,
      "h50/outcome_partial_final_state_mse": 0.7387074987872754,
      "h50/outcome_partial_state_mse": 0.0890370148303462,
      "h50/outcome_success_episode_count": 3,
      "h50/outcome_success_final_state_mse": 0.7539032705469069,
      "h50/outcome_success_state_mse": 0.09046119241153493,
      "h50/state_mse": 0.15113311887254902,
      "h75/episode_count": 15,
      "h75/final_state_mse": 0.8325145846098856,
      "h75/outcome_drop_episode_count": 3,
      "h75/outcome_drop_final_state_mse": 0.7640065211875766,
      "h75/outcome_drop_state_mse": 0.11975063880804057,
      "h75/outcome_jam_episode_count": 3,
      "h75/outcome_jam_final_state_mse": 0.7648745144114775,
      "h75/outcome_jam_state_mse": 0.11687289634820942,
      "h75/outcome_miss_episode_count": 3,
      "h75/outcome_miss_final_state_mse": 1.215846342198989,
      "h75/outcome_miss_state_mse": 0.4299025565087146,
      "h75/outcome_partial_episode_count": 3,
      "h75/outcome_partial_final_state_mse": 0.6865236369612949,
      "h75/outcome_partial_state_mse": 0.11423497551147195,
      "h75/outcome_success_episode_count": 3,
      "h75/outcome_success_final_state_mse": 0.7313221887825361,
      "h75/outcome_success_state_mse": 0.11783250197865605,
      "h75/state_mse": 0.17971871595860567,
      "max_requested_horizon": 125,
      "reencode_period": 50,
      "rollout_mode": "periodic_50"
    }
  },
  "split": "test",
  "support_alignment": {
    "contact_phase": {
      "contact_phase_family_ari": 0.0,
      "contact_phase_family_nmi": 0.0,
      "contact_phase_family_purity": 0.9996668887408394,
      "contact_phase_sample_count": 3002.0,
      "h_contact_phase_given_family": 0.0030002889533867266,
      "h_family_given_contact_phase": 0.0,
      "unique_contact_phase_count": 2.0,
      "unique_family_count": 1.0
    },
    "contact_phase_alignment_available": true,
    "evaluated_state_count": 3017,
    "family_count": 1,
    "mean_family_similarity": 0.6146207451820374,
    "mean_support_size": 247.85084521047398,
    "outcome_alignment_available": true,
    "outcome_state": {
      "h_family_given_outcome": 0.0,
      "h_outcome_given_family": 1.6094379124341005,
      "outcome_family_ari": 0.0,
      "outcome_family_nmi": 0.0,
      "outcome_family_purity": 0.2,
      "outcome_sample_count": 15.0,
      "unique_family_count": 1.0,
      "unique_outcome_count": 5.0
    },
    "status": "ok",
    "unassigned_state_fraction": 0.0,
    "validation_state_count": 2346
  },
  "support_threshold": 0.2
}
{
  "best_periodic_rollout": {
    "episode_count": 15,
    "h10/episode_count": 15,
    "h10/final_state_mse": 0.001955112288979923,
    "h10/outcome_drop_episode_count": 3,
    "h10/outcome_drop_final_state_mse": 0.0014696601851313723,
    "h10/outcome_drop_state_mse": 0.001457778456943487,
    "h10/outcome_jam_episode_count": 3,
    "h10/outcome_jam_final_state_mse": 0.002378045782154682,
    "h10/outcome_jam_state_mse": 0.0019960673416362087,
    "h10/outcome_miss_episode_count": 3,
    "h10/outcome_miss_final_state_mse": 0.003174935339712629,
    "h10/outcome_miss_state_mse": 0.009903847002515606,
    "h10/outcome_partial_episode_count": 3,
    "h10/outcome_partial_final_state_mse": 0.0013605603595185124,
    "h10/outcome_partial_state_mse": 0.001366891327247121,
    "h10/outcome_success_episode_count": 3,
    "h10/outcome_success_final_state_mse": 0.0013923594131578807,
    "h10/outcome_success_state_mse": 0.0013888659820057987,
    "h10/selected_mode": "periodic_5",
    "h10/selected_period": 5,
    "h10/state_mse": 0.003222690158420139,
    "h100/episode_count": 15,
    "h100/final_state_mse": 0.0027915300107469745,
    "h100/outcome_drop_episode_count": 3,
    "h100/outcome_drop_final_state_mse": 0.003321108523926704,
    "h100/outcome_drop_state_mse": 0.002576365813710331,
    "h100/outcome_jam_episode_count": 3,
    "h100/outcome_jam_final_state_mse": 0.0025596833160889693,
    "h100/outcome_jam_state_mse": 0.002854832231608871,
    "h100/outcome_miss_episode_count": 3,
    "h100/outcome_miss_final_state_mse": 0.002934888857447244,
    "h100/outcome_miss_state_mse": 0.003430081286461525,
    "h100/outcome_partial_episode_count": 3,
    "h100/outcome_partial_final_state_mse": 0.0020143340031305947,
    "h100/outcome_partial_state_mse": 0.002058551794563244,
    "h100/outcome_success_episode_count": 3,
    "h100/outcome_success_final_state_mse": 0.0031276348174787034,
    "h100/outcome_success_state_mse": 0.002322318444844165,
    "h100/selected_mode": "periodic_5",
    "h100/selected_period": 5,
    "h100/state_mse": 0.0026484297210094977,
    "h125/episode_count": 15,
    "h125/final_state_mse": 0.0038345910365285437,
    "h125/outcome_drop_episode_count": 3,
    "h125/outcome_drop_final_state_mse": 0.004462131390384599,
    "h125/outcome_drop_state_mse": 0.0028808081134472016,
    "h125/outcome_jam_episode_count": 3,
    "h125/outcome_jam_final_state_mse": 0.004588727565372691,
    "h125/outcome_jam_state_mse": 0.003071101868074704,
    "h125/outcome_miss_episode_count": 3,
    "h125/outcome_miss_final_state_mse": 0.00528157745895822,
    "h125/outcome_miss_state_mse": 0.0036092176749036205,
    "h125/outcome_partial_episode_count": 3,
    "h125/outcome_partial_final_state_mse": 0.0021257499853769937,
    "h125/outcome_partial_state_mse": 0.002080782672159033,
    "h125/outcome_success_episode_count": 3,
    "h125/outcome_success_final_state_mse": 0.002714769074729845,
    "h125/outcome_success_state_mse": 0.0024130562177670546,
    "h125/selected_mode": "periodic_5",
    "h125/selected_period": 5,
    "h125/state_mse": 0.0028109933491625816,
    "h20/episode_count": 15,
    "h20/final_state_mse": 0.001974467981874553,
    "h20/outcome_drop_episode_count": 3,
    "h20/outcome_drop_final_state_mse": 0.0020101074056298124,
    "h20/outcome_drop_state_mse": 0.0015745092840755686,
    "h20/outcome_jam_episode_count": 3,
    "h20/outcome_jam_final_state_mse": 0.002221818015076756,
    "h20/outcome_jam_state_mse": 0.002109003924076853,
    "h20/outcome_miss_episode_count": 3,
    "h20/outcome_miss_final_state_mse": 0.0020821673515575385,
    "h20/outcome_miss_state_mse": 0.006264367134742488,
    "h20/outcome_partial_episode_count": 3,
    "h20/outcome_partial_final_state_mse": 0.0017613110686439315,
    "h20/outcome_partial_state_mse": 0.001485814689810759,
    "h20/outcome_success_episode_count": 3,
    "h20/outcome_success_final_state_mse": 0.0017969360197681227,
    "h20/outcome_success_state_mse": 0.0015087842551711338,
    "h20/selected_mode": "periodic_5",
    "h20/selected_period": 5,
    "h20/state_mse": 0.0025884959900301266,
    "h30/episode_count": 15,
    "h30/final_state_mse": 0.0018900902442682802,
    "h30/outcome_drop_episode_count": 3,
    "h30/outcome_drop_final_state_mse": 0.001800967124747295,
    "h30/outcome_drop_state_mse": 0.0017149113621846783,
    "h30/outcome_jam_episode_count": 3,
    "h30/outcome_jam_final_state_mse": 0.0021372633967913835,
    "h30/outcome_jam_state_mse": 0.002249060217331697,
    "h30/outcome_miss_episode_count": 3,
    "h30/outcome_miss_final_state_mse": 0.0018683517583055434,
    "h30/outcome_miss_state_mse": 0.004922018695241226,
    "h30/outcome_partial_episode_count": 3,
    "h30/outcome_partial_final_state_mse": 0.0017822518993436901,
    "h30/outcome_partial_state_mse": 0.0016281436211662873,
    "h30/outcome_success_episode_count": 3,
    "h30/outcome_success_final_state_mse": 0.0018616172612882127,
    "h30/outcome_success_state_mse": 0.0016482997044498884,
    "h30/selected_mode": "periodic_5",
    "h30/selected_period": 5,
    "h30/state_mse": 0.0024324866733260145,
    "h40/episode_count": 15,
    "h40/final_state_mse": 0.0018548797158633962,
    "h40/outcome_drop_episode_count": 3,
    "h40/outcome_drop_final_state_mse": 0.001959709194945354,
    "h40/outcome_drop_state_mse": 0.001836293740989336,
    "h40/outcome_jam_episode_count": 3,
    "h40/outcome_jam_final_state_mse": 0.0018026632762033175,
    "h40/outcome_jam_state_mse": 0.0022791108274771497,
    "h40/outcome_miss_episode_count": 3,
    "h40/outcome_miss_final_state_mse": 0.0020267849946333694,
    "h40/outcome_miss_state_mse": 0.00426680543064292,
    "h40/outcome_partial_episode_count": 3,
    "h40/outcome_partial_final_state_mse": 0.001740927619287391,
    "h40/outcome_partial_state_mse": 0.0016868816871269076,
    "h40/outcome_success_episode_count": 3,
    "h40/outcome_success_final_state_mse": 0.0017443130072814965,
    "h40/outcome_success_state_mse": 0.0017089812584172666,
    "h40/selected_mode": "periodic_5",
    "h40/selected_period": 5,
    "h40/state_mse": 0.0023556144564759497,
    "h50/episode_count": 15,
    "h50/final_state_mse": 0.002285831738141627,
    "h50/outcome_drop_episode_count": 3,
    "h50/outcome_drop_final_state_mse": 0.002477179823163288,
    "h50/outcome_drop_state_mse": 0.0020423153646631177,
    "h50/outcome_jam_episode_count": 3,
    "h50/outcome_jam_final_state_mse": 0.003074253209276137,
    "h50/outcome_jam_state_mse": 0.002375084434459412,
    "h50/outcome_miss_episode_count": 3,
    "h50/outcome_miss_final_state_mse": 0.0018022860236027662,
    "h50/outcome_miss_state_mse": 0.0038390011257595485,
    "h50/outcome_partial_episode_count": 3,
    "h50/outcome_partial_final_state_mse": 0.0020116475331627467,
    "h50/outcome_partial_state_mse": 0.0017533180760402306,
    "h50/outcome_success_episode_count": 3,
    "h50/outcome_success_final_state_mse": 0.002063792077154895,
    "h50/outcome_success_state_mse": 0.0017765331268310546,
    "h50/selected_mode": "periodic_5",
    "h50/selected_period": 5,
    "h50/state_mse": 0.0023572503382863564,
    "h75/episode_count": 15,
    "h75/final_state_mse": 0.003906390869539547,
    "h75/outcome_drop_episode_count": 3,
    "h75/outcome_drop_final_state_mse": 0.003165850671483021,
    "h75/outcome_drop_state_mse": 0.0023728793690666913,
    "h75/outcome_jam_episode_count": 3,
    "h75/outcome_jam_final_state_mse": 0.004160658839870901,
    "h75/outcome_jam_state_mse": 0.0027989894060787292,
    "h75/outcome_miss_episode_count": 3,
    "h75/outcome_miss_final_state_mse": 0.005378801740852057,
    "h75/outcome_miss_state_mse": 0.0034967903685725592,
    "h75/outcome_partial_episode_count": 3,
    "h75/outcome_partial_final_state_mse": 0.0029982258778771544,
    "h75/outcome_partial_state_mse": 0.0020630428006706155,
    "h75/outcome_success_episode_count": 3,
    "h75/outcome_success_final_state_mse": 0.0038284172419629065,
    "h75/outcome_success_state_mse": 0.0021301402089902257,
    "h75/selected_mode": "periodic_5",
    "h75/selected_period": 5,
    "h75/state_mse": 0.0025723685470281864,
    "max_requested_horizon": 125,
    "periodic_reencode_periods": [
      1,
      2,
      5,
      10,
      20,
      50,
      100
    ],
    "rollout_mode": "best_periodic"
  },
  "checkpoint": "runs/maniskill_insertion/perturbation_e20_5k_lista_refine_20260604_143125/lista_relu_a0p01_sp1em3_loops2/seed2/checkpoint.pt",
  "checkpoint_step": 1500,
  "dataset": "data/maniskill/perturbation_assessment_seed0_e20/all_setups.npz",
  "device": "cuda",
  "family_jaccard": 0.4,
  "horizons": [
    10,
    20,
    30,
    40,
    50,
    75,
    100,
    125
  ],
  "labels_used_for_training": false,
  "periodic_reencode_periods": [
    1,
    2,
    5,
    10,
    20,
    50,
    100
  ],
  "rollout": {
    "episode_count": 15,
    "h10/episode_count": 15,
    "h10/final_state_mse": 0.002998666202320772,
    "h10/outcome_drop_episode_count": 3,
    "h10/outcome_drop_final_state_mse": 0.0024485202396617215,
    "h10/outcome_drop_state_mse": 0.0017569423111435634,
    "h10/outcome_jam_episode_count": 3,
    "h10/outcome_jam_final_state_mse": 0.0038159375681596644,
    "h10/outcome_jam_state_mse": 0.002369060118993123,
    "h10/outcome_miss_episode_count": 3,
    "h10/outcome_miss_final_state_mse": 0.0038769285565887403,
    "h10/outcome_miss_state_mse": 0.009908166430354897,
    "h10/outcome_partial_episode_count": 3,
    "h10/outcome_partial_final_state_mse": 0.002430650752549078,
    "h10/outcome_partial_state_mse": 0.0016889766735189102,
    "h10/outcome_success_episode_count": 3,
    "h10/outcome_success_final_state_mse": 0.0024212944790039186,
    "h10/outcome_success_state_mse": 0.0016985678205303117,
    "h10/state_mse": 0.0034843427371355445,
    "h100/episode_count": 15,
    "h100/final_state_mse": 97834.41568627451,
    "h100/outcome_drop_episode_count": 3,
    "h100/outcome_drop_final_state_mse": 71917.56290849674,
    "h100/outcome_drop_state_mse": 3335.582549019608,
    "h100/outcome_jam_episode_count": 3,
    "h100/outcome_jam_final_state_mse": 73283.77369281046,
    "h100/outcome_jam_state_mse": 3458.847777777778,
    "h100/outcome_miss_episode_count": 3,
    "h100/outcome_miss_final_state_mse": 197530.454248366,
    "h100/outcome_miss_state_mse": 8219.41843137255,
    "h100/outcome_partial_episode_count": 3,
    "h100/outcome_partial_final_state_mse": 73050.24264705883,
    "h100/outcome_partial_state_mse": 3423.1854901960783,
    "h100/outcome_success_episode_count": 3,
    "h100/outcome_success_final_state_mse": 73390.01470588235,
    "h100/outcome_success_state_mse": 3429.0139869281047,
    "h100/state_mse": 4373.209516339869,
    "h125/episode_count": 15,
    "h125/final_state_mse": 45906929.27581699,
    "h125/outcome_drop_episode_count": 3,
    "h125/outcome_drop_final_state_mse": 32720580.60130719,
    "h125/outcome_drop_state_mse": 1234131.0644705882,
    "h125/outcome_jam_episode_count": 3,
    "h125/outcome_jam_final_state_mse": 31150302.535947714,
    "h125/outcome_jam_state_mse": 1170950.2109281046,
    "h125/outcome_miss_episode_count": 3,
    "h125/outcome_miss_final_state_mse": 100929305.09803921,
    "h125/outcome_miss_state_mse": 3737299.8408366013,
    "h125/outcome_partial_episode_count": 3,
    "h125/outcome_partial_final_state_mse": 32042957.80392157,
    "h125/outcome_partial_state_mse": 1210231.8146928104,
    "h125/outcome_success_episode_count": 3,
    "h125/outcome_success_final_state_mse": 32691495.320261437,
    "h125/outcome_success_state_mse": 1233973.3015424837,
    "h125/state_mse": 1717317.33751634,
    "h20/episode_count": 15,
    "h20/final_state_mse": 0.010434901168922973,
    "h20/outcome_drop_episode_count": 3,
    "h20/outcome_drop_final_state_mse": 0.009516148395787656,
    "h20/outcome_drop_state_mse": 0.003627040962767757,
    "h20/outcome_jam_episode_count": 3,
    "h20/outcome_jam_final_state_mse": 0.01000978198705935,
    "h20/outcome_jam_state_mse": 0.004172400127049365,
    "h20/outcome_miss_episode_count": 3,
    "h20/outcome_miss_final_state_mse": 0.013789248622320836,
    "h20/outcome_miss_state_mse": 0.008784806962106742,
    "h20/outcome_partial_episode_count": 3,
    "h20/outcome_partial_final_state_mse": 0.009452484304608863,
    "h20/outcome_partial_state_mse": 0.0035669851926417133,
    "h20/outcome_success_episode_count": 3,
    "h20/outcome_success_final_state_mse": 0.009406844190522736,
    "h20/outcome_success_state_mse": 0.0035665444299286487,
    "h20/state_mse": 0.004743555605021957,
    "h30/episode_count": 15,
    "h30/final_state_mse": 0.03886260487674888,
    "h30/outcome_drop_episode_count": 3,
    "h30/outcome_drop_final_state_mse": 0.03318367206972409,
    "h30/outcome_drop_state_mse": 0.009313088252913198,
    "h30/outcome_jam_episode_count": 3,
    "h30/outcome_jam_final_state_mse": 0.03461246241151897,
    "h30/outcome_jam_state_mse": 0.009854595541694326,
    "h30/outcome_miss_episode_count": 3,
    "h30/outcome_miss_final_state_mse": 0.05925810414981219,
    "h30/outcome_miss_state_mse": 0.01765051033502051,
    "h30/outcome_partial_episode_count": 3,
    "h30/outcome_partial_final_state_mse": 0.033620257782780265,
    "h30/outcome_partial_state_mse": 0.00926286795040621,
    "h30/outcome_success_episode_count": 3,
    "h30/outcome_success_final_state_mse": 0.033638526411617506,
    "h30/outcome_success_state_mse": 0.009247543609220218,
    "h30/state_mse": 0.011065721033964802,
    "h40/episode_count": 15,
    "h40/final_state_mse": 0.1722659840303309,
    "h40/outcome_drop_episode_count": 3,
    "h40/outcome_drop_final_state_mse": 0.13097364450591842,
    "h40/outcome_drop_state_mse": 0.025563386530657997,
    "h40/outcome_jam_episode_count": 3,
    "h40/outcome_jam_final_state_mse": 0.14027920891256893,
    "h40/outcome_jam_state_mse": 0.026673171099494485,
    "h40/outcome_miss_episode_count": 3,
    "h40/outcome_miss_final_state_mse": 0.2924930410447463,
    "h40/outcome_miss_state_mse": 0.04594778796426611,
    "h40/outcome_partial_episode_count": 3,
    "h40/outcome_partial_final_state_mse": 0.1472094074573392,
    "h40/outcome_partial_state_mse": 0.02681185840781218,
    "h40/outcome_success_episode_count": 3,
    "h40/outcome_success_final_state_mse": 0.1503746556300743,
    "h40/outcome_success_state_mse": 0.026999110801547183,
    "h40/state_mse": 0.030399062212775736,
    "h50/episode_count": 15,
    "h50/final_state_mse": 1.7901957592933007,
    "h50/outcome_drop_episode_count": 3,
    "h50/outcome_drop_final_state_mse": 1.0874393313538795,
    "h50/outcome_drop_state_mse": 0.11822843264910131,
    "h50/outcome_jam_episode_count": 3,
    "h50/outcome_jam_final_state_mse": 1.0964931288575814,
    "h50/outcome_jam_state_mse": 0.12098317663654003,
    "h50/outcome_miss_episode_count": 3,
    "h50/outcome_miss_final_state_mse": 4.396285611819597,
    "h50/outcome_miss_state_mse": 0.39380781186172387,
    "h50/outcome_partial_episode_count": 3,
    "h50/outcome_partial_final_state_mse": 1.1755093842550042,
    "h50/outcome_partial_state_mse": 0.128638207928028,
    "h50/outcome_success_episode_count": 3,
    "h50/outcome_success_final_state_mse": 1.1952520881602966,
    "h50/outcome_success_state_mse": 0.13038875205844055,
    "h50/state_mse": 0.17840927542892157,
    "h75/episode_count": 15,
    "h75/final_state_mse": 297.27040441176473,
    "h75/outcome_drop_episode_count": 3,
    "h75/outcome_drop_final_state_mse": 251.51796109068627,
    "h75/outcome_drop_state_mse": 18.281244553376908,
    "h75/outcome_jam_episode_count": 3,
    "h75/outcome_jam_final_state_mse": 252.49812665951796,
    "h75/outcome_jam_state_mse": 17.964071010348583,
    "h75/outcome_miss_episode_count": 3,
    "h75/outcome_miss_final_state_mse": 475.4420955882353,
    "h75/outcome_miss_state_mse": 36.676178513071896,
    "h75/outcome_partial_episode_count": 3,
    "h75/outcome_partial_final_state_mse": 251.86220894607843,
    "h75/outcome_partial_state_mse": 18.120318457244007,
    "h75/outcome_success_episode_count": 3,
    "h75/outcome_success_final_state_mse": 255.03161381740196,
    "h75/outcome_success_state_mse": 18.374454827069716,
    "h75/state_mse": 21.883254901960786,
    "max_requested_horizon": 125,
    "reencode_period": null,
    "rollout_mode": "no_reencode"
  },
  "rollout_modes": {
    "no_reencode": {
      "episode_count": 15,
      "h10/episode_count": 15,
      "h10/final_state_mse": 0.002998666202320772,
      "h10/outcome_drop_episode_count": 3,
      "h10/outcome_drop_final_state_mse": 0.0024485202396617215,
      "h10/outcome_drop_state_mse": 0.0017569423111435634,
      "h10/outcome_jam_episode_count": 3,
      "h10/outcome_jam_final_state_mse": 0.0038159375681596644,
      "h10/outcome_jam_state_mse": 0.002369060118993123,
      "h10/outcome_miss_episode_count": 3,
      "h10/outcome_miss_final_state_mse": 0.0038769285565887403,
      "h10/outcome_miss_state_mse": 0.009908166430354897,
      "h10/outcome_partial_episode_count": 3,
      "h10/outcome_partial_final_state_mse": 0.002430650752549078,
      "h10/outcome_partial_state_mse": 0.0016889766735189102,
      "h10/outcome_success_episode_count": 3,
      "h10/outcome_success_final_state_mse": 0.0024212944790039186,
      "h10/outcome_success_state_mse": 0.0016985678205303117,
      "h10/state_mse": 0.0034843427371355445,
      "h100/episode_count": 15,
      "h100/final_state_mse": 97834.41568627451,
      "h100/outcome_drop_episode_count": 3,
      "h100/outcome_drop_final_state_mse": 71917.56290849674,
      "h100/outcome_drop_state_mse": 3335.582549019608,
      "h100/outcome_jam_episode_count": 3,
      "h100/outcome_jam_final_state_mse": 73283.77369281046,
      "h100/outcome_jam_state_mse": 3458.847777777778,
      "h100/outcome_miss_episode_count": 3,
      "h100/outcome_miss_final_state_mse": 197530.454248366,
      "h100/outcome_miss_state_mse": 8219.41843137255,
      "h100/outcome_partial_episode_count": 3,
      "h100/outcome_partial_final_state_mse": 73050.24264705883,
      "h100/outcome_partial_state_mse": 3423.1854901960783,
      "h100/outcome_success_episode_count": 3,
      "h100/outcome_success_final_state_mse": 73390.01470588235,
      "h100/outcome_success_state_mse": 3429.0139869281047,
      "h100/state_mse": 4373.209516339869,
      "h125/episode_count": 15,
      "h125/final_state_mse": 45906929.27581699,
      "h125/outcome_drop_episode_count": 3,
      "h125/outcome_drop_final_state_mse": 32720580.60130719,
      "h125/outcome_drop_state_mse": 1234131.0644705882,
      "h125/outcome_jam_episode_count": 3,
      "h125/outcome_jam_final_state_mse": 31150302.535947714,
      "h125/outcome_jam_state_mse": 1170950.2109281046,
      "h125/outcome_miss_episode_count": 3,
      "h125/outcome_miss_final_state_mse": 100929305.09803921,
      "h125/outcome_miss_state_mse": 3737299.8408366013,
      "h125/outcome_partial_episode_count": 3,
      "h125/outcome_partial_final_state_mse": 32042957.80392157,
      "h125/outcome_partial_state_mse": 1210231.8146928104,
      "h125/outcome_success_episode_count": 3,
      "h125/outcome_success_final_state_mse": 32691495.320261437,
      "h125/outcome_success_state_mse": 1233973.3015424837,
      "h125/state_mse": 1717317.33751634,
      "h20/episode_count": 15,
      "h20/final_state_mse": 0.010434901168922973,
      "h20/outcome_drop_episode_count": 3,
      "h20/outcome_drop_final_state_mse": 0.009516148395787656,
      "h20/outcome_drop_state_mse": 0.003627040962767757,
      "h20/outcome_jam_episode_count": 3,
      "h20/outcome_jam_final_state_mse": 0.01000978198705935,
      "h20/outcome_jam_state_mse": 0.004172400127049365,
      "h20/outcome_miss_episode_count": 3,
      "h20/outcome_miss_final_state_mse": 0.013789248622320836,
      "h20/outcome_miss_state_mse": 0.008784806962106742,
      "h20/outcome_partial_episode_count": 3,
      "h20/outcome_partial_final_state_mse": 0.009452484304608863,
      "h20/outcome_partial_state_mse": 0.0035669851926417133,
      "h20/outcome_success_episode_count": 3,
      "h20/outcome_success_final_state_mse": 0.009406844190522736,
      "h20/outcome_success_state_mse": 0.0035665444299286487,
      "h20/state_mse": 0.004743555605021957,
      "h30/episode_count": 15,
      "h30/final_state_mse": 0.03886260487674888,
      "h30/outcome_drop_episode_count": 3,
      "h30/outcome_drop_final_state_mse": 0.03318367206972409,
      "h30/outcome_drop_state_mse": 0.009313088252913198,
      "h30/outcome_jam_episode_count": 3,
      "h30/outcome_jam_final_state_mse": 0.03461246241151897,
      "h30/outcome_jam_state_mse": 0.009854595541694326,
      "h30/outcome_miss_episode_count": 3,
      "h30/outcome_miss_final_state_mse": 0.05925810414981219,
      "h30/outcome_miss_state_mse": 0.01765051033502051,
      "h30/outcome_partial_episode_count": 3,
      "h30/outcome_partial_final_state_mse": 0.033620257782780265,
      "h30/outcome_partial_state_mse": 0.00926286795040621,
      "h30/outcome_success_episode_count": 3,
      "h30/outcome_success_final_state_mse": 0.033638526411617506,
      "h30/outcome_success_state_mse": 0.009247543609220218,
      "h30/state_mse": 0.011065721033964802,
      "h40/episode_count": 15,
      "h40/final_state_mse": 0.1722659840303309,
      "h40/outcome_drop_episode_count": 3,
      "h40/outcome_drop_final_state_mse": 0.13097364450591842,
      "h40/outcome_drop_state_mse": 0.025563386530657997,
      "h40/outcome_jam_episode_count": 3,
      "h40/outcome_jam_final_state_mse": 0.14027920891256893,
      "h40/outcome_jam_state_mse": 0.026673171099494485,
      "h40/outcome_miss_episode_count": 3,
      "h40/outcome_miss_final_state_mse": 0.2924930410447463,
      "h40/outcome_miss_state_mse": 0.04594778796426611,
      "h40/outcome_partial_episode_count": 3,
      "h40/outcome_partial_final_state_mse": 0.1472094074573392,
      "h40/outcome_partial_state_mse": 0.02681185840781218,
      "h40/outcome_success_episode_count": 3,
      "h40/outcome_success_final_state_mse": 0.1503746556300743,
      "h40/outcome_success_state_mse": 0.026999110801547183,
      "h40/state_mse": 0.030399062212775736,
      "h50/episode_count": 15,
      "h50/final_state_mse": 1.7901957592933007,
      "h50/outcome_drop_episode_count": 3,
      "h50/outcome_drop_final_state_mse": 1.0874393313538795,
      "h50/outcome_drop_state_mse": 0.11822843264910131,
      "h50/outcome_jam_episode_count": 3,
      "h50/outcome_jam_final_state_mse": 1.0964931288575814,
      "h50/outcome_jam_state_mse": 0.12098317663654003,
      "h50/outcome_miss_episode_count": 3,
      "h50/outcome_miss_final_state_mse": 4.396285611819597,
      "h50/outcome_miss_state_mse": 0.39380781186172387,
      "h50/outcome_partial_episode_count": 3,
      "h50/outcome_partial_final_state_mse": 1.1755093842550042,
      "h50/outcome_partial_state_mse": 0.128638207928028,
      "h50/outcome_success_episode_count": 3,
      "h50/outcome_success_final_state_mse": 1.1952520881602966,
      "h50/outcome_success_state_mse": 0.13038875205844055,
      "h50/state_mse": 0.17840927542892157,
      "h75/episode_count": 15,
      "h75/final_state_mse": 297.27040441176473,
      "h75/outcome_drop_episode_count": 3,
      "h75/outcome_drop_final_state_mse": 251.51796109068627,
      "h75/outcome_drop_state_mse": 18.281244553376908,
      "h75/outcome_jam_episode_count": 3,
      "h75/outcome_jam_final_state_mse": 252.49812665951796,
      "h75/outcome_jam_state_mse": 17.964071010348583,
      "h75/outcome_miss_episode_count": 3,
      "h75/outcome_miss_final_state_mse": 475.4420955882353,
      "h75/outcome_miss_state_mse": 36.676178513071896,
      "h75/outcome_partial_episode_count": 3,
      "h75/outcome_partial_final_state_mse": 251.86220894607843,
      "h75/outcome_partial_state_mse": 18.120318457244007,
      "h75/outcome_success_episode_count": 3,
      "h75/outcome_success_final_state_mse": 255.03161381740196,
      "h75/outcome_success_state_mse": 18.374454827069716,
      "h75/state_mse": 21.883254901960786,
      "max_requested_horizon": 125,
      "reencode_period": null,
      "rollout_mode": "no_reencode"
    },
    "periodic_1": {
      "episode_count": 15,
      "h10/episode_count": 15,
      "h10/final_state_mse": 0.002221478356255425,
      "h10/outcome_drop_episode_count": 3,
      "h10/outcome_drop_final_state_mse": 0.0015580920758200628,
      "h10/outcome_drop_state_mse": 0.001575960988312765,
      "h10/outcome_jam_episode_count": 3,
      "h10/outcome_jam_final_state_mse": 0.0022688198323343313,
      "h10/outcome_jam_state_mse": 0.0021359174080144345,
      "h10/outcome_miss_episode_count": 3,
      "h10/outcome_miss_final_state_mse": 0.004120050448607775,
      "h10/outcome_miss_state_mse": 0.01099292359320946,
      "h10/outcome_partial_episode_count": 3,
      "h10/outcome_partial_final_state_mse": 0.0015904460516240862,
      "h10/outcome_partial_state_mse": 0.00148516137615528,
      "h10/outcome_success_episode_count": 3,
      "h10/outcome_success_final_state_mse": 0.0015699839085535287,
      "h10/outcome_success_state_mse": 0.001508656631108203,
      "h10/state_mse": 0.0035397239136540034,
      "h100/episode_count": 15,
      "h100/final_state_mse": 0.005902700486525991,
      "h100/outcome_drop_episode_count": 3,
      "h100/outcome_drop_final_state_mse": 0.009243186003242443,
      "h100/outcome_drop_state_mse": 0.004475710875068615,
      "h100/outcome_jam_episode_count": 3,
      "h100/outcome_jam_final_state_mse": 0.004230270296140434,
      "h100/outcome_jam_state_mse": 0.0038571769115971584,
      "h100/outcome_miss_episode_count": 3,
      "h100/outcome_miss_final_state_mse": 0.006315448217921787,
      "h100/outcome_miss_state_mse": 0.004886867548126022,
      "h100/outcome_partial_episode_count": 3,
      "h100/outcome_partial_final_state_mse": 0.0040492188015015295,
      "h100/outcome_partial_state_mse": 0.003091116512522978,
      "h100/outcome_success_episode_count": 3,
      "h100/outcome_success_final_state_mse": 0.0056753804286321,
      "h100/outcome_success_state_mse": 0.0035436837190116932,
      "h100/state_mse": 0.003970911362591912,
      "h125/episode_count": 15,
      "h125/final_state_mse": 0.006374392789952895,
      "h125/outcome_drop_episode_count": 3,
      "h125/outcome_drop_final_state_mse": 0.0042222164133015804,
      "h125/outcome_drop_state_mse": 0.0050063047720715894,
      "h125/outcome_jam_episode_count": 3,
      "h125/outcome_jam_final_state_mse": 0.010969460302708196,
      "h125/outcome_jam_state_mse": 0.004862961014890982,
      "h125/outcome_miss_episode_count": 3,
      "h125/outcome_miss_final_state_mse": 0.007239997386932373,
      "h125/outcome_miss_state_mse": 0.005450749316246681,
      "h125/outcome_partial_episode_count": 3,
      "h125/outcome_partial_final_state_mse": 0.004097003075811598,
      "h125/outcome_partial_state_mse": 0.0032988131155375564,
      "h125/outcome_success_episode_count": 3,
      "h125/outcome_success_final_state_mse": 0.005343288767571543,
      "h125/outcome_success_state_mse": 0.003983599195293352,
      "h125/state_mse": 0.004520485472834968,
      "h20/episode_count": 15,
      "h20/final_state_mse": 0.003393111509435317,
      "h20/outcome_drop_episode_count": 3,
      "h20/outcome_drop_final_state_mse": 0.0031267551133056094,
      "h20/outcome_drop_state_mse": 0.002056019290599948,
      "h20/outcome_jam_episode_count": 3,
      "h20/outcome_jam_final_state_mse": 0.0032309121847931854,
      "h20/outcome_jam_state_mse": 0.0025933356846080105,
      "h20/outcome_miss_episode_count": 3,
      "h20/outcome_miss_final_state_mse": 0.004941151422612807,
      "h20/outcome_miss_state_mse": 0.007702619265886693,
      "h20/outcome_partial_episode_count": 3,
      "h20/outcome_partial_final_state_mse": 0.0028461298229647616,
      "h20/outcome_partial_state_mse": 0.001975060054679322,
      "h20/outcome_success_episode_count": 3,
      "h20/outcome_success_final_state_mse": 0.002820608419140959,
      "h20/outcome_success_state_mse": 0.0019954086908327987,
      "h20/state_mse": 0.003264488768733405,
      "h30/episode_count": 15,
      "h30/final_state_mse": 0.003751181932835797,
      "h30/outcome_drop_episode_count": 3,
      "h30/outcome_drop_final_state_mse": 0.0034321629825760334,
      "h30/outcome_drop_state_mse": 0.0023452672044176424,
      "h30/outcome_jam_episode_count": 3,
      "h30/outcome_jam_final_state_mse": 0.003870719788121242,
      "h30/outcome_jam_state_mse": 0.002860193003236858,
      "h30/outcome_miss_episode_count": 3,
      "h30/outcome_miss_final_state_mse": 0.004750620111141329,
      "h30/outcome_miss_state_mse": 0.006795299546651071,
      "h30/outcome_partial_episode_count": 3,
      "h30/outcome_partial_final_state_mse": 0.003320420343501895,
      "h30/outcome_partial_state_mse": 0.0022752843391401836,
      "h30/outcome_success_episode_count": 3,
      "h30/outcome_success_final_state_mse": 0.003381985757086012,
      "h30/outcome_success_state_mse": 0.002292171854339134,
      "h30/state_mse": 0.0033136431791683687,
      "h40/episode_count": 15,
      "h40/final_state_mse": 0.003908942727481618,
      "h40/outcome_drop_episode_count": 3,
      "h40/outcome_drop_final_state_mse": 0.0038889225791482363,
      "h40/outcome_drop_state_mse": 0.002655688843695946,
      "h40/outcome_jam_episode_count": 3,
      "h40/outcome_jam_final_state_mse": 0.0035895802616293915,
      "h40/outcome_jam_state_mse": 0.0030578066320980295,
      "h40/outcome_miss_episode_count": 3,
      "h40/outcome_miss_final_state_mse": 0.0051795293887456255,
      "h40/outcome_miss_state_mse": 0.006343245194628348,
      "h40/outcome_partial_episode_count": 3,
      "h40/outcome_partial_final_state_mse": 0.003479957531869801,
      "h40/outcome_partial_state_mse": 0.0025151255084019082,
      "h40/outcome_success_episode_count": 3,
      "h40/outcome_success_final_state_mse": 0.003406723535138797,
      "h40/outcome_success_state_mse": 0.0025306443762935066,
      "h40/state_mse": 0.0034205021577722885,
      "h50/episode_count": 15,
      "h50/final_state_mse": 0.003691343544355405,
      "h50/outcome_drop_episode_count": 3,
      "h50/outcome_drop_final_state_mse": 0.003577130682328168,
      "h50/outcome_drop_state_mse": 0.0029673873676973233,
      "h50/outcome_jam_episode_count": 3,
      "h50/outcome_jam_final_state_mse": 0.004115383025088341,
      "h50/outcome_jam_state_mse": 0.00334041576759488,
      "h50/outcome_miss_episode_count": 3,
      "h50/outcome_miss_final_state_mse": 0.003877767160827038,
      "h50/outcome_miss_state_mse": 0.00599415211895712,
      "h50/outcome_partial_episode_count": 3,
      "h50/outcome_partial_final_state_mse": 0.0034019639289457034,
      "h50/outcome_partial_state_mse": 0.0027519603180729485,
      "h50/outcome_success_episode_count": 3,
      "h50/outcome_success_final_state_mse": 0.0034844743854859296,
      "h50/outcome_success_state_mse": 0.002769271096372916,
      "h50/state_mse": 0.0035646374272365194,
      "h75/episode_count": 15,
      "h75/final_state_mse": 0.005189659704569897,
      "h75/outcome_drop_episode_count": 3,
      "h75/outcome_drop_final_state_mse": 0.006680519752253115,
      "h75/outcome_drop_state_mse": 0.0035184583476945467,
      "h75/outcome_jam_episode_count": 3,
      "h75/outcome_jam_final_state_mse": 0.004810876657370649,
      "h75/outcome_jam_state_mse": 0.0038127373921845215,
      "h75/outcome_miss_episode_count": 3,
      "h75/outcome_miss_final_state_mse": 0.005428371184012469,
      "h75/outcome_miss_state_mse": 0.005173941219554228,
      "h75/outcome_partial_episode_count": 3,
      "h75/outcome_partial_final_state_mse": 0.0037528894890367596,
      "h75/outcome_partial_state_mse": 0.0031011370324361296,
      "h75/outcome_success_episode_count": 3,
      "h75/outcome_success_final_state_mse": 0.0052756409532104444,
      "h75/outcome_success_state_mse": 0.0031821600388337846,
      "h75/state_mse": 0.0037576864404616013,
      "max_requested_horizon": 125,
      "reencode_period": 1,
      "rollout_mode": "periodic_1"
    },
    "periodic_10": {
      "episode_count": 15,
      "h10/episode_count": 15,
      "h10/final_state_mse": 0.002998666202320772,
      "h10/outcome_drop_episode_count": 3,
      "h10/outcome_drop_final_state_mse": 0.0024485198744371825,
      "h10/outcome_drop_state_mse": 0.0017569420579212165,
      "h10/outcome_jam_episode_count": 3,
      "h10/outcome_jam_final_state_mse": 0.0038159371785868226,
      "h10/outcome_jam_state_mse": 0.0023690598852494182,
      "h10/outcome_miss_episode_count": 3,
      "h10/outcome_miss_final_state_mse": 0.003876928215712504,
      "h10/outcome_miss_state_mse": 0.009908165962867487,
      "h10/outcome_partial_episode_count": 3,
      "h10/outcome_partial_final_state_mse": 0.002430651190818525,
      "h10/outcome_partial_state_mse": 0.0016889767124761944,
      "h10/outcome_success_episode_count": 3,
      "h10/outcome_success_final_state_mse": 0.002421294357262406,
      "h10/outcome_success_state_mse": 0.001698567878966238,
      "h10/state_mse": 0.0034843424878089257,
      "h100/episode_count": 15,
      "h100/final_state_mse": 0.003016077926735473,
      "h100/outcome_drop_episode_count": 3,
      "h100/outcome_drop_final_state_mse": 0.0031200873793340196,
      "h100/outcome_drop_state_mse": 0.00252481426288879,
      "h100/outcome_jam_episode_count": 3,
      "h100/outcome_jam_final_state_mse": 0.003206452561749352,
      "h100/outcome_jam_state_mse": 0.003049066206988166,
      "h100/outcome_miss_episode_count": 3,
      "h100/outcome_miss_final_state_mse": 0.0028605984609111463,
      "h100/outcome_miss_state_mse": 0.0033231338800168504,
      "h100/outcome_partial_episode_count": 3,
      "h100/outcome_partial_final_state_mse": 0.0021212453059121675,
      "h100/outcome_partial_state_mse": 0.002159957761078878,
      "h100/outcome_success_episode_count": 3,
      "h100/outcome_success_final_state_mse": 0.0037720066075231516,
      "h100/outcome_success_state_mse": 0.002515177415087332,
      "h100/state_mse": 0.0027144296683517155,
      "h125/episode_count": 15,
      "h125/final_state_mse": 0.0036735029781565947,
      "h125/outcome_drop_episode_count": 3,
      "h125/outcome_drop_final_state_mse": 0.004607197116403019,
      "h125/outcome_drop_state_mse": 0.002815151837916156,
      "h125/outcome_jam_episode_count": 3,
      "h125/outcome_jam_final_state_mse": 0.0043051760960248564,
      "h125/outcome_jam_state_mse": 0.0031960331037932752,
      "h125/outcome_miss_episode_count": 3,
      "h125/outcome_miss_final_state_mse": 0.004295492045630038,
      "h125/outcome_miss_state_mse": 0.0033803910398794933,
      "h125/outcome_partial_episode_count": 3,
      "h125/outcome_partial_final_state_mse": 0.002042442974117067,
      "h125/outcome_partial_state_mse": 0.002150777430316202,
      "h125/outcome_success_episode_count": 3,
      "h125/outcome_success_final_state_mse": 0.0031172057577207976,
      "h125/outcome_success_state_mse": 0.002657329733854805,
      "h125/state_mse": 0.0028399366191789216,
      "h20/episode_count": 15,
      "h20/final_state_mse": 0.0026217734891604756,
      "h20/outcome_drop_episode_count": 3,
      "h20/outcome_drop_final_state_mse": 0.002491706337024963,
      "h20/outcome_drop_state_mse": 0.0019062173522375768,
      "h20/outcome_jam_episode_count": 3,
      "h20/outcome_jam_final_state_mse": 0.0029009223666066437,
      "h20/outcome_jam_state_mse": 0.0025163366124520896,
      "h20/outcome_miss_episode_count": 3,
      "h20/outcome_miss_final_state_mse": 0.0029111056059014564,
      "h20/outcome_miss_state_mse": 0.0064216384700700345,
      "h20/outcome_partial_episode_count": 3,
      "h20/outcome_partial_final_state_mse": 0.002398092835362441,
      "h20/outcome_partial_state_mse": 0.0018496991177789526,
      "h20/outcome_success_episode_count": 3,
      "h20/outcome_success_final_state_mse": 0.002407039716547611,
      "h20/outcome_success_state_mse": 0.001853010954420551,
      "h20/state_mse": 0.0029093803455627044,
      "h30/episode_count": 15,
      "h30/final_state_mse": 0.00232185507132337,
      "h30/outcome_drop_episode_count": 3,
      "h30/outcome_drop_final_state_mse": 0.0022535183120007607,
      "h30/outcome_drop_state_mse": 0.002013179679322087,
      "h30/outcome_jam_episode_count": 3,
      "h30/outcome_jam_final_state_mse": 0.0026371028103859594,
      "h30/outcome_jam_state_mse": 0.002621350984427924,
      "h30/outcome_miss_episode_count": 3,
      "h30/outcome_miss_final_state_mse": 0.00224245972687902,
      "h30/outcome_miss_state_mse": 0.005098977016207959,
      "h30/outcome_partial_episode_count": 3,
      "h30/outcome_partial_final_state_mse": 0.0022070243272906036,
      "h30/outcome_partial_state_mse": 0.0019502653275699658,
      "h30/outcome_success_episode_count": 3,
      "h30/outcome_success_final_state_mse": 0.002269170423543531,
      "h30/outcome_success_state_mse": 0.0019504661653556076,
      "h30/state_mse": 0.002726847829382404,
      "h40/episode_count": 15,
      "h40/final_state_mse": 0.0019978021484574463,
      "h40/outcome_drop_episode_count": 3,
      "h40/outcome_drop_final_state_mse": 0.001939612179020651,
      "h40/outcome_drop_state_mse": 0.002064479838788899,
      "h40/outcome_jam_episode_count": 3,
      "h40/outcome_jam_final_state_mse": 0.002153051298817778,
      "h40/outcome_jam_state_mse": 0.0026030956530103495,
      "h40/outcome_miss_episode_count": 3,
      "h40/outcome_miss_final_state_mse": 0.0018610930423331416,
      "h40/outcome_miss_state_mse": 0.00434487637351541,
      "h40/outcome_partial_episode_count": 3,
      "h40/outcome_partial_final_state_mse": 0.002022881012142094,
      "h40/outcome_partial_state_mse": 0.0019657659569596933,
      "h40/outcome_success_episode_count": 3,
      "h40/outcome_success_final_state_mse": 0.002012372649962606,
      "h40/outcome_success_state_mse": 0.001969786212335225,
      "h40/state_mse": 0.0025896007562774457,
      "h50/episode_count": 15,
      "h50/final_state_mse": 0.002279822654973448,
      "h50/outcome_drop_episode_count": 3,
      "h50/outcome_drop_final_state_mse": 0.002537028072706235,
      "h50/outcome_drop_state_mse": 0.002185828358519311,
      "h50/outcome_jam_episode_count": 3,
      "h50/outcome_jam_final_state_mse": 0.002967193820118125,
      "h50/outcome_jam_state_mse": 0.00264287615134046,
      "h50/outcome_miss_episode_count": 3,
      "h50/outcome_miss_final_state_mse": 0.0020143938999550013,
      "h50/outcome_miss_state_mse": 0.0038925614076502184,
      "h50/outcome_partial_episode_count": 3,
      "h50/outcome_partial_final_state_mse": 0.0019066255369217567,
      "h50/outcome_partial_state_mse": 0.0019856663622887308,
      "h50/outcome_success_episode_count": 3,
      "h50/outcome_success_final_state_mse": 0.0019738706790543847,
      "h50/outcome_success_state_mse": 0.0019954874001297295,
      "h50/state_mse": 0.002540483861187704,
      "h75/episode_count": 15,
      "h75/final_state_mse": 0.00392865324332044,
      "h75/outcome_drop_episode_count": 3,
      "h75/outcome_drop_final_state_mse": 0.003132662425438563,
      "h75/outcome_drop_state_mse": 0.0023660272918235763,
      "h75/outcome_jam_episode_count": 3,
      "h75/outcome_jam_final_state_mse": 0.0043931258659736785,
      "h75/outcome_jam_state_mse": 0.002935787649715648,
      "h75/outcome_miss_episode_count": 3,
      "h75/outcome_miss_final_state_mse": 0.005157584555787978,
      "h75/outcome_miss_state_mse": 0.0034404299202048442,
      "h75/outcome_partial_episode_count": 3,
      "h75/outcome_partial_final_state_mse": 0.0030195101900817524,
      "h75/outcome_partial_state_mse": 0.0021782474060723467,
      "h75/outcome_success_episode_count": 3,
      "h75/outcome_success_final_state_mse": 0.003940381158411113,
      "h75/outcome_success_state_mse": 0.0022364939272014146,
      "h75/state_mse": 0.002631397388599537,
      "max_requested_horizon": 125,
      "reencode_period": 10,
      "rollout_mode": "periodic_10"
    },
    "periodic_100": {
      "episode_count": 15,
      "h10/episode_count": 15,
      "h10/final_state_mse": 0.002998666202320772,
      "h10/outcome_drop_episode_count": 3,
      "h10/outcome_drop_final_state_mse": 0.0024485198744371825,
      "h10/outcome_drop_state_mse": 0.0017569420579212165,
      "h10/outcome_jam_episode_count": 3,
      "h10/outcome_jam_final_state_mse": 0.0038159371785868226,
      "h10/outcome_jam_state_mse": 0.0023690598852494182,
      "h10/outcome_miss_episode_count": 3,
      "h10/outcome_miss_final_state_mse": 0.003876928215712504,
      "h10/outcome_miss_state_mse": 0.009908165962867487,
      "h10/outcome_partial_episode_count": 3,
      "h10/outcome_partial_final_state_mse": 0.002430651190818525,
      "h10/outcome_partial_state_mse": 0.0016889767124761944,
      "h10/outcome_success_episode_count": 3,
      "h10/outcome_success_final_state_mse": 0.002421294357262406,
      "h10/outcome_success_state_mse": 0.001698567878966238,
      "h10/state_mse": 0.0034843424878089257,
      "h100/episode_count": 15,
      "h100/final_state_mse": 97834.39477124183,
      "h100/outcome_drop_episode_count": 3,
      "h100/outcome_drop_final_state_mse": 71917.55882352941,
      "h100/outcome_drop_state_mse": 3335.5822875816993,
      "h100/outcome_jam_episode_count": 3,
      "h100/outcome_jam_final_state_mse": 73283.77532679739,
      "h100/outcome_jam_state_mse": 3458.848431372549,
      "h100/outcome_miss_episode_count": 3,
      "h100/outcome_miss_final_state_mse": 197530.39869281047,
      "h100/outcome_miss_state_mse": 8219.417516339869,
      "h100/outcome_partial_episode_count": 3,
      "h100/outcome_partial_final_state_mse": 73050.23774509804,
      "h100/outcome_partial_state_mse": 3423.1854901960783,
      "h100/outcome_success_episode_count": 3,
      "h100/outcome_success_final_state_mse": 73390.02696078431,
      "h100/outcome_success_state_mse": 3429.0143790849675,
      "h100/state_mse": 4373.209098039216,
      "h125/episode_count": 15,
      "h125/final_state_mse": 40881.13986928105,
      "h125/outcome_drop_episode_count": 3,
      "h125/outcome_drop_final_state_mse": 19200.976715686276,
      "h125/outcome_drop_state_mse": 4536.552575163399,
      "h125/outcome_jam_episode_count": 3,
      "h125/outcome_jam_final_state_mse": 22860.58864379085,
      "h125/outcome_jam_state_mse": 4712.1200522875815,
      "h125/outcome_miss_episode_count": 3,
      "h125/outcome_miss_final_state_mse": 121232.20833333333,
      "h125/outcome_miss_state_mse": 13426.247947712418,
      "h125/outcome_partial_episode_count": 3,
      "h125/outcome_partial_final_state_mse": 20853.27655228758,
      "h125/outcome_partial_state_mse": 4682.309960784314,
      "h125/outcome_success_episode_count": 3,
      "h125/outcome_success_final_state_mse": 20258.64031862745,
      "h125/outcome_success_state_mse": 4673.227241830065,
      "h125/state_mse": 6406.091126797385,
      "h20/episode_count": 15,
      "h20/final_state_mse": 0.010434901168922973,
      "h20/outcome_drop_episode_count": 3,
      "h20/outcome_drop_final_state_mse": 0.00951614674010308,
      "h20/outcome_drop_state_mse": 0.003627040690066768,
      "h20/outcome_jam_episode_count": 3,
      "h20/outcome_jam_final_state_mse": 0.010009780428767984,
      "h20/outcome_jam_state_mse": 0.004172400010177512,
      "h20/outcome_miss_episode_count": 3,
      "h20/outcome_miss_final_state_mse": 0.013789248427534415,
      "h20/outcome_miss_state_mse": 0.008784806806277605,
      "h20/outcome_partial_episode_count": 3,
      "h20/outcome_partial_final_state_mse": 0.009452484402002073,
      "h20/outcome_partial_state_mse": 0.0035669854653427023,
      "h20/outcome_success_episode_count": 3,
      "h20/outcome_success_final_state_mse": 0.009406845554027682,
      "h20/outcome_success_state_mse": 0.0035665444299286487,
      "h20/state_mse": 0.004743555605021957,
      "h30/episode_count": 15,
      "h30/final_state_mse": 0.03886260238348269,
      "h30/outcome_drop_episode_count": 3,
      "h30/outcome_drop_final_state_mse": 0.03318367440716114,
      "h30/outcome_drop_state_mse": 0.009313087525710561,
      "h30/outcome_jam_episode_count": 3,
      "h30/outcome_jam_final_state_mse": 0.03461246474895602,
      "h30/outcome_jam_state_mse": 0.00985459502226387,
      "h30/outcome_miss_episode_count": 3,
      "h30/outcome_miss_final_state_mse": 0.059258097137501034,
      "h30/outcome_miss_state_mse": 0.017650511166109238,
      "h30/outcome_partial_episode_count": 3,
      "h30/outcome_partial_final_state_mse": 0.033620257003634586,
      "h30/outcome_partial_state_mse": 0.009262868262064483,
      "h30/outcome_success_episode_count": 3,
      "h30/outcome_success_final_state_mse": 0.033638531086491605,
      "h30/outcome_success_state_mse": 0.009247543609220218,
      "h30/state_mse": 0.011065721033964802,
      "h40/episode_count": 15,
      "h40/final_state_mse": 0.1722659840303309,
      "h40/outcome_drop_episode_count": 3,
      "h40/outcome_drop_final_state_mse": 0.13097363203958748,
      "h40/outcome_drop_state_mse": 0.025563384660708358,
      "h40/outcome_jam_episode_count": 3,
      "h40/outcome_jam_final_state_mse": 0.1402792244954826,
      "h40/outcome_jam_state_mse": 0.02667317047617794,
      "h40/outcome_miss_episode_count": 3,
      "h40/outcome_miss_final_state_mse": 0.2924930410447463,
      "h40/outcome_miss_state_mse": 0.04594778422436683,
      "h40/outcome_partial_episode_count": 3,
      "h40/outcome_partial_final_state_mse": 0.14720944485633203,
      "h40/outcome_partial_state_mse": 0.026811859654445273,
      "h40/outcome_success_episode_count": 3,
      "h40/outcome_success_final_state_mse": 0.15037465251349155,
      "h40/outcome_success_state_mse": 0.026999112671496822,
      "h40/state_mse": 0.030399062212775736,
      "h50/episode_count": 15,
      "h50/final_state_mse": 1.7901957592933007,
      "h50/outcome_drop_episode_count": 3,
      "h50/outcome_drop_final_state_mse": 1.0874391194262536,
      "h50/outcome_drop_state_mse": 0.11822842865987541,
      "h50/outcome_jam_episode_count": 3,
      "h50/outcome_jam_final_state_mse": 1.0964930914585886,
      "h50/outcome_jam_state_mse": 0.12098317663654003,
      "h50/outcome_miss_episode_count": 3,
      "h50/outcome_miss_final_state_mse": 4.396285312627655,
      "h50/outcome_miss_state_mse": 0.39380781984017565,
      "h50/outcome_partial_episode_count": 3,
      "h50/outcome_partial_final_state_mse": 1.1755093343896803,
      "h50/outcome_partial_state_mse": 0.12863819994957618,
      "h50/outcome_success_episode_count": 3,
      "h50/outcome_success_final_state_mse": 1.1952519884296493,
      "h50/outcome_success_state_mse": 0.13038876203150532,
      "h50/state_mse": 0.17840928819444443,
      "h75/episode_count": 15,
      "h75/final_state_mse": 297.2703839869281,
      "h75/outcome_drop_episode_count": 3,
      "h75/outcome_drop_final_state_mse": 251.51797704758988,
      "h75/outcome_drop_state_mse": 18.281245063997822,
      "h75/outcome_jam_episode_count": 3,
      "h75/outcome_jam_final_state_mse": 252.49810751123366,
      "h75/outcome_jam_state_mse": 17.96407066993464,
      "h75/outcome_miss_episode_count": 3,
      "h75/outcome_miss_final_state_mse": 475.4421594158497,
      "h75/outcome_miss_state_mse": 36.676179874727666,
      "h75/outcome_partial_episode_count": 3,
      "h75/outcome_partial_final_state_mse": 251.8621546926062,
      "h75/outcome_partial_state_mse": 18.12031743600218,
      "h75/outcome_success_episode_count": 3,
      "h75/outcome_success_final_state_mse": 255.03159466911765,
      "h75/outcome_success_state_mse": 18.374453465413943,
      "h75/state_mse": 21.883254901960786,
      "max_requested_horizon": 125,
      "reencode_period": 100,
      "rollout_mode": "periodic_100"
    },
    "periodic_2": {
      "episode_count": 15,
      "h10/episode_count": 15,
      "h10/final_state_mse": 0.0020865646063112746,
      "h10/outcome_drop_episode_count": 3,
      "h10/outcome_drop_final_state_mse": 0.0014532626016077652,
      "h10/outcome_drop_state_mse": 0.0014768708959903593,
      "h10/outcome_jam_episode_count": 3,
      "h10/outcome_jam_final_state_mse": 0.002184653204250959,
      "h10/outcome_jam_state_mse": 0.0019692928962458194,
      "h10/outcome_miss_episode_count": 3,
      "h10/outcome_miss_final_state_mse": 0.004149226581349093,
      "h10/outcome_miss_state_mse": 0.010352227111267888,
      "h10/outcome_partial_episode_count": 3,
      "h10/outcome_partial_final_state_mse": 0.001310154698253457,
      "h10/outcome_partial_state_mse": 0.0013690878947575887,
      "h10/outcome_success_episode_count": 3,
      "h10/outcome_success_final_state_mse": 0.0013355253373875337,
      "h10/outcome_success_state_mse": 0.0013873806965896507,
      "h10/state_mse": 0.003310971727558211,
      "h100/episode_count": 15,
      "h100/final_state_mse": 0.004060970879847707,
      "h100/outcome_drop_episode_count": 3,
      "h100/outcome_drop_final_state_mse": 0.0059291342017697354,
      "h100/outcome_drop_state_mse": 0.003705224554523144,
      "h100/outcome_jam_episode_count": 3,
      "h100/outcome_jam_final_state_mse": 0.0027875171280374715,
      "h100/outcome_jam_state_mse": 0.003135472777622198,
      "h100/outcome_miss_episode_count": 3,
      "h100/outcome_miss_final_state_mse": 0.004861528942592783,
      "h100/outcome_miss_state_mse": 0.003941335304110658,
      "h100/outcome_partial_episode_count": 3,
      "h100/outcome_partial_final_state_mse": 0.0032380282684089314,
      "h100/outcome_partial_state_mse": 0.002598518608442319,
      "h100/outcome_success_episode_count": 3,
      "h100/outcome_success_final_state_mse": 0.0034886477819455215,
      "h100/outcome_success_state_mse": 0.002839964511347752,
      "h100/state_mse": 0.0032441035251991423,
      "h125/episode_count": 15,
      "h125/final_state_mse": 0.004290112638785169,
      "h125/outcome_drop_episode_count": 3,
      "h125/outcome_drop_final_state_mse": 0.004524135657774857,
      "h125/outcome_drop_state_mse": 0.004038885976753983,
      "h125/outcome_jam_episode_count": 3,
      "h125/outcome_jam_final_state_mse": 0.0036815893318918017,
      "h125/outcome_jam_state_mse": 0.0032388195960350286,
      "h125/outcome_miss_episode_count": 3,
      "h125/outcome_miss_final_state_mse": 0.00649440361588609,
      "h125/outcome_miss_state_mse": 0.004343147626889298,
      "h125/outcome_partial_episode_count": 3,
      "h125/outcome_partial_final_state_mse": 0.0034179971401208367,
      "h125/outcome_partial_state_mse": 0.0027545760410283907,
      "h125/outcome_success_episode_count": 3,
      "h125/outcome_success_final_state_mse": 0.0033324373021624445,
      "h125/outcome_success_state_mse": 0.0029461732752182903,
      "h125/state_mse": 0.0034643206827001632,
      "h20/episode_count": 15,
      "h20/final_state_mse": 0.002356677273519678,
      "h20/outcome_drop_episode_count": 3,
      "h20/outcome_drop_final_state_mse": 0.0025996220803338717,
      "h20/outcome_drop_state_mse": 0.001669435914045845,
      "h20/outcome_jam_episode_count": 3,
      "h20/outcome_jam_final_state_mse": 0.002520345346210829,
      "h20/outcome_jam_state_mse": 0.002157068797965455,
      "h20/outcome_miss_episode_count": 3,
      "h20/outcome_miss_final_state_mse": 0.0021397533272606096,
      "h20/outcome_miss_state_mse": 0.006546420053718916,
      "h20/outcome_partial_episode_count": 3,
      "h20/outcome_partial_final_state_mse": 0.002275960897308549,
      "h20/outcome_partial_state_mse": 0.0015716904129078185,
      "h20/outcome_success_episode_count": 3,
      "h20/outcome_success_final_state_mse": 0.0022477050330124647,
      "h20/outcome_success_state_mse": 0.0015886999812780643,
      "h20/state_mse": 0.0027066630943148743,
      "h30/episode_count": 15,
      "h30/final_state_mse": 0.002670246323728873,
      "h30/outcome_drop_episode_count": 3,
      "h30/outcome_drop_final_state_mse": 0.0025836521990938123,
      "h30/outcome_drop_state_mse": 0.001971307948783592,
      "h30/outcome_jam_episode_count": 3,
      "h30/outcome_jam_final_state_mse": 0.0030176025979659136,
      "h30/outcome_jam_state_mse": 0.002462756971388341,
      "h30/outcome_miss_episode_count": 3,
      "h30/outcome_miss_final_state_mse": 0.0026755524811401866,
      "h30/outcome_miss_state_mse": 0.005280042993217252,
      "h30/outcome_partial_episode_count": 3,
      "h30/outcome_partial_final_state_mse": 0.0024947492661429385,
      "h30/outcome_partial_state_mse": 0.0018821534507934305,
      "h30/outcome_success_episode_count": 3,
      "h30/outcome_success_final_state_mse": 0.0025796758290988946,
      "h30/outcome_success_state_mse": 0.0019007258685326005,
      "h30/state_mse": 0.0026993974673202616,
      "h40/episode_count": 15,
      "h40/final_state_mse": 0.0026529461729760265,
      "h40/outcome_drop_episode_count": 3,
      "h40/outcome_drop_final_state_mse": 0.0028548953579921347,
      "h40/outcome_drop_state_mse": 0.002167649557387907,
      "h40/outcome_jam_episode_count": 3,
      "h40/outcome_jam_final_state_mse": 0.002512474465214349,
      "h40/outcome_jam_state_mse": 0.0025385276944029566,
      "h40/outcome_miss_episode_count": 3,
      "h40/outcome_miss_final_state_mse": 0.0031800217001266727,
      "h40/outcome_miss_state_mse": 0.004760315916896646,
      "h40/outcome_partial_episode_count": 3,
      "h40/outcome_partial_final_state_mse": 0.002354067086783889,
      "h40/outcome_partial_state_mse": 0.0019867339165382135,
      "h40/outcome_success_episode_count": 3,
      "h40/outcome_success_final_state_mse": 0.0023632728391223485,
      "h40/outcome_success_state_mse": 0.0020093741759755254,
      "h40/state_mse": 0.002692520291197534,
      "h50/episode_count": 15,
      "h50/final_state_mse": 0.0029937404433107062,
      "h50/outcome_drop_episode_count": 3,
      "h50/outcome_drop_final_state_mse": 0.0037166077424498167,
      "h50/outcome_drop_state_mse": 0.0025304204654070287,
      "h50/outcome_jam_episode_count": 3,
      "h50/outcome_jam_final_state_mse": 0.003350977073697483,
      "h50/outcome_jam_state_mse": 0.0026839180865318945,
      "h50/outcome_miss_episode_count": 3,
      "h50/outcome_miss_final_state_mse": 0.002653452549494949,
      "h50/outcome_miss_state_mse": 0.004403422735874949,
      "h50/outcome_partial_episode_count": 3,
      "h50/outcome_partial_final_state_mse": 0.002582303546612559,
      "h50/outcome_partial_state_mse": 0.0021024781270743975,
      "h50/outcome_success_episode_count": 3,
      "h50/outcome_success_final_state_mse": 0.0026653618399613823,
      "h50/outcome_success_state_mse": 0.002128532010745379,
      "h50/state_mse": 0.002769754247727737,
      "h75/episode_count": 15,
      "h75/final_state_mse": 0.00518438426497715,
      "h75/outcome_drop_episode_count": 3,
      "h75/outcome_drop_final_state_mse": 0.006481969327318902,
      "h75/outcome_drop_state_mse": 0.00330919818421075,
      "h75/outcome_jam_episode_count": 3,
      "h75/outcome_jam_final_state_mse": 0.004819658700547187,
      "h75/outcome_jam_state_mse": 0.0031529583234932426,
      "h75/outcome_miss_episode_count": 3,
      "h75/outcome_miss_final_state_mse": 0.005397026640137816,
      "h75/outcome_miss_state_mse": 0.003978420249257472,
      "h75/outcome_partial_episode_count": 3,
      "h75/outcome_partial_final_state_mse": 0.0038113502018591937,
      "h75/outcome_partial_state_mse": 0.0025096528047050524,
      "h75/outcome_success_episode_count": 3,
      "h75/outcome_success_final_state_mse": 0.005411917039381912,
      "h75/outcome_success_state_mse": 0.0025973962854456017,
      "h75/state_mse": 0.0031095255267905774,
      "max_requested_horizon": 125,
      "reencode_period": 2,
      "rollout_mode": "periodic_2"
    },
    "periodic_20": {
      "episode_count": 15,
      "h10/episode_count": 15,
      "h10/final_state_mse": 0.002998666202320772,
      "h10/outcome_drop_episode_count": 3,
      "h10/outcome_drop_final_state_mse": 0.0024485198744371825,
      "h10/outcome_drop_state_mse": 0.0017569420579212165,
      "h10/outcome_jam_episode_count": 3,
      "h10/outcome_jam_final_state_mse": 0.0038159371785868226,
      "h10/outcome_jam_state_mse": 0.0023690598852494182,
      "h10/outcome_miss_episode_count": 3,
      "h10/outcome_miss_final_state_mse": 0.003876928215712504,
      "h10/outcome_miss_state_mse": 0.009908165962867487,
      "h10/outcome_partial_episode_count": 3,
      "h10/outcome_partial_final_state_mse": 0.002430651190818525,
      "h10/outcome_partial_state_mse": 0.0016889767124761944,
      "h10/outcome_success_episode_count": 3,
      "h10/outcome_success_final_state_mse": 0.002421294357262406,
      "h10/outcome_success_state_mse": 0.001698567878966238,
      "h10/state_mse": 0.0034843424878089257,
      "h100/episode_count": 15,
      "h100/final_state_mse": 0.013051572812148948,
      "h100/outcome_drop_episode_count": 3,
      "h100/outcome_drop_final_state_mse": 0.010544519798428404,
      "h100/outcome_drop_state_mse": 0.00432855986302195,
      "h100/outcome_jam_episode_count": 3,
      "h100/outcome_jam_final_state_mse": 0.01541336299547183,
      "h100/outcome_jam_state_mse": 0.006079037610222312,
      "h100/outcome_miss_episode_count": 3,
      "h100/outcome_miss_final_state_mse": 0.011183167399923786,
      "h100/outcome_miss_state_mse": 0.006441691280190461,
      "h100/outcome_partial_episode_count": 3,
      "h100/outcome_partial_final_state_mse": 0.011363998152851279,
      "h100/outcome_partial_state_mse": 0.005171293246200661,
      "h100/outcome_success_episode_count": 3,
      "h100/outcome_success_final_state_mse": 0.016752812207913866,
      "h100/outcome_success_state_mse": 0.005721168642729715,
      "h100/state_mse": 0.0055483502157373365,
      "h125/episode_count": 15,
      "h125/final_state_mse": 0.007604840845843546,
      "h125/outcome_drop_episode_count": 3,
      "h125/outcome_drop_final_state_mse": 0.007153011128014209,
      "h125/outcome_drop_state_mse": 0.0050794701669730396,
      "h125/outcome_jam_episode_count": 3,
      "h125/outcome_jam_final_state_mse": 0.00807336498709286,
      "h125/outcome_jam_state_mse": 0.0069171198427287585,
      "h125/outcome_miss_episode_count": 3,
      "h125/outcome_miss_final_state_mse": 0.010506721103892606,
      "h125/outcome_miss_state_mse": 0.00707783717735141,
      "h125/outcome_partial_episode_count": 3,
      "h125/outcome_partial_final_state_mse": 0.004908759219973695,
      "h125/outcome_partial_state_mse": 0.00542861719069138,
      "h125/outcome_success_episode_count": 3,
      "h125/outcome_success_final_state_mse": 0.007382349153749304,
      "h125/outcome_success_state_mse": 0.006871112100439134,
      "h125/state_mse": 0.00627483149509804,
      "h20/episode_count": 15,
      "h20/final_state_mse": 0.010434901168922973,
      "h20/outcome_drop_episode_count": 3,
      "h20/outcome_drop_final_state_mse": 0.00951614674010308,
      "h20/outcome_drop_state_mse": 0.003627040690066768,
      "h20/outcome_jam_episode_count": 3,
      "h20/outcome_jam_final_state_mse": 0.010009780428767984,
      "h20/outcome_jam_state_mse": 0.004172400010177512,
      "h20/outcome_miss_episode_count": 3,
      "h20/outcome_miss_final_state_mse": 0.013789248427534415,
      "h20/outcome_miss_state_mse": 0.008784806806277605,
      "h20/outcome_partial_episode_count": 3,
      "h20/outcome_partial_final_state_mse": 0.009452484402002073,
      "h20/outcome_partial_state_mse": 0.0035669854653427023,
      "h20/outcome_success_episode_count": 3,
      "h20/outcome_success_final_state_mse": 0.009406845554027682,
      "h20/outcome_success_state_mse": 0.0035665444299286487,
      "h20/state_mse": 0.004743555605021957,
      "h30/episode_count": 15,
      "h30/final_state_mse": 0.003553048925462112,
      "h30/outcome_drop_episode_count": 3,
      "h30/outcome_drop_final_state_mse": 0.0033683374134543674,
      "h30/outcome_drop_state_mse": 0.003655577744793528,
      "h30/outcome_jam_episode_count": 3,
      "h30/outcome_jam_final_state_mse": 0.0036536530634157017,
      "h30/outcome_jam_state_mse": 0.004184202067472836,
      "h30/outcome_miss_episode_count": 3,
      "h30/outcome_miss_final_state_mse": 0.004181152757476358,
      "h30/outcome_miss_state_mse": 0.007501069237204159,
      "h30/outcome_partial_episode_count": 3,
      "h30/outcome_partial_final_state_mse": 0.003250710982707591,
      "h30/outcome_partial_state_mse": 0.0035788029107652716,
      "h30/outcome_success_episode_count": 3,
      "h30/outcome_success_final_state_mse": 0.003311389655459161,
      "h30/outcome_success_state_mse": 0.0035802351363603845,
      "h30/state_mse": 0.004499977793309164,
      "h40/episode_count": 15,
      "h40/final_state_mse": 0.006795965456495098,
      "h40/outcome_drop_episode_count": 3,
      "h40/outcome_drop_final_state_mse": 0.0037289592954847547,
      "h40/outcome_drop_state_mse": 0.003638588797812368,
      "h40/outcome_jam_episode_count": 3,
      "h40/outcome_jam_final_state_mse": 0.007415543097296571,
      "h40/outcome_jam_state_mse": 0.004466815166224062,
      "h40/outcome_miss_episode_count": 3,
      "h40/outcome_miss_final_state_mse": 0.008727229498570261,
      "h40/outcome_miss_state_mse": 0.007024957151973949,
      "h40/outcome_partial_episode_count": 3,
      "h40/outcome_partial_final_state_mse": 0.007009051204506868,
      "h40/outcome_partial_state_mse": 0.0038841166137869843,
      "h40/outcome_success_episode_count": 3,
      "h40/outcome_success_final_state_mse": 0.0070990471084133476,
      "h40/outcome_success_state_mse": 0.0038998303849712697,
      "h40/state_mse": 0.004582861607370813,
      "h50/episode_count": 15,
      "h50/final_state_mse": 0.0030675912994185305,
      "h50/outcome_drop_episode_count": 3,
      "h50/outcome_drop_final_state_mse": 0.0032449498090868683,
      "h50/outcome_drop_state_mse": 0.0036175371307173585,
      "h50/outcome_jam_episode_count": 3,
      "h50/outcome_jam_final_state_mse": 0.003668740586517683,
      "h50/outcome_jam_state_mse": 0.004239961836073134,
      "h50/outcome_miss_episode_count": 3,
      "h50/outcome_miss_final_state_mse": 0.002678913569528293,
      "h50/outcome_miss_state_mse": 0.006110775018829146,
      "h50/outcome_partial_episode_count": 3,
      "h50/outcome_partial_final_state_mse": 0.002843070677877252,
      "h50/outcome_partial_state_mse": 0.003651810315699359,
      "h50/outcome_success_episode_count": 3,
      "h50/outcome_success_final_state_mse": 0.0029022814645097146,
      "h50/outcome_success_state_mse": 0.003671749339384191,
      "h50/state_mse": 0.004258367002399919,
      "h75/episode_count": 15,
      "h75/final_state_mse": 0.008519559748032514,
      "h75/outcome_drop_episode_count": 3,
      "h75/outcome_drop_final_state_mse": 0.004957043559722651,
      "h75/outcome_drop_state_mse": 0.003939334478773063,
      "h75/outcome_jam_episode_count": 3,
      "h75/outcome_jam_final_state_mse": 0.010316707924300549,
      "h75/outcome_jam_state_mse": 0.00484498508096001,
      "h75/outcome_miss_episode_count": 3,
      "h75/outcome_miss_final_state_mse": 0.007919821474287245,
      "h75/outcome_miss_state_mse": 0.0062045648778445844,
      "h75/outcome_partial_episode_count": 3,
      "h75/outcome_partial_final_state_mse": 0.009299918230062995,
      "h75/outcome_partial_state_mse": 0.004181500520062083,
      "h75/outcome_success_episode_count": 3,
      "h75/outcome_success_final_state_mse": 0.010104306383070603,
      "h75/outcome_success_state_mse": 0.004254205408698853,
      "h75/state_mse": 0.004684918172998366,
      "max_requested_horizon": 125,
      "reencode_period": 20,
      "rollout_mode": "periodic_20"
    },
    "periodic_5": {
      "episode_count": 15,
      "h10/episode_count": 15,
      "h10/final_state_mse": 0.001955112288979923,
      "h10/outcome_drop_episode_count": 3,
      "h10/outcome_drop_final_state_mse": 0.0014696601851313723,
      "h10/outcome_drop_state_mse": 0.001457778456943487,
      "h10/outcome_jam_episode_count": 3,
      "h10/outcome_jam_final_state_mse": 0.002378045782154682,
      "h10/outcome_jam_state_mse": 0.0019960673416362087,
      "h10/outcome_miss_episode_count": 3,
      "h10/outcome_miss_final_state_mse": 0.003174935339712629,
      "h10/outcome_miss_state_mse": 0.009903847002515606,
      "h10/outcome_partial_episode_count": 3,
      "h10/outcome_partial_final_state_mse": 0.0013605603595185124,
      "h10/outcome_partial_state_mse": 0.001366891327247121,
      "h10/outcome_success_episode_count": 3,
      "h10/outcome_success_final_state_mse": 0.0013923594131578807,
      "h10/outcome_success_state_mse": 0.0013888659820057987,
      "h10/state_mse": 0.003222690158420139,
      "h100/episode_count": 15,
      "h100/final_state_mse": 0.0027915300107469745,
      "h100/outcome_drop_episode_count": 3,
      "h100/outcome_drop_final_state_mse": 0.003321108523926704,
      "h100/outcome_drop_state_mse": 0.002576365813710331,
      "h100/outcome_jam_episode_count": 3,
      "h100/outcome_jam_final_state_mse": 0.0025596833160889693,
      "h100/outcome_jam_state_mse": 0.002854832231608871,
      "h100/outcome_miss_episode_count": 3,
      "h100/outcome_miss_final_state_mse": 0.002934888857447244,
      "h100/outcome_miss_state_mse": 0.003430081286461525,
      "h100/outcome_partial_episode_count": 3,
      "h100/outcome_partial_final_state_mse": 0.0020143340031305947,
      "h100/outcome_partial_state_mse": 0.002058551794563244,
      "h100/outcome_success_episode_count": 3,
      "h100/outcome_success_final_state_mse": 0.0031276348174787034,
      "h100/outcome_success_state_mse": 0.002322318444844165,
      "h100/state_mse": 0.0026484297210094977,
      "h125/episode_count": 15,
      "h125/final_state_mse": 0.0038345910365285437,
      "h125/outcome_drop_episode_count": 3,
      "h125/outcome_drop_final_state_mse": 0.004462131390384599,
      "h125/outcome_drop_state_mse": 0.0028808081134472016,
      "h125/outcome_jam_episode_count": 3,
      "h125/outcome_jam_final_state_mse": 0.004588727565372691,
      "h125/outcome_jam_state_mse": 0.003071101868074704,
      "h125/outcome_miss_episode_count": 3,
      "h125/outcome_miss_final_state_mse": 0.00528157745895822,
      "h125/outcome_miss_state_mse": 0.0036092176749036205,
      "h125/outcome_partial_episode_count": 3,
      "h125/outcome_partial_final_state_mse": 0.0021257499853769937,
      "h125/outcome_partial_state_mse": 0.002080782672159033,
      "h125/outcome_success_episode_count": 3,
      "h125/outcome_success_final_state_mse": 0.002714769074729845,
      "h125/outcome_success_state_mse": 0.0024130562177670546,
      "h125/state_mse": 0.0028109933491625816,
      "h20/episode_count": 15,
      "h20/final_state_mse": 0.001974467981874553,
      "h20/outcome_drop_episode_count": 3,
      "h20/outcome_drop_final_state_mse": 0.0020101074056298124,
      "h20/outcome_drop_state_mse": 0.0015745092840755686,
      "h20/outcome_jam_episode_count": 3,
      "h20/outcome_jam_final_state_mse": 0.002221818015076756,
      "h20/outcome_jam_state_mse": 0.002109003924076853,
      "h20/outcome_miss_episode_count": 3,
      "h20/outcome_miss_final_state_mse": 0.0020821673515575385,
      "h20/outcome_miss_state_mse": 0.006264367134742488,
      "h20/outcome_partial_episode_count": 3,
      "h20/outcome_partial_final_state_mse": 0.0017613110686439315,
      "h20/outcome_partial_state_mse": 0.001485814689810759,
      "h20/outcome_success_episode_count": 3,
      "h20/outcome_success_final_state_mse": 0.0017969360197681227,
      "h20/outcome_success_state_mse": 0.0015087842551711338,
      "h20/state_mse": 0.0025884959900301266,
      "h30/episode_count": 15,
      "h30/final_state_mse": 0.0018900902442682802,
      "h30/outcome_drop_episode_count": 3,
      "h30/outcome_drop_final_state_mse": 0.001800967124747295,
      "h30/outcome_drop_state_mse": 0.0017149113621846783,
      "h30/outcome_jam_episode_count": 3,
      "h30/outcome_jam_final_state_mse": 0.0021372633967913835,
      "h30/outcome_jam_state_mse": 0.002249060217331697,
      "h30/outcome_miss_episode_count": 3,
      "h30/outcome_miss_final_state_mse": 0.0018683517583055434,
      "h30/outcome_miss_state_mse": 0.004922018695241226,
      "h30/outcome_partial_episode_count": 3,
      "h30/outcome_partial_final_state_mse": 0.0017822518993436901,
      "h30/outcome_partial_state_mse": 0.0016281436211662873,
      "h30/outcome_success_episode_count": 3,
      "h30/outcome_success_final_state_mse": 0.0018616172612882127,
      "h30/outcome_success_state_mse": 0.0016482997044498884,
      "h30/state_mse": 0.0024324866733260145,
      "h40/episode_count": 15,
      "h40/final_state_mse": 0.0018548797158633962,
      "h40/outcome_drop_episode_count": 3,
      "h40/outcome_drop_final_state_mse": 0.001959709194945354,
      "h40/outcome_drop_state_mse": 0.001836293740989336,
      "h40/outcome_jam_episode_count": 3,
      "h40/outcome_jam_final_state_mse": 0.0018026632762033175,
      "h40/outcome_jam_state_mse": 0.0022791108274771497,
      "h40/outcome_miss_episode_count": 3,
      "h40/outcome_miss_final_state_mse": 0.0020267849946333694,
      "h40/outcome_miss_state_mse": 0.00426680543064292,
      "h40/outcome_partial_episode_count": 3,
      "h40/outcome_partial_final_state_mse": 0.001740927619287391,
      "h40/outcome_partial_state_mse": 0.0016868816871269076,
      "h40/outcome_success_episode_count": 3,
      "h40/outcome_success_final_state_mse": 0.0017443130072814965,
      "h40/outcome_success_state_mse": 0.0017089812584172666,
      "h40/state_mse": 0.0023556144564759497,
      "h50/episode_count": 15,
      "h50/final_state_mse": 0.002285831738141627,
      "h50/outcome_drop_episode_count": 3,
      "h50/outcome_drop_final_state_mse": 0.002477179823163288,
      "h50/outcome_drop_state_mse": 0.0020423153646631177,
      "h50/outcome_jam_episode_count": 3,
      "h50/outcome_jam_final_state_mse": 0.003074253209276137,
      "h50/outcome_jam_state_mse": 0.002375084434459412,
      "h50/outcome_miss_episode_count": 3,
      "h50/outcome_miss_final_state_mse": 0.0018022860236027662,
      "h50/outcome_miss_state_mse": 0.0038390011257595485,
      "h50/outcome_partial_episode_count": 3,
      "h50/outcome_partial_final_state_mse": 0.0020116475331627467,
      "h50/outcome_partial_state_mse": 0.0017533180760402306,
      "h50/outcome_success_episode_count": 3,
      "h50/outcome_success_final_state_mse": 0.002063792077154895,
      "h50/outcome_success_state_mse": 0.0017765331268310546,
      "h50/state_mse": 0.0023572503382863564,
      "h75/episode_count": 15,
      "h75/final_state_mse": 0.003906390869539547,
      "h75/outcome_drop_episode_count": 3,
      "h75/outcome_drop_final_state_mse": 0.003165850671483021,
      "h75/outcome_drop_state_mse": 0.0023728793690666913,
      "h75/outcome_jam_episode_count": 3,
      "h75/outcome_jam_final_state_mse": 0.004160658839870901,
      "h75/outcome_jam_state_mse": 0.0027989894060787292,
      "h75/outcome_miss_episode_count": 3,
      "h75/outcome_miss_final_state_mse": 0.005378801740852057,
      "h75/outcome_miss_state_mse": 0.0034967903685725592,
      "h75/outcome_partial_episode_count": 3,
      "h75/outcome_partial_final_state_mse": 0.0029982258778771544,
      "h75/outcome_partial_state_mse": 0.0020630428006706155,
      "h75/outcome_success_episode_count": 3,
      "h75/outcome_success_final_state_mse": 0.0038284172419629065,
      "h75/outcome_success_state_mse": 0.0021301402089902257,
      "h75/state_mse": 0.0025723685470281864,
      "max_requested_horizon": 125,
      "reencode_period": 5,
      "rollout_mode": "periodic_5"
    },
    "periodic_50": {
      "episode_count": 15,
      "h10/episode_count": 15,
      "h10/final_state_mse": 0.002998666202320772,
      "h10/outcome_drop_episode_count": 3,
      "h10/outcome_drop_final_state_mse": 0.0024485198744371825,
      "h10/outcome_drop_state_mse": 0.0017569420579212165,
      "h10/outcome_jam_episode_count": 3,
      "h10/outcome_jam_final_state_mse": 0.0038159371785868226,
      "h10/outcome_jam_state_mse": 0.0023690598852494182,
      "h10/outcome_miss_episode_count": 3,
      "h10/outcome_miss_final_state_mse": 0.003876928215712504,
      "h10/outcome_miss_state_mse": 0.009908165962867487,
      "h10/outcome_partial_episode_count": 3,
      "h10/outcome_partial_final_state_mse": 0.002430651190818525,
      "h10/outcome_partial_state_mse": 0.0016889767124761944,
      "h10/outcome_success_episode_count": 3,
      "h10/outcome_success_final_state_mse": 0.002421294357262406,
      "h10/outcome_success_state_mse": 0.001698567878966238,
      "h10/state_mse": 0.0034843424878089257,
      "h100/episode_count": 15,
      "h100/final_state_mse": 410.53349673202615,
      "h100/outcome_drop_episode_count": 3,
      "h100/outcome_drop_final_state_mse": 355.70191865808823,
      "h100/outcome_drop_state_mse": 16.381340635212418,
      "h100/outcome_jam_episode_count": 3,
      "h100/outcome_jam_final_state_mse": 367.7761501736111,
      "h100/outcome_jam_state_mse": 16.792299581290848,
      "h100/outcome_miss_episode_count": 3,
      "h100/outcome_miss_final_state_mse": 565.7073631535948,
      "h100/outcome_miss_state_mse": 32.24515267565359,
      "h100/outcome_partial_episode_count": 3,
      "h100/outcome_partial_final_state_mse": 378.3063980800654,
      "h100/outcome_partial_state_mse": 17.059888684640523,
      "h100/outcome_success_episode_count": 3,
      "h100/outcome_success_final_state_mse": 385.17541743259807,
      "h100/outcome_success_state_mse": 17.421525735294118,
      "h100/state_mse": 19.98004248366013,
      "h125/episode_count": 15,
      "h125/final_state_mse": 211.83890931372548,
      "h125/outcome_drop_episode_count": 3,
      "h125/outcome_drop_final_state_mse": 169.49555121527777,
      "h125/outcome_drop_state_mse": 26.053973039215688,
      "h125/outcome_jam_episode_count": 3,
      "h125/outcome_jam_final_state_mse": 167.05185514961192,
      "h125/outcome_jam_state_mse": 26.23917973856209,
      "h125/outcome_miss_episode_count": 3,
      "h125/outcome_miss_final_state_mse": 390.2367174734477,
      "h125/outcome_miss_state_mse": 46.55815359477124,
      "h125/outcome_partial_episode_count": 3,
      "h125/outcome_partial_final_state_mse": 163.3718469158497,
      "h125/outcome_partial_state_mse": 26.256940767973855,
      "h125/outcome_success_episode_count": 3,
      "h125/outcome_success_final_state_mse": 169.03860294117646,
      "h125/outcome_success_state_mse": 26.982146650326797,
      "h125/state_mse": 30.418075816993465,
      "h20/episode_count": 15,
      "h20/final_state_mse": 0.010434901168922973,
      "h20/outcome_drop_episode_count": 3,
      "h20/outcome_drop_final_state_mse": 0.00951614674010308,
      "h20/outcome_drop_state_mse": 0.003627040690066768,
      "h20/outcome_jam_episode_count": 3,
      "h20/outcome_jam_final_state_mse": 0.010009780428767984,
      "h20/outcome_jam_state_mse": 0.004172400010177512,
      "h20/outcome_miss_episode_count": 3,
      "h20/outcome_miss_final_state_mse": 0.013789248427534415,
      "h20/outcome_miss_state_mse": 0.008784806806277605,
      "h20/outcome_partial_episode_count": 3,
      "h20/outcome_partial_final_state_mse": 0.009452484402002073,
      "h20/outcome_partial_state_mse": 0.0035669854653427023,
      "h20/outcome_success_episode_count": 3,
      "h20/outcome_success_final_state_mse": 0.009406845554027682,
      "h20/outcome_success_state_mse": 0.0035665444299286487,
      "h20/state_mse": 0.004743555605021957,
      "h30/episode_count": 15,
      "h30/final_state_mse": 0.03886260238348269,
      "h30/outcome_drop_episode_count": 3,
      "h30/outcome_drop_final_state_mse": 0.03318367440716114,
      "h30/outcome_drop_state_mse": 0.009313087525710561,
      "h30/outcome_jam_episode_count": 3,
      "h30/outcome_jam_final_state_mse": 0.03461246474895602,
      "h30/outcome_jam_state_mse": 0.00985459502226387,
      "h30/outcome_miss_episode_count": 3,
      "h30/outcome_miss_final_state_mse": 0.059258097137501034,
      "h30/outcome_miss_state_mse": 0.017650511166109238,
      "h30/outcome_partial_episode_count": 3,
      "h30/outcome_partial_final_state_mse": 0.033620257003634586,
      "h30/outcome_partial_state_mse": 0.009262868262064483,
      "h30/outcome_success_episode_count": 3,
      "h30/outcome_success_final_state_mse": 0.033638531086491605,
      "h30/outcome_success_state_mse": 0.009247543609220218,
      "h30/state_mse": 0.011065721033964802,
      "h40/episode_count": 15,
      "h40/final_state_mse": 0.1722659840303309,
      "h40/outcome_drop_episode_count": 3,
      "h40/outcome_drop_final_state_mse": 0.13097363203958748,
      "h40/outcome_drop_state_mse": 0.025563384660708358,
      "h40/outcome_jam_episode_count": 3,
      "h40/outcome_jam_final_state_mse": 0.1402792244954826,
      "h40/outcome_jam_state_mse": 0.02667317047617794,
      "h40/outcome_miss_episode_count": 3,
      "h40/outcome_miss_final_state_mse": 0.2924930410447463,
      "h40/outcome_miss_state_mse": 0.04594778422436683,
      "h40/outcome_partial_episode_count": 3,
      "h40/outcome_partial_final_state_mse": 0.14720944485633203,
      "h40/outcome_partial_state_mse": 0.026811859654445273,
      "h40/outcome_success_episode_count": 3,
      "h40/outcome_success_final_state_mse": 0.15037465251349155,
      "h40/outcome_success_state_mse": 0.026999112671496822,
      "h40/state_mse": 0.030399062212775736,
      "h50/episode_count": 15,
      "h50/final_state_mse": 1.7901957592933007,
      "h50/outcome_drop_episode_count": 3,
      "h50/outcome_drop_final_state_mse": 1.0874391194262536,
      "h50/outcome_drop_state_mse": 0.11822842865987541,
      "h50/outcome_jam_episode_count": 3,
      "h50/outcome_jam_final_state_mse": 1.0964930914585886,
      "h50/outcome_jam_state_mse": 0.12098317663654003,
      "h50/outcome_miss_episode_count": 3,
      "h50/outcome_miss_final_state_mse": 4.396285312627655,
      "h50/outcome_miss_state_mse": 0.39380781984017565,
      "h50/outcome_partial_episode_count": 3,
      "h50/outcome_partial_final_state_mse": 1.1755093343896803,
      "h50/outcome_partial_state_mse": 0.12863819994957618,
      "h50/outcome_success_episode_count": 3,
      "h50/outcome_success_final_state_mse": 1.1952519884296493,
      "h50/outcome_success_state_mse": 0.13038876203150532,
      "h50/state_mse": 0.17840928819444443,
      "h75/episode_count": 15,
      "h75/final_state_mse": 1.5321068857230393,
      "h75/outcome_drop_episode_count": 3,
      "h75/outcome_drop_final_state_mse": 1.6577239628710778,
      "h75/outcome_drop_state_mse": 0.2004108849485975,
      "h75/outcome_jam_episode_count": 3,
      "h75/outcome_jam_final_state_mse": 1.5532640694013609,
      "h75/outcome_jam_state_mse": 0.18675862098311546,
      "h75/outcome_miss_episode_count": 3,
      "h75/outcome_miss_final_state_mse": 1.4052817151437398,
      "h75/outcome_miss_state_mse": 0.4163336460886438,
      "h75/outcome_partial_episode_count": 3,
      "h75/outcome_partial_final_state_mse": 1.4985319835687774,
      "h75/outcome_partial_state_mse": 0.18854229962384259,
      "h75/outcome_success_episode_count": 3,
      "h75/outcome_success_final_state_mse": 1.5457326913970748,
      "h75/outcome_success_state_mse": 0.19232023484306918,
      "h75/state_mse": 0.23687314474400872,
      "max_requested_horizon": 125,
      "reencode_period": 50,
      "rollout_mode": "periodic_50"
    }
  },
  "split": "test",
  "support_alignment": {
    "contact_phase": {
      "contact_phase_family_ari": 0.0,
      "contact_phase_family_nmi": 0.0,
      "contact_phase_family_purity": 0.9996668887408394,
      "contact_phase_sample_count": 3002.0,
      "h_contact_phase_given_family": 0.0030002889533867266,
      "h_family_given_contact_phase": 0.0,
      "unique_contact_phase_count": 2.0,
      "unique_family_count": 1.0
    },
    "contact_phase_alignment_available": true,
    "evaluated_state_count": 3017,
    "family_count": 1,
    "mean_family_similarity": 0.5821802020072937,
    "mean_support_size": 241.28041100430892,
    "outcome_alignment_available": true,
    "outcome_state": {
      "h_family_given_outcome": 0.0,
      "h_outcome_given_family": 1.6094379124341005,
      "outcome_family_ari": 0.0,
      "outcome_family_nmi": 0.0,
      "outcome_family_purity": 0.2,
      "outcome_sample_count": 15.0,
      "unique_family_count": 1.0,
      "unique_outcome_count": 5.0
    },
    "status": "ok",
    "unassigned_state_fraction": 0.0,
    "validation_state_count": 2346
  },
  "support_threshold": 0.2
}
{
  "best_periodic_rollout": {
    "episode_count": 15,
    "h10/episode_count": 15,
    "h10/final_state_mse": 0.0023287671843385386,
    "h10/outcome_drop_episode_count": 3,
    "h10/outcome_drop_final_state_mse": 0.0015694652166631487,
    "h10/outcome_drop_state_mse": 0.001505315264845206,
    "h10/outcome_jam_episode_count": 3,
    "h10/outcome_jam_final_state_mse": 0.0025351277363845725,
    "h10/outcome_jam_state_mse": 0.0020499311241449093,
    "h10/outcome_miss_episode_count": 3,
    "h10/outcome_miss_final_state_mse": 0.00458050738362705,
    "h10/outcome_miss_state_mse": 0.010678630093343897,
    "h10/outcome_partial_episode_count": 3,
    "h10/outcome_partial_final_state_mse": 0.001461326552469746,
    "h10/outcome_partial_state_mse": 0.0014121606069452623,
    "h10/outcome_success_episode_count": 3,
    "h10/outcome_success_final_state_mse": 0.0014974090934189316,
    "h10/outcome_success_state_mse": 0.0014337137828465381,
    "h10/selected_mode": "periodic_5",
    "h10/selected_period": 5,
    "h10/state_mse": 0.0034159502016952612,
    "h100/episode_count": 15,
    "h100/final_state_mse": 0.0028564640119964,
    "h100/outcome_drop_episode_count": 3,
    "h100/outcome_drop_final_state_mse": 0.003087424618356368,
    "h100/outcome_drop_state_mse": 0.0024571642221189014,
    "h100/outcome_jam_episode_count": 3,
    "h100/outcome_jam_final_state_mse": 0.0034916313742500505,
    "h100/outcome_jam_state_mse": 0.0029193346796472087,
    "h100/outcome_miss_episode_count": 3,
    "h100/outcome_miss_final_state_mse": 0.001843089347376543,
    "h100/outcome_miss_state_mse": 0.0031071379293803295,
    "h100/outcome_partial_episode_count": 3,
    "h100/outcome_partial_final_state_mse": 0.0020927230224889867,
    "h100/outcome_partial_state_mse": 0.0020255034889271055,
    "h100/outcome_success_episode_count": 3,
    "h100/outcome_success_final_state_mse": 0.0037674525010040383,
    "h100/outcome_success_state_mse": 0.002341458563711129,
    "h100/selected_mode": "periodic_10",
    "h100/selected_period": 10,
    "h100/state_mse": 0.002570119820389093,
    "h125/episode_count": 15,
    "h125/final_state_mse": 0.0034412228204066457,
    "h125/outcome_drop_episode_count": 3,
    "h125/outcome_drop_final_state_mse": 0.004612752814698064,
    "h125/outcome_drop_state_mse": 0.0027438070259842217,
    "h125/outcome_jam_episode_count": 3,
    "h125/outcome_jam_final_state_mse": 0.00410342625543183,
    "h125/outcome_jam_state_mse": 0.003100223516327104,
    "h125/outcome_miss_episode_count": 3,
    "h125/outcome_miss_final_state_mse": 0.003270701645246518,
    "h125/outcome_miss_state_mse": 0.0030290542802000357,
    "h125/outcome_partial_episode_count": 3,
    "h125/outcome_partial_final_state_mse": 0.0020068664761150583,
    "h125/outcome_partial_state_mse": 0.0020386306662964664,
    "h125/outcome_success_episode_count": 3,
    "h125/outcome_success_final_state_mse": 0.0032123670566315743,
    "h125/outcome_success_state_mse": 0.0025152845694348704,
    "h125/selected_mode": "periodic_10",
    "h125/selected_period": 10,
    "h125/state_mse": 0.002685400071486928,
    "h20/episode_count": 15,
    "h20/final_state_mse": 0.002045833986569074,
    "h20/outcome_drop_episode_count": 3,
    "h20/outcome_drop_final_state_mse": 0.002013687312213424,
    "h20/outcome_drop_state_mse": 0.001613976616485446,
    "h20/outcome_jam_episode_count": 3,
    "h20/outcome_jam_final_state_mse": 0.0022096529213431614,
    "h20/outcome_jam_state_mse": 0.0021531429166108174,
    "h20/outcome_miss_episode_count": 3,
    "h20/outcome_miss_final_state_mse": 0.002460747908533009,
    "h20/outcome_miss_state_mse": 0.007154270714404536,
    "h20/outcome_partial_episode_count": 3,
    "h20/outcome_partial_final_state_mse": 0.0017568825019730462,
    "h20/outcome_partial_state_mse": 0.0015265457380830851,
    "h20/outcome_success_episode_count": 3,
    "h20/outcome_success_final_state_mse": 0.001788199142692915,
    "h20/outcome_success_state_mse": 0.0015496590168647517,
    "h20/selected_mode": "periodic_5",
    "h20/selected_period": 5,
    "h20/state_mse": 0.0027995190589256537,
    "h30/episode_count": 15,
    "h30/final_state_mse": 0.0018454760507820478,
    "h30/outcome_drop_episode_count": 3,
    "h30/outcome_drop_final_state_mse": 0.0017372481281461279,
    "h30/outcome_drop_state_mse": 0.0017175595485047317,
    "h30/outcome_jam_episode_count": 3,
    "h30/outcome_jam_final_state_mse": 0.0020889747473928663,
    "h30/outcome_jam_state_mse": 0.002253430081868224,
    "h30/outcome_miss_episode_count": 3,
    "h30/outcome_miss_final_state_mse": 0.0018912431558752371,
    "h30/outcome_miss_state_mse": 0.005571556299080776,
    "h30/outcome_partial_episode_count": 3,
    "h30/outcome_partial_final_state_mse": 0.0017191779623234194,
    "h30/outcome_partial_state_mse": 0.0016289358305255832,
    "h30/outcome_success_episode_count": 3,
    "h30/outcome_success_final_state_mse": 0.0017907359436446545,
    "h30/outcome_success_state_mse": 0.0016510761641209421,
    "h30/selected_mode": "periodic_5",
    "h30/selected_period": 5,
    "h30/state_mse": 0.0025645114341852192,
    "h40/episode_count": 15,
    "h40/final_state_mse": 0.0017292038287991791,
    "h40/outcome_drop_episode_count": 3,
    "h40/outcome_drop_final_state_mse": 0.0019227274590068394,
    "h40/outcome_drop_state_mse": 0.0018392166086271698,
    "h40/outcome_jam_episode_count": 3,
    "h40/outcome_jam_final_state_mse": 0.0016254814816456214,
    "h40/outcome_jam_state_mse": 0.0022453493542141383,
    "h40/outcome_miss_episode_count": 3,
    "h40/outcome_miss_final_state_mse": 0.0019314307110761505,
    "h40/outcome_miss_state_mse": 0.004738904058543685,
    "h40/outcome_partial_episode_count": 3,
    "h40/outcome_partial_final_state_mse": 0.0015800756712754567,
    "h40/outcome_partial_state_mse": 0.0016497603623695622,
    "h40/outcome_success_episode_count": 3,
    "h40/outcome_success_final_state_mse": 0.0015863036018571044,
    "h40/outcome_success_state_mse": 0.001674360114764544,
    "h40/selected_mode": "periodic_5",
    "h40/selected_period": 5,
    "h40/state_mse": 0.0024295183568218953,
    "h50/episode_count": 15,
    "h50/final_state_mse": 0.002109464321261138,
    "h50/outcome_drop_episode_count": 3,
    "h50/outcome_drop_final_state_mse": 0.0025225442414190257,
    "h50/outcome_drop_state_mse": 0.002073777703677907,
    "h50/outcome_jam_episode_count": 3,
    "h50/outcome_jam_final_state_mse": 0.002708742626352248,
    "h50/outcome_jam_state_mse": 0.0023019693723691057,
    "h50/outcome_miss_episode_count": 3,
    "h50/outcome_miss_final_state_mse": 0.0016545762180113326,
    "h50/outcome_miss_state_mse": 0.004203818576787812,
    "h50/outcome_partial_episode_count": 3,
    "h50/outcome_partial_final_state_mse": 0.001792614926504933,
    "h50/outcome_partial_state_mse": 0.0016771950129590002,
    "h50/outcome_success_episode_count": 3,
    "h50/outcome_success_final_state_mse": 0.0018688437401079665,
    "h50/outcome_success_state_mse": 0.0017017142133775101,
    "h50/selected_mode": "periodic_5",
    "h50/selected_period": 5,
    "h50/state_mse": 0.0023916951098473245,
    "h75/episode_count": 15,
    "h75/final_state_mse": 0.00405833612080493,
    "h75/outcome_drop_episode_count": 3,
    "h75/outcome_drop_final_state_mse": 0.0033744061791818906,
    "h75/outcome_drop_state_mse": 0.0023448916250324455,
    "h75/outcome_jam_episode_count": 3,
    "h75/outcome_jam_final_state_mse": 0.0046731690857924665,
    "h75/outcome_jam_state_mse": 0.0028117651513459114,
    "h75/outcome_miss_episode_count": 3,
    "h75/outcome_miss_final_state_mse": 0.00453794348278856,
    "h75/outcome_miss_state_mse": 0.0033911721223320057,
    "h75/outcome_partial_episode_count": 3,
    "h75/outcome_partial_final_state_mse": 0.003443015508012834,
    "h75/outcome_partial_state_mse": 0.002047137923230273,
    "h75/outcome_success_episode_count": 3,
    "h75/outcome_success_final_state_mse": 0.004263146689125136,
    "h75/outcome_success_state_mse": 0.0020970324181783175,
    "h75/selected_mode": "periodic_10",
    "h75/selected_period": 10,
    "h75/state_mse": 0.0025384000225524236,
    "max_requested_horizon": 125,
    "periodic_reencode_periods": [
      1,
      2,
      5,
      10,
      20,
      50,
      100
    ],
    "rollout_mode": "best_periodic"
  },
  "checkpoint": "runs/maniskill_insertion/perturbation_e20_5k_lista_refine_20260604_143125/lista_relu_a0p01_sp3em5_loops2/seed2/checkpoint.pt",
  "checkpoint_step": 1500,
  "dataset": "data/maniskill/perturbation_assessment_seed0_e20/all_setups.npz",
  "device": "cuda",
  "family_jaccard": 0.4,
  "horizons": [
    10,
    20,
    30,
    40,
    50,
    75,
    100,
    125
  ],
  "labels_used_for_training": false,
  "periodic_reencode_periods": [
    1,
    2,
    5,
    10,
    20,
    50,
    100
  ],
  "rollout": {
    "episode_count": 15,
    "h10/episode_count": 15,
    "h10/final_state_mse": 0.003206363378786573,
    "h10/outcome_drop_episode_count": 3,
    "h10/outcome_drop_final_state_mse": 0.0026220837912333556,
    "h10/outcome_drop_state_mse": 0.001821201338487513,
    "h10/outcome_jam_episode_count": 3,
    "h10/outcome_jam_final_state_mse": 0.004115933077592475,
    "h10/outcome_jam_state_mse": 0.002450242268493752,
    "h10/outcome_miss_episode_count": 3,
    "h10/outcome_miss_final_state_mse": 0.00402125467856725,
    "h10/outcome_miss_state_mse": 0.01016890690996756,
    "h10/outcome_partial_episode_count": 3,
    "h10/outcome_partial_final_state_mse": 0.002642050446345915,
    "h10/outcome_partial_state_mse": 0.0017543840642068901,
    "h10/outcome_success_episode_count": 3,
    "h10/outcome_success_final_state_mse": 0.0026304944740985735,
    "h10/outcome_success_state_mse": 0.0017646371539122138,
    "h10/state_mse": 0.00359187406652114,
    "h100/episode_count": 15,
    "h100/final_state_mse": 142809.95555555556,
    "h100/outcome_drop_episode_count": 3,
    "h100/outcome_drop_final_state_mse": 76607.06290849674,
    "h100/outcome_drop_state_mse": 3336.572450980392,
    "h100/outcome_jam_episode_count": 3,
    "h100/outcome_jam_final_state_mse": 83821.92565359476,
    "h100/outcome_jam_state_mse": 3647.83477124183,
    "h100/outcome_miss_episode_count": 3,
    "h100/outcome_miss_final_state_mse": 394018.7712418301,
    "h100/outcome_miss_state_mse": 16615.87660130719,
    "h100/outcome_partial_episode_count": 3,
    "h100/outcome_partial_final_state_mse": 80151.78349673202,
    "h100/outcome_partial_state_mse": 3483.6034640522876,
    "h100/outcome_success_episode_count": 3,
    "h100/outcome_success_final_state_mse": 79450.23937908496,
    "h100/outcome_success_state_mse": 3453.7810784313724,
    "h100/state_mse": 6107.5338039215685,
    "h125/episode_count": 15,
    "h125/final_state_mse": 90978777.85098039,
    "h125/outcome_drop_episode_count": 3,
    "h125/outcome_drop_final_state_mse": 43022826.24836601,
    "h125/outcome_drop_state_mse": 1568581.6989281045,
    "h125/outcome_jam_episode_count": 3,
    "h125/outcome_jam_final_state_mse": 41928007.94771242,
    "h125/outcome_jam_state_mse": 1560452.9058300653,
    "h125/outcome_miss_episode_count": 3,
    "h125/outcome_miss_final_state_mse": 284544923.60784316,
    "h125/outcome_miss_state_mse": 9927513.857673202,
    "h125/outcome_partial_episode_count": 3,
    "h125/outcome_partial_final_state_mse": 42368466.823529415,
    "h125/outcome_partial_state_mse": 1569265.8647843138,
    "h125/outcome_success_episode_count": 3,
    "h125/outcome_success_final_state_mse": 43029662.11764706,
    "h125/outcome_success_state_mse": 1585285.6152679739,
    "h125/state_mse": 3242219.9510169933,
    "h20/episode_count": 15,
    "h20/final_state_mse": 0.011224922479367724,
    "h20/outcome_drop_episode_count": 3,
    "h20/outcome_drop_final_state_mse": 0.010451209360088398,
    "h20/outcome_drop_state_mse": 0.003988391005135829,
    "h20/outcome_jam_episode_count": 3,
    "h20/outcome_jam_final_state_mse": 0.011070203742170645,
    "h20/outcome_jam_state_mse": 0.004526537150339363,
    "h20/outcome_miss_episode_count": 3,
    "h20/outcome_miss_final_state_mse": 0.013824526390998192,
    "h20/outcome_miss_state_mse": 0.009124648648928972,
    "h20/outcome_partial_episode_count": 3,
    "h20/outcome_partial_final_state_mse": 0.010437916696461198,
    "h20/outcome_partial_state_mse": 0.003932277751124762,
    "h20/outcome_success_episode_count": 3,
    "h20/outcome_success_final_state_mse": 0.010340760248938418,
    "h20/outcome_success_state_mse": 0.003932990825254154,
    "h20/state_mse": 0.005100969302108864,
    "h30/episode_count": 15,
    "h30/final_state_mse": 0.03414452496696921,
    "h30/outcome_drop_episode_count": 3,
    "h30/outcome_drop_final_state_mse": 0.029443078960468567,
    "h30/outcome_drop_state_mse": 0.009098264075052764,
    "h30/outcome_jam_episode_count": 3,
    "h30/outcome_jam_final_state_mse": 0.030820129743588515,
    "h30/outcome_jam_state_mse": 0.00960970402802777,
    "h30/outcome_miss_episode_count": 3,
    "h30/outcome_miss_final_state_mse": 0.0502547913906621,
    "h30/outcome_miss_state_mse": 0.016679164163427414,
    "h30/outcome_partial_episode_count": 3,
    "h30/outcome_partial_final_state_mse": 0.030129798487120985,
    "h30/outcome_partial_state_mse": 0.009064160452948677,
    "h30/outcome_success_episode_count": 3,
    "h30/outcome_success_final_state_mse": 0.030074825473860197,
    "h30/outcome_success_state_mse": 0.009035050011927786,
    "h30/state_mse": 0.01069726881638072,
    "h40/episode_count": 15,
    "h40/final_state_mse": 0.13878608653747956,
    "h40/outcome_drop_episode_count": 3,
    "h40/outcome_drop_final_state_mse": 0.09697977390164643,
    "h40/outcome_drop_state_mse": 0.021510787415348627,
    "h40/outcome_jam_episode_count": 3,
    "h40/outcome_jam_final_state_mse": 0.10829026402990802,
    "h40/outcome_jam_state_mse": 0.02309940250870449,
    "h40/outcome_miss_episode_count": 3,
    "h40/outcome_miss_final_state_mse": 0.25796381320828704,
    "h40/outcome_miss_state_mse": 0.0401066512064217,
    "h40/outcome_partial_episode_count": 3,
    "h40/outcome_partial_final_state_mse": 0.1139473478778515,
    "h40/outcome_partial_state_mse": 0.022866351931702857,
    "h40/outcome_success_episode_count": 3,
    "h40/outcome_success_final_state_mse": 0.11674919315412932,
    "h40/outcome_success_state_mse": 0.022982288809383616,
    "h40/state_mse": 0.02611309774560866,
    "h50/episode_count": 15,
    "h50/final_state_mse": 1.5925052019505719,
    "h50/outcome_drop_episode_count": 3,
    "h50/outcome_drop_final_state_mse": 0.7854150136311849,
    "h50/outcome_drop_state_mse": 0.08692527421938828,
    "h50/outcome_jam_episode_count": 3,
    "h50/outcome_jam_final_state_mse": 0.7675787732492085,
    "h50/outcome_jam_state_mse": 0.08896245021446078,
    "h50/outcome_miss_episode_count": 3,
    "h50/outcome_miss_final_state_mse": 4.756008572048611,
    "h50/outcome_miss_state_mse": 0.40035083646088643,
    "h50/outcome_partial_episode_count": 3,
    "h50/outcome_partial_final_state_mse": 0.8148916531232447,
    "h50/outcome_partial_state_mse": 0.09312994265088848,
    "h50/outcome_success_episode_count": 3,
    "h50/outcome_success_final_state_mse": 0.8386319852342793,
    "h50/outcome_success_state_mse": 0.09508541531032987,
    "h50/state_mse": 0.1528907909517974,
    "h75/episode_count": 15,
    "h75/final_state_mse": 325.105739379085,
    "h75/outcome_drop_episode_count": 3,
    "h75/outcome_drop_final_state_mse": 225.76270009957108,
    "h75/outcome_drop_state_mse": 15.743282101034858,
    "h75/outcome_jam_episode_count": 3,
    "h75/outcome_jam_final_state_mse": 226.31452971813727,
    "h75/outcome_jam_state_mse": 15.395790441176471,
    "h75/outcome_miss_episode_count": 3,
    "h75/outcome_miss_final_state_mse": 723.1039368872549,
    "h75/outcome_miss_state_mse": 56.03822576252723,
    "h75/outcome_partial_episode_count": 3,
    "h75/outcome_partial_final_state_mse": 223.11512905943627,
    "h75/outcome_partial_state_mse": 15.282994281045752,
    "h75/outcome_success_episode_count": 3,
    "h75/outcome_success_final_state_mse": 227.23229102839053,
    "h75/outcome_success_state_mse": 15.635031658496732,
    "h75/state_mse": 23.619065359477123,
    "max_requested_horizon": 125,
    "reencode_period": null,
    "rollout_mode": "no_reencode"
  },
  "rollout_modes": {
    "no_reencode": {
      "episode_count": 15,
      "h10/episode_count": 15,
      "h10/final_state_mse": 0.003206363378786573,
      "h10/outcome_drop_episode_count": 3,
      "h10/outcome_drop_final_state_mse": 0.0026220837912333556,
      "h10/outcome_drop_state_mse": 0.001821201338487513,
      "h10/outcome_jam_episode_count": 3,
      "h10/outcome_jam_final_state_mse": 0.004115933077592475,
      "h10/outcome_jam_state_mse": 0.002450242268493752,
      "h10/outcome_miss_episode_count": 3,
      "h10/outcome_miss_final_state_mse": 0.00402125467856725,
      "h10/outcome_miss_state_mse": 0.01016890690996756,
      "h10/outcome_partial_episode_count": 3,
      "h10/outcome_partial_final_state_mse": 0.002642050446345915,
      "h10/outcome_partial_state_mse": 0.0017543840642068901,
      "h10/outcome_success_episode_count": 3,
      "h10/outcome_success_final_state_mse": 0.0026304944740985735,
      "h10/outcome_success_state_mse": 0.0017646371539122138,
      "h10/state_mse": 0.00359187406652114,
      "h100/episode_count": 15,
      "h100/final_state_mse": 142809.95555555556,
      "h100/outcome_drop_episode_count": 3,
      "h100/outcome_drop_final_state_mse": 76607.06290849674,
      "h100/outcome_drop_state_mse": 3336.572450980392,
      "h100/outcome_jam_episode_count": 3,
      "h100/outcome_jam_final_state_mse": 83821.92565359476,
      "h100/outcome_jam_state_mse": 3647.83477124183,
      "h100/outcome_miss_episode_count": 3,
      "h100/outcome_miss_final_state_mse": 394018.7712418301,
      "h100/outcome_miss_state_mse": 16615.87660130719,
      "h100/outcome_partial_episode_count": 3,
      "h100/outcome_partial_final_state_mse": 80151.78349673202,
      "h100/outcome_partial_state_mse": 3483.6034640522876,
      "h100/outcome_success_episode_count": 3,
      "h100/outcome_success_final_state_mse": 79450.23937908496,
      "h100/outcome_success_state_mse": 3453.7810784313724,
      "h100/state_mse": 6107.5338039215685,
      "h125/episode_count": 15,
      "h125/final_state_mse": 90978777.85098039,
      "h125/outcome_drop_episode_count": 3,
      "h125/outcome_drop_final_state_mse": 43022826.24836601,
      "h125/outcome_drop_state_mse": 1568581.6989281045,
      "h125/outcome_jam_episode_count": 3,
      "h125/outcome_jam_final_state_mse": 41928007.94771242,
      "h125/outcome_jam_state_mse": 1560452.9058300653,
      "h125/outcome_miss_episode_count": 3,
      "h125/outcome_miss_final_state_mse": 284544923.60784316,
      "h125/outcome_miss_state_mse": 9927513.857673202,
      "h125/outcome_partial_episode_count": 3,
      "h125/outcome_partial_final_state_mse": 42368466.823529415,
      "h125/outcome_partial_state_mse": 1569265.8647843138,
      "h125/outcome_success_episode_count": 3,
      "h125/outcome_success_final_state_mse": 43029662.11764706,
      "h125/outcome_success_state_mse": 1585285.6152679739,
      "h125/state_mse": 3242219.9510169933,
      "h20/episode_count": 15,
      "h20/final_state_mse": 0.011224922479367724,
      "h20/outcome_drop_episode_count": 3,
      "h20/outcome_drop_final_state_mse": 0.010451209360088398,
      "h20/outcome_drop_state_mse": 0.003988391005135829,
      "h20/outcome_jam_episode_count": 3,
      "h20/outcome_jam_final_state_mse": 0.011070203742170645,
      "h20/outcome_jam_state_mse": 0.004526537150339363,
      "h20/outcome_miss_episode_count": 3,
      "h20/outcome_miss_final_state_mse": 0.013824526390998192,
      "h20/outcome_miss_state_mse": 0.009124648648928972,
      "h20/outcome_partial_episode_count": 3,
      "h20/outcome_partial_final_state_mse": 0.010437916696461198,
      "h20/outcome_partial_state_mse": 0.003932277751124762,
      "h20/outcome_success_episode_count": 3,
      "h20/outcome_success_final_state_mse": 0.010340760248938418,
      "h20/outcome_success_state_mse": 0.003932990825254154,
      "h20/state_mse": 0.005100969302108864,
      "h30/episode_count": 15,
      "h30/final_state_mse": 0.03414452496696921,
      "h30/outcome_drop_episode_count": 3,
      "h30/outcome_drop_final_state_mse": 0.029443078960468567,
      "h30/outcome_drop_state_mse": 0.009098264075052764,
      "h30/outcome_jam_episode_count": 3,
      "h30/outcome_jam_final_state_mse": 0.030820129743588515,
      "h30/outcome_jam_state_mse": 0.00960970402802777,
      "h30/outcome_miss_episode_count": 3,
      "h30/outcome_miss_final_state_mse": 0.0502547913906621,
      "h30/outcome_miss_state_mse": 0.016679164163427414,
      "h30/outcome_partial_episode_count": 3,
      "h30/outcome_partial_final_state_mse": 0.030129798487120985,
      "h30/outcome_partial_state_mse": 0.009064160452948677,
      "h30/outcome_success_episode_count": 3,
      "h30/outcome_success_final_state_mse": 0.030074825473860197,
      "h30/outcome_success_state_mse": 0.009035050011927786,
      "h30/state_mse": 0.01069726881638072,
      "h40/episode_count": 15,
      "h40/final_state_mse": 0.13878608653747956,
      "h40/outcome_drop_episode_count": 3,
      "h40/outcome_drop_final_state_mse": 0.09697977390164643,
      "h40/outcome_drop_state_mse": 0.021510787415348627,
      "h40/outcome_jam_episode_count": 3,
      "h40/outcome_jam_final_state_mse": 0.10829026402990802,
      "h40/outcome_jam_state_mse": 0.02309940250870449,
      "h40/outcome_miss_episode_count": 3,
      "h40/outcome_miss_final_state_mse": 0.25796381320828704,
      "h40/outcome_miss_state_mse": 0.0401066512064217,
      "h40/outcome_partial_episode_count": 3,
      "h40/outcome_partial_final_state_mse": 0.1139473478778515,
      "h40/outcome_partial_state_mse": 0.022866351931702857,
      "h40/outcome_success_episode_count": 3,
      "h40/outcome_success_final_state_mse": 0.11674919315412932,
      "h40/outcome_success_state_mse": 0.022982288809383616,
      "h40/state_mse": 0.02611309774560866,
      "h50/episode_count": 15,
      "h50/final_state_mse": 1.5925052019505719,
      "h50/outcome_drop_episode_count": 3,
      "h50/outcome_drop_final_state_mse": 0.7854150136311849,
      "h50/outcome_drop_state_mse": 0.08692527421938828,
      "h50/outcome_jam_episode_count": 3,
      "h50/outcome_jam_final_state_mse": 0.7675787732492085,
      "h50/outcome_jam_state_mse": 0.08896245021446078,
      "h50/outcome_miss_episode_count": 3,
      "h50/outcome_miss_final_state_mse": 4.756008572048611,
      "h50/outcome_miss_state_mse": 0.40035083646088643,
      "h50/outcome_partial_episode_count": 3,
      "h50/outcome_partial_final_state_mse": 0.8148916531232447,
      "h50/outcome_partial_state_mse": 0.09312994265088848,
      "h50/outcome_success_episode_count": 3,
      "h50/outcome_success_final_state_mse": 0.8386319852342793,
      "h50/outcome_success_state_mse": 0.09508541531032987,
      "h50/state_mse": 0.1528907909517974,
      "h75/episode_count": 15,
      "h75/final_state_mse": 325.105739379085,
      "h75/outcome_drop_episode_count": 3,
      "h75/outcome_drop_final_state_mse": 225.76270009957108,
      "h75/outcome_drop_state_mse": 15.743282101034858,
      "h75/outcome_jam_episode_count": 3,
      "h75/outcome_jam_final_state_mse": 226.31452971813727,
      "h75/outcome_jam_state_mse": 15.395790441176471,
      "h75/outcome_miss_episode_count": 3,
      "h75/outcome_miss_final_state_mse": 723.1039368872549,
      "h75/outcome_miss_state_mse": 56.03822576252723,
      "h75/outcome_partial_episode_count": 3,
      "h75/outcome_partial_final_state_mse": 223.11512905943627,
      "h75/outcome_partial_state_mse": 15.282994281045752,
      "h75/outcome_success_episode_count": 3,
      "h75/outcome_success_final_state_mse": 227.23229102839053,
      "h75/outcome_success_state_mse": 15.635031658496732,
      "h75/state_mse": 23.619065359477123,
      "max_requested_horizon": 125,
      "reencode_period": null,
      "rollout_mode": "no_reencode"
    },
    "periodic_1": {
      "episode_count": 15,
      "h10/episode_count": 15,
      "h10/final_state_mse": 0.003656803081238192,
      "h10/outcome_drop_episode_count": 3,
      "h10/outcome_drop_final_state_mse": 0.0020989242186343748,
      "h10/outcome_drop_state_mse": 0.001710730323604509,
      "h10/outcome_jam_episode_count": 3,
      "h10/outcome_jam_final_state_mse": 0.0026136974201482885,
      "h10/outcome_jam_state_mse": 0.002242776459338618,
      "h10/outcome_miss_episode_count": 3,
      "h10/outcome_miss_final_state_mse": 0.009429850317294302,
      "h10/outcome_miss_state_mse": 0.014944339577668633,
      "h10/outcome_partial_episode_count": 3,
      "h10/outcome_partial_final_state_mse": 0.002069546457599191,
      "h10/outcome_partial_state_mse": 0.0015922359002181908,
      "h10/outcome_success_episode_count": 3,
      "h10/outcome_success_final_state_mse": 0.0020719965055487513,
      "h10/outcome_success_state_mse": 0.001614342327990563,
      "h10/state_mse": 0.004420885073593239,
      "h100/episode_count": 15,
      "h100/final_state_mse": 0.008859895569047118,
      "h100/outcome_drop_episode_count": 3,
      "h100/outcome_drop_final_state_mse": 0.013207264585432664,
      "h100/outcome_drop_state_mse": 0.007165457282970154,
      "h100/outcome_jam_episode_count": 3,
      "h100/outcome_jam_final_state_mse": 0.007704577999177322,
      "h100/outcome_jam_state_mse": 0.005416763654721329,
      "h100/outcome_miss_episode_count": 3,
      "h100/outcome_miss_final_state_mse": 0.009451975522477642,
      "h100/outcome_miss_state_mse": 0.013116503447489021,
      "h100/outcome_partial_episode_count": 3,
      "h100/outcome_partial_final_state_mse": 0.006840086694246803,
      "h100/outcome_partial_state_mse": 0.004335148505915224,
      "h100/outcome_success_episode_count": 3,
      "h100/outcome_success_final_state_mse": 0.007095574261316287,
      "h100/outcome_success_state_mse": 0.004698878518896165,
      "h100/state_mse": 0.006946549160028595,
      "h125/episode_count": 15,
      "h125/final_state_mse": 0.007694652033787147,
      "h125/outcome_drop_episode_count": 3,
      "h125/outcome_drop_final_state_mse": 0.009255793943903804,
      "h125/outcome_drop_state_mse": 0.008442235211141748,
      "h125/outcome_jam_episode_count": 3,
      "h125/outcome_jam_final_state_mse": 0.0075503833153668575,
      "h125/outcome_jam_state_mse": 0.006503771015242034,
      "h125/outcome_miss_episode_count": 3,
      "h125/outcome_miss_final_state_mse": 0.01054172276281843,
      "h125/outcome_miss_state_mse": 0.012327180550768485,
      "h125/outcome_partial_episode_count": 3,
      "h125/outcome_partial_final_state_mse": 0.004410879674300649,
      "h125/outcome_partial_state_mse": 0.00433597569683798,
      "h125/outcome_success_episode_count": 3,
      "h125/outcome_success_final_state_mse": 0.006714480472545998,
      "h125/outcome_success_state_mse": 0.0055602208555134295,
      "h125/state_mse": 0.007433875868055556,
      "h20/episode_count": 15,
      "h20/final_state_mse": 0.004600004121369006,
      "h20/outcome_drop_episode_count": 3,
      "h20/outcome_drop_final_state_mse": 0.003882673149015389,
      "h20/outcome_drop_state_mse": 0.002465564674801297,
      "h20/outcome_jam_episode_count": 3,
      "h20/outcome_jam_final_state_mse": 0.0038969398421399735,
      "h20/outcome_jam_state_mse": 0.0029413975142185984,
      "h20/outcome_miss_episode_count": 3,
      "h20/outcome_miss_final_state_mse": 0.008066525646284515,
      "h20/outcome_miss_state_mse": 0.011634256481345183,
      "h20/outcome_partial_episode_count": 3,
      "h20/outcome_partial_final_state_mse": 0.003559996026988123,
      "h20/outcome_partial_state_mse": 0.0023572911429249385,
      "h20/outcome_success_episode_count": 3,
      "h20/outcome_success_final_state_mse": 0.0035938861372034536,
      "h20/outcome_success_state_mse": 0.0023945099777645533,
      "h20/state_mse": 0.004358604281556372,
      "h30/episode_count": 15,
      "h30/final_state_mse": 0.005378382813696768,
      "h30/outcome_drop_episode_count": 3,
      "h30/outcome_drop_final_state_mse": 0.003888683527513267,
      "h30/outcome_drop_state_mse": 0.002943370025402061,
      "h30/outcome_jam_episode_count": 3,
      "h30/outcome_jam_final_state_mse": 0.004409428905038273,
      "h30/outcome_jam_state_mse": 0.0033078048224023226,
      "h30/outcome_miss_episode_count": 3,
      "h30/outcome_miss_final_state_mse": 0.010934916976230596,
      "h30/outcome_miss_state_mse": 0.010875550853920399,
      "h30/outcome_partial_episode_count": 3,
      "h30/outcome_partial_final_state_mse": 0.003685164003590353,
      "h30/outcome_partial_state_mse": 0.0027790264106783732,
      "h30/outcome_success_episode_count": 3,
      "h30/outcome_success_final_state_mse": 0.003973718659550536,
      "h30/outcome_success_state_mse": 0.002844636996067687,
      "h30/state_mse": 0.004550078148935355,
      "h40/episode_count": 15,
      "h40/final_state_mse": 0.006404048944610396,
      "h40/outcome_drop_episode_count": 3,
      "h40/outcome_drop_final_state_mse": 0.005084681549882577,
      "h40/outcome_drop_state_mse": 0.0034630924268485674,
      "h40/outcome_jam_episode_count": 3,
      "h40/outcome_jam_final_state_mse": 0.0042288687104493185,
      "h40/outcome_jam_state_mse": 0.0035551440871618933,
      "h40/outcome_miss_episode_count": 3,
      "h40/outcome_miss_final_state_mse": 0.014006685002956515,
      "h40/outcome_miss_state_mse": 0.011336809669444763,
      "h40/outcome_partial_episode_count": 3,
      "h40/outcome_partial_final_state_mse": 0.004259171633938559,
      "h40/outcome_partial_state_mse": 0.003082771979126276,
      "h40/outcome_success_episode_count": 3,
      "h40/outcome_success_final_state_mse": 0.004440840065868852,
      "h40/outcome_success_state_mse": 0.003190951955084707,
      "h40/state_mse": 0.004925754023533241,
      "h50/episode_count": 15,
      "h50/final_state_mse": 0.008788108202367048,
      "h50/outcome_drop_episode_count": 3,
      "h50/outcome_drop_final_state_mse": 0.007809425393740336,
      "h50/outcome_drop_state_mse": 0.004201081282173107,
      "h50/outcome_jam_episode_count": 3,
      "h50/outcome_jam_final_state_mse": 0.005923794570312001,
      "h50/outcome_jam_state_mse": 0.004086174871407303,
      "h50/outcome_miss_episode_count": 3,
      "h50/outcome_miss_final_state_mse": 0.017463927759843713,
      "h50/outcome_miss_state_mse": 0.012263536889568653,
      "h50/outcome_partial_episode_count": 3,
      "h50/outcome_partial_final_state_mse": 0.006313047864857842,
      "h50/outcome_partial_state_mse": 0.0035676718069836983,
      "h50/outcome_success_episode_count": 3,
      "h50/outcome_success_final_state_mse": 0.006430342111712188,
      "h50/outcome_success_state_mse": 0.0036824813543581496,
      "h50/state_mse": 0.005560189440359477,
      "h75/episode_count": 15,
      "h75/final_state_mse": 0.009485067729077309,
      "h75/outcome_drop_episode_count": 3,
      "h75/outcome_drop_final_state_mse": 0.010196422244988236,
      "h75/outcome_drop_state_mse": 0.005761938905404284,
      "h75/outcome_jam_episode_count": 3,
      "h75/outcome_jam_final_state_mse": 0.007858480405963325,
      "h75/outcome_jam_state_mse": 0.005023638656715942,
      "h75/outcome_miss_episode_count": 3,
      "h75/outcome_miss_final_state_mse": 0.015439361139060625,
      "h75/outcome_miss_state_mse": 0.01433456121706495,
      "h75/outcome_partial_episode_count": 3,
      "h75/outcome_partial_final_state_mse": 0.005995627711800968,
      "h75/outcome_partial_state_mse": 0.004282692304623672,
      "h75/outcome_success_episode_count": 3,
      "h75/outcome_success_final_state_mse": 0.00793544772793265,
      "h75/outcome_success_state_mse": 0.0044663196139865455,
      "h75/state_mse": 0.006773829507931645,
      "max_requested_horizon": 125,
      "reencode_period": 1,
      "rollout_mode": "periodic_1"
    },
    "periodic_10": {
      "episode_count": 15,
      "h10/episode_count": 15,
      "h10/final_state_mse": 0.0032063636904448465,
      "h10/outcome_drop_episode_count": 3,
      "h10/outcome_drop_final_state_mse": 0.002622083998193928,
      "h10/outcome_drop_state_mse": 0.0018212011437010922,
      "h10/outcome_jam_episode_count": 3,
      "h10/outcome_jam_final_state_mse": 0.004115933686300041,
      "h10/outcome_jam_state_mse": 0.002450242229536468,
      "h10/outcome_miss_episode_count": 3,
      "h10/outcome_miss_final_state_mse": 0.0040212566751280645,
      "h10/outcome_miss_state_mse": 0.01016890737745497,
      "h10/outcome_partial_episode_count": 3,
      "h10/outcome_partial_final_state_mse": 0.0026420497767675934,
      "h10/outcome_partial_state_mse": 0.0017543839862923217,
      "h10/outcome_success_episode_count": 3,
      "h10/outcome_success_final_state_mse": 0.002630494267138001,
      "h10/outcome_success_state_mse": 0.0017646370565190036,
      "h10/state_mse": 0.003591874565174377,
      "h100/episode_count": 15,
      "h100/final_state_mse": 0.0028564640119964,
      "h100/outcome_drop_episode_count": 3,
      "h100/outcome_drop_final_state_mse": 0.003087424618356368,
      "h100/outcome_drop_state_mse": 0.0024571642221189014,
      "h100/outcome_jam_episode_count": 3,
      "h100/outcome_jam_final_state_mse": 0.0034916313742500505,
      "h100/outcome_jam_state_mse": 0.0029193346796472087,
      "h100/outcome_miss_episode_count": 3,
      "h100/outcome_miss_final_state_mse": 0.001843089347376543,
      "h100/outcome_miss_state_mse": 0.0031071379293803295,
      "h100/outcome_partial_episode_count": 3,
      "h100/outcome_partial_final_state_mse": 0.0020927230224889867,
      "h100/outcome_partial_state_mse": 0.0020255034889271055,
      "h100/outcome_success_episode_count": 3,
      "h100/outcome_success_final_state_mse": 0.0037674525010040383,
      "h100/outcome_success_state_mse": 0.002341458563711129,
      "h100/state_mse": 0.002570119820389093,
      "h125/episode_count": 15,
      "h125/final_state_mse": 0.0034412228204066457,
      "h125/outcome_drop_episode_count": 3,
      "h125/outcome_drop_final_state_mse": 0.004612752814698064,
      "h125/outcome_drop_state_mse": 0.0027438070259842217,
      "h125/outcome_jam_episode_count": 3,
      "h125/outcome_jam_final_state_mse": 0.00410342625543183,
      "h125/outcome_jam_state_mse": 0.003100223516327104,
      "h125/outcome_miss_episode_count": 3,
      "h125/outcome_miss_final_state_mse": 0.003270701645246518,
      "h125/outcome_miss_state_mse": 0.0030290542802000357,
      "h125/outcome_partial_episode_count": 3,
      "h125/outcome_partial_final_state_mse": 0.0020068664761150583,
      "h125/outcome_partial_state_mse": 0.0020386306662964664,
      "h125/outcome_success_episode_count": 3,
      "h125/outcome_success_final_state_mse": 0.0032123670566315743,
      "h125/outcome_success_state_mse": 0.0025152845694348704,
      "h125/state_mse": 0.002685400071486928,
      "h20/episode_count": 15,
      "h20/final_state_mse": 0.002781974568086512,
      "h20/outcome_drop_episode_count": 3,
      "h20/outcome_drop_final_state_mse": 0.0026179084347354043,
      "h20/outcome_drop_state_mse": 0.001997832690968233,
      "h20/outcome_jam_episode_count": 3,
      "h20/outcome_jam_final_state_mse": 0.003024099699032852,
      "h20/outcome_jam_state_mse": 0.002590178235683566,
      "h20/outcome_miss_episode_count": 3,
      "h20/outcome_miss_final_state_mse": 0.0032877462605635324,
      "h20/outcome_miss_state_mse": 0.006728494245242449,
      "h20/outcome_partial_episode_count": 3,
      "h20/outcome_partial_final_state_mse": 0.002493482813531277,
      "h20/outcome_partial_state_mse": 0.0019348432230793572,
      "h20/outcome_success_episode_count": 3,
      "h20/outcome_success_final_state_mse": 0.0024866352916932573,
      "h20/outcome_success_state_mse": 0.0019419783665463816,
      "h20/state_mse": 0.0030386656717537276,
      "h30/episode_count": 15,
      "h30/final_state_mse": 0.0022477639266868044,
      "h30/outcome_drop_episode_count": 3,
      "h30/outcome_drop_final_state_mse": 0.0021308265090767852,
      "h30/outcome_drop_state_mse": 0.002025247269466292,
      "h30/outcome_jam_episode_count": 3,
      "h30/outcome_jam_final_state_mse": 0.0026337475899387806,
      "h30/outcome_jam_state_mse": 0.002626871439366559,
      "h30/outcome_miss_episode_count": 3,
      "h30/outcome_miss_final_state_mse": 0.0021593203536825244,
      "h30/outcome_miss_state_mse": 0.00530953625448389,
      "h30/outcome_partial_episode_count": 3,
      "h30/outcome_partial_final_state_mse": 0.002129671705606716,
      "h30/outcome_partial_state_mse": 0.0019646628489941036,
      "h30/outcome_success_episode_count": 3,
      "h30/outcome_success_final_state_mse": 0.002185252525545413,
      "h30/outcome_success_state_mse": 0.001969509161115991,
      "h30/state_mse": 0.0027791653635195397,
      "h40/episode_count": 15,
      "h40/final_state_mse": 0.0018340335172765394,
      "h40/outcome_drop_episode_count": 3,
      "h40/outcome_drop_final_state_mse": 0.0017532909082041846,
      "h40/outcome_drop_state_mse": 0.002073095086353277,
      "h40/outcome_jam_episode_count": 3,
      "h40/outcome_jam_final_state_mse": 0.0020138079580528283,
      "h40/outcome_jam_state_mse": 0.002581735296187058,
      "h40/outcome_miss_episode_count": 3,
      "h40/outcome_miss_final_state_mse": 0.0016570906915695839,
      "h40/outcome_miss_state_mse": 0.0044861206042221165,
      "h40/outcome_partial_episode_count": 3,
      "h40/outcome_partial_final_state_mse": 0.0018841265365968343,
      "h40/outcome_partial_state_mse": 0.0019493861136093639,
      "h40/outcome_success_episode_count": 3,
      "h40/outcome_success_final_state_mse": 0.0018618521980600419,
      "h40/outcome_success_state_mse": 0.0019566396482629715,
      "h40/state_mse": 0.0026093952951867596,
      "h50/episode_count": 15,
      "h50/final_state_mse": 0.0019928600273880306,
      "h50/outcome_drop_episode_count": 3,
      "h50/outcome_drop_final_state_mse": 0.0022872420746126985,
      "h50/outcome_drop_state_mse": 0.0021754239275564554,
      "h50/outcome_jam_episode_count": 3,
      "h50/outcome_jam_final_state_mse": 0.0027434585335987067,
      "h50/outcome_jam_state_mse": 0.0025923896303363873,
      "h50/outcome_miss_episode_count": 3,
      "h50/outcome_miss_final_state_mse": 0.0015860622371333876,
      "h50/outcome_miss_state_mse": 0.003965164633358226,
      "h50/outcome_partial_episode_count": 3,
      "h50/outcome_partial_final_state_mse": 0.0016300676061826594,
      "h50/outcome_partial_state_mse": 0.0019259010576734355,
      "h50/outcome_success_episode_count": 3,
      "h50/outcome_success_final_state_mse": 0.0017174700993338441,
      "h50/outcome_success_state_mse": 0.0019367755004783083,
      "h50/state_mse": 0.002519131130642361,
      "h75/episode_count": 15,
      "h75/final_state_mse": 0.00405833612080493,
      "h75/outcome_drop_episode_count": 3,
      "h75/outcome_drop_final_state_mse": 0.0033744061791818906,
      "h75/outcome_drop_state_mse": 0.0023448916250324455,
      "h75/outcome_jam_episode_count": 3,
      "h75/outcome_jam_final_state_mse": 0.0046731690857924665,
      "h75/outcome_jam_state_mse": 0.0028117651513459114,
      "h75/outcome_miss_episode_count": 3,
      "h75/outcome_miss_final_state_mse": 0.00453794348278856,
      "h75/outcome_miss_state_mse": 0.0033911721223320057,
      "h75/outcome_partial_episode_count": 3,
      "h75/outcome_partial_final_state_mse": 0.003443015508012834,
      "h75/outcome_partial_state_mse": 0.002047137923230273,
      "h75/outcome_success_episode_count": 3,
      "h75/outcome_success_final_state_mse": 0.004263146689125136,
      "h75/outcome_success_state_mse": 0.0020970324181783175,
      "h75/state_mse": 0.0025384000225524236,
      "max_requested_horizon": 125,
      "reencode_period": 10,
      "rollout_mode": "periodic_10"
    },
    "periodic_100": {
      "episode_count": 15,
      "h10/episode_count": 15,
      "h10/final_state_mse": 0.0032063636904448465,
      "h10/outcome_drop_episode_count": 3,
      "h10/outcome_drop_final_state_mse": 0.002622083998193928,
      "h10/outcome_drop_state_mse": 0.0018212011437010922,
      "h10/outcome_jam_episode_count": 3,
      "h10/outcome_jam_final_state_mse": 0.004115933686300041,
      "h10/outcome_jam_state_mse": 0.002450242229536468,
      "h10/outcome_miss_episode_count": 3,
      "h10/outcome_miss_final_state_mse": 0.0040212566751280645,
      "h10/outcome_miss_state_mse": 0.01016890737745497,
      "h10/outcome_partial_episode_count": 3,
      "h10/outcome_partial_final_state_mse": 0.0026420497767675934,
      "h10/outcome_partial_state_mse": 0.0017543839862923217,
      "h10/outcome_success_episode_count": 3,
      "h10/outcome_success_final_state_mse": 0.002630494267138001,
      "h10/outcome_success_state_mse": 0.0017646370565190036,
      "h10/state_mse": 0.003591874565174377,
      "h100/episode_count": 15,
      "h100/final_state_mse": 142809.96601307188,
      "h100/outcome_drop_episode_count": 3,
      "h100/outcome_drop_final_state_mse": 76607.05555555556,
      "h100/outcome_drop_state_mse": 3336.572450980392,
      "h100/outcome_jam_episode_count": 3,
      "h100/outcome_jam_final_state_mse": 83821.92238562091,
      "h100/outcome_jam_state_mse": 3647.834379084967,
      "h100/outcome_miss_episode_count": 3,
      "h100/outcome_miss_final_state_mse": 394018.86928104574,
      "h100/outcome_miss_state_mse": 16615.880784313726,
      "h100/outcome_partial_episode_count": 3,
      "h100/outcome_partial_final_state_mse": 80151.7883986928,
      "h100/outcome_partial_state_mse": 3483.6035947712417,
      "h100/outcome_success_episode_count": 3,
      "h100/outcome_success_final_state_mse": 79450.2295751634,
      "h100/outcome_success_state_mse": 3453.781111111111,
      "h100/state_mse": 6107.534640522876,
      "h125/episode_count": 15,
      "h125/final_state_mse": 31709.223529411764,
      "h125/outcome_drop_episode_count": 3,
      "h125/outcome_drop_final_state_mse": 20290.158088235294,
      "h125/outcome_drop_state_mse": 4649.012496732026,
      "h125/outcome_jam_episode_count": 3,
      "h125/outcome_jam_final_state_mse": 24599.79799836601,
      "h125/outcome_jam_state_mse": 5191.807581699346,
      "h125/outcome_miss_episode_count": 3,
      "h125/outcome_miss_final_state_mse": 69635.54575163398,
      "h125/outcome_miss_state_mse": 19042.052183006537,
      "h125/outcome_partial_episode_count": 3,
      "h125/outcome_partial_final_state_mse": 22444.257557189543,
      "h125/outcome_partial_state_mse": 4916.885751633987,
      "h125/outcome_success_episode_count": 3,
      "h125/outcome_success_final_state_mse": 21576.375204248365,
      "h125/outcome_success_state_mse": 4844.929150326798,
      "h125/state_mse": 7728.937160784314,
      "h20/episode_count": 15,
      "h20/final_state_mse": 0.011224922479367724,
      "h20/outcome_drop_episode_count": 3,
      "h20/outcome_drop_final_state_mse": 0.010451205561753192,
      "h20/outcome_drop_state_mse": 0.003988390966178545,
      "h20/outcome_jam_episode_count": 3,
      "h20/outcome_jam_final_state_mse": 0.011070201891699648,
      "h20/outcome_jam_state_mse": 0.004526536604937385,
      "h20/outcome_miss_episode_count": 3,
      "h20/outcome_miss_final_state_mse": 0.013824526780571033,
      "h20/outcome_miss_state_mse": 0.009124648648928972,
      "h20/outcome_partial_episode_count": 3,
      "h20/outcome_partial_final_state_mse": 0.010437915917315514,
      "h20/outcome_partial_state_mse": 0.003932277906953899,
      "h20/outcome_success_episode_count": 3,
      "h20/outcome_success_final_state_mse": 0.010340760541118049,
      "h20/outcome_success_state_mse": 0.003932991214826995,
      "h20/state_mse": 0.005100969302108864,
      "h30/episode_count": 15,
      "h30/final_state_mse": 0.03414452496696921,
      "h30/outcome_drop_episode_count": 3,
      "h30/outcome_drop_final_state_mse": 0.029443075843885832,
      "h30/outcome_drop_state_mse": 0.009098264490597129,
      "h30/outcome_jam_episode_count": 3,
      "h30/outcome_jam_final_state_mse": 0.030820131301879883,
      "h30/outcome_jam_state_mse": 0.00960970402802777,
      "h30/outcome_miss_episode_count": 3,
      "h30/outcome_miss_final_state_mse": 0.05025477970347685,
      "h30/outcome_miss_state_mse": 0.016679164994516143,
      "h30/outcome_partial_episode_count": 3,
      "h30/outcome_partial_final_state_mse": 0.030129799266266667,
      "h30/outcome_partial_state_mse": 0.009064160764606949,
      "h30/outcome_success_episode_count": 3,
      "h30/outcome_success_final_state_mse": 0.03007482820087009,
      "h30/outcome_success_state_mse": 0.009035049908041694,
      "h30/state_mse": 0.01069726881638072,
      "h40/episode_count": 15,
      "h40/final_state_mse": 0.13878608653747956,
      "h40/outcome_drop_episode_count": 3,
      "h40/outcome_drop_final_state_mse": 0.09697980195089104,
      "h40/outcome_drop_state_mse": 0.021510788038665175,
      "h40/outcome_jam_episode_count": 3,
      "h40/outcome_jam_final_state_mse": 0.10829029207915263,
      "h40/outcome_jam_state_mse": 0.023099401885387946,
      "h40/outcome_miss_episode_count": 3,
      "h40/outcome_miss_final_state_mse": 0.2579638350243662,
      "h40/outcome_miss_state_mse": 0.040106648089838964,
      "h40/outcome_partial_episode_count": 3,
      "h40/outcome_partial_final_state_mse": 0.1139473291783551,
      "h40/outcome_partial_state_mse": 0.022866351931702857,
      "h40/outcome_success_episode_count": 3,
      "h40/outcome_success_final_state_mse": 0.11674923055312213,
      "h40/outcome_success_state_mse": 0.022982290679333255,
      "h40/state_mse": 0.02611309774560866,
      "h50/episode_count": 15,
      "h50/final_state_mse": 1.5925053615196079,
      "h50/outcome_drop_episode_count": 3,
      "h50/outcome_drop_final_state_mse": 0.7854151008955015,
      "h50/outcome_drop_state_mse": 0.08692527023016237,
      "h50/outcome_jam_episode_count": 3,
      "h50/outcome_jam_final_state_mse": 0.7675787483165467,
      "h50/outcome_jam_state_mse": 0.08896245220907373,
      "h50/outcome_miss_episode_count": 3,
      "h50/outcome_miss_final_state_mse": 4.756009369893791,
      "h50/outcome_miss_state_mse": 0.4003508045470793,
      "h50/outcome_partial_episode_count": 3,
      "h50/outcome_partial_final_state_mse": 0.8148918027192159,
      "h50/outcome_partial_state_mse": 0.09312993866166258,
      "h50/outcome_success_episode_count": 3,
      "h50/outcome_success_final_state_mse": 0.838632035099603,
      "h50/outcome_success_state_mse": 0.09508541531032987,
      "h50/state_mse": 0.1528907781862745,
      "h75/episode_count": 15,
      "h75/final_state_mse": 325.1057802287582,
      "h75/outcome_drop_episode_count": 3,
      "h75/outcome_drop_final_state_mse": 225.76277350132762,
      "h75/outcome_drop_state_mse": 15.743283632897603,
      "h75/outcome_jam_episode_count": 3,
      "h75/outcome_jam_final_state_mse": 226.31450099571077,
      "h75/outcome_jam_state_mse": 15.395788568899782,
      "h75/outcome_miss_episode_count": 3,
      "h75/outcome_miss_final_state_mse": 723.1041666666666,
      "h75/outcome_miss_state_mse": 56.038229847494556,
      "h75/outcome_partial_episode_count": 3,
      "h75/outcome_partial_final_state_mse": 223.1151402292688,
      "h75/outcome_partial_state_mse": 15.28299411083878,
      "h75/outcome_success_episode_count": 3,
      "h75/outcome_success_final_state_mse": 227.23231336805554,
      "h75/outcome_success_state_mse": 15.63503046704793,
      "h75/state_mse": 23.619065359477123,
      "max_requested_horizon": 125,
      "reencode_period": 100,
      "rollout_mode": "periodic_100"
    },
    "periodic_2": {
      "episode_count": 15,
      "h10/episode_count": 15,
      "h10/final_state_mse": 0.002959411284502815,
      "h10/outcome_drop_episode_count": 3,
      "h10/outcome_drop_final_state_mse": 0.0015676604474292083,
      "h10/outcome_drop_state_mse": 0.00150119783052432,
      "h10/outcome_jam_episode_count": 3,
      "h10/outcome_jam_final_state_mse": 0.0023129304834440642,
      "h10/outcome_jam_state_mse": 0.002010703710169574,
      "h10/outcome_miss_episode_count": 3,
      "h10/outcome_miss_final_state_mse": 0.008034455766475278,
      "h10/outcome_miss_state_mse": 0.013007752412284902,
      "h10/outcome_partial_episode_count": 3,
      "h10/outcome_partial_final_state_mse": 0.0014295724823194392,
      "h10/outcome_partial_state_mse": 0.0013928184711855221,
      "h10/outcome_success_episode_count": 3,
      "h10/outcome_success_final_state_mse": 0.0014524371941494786,
      "h10/outcome_success_state_mse": 0.0014066588060528623,
      "h10/state_mse": 0.0038638263278537328,
      "h100/episode_count": 15,
      "h100/final_state_mse": 0.00451817699507171,
      "h100/outcome_drop_episode_count": 3,
      "h100/outcome_drop_final_state_mse": 0.006823026276881399,
      "h100/outcome_drop_state_mse": 0.004205529830035041,
      "h100/outcome_jam_episode_count": 3,
      "h100/outcome_jam_final_state_mse": 0.0032177180100500195,
      "h100/outcome_jam_state_mse": 0.003290778640048956,
      "h100/outcome_miss_episode_count": 3,
      "h100/outcome_miss_final_state_mse": 0.005535229602280785,
      "h100/outcome_miss_state_mse": 0.004960223677890753,
      "h100/outcome_partial_episode_count": 3,
      "h100/outcome_partial_final_state_mse": 0.004044633188278846,
      "h100/outcome_partial_state_mse": 0.002644335241878734,
      "h100/outcome_success_episode_count": 3,
      "h100/outcome_success_final_state_mse": 0.0029702779222158045,
      "h100/outcome_success_state_mse": 0.002727057388405395,
      "h100/state_mse": 0.0035655844694648694,
      "h125/episode_count": 15,
      "h125/final_state_mse": 0.007484609940472771,
      "h125/outcome_drop_episode_count": 3,
      "h125/outcome_drop_final_state_mse": 0.006558410482468948,
      "h125/outcome_drop_state_mse": 0.004778293584686478,
      "h125/outcome_jam_episode_count": 3,
      "h125/outcome_jam_final_state_mse": 0.0036250134698705737,
      "h125/outcome_jam_state_mse": 0.0034670974631714666,
      "h125/outcome_miss_episode_count": 3,
      "h125/outcome_miss_final_state_mse": 0.018978896678662767,
      "h125/outcome_miss_state_mse": 0.006421313017801522,
      "h125/outcome_partial_episode_count": 3,
      "h125/outcome_partial_final_state_mse": 0.004207441376315223,
      "h125/outcome_partial_state_mse": 0.0029300271825852737,
      "h125/outcome_success_episode_count": 3,
      "h125/outcome_success_final_state_mse": 0.004053291736864576,
      "h125/outcome_success_state_mse": 0.00290076471465865,
      "h125/state_mse": 0.004099499272365196,
      "h20/episode_count": 15,
      "h20/final_state_mse": 0.002708823384802326,
      "h20/outcome_drop_episode_count": 3,
      "h20/outcome_drop_final_state_mse": 0.002854137711859996,
      "h20/outcome_drop_state_mse": 0.0017733919075111938,
      "h20/outcome_jam_episode_count": 3,
      "h20/outcome_jam_final_state_mse": 0.0026482098729781857,
      "h20/outcome_jam_state_mse": 0.0022569766621184503,
      "h20/outcome_miss_episode_count": 3,
      "h20/outcome_miss_final_state_mse": 0.0030714560275763468,
      "h20/outcome_miss_state_mse": 0.00915795198453018,
      "h20/outcome_partial_episode_count": 3,
      "h20/outcome_partial_final_state_mse": 0.002489215846544777,
      "h20/outcome_partial_state_mse": 0.0016742698507371291,
      "h20/outcome_success_episode_count": 3,
      "h20/outcome_success_final_state_mse": 0.002481097343310811,
      "h20/outcome_success_state_mse": 0.0016951521237691244,
      "h20/state_mse": 0.0033115484200271906,
      "h30/episode_count": 15,
      "h30/final_state_mse": 0.002915174820843865,
      "h30/outcome_drop_episode_count": 3,
      "h30/outcome_drop_final_state_mse": 0.0026627022261713064,
      "h30/outcome_drop_state_mse": 0.0021273844122626944,
      "h30/outcome_jam_episode_count": 3,
      "h30/outcome_jam_final_state_mse": 0.0033372723393970067,
      "h30/outcome_jam_state_mse": 0.0026110229409078626,
      "h30/outcome_miss_episode_count": 3,
      "h30/outcome_miss_final_state_mse": 0.0030117585183748233,
      "h30/outcome_miss_state_mse": 0.0071987058602127375,
      "h30/outcome_partial_episode_count": 3,
      "h30/outcome_partial_final_state_mse": 0.0027317977175603503,
      "h30/outcome_partial_state_mse": 0.002037403786104489,
      "h30/outcome_success_episode_count": 3,
      "h30/outcome_success_final_state_mse": 0.0028323423044354307,
      "h30/outcome_success_state_mse": 0.002060414503342705,
      "h30/state_mse": 0.0032069865706699347,
      "h40/episode_count": 15,
      "h40/final_state_mse": 0.0030348871268478096,
      "h40/outcome_drop_episode_count": 3,
      "h40/outcome_drop_final_state_mse": 0.003248343232020833,
      "h40/outcome_drop_state_mse": 0.0024215526830137168,
      "h40/outcome_jam_episode_count": 3,
      "h40/outcome_jam_final_state_mse": 0.0025430070905903585,
      "h40/outcome_jam_state_mse": 0.00270068384463491,
      "h40/outcome_miss_episode_count": 3,
      "h40/outcome_miss_final_state_mse": 0.0044649681137278185,
      "h40/outcome_miss_state_mse": 0.006418668522554285,
      "h40/outcome_partial_episode_count": 3,
      "h40/outcome_partial_final_state_mse": 0.002471690279206419,
      "h40/outcome_partial_state_mse": 0.0021659517989439125,
      "h40/outcome_success_episode_count": 3,
      "h40/outcome_success_final_state_mse": 0.0024464256525818817,
      "h40/outcome_success_state_mse": 0.0021924734115600585,
      "h40/state_mse": 0.0031798658183976717,
      "h50/episode_count": 15,
      "h50/final_state_mse": 0.003260448555541194,
      "h50/outcome_drop_episode_count": 3,
      "h50/outcome_drop_final_state_mse": 0.004074639549442366,
      "h50/outcome_drop_state_mse": 0.0028527987548728393,
      "h50/outcome_jam_episode_count": 3,
      "h50/outcome_jam_final_state_mse": 0.003056176006793976,
      "h50/outcome_jam_state_mse": 0.002806419734082191,
      "h50/outcome_miss_episode_count": 3,
      "h50/outcome_miss_final_state_mse": 0.004086520693270989,
      "h50/outcome_miss_state_mse": 0.006074704064263238,
      "h50/outcome_partial_episode_count": 3,
      "h50/outcome_partial_final_state_mse": 0.0024876871627140668,
      "h50/outcome_partial_state_mse": 0.0022409092522914114,
      "h50/outcome_success_episode_count": 3,
      "h50/outcome_success_final_state_mse": 0.0025972199011472315,
      "h50/outcome_success_state_mse": 0.0022674544963961333,
      "h50/state_mse": 0.0032484573663449754,
      "h75/episode_count": 15,
      "h75/final_state_mse": 0.0056094780466914955,
      "h75/outcome_drop_episode_count": 3,
      "h75/outcome_drop_final_state_mse": 0.0065825068775345295,
      "h75/outcome_drop_state_mse": 0.0035836895462734246,
      "h75/outcome_jam_episode_count": 3,
      "h75/outcome_jam_final_state_mse": 0.0055074688850664626,
      "h75/outcome_jam_state_mse": 0.0032012564216563903,
      "h75/outcome_miss_episode_count": 3,
      "h75/outcome_miss_final_state_mse": 0.0062118251047103236,
      "h75/outcome_miss_state_mse": 0.005252361505379604,
      "h75/outcome_partial_episode_count": 3,
      "h75/outcome_partial_final_state_mse": 0.004078155980001088,
      "h75/outcome_partial_state_mse": 0.0025155784257876327,
      "h75/outcome_success_episode_count": 3,
      "h75/outcome_success_final_state_mse": 0.005667433240055259,
      "h75/outcome_success_state_mse": 0.0026037879395329096,
      "h75/state_mse": 0.0034313347843477667,
      "max_requested_horizon": 125,
      "reencode_period": 2,
      "rollout_mode": "periodic_2"
    },
    "periodic_20": {
      "episode_count": 15,
      "h10/episode_count": 15,
      "h10/final_state_mse": 0.0032063636904448465,
      "h10/outcome_drop_episode_count": 3,
      "h10/outcome_drop_final_state_mse": 0.002622083998193928,
      "h10/outcome_drop_state_mse": 0.0018212011437010922,
      "h10/outcome_jam_episode_count": 3,
      "h10/outcome_jam_final_state_mse": 0.004115933686300041,
      "h10/outcome_jam_state_mse": 0.002450242229536468,
      "h10/outcome_miss_episode_count": 3,
      "h10/outcome_miss_final_state_mse": 0.0040212566751280645,
      "h10/outcome_miss_state_mse": 0.01016890737745497,
      "h10/outcome_partial_episode_count": 3,
      "h10/outcome_partial_final_state_mse": 0.0026420497767675934,
      "h10/outcome_partial_state_mse": 0.0017543839862923217,
      "h10/outcome_success_episode_count": 3,
      "h10/outcome_success_final_state_mse": 0.002630494267138001,
      "h10/outcome_success_state_mse": 0.0017646370565190036,
      "h10/state_mse": 0.003591874565174377,
      "h100/episode_count": 15,
      "h100/final_state_mse": 0.011874304877387153,
      "h100/outcome_drop_episode_count": 3,
      "h100/outcome_drop_final_state_mse": 0.008478305698220247,
      "h100/outcome_drop_state_mse": 0.003987438413831923,
      "h100/outcome_jam_episode_count": 3,
      "h100/outcome_jam_final_state_mse": 0.015563431518529755,
      "h100/outcome_jam_state_mse": 0.005275146259981043,
      "h100/outcome_miss_episode_count": 3,
      "h100/outcome_miss_final_state_mse": 0.009817829124288621,
      "h100/outcome_miss_state_mse": 0.005331706003425947,
      "h100/outcome_partial_episode_count": 3,
      "h100/outcome_partial_final_state_mse": 0.009585017082737941,
      "h100/outcome_partial_state_mse": 0.004163695316688687,
      "h100/outcome_success_episode_count": 3,
      "h100/outcome_success_final_state_mse": 0.01592694349538267,
      "h100/outcome_success_state_mse": 0.004733125960904788,
      "h100/state_mse": 0.004698222241370506,
      "h125/episode_count": 15,
      "h125/final_state_mse": 0.006764224307988983,
      "h125/outcome_drop_episode_count": 3,
      "h125/outcome_drop_final_state_mse": 0.005827087689848507,
      "h125/outcome_drop_state_mse": 0.004453625049466401,
      "h125/outcome_jam_episode_count": 3,
      "h125/outcome_jam_final_state_mse": 0.00744853904044706,
      "h125/outcome_jam_state_mse": 0.006179398979236877,
      "h125/outcome_miss_episode_count": 3,
      "h125/outcome_miss_final_state_mse": 0.00866699881023831,
      "h125/outcome_miss_state_mse": 0.00601542693493413,
      "h125/outcome_partial_episode_count": 3,
      "h125/outcome_partial_final_state_mse": 0.0052243742872686945,
      "h125/outcome_partial_state_mse": 0.004550757713567197,
      "h125/outcome_success_episode_count": 3,
      "h125/outcome_success_final_state_mse": 0.00665412137126611,
      "h125/outcome_success_state_mse": 0.005900116365719465,
      "h125/state_mse": 0.005419865068423202,
      "h20/episode_count": 15,
      "h20/final_state_mse": 0.011224922479367724,
      "h20/outcome_drop_episode_count": 3,
      "h20/outcome_drop_final_state_mse": 0.010451205561753192,
      "h20/outcome_drop_state_mse": 0.003988390966178545,
      "h20/outcome_jam_episode_count": 3,
      "h20/outcome_jam_final_state_mse": 0.011070201891699648,
      "h20/outcome_jam_state_mse": 0.004526536604937385,
      "h20/outcome_miss_episode_count": 3,
      "h20/outcome_miss_final_state_mse": 0.013824526780571033,
      "h20/outcome_miss_state_mse": 0.009124648648928972,
      "h20/outcome_partial_episode_count": 3,
      "h20/outcome_partial_final_state_mse": 0.010437915917315514,
      "h20/outcome_partial_state_mse": 0.003932277906953899,
      "h20/outcome_success_episode_count": 3,
      "h20/outcome_success_final_state_mse": 0.010340760541118049,
      "h20/outcome_success_state_mse": 0.003932991214826995,
      "h20/state_mse": 0.005100969302108864,
      "h30/episode_count": 15,
      "h30/final_state_mse": 0.0031759009641759537,
      "h30/outcome_drop_episode_count": 3,
      "h30/outcome_drop_final_state_mse": 0.002997260078106051,
      "h30/outcome_drop_state_mse": 0.003791035961741196,
      "h30/outcome_jam_episode_count": 3,
      "h30/outcome_jam_final_state_mse": 0.003288051831761217,
      "h30/outcome_jam_state_mse": 0.0042984160982185975,
      "h30/outcome_miss_episode_count": 3,
      "h30/outcome_miss_final_state_mse": 0.0037607637300989985,
      "h30/outcome_miss_state_mse": 0.007547193415024701,
      "h30/outcome_partial_episode_count": 3,
      "h30/outcome_partial_final_state_mse": 0.002896648776881835,
      "h30/outcome_partial_state_mse": 0.0037217688976030204,
      "h30/outcome_success_episode_count": 3,
      "h30/outcome_success_final_state_mse": 0.0029367792109648385,
      "h30/outcome_success_state_mse": 0.0037264901308712095,
      "h30/state_mse": 0.0046169811240468405,
      "h40/episode_count": 15,
      "h40/final_state_mse": 0.005321154251597286,
      "h40/outcome_drop_episode_count": 3,
      "h40/outcome_drop_final_state_mse": 0.004096260549975377,
      "h40/outcome_drop_state_mse": 0.003798897554671842,
      "h40/outcome_jam_episode_count": 3,
      "h40/outcome_jam_final_state_mse": 0.0056334560603098155,
      "h40/outcome_jam_state_mse": 0.004322418823740841,
      "h40/outcome_miss_episode_count": 3,
      "h40/outcome_miss_final_state_mse": 0.0055980042499654435,
      "h40/outcome_miss_state_mse": 0.006736647069843766,
      "h40/outcome_partial_episode_count": 3,
      "h40/outcome_partial_final_state_mse": 0.005641695038945067,
      "h40/outcome_partial_state_mse": 0.003778745068444146,
      "h40/outcome_success_episode_count": 3,
      "h40/outcome_success_final_state_mse": 0.005636355407487333,
      "h40/outcome_success_state_mse": 0.0037875653092378104,
      "h40/state_mse": 0.004484854804144965,
      "h50/episode_count": 15,
      "h50/final_state_mse": 0.00257261500639074,
      "h50/outcome_drop_episode_count": 3,
      "h50/outcome_drop_final_state_mse": 0.003072934553903692,
      "h50/outcome_drop_state_mse": 0.0037499817991568374,
      "h50/outcome_jam_episode_count": 3,
      "h50/outcome_jam_final_state_mse": 0.003228199272568709,
      "h50/outcome_jam_state_mse": 0.004127455692665249,
      "h50/outcome_miss_episode_count": 3,
      "h50/outcome_miss_final_state_mse": 0.0018845095353968004,
      "h50/outcome_miss_state_mse": 0.005814667745353349,
      "h50/outcome_partial_episode_count": 3,
      "h50/outcome_partial_final_state_mse": 0.0022931172956828197,
      "h50/outcome_partial_state_mse": 0.003542302200217652,
      "h50/outcome_success_episode_count": 3,
      "h50/outcome_success_final_state_mse": 0.0023843151048507567,
      "h50/outcome_success_state_mse": 0.0035579052470088783,
      "h50/state_mse": 0.004158462424683415,
      "h75/episode_count": 15,
      "h75/final_state_mse": 0.006823027991001902,
      "h75/outcome_drop_episode_count": 3,
      "h75/outcome_drop_final_state_mse": 0.004503817242734572,
      "h75/outcome_drop_state_mse": 0.003789332271401399,
      "h75/outcome_jam_episode_count": 3,
      "h75/outcome_jam_final_state_mse": 0.0081622339541616,
      "h75/outcome_jam_state_mse": 0.004252377927692887,
      "h75/outcome_miss_episode_count": 3,
      "h75/outcome_miss_final_state_mse": 0.0062616385665594364,
      "h75/outcome_miss_state_mse": 0.00528152681903382,
      "h75/outcome_partial_episode_count": 3,
      "h75/outcome_partial_final_state_mse": 0.007281109008913726,
      "h75/outcome_partial_state_mse": 0.0035508228543017686,
      "h75/outcome_success_episode_count": 3,
      "h75/outcome_success_final_state_mse": 0.007906343033111173,
      "h75/outcome_success_state_mse": 0.003601004407296773,
      "h75/state_mse": 0.004095012722971133,
      "max_requested_horizon": 125,
      "reencode_period": 20,
      "rollout_mode": "periodic_20"
    },
    "periodic_5": {
      "episode_count": 15,
      "h10/episode_count": 15,
      "h10/final_state_mse": 0.0023287671843385386,
      "h10/outcome_drop_episode_count": 3,
      "h10/outcome_drop_final_state_mse": 0.0015694652166631487,
      "h10/outcome_drop_state_mse": 0.001505315264845206,
      "h10/outcome_jam_episode_count": 3,
      "h10/outcome_jam_final_state_mse": 0.0025351277363845725,
      "h10/outcome_jam_state_mse": 0.0020499311241449093,
      "h10/outcome_miss_episode_count": 3,
      "h10/outcome_miss_final_state_mse": 0.00458050738362705,
      "h10/outcome_miss_state_mse": 0.010678630093343897,
      "h10/outcome_partial_episode_count": 3,
      "h10/outcome_partial_final_state_mse": 0.001461326552469746,
      "h10/outcome_partial_state_mse": 0.0014121606069452623,
      "h10/outcome_success_episode_count": 3,
      "h10/outcome_success_final_state_mse": 0.0014974090934189316,
      "h10/outcome_success_state_mse": 0.0014337137828465381,
      "h10/state_mse": 0.0034159502016952612,
      "h100/episode_count": 15,
      "h100/final_state_mse": 0.002788954466776131,
      "h100/outcome_drop_episode_count": 3,
      "h100/outcome_drop_final_state_mse": 0.0034341373864342183,
      "h100/outcome_drop_state_mse": 0.0025933191823024376,
      "h100/outcome_jam_episode_count": 3,
      "h100/outcome_jam_final_state_mse": 0.0028584644295810875,
      "h100/outcome_jam_state_mse": 0.002772550395890778,
      "h100/outcome_miss_episode_count": 3,
      "h100/outcome_miss_final_state_mse": 0.0028446567019605948,
      "h100/outcome_miss_state_mse": 0.0034898061066671133,
      "h100/outcome_partial_episode_count": 3,
      "h100/outcome_partial_final_state_mse": 0.002066020165977914,
      "h100/outcome_partial_state_mse": 0.0019692669351116503,
      "h100/outcome_success_episode_count": 3,
      "h100/outcome_success_final_state_mse": 0.0027414931386124854,
      "h100/outcome_success_state_mse": 0.00213272836473253,
      "h100/state_mse": 0.002591534184474571,
      "h125/episode_count": 15,
      "h125/final_state_mse": 0.0037290273928174784,
      "h125/outcome_drop_episode_count": 3,
      "h125/outcome_drop_final_state_mse": 0.004589169730547986,
      "h125/outcome_drop_state_mse": 0.0028912953395469516,
      "h125/outcome_jam_episode_count": 3,
      "h125/outcome_jam_final_state_mse": 0.003974796704996645,
      "h125/outcome_jam_state_mse": 0.0029437759000491472,
      "h125/outcome_miss_episode_count": 3,
      "h125/outcome_miss_final_state_mse": 0.00513277383022059,
      "h125/outcome_miss_state_mse": 0.003666409361596201,
      "h125/outcome_partial_episode_count": 3,
      "h125/outcome_partial_final_state_mse": 0.0020502441459231907,
      "h125/outcome_partial_state_mse": 0.002008639840518727,
      "h125/outcome_success_episode_count": 3,
      "h125/outcome_success_final_state_mse": 0.002898153282848059,
      "h125/outcome_success_state_mse": 0.0022729078055986392,
      "h125/state_mse": 0.0027566055198120915,
      "h20/episode_count": 15,
      "h20/final_state_mse": 0.002045833986569074,
      "h20/outcome_drop_episode_count": 3,
      "h20/outcome_drop_final_state_mse": 0.002013687312213424,
      "h20/outcome_drop_state_mse": 0.001613976616485446,
      "h20/outcome_jam_episode_count": 3,
      "h20/outcome_jam_final_state_mse": 0.0022096529213431614,
      "h20/outcome_jam_state_mse": 0.0021531429166108174,
      "h20/outcome_miss_episode_count": 3,
      "h20/outcome_miss_final_state_mse": 0.002460747908533009,
      "h20/outcome_miss_state_mse": 0.007154270714404536,
      "h20/outcome_partial_episode_count": 3,
      "h20/outcome_partial_final_state_mse": 0.0017568825019730462,
      "h20/outcome_partial_state_mse": 0.0015265457380830851,
      "h20/outcome_success_episode_count": 3,
      "h20/outcome_success_final_state_mse": 0.001788199142692915,
      "h20/outcome_success_state_mse": 0.0015496590168647517,
      "h20/state_mse": 0.0027995190589256537,
      "h30/episode_count": 15,
      "h30/final_state_mse": 0.0018454760507820478,
      "h30/outcome_drop_episode_count": 3,
      "h30/outcome_drop_final_state_mse": 0.0017372481281461279,
      "h30/outcome_drop_state_mse": 0.0017175595485047317,
      "h30/outcome_jam_episode_count": 3,
      "h30/outcome_jam_final_state_mse": 0.0020889747473928663,
      "h30/outcome_jam_state_mse": 0.002253430081868224,
      "h30/outcome_miss_episode_count": 3,
      "h30/outcome_miss_final_state_mse": 0.0018912431558752371,
      "h30/outcome_miss_state_mse": 0.005571556299080776,
      "h30/outcome_partial_episode_count": 3,
      "h30/outcome_partial_final_state_mse": 0.0017191779623234194,
      "h30/outcome_partial_state_mse": 0.0016289358305255832,
      "h30/outcome_success_episode_count": 3,
      "h30/outcome_success_final_state_mse": 0.0017907359436446545,
      "h30/outcome_success_state_mse": 0.0016510761641209421,
      "h30/state_mse": 0.0025645114341852192,
      "h40/episode_count": 15,
      "h40/final_state_mse": 0.0017292038287991791,
      "h40/outcome_drop_episode_count": 3,
      "h40/outcome_drop_final_state_mse": 0.0019227274590068394,
      "h40/outcome_drop_state_mse": 0.0018392166086271698,
      "h40/outcome_jam_episode_count": 3,
      "h40/outcome_jam_final_state_mse": 0.0016254814816456214,
      "h40/outcome_jam_state_mse": 0.0022453493542141383,
      "h40/outcome_miss_episode_count": 3,
      "h40/outcome_miss_final_state_mse": 0.0019314307110761505,
      "h40/outcome_miss_state_mse": 0.004738904058543685,
      "h40/outcome_partial_episode_count": 3,
      "h40/outcome_partial_final_state_mse": 0.0015800756712754567,
      "h40/outcome_partial_state_mse": 0.0016497603623695622,
      "h40/outcome_success_episode_count": 3,
      "h40/outcome_success_final_state_mse": 0.0015863036018571044,
      "h40/outcome_success_state_mse": 0.001674360114764544,
      "h40/state_mse": 0.0024295183568218953,
      "h50/episode_count": 15,
      "h50/final_state_mse": 0.002109464321261138,
      "h50/outcome_drop_episode_count": 3,
      "h50/outcome_drop_final_state_mse": 0.0025225442414190257,
      "h50/outcome_drop_state_mse": 0.002073777703677907,
      "h50/outcome_jam_episode_count": 3,
      "h50/outcome_jam_final_state_mse": 0.002708742626352248,
      "h50/outcome_jam_state_mse": 0.0023019693723691057,
      "h50/outcome_miss_episode_count": 3,
      "h50/outcome_miss_final_state_mse": 0.0016545762180113326,
      "h50/outcome_miss_state_mse": 0.004203818576787812,
      "h50/outcome_partial_episode_count": 3,
      "h50/outcome_partial_final_state_mse": 0.001792614926504933,
      "h50/outcome_partial_state_mse": 0.0016771950129590002,
      "h50/outcome_success_episode_count": 3,
      "h50/outcome_success_final_state_mse": 0.0018688437401079665,
      "h50/outcome_success_state_mse": 0.0017017142133775101,
      "h50/state_mse": 0.0023916951098473245,
      "h75/episode_count": 15,
      "h75/final_state_mse": 0.004257275699790007,
      "h75/outcome_drop_episode_count": 3,
      "h75/outcome_drop_final_state_mse": 0.0034842371599736557,
      "h75/outcome_drop_state_mse": 0.0024442730490158845,
      "h75/outcome_jam_episode_count": 3,
      "h75/outcome_jam_final_state_mse": 0.0046367694934209185,
      "h75/outcome_jam_state_mse": 0.0026887154838877826,
      "h75/outcome_miss_episode_count": 3,
      "h75/outcome_miss_final_state_mse": 0.0052720090143041675,
      "h75/outcome_miss_state_mse": 0.0036755307931006604,
      "h75/outcome_partial_episode_count": 3,
      "h75/outcome_partial_final_state_mse": 0.0036060575858440276,
      "h75/outcome_partial_state_mse": 0.001946402531044156,
      "h75/outcome_success_episode_count": 3,
      "h75/outcome_success_final_state_mse": 0.004287306097597858,
      "h75/outcome_success_state_mse": 0.0020036754525045424,
      "h75/state_mse": 0.0025517195159313727,
      "max_requested_horizon": 125,
      "reencode_period": 5,
      "rollout_mode": "periodic_5"
    },
    "periodic_50": {
      "episode_count": 15,
      "h10/episode_count": 15,
      "h10/final_state_mse": 0.0032063636904448465,
      "h10/outcome_drop_episode_count": 3,
      "h10/outcome_drop_final_state_mse": 0.002622083998193928,
      "h10/outcome_drop_state_mse": 0.0018212011437010922,
      "h10/outcome_jam_episode_count": 3,
      "h10/outcome_jam_final_state_mse": 0.004115933686300041,
      "h10/outcome_jam_state_mse": 0.002450242229536468,
      "h10/outcome_miss_episode_count": 3,
      "h10/outcome_miss_final_state_mse": 0.0040212566751280645,
      "h10/outcome_miss_state_mse": 0.01016890737745497,
      "h10/outcome_partial_episode_count": 3,
      "h10/outcome_partial_final_state_mse": 0.0026420497767675934,
      "h10/outcome_partial_state_mse": 0.0017543839862923217,
      "h10/outcome_success_episode_count": 3,
      "h10/outcome_success_final_state_mse": 0.002630494267138001,
      "h10/outcome_success_state_mse": 0.0017646370565190036,
      "h10/state_mse": 0.003591874565174377,
      "h100/episode_count": 15,
      "h100/final_state_mse": 353.8332924836601,
      "h100/outcome_drop_episode_count": 3,
      "h100/outcome_drop_final_state_mse": 286.1336837469363,
      "h100/outcome_drop_state_mse": 13.01621808619281,
      "h100/outcome_jam_episode_count": 3,
      "h100/outcome_jam_final_state_mse": 295.4664458231209,
      "h100/outcome_jam_state_mse": 13.12100439133987,
      "h100/outcome_miss_episode_count": 3,
      "h100/outcome_miss_final_state_mse": 564.1430504493464,
      "h100/outcome_miss_state_mse": 30.565340073529413,
      "h100/outcome_partial_episode_count": 3,
      "h100/outcome_partial_final_state_mse": 305.772540722018,
      "h100/outcome_partial_state_mse": 13.496064644607843,
      "h100/outcome_success_episode_count": 3,
      "h100/outcome_success_final_state_mse": 317.65078635620915,
      "h100/outcome_success_state_mse": 14.085474239174836,
      "h100/state_mse": 16.856820261437907,
      "h125/episode_count": 15,
      "h125/final_state_mse": 147.0703125,
      "h125/outcome_drop_episode_count": 3,
      "h125/outcome_drop_final_state_mse": 124.85001627604167,
      "h125/outcome_drop_state_mse": 19.99014195261438,
      "h125/outcome_jam_episode_count": 3,
      "h125/outcome_jam_final_state_mse": 116.47818372140523,
      "h125/outcome_jam_state_mse": 19.326427083333332,
      "h125/outcome_miss_episode_count": 3,
      "h125/outcome_miss_final_state_mse": 260.47107970792484,
      "h125/outcome_miss_state_mse": 40.92511846405229,
      "h125/outcome_partial_episode_count": 3,
      "h125/outcome_partial_final_state_mse": 114.5784553079044,
      "h125/outcome_partial_state_mse": 19.665614379084968,
      "h125/outcome_success_episode_count": 3,
      "h125/outcome_success_final_state_mse": 118.97381950827206,
      "h125/outcome_success_state_mse": 20.602295343137254,
      "h125/state_mse": 24.10191633986928,
      "h20/episode_count": 15,
      "h20/final_state_mse": 0.011224922479367724,
      "h20/outcome_drop_episode_count": 3,
      "h20/outcome_drop_final_state_mse": 0.010451205561753192,
      "h20/outcome_drop_state_mse": 0.003988390966178545,
      "h20/outcome_jam_episode_count": 3,
      "h20/outcome_jam_final_state_mse": 0.011070201891699648,
      "h20/outcome_jam_state_mse": 0.004526536604937385,
      "h20/outcome_miss_episode_count": 3,
      "h20/outcome_miss_final_state_mse": 0.013824526780571033,
      "h20/outcome_miss_state_mse": 0.009124648648928972,
      "h20/outcome_partial_episode_count": 3,
      "h20/outcome_partial_final_state_mse": 0.010437915917315514,
      "h20/outcome_partial_state_mse": 0.003932277906953899,
      "h20/outcome_success_episode_count": 3,
      "h20/outcome_success_final_state_mse": 0.010340760541118049,
      "h20/outcome_success_state_mse": 0.003932991214826995,
      "h20/state_mse": 0.005100969302108864,
      "h30/episode_count": 15,
      "h30/final_state_mse": 0.03414452496696921,
      "h30/outcome_drop_episode_count": 3,
      "h30/outcome_drop_final_state_mse": 0.029443075843885832,
      "h30/outcome_drop_state_mse": 0.009098264490597129,
      "h30/outcome_jam_episode_count": 3,
      "h30/outcome_jam_final_state_mse": 0.030820131301879883,
      "h30/outcome_jam_state_mse": 0.00960970402802777,
      "h30/outcome_miss_episode_count": 3,
      "h30/outcome_miss_final_state_mse": 0.05025477970347685,
      "h30/outcome_miss_state_mse": 0.016679164994516143,
      "h30/outcome_partial_episode_count": 3,
      "h30/outcome_partial_final_state_mse": 0.030129799266266667,
      "h30/outcome_partial_state_mse": 0.009064160764606949,
      "h30/outcome_success_episode_count": 3,
      "h30/outcome_success_final_state_mse": 0.03007482820087009,
      "h30/outcome_success_state_mse": 0.009035049908041694,
      "h30/state_mse": 0.01069726881638072,
      "h40/episode_count": 15,
      "h40/final_state_mse": 0.13878608653747956,
      "h40/outcome_drop_episode_count": 3,
      "h40/outcome_drop_final_state_mse": 0.09697980195089104,
      "h40/outcome_drop_state_mse": 0.021510788038665175,
      "h40/outcome_jam_episode_count": 3,
      "h40/outcome_jam_final_state_mse": 0.10829029207915263,
      "h40/outcome_jam_state_mse": 0.023099401885387946,
      "h40/outcome_miss_episode_count": 3,
      "h40/outcome_miss_final_state_mse": 0.2579638350243662,
      "h40/outcome_miss_state_mse": 0.040106648089838964,
      "h40/outcome_partial_episode_count": 3,
      "h40/outcome_partial_final_state_mse": 0.1139473291783551,
      "h40/outcome_partial_state_mse": 0.022866351931702857,
      "h40/outcome_success_episode_count": 3,
      "h40/outcome_success_final_state_mse": 0.11674923055312213,
      "h40/outcome_success_state_mse": 0.022982290679333255,
      "h40/state_mse": 0.02611309774560866,
      "h50/episode_count": 15,
      "h50/final_state_mse": 1.5925053615196079,
      "h50/outcome_drop_episode_count": 3,
      "h50/outcome_drop_final_state_mse": 0.7854151008955015,
      "h50/outcome_drop_state_mse": 0.08692527023016237,
      "h50/outcome_jam_episode_count": 3,
      "h50/outcome_jam_final_state_mse": 0.7675787483165467,
      "h50/outcome_jam_state_mse": 0.08896245220907373,
      "h50/outcome_miss_episode_count": 3,
      "h50/outcome_miss_final_state_mse": 4.756009369893791,
      "h50/outcome_miss_state_mse": 0.4003508045470793,
      "h50/outcome_partial_episode_count": 3,
      "h50/outcome_partial_final_state_mse": 0.8148918027192159,
      "h50/outcome_partial_state_mse": 0.09312993866166258,
      "h50/outcome_success_episode_count": 3,
      "h50/outcome_success_final_state_mse": 0.838632035099603,
      "h50/outcome_success_state_mse": 0.09508541531032987,
      "h50/state_mse": 0.1528907781862745,
      "h75/episode_count": 15,
      "h75/final_state_mse": 0.952227743310866,
      "h75/outcome_drop_episode_count": 3,
      "h75/outcome_drop_final_state_mse": 0.9889417816610897,
      "h75/outcome_drop_state_mse": 0.13729530484068628,
      "h75/outcome_jam_episode_count": 3,
      "h75/outcome_jam_final_state_mse": 0.9452813653384938,
      "h75/outcome_jam_state_mse": 0.12897093396820533,
      "h75/outcome_miss_episode_count": 3,
      "h75/outcome_miss_final_state_mse": 0.9941143210417305,
      "h75/outcome_miss_state_mse": 0.43121658624387255,
      "h75/outcome_partial_episode_count": 3,
      "h75/outcome_partial_final_state_mse": 0.8928094128378077,
      "h75/outcome_partial_state_mse": 0.1281418212358728,
      "h75/outcome_success_episode_count": 3,
      "h75/outcome_success_final_state_mse": 0.9399921317505681,
      "h75/outcome_success_state_mse": 0.1322730077273965,
      "h75/state_mse": 0.19157952069716774,
      "max_requested_horizon": 125,
      "reencode_period": 50,
      "rollout_mode": "periodic_50"
    }
  },
  "split": "test",
  "support_alignment": {
    "contact_phase": {
      "contact_phase_family_ari": 0.0,
      "contact_phase_family_nmi": 0.0,
      "contact_phase_family_purity": 0.9996668887408394,
      "contact_phase_sample_count": 3002.0,
      "h_contact_phase_given_family": 0.0030002889533867266,
      "h_family_given_contact_phase": 0.0,
      "unique_contact_phase_count": 2.0,
      "unique_family_count": 1.0
    },
    "contact_phase_alignment_available": true,
    "evaluated_state_count": 3017,
    "family_count": 1,
    "mean_family_similarity": 0.6208803653717041,
    "mean_support_size": 250.68942658269805,
    "outcome_alignment_available": true,
    "outcome_state": {
      "h_family_given_outcome": 0.0,
      "h_outcome_given_family": 1.6094379124341005,
      "outcome_family_ari": 0.0,
      "outcome_family_nmi": 0.0,
      "outcome_family_purity": 0.2,
      "outcome_sample_count": 15.0,
      "unique_family_count": 1.0,
      "unique_outcome_count": 5.0
    },
    "status": "ok",
    "unassigned_state_fraction": 0.0,
    "validation_state_count": 2346
  },
  "support_threshold": 0.2
}
{
  "best_periodic_rollout": {
    "episode_count": 15,
    "h10/episode_count": 15,
    "h10/final_state_mse": 0.002261284909217186,
    "h10/outcome_drop_episode_count": 3,
    "h10/outcome_drop_final_state_mse": 0.0015760304929773792,
    "h10/outcome_drop_state_mse": 0.0014918239288080751,
    "h10/outcome_jam_episode_count": 3,
    "h10/outcome_jam_final_state_mse": 0.002528792259350322,
    "h10/outcome_jam_state_mse": 0.002034611990249235,
    "h10/outcome_miss_episode_count": 3,
    "h10/outcome_miss_final_state_mse": 0.004229225948745129,
    "h10/outcome_miss_state_mse": 0.010508103619993122,
    "h10/outcome_partial_episode_count": 3,
    "h10/outcome_partial_final_state_mse": 0.0014717689429233278,
    "h10/outcome_partial_state_mse": 0.001400858806628807,
    "h10/outcome_success_episode_count": 3,
    "h10/outcome_success_final_state_mse": 0.001500607729932062,
    "h10/outcome_success_state_mse": 0.0014217343595292833,
    "h10/selected_mode": "periodic_5",
    "h10/selected_period": 5,
    "h10/state_mse": 0.003371426451439951,
    "h100/episode_count": 15,
    "h100/final_state_mse": 0.0029111220166574115,
    "h100/outcome_drop_episode_count": 3,
    "h100/outcome_drop_final_state_mse": 0.002915528621159348,
    "h100/outcome_drop_state_mse": 0.0024908832475250844,
    "h100/outcome_jam_episode_count": 3,
    "h100/outcome_jam_final_state_mse": 0.00337498367222306,
    "h100/outcome_jam_state_mse": 0.0029840233123380375,
    "h100/outcome_miss_episode_count": 3,
    "h100/outcome_miss_final_state_mse": 0.0020286538729480668,
    "h100/outcome_miss_state_mse": 0.003143677119336097,
    "h100/outcome_partial_episode_count": 3,
    "h100/outcome_partial_final_state_mse": 0.002428062844510172,
    "h100/outcome_partial_state_mse": 0.0021105419420728495,
    "h100/outcome_success_episode_count": 3,
    "h100/outcome_success_final_state_mse": 0.003808379708941466,
    "h100/outcome_success_state_mse": 0.00241505161609525,
    "h100/selected_mode": "periodic_10",
    "h100/selected_period": 10,
    "h100/state_mse": 0.002628835441240298,
    "h125/episode_count": 15,
    "h125/final_state_mse": 0.0035637307011224086,
    "h125/outcome_drop_episode_count": 3,
    "h125/outcome_drop_final_state_mse": 0.004627057685961131,
    "h125/outcome_drop_state_mse": 0.0027535297169404872,
    "h125/outcome_jam_episode_count": 3,
    "h125/outcome_jam_final_state_mse": 0.0044766494066886655,
    "h125/outcome_jam_state_mse": 0.0031793829226026346,
    "h125/outcome_miss_episode_count": 3,
    "h125/outcome_miss_final_state_mse": 0.003314289586995941,
    "h125/outcome_miss_state_mse": 0.0030923114851409313,
    "h125/outcome_partial_episode_count": 3,
    "h125/outcome_partial_final_state_mse": 0.0021530054266156715,
    "h125/outcome_partial_state_mse": 0.002142183640423943,
    "h125/outcome_success_episode_count": 3,
    "h125/outcome_success_final_state_mse": 0.003247651448047239,
    "h125/outcome_success_state_mse": 0.002568595213048598,
    "h125/selected_mode": "periodic_10",
    "h125/selected_period": 10,
    "h125/state_mse": 0.0027472005208333335,
    "h20/episode_count": 15,
    "h20/final_state_mse": 0.0019908174190645905,
    "h20/outcome_drop_episode_count": 3,
    "h20/outcome_drop_final_state_mse": 0.0019758089256832023,
    "h20/outcome_drop_state_mse": 0.001605250749712676,
    "h20/outcome_jam_episode_count": 3,
    "h20/outcome_jam_final_state_mse": 0.00220377134536606,
    "h20/outcome_jam_state_mse": 0.0021304955669477874,
    "h20/outcome_miss_episode_count": 3,
    "h20/outcome_miss_final_state_mse": 0.002286634267934787,
    "h20/outcome_miss_state_mse": 0.00683952281677645,
    "h20/outcome_partial_episode_count": 3,
    "h20/outcome_partial_final_state_mse": 0.0017202862240130606,
    "h20/outcome_partial_state_mse": 0.0015139153969833275,
    "h20/outcome_success_episode_count": 3,
    "h20/outcome_success_final_state_mse": 0.001767586819291894,
    "h20/outcome_success_state_mse": 0.001539451740925608,
    "h20/selected_mode": "periodic_5",
    "h20/selected_period": 5,
    "h20/state_mse": 0.002725727355558109,
    "h30/episode_count": 15,
    "h30/final_state_mse": 0.0018436403835521025,
    "h30/outcome_drop_episode_count": 3,
    "h30/outcome_drop_final_state_mse": 0.0017211609854807261,
    "h30/outcome_drop_state_mse": 0.0016992227703917261,
    "h30/outcome_jam_episode_count": 3,
    "h30/outcome_jam_final_state_mse": 0.0020835975221559114,
    "h30/outcome_jam_state_mse": 0.0022254824378651473,
    "h30/outcome_miss_episode_count": 3,
    "h30/outcome_miss_final_state_mse": 0.0019221529364585876,
    "h30/outcome_miss_state_mse": 0.005364048714731254,
    "h30/outcome_partial_episode_count": 3,
    "h30/outcome_partial_final_state_mse": 0.0017124688118891,
    "h30/outcome_partial_state_mse": 0.0016080230149828011,
    "h30/outcome_success_episode_count": 3,
    "h30/outcome_success_final_state_mse": 0.0017788215887312795,
    "h30/outcome_success_state_mse": 0.0016302914661000237,
    "h30/selected_mode": "periodic_5",
    "h30/selected_period": 5,
    "h30/state_mse": 0.0025054137119800176,
    "h40/episode_count": 15,
    "h40/final_state_mse": 0.0018266827452416514,
    "h40/outcome_drop_episode_count": 3,
    "h40/outcome_drop_final_state_mse": 0.0021047537135922053,
    "h40/outcome_drop_state_mse": 0.001846744772655512,
    "h40/outcome_jam_episode_count": 3,
    "h40/outcome_jam_final_state_mse": 0.0017092262266897688,
    "h40/outcome_jam_state_mse": 0.0022386091207367144,
    "h40/outcome_miss_episode_count": 3,
    "h40/outcome_miss_final_state_mse": 0.0019446262736725652,
    "h40/outcome_miss_state_mse": 0.00460206106597302,
    "h40/outcome_partial_episode_count": 3,
    "h40/outcome_partial_final_state_mse": 0.0016873952463950987,
    "h40/outcome_partial_state_mse": 0.001655254683463402,
    "h40/outcome_success_episode_count": 3,
    "h40/outcome_success_final_state_mse": 0.001687412387600132,
    "h40/outcome_success_state_mse": 0.001678274503720352,
    "h40/selected_mode": "periodic_5",
    "h40/selected_period": 5,
    "h40/state_mse": 0.0024041887669781453,
    "h50/episode_count": 15,
    "h50/final_state_mse": 0.0021776362961413815,
    "h50/outcome_drop_episode_count": 3,
    "h50/outcome_drop_final_state_mse": 0.002666263238472097,
    "h50/outcome_drop_state_mse": 0.0021174393759833443,
    "h50/outcome_jam_episode_count": 3,
    "h50/outcome_jam_final_state_mse": 0.002808978841974844,
    "h50/outcome_jam_state_mse": 0.002315069585064657,
    "h50/outcome_miss_episode_count": 3,
    "h50/outcome_miss_final_state_mse": 0.0016286819442814472,
    "h50/outcome_miss_state_mse": 0.0040920286240920525,
    "h50/outcome_partial_episode_count": 3,
    "h50/outcome_partial_final_state_mse": 0.001864099375952303,
    "h50/outcome_partial_state_mse": 0.0017012785618601282,
    "h50/outcome_success_episode_count": 3,
    "h50/outcome_success_final_state_mse": 0.0019201579339363996,
    "h50/outcome_success_state_mse": 0.0017247023613624324,
    "h50/selected_mode": "periodic_5",
    "h50/selected_period": 5,
    "h50/state_mse": 0.002390103608175041,
    "h75/episode_count": 15,
    "h75/final_state_mse": 0.003909843108233284,
    "h75/outcome_drop_episode_count": 3,
    "h75/outcome_drop_final_state_mse": 0.0033793811461115195,
    "h75/outcome_drop_state_mse": 0.0024080877366408804,
    "h75/outcome_jam_episode_count": 3,
    "h75/outcome_jam_final_state_mse": 0.0046812961596289495,
    "h75/outcome_jam_state_mse": 0.002859748059108626,
    "h75/outcome_miss_episode_count": 3,
    "h75/outcome_miss_final_state_mse": 0.004172711809671003,
    "h75/outcome_miss_state_mse": 0.00340931279467082,
    "h75/outcome_partial_episode_count": 3,
    "h75/outcome_partial_final_state_mse": 0.0031229406595230103,
    "h75/outcome_partial_state_mse": 0.0020939065064739817,
    "h75/outcome_success_episode_count": 3,
    "h75/outcome_success_final_state_mse": 0.004192885279265883,
    "h75/outcome_success_state_mse": 0.0021525234854039544,
    "h75/selected_mode": "periodic_10",
    "h75/selected_period": 10,
    "h75/state_mse": 0.002584715733081427,
    "max_requested_horizon": 125,
    "periodic_reencode_periods": [
      1,
      2,
      5,
      10,
      20,
      50,
      100
    ],
    "rollout_mode": "best_periodic"
  },
  "checkpoint": "runs/maniskill_insertion/perturbation_e20_5k_lista_refine_20260604_143125/lista_relu_a0p01_sp1em4_loops2/seed2/checkpoint.pt",
  "checkpoint_step": 1500,
  "dataset": "data/maniskill/perturbation_assessment_seed0_e20/all_setups.npz",
  "device": "cuda",
  "family_jaccard": 0.4,
  "horizons": [
    10,
    20,
    30,
    40,
    50,
    75,
    100,
    125
  ],
  "labels_used_for_training": false,
  "periodic_reencode_periods": [
    1,
    2,
    5,
    10,
    20,
    50,
    100
  ],
  "rollout": {
    "episode_count": 15,
    "h10/episode_count": 15,
    "h10/final_state_mse": 0.0030588115742003997,
    "h10/outcome_drop_episode_count": 3,
    "h10/outcome_drop_final_state_mse": 0.002534346253264184,
    "h10/outcome_drop_state_mse": 0.0017630414245954527,
    "h10/outcome_jam_episode_count": 3,
    "h10/outcome_jam_final_state_mse": 0.003923715865300372,
    "h10/outcome_jam_state_mse": 0.0023798736481884727,
    "h10/outcome_miss_episode_count": 3,
    "h10/outcome_miss_final_state_mse": 0.003790769799082887,
    "h10/outcome_miss_state_mse": 0.010099193161609126,
    "h10/outcome_partial_episode_count": 3,
    "h10/outcome_partial_final_state_mse": 0.002534334882606868,
    "h10/outcome_partial_state_mse": 0.0016955359114540947,
    "h10/outcome_success_episode_count": 3,
    "h10/outcome_success_final_state_mse": 0.0025108911681408974,
    "h10/outcome_success_state_mse": 0.0017029205763262082,
    "h10/state_mse": 0.0035281127730226207,
    "h100/episode_count": 15,
    "h100/final_state_mse": 137095.88496732025,
    "h100/outcome_drop_episode_count": 3,
    "h100/outcome_drop_final_state_mse": 82113.95098039215,
    "h100/outcome_drop_state_mse": 3585.7077124183006,
    "h100/outcome_jam_episode_count": 3,
    "h100/outcome_jam_final_state_mse": 86161.85784313726,
    "h100/outcome_jam_state_mse": 3749.183986928105,
    "h100/outcome_miss_episode_count": 3,
    "h100/outcome_miss_final_state_mse": 346101.6666666667,
    "h100/outcome_miss_state_mse": 14508.193464052287,
    "h100/outcome_partial_episode_count": 3,
    "h100/outcome_partial_final_state_mse": 85781.10784313726,
    "h100/outcome_partial_state_mse": 3734.271045751634,
    "h100/outcome_success_episode_count": 3,
    "h100/outcome_success_final_state_mse": 85320.81862745098,
    "h100/outcome_success_state_mse": 3722.2199346405228,
    "h100/state_mse": 5859.915294117647,
    "h125/episode_count": 15,
    "h125/final_state_mse": 70958777.39084968,
    "h125/outcome_drop_episode_count": 3,
    "h125/outcome_drop_final_state_mse": 38364224.41830065,
    "h125/outcome_drop_state_mse": 1483186.3098562092,
    "h125/outcome_jam_episode_count": 3,
    "h125/outcome_jam_final_state_mse": 37851448.05228758,
    "h125/outcome_jam_state_mse": 1490789.6637908497,
    "h125/outcome_miss_episode_count": 3,
    "h125/outcome_miss_final_state_mse": 201072215.00653595,
    "h125/outcome_miss_state_mse": 7385552.320418301,
    "h125/outcome_partial_episode_count": 3,
    "h125/outcome_partial_final_state_mse": 38393304.67973856,
    "h125/outcome_partial_state_mse": 1501494.1180653595,
    "h125/outcome_success_episode_count": 3,
    "h125/outcome_success_final_state_mse": 39112699.81699347,
    "h125/outcome_success_state_mse": 1522550.2084183006,
    "h125/state_mse": 2676714.5187555556,
    "h20/episode_count": 15,
    "h20/final_state_mse": 0.010435499552807776,
    "h20/outcome_drop_episode_count": 3,
    "h20/outcome_drop_final_state_mse": 0.009644257087333529,
    "h20/outcome_drop_state_mse": 0.0037365556931963154,
    "h20/outcome_jam_episode_count": 3,
    "h20/outcome_jam_final_state_mse": 0.010003050265748516,
    "h20/outcome_jam_state_mse": 0.00424005015223634,
    "h20/outcome_miss_episode_count": 3,
    "h20/outcome_miss_final_state_mse": 0.013453052519193662,
    "h20/outcome_miss_state_mse": 0.008899669553719314,
    "h20/outcome_partial_episode_count": 3,
    "h20/outcome_partial_final_state_mse": 0.009576549083968393,
    "h20/outcome_partial_state_mse": 0.0036712509354734735,
    "h20/outcome_success_episode_count": 3,
    "h20/outcome_success_final_state_mse": 0.009500587395593231,
    "h20/outcome_success_state_mse": 0.0036692872935650397,
    "h20/state_mse": 0.0048433630450878265,
    "h30/episode_count": 15,
    "h30/final_state_mse": 0.035055275212705524,
    "h30/outcome_drop_episode_count": 3,
    "h30/outcome_drop_final_state_mse": 0.02972183585946077,
    "h30/outcome_drop_state_mse": 0.008813107039673916,
    "h30/outcome_jam_episode_count": 3,
    "h30/outcome_jam_final_state_mse": 0.031199586936850952,
    "h30/outcome_jam_state_mse": 0.009283833514111753,
    "h30/outcome_miss_episode_count": 3,
    "h30/outcome_miss_final_state_mse": 0.053716950946384005,
    "h30/outcome_miss_state_mse": 0.017058553674901493,
    "h30/outcome_partial_episode_count": 3,
    "h30/outcome_partial_final_state_mse": 0.030329528587316378,
    "h30/outcome_partial_state_mse": 0.008763329291915062,
    "h30/outcome_success_episode_count": 3,
    "h30/outcome_success_final_state_mse": 0.030308467500350055,
    "h30/outcome_success_state_mse": 0.008745949356644241,
    "h30/state_mse": 0.010532955261097494,
    "h40/episode_count": 15,
    "h40/final_state_mse": 0.12644208521624795,
    "h40/outcome_drop_episode_count": 3,
    "h40/outcome_drop_final_state_mse": 0.08439407473296122,
    "h40/outcome_drop_state_mse": 0.020225835313983993,
    "h40/outcome_jam_episode_count": 3,
    "h40/outcome_jam_final_state_mse": 0.09300713133967779,
    "h40/outcome_jam_state_mse": 0.021778226366230086,
    "h40/outcome_miss_episode_count": 3,
    "h40/outcome_miss_final_state_mse": 0.2554347343694151,
    "h40/outcome_miss_state_mse": 0.04098091063156627,
    "h40/outcome_partial_episode_count": 3,
    "h40/outcome_partial_final_state_mse": 0.09862855836456898,
    "h40/outcome_partial_state_mse": 0.021598477457083907,
    "h40/outcome_success_episode_count": 3,
    "h40/outcome_success_final_state_mse": 0.10074591480828578,
    "h40/outcome_success_state_mse": 0.02169199363858092,
    "h40/state_mse": 0.025255087060866013,
    "h50/episode_count": 15,
    "h50/final_state_mse": 1.5796180874693628,
    "h50/outcome_drop_episode_count": 3,
    "h50/outcome_drop_final_state_mse": 0.6943469328038833,
    "h50/outcome_drop_state_mse": 0.07957082511552799,
    "h50/outcome_jam_episode_count": 3,
    "h50/outcome_jam_final_state_mse": 0.6730154448864507,
    "h50/outcome_jam_state_mse": 0.07885978150211907,
    "h50/outcome_miss_episode_count": 3,
    "h50/outcome_miss_final_state_mse": 5.085845548343035,
    "h50/outcome_miss_state_mse": 0.4219600183823529,
    "h50/outcome_partial_episode_count": 3,
    "h50/outcome_partial_final_state_mse": 0.7148775337568296,
    "h50/outcome_partial_state_mse": 0.08395881403505412,
    "h50/outcome_success_episode_count": 3,
    "h50/outcome_success_final_state_mse": 0.730005201950572,
    "h50/outcome_success_state_mse": 0.0854032848083895,
    "h50/state_mse": 0.14995054636437907,
    "h75/episode_count": 15,
    "h75/final_state_mse": 272.06652369281045,
    "h75/outcome_drop_episode_count": 3,
    "h75/outcome_drop_final_state_mse": 166.38034556270424,
    "h75/outcome_drop_state_mse": 10.868966162854031,
    "h75/outcome_jam_episode_count": 3,
    "h75/outcome_jam_final_state_mse": 166.10413156147877,
    "h75/outcome_jam_state_mse": 10.59014314406318,
    "h75/outcome_miss_episode_count": 3,
    "h75/outcome_miss_final_state_mse": 694.4358404820262,
    "h75/outcome_miss_state_mse": 55.25984885620915,
    "h75/outcome_partial_episode_count": 3,
    "h75/outcome_partial_final_state_mse": 165.3299568525327,
    "h75/outcome_partial_state_mse": 10.635633850762527,
    "h75/outcome_success_episode_count": 3,
    "h75/outcome_success_final_state_mse": 168.08237911049838,
    "h75/outcome_success_state_mse": 10.881795513344226,
    "h75/state_mse": 19.647276688453157,
    "max_requested_horizon": 125,
    "reencode_period": null,
    "rollout_mode": "no_reencode"
  },
  "rollout_modes": {
    "no_reencode": {
      "episode_count": 15,
      "h10/episode_count": 15,
      "h10/final_state_mse": 0.0030588115742003997,
      "h10/outcome_drop_episode_count": 3,
      "h10/outcome_drop_final_state_mse": 0.002534346253264184,
      "h10/outcome_drop_state_mse": 0.0017630414245954527,
      "h10/outcome_jam_episode_count": 3,
      "h10/outcome_jam_final_state_mse": 0.003923715865300372,
      "h10/outcome_jam_state_mse": 0.0023798736481884727,
      "h10/outcome_miss_episode_count": 3,
      "h10/outcome_miss_final_state_mse": 0.003790769799082887,
      "h10/outcome_miss_state_mse": 0.010099193161609126,
      "h10/outcome_partial_episode_count": 3,
      "h10/outcome_partial_final_state_mse": 0.002534334882606868,
      "h10/outcome_partial_state_mse": 0.0016955359114540947,
      "h10/outcome_success_episode_count": 3,
      "h10/outcome_success_final_state_mse": 0.0025108911681408974,
      "h10/outcome_success_state_mse": 0.0017029205763262082,
      "h10/state_mse": 0.0035281127730226207,
      "h100/episode_count": 15,
      "h100/final_state_mse": 137095.88496732025,
      "h100/outcome_drop_episode_count": 3,
      "h100/outcome_drop_final_state_mse": 82113.95098039215,
      "h100/outcome_drop_state_mse": 3585.7077124183006,
      "h100/outcome_jam_episode_count": 3,
      "h100/outcome_jam_final_state_mse": 86161.85784313726,
      "h100/outcome_jam_state_mse": 3749.183986928105,
      "h100/outcome_miss_episode_count": 3,
      "h100/outcome_miss_final_state_mse": 346101.6666666667,
      "h100/outcome_miss_state_mse": 14508.193464052287,
      "h100/outcome_partial_episode_count": 3,
      "h100/outcome_partial_final_state_mse": 85781.10784313726,
      "h100/outcome_partial_state_mse": 3734.271045751634,
      "h100/outcome_success_episode_count": 3,
      "h100/outcome_success_final_state_mse": 85320.81862745098,
      "h100/outcome_success_state_mse": 3722.2199346405228,
      "h100/state_mse": 5859.915294117647,
      "h125/episode_count": 15,
      "h125/final_state_mse": 70958777.39084968,
      "h125/outcome_drop_episode_count": 3,
      "h125/outcome_drop_final_state_mse": 38364224.41830065,
      "h125/outcome_drop_state_mse": 1483186.3098562092,
      "h125/outcome_jam_episode_count": 3,
      "h125/outcome_jam_final_state_mse": 37851448.05228758,
      "h125/outcome_jam_state_mse": 1490789.6637908497,
      "h125/outcome_miss_episode_count": 3,
      "h125/outcome_miss_final_state_mse": 201072215.00653595,
      "h125/outcome_miss_state_mse": 7385552.320418301,
      "h125/outcome_partial_episode_count": 3,
      "h125/outcome_partial_final_state_mse": 38393304.67973856,
      "h125/outcome_partial_state_mse": 1501494.1180653595,
      "h125/outcome_success_episode_count": 3,
      "h125/outcome_success_final_state_mse": 39112699.81699347,
      "h125/outcome_success_state_mse": 1522550.2084183006,
      "h125/state_mse": 2676714.5187555556,
      "h20/episode_count": 15,
      "h20/final_state_mse": 0.010435499552807776,
      "h20/outcome_drop_episode_count": 3,
      "h20/outcome_drop_final_state_mse": 0.009644257087333529,
      "h20/outcome_drop_state_mse": 0.0037365556931963154,
      "h20/outcome_jam_episode_count": 3,
      "h20/outcome_jam_final_state_mse": 0.010003050265748516,
      "h20/outcome_jam_state_mse": 0.00424005015223634,
      "h20/outcome_miss_episode_count": 3,
      "h20/outcome_miss_final_state_mse": 0.013453052519193662,
      "h20/outcome_miss_state_mse": 0.008899669553719314,
      "h20/outcome_partial_episode_count": 3,
      "h20/outcome_partial_final_state_mse": 0.009576549083968393,
      "h20/outcome_partial_state_mse": 0.0036712509354734735,
      "h20/outcome_success_episode_count": 3,
      "h20/outcome_success_final_state_mse": 0.009500587395593231,
      "h20/outcome_success_state_mse": 0.0036692872935650397,
      "h20/state_mse": 0.0048433630450878265,
      "h30/episode_count": 15,
      "h30/final_state_mse": 0.035055275212705524,
      "h30/outcome_drop_episode_count": 3,
      "h30/outcome_drop_final_state_mse": 0.02972183585946077,
      "h30/outcome_drop_state_mse": 0.008813107039673916,
      "h30/outcome_jam_episode_count": 3,
      "h30/outcome_jam_final_state_mse": 0.031199586936850952,
      "h30/outcome_jam_state_mse": 0.009283833514111753,
      "h30/outcome_miss_episode_count": 3,
      "h30/outcome_miss_final_state_mse": 0.053716950946384005,
      "h30/outcome_miss_state_mse": 0.017058553674901493,
      "h30/outcome_partial_episode_count": 3,
      "h30/outcome_partial_final_state_mse": 0.030329528587316378,
      "h30/outcome_partial_state_mse": 0.008763329291915062,
      "h30/outcome_success_episode_count": 3,
      "h30/outcome_success_final_state_mse": 0.030308467500350055,
      "h30/outcome_success_state_mse": 0.008745949356644241,
      "h30/state_mse": 0.010532955261097494,
      "h40/episode_count": 15,
      "h40/final_state_mse": 0.12644208521624795,
      "h40/outcome_drop_episode_count": 3,
      "h40/outcome_drop_final_state_mse": 0.08439407473296122,
      "h40/outcome_drop_state_mse": 0.020225835313983993,
      "h40/outcome_jam_episode_count": 3,
      "h40/outcome_jam_final_state_mse": 0.09300713133967779,
      "h40/outcome_jam_state_mse": 0.021778226366230086,
      "h40/outcome_miss_episode_count": 3,
      "h40/outcome_miss_final_state_mse": 0.2554347343694151,
      "h40/outcome_miss_state_mse": 0.04098091063156627,
      "h40/outcome_partial_episode_count": 3,
      "h40/outcome_partial_final_state_mse": 0.09862855836456898,
      "h40/outcome_partial_state_mse": 0.021598477457083907,
      "h40/outcome_success_episode_count": 3,
      "h40/outcome_success_final_state_mse": 0.10074591480828578,
      "h40/outcome_success_state_mse": 0.02169199363858092,
      "h40/state_mse": 0.025255087060866013,
      "h50/episode_count": 15,
      "h50/final_state_mse": 1.5796180874693628,
      "h50/outcome_drop_episode_count": 3,
      "h50/outcome_drop_final_state_mse": 0.6943469328038833,
      "h50/outcome_drop_state_mse": 0.07957082511552799,
      "h50/outcome_jam_episode_count": 3,
      "h50/outcome_jam_final_state_mse": 0.6730154448864507,
      "h50/outcome_jam_state_mse": 0.07885978150211907,
      "h50/outcome_miss_episode_count": 3,
      "h50/outcome_miss_final_state_mse": 5.085845548343035,
      "h50/outcome_miss_state_mse": 0.4219600183823529,
      "h50/outcome_partial_episode_count": 3,
      "h50/outcome_partial_final_state_mse": 0.7148775337568296,
      "h50/outcome_partial_state_mse": 0.08395881403505412,
      "h50/outcome_success_episode_count": 3,
      "h50/outcome_success_final_state_mse": 0.730005201950572,
      "h50/outcome_success_state_mse": 0.0854032848083895,
      "h50/state_mse": 0.14995054636437907,
      "h75/episode_count": 15,
      "h75/final_state_mse": 272.06652369281045,
      "h75/outcome_drop_episode_count": 3,
      "h75/outcome_drop_final_state_mse": 166.38034556270424,
      "h75/outcome_drop_state_mse": 10.868966162854031,
      "h75/outcome_jam_episode_count": 3,
      "h75/outcome_jam_final_state_mse": 166.10413156147877,
      "h75/outcome_jam_state_mse": 10.59014314406318,
      "h75/outcome_miss_episode_count": 3,
      "h75/outcome_miss_final_state_mse": 694.4358404820262,
      "h75/outcome_miss_state_mse": 55.25984885620915,
      "h75/outcome_partial_episode_count": 3,
      "h75/outcome_partial_final_state_mse": 165.3299568525327,
      "h75/outcome_partial_state_mse": 10.635633850762527,
      "h75/outcome_success_episode_count": 3,
      "h75/outcome_success_final_state_mse": 168.08237911049838,
      "h75/outcome_success_state_mse": 10.881795513344226,
      "h75/state_mse": 19.647276688453157,
      "max_requested_horizon": 125,
      "reencode_period": null,
      "rollout_mode": "no_reencode"
    },
    "periodic_1": {
      "episode_count": 15,
      "h10/episode_count": 15,
      "h10/final_state_mse": 0.003402341892516691,
      "h10/outcome_drop_episode_count": 3,
      "h10/outcome_drop_final_state_mse": 0.0017945004103620068,
      "h10/outcome_drop_state_mse": 0.0016340402021906735,
      "h10/outcome_jam_episode_count": 3,
      "h10/outcome_jam_final_state_mse": 0.0023495159020610885,
      "h10/outcome_jam_state_mse": 0.002161217008540833,
      "h10/outcome_miss_episode_count": 3,
      "h10/outcome_miss_final_state_mse": 0.009209287419817806,
      "h10/outcome_miss_state_mse": 0.014660674138785967,
      "h10/outcome_partial_episode_count": 3,
      "h10/outcome_partial_final_state_mse": 0.001834116851777033,
      "h10/outcome_partial_state_mse": 0.0015409312996209836,
      "h10/outcome_success_episode_count": 3,
      "h10/outcome_success_final_state_mse": 0.0018242903638119791,
      "h10/outcome_success_state_mse": 0.0015613534092123991,
      "h10/state_mse": 0.004311643114276961,
      "h100/episode_count": 15,
      "h100/final_state_mse": 0.01073564392289305,
      "h100/outcome_drop_episode_count": 3,
      "h100/outcome_drop_final_state_mse": 0.011603972880668889,
      "h100/outcome_drop_state_mse": 0.005325546763301675,
      "h100/outcome_jam_episode_count": 3,
      "h100/outcome_jam_final_state_mse": 0.0057287527844796775,
      "h100/outcome_jam_state_mse": 0.004481287812874987,
      "h100/outcome_miss_episode_count": 3,
      "h100/outcome_miss_final_state_mse": 0.02399700914138283,
      "h100/outcome_miss_state_mse": 0.021530970903783062,
      "h100/outcome_partial_episode_count": 3,
      "h100/outcome_partial_final_state_mse": 0.006744473783019321,
      "h100/outcome_partial_state_mse": 0.0037941189684899024,
      "h100/outcome_success_episode_count": 3,
      "h100/outcome_success_final_state_mse": 0.005604010586645089,
      "h100/outcome_success_state_mse": 0.003975214927025091,
      "h100/state_mse": 0.007821428685406454,
      "h125/episode_count": 15,
      "h125/final_state_mse": 0.006811146954305811,
      "h125/outcome_drop_episode_count": 3,
      "h125/outcome_drop_final_state_mse": 0.007671559947768068,
      "h125/outcome_drop_state_mse": 0.0064701753504136025,
      "h125/outcome_jam_episode_count": 3,
      "h125/outcome_jam_final_state_mse": 0.007930121195861718,
      "h125/outcome_jam_state_mse": 0.005395798228145425,
      "h125/outcome_miss_episode_count": 3,
      "h125/outcome_miss_final_state_mse": 0.008113233092563604,
      "h125/outcome_miss_state_mse": 0.019706394968469158,
      "h125/outcome_partial_episode_count": 3,
      "h125/outcome_partial_final_state_mse": 0.003908833452299529,
      "h125/outcome_partial_state_mse": 0.003864610160877502,
      "h125/outcome_success_episode_count": 3,
      "h125/outcome_success_final_state_mse": 0.006431987472608977,
      "h125/outcome_success_state_mse": 0.004613127066419015,
      "h125/state_mse": 0.008010020935457517,
      "h20/episode_count": 15,
      "h20/final_state_mse": 0.0038857837128483392,
      "h20/outcome_drop_episode_count": 3,
      "h20/outcome_drop_final_state_mse": 0.0035228766744432884,
      "h20/outcome_drop_state_mse": 0.0023024179187475465,
      "h20/outcome_jam_episode_count": 3,
      "h20/outcome_jam_final_state_mse": 0.0037356392036076466,
      "h20/outcome_jam_state_mse": 0.0027559650489707398,
      "h20/outcome_miss_episode_count": 3,
      "h20/outcome_miss_final_state_mse": 0.005576449963781569,
      "h20/outcome_miss_state_mse": 0.010581997640771803,
      "h20/outcome_partial_episode_count": 3,
      "h20/outcome_partial_final_state_mse": 0.003286751608053843,
      "h20/outcome_partial_state_mse": 0.0022255266413969154,
      "h20/outcome_success_episode_count": 3,
      "h20/outcome_success_final_state_mse": 0.0033072007247825076,
      "h20/outcome_success_state_mse": 0.0022438990913964565,
      "h20/state_mse": 0.004021960987764246,
      "h30/episode_count": 15,
      "h30/final_state_mse": 0.0045997404584697645,
      "h30/outcome_drop_episode_count": 3,
      "h30/outcome_drop_final_state_mse": 0.003046876562187095,
      "h30/outcome_drop_state_mse": 0.002583847612077634,
      "h30/outcome_jam_episode_count": 3,
      "h30/outcome_jam_final_state_mse": 0.003995856233671599,
      "h30/outcome_jam_state_mse": 0.003025552234358777,
      "h30/outcome_miss_episode_count": 3,
      "h30/outcome_miss_final_state_mse": 0.009512377379376904,
      "h30/outcome_miss_state_mse": 0.00958810361641944,
      "h30/outcome_partial_episode_count": 3,
      "h30/outcome_partial_final_state_mse": 0.0031901251743821535,
      "h30/outcome_partial_state_mse": 0.002511063198638118,
      "h30/outcome_success_episode_count": 3,
      "h30/outcome_success_final_state_mse": 0.0032534675270903344,
      "h30/outcome_success_state_mse": 0.002528204143956336,
      "h30/state_mse": 0.00404735423900463,
      "h40/episode_count": 15,
      "h40/final_state_mse": 0.006076286664975235,
      "h40/outcome_drop_episode_count": 3,
      "h40/outcome_drop_final_state_mse": 0.0041133220873627,
      "h40/outcome_drop_state_mse": 0.002930689909878899,
      "h40/outcome_jam_episode_count": 3,
      "h40/outcome_jam_final_state_mse": 0.003506779670715332,
      "h40/outcome_jam_state_mse": 0.0032019580890929778,
      "h40/outcome_miss_episode_count": 3,
      "h40/outcome_miss_final_state_mse": 0.015718470796260958,
      "h40/outcome_miss_state_mse": 0.010433786055620979,
      "h40/outcome_partial_episode_count": 3,
      "h40/outcome_partial_final_state_mse": 0.0035057262657514584,
      "h40/outcome_partial_state_mse": 0.0027102884903452756,
      "h40/outcome_success_episode_count": 3,
      "h40/outcome_success_final_state_mse": 0.003537133871729857,
      "h40/outcome_success_state_mse": 0.0027355552109238367,
      "h40/state_mse": 0.004402455847247753,
      "h50/episode_count": 15,
      "h50/final_state_mse": 0.00949712828093884,
      "h50/outcome_drop_episode_count": 3,
      "h50/outcome_drop_final_state_mse": 0.005396786906750373,
      "h50/outcome_drop_state_mse": 0.0034148771622601677,
      "h50/outcome_jam_episode_count": 3,
      "h50/outcome_jam_final_state_mse": 0.005112182568101322,
      "h50/outcome_jam_state_mse": 0.0036373295503504136,
      "h50/outcome_miss_episode_count": 3,
      "h50/outcome_miss_final_state_mse": 0.02663333178345674,
      "h50/outcome_miss_state_mse": 0.012593808267630784,
      "h50/outcome_partial_episode_count": 3,
      "h50/outcome_partial_final_state_mse": 0.005172753158737631,
      "h50/outcome_partial_state_mse": 0.003080867879530963,
      "h50/outcome_success_episode_count": 3,
      "h50/outcome_success_final_state_mse": 0.005170590639893525,
      "h50/outcome_success_state_mse": 0.003107315574596131,
      "h50/state_mse": 0.00516683940014808,
      "h75/episode_count": 15,
      "h75/final_state_mse": 0.010340410120346966,
      "h75/outcome_drop_episode_count": 3,
      "h75/outcome_drop_final_state_mse": 0.007455634720185224,
      "h75/outcome_drop_state_mse": 0.004254725420916522,
      "h75/outcome_jam_episode_count": 3,
      "h75/outcome_jam_final_state_mse": 0.006371911639481588,
      "h75/outcome_jam_state_mse": 0.004430284520899289,
      "h75/outcome_miss_episode_count": 3,
      "h75/outcome_miss_final_state_mse": 0.026385627492190967,
      "h75/outcome_miss_state_mse": 0.019353030335669423,
      "h75/outcome_partial_episode_count": 3,
      "h75/outcome_partial_final_state_mse": 0.004869030289400637,
      "h75/outcome_partial_state_mse": 0.003646687941873255,
      "h75/outcome_success_episode_count": 3,
      "h75/outcome_success_final_state_mse": 0.006619847775284761,
      "h75/outcome_success_state_mse": 0.0037551041314285044,
      "h75/state_mse": 0.007087966154343682,
      "max_requested_horizon": 125,
      "reencode_period": 1,
      "rollout_mode": "periodic_1"
    },
    "periodic_10": {
      "episode_count": 15,
      "h10/episode_count": 15,
      "h10/final_state_mse": 0.003058812197516946,
      "h10/outcome_drop_episode_count": 3,
      "h10/outcome_drop_final_state_mse": 0.002534346521095513,
      "h10/outcome_drop_state_mse": 0.0017630415609459472,
      "h10/outcome_jam_episode_count": 3,
      "h10/outcome_jam_final_state_mse": 0.003923716400963029,
      "h10/outcome_jam_state_mse": 0.002379873453402052,
      "h10/outcome_miss_episode_count": 3,
      "h10/outcome_miss_final_state_mse": 0.003790770967801412,
      "h10/outcome_miss_state_mse": 0.010099193161609126,
      "h10/outcome_partial_episode_count": 3,
      "h10/outcome_partial_final_state_mse": 0.00253433480956196,
      "h10/outcome_partial_state_mse": 0.0016955360283259474,
      "h10/outcome_success_episode_count": 3,
      "h10/outcome_success_final_state_mse": 0.0025108919229382782,
      "h10/outcome_success_state_mse": 0.0017029206347621345,
      "h10/state_mse": 0.0035281127730226207,
      "h100/episode_count": 15,
      "h100/final_state_mse": 0.0029111220166574115,
      "h100/outcome_drop_episode_count": 3,
      "h100/outcome_drop_final_state_mse": 0.002915528621159348,
      "h100/outcome_drop_state_mse": 0.0024908832475250844,
      "h100/outcome_jam_episode_count": 3,
      "h100/outcome_jam_final_state_mse": 0.00337498367222306,
      "h100/outcome_jam_state_mse": 0.0029840233123380375,
      "h100/outcome_miss_episode_count": 3,
      "h100/outcome_miss_final_state_mse": 0.0020286538729480668,
      "h100/outcome_miss_state_mse": 0.003143677119336097,
      "h100/outcome_partial_episode_count": 3,
      "h100/outcome_partial_final_state_mse": 0.002428062844510172,
      "h100/outcome_partial_state_mse": 0.0021105419420728495,
      "h100/outcome_success_episode_count": 3,
      "h100/outcome_success_final_state_mse": 0.003808379708941466,
      "h100/outcome_success_state_mse": 0.00241505161609525,
      "h100/state_mse": 0.002628835441240298,
      "h125/episode_count": 15,
      "h125/final_state_mse": 0.0035637307011224086,
      "h125/outcome_drop_episode_count": 3,
      "h125/outcome_drop_final_state_mse": 0.004627057685961131,
      "h125/outcome_drop_state_mse": 0.0027535297169404872,
      "h125/outcome_jam_episode_count": 3,
      "h125/outcome_jam_final_state_mse": 0.0044766494066886655,
      "h125/outcome_jam_state_mse": 0.0031793829226026346,
      "h125/outcome_miss_episode_count": 3,
      "h125/outcome_miss_final_state_mse": 0.003314289586995941,
      "h125/outcome_miss_state_mse": 0.0030923114851409313,
      "h125/outcome_partial_episode_count": 3,
      "h125/outcome_partial_final_state_mse": 0.0021530054266156715,
      "h125/outcome_partial_state_mse": 0.002142183640423943,
      "h125/outcome_success_episode_count": 3,
      "h125/outcome_success_final_state_mse": 0.003247651448047239,
      "h125/outcome_success_state_mse": 0.002568595213048598,
      "h125/state_mse": 0.0027472005208333335,
      "h20/episode_count": 15,
      "h20/final_state_mse": 0.002855525608935387,
      "h20/outcome_drop_episode_count": 3,
      "h20/outcome_drop_final_state_mse": 0.00268363955071549,
      "h20/outcome_drop_state_mse": 0.0019744397183648903,
      "h20/outcome_jam_episode_count": 3,
      "h20/outcome_jam_final_state_mse": 0.003109304149166431,
      "h20/outcome_jam_state_mse": 0.002549764416576211,
      "h20/outcome_miss_episode_count": 3,
      "h20/outcome_miss_final_state_mse": 0.0033662209859470914,
      "h20/outcome_miss_state_mse": 0.0066912672878090855,
      "h20/outcome_partial_episode_count": 3,
      "h20/outcome_partial_final_state_mse": 0.002554313882308848,
      "h20/outcome_partial_state_mse": 0.001903864410188463,
      "h20/outcome_success_episode_count": 3,
      "h20/outcome_success_final_state_mse": 0.0025641502556847592,
      "h20/outcome_success_state_mse": 0.0019088604481391658,
      "h20/state_mse": 0.0030056393691916873,
      "h30/episode_count": 15,
      "h30/final_state_mse": 0.002274802307677425,
      "h30/outcome_drop_episode_count": 3,
      "h30/outcome_drop_final_state_mse": 0.0021730926788710303,
      "h30/outcome_drop_state_mse": 0.0020065887041860677,
      "h30/outcome_jam_episode_count": 3,
      "h30/outcome_jam_final_state_mse": 0.002629936837098178,
      "h30/outcome_jam_state_mse": 0.002588680574836814,
      "h30/outcome_miss_episode_count": 3,
      "h30/outcome_miss_final_state_mse": 0.002187824473271962,
      "h30/outcome_miss_state_mse": 0.005283676513139979,
      "h30/outcome_partial_episode_count": 3,
      "h30/outcome_partial_final_state_mse": 0.002165060977335849,
      "h30/outcome_partial_state_mse": 0.0019359127109087112,
      "h30/outcome_success_episode_count": 3,
      "h30/outcome_success_final_state_mse": 0.00221809596310254,
      "h30/outcome_success_state_mse": 0.001940942070323138,
      "h30/state_mse": 0.0027511600004042416,
      "h40/episode_count": 15,
      "h40/final_state_mse": 0.0019224282183678322,
      "h40/outcome_drop_episode_count": 3,
      "h40/outcome_drop_final_state_mse": 0.0018661774305346744,
      "h40/outcome_drop_state_mse": 0.0020751453303044136,
      "h40/outcome_jam_episode_count": 3,
      "h40/outcome_jam_final_state_mse": 0.002093919765910292,
      "h40/outcome_jam_state_mse": 0.0025691988810994265,
      "h40/outcome_miss_episode_count": 3,
      "h40/outcome_miss_final_state_mse": 0.0016695614782423756,
      "h40/outcome_miss_state_mse": 0.004475636887394525,
      "h40/outcome_partial_episode_count": 3,
      "h40/outcome_partial_final_state_mse": 0.002000140647093455,
      "h40/outcome_partial_state_mse": 0.0019502429790746153,
      "h40/outcome_success_episode_count": 3,
      "h40/outcome_success_final_state_mse": 0.0019823418431032715,
      "h40/outcome_success_state_mse": 0.0019574131451401055,
      "h40/state_mse": 0.0026055274913513583,
      "h50/episode_count": 15,
      "h50/final_state_mse": 0.0020308916864831463,
      "h50/outcome_drop_episode_count": 3,
      "h50/outcome_drop_final_state_mse": 0.0023765409840088266,
      "h50/outcome_drop_state_mse": 0.002204588752946043,
      "h50/outcome_jam_episode_count": 3,
      "h50/outcome_jam_final_state_mse": 0.0028373188053081237,
      "h50/outcome_jam_state_mse": 0.002607202498741399,
      "h50/outcome_miss_episode_count": 3,
      "h50/outcome_miss_final_state_mse": 0.0015164092913562176,
      "h50/outcome_miss_state_mse": 0.003959710987564785,
      "h50/outcome_partial_episode_count": 3,
      "h50/outcome_partial_final_state_mse": 0.0016758429020448447,
      "h50/outcome_partial_state_mse": 0.001948182847764757,
      "h50/outcome_success_episode_count": 3,
      "h50/outcome_success_final_state_mse": 0.0017483467175290475,
      "h50/outcome_success_state_mse": 0.0019603237451291554,
      "h50/state_mse": 0.0025360017664292278,
      "h75/episode_count": 15,
      "h75/final_state_mse": 0.003909843108233284,
      "h75/outcome_drop_episode_count": 3,
      "h75/outcome_drop_final_state_mse": 0.0033793811461115195,
      "h75/outcome_drop_state_mse": 0.0024080877366408804,
      "h75/outcome_jam_episode_count": 3,
      "h75/outcome_jam_final_state_mse": 0.0046812961596289495,
      "h75/outcome_jam_state_mse": 0.002859748059108626,
      "h75/outcome_miss_episode_count": 3,
      "h75/outcome_miss_final_state_mse": 0.004172711809671003,
      "h75/outcome_miss_state_mse": 0.00340931279467082,
      "h75/outcome_partial_episode_count": 3,
      "h75/outcome_partial_final_state_mse": 0.0031229406595230103,
      "h75/outcome_partial_state_mse": 0.0020939065064739817,
      "h75/outcome_success_episode_count": 3,
      "h75/outcome_success_final_state_mse": 0.004192885279265883,
      "h75/outcome_success_state_mse": 0.0021525234854039544,
      "h75/state_mse": 0.002584715733081427,
      "max_requested_horizon": 125,
      "reencode_period": 10,
      "rollout_mode": "periodic_10"
    },
    "periodic_100": {
      "episode_count": 15,
      "h10/episode_count": 15,
      "h10/final_state_mse": 0.003058812197516946,
      "h10/outcome_drop_episode_count": 3,
      "h10/outcome_drop_final_state_mse": 0.002534346521095513,
      "h10/outcome_drop_state_mse": 0.0017630415609459472,
      "h10/outcome_jam_episode_count": 3,
      "h10/outcome_jam_final_state_mse": 0.003923716400963029,
      "h10/outcome_jam_state_mse": 0.002379873453402052,
      "h10/outcome_miss_episode_count": 3,
      "h10/outcome_miss_final_state_mse": 0.003790770967801412,
      "h10/outcome_miss_state_mse": 0.010099193161609126,
      "h10/outcome_partial_episode_count": 3,
      "h10/outcome_partial_final_state_mse": 0.00253433480956196,
      "h10/outcome_partial_state_mse": 0.0016955360283259474,
      "h10/outcome_success_episode_count": 3,
      "h10/outcome_success_final_state_mse": 0.0025108919229382782,
      "h10/outcome_success_state_mse": 0.0017029206347621345,
      "h10/state_mse": 0.0035281127730226207,
      "h100/episode_count": 15,
      "h100/final_state_mse": 137095.88496732025,
      "h100/outcome_drop_episode_count": 3,
      "h100/outcome_drop_final_state_mse": 82113.96241830065,
      "h100/outcome_drop_state_mse": 3585.7080392156863,
      "h100/outcome_jam_episode_count": 3,
      "h100/outcome_jam_final_state_mse": 86161.86437908496,
      "h100/outcome_jam_state_mse": 3749.18431372549,
      "h100/outcome_miss_episode_count": 3,
      "h100/outcome_miss_final_state_mse": 346101.66013071896,
      "h100/outcome_miss_state_mse": 14508.192156862746,
      "h100/outcome_partial_episode_count": 3,
      "h100/outcome_partial_final_state_mse": 85781.11764705883,
      "h100/outcome_partial_state_mse": 3734.271176470588,
      "h100/outcome_success_episode_count": 3,
      "h100/outcome_success_final_state_mse": 85320.82679738563,
      "h100/outcome_success_state_mse": 3722.2192156862743,
      "h100/state_mse": 5859.915294117647,
      "h125/episode_count": 15,
      "h125/final_state_mse": 34490.4522875817,
      "h125/outcome_drop_episode_count": 3,
      "h125/outcome_drop_final_state_mse": 19257.73907271242,
      "h125/outcome_drop_state_mse": 4942.0064836601305,
      "h125/outcome_jam_episode_count": 3,
      "h125/outcome_jam_final_state_mse": 21912.142463235294,
      "h125/outcome_jam_state_mse": 5374.321986928105,
      "h125/outcome_miss_episode_count": 3,
      "h125/outcome_miss_final_state_mse": 89935.47467320261,
      "h125/outcome_miss_state_mse": 17718.472784313726,
      "h125/outcome_partial_episode_count": 3,
      "h125/outcome_partial_final_state_mse": 20779.473549836603,
      "h125/outcome_partial_state_mse": 5215.019189542483,
      "h125/outcome_success_episode_count": 3,
      "h125/outcome_success_final_state_mse": 20567.421058006537,
      "h125/outcome_success_state_mse": 5179.100444444444,
      "h125/state_mse": 7685.783926797386,
      "h20/episode_count": 15,
      "h20/final_state_mse": 0.010435499552807776,
      "h20/outcome_drop_episode_count": 3,
      "h20/outcome_drop_final_state_mse": 0.009644258158658844,
      "h20/outcome_drop_state_mse": 0.0037365560827691572,
      "h20/outcome_jam_episode_count": 3,
      "h20/outcome_jam_final_state_mse": 0.010003050168355307,
      "h20/outcome_jam_state_mse": 0.004240049879535351,
      "h20/outcome_miss_episode_count": 3,
      "h20/outcome_miss_final_state_mse": 0.01345305466184429,
      "h20/outcome_miss_state_mse": 0.008899670332864998,
      "h20/outcome_partial_episode_count": 3,
      "h20/outcome_partial_final_state_mse": 0.009576546600441528,
      "h20/outcome_partial_state_mse": 0.0036712508186016206,
      "h20/outcome_success_episode_count": 3,
      "h20/outcome_success_final_state_mse": 0.0095005871034136,
      "h20/outcome_success_state_mse": 0.003669287449394176,
      "h20/state_mse": 0.00484336254643459,
      "h30/episode_count": 15,
      "h30/final_state_mse": 0.03505527271943934,
      "h30/outcome_drop_episode_count": 3,
      "h30/outcome_drop_final_state_mse": 0.029721835080315086,
      "h30/outcome_drop_state_mse": 0.008813107143560006,
      "h30/outcome_jam_episode_count": 3,
      "h30/outcome_jam_final_state_mse": 0.031199584988986746,
      "h30/outcome_jam_state_mse": 0.009283833929656118,
      "h30/outcome_miss_episode_count": 3,
      "h30/outcome_miss_final_state_mse": 0.05371694549236422,
      "h30/outcome_miss_state_mse": 0.017058554921534585,
      "h30/outcome_partial_episode_count": 3,
      "h30/outcome_partial_final_state_mse": 0.03032953170389911,
      "h30/outcome_partial_state_mse": 0.008763329499687245,
      "h30/outcome_success_episode_count": 3,
      "h30/outcome_success_final_state_mse": 0.03030847334394268,
      "h30/outcome_success_state_mse": 0.008745949356644241,
      "h30/state_mse": 0.010532955261097494,
      "h40/episode_count": 15,
      "h40/final_state_mse": 0.12644206527011848,
      "h40/outcome_drop_episode_count": 3,
      "h40/outcome_drop_final_state_mse": 0.08439406226663028,
      "h40/outcome_drop_state_mse": 0.020225834690667445,
      "h40/outcome_jam_episode_count": 3,
      "h40/outcome_jam_final_state_mse": 0.09300713289796916,
      "h40/outcome_jam_state_mse": 0.021778225119596994,
      "h40/outcome_miss_episode_count": 3,
      "h40/outcome_miss_final_state_mse": 0.25543467203776044,
      "h40/outcome_miss_state_mse": 0.04098091125488281,
      "h40/outcome_partial_episode_count": 3,
      "h40/outcome_partial_final_state_mse": 0.09862853810678121,
      "h40/outcome_partial_state_mse": 0.021598476833767363,
      "h40/outcome_success_episode_count": 3,
      "h40/outcome_success_final_state_mse": 0.10074589299220665,
      "h40/outcome_success_state_mse": 0.021691993015264373,
      "h40/state_mse": 0.025255087060866013,
      "h50/episode_count": 15,
      "h50/final_state_mse": 1.5796182470383986,
      "h50/outcome_drop_episode_count": 3,
      "h50/outcome_drop_final_state_mse": 0.6943469577365451,
      "h50/outcome_drop_state_mse": 0.07957082711014093,
      "h50/outcome_jam_episode_count": 3,
      "h50/outcome_jam_final_state_mse": 0.6730153700884651,
      "h50/outcome_jam_state_mse": 0.07885978150211907,
      "h50/outcome_miss_episode_count": 3,
      "h50/outcome_miss_final_state_mse": 5.085845847534977,
      "h50/outcome_miss_state_mse": 0.42196002636080476,
      "h50/outcome_partial_episode_count": 3,
      "h50/outcome_partial_final_state_mse": 0.7148774215598511,
      "h50/outcome_partial_state_mse": 0.08395881403505412,
      "h50/outcome_success_episode_count": 3,
      "h50/outcome_success_final_state_mse": 0.7300051022199244,
      "h50/outcome_success_state_mse": 0.0854032887976154,
      "h50/state_mse": 0.14995054636437907,
      "h75/episode_count": 15,
      "h75/final_state_mse": 272.06652369281045,
      "h75/outcome_drop_episode_count": 3,
      "h75/outcome_drop_final_state_mse": 166.38035832822712,
      "h75/outcome_drop_state_mse": 10.8689651416122,
      "h75/outcome_jam_episode_count": 3,
      "h75/outcome_jam_final_state_mse": 166.10409007352942,
      "h75/outcome_jam_state_mse": 10.590142973856208,
      "h75/outcome_miss_episode_count": 3,
      "h75/outcome_miss_final_state_mse": 694.4358660130719,
      "h75/outcome_miss_state_mse": 55.25985021786492,
      "h75/outcome_partial_episode_count": 3,
      "h75/outcome_partial_final_state_mse": 165.3299568525327,
      "h75/outcome_partial_state_mse": 10.635634701797386,
      "h75/outcome_success_episode_count": 3,
      "h75/outcome_success_final_state_mse": 168.08239506740196,
      "h75/outcome_success_state_mse": 10.88179585375817,
      "h75/state_mse": 19.64727450980392,
      "max_requested_horizon": 125,
      "reencode_period": 100,
      "rollout_mode": "periodic_100"
    },
    "periodic_2": {
      "episode_count": 15,
      "h10/episode_count": 15,
      "h10/final_state_mse": 0.0027870842054778452,
      "h10/outcome_drop_episode_count": 3,
      "h10/outcome_drop_final_state_mse": 0.0014842531211625516,
      "h10/outcome_drop_state_mse": 0.001485605294408362,
      "h10/outcome_jam_episode_count": 3,
      "h10/outcome_jam_final_state_mse": 0.002219621944271661,
      "h10/outcome_jam_state_mse": 0.0019943838026009355,
      "h10/outcome_miss_episode_count": 3,
      "h10/outcome_miss_final_state_mse": 0.007489787645978865,
      "h10/outcome_miss_state_mse": 0.012627520904042362,
      "h10/outcome_partial_episode_count": 3,
      "h10/outcome_partial_final_state_mse": 0.0013556630636741911,
      "h10/outcome_partial_state_mse": 0.0013862535065295649,
      "h10/outcome_success_episode_count": 3,
      "h10/outcome_success_final_state_mse": 0.001386096713200114,
      "h10/outcome_success_state_mse": 0.0014023284312167199,
      "h10/state_mse": 0.003779218586441738,
      "h100/episode_count": 15,
      "h100/final_state_mse": 0.0045755461150524665,
      "h100/outcome_drop_episode_count": 3,
      "h100/outcome_drop_final_state_mse": 0.006558192516464034,
      "h100/outcome_drop_state_mse": 0.004292815588658152,
      "h100/outcome_jam_episode_count": 3,
      "h100/outcome_jam_final_state_mse": 0.0030745923324348103,
      "h100/outcome_jam_state_mse": 0.0032362321467181436,
      "h100/outcome_miss_episode_count": 3,
      "h100/outcome_miss_final_state_mse": 0.006298391744981404,
      "h100/outcome_miss_state_mse": 0.004499171325583863,
      "h100/outcome_partial_episode_count": 3,
      "h100/outcome_partial_final_state_mse": 0.004160782870124368,
      "h100/outcome_partial_state_mse": 0.002607892728319355,
      "h100/outcome_success_episode_count": 3,
      "h100/outcome_success_final_state_mse": 0.002785770575595058,
      "h100/outcome_success_state_mse": 0.0026820171892253403,
      "h100/state_mse": 0.003463625839333129,
      "h125/episode_count": 15,
      "h125/final_state_mse": 0.0050507152781767,
      "h125/outcome_drop_episode_count": 3,
      "h125/outcome_drop_final_state_mse": 0.0059946030378341675,
      "h125/outcome_drop_state_mse": 0.0047169956381804025,
      "h125/outcome_jam_episode_count": 3,
      "h125/outcome_jam_final_state_mse": 0.0030298480410981023,
      "h125/outcome_jam_state_mse": 0.003345511243234273,
      "h125/outcome_miss_episode_count": 3,
      "h125/outcome_miss_final_state_mse": 0.008170160446681228,
      "h125/outcome_miss_state_mse": 0.005057130003287122,
      "h125/outcome_partial_episode_count": 3,
      "h125/outcome_partial_final_state_mse": 0.0042720927911646224,
      "h125/outcome_partial_state_mse": 0.0029209639106700623,
      "h125/outcome_success_episode_count": 3,
      "h125/outcome_success_final_state_mse": 0.0037868741680594053,
      "h125/outcome_success_state_mse": 0.002786952249364915,
      "h125/state_mse": 0.0037655110677083333,
      "h20/episode_count": 15,
      "h20/final_state_mse": 0.002378429774365394,
      "h20/outcome_drop_episode_count": 3,
      "h20/outcome_drop_final_state_mse": 0.00258784677857667,
      "h20/outcome_drop_state_mse": 0.0016758949928034365,
      "h20/outcome_jam_episode_count": 3,
      "h20/outcome_jam_final_state_mse": 0.002527161166558858,
      "h20/outcome_jam_state_mse": 0.002160871652216693,
      "h20/outcome_miss_episode_count": 3,
      "h20/outcome_miss_final_state_mse": 0.002253554177050497,
      "h20/outcome_miss_state_mse": 0.008344717586741728,
      "h20/outcome_partial_episode_count": 3,
      "h20/outcome_partial_final_state_mse": 0.002262300598660326,
      "h20/outcome_partial_state_mse": 0.0015832696280448264,
      "h20/outcome_success_episode_count": 3,
      "h20/outcome_success_final_state_mse": 0.0022612866866432765,
      "h20/outcome_success_state_mse": 0.0016023617943907095,
      "h20/state_mse": 0.0030734232983558006,
      "h30/episode_count": 15,
      "h30/final_state_mse": 0.0026599008273455052,
      "h30/outcome_drop_episode_count": 3,
      "h30/outcome_drop_final_state_mse": 0.0024466681860241236,
      "h30/outcome_drop_state_mse": 0.0019683582330840867,
      "h30/outcome_jam_episode_count": 3,
      "h30/outcome_jam_final_state_mse": 0.003098084500022963,
      "h30/outcome_jam_state_mse": 0.002456587280323303,
      "h30/outcome_miss_episode_count": 3,
      "h30/outcome_miss_final_state_mse": 0.002683192881104214,
      "h30/outcome_miss_state_mse": 0.006496196634629194,
      "h30/outcome_partial_episode_count": 3,
      "h30/outcome_partial_final_state_mse": 0.0024920128821547516,
      "h30/outcome_partial_state_mse": 0.0018831341354935258,
      "h30/outcome_success_episode_count": 3,
      "h30/outcome_success_final_state_mse": 0.0025795461987358293,
      "h30/outcome_success_state_mse": 0.001903213810557114,
      "h30/state_mse": 0.0029414979357085718,
      "h40/episode_count": 15,
      "h40/final_state_mse": 0.002896294562645208,
      "h40/outcome_drop_episode_count": 3,
      "h40/outcome_drop_final_state_mse": 0.003411140073748196,
      "h40/outcome_drop_state_mse": 0.002274234271516987,
      "h40/outcome_jam_episode_count": 3,
      "h40/outcome_jam_final_state_mse": 0.0024658606138104706,
      "h40/outcome_jam_state_mse": 0.002549076625724244,
      "h40/outcome_miss_episode_count": 3,
      "h40/outcome_miss_final_state_mse": 0.0038238680538009197,
      "h40/outcome_miss_state_mse": 0.005778054552140578,
      "h40/outcome_partial_episode_count": 3,
      "h40/outcome_partial_final_state_mse": 0.0023984166434387754,
      "h40/outcome_partial_state_mse": 0.002008369545531429,
      "h40/outcome_success_episode_count": 3,
      "h40/outcome_success_final_state_mse": 0.0023821871605963487,
      "h40/outcome_success_state_mse": 0.002031470669640435,
      "h40/state_mse": 0.0029282409069584865,
      "h50/episode_count": 15,
      "h50/final_state_mse": 0.003078785752938464,
      "h50/outcome_drop_episode_count": 3,
      "h50/outcome_drop_final_state_mse": 0.004398095890197878,
      "h50/outcome_drop_state_mse": 0.0027807368484197878,
      "h50/outcome_jam_episode_count": 3,
      "h50/outcome_jam_final_state_mse": 0.00304194388825909,
      "h50/outcome_jam_state_mse": 0.0026646292131710676,
      "h50/outcome_miss_episode_count": 3,
      "h50/outcome_miss_final_state_mse": 0.0031349670653249705,
      "h50/outcome_miss_state_mse": 0.00537503859576057,
      "h50/outcome_partial_episode_count": 3,
      "h50/outcome_partial_final_state_mse": 0.002360335167716531,
      "h50/outcome_partial_state_mse": 0.002093096028745564,
      "h50/outcome_success_episode_count": 3,
      "h50/outcome_success_final_state_mse": 0.0024585858766549553,
      "h50/outcome_success_state_mse": 0.002116320304621279,
      "h50/state_mse": 0.0030059642916411356,
      "h75/episode_count": 15,
      "h75/final_state_mse": 0.005743046679527931,
      "h75/outcome_drop_episode_count": 3,
      "h75/outcome_drop_final_state_mse": 0.007023523348608827,
      "h75/outcome_drop_state_mse": 0.003843145141933998,
      "h75/outcome_jam_episode_count": 3,
      "h75/outcome_jam_final_state_mse": 0.0057535273284693945,
      "h75/outcome_jam_state_mse": 0.0031266517057398045,
      "h75/outcome_miss_episode_count": 3,
      "h75/outcome_miss_final_state_mse": 0.00594578960946962,
      "h75/outcome_miss_state_mse": 0.0047207430505025365,
      "h75/outcome_partial_episode_count": 3,
      "h75/outcome_partial_final_state_mse": 0.004005274132770651,
      "h75/outcome_partial_state_mse": 0.0024141334084903493,
      "h75/outcome_success_episode_count": 3,
      "h75/outcome_success_final_state_mse": 0.005987121461848028,
      "h75/outcome_success_state_mse": 0.002526726151343784,
      "h75/state_mse": 0.003326279850047658,
      "max_requested_horizon": 125,
      "reencode_period": 2,
      "rollout_mode": "periodic_2"
    },
    "periodic_20": {
      "episode_count": 15,
      "h10/episode_count": 15,
      "h10/final_state_mse": 0.003058812197516946,
      "h10/outcome_drop_episode_count": 3,
      "h10/outcome_drop_final_state_mse": 0.002534346521095513,
      "h10/outcome_drop_state_mse": 0.0017630415609459472,
      "h10/outcome_jam_episode_count": 3,
      "h10/outcome_jam_final_state_mse": 0.003923716400963029,
      "h10/outcome_jam_state_mse": 0.002379873453402052,
      "h10/outcome_miss_episode_count": 3,
      "h10/outcome_miss_final_state_mse": 0.003790770967801412,
      "h10/outcome_miss_state_mse": 0.010099193161609126,
      "h10/outcome_partial_episode_count": 3,
      "h10/outcome_partial_final_state_mse": 0.00253433480956196,
      "h10/outcome_partial_state_mse": 0.0016955360283259474,
      "h10/outcome_success_episode_count": 3,
      "h10/outcome_success_final_state_mse": 0.0025108919229382782,
      "h10/outcome_success_state_mse": 0.0017029206347621345,
      "h10/state_mse": 0.0035281127730226207,
      "h100/episode_count": 15,
      "h100/final_state_mse": 0.01175159130221099,
      "h100/outcome_drop_episode_count": 3,
      "h100/outcome_drop_final_state_mse": 0.008356414394440993,
      "h100/outcome_drop_state_mse": 0.0037564132416170407,
      "h100/outcome_jam_episode_count": 3,
      "h100/outcome_jam_final_state_mse": 0.013582249092899895,
      "h100/outcome_jam_state_mse": 0.00494483343136856,
      "h100/outcome_miss_episode_count": 3,
      "h100/outcome_miss_final_state_mse": 0.012299242752050263,
      "h100/outcome_miss_state_mse": 0.005674488715876161,
      "h100/outcome_partial_episode_count": 3,
      "h100/outcome_partial_final_state_mse": 0.01076601864465701,
      "h100/outcome_partial_state_mse": 0.004091011932472777,
      "h100/outcome_success_episode_count": 3,
      "h100/outcome_success_final_state_mse": 0.013754032016579622,
      "h100/outcome_success_state_mse": 0.004423522325902204,
      "h100/state_mse": 0.004578053991779003,
      "h125/episode_count": 15,
      "h125/final_state_mse": 0.006696434270322712,
      "h125/outcome_drop_episode_count": 3,
      "h125/outcome_drop_final_state_mse": 0.0054565359369602075,
      "h125/outcome_drop_state_mse": 0.004243070415422028,
      "h125/outcome_jam_episode_count": 3,
      "h125/outcome_jam_final_state_mse": 0.006959387387325561,
      "h125/outcome_jam_state_mse": 0.005637105505450878,
      "h125/outcome_miss_episode_count": 3,
      "h125/outcome_miss_final_state_mse": 0.009399803537948458,
      "h125/outcome_miss_state_mse": 0.006563821830001532,
      "h125/outcome_partial_episode_count": 3,
      "h125/outcome_partial_final_state_mse": 0.005682845520817377,
      "h125/outcome_partial_state_mse": 0.004616068123212827,
      "h125/outcome_success_episode_count": 3,
      "h125/outcome_success_final_state_mse": 0.005983599893797457,
      "h125/outcome_success_state_mse": 0.005407033284505208,
      "h125/state_mse": 0.005293419692095588,
      "h20/episode_count": 15,
      "h20/final_state_mse": 0.010435499552807776,
      "h20/outcome_drop_episode_count": 3,
      "h20/outcome_drop_final_state_mse": 0.009644258158658844,
      "h20/outcome_drop_state_mse": 0.0037365560827691572,
      "h20/outcome_jam_episode_count": 3,
      "h20/outcome_jam_final_state_mse": 0.010003050168355307,
      "h20/outcome_jam_state_mse": 0.004240049879535351,
      "h20/outcome_miss_episode_count": 3,
      "h20/outcome_miss_final_state_mse": 0.01345305466184429,
      "h20/outcome_miss_state_mse": 0.008899670332864998,
      "h20/outcome_partial_episode_count": 3,
      "h20/outcome_partial_final_state_mse": 0.009576546600441528,
      "h20/outcome_partial_state_mse": 0.0036712508186016206,
      "h20/outcome_success_episode_count": 3,
      "h20/outcome_success_final_state_mse": 0.0095005871034136,
      "h20/outcome_success_state_mse": 0.003669287449394176,
      "h20/state_mse": 0.00484336254643459,
      "h30/episode_count": 15,
      "h30/final_state_mse": 0.0030444712420694187,
      "h30/outcome_drop_episode_count": 3,
      "h30/outcome_drop_final_state_mse": 0.0028795419029550616,
      "h30/outcome_drop_state_mse": 0.003531622523056396,
      "h30/outcome_jam_episode_count": 3,
      "h30/outcome_jam_final_state_mse": 0.0031152232458778457,
      "h30/outcome_jam_state_mse": 0.004010129494345006,
      "h30/outcome_miss_episode_count": 3,
      "h30/outcome_miss_final_state_mse": 0.0036915074668678583,
      "h30/outcome_miss_state_mse": 0.007348481034920886,
      "h30/outcome_partial_episode_count": 3,
      "h30/outcome_partial_final_state_mse": 0.0027509602456310994,
      "h30/outcome_partial_state_mse": 0.0034511856523734034,
      "h30/outcome_success_episode_count": 3,
      "h30/outcome_success_final_state_mse": 0.002785123032487296,
      "h30/outcome_success_state_mse": 0.0034562865113900378,
      "h30/state_mse": 0.004359541084771582,
      "h40/episode_count": 15,
      "h40/final_state_mse": 0.005704359914742264,
      "h40/outcome_drop_episode_count": 3,
      "h40/outcome_drop_final_state_mse": 0.003956311960625493,
      "h40/outcome_drop_state_mse": 0.0035553850769217497,
      "h40/outcome_jam_episode_count": 3,
      "h40/outcome_jam_final_state_mse": 0.0061514839237811515,
      "h40/outcome_jam_state_mse": 0.004121668042700275,
      "h40/outcome_miss_episode_count": 3,
      "h40/outcome_miss_final_state_mse": 0.0063169104795829925,
      "h40/outcome_miss_state_mse": 0.006664055001501944,
      "h40/outcome_partial_episode_count": 3,
      "h40/outcome_partial_final_state_mse": 0.006025499767727322,
      "h40/outcome_partial_state_mse": 0.0035775907288968954,
      "h40/outcome_success_episode_count": 3,
      "h40/outcome_success_final_state_mse": 0.0060715933446011516,
      "h40/outcome_success_state_mse": 0.0035907073348176244,
      "h40/state_mse": 0.0043018809798496226,
      "h50/episode_count": 15,
      "h50/final_state_mse": 0.0023365424349417094,
      "h50/outcome_drop_episode_count": 3,
      "h50/outcome_drop_final_state_mse": 0.002789237579099493,
      "h50/outcome_drop_state_mse": 0.0035523249121273267,
      "h50/outcome_jam_episode_count": 3,
      "h50/outcome_jam_final_state_mse": 0.0029479775796918306,
      "h50/outcome_jam_state_mse": 0.0039650541193345015,
      "h50/outcome_miss_episode_count": 3,
      "h50/outcome_miss_final_state_mse": 0.001783430868504094,
      "h50/outcome_miss_state_mse": 0.005792933196024178,
      "h50/outcome_partial_episode_count": 3,
      "h50/outcome_partial_final_state_mse": 0.0020469222461281258,
      "h50/outcome_partial_state_mse": 0.0033701709360858196,
      "h50/outcome_success_episode_count": 3,
      "h50/outcome_success_final_state_mse": 0.00211514405954897,
      "h50/outcome_success_state_mse": 0.003389396605148814,
      "h50/state_mse": 0.00401397625293607,
      "h75/episode_count": 15,
      "h75/final_state_mse": 0.00603636947332644,
      "h75/outcome_drop_episode_count": 3,
      "h75/outcome_drop_final_state_mse": 0.004296619566827038,
      "h75/outcome_drop_state_mse": 0.0035772041869319344,
      "h75/outcome_jam_episode_count": 3,
      "h75/outcome_jam_final_state_mse": 0.007205803409900541,
      "h75/outcome_jam_state_mse": 0.004127832092750566,
      "h75/outcome_miss_episode_count": 3,
      "h75/outcome_miss_final_state_mse": 0.006099644050099491,
      "h75/outcome_miss_state_mse": 0.00531305367131119,
      "h75/outcome_partial_episode_count": 3,
      "h75/outcome_partial_final_state_mse": 0.005831762661341749,
      "h75/outcome_partial_state_mse": 0.0034387768016142005,
      "h75/outcome_success_episode_count": 3,
      "h75/outcome_success_final_state_mse": 0.006748017727159986,
      "h75/outcome_success_state_mse": 0.0035026644205995113,
      "h75/state_mse": 0.003991906392548338,
      "max_requested_horizon": 125,
      "reencode_period": 20,
      "rollout_mode": "periodic_20"
    },
    "periodic_5": {
      "episode_count": 15,
      "h10/episode_count": 15,
      "h10/final_state_mse": 0.002261284909217186,
      "h10/outcome_drop_episode_count": 3,
      "h10/outcome_drop_final_state_mse": 0.0015760304929773792,
      "h10/outcome_drop_state_mse": 0.0014918239288080751,
      "h10/outcome_jam_episode_count": 3,
      "h10/outcome_jam_final_state_mse": 0.002528792259350322,
      "h10/outcome_jam_state_mse": 0.002034611990249235,
      "h10/outcome_miss_episode_count": 3,
      "h10/outcome_miss_final_state_mse": 0.004229225948745129,
      "h10/outcome_miss_state_mse": 0.010508103619993122,
      "h10/outcome_partial_episode_count": 3,
      "h10/outcome_partial_final_state_mse": 0.0014717689429233278,
      "h10/outcome_partial_state_mse": 0.001400858806628807,
      "h10/outcome_success_episode_count": 3,
      "h10/outcome_success_final_state_mse": 0.001500607729932062,
      "h10/outcome_success_state_mse": 0.0014217343595292833,
      "h10/state_mse": 0.003371426451439951,
      "h100/episode_count": 15,
      "h100/final_state_mse": 0.0028205868465448515,
      "h100/outcome_drop_episode_count": 3,
      "h100/outcome_drop_final_state_mse": 0.003431964154336967,
      "h100/outcome_drop_state_mse": 0.002673622206145642,
      "h100/outcome_jam_episode_count": 3,
      "h100/outcome_jam_final_state_mse": 0.0027978843431067622,
      "h100/outcome_jam_state_mse": 0.0028118786157346237,
      "h100/outcome_miss_episode_count": 3,
      "h100/outcome_miss_final_state_mse": 0.002858216296029247,
      "h100/outcome_miss_state_mse": 0.003429802102980271,
      "h100/outcome_partial_episode_count": 3,
      "h100/outcome_partial_final_state_mse": 0.002312432609352411,
      "h100/outcome_partial_state_mse": 0.002051208346497779,
      "h100/outcome_success_episode_count": 3,
      "h100/outcome_success_final_state_mse": 0.0027024371951234107,
      "h100/outcome_success_state_mse": 0.0021829257915222566,
      "h100/state_mse": 0.0026298872006484887,
      "h125/episode_count": 15,
      "h125/final_state_mse": 0.0036090015585905585,
      "h125/outcome_drop_episode_count": 3,
      "h125/outcome_drop_final_state_mse": 0.004520111419017019,
      "h125/outcome_drop_state_mse": 0.0029485189899120454,
      "h125/outcome_jam_episode_count": 3,
      "h125/outcome_jam_final_state_mse": 0.003685138583962434,
      "h125/outcome_jam_state_mse": 0.0029488612654941532,
      "h125/outcome_miss_episode_count": 3,
      "h125/outcome_miss_final_state_mse": 0.0047006432721817416,
      "h125/outcome_miss_state_mse": 0.0035824157615113104,
      "h125/outcome_partial_episode_count": 3,
      "h125/outcome_partial_final_state_mse": 0.0022377718507853987,
      "h125/outcome_partial_state_mse": 0.0021118882372488383,
      "h125/outcome_success_episode_count": 3,
      "h125/outcome_success_final_state_mse": 0.0029013428130960153,
      "h125/outcome_success_state_mse": 0.002289607303594452,
      "h125/state_mse": 0.002776258361417484,
      "h20/episode_count": 15,
      "h20/final_state_mse": 0.0019908174190645905,
      "h20/outcome_drop_episode_count": 3,
      "h20/outcome_drop_final_state_mse": 0.0019758089256832023,
      "h20/outcome_drop_state_mse": 0.001605250749712676,
      "h20/outcome_jam_episode_count": 3,
      "h20/outcome_jam_final_state_mse": 0.00220377134536606,
      "h20/outcome_jam_state_mse": 0.0021304955669477874,
      "h20/outcome_miss_episode_count": 3,
      "h20/outcome_miss_final_state_mse": 0.002286634267934787,
      "h20/outcome_miss_state_mse": 0.00683952281677645,
      "h20/outcome_partial_episode_count": 3,
      "h20/outcome_partial_final_state_mse": 0.0017202862240130606,
      "h20/outcome_partial_state_mse": 0.0015139153969833275,
      "h20/outcome_success_episode_count": 3,
      "h20/outcome_success_final_state_mse": 0.001767586819291894,
      "h20/outcome_success_state_mse": 0.001539451740925608,
      "h20/state_mse": 0.002725727355558109,
      "h30/episode_count": 15,
      "h30/final_state_mse": 0.0018436403835521025,
      "h30/outcome_drop_episode_count": 3,
      "h30/outcome_drop_final_state_mse": 0.0017211609854807261,
      "h30/outcome_drop_state_mse": 0.0016992227703917261,
      "h30/outcome_jam_episode_count": 3,
      "h30/outcome_jam_final_state_mse": 0.0020835975221559114,
      "h30/outcome_jam_state_mse": 0.0022254824378651473,
      "h30/outcome_miss_episode_count": 3,
      "h30/outcome_miss_final_state_mse": 0.0019221529364585876,
      "h30/outcome_miss_state_mse": 0.005364048714731254,
      "h30/outcome_partial_episode_count": 3,
      "h30/outcome_partial_final_state_mse": 0.0017124688118891,
      "h30/outcome_partial_state_mse": 0.0016080230149828011,
      "h30/outcome_success_episode_count": 3,
      "h30/outcome_success_final_state_mse": 0.0017788215887312795,
      "h30/outcome_success_state_mse": 0.0016302914661000237,
      "h30/state_mse": 0.0025054137119800176,
      "h40/episode_count": 15,
      "h40/final_state_mse": 0.0018266827452416514,
      "h40/outcome_drop_episode_count": 3,
      "h40/outcome_drop_final_state_mse": 0.0021047537135922053,
      "h40/outcome_drop_state_mse": 0.001846744772655512,
      "h40/outcome_jam_episode_count": 3,
      "h40/outcome_jam_final_state_mse": 0.0017092262266897688,
      "h40/outcome_jam_state_mse": 0.0022386091207367144,
      "h40/outcome_miss_episode_count": 3,
      "h40/outcome_miss_final_state_mse": 0.0019446262736725652,
      "h40/outcome_miss_state_mse": 0.00460206106597302,
      "h40/outcome_partial_episode_count": 3,
      "h40/outcome_partial_final_state_mse": 0.0016873952463950987,
      "h40/outcome_partial_state_mse": 0.001655254683463402,
      "h40/outcome_success_episode_count": 3,
      "h40/outcome_success_final_state_mse": 0.001687412387600132,
      "h40/outcome_success_state_mse": 0.001678274503720352,
      "h40/state_mse": 0.0024041887669781453,
      "h50/episode_count": 15,
      "h50/final_state_mse": 0.0021776362961413815,
      "h50/outcome_drop_episode_count": 3,
      "h50/outcome_drop_final_state_mse": 0.002666263238472097,
      "h50/outcome_drop_state_mse": 0.0021174393759833443,
      "h50/outcome_jam_episode_count": 3,
      "h50/outcome_jam_final_state_mse": 0.002808978841974844,
      "h50/outcome_jam_state_mse": 0.002315069585064657,
      "h50/outcome_miss_episode_count": 3,
      "h50/outcome_miss_final_state_mse": 0.0016286819442814472,
      "h50/outcome_miss_state_mse": 0.0040920286240920525,
      "h50/outcome_partial_episode_count": 3,
      "h50/outcome_partial_final_state_mse": 0.001864099375952303,
      "h50/outcome_partial_state_mse": 0.0017012785618601282,
      "h50/outcome_success_episode_count": 3,
      "h50/outcome_success_final_state_mse": 0.0019201579339363996,
      "h50/outcome_success_state_mse": 0.0017247023613624324,
      "h50/state_mse": 0.002390103608175041,
      "h75/episode_count": 15,
      "h75/final_state_mse": 0.004081456489812315,
      "h75/outcome_drop_episode_count": 3,
      "h75/outcome_drop_final_state_mse": 0.0035516164856019363,
      "h75/outcome_drop_state_mse": 0.0025477366146179066,
      "h75/outcome_jam_episode_count": 3,
      "h75/outcome_jam_final_state_mse": 0.004518648719086367,
      "h75/outcome_jam_state_mse": 0.0027429310584639673,
      "h75/outcome_miss_episode_count": 3,
      "h75/outcome_miss_final_state_mse": 0.004783348344704684,
      "h75/outcome_miss_state_mse": 0.0036002600011223024,
      "h75/outcome_partial_episode_count": 3,
      "h75/outcome_partial_final_state_mse": 0.003382578589557822,
      "h75/outcome_partial_state_mse": 0.002004172589004949,
      "h75/outcome_success_episode_count": 3,
      "h75/outcome_success_final_state_mse": 0.004171090139672647,
      "h75/outcome_success_state_mse": 0.002065685912155118,
      "h75/state_mse": 0.0025921575010212417,
      "max_requested_horizon": 125,
      "reencode_period": 5,
      "rollout_mode": "periodic_5"
    },
    "periodic_50": {
      "episode_count": 15,
      "h10/episode_count": 15,
      "h10/final_state_mse": 0.003058812197516946,
      "h10/outcome_drop_episode_count": 3,
      "h10/outcome_drop_final_state_mse": 0.002534346521095513,
      "h10/outcome_drop_state_mse": 0.0017630415609459472,
      "h10/outcome_jam_episode_count": 3,
      "h10/outcome_jam_final_state_mse": 0.003923716400963029,
      "h10/outcome_jam_state_mse": 0.002379873453402052,
      "h10/outcome_miss_episode_count": 3,
      "h10/outcome_miss_final_state_mse": 0.003790770967801412,
      "h10/outcome_miss_state_mse": 0.010099193161609126,
      "h10/outcome_partial_episode_count": 3,
      "h10/outcome_partial_final_state_mse": 0.00253433480956196,
      "h10/outcome_partial_state_mse": 0.0016955360283259474,
      "h10/outcome_success_episode_count": 3,
      "h10/outcome_success_final_state_mse": 0.0025108919229382782,
      "h10/outcome_success_state_mse": 0.0017029206347621345,
      "h10/state_mse": 0.0035281127730226207,
      "h100/episode_count": 15,
      "h100/final_state_mse": 351.1847222222222,
      "h100/outcome_drop_episode_count": 3,
      "h100/outcome_drop_final_state_mse": 246.13748468137254,
      "h100/outcome_drop_state_mse": 11.462930070465687,
      "h100/outcome_jam_episode_count": 3,
      "h100/outcome_jam_final_state_mse": 265.424134497549,
      "h100/outcome_jam_state_mse": 11.881446589052288,
      "h100/outcome_miss_episode_count": 3,
      "h100/outcome_miss_final_state_mse": 692.6060687295752,
      "h100/outcome_miss_state_mse": 36.726922998366014,
      "h100/outcome_partial_episode_count": 3,
      "h100/outcome_partial_final_state_mse": 270.99228005004085,
      "h100/outcome_partial_state_mse": 12.019450827205882,
      "h100/outcome_success_episode_count": 3,
      "h100/outcome_success_final_state_mse": 280.7634548611111,
      "h100/outcome_success_state_mse": 12.575379136029412,
      "h100/state_mse": 16.93322549019608,
      "h125/episode_count": 15,
      "h125/final_state_mse": 155.31145833333332,
      "h125/outcome_drop_episode_count": 3,
      "h125/outcome_drop_final_state_mse": 102.49610172845179,
      "h125/outcome_drop_state_mse": 16.390569852941177,
      "h125/outcome_jam_episode_count": 3,
      "h125/outcome_jam_final_state_mse": 102.84009108200571,
      "h125/outcome_jam_state_mse": 16.700979779411764,
      "h125/outcome_miss_episode_count": 3,
      "h125/outcome_miss_final_state_mse": 368.8021854575163,
      "h125/outcome_miss_state_mse": 49.03597303921568,
      "h125/outcome_partial_episode_count": 3,
      "h125/outcome_partial_final_state_mse": 99.55314287173202,
      "h125/outcome_partial_state_mse": 16.576525939542485,
      "h125/outcome_success_episode_count": 3,
      "h125/outcome_success_final_state_mse": 102.86572903901144,
      "h125/outcome_success_state_mse": 17.39594097222222,
      "h125/state_mse": 23.219997385620914,
      "h20/episode_count": 15,
      "h20/final_state_mse": 0.010435499552807776,
      "h20/outcome_drop_episode_count": 3,
      "h20/outcome_drop_final_state_mse": 0.009644258158658844,
      "h20/outcome_drop_state_mse": 0.0037365560827691572,
      "h20/outcome_jam_episode_count": 3,
      "h20/outcome_jam_final_state_mse": 0.010003050168355307,
      "h20/outcome_jam_state_mse": 0.004240049879535351,
      "h20/outcome_miss_episode_count": 3,
      "h20/outcome_miss_final_state_mse": 0.01345305466184429,
      "h20/outcome_miss_state_mse": 0.008899670332864998,
      "h20/outcome_partial_episode_count": 3,
      "h20/outcome_partial_final_state_mse": 0.009576546600441528,
      "h20/outcome_partial_state_mse": 0.0036712508186016206,
      "h20/outcome_success_episode_count": 3,
      "h20/outcome_success_final_state_mse": 0.0095005871034136,
      "h20/outcome_success_state_mse": 0.003669287449394176,
      "h20/state_mse": 0.00484336254643459,
      "h30/episode_count": 15,
      "h30/final_state_mse": 0.03505527271943934,
      "h30/outcome_drop_episode_count": 3,
      "h30/outcome_drop_final_state_mse": 0.029721835080315086,
      "h30/outcome_drop_state_mse": 0.008813107143560006,
      "h30/outcome_jam_episode_count": 3,
      "h30/outcome_jam_final_state_mse": 0.031199584988986746,
      "h30/outcome_jam_state_mse": 0.009283833929656118,
      "h30/outcome_miss_episode_count": 3,
      "h30/outcome_miss_final_state_mse": 0.05371694549236422,
      "h30/outcome_miss_state_mse": 0.017058554921534585,
      "h30/outcome_partial_episode_count": 3,
      "h30/outcome_partial_final_state_mse": 0.03032953170389911,
      "h30/outcome_partial_state_mse": 0.008763329499687245,
      "h30/outcome_success_episode_count": 3,
      "h30/outcome_success_final_state_mse": 0.03030847334394268,
      "h30/outcome_success_state_mse": 0.008745949356644241,
      "h30/state_mse": 0.010532955261097494,
      "h40/episode_count": 15,
      "h40/final_state_mse": 0.12644206527011848,
      "h40/outcome_drop_episode_count": 3,
      "h40/outcome_drop_final_state_mse": 0.08439406226663028,
      "h40/outcome_drop_state_mse": 0.020225834690667445,
      "h40/outcome_jam_episode_count": 3,
      "h40/outcome_jam_final_state_mse": 0.09300713289796916,
      "h40/outcome_jam_state_mse": 0.021778225119596994,
      "h40/outcome_miss_episode_count": 3,
      "h40/outcome_miss_final_state_mse": 0.25543467203776044,
      "h40/outcome_miss_state_mse": 0.04098091125488281,
      "h40/outcome_partial_episode_count": 3,
      "h40/outcome_partial_final_state_mse": 0.09862853810678121,
      "h40/outcome_partial_state_mse": 0.021598476833767363,
      "h40/outcome_success_episode_count": 3,
      "h40/outcome_success_final_state_mse": 0.10074589299220665,
      "h40/outcome_success_state_mse": 0.021691993015264373,
      "h40/state_mse": 0.025255087060866013,
      "h50/episode_count": 15,
      "h50/final_state_mse": 1.5796182470383986,
      "h50/outcome_drop_episode_count": 3,
      "h50/outcome_drop_final_state_mse": 0.6943469577365451,
      "h50/outcome_drop_state_mse": 0.07957082711014093,
      "h50/outcome_jam_episode_count": 3,
      "h50/outcome_jam_final_state_mse": 0.6730153700884651,
      "h50/outcome_jam_state_mse": 0.07885978150211907,
      "h50/outcome_miss_episode_count": 3,
      "h50/outcome_miss_final_state_mse": 5.085845847534977,
      "h50/outcome_miss_state_mse": 0.42196002636080476,
      "h50/outcome_partial_episode_count": 3,
      "h50/outcome_partial_final_state_mse": 0.7148774215598511,
      "h50/outcome_partial_state_mse": 0.08395881403505412,
      "h50/outcome_success_episode_count": 3,
      "h50/outcome_success_final_state_mse": 0.7300051022199244,
      "h50/outcome_success_state_mse": 0.0854032887976154,
      "h50/state_mse": 0.14995054636437907,
      "h75/episode_count": 15,
      "h75/final_state_mse": 0.9116247638378268,
      "h75/outcome_drop_episode_count": 3,
      "h75/outcome_drop_final_state_mse": 0.8293293846978081,
      "h75/outcome_drop_state_mse": 0.11985404220281863,
      "h75/outcome_jam_episode_count": 3,
      "h75/outcome_jam_final_state_mse": 0.8520985397638059,
      "h75/outcome_jam_state_mse": 0.11569093126616967,
      "h75/outcome_miss_episode_count": 3,
      "h75/outcome_miss_final_state_mse": 1.3533262365004595,
      "h75/outcome_miss_state_mse": 0.47137019803581154,
      "h75/outcome_partial_episode_count": 3,
      "h75/outcome_partial_final_state_mse": 0.7377763261982039,
      "h75/outcome_partial_state_mse": 0.11307597241370507,
      "h75/outcome_success_episode_count": 3,
      "h75/outcome_success_final_state_mse": 0.7855938431484247,
      "h75/outcome_success_state_mse": 0.11685937553189679,
      "h75/state_mse": 0.1873700980392157,
      "max_requested_horizon": 125,
      "reencode_period": 50,
      "rollout_mode": "periodic_50"
    }
  },
  "split": "test",
  "support_alignment": {
    "contact_phase": {
      "contact_phase_family_ari": 0.0,
      "contact_phase_family_nmi": 0.0,
      "contact_phase_family_purity": 0.9996668887408394,
      "contact_phase_sample_count": 3002.0,
      "h_contact_phase_given_family": 0.0030002889533867266,
      "h_family_given_contact_phase": 0.0,
      "unique_contact_phase_count": 2.0,
      "unique_family_count": 1.0
    },
    "contact_phase_alignment_available": true,
    "evaluated_state_count": 3017,
    "family_count": 1,
    "mean_family_similarity": 0.6236602067947388,
    "mean_support_size": 250.16605899900563,
    "outcome_alignment_available": true,
    "outcome_state": {
      "h_family_given_outcome": 0.0,
      "h_outcome_given_family": 1.6094379124341005,
      "outcome_family_ari": 0.0,
      "outcome_family_nmi": 0.0,
      "outcome_family_purity": 0.2,
      "outcome_sample_count": 15.0,
      "unique_family_count": 1.0,
      "unique_outcome_count": 5.0
    },
    "status": "ok",
    "unassigned_state_fraction": 0.0,
    "validation_state_count": 2346
  },
  "support_threshold": 0.2
}
summary=runs/maniskill_insertion/perturbation_e20_5k_lista_refine_20260604_143125/lista_relu_a0p01_sp3em4_loops2/seed2/eval_test_periodic/metrics_summary.json
summary=runs/maniskill_insertion/perturbation_e20_5k_lista_refine_20260604_143125/lista_relu_a0p01_sp1em3_loops2/seed2/eval_test_periodic/metrics_summary.json
summary=runs/maniskill_insertion/perturbation_e20_5k_lista_refine_20260604_143125/lista_relu_a0p01_sp3em5_loops2/seed2/eval_test_periodic/metrics_summary.json
summary=runs/maniskill_insertion/perturbation_e20_5k_lista_refine_20260604_143125/lista_relu_a0p01_sp1em4_loops2/seed2/eval_test_periodic/metrics_summary.json
end_time=Thu Jun  4 15:36:37 EDT 2026

======== GPU REPORT ========

==============NVSMI LOG==============

Timestamp                                 : Thu Jun  4 15:36:37 2026
Driver Version                            : 580.95.05
CUDA Version                              : 13.0

Attached GPUs                             : 1
GPU 00000000:E1:00.0
    Accounting Mode                       : Enabled
    Accounting Mode Buffer Size           : 4000
    Accounted Processes
        Process ID                        : 3076911
            GPU Utilization               : 26 %
            Memory Utilization            : 7 %
            Max memory usage              : 684 MiB
            Time                          : 56570 ms
            Is Running                    : 0
        Process ID                        : 3076907
            GPU Utilization               : 19 %
            Memory Utilization            : 5 %
            Max memory usage              : 684 MiB
            Time                          : 56713 ms
            Is Running                    : 0
        Process ID                        : 3076906
            GPU Utilization               : 21 %
            Memory Utilization            : 5 %
            Max memory usage              : 684 MiB
            Time                          : 56695 ms
            Is Running                    : 0
        Process ID                        : 3076909
            GPU Utilization               : 25 %
            Memory Utilization            : 7 %
            Max memory usage              : 684 MiB
            Time                          : 56697 ms
            Is Running                    : 0
        Process ID                        : 3077052
            GPU Utilization               : 19 %
            Memory Utilization            : 0 %
            Max memory usage              : 538 MiB
            Time                          : 1885 ms
            Is Running                    : 0
        Process ID                        : 3077054
            GPU Utilization               : 8 %
            Memory Utilization            : 0 %
            Max memory usage              : 538 MiB
            Time                          : 1866 ms
            Is Running                    : 0
        Process ID                        : 3077056
            GPU Utilization               : 0 %
            Memory Utilization            : 0 %
            Max memory usage              : 538 MiB
            Time                          : 1839 ms
            Is Running                    : 0
        Process ID                        : 3077047
            GPU Utilization               : 8 %
            Memory Utilization            : 0 %
            Max memory usage              : 538 MiB
            Time                          : 1957 ms
            Is Running                    : 0

Thu Jun  4 15:36:37 2026       
+-----------------------------------------------------------------------------------------+
| NVIDIA-SMI 580.95.05              Driver Version: 580.95.05      CUDA Version: 13.0     |
+-----------------------------------------+------------------------+----------------------+
| GPU  Name                 Persistence-M | Bus-Id          Disp.A | Volatile Uncorr. ECC |
| Fan  Temp   Perf          Pwr:Usage/Cap |           Memory-Usage | GPU-Util  Compute M. |
|                                         |                        |               MIG M. |
|=========================================+========================+======================|
|   0  NVIDIA L40S                    On  |   00000000:E1:00.0 Off |                    0 |
| N/A   41C    P0            101W /  325W |       0MiB /  46068MiB |     32%      Default |
|                                         |                        |                  N/A |
+-----------------------------------------+------------------------+----------------------+

+-----------------------------------------------------------------------------------------+
| Processes:                                                                              |
|  GPU   GI   CI              PID   Type   Process name                        GPU Memory |
|        ID   ID                                                               Usage      |
|=========================================================================================|
|  No running processes found                                                             |
+-----------------------------------------------------------------------------------------+
