=============================================
ManiSkill 5k packed tuning GPU context
date=2026-06-04T14:47:09-0400
host=cn-g027.server.mila.quebec
slurm_job_id=9736470
slurm_array_task_id=7
slurm_nodelist=cn-g027
slurm_job_gpus=3
slurm_step_gpus=
slurm_gpus=
slurm_gpus_on_node=1
slurm_cpus_per_task=8
cuda_visible_devices=0
cuda_device_order=
GPU 0: NVIDIA A100-SXM4-80GB (UUID: GPU-247a5d9f-faae-6e91-b78b-f0e0c4015b0a)
index, uuid, name, driver_version, memory.total [MiB]
0, GPU-247a5d9f-faae-6e91-b78b-f0e0c4015b0a, NVIDIA A100-SXM4-80GB, 580.95.05, 81920 MiB
=============================================
date=Thu Jun  4 14:47:09 EDT 2026
host=cn-g027.server.mila.quebec
commit=b5ea99e
slurm_job_id=9736470
slurm_array_task_id=7
task_set=lista_forecast_refine
task_count=231
start_task=28
pack_size=4
pack_concurrency=4
packed_task_threads=2
dataset=data/maniskill/perturbation_assessment_seed0_e20/all_setups.npz
run_root=runs/maniskill_insertion/perturbation_e20_5k_lista_refine_20260604_143125
num_steps=5000
batch_size=512
sequence_length=10
z_dim=320
hidden_dim=256
horizons=10,20,30,40,50,75,100,125
periodic_reencode_periods=1,2,5,10,20,50,100
cuda_visible_devices=0
----- task 30/231: lista_relu_a0p005_sp3em4_loops2 seed0 -----
encoder_kind=lista activation=relu alpha=0.005 sparsity=3e-4 loops=2
weights pred=1.0 rec=0.1 latent=0.1 k=1e-4
run_dir=runs/maniskill_insertion/perturbation_e20_5k_lista_refine_20260604_143125/lista_relu_a0p005_sp3em4_loops2/seed0
----- task 28/231: lista_relu_a0p005_sp3em5_loops2 seed0 -----
encoder_kind=lista activation=relu alpha=0.005 sparsity=3e-5 loops=2
weights pred=1.0 rec=0.1 latent=0.1 k=1e-4
run_dir=runs/maniskill_insertion/perturbation_e20_5k_lista_refine_20260604_143125/lista_relu_a0p005_sp3em5_loops2/seed0
----- task 29/231: lista_relu_a0p005_sp1em4_loops2 seed0 -----
----- task 31/231: lista_relu_a0p005_sp1em3_loops2 seed0 -----
encoder_kind=lista activation=relu alpha=0.005 sparsity=1e-4 loops=2
encoder_kind=lista activation=relu alpha=0.005 sparsity=1e-3 loops=2
weights pred=1.0 rec=0.1 latent=0.1 k=1e-4
weights pred=1.0 rec=0.1 latent=0.1 k=1e-4
run_dir=runs/maniskill_insertion/perturbation_e20_5k_lista_refine_20260604_143125/lista_relu_a0p005_sp1em4_loops2/seed0
run_dir=runs/maniskill_insertion/perturbation_e20_5k_lista_refine_20260604_143125/lista_relu_a0p005_sp1em3_loops2/seed0
step=0 loss=1.409117 pred=0.984731 val_mse=0.758554
step=0 loss=1.409188 pred=0.984731 val_mse=0.758554
step=0 loss=1.409133 pred=0.984731 val_mse=0.758554
step=0 loss=1.409111 pred=0.984731 val_mse=0.758554
step=500 loss=0.057976 pred=0.049573 val_mse=0.118349
step=500 loss=0.058113 pred=0.049734 val_mse=0.118336
step=500 loss=0.058281 pred=0.049525 val_mse=0.118361
step=500 loss=0.057870 pred=0.049391 val_mse=0.118136
step=1000 loss=0.045170 pred=0.039654 val_mse=0.201804
step=1000 loss=0.045788 pred=0.040259 val_mse=0.204018
step=1000 loss=0.044823 pred=0.038990 val_mse=0.202265
step=1000 loss=0.045130 pred=0.039562 val_mse=0.202620
step=1500 loss=0.036743 pred=0.032751 val_mse=0.212438
step=1500 loss=0.036328 pred=0.032372 val_mse=0.215106
step=1500 loss=0.036426 pred=0.032172 val_mse=0.213349
step=1500 loss=0.035965 pred=0.031915 val_mse=0.213152
step=2000 loss=0.025635 pred=0.022454 val_mse=0.180677
step=2000 loss=0.025506 pred=0.022339 val_mse=0.181536
step=2000 loss=0.024380 pred=0.020920 val_mse=0.182196
step=2000 loss=0.024865 pred=0.021629 val_mse=0.182753
step=2500 loss=0.024115 pred=0.021412 val_mse=0.097521
step=2500 loss=0.023833 pred=0.021138 val_mse=0.102479
step=2500 loss=0.023521 pred=0.020564 val_mse=0.101221
step=2500 loss=0.023570 pred=0.020810 val_mse=0.100652
step=3000 loss=0.017879 pred=0.015466 val_mse=0.127118
step=3000 loss=0.018268 pred=0.015886 val_mse=0.131960
step=3000 loss=0.017519 pred=0.014874 val_mse=0.130004
step=3000 loss=0.018266 pred=0.015791 val_mse=0.129800
step=3500 loss=0.017629 pred=0.015393 val_mse=0.111651
step=3500 loss=0.017659 pred=0.015459 val_mse=0.111288
step=3500 loss=0.016879 pred=0.014428 val_mse=0.112812
step=3500 loss=0.017510 pred=0.015221 val_mse=0.112387
step=4000 loss=0.018067 pred=0.016180 val_mse=0.188874
step=4000 loss=0.017243 pred=0.015392 val_mse=0.192826
step=4000 loss=0.017450 pred=0.015322 val_mse=0.191451
step=4000 loss=0.017460 pred=0.015521 val_mse=0.192738
step=4500 loss=0.011600 pred=0.009898 val_mse=0.197234
step=4500 loss=0.011426 pred=0.009769 val_mse=0.196327
step=4500 loss=0.011188 pred=0.009292 val_mse=0.199473
step=4500 loss=0.011149 pred=0.009424 val_mse=0.198559
step=4999 loss=0.015081 pred=0.013461 val_mse=0.177009
run_dir=runs/maniskill_insertion/perturbation_e20_5k_lista_refine_20260604_143125/lista_relu_a0p005_sp1em4_loops2/seed0
step=4999 loss=0.015146 pred=0.013535 val_mse=0.177161
run_dir=runs/maniskill_insertion/perturbation_e20_5k_lista_refine_20260604_143125/lista_relu_a0p005_sp3em5_loops2/seed0
step=4999 loss=0.014985 pred=0.013145 val_mse=0.177616
run_dir=runs/maniskill_insertion/perturbation_e20_5k_lista_refine_20260604_143125/lista_relu_a0p005_sp1em3_loops2/seed0
step=4999 loss=0.015000 pred=0.013330 val_mse=0.176863
run_dir=runs/maniskill_insertion/perturbation_e20_5k_lista_refine_20260604_143125/lista_relu_a0p005_sp3em4_loops2/seed0
{
  "best_periodic_rollout": {
    "episode_count": 15,
    "h10/episode_count": 15,
    "h10/final_state_mse": 0.0019302723454494102,
    "h10/outcome_drop_episode_count": 3,
    "h10/outcome_drop_final_state_mse": 0.0012487963182863846,
    "h10/outcome_drop_state_mse": 0.0014237118312735962,
    "h10/outcome_jam_episode_count": 3,
    "h10/outcome_jam_final_state_mse": 0.0020769633401453106,
    "h10/outcome_jam_state_mse": 0.0018192354370565975,
    "h10/outcome_miss_episode_count": 3,
    "h10/outcome_miss_final_state_mse": 0.0038425569830377116,
    "h10/outcome_miss_state_mse": 0.009908904125487882,
    "h10/outcome_partial_episode_count": 3,
    "h10/outcome_partial_final_state_mse": 0.0012367114765581741,
    "h10/outcome_partial_state_mse": 0.0013511071018144196,
    "h10/outcome_success_episode_count": 3,
    "h10/outcome_success_final_state_mse": 0.0012463329518152997,
    "h10/outcome_success_state_mse": 0.0013501153857100243,
    "h10/selected_mode": "periodic_10",
    "h10/selected_period": 10,
    "h10/state_mse": 0.003170614803538603,
    "h100/episode_count": 15,
    "h100/final_state_mse": 0.0033633369246339486,
    "h100/outcome_drop_episode_count": 3,
    "h100/outcome_drop_final_state_mse": 0.0025033967362509835,
    "h100/outcome_drop_state_mse": 0.0019971094879449583,
    "h100/outcome_jam_episode_count": 3,
    "h100/outcome_jam_final_state_mse": 0.004228353962983961,
    "h100/outcome_jam_state_mse": 0.002638994135887794,
    "h100/outcome_miss_episode_count": 3,
    "h100/outcome_miss_final_state_mse": 0.005361736502522737,
    "h100/outcome_miss_state_mse": 0.003422800824533101,
    "h100/outcome_partial_episode_count": 3,
    "h100/outcome_partial_final_state_mse": 0.001604746174968146,
    "h100/outcome_partial_state_mse": 0.0016847919950298234,
    "h100/outcome_success_episode_count": 3,
    "h100/outcome_success_final_state_mse": 0.003118452950825099,
    "h100/outcome_success_state_mse": 0.0020769527535033382,
    "h100/selected_mode": "periodic_10",
    "h100/selected_period": 10,
    "h100/state_mse": 0.002364129758348652,
    "h125/episode_count": 15,
    "h125/final_state_mse": 0.006493693083719491,
    "h125/outcome_drop_episode_count": 3,
    "h125/outcome_drop_final_state_mse": 0.004951897594663832,
    "h125/outcome_drop_state_mse": 0.002458385991115196,
    "h125/outcome_jam_episode_count": 3,
    "h125/outcome_jam_final_state_mse": 0.010167320958929124,
    "h125/outcome_jam_state_mse": 0.0034648252998302187,
    "h125/outcome_miss_episode_count": 3,
    "h125/outcome_miss_final_state_mse": 0.009254902041231106,
    "h125/outcome_miss_state_mse": 0.004101260066811555,
    "h125/outcome_partial_episode_count": 3,
    "h125/outcome_partial_final_state_mse": 0.001734079074820662,
    "h125/outcome_partial_state_mse": 0.001687087738436032,
    "h125/outcome_success_episode_count": 3,
    "h125/outcome_success_final_state_mse": 0.006360269255108303,
    "h125/outcome_success_state_mse": 0.002511491114797156,
    "h125/selected_mode": "periodic_10",
    "h125/selected_period": 10,
    "h125/state_mse": 0.0028446100771037583,
    "h20/episode_count": 15,
    "h20/final_state_mse": 0.001315765754849303,
    "h20/outcome_drop_episode_count": 3,
    "h20/outcome_drop_final_state_mse": 0.001185389868671598,
    "h20/outcome_drop_state_mse": 0.0013571170225642087,
    "h20/outcome_jam_episode_count": 3,
    "h20/outcome_jam_final_state_mse": 0.0013135562778687944,
    "h20/outcome_jam_state_mse": 0.0017095681888605256,
    "h20/outcome_miss_episode_count": 3,
    "h20/outcome_miss_final_state_mse": 0.001947527227838055,
    "h20/outcome_miss_state_mse": 0.006517825407140395,
    "h20/outcome_partial_episode_count": 3,
    "h20/outcome_partial_final_state_mse": 0.00103729221896798,
    "h20/outcome_partial_state_mse": 0.0012772333777807897,
    "h20/outcome_success_episode_count": 3,
    "h20/outcome_success_final_state_mse": 0.0010950628887204563,
    "h20/outcome_success_state_mse": 0.0012869041145237442,
    "h20/selected_mode": "periodic_10",
    "h20/selected_period": 10,
    "h20/state_mse": 0.002429729785794526,
    "h30/episode_count": 15,
    "h30/final_state_mse": 0.001219790823319379,
    "h30/outcome_drop_episode_count": 3,
    "h30/outcome_drop_final_state_mse": 0.0012153387313185175,
    "h30/outcome_drop_state_mse": 0.0013843884914788804,
    "h30/outcome_jam_episode_count": 3,
    "h30/outcome_jam_final_state_mse": 0.0013504410345180362,
    "h30/outcome_jam_state_mse": 0.001704954919212524,
    "h30/outcome_miss_episode_count": 3,
    "h30/outcome_miss_final_state_mse": 0.0012936828280586043,
    "h30/outcome_miss_state_mse": 0.004888681025286905,
    "h30/outcome_partial_episode_count": 3,
    "h30/outcome_partial_final_state_mse": 0.001095318679813466,
    "h30/outcome_partial_state_mse": 0.0013047280394693345,
    "h30/outcome_success_episode_count": 3,
    "h30/outcome_success_final_state_mse": 0.0011441729037590276,
    "h30/outcome_success_state_mse": 0.001315235572183314,
    "h30/selected_mode": "periodic_10",
    "h30/selected_period": 10,
    "h30/state_mse": 0.0021195975575831463,
    "h40/episode_count": 15,
    "h40/final_state_mse": 0.0015026438469980278,
    "h40/outcome_drop_episode_count": 3,
    "h40/outcome_drop_final_state_mse": 0.0014695087630374759,
    "h40/outcome_drop_state_mse": 0.0015503985429900923,
    "h40/outcome_jam_episode_count": 3,
    "h40/outcome_jam_final_state_mse": 0.0015596606665187413,
    "h40/outcome_jam_state_mse": 0.0017977271204680399,
    "h40/outcome_miss_episode_count": 3,
    "h40/outcome_miss_final_state_mse": 0.001667955098978055,
    "h40/outcome_miss_state_mse": 0.004124477953692667,
    "h40/outcome_partial_episode_count": 3,
    "h40/outcome_partial_final_state_mse": 0.0013714325096872118,
    "h40/outcome_partial_state_mse": 0.0013937245007433923,
    "h40/outcome_success_episode_count": 3,
    "h40/outcome_success_final_state_mse": 0.0014446622941618652,
    "h40/outcome_success_state_mse": 0.001409756689289816,
    "h40/selected_mode": "periodic_10",
    "h40/selected_period": 10,
    "h40/state_mse": 0.002055217019872728,
    "h50/episode_count": 15,
    "h50/final_state_mse": 0.0017892784542507595,
    "h50/outcome_drop_episode_count": 3,
    "h50/outcome_drop_final_state_mse": 0.0015600084576731415,
    "h50/outcome_drop_state_mse": 0.001652836332134172,
    "h50/outcome_jam_episode_count": 3,
    "h50/outcome_jam_final_state_mse": 0.0023035631070729176,
    "h50/outcome_jam_state_mse": 0.001964762132931379,
    "h50/outcome_miss_episode_count": 3,
    "h50/outcome_miss_final_state_mse": 0.001751866593372588,
    "h50/outcome_miss_state_mse": 0.0036922812617682164,
    "h50/outcome_partial_episode_count": 3,
    "h50/outcome_partial_final_state_mse": 0.0016576137905027352,
    "h50/outcome_partial_state_mse": 0.001526837224274679,
    "h50/outcome_success_episode_count": 3,
    "h50/outcome_success_final_state_mse": 0.0016733405539412903,
    "h50/outcome_success_state_mse": 0.0015488163006851096,
    "h50/selected_mode": "periodic_10",
    "h50/selected_period": 10,
    "h50/state_mse": 0.0020771067500893587,
    "h75/episode_count": 15,
    "h75/final_state_mse": 0.0034327771928575304,
    "h75/outcome_drop_episode_count": 3,
    "h75/outcome_drop_final_state_mse": 0.002372992024117825,
    "h75/outcome_drop_state_mse": 0.0017427643088214018,
    "h75/outcome_jam_episode_count": 3,
    "h75/outcome_jam_final_state_mse": 0.0036963240967856515,
    "h75/outcome_jam_state_mse": 0.002268403537392876,
    "h75/outcome_miss_episode_count": 3,
    "h75/outcome_miss_final_state_mse": 0.004739467882447773,
    "h75/outcome_miss_state_mse": 0.003290936837788501,
    "h75/outcome_partial_episode_count": 3,
    "h75/outcome_partial_final_state_mse": 0.0028599435889643003,
    "h75/outcome_partial_state_mse": 0.0017089985658400458,
    "h75/outcome_success_episode_count": 3,
    "h75/outcome_success_final_state_mse": 0.0034951582015339843,
    "h75/outcome_success_state_mse": 0.0017554228705778101,
    "h75/selected_mode": "periodic_10",
    "h75/selected_period": 10,
    "h75/state_mse": 0.002153305153441585,
    "max_requested_horizon": 125,
    "periodic_reencode_periods": [
      1,
      2,
      5,
      10,
      20,
      50,
      100
    ],
    "rollout_mode": "best_periodic"
  },
  "checkpoint": "runs/maniskill_insertion/perturbation_e20_5k_lista_refine_20260604_143125/lista_relu_a0p005_sp1em4_loops2/seed0/checkpoint.pt",
  "checkpoint_step": 2500,
  "dataset": "data/maniskill/perturbation_assessment_seed0_e20/all_setups.npz",
  "device": "cuda",
  "family_jaccard": 0.4,
  "horizons": [
    10,
    20,
    30,
    40,
    50,
    75,
    100,
    125
  ],
  "labels_used_for_training": false,
  "periodic_reencode_periods": [
    1,
    2,
    5,
    10,
    20,
    50,
    100
  ],
  "rollout": {
    "episode_count": 15,
    "h10/episode_count": 15,
    "h10/final_state_mse": 0.0019302726571076836,
    "h10/outcome_drop_episode_count": 3,
    "h10/outcome_drop_final_state_mse": 0.0012487971704769757,
    "h10/outcome_drop_state_mse": 0.0014237114806580388,
    "h10/outcome_jam_episode_count": 3,
    "h10/outcome_jam_final_state_mse": 0.0020769643627740197,
    "h10/outcome_jam_state_mse": 0.0018192358655867234,
    "h10/outcome_miss_episode_count": 3,
    "h10/outcome_miss_final_state_mse": 0.003842555229959924,
    "h10/outcome_miss_state_mse": 0.00990890381382961,
    "h10/outcome_partial_episode_count": 3,
    "h10/outcome_partial_final_state_mse": 0.0012367124139678245,
    "h10/outcome_partial_state_mse": 0.001351107432951335,
    "h10/outcome_success_episode_count": 3,
    "h10/outcome_success_final_state_mse": 0.0012463342301011866,
    "h10/outcome_success_state_mse": 0.0013501156584110135,
    "h10/state_mse": 0.0031706150528652216,
    "h100/episode_count": 15,
    "h100/final_state_mse": 28048.397385620916,
    "h100/outcome_drop_episode_count": 3,
    "h100/outcome_drop_final_state_mse": 23553.764093137255,
    "h100/outcome_drop_state_mse": 1139.8713807189542,
    "h100/outcome_jam_episode_count": 3,
    "h100/outcome_jam_final_state_mse": 22975.287581699347,
    "h100/outcome_jam_state_mse": 1104.0978267973856,
    "h100/outcome_miss_episode_count": 3,
    "h100/outcome_miss_final_state_mse": 45015.29248366013,
    "h100/outcome_miss_state_mse": 2431.0901307189542,
    "h100/outcome_partial_episode_count": 3,
    "h100/outcome_partial_final_state_mse": 24425.527369281044,
    "h100/outcome_partial_state_mse": 1173.509616013072,
    "h100/outcome_success_episode_count": 3,
    "h100/outcome_success_final_state_mse": 24272.110294117647,
    "h100/outcome_success_state_mse": 1165.6236928104574,
    "h100/state_mse": 1402.8384836601308,
    "h125/episode_count": 15,
    "h125/final_state_mse": 8961922.1751634,
    "h125/outcome_drop_episode_count": 3,
    "h125/outcome_drop_final_state_mse": 9956646.48366013,
    "h125/outcome_drop_state_mse": 366241.0725228758,
    "h125/outcome_jam_episode_count": 3,
    "h125/outcome_jam_final_state_mse": 9714665.202614378,
    "h125/outcome_jam_state_mse": 354306.048,
    "h125/outcome_miss_episode_count": 3,
    "h125/outcome_miss_final_state_mse": 6560538.666666667,
    "h125/outcome_miss_state_mse": 285261.87419607845,
    "h125/outcome_partial_episode_count": 3,
    "h125/outcome_partial_final_state_mse": 9159847.111111112,
    "h125/outcome_partial_state_mse": 345956.33526797383,
    "h125/outcome_success_episode_count": 3,
    "h125/outcome_success_final_state_mse": 9417911.006535947,
    "h125/outcome_success_state_mse": 354020.864,
    "h125/state_mse": 341157.2428130719,
    "h20/episode_count": 15,
    "h20/final_state_mse": 0.003960006688934526,
    "h20/outcome_drop_episode_count": 3,
    "h20/outcome_drop_final_state_mse": 0.003747714306014815,
    "h20/outcome_drop_state_mse": 0.0018192217240925708,
    "h20/outcome_jam_episode_count": 3,
    "h20/outcome_jam_final_state_mse": 0.0041775698560515264,
    "h20/outcome_jam_state_mse": 0.0021442968471377505,
    "h20/outcome_miss_episode_count": 3,
    "h20/outcome_miss_final_state_mse": 0.004279830779125488,
    "h20/outcome_miss_state_mse": 0.0065450637169133605,
    "h20/outcome_partial_episode_count": 3,
    "h20/outcome_partial_final_state_mse": 0.0037257121571528367,
    "h20/outcome_partial_state_mse": 0.0017394219348633212,
    "h20/outcome_success_episode_count": 3,
    "h20/outcome_success_final_state_mse": 0.003869205323699253,
    "h20/outcome_success_state_mse": 0.0017530632174872105,
    "h20/state_mse": 0.002800213433558645,
    "h30/episode_count": 15,
    "h30/final_state_mse": 0.018725908815471176,
    "h30/outcome_drop_episode_count": 3,
    "h30/outcome_drop_final_state_mse": 0.01910292751648847,
    "h30/outcome_drop_state_mse": 0.004376584719988256,
    "h30/outcome_jam_episode_count": 3,
    "h30/outcome_jam_final_state_mse": 0.020050924977445914,
    "h30/outcome_jam_state_mse": 0.004842580741267318,
    "h30/outcome_miss_episode_count": 3,
    "h30/outcome_miss_final_state_mse": 0.015283909498476515,
    "h30/outcome_miss_state_mse": 0.007058524046588308,
    "h30/outcome_partial_episode_count": 3,
    "h30/outcome_partial_final_state_mse": 0.019520141330419804,
    "h30/outcome_partial_state_mse": 0.004278328839470358,
    "h30/outcome_success_episode_count": 3,
    "h30/outcome_success_final_state_mse": 0.019671645039826435,
    "h30/outcome_success_state_mse": 0.00429732067133087,
    "h30/state_mse": 0.004970667886837895,
    "h40/episode_count": 15,
    "h40/final_state_mse": 0.21345669615502452,
    "h40/outcome_drop_episode_count": 3,
    "h40/outcome_drop_final_state_mse": 0.16105445381862665,
    "h40/outcome_drop_state_mse": 0.021759727889416266,
    "h40/outcome_jam_episode_count": 3,
    "h40/outcome_jam_final_state_mse": 0.18201235540552077,
    "h40/outcome_jam_state_mse": 0.02421207552641825,
    "h40/outcome_miss_episode_count": 3,
    "h40/outcome_miss_final_state_mse": 0.3606262736850315,
    "h40/outcome_miss_state_mse": 0.03837319604711595,
    "h40/outcome_partial_episode_count": 3,
    "h40/outcome_partial_final_state_mse": 0.18249347786498227,
    "h40/outcome_partial_state_mse": 0.02384945271061916,
    "h40/outcome_success_episode_count": 3,
    "h40/outcome_success_final_state_mse": 0.18109690753463048,
    "h40/outcome_success_state_mse": 0.023732774397906137,
    "h40/state_mse": 0.026385446186938315,
    "h50/episode_count": 15,
    "h50/final_state_mse": 1.4862390854779413,
    "h50/outcome_drop_episode_count": 3,
    "h50/outcome_drop_final_state_mse": 1.2122626398123948,
    "h50/outcome_drop_state_mse": 0.13596334519729117,
    "h50/outcome_jam_episode_count": 3,
    "h50/outcome_jam_final_state_mse": 1.278306343976189,
    "h50/outcome_jam_state_mse": 0.1447725123985141,
    "h50/outcome_miss_episode_count": 3,
    "h50/outcome_miss_final_state_mse": 2.5870049420525048,
    "h50/outcome_miss_state_mse": 0.29655934851154003,
    "h50/outcome_partial_episode_count": 3,
    "h50/outcome_partial_final_state_mse": 1.1768594255634384,
    "h50/outcome_partial_state_mse": 0.13891469718584049,
    "h50/outcome_success_episode_count": 3,
    "h50/outcome_success_final_state_mse": 1.1767618266585607,
    "h50/outcome_success_state_mse": 0.13855394650128933,
    "h50/state_mse": 0.1709527675653595,
    "h75/episode_count": 15,
    "h75/final_state_mse": 136.77759395424837,
    "h75/outcome_drop_episode_count": 3,
    "h75/outcome_drop_final_state_mse": 115.47232115502452,
    "h75/outcome_drop_state_mse": 8.616988911015795,
    "h75/outcome_jam_episode_count": 3,
    "h75/outcome_jam_final_state_mse": 106.87660127527573,
    "h75/outcome_jam_state_mse": 8.088482562295752,
    "h75/outcome_miss_episode_count": 3,
    "h75/outcome_miss_final_state_mse": 231.1748366013072,
    "h75/outcome_miss_state_mse": 16.618473413671023,
    "h75/outcome_partial_episode_count": 3,
    "h75/outcome_partial_final_state_mse": 115.71970502068015,
    "h75/outcome_partial_state_mse": 8.61327848413671,
    "h75/outcome_success_episode_count": 3,
    "h75/outcome_success_final_state_mse": 114.6444450827206,
    "h75/outcome_success_state_mse": 8.534470741421568,
    "h75/state_mse": 10.094339869281045,
    "max_requested_horizon": 125,
    "reencode_period": null,
    "rollout_mode": "no_reencode"
  },
  "rollout_modes": {
    "no_reencode": {
      "episode_count": 15,
      "h10/episode_count": 15,
      "h10/final_state_mse": 0.0019302726571076836,
      "h10/outcome_drop_episode_count": 3,
      "h10/outcome_drop_final_state_mse": 0.0012487971704769757,
      "h10/outcome_drop_state_mse": 0.0014237114806580388,
      "h10/outcome_jam_episode_count": 3,
      "h10/outcome_jam_final_state_mse": 0.0020769643627740197,
      "h10/outcome_jam_state_mse": 0.0018192358655867234,
      "h10/outcome_miss_episode_count": 3,
      "h10/outcome_miss_final_state_mse": 0.003842555229959924,
      "h10/outcome_miss_state_mse": 0.00990890381382961,
      "h10/outcome_partial_episode_count": 3,
      "h10/outcome_partial_final_state_mse": 0.0012367124139678245,
      "h10/outcome_partial_state_mse": 0.001351107432951335,
      "h10/outcome_success_episode_count": 3,
      "h10/outcome_success_final_state_mse": 0.0012463342301011866,
      "h10/outcome_success_state_mse": 0.0013501156584110135,
      "h10/state_mse": 0.0031706150528652216,
      "h100/episode_count": 15,
      "h100/final_state_mse": 28048.397385620916,
      "h100/outcome_drop_episode_count": 3,
      "h100/outcome_drop_final_state_mse": 23553.764093137255,
      "h100/outcome_drop_state_mse": 1139.8713807189542,
      "h100/outcome_jam_episode_count": 3,
      "h100/outcome_jam_final_state_mse": 22975.287581699347,
      "h100/outcome_jam_state_mse": 1104.0978267973856,
      "h100/outcome_miss_episode_count": 3,
      "h100/outcome_miss_final_state_mse": 45015.29248366013,
      "h100/outcome_miss_state_mse": 2431.0901307189542,
      "h100/outcome_partial_episode_count": 3,
      "h100/outcome_partial_final_state_mse": 24425.527369281044,
      "h100/outcome_partial_state_mse": 1173.509616013072,
      "h100/outcome_success_episode_count": 3,
      "h100/outcome_success_final_state_mse": 24272.110294117647,
      "h100/outcome_success_state_mse": 1165.6236928104574,
      "h100/state_mse": 1402.8384836601308,
      "h125/episode_count": 15,
      "h125/final_state_mse": 8961922.1751634,
      "h125/outcome_drop_episode_count": 3,
      "h125/outcome_drop_final_state_mse": 9956646.48366013,
      "h125/outcome_drop_state_mse": 366241.0725228758,
      "h125/outcome_jam_episode_count": 3,
      "h125/outcome_jam_final_state_mse": 9714665.202614378,
      "h125/outcome_jam_state_mse": 354306.048,
      "h125/outcome_miss_episode_count": 3,
      "h125/outcome_miss_final_state_mse": 6560538.666666667,
      "h125/outcome_miss_state_mse": 285261.87419607845,
      "h125/outcome_partial_episode_count": 3,
      "h125/outcome_partial_final_state_mse": 9159847.111111112,
      "h125/outcome_partial_state_mse": 345956.33526797383,
      "h125/outcome_success_episode_count": 3,
      "h125/outcome_success_final_state_mse": 9417911.006535947,
      "h125/outcome_success_state_mse": 354020.864,
      "h125/state_mse": 341157.2428130719,
      "h20/episode_count": 15,
      "h20/final_state_mse": 0.003960006688934526,
      "h20/outcome_drop_episode_count": 3,
      "h20/outcome_drop_final_state_mse": 0.003747714306014815,
      "h20/outcome_drop_state_mse": 0.0018192217240925708,
      "h20/outcome_jam_episode_count": 3,
      "h20/outcome_jam_final_state_mse": 0.0041775698560515264,
      "h20/outcome_jam_state_mse": 0.0021442968471377505,
      "h20/outcome_miss_episode_count": 3,
      "h20/outcome_miss_final_state_mse": 0.004279830779125488,
      "h20/outcome_miss_state_mse": 0.0065450637169133605,
      "h20/outcome_partial_episode_count": 3,
      "h20/outcome_partial_final_state_mse": 0.0037257121571528367,
      "h20/outcome_partial_state_mse": 0.0017394219348633212,
      "h20/outcome_success_episode_count": 3,
      "h20/outcome_success_final_state_mse": 0.003869205323699253,
      "h20/outcome_success_state_mse": 0.0017530632174872105,
      "h20/state_mse": 0.002800213433558645,
      "h30/episode_count": 15,
      "h30/final_state_mse": 0.018725908815471176,
      "h30/outcome_drop_episode_count": 3,
      "h30/outcome_drop_final_state_mse": 0.01910292751648847,
      "h30/outcome_drop_state_mse": 0.004376584719988256,
      "h30/outcome_jam_episode_count": 3,
      "h30/outcome_jam_final_state_mse": 0.020050924977445914,
      "h30/outcome_jam_state_mse": 0.004842580741267318,
      "h30/outcome_miss_episode_count": 3,
      "h30/outcome_miss_final_state_mse": 0.015283909498476515,
      "h30/outcome_miss_state_mse": 0.007058524046588308,
      "h30/outcome_partial_episode_count": 3,
      "h30/outcome_partial_final_state_mse": 0.019520141330419804,
      "h30/outcome_partial_state_mse": 0.004278328839470358,
      "h30/outcome_success_episode_count": 3,
      "h30/outcome_success_final_state_mse": 0.019671645039826435,
      "h30/outcome_success_state_mse": 0.00429732067133087,
      "h30/state_mse": 0.004970667886837895,
      "h40/episode_count": 15,
      "h40/final_state_mse": 0.21345669615502452,
      "h40/outcome_drop_episode_count": 3,
      "h40/outcome_drop_final_state_mse": 0.16105445381862665,
      "h40/outcome_drop_state_mse": 0.021759727889416266,
      "h40/outcome_jam_episode_count": 3,
      "h40/outcome_jam_final_state_mse": 0.18201235540552077,
      "h40/outcome_jam_state_mse": 0.02421207552641825,
      "h40/outcome_miss_episode_count": 3,
      "h40/outcome_miss_final_state_mse": 0.3606262736850315,
      "h40/outcome_miss_state_mse": 0.03837319604711595,
      "h40/outcome_partial_episode_count": 3,
      "h40/outcome_partial_final_state_mse": 0.18249347786498227,
      "h40/outcome_partial_state_mse": 0.02384945271061916,
      "h40/outcome_success_episode_count": 3,
      "h40/outcome_success_final_state_mse": 0.18109690753463048,
      "h40/outcome_success_state_mse": 0.023732774397906137,
      "h40/state_mse": 0.026385446186938315,
      "h50/episode_count": 15,
      "h50/final_state_mse": 1.4862390854779413,
      "h50/outcome_drop_episode_count": 3,
      "h50/outcome_drop_final_state_mse": 1.2122626398123948,
      "h50/outcome_drop_state_mse": 0.13596334519729117,
      "h50/outcome_jam_episode_count": 3,
      "h50/outcome_jam_final_state_mse": 1.278306343976189,
      "h50/outcome_jam_state_mse": 0.1447725123985141,
      "h50/outcome_miss_episode_count": 3,
      "h50/outcome_miss_final_state_mse": 2.5870049420525048,
      "h50/outcome_miss_state_mse": 0.29655934851154003,
      "h50/outcome_partial_episode_count": 3,
      "h50/outcome_partial_final_state_mse": 1.1768594255634384,
      "h50/outcome_partial_state_mse": 0.13891469718584049,
      "h50/outcome_success_episode_count": 3,
      "h50/outcome_success_final_state_mse": 1.1767618266585607,
      "h50/outcome_success_state_mse": 0.13855394650128933,
      "h50/state_mse": 0.1709527675653595,
      "h75/episode_count": 15,
      "h75/final_state_mse": 136.77759395424837,
      "h75/outcome_drop_episode_count": 3,
      "h75/outcome_drop_final_state_mse": 115.47232115502452,
      "h75/outcome_drop_state_mse": 8.616988911015795,
      "h75/outcome_jam_episode_count": 3,
      "h75/outcome_jam_final_state_mse": 106.87660127527573,
      "h75/outcome_jam_state_mse": 8.088482562295752,
      "h75/outcome_miss_episode_count": 3,
      "h75/outcome_miss_final_state_mse": 231.1748366013072,
      "h75/outcome_miss_state_mse": 16.618473413671023,
      "h75/outcome_partial_episode_count": 3,
      "h75/outcome_partial_final_state_mse": 115.71970502068015,
      "h75/outcome_partial_state_mse": 8.61327848413671,
      "h75/outcome_success_episode_count": 3,
      "h75/outcome_success_final_state_mse": 114.6444450827206,
      "h75/outcome_success_state_mse": 8.534470741421568,
      "h75/state_mse": 10.094339869281045,
      "max_requested_horizon": 125,
      "reencode_period": null,
      "rollout_mode": "no_reencode"
    },
    "periodic_1": {
      "episode_count": 15,
      "h10/episode_count": 15,
      "h10/final_state_mse": 0.003452522302764693,
      "h10/outcome_drop_episode_count": 3,
      "h10/outcome_drop_final_state_mse": 0.0030730896525912816,
      "h10/outcome_drop_state_mse": 0.0025484575165642632,
      "h10/outcome_jam_episode_count": 3,
      "h10/outcome_jam_final_state_mse": 0.0033718324175067978,
      "h10/outcome_jam_state_mse": 0.002845399597891016,
      "h10/outcome_miss_episode_count": 3,
      "h10/outcome_miss_final_state_mse": 0.004869078012073741,
      "h10/outcome_miss_state_mse": 0.010607070860519908,
      "h10/outcome_partial_episode_count": 3,
      "h10/outcome_partial_final_state_mse": 0.0029428527733079747,
      "h10/outcome_partial_state_mse": 0.0024262074551551173,
      "h10/outcome_success_episode_count": 3,
      "h10/outcome_success_final_state_mse": 0.003005758366164039,
      "h10/outcome_success_state_mse": 0.0024631275850183825,
      "h10/state_mse": 0.004178052416034773,
      "h100/episode_count": 15,
      "h100/final_state_mse": 0.005586030748155382,
      "h100/outcome_drop_episode_count": 3,
      "h100/outcome_drop_final_state_mse": 0.008769497664925319,
      "h100/outcome_drop_state_mse": 0.005152490154590482,
      "h100/outcome_jam_episode_count": 3,
      "h100/outcome_jam_final_state_mse": 0.004971745746587616,
      "h100/outcome_jam_state_mse": 0.005353592517329198,
      "h100/outcome_miss_episode_count": 3,
      "h100/outcome_miss_final_state_mse": 0.006627366336342556,
      "h100/outcome_miss_state_mse": 0.006865066328859018,
      "h100/outcome_partial_episode_count": 3,
      "h100/outcome_partial_final_state_mse": 0.003975553937207639,
      "h100/outcome_partial_state_mse": 0.004471934449438955,
      "h100/outcome_success_episode_count": 3,
      "h100/outcome_success_final_state_mse": 0.003585991954881381,
      "h100/outcome_success_state_mse": 0.004772662804796805,
      "h100/state_mse": 0.00532314923853656,
      "h125/episode_count": 15,
      "h125/final_state_mse": 0.010924370460260928,
      "h125/outcome_drop_episode_count": 3,
      "h125/outcome_drop_final_state_mse": 0.014865624943589853,
      "h125/outcome_drop_state_mse": 0.00629489195580576,
      "h125/outcome_jam_episode_count": 3,
      "h125/outcome_jam_final_state_mse": 0.008192961317261839,
      "h125/outcome_jam_state_mse": 0.005517459744721456,
      "h125/outcome_miss_episode_count": 3,
      "h125/outcome_miss_final_state_mse": 0.009965586409070134,
      "h125/outcome_miss_state_mse": 0.006971476236979167,
      "h125/outcome_partial_episode_count": 3,
      "h125/outcome_partial_final_state_mse": 0.003657193744883818,
      "h125/outcome_partial_state_mse": 0.004317440157622293,
      "h125/outcome_success_episode_count": 3,
      "h125/outcome_success_final_state_mse": 0.01794048023769279,
      "h125/outcome_success_state_mse": 0.00580615154590482,
      "h125/state_mse": 0.005781484247344771,
      "h20/episode_count": 15,
      "h20/final_state_mse": 0.0037818079680399176,
      "h20/outcome_drop_episode_count": 3,
      "h20/outcome_drop_final_state_mse": 0.003217514239105524,
      "h20/outcome_drop_state_mse": 0.002890209356943766,
      "h20/outcome_jam_episode_count": 3,
      "h20/outcome_jam_final_state_mse": 0.0030649044837047852,
      "h20/outcome_jam_state_mse": 0.003204394945132187,
      "h20/outcome_miss_episode_count": 3,
      "h20/outcome_miss_final_state_mse": 0.00648081244206896,
      "h20/outcome_miss_state_mse": 0.008179487589917152,
      "h20/outcome_partial_episode_count": 3,
      "h20/outcome_partial_final_state_mse": 0.003065756041240069,
      "h20/outcome_partial_state_mse": 0.002801595832787308,
      "h20/outcome_success_episode_count": 3,
      "h20/outcome_success_final_state_mse": 0.0030800514166651207,
      "h20/outcome_success_state_mse": 0.0028401637388989816,
      "h20/state_mse": 0.003983170253778595,
      "h30/episode_count": 15,
      "h30/final_state_mse": 0.004120740703507966,
      "h30/outcome_drop_episode_count": 3,
      "h30/outcome_drop_final_state_mse": 0.0036874317071017098,
      "h30/outcome_drop_state_mse": 0.0029852112913443373,
      "h30/outcome_jam_episode_count": 3,
      "h30/outcome_jam_final_state_mse": 0.003559610422919778,
      "h30/outcome_jam_state_mse": 0.0033011568397738056,
      "h30/outcome_miss_episode_count": 3,
      "h30/outcome_miss_final_state_mse": 0.006321053878933776,
      "h30/outcome_miss_state_mse": 0.007549453353050747,
      "h30/outcome_partial_episode_count": 3,
      "h30/outcome_partial_final_state_mse": 0.003435108396742079,
      "h30/outcome_partial_state_mse": 0.0028986182347881507,
      "h30/outcome_success_episode_count": 3,
      "h30/outcome_success_final_state_mse": 0.003600498381393408,
      "h30/outcome_success_state_mse": 0.0029382845415269108,
      "h30/state_mse": 0.003934544914428445,
      "h40/episode_count": 15,
      "h40/final_state_mse": 0.004677367677875593,
      "h40/outcome_drop_episode_count": 3,
      "h40/outcome_drop_final_state_mse": 0.004600939407847286,
      "h40/outcome_drop_state_mse": 0.0032746237087873074,
      "h40/outcome_jam_episode_count": 3,
      "h40/outcome_jam_final_state_mse": 0.004117389422616149,
      "h40/outcome_jam_state_mse": 0.0034735466140547607,
      "h40/outcome_miss_episode_count": 3,
      "h40/outcome_miss_final_state_mse": 0.005281565236110313,
      "h40/outcome_miss_state_mse": 0.00702158921684315,
      "h40/outcome_partial_episode_count": 3,
      "h40/outcome_partial_final_state_mse": 0.0046639160003537445,
      "h40/outcome_partial_state_mse": 0.003122565559312409,
      "h40/outcome_success_episode_count": 3,
      "h40/outcome_success_final_state_mse": 0.0047230277380912134,
      "h40/outcome_success_state_mse": 0.0031651073031955294,
      "h40/state_mse": 0.004011486527187373,
      "h50/episode_count": 15,
      "h50/final_state_mse": 0.006959724426269531,
      "h50/outcome_drop_episode_count": 3,
      "h50/outcome_drop_final_state_mse": 0.008223272519173964,
      "h50/outcome_drop_state_mse": 0.0038746825074837876,
      "h50/outcome_jam_episode_count": 3,
      "h50/outcome_jam_final_state_mse": 0.006156802907878277,
      "h50/outcome_jam_state_mse": 0.004005749646355124,
      "h50/outcome_miss_episode_count": 3,
      "h50/outcome_miss_final_state_mse": 0.005857361882340675,
      "h50/outcome_miss_state_mse": 0.006867509979048585,
      "h50/outcome_partial_episode_count": 3,
      "h50/outcome_partial_final_state_mse": 0.007158539458817127,
      "h50/outcome_partial_state_mse": 0.0036737484402126737,
      "h50/outcome_success_episode_count": 3,
      "h50/outcome_success_final_state_mse": 0.007402647944057689,
      "h50/outcome_success_state_mse": 0.0037366167080947776,
      "h50/state_mse": 0.004431661368974673,
      "h75/episode_count": 15,
      "h75/final_state_mse": 0.0074188282287198735,
      "h75/outcome_drop_episode_count": 3,
      "h75/outcome_drop_final_state_mse": 0.006951296446370143,
      "h75/outcome_drop_state_mse": 0.004664660351988017,
      "h75/outcome_jam_episode_count": 3,
      "h75/outcome_jam_final_state_mse": 0.006406477463790794,
      "h75/outcome_jam_state_mse": 0.005155321175236587,
      "h75/outcome_miss_episode_count": 3,
      "h75/outcome_miss_final_state_mse": 0.011934400481336257,
      "h75/outcome_miss_state_mse": 0.00677015184057564,
      "h75/outcome_partial_episode_count": 3,
      "h75/outcome_partial_final_state_mse": 0.005109862856615603,
      "h75/outcome_partial_state_mse": 0.004711924201782493,
      "h75/outcome_success_episode_count": 3,
      "h75/outcome_success_final_state_mse": 0.006692105745957568,
      "h75/outcome_success_state_mse": 0.004812675924862132,
      "h75/state_mse": 0.005222946665645425,
      "max_requested_horizon": 125,
      "reencode_period": 1,
      "rollout_mode": "periodic_1"
    },
    "periodic_10": {
      "episode_count": 15,
      "h10/episode_count": 15,
      "h10/final_state_mse": 0.0019302723454494102,
      "h10/outcome_drop_episode_count": 3,
      "h10/outcome_drop_final_state_mse": 0.0012487963182863846,
      "h10/outcome_drop_state_mse": 0.0014237118312735962,
      "h10/outcome_jam_episode_count": 3,
      "h10/outcome_jam_final_state_mse": 0.0020769633401453106,
      "h10/outcome_jam_state_mse": 0.0018192354370565975,
      "h10/outcome_miss_episode_count": 3,
      "h10/outcome_miss_final_state_mse": 0.0038425569830377116,
      "h10/outcome_miss_state_mse": 0.009908904125487882,
      "h10/outcome_partial_episode_count": 3,
      "h10/outcome_partial_final_state_mse": 0.0012367114765581741,
      "h10/outcome_partial_state_mse": 0.0013511071018144196,
      "h10/outcome_success_episode_count": 3,
      "h10/outcome_success_final_state_mse": 0.0012463329518152997,
      "h10/outcome_success_state_mse": 0.0013501153857100243,
      "h10/state_mse": 0.003170614803538603,
      "h100/episode_count": 15,
      "h100/final_state_mse": 0.0033633369246339486,
      "h100/outcome_drop_episode_count": 3,
      "h100/outcome_drop_final_state_mse": 0.0025033967362509835,
      "h100/outcome_drop_state_mse": 0.0019971094879449583,
      "h100/outcome_jam_episode_count": 3,
      "h100/outcome_jam_final_state_mse": 0.004228353962983961,
      "h100/outcome_jam_state_mse": 0.002638994135887794,
      "h100/outcome_miss_episode_count": 3,
      "h100/outcome_miss_final_state_mse": 0.005361736502522737,
      "h100/outcome_miss_state_mse": 0.003422800824533101,
      "h100/outcome_partial_episode_count": 3,
      "h100/outcome_partial_final_state_mse": 0.001604746174968146,
      "h100/outcome_partial_state_mse": 0.0016847919950298234,
      "h100/outcome_success_episode_count": 3,
      "h100/outcome_success_final_state_mse": 0.003118452950825099,
      "h100/outcome_success_state_mse": 0.0020769527535033382,
      "h100/state_mse": 0.002364129758348652,
      "h125/episode_count": 15,
      "h125/final_state_mse": 0.006493693083719491,
      "h125/outcome_drop_episode_count": 3,
      "h125/outcome_drop_final_state_mse": 0.004951897594663832,
      "h125/outcome_drop_state_mse": 0.002458385991115196,
      "h125/outcome_jam_episode_count": 3,
      "h125/outcome_jam_final_state_mse": 0.010167320958929124,
      "h125/outcome_jam_state_mse": 0.0034648252998302187,
      "h125/outcome_miss_episode_count": 3,
      "h125/outcome_miss_final_state_mse": 0.009254902041231106,
      "h125/outcome_miss_state_mse": 0.004101260066811555,
      "h125/outcome_partial_episode_count": 3,
      "h125/outcome_partial_final_state_mse": 0.001734079074820662,
      "h125/outcome_partial_state_mse": 0.001687087738436032,
      "h125/outcome_success_episode_count": 3,
      "h125/outcome_success_final_state_mse": 0.006360269255108303,
      "h125/outcome_success_state_mse": 0.002511491114797156,
      "h125/state_mse": 0.0028446100771037583,
      "h20/episode_count": 15,
      "h20/final_state_mse": 0.001315765754849303,
      "h20/outcome_drop_episode_count": 3,
      "h20/outcome_drop_final_state_mse": 0.001185389868671598,
      "h20/outcome_drop_state_mse": 0.0013571170225642087,
      "h20/outcome_jam_episode_count": 3,
      "h20/outcome_jam_final_state_mse": 0.0013135562778687944,
      "h20/outcome_jam_state_mse": 0.0017095681888605256,
      "h20/outcome_miss_episode_count": 3,
      "h20/outcome_miss_final_state_mse": 0.001947527227838055,
      "h20/outcome_miss_state_mse": 0.006517825407140395,
      "h20/outcome_partial_episode_count": 3,
      "h20/outcome_partial_final_state_mse": 0.00103729221896798,
      "h20/outcome_partial_state_mse": 0.0012772333777807897,
      "h20/outcome_success_episode_count": 3,
      "h20/outcome_success_final_state_mse": 0.0010950628887204563,
      "h20/outcome_success_state_mse": 0.0012869041145237442,
      "h20/state_mse": 0.002429729785794526,
      "h30/episode_count": 15,
      "h30/final_state_mse": 0.001219790823319379,
      "h30/outcome_drop_episode_count": 3,
      "h30/outcome_drop_final_state_mse": 0.0012153387313185175,
      "h30/outcome_drop_state_mse": 0.0013843884914788804,
      "h30/outcome_jam_episode_count": 3,
      "h30/outcome_jam_final_state_mse": 0.0013504410345180362,
      "h30/outcome_jam_state_mse": 0.001704954919212524,
      "h30/outcome_miss_episode_count": 3,
      "h30/outcome_miss_final_state_mse": 0.0012936828280586043,
      "h30/outcome_miss_state_mse": 0.004888681025286905,
      "h30/outcome_partial_episode_count": 3,
      "h30/outcome_partial_final_state_mse": 0.001095318679813466,
      "h30/outcome_partial_state_mse": 0.0013047280394693345,
      "h30/outcome_success_episode_count": 3,
      "h30/outcome_success_final_state_mse": 0.0011441729037590276,
      "h30/outcome_success_state_mse": 0.001315235572183314,
      "h30/state_mse": 0.0021195975575831463,
      "h40/episode_count": 15,
      "h40/final_state_mse": 0.0015026438469980278,
      "h40/outcome_drop_episode_count": 3,
      "h40/outcome_drop_final_state_mse": 0.0014695087630374759,
      "h40/outcome_drop_state_mse": 0.0015503985429900923,
      "h40/outcome_jam_episode_count": 3,
      "h40/outcome_jam_final_state_mse": 0.0015596606665187413,
      "h40/outcome_jam_state_mse": 0.0017977271204680399,
      "h40/outcome_miss_episode_count": 3,
      "h40/outcome_miss_final_state_mse": 0.001667955098978055,
      "h40/outcome_miss_state_mse": 0.004124477953692667,
      "h40/outcome_partial_episode_count": 3,
      "h40/outcome_partial_final_state_mse": 0.0013714325096872118,
      "h40/outcome_partial_state_mse": 0.0013937245007433923,
      "h40/outcome_success_episode_count": 3,
      "h40/outcome_success_final_state_mse": 0.0014446622941618652,
      "h40/outcome_success_state_mse": 0.001409756689289816,
      "h40/state_mse": 0.002055217019872728,
      "h50/episode_count": 15,
      "h50/final_state_mse": 0.0017892784542507595,
      "h50/outcome_drop_episode_count": 3,
      "h50/outcome_drop_final_state_mse": 0.0015600084576731415,
      "h50/outcome_drop_state_mse": 0.001652836332134172,
      "h50/outcome_jam_episode_count": 3,
      "h50/outcome_jam_final_state_mse": 0.0023035631070729176,
      "h50/outcome_jam_state_mse": 0.001964762132931379,
      "h50/outcome_miss_episode_count": 3,
      "h50/outcome_miss_final_state_mse": 0.001751866593372588,
      "h50/outcome_miss_state_mse": 0.0036922812617682164,
      "h50/outcome_partial_episode_count": 3,
      "h50/outcome_partial_final_state_mse": 0.0016576137905027352,
      "h50/outcome_partial_state_mse": 0.001526837224274679,
      "h50/outcome_success_episode_count": 3,
      "h50/outcome_success_final_state_mse": 0.0016733405539412903,
      "h50/outcome_success_state_mse": 0.0015488163006851096,
      "h50/state_mse": 0.0020771067500893587,
      "h75/episode_count": 15,
      "h75/final_state_mse": 0.0034327771928575304,
      "h75/outcome_drop_episode_count": 3,
      "h75/outcome_drop_final_state_mse": 0.002372992024117825,
      "h75/outcome_drop_state_mse": 0.0017427643088214018,
      "h75/outcome_jam_episode_count": 3,
      "h75/outcome_jam_final_state_mse": 0.0036963240967856515,
      "h75/outcome_jam_state_mse": 0.002268403537392876,
      "h75/outcome_miss_episode_count": 3,
      "h75/outcome_miss_final_state_mse": 0.004739467882447773,
      "h75/outcome_miss_state_mse": 0.003290936837788501,
      "h75/outcome_partial_episode_count": 3,
      "h75/outcome_partial_final_state_mse": 0.0028599435889643003,
      "h75/outcome_partial_state_mse": 0.0017089985658400458,
      "h75/outcome_success_episode_count": 3,
      "h75/outcome_success_final_state_mse": 0.0034951582015339843,
      "h75/outcome_success_state_mse": 0.0017554228705778101,
      "h75/state_mse": 0.002153305153441585,
      "max_requested_horizon": 125,
      "reencode_period": 10,
      "rollout_mode": "periodic_10"
    },
    "periodic_100": {
      "episode_count": 15,
      "h10/episode_count": 15,
      "h10/final_state_mse": 0.0019302723454494102,
      "h10/outcome_drop_episode_count": 3,
      "h10/outcome_drop_final_state_mse": 0.0012487963182863846,
      "h10/outcome_drop_state_mse": 0.0014237118312735962,
      "h10/outcome_jam_episode_count": 3,
      "h10/outcome_jam_final_state_mse": 0.0020769633401453106,
      "h10/outcome_jam_state_mse": 0.0018192354370565975,
      "h10/outcome_miss_episode_count": 3,
      "h10/outcome_miss_final_state_mse": 0.0038425569830377116,
      "h10/outcome_miss_state_mse": 0.009908904125487882,
      "h10/outcome_partial_episode_count": 3,
      "h10/outcome_partial_final_state_mse": 0.0012367114765581741,
      "h10/outcome_partial_state_mse": 0.0013511071018144196,
      "h10/outcome_success_episode_count": 3,
      "h10/outcome_success_final_state_mse": 0.0012463329518152997,
      "h10/outcome_success_state_mse": 0.0013501153857100243,
      "h10/state_mse": 0.003170614803538603,
      "h100/episode_count": 15,
      "h100/final_state_mse": 28048.39477124183,
      "h100/outcome_drop_episode_count": 3,
      "h100/outcome_drop_final_state_mse": 23553.758578431374,
      "h100/outcome_drop_state_mse": 1139.8713807189542,
      "h100/outcome_jam_episode_count": 3,
      "h100/outcome_jam_final_state_mse": 22975.283088235294,
      "h100/outcome_jam_state_mse": 1104.097614379085,
      "h100/outcome_miss_episode_count": 3,
      "h100/outcome_miss_final_state_mse": 45015.29493464052,
      "h100/outcome_miss_state_mse": 2431.09022875817,
      "h100/outcome_partial_episode_count": 3,
      "h100/outcome_partial_final_state_mse": 24425.522058823528,
      "h100/outcome_partial_state_mse": 1173.5094934640522,
      "h100/outcome_success_episode_count": 3,
      "h100/outcome_success_final_state_mse": 24272.114583333332,
      "h100/outcome_success_state_mse": 1165.6236192810456,
      "h100/state_mse": 1402.8384836601308,
      "h125/episode_count": 15,
      "h125/final_state_mse": 9279.369934640523,
      "h125/outcome_drop_episode_count": 3,
      "h125/outcome_drop_final_state_mse": 7501.909415849673,
      "h125/outcome_drop_state_mse": 1774.3104705882354,
      "h125/outcome_jam_episode_count": 3,
      "h125/outcome_jam_final_state_mse": 8085.437704248366,
      "h125/outcome_jam_state_mse": 1744.2570196078432,
      "h125/outcome_miss_episode_count": 3,
      "h125/outcome_miss_final_state_mse": 14727.968852124182,
      "h125/outcome_miss_state_mse": 3825.2364444444443,
      "h125/outcome_partial_episode_count": 3,
      "h125/outcome_partial_final_state_mse": 8027.6492544934645,
      "h125/outcome_partial_state_mse": 1832.8134248366014,
      "h125/outcome_success_episode_count": 3,
      "h125/outcome_success_final_state_mse": 8053.8810253267975,
      "h125/outcome_success_state_mse": 1824.6498562091504,
      "h125/state_mse": 2200.2534065359478,
      "h20/episode_count": 15,
      "h20/final_state_mse": 0.003960006688934526,
      "h20/outcome_drop_episode_count": 3,
      "h20/outcome_drop_final_state_mse": 0.003747715523429945,
      "h20/outcome_drop_state_mse": 0.0018192219578362758,
      "h20/outcome_jam_episode_count": 3,
      "h20/outcome_jam_final_state_mse": 0.004177569076905843,
      "h20/outcome_jam_state_mse": 0.002144296535479477,
      "h20/outcome_miss_episode_count": 3,
      "h20/outcome_miss_final_state_mse": 0.004279830194766226,
      "h20/outcome_miss_state_mse": 0.0065450637169133605,
      "h20/outcome_partial_episode_count": 3,
      "h20/outcome_partial_final_state_mse": 0.0037257124006358625,
      "h20/outcome_partial_state_mse": 0.0017394218569487527,
      "h20/outcome_success_episode_count": 3,
      "h20/outcome_success_final_state_mse": 0.003869206297631357,
      "h20/outcome_success_state_mse": 0.0017530629837435056,
      "h20/state_mse": 0.002800213433558645,
      "h30/episode_count": 15,
      "h30/final_state_mse": 0.018725910062104268,
      "h30/outcome_drop_episode_count": 3,
      "h30/outcome_drop_final_state_mse": 0.019102924399905734,
      "h30/outcome_drop_state_mse": 0.004376584616102164,
      "h30/outcome_jam_episode_count": 3,
      "h30/outcome_jam_final_state_mse": 0.020050925367018756,
      "h30/outcome_jam_state_mse": 0.004842581364583865,
      "h30/outcome_miss_episode_count": 3,
      "h30/outcome_miss_final_state_mse": 0.015283909108903673,
      "h30/outcome_miss_state_mse": 0.00705852425436049,
      "h30/outcome_partial_episode_count": 3,
      "h30/outcome_partial_final_state_mse": 0.019520142109565486,
      "h30/outcome_partial_state_mse": 0.004278328735584268,
      "h30/outcome_success_episode_count": 3,
      "h30/outcome_success_final_state_mse": 0.019671644650253596,
      "h30/outcome_success_state_mse": 0.004297320567444778,
      "h30/state_mse": 0.004970667886837895,
      "h40/episode_count": 15,
      "h40/final_state_mse": 0.21345669615502452,
      "h40/outcome_drop_episode_count": 3,
      "h40/outcome_drop_final_state_mse": 0.1610544608309378,
      "h40/outcome_drop_state_mse": 0.02175972851273281,
      "h40/outcome_jam_episode_count": 3,
      "h40/outcome_jam_final_state_mse": 0.18201235540552077,
      "h40/outcome_jam_state_mse": 0.024212077708026164,
      "h40/outcome_miss_episode_count": 3,
      "h40/outcome_miss_final_state_mse": 0.36062632666693795,
      "h40/outcome_miss_state_mse": 0.03837319604711595,
      "h40/outcome_partial_episode_count": 3,
      "h40/outcome_partial_final_state_mse": 0.18249348565643908,
      "h40/outcome_partial_state_mse": 0.0238494545805688,
      "h40/outcome_success_episode_count": 3,
      "h40/outcome_success_final_state_mse": 0.1810968872768427,
      "h40/outcome_success_state_mse": 0.0237327759561975,
      "h40/state_mse": 0.026385446186938315,
      "h50/episode_count": 15,
      "h50/final_state_mse": 1.4862390854779413,
      "h50/outcome_drop_episode_count": 3,
      "h50/outcome_drop_final_state_mse": 1.2122627831752004,
      "h50/outcome_drop_state_mse": 0.13596335317574296,
      "h50/outcome_jam_episode_count": 3,
      "h50/outcome_jam_final_state_mse": 1.278306636934966,
      "h50/outcome_jam_state_mse": 0.1447725123985141,
      "h50/outcome_miss_episode_count": 3,
      "h50/outcome_miss_final_state_mse": 2.587005665099699,
      "h50/outcome_miss_state_mse": 0.29655934452231414,
      "h50/outcome_partial_episode_count": 3,
      "h50/outcome_partial_final_state_mse": 1.1768591201383305,
      "h50/outcome_partial_state_mse": 0.1389146892073887,
      "h50/outcome_success_episode_count": 3,
      "h50/outcome_success_final_state_mse": 1.1767618141922296,
      "h50/outcome_success_state_mse": 0.13855396046357996,
      "h50/state_mse": 0.1709527675653595,
      "h75/episode_count": 15,
      "h75/final_state_mse": 136.77758374183006,
      "h75/outcome_drop_episode_count": 3,
      "h75/outcome_drop_final_state_mse": 115.47234987745098,
      "h75/outcome_drop_state_mse": 8.616988230187909,
      "h75/outcome_jam_episode_count": 3,
      "h75/outcome_jam_final_state_mse": 106.87659329682394,
      "h75/outcome_jam_state_mse": 8.088482477192265,
      "h75/outcome_miss_episode_count": 3,
      "h75/outcome_miss_final_state_mse": 231.1748557495915,
      "h75/outcome_miss_state_mse": 16.618474775326796,
      "h75/outcome_partial_episode_count": 3,
      "h75/outcome_partial_final_state_mse": 115.71969385084763,
      "h75/outcome_partial_state_mse": 8.613279164964597,
      "h75/outcome_success_episode_count": 3,
      "h75/outcome_success_final_state_mse": 114.64444029564952,
      "h75/outcome_success_state_mse": 8.534470996732026,
      "h75/state_mse": 10.094339869281045,
      "max_requested_horizon": 125,
      "reencode_period": 100,
      "rollout_mode": "periodic_100"
    },
    "periodic_2": {
      "episode_count": 15,
      "h10/episode_count": 15,
      "h10/final_state_mse": 0.0023926856471043006,
      "h10/outcome_drop_episode_count": 3,
      "h10/outcome_drop_final_state_mse": 0.0020161932882140667,
      "h10/outcome_drop_state_mse": 0.001967639237447502,
      "h10/outcome_jam_episode_count": 3,
      "h10/outcome_jam_final_state_mse": 0.0024234151431158477,
      "h10/outcome_jam_state_mse": 0.002350247997084474,
      "h10/outcome_miss_episode_count": 3,
      "h10/outcome_miss_final_state_mse": 0.0037271206090652865,
      "h10/outcome_miss_state_mse": 0.00956734348745907,
      "h10/outcome_partial_episode_count": 3,
      "h10/outcome_partial_final_state_mse": 0.0018633125362053416,
      "h10/outcome_partial_state_mse": 0.001852897335501278,
      "h10/outcome_success_episode_count": 3,
      "h10/outcome_success_final_state_mse": 0.001933387048493803,
      "h10/outcome_success_state_mse": 0.0018722687671387118,
      "h10/state_mse": 0.003522079318177466,
      "h100/episode_count": 15,
      "h100/final_state_mse": 0.0037221475364336,
      "h100/outcome_drop_episode_count": 3,
      "h100/outcome_drop_final_state_mse": 0.005572872029410468,
      "h100/outcome_drop_state_mse": 0.003222857269586301,
      "h100/outcome_jam_episode_count": 3,
      "h100/outcome_jam_final_state_mse": 0.003561006749377531,
      "h100/outcome_jam_state_mse": 0.003577044742559296,
      "h100/outcome_miss_episode_count": 3,
      "h100/outcome_miss_final_state_mse": 0.0041517843705376764,
      "h100/outcome_miss_state_mse": 0.004517998414881089,
      "h100/outcome_partial_episode_count": 3,
      "h100/outcome_partial_final_state_mse": 0.0024716513706188577,
      "h100/outcome_partial_state_mse": 0.0027170370139327706,
      "h100/outcome_success_episode_count": 3,
      "h100/outcome_success_final_state_mse": 0.0028534220178532445,
      "h100/outcome_success_state_mse": 0.0031553671718422883,
      "h100/state_mse": 0.0034380608851613563,
      "h125/episode_count": 15,
      "h125/final_state_mse": 0.004512976353464563,
      "h125/outcome_drop_episode_count": 3,
      "h125/outcome_drop_final_state_mse": 0.005866799771396163,
      "h125/outcome_drop_state_mse": 0.00383434564927045,
      "h125/outcome_jam_episode_count": 3,
      "h125/outcome_jam_final_state_mse": 0.00541367727557039,
      "h125/outcome_jam_state_mse": 0.003798869563084023,
      "h125/outcome_miss_episode_count": 3,
      "h125/outcome_miss_final_state_mse": 0.004159195750367408,
      "h125/outcome_miss_state_mse": 0.004419927858838848,
      "h125/outcome_partial_episode_count": 3,
      "h125/outcome_partial_final_state_mse": 0.002573176974954169,
      "h125/outcome_partial_state_mse": 0.0026572838078916462,
      "h125/outcome_success_episode_count": 3,
      "h125/outcome_success_final_state_mse": 0.0045520334072362365,
      "h125/outcome_success_state_mse": 0.0032338345596213745,
      "h125/state_mse": 0.003588852188010621,
      "h20/episode_count": 15,
      "h20/final_state_mse": 0.002394585515938553,
      "h20/outcome_drop_episode_count": 3,
      "h20/outcome_drop_final_state_mse": 0.00227768760588434,
      "h20/outcome_drop_state_mse": 0.0020284619985842236,
      "h20/outcome_jam_episode_count": 3,
      "h20/outcome_jam_final_state_mse": 0.0021509395218362996,
      "h20/outcome_jam_state_mse": 0.0024363211946549757,
      "h20/outcome_miss_episode_count": 3,
      "h20/outcome_miss_final_state_mse": 0.0034159991184091257,
      "h20/outcome_miss_state_mse": 0.006652258424197926,
      "h20/outcome_partial_episode_count": 3,
      "h20/outcome_partial_final_state_mse": 0.002050284174532672,
      "h20/outcome_partial_state_mse": 0.0019432891038508196,
      "h20/outcome_success_episode_count": 3,
      "h20/outcome_success_final_state_mse": 0.0020780172077269335,
      "h20/outcome_success_state_mse": 0.0019693328664193745,
      "h20/state_mse": 0.0030059328266218597,
      "h30/episode_count": 15,
      "h30/final_state_mse": 0.0026933021794736775,
      "h30/outcome_drop_episode_count": 3,
      "h30/outcome_drop_final_state_mse": 0.0025521863519755842,
      "h30/outcome_drop_state_mse": 0.0021506136279220416,
      "h30/outcome_jam_episode_count": 3,
      "h30/outcome_jam_final_state_mse": 0.0026653225904975843,
      "h30/outcome_jam_state_mse": 0.002497138384900062,
      "h30/outcome_miss_episode_count": 3,
      "h30/outcome_miss_final_state_mse": 0.0034477956641733257,
      "h30/outcome_miss_state_mse": 0.005594454559625364,
      "h30/outcome_partial_episode_count": 3,
      "h30/outcome_partial_final_state_mse": 0.002339473615090052,
      "h30/outcome_partial_state_mse": 0.002060806829165789,
      "h30/outcome_success_episode_count": 3,
      "h30/outcome_success_final_state_mse": 0.002461732164317486,
      "h30/outcome_success_state_mse": 0.0020849698768981404,
      "h30/state_mse": 0.0028775968530858525,
      "h40/episode_count": 15,
      "h40/final_state_mse": 0.002763992197373334,
      "h40/outcome_drop_episode_count": 3,
      "h40/outcome_drop_final_state_mse": 0.002790366512498045,
      "h40/outcome_drop_state_mse": 0.002333730731914246,
      "h40/outcome_jam_episode_count": 3,
      "h40/outcome_jam_final_state_mse": 0.002381598881257126,
      "h40/outcome_jam_state_mse": 0.002582338744518804,
      "h40/outcome_miss_episode_count": 3,
      "h40/outcome_miss_final_state_mse": 0.003306180336116965,
      "h40/outcome_miss_state_mse": 0.005055910933251475,
      "h40/outcome_partial_episode_count": 3,
      "h40/outcome_partial_final_state_mse": 0.002666869803386576,
      "h40/outcome_partial_state_mse": 0.0021948772707795785,
      "h40/outcome_success_episode_count": 3,
      "h40/outcome_success_final_state_mse": 0.002674945526652866,
      "h40/outcome_success_state_mse": 0.002218248251996009,
      "h40/state_mse": 0.0028770212410322202,
      "h50/episode_count": 15,
      "h50/final_state_mse": 0.00333202711117813,
      "h50/outcome_drop_episode_count": 3,
      "h50/outcome_drop_final_state_mse": 0.0028285987042134106,
      "h50/outcome_drop_state_mse": 0.002462911044850069,
      "h50/outcome_jam_episode_count": 3,
      "h50/outcome_jam_final_state_mse": 0.003138166237500758,
      "h50/outcome_jam_state_mse": 0.0027939082750307966,
      "h50/outcome_miss_episode_count": 3,
      "h50/outcome_miss_final_state_mse": 0.0031144739755618028,
      "h50/outcome_miss_state_mse": 0.004735845179339639,
      "h50/outcome_partial_episode_count": 3,
      "h50/outcome_partial_final_state_mse": 0.0037492285756503835,
      "h50/outcome_partial_state_mse": 0.002456889308355992,
      "h50/outcome_success_episode_count": 3,
      "h50/outcome_success_final_state_mse": 0.003829665774223851,
      "h50/outcome_success_state_mse": 0.002473973261764626,
      "h50/state_mse": 0.002984705307904412,
      "h75/episode_count": 15,
      "h75/final_state_mse": 0.005257008745779399,
      "h75/outcome_drop_episode_count": 3,
      "h75/outcome_drop_final_state_mse": 0.004509634441799588,
      "h75/outcome_drop_state_mse": 0.002744923095038254,
      "h75/outcome_jam_episode_count": 3,
      "h75/outcome_jam_final_state_mse": 0.005613318066191829,
      "h75/outcome_jam_state_mse": 0.003277460069178496,
      "h75/outcome_miss_episode_count": 3,
      "h75/outcome_miss_final_state_mse": 0.007519950323245104,
      "h75/outcome_miss_state_mse": 0.004511427619618268,
      "h75/outcome_partial_episode_count": 3,
      "h75/outcome_partial_final_state_mse": 0.0035707286857312023,
      "h75/outcome_partial_state_mse": 0.0028066918117548127,
      "h75/outcome_success_episode_count": 3,
      "h75/outcome_success_final_state_mse": 0.00507141079972772,
      "h75/outcome_success_state_mse": 0.002871567844565398,
      "h75/state_mse": 0.003242414353979439,
      "max_requested_horizon": 125,
      "reencode_period": 2,
      "rollout_mode": "periodic_2"
    },
    "periodic_20": {
      "episode_count": 15,
      "h10/episode_count": 15,
      "h10/final_state_mse": 0.0019302723454494102,
      "h10/outcome_drop_episode_count": 3,
      "h10/outcome_drop_final_state_mse": 0.0012487963182863846,
      "h10/outcome_drop_state_mse": 0.0014237118312735962,
      "h10/outcome_jam_episode_count": 3,
      "h10/outcome_jam_final_state_mse": 0.0020769633401453106,
      "h10/outcome_jam_state_mse": 0.0018192354370565975,
      "h10/outcome_miss_episode_count": 3,
      "h10/outcome_miss_final_state_mse": 0.0038425569830377116,
      "h10/outcome_miss_state_mse": 0.009908904125487882,
      "h10/outcome_partial_episode_count": 3,
      "h10/outcome_partial_final_state_mse": 0.0012367114765581741,
      "h10/outcome_partial_state_mse": 0.0013511071018144196,
      "h10/outcome_success_episode_count": 3,
      "h10/outcome_success_final_state_mse": 0.0012463329518152997,
      "h10/outcome_success_state_mse": 0.0013501153857100243,
      "h10/state_mse": 0.003170614803538603,
      "h100/episode_count": 15,
      "h100/final_state_mse": 0.00384822826759488,
      "h100/outcome_drop_episode_count": 3,
      "h100/outcome_drop_final_state_mse": 0.003798646572368597,
      "h100/outcome_drop_state_mse": 0.0023757398518082363,
      "h100/outcome_jam_episode_count": 3,
      "h100/outcome_jam_final_state_mse": 0.003689085833387437,
      "h100/outcome_jam_state_mse": 0.002777111577052696,
      "h100/outcome_miss_episode_count": 3,
      "h100/outcome_miss_final_state_mse": 0.0063672421220081305,
      "h100/outcome_miss_state_mse": 0.004164935654284907,
      "h100/outcome_partial_episode_count": 3,
      "h100/outcome_partial_final_state_mse": 0.002307526255939521,
      "h100/outcome_partial_state_mse": 0.0020500242632198956,
      "h100/outcome_success_episode_count": 3,
      "h100/outcome_success_final_state_mse": 0.0030786402864393845,
      "h100/outcome_success_state_mse": 0.002214497023937749,
      "h100/state_mse": 0.002716461580563215,
      "h125/episode_count": 15,
      "h125/final_state_mse": 0.00448613353804046,
      "h125/outcome_drop_episode_count": 3,
      "h125/outcome_drop_final_state_mse": 0.0045549060686741,
      "h125/outcome_drop_state_mse": 0.002893190720502068,
      "h125/outcome_jam_episode_count": 3,
      "h125/outcome_jam_final_state_mse": 0.006313758689204072,
      "h125/outcome_jam_state_mse": 0.0033191102470447814,
      "h125/outcome_miss_episode_count": 3,
      "h125/outcome_miss_final_state_mse": 0.004611683583337497,
      "h125/outcome_miss_state_mse": 0.0044629295199525125,
      "h125/outcome_partial_episode_count": 3,
      "h125/outcome_partial_final_state_mse": 0.002187203323724223,
      "h125/outcome_partial_state_mse": 0.0020945769166634755,
      "h125/outcome_success_episode_count": 3,
      "h125/outcome_success_final_state_mse": 0.004763114929588792,
      "h125/outcome_success_state_mse": 0.0026283115561491523,
      "h125/state_mse": 0.0030796239915236927,
      "h20/episode_count": 15,
      "h20/final_state_mse": 0.003960006688934526,
      "h20/outcome_drop_episode_count": 3,
      "h20/outcome_drop_final_state_mse": 0.003747715523429945,
      "h20/outcome_drop_state_mse": 0.0018192219578362758,
      "h20/outcome_jam_episode_count": 3,
      "h20/outcome_jam_final_state_mse": 0.004177569076905843,
      "h20/outcome_jam_state_mse": 0.002144296535479477,
      "h20/outcome_miss_episode_count": 3,
      "h20/outcome_miss_final_state_mse": 0.004279830194766226,
      "h20/outcome_miss_state_mse": 0.0065450637169133605,
      "h20/outcome_partial_episode_count": 3,
      "h20/outcome_partial_final_state_mse": 0.0037257124006358625,
      "h20/outcome_partial_state_mse": 0.0017394218569487527,
      "h20/outcome_success_episode_count": 3,
      "h20/outcome_success_final_state_mse": 0.003869206297631357,
      "h20/outcome_success_state_mse": 0.0017530629837435056,
      "h20/state_mse": 0.002800213433558645,
      "h30/episode_count": 15,
      "h30/final_state_mse": 0.0014772412044550078,
      "h30/outcome_drop_episode_count": 3,
      "h30/outcome_drop_final_state_mse": 0.0014486625741899403,
      "h30/outcome_drop_state_mse": 0.0018611203611286636,
      "h30/outcome_jam_episode_count": 3,
      "h30/outcome_jam_final_state_mse": 0.0015894952991039925,
      "h30/outcome_jam_state_mse": 0.0021731308083129085,
      "h30/outcome_miss_episode_count": 3,
      "h30/outcome_miss_final_state_mse": 0.001572936821996776,
      "h30/outcome_miss_state_mse": 0.005071331680730018,
      "h30/outcome_partial_episode_count": 3,
      "h30/outcome_partial_final_state_mse": 0.001359288586802732,
      "h30/outcome_partial_state_mse": 0.0017786064438830274,
      "h30/outcome_success_episode_count": 3,
      "h30/outcome_success_final_state_mse": 0.0014158225697434806,
      "h30/outcome_success_state_mse": 0.0017905611358177169,
      "h30/state_mse": 0.002534950106751685,
      "h40/episode_count": 15,
      "h40/final_state_mse": 0.0028969752243141723,
      "h40/outcome_drop_episode_count": 3,
      "h40/outcome_drop_final_state_mse": 0.002795188401649201,
      "h40/outcome_drop_state_mse": 0.0019201068706761778,
      "h40/outcome_jam_episode_count": 3,
      "h40/outcome_jam_final_state_mse": 0.002635899322484833,
      "h40/outcome_jam_state_mse": 0.002174860083199794,
      "h40/outcome_miss_episode_count": 3,
      "h40/outcome_miss_final_state_mse": 0.004504053859539281,
      "h40/outcome_miss_state_mse": 0.004463220265955707,
      "h40/outcome_partial_episode_count": 3,
      "h40/outcome_partial_final_state_mse": 0.002261135021066354,
      "h40/outcome_partial_state_mse": 0.0017434507413627276,
      "h40/outcome_success_episode_count": 3,
      "h40/outcome_success_final_state_mse": 0.0022885986402922985,
      "h40/outcome_success_state_mse": 0.0017617487439922257,
      "h40/state_mse": 0.002412677341037326,
      "h50/episode_count": 15,
      "h50/final_state_mse": 0.002031704958747415,
      "h50/outcome_drop_episode_count": 3,
      "h50/outcome_drop_final_state_mse": 0.0018368358510771608,
      "h50/outcome_drop_state_mse": 0.0020256622164857153,
      "h50/outcome_jam_episode_count": 3,
      "h50/outcome_jam_final_state_mse": 0.0025788864571284625,
      "h50/outcome_jam_state_mse": 0.0023111663145177503,
      "h50/outcome_miss_episode_count": 3,
      "h50/outcome_miss_final_state_mse": 0.0019876402528846964,
      "h50/outcome_miss_state_mse": 0.004067111545138889,
      "h50/outcome_partial_episode_count": 3,
      "h50/outcome_partial_final_state_mse": 0.001877332702766057,
      "h50/outcome_partial_state_mse": 0.0018560887629689735,
      "h50/outcome_success_episode_count": 3,
      "h50/outcome_success_final_state_mse": 0.0018778292863976722,
      "h50/outcome_success_state_mse": 0.001881996229583142,
      "h50/state_mse": 0.0024284049638735703,
      "h75/episode_count": 15,
      "h75/final_state_mse": 0.0038573127946043327,
      "h75/outcome_drop_episode_count": 3,
      "h75/outcome_drop_final_state_mse": 0.0023823800235012777,
      "h75/outcome_drop_state_mse": 0.00205408757029016,
      "h75/outcome_jam_episode_count": 3,
      "h75/outcome_jam_final_state_mse": 0.004179255148164587,
      "h75/outcome_jam_state_mse": 0.0026090134930247056,
      "h75/outcome_miss_episode_count": 3,
      "h75/outcome_miss_final_state_mse": 0.005113300934336544,
      "h75/outcome_miss_state_mse": 0.003806548440638191,
      "h75/outcome_partial_episode_count": 3,
      "h75/outcome_partial_final_state_mse": 0.0038410704217705072,
      "h75/outcome_partial_state_mse": 0.002025812061783535,
      "h75/outcome_success_episode_count": 3,
      "h75/outcome_success_final_state_mse": 0.003770557932214799,
      "h75/outcome_success_state_mse": 0.0020514313691581774,
      "h75/state_mse": 0.0025093784041394338,
      "max_requested_horizon": 125,
      "reencode_period": 20,
      "rollout_mode": "periodic_20"
    },
    "periodic_5": {
      "episode_count": 15,
      "h10/episode_count": 15,
      "h10/final_state_mse": 0.0020341483596103644,
      "h10/outcome_drop_episode_count": 3,
      "h10/outcome_drop_final_state_mse": 0.0013826239634962643,
      "h10/outcome_drop_state_mse": 0.0015892977028890373,
      "h10/outcome_jam_episode_count": 3,
      "h10/outcome_jam_final_state_mse": 0.0020444408253906597,
      "h10/outcome_jam_state_mse": 0.001995470749786477,
      "h10/outcome_miss_episode_count": 3,
      "h10/outcome_miss_final_state_mse": 0.004116398446700152,
      "h10/outcome_miss_state_mse": 0.009918065476261713,
      "h10/outcome_partial_episode_count": 3,
      "h10/outcome_partial_final_state_mse": 0.0013097047172730264,
      "h10/outcome_partial_state_mse": 0.0015099814904281517,
      "h10/outcome_success_episode_count": 3,
      "h10/outcome_success_final_state_mse": 0.0013175737477985083,
      "h10/outcome_success_state_mse": 0.0015076431573606006,
      "h10/state_mse": 0.0033040918088426776,
      "h100/episode_count": 15,
      "h100/final_state_mse": 0.0030428309845768548,
      "h100/outcome_drop_episode_count": 3,
      "h100/outcome_drop_final_state_mse": 0.002832103398890277,
      "h100/outcome_drop_state_mse": 0.0023077035417743757,
      "h100/outcome_jam_episode_count": 3,
      "h100/outcome_jam_final_state_mse": 0.0033882537649737466,
      "h100/outcome_jam_state_mse": 0.0029533680435878777,
      "h100/outcome_miss_episode_count": 3,
      "h100/outcome_miss_final_state_mse": 0.004165693143613977,
      "h100/outcome_miss_state_mse": 0.0036810979656144685,
      "h100/outcome_partial_episode_count": 3,
      "h100/outcome_partial_final_state_mse": 0.001966808867805144,
      "h100/outcome_partial_state_mse": 0.0020001140606948752,
      "h100/outcome_success_episode_count": 3,
      "h100/outcome_success_final_state_mse": 0.0028612962832637863,
      "h100/outcome_success_state_mse": 0.002380394530452155,
      "h100/state_mse": 0.002664535622191585,
      "h125/episode_count": 15,
      "h125/final_state_mse": 0.00438541992037904,
      "h125/outcome_drop_episode_count": 3,
      "h125/outcome_drop_final_state_mse": 0.0036541304362365623,
      "h125/outcome_drop_state_mse": 0.0027035068187838285,
      "h125/outcome_jam_episode_count": 3,
      "h125/outcome_jam_final_state_mse": 0.005170981089274089,
      "h125/outcome_jam_state_mse": 0.0032853262907539317,
      "h125/outcome_miss_episode_count": 3,
      "h125/outcome_miss_final_state_mse": 0.006171617413463156,
      "h125/outcome_miss_state_mse": 0.003851010391135621,
      "h125/outcome_partial_episode_count": 3,
      "h125/outcome_partial_final_state_mse": 0.0019582997447524977,
      "h125/outcome_partial_state_mse": 0.001990697175069572,
      "h125/outcome_success_episode_count": 3,
      "h125/outcome_success_final_state_mse": 0.004972072111235725,
      "h125/outcome_success_state_mse": 0.002705585155611724,
      "h125/state_mse": 0.0029072249668096405,
      "h20/episode_count": 15,
      "h20/final_state_mse": 0.0015176508161756728,
      "h20/outcome_drop_episode_count": 3,
      "h20/outcome_drop_final_state_mse": 0.001488753685764238,
      "h20/outcome_drop_state_mse": 0.0015265567240372202,
      "h20/outcome_jam_episode_count": 3,
      "h20/outcome_jam_final_state_mse": 0.0014000845695632735,
      "h20/outcome_jam_state_mse": 0.0019280097063849955,
      "h20/outcome_miss_episode_count": 3,
      "h20/outcome_miss_final_state_mse": 0.00210810394263735,
      "h20/outcome_miss_state_mse": 0.006473040736578648,
      "h20/outcome_partial_episode_count": 3,
      "h20/outcome_partial_final_state_mse": 0.0012784987882850996,
      "h20/outcome_partial_state_mse": 0.00145914355913798,
      "h20/outcome_success_episode_count": 3,
      "h20/outcome_success_final_state_mse": 0.0013128132163699156,
      "h20/outcome_success_state_mse": 0.0014769627377877828,
      "h20/state_mse": 0.0025727425369561885,
      "h30/episode_count": 15,
      "h30/final_state_mse": 0.0016015666762208627,
      "h30/outcome_drop_episode_count": 3,
      "h30/outcome_drop_final_state_mse": 0.0015827839086258334,
      "h30/outcome_drop_state_mse": 0.0015924922521337705,
      "h30/outcome_jam_episode_count": 3,
      "h30/outcome_jam_final_state_mse": 0.0016649549498277552,
      "h30/outcome_jam_state_mse": 0.001960024906399463,
      "h30/outcome_miss_episode_count": 3,
      "h30/outcome_miss_final_state_mse": 0.0017944906710409651,
      "h30/outcome_miss_state_mse": 0.005009908406043624,
      "h30/outcome_partial_episode_count": 3,
      "h30/outcome_partial_final_state_mse": 0.0014441984833455553,
      "h30/outcome_partial_state_mse": 0.0015151060224877983,
      "h30/outcome_success_episode_count": 3,
      "h30/outcome_success_final_state_mse": 0.001521406512634427,
      "h30/outcome_success_state_mse": 0.0015343168462283732,
      "h30/state_mse": 0.0023223697437959557,
      "h40/episode_count": 15,
      "h40/final_state_mse": 0.001993890057981404,
      "h40/outcome_drop_episode_count": 3,
      "h40/outcome_drop_final_state_mse": 0.0021587579078923644,
      "h40/outcome_drop_state_mse": 0.0017911418590670317,
      "h40/outcome_jam_episode_count": 3,
      "h40/outcome_jam_final_state_mse": 0.001899341401321436,
      "h40/outcome_jam_state_mse": 0.002072232221466264,
      "h40/outcome_miss_episode_count": 3,
      "h40/outcome_miss_final_state_mse": 0.001976819112409953,
      "h40/outcome_miss_state_mse": 0.004315593585469364,
      "h40/outcome_partial_episode_count": 3,
      "h40/outcome_partial_final_state_mse": 0.0019362320989565133,
      "h40/outcome_partial_state_mse": 0.0016413250779793932,
      "h40/outcome_success_episode_count": 3,
      "h40/outcome_success_final_state_mse": 0.001998300597169041,
      "h40/outcome_success_state_mse": 0.0016605240846771041,
      "h40/state_mse": 0.0022961632722343496,
      "h50/episode_count": 15,
      "h50/final_state_mse": 0.002164270207772847,
      "h50/outcome_drop_episode_count": 3,
      "h50/outcome_drop_final_state_mse": 0.0018497416445242814,
      "h50/outcome_drop_state_mse": 0.0019329021179598142,
      "h50/outcome_jam_episode_count": 3,
      "h50/outcome_jam_final_state_mse": 0.0025776827987892175,
      "h50/outcome_jam_state_mse": 0.002298767052444757,
      "h50/outcome_miss_episode_count": 3,
      "h50/outcome_miss_final_state_mse": 0.001934998321766947,
      "h50/outcome_miss_state_mse": 0.00389344757678462,
      "h50/outcome_partial_episode_count": 3,
      "h50/outcome_partial_final_state_mse": 0.002204752021950055,
      "h50/outcome_partial_state_mse": 0.0018400055754418468,
      "h50/outcome_success_episode_count": 3,
      "h50/outcome_success_final_state_mse": 0.0022541765196650637,
      "h50/outcome_success_state_mse": 0.001862266141604754,
      "h50/state_mse": 0.0023654777177798203,
      "h75/episode_count": 15,
      "h75/final_state_mse": 0.003533386404997383,
      "h75/outcome_drop_episode_count": 3,
      "h75/outcome_drop_final_state_mse": 0.0023974302937002745,
      "h75/outcome_drop_state_mse": 0.002018919718291505,
      "h75/outcome_jam_episode_count": 3,
      "h75/outcome_jam_final_state_mse": 0.0038469308634209477,
      "h75/outcome_jam_state_mse": 0.0025971890950254885,
      "h75/outcome_miss_episode_count": 3,
      "h75/outcome_miss_final_state_mse": 0.005145294725700141,
      "h75/outcome_miss_state_mse": 0.0035451040496493735,
      "h75/outcome_partial_episode_count": 3,
      "h75/outcome_partial_final_state_mse": 0.0029103733307006313,
      "h75/outcome_partial_state_mse": 0.0020358819899216197,
      "h75/outcome_success_episode_count": 3,
      "h75/outcome_success_final_state_mse": 0.00336690271407171,
      "h75/outcome_success_state_mse": 0.002074118886378336,
      "h75/state_mse": 0.0024542427810968137,
      "max_requested_horizon": 125,
      "reencode_period": 5,
      "rollout_mode": "periodic_5"
    },
    "periodic_50": {
      "episode_count": 15,
      "h10/episode_count": 15,
      "h10/final_state_mse": 0.0019302723454494102,
      "h10/outcome_drop_episode_count": 3,
      "h10/outcome_drop_final_state_mse": 0.0012487963182863846,
      "h10/outcome_drop_state_mse": 0.0014237118312735962,
      "h10/outcome_jam_episode_count": 3,
      "h10/outcome_jam_final_state_mse": 0.0020769633401453106,
      "h10/outcome_jam_state_mse": 0.0018192354370565975,
      "h10/outcome_miss_episode_count": 3,
      "h10/outcome_miss_final_state_mse": 0.0038425569830377116,
      "h10/outcome_miss_state_mse": 0.009908904125487882,
      "h10/outcome_partial_episode_count": 3,
      "h10/outcome_partial_final_state_mse": 0.0012367114765581741,
      "h10/outcome_partial_state_mse": 0.0013511071018144196,
      "h10/outcome_success_episode_count": 3,
      "h10/outcome_success_final_state_mse": 0.0012463329518152997,
      "h10/outcome_success_state_mse": 0.0013501153857100243,
      "h10/state_mse": 0.003170614803538603,
      "h100/episode_count": 15,
      "h100/final_state_mse": 33.31465992647059,
      "h100/outcome_drop_episode_count": 3,
      "h100/outcome_drop_final_state_mse": 36.862612456278086,
      "h100/outcome_drop_state_mse": 2.258040332669526,
      "h100/outcome_jam_episode_count": 3,
      "h100/outcome_jam_final_state_mse": 33.897962084003524,
      "h100/outcome_jam_state_mse": 2.085352823095384,
      "h100/outcome_miss_episode_count": 3,
      "h100/outcome_miss_final_state_mse": 24.98296600541258,
      "h100/outcome_miss_state_mse": 2.502658611621732,
      "h100/outcome_partial_episode_count": 3,
      "h100/outcome_partial_final_state_mse": 35.392794540505,
      "h100/outcome_partial_state_mse": 2.1416945593341503,
      "h100/outcome_success_episode_count": 3,
      "h100/outcome_success_final_state_mse": 35.43696305019404,
      "h100/outcome_success_state_mse": 2.1615223843443627,
      "h100/state_mse": 2.2298537581699347,
      "h125/episode_count": 15,
      "h125/final_state_mse": 5.248872804330065,
      "h125/outcome_drop_episode_count": 3,
      "h125/outcome_drop_final_state_mse": 4.649912117353452,
      "h125/outcome_drop_state_mse": 3.476278492647059,
      "h125/outcome_jam_episode_count": 3,
      "h125/outcome_jam_final_state_mse": 4.21078256843916,
      "h125/outcome_jam_state_mse": 3.33053497753268,
      "h125/outcome_miss_episode_count": 3,
      "h125/outcome_miss_final_state_mse": 8.789920981413399,
      "h125/outcome_miss_state_mse": 3.455014195261438,
      "h125/outcome_partial_episode_count": 3,
      "h125/outcome_partial_final_state_mse": 4.345051933737362,
      "h125/outcome_partial_state_mse": 3.31002734375,
      "h125/outcome_success_episode_count": 3,
      "h125/outcome_success_final_state_mse": 4.248696121515012,
      "h125/outcome_success_state_mse": 3.334878216911765,
      "h125/state_mse": 3.381346732026144,
      "h20/episode_count": 15,
      "h20/final_state_mse": 0.003960006688934526,
      "h20/outcome_drop_episode_count": 3,
      "h20/outcome_drop_final_state_mse": 0.003747715523429945,
      "h20/outcome_drop_state_mse": 0.0018192219578362758,
      "h20/outcome_jam_episode_count": 3,
      "h20/outcome_jam_final_state_mse": 0.004177569076905843,
      "h20/outcome_jam_state_mse": 0.002144296535479477,
      "h20/outcome_miss_episode_count": 3,
      "h20/outcome_miss_final_state_mse": 0.004279830194766226,
      "h20/outcome_miss_state_mse": 0.0065450637169133605,
      "h20/outcome_partial_episode_count": 3,
      "h20/outcome_partial_final_state_mse": 0.0037257124006358625,
      "h20/outcome_partial_state_mse": 0.0017394218569487527,
      "h20/outcome_success_episode_count": 3,
      "h20/outcome_success_final_state_mse": 0.003869206297631357,
      "h20/outcome_success_state_mse": 0.0017530629837435056,
      "h20/state_mse": 0.002800213433558645,
      "h30/episode_count": 15,
      "h30/final_state_mse": 0.018725910062104268,
      "h30/outcome_drop_episode_count": 3,
      "h30/outcome_drop_final_state_mse": 0.019102924399905734,
      "h30/outcome_drop_state_mse": 0.004376584616102164,
      "h30/outcome_jam_episode_count": 3,
      "h30/outcome_jam_final_state_mse": 0.020050925367018756,
      "h30/outcome_jam_state_mse": 0.004842581364583865,
      "h30/outcome_miss_episode_count": 3,
      "h30/outcome_miss_final_state_mse": 0.015283909108903673,
      "h30/outcome_miss_state_mse": 0.00705852425436049,
      "h30/outcome_partial_episode_count": 3,
      "h30/outcome_partial_final_state_mse": 0.019520142109565486,
      "h30/outcome_partial_state_mse": 0.004278328735584268,
      "h30/outcome_success_episode_count": 3,
      "h30/outcome_success_final_state_mse": 0.019671644650253596,
      "h30/outcome_success_state_mse": 0.004297320567444778,
      "h30/state_mse": 0.004970667886837895,
      "h40/episode_count": 15,
      "h40/final_state_mse": 0.21345669615502452,
      "h40/outcome_drop_episode_count": 3,
      "h40/outcome_drop_final_state_mse": 0.1610544608309378,
      "h40/outcome_drop_state_mse": 0.02175972851273281,
      "h40/outcome_jam_episode_count": 3,
      "h40/outcome_jam_final_state_mse": 0.18201235540552077,
      "h40/outcome_jam_state_mse": 0.024212077708026164,
      "h40/outcome_miss_episode_count": 3,
      "h40/outcome_miss_final_state_mse": 0.36062632666693795,
      "h40/outcome_miss_state_mse": 0.03837319604711595,
      "h40/outcome_partial_episode_count": 3,
      "h40/outcome_partial_final_state_mse": 0.18249348565643908,
      "h40/outcome_partial_state_mse": 0.0238494545805688,
      "h40/outcome_success_episode_count": 3,
      "h40/outcome_success_final_state_mse": 0.1810968872768427,
      "h40/outcome_success_state_mse": 0.0237327759561975,
      "h40/state_mse": 0.026385446186938315,
      "h50/episode_count": 15,
      "h50/final_state_mse": 1.4862390854779413,
      "h50/outcome_drop_episode_count": 3,
      "h50/outcome_drop_final_state_mse": 1.2122627831752004,
      "h50/outcome_drop_state_mse": 0.13596335317574296,
      "h50/outcome_jam_episode_count": 3,
      "h50/outcome_jam_final_state_mse": 1.278306636934966,
      "h50/outcome_jam_state_mse": 0.1447725123985141,
      "h50/outcome_miss_episode_count": 3,
      "h50/outcome_miss_final_state_mse": 2.587005665099699,
      "h50/outcome_miss_state_mse": 0.29655934452231414,
      "h50/outcome_partial_episode_count": 3,
      "h50/outcome_partial_final_state_mse": 1.1768591201383305,
      "h50/outcome_partial_state_mse": 0.1389146892073887,
      "h50/outcome_success_episode_count": 3,
      "h50/outcome_success_final_state_mse": 1.1767618141922296,
      "h50/outcome_success_state_mse": 0.13855396046357996,
      "h50/state_mse": 0.1709527675653595,
      "h75/episode_count": 15,
      "h75/final_state_mse": 0.9754490272671569,
      "h75/outcome_drop_episode_count": 3,
      "h75/outcome_drop_final_state_mse": 0.7672581080517737,
      "h75/outcome_drop_state_mse": 0.24353431452333538,
      "h75/outcome_jam_episode_count": 3,
      "h75/outcome_jam_final_state_mse": 0.697089157852472,
      "h75/outcome_jam_state_mse": 0.24568888346354167,
      "h75/outcome_miss_episode_count": 3,
      "h75/outcome_miss_final_state_mse": 1.9031809389201644,
      "h75/outcome_miss_state_mse": 0.6042399514059096,
      "h75/outcome_partial_episode_count": 3,
      "h75/outcome_partial_final_state_mse": 0.7507078445035648,
      "h75/outcome_partial_state_mse": 0.24045921840958606,
      "h75/outcome_success_episode_count": 3,
      "h75/outcome_success_final_state_mse": 0.759008949878169,
      "h75/outcome_success_state_mse": 0.24006888994204453,
      "h75/state_mse": 0.31479827069716776,
      "max_requested_horizon": 125,
      "reencode_period": 50,
      "rollout_mode": "periodic_50"
    }
  },
  "split": "test",
  "support_alignment": {
    "contact_phase": {
      "contact_phase_family_ari": 0.0,
      "contact_phase_family_nmi": 0.0,
      "contact_phase_family_purity": 0.9996668887408394,
      "contact_phase_sample_count": 3002.0,
      "h_contact_phase_given_family": 0.0030002889533867266,
      "h_family_given_contact_phase": 0.0,
      "unique_contact_phase_count": 2.0,
      "unique_family_count": 1.0
    },
    "contact_phase_alignment_available": true,
    "evaluated_state_count": 3017,
    "family_count": 1,
    "mean_family_similarity": 0.5810902118682861,
    "mean_support_size": 235.76731852833942,
    "outcome_alignment_available": true,
    "outcome_state": {
      "h_family_given_outcome": 0.0,
      "h_outcome_given_family": 1.6094379124341005,
      "outcome_family_ari": 0.0,
      "outcome_family_nmi": 0.0,
      "outcome_family_purity": 0.2,
      "outcome_sample_count": 15.0,
      "unique_family_count": 1.0,
      "unique_outcome_count": 5.0
    },
    "status": "ok",
    "unassigned_state_fraction": 0.0,
    "validation_state_count": 2346
  },
  "support_threshold": 0.2
}
{
  "best_periodic_rollout": {
    "episode_count": 15,
    "h10/episode_count": 15,
    "h10/final_state_mse": 0.0018671024858561995,
    "h10/outcome_drop_episode_count": 3,
    "h10/outcome_drop_final_state_mse": 0.0012957776220990163,
    "h10/outcome_drop_state_mse": 0.0014450610657922582,
    "h10/outcome_jam_episode_count": 3,
    "h10/outcome_jam_final_state_mse": 0.002026893295883353,
    "h10/outcome_jam_state_mse": 0.0018083551740334703,
    "h10/outcome_miss_episode_count": 3,
    "h10/outcome_miss_final_state_mse": 0.0034595909071903604,
    "h10/outcome_miss_state_mse": 0.009443711767009661,
    "h10/outcome_partial_episode_count": 3,
    "h10/outcome_partial_final_state_mse": 0.0012782035651160222,
    "h10/outcome_partial_state_mse": 0.0013704816695132287,
    "h10/outcome_success_episode_count": 3,
    "h10/outcome_success_final_state_mse": 0.001275046393762227,
    "h10/outcome_success_state_mse": 0.0013687658154107386,
    "h10/selected_mode": "periodic_10",
    "h10/selected_period": 10,
    "h10/state_mse": 0.0030872748879825366,
    "h100/episode_count": 15,
    "h100/final_state_mse": 0.004235107758465935,
    "h100/outcome_drop_episode_count": 3,
    "h100/outcome_drop_final_state_mse": 0.0026161130882945715,
    "h100/outcome_drop_state_mse": 0.002142552737317054,
    "h100/outcome_jam_episode_count": 3,
    "h100/outcome_jam_final_state_mse": 0.004611383198328267,
    "h100/outcome_jam_state_mse": 0.0027331977108724756,
    "h100/outcome_miss_episode_count": 3,
    "h100/outcome_miss_final_state_mse": 0.008880596169654061,
    "h100/outcome_miss_state_mse": 0.003703354106229894,
    "h100/outcome_partial_episode_count": 3,
    "h100/outcome_partial_final_state_mse": 0.0016234336676550847,
    "h100/outcome_partial_state_mse": 0.0018149148716646083,
    "h100/outcome_success_episode_count": 3,
    "h100/outcome_success_final_state_mse": 0.0034440128388358096,
    "h100/outcome_success_state_mse": 0.00223256678363077,
    "h100/selected_mode": "periodic_10",
    "h100/selected_period": 10,
    "h100/state_mse": 0.002525317023782169,
    "h125/episode_count": 15,
    "h125/final_state_mse": 0.008458864922616997,
    "h125/outcome_drop_episode_count": 3,
    "h125/outcome_drop_final_state_mse": 0.006992511889513801,
    "h125/outcome_drop_state_mse": 0.0027485401427823734,
    "h125/outcome_jam_episode_count": 3,
    "h125/outcome_jam_final_state_mse": 0.009916396142026178,
    "h125/outcome_jam_state_mse": 0.0035790524950214462,
    "h125/outcome_miss_episode_count": 3,
    "h125/outcome_miss_final_state_mse": 0.015471272194891974,
    "h125/outcome_miss_state_mse": 0.005630838631025327,
    "h125/outcome_partial_episode_count": 3,
    "h125/outcome_partial_final_state_mse": 0.0016362841904552932,
    "h125/outcome_partial_state_mse": 0.0017951906740275862,
    "h125/outcome_success_episode_count": 3,
    "h125/outcome_success_final_state_mse": 0.008277860488377366,
    "h125/outcome_success_state_mse": 0.0028547096252441407,
    "h125/selected_mode": "periodic_10",
    "h125/selected_period": 10,
    "h125/state_mse": 0.0033216659645629084,
    "h20/episode_count": 15,
    "h20/final_state_mse": 0.001409799133250916,
    "h20/outcome_drop_episode_count": 3,
    "h20/outcome_drop_final_state_mse": 0.0013047498742155001,
    "h20/outcome_drop_state_mse": 0.0014454948551514569,
    "h20/outcome_jam_episode_count": 3,
    "h20/outcome_jam_final_state_mse": 0.001369748434989281,
    "h20/outcome_jam_state_mse": 0.001760839052449644,
    "h20/outcome_miss_episode_count": 3,
    "h20/outcome_miss_final_state_mse": 0.002013629411949831,
    "h20/outcome_miss_state_mse": 0.006273146236644072,
    "h20/outcome_partial_episode_count": 3,
    "h20/outcome_partial_final_state_mse": 0.0011529302821050283,
    "h20/outcome_partial_state_mse": 0.0013592655752219405,
    "h20/outcome_success_episode_count": 3,
    "h20/outcome_success_final_state_mse": 0.0012079375290792753,
    "h20/outcome_success_state_mse": 0.0013737495428596447,
    "h20/selected_mode": "periodic_10",
    "h20/selected_period": 10,
    "h20/state_mse": 0.002442499048569623,
    "h30/episode_count": 15,
    "h30/final_state_mse": 0.0013497717240277458,
    "h30/outcome_drop_episode_count": 3,
    "h30/outcome_drop_final_state_mse": 0.0013148025213892943,
    "h30/outcome_drop_state_mse": 0.0014984536534560792,
    "h30/outcome_jam_episode_count": 3,
    "h30/outcome_jam_final_state_mse": 0.0015031353515737196,
    "h30/outcome_jam_state_mse": 0.0017882558774844233,
    "h30/outcome_miss_episode_count": 3,
    "h30/outcome_miss_final_state_mse": 0.0014159645081735124,
    "h30/outcome_miss_state_mse": 0.00476197188716049,
    "h30/outcome_partial_episode_count": 3,
    "h30/outcome_partial_final_state_mse": 0.0012340734231900546,
    "h30/outcome_partial_state_mse": 0.001419726799775832,
    "h30/outcome_success_episode_count": 3,
    "h30/outcome_success_final_state_mse": 0.0012808826940706353,
    "h30/outcome_success_state_mse": 0.001431162243055622,
    "h30/selected_mode": "periodic_10",
    "h30/selected_period": 10,
    "h30/state_mse": 0.002179914154518144,
    "h40/episode_count": 15,
    "h40/final_state_mse": 0.0016481552248686748,
    "h40/outcome_drop_episode_count": 3,
    "h40/outcome_drop_final_state_mse": 0.001520521305744944,
    "h40/outcome_drop_state_mse": 0.0016620078897164538,
    "h40/outcome_jam_episode_count": 3,
    "h40/outcome_jam_final_state_mse": 0.001647428627692017,
    "h40/outcome_jam_state_mse": 0.0018966800247142517,
    "h40/outcome_miss_episode_count": 3,
    "h40/outcome_miss_final_state_mse": 0.001998577364324744,
    "h40/outcome_miss_state_mse": 0.004086917521906834,
    "h40/outcome_partial_episode_count": 3,
    "h40/outcome_partial_final_state_mse": 0.0015038383601148145,
    "h40/outcome_partial_state_mse": 0.0015235477218440935,
    "h40/outcome_success_episode_count": 3,
    "h40/outcome_success_final_state_mse": 0.0015704103690736433,
    "h40/outcome_success_state_mse": 0.0015392828026628183,
    "h40/selected_mode": "periodic_10",
    "h40/selected_period": 10,
    "h40/state_mse": 0.0021416872311261744,
    "h50/episode_count": 15,
    "h50/final_state_mse": 0.0018701093648773393,
    "h50/outcome_drop_episode_count": 3,
    "h50/outcome_drop_final_state_mse": 0.0015622271967479606,
    "h50/outcome_drop_state_mse": 0.0017636930241304285,
    "h50/outcome_jam_episode_count": 3,
    "h50/outcome_jam_final_state_mse": 0.002308418353398641,
    "h50/outcome_jam_state_mse": 0.002080984427258859,
    "h50/outcome_miss_episode_count": 3,
    "h50/outcome_miss_final_state_mse": 0.0019154092236087212,
    "h50/outcome_miss_state_mse": 0.0037017763673869615,
    "h50/outcome_partial_episode_count": 3,
    "h50/outcome_partial_final_state_mse": 0.0017704047213972004,
    "h50/outcome_partial_state_mse": 0.001676570231618445,
    "h50/outcome_success_episode_count": 3,
    "h50/outcome_success_final_state_mse": 0.0017940867692232132,
    "h50/outcome_success_state_mse": 0.001696980389115078,
    "h50/selected_mode": "periodic_10",
    "h50/selected_period": 10,
    "h50/state_mse": 0.0021840008505029616,
    "h75/episode_count": 15,
    "h75/final_state_mse": 0.003496742248535156,
    "h75/outcome_drop_episode_count": 3,
    "h75/outcome_drop_final_state_mse": 0.0025227502037107555,
    "h75/outcome_drop_state_mse": 0.0018713978536767898,
    "h75/outcome_jam_episode_count": 3,
    "h75/outcome_jam_final_state_mse": 0.003718741432903639,
    "h75/outcome_jam_state_mse": 0.0023474817546104815,
    "h75/outcome_miss_episode_count": 3,
    "h75/outcome_miss_final_state_mse": 0.004770944491515752,
    "h75/outcome_miss_state_mse": 0.0032929567158352054,
    "h75/outcome_partial_episode_count": 3,
    "h75/outcome_partial_final_state_mse": 0.002939020301781449,
    "h75/outcome_partial_state_mse": 0.0018386454571825746,
    "h75/outcome_success_episode_count": 3,
    "h75/outcome_success_final_state_mse": 0.0035322551049438177,
    "h75/outcome_success_state_mse": 0.0018823560494483167,
    "h75/selected_mode": "periodic_10",
    "h75/selected_period": 10,
    "h75/state_mse": 0.002246567670036765,
    "max_requested_horizon": 125,
    "periodic_reencode_periods": [
      1,
      2,
      5,
      10,
      20,
      50,
      100
    ],
    "rollout_mode": "best_periodic"
  },
  "checkpoint": "runs/maniskill_insertion/perturbation_e20_5k_lista_refine_20260604_143125/lista_relu_a0p005_sp1em3_loops2/seed0/checkpoint.pt",
  "checkpoint_step": 2500,
  "dataset": "data/maniskill/perturbation_assessment_seed0_e20/all_setups.npz",
  "device": "cuda",
  "family_jaccard": 0.4,
  "horizons": [
    10,
    20,
    30,
    40,
    50,
    75,
    100,
    125
  ],
  "labels_used_for_training": false,
  "periodic_reencode_periods": [
    1,
    2,
    5,
    10,
    20,
    50,
    100
  ],
  "rollout": {
    "episode_count": 15,
    "h10/episode_count": 15,
    "h10/final_state_mse": 0.001867102797514473,
    "h10/outcome_drop_episode_count": 3,
    "h10/outcome_drop_final_state_mse": 0.0012957778655820424,
    "h10/outcome_drop_state_mse": 0.0014450610657922582,
    "h10/outcome_jam_episode_count": 3,
    "h10/outcome_jam_final_state_mse": 0.002026893247186748,
    "h10/outcome_jam_state_mse": 0.0018083552909053228,
    "h10/outcome_miss_episode_count": 3,
    "h10/outcome_miss_final_state_mse": 0.003459592660268148,
    "h10/outcome_miss_state_mse": 0.009443711922838797,
    "h10/outcome_partial_episode_count": 3,
    "h10/outcome_partial_final_state_mse": 0.0012782031390207267,
    "h10/outcome_partial_state_mse": 0.0013704812215044608,
    "h10/outcome_success_episode_count": 3,
    "h10/outcome_success_final_state_mse": 0.001275046673767707,
    "h10/outcome_success_state_mse": 0.001368766127069012,
    "h10/state_mse": 0.003087275386635774,
    "h100/episode_count": 15,
    "h100/final_state_mse": 64667.28366013072,
    "h100/outcome_drop_episode_count": 3,
    "h100/outcome_drop_final_state_mse": 69259.81045751635,
    "h100/outcome_drop_state_mse": 3230.8735294117646,
    "h100/outcome_jam_episode_count": 3,
    "h100/outcome_jam_final_state_mse": 65584.81045751635,
    "h100/outcome_jam_state_mse": 3030.132156862745,
    "h100/outcome_miss_episode_count": 3,
    "h100/outcome_miss_final_state_mse": 45950.180147058825,
    "h100/outcome_miss_state_mse": 2297.3366666666666,
    "h100/outcome_partial_episode_count": 3,
    "h100/outcome_partial_final_state_mse": 71771.15359477124,
    "h100/outcome_partial_state_mse": 3330.1491503267976,
    "h100/outcome_success_episode_count": 3,
    "h100/outcome_success_final_state_mse": 70770.46405228759,
    "h100/outcome_success_state_mse": 3276.086209150327,
    "h100/state_mse": 3032.915450980392,
    "h125/episode_count": 15,
    "h125/final_state_mse": 25567895.926797386,
    "h125/outcome_drop_episode_count": 3,
    "h125/outcome_drop_final_state_mse": 27741246.326797385,
    "h125/outcome_drop_state_mse": 1020096.5521568628,
    "h125/outcome_jam_episode_count": 3,
    "h125/outcome_jam_final_state_mse": 28979627.08496732,
    "h125/outcome_jam_state_mse": 1050738.6813071896,
    "h125/outcome_miss_episode_count": 3,
    "h125/outcome_miss_final_state_mse": 16696283.450980391,
    "h125/outcome_miss_state_mse": 606446.3008627451,
    "h125/outcome_partial_episode_count": 3,
    "h125/outcome_partial_final_state_mse": 26883537.150326796,
    "h125/outcome_partial_state_mse": 1002048.0568888889,
    "h125/outcome_success_episode_count": 3,
    "h125/outcome_success_final_state_mse": 27538773.333333332,
    "h125/outcome_success_state_mse": 1020789.2446535948,
    "h125/state_mse": 940023.7972915033,
    "h20/episode_count": 15,
    "h20/final_state_mse": 0.004259361940271714,
    "h20/outcome_drop_episode_count": 3,
    "h20/outcome_drop_final_state_mse": 0.004180010140331742,
    "h20/outcome_drop_state_mse": 0.0018953663071775747,
    "h20/outcome_jam_episode_count": 3,
    "h20/outcome_jam_final_state_mse": 0.004558941799830767,
    "h20/outcome_jam_state_mse": 0.0022265613468643885,
    "h20/outcome_miss_episode_count": 3,
    "h20/outcome_miss_final_state_mse": 0.004146756105173647,
    "h20/outcome_miss_state_mse": 0.006203825645197451,
    "h20/outcome_partial_episode_count": 3,
    "h20/outcome_partial_final_state_mse": 0.004130667623351602,
    "h20/outcome_partial_state_mse": 0.0018169804336198795,
    "h20/outcome_success_episode_count": 3,
    "h20/outcome_success_final_state_mse": 0.0042804337404911815,
    "h20/outcome_success_state_mse": 0.0018283881393133426,
    "h20/state_mse": 0.0027942243588516135,
    "h30/episode_count": 15,
    "h30/final_state_mse": 0.02282163083942887,
    "h30/outcome_drop_episode_count": 3,
    "h30/outcome_drop_final_state_mse": 0.02342945064594543,
    "h30/outcome_drop_state_mse": 0.005173419191946391,
    "h30/outcome_jam_episode_count": 3,
    "h30/outcome_jam_final_state_mse": 0.02384009859920327,
    "h30/outcome_jam_state_mse": 0.005573966248622387,
    "h30/outcome_miss_episode_count": 3,
    "h30/outcome_miss_final_state_mse": 0.018393988702811448,
    "h30/outcome_miss_state_mse": 0.007211883395325904,
    "h30/outcome_partial_episode_count": 3,
    "h30/outcome_partial_final_state_mse": 0.024149546436235018,
    "h30/outcome_partial_state_mse": 0.0050826743797019675,
    "h30/outcome_success_episode_count": 3,
    "h30/outcome_success_final_state_mse": 0.024295064358929405,
    "h30/outcome_success_state_mse": 0.005096736608767042,
    "h30/state_mse": 0.0056277359440955205,
    "h40/episode_count": 15,
    "h40/final_state_mse": 0.17305401571435866,
    "h40/outcome_drop_episode_count": 3,
    "h40/outcome_drop_final_state_mse": 0.1377955628376381,
    "h40/outcome_drop_state_mse": 0.022179534388523475,
    "h40/outcome_jam_episode_count": 3,
    "h40/outcome_jam_final_state_mse": 0.1539521092682882,
    "h40/outcome_jam_state_mse": 0.023972886528065004,
    "h40/outcome_miss_episode_count": 3,
    "h40/outcome_miss_final_state_mse": 0.26016590018677554,
    "h40/outcome_miss_state_mse": 0.030689510644650926,
    "h40/outcome_partial_episode_count": 3,
    "h40/outcome_partial_final_state_mse": 0.15652535631765727,
    "h40/outcome_partial_state_mse": 0.023957773906732698,
    "h40/outcome_success_episode_count": 3,
    "h40/outcome_success_final_state_mse": 0.15683114139083165,
    "h40/outcome_success_state_mse": 0.023948011211320466,
    "h40/state_mse": 0.024949544270833332,
    "h50/episode_count": 15,
    "h50/final_state_mse": 0.9445046817555147,
    "h50/outcome_drop_episode_count": 3,
    "h50/outcome_drop_final_state_mse": 0.8016416886273552,
    "h50/outcome_drop_state_mse": 0.10029016432419322,
    "h50/outcome_jam_episode_count": 3,
    "h50/outcome_jam_final_state_mse": 0.8348849053476372,
    "h50/outcome_jam_state_mse": 0.10669514674766391,
    "h50/outcome_miss_episode_count": 3,
    "h50/outcome_miss_final_state_mse": 1.5617321612788182,
    "h50/outcome_miss_state_mse": 0.19797431696474163,
    "h50/outcome_partial_episode_count": 3,
    "h50/outcome_partial_final_state_mse": 0.7591268689024682,
    "h50/outcome_partial_state_mse": 0.10233870662115757,
    "h50/outcome_success_episode_count": 3,
    "h50/outcome_success_final_state_mse": 0.7651375041288488,
    "h50/outcome_success_state_mse": 0.10279763714160794,
    "h50/state_mse": 0.12201919934640523,
    "h75/episode_count": 15,
    "h75/final_state_mse": 137.69580269607843,
    "h75/outcome_drop_episode_count": 3,
    "h75/outcome_drop_final_state_mse": 140.95729214537377,
    "h75/outcome_drop_state_mse": 8.334045819716776,
    "h75/outcome_jam_episode_count": 3,
    "h75/outcome_jam_final_state_mse": 134.78933137382558,
    "h75/outcome_jam_state_mse": 7.98060474537037,
    "h75/outcome_miss_episode_count": 3,
    "h75/outcome_miss_final_state_mse": 128.60349328533496,
    "h75/outcome_miss_state_mse": 8.472553444989106,
    "h75/outcome_partial_episode_count": 3,
    "h75/outcome_partial_final_state_mse": 143.50147042866627,
    "h75/outcome_partial_state_mse": 8.57324874046841,
    "h75/outcome_success_episode_count": 3,
    "h75/outcome_success_final_state_mse": 140.6274613523795,
    "h75/outcome_success_state_mse": 8.384468188316994,
    "h75/state_mse": 8.348984749455338,
    "max_requested_horizon": 125,
    "reencode_period": null,
    "rollout_mode": "no_reencode"
  },
  "rollout_modes": {
    "no_reencode": {
      "episode_count": 15,
      "h10/episode_count": 15,
      "h10/final_state_mse": 0.001867102797514473,
      "h10/outcome_drop_episode_count": 3,
      "h10/outcome_drop_final_state_mse": 0.0012957778655820424,
      "h10/outcome_drop_state_mse": 0.0014450610657922582,
      "h10/outcome_jam_episode_count": 3,
      "h10/outcome_jam_final_state_mse": 0.002026893247186748,
      "h10/outcome_jam_state_mse": 0.0018083552909053228,
      "h10/outcome_miss_episode_count": 3,
      "h10/outcome_miss_final_state_mse": 0.003459592660268148,
      "h10/outcome_miss_state_mse": 0.009443711922838797,
      "h10/outcome_partial_episode_count": 3,
      "h10/outcome_partial_final_state_mse": 0.0012782031390207267,
      "h10/outcome_partial_state_mse": 0.0013704812215044608,
      "h10/outcome_success_episode_count": 3,
      "h10/outcome_success_final_state_mse": 0.001275046673767707,
      "h10/outcome_success_state_mse": 0.001368766127069012,
      "h10/state_mse": 0.003087275386635774,
      "h100/episode_count": 15,
      "h100/final_state_mse": 64667.28366013072,
      "h100/outcome_drop_episode_count": 3,
      "h100/outcome_drop_final_state_mse": 69259.81045751635,
      "h100/outcome_drop_state_mse": 3230.8735294117646,
      "h100/outcome_jam_episode_count": 3,
      "h100/outcome_jam_final_state_mse": 65584.81045751635,
      "h100/outcome_jam_state_mse": 3030.132156862745,
      "h100/outcome_miss_episode_count": 3,
      "h100/outcome_miss_final_state_mse": 45950.180147058825,
      "h100/outcome_miss_state_mse": 2297.3366666666666,
      "h100/outcome_partial_episode_count": 3,
      "h100/outcome_partial_final_state_mse": 71771.15359477124,
      "h100/outcome_partial_state_mse": 3330.1491503267976,
      "h100/outcome_success_episode_count": 3,
      "h100/outcome_success_final_state_mse": 70770.46405228759,
      "h100/outcome_success_state_mse": 3276.086209150327,
      "h100/state_mse": 3032.915450980392,
      "h125/episode_count": 15,
      "h125/final_state_mse": 25567895.926797386,
      "h125/outcome_drop_episode_count": 3,
      "h125/outcome_drop_final_state_mse": 27741246.326797385,
      "h125/outcome_drop_state_mse": 1020096.5521568628,
      "h125/outcome_jam_episode_count": 3,
      "h125/outcome_jam_final_state_mse": 28979627.08496732,
      "h125/outcome_jam_state_mse": 1050738.6813071896,
      "h125/outcome_miss_episode_count": 3,
      "h125/outcome_miss_final_state_mse": 16696283.450980391,
      "h125/outcome_miss_state_mse": 606446.3008627451,
      "h125/outcome_partial_episode_count": 3,
      "h125/outcome_partial_final_state_mse": 26883537.150326796,
      "h125/outcome_partial_state_mse": 1002048.0568888889,
      "h125/outcome_success_episode_count": 3,
      "h125/outcome_success_final_state_mse": 27538773.333333332,
      "h125/outcome_success_state_mse": 1020789.2446535948,
      "h125/state_mse": 940023.7972915033,
      "h20/episode_count": 15,
      "h20/final_state_mse": 0.004259361940271714,
      "h20/outcome_drop_episode_count": 3,
      "h20/outcome_drop_final_state_mse": 0.004180010140331742,
      "h20/outcome_drop_state_mse": 0.0018953663071775747,
      "h20/outcome_jam_episode_count": 3,
      "h20/outcome_jam_final_state_mse": 0.004558941799830767,
      "h20/outcome_jam_state_mse": 0.0022265613468643885,
      "h20/outcome_miss_episode_count": 3,
      "h20/outcome_miss_final_state_mse": 0.004146756105173647,
      "h20/outcome_miss_state_mse": 0.006203825645197451,
      "h20/outcome_partial_episode_count": 3,
      "h20/outcome_partial_final_state_mse": 0.004130667623351602,
      "h20/outcome_partial_state_mse": 0.0018169804336198795,
      "h20/outcome_success_episode_count": 3,
      "h20/outcome_success_final_state_mse": 0.0042804337404911815,
      "h20/outcome_success_state_mse": 0.0018283881393133426,
      "h20/state_mse": 0.0027942243588516135,
      "h30/episode_count": 15,
      "h30/final_state_mse": 0.02282163083942887,
      "h30/outcome_drop_episode_count": 3,
      "h30/outcome_drop_final_state_mse": 0.02342945064594543,
      "h30/outcome_drop_state_mse": 0.005173419191946391,
      "h30/outcome_jam_episode_count": 3,
      "h30/outcome_jam_final_state_mse": 0.02384009859920327,
      "h30/outcome_jam_state_mse": 0.005573966248622387,
      "h30/outcome_miss_episode_count": 3,
      "h30/outcome_miss_final_state_mse": 0.018393988702811448,
      "h30/outcome_miss_state_mse": 0.007211883395325904,
      "h30/outcome_partial_episode_count": 3,
      "h30/outcome_partial_final_state_mse": 0.024149546436235018,
      "h30/outcome_partial_state_mse": 0.0050826743797019675,
      "h30/outcome_success_episode_count": 3,
      "h30/outcome_success_final_state_mse": 0.024295064358929405,
      "h30/outcome_success_state_mse": 0.005096736608767042,
      "h30/state_mse": 0.0056277359440955205,
      "h40/episode_count": 15,
      "h40/final_state_mse": 0.17305401571435866,
      "h40/outcome_drop_episode_count": 3,
      "h40/outcome_drop_final_state_mse": 0.1377955628376381,
      "h40/outcome_drop_state_mse": 0.022179534388523475,
      "h40/outcome_jam_episode_count": 3,
      "h40/outcome_jam_final_state_mse": 0.1539521092682882,
      "h40/outcome_jam_state_mse": 0.023972886528065004,
      "h40/outcome_miss_episode_count": 3,
      "h40/outcome_miss_final_state_mse": 0.26016590018677554,
      "h40/outcome_miss_state_mse": 0.030689510644650926,
      "h40/outcome_partial_episode_count": 3,
      "h40/outcome_partial_final_state_mse": 0.15652535631765727,
      "h40/outcome_partial_state_mse": 0.023957773906732698,
      "h40/outcome_success_episode_count": 3,
      "h40/outcome_success_final_state_mse": 0.15683114139083165,
      "h40/outcome_success_state_mse": 0.023948011211320466,
      "h40/state_mse": 0.024949544270833332,
      "h50/episode_count": 15,
      "h50/final_state_mse": 0.9445046817555147,
      "h50/outcome_drop_episode_count": 3,
      "h50/outcome_drop_final_state_mse": 0.8016416886273552,
      "h50/outcome_drop_state_mse": 0.10029016432419322,
      "h50/outcome_jam_episode_count": 3,
      "h50/outcome_jam_final_state_mse": 0.8348849053476372,
      "h50/outcome_jam_state_mse": 0.10669514674766391,
      "h50/outcome_miss_episode_count": 3,
      "h50/outcome_miss_final_state_mse": 1.5617321612788182,
      "h50/outcome_miss_state_mse": 0.19797431696474163,
      "h50/outcome_partial_episode_count": 3,
      "h50/outcome_partial_final_state_mse": 0.7591268689024682,
      "h50/outcome_partial_state_mse": 0.10233870662115757,
      "h50/outcome_success_episode_count": 3,
      "h50/outcome_success_final_state_mse": 0.7651375041288488,
      "h50/outcome_success_state_mse": 0.10279763714160794,
      "h50/state_mse": 0.12201919934640523,
      "h75/episode_count": 15,
      "h75/final_state_mse": 137.69580269607843,
      "h75/outcome_drop_episode_count": 3,
      "h75/outcome_drop_final_state_mse": 140.95729214537377,
      "h75/outcome_drop_state_mse": 8.334045819716776,
      "h75/outcome_jam_episode_count": 3,
      "h75/outcome_jam_final_state_mse": 134.78933137382558,
      "h75/outcome_jam_state_mse": 7.98060474537037,
      "h75/outcome_miss_episode_count": 3,
      "h75/outcome_miss_final_state_mse": 128.60349328533496,
      "h75/outcome_miss_state_mse": 8.472553444989106,
      "h75/outcome_partial_episode_count": 3,
      "h75/outcome_partial_final_state_mse": 143.50147042866627,
      "h75/outcome_partial_state_mse": 8.57324874046841,
      "h75/outcome_success_episode_count": 3,
      "h75/outcome_success_final_state_mse": 140.6274613523795,
      "h75/outcome_success_state_mse": 8.384468188316994,
      "h75/state_mse": 8.348984749455338,
      "max_requested_horizon": 125,
      "reencode_period": null,
      "rollout_mode": "no_reencode"
    },
    "periodic_1": {
      "episode_count": 15,
      "h10/episode_count": 15,
      "h10/final_state_mse": 0.0042918292525547,
      "h10/outcome_drop_episode_count": 3,
      "h10/outcome_drop_final_state_mse": 0.003477278244651221,
      "h10/outcome_drop_state_mse": 0.002899290066139371,
      "h10/outcome_jam_episode_count": 3,
      "h10/outcome_jam_final_state_mse": 0.003671637352775125,
      "h10/outcome_jam_state_mse": 0.0032082902839760375,
      "h10/outcome_miss_episode_count": 3,
      "h10/outcome_miss_final_state_mse": 0.007530883636349946,
      "h10/outcome_miss_state_mse": 0.011879851459677702,
      "h10/outcome_partial_episode_count": 3,
      "h10/outcome_partial_final_state_mse": 0.0033553393642886792,
      "h10/outcome_partial_state_mse": 0.002804944873635286,
      "h10/outcome_success_episode_count": 3,
      "h10/outcome_success_final_state_mse": 0.003424008054281372,
      "h10/outcome_success_state_mse": 0.0028210164674746445,
      "h10/state_mse": 0.004722678489934385,
      "h100/episode_count": 15,
      "h100/final_state_mse": 0.007777136135724635,
      "h100/outcome_drop_episode_count": 3,
      "h100/outcome_drop_final_state_mse": 0.00884178660663904,
      "h100/outcome_drop_state_mse": 0.006167211844251046,
      "h100/outcome_jam_episode_count": 3,
      "h100/outcome_jam_final_state_mse": 0.005732779847640617,
      "h100/outcome_jam_state_mse": 0.005454915239920024,
      "h100/outcome_miss_episode_count": 3,
      "h100/outcome_miss_final_state_mse": 0.013184761105020062,
      "h100/outcome_miss_state_mse": 0.007151095695744932,
      "h100/outcome_partial_episode_count": 3,
      "h100/outcome_partial_final_state_mse": 0.0060855152170642525,
      "h100/outcome_partial_state_mse": 0.004572008294996872,
      "h100/outcome_success_episode_count": 3,
      "h100/outcome_success_final_state_mse": 0.005040836295271232,
      "h100/outcome_success_state_mse": 0.004793524897955602,
      "h100/state_mse": 0.005627750970179739,
      "h125/episode_count": 15,
      "h125/final_state_mse": 0.008876477035821654,
      "h125/outcome_drop_episode_count": 3,
      "h125/outcome_drop_final_state_mse": 0.009586959005960452,
      "h125/outcome_drop_state_mse": 0.006958056879978554,
      "h125/outcome_jam_episode_count": 3,
      "h125/outcome_jam_final_state_mse": 0.008964426182453928,
      "h125/outcome_jam_state_mse": 0.0059113053465201185,
      "h125/outcome_miss_episode_count": 3,
      "h125/outcome_miss_final_state_mse": 0.006306917059655283,
      "h125/outcome_miss_state_mse": 0.007622532264859068,
      "h125/outcome_partial_episode_count": 3,
      "h125/outcome_partial_final_state_mse": 0.003966246847233741,
      "h125/outcome_partial_state_mse": 0.004669414046543097,
      "h125/outcome_success_episode_count": 3,
      "h125/outcome_success_final_state_mse": 0.015557834233333862,
      "h125/outcome_success_state_mse": 0.005753063127106312,
      "h125/state_mse": 0.006182873774509804,
      "h20/episode_count": 15,
      "h20/final_state_mse": 0.003339053135292203,
      "h20/outcome_drop_episode_count": 3,
      "h20/outcome_drop_final_state_mse": 0.003219848608269411,
      "h20/outcome_drop_state_mse": 0.0031577033544677533,
      "h20/outcome_jam_episode_count": 3,
      "h20/outcome_jam_final_state_mse": 0.0030139106161454145,
      "h20/outcome_jam_state_mse": 0.0035186724725112415,
      "h20/outcome_miss_episode_count": 3,
      "h20/outcome_miss_final_state_mse": 0.004516408529156953,
      "h20/outcome_miss_state_mse": 0.008885290575962441,
      "h20/outcome_partial_episode_count": 3,
      "h20/outcome_partial_final_state_mse": 0.0029755306058849382,
      "h20/outcome_partial_state_mse": 0.0030911225119447396,
      "h20/outcome_success_episode_count": 3,
      "h20/outcome_success_final_state_mse": 0.0029695670735212713,
      "h20/outcome_success_state_mse": 0.003125598890329498,
      "h20/state_mse": 0.004355677685706444,
      "h30/episode_count": 15,
      "h30/final_state_mse": 0.0036913803200316585,
      "h30/outcome_drop_episode_count": 3,
      "h30/outcome_drop_final_state_mse": 0.0034817131418807836,
      "h30/outcome_drop_state_mse": 0.003192611353589559,
      "h30/outcome_jam_episode_count": 3,
      "h30/outcome_jam_final_state_mse": 0.003320799300483629,
      "h30/outcome_jam_state_mse": 0.0035134848945800514,
      "h30/outcome_miss_episode_count": 3,
      "h30/outcome_miss_final_state_mse": 0.004833807060921114,
      "h30/outcome_miss_state_mse": 0.007343681809169794,
      "h30/outcome_partial_episode_count": 3,
      "h30/outcome_partial_final_state_mse": 0.003318947222497728,
      "h30/outcome_partial_state_mse": 0.003102000138858305,
      "h30/outcome_success_episode_count": 3,
      "h30/outcome_success_final_state_mse": 0.003501633705656513,
      "h30/outcome_success_state_mse": 0.0031405951202824745,
      "h30/state_mse": 0.004058474871068219,
      "h40/episode_count": 15,
      "h40/final_state_mse": 0.005469504213021472,
      "h40/outcome_drop_episode_count": 3,
      "h40/outcome_drop_final_state_mse": 0.005125898551317601,
      "h40/outcome_drop_state_mse": 0.0034528348960128487,
      "h40/outcome_jam_episode_count": 3,
      "h40/outcome_jam_final_state_mse": 0.005070958164782306,
      "h40/outcome_jam_state_mse": 0.003756123820161508,
      "h40/outcome_miss_episode_count": 3,
      "h40/outcome_miss_final_state_mse": 0.006347241744496464,
      "h40/outcome_miss_state_mse": 0.006941030228060055,
      "h40/outcome_partial_episode_count": 3,
      "h40/outcome_partial_final_state_mse": 0.005383583844876757,
      "h40/outcome_partial_state_mse": 0.003330825902278127,
      "h40/outcome_success_episode_count": 3,
      "h40/outcome_success_final_state_mse": 0.005419839343993493,
      "h40/outcome_success_state_mse": 0.0033727550039104387,
      "h40/state_mse": 0.004170713985667509,
      "h50/episode_count": 15,
      "h50/final_state_mse": 0.007613787931554458,
      "h50/outcome_drop_episode_count": 3,
      "h50/outcome_drop_final_state_mse": 0.009803517678983851,
      "h50/outcome_drop_state_mse": 0.004191662283504711,
      "h50/outcome_jam_episode_count": 3,
      "h50/outcome_jam_final_state_mse": 0.006854192883360619,
      "h50/outcome_jam_state_mse": 0.004426372129153582,
      "h50/outcome_miss_episode_count": 3,
      "h50/outcome_miss_final_state_mse": 0.0062198929147782665,
      "h50/outcome_miss_state_mse": 0.006914203244876238,
      "h50/outcome_partial_episode_count": 3,
      "h50/outcome_partial_final_state_mse": 0.00749379250348783,
      "h50/outcome_partial_state_mse": 0.004018717061460408,
      "h50/outcome_success_episode_count": 3,
      "h50/outcome_success_final_state_mse": 0.007697543092802459,
      "h50/outcome_success_state_mse": 0.004073865803238613,
      "h50/state_mse": 0.004724964017182393,
      "h75/episode_count": 15,
      "h75/final_state_mse": 0.006616528828938802,
      "h75/outcome_drop_episode_count": 3,
      "h75/outcome_drop_final_state_mse": 0.008276472294252683,
      "h75/outcome_drop_state_mse": 0.00581580417608124,
      "h75/outcome_jam_episode_count": 3,
      "h75/outcome_jam_final_state_mse": 0.006264832430805256,
      "h75/outcome_jam_state_mse": 0.005238272639920769,
      "h75/outcome_miss_episode_count": 3,
      "h75/outcome_miss_final_state_mse": 0.008611188312761144,
      "h75/outcome_miss_state_mse": 0.006771171087792756,
      "h75/outcome_partial_episode_count": 3,
      "h75/outcome_partial_final_state_mse": 0.0042117174739152,
      "h75/outcome_partial_state_mse": 0.004566713220932905,
      "h75/outcome_success_episode_count": 3,
      "h75/outcome_success_final_state_mse": 0.005718434947768068,
      "h75/outcome_success_state_mse": 0.004659924060430922,
      "h75/state_mse": 0.005410376987166394,
      "max_requested_horizon": 125,
      "reencode_period": 1,
      "rollout_mode": "periodic_1"
    },
    "periodic_10": {
      "episode_count": 15,
      "h10/episode_count": 15,
      "h10/final_state_mse": 0.0018671024858561995,
      "h10/outcome_drop_episode_count": 3,
      "h10/outcome_drop_final_state_mse": 0.0012957776220990163,
      "h10/outcome_drop_state_mse": 0.0014450610657922582,
      "h10/outcome_jam_episode_count": 3,
      "h10/outcome_jam_final_state_mse": 0.002026893295883353,
      "h10/outcome_jam_state_mse": 0.0018083551740334703,
      "h10/outcome_miss_episode_count": 3,
      "h10/outcome_miss_final_state_mse": 0.0034595909071903604,
      "h10/outcome_miss_state_mse": 0.009443711767009661,
      "h10/outcome_partial_episode_count": 3,
      "h10/outcome_partial_final_state_mse": 0.0012782035651160222,
      "h10/outcome_partial_state_mse": 0.0013704816695132287,
      "h10/outcome_success_episode_count": 3,
      "h10/outcome_success_final_state_mse": 0.001275046393762227,
      "h10/outcome_success_state_mse": 0.0013687658154107386,
      "h10/state_mse": 0.0030872748879825366,
      "h100/episode_count": 15,
      "h100/final_state_mse": 0.004235107758465935,
      "h100/outcome_drop_episode_count": 3,
      "h100/outcome_drop_final_state_mse": 0.0026161130882945715,
      "h100/outcome_drop_state_mse": 0.002142552737317054,
      "h100/outcome_jam_episode_count": 3,
      "h100/outcome_jam_final_state_mse": 0.004611383198328267,
      "h100/outcome_jam_state_mse": 0.0027331977108724756,
      "h100/outcome_miss_episode_count": 3,
      "h100/outcome_miss_final_state_mse": 0.008880596169654061,
      "h100/outcome_miss_state_mse": 0.003703354106229894,
      "h100/outcome_partial_episode_count": 3,
      "h100/outcome_partial_final_state_mse": 0.0016234336676550847,
      "h100/outcome_partial_state_mse": 0.0018149148716646083,
      "h100/outcome_success_episode_count": 3,
      "h100/outcome_success_final_state_mse": 0.0034440128388358096,
      "h100/outcome_success_state_mse": 0.00223256678363077,
      "h100/state_mse": 0.002525317023782169,
      "h125/episode_count": 15,
      "h125/final_state_mse": 0.008458864922616997,
      "h125/outcome_drop_episode_count": 3,
      "h125/outcome_drop_final_state_mse": 0.006992511889513801,
      "h125/outcome_drop_state_mse": 0.0027485401427823734,
      "h125/outcome_jam_episode_count": 3,
      "h125/outcome_jam_final_state_mse": 0.009916396142026178,
      "h125/outcome_jam_state_mse": 0.0035790524950214462,
      "h125/outcome_miss_episode_count": 3,
      "h125/outcome_miss_final_state_mse": 0.015471272194891974,
      "h125/outcome_miss_state_mse": 0.005630838631025327,
      "h125/outcome_partial_episode_count": 3,
      "h125/outcome_partial_final_state_mse": 0.0016362841904552932,
      "h125/outcome_partial_state_mse": 0.0017951906740275862,
      "h125/outcome_success_episode_count": 3,
      "h125/outcome_success_final_state_mse": 0.008277860488377366,
      "h125/outcome_success_state_mse": 0.0028547096252441407,
      "h125/state_mse": 0.0033216659645629084,
      "h20/episode_count": 15,
      "h20/final_state_mse": 0.001409799133250916,
      "h20/outcome_drop_episode_count": 3,
      "h20/outcome_drop_final_state_mse": 0.0013047498742155001,
      "h20/outcome_drop_state_mse": 0.0014454948551514569,
      "h20/outcome_jam_episode_count": 3,
      "h20/outcome_jam_final_state_mse": 0.001369748434989281,
      "h20/outcome_jam_state_mse": 0.001760839052449644,
      "h20/outcome_miss_episode_count": 3,
      "h20/outcome_miss_final_state_mse": 0.002013629411949831,
      "h20/outcome_miss_state_mse": 0.006273146236644072,
      "h20/outcome_partial_episode_count": 3,
      "h20/outcome_partial_final_state_mse": 0.0011529302821050283,
      "h20/outcome_partial_state_mse": 0.0013592655752219405,
      "h20/outcome_success_episode_count": 3,
      "h20/outcome_success_final_state_mse": 0.0012079375290792753,
      "h20/outcome_success_state_mse": 0.0013737495428596447,
      "h20/state_mse": 0.002442499048569623,
      "h30/episode_count": 15,
      "h30/final_state_mse": 0.0013497717240277458,
      "h30/outcome_drop_episode_count": 3,
      "h30/outcome_drop_final_state_mse": 0.0013148025213892943,
      "h30/outcome_drop_state_mse": 0.0014984536534560792,
      "h30/outcome_jam_episode_count": 3,
      "h30/outcome_jam_final_state_mse": 0.0015031353515737196,
      "h30/outcome_jam_state_mse": 0.0017882558774844233,
      "h30/outcome_miss_episode_count": 3,
      "h30/outcome_miss_final_state_mse": 0.0014159645081735124,
      "h30/outcome_miss_state_mse": 0.00476197188716049,
      "h30/outcome_partial_episode_count": 3,
      "h30/outcome_partial_final_state_mse": 0.0012340734231900546,
      "h30/outcome_partial_state_mse": 0.001419726799775832,
      "h30/outcome_success_episode_count": 3,
      "h30/outcome_success_final_state_mse": 0.0012808826940706353,
      "h30/outcome_success_state_mse": 0.001431162243055622,
      "h30/state_mse": 0.002179914154518144,
      "h40/episode_count": 15,
      "h40/final_state_mse": 0.0016481552248686748,
      "h40/outcome_drop_episode_count": 3,
      "h40/outcome_drop_final_state_mse": 0.001520521305744944,
      "h40/outcome_drop_state_mse": 0.0016620078897164538,
      "h40/outcome_jam_episode_count": 3,
      "h40/outcome_jam_final_state_mse": 0.001647428627692017,
      "h40/outcome_jam_state_mse": 0.0018966800247142517,
      "h40/outcome_miss_episode_count": 3,
      "h40/outcome_miss_final_state_mse": 0.001998577364324744,
      "h40/outcome_miss_state_mse": 0.004086917521906834,
      "h40/outcome_partial_episode_count": 3,
      "h40/outcome_partial_final_state_mse": 0.0015038383601148145,
      "h40/outcome_partial_state_mse": 0.0015235477218440935,
      "h40/outcome_success_episode_count": 3,
      "h40/outcome_success_final_state_mse": 0.0015704103690736433,
      "h40/outcome_success_state_mse": 0.0015392828026628183,
      "h40/state_mse": 0.0021416872311261744,
      "h50/episode_count": 15,
      "h50/final_state_mse": 0.0018701093648773393,
      "h50/outcome_drop_episode_count": 3,
      "h50/outcome_drop_final_state_mse": 0.0015622271967479606,
      "h50/outcome_drop_state_mse": 0.0017636930241304285,
      "h50/outcome_jam_episode_count": 3,
      "h50/outcome_jam_final_state_mse": 0.002308418353398641,
      "h50/outcome_jam_state_mse": 0.002080984427258859,
      "h50/outcome_miss_episode_count": 3,
      "h50/outcome_miss_final_state_mse": 0.0019154092236087212,
      "h50/outcome_miss_state_mse": 0.0037017763673869615,
      "h50/outcome_partial_episode_count": 3,
      "h50/outcome_partial_final_state_mse": 0.0017704047213972004,
      "h50/outcome_partial_state_mse": 0.001676570231618445,
      "h50/outcome_success_episode_count": 3,
      "h50/outcome_success_final_state_mse": 0.0017940867692232132,
      "h50/outcome_success_state_mse": 0.001696980389115078,
      "h50/state_mse": 0.0021840008505029616,
      "h75/episode_count": 15,
      "h75/final_state_mse": 0.003496742248535156,
      "h75/outcome_drop_episode_count": 3,
      "h75/outcome_drop_final_state_mse": 0.0025227502037107555,
      "h75/outcome_drop_state_mse": 0.0018713978536767898,
      "h75/outcome_jam_episode_count": 3,
      "h75/outcome_jam_final_state_mse": 0.003718741432903639,
      "h75/outcome_jam_state_mse": 0.0023474817546104815,
      "h75/outcome_miss_episode_count": 3,
      "h75/outcome_miss_final_state_mse": 0.004770944491515752,
      "h75/outcome_miss_state_mse": 0.0032929567158352054,
      "h75/outcome_partial_episode_count": 3,
      "h75/outcome_partial_final_state_mse": 0.002939020301781449,
      "h75/outcome_partial_state_mse": 0.0018386454571825746,
      "h75/outcome_success_episode_count": 3,
      "h75/outcome_success_final_state_mse": 0.0035322551049438177,
      "h75/outcome_success_state_mse": 0.0018823560494483167,
      "h75/state_mse": 0.002246567670036765,
      "max_requested_horizon": 125,
      "reencode_period": 10,
      "rollout_mode": "periodic_10"
    },
    "periodic_100": {
      "episode_count": 15,
      "h10/episode_count": 15,
      "h10/final_state_mse": 0.0018671024858561995,
      "h10/outcome_drop_episode_count": 3,
      "h10/outcome_drop_final_state_mse": 0.0012957776220990163,
      "h10/outcome_drop_state_mse": 0.0014450610657922582,
      "h10/outcome_jam_episode_count": 3,
      "h10/outcome_jam_final_state_mse": 0.002026893295883353,
      "h10/outcome_jam_state_mse": 0.0018083551740334703,
      "h10/outcome_miss_episode_count": 3,
      "h10/outcome_miss_final_state_mse": 0.0034595909071903604,
      "h10/outcome_miss_state_mse": 0.009443711767009661,
      "h10/outcome_partial_episode_count": 3,
      "h10/outcome_partial_final_state_mse": 0.0012782035651160222,
      "h10/outcome_partial_state_mse": 0.0013704816695132287,
      "h10/outcome_success_episode_count": 3,
      "h10/outcome_success_final_state_mse": 0.001275046393762227,
      "h10/outcome_success_state_mse": 0.0013687658154107386,
      "h10/state_mse": 0.0030872748879825366,
      "h100/episode_count": 15,
      "h100/final_state_mse": 64667.28366013072,
      "h100/outcome_drop_episode_count": 3,
      "h100/outcome_drop_final_state_mse": 69259.82189542483,
      "h100/outcome_drop_state_mse": 3230.874117647059,
      "h100/outcome_jam_episode_count": 3,
      "h100/outcome_jam_final_state_mse": 65584.80555555556,
      "h100/outcome_jam_state_mse": 3030.132026143791,
      "h100/outcome_miss_episode_count": 3,
      "h100/outcome_miss_final_state_mse": 45950.174019607846,
      "h100/outcome_miss_state_mse": 2297.3366503267976,
      "h100/outcome_partial_episode_count": 3,
      "h100/outcome_partial_final_state_mse": 71771.15522875817,
      "h100/outcome_partial_state_mse": 3330.149019607843,
      "h100/outcome_success_episode_count": 3,
      "h100/outcome_success_final_state_mse": 70770.4591503268,
      "h100/outcome_success_state_mse": 3276.085947712418,
      "h100/state_mse": 3032.915660130719,
      "h125/episode_count": 15,
      "h125/final_state_mse": 24659.17385620915,
      "h125/outcome_drop_episode_count": 3,
      "h125/outcome_drop_final_state_mse": 24321.149918300653,
      "h125/outcome_drop_state_mse": 5224.289882352941,
      "h125/outcome_jam_episode_count": 3,
      "h125/outcome_jam_final_state_mse": 25242.554738562092,
      "h125/outcome_jam_state_mse": 5067.6505098039215,
      "h125/outcome_miss_episode_count": 3,
      "h125/outcome_miss_final_state_mse": 23722.999591503267,
      "h125/outcome_miss_state_mse": 4543.6014117647055,
      "h125/outcome_partial_episode_count": 3,
      "h125/outcome_partial_final_state_mse": 25115.30841503268,
      "h125/outcome_partial_state_mse": 5373.564862745098,
      "h125/outcome_success_episode_count": 3,
      "h125/outcome_success_final_state_mse": 24893.859477124184,
      "h125/outcome_success_state_mse": 5304.196810457516,
      "h125/state_mse": 5102.660266666667,
      "h20/episode_count": 15,
      "h20/final_state_mse": 0.004259361940271714,
      "h20/outcome_drop_episode_count": 3,
      "h20/outcome_drop_final_state_mse": 0.004180010822084215,
      "h20/outcome_drop_state_mse": 0.0018953662292630065,
      "h20/outcome_jam_episode_count": 3,
      "h20/outcome_jam_final_state_mse": 0.004558942092010398,
      "h20/outcome_jam_state_mse": 0.0022265613468643885,
      "h20/outcome_miss_episode_count": 3,
      "h20/outcome_miss_final_state_mse": 0.004146755618207595,
      "h20/outcome_miss_state_mse": 0.006203825489368314,
      "h20/outcome_partial_episode_count": 3,
      "h20/outcome_partial_final_state_mse": 0.004130665772880604,
      "h20/outcome_partial_state_mse": 0.0018169804725771635,
      "h20/outcome_success_episode_count": 3,
      "h20/outcome_success_final_state_mse": 0.004280434909209706,
      "h20/outcome_success_state_mse": 0.0018283881782706268,
      "h20/state_mse": 0.0027942243588516135,
      "h30/episode_count": 15,
      "h30/final_state_mse": 0.022821633332695056,
      "h30/outcome_drop_episode_count": 3,
      "h30/outcome_drop_final_state_mse": 0.0234294475293627,
      "h30/outcome_drop_state_mse": 0.005173418984174209,
      "h30/outcome_jam_episode_count": 3,
      "h30/outcome_jam_final_state_mse": 0.02384010015749464,
      "h30/outcome_jam_state_mse": 0.005573966352508479,
      "h30/outcome_miss_episode_count": 3,
      "h30/outcome_miss_final_state_mse": 0.018393992598539865,
      "h30/outcome_miss_state_mse": 0.007211883395325904,
      "h30/outcome_partial_episode_count": 3,
      "h30/outcome_partial_final_state_mse": 0.024149552669400484,
      "h30/outcome_partial_state_mse": 0.00508267458747415,
      "h30/outcome_success_episode_count": 3,
      "h30/outcome_success_final_state_mse": 0.024295064358929405,
      "h30/outcome_success_state_mse": 0.0050967365048809506,
      "h30/state_mse": 0.0056277366089665035,
      "h40/episode_count": 15,
      "h40/final_state_mse": 0.17305401571435866,
      "h40/outcome_drop_episode_count": 3,
      "h40/outcome_drop_final_state_mse": 0.13779557530396905,
      "h40/outcome_drop_state_mse": 0.022179534388523475,
      "h40/outcome_jam_episode_count": 3,
      "h40/outcome_jam_final_state_mse": 0.1539521045934141,
      "h40/outcome_jam_state_mse": 0.023972889332989463,
      "h40/outcome_miss_episode_count": 3,
      "h40/outcome_miss_final_state_mse": 0.2601659297943115,
      "h40/outcome_miss_state_mse": 0.03068951282625884,
      "h40/outcome_partial_episode_count": 3,
      "h40/outcome_partial_final_state_mse": 0.1565253547593659,
      "h40/outcome_partial_state_mse": 0.02395777515336579,
      "h40/outcome_success_episode_count": 3,
      "h40/outcome_success_final_state_mse": 0.15683115853203666,
      "h40/outcome_success_state_mse": 0.02394801152297874,
      "h40/state_mse": 0.024949544270833332,
      "h50/episode_count": 15,
      "h50/final_state_mse": 0.9445046019709967,
      "h50/outcome_drop_episode_count": 3,
      "h50/outcome_drop_final_state_mse": 0.8016417509590099,
      "h50/outcome_drop_state_mse": 0.10029017180399177,
      "h50/outcome_jam_episode_count": 3,
      "h50/outcome_jam_final_state_mse": 0.8348851110420975,
      "h50/outcome_jam_state_mse": 0.10669516469918046,
      "h50/outcome_miss_episode_count": 3,
      "h50/outcome_miss_final_state_mse": 1.5617319742838542,
      "h50/outcome_miss_state_mse": 0.19797431895935458,
      "h50/outcome_partial_episode_count": 3,
      "h50/outcome_partial_final_state_mse": 0.7591268564361373,
      "h50/outcome_partial_state_mse": 0.10233871160768995,
      "h50/outcome_success_episode_count": 3,
      "h50/outcome_success_final_state_mse": 0.765137641258489,
      "h50/outcome_success_state_mse": 0.10279763614430147,
      "h50/state_mse": 0.12201919934640523,
      "h75/episode_count": 15,
      "h75/final_state_mse": 137.69581290849672,
      "h75/outcome_drop_episode_count": 3,
      "h75/outcome_drop_final_state_mse": 140.9573184742647,
      "h75/outcome_drop_state_mse": 8.334046500544662,
      "h75/outcome_jam_episode_count": 3,
      "h75/outcome_jam_final_state_mse": 134.78933536305146,
      "h75/outcome_jam_state_mse": 7.980604873025599,
      "h75/outcome_miss_episode_count": 3,
      "h75/outcome_miss_final_state_mse": 128.6034406275531,
      "h75/outcome_miss_state_mse": 8.472552508850763,
      "h75/outcome_partial_episode_count": 3,
      "h75/outcome_partial_final_state_mse": 143.50142654718138,
      "h75/outcome_partial_state_mse": 8.573247719226579,
      "h75/outcome_success_episode_count": 3,
      "h75/outcome_success_final_state_mse": 140.6275515088848,
      "h75/outcome_success_state_mse": 8.38446959252451,
      "h75/state_mse": 8.348983660130719,
      "max_requested_horizon": 125,
      "reencode_period": 100,
      "rollout_mode": "periodic_100"
    },
    "periodic_2": {
      "episode_count": 15,
      "h10/episode_count": 15,
      "h10/final_state_mse": 0.0027701433967141542,
      "h10/outcome_drop_episode_count": 3,
      "h10/outcome_drop_final_state_mse": 0.0023017734094382893,
      "h10/outcome_drop_state_mse": 0.0022161354036892163,
      "h10/outcome_jam_episode_count": 3,
      "h10/outcome_jam_final_state_mse": 0.002679070908259722,
      "h10/outcome_jam_state_mse": 0.0026110760526719436,
      "h10/outcome_miss_episode_count": 3,
      "h10/outcome_miss_final_state_mse": 0.004459358605684019,
      "h10/outcome_miss_state_mse": 0.00969530507629993,
      "h10/outcome_partial_episode_count": 3,
      "h10/outcome_partial_final_state_mse": 0.0021734374995325124,
      "h10/outcome_partial_state_mse": 0.002114425920972637,
      "h10/outcome_success_episode_count": 3,
      "h10/outcome_success_final_state_mse": 0.0022370768528358607,
      "h10/outcome_success_state_mse": 0.0021236069062176874,
      "h10/state_mse": 0.003752109801847171,
      "h100/episode_count": 15,
      "h100/final_state_mse": 0.004262368819292854,
      "h100/outcome_drop_episode_count": 3,
      "h100/outcome_drop_final_state_mse": 0.005589694222983192,
      "h100/outcome_drop_state_mse": 0.003533056296554266,
      "h100/outcome_jam_episode_count": 3,
      "h100/outcome_jam_final_state_mse": 0.0034610251683035707,
      "h100/outcome_jam_state_mse": 0.0037005830901900147,
      "h100/outcome_miss_episode_count": 3,
      "h100/outcome_miss_final_state_mse": 0.006840320924917857,
      "h100/outcome_miss_state_mse": 0.004489861033321206,
      "h100/outcome_partial_episode_count": 3,
      "h100/outcome_partial_final_state_mse": 0.002420656699565501,
      "h100/outcome_partial_state_mse": 0.002813889372582529,
      "h100/outcome_success_episode_count": 3,
      "h100/outcome_success_final_state_mse": 0.003000147105042451,
      "h100/outcome_success_state_mse": 0.0032125648797727098,
      "h100/state_mse": 0.003549990585426879,
      "h125/episode_count": 15,
      "h125/final_state_mse": 0.004832206676208895,
      "h125/outcome_drop_episode_count": 3,
      "h125/outcome_drop_final_state_mse": 0.00650992960322137,
      "h125/outcome_drop_state_mse": 0.0041385489569769965,
      "h125/outcome_jam_episode_count": 3,
      "h125/outcome_jam_final_state_mse": 0.005937796013028014,
      "h125/outcome_jam_state_mse": 0.004038073072246477,
      "h125/outcome_miss_episode_count": 3,
      "h125/outcome_miss_final_state_mse": 0.005132019130233066,
      "h125/outcome_miss_state_mse": 0.004641979342192606,
      "h125/outcome_partial_episode_count": 3,
      "h125/outcome_partial_final_state_mse": 0.002282371440159729,
      "h125/outcome_partial_state_mse": 0.002709924485948351,
      "h125/outcome_success_episode_count": 3,
      "h125/outcome_success_final_state_mse": 0.004298917023964177,
      "h125/outcome_success_state_mse": 0.0033105889114679074,
      "h125/state_mse": 0.0037678229039011437,
      "h20/episode_count": 15,
      "h20/final_state_mse": 0.0027961836920844182,
      "h20/outcome_drop_episode_count": 3,
      "h20/outcome_drop_final_state_mse": 0.002783219993504044,
      "h20/outcome_drop_state_mse": 0.0023225968959284765,
      "h20/outcome_jam_episode_count": 3,
      "h20/outcome_jam_final_state_mse": 0.0023773282863735375,
      "h20/outcome_jam_state_mse": 0.0027395003371768526,
      "h20/outcome_miss_episode_count": 3,
      "h20/outcome_miss_final_state_mse": 0.003927384911019818,
      "h20/outcome_miss_state_mse": 0.007127000148000281,
      "h20/outcome_partial_episode_count": 3,
      "h20/outcome_partial_final_state_mse": 0.0024325384034050834,
      "h20/outcome_partial_state_mse": 0.0022367997496735817,
      "h20/outcome_success_episode_count": 3,
      "h20/outcome_success_final_state_mse": 0.0024604470852543324,
      "h20/outcome_success_state_mse": 0.0022612959730858896,
      "h20/state_mse": 0.003337438496109707,
      "h30/episode_count": 15,
      "h30/final_state_mse": 0.002851312924054713,
      "h30/outcome_drop_episode_count": 3,
      "h30/outcome_drop_final_state_mse": 0.0027647669019262777,
      "h30/outcome_drop_state_mse": 0.002452514893608675,
      "h30/outcome_jam_episode_count": 3,
      "h30/outcome_jam_final_state_mse": 0.0027853750617675534,
      "h30/outcome_jam_state_mse": 0.0028040557645245055,
      "h30/outcome_miss_episode_count": 3,
      "h30/outcome_miss_final_state_mse": 0.0034056637509196413,
      "h30/outcome_miss_state_mse": 0.005915024805172856,
      "h30/outcome_partial_episode_count": 3,
      "h30/outcome_partial_final_state_mse": 0.002598786665723215,
      "h30/outcome_partial_state_mse": 0.002373225912289422,
      "h30/outcome_success_episode_count": 3,
      "h30/outcome_success_final_state_mse": 0.0027019719964538527,
      "h30/outcome_success_state_mse": 0.002391981039691335,
      "h30/state_mse": 0.0031873605765548405,
      "h40/episode_count": 15,
      "h40/final_state_mse": 0.003220262402802511,
      "h40/outcome_drop_episode_count": 3,
      "h40/outcome_drop_final_state_mse": 0.00328591295511894,
      "h40/outcome_drop_state_mse": 0.002657148495219112,
      "h40/outcome_jam_episode_count": 3,
      "h40/outcome_jam_final_state_mse": 0.002889130727138395,
      "h40/outcome_jam_state_mse": 0.002911581167208603,
      "h40/outcome_miss_episode_count": 3,
      "h40/outcome_miss_final_state_mse": 0.0034232527212379803,
      "h40/outcome_miss_state_mse": 0.005340415044547685,
      "h40/outcome_partial_episode_count": 3,
      "h40/outcome_partial_final_state_mse": 0.003243481362956801,
      "h40/outcome_partial_state_mse": 0.0025412289145725227,
      "h40/outcome_success_episode_count": 3,
      "h40/outcome_success_final_state_mse": 0.003259534344953649,
      "h40/outcome_success_state_mse": 0.00255725730478374,
      "h40/state_mse": 0.0032015263177210987,
      "h50/episode_count": 15,
      "h50/final_state_mse": 0.003373795552970537,
      "h50/outcome_drop_episode_count": 3,
      "h50/outcome_drop_final_state_mse": 0.003250079412086337,
      "h50/outcome_drop_state_mse": 0.0028009329901801214,
      "h50/outcome_jam_episode_count": 3,
      "h50/outcome_jam_final_state_mse": 0.003394407189749425,
      "h50/outcome_jam_state_mse": 0.0031203945010316136,
      "h50/outcome_miss_episode_count": 3,
      "h50/outcome_miss_final_state_mse": 0.0027883869467997084,
      "h50/outcome_miss_state_mse": 0.004936828862607869,
      "h50/outcome_partial_episode_count": 3,
      "h50/outcome_partial_final_state_mse": 0.0036495709243942707,
      "h50/outcome_partial_state_mse": 0.0027700560077343114,
      "h50/outcome_success_episode_count": 3,
      "h50/outcome_success_final_state_mse": 0.003786531733531578,
      "h50/outcome_success_state_mse": 0.00278339971903882,
      "h50/state_mse": 0.0032823225033828634,
      "h75/episode_count": 15,
      "h75/final_state_mse": 0.004670904196944891,
      "h75/outcome_drop_episode_count": 3,
      "h75/outcome_drop_final_state_mse": 0.004651302459582784,
      "h75/outcome_drop_state_mse": 0.0031121520331222766,
      "h75/outcome_jam_episode_count": 3,
      "h75/outcome_jam_final_state_mse": 0.005074106692488677,
      "h75/outcome_jam_state_mse": 0.003460763170828227,
      "h75/outcome_miss_episode_count": 3,
      "h75/outcome_miss_final_state_mse": 0.005473045936596939,
      "h75/outcome_miss_state_mse": 0.004380728528390523,
      "h75/outcome_partial_episode_count": 3,
      "h75/outcome_partial_final_state_mse": 0.0034058114964198444,
      "h75/outcome_partial_state_mse": 0.0029624433247352217,
      "h75/outcome_success_episode_count": 3,
      "h75/outcome_success_final_state_mse": 0.004750254691815844,
      "h75/outcome_success_state_mse": 0.003017445898783233,
      "h75/state_mse": 0.003386706782322304,
      "max_requested_horizon": 125,
      "reencode_period": 2,
      "rollout_mode": "periodic_2"
    },
    "periodic_20": {
      "episode_count": 15,
      "h10/episode_count": 15,
      "h10/final_state_mse": 0.0018671024858561995,
      "h10/outcome_drop_episode_count": 3,
      "h10/outcome_drop_final_state_mse": 0.0012957776220990163,
      "h10/outcome_drop_state_mse": 0.0014450610657922582,
      "h10/outcome_jam_episode_count": 3,
      "h10/outcome_jam_final_state_mse": 0.002026893295883353,
      "h10/outcome_jam_state_mse": 0.0018083551740334703,
      "h10/outcome_miss_episode_count": 3,
      "h10/outcome_miss_final_state_mse": 0.0034595909071903604,
      "h10/outcome_miss_state_mse": 0.009443711767009661,
      "h10/outcome_partial_episode_count": 3,
      "h10/outcome_partial_final_state_mse": 0.0012782035651160222,
      "h10/outcome_partial_state_mse": 0.0013704816695132287,
      "h10/outcome_success_episode_count": 3,
      "h10/outcome_success_final_state_mse": 0.001275046393762227,
      "h10/outcome_success_state_mse": 0.0013687658154107386,
      "h10/state_mse": 0.0030872748879825366,
      "h100/episode_count": 15,
      "h100/final_state_mse": 0.004131032283010047,
      "h100/outcome_drop_episode_count": 3,
      "h100/outcome_drop_final_state_mse": 0.004611177869092405,
      "h100/outcome_drop_state_mse": 0.0027678969015482984,
      "h100/outcome_jam_episode_count": 3,
      "h100/outcome_jam_final_state_mse": 0.004051851778248556,
      "h100/outcome_jam_state_mse": 0.0030342347014184093,
      "h100/outcome_miss_episode_count": 3,
      "h100/outcome_miss_final_state_mse": 0.005390430684962304,
      "h100/outcome_miss_state_mse": 0.004561463648976844,
      "h100/outcome_partial_episode_count": 3,
      "h100/outcome_partial_final_state_mse": 0.003160248784457936,
      "h100/outcome_partial_state_mse": 0.002433773738886017,
      "h100/outcome_success_episode_count": 3,
      "h100/outcome_success_final_state_mse": 0.003441452054806005,
      "h100/outcome_success_state_mse": 0.002591200248867858,
      "h100/state_mse": 0.00307771391027114,
      "h125/episode_count": 15,
      "h125/final_state_mse": 0.005791827432470384,
      "h125/outcome_drop_episode_count": 3,
      "h125/outcome_drop_final_state_mse": 0.006063317015669705,
      "h125/outcome_drop_state_mse": 0.003528168672050526,
      "h125/outcome_jam_episode_count": 3,
      "h125/outcome_jam_final_state_mse": 0.008235281978557312,
      "h125/outcome_jam_state_mse": 0.0037148153267654717,
      "h125/outcome_miss_episode_count": 3,
      "h125/outcome_miss_final_state_mse": 0.005806538891168981,
      "h125/outcome_miss_state_mse": 0.004883171430600235,
      "h125/outcome_partial_episode_count": 3,
      "h125/outcome_partial_final_state_mse": 0.0028594641221894156,
      "h125/outcome_partial_state_mse": 0.0025367960711709815,
      "h125/outcome_success_episode_count": 3,
      "h125/outcome_success_final_state_mse": 0.005994536128698611,
      "h125/outcome_success_state_mse": 0.0030838959139156963,
      "h125/state_mse": 0.0035493697023080066,
      "h20/episode_count": 15,
      "h20/final_state_mse": 0.004259361940271714,
      "h20/outcome_drop_episode_count": 3,
      "h20/outcome_drop_final_state_mse": 0.004180010822084215,
      "h20/outcome_drop_state_mse": 0.0018953662292630065,
      "h20/outcome_jam_episode_count": 3,
      "h20/outcome_jam_final_state_mse": 0.004558942092010398,
      "h20/outcome_jam_state_mse": 0.0022265613468643885,
      "h20/outcome_miss_episode_count": 3,
      "h20/outcome_miss_final_state_mse": 0.004146755618207595,
      "h20/outcome_miss_state_mse": 0.006203825489368314,
      "h20/outcome_partial_episode_count": 3,
      "h20/outcome_partial_final_state_mse": 0.004130665772880604,
      "h20/outcome_partial_state_mse": 0.0018169804725771635,
      "h20/outcome_success_episode_count": 3,
      "h20/outcome_success_final_state_mse": 0.004280434909209706,
      "h20/outcome_success_state_mse": 0.0018283881782706268,
      "h20/state_mse": 0.0027942243588516135,
      "h30/episode_count": 15,
      "h30/final_state_mse": 0.0019756030413060404,
      "h30/outcome_drop_episode_count": 3,
      "h30/outcome_drop_final_state_mse": 0.0019840143523574653,
      "h30/outcome_drop_state_mse": 0.0021457043608289397,
      "h30/outcome_jam_episode_count": 3,
      "h30/outcome_jam_final_state_mse": 0.0022019958184435477,
      "h30/outcome_jam_state_mse": 0.002478354117449592,
      "h30/outcome_miss_episode_count": 3,
      "h30/outcome_miss_final_state_mse": 0.001739705699721193,
      "h30/outcome_miss_state_mse": 0.004911683587466969,
      "h30/outcome_partial_episode_count": 3,
      "h30/outcome_partial_final_state_mse": 0.001934290589655147,
      "h30/outcome_partial_state_mse": 0.0020762527170783813,
      "h30/outcome_success_episode_count": 3,
      "h30/outcome_success_final_state_mse": 0.0020180084298249165,
      "h30/outcome_success_state_mse": 0.002090246147579617,
      "h30/state_mse": 0.0027404482639952683,
      "h40/episode_count": 15,
      "h40/final_state_mse": 0.00389303007936166,
      "h40/outcome_drop_episode_count": 3,
      "h40/outcome_drop_final_state_mse": 0.003732362311649946,
      "h40/outcome_drop_state_mse": 0.0022685597924625173,
      "h40/outcome_jam_episode_count": 3,
      "h40/outcome_jam_final_state_mse": 0.0035644344060249576,
      "h40/outcome_jam_state_mse": 0.0025762812374464047,
      "h40/outcome_miss_episode_count": 3,
      "h40/outcome_miss_final_state_mse": 0.005669866025058272,
      "h40/outcome_miss_state_mse": 0.004421374143338671,
      "h40/outcome_partial_episode_count": 3,
      "h40/outcome_partial_final_state_mse": 0.0032095859935081083,
      "h40/outcome_partial_state_mse": 0.0021235291864357742,
      "h40/outcome_success_episode_count": 3,
      "h40/outcome_success_final_state_mse": 0.0032889016605670155,
      "h40/outcome_success_state_mse": 0.002149084424660876,
      "h40/state_mse": 0.002707765616622626,
      "h50/episode_count": 15,
      "h50/final_state_mse": 0.0022579442441853044,
      "h50/outcome_drop_episode_count": 3,
      "h50/outcome_drop_final_state_mse": 0.0019887440344866585,
      "h50/outcome_drop_state_mse": 0.0023828733980266097,
      "h50/outcome_jam_episode_count": 3,
      "h50/outcome_jam_final_state_mse": 0.002819537142522974,
      "h50/outcome_jam_state_mse": 0.002737514957103854,
      "h50/outcome_miss_episode_count": 3,
      "h50/outcome_miss_final_state_mse": 0.0019285926729245902,
      "h50/outcome_miss_state_mse": 0.004087415209003523,
      "h50/outcome_partial_episode_count": 3,
      "h50/outcome_partial_final_state_mse": 0.0022509430163826036,
      "h50/outcome_partial_state_mse": 0.0022818278643040877,
      "h50/outcome_success_episode_count": 3,
      "h50/outcome_success_final_state_mse": 0.002301904281564787,
      "h50/outcome_success_state_mse": 0.002318509762583215,
      "h50/state_mse": 0.002761628394033395,
      "h75/episode_count": 15,
      "h75/final_state_mse": 0.003959503672481363,
      "h75/outcome_drop_episode_count": 3,
      "h75/outcome_drop_final_state_mse": 0.0025857236065895727,
      "h75/outcome_drop_state_mse": 0.002378500313021259,
      "h75/outcome_jam_episode_count": 3,
      "h75/outcome_jam_final_state_mse": 0.003934440172575658,
      "h75/outcome_jam_state_mse": 0.0029009080192881733,
      "h75/outcome_miss_episode_count": 3,
      "h75/outcome_miss_final_state_mse": 0.0057304454297801245,
      "h75/outcome_miss_state_mse": 0.003994180766585606,
      "h75/outcome_partial_episode_count": 3,
      "h75/outcome_partial_final_state_mse": 0.0038400678560624713,
      "h75/outcome_partial_state_mse": 0.0023596005242374728,
      "h75/outcome_success_episode_count": 3,
      "h75/outcome_success_final_state_mse": 0.0037068418817582474,
      "h75/outcome_success_state_mse": 0.002396717029978767,
      "h75/state_mse": 0.0028059813389331428,
      "max_requested_horizon": 125,
      "reencode_period": 20,
      "rollout_mode": "periodic_20"
    },
    "periodic_5": {
      "episode_count": 15,
      "h10/episode_count": 15,
      "h10/final_state_mse": 0.002049871986987544,
      "h10/outcome_drop_episode_count": 3,
      "h10/outcome_drop_final_state_mse": 0.0014264333043612686,
      "h10/outcome_drop_state_mse": 0.001664342950372135,
      "h10/outcome_jam_episode_count": 3,
      "h10/outcome_jam_final_state_mse": 0.002006372546448427,
      "h10/outcome_jam_state_mse": 0.002042979703230016,
      "h10/outcome_miss_episode_count": 3,
      "h10/outcome_miss_final_state_mse": 0.004144767335816926,
      "h10/outcome_miss_state_mse": 0.009645430246988933,
      "h10/outcome_partial_episode_count": 3,
      "h10/outcome_partial_final_state_mse": 0.00133350569438311,
      "h10/outcome_partial_state_mse": 0.001579564264397216,
      "h10/outcome_success_episode_count": 3,
      "h10/outcome_success_final_state_mse": 0.001338281540894041,
      "h10/outcome_success_state_mse": 0.0015726480608672098,
      "h10/state_mse": 0.0033009929282992495,
      "h100/episode_count": 15,
      "h100/final_state_mse": 0.004133595360649956,
      "h100/outcome_drop_episode_count": 3,
      "h100/outcome_drop_final_state_mse": 0.002825038982372658,
      "h100/outcome_drop_state_mse": 0.0024736929874794155,
      "h100/outcome_jam_episode_count": 3,
      "h100/outcome_jam_final_state_mse": 0.0036785711893458774,
      "h100/outcome_jam_state_mse": 0.0030360408234440424,
      "h100/outcome_miss_episode_count": 3,
      "h100/outcome_miss_final_state_mse": 0.009516351606721192,
      "h100/outcome_miss_state_mse": 0.003923495236565085,
      "h100/outcome_partial_episode_count": 3,
      "h100/outcome_partial_final_state_mse": 0.0018975777320222916,
      "h100/outcome_partial_state_mse": 0.002150207064510171,
      "h100/outcome_success_episode_count": 3,
      "h100/outcome_success_final_state_mse": 0.002750436781473409,
      "h100/outcome_success_state_mse": 0.00251381998747782,
      "h100/state_mse": 0.002819451425589767,
      "h125/episode_count": 15,
      "h125/final_state_mse": 0.0058753954818825315,
      "h125/outcome_drop_episode_count": 3,
      "h125/outcome_drop_final_state_mse": 0.0040354281420411624,
      "h125/outcome_drop_state_mse": 0.0028785972345888224,
      "h125/outcome_jam_episode_count": 3,
      "h125/outcome_jam_final_state_mse": 0.005995980421312494,
      "h125/outcome_jam_state_mse": 0.0034590245664509293,
      "h125/outcome_miss_episode_count": 3,
      "h125/outcome_miss_final_state_mse": 0.012146965180541956,
      "h125/outcome_miss_state_mse": 0.0054342789494134245,
      "h125/outcome_partial_episode_count": 3,
      "h125/outcome_partial_final_state_mse": 0.0018116074790752012,
      "h125/outcome_partial_state_mse": 0.0020984166712542766,
      "h125/outcome_success_episode_count": 3,
      "h125/outcome_success_final_state_mse": 0.005386997671688304,
      "h125/outcome_success_state_mse": 0.0028594544853260315,
      "h125/state_mse": 0.0033459542866625816,
      "h20/episode_count": 15,
      "h20/final_state_mse": 0.0016537485559002247,
      "h20/outcome_drop_episode_count": 3,
      "h20/outcome_drop_final_state_mse": 0.0016744431181281222,
      "h20/outcome_drop_state_mse": 0.0016358042464536778,
      "h20/outcome_jam_episode_count": 3,
      "h20/outcome_jam_final_state_mse": 0.0015162678520663892,
      "h20/outcome_jam_state_mse": 0.0019912424040775673,
      "h20/outcome_miss_episode_count": 3,
      "h20/outcome_miss_final_state_mse": 0.0022460728201990814,
      "h20/outcome_miss_state_mse": 0.006461492239260206,
      "h20/outcome_partial_episode_count": 3,
      "h20/outcome_partial_final_state_mse": 0.0013964915635928609,
      "h20/outcome_partial_state_mse": 0.0015527823197296242,
      "h20/outcome_success_episode_count": 3,
      "h20/outcome_success_final_state_mse": 0.0014354676933459986,
      "h20/outcome_success_state_mse": 0.0015690081649356417,
      "h20/state_mse": 0.0026420658086639603,
      "h30/episode_count": 15,
      "h30/final_state_mse": 0.0017506011950424293,
      "h30/outcome_drop_episode_count": 3,
      "h30/outcome_drop_final_state_mse": 0.0017351865086680145,
      "h30/outcome_drop_state_mse": 0.0017359769941674857,
      "h30/outcome_jam_episode_count": 3,
      "h30/outcome_jam_final_state_mse": 0.0018351517276826248,
      "h30/outcome_jam_state_mse": 0.0020614846859102936,
      "h30/outcome_miss_episode_count": 3,
      "h30/outcome_miss_final_state_mse": 0.0018898066547181872,
      "h30/outcome_miss_state_mse": 0.005041971705318276,
      "h30/outcome_partial_episode_count": 3,
      "h30/outcome_partial_final_state_mse": 0.001596259768881829,
      "h30/outcome_partial_state_mse": 0.0016386709961236693,
      "h30/outcome_success_episode_count": 3,
      "h30/outcome_success_final_state_mse": 0.0016966009743852554,
      "h30/outcome_success_state_mse": 0.0016583937185781974,
      "h30/state_mse": 0.0024272995161334935,
      "h40/episode_count": 15,
      "h40/final_state_mse": 0.002259684543983609,
      "h40/outcome_drop_episode_count": 3,
      "h40/outcome_drop_final_state_mse": 0.0024358797209714754,
      "h40/outcome_drop_state_mse": 0.001970398581885045,
      "h40/outcome_jam_episode_count": 3,
      "h40/outcome_jam_final_state_mse": 0.0021955494105426313,
      "h40/outcome_jam_state_mse": 0.0022268474491593106,
      "h40/outcome_miss_episode_count": 3,
      "h40/outcome_miss_final_state_mse": 0.0021216002554675334,
      "h40/outcome_miss_state_mse": 0.00438080862456677,
      "h40/outcome_partial_episode_count": 3,
      "h40/outcome_partial_final_state_mse": 0.002240733578314189,
      "h40/outcome_partial_state_mse": 0.0018094415758170333,
      "h40/outcome_success_episode_count": 3,
      "h40/outcome_success_final_state_mse": 0.0023046603389814788,
      "h40/outcome_success_state_mse": 0.0018321918506248324,
      "h40/state_mse": 0.0024439376631593393,
      "h50/episode_count": 15,
      "h50/final_state_mse": 0.0023144064385906544,
      "h50/outcome_drop_episode_count": 3,
      "h50/outcome_drop_final_state_mse": 0.0020303375093765506,
      "h50/outcome_drop_state_mse": 0.00213176982854706,
      "h50/outcome_jam_episode_count": 3,
      "h50/outcome_jam_final_state_mse": 0.002790530766147414,
      "h50/outcome_jam_state_mse": 0.0025021094278572433,
      "h50/outcome_miss_episode_count": 3,
      "h50/outcome_miss_final_state_mse": 0.0018917619208105249,
      "h50/outcome_miss_state_mse": 0.003958969490200866,
      "h50/outcome_partial_episode_count": 3,
      "h50/outcome_partial_final_state_mse": 0.002404611484677184,
      "h50/outcome_partial_state_mse": 0.0020427798601536967,
      "h50/outcome_success_episode_count": 3,
      "h50/outcome_success_final_state_mse": 0.002454790950211045,
      "h50/outcome_success_state_mse": 0.0020669242135839525,
      "h50/state_mse": 0.0025405105890012256,
      "h75/episode_count": 15,
      "h75/final_state_mse": 0.003409718532188266,
      "h75/outcome_drop_episode_count": 3,
      "h75/outcome_drop_final_state_mse": 0.0024016778307412966,
      "h75/outcome_drop_state_mse": 0.0021970207031515947,
      "h75/outcome_jam_episode_count": 3,
      "h75/outcome_jam_final_state_mse": 0.003618763942344516,
      "h75/outcome_jam_state_mse": 0.0027591305568587026,
      "h75/outcome_miss_episode_count": 3,
      "h75/outcome_miss_final_state_mse": 0.004804871952027277,
      "h75/outcome_miss_state_mse": 0.0035139305762995304,
      "h75/outcome_partial_episode_count": 3,
      "h75/outcome_partial_final_state_mse": 0.0028788573017307357,
      "h75/outcome_partial_state_mse": 0.002213687190303096,
      "h75/outcome_success_episode_count": 3,
      "h75/outcome_success_final_state_mse": 0.0033444221210635564,
      "h75/outcome_success_state_mse": 0.002256088049063755,
      "h75/state_mse": 0.0025879712073631537,
      "max_requested_horizon": 125,
      "reencode_period": 5,
      "rollout_mode": "periodic_5"
    },
    "periodic_50": {
      "episode_count": 15,
      "h10/episode_count": 15,
      "h10/final_state_mse": 0.0018671024858561995,
      "h10/outcome_drop_episode_count": 3,
      "h10/outcome_drop_final_state_mse": 0.0012957776220990163,
      "h10/outcome_drop_state_mse": 0.0014450610657922582,
      "h10/outcome_jam_episode_count": 3,
      "h10/outcome_jam_final_state_mse": 0.002026893295883353,
      "h10/outcome_jam_state_mse": 0.0018083551740334703,
      "h10/outcome_miss_episode_count": 3,
      "h10/outcome_miss_final_state_mse": 0.0034595909071903604,
      "h10/outcome_miss_state_mse": 0.009443711767009661,
      "h10/outcome_partial_episode_count": 3,
      "h10/outcome_partial_final_state_mse": 0.0012782035651160222,
      "h10/outcome_partial_state_mse": 0.0013704816695132287,
      "h10/outcome_success_episode_count": 3,
      "h10/outcome_success_final_state_mse": 0.001275046393762227,
      "h10/outcome_success_state_mse": 0.0013687658154107386,
      "h10/state_mse": 0.0030872748879825366,
      "h100/episode_count": 15,
      "h100/final_state_mse": 27.096045241013073,
      "h100/outcome_drop_episode_count": 3,
      "h100/outcome_drop_final_state_mse": 27.443546270233355,
      "h100/outcome_drop_state_mse": 1.6567194840175654,
      "h100/outcome_jam_episode_count": 3,
      "h100/outcome_jam_final_state_mse": 34.94436146854575,
      "h100/outcome_jam_state_mse": 1.9537367717269198,
      "h100/outcome_miss_episode_count": 3,
      "h100/outcome_miss_final_state_mse": 16.163220374412784,
      "h100/outcome_miss_state_mse": 1.5222365515216503,
      "h100/outcome_partial_episode_count": 3,
      "h100/outcome_partial_final_state_mse": 28.548884572546466,
      "h100/outcome_partial_state_mse": 1.6425529290492238,
      "h100/outcome_success_episode_count": 3,
      "h100/outcome_success_final_state_mse": 28.38021631178513,
      "h100/outcome_success_state_mse": 1.64515727124183,
      "h100/state_mse": 1.684080575980392,
      "h125/episode_count": 15,
      "h125/final_state_mse": 4.2421718622344775,
      "h125/outcome_drop_episode_count": 3,
      "h125/outcome_drop_final_state_mse": 4.472953497194776,
      "h125/outcome_drop_state_mse": 2.040424198325163,
      "h125/outcome_jam_episode_count": 3,
      "h125/outcome_jam_final_state_mse": 4.45521754844516,
      "h125/outcome_jam_state_mse": 2.468601664624183,
      "h125/outcome_miss_episode_count": 3,
      "h125/outcome_miss_final_state_mse": 4.543334362553615,
      "h125/outcome_miss_state_mse": 1.7895124336192811,
      "h125/outcome_partial_episode_count": 3,
      "h125/outcome_partial_final_state_mse": 3.9395703334434358,
      "h125/outcome_partial_state_mse": 1.9843546006944444,
      "h125/outcome_success_episode_count": 3,
      "h125/outcome_success_final_state_mse": 3.7997842427172692,
      "h125/outcome_success_state_mse": 2.003392578125,
      "h125/state_mse": 2.057257026143791,
      "h20/episode_count": 15,
      "h20/final_state_mse": 0.004259361940271714,
      "h20/outcome_drop_episode_count": 3,
      "h20/outcome_drop_final_state_mse": 0.004180010822084215,
      "h20/outcome_drop_state_mse": 0.0018953662292630065,
      "h20/outcome_jam_episode_count": 3,
      "h20/outcome_jam_final_state_mse": 0.004558942092010398,
      "h20/outcome_jam_state_mse": 0.0022265613468643885,
      "h20/outcome_miss_episode_count": 3,
      "h20/outcome_miss_final_state_mse": 0.004146755618207595,
      "h20/outcome_miss_state_mse": 0.006203825489368314,
      "h20/outcome_partial_episode_count": 3,
      "h20/outcome_partial_final_state_mse": 0.004130665772880604,
      "h20/outcome_partial_state_mse": 0.0018169804725771635,
      "h20/outcome_success_episode_count": 3,
      "h20/outcome_success_final_state_mse": 0.004280434909209706,
      "h20/outcome_success_state_mse": 0.0018283881782706268,
      "h20/state_mse": 0.0027942243588516135,
      "h30/episode_count": 15,
      "h30/final_state_mse": 0.022821633332695056,
      "h30/outcome_drop_episode_count": 3,
      "h30/outcome_drop_final_state_mse": 0.0234294475293627,
      "h30/outcome_drop_state_mse": 0.005173418984174209,
      "h30/outcome_jam_episode_count": 3,
      "h30/outcome_jam_final_state_mse": 0.02384010015749464,
      "h30/outcome_jam_state_mse": 0.005573966352508479,
      "h30/outcome_miss_episode_count": 3,
      "h30/outcome_miss_final_state_mse": 0.018393992598539865,
      "h30/outcome_miss_state_mse": 0.007211883395325904,
      "h30/outcome_partial_episode_count": 3,
      "h30/outcome_partial_final_state_mse": 0.024149552669400484,
      "h30/outcome_partial_state_mse": 0.00508267458747415,
      "h30/outcome_success_episode_count": 3,
      "h30/outcome_success_final_state_mse": 0.024295064358929405,
      "h30/outcome_success_state_mse": 0.0050967365048809506,
      "h30/state_mse": 0.0056277366089665035,
      "h40/episode_count": 15,
      "h40/final_state_mse": 0.17305401571435866,
      "h40/outcome_drop_episode_count": 3,
      "h40/outcome_drop_final_state_mse": 0.13779557530396905,
      "h40/outcome_drop_state_mse": 0.022179534388523475,
      "h40/outcome_jam_episode_count": 3,
      "h40/outcome_jam_final_state_mse": 0.1539521045934141,
      "h40/outcome_jam_state_mse": 0.023972889332989463,
      "h40/outcome_miss_episode_count": 3,
      "h40/outcome_miss_final_state_mse": 0.2601659297943115,
      "h40/outcome_miss_state_mse": 0.03068951282625884,
      "h40/outcome_partial_episode_count": 3,
      "h40/outcome_partial_final_state_mse": 0.1565253547593659,
      "h40/outcome_partial_state_mse": 0.02395777515336579,
      "h40/outcome_success_episode_count": 3,
      "h40/outcome_success_final_state_mse": 0.15683115853203666,
      "h40/outcome_success_state_mse": 0.02394801152297874,
      "h40/state_mse": 0.024949544270833332,
      "h50/episode_count": 15,
      "h50/final_state_mse": 0.9445046019709967,
      "h50/outcome_drop_episode_count": 3,
      "h50/outcome_drop_final_state_mse": 0.8016417509590099,
      "h50/outcome_drop_state_mse": 0.10029017180399177,
      "h50/outcome_jam_episode_count": 3,
      "h50/outcome_jam_final_state_mse": 0.8348851110420975,
      "h50/outcome_jam_state_mse": 0.10669516469918046,
      "h50/outcome_miss_episode_count": 3,
      "h50/outcome_miss_final_state_mse": 1.5617319742838542,
      "h50/outcome_miss_state_mse": 0.19797431895935458,
      "h50/outcome_partial_episode_count": 3,
      "h50/outcome_partial_final_state_mse": 0.7591268564361373,
      "h50/outcome_partial_state_mse": 0.10233871160768995,
      "h50/outcome_success_episode_count": 3,
      "h50/outcome_success_final_state_mse": 0.765137641258489,
      "h50/outcome_success_state_mse": 0.10279763614430147,
      "h50/state_mse": 0.12201919934640523,
      "h75/episode_count": 15,
      "h75/final_state_mse": 0.7372130150888481,
      "h75/outcome_drop_episode_count": 3,
      "h75/outcome_drop_final_state_mse": 0.6227429209191815,
      "h75/outcome_drop_state_mse": 0.15473552762033632,
      "h75/outcome_jam_episode_count": 3,
      "h75/outcome_jam_final_state_mse": 0.6540742512621911,
      "h75/outcome_jam_state_mse": 0.16971033698852805,
      "h75/outcome_miss_episode_count": 3,
      "h75/outcome_miss_final_state_mse": 1.138814527224871,
      "h75/outcome_miss_state_mse": 0.351223498242613,
      "h75/outcome_partial_episode_count": 3,
      "h75/outcome_partial_final_state_mse": 0.6277458714503868,
      "h75/outcome_partial_state_mse": 0.15781064500995712,
      "h75/outcome_success_episode_count": 3,
      "h75/outcome_success_final_state_mse": 0.6426875419866026,
      "h75/outcome_success_state_mse": 0.15921828459031181,
      "h75/state_mse": 0.19853965822440087,
      "max_requested_horizon": 125,
      "reencode_period": 50,
      "rollout_mode": "periodic_50"
    }
  },
  "split": "test",
  "support_alignment": {
    "contact_phase": {
      "contact_phase_family_ari": 0.003098191521569968,
      "contact_phase_family_nmi": 0.017731049676590907,
      "contact_phase_family_purity": 0.9996668887408394,
      "contact_phase_sample_count": 3002.0,
      "h_contact_phase_given_family": 0.002368540263738667,
      "h_family_given_contact_phase": 0.4224815965832166,
      "unique_contact_phase_count": 2.0,
      "unique_family_count": 2.0
    },
    "contact_phase_alignment_available": true,
    "evaluated_state_count": 3017,
    "family_count": 2,
    "mean_family_similarity": 0.5326544046401978,
    "mean_support_size": 223.94564136559495,
    "outcome_alignment_available": true,
    "outcome_state": {
      "h_family_given_outcome": 0.0,
      "h_outcome_given_family": 1.6094379124341005,
      "outcome_family_ari": 0.0,
      "outcome_family_nmi": 0.0,
      "outcome_family_purity": 0.2,
      "outcome_sample_count": 15.0,
      "unique_family_count": 1.0,
      "unique_outcome_count": 5.0
    },
    "status": "ok",
    "unassigned_state_fraction": 0.0,
    "validation_state_count": 2346
  },
  "support_threshold": 0.2
}
{
  "best_periodic_rollout": {
    "episode_count": 15,
    "h10/episode_count": 15,
    "h10/final_state_mse": 0.0019865519081065856,
    "h10/outcome_drop_episode_count": 3,
    "h10/outcome_drop_final_state_mse": 0.0013786893873627669,
    "h10/outcome_drop_state_mse": 0.0015462720705792794,
    "h10/outcome_jam_episode_count": 3,
    "h10/outcome_jam_final_state_mse": 0.002103117118084353,
    "h10/outcome_jam_state_mse": 0.0019258200343138252,
    "h10/outcome_miss_episode_count": 3,
    "h10/outcome_miss_final_state_mse": 0.0037288809913435792,
    "h10/outcome_miss_state_mse": 0.009857261102963118,
    "h10/outcome_partial_episode_count": 3,
    "h10/outcome_partial_final_state_mse": 0.0013617754250375275,
    "h10/outcome_partial_state_mse": 0.00147329325379889,
    "h10/outcome_success_episode_count": 3,
    "h10/outcome_success_final_state_mse": 0.001360297008277544,
    "h10/outcome_success_state_mse": 0.0014713604660595164,
    "h10/selected_mode": "periodic_10",
    "h10/selected_period": 10,
    "h10/state_mse": 0.0032548014322916667,
    "h100/episode_count": 15,
    "h100/final_state_mse": 0.0037964727364334407,
    "h100/outcome_drop_episode_count": 3,
    "h100/outcome_drop_final_state_mse": 0.002584925493578506,
    "h100/outcome_drop_state_mse": 0.002038860414542404,
    "h100/outcome_jam_episode_count": 3,
    "h100/outcome_jam_final_state_mse": 0.004698224414407817,
    "h100/outcome_jam_state_mse": 0.002757193372140523,
    "h100/outcome_miss_episode_count": 3,
    "h100/outcome_miss_final_state_mse": 0.006569720488163381,
    "h100/outcome_miss_state_mse": 0.0034894943860621233,
    "h100/outcome_partial_episode_count": 3,
    "h100/outcome_partial_final_state_mse": 0.0016179117161074495,
    "h100/outcome_partial_state_mse": 0.0017534135993010078,
    "h100/outcome_success_episode_count": 3,
    "h100/outcome_success_final_state_mse": 0.003511580425539827,
    "h100/outcome_success_state_mse": 0.002201852050482058,
    "h100/selected_mode": "periodic_10",
    "h100/selected_period": 10,
    "h100/state_mse": 0.002448163001365911,
    "h125/episode_count": 15,
    "h125/final_state_mse": 0.007209066627851498,
    "h125/outcome_drop_episode_count": 3,
    "h125/outcome_drop_final_state_mse": 0.005281336800335279,
    "h125/outcome_drop_state_mse": 0.0025271562065174377,
    "h125/outcome_jam_episode_count": 3,
    "h125/outcome_jam_final_state_mse": 0.009080153226462844,
    "h125/outcome_jam_state_mse": 0.003532945670333563,
    "h125/outcome_miss_episode_count": 3,
    "h125/outcome_miss_final_state_mse": 0.012965713134583305,
    "h125/outcome_miss_state_mse": 0.004725629918715533,
    "h125/outcome_partial_episode_count": 3,
    "h125/outcome_partial_final_state_mse": 0.0017845251542680403,
    "h125/outcome_partial_state_mse": 0.0017467111325731464,
    "h125/outcome_success_episode_count": 3,
    "h125/outcome_success_final_state_mse": 0.006933606722775628,
    "h125/outcome_success_state_mse": 0.002716154011246426,
    "h125/selected_mode": "periodic_10",
    "h125/selected_period": 10,
    "h125/state_mse": 0.003049719477634804,
    "h20/episode_count": 15,
    "h20/final_state_mse": 0.0013242347567689185,
    "h20/outcome_drop_episode_count": 3,
    "h20/outcome_drop_final_state_mse": 0.0011897271413818683,
    "h20/outcome_drop_state_mse": 0.0014166492262696908,
    "h20/outcome_jam_episode_count": 3,
    "h20/outcome_jam_final_state_mse": 0.001296680031064289,
    "h20/outcome_jam_state_mse": 0.0017568771745644365,
    "h20/outcome_miss_episode_count": 3,
    "h20/outcome_miss_final_state_mse": 0.0019924931374250675,
    "h20/outcome_miss_state_mse": 0.006386074988670599,
    "h20/outcome_partial_episode_count": 3,
    "h20/outcome_partial_final_state_mse": 0.0010459701244542802,
    "h20/outcome_partial_state_mse": 0.0013352524416119444,
    "h20/outcome_success_episode_count": 3,
    "h20/outcome_success_final_state_mse": 0.0010963033860415415,
    "h20/outcome_success_state_mse": 0.001345097979688956,
    "h20/selected_mode": "periodic_10",
    "h20/selected_period": 10,
    "h20/state_mse": 0.0024479904673457924,
    "h30/episode_count": 15,
    "h30/final_state_mse": 0.0012576111781051735,
    "h30/outcome_drop_episode_count": 3,
    "h30/outcome_drop_final_state_mse": 0.0012485660563886555,
    "h30/outcome_drop_state_mse": 0.0014375159683310647,
    "h30/outcome_jam_episode_count": 3,
    "h30/outcome_jam_final_state_mse": 0.001373521715792176,
    "h30/outcome_jam_state_mse": 0.0017521928078728303,
    "h30/outcome_miss_episode_count": 3,
    "h30/outcome_miss_final_state_mse": 0.0013480082982116276,
    "h30/outcome_miss_state_mse": 0.004794360557672505,
    "h30/outcome_partial_episode_count": 3,
    "h30/outcome_partial_final_state_mse": 0.001134939747405987,
    "h30/outcome_partial_state_mse": 0.001361292172101588,
    "h30/outcome_success_episode_count": 3,
    "h30/outcome_success_final_state_mse": 0.0011830202553396911,
    "h30/outcome_success_state_mse": 0.0013718143527544143,
    "h30/selected_mode": "periodic_10",
    "h30/selected_period": 10,
    "h30/state_mse": 0.0021434353431585306,
    "h40/episode_count": 15,
    "h40/final_state_mse": 0.0015146994123271867,
    "h40/outcome_drop_episode_count": 3,
    "h40/outcome_drop_final_state_mse": 0.0015866098061106564,
    "h40/outcome_drop_state_mse": 0.001613611333510455,
    "h40/outcome_jam_episode_count": 3,
    "h40/outcome_jam_final_state_mse": 0.0014872669784072178,
    "h40/outcome_jam_state_mse": 0.0018419184715919245,
    "h40/outcome_miss_episode_count": 3,
    "h40/outcome_miss_final_state_mse": 0.0016972517071206586,
    "h40/outcome_miss_state_mse": 0.004060354341868482,
    "h40/outcome_partial_episode_count": 3,
    "h40/outcome_partial_final_state_mse": 0.0013674629815653258,
    "h40/outcome_partial_state_mse": 0.0014529624406029197,
    "h40/outcome_success_episode_count": 3,
    "h40/outcome_success_final_state_mse": 0.0014349060997464298,
    "h40/outcome_success_state_mse": 0.0014679241024590786,
    "h40/selected_mode": "periodic_10",
    "h40/selected_period": 10,
    "h40/state_mse": 0.002087354223712597,
    "h50/episode_count": 15,
    "h50/final_state_mse": 0.0017428323334338618,
    "h50/outcome_drop_episode_count": 3,
    "h50/outcome_drop_final_state_mse": 0.001525873987892874,
    "h50/outcome_drop_state_mse": 0.0017108953388687831,
    "h50/outcome_jam_episode_count": 3,
    "h50/outcome_jam_final_state_mse": 0.0022120745304752797,
    "h50/outcome_jam_state_mse": 0.002014646592483022,
    "h50/outcome_miss_episode_count": 3,
    "h50/outcome_miss_final_state_mse": 0.001722920880792967,
    "h50/outcome_miss_state_mse": 0.0036489937975515726,
    "h50/outcome_partial_episode_count": 3,
    "h50/outcome_partial_final_state_mse": 0.00161649924672507,
    "h50/outcome_partial_state_mse": 0.0015976381613538157,
    "h50/outcome_success_episode_count": 3,
    "h50/outcome_success_final_state_mse": 0.0016367924612721587,
    "h50/outcome_success_state_mse": 0.001618280815922357,
    "h50/selected_mode": "periodic_10",
    "h50/selected_period": 10,
    "h50/state_mse": 0.002118091059666054,
    "h75/episode_count": 15,
    "h75/final_state_mse": 0.0034753581277685228,
    "h75/outcome_drop_episode_count": 3,
    "h75/outcome_drop_final_state_mse": 0.00240421037074008,
    "h75/outcome_drop_state_mse": 0.0017836207138427203,
    "h75/outcome_jam_episode_count": 3,
    "h75/outcome_jam_final_state_mse": 0.0037110115772758436,
    "h75/outcome_jam_state_mse": 0.0023010767519084457,
    "h75/outcome_miss_episode_count": 3,
    "h75/outcome_miss_final_state_mse": 0.00483674556016922,
    "h75/outcome_miss_state_mse": 0.0032460205643265335,
    "h75/outcome_partial_episode_count": 3,
    "h75/outcome_partial_final_state_mse": 0.0029145729259338255,
    "h75/outcome_partial_state_mse": 0.001784396909161071,
    "h75/outcome_success_episode_count": 3,
    "h75/outcome_success_final_state_mse": 0.0035102489142636068,
    "h75/outcome_success_state_mse": 0.0018257933971928615,
    "h75/selected_mode": "periodic_10",
    "h75/selected_period": 10,
    "h75/state_mse": 0.0021881817587060867,
    "max_requested_horizon": 125,
    "periodic_reencode_periods": [
      1,
      2,
      5,
      10,
      20,
      50,
      100
    ],
    "rollout_mode": "best_periodic"
  },
  "checkpoint": "runs/maniskill_insertion/perturbation_e20_5k_lista_refine_20260604_143125/lista_relu_a0p005_sp3em4_loops2/seed0/checkpoint.pt",
  "checkpoint_step": 2500,
  "dataset": "data/maniskill/perturbation_assessment_seed0_e20/all_setups.npz",
  "device": "cuda",
  "family_jaccard": 0.4,
  "horizons": [
    10,
    20,
    30,
    40,
    50,
    75,
    100,
    125
  ],
  "labels_used_for_training": false,
  "periodic_reencode_periods": [
    1,
    2,
    5,
    10,
    20,
    50,
    100
  ],
  "rollout": {
    "episode_count": 15,
    "h10/episode_count": 15,
    "h10/final_state_mse": 0.001986551752277449,
    "h10/outcome_drop_episode_count": 3,
    "h10/outcome_drop_final_state_mse": 0.0013786890464865303,
    "h10/outcome_drop_state_mse": 0.0015462717978782902,
    "h10/outcome_jam_episode_count": 3,
    "h10/outcome_jam_final_state_mse": 0.002103116363286972,
    "h10/outcome_jam_state_mse": 0.0019258198005701202,
    "h10/outcome_miss_episode_count": 3,
    "h10/outcome_miss_final_state_mse": 0.003728880017411475,
    "h10/outcome_miss_state_mse": 0.009857261570450528,
    "h10/outcome_partial_episode_count": 3,
    "h10/outcome_partial_final_state_mse": 0.0013617757659137638,
    "h10/outcome_partial_state_mse": 0.0014732933317134582,
    "h10/outcome_success_episode_count": 3,
    "h10/outcome_success_final_state_mse": 0.0013602970326258466,
    "h10/outcome_success_state_mse": 0.0014713609530255685,
    "h10/state_mse": 0.0032548014322916667,
    "h100/episode_count": 15,
    "h100/final_state_mse": 28314.43137254902,
    "h100/outcome_drop_episode_count": 3,
    "h100/outcome_drop_final_state_mse": 26155.10763888889,
    "h100/outcome_drop_state_mse": 1235.4287540849673,
    "h100/outcome_jam_episode_count": 3,
    "h100/outcome_jam_final_state_mse": 25694.3491625817,
    "h100/outcome_jam_state_mse": 1204.5573161764705,
    "h100/outcome_miss_episode_count": 3,
    "h100/outcome_miss_final_state_mse": 36004.2614379085,
    "h100/outcome_miss_state_mse": 1936.6331862745099,
    "h100/outcome_partial_episode_count": 3,
    "h100/outcome_partial_final_state_mse": 26849.198835784315,
    "h100/outcome_partial_state_mse": 1265.9100163398693,
    "h100/outcome_success_episode_count": 3,
    "h100/outcome_success_final_state_mse": 26869.22753267974,
    "h100/outcome_success_state_mse": 1265.2079616013073,
    "h100/state_mse": 1381.5475032679738,
    "h125/episode_count": 15,
    "h125/final_state_mse": 8963301.563398693,
    "h125/outcome_drop_episode_count": 3,
    "h125/outcome_drop_final_state_mse": 10178244.810457516,
    "h125/outcome_drop_state_mse": 380379.1493856209,
    "h125/outcome_jam_episode_count": 3,
    "h125/outcome_jam_final_state_mse": 10154479.05882353,
    "h125/outcome_jam_state_mse": 374521.59498039214,
    "h125/outcome_miss_episode_count": 3,
    "h125/outcome_miss_final_state_mse": 4468171.816993464,
    "h125/outcome_miss_state_mse": 189718.57819607842,
    "h125/outcome_partial_episode_count": 3,
    "h125/outcome_partial_final_state_mse": 9951548.758169934,
    "h125/outcome_partial_state_mse": 376165.44962091505,
    "h125/outcome_success_episode_count": 3,
    "h125/outcome_success_final_state_mse": 10064064.62745098,
    "h125/outcome_success_state_mse": 379109.5500130719,
    "h125/state_mse": 339978.8584156863,
    "h20/episode_count": 15,
    "h20/final_state_mse": 0.004286589653663386,
    "h20/outcome_drop_episode_count": 3,
    "h20/outcome_drop_final_state_mse": 0.0042027144455442245,
    "h20/outcome_drop_state_mse": 0.0019401894675360786,
    "h20/outcome_jam_episode_count": 3,
    "h20/outcome_jam_final_state_mse": 0.004531645794319951,
    "h20/outcome_jam_state_mse": 0.0022778419108172646,
    "h20/outcome_miss_episode_count": 3,
    "h20/outcome_miss_final_state_mse": 0.00425064398182763,
    "h20/outcome_miss_state_mse": 0.006435945143107496,
    "h20/outcome_partial_episode_count": 3,
    "h20/outcome_partial_final_state_mse": 0.004160571916430604,
    "h20/outcome_partial_state_mse": 0.0018640548185585371,
    "h20/outcome_success_episode_count": 3,
    "h20/outcome_success_final_state_mse": 0.004287371448442048,
    "h20/outcome_success_state_mse": 0.001876176416484359,
    "h20/state_mse": 0.0028788418240017362,
    "h30/episode_count": 15,
    "h30/final_state_mse": 0.022019031001072303,
    "h30/outcome_drop_episode_count": 3,
    "h30/outcome_drop_final_state_mse": 0.022326152698666443,
    "h30/outcome_drop_state_mse": 0.005059750147634602,
    "h30/outcome_jam_episode_count": 3,
    "h30/outcome_jam_final_state_mse": 0.023075931212481332,
    "h30/outcome_jam_state_mse": 0.005489279138236784,
    "h30/outcome_miss_episode_count": 3,
    "h30/outcome_miss_final_state_mse": 0.018637333040923076,
    "h30/outcome_miss_state_mse": 0.007494024201935413,
    "h30/outcome_partial_episode_count": 3,
    "h30/outcome_partial_final_state_mse": 0.022968376384061927,
    "h30/outcome_partial_state_mse": 0.0049932737495904395,
    "h30/outcome_success_episode_count": 3,
    "h30/outcome_success_final_state_mse": 0.02308735972136454,
    "h30/outcome_success_state_mse": 0.005014412491409867,
    "h30/state_mse": 0.005610148111979167,
    "h40/episode_count": 15,
    "h40/final_state_mse": 0.21807861328125,
    "h40/outcome_drop_episode_count": 3,
    "h40/outcome_drop_final_state_mse": 0.18198194534950007,
    "h40/outcome_drop_state_mse": 0.024924531637453565,
    "h40/outcome_jam_episode_count": 3,
    "h40/outcome_jam_final_state_mse": 0.20034660856708203,
    "h40/outcome_jam_state_mse": 0.026981593113319546,
    "h40/outcome_miss_episode_count": 3,
    "h40/outcome_miss_final_state_mse": 0.3029264998591803,
    "h40/outcome_miss_state_mse": 0.033900623072206586,
    "h40/outcome_partial_episode_count": 3,
    "h40/outcome_partial_final_state_mse": 0.2031726790409462,
    "h40/outcome_partial_state_mse": 0.027029695074542674,
    "h40/outcome_success_episode_count": 3,
    "h40/outcome_success_final_state_mse": 0.2019654442282284,
    "h40/outcome_success_state_mse": 0.02686985957077126,
    "h40/state_mse": 0.02794126024433211,
    "h50/episode_count": 15,
    "h50/final_state_mse": 1.3080338222528596,
    "h50/outcome_drop_episode_count": 3,
    "h50/outcome_drop_final_state_mse": 1.19235022551094,
    "h50/outcome_drop_state_mse": 0.14304933336046008,
    "h50/outcome_jam_episode_count": 3,
    "h50/outcome_jam_final_state_mse": 1.203950028014339,
    "h50/outcome_jam_state_mse": 0.1475522808000153,
    "h50/outcome_miss_episode_count": 3,
    "h50/outcome_miss_final_state_mse": 1.8670776965571385,
    "h50/outcome_miss_state_mse": 0.23577705931819343,
    "h50/outcome_partial_episode_count": 3,
    "h50/outcome_partial_final_state_mse": 1.1315798541299658,
    "h50/outcome_partial_state_mse": 0.1437871297200521,
    "h50/outcome_success_episode_count": 3,
    "h50/outcome_success_final_state_mse": 1.145211693508173,
    "h50/outcome_success_state_mse": 0.14447900510301778,
    "h50/state_mse": 0.16292895986519607,
    "h75/episode_count": 15,
    "h75/final_state_mse": 95.00994689542483,
    "h75/outcome_drop_episode_count": 3,
    "h75/outcome_drop_final_state_mse": 84.23961764067606,
    "h75/outcome_drop_state_mse": 6.24457482298475,
    "h75/outcome_jam_episode_count": 3,
    "h75/outcome_jam_final_state_mse": 81.5614763646344,
    "h75/outcome_jam_state_mse": 5.97312397875817,
    "h75/outcome_miss_episode_count": 3,
    "h75/outcome_miss_final_state_mse": 136.27266359017565,
    "h75/outcome_miss_state_mse": 9.281063112745098,
    "h75/outcome_partial_episode_count": 3,
    "h75/outcome_partial_final_state_mse": 86.3908495934181,
    "h75/outcome_partial_state_mse": 6.212852030569172,
    "h75/outcome_success_episode_count": 3,
    "h75/outcome_success_final_state_mse": 86.58513127744587,
    "h75/outcome_success_state_mse": 6.2628622004357295,
    "h75/state_mse": 6.794895424836601,
    "max_requested_horizon": 125,
    "reencode_period": null,
    "rollout_mode": "no_reencode"
  },
  "rollout_modes": {
    "no_reencode": {
      "episode_count": 15,
      "h10/episode_count": 15,
      "h10/final_state_mse": 0.001986551752277449,
      "h10/outcome_drop_episode_count": 3,
      "h10/outcome_drop_final_state_mse": 0.0013786890464865303,
      "h10/outcome_drop_state_mse": 0.0015462717978782902,
      "h10/outcome_jam_episode_count": 3,
      "h10/outcome_jam_final_state_mse": 0.002103116363286972,
      "h10/outcome_jam_state_mse": 0.0019258198005701202,
      "h10/outcome_miss_episode_count": 3,
      "h10/outcome_miss_final_state_mse": 0.003728880017411475,
      "h10/outcome_miss_state_mse": 0.009857261570450528,
      "h10/outcome_partial_episode_count": 3,
      "h10/outcome_partial_final_state_mse": 0.0013617757659137638,
      "h10/outcome_partial_state_mse": 0.0014732933317134582,
      "h10/outcome_success_episode_count": 3,
      "h10/outcome_success_final_state_mse": 0.0013602970326258466,
      "h10/outcome_success_state_mse": 0.0014713609530255685,
      "h10/state_mse": 0.0032548014322916667,
      "h100/episode_count": 15,
      "h100/final_state_mse": 28314.43137254902,
      "h100/outcome_drop_episode_count": 3,
      "h100/outcome_drop_final_state_mse": 26155.10763888889,
      "h100/outcome_drop_state_mse": 1235.4287540849673,
      "h100/outcome_jam_episode_count": 3,
      "h100/outcome_jam_final_state_mse": 25694.3491625817,
      "h100/outcome_jam_state_mse": 1204.5573161764705,
      "h100/outcome_miss_episode_count": 3,
      "h100/outcome_miss_final_state_mse": 36004.2614379085,
      "h100/outcome_miss_state_mse": 1936.6331862745099,
      "h100/outcome_partial_episode_count": 3,
      "h100/outcome_partial_final_state_mse": 26849.198835784315,
      "h100/outcome_partial_state_mse": 1265.9100163398693,
      "h100/outcome_success_episode_count": 3,
      "h100/outcome_success_final_state_mse": 26869.22753267974,
      "h100/outcome_success_state_mse": 1265.2079616013073,
      "h100/state_mse": 1381.5475032679738,
      "h125/episode_count": 15,
      "h125/final_state_mse": 8963301.563398693,
      "h125/outcome_drop_episode_count": 3,
      "h125/outcome_drop_final_state_mse": 10178244.810457516,
      "h125/outcome_drop_state_mse": 380379.1493856209,
      "h125/outcome_jam_episode_count": 3,
      "h125/outcome_jam_final_state_mse": 10154479.05882353,
      "h125/outcome_jam_state_mse": 374521.59498039214,
      "h125/outcome_miss_episode_count": 3,
      "h125/outcome_miss_final_state_mse": 4468171.816993464,
      "h125/outcome_miss_state_mse": 189718.57819607842,
      "h125/outcome_partial_episode_count": 3,
      "h125/outcome_partial_final_state_mse": 9951548.758169934,
      "h125/outcome_partial_state_mse": 376165.44962091505,
      "h125/outcome_success_episode_count": 3,
      "h125/outcome_success_final_state_mse": 10064064.62745098,
      "h125/outcome_success_state_mse": 379109.5500130719,
      "h125/state_mse": 339978.8584156863,
      "h20/episode_count": 15,
      "h20/final_state_mse": 0.004286589653663386,
      "h20/outcome_drop_episode_count": 3,
      "h20/outcome_drop_final_state_mse": 0.0042027144455442245,
      "h20/outcome_drop_state_mse": 0.0019401894675360786,
      "h20/outcome_jam_episode_count": 3,
      "h20/outcome_jam_final_state_mse": 0.004531645794319951,
      "h20/outcome_jam_state_mse": 0.0022778419108172646,
      "h20/outcome_miss_episode_count": 3,
      "h20/outcome_miss_final_state_mse": 0.00425064398182763,
      "h20/outcome_miss_state_mse": 0.006435945143107496,
      "h20/outcome_partial_episode_count": 3,
      "h20/outcome_partial_final_state_mse": 0.004160571916430604,
      "h20/outcome_partial_state_mse": 0.0018640548185585371,
      "h20/outcome_success_episode_count": 3,
      "h20/outcome_success_final_state_mse": 0.004287371448442048,
      "h20/outcome_success_state_mse": 0.001876176416484359,
      "h20/state_mse": 0.0028788418240017362,
      "h30/episode_count": 15,
      "h30/final_state_mse": 0.022019031001072303,
      "h30/outcome_drop_episode_count": 3,
      "h30/outcome_drop_final_state_mse": 0.022326152698666443,
      "h30/outcome_drop_state_mse": 0.005059750147634602,
      "h30/outcome_jam_episode_count": 3,
      "h30/outcome_jam_final_state_mse": 0.023075931212481332,
      "h30/outcome_jam_state_mse": 0.005489279138236784,
      "h30/outcome_miss_episode_count": 3,
      "h30/outcome_miss_final_state_mse": 0.018637333040923076,
      "h30/outcome_miss_state_mse": 0.007494024201935413,
      "h30/outcome_partial_episode_count": 3,
      "h30/outcome_partial_final_state_mse": 0.022968376384061927,
      "h30/outcome_partial_state_mse": 0.0049932737495904395,
      "h30/outcome_success_episode_count": 3,
      "h30/outcome_success_final_state_mse": 0.02308735972136454,
      "h30/outcome_success_state_mse": 0.005014412491409867,
      "h30/state_mse": 0.005610148111979167,
      "h40/episode_count": 15,
      "h40/final_state_mse": 0.21807861328125,
      "h40/outcome_drop_episode_count": 3,
      "h40/outcome_drop_final_state_mse": 0.18198194534950007,
      "h40/outcome_drop_state_mse": 0.024924531637453565,
      "h40/outcome_jam_episode_count": 3,
      "h40/outcome_jam_final_state_mse": 0.20034660856708203,
      "h40/outcome_jam_state_mse": 0.026981593113319546,
      "h40/outcome_miss_episode_count": 3,
      "h40/outcome_miss_final_state_mse": 0.3029264998591803,
      "h40/outcome_miss_state_mse": 0.033900623072206586,
      "h40/outcome_partial_episode_count": 3,
      "h40/outcome_partial_final_state_mse": 0.2031726790409462,
      "h40/outcome_partial_state_mse": 0.027029695074542674,
      "h40/outcome_success_episode_count": 3,
      "h40/outcome_success_final_state_mse": 0.2019654442282284,
      "h40/outcome_success_state_mse": 0.02686985957077126,
      "h40/state_mse": 0.02794126024433211,
      "h50/episode_count": 15,
      "h50/final_state_mse": 1.3080338222528596,
      "h50/outcome_drop_episode_count": 3,
      "h50/outcome_drop_final_state_mse": 1.19235022551094,
      "h50/outcome_drop_state_mse": 0.14304933336046008,
      "h50/outcome_jam_episode_count": 3,
      "h50/outcome_jam_final_state_mse": 1.203950028014339,
      "h50/outcome_jam_state_mse": 0.1475522808000153,
      "h50/outcome_miss_episode_count": 3,
      "h50/outcome_miss_final_state_mse": 1.8670776965571385,
      "h50/outcome_miss_state_mse": 0.23577705931819343,
      "h50/outcome_partial_episode_count": 3,
      "h50/outcome_partial_final_state_mse": 1.1315798541299658,
      "h50/outcome_partial_state_mse": 0.1437871297200521,
      "h50/outcome_success_episode_count": 3,
      "h50/outcome_success_final_state_mse": 1.145211693508173,
      "h50/outcome_success_state_mse": 0.14447900510301778,
      "h50/state_mse": 0.16292895986519607,
      "h75/episode_count": 15,
      "h75/final_state_mse": 95.00994689542483,
      "h75/outcome_drop_episode_count": 3,
      "h75/outcome_drop_final_state_mse": 84.23961764067606,
      "h75/outcome_drop_state_mse": 6.24457482298475,
      "h75/outcome_jam_episode_count": 3,
      "h75/outcome_jam_final_state_mse": 81.5614763646344,
      "h75/outcome_jam_state_mse": 5.97312397875817,
      "h75/outcome_miss_episode_count": 3,
      "h75/outcome_miss_final_state_mse": 136.27266359017565,
      "h75/outcome_miss_state_mse": 9.281063112745098,
      "h75/outcome_partial_episode_count": 3,
      "h75/outcome_partial_final_state_mse": 86.3908495934181,
      "h75/outcome_partial_state_mse": 6.212852030569172,
      "h75/outcome_success_episode_count": 3,
      "h75/outcome_success_final_state_mse": 86.58513127744587,
      "h75/outcome_success_state_mse": 6.2628622004357295,
      "h75/state_mse": 6.794895424836601,
      "max_requested_horizon": 125,
      "reencode_period": null,
      "rollout_mode": "no_reencode"
    },
    "periodic_1": {
      "episode_count": 15,
      "h10/episode_count": 15,
      "h10/final_state_mse": 0.0036180542964561312,
      "h10/outcome_drop_episode_count": 3,
      "h10/outcome_drop_final_state_mse": 0.0030265493817578735,
      "h10/outcome_drop_state_mse": 0.002688202826805364,
      "h10/outcome_jam_episode_count": 3,
      "h10/outcome_jam_final_state_mse": 0.003271825514198129,
      "h10/outcome_jam_state_mse": 0.002958921747269973,
      "h10/outcome_miss_episode_count": 3,
      "h10/outcome_miss_final_state_mse": 0.005920966661054325,
      "h10/outcome_miss_state_mse": 0.011137500775405785,
      "h10/outcome_partial_episode_count": 3,
      "h10/outcome_partial_final_state_mse": 0.0028751417020567104,
      "h10/outcome_partial_state_mse": 0.0025519840857561897,
      "h10/outcome_success_episode_count": 3,
      "h10/outcome_success_final_state_mse": 0.002995789684111776,
      "h10/outcome_success_state_mse": 0.0025953485295663473,
      "h10/state_mse": 0.0043863912345537175,
      "h100/episode_count": 15,
      "h100/final_state_mse": 0.00810898674858941,
      "h100/outcome_drop_episode_count": 3,
      "h100/outcome_drop_final_state_mse": 0.011027846071455214,
      "h100/outcome_drop_state_mse": 0.005689907198637919,
      "h100/outcome_jam_episode_count": 3,
      "h100/outcome_jam_final_state_mse": 0.005545201839185229,
      "h100/outcome_jam_state_mse": 0.006451954436458014,
      "h100/outcome_miss_episode_count": 3,
      "h100/outcome_miss_final_state_mse": 0.012491724557346769,
      "h100/outcome_miss_state_mse": 0.007342297797109566,
      "h100/outcome_partial_episode_count": 3,
      "h100/outcome_partial_final_state_mse": 0.006037717356401331,
      "h100/outcome_partial_state_mse": 0.0058001778795828225,
      "h100/outcome_success_episode_count": 3,
      "h100/outcome_success_final_state_mse": 0.005442442847233193,
      "h100/outcome_success_state_mse": 0.0061806986690346715,
      "h100/state_mse": 0.006293006647646038,
      "h125/episode_count": 15,
      "h125/final_state_mse": 0.011073963938195722,
      "h125/outcome_drop_episode_count": 3,
      "h125/outcome_drop_final_state_mse": 0.010300094980040407,
      "h125/outcome_drop_state_mse": 0.006451498293409161,
      "h125/outcome_jam_episode_count": 3,
      "h125/outcome_jam_final_state_mse": 0.01012642847167121,
      "h125/outcome_jam_state_mse": 0.006464128382065717,
      "h125/outcome_miss_episode_count": 3,
      "h125/outcome_miss_final_state_mse": 0.0101763473616706,
      "h125/outcome_miss_state_mse": 0.008258803024790646,
      "h125/outcome_partial_episode_count": 3,
      "h125/outcome_partial_final_state_mse": 0.0064525289424494205,
      "h125/outcome_partial_state_mse": 0.0057985965504365805,
      "h125/outcome_success_episode_count": 3,
      "h125/outcome_success_final_state_mse": 0.018314416794215933,
      "h125/outcome_success_state_mse": 0.006990936379027523,
      "h125/state_mse": 0.006792792585784314,
      "h20/episode_count": 15,
      "h20/final_state_mse": 0.0039414087931315105,
      "h20/outcome_drop_episode_count": 3,
      "h20/outcome_drop_final_state_mse": 0.00333749834034178,
      "h20/outcome_drop_state_mse": 0.003005751636293199,
      "h20/outcome_jam_episode_count": 3,
      "h20/outcome_jam_final_state_mse": 0.0035352270587597017,
      "h20/outcome_jam_state_mse": 0.0033189449434966045,
      "h20/outcome_miss_episode_count": 3,
      "h20/outcome_miss_final_state_mse": 0.006250743772469315,
      "h20/outcome_miss_state_mse": 0.008730167345283858,
      "h20/outcome_partial_episode_count": 3,
      "h20/outcome_partial_final_state_mse": 0.0032629761723131914,
      "h20/outcome_partial_state_mse": 0.0029173067582198998,
      "h20/outcome_success_episode_count": 3,
      "h20/outcome_success_final_state_mse": 0.0033205969904372894,
      "h20/outcome_success_state_mse": 0.0029673720886504726,
      "h20/state_mse": 0.004187908297270731,
      "h30/episode_count": 15,
      "h30/final_state_mse": 0.004446722479427562,
      "h30/outcome_drop_episode_count": 3,
      "h30/outcome_drop_final_state_mse": 0.004157362615360934,
      "h30/outcome_drop_state_mse": 0.003141611905399231,
      "h30/outcome_jam_episode_count": 3,
      "h30/outcome_jam_final_state_mse": 0.0040825591270440545,
      "h30/outcome_jam_state_mse": 0.0034696538463916656,
      "h30/outcome_miss_episode_count": 3,
      "h30/outcome_miss_final_state_mse": 0.005825677923127717,
      "h30/outcome_miss_state_mse": 0.007684234752114822,
      "h30/outcome_partial_episode_count": 3,
      "h30/outcome_partial_final_state_mse": 0.003983943193566566,
      "h30/outcome_partial_state_mse": 0.0030589933748598453,
      "h30/outcome_success_episode_count": 3,
      "h30/outcome_success_final_state_mse": 0.0041840684180166204,
      "h30/outcome_success_state_mse": 0.003104134686372379,
      "h30/state_mse": 0.0040917254013693154,
      "h40/episode_count": 15,
      "h40/final_state_mse": 0.006196041356504353,
      "h40/outcome_drop_episode_count": 3,
      "h40/outcome_drop_final_state_mse": 0.005793421194444295,
      "h40/outcome_drop_state_mse": 0.003667333079319374,
      "h40/outcome_jam_episode_count": 3,
      "h40/outcome_jam_final_state_mse": 0.006470474542356005,
      "h40/outcome_jam_state_mse": 0.003954118685005537,
      "h40/outcome_miss_episode_count": 3,
      "h40/outcome_miss_final_state_mse": 0.005391620732600393,
      "h40/outcome_miss_state_mse": 0.007090198292451747,
      "h40/outcome_partial_episode_count": 3,
      "h40/outcome_partial_final_state_mse": 0.006627576510890637,
      "h40/outcome_partial_state_mse": 0.003558846782235538,
      "h40/outcome_success_episode_count": 3,
      "h40/outcome_success_final_state_mse": 0.006697112730905122,
      "h40/outcome_success_state_mse": 0.0036028462297776165,
      "h40/state_mse": 0.004374668894250409,
      "h50/episode_count": 15,
      "h50/final_state_mse": 0.00940454582762874,
      "h50/outcome_drop_episode_count": 3,
      "h50/outcome_drop_final_state_mse": 0.009521861481510735,
      "h50/outcome_drop_state_mse": 0.004416420257169437,
      "h50/outcome_jam_episode_count": 3,
      "h50/outcome_jam_final_state_mse": 0.008769844676934037,
      "h50/outcome_jam_state_mse": 0.005073771507911433,
      "h50/outcome_miss_episode_count": 3,
      "h50/outcome_miss_final_state_mse": 0.0058562802333457795,
      "h50/outcome_miss_state_mse": 0.006922045439676522,
      "h50/outcome_partial_episode_count": 3,
      "h50/outcome_partial_final_state_mse": 0.01139058815497978,
      "h50/outcome_partial_state_mse": 0.0047397941389894175,
      "h50/outcome_success_episode_count": 3,
      "h50/outcome_success_final_state_mse": 0.011484154396586947,
      "h50/outcome_success_state_mse": 0.0047854393603754975,
      "h50/state_mse": 0.005187494415083742,
      "h75/episode_count": 15,
      "h75/final_state_mse": 0.0077775319417317705,
      "h75/outcome_drop_episode_count": 3,
      "h75/outcome_drop_final_state_mse": 0.005957694712028005,
      "h75/outcome_drop_state_mse": 0.005120547425513174,
      "h75/outcome_jam_episode_count": 3,
      "h75/outcome_jam_final_state_mse": 0.00758209181766884,
      "h75/outcome_jam_state_mse": 0.006480884759774135,
      "h75/outcome_miss_episode_count": 3,
      "h75/outcome_miss_final_state_mse": 0.011396807198430978,
      "h75/outcome_miss_state_mse": 0.006738994656564883,
      "h75/outcome_partial_episode_count": 3,
      "h75/outcome_partial_final_state_mse": 0.006055846128588408,
      "h75/outcome_partial_state_mse": 0.006141199182581019,
      "h75/outcome_success_episode_count": 3,
      "h75/outcome_success_final_state_mse": 0.0078952215076272,
      "h75/outcome_success_state_mse": 0.006266623270537599,
      "h75/state_mse": 0.006149649692776416,
      "max_requested_horizon": 125,
      "reencode_period": 1,
      "rollout_mode": "periodic_1"
    },
    "periodic_10": {
      "episode_count": 15,
      "h10/episode_count": 15,
      "h10/final_state_mse": 0.0019865519081065856,
      "h10/outcome_drop_episode_count": 3,
      "h10/outcome_drop_final_state_mse": 0.0013786893873627669,
      "h10/outcome_drop_state_mse": 0.0015462720705792794,
      "h10/outcome_jam_episode_count": 3,
      "h10/outcome_jam_final_state_mse": 0.002103117118084353,
      "h10/outcome_jam_state_mse": 0.0019258200343138252,
      "h10/outcome_miss_episode_count": 3,
      "h10/outcome_miss_final_state_mse": 0.0037288809913435792,
      "h10/outcome_miss_state_mse": 0.009857261102963118,
      "h10/outcome_partial_episode_count": 3,
      "h10/outcome_partial_final_state_mse": 0.0013617754250375275,
      "h10/outcome_partial_state_mse": 0.00147329325379889,
      "h10/outcome_success_episode_count": 3,
      "h10/outcome_success_final_state_mse": 0.001360297008277544,
      "h10/outcome_success_state_mse": 0.0014713604660595164,
      "h10/state_mse": 0.0032548014322916667,
      "h100/episode_count": 15,
      "h100/final_state_mse": 0.0037964727364334407,
      "h100/outcome_drop_episode_count": 3,
      "h100/outcome_drop_final_state_mse": 0.002584925493578506,
      "h100/outcome_drop_state_mse": 0.002038860414542404,
      "h100/outcome_jam_episode_count": 3,
      "h100/outcome_jam_final_state_mse": 0.004698224414407817,
      "h100/outcome_jam_state_mse": 0.002757193372140523,
      "h100/outcome_miss_episode_count": 3,
      "h100/outcome_miss_final_state_mse": 0.006569720488163381,
      "h100/outcome_miss_state_mse": 0.0034894943860621233,
      "h100/outcome_partial_episode_count": 3,
      "h100/outcome_partial_final_state_mse": 0.0016179117161074495,
      "h100/outcome_partial_state_mse": 0.0017534135993010078,
      "h100/outcome_success_episode_count": 3,
      "h100/outcome_success_final_state_mse": 0.003511580425539827,
      "h100/outcome_success_state_mse": 0.002201852050482058,
      "h100/state_mse": 0.002448163001365911,
      "h125/episode_count": 15,
      "h125/final_state_mse": 0.007209066627851498,
      "h125/outcome_drop_episode_count": 3,
      "h125/outcome_drop_final_state_mse": 0.005281336800335279,
      "h125/outcome_drop_state_mse": 0.0025271562065174377,
      "h125/outcome_jam_episode_count": 3,
      "h125/outcome_jam_final_state_mse": 0.009080153226462844,
      "h125/outcome_jam_state_mse": 0.003532945670333563,
      "h125/outcome_miss_episode_count": 3,
      "h125/outcome_miss_final_state_mse": 0.012965713134583305,
      "h125/outcome_miss_state_mse": 0.004725629918715533,
      "h125/outcome_partial_episode_count": 3,
      "h125/outcome_partial_final_state_mse": 0.0017845251542680403,
      "h125/outcome_partial_state_mse": 0.0017467111325731464,
      "h125/outcome_success_episode_count": 3,
      "h125/outcome_success_final_state_mse": 0.006933606722775628,
      "h125/outcome_success_state_mse": 0.002716154011246426,
      "h125/state_mse": 0.003049719477634804,
      "h20/episode_count": 15,
      "h20/final_state_mse": 0.0013242347567689185,
      "h20/outcome_drop_episode_count": 3,
      "h20/outcome_drop_final_state_mse": 0.0011897271413818683,
      "h20/outcome_drop_state_mse": 0.0014166492262696908,
      "h20/outcome_jam_episode_count": 3,
      "h20/outcome_jam_final_state_mse": 0.001296680031064289,
      "h20/outcome_jam_state_mse": 0.0017568771745644365,
      "h20/outcome_miss_episode_count": 3,
      "h20/outcome_miss_final_state_mse": 0.0019924931374250675,
      "h20/outcome_miss_state_mse": 0.006386074988670599,
      "h20/outcome_partial_episode_count": 3,
      "h20/outcome_partial_final_state_mse": 0.0010459701244542802,
      "h20/outcome_partial_state_mse": 0.0013352524416119444,
      "h20/outcome_success_episode_count": 3,
      "h20/outcome_success_final_state_mse": 0.0010963033860415415,
      "h20/outcome_success_state_mse": 0.001345097979688956,
      "h20/state_mse": 0.0024479904673457924,
      "h30/episode_count": 15,
      "h30/final_state_mse": 0.0012576111781051735,
      "h30/outcome_drop_episode_count": 3,
      "h30/outcome_drop_final_state_mse": 0.0012485660563886555,
      "h30/outcome_drop_state_mse": 0.0014375159683310647,
      "h30/outcome_jam_episode_count": 3,
      "h30/outcome_jam_final_state_mse": 0.001373521715792176,
      "h30/outcome_jam_state_mse": 0.0017521928078728303,
      "h30/outcome_miss_episode_count": 3,
      "h30/outcome_miss_final_state_mse": 0.0013480082982116276,
      "h30/outcome_miss_state_mse": 0.004794360557672505,
      "h30/outcome_partial_episode_count": 3,
      "h30/outcome_partial_final_state_mse": 0.001134939747405987,
      "h30/outcome_partial_state_mse": 0.001361292172101588,
      "h30/outcome_success_episode_count": 3,
      "h30/outcome_success_final_state_mse": 0.0011830202553396911,
      "h30/outcome_success_state_mse": 0.0013718143527544143,
      "h30/state_mse": 0.0021434353431585306,
      "h40/episode_count": 15,
      "h40/final_state_mse": 0.0015146994123271867,
      "h40/outcome_drop_episode_count": 3,
      "h40/outcome_drop_final_state_mse": 0.0015866098061106564,
      "h40/outcome_drop_state_mse": 0.001613611333510455,
      "h40/outcome_jam_episode_count": 3,
      "h40/outcome_jam_final_state_mse": 0.0014872669784072178,
      "h40/outcome_jam_state_mse": 0.0018419184715919245,
      "h40/outcome_miss_episode_count": 3,
      "h40/outcome_miss_final_state_mse": 0.0016972517071206586,
      "h40/outcome_miss_state_mse": 0.004060354341868482,
      "h40/outcome_partial_episode_count": 3,
      "h40/outcome_partial_final_state_mse": 0.0013674629815653258,
      "h40/outcome_partial_state_mse": 0.0014529624406029197,
      "h40/outcome_success_episode_count": 3,
      "h40/outcome_success_final_state_mse": 0.0014349060997464298,
      "h40/outcome_success_state_mse": 0.0014679241024590786,
      "h40/state_mse": 0.002087354223712597,
      "h50/episode_count": 15,
      "h50/final_state_mse": 0.0017428323334338618,
      "h50/outcome_drop_episode_count": 3,
      "h50/outcome_drop_final_state_mse": 0.001525873987892874,
      "h50/outcome_drop_state_mse": 0.0017108953388687831,
      "h50/outcome_jam_episode_count": 3,
      "h50/outcome_jam_final_state_mse": 0.0022120745304752797,
      "h50/outcome_jam_state_mse": 0.002014646592483022,
      "h50/outcome_miss_episode_count": 3,
      "h50/outcome_miss_final_state_mse": 0.001722920880792967,
      "h50/outcome_miss_state_mse": 0.0036489937975515726,
      "h50/outcome_partial_episode_count": 3,
      "h50/outcome_partial_final_state_mse": 0.00161649924672507,
      "h50/outcome_partial_state_mse": 0.0015976381613538157,
      "h50/outcome_success_episode_count": 3,
      "h50/outcome_success_final_state_mse": 0.0016367924612721587,
      "h50/outcome_success_state_mse": 0.001618280815922357,
      "h50/state_mse": 0.002118091059666054,
      "h75/episode_count": 15,
      "h75/final_state_mse": 0.0034753581277685228,
      "h75/outcome_drop_episode_count": 3,
      "h75/outcome_drop_final_state_mse": 0.00240421037074008,
      "h75/outcome_drop_state_mse": 0.0017836207138427203,
      "h75/outcome_jam_episode_count": 3,
      "h75/outcome_jam_final_state_mse": 0.0037110115772758436,
      "h75/outcome_jam_state_mse": 0.0023010767519084457,
      "h75/outcome_miss_episode_count": 3,
      "h75/outcome_miss_final_state_mse": 0.00483674556016922,
      "h75/outcome_miss_state_mse": 0.0032460205643265335,
      "h75/outcome_partial_episode_count": 3,
      "h75/outcome_partial_final_state_mse": 0.0029145729259338255,
      "h75/outcome_partial_state_mse": 0.001784396909161071,
      "h75/outcome_success_episode_count": 3,
      "h75/outcome_success_final_state_mse": 0.0035102489142636068,
      "h75/outcome_success_state_mse": 0.0018257933971928615,
      "h75/state_mse": 0.0021881817587060867,
      "max_requested_horizon": 125,
      "reencode_period": 10,
      "rollout_mode": "periodic_10"
    },
    "periodic_100": {
      "episode_count": 15,
      "h10/episode_count": 15,
      "h10/final_state_mse": 0.0019865519081065856,
      "h10/outcome_drop_episode_count": 3,
      "h10/outcome_drop_final_state_mse": 0.0013786893873627669,
      "h10/outcome_drop_state_mse": 0.0015462720705792794,
      "h10/outcome_jam_episode_count": 3,
      "h10/outcome_jam_final_state_mse": 0.002103117118084353,
      "h10/outcome_jam_state_mse": 0.0019258200343138252,
      "h10/outcome_miss_episode_count": 3,
      "h10/outcome_miss_final_state_mse": 0.0037288809913435792,
      "h10/outcome_miss_state_mse": 0.009857261102963118,
      "h10/outcome_partial_episode_count": 3,
      "h10/outcome_partial_final_state_mse": 0.0013617754250375275,
      "h10/outcome_partial_state_mse": 0.00147329325379889,
      "h10/outcome_success_episode_count": 3,
      "h10/outcome_success_final_state_mse": 0.001360297008277544,
      "h10/outcome_success_state_mse": 0.0014713604660595164,
      "h10/state_mse": 0.0032548014322916667,
      "h100/episode_count": 15,
      "h100/final_state_mse": 28314.43137254902,
      "h100/outcome_drop_episode_count": 3,
      "h100/outcome_drop_final_state_mse": 26155.10794526144,
      "h100/outcome_drop_state_mse": 1235.4286437908497,
      "h100/outcome_jam_episode_count": 3,
      "h100/outcome_jam_final_state_mse": 25694.35631127451,
      "h100/outcome_jam_state_mse": 1204.5573243464053,
      "h100/outcome_miss_episode_count": 3,
      "h100/outcome_miss_final_state_mse": 36004.26184640523,
      "h100/outcome_miss_state_mse": 1936.6331535947713,
      "h100/outcome_partial_episode_count": 3,
      "h100/outcome_partial_final_state_mse": 26849.1935253268,
      "h100/outcome_partial_state_mse": 1265.909873366013,
      "h100/outcome_success_episode_count": 3,
      "h100/outcome_success_final_state_mse": 26869.228043300653,
      "h100/outcome_success_state_mse": 1265.2079697712418,
      "h100/state_mse": 1381.5473986928105,
      "h125/episode_count": 15,
      "h125/final_state_mse": 8337.290196078431,
      "h125/outcome_drop_episode_count": 3,
      "h125/outcome_drop_final_state_mse": 7200.047079248366,
      "h125/outcome_drop_state_mse": 1875.5219869281045,
      "h125/outcome_jam_episode_count": 3,
      "h125/outcome_jam_final_state_mse": 7622.666156045751,
      "h125/outcome_jam_state_mse": 1827.7410588235293,
      "h125/outcome_miss_episode_count": 3,
      "h125/outcome_miss_final_state_mse": 12149.50474877451,
      "h125/outcome_miss_state_mse": 2880.747137254902,
      "h125/outcome_partial_episode_count": 3,
      "h125/outcome_partial_final_state_mse": 7307.15625,
      "h125/outcome_partial_state_mse": 1898.196339869281,
      "h125/outcome_success_episode_count": 3,
      "h125/outcome_success_final_state_mse": 7407.072610294118,
      "h125/outcome_success_state_mse": 1907.0994640522877,
      "h125/state_mse": 2077.860977777778,
      "h20/episode_count": 15,
      "h20/final_state_mse": 0.004286589342005113,
      "h20/outcome_drop_episode_count": 3,
      "h20/outcome_drop_final_state_mse": 0.004202713276825699,
      "h20/outcome_drop_state_mse": 0.0019401894675360786,
      "h20/outcome_jam_episode_count": 3,
      "h20/outcome_jam_final_state_mse": 0.004531646281286003,
      "h20/outcome_jam_state_mse": 0.0022778419108172646,
      "h20/outcome_miss_episode_count": 3,
      "h20/outcome_miss_final_state_mse": 0.004250643300075157,
      "h20/outcome_miss_state_mse": 0.006435944831449222,
      "h20/outcome_partial_episode_count": 3,
      "h20/outcome_partial_final_state_mse": 0.004160571721644184,
      "h20/outcome_partial_state_mse": 0.0018640548185585371,
      "h20/outcome_success_episode_count": 3,
      "h20/outcome_success_final_state_mse": 0.004287371740621679,
      "h20/outcome_success_state_mse": 0.0018761761048260858,
      "h20/state_mse": 0.0028788415746751174,
      "h30/episode_count": 15,
      "h30/final_state_mse": 0.022019031001072303,
      "h30/outcome_drop_episode_count": 3,
      "h30/outcome_drop_final_state_mse": 0.0223261569839677,
      "h30/outcome_drop_state_mse": 0.005059750043748511,
      "h30/outcome_jam_episode_count": 3,
      "h30/outcome_jam_final_state_mse": 0.023075929654189965,
      "h30/outcome_jam_state_mse": 0.005489278930464601,
      "h30/outcome_miss_episode_count": 3,
      "h30/outcome_miss_final_state_mse": 0.018637335767932965,
      "h30/outcome_miss_state_mse": 0.007494023994163231,
      "h30/outcome_partial_episode_count": 3,
      "h30/outcome_partial_final_state_mse": 0.022968376773634766,
      "h30/outcome_partial_state_mse": 0.004993273334046075,
      "h30/outcome_success_episode_count": 3,
      "h30/outcome_success_final_state_mse": 0.02308736050051022,
      "h30/outcome_success_state_mse": 0.005014412179751593,
      "h30/state_mse": 0.005610147447108183,
      "h40/episode_count": 15,
      "h40/final_state_mse": 0.218078653173509,
      "h40/outcome_drop_episode_count": 3,
      "h40/outcome_drop_final_state_mse": 0.18198196560728783,
      "h40/outcome_drop_state_mse": 0.024924530702478746,
      "h40/outcome_jam_episode_count": 3,
      "h40/outcome_jam_final_state_mse": 0.2003465961007511,
      "h40/outcome_jam_state_mse": 0.026981592490003,
      "h40/outcome_miss_episode_count": 3,
      "h40/outcome_miss_final_state_mse": 0.3029264811596839,
      "h40/outcome_miss_state_mse": 0.033900622448890035,
      "h40/outcome_partial_episode_count": 3,
      "h40/outcome_partial_final_state_mse": 0.20317274604747498,
      "h40/outcome_partial_state_mse": 0.02702969569785922,
      "h40/outcome_success_episode_count": 3,
      "h40/outcome_success_final_state_mse": 0.20196544111164566,
      "h40/outcome_success_state_mse": 0.02686985957077126,
      "h40/state_mse": 0.02794126024433211,
      "h50/episode_count": 15,
      "h50/final_state_mse": 1.3080340616064134,
      "h50/outcome_drop_episode_count": 3,
      "h50/outcome_drop_final_state_mse": 1.1923500322828107,
      "h50/outcome_drop_state_mse": 0.14304931341433058,
      "h50/outcome_jam_episode_count": 3,
      "h50/outcome_jam_final_state_mse": 1.203950564066569,
      "h50/outcome_jam_state_mse": 0.14755230672998365,
      "h50/outcome_miss_episode_count": 3,
      "h50/outcome_miss_final_state_mse": 1.8670776965571385,
      "h50/outcome_miss_state_mse": 0.23577704336128982,
      "h50/outcome_partial_episode_count": 3,
      "h50/outcome_partial_final_state_mse": 1.131580084757088,
      "h50/outcome_partial_state_mse": 0.14378711775237438,
      "h50/outcome_success_episode_count": 3,
      "h50/outcome_success_final_state_mse": 1.1452116062438567,
      "h50/outcome_success_state_mse": 0.14447901308146957,
      "h50/state_mse": 0.16292897263071895,
      "h75/episode_count": 15,
      "h75/final_state_mse": 95.00993668300653,
      "h75/outcome_drop_episode_count": 3,
      "h75/outcome_drop_final_state_mse": 84.23958652471406,
      "h75/outcome_drop_state_mse": 6.244575163398693,
      "h75/outcome_jam_episode_count": 3,
      "h75/outcome_jam_final_state_mse": 81.56145322712419,
      "h75/outcome_jam_state_mse": 5.973123680895969,
      "h75/outcome_miss_episode_count": 3,
      "h75/outcome_miss_final_state_mse": 136.27264922896242,
      "h75/outcome_miss_state_mse": 9.281062176606754,
      "h75/outcome_partial_episode_count": 3,
      "h75/outcome_partial_final_state_mse": 86.39085797079248,
      "h75/outcome_partial_state_mse": 6.212852030569172,
      "h75/outcome_success_episode_count": 3,
      "h75/outcome_success_final_state_mse": 86.5851460375817,
      "h75/outcome_success_state_mse": 6.262862540849674,
      "h75/state_mse": 6.794895424836601,
      "max_requested_horizon": 125,
      "reencode_period": 100,
      "rollout_mode": "periodic_100"
    },
    "periodic_2": {
      "episode_count": 15,
      "h10/episode_count": 15,
      "h10/final_state_mse": 0.0025363978217629824,
      "h10/outcome_drop_episode_count": 3,
      "h10/outcome_drop_final_state_mse": 0.0021190349670017466,
      "h10/outcome_drop_state_mse": 0.0021227164206161996,
      "h10/outcome_jam_episode_count": 3,
      "h10/outcome_jam_final_state_mse": 0.0024918112295125826,
      "h10/outcome_jam_state_mse": 0.00248206253924401,
      "h10/outcome_miss_episode_count": 3,
      "h10/outcome_miss_final_state_mse": 0.004110559918522056,
      "h10/outcome_miss_state_mse": 0.009709355877894982,
      "h10/outcome_partial_episode_count": 3,
      "h10/outcome_partial_final_state_mse": 0.0019478845148304708,
      "h10/outcome_partial_state_mse": 0.0020042221920163025,
      "h10/outcome_success_episode_count": 3,
      "h10/outcome_success_final_state_mse": 0.0020126986737344778,
      "h10/outcome_success_state_mse": 0.0020146161123038896,
      "h10/state_mse": 0.003666594760869843,
      "h100/episode_count": 15,
      "h100/final_state_mse": 0.004590288174697776,
      "h100/outcome_drop_episode_count": 3,
      "h100/outcome_drop_final_state_mse": 0.006696761336201936,
      "h100/outcome_drop_state_mse": 0.0034565986683166103,
      "h100/outcome_jam_episode_count": 3,
      "h100/outcome_jam_final_state_mse": 0.0035234456455785464,
      "h100/outcome_jam_state_mse": 0.0038224776274238537,
      "h100/outcome_miss_episode_count": 3,
      "h100/outcome_miss_final_state_mse": 0.007265980921539606,
      "h100/outcome_miss_state_mse": 0.004725524054633247,
      "h100/outcome_partial_episode_count": 3,
      "h100/outcome_partial_final_state_mse": 0.002382927373343823,
      "h100/outcome_partial_state_mse": 0.003012471417196436,
      "h100/outcome_success_episode_count": 3,
      "h100/outcome_success_final_state_mse": 0.003082324671589471,
      "h100/outcome_success_state_mse": 0.0034715954774345447,
      "h100/state_mse": 0.0036977331622753268,
      "h125/episode_count": 15,
      "h125/final_state_mse": 0.004896401735692242,
      "h125/outcome_drop_episode_count": 3,
      "h125/outcome_drop_final_state_mse": 0.006374005544808955,
      "h125/outcome_drop_state_mse": 0.004114322687286178,
      "h125/outcome_jam_episode_count": 3,
      "h125/outcome_jam_final_state_mse": 0.005540792069403954,
      "h125/outcome_jam_state_mse": 0.004008083418303845,
      "h125/outcome_miss_episode_count": 3,
      "h125/outcome_miss_final_state_mse": 0.005531739857461717,
      "h125/outcome_miss_state_mse": 0.0048576020882799735,
      "h125/outcome_partial_episode_count": 3,
      "h125/outcome_partial_final_state_mse": 0.0024393022888236577,
      "h125/outcome_partial_state_mse": 0.0028767961489608866,
      "h125/outcome_success_episode_count": 3,
      "h125/outcome_success_final_state_mse": 0.0045961698675467295,
      "h125/outcome_success_state_mse": 0.003554582882550807,
      "h125/state_mse": 0.003882277305453431,
      "h20/episode_count": 15,
      "h20/final_state_mse": 0.002609202752705493,
      "h20/outcome_drop_episode_count": 3,
      "h20/outcome_drop_final_state_mse": 0.0025351153674468495,
      "h20/outcome_drop_state_mse": 0.0021682346178815257,
      "h20/outcome_jam_episode_count": 3,
      "h20/outcome_jam_final_state_mse": 0.002220139175263885,
      "h20/outcome_jam_state_mse": 0.002553348759420557,
      "h20/outcome_miss_episode_count": 3,
      "h20/outcome_miss_final_state_mse": 0.003696432592822056,
      "h20/outcome_miss_state_mse": 0.0069100071402157055,
      "h20/outcome_partial_episode_count": 3,
      "h20/outcome_partial_final_state_mse": 0.002289213337539847,
      "h20/outcome_partial_state_mse": 0.002090407196992363,
      "h20/outcome_success_episode_count": 3,
      "h20/outcome_success_final_state_mse": 0.002305113606982761,
      "h20/outcome_success_state_mse": 0.0021018572882109997,
      "h20/state_mse": 0.0031647708369236366,
      "h30/episode_count": 15,
      "h30/final_state_mse": 0.0028919163872213926,
      "h30/outcome_drop_episode_count": 3,
      "h30/outcome_drop_final_state_mse": 0.0028041982475449055,
      "h30/outcome_drop_state_mse": 0.002325411299994309,
      "h30/outcome_jam_episode_count": 3,
      "h30/outcome_jam_final_state_mse": 0.0028545041781624938,
      "h30/outcome_jam_state_mse": 0.002625531880164718,
      "h30/outcome_miss_episode_count": 3,
      "h30/outcome_miss_final_state_mse": 0.003398219354791579,
      "h30/outcome_miss_state_mse": 0.005762332301254106,
      "h30/outcome_partial_episode_count": 3,
      "h30/outcome_partial_final_state_mse": 0.0026399148932469436,
      "h30/outcome_partial_state_mse": 0.002251548964473417,
      "h30/outcome_success_episode_count": 3,
      "h30/outcome_success_final_state_mse": 0.0027627451162712245,
      "h30/outcome_success_state_mse": 0.00226104888001818,
      "h30/state_mse": 0.003045174924896174,
      "h40/episode_count": 15,
      "h40/final_state_mse": 0.0033172725852018865,
      "h40/outcome_drop_episode_count": 3,
      "h40/outcome_drop_final_state_mse": 0.003514596449783425,
      "h40/outcome_drop_state_mse": 0.0025964985096376706,
      "h40/outcome_jam_episode_count": 3,
      "h40/outcome_jam_final_state_mse": 0.003106457443019144,
      "h40/outcome_jam_state_mse": 0.002793389909407672,
      "h40/outcome_miss_episode_count": 3,
      "h40/outcome_miss_final_state_mse": 0.003109407483362684,
      "h40/outcome_miss_state_mse": 0.005174377696966034,
      "h40/outcome_partial_episode_count": 3,
      "h40/outcome_partial_final_state_mse": 0.0033959611958148434,
      "h40/outcome_partial_state_mse": 0.0024738667058009727,
      "h40/outcome_success_episode_count": 3,
      "h40/outcome_success_final_state_mse": 0.003459939964456496,
      "h40/outcome_success_state_mse": 0.002487525012758043,
      "h40/state_mse": 0.003105131411084942,
      "h50/episode_count": 15,
      "h50/final_state_mse": 0.003684253318637025,
      "h50/outcome_drop_episode_count": 3,
      "h50/outcome_drop_final_state_mse": 0.003211633637060527,
      "h50/outcome_drop_state_mse": 0.002774991864472433,
      "h50/outcome_jam_episode_count": 3,
      "h50/outcome_jam_final_state_mse": 0.003574710655835719,
      "h50/outcome_jam_state_mse": 0.0031354221019869537,
      "h50/outcome_miss_episode_count": 3,
      "h50/outcome_miss_final_state_mse": 0.0027787280725497824,
      "h50/outcome_miss_state_mse": 0.004749548544291577,
      "h50/outcome_partial_episode_count": 3,
      "h50/outcome_partial_final_state_mse": 0.004368719517015943,
      "h50/outcome_partial_state_mse": 0.002856504652235243,
      "h50/outcome_success_episode_count": 3,
      "h50/outcome_success_final_state_mse": 0.004487474272453707,
      "h50/outcome_success_state_mse": 0.002866055295358296,
      "h50/state_mse": 0.00327650461633221,
      "h75/episode_count": 15,
      "h75/final_state_mse": 0.004875395968069438,
      "h75/outcome_drop_episode_count": 3,
      "h75/outcome_drop_final_state_mse": 0.0039553332562540094,
      "h75/outcome_drop_state_mse": 0.002912240786749813,
      "h75/outcome_jam_episode_count": 3,
      "h75/outcome_jam_final_state_mse": 0.005061917932204951,
      "h75/outcome_jam_state_mse": 0.003632596250712742,
      "h75/outcome_miss_episode_count": 3,
      "h75/outcome_miss_final_state_mse": 0.007373991452790553,
      "h75/outcome_miss_state_mse": 0.004446347388306994,
      "h75/outcome_partial_episode_count": 3,
      "h75/outcome_partial_final_state_mse": 0.003244656850309933,
      "h75/outcome_partial_state_mse": 0.0032024754210494963,
      "h75/outcome_success_episode_count": 3,
      "h75/outcome_success_final_state_mse": 0.004741079520945456,
      "h75/outcome_success_state_mse": 0.003259921437514893,
      "h75/state_mse": 0.003490716273488562,
      "max_requested_horizon": 125,
      "reencode_period": 2,
      "rollout_mode": "periodic_2"
    },
    "periodic_20": {
      "episode_count": 15,
      "h10/episode_count": 15,
      "h10/final_state_mse": 0.0019865519081065856,
      "h10/outcome_drop_episode_count": 3,
      "h10/outcome_drop_final_state_mse": 0.0013786893873627669,
      "h10/outcome_drop_state_mse": 0.0015462720705792794,
      "h10/outcome_jam_episode_count": 3,
      "h10/outcome_jam_final_state_mse": 0.002103117118084353,
      "h10/outcome_jam_state_mse": 0.0019258200343138252,
      "h10/outcome_miss_episode_count": 3,
      "h10/outcome_miss_final_state_mse": 0.0037288809913435792,
      "h10/outcome_miss_state_mse": 0.009857261102963118,
      "h10/outcome_partial_episode_count": 3,
      "h10/outcome_partial_final_state_mse": 0.0013617754250375275,
      "h10/outcome_partial_state_mse": 0.00147329325379889,
      "h10/outcome_success_episode_count": 3,
      "h10/outcome_success_final_state_mse": 0.001360297008277544,
      "h10/outcome_success_state_mse": 0.0014713604660595164,
      "h10/state_mse": 0.0032548014322916667,
      "h100/episode_count": 15,
      "h100/final_state_mse": 0.003756074344410616,
      "h100/outcome_drop_episode_count": 3,
      "h100/outcome_drop_final_state_mse": 0.004513494913874109,
      "h100/outcome_drop_state_mse": 0.002582478367425258,
      "h100/outcome_jam_episode_count": 3,
      "h100/outcome_jam_final_state_mse": 0.0037743147779134363,
      "h100/outcome_jam_state_mse": 0.00292918666515475,
      "h100/outcome_miss_episode_count": 3,
      "h100/outcome_miss_final_state_mse": 0.0048944628706165385,
      "h100/outcome_miss_state_mse": 0.004229308857637293,
      "h100/outcome_partial_episode_count": 3,
      "h100/outcome_partial_final_state_mse": 0.002526423875607696,
      "h100/outcome_partial_state_mse": 0.0021916327756993912,
      "h100/outcome_success_episode_count": 3,
      "h100/outcome_success_final_state_mse": 0.003071676477108126,
      "h100/outcome_success_state_mse": 0.0023306831659055225,
      "h100/state_mse": 0.002852657741970486,
      "h125/episode_count": 15,
      "h125/final_state_mse": 0.005076545515870736,
      "h125/outcome_drop_episode_count": 3,
      "h125/outcome_drop_final_state_mse": 0.005568786919896119,
      "h125/outcome_drop_state_mse": 0.003316011939952576,
      "h125/outcome_jam_episode_count": 3,
      "h125/outcome_jam_final_state_mse": 0.006541916601408541,
      "h125/outcome_jam_state_mse": 0.003483365925308926,
      "h125/outcome_miss_episode_count": 3,
      "h125/outcome_miss_final_state_mse": 0.004917552463369432,
      "h125/outcome_miss_state_mse": 0.004471389670777165,
      "h125/outcome_partial_episode_count": 3,
      "h125/outcome_partial_final_state_mse": 0.0033028190042458327,
      "h125/outcome_partial_state_mse": 0.002342519124348958,
      "h125/outcome_success_episode_count": 3,
      "h125/outcome_success_final_state_mse": 0.005051652298254126,
      "h125/outcome_success_state_mse": 0.0027759583915760314,
      "h125/state_mse": 0.0032778489455678106,
      "h20/episode_count": 15,
      "h20/final_state_mse": 0.004286589342005113,
      "h20/outcome_drop_episode_count": 3,
      "h20/outcome_drop_final_state_mse": 0.004202713276825699,
      "h20/outcome_drop_state_mse": 0.0019401894675360786,
      "h20/outcome_jam_episode_count": 3,
      "h20/outcome_jam_final_state_mse": 0.004531646281286003,
      "h20/outcome_jam_state_mse": 0.0022778419108172646,
      "h20/outcome_miss_episode_count": 3,
      "h20/outcome_miss_final_state_mse": 0.004250643300075157,
      "h20/outcome_miss_state_mse": 0.006435944831449222,
      "h20/outcome_partial_episode_count": 3,
      "h20/outcome_partial_final_state_mse": 0.004160571721644184,
      "h20/outcome_partial_state_mse": 0.0018640548185585371,
      "h20/outcome_success_episode_count": 3,
      "h20/outcome_success_final_state_mse": 0.004287371740621679,
      "h20/outcome_success_state_mse": 0.0018761761048260858,
      "h20/state_mse": 0.0028788415746751174,
      "h30/episode_count": 15,
      "h30/final_state_mse": 0.0016135754928090214,
      "h30/outcome_drop_episode_count": 3,
      "h30/outcome_drop_final_state_mse": 0.0015351390526964774,
      "h30/outcome_drop_state_mse": 0.0020142478361108982,
      "h30/outcome_jam_episode_count": 3,
      "h30/outcome_jam_final_state_mse": 0.0017342723272984323,
      "h30/outcome_jam_state_mse": 0.002352848395802616,
      "h30/outcome_miss_episode_count": 3,
      "h30/outcome_miss_final_state_mse": 0.001820431425680522,
      "h30/outcome_miss_state_mse": 0.005031023565720369,
      "h30/outcome_partial_episode_count": 3,
      "h30/outcome_partial_final_state_mse": 0.0014582700248247657,
      "h30/outcome_partial_state_mse": 0.0019330181846951087,
      "h30/outcome_success_episode_count": 3,
      "h30/outcome_success_final_state_mse": 0.0015197642439720676,
      "h30/outcome_success_state_mse": 0.0019435617139396584,
      "h30/state_mse": 0.002654939871727771,
      "h40/episode_count": 15,
      "h40/final_state_mse": 0.003213023204429477,
      "h40/outcome_drop_episode_count": 3,
      "h40/outcome_drop_final_state_mse": 0.0031853351328108045,
      "h40/outcome_drop_state_mse": 0.002084920375175725,
      "h40/outcome_jam_episode_count": 3,
      "h40/outcome_jam_final_state_mse": 0.0032123555642327452,
      "h40/outcome_jam_state_mse": 0.002365216710209067,
      "h40/outcome_miss_episode_count": 3,
      "h40/outcome_miss_final_state_mse": 0.004597226291700126,
      "h40/outcome_miss_state_mse": 0.004436419836056778,
      "h40/outcome_partial_episode_count": 3,
      "h40/outcome_partial_final_state_mse": 0.0025389650775716195,
      "h40/outcome_partial_state_mse": 0.0019035848916745654,
      "h40/outcome_success_episode_count": 3,
      "h40/outcome_success_final_state_mse": 0.002531233566259247,
      "h40/outcome_success_state_mse": 0.0019177820557862324,
      "h40/state_mse": 0.0025415846880744485,
      "h50/episode_count": 15,
      "h50/final_state_mse": 0.001989974850922628,
      "h50/outcome_drop_episode_count": 3,
      "h50/outcome_drop_final_state_mse": 0.001741248968185163,
      "h50/outcome_drop_state_mse": 0.002175825966729058,
      "h50/outcome_jam_episode_count": 3,
      "h50/outcome_jam_final_state_mse": 0.0025089247748742694,
      "h50/outcome_jam_state_mse": 0.0025185280531839606,
      "h50/outcome_miss_episode_count": 3,
      "h50/outcome_miss_final_state_mse": 0.00199546134160235,
      "h50/outcome_miss_state_mse": 0.004052980086382697,
      "h50/outcome_partial_episode_count": 3,
      "h50/outcome_partial_final_state_mse": 0.0018400342928038703,
      "h50/outcome_partial_state_mse": 0.0020338564604715586,
      "h50/outcome_success_episode_count": 3,
      "h50/outcome_success_final_state_mse": 0.001864204292788225,
      "h50/outcome_success_state_mse": 0.002057439330356573,
      "h50/state_mse": 0.0025677262848498774,
      "h75/episode_count": 15,
      "h75/final_state_mse": 0.003846503862368515,
      "h75/outcome_drop_episode_count": 3,
      "h75/outcome_drop_final_state_mse": 0.002330416119566151,
      "h75/outcome_drop_state_mse": 0.0021535305779484103,
      "h75/outcome_jam_episode_count": 3,
      "h75/outcome_jam_final_state_mse": 0.004022038255641663,
      "h75/outcome_jam_state_mse": 0.0027816305804616226,
      "h75/outcome_miss_episode_count": 3,
      "h75/outcome_miss_final_state_mse": 0.005319644374395508,
      "h75/outcome_miss_state_mse": 0.003823089433391629,
      "h75/outcome_partial_episode_count": 3,
      "h75/outcome_partial_final_state_mse": 0.0038508012209063263,
      "h75/outcome_partial_state_mse": 0.0021291726139376107,
      "h75/outcome_success_episode_count": 3,
      "h75/outcome_success_final_state_mse": 0.0037096196822091645,
      "h75/outcome_success_state_mse": 0.0021499323792966625,
      "h75/state_mse": 0.0026074710754527505,
      "max_requested_horizon": 125,
      "reencode_period": 20,
      "rollout_mode": "periodic_20"
    },
    "periodic_5": {
      "episode_count": 15,
      "h10/episode_count": 15,
      "h10/final_state_mse": 0.001916309743145712,
      "h10/outcome_drop_episode_count": 3,
      "h10/outcome_drop_final_state_mse": 0.0013899868415072074,
      "h10/outcome_drop_state_mse": 0.0016566936097113915,
      "h10/outcome_jam_episode_count": 3,
      "h10/outcome_jam_final_state_mse": 0.0019065765481369168,
      "h10/outcome_jam_state_mse": 0.0020259150492599586,
      "h10/outcome_miss_episode_count": 3,
      "h10/outcome_miss_final_state_mse": 0.0036710878602819507,
      "h10/outcome_miss_state_mse": 0.009826458669176289,
      "h10/outcome_partial_episode_count": 3,
      "h10/outcome_partial_final_state_mse": 0.0013034729396595674,
      "h10/outcome_partial_state_mse": 0.0015756816256280038,
      "h10/outcome_success_episode_count": 3,
      "h10/outcome_success_final_state_mse": 0.0013104246235361287,
      "h10/outcome_success_state_mse": 0.0015701339914907817,
      "h10/state_mse": 0.0033309766981336805,
      "h100/episode_count": 15,
      "h100/final_state_mse": 0.004121136821173375,
      "h100/outcome_drop_episode_count": 3,
      "h100/outcome_drop_final_state_mse": 0.002932074169317881,
      "h100/outcome_drop_state_mse": 0.0024146474576463885,
      "h100/outcome_jam_episode_count": 3,
      "h100/outcome_jam_final_state_mse": 0.0034121189485577974,
      "h100/outcome_jam_state_mse": 0.0030682043935738356,
      "h100/outcome_miss_episode_count": 3,
      "h100/outcome_miss_final_state_mse": 0.009315717405353497,
      "h100/outcome_miss_state_mse": 0.0039622353572471465,
      "h100/outcome_partial_episode_count": 3,
      "h100/outcome_partial_final_state_mse": 0.0019802608423762852,
      "h100/outcome_partial_state_mse": 0.0020940452151828343,
      "h100/outcome_success_episode_count": 3,
      "h100/outcome_success_final_state_mse": 0.0029655121315538494,
      "h100/outcome_success_state_mse": 0.002499156715044009,
      "h100/state_mse": 0.0028076576781428716,
      "h125/episode_count": 15,
      "h125/final_state_mse": 0.005576407987307879,
      "h125/outcome_drop_episode_count": 3,
      "h125/outcome_drop_final_state_mse": 0.0033960886835272797,
      "h125/outcome_drop_state_mse": 0.002796243555405561,
      "h125/outcome_jam_episode_count": 3,
      "h125/outcome_jam_final_state_mse": 0.0058736628761478496,
      "h125/outcome_jam_state_mse": 0.003462814829707925,
      "h125/outcome_miss_episode_count": 3,
      "h125/outcome_miss_final_state_mse": 0.010952817702215482,
      "h125/outcome_miss_state_mse": 0.005063519596274382,
      "h125/outcome_partial_episode_count": 3,
      "h125/outcome_partial_final_state_mse": 0.0022771774358998718,
      "h125/outcome_partial_state_mse": 0.002109149259679458,
      "h125/outcome_success_episode_count": 3,
      "h125/outcome_success_final_state_mse": 0.0053822933848387275,
      "h125/outcome_success_state_mse": 0.0028660811380623215,
      "h125/state_mse": 0.0032595616957720587,
      "h20/episode_count": 15,
      "h20/final_state_mse": 0.0015536390878016653,
      "h20/outcome_drop_episode_count": 3,
      "h20/outcome_drop_final_state_mse": 0.0015938415928603777,
      "h20/outcome_drop_state_mse": 0.0015846701618892694,
      "h20/outcome_jam_episode_count": 3,
      "h20/outcome_jam_final_state_mse": 0.0014120731137546839,
      "h20/outcome_jam_state_mse": 0.0019498550034815969,
      "h20/outcome_miss_episode_count": 3,
      "h20/outcome_miss_final_state_mse": 0.002069122894527086,
      "h20/outcome_miss_state_mse": 0.0064138072768068,
      "h20/outcome_partial_episode_count": 3,
      "h20/outcome_partial_final_state_mse": 0.0013322754476974214,
      "h20/outcome_partial_state_mse": 0.001506776474659739,
      "h20/outcome_success_episode_count": 3,
      "h20/outcome_success_final_state_mse": 0.0013608824145170599,
      "h20/outcome_success_state_mse": 0.0015196897235571168,
      "h20/state_mse": 0.0025949597826191023,
      "h30/episode_count": 15,
      "h30/final_state_mse": 0.0016452070934320586,
      "h30/outcome_drop_episode_count": 3,
      "h30/outcome_drop_final_state_mse": 0.0016633160412311554,
      "h30/outcome_drop_state_mse": 0.0016657052995852136,
      "h30/outcome_jam_episode_count": 3,
      "h30/outcome_jam_final_state_mse": 0.001752635037976932,
      "h30/outcome_jam_state_mse": 0.0020011778750450783,
      "h30/outcome_miss_episode_count": 3,
      "h30/outcome_miss_final_state_mse": 0.0016852343588872672,
      "h30/outcome_miss_state_mse": 0.004930837481629615,
      "h30/outcome_partial_episode_count": 3,
      "h30/outcome_partial_final_state_mse": 0.0015177016992584552,
      "h30/outcome_partial_state_mse": 0.001571889666430571,
      "h30/outcome_success_episode_count": 3,
      "h30/outcome_success_final_state_mse": 0.0016071479645819447,
      "h30/outcome_success_state_mse": 0.0015887175510132235,
      "h30/state_mse": 0.002351665621489481,
      "h40/episode_count": 15,
      "h40/final_state_mse": 0.002076769965926027,
      "h40/outcome_drop_episode_count": 3,
      "h40/outcome_drop_final_state_mse": 0.0022763044518582963,
      "h40/outcome_drop_state_mse": 0.0018849435974569882,
      "h40/outcome_jam_episode_count": 3,
      "h40/outcome_jam_final_state_mse": 0.0019973961064238955,
      "h40/outcome_jam_state_mse": 0.0021406094233194987,
      "h40/outcome_miss_episode_count": 3,
      "h40/outcome_miss_final_state_mse": 0.0019259367600765105,
      "h40/outcome_miss_state_mse": 0.004237568768021328,
      "h40/outcome_partial_episode_count": 3,
      "h40/outcome_partial_final_state_mse": 0.002059891040808235,
      "h40/outcome_partial_state_mse": 0.0017241858578974905,
      "h40/outcome_success_episode_count": 3,
      "h40/outcome_success_final_state_mse": 0.002124321713946224,
      "h40/outcome_success_state_mse": 0.0017432155172809277,
      "h40/state_mse": 0.0023461046405867034,
      "h50/episode_count": 15,
      "h50/final_state_mse": 0.0022188719581155217,
      "h50/outcome_drop_episode_count": 3,
      "h50/outcome_drop_final_state_mse": 0.0018482829864118614,
      "h50/outcome_drop_state_mse": 0.0020188388637467926,
      "h50/outcome_jam_episode_count": 3,
      "h50/outcome_jam_final_state_mse": 0.0026354744933009926,
      "h50/outcome_jam_state_mse": 0.0023956798104678885,
      "h50/outcome_miss_episode_count": 3,
      "h50/outcome_miss_final_state_mse": 0.0018409511037901336,
      "h50/outcome_miss_state_mse": 0.0038184785531237236,
      "h50/outcome_partial_episode_count": 3,
      "h50/outcome_partial_final_state_mse": 0.002358082462759579,
      "h50/outcome_partial_state_mse": 0.0019504982194090202,
      "h50/outcome_success_episode_count": 3,
      "h50/outcome_success_final_state_mse": 0.0024115690608429753,
      "h50/outcome_success_state_mse": 0.001975053431941014,
      "h50/state_mse": 0.0024317098380693424,
      "h75/episode_count": 15,
      "h75/final_state_mse": 0.003523106668509689,
      "h75/outcome_drop_episode_count": 3,
      "h75/outcome_drop_final_state_mse": 0.002437239330188901,
      "h75/outcome_drop_state_mse": 0.0020833910524455553,
      "h75/outcome_jam_episode_count": 3,
      "h75/outcome_jam_final_state_mse": 0.0038295048319436364,
      "h75/outcome_jam_state_mse": 0.0027101340948366653,
      "h75/outcome_miss_episode_count": 3,
      "h75/outcome_miss_final_state_mse": 0.005200406840813705,
      "h75/outcome_miss_state_mse": 0.003449961178183296,
      "h75/outcome_partial_episode_count": 3,
      "h75/outcome_partial_final_state_mse": 0.0027957852515909406,
      "h75/outcome_partial_state_mse": 0.002154762002118013,
      "h75/outcome_success_episode_count": 3,
      "h75/outcome_success_final_state_mse": 0.003352598427167905,
      "h75/outcome_success_state_mse": 0.002199053920172398,
      "h75/state_mse": 0.00251946077367579,
      "max_requested_horizon": 125,
      "reencode_period": 5,
      "rollout_mode": "periodic_5"
    },
    "periodic_50": {
      "episode_count": 15,
      "h10/episode_count": 15,
      "h10/final_state_mse": 0.0019865519081065856,
      "h10/outcome_drop_episode_count": 3,
      "h10/outcome_drop_final_state_mse": 0.0013786893873627669,
      "h10/outcome_drop_state_mse": 0.0015462720705792794,
      "h10/outcome_jam_episode_count": 3,
      "h10/outcome_jam_final_state_mse": 0.002103117118084353,
      "h10/outcome_jam_state_mse": 0.0019258200343138252,
      "h10/outcome_miss_episode_count": 3,
      "h10/outcome_miss_final_state_mse": 0.0037288809913435792,
      "h10/outcome_miss_state_mse": 0.009857261102963118,
      "h10/outcome_partial_episode_count": 3,
      "h10/outcome_partial_final_state_mse": 0.0013617754250375275,
      "h10/outcome_partial_state_mse": 0.00147329325379889,
      "h10/outcome_success_episode_count": 3,
      "h10/outcome_success_final_state_mse": 0.001360297008277544,
      "h10/outcome_success_state_mse": 0.0014713604660595164,
      "h10/state_mse": 0.0032548014322916667,
      "h100/episode_count": 15,
      "h100/final_state_mse": 46.590420751633985,
      "h100/outcome_drop_episode_count": 3,
      "h100/outcome_drop_final_state_mse": 49.12216366038603,
      "h100/outcome_drop_state_mse": 2.786997549019608,
      "h100/outcome_jam_episode_count": 3,
      "h100/outcome_jam_final_state_mse": 56.348674699371934,
      "h100/outcome_jam_state_mse": 2.994030011744281,
      "h100/outcome_miss_episode_count": 3,
      "h100/outcome_miss_final_state_mse": 27.202218647875817,
      "h100/outcome_miss_state_mse": 2.374401265063317,
      "h100/outcome_partial_episode_count": 3,
      "h100/outcome_partial_final_state_mse": 49.808987087673614,
      "h100/outcome_partial_state_mse": 2.7353033088235295,
      "h100/outcome_success_episode_count": 3,
      "h100/outcome_success_final_state_mse": 50.470073226230596,
      "h100/outcome_success_state_mse": 2.7803388608047386,
      "h100/state_mse": 2.7342142565359477,
      "h125/episode_count": 15,
      "h125/final_state_mse": 7.5738421670751634,
      "h125/outcome_drop_episode_count": 3,
      "h125/outcome_drop_final_state_mse": 7.7856708601409315,
      "h125/outcome_drop_state_mse": 4.4123187551062095,
      "h125/outcome_jam_episode_count": 3,
      "h125/outcome_jam_final_state_mse": 6.457083907781863,
      "h125/outcome_jam_state_mse": 4.393899407679738,
      "h125/outcome_miss_episode_count": 3,
      "h125/outcome_miss_final_state_mse": 9.864343181934233,
      "h125/outcome_miss_state_mse": 2.9190295649509803,
      "h125/outcome_partial_episode_count": 3,
      "h125/outcome_partial_final_state_mse": 6.6706929923662175,
      "h125/outcome_partial_state_mse": 4.22144207005719,
      "h125/outcome_success_episode_count": 3,
      "h125/outcome_success_final_state_mse": 7.091418098000919,
      "h125/outcome_success_state_mse": 4.307736085580065,
      "h125/state_mse": 4.050885294117647,
      "h20/episode_count": 15,
      "h20/final_state_mse": 0.004286589342005113,
      "h20/outcome_drop_episode_count": 3,
      "h20/outcome_drop_final_state_mse": 0.004202713276825699,
      "h20/outcome_drop_state_mse": 0.0019401894675360786,
      "h20/outcome_jam_episode_count": 3,
      "h20/outcome_jam_final_state_mse": 0.004531646281286003,
      "h20/outcome_jam_state_mse": 0.0022778419108172646,
      "h20/outcome_miss_episode_count": 3,
      "h20/outcome_miss_final_state_mse": 0.004250643300075157,
      "h20/outcome_miss_state_mse": 0.006435944831449222,
      "h20/outcome_partial_episode_count": 3,
      "h20/outcome_partial_final_state_mse": 0.004160571721644184,
      "h20/outcome_partial_state_mse": 0.0018640548185585371,
      "h20/outcome_success_episode_count": 3,
      "h20/outcome_success_final_state_mse": 0.004287371740621679,
      "h20/outcome_success_state_mse": 0.0018761761048260858,
      "h20/state_mse": 0.0028788415746751174,
      "h30/episode_count": 15,
      "h30/final_state_mse": 0.022019031001072303,
      "h30/outcome_drop_episode_count": 3,
      "h30/outcome_drop_final_state_mse": 0.0223261569839677,
      "h30/outcome_drop_state_mse": 0.005059750043748511,
      "h30/outcome_jam_episode_count": 3,
      "h30/outcome_jam_final_state_mse": 0.023075929654189965,
      "h30/outcome_jam_state_mse": 0.005489278930464601,
      "h30/outcome_miss_episode_count": 3,
      "h30/outcome_miss_final_state_mse": 0.018637335767932965,
      "h30/outcome_miss_state_mse": 0.007494023994163231,
      "h30/outcome_partial_episode_count": 3,
      "h30/outcome_partial_final_state_mse": 0.022968376773634766,
      "h30/outcome_partial_state_mse": 0.004993273334046075,
      "h30/outcome_success_episode_count": 3,
      "h30/outcome_success_final_state_mse": 0.02308736050051022,
      "h30/outcome_success_state_mse": 0.005014412179751593,
      "h30/state_mse": 0.005610147447108183,
      "h40/episode_count": 15,
      "h40/final_state_mse": 0.218078653173509,
      "h40/outcome_drop_episode_count": 3,
      "h40/outcome_drop_final_state_mse": 0.18198196560728783,
      "h40/outcome_drop_state_mse": 0.024924530702478746,
      "h40/outcome_jam_episode_count": 3,
      "h40/outcome_jam_final_state_mse": 0.2003465961007511,
      "h40/outcome_jam_state_mse": 0.026981592490003,
      "h40/outcome_miss_episode_count": 3,
      "h40/outcome_miss_final_state_mse": 0.3029264811596839,
      "h40/outcome_miss_state_mse": 0.033900622448890035,
      "h40/outcome_partial_episode_count": 3,
      "h40/outcome_partial_final_state_mse": 0.20317274604747498,
      "h40/outcome_partial_state_mse": 0.02702969569785922,
      "h40/outcome_success_episode_count": 3,
      "h40/outcome_success_final_state_mse": 0.20196544111164566,
      "h40/outcome_success_state_mse": 0.02686985957077126,
      "h40/state_mse": 0.02794126024433211,
      "h50/episode_count": 15,
      "h50/final_state_mse": 1.3080340616064134,
      "h50/outcome_drop_episode_count": 3,
      "h50/outcome_drop_final_state_mse": 1.1923500322828107,
      "h50/outcome_drop_state_mse": 0.14304931341433058,
      "h50/outcome_jam_episode_count": 3,
      "h50/outcome_jam_final_state_mse": 1.203950564066569,
      "h50/outcome_jam_state_mse": 0.14755230672998365,
      "h50/outcome_miss_episode_count": 3,
      "h50/outcome_miss_final_state_mse": 1.8670776965571385,
      "h50/outcome_miss_state_mse": 0.23577704336128982,
      "h50/outcome_partial_episode_count": 3,
      "h50/outcome_partial_final_state_mse": 1.131580084757088,
      "h50/outcome_partial_state_mse": 0.14378711775237438,
      "h50/outcome_success_episode_count": 3,
      "h50/outcome_success_final_state_mse": 1.1452116062438567,
      "h50/outcome_success_state_mse": 0.14447901308146957,
      "h50/state_mse": 0.16292897263071895,
      "h75/episode_count": 15,
      "h75/final_state_mse": 1.0922312219158496,
      "h75/outcome_drop_episode_count": 3,
      "h75/outcome_drop_final_state_mse": 0.9470055399377362,
      "h75/outcome_drop_state_mse": 0.26791118148105597,
      "h75/outcome_jam_episode_count": 3,
      "h75/outcome_jam_final_state_mse": 0.8394380706587649,
      "h75/outcome_jam_state_mse": 0.2612470386646412,
      "h75/outcome_miss_episode_count": 3,
      "h75/outcome_miss_final_state_mse": 1.6634121564478657,
      "h75/outcome_miss_state_mse": 0.4613566399867239,
      "h75/outcome_partial_episode_count": 3,
      "h75/outcome_partial_final_state_mse": 0.9943019019232856,
      "h75/outcome_partial_state_mse": 0.26812275672530295,
      "h75/outcome_success_episode_count": 3,
      "h75/outcome_success_final_state_mse": 1.016998222450805,
      "h75/outcome_success_state_mse": 0.2717837903390523,
      "h75/state_mse": 0.30608425245098037,
      "max_requested_horizon": 125,
      "reencode_period": 50,
      "rollout_mode": "periodic_50"
    }
  },
  "split": "test",
  "support_alignment": {
    "contact_phase": {
      "contact_phase_family_ari": 0.0,
      "contact_phase_family_nmi": 0.0,
      "contact_phase_family_purity": 0.9996668887408394,
      "contact_phase_sample_count": 3002.0,
      "h_contact_phase_given_family": 0.0030002889533867266,
      "h_family_given_contact_phase": 0.0,
      "unique_contact_phase_count": 2.0,
      "unique_family_count": 1.0
    },
    "contact_phase_alignment_available": true,
    "evaluated_state_count": 3017,
    "family_count": 1,
    "mean_family_similarity": 0.5726518034934998,
    "mean_support_size": 232.7616837918462,
    "outcome_alignment_available": true,
    "outcome_state": {
      "h_family_given_outcome": 0.0,
      "h_outcome_given_family": 1.6094379124341005,
      "outcome_family_ari": 0.0,
      "outcome_family_nmi": 0.0,
      "outcome_family_purity": 0.2,
      "outcome_sample_count": 15.0,
      "unique_family_count": 1.0,
      "unique_outcome_count": 5.0
    },
    "status": "ok",
    "unassigned_state_fraction": 0.0,
    "validation_state_count": 2346
  },
  "support_threshold": 0.2
}
{
  "best_periodic_rollout": {
    "episode_count": 15,
    "h10/episode_count": 15,
    "h10/final_state_mse": 0.0020267843420988594,
    "h10/outcome_drop_episode_count": 3,
    "h10/outcome_drop_final_state_mse": 0.0013752581149924035,
    "h10/outcome_drop_state_mse": 0.001529733495774612,
    "h10/outcome_jam_episode_count": 3,
    "h10/outcome_jam_final_state_mse": 0.0021282949673584084,
    "h10/outcome_jam_state_mse": 0.00192504540767545,
    "h10/outcome_miss_episode_count": 3,
    "h10/outcome_miss_final_state_mse": 0.0038853578902537525,
    "h10/outcome_miss_state_mse": 0.009868225241019055,
    "h10/outcome_partial_episode_count": 3,
    "h10/outcome_partial_final_state_mse": 0.001374562289200577,
    "h10/outcome_partial_state_mse": 0.0014574483913533827,
    "h10/outcome_success_episode_count": 3,
    "h10/outcome_success_final_state_mse": 0.0013704482173802807,
    "h10/outcome_success_state_mse": 0.0014555933623532065,
    "h10/selected_mode": "periodic_10",
    "h10/selected_period": 10,
    "h10/state_mse": 0.003247209187426598,
    "h100/episode_count": 15,
    "h100/final_state_mse": 0.0036158399644240836,
    "h100/outcome_drop_episode_count": 3,
    "h100/outcome_drop_final_state_mse": 0.0025807171573046764,
    "h100/outcome_drop_state_mse": 0.0020262763391133225,
    "h100/outcome_jam_episode_count": 3,
    "h100/outcome_jam_final_state_mse": 0.003901164930045994,
    "h100/outcome_jam_state_mse": 0.0026975124022539923,
    "h100/outcome_miss_episode_count": 3,
    "h100/outcome_miss_final_state_mse": 0.006685881224138285,
    "h100/outcome_miss_state_mse": 0.003360587662341548,
    "h100/outcome_partial_episode_count": 3,
    "h100/outcome_partial_final_state_mse": 0.0017218036102313622,
    "h100/outcome_partial_state_mse": 0.0017438115637286816,
    "h100/outcome_success_episode_count": 3,
    "h100/outcome_success_final_state_mse": 0.0031896338256355984,
    "h100/outcome_success_state_mse": 0.002129051358092065,
    "h100/selected_mode": "periodic_10",
    "h100/selected_period": 10,
    "h100/state_mse": 0.0023914477778416055,
    "h125/episode_count": 15,
    "h125/final_state_mse": 0.006961903540916692,
    "h125/outcome_drop_episode_count": 3,
    "h125/outcome_drop_final_state_mse": 0.00434997073965135,
    "h125/outcome_drop_state_mse": 0.0025253906748653235,
    "h125/outcome_jam_episode_count": 3,
    "h125/outcome_jam_final_state_mse": 0.006345851992080414,
    "h125/outcome_jam_state_mse": 0.0032005794749540442,
    "h125/outcome_miss_episode_count": 3,
    "h125/outcome_miss_final_state_mse": 0.016572578061445086,
    "h125/outcome_miss_state_mse": 0.004815868352752885,
    "h125/outcome_partial_episode_count": 3,
    "h125/outcome_partial_final_state_mse": 0.002007492276188595,
    "h125/outcome_partial_state_mse": 0.0017743468939089308,
    "h125/outcome_success_episode_count": 3,
    "h125/outcome_success_final_state_mse": 0.0055336242212968715,
    "h125/outcome_success_state_mse": 0.002554590362349367,
    "h125/selected_mode": "periodic_10",
    "h125/selected_period": 10,
    "h125/state_mse": 0.002974155241523693,
    "h20/episode_count": 15,
    "h20/final_state_mse": 0.0013030979368421766,
    "h20/outcome_drop_episode_count": 3,
    "h20/outcome_drop_final_state_mse": 0.0012090022925263138,
    "h20/outcome_drop_state_mse": 0.0014428991897433411,
    "h20/outcome_jam_episode_count": 3,
    "h20/outcome_jam_final_state_mse": 0.001270870659865585,
    "h20/outcome_jam_state_mse": 0.001795607298807381,
    "h20/outcome_miss_episode_count": 3,
    "h20/outcome_miss_final_state_mse": 0.0019255132943976159,
    "h20/outcome_miss_state_mse": 0.006495206496294807,
    "h20/outcome_partial_episode_count": 3,
    "h20/outcome_partial_final_state_mse": 0.001032135540656015,
    "h20/outcome_partial_state_mse": 0.0013640811630323821,
    "h20/outcome_success_episode_count": 3,
    "h20/outcome_success_final_state_mse": 0.0010779679698102614,
    "h20/outcome_success_state_mse": 0.0013740287302366268,
    "h20/selected_mode": "periodic_10",
    "h20/selected_period": 10,
    "h20/state_mse": 0.002494364719764859,
    "h30/episode_count": 15,
    "h30/final_state_mse": 0.001253702749613843,
    "h30/outcome_drop_episode_count": 3,
    "h30/outcome_drop_final_state_mse": 0.0012580123943051482,
    "h30/outcome_drop_state_mse": 0.001450983475496047,
    "h30/outcome_jam_episode_count": 3,
    "h30/outcome_jam_final_state_mse": 0.0013804829928999634,
    "h30/outcome_jam_state_mse": 0.0017806157307427434,
    "h30/outcome_miss_episode_count": 3,
    "h30/outcome_miss_final_state_mse": 0.0013625435287656347,
    "h30/outcome_miss_state_mse": 0.0048762401464458125,
    "h30/outcome_partial_episode_count": 3,
    "h30/outcome_partial_final_state_mse": 0.0011094650923231847,
    "h30/outcome_partial_state_mse": 0.001371112965810273,
    "h30/outcome_success_episode_count": 3,
    "h30/outcome_success_final_state_mse": 0.001158009873690948,
    "h30/outcome_success_state_mse": 0.0013797330960209333,
    "h30/selected_mode": "periodic_10",
    "h30/selected_period": 10,
    "h30/state_mse": 0.0021717370725145525,
    "h40/episode_count": 15,
    "h40/final_state_mse": 0.001561316945194419,
    "h40/outcome_drop_episode_count": 3,
    "h40/outcome_drop_final_state_mse": 0.0015669403707279878,
    "h40/outcome_drop_state_mse": 0.0016225718984416886,
    "h40/outcome_jam_episode_count": 3,
    "h40/outcome_jam_final_state_mse": 0.0015876626023669648,
    "h40/outcome_jam_state_mse": 0.0018741678178699967,
    "h40/outcome_miss_episode_count": 3,
    "h40/outcome_miss_final_state_mse": 0.001732996037972519,
    "h40/outcome_miss_state_mse": 0.0041300673889958,
    "h40/outcome_partial_episode_count": 3,
    "h40/outcome_partial_final_state_mse": 0.0014216006776086646,
    "h40/outcome_partial_state_mse": 0.0014636731810039943,
    "h40/outcome_success_episode_count": 3,
    "h40/outcome_success_final_state_mse": 0.0014973846720714196,
    "h40/outcome_success_state_mse": 0.0014765007433548472,
    "h40/selected_mode": "periodic_10",
    "h40/selected_period": 10,
    "h40/state_mse": 0.0021133961397058823,
    "h50/episode_count": 15,
    "h50/final_state_mse": 0.001760671029683032,
    "h50/outcome_drop_episode_count": 3,
    "h50/outcome_drop_final_state_mse": 0.0014809251464659872,
    "h50/outcome_drop_state_mse": 0.0017132920533223868,
    "h50/outcome_jam_episode_count": 3,
    "h50/outcome_jam_final_state_mse": 0.0023050589937400195,
    "h50/outcome_jam_state_mse": 0.0020657881568459904,
    "h50/outcome_miss_episode_count": 3,
    "h50/outcome_miss_final_state_mse": 0.0016562268016190311,
    "h50/outcome_miss_state_mse": 0.003688468746110505,
    "h50/outcome_partial_episode_count": 3,
    "h50/outcome_partial_final_state_mse": 0.0016666212015681798,
    "h50/outcome_partial_state_mse": 0.001623057571111941,
    "h50/outcome_success_episode_count": 3,
    "h50/outcome_success_final_state_mse": 0.0016945231145893047,
    "h50/outcome_success_state_mse": 0.0016401802013122958,
    "h50/selected_mode": "periodic_10",
    "h50/selected_period": 10,
    "h50/state_mse": 0.0021461572584763073,
    "h75/episode_count": 15,
    "h75/final_state_mse": 0.0032737744399924684,
    "h75/outcome_drop_episode_count": 3,
    "h75/outcome_drop_final_state_mse": 0.002298160291769925,
    "h75/outcome_drop_state_mse": 0.0017842112854934726,
    "h75/outcome_jam_episode_count": 3,
    "h75/outcome_jam_final_state_mse": 0.00362893578663371,
    "h75/outcome_jam_state_mse": 0.002341567145453559,
    "h75/outcome_miss_episode_count": 3,
    "h75/outcome_miss_final_state_mse": 0.004420249582895266,
    "h75/outcome_miss_state_mse": 0.0032174310289436957,
    "h75/outcome_partial_episode_count": 3,
    "h75/outcome_partial_final_state_mse": 0.002719357682793748,
    "h75/outcome_partial_state_mse": 0.0017769033976369954,
    "h75/outcome_success_episode_count": 3,
    "h75/outcome_success_final_state_mse": 0.003302169951543309,
    "h75/outcome_success_state_mse": 0.0018235773406517011,
    "h75/selected_mode": "periodic_10",
    "h75/selected_period": 10,
    "h75/state_mse": 0.002188737989770561,
    "max_requested_horizon": 125,
    "periodic_reencode_periods": [
      1,
      2,
      5,
      10,
      20,
      50,
      100
    ],
    "rollout_mode": "best_periodic"
  },
  "checkpoint": "runs/maniskill_insertion/perturbation_e20_5k_lista_refine_20260604_143125/lista_relu_a0p005_sp3em5_loops2/seed0/checkpoint.pt",
  "checkpoint_step": 2500,
  "dataset": "data/maniskill/perturbation_assessment_seed0_e20/all_setups.npz",
  "device": "cuda",
  "family_jaccard": 0.4,
  "horizons": [
    10,
    20,
    30,
    40,
    50,
    75,
    100,
    125
  ],
  "labels_used_for_training": false,
  "periodic_reencode_periods": [
    1,
    2,
    5,
    10,
    20,
    50,
    100
  ],
  "rollout": {
    "episode_count": 15,
    "h10/episode_count": 15,
    "h10/final_state_mse": 0.002026784497927996,
    "h10/outcome_drop_episode_count": 3,
    "h10/outcome_drop_final_state_mse": 0.0013752581515148574,
    "h10/outcome_drop_state_mse": 0.0015297336905610328,
    "h10/outcome_jam_episode_count": 3,
    "h10/outcome_jam_final_state_mse": 0.0021282946021338694,
    "h10/outcome_jam_state_mse": 0.0019250449401880402,
    "h10/outcome_miss_episode_count": 3,
    "h10/outcome_miss_final_state_mse": 0.0038853597407247508,
    "h10/outcome_miss_state_mse": 0.009868225864335603,
    "h10/outcome_partial_episode_count": 3,
    "h10/outcome_partial_final_state_mse": 0.0013745625813802083,
    "h10/outcome_partial_state_mse": 0.0014574485277038774,
    "h10/outcome_success_episode_count": 3,
    "h10/outcome_success_final_state_mse": 0.0013704478278074388,
    "h10/outcome_success_state_mse": 0.0014555929143444386,
    "h10/state_mse": 0.0032472089380999798,
    "h100/episode_count": 15,
    "h100/final_state_mse": 22344.844444444443,
    "h100/outcome_drop_episode_count": 3,
    "h100/outcome_drop_final_state_mse": 22262.11141748366,
    "h100/outcome_drop_state_mse": 1020.6133660130719,
    "h100/outcome_jam_episode_count": 3,
    "h100/outcome_jam_final_state_mse": 18762.029411764706,
    "h100/outcome_jam_state_mse": 885.9321732026144,
    "h100/outcome_miss_episode_count": 3,
    "h100/outcome_miss_final_state_mse": 26600.945874183006,
    "h100/outcome_miss_state_mse": 1347.6062418300653,
    "h100/outcome_partial_episode_count": 3,
    "h100/outcome_partial_final_state_mse": 22391.2133374183,
    "h100/outcome_partial_state_mse": 1030.0900531045752,
    "h100/outcome_success_episode_count": 3,
    "h100/outcome_success_final_state_mse": 21707.91605392157,
    "h100/outcome_success_state_mse": 1005.9745751633986,
    "h100/state_mse": 1058.0431895424836,
    "h125/episode_count": 15,
    "h125/final_state_mse": 12445678.59869281,
    "h125/outcome_drop_episode_count": 3,
    "h125/outcome_drop_final_state_mse": 14793834.14379085,
    "h125/outcome_drop_state_mse": 518392.23132026143,
    "h125/outcome_jam_episode_count": 3,
    "h125/outcome_jam_final_state_mse": 13064871.529411765,
    "h125/outcome_jam_state_mse": 451732.831372549,
    "h125/outcome_miss_episode_count": 3,
    "h125/outcome_miss_final_state_mse": 4012118.954248366,
    "h125/outcome_miss_state_mse": 168430.81453594772,
    "h125/outcome_partial_episode_count": 3,
    "h125/outcome_partial_final_state_mse": 15278261.124183007,
    "h125/outcome_partial_state_mse": 537443.9336993464,
    "h125/outcome_success_episode_count": 3,
    "h125/outcome_success_final_state_mse": 15079309.85620915,
    "h125/outcome_success_state_mse": 527535.498875817,
    "h125/state_mse": 440707.0693228758,
    "h20/episode_count": 15,
    "h20/final_state_mse": 0.003964371151394314,
    "h20/outcome_drop_episode_count": 3,
    "h20/outcome_drop_final_state_mse": 0.0038561967073702345,
    "h20/outcome_drop_state_mse": 0.0018820754063674826,
    "h20/outcome_jam_episode_count": 3,
    "h20/outcome_jam_final_state_mse": 0.004154137926164017,
    "h20/outcome_jam_state_mse": 0.0022102641513924194,
    "h20/outcome_miss_episode_count": 3,
    "h20/outcome_miss_final_state_mse": 0.004074493946592792,
    "h20/outcome_miss_state_mse": 0.006488046614952336,
    "h20/outcome_partial_episode_count": 3,
    "h20/outcome_partial_final_state_mse": 0.0037952690732245354,
    "h20/outcome_partial_state_mse": 0.0018091610054564633,
    "h20/outcome_success_episode_count": 3,
    "h20/outcome_success_final_state_mse": 0.00394175732447431,
    "h20/outcome_success_state_mse": 0.0018194900618659126,
    "h20/state_mse": 0.0028418075960446026,
    "h30/episode_count": 15,
    "h30/final_state_mse": 0.02529382394030203,
    "h30/outcome_drop_episode_count": 3,
    "h30/outcome_drop_final_state_mse": 0.025977982415093318,
    "h30/outcome_drop_state_mse": 0.0053024094608614385,
    "h30/outcome_jam_episode_count": 3,
    "h30/outcome_jam_final_state_mse": 0.026661470045451247,
    "h30/outcome_jam_state_mse": 0.005698495025468548,
    "h30/outcome_miss_episode_count": 3,
    "h30/outcome_miss_final_state_mse": 0.01981926237056458,
    "h30/outcome_miss_state_mse": 0.00756071502087163,
    "h30/outcome_partial_episode_count": 3,
    "h30/outcome_partial_final_state_mse": 0.026994942839628732,
    "h30/outcome_partial_state_mse": 0.005252897245951468,
    "h30/outcome_success_episode_count": 3,
    "h30/outcome_success_final_state_mse": 0.027015463978636498,
    "h30/outcome_success_state_mse": 0.005245620129155177,
    "h30/state_mse": 0.005812027542679398,
    "h40/episode_count": 15,
    "h40/final_state_mse": 0.25536971746706494,
    "h40/outcome_drop_episode_count": 3,
    "h40/outcome_drop_final_state_mse": 0.19658402679792417,
    "h40/outcome_drop_state_mse": 0.027503659055123923,
    "h40/outcome_jam_episode_count": 3,
    "h40/outcome_jam_final_state_mse": 0.2120872868431939,
    "h40/outcome_jam_state_mse": 0.028950072269813686,
    "h40/outcome_miss_episode_count": 3,
    "h40/outcome_miss_final_state_mse": 0.44072725881938063,
    "h40/outcome_miss_state_mse": 0.04707973268296983,
    "h40/outcome_partial_episode_count": 3,
    "h40/outcome_partial_final_state_mse": 0.21529350561254165,
    "h40/outcome_partial_state_mse": 0.029209963792289784,
    "h40/outcome_success_episode_count": 3,
    "h40/outcome_success_final_state_mse": 0.21215658250197866,
    "h40/outcome_success_state_mse": 0.028851486031526055,
    "h40/state_mse": 0.03231898488562091,
    "h50/episode_count": 15,
    "h50/final_state_mse": 1.772604549632353,
    "h50/outcome_drop_episode_count": 3,
    "h50/outcome_drop_final_state_mse": 1.4399506812002145,
    "h50/outcome_drop_state_mse": 0.1625142235849418,
    "h50/outcome_jam_episode_count": 3,
    "h50/outcome_jam_final_state_mse": 1.4617986616745493,
    "h50/outcome_jam_state_mse": 0.1670543376448887,
    "h50/outcome_miss_episode_count": 3,
    "h50/outcome_miss_final_state_mse": 3.170804690691381,
    "h50/outcome_miss_state_mse": 0.3674423556857639,
    "h50/outcome_partial_episode_count": 3,
    "h50/outcome_partial_final_state_mse": 1.393767550100688,
    "h50/outcome_partial_state_mse": 0.16430286881191278,
    "h50/outcome_success_episode_count": 3,
    "h50/outcome_success_final_state_mse": 1.396701713013493,
    "h50/outcome_success_state_mse": 0.16355587429470486,
    "h50/state_mse": 0.20497394556781046,
    "h75/episode_count": 15,
    "h75/final_state_mse": 74.93933823529412,
    "h75/outcome_drop_episode_count": 3,
    "h75/outcome_drop_final_state_mse": 64.87914001863766,
    "h75/outcome_drop_state_mse": 5.499014969703159,
    "h75/outcome_jam_episode_count": 3,
    "h75/outcome_jam_final_state_mse": 65.79099408318015,
    "h75/outcome_jam_state_mse": 5.642672121800109,
    "h75/outcome_miss_episode_count": 3,
    "h75/outcome_miss_final_state_mse": 107.90760314542484,
    "h75/outcome_miss_state_mse": 9.331050687636166,
    "h75/outcome_partial_episode_count": 3,
    "h75/outcome_partial_final_state_mse": 67.87282028696896,
    "h75/outcome_partial_state_mse": 5.643158743532135,
    "h75/outcome_success_episode_count": 3,
    "h75/outcome_success_final_state_mse": 68.24614959916258,
    "h75/outcome_success_state_mse": 5.6507776331018515,
    "h75/state_mse": 6.3533349673202615,
    "max_requested_horizon": 125,
    "reencode_period": null,
    "rollout_mode": "no_reencode"
  },
  "rollout_modes": {
    "no_reencode": {
      "episode_count": 15,
      "h10/episode_count": 15,
      "h10/final_state_mse": 0.002026784497927996,
      "h10/outcome_drop_episode_count": 3,
      "h10/outcome_drop_final_state_mse": 0.0013752581515148574,
      "h10/outcome_drop_state_mse": 0.0015297336905610328,
      "h10/outcome_jam_episode_count": 3,
      "h10/outcome_jam_final_state_mse": 0.0021282946021338694,
      "h10/outcome_jam_state_mse": 0.0019250449401880402,
      "h10/outcome_miss_episode_count": 3,
      "h10/outcome_miss_final_state_mse": 0.0038853597407247508,
      "h10/outcome_miss_state_mse": 0.009868225864335603,
      "h10/outcome_partial_episode_count": 3,
      "h10/outcome_partial_final_state_mse": 0.0013745625813802083,
      "h10/outcome_partial_state_mse": 0.0014574485277038774,
      "h10/outcome_success_episode_count": 3,
      "h10/outcome_success_final_state_mse": 0.0013704478278074388,
      "h10/outcome_success_state_mse": 0.0014555929143444386,
      "h10/state_mse": 0.0032472089380999798,
      "h100/episode_count": 15,
      "h100/final_state_mse": 22344.844444444443,
      "h100/outcome_drop_episode_count": 3,
      "h100/outcome_drop_final_state_mse": 22262.11141748366,
      "h100/outcome_drop_state_mse": 1020.6133660130719,
      "h100/outcome_jam_episode_count": 3,
      "h100/outcome_jam_final_state_mse": 18762.029411764706,
      "h100/outcome_jam_state_mse": 885.9321732026144,
      "h100/outcome_miss_episode_count": 3,
      "h100/outcome_miss_final_state_mse": 26600.945874183006,
      "h100/outcome_miss_state_mse": 1347.6062418300653,
      "h100/outcome_partial_episode_count": 3,
      "h100/outcome_partial_final_state_mse": 22391.2133374183,
      "h100/outcome_partial_state_mse": 1030.0900531045752,
      "h100/outcome_success_episode_count": 3,
      "h100/outcome_success_final_state_mse": 21707.91605392157,
      "h100/outcome_success_state_mse": 1005.9745751633986,
      "h100/state_mse": 1058.0431895424836,
      "h125/episode_count": 15,
      "h125/final_state_mse": 12445678.59869281,
      "h125/outcome_drop_episode_count": 3,
      "h125/outcome_drop_final_state_mse": 14793834.14379085,
      "h125/outcome_drop_state_mse": 518392.23132026143,
      "h125/outcome_jam_episode_count": 3,
      "h125/outcome_jam_final_state_mse": 13064871.529411765,
      "h125/outcome_jam_state_mse": 451732.831372549,
      "h125/outcome_miss_episode_count": 3,
      "h125/outcome_miss_final_state_mse": 4012118.954248366,
      "h125/outcome_miss_state_mse": 168430.81453594772,
      "h125/outcome_partial_episode_count": 3,
      "h125/outcome_partial_final_state_mse": 15278261.124183007,
      "h125/outcome_partial_state_mse": 537443.9336993464,
      "h125/outcome_success_episode_count": 3,
      "h125/outcome_success_final_state_mse": 15079309.85620915,
      "h125/outcome_success_state_mse": 527535.498875817,
      "h125/state_mse": 440707.0693228758,
      "h20/episode_count": 15,
      "h20/final_state_mse": 0.003964371151394314,
      "h20/outcome_drop_episode_count": 3,
      "h20/outcome_drop_final_state_mse": 0.0038561967073702345,
      "h20/outcome_drop_state_mse": 0.0018820754063674826,
      "h20/outcome_jam_episode_count": 3,
      "h20/outcome_jam_final_state_mse": 0.004154137926164017,
      "h20/outcome_jam_state_mse": 0.0022102641513924194,
      "h20/outcome_miss_episode_count": 3,
      "h20/outcome_miss_final_state_mse": 0.004074493946592792,
      "h20/outcome_miss_state_mse": 0.006488046614952336,
      "h20/outcome_partial_episode_count": 3,
      "h20/outcome_partial_final_state_mse": 0.0037952690732245354,
      "h20/outcome_partial_state_mse": 0.0018091610054564633,
      "h20/outcome_success_episode_count": 3,
      "h20/outcome_success_final_state_mse": 0.00394175732447431,
      "h20/outcome_success_state_mse": 0.0018194900618659126,
      "h20/state_mse": 0.0028418075960446026,
      "h30/episode_count": 15,
      "h30/final_state_mse": 0.02529382394030203,
      "h30/outcome_drop_episode_count": 3,
      "h30/outcome_drop_final_state_mse": 0.025977982415093318,
      "h30/outcome_drop_state_mse": 0.0053024094608614385,
      "h30/outcome_jam_episode_count": 3,
      "h30/outcome_jam_final_state_mse": 0.026661470045451247,
      "h30/outcome_jam_state_mse": 0.005698495025468548,
      "h30/outcome_miss_episode_count": 3,
      "h30/outcome_miss_final_state_mse": 0.01981926237056458,
      "h30/outcome_miss_state_mse": 0.00756071502087163,
      "h30/outcome_partial_episode_count": 3,
      "h30/outcome_partial_final_state_mse": 0.026994942839628732,
      "h30/outcome_partial_state_mse": 0.005252897245951468,
      "h30/outcome_success_episode_count": 3,
      "h30/outcome_success_final_state_mse": 0.027015463978636498,
      "h30/outcome_success_state_mse": 0.005245620129155177,
      "h30/state_mse": 0.005812027542679398,
      "h40/episode_count": 15,
      "h40/final_state_mse": 0.25536971746706494,
      "h40/outcome_drop_episode_count": 3,
      "h40/outcome_drop_final_state_mse": 0.19658402679792417,
      "h40/outcome_drop_state_mse": 0.027503659055123923,
      "h40/outcome_jam_episode_count": 3,
      "h40/outcome_jam_final_state_mse": 0.2120872868431939,
      "h40/outcome_jam_state_mse": 0.028950072269813686,
      "h40/outcome_miss_episode_count": 3,
      "h40/outcome_miss_final_state_mse": 0.44072725881938063,
      "h40/outcome_miss_state_mse": 0.04707973268296983,
      "h40/outcome_partial_episode_count": 3,
      "h40/outcome_partial_final_state_mse": 0.21529350561254165,
      "h40/outcome_partial_state_mse": 0.029209963792289784,
      "h40/outcome_success_episode_count": 3,
      "h40/outcome_success_final_state_mse": 0.21215658250197866,
      "h40/outcome_success_state_mse": 0.028851486031526055,
      "h40/state_mse": 0.03231898488562091,
      "h50/episode_count": 15,
      "h50/final_state_mse": 1.772604549632353,
      "h50/outcome_drop_episode_count": 3,
      "h50/outcome_drop_final_state_mse": 1.4399506812002145,
      "h50/outcome_drop_state_mse": 0.1625142235849418,
      "h50/outcome_jam_episode_count": 3,
      "h50/outcome_jam_final_state_mse": 1.4617986616745493,
      "h50/outcome_jam_state_mse": 0.1670543376448887,
      "h50/outcome_miss_episode_count": 3,
      "h50/outcome_miss_final_state_mse": 3.170804690691381,
      "h50/outcome_miss_state_mse": 0.3674423556857639,
      "h50/outcome_partial_episode_count": 3,
      "h50/outcome_partial_final_state_mse": 1.393767550100688,
      "h50/outcome_partial_state_mse": 0.16430286881191278,
      "h50/outcome_success_episode_count": 3,
      "h50/outcome_success_final_state_mse": 1.396701713013493,
      "h50/outcome_success_state_mse": 0.16355587429470486,
      "h50/state_mse": 0.20497394556781046,
      "h75/episode_count": 15,
      "h75/final_state_mse": 74.93933823529412,
      "h75/outcome_drop_episode_count": 3,
      "h75/outcome_drop_final_state_mse": 64.87914001863766,
      "h75/outcome_drop_state_mse": 5.499014969703159,
      "h75/outcome_jam_episode_count": 3,
      "h75/outcome_jam_final_state_mse": 65.79099408318015,
      "h75/outcome_jam_state_mse": 5.642672121800109,
      "h75/outcome_miss_episode_count": 3,
      "h75/outcome_miss_final_state_mse": 107.90760314542484,
      "h75/outcome_miss_state_mse": 9.331050687636166,
      "h75/outcome_partial_episode_count": 3,
      "h75/outcome_partial_final_state_mse": 67.87282028696896,
      "h75/outcome_partial_state_mse": 5.643158743532135,
      "h75/outcome_success_episode_count": 3,
      "h75/outcome_success_final_state_mse": 68.24614959916258,
      "h75/outcome_success_state_mse": 5.6507776331018515,
      "h75/state_mse": 6.3533349673202615,
      "max_requested_horizon": 125,
      "reencode_period": null,
      "rollout_mode": "no_reencode"
    },
    "periodic_1": {
      "episode_count": 15,
      "h10/episode_count": 15,
      "h10/final_state_mse": 0.0033992119084775836,
      "h10/outcome_drop_episode_count": 3,
      "h10/outcome_drop_final_state_mse": 0.002755661221111522,
      "h10/outcome_drop_state_mse": 0.002497673580069947,
      "h10/outcome_jam_episode_count": 3,
      "h10/outcome_jam_final_state_mse": 0.0029203397483607524,
      "h10/outcome_jam_state_mse": 0.0027740794069626754,
      "h10/outcome_miss_episode_count": 3,
      "h10/outcome_miss_final_state_mse": 0.005961901222179138,
      "h10/outcome_miss_state_mse": 0.011298226375205844,
      "h10/outcome_partial_episode_count": 3,
      "h10/outcome_partial_final_state_mse": 0.002646488983646717,
      "h10/outcome_partial_state_mse": 0.0023893533189312307,
      "h10/outcome_success_episode_count": 3,
      "h10/outcome_success_final_state_mse": 0.0027116683183931838,
      "h10/outcome_success_state_mse": 0.00240961811900918,
      "h10/state_mse": 0.00427379034703074,
      "h100/episode_count": 15,
      "h100/final_state_mse": 0.008629899866440718,
      "h100/outcome_drop_episode_count": 3,
      "h100/outcome_drop_final_state_mse": 0.012023198253968182,
      "h100/outcome_drop_state_mse": 0.007170887928383023,
      "h100/outcome_jam_episode_count": 3,
      "h100/outcome_jam_final_state_mse": 0.0054494693290953545,
      "h100/outcome_jam_state_mse": 0.006879566915674147,
      "h100/outcome_miss_episode_count": 3,
      "h100/outcome_miss_final_state_mse": 0.01400108601337944,
      "h100/outcome_miss_state_mse": 0.008222858204561121,
      "h100/outcome_partial_episode_count": 3,
      "h100/outcome_partial_final_state_mse": 0.005939974309572207,
      "h100/outcome_partial_state_mse": 0.0060472341300615295,
      "h100/outcome_success_episode_count": 3,
      "h100/outcome_success_final_state_mse": 0.005735774250591502,
      "h100/outcome_success_state_mse": 0.006359656340156505,
      "h100/state_mse": 0.006936040741166258,
      "h125/episode_count": 15,
      "h125/final_state_mse": 0.008961445054197622,
      "h125/outcome_drop_episode_count": 3,
      "h125/outcome_drop_final_state_mse": 0.014220241822448432,
      "h125/outcome_drop_state_mse": 0.00827509612039803,
      "h125/outcome_jam_episode_count": 3,
      "h125/outcome_jam_final_state_mse": 0.010773371637257096,
      "h125/outcome_jam_state_mse": 0.007044820548662173,
      "h125/outcome_miss_episode_count": 3,
      "h125/outcome_miss_final_state_mse": 0.006964802839397605,
      "h125/outcome_miss_state_mse": 0.008284855462367239,
      "h125/outcome_partial_episode_count": 3,
      "h125/outcome_partial_final_state_mse": 0.005128938290807936,
      "h125/outcome_partial_state_mse": 0.005935354594311683,
      "h125/outcome_success_episode_count": 3,
      "h125/outcome_success_final_state_mse": 0.007719868343639997,
      "h125/outcome_success_state_mse": 0.0063055244395935454,
      "h125/state_mse": 0.007169130412581699,
      "h20/episode_count": 15,
      "h20/final_state_mse": 0.0036322129318137573,
      "h20/outcome_drop_episode_count": 3,
      "h20/outcome_drop_final_state_mse": 0.0032666756047142875,
      "h20/outcome_drop_state_mse": 0.0027335390935536302,
      "h20/outcome_jam_episode_count": 3,
      "h20/outcome_jam_final_state_mse": 0.002918394854645324,
      "h20/outcome_jam_state_mse": 0.002979108476950452,
      "h20/outcome_miss_episode_count": 3,
      "h20/outcome_miss_final_state_mse": 0.005591932659834818,
      "h20/outcome_miss_state_mse": 0.008611516391529756,
      "h20/outcome_partial_episode_count": 3,
      "h20/outcome_partial_final_state_mse": 0.0031726711910534527,
      "h20/outcome_partial_state_mse": 0.00269710881258148,
      "h20/outcome_success_episode_count": 3,
      "h20/outcome_success_final_state_mse": 0.0032113910305733772,
      "h20/outcome_success_state_mse": 0.002727693163491542,
      "h20/state_mse": 0.003949793397990706,
      "h30/episode_count": 15,
      "h30/final_state_mse": 0.004119752123464946,
      "h30/outcome_drop_episode_count": 3,
      "h30/outcome_drop_final_state_mse": 0.004074355161267948,
      "h30/outcome_drop_state_mse": 0.003039904357561099,
      "h30/outcome_jam_episode_count": 3,
      "h30/outcome_jam_final_state_mse": 0.003716106313505983,
      "h30/outcome_jam_state_mse": 0.00318841040783718,
      "h30/outcome_miss_episode_count": 3,
      "h30/outcome_miss_final_state_mse": 0.004788574537420585,
      "h30/outcome_miss_state_mse": 0.007207047082240285,
      "h30/outcome_partial_episode_count": 3,
      "h30/outcome_partial_final_state_mse": 0.003954884760520037,
      "h30/outcome_partial_state_mse": 0.0029927141006735676,
      "h30/outcome_success_episode_count": 3,
      "h30/outcome_success_final_state_mse": 0.00406483809153239,
      "h30/outcome_success_state_mse": 0.0030269168820516216,
      "h30/state_mse": 0.0038909985245183143,
      "h40/episode_count": 15,
      "h40/final_state_mse": 0.005286310856638391,
      "h40/outcome_drop_episode_count": 3,
      "h40/outcome_drop_final_state_mse": 0.005295772275893517,
      "h40/outcome_drop_state_mse": 0.0033870320694119323,
      "h40/outcome_jam_episode_count": 3,
      "h40/outcome_jam_final_state_mse": 0.005246273248024236,
      "h40/outcome_jam_state_mse": 0.0034659225177141578,
      "h40/outcome_miss_episode_count": 3,
      "h40/outcome_miss_final_state_mse": 0.0056104936630897275,
      "h40/outcome_miss_state_mse": 0.006755357941770865,
      "h40/outcome_partial_episode_count": 3,
      "h40/outcome_partial_final_state_mse": 0.005127253875233768,
      "h40/outcome_partial_state_mse": 0.003245877752117082,
      "h40/outcome_success_episode_count": 3,
      "h40/outcome_success_final_state_mse": 0.005151761123557496,
      "h40/outcome_success_state_mse": 0.0032768757514704287,
      "h40/state_mse": 0.004026213003919015,
      "h50/episode_count": 15,
      "h50/final_state_mse": 0.01123629301981209,
      "h50/outcome_drop_episode_count": 3,
      "h50/outcome_drop_final_state_mse": 0.012128367922664468,
      "h50/outcome_drop_state_mse": 0.0044119790021110985,
      "h50/outcome_jam_episode_count": 3,
      "h50/outcome_jam_final_state_mse": 0.011030236782591327,
      "h50/outcome_jam_state_mse": 0.004799191468681385,
      "h50/outcome_miss_episode_count": 3,
      "h50/outcome_miss_final_state_mse": 0.007588161070362415,
      "h50/outcome_miss_state_mse": 0.006742440765979243,
      "h50/outcome_partial_episode_count": 3,
      "h50/outcome_partial_final_state_mse": 0.012582783410751742,
      "h50/outcome_partial_state_mse": 0.00442920148762223,
      "h50/outcome_success_episode_count": 3,
      "h50/outcome_success_final_state_mse": 0.01285191474397198,
      "h50/outcome_success_state_mse": 0.004484861909953597,
      "h50/state_mse": 0.004973535076465482,
      "h75/episode_count": 15,
      "h75/final_state_mse": 0.007537594963522519,
      "h75/outcome_drop_episode_count": 3,
      "h75/outcome_drop_final_state_mse": 0.007348478278693031,
      "h75/outcome_drop_state_mse": 0.006907435066040305,
      "h75/outcome_jam_episode_count": 3,
      "h75/outcome_jam_final_state_mse": 0.008734209475174448,
      "h75/outcome_jam_state_mse": 0.007383541198597495,
      "h75/outcome_miss_episode_count": 3,
      "h75/outcome_miss_final_state_mse": 0.00880945342428544,
      "h75/outcome_miss_state_mse": 0.006858967799766391,
      "h75/outcome_partial_episode_count": 3,
      "h75/outcome_partial_final_state_mse": 0.005628577439613591,
      "h75/outcome_partial_state_mse": 0.006447076735153697,
      "h75/outcome_success_episode_count": 3,
      "h75/outcome_success_final_state_mse": 0.007167256151149475,
      "h75/outcome_success_state_mse": 0.006640848562868073,
      "h75/state_mse": 0.00684757433789488,
      "max_requested_horizon": 125,
      "reencode_period": 1,
      "rollout_mode": "periodic_1"
    },
    "periodic_10": {
      "episode_count": 15,
      "h10/episode_count": 15,
      "h10/final_state_mse": 0.0020267843420988594,
      "h10/outcome_drop_episode_count": 3,
      "h10/outcome_drop_final_state_mse": 0.0013752581149924035,
      "h10/outcome_drop_state_mse": 0.001529733495774612,
      "h10/outcome_jam_episode_count": 3,
      "h10/outcome_jam_final_state_mse": 0.0021282949673584084,
      "h10/outcome_jam_state_mse": 0.00192504540767545,
      "h10/outcome_miss_episode_count": 3,
      "h10/outcome_miss_final_state_mse": 0.0038853578902537525,
      "h10/outcome_miss_state_mse": 0.009868225241019055,
      "h10/outcome_partial_episode_count": 3,
      "h10/outcome_partial_final_state_mse": 0.001374562289200577,
      "h10/outcome_partial_state_mse": 0.0014574483913533827,
      "h10/outcome_success_episode_count": 3,
      "h10/outcome_success_final_state_mse": 0.0013704482173802807,
      "h10/outcome_success_state_mse": 0.0014555933623532065,
      "h10/state_mse": 0.003247209187426598,
      "h100/episode_count": 15,
      "h100/final_state_mse": 0.0036158399644240836,
      "h100/outcome_drop_episode_count": 3,
      "h100/outcome_drop_final_state_mse": 0.0025807171573046764,
      "h100/outcome_drop_state_mse": 0.0020262763391133225,
      "h100/outcome_jam_episode_count": 3,
      "h100/outcome_jam_final_state_mse": 0.003901164930045994,
      "h100/outcome_jam_state_mse": 0.0026975124022539923,
      "h100/outcome_miss_episode_count": 3,
      "h100/outcome_miss_final_state_mse": 0.006685881224138285,
      "h100/outcome_miss_state_mse": 0.003360587662341548,
      "h100/outcome_partial_episode_count": 3,
      "h100/outcome_partial_final_state_mse": 0.0017218036102313622,
      "h100/outcome_partial_state_mse": 0.0017438115637286816,
      "h100/outcome_success_episode_count": 3,
      "h100/outcome_success_final_state_mse": 0.0031896338256355984,
      "h100/outcome_success_state_mse": 0.002129051358092065,
      "h100/state_mse": 0.0023914477778416055,
      "h125/episode_count": 15,
      "h125/final_state_mse": 0.006961903540916692,
      "h125/outcome_drop_episode_count": 3,
      "h125/outcome_drop_final_state_mse": 0.00434997073965135,
      "h125/outcome_drop_state_mse": 0.0025253906748653235,
      "h125/outcome_jam_episode_count": 3,
      "h125/outcome_jam_final_state_mse": 0.006345851992080414,
      "h125/outcome_jam_state_mse": 0.0032005794749540442,
      "h125/outcome_miss_episode_count": 3,
      "h125/outcome_miss_final_state_mse": 0.016572578061445086,
      "h125/outcome_miss_state_mse": 0.004815868352752885,
      "h125/outcome_partial_episode_count": 3,
      "h125/outcome_partial_final_state_mse": 0.002007492276188595,
      "h125/outcome_partial_state_mse": 0.0017743468939089308,
      "h125/outcome_success_episode_count": 3,
      "h125/outcome_success_final_state_mse": 0.0055336242212968715,
      "h125/outcome_success_state_mse": 0.002554590362349367,
      "h125/state_mse": 0.002974155241523693,
      "h20/episode_count": 15,
      "h20/final_state_mse": 0.0013030979368421766,
      "h20/outcome_drop_episode_count": 3,
      "h20/outcome_drop_final_state_mse": 0.0012090022925263138,
      "h20/outcome_drop_state_mse": 0.0014428991897433411,
      "h20/outcome_jam_episode_count": 3,
      "h20/outcome_jam_final_state_mse": 0.001270870659865585,
      "h20/outcome_jam_state_mse": 0.001795607298807381,
      "h20/outcome_miss_episode_count": 3,
      "h20/outcome_miss_final_state_mse": 0.0019255132943976159,
      "h20/outcome_miss_state_mse": 0.006495206496294807,
      "h20/outcome_partial_episode_count": 3,
      "h20/outcome_partial_final_state_mse": 0.001032135540656015,
      "h20/outcome_partial_state_mse": 0.0013640811630323821,
      "h20/outcome_success_episode_count": 3,
      "h20/outcome_success_final_state_mse": 0.0010779679698102614,
      "h20/outcome_success_state_mse": 0.0013740287302366268,
      "h20/state_mse": 0.002494364719764859,
      "h30/episode_count": 15,
      "h30/final_state_mse": 0.001253702749613843,
      "h30/outcome_drop_episode_count": 3,
      "h30/outcome_drop_final_state_mse": 0.0012580123943051482,
      "h30/outcome_drop_state_mse": 0.001450983475496047,
      "h30/outcome_jam_episode_count": 3,
      "h30/outcome_jam_final_state_mse": 0.0013804829928999634,
      "h30/outcome_jam_state_mse": 0.0017806157307427434,
      "h30/outcome_miss_episode_count": 3,
      "h30/outcome_miss_final_state_mse": 0.0013625435287656347,
      "h30/outcome_miss_state_mse": 0.0048762401464458125,
      "h30/outcome_partial_episode_count": 3,
      "h30/outcome_partial_final_state_mse": 0.0011094650923231847,
      "h30/outcome_partial_state_mse": 0.001371112965810273,
      "h30/outcome_success_episode_count": 3,
      "h30/outcome_success_final_state_mse": 0.001158009873690948,
      "h30/outcome_success_state_mse": 0.0013797330960209333,
      "h30/state_mse": 0.0021717370725145525,
      "h40/episode_count": 15,
      "h40/final_state_mse": 0.001561316945194419,
      "h40/outcome_drop_episode_count": 3,
      "h40/outcome_drop_final_state_mse": 0.0015669403707279878,
      "h40/outcome_drop_state_mse": 0.0016225718984416886,
      "h40/outcome_jam_episode_count": 3,
      "h40/outcome_jam_final_state_mse": 0.0015876626023669648,
      "h40/outcome_jam_state_mse": 0.0018741678178699967,
      "h40/outcome_miss_episode_count": 3,
      "h40/outcome_miss_final_state_mse": 0.001732996037972519,
      "h40/outcome_miss_state_mse": 0.0041300673889958,
      "h40/outcome_partial_episode_count": 3,
      "h40/outcome_partial_final_state_mse": 0.0014216006776086646,
      "h40/outcome_partial_state_mse": 0.0014636731810039943,
      "h40/outcome_success_episode_count": 3,
      "h40/outcome_success_final_state_mse": 0.0014973846720714196,
      "h40/outcome_success_state_mse": 0.0014765007433548472,
      "h40/state_mse": 0.0021133961397058823,
      "h50/episode_count": 15,
      "h50/final_state_mse": 0.001760671029683032,
      "h50/outcome_drop_episode_count": 3,
      "h50/outcome_drop_final_state_mse": 0.0014809251464659872,
      "h50/outcome_drop_state_mse": 0.0017132920533223868,
      "h50/outcome_jam_episode_count": 3,
      "h50/outcome_jam_final_state_mse": 0.0023050589937400195,
      "h50/outcome_jam_state_mse": 0.0020657881568459904,
      "h50/outcome_miss_episode_count": 3,
      "h50/outcome_miss_final_state_mse": 0.0016562268016190311,
      "h50/outcome_miss_state_mse": 0.003688468746110505,
      "h50/outcome_partial_episode_count": 3,
      "h50/outcome_partial_final_state_mse": 0.0016666212015681798,
      "h50/outcome_partial_state_mse": 0.001623057571111941,
      "h50/outcome_success_episode_count": 3,
      "h50/outcome_success_final_state_mse": 0.0016945231145893047,
      "h50/outcome_success_state_mse": 0.0016401802013122958,
      "h50/state_mse": 0.0021461572584763073,
      "h75/episode_count": 15,
      "h75/final_state_mse": 0.0032737744399924684,
      "h75/outcome_drop_episode_count": 3,
      "h75/outcome_drop_final_state_mse": 0.002298160291769925,
      "h75/outcome_drop_state_mse": 0.0017842112854934726,
      "h75/outcome_jam_episode_count": 3,
      "h75/outcome_jam_final_state_mse": 0.00362893578663371,
      "h75/outcome_jam_state_mse": 0.002341567145453559,
      "h75/outcome_miss_episode_count": 3,
      "h75/outcome_miss_final_state_mse": 0.004420249582895266,
      "h75/outcome_miss_state_mse": 0.0032174310289436957,
      "h75/outcome_partial_episode_count": 3,
      "h75/outcome_partial_final_state_mse": 0.002719357682793748,
      "h75/outcome_partial_state_mse": 0.0017769033976369954,
      "h75/outcome_success_episode_count": 3,
      "h75/outcome_success_final_state_mse": 0.003302169951543309,
      "h75/outcome_success_state_mse": 0.0018235773406517011,
      "h75/state_mse": 0.002188737989770561,
      "max_requested_horizon": 125,
      "reencode_period": 10,
      "rollout_mode": "periodic_10"
    },
    "periodic_100": {
      "episode_count": 15,
      "h10/episode_count": 15,
      "h10/final_state_mse": 0.0020267843420988594,
      "h10/outcome_drop_episode_count": 3,
      "h10/outcome_drop_final_state_mse": 0.0013752581149924035,
      "h10/outcome_drop_state_mse": 0.001529733495774612,
      "h10/outcome_jam_episode_count": 3,
      "h10/outcome_jam_final_state_mse": 0.0021282949673584084,
      "h10/outcome_jam_state_mse": 0.00192504540767545,
      "h10/outcome_miss_episode_count": 3,
      "h10/outcome_miss_final_state_mse": 0.0038853578902537525,
      "h10/outcome_miss_state_mse": 0.009868225241019055,
      "h10/outcome_partial_episode_count": 3,
      "h10/outcome_partial_final_state_mse": 0.001374562289200577,
      "h10/outcome_partial_state_mse": 0.0014574483913533827,
      "h10/outcome_success_episode_count": 3,
      "h10/outcome_success_final_state_mse": 0.0013704482173802807,
      "h10/outcome_success_state_mse": 0.0014555933623532065,
      "h10/state_mse": 0.003247209187426598,
      "h100/episode_count": 15,
      "h100/final_state_mse": 22344.84183006536,
      "h100/outcome_drop_episode_count": 3,
      "h100/outcome_drop_final_state_mse": 22262.119689542484,
      "h100/outcome_drop_state_mse": 1020.6135008169935,
      "h100/outcome_jam_episode_count": 3,
      "h100/outcome_jam_final_state_mse": 18762.02849264706,
      "h100/outcome_jam_state_mse": 885.932181372549,
      "h100/outcome_miss_episode_count": 3,
      "h100/outcome_miss_final_state_mse": 26600.942401960783,
      "h100/outcome_miss_state_mse": 1347.606225490196,
      "h100/outcome_partial_episode_count": 3,
      "h100/outcome_partial_final_state_mse": 22391.207005718956,
      "h100/outcome_partial_state_mse": 1030.0899550653594,
      "h100/outcome_success_episode_count": 3,
      "h100/outcome_success_final_state_mse": 21707.914522058825,
      "h100/outcome_success_state_mse": 1005.974477124183,
      "h100/state_mse": 1058.0431895424836,
      "h125/episode_count": 15,
      "h125/final_state_mse": 16929.717647058824,
      "h125/outcome_drop_episode_count": 3,
      "h125/outcome_drop_final_state_mse": 15520.953227124182,
      "h125/outcome_drop_state_mse": 2102.4568104575164,
      "h125/outcome_jam_episode_count": 3,
      "h125/outcome_jam_final_state_mse": 12340.635008169935,
      "h125/outcome_jam_state_mse": 1758.0088104575163,
      "h125/outcome_miss_episode_count": 3,
      "h125/outcome_miss_final_state_mse": 26881.479166666668,
      "h125/outcome_miss_state_mse": 3359.24,
      "h125/outcome_partial_episode_count": 3,
      "h125/outcome_partial_final_state_mse": 15090.043709150326,
      "h125/outcome_partial_state_mse": 2072.517908496732,
      "h125/outcome_success_episode_count": 3,
      "h125/outcome_success_final_state_mse": 14815.475285947712,
      "h125/outcome_success_state_mse": 2033.356888888889,
      "h125/state_mse": 2265.11594248366,
      "h20/episode_count": 15,
      "h20/final_state_mse": 0.003964372398027408,
      "h20/outcome_drop_episode_count": 3,
      "h20/outcome_drop_final_state_mse": 0.0038561969995498657,
      "h20/outcome_drop_state_mse": 0.0018820753674101986,
      "h20/outcome_jam_episode_count": 3,
      "h20/outcome_jam_final_state_mse": 0.004154139679241804,
      "h20/outcome_jam_state_mse": 0.0022102644240934084,
      "h20/outcome_miss_episode_count": 3,
      "h20/outcome_miss_final_state_mse": 0.004074495407490948,
      "h20/outcome_miss_state_mse": 0.0064880461474649265,
      "h20/outcome_partial_episode_count": 3,
      "h20/outcome_partial_final_state_mse": 0.0037952726767733207,
      "h20/outcome_partial_state_mse": 0.001809161200242884,
      "h20/outcome_success_episode_count": 3,
      "h20/outcome_success_final_state_mse": 0.003941757032294679,
      "h20/outcome_success_state_mse": 0.0018194905293533225,
      "h20/state_mse": 0.002841807346717984,
      "h30/episode_count": 15,
      "h30/final_state_mse": 0.025293821447035847,
      "h30/outcome_drop_episode_count": 3,
      "h30/outcome_drop_final_state_mse": 0.025977977740219215,
      "h30/outcome_drop_state_mse": 0.005302409668633621,
      "h30/outcome_jam_episode_count": 3,
      "h30/outcome_jam_final_state_mse": 0.02666146692886851,
      "h30/outcome_jam_state_mse": 0.005698495025468548,
      "h30/outcome_miss_episode_count": 3,
      "h30/outcome_miss_final_state_mse": 0.019819258474836163,
      "h30/outcome_miss_state_mse": 0.007560714916985539,
      "h30/outcome_partial_episode_count": 3,
      "h30/outcome_partial_final_state_mse": 0.026994939723045997,
      "h30/outcome_partial_state_mse": 0.0052528973498375585,
      "h30/outcome_success_episode_count": 3,
      "h30/outcome_success_final_state_mse": 0.027015458524616714,
      "h30/outcome_success_state_mse": 0.00524562033692736,
      "h30/state_mse": 0.005812027542679398,
      "h40/episode_count": 15,
      "h40/final_state_mse": 0.25536973741319446,
      "h40/outcome_drop_episode_count": 3,
      "h40/outcome_drop_final_state_mse": 0.19658404238083782,
      "h40/outcome_drop_state_mse": 0.027503658743465647,
      "h40/outcome_jam_episode_count": 3,
      "h40/outcome_jam_final_state_mse": 0.21208728528490253,
      "h40/outcome_jam_state_mse": 0.028950069776547502,
      "h40/outcome_miss_episode_count": 3,
      "h40/outcome_miss_final_state_mse": 0.4407272962183734,
      "h40/outcome_miss_state_mse": 0.047079733306286384,
      "h40/outcome_partial_episode_count": 3,
      "h40/outcome_partial_final_state_mse": 0.21529356015273948,
      "h40/outcome_partial_state_mse": 0.02920996628555597,
      "h40/outcome_success_episode_count": 3,
      "h40/outcome_success_final_state_mse": 0.21215657315223047,
      "h40/outcome_success_state_mse": 0.028851487278159147,
      "h40/state_mse": 0.03231898488562091,
      "h50/episode_count": 15,
      "h50/final_state_mse": 1.7726048687704248,
      "h50/outcome_drop_episode_count": 3,
      "h50/outcome_drop_final_state_mse": 1.439950768464531,
      "h50/outcome_drop_state_mse": 0.16251422159032883,
      "h50/outcome_jam_episode_count": 3,
      "h50/outcome_jam_final_state_mse": 1.4617981006896574,
      "h50/outcome_jam_state_mse": 0.16705433565027575,
      "h50/outcome_miss_episode_count": 3,
      "h50/outcome_miss_final_state_mse": 3.170805937324474,
      "h50/outcome_miss_state_mse": 0.36744241153492646,
      "h50/outcome_partial_episode_count": 3,
      "h50/outcome_partial_final_state_mse": 1.3937675874996809,
      "h50/outcome_partial_state_mse": 0.16430287479575165,
      "h50/outcome_success_episode_count": 3,
      "h50/outcome_success_final_state_mse": 1.396701176961263,
      "h50/outcome_success_state_mse": 0.16355585534588185,
      "h50/state_mse": 0.2049739328022876,
      "h75/episode_count": 15,
      "h75/final_state_mse": 74.93933823529412,
      "h75/outcome_drop_episode_count": 3,
      "h75/outcome_drop_final_state_mse": 64.8791152854371,
      "h75/outcome_drop_state_mse": 5.499014799496187,
      "h75/outcome_jam_episode_count": 3,
      "h75/outcome_jam_final_state_mse": 65.79100206163194,
      "h75/outcome_jam_state_mse": 5.642672334558823,
      "h75/outcome_miss_episode_count": 3,
      "h75/outcome_miss_final_state_mse": 107.90761990017361,
      "h75/outcome_miss_state_mse": 9.331051113153595,
      "h75/outcome_partial_episode_count": 3,
      "h75/outcome_partial_final_state_mse": 67.87280831929125,
      "h75/outcome_partial_state_mse": 5.643159083946078,
      "h75/outcome_success_episode_count": 3,
      "h75/outcome_success_final_state_mse": 68.24615119485294,
      "h75/outcome_success_state_mse": 5.650777250136166,
      "h75/state_mse": 6.3533349673202615,
      "max_requested_horizon": 125,
      "reencode_period": 100,
      "rollout_mode": "periodic_100"
    },
    "periodic_2": {
      "episode_count": 15,
      "h10/episode_count": 15,
      "h10/final_state_mse": 0.0024937355440426494,
      "h10/outcome_drop_episode_count": 3,
      "h10/outcome_drop_final_state_mse": 0.002033124610879063,
      "h10/outcome_drop_state_mse": 0.00208486638037987,
      "h10/outcome_jam_episode_count": 3,
      "h10/outcome_jam_final_state_mse": 0.002449147598026625,
      "h10/outcome_jam_state_mse": 0.0024510127267027212,
      "h10/outcome_miss_episode_count": 3,
      "h10/outcome_miss_final_state_mse": 0.004132430148280524,
      "h10/outcome_miss_state_mse": 0.009780277613720863,
      "h10/outcome_partial_episode_count": 3,
      "h10/outcome_partial_final_state_mse": 0.001890836100952298,
      "h10/outcome_partial_state_mse": 0.0019733736717623043,
      "h10/outcome_success_episode_count": 3,
      "h10/outcome_success_final_state_mse": 0.0019631389698951075,
      "h10/outcome_success_state_mse": 0.001988220487544739,
      "h10/state_mse": 0.003655550339642693,
      "h100/episode_count": 15,
      "h100/final_state_mse": 0.004441420237223308,
      "h100/outcome_drop_episode_count": 3,
      "h100/outcome_drop_final_state_mse": 0.006491253383798537,
      "h100/outcome_drop_state_mse": 0.0031819954417110267,
      "h100/outcome_jam_episode_count": 3,
      "h100/outcome_jam_final_state_mse": 0.003655674654284334,
      "h100/outcome_jam_state_mse": 0.003691818823222241,
      "h100/outcome_miss_episode_count": 3,
      "h100/outcome_miss_final_state_mse": 0.006118844147601159,
      "h100/outcome_miss_state_mse": 0.0045587588291542205,
      "h100/outcome_partial_episode_count": 3,
      "h100/outcome_partial_final_state_mse": 0.00260927218919486,
      "h100/outcome_partial_state_mse": 0.0028681437174479167,
      "h100/outcome_success_episode_count": 3,
      "h100/outcome_success_final_state_mse": 0.003332055983395358,
      "h100/outcome_success_state_mse": 0.0032777379229177836,
      "h100/state_mse": 0.0035156908222273285,
      "h125/episode_count": 15,
      "h125/final_state_mse": 0.005218325409234739,
      "h125/outcome_drop_episode_count": 3,
      "h125/outcome_drop_final_state_mse": 0.007275016430546255,
      "h125/outcome_drop_state_mse": 0.004061008378571155,
      "h125/outcome_jam_episode_count": 3,
      "h125/outcome_jam_final_state_mse": 0.006215050134783477,
      "h125/outcome_jam_state_mse": 0.003962402393615324,
      "h125/outcome_miss_episode_count": 3,
      "h125/outcome_miss_final_state_mse": 0.005497305806166206,
      "h125/outcome_miss_state_mse": 0.0047038483463860805,
      "h125/outcome_partial_episode_count": 3,
      "h125/outcome_partial_final_state_mse": 0.0022633980497036104,
      "h125/outcome_partial_state_mse": 0.0027673791623583025,
      "h125/outcome_success_episode_count": 3,
      "h125/outcome_success_final_state_mse": 0.004840856186704698,
      "h125/outcome_success_state_mse": 0.003449554443359375,
      "h125/state_mse": 0.0037888384650735293,
      "h20/episode_count": 15,
      "h20/final_state_mse": 0.0022027277478984756,
      "h20/outcome_drop_episode_count": 3,
      "h20/outcome_drop_final_state_mse": 0.0020864387012385077,
      "h20/outcome_drop_state_mse": 0.0019962891644122556,
      "h20/outcome_jam_episode_count": 3,
      "h20/outcome_jam_final_state_mse": 0.001826239274997337,
      "h20/outcome_jam_state_mse": 0.002391505553052316,
      "h20/outcome_miss_episode_count": 3,
      "h20/outcome_miss_final_state_mse": 0.003390254343257231,
      "h20/outcome_miss_state_mse": 0.006858609392752056,
      "h20/outcome_partial_episode_count": 3,
      "h20/outcome_partial_final_state_mse": 0.0018419147852589102,
      "h20/outcome_partial_state_mse": 0.0019111114389756146,
      "h20/outcome_success_episode_count": 3,
      "h20/outcome_success_final_state_mse": 0.001868791586043788,
      "h20/outcome_success_state_mse": 0.0019349171055687798,
      "h20/state_mse": 0.0030184864218718087,
      "h30/episode_count": 15,
      "h30/final_state_mse": 0.002659154405780867,
      "h30/outcome_drop_episode_count": 3,
      "h30/outcome_drop_final_state_mse": 0.0026111630053302043,
      "h30/outcome_drop_state_mse": 0.002126075655286868,
      "h30/outcome_jam_episode_count": 3,
      "h30/outcome_jam_final_state_mse": 0.0026722297656769844,
      "h30/outcome_jam_state_mse": 0.0024437653992430575,
      "h30/outcome_miss_episode_count": 3,
      "h30/outcome_miss_final_state_mse": 0.003022736924536088,
      "h30/outcome_miss_state_mse": 0.005612465291241415,
      "h30/outcome_partial_episode_count": 3,
      "h30/outcome_partial_final_state_mse": 0.002433589470931907,
      "h30/outcome_partial_state_mse": 0.0020386925450077763,
      "h30/outcome_success_episode_count": 3,
      "h30/outcome_success_final_state_mse": 0.00255605369027144,
      "h30/outcome_success_state_mse": 0.00206213984354389,
      "h30/state_mse": 0.0028566278195848653,
      "h40/episode_count": 15,
      "h40/final_state_mse": 0.0030764882081474355,
      "h40/outcome_drop_episode_count": 3,
      "h40/outcome_drop_final_state_mse": 0.003195454871732425,
      "h40/outcome_drop_state_mse": 0.002386754166846182,
      "h40/outcome_jam_episode_count": 3,
      "h40/outcome_jam_final_state_mse": 0.002777308274328319,
      "h40/outcome_jam_state_mse": 0.0026045819513158862,
      "h40/outcome_miss_episode_count": 3,
      "h40/outcome_miss_final_state_mse": 0.003251790513400159,
      "h40/outcome_miss_state_mse": 0.0050288421655792035,
      "h40/outcome_partial_episode_count": 3,
      "h40/outcome_partial_final_state_mse": 0.0030470276677530576,
      "h40/outcome_partial_state_mse": 0.002244848869984446,
      "h40/outcome_success_episode_count": 3,
      "h40/outcome_success_final_state_mse": 0.003110859616130006,
      "h40/outcome_success_state_mse": 0.0022736819740993524,
      "h40/state_mse": 0.0029077415216981974,
      "h50/episode_count": 15,
      "h50/final_state_mse": 0.0036469976886425145,
      "h50/outcome_drop_episode_count": 3,
      "h50/outcome_drop_final_state_mse": 0.003121115949029237,
      "h50/outcome_drop_state_mse": 0.002577998279746062,
      "h50/outcome_jam_episode_count": 3,
      "h50/outcome_jam_final_state_mse": 0.0033579462883519193,
      "h50/outcome_jam_state_mse": 0.0029131294075959648,
      "h50/outcome_miss_episode_count": 3,
      "h50/outcome_miss_final_state_mse": 0.003101277439033284,
      "h50/outcome_miss_state_mse": 0.004726203220342499,
      "h50/outcome_partial_episode_count": 3,
      "h50/outcome_partial_final_state_mse": 0.004265783269420948,
      "h50/outcome_partial_state_mse": 0.0026029145483877146,
      "h50/outcome_success_episode_count": 3,
      "h50/outcome_success_final_state_mse": 0.004388865984343236,
      "h50/outcome_success_state_mse": 0.0026332273046954786,
      "h50/state_mse": 0.0030906946518841913,
      "h75/episode_count": 15,
      "h75/final_state_mse": 0.004885662614909652,
      "h75/outcome_drop_episode_count": 3,
      "h75/outcome_drop_final_state_mse": 0.003597681672354929,
      "h75/outcome_drop_state_mse": 0.0026914111201799514,
      "h75/outcome_jam_episode_count": 3,
      "h75/outcome_jam_final_state_mse": 0.005345922231284621,
      "h75/outcome_jam_state_mse": 0.0034985541881818916,
      "h75/outcome_miss_episode_count": 3,
      "h75/outcome_miss_final_state_mse": 0.007038785302950666,
      "h75/outcome_miss_state_mse": 0.004338600308287377,
      "h75/outcome_partial_episode_count": 3,
      "h75/outcome_partial_final_state_mse": 0.0034400441385562123,
      "h75/outcome_partial_state_mse": 0.0030087456464248027,
      "h75/outcome_success_episode_count": 3,
      "h75/outcome_success_final_state_mse": 0.005005879778098437,
      "h75/outcome_success_state_mse": 0.0030901227381754026,
      "h75/state_mse": 0.0033254867919389978,
      "max_requested_horizon": 125,
      "reencode_period": 2,
      "rollout_mode": "periodic_2"
    },
    "periodic_20": {
      "episode_count": 15,
      "h10/episode_count": 15,
      "h10/final_state_mse": 0.0020267843420988594,
      "h10/outcome_drop_episode_count": 3,
      "h10/outcome_drop_final_state_mse": 0.0013752581149924035,
      "h10/outcome_drop_state_mse": 0.001529733495774612,
      "h10/outcome_jam_episode_count": 3,
      "h10/outcome_jam_final_state_mse": 0.0021282949673584084,
      "h10/outcome_jam_state_mse": 0.00192504540767545,
      "h10/outcome_miss_episode_count": 3,
      "h10/outcome_miss_final_state_mse": 0.0038853578902537525,
      "h10/outcome_miss_state_mse": 0.009868225241019055,
      "h10/outcome_partial_episode_count": 3,
      "h10/outcome_partial_final_state_mse": 0.001374562289200577,
      "h10/outcome_partial_state_mse": 0.0014574483913533827,
      "h10/outcome_success_episode_count": 3,
      "h10/outcome_success_final_state_mse": 0.0013704482173802807,
      "h10/outcome_success_state_mse": 0.0014555933623532065,
      "h10/state_mse": 0.003247209187426598,
      "h100/episode_count": 15,
      "h100/final_state_mse": 0.004033645929074755,
      "h100/outcome_drop_episode_count": 3,
      "h100/outcome_drop_final_state_mse": 0.0048003274143910875,
      "h100/outcome_drop_state_mse": 0.0025185202305613,
      "h100/outcome_jam_episode_count": 3,
      "h100/outcome_jam_final_state_mse": 0.003856843057411169,
      "h100/outcome_jam_state_mse": 0.0028226729623632494,
      "h100/outcome_miss_episode_count": 3,
      "h100/outcome_miss_final_state_mse": 0.0053894349367789975,
      "h100/outcome_miss_state_mse": 0.004221671609317555,
      "h100/outcome_partial_episode_count": 3,
      "h100/outcome_partial_final_state_mse": 0.0027799475329374178,
      "h100/outcome_partial_state_mse": 0.002132735719867781,
      "h100/outcome_success_episode_count": 3,
      "h100/outcome_success_final_state_mse": 0.00334167602210263,
      "h100/outcome_success_state_mse": 0.002274010477502362,
      "h100/state_mse": 0.0027939221749897877,
      "h125/episode_count": 15,
      "h125/final_state_mse": 0.004983606525495941,
      "h125/outcome_drop_episode_count": 3,
      "h125/outcome_drop_final_state_mse": 0.005524065856840096,
      "h125/outcome_drop_state_mse": 0.003246943255655127,
      "h125/outcome_jam_episode_count": 3,
      "h125/outcome_jam_final_state_mse": 0.006243248829265046,
      "h125/outcome_jam_state_mse": 0.00344563383214614,
      "h125/outcome_miss_episode_count": 3,
      "h125/outcome_miss_final_state_mse": 0.0048606757050246195,
      "h125/outcome_miss_state_mse": 0.004617589713701235,
      "h125/outcome_partial_episode_count": 3,
      "h125/outcome_partial_final_state_mse": 0.0031247673665775974,
      "h125/outcome_partial_state_mse": 0.0022849410312627653,
      "h125/outcome_success_episode_count": 3,
      "h125/outcome_success_final_state_mse": 0.00516527511325537,
      "h125/outcome_success_state_mse": 0.002797716926125919,
      "h125/state_mse": 0.003278565091401144,
      "h20/episode_count": 15,
      "h20/final_state_mse": 0.003964372398027408,
      "h20/outcome_drop_episode_count": 3,
      "h20/outcome_drop_final_state_mse": 0.0038561969995498657,
      "h20/outcome_drop_state_mse": 0.0018820753674101986,
      "h20/outcome_jam_episode_count": 3,
      "h20/outcome_jam_final_state_mse": 0.004154139679241804,
      "h20/outcome_jam_state_mse": 0.0022102644240934084,
      "h20/outcome_miss_episode_count": 3,
      "h20/outcome_miss_final_state_mse": 0.004074495407490948,
      "h20/outcome_miss_state_mse": 0.0064880461474649265,
      "h20/outcome_partial_episode_count": 3,
      "h20/outcome_partial_final_state_mse": 0.0037952726767733207,
      "h20/outcome_partial_state_mse": 0.001809161200242884,
      "h20/outcome_success_episode_count": 3,
      "h20/outcome_success_final_state_mse": 0.003941757032294679,
      "h20/outcome_success_state_mse": 0.0018194905293533225,
      "h20/state_mse": 0.002841807346717984,
      "h30/episode_count": 15,
      "h30/final_state_mse": 0.0015275336558522742,
      "h30/outcome_drop_episode_count": 3,
      "h30/outcome_drop_final_state_mse": 0.0014957906130482169,
      "h30/outcome_drop_state_mse": 0.001929885110044791,
      "h30/outcome_jam_episode_count": 3,
      "h30/outcome_jam_final_state_mse": 0.0016681753293751112,
      "h30/outcome_jam_state_mse": 0.0022439716168738137,
      "h30/outcome_miss_episode_count": 3,
      "h30/outcome_miss_final_state_mse": 0.0016302718153966018,
      "h30/outcome_miss_state_mse": 0.00508054419540372,
      "h30/outcome_partial_episode_count": 3,
      "h30/outcome_partial_final_state_mse": 0.0013888641412741218,
      "h30/outcome_partial_state_mse": 0.0018485764792282337,
      "h30/outcome_success_episode_count": 3,
      "h30/outcome_success_final_state_mse": 0.0014545662097292008,
      "h30/outcome_success_state_mse": 0.0018604081180880012,
      "h30/state_mse": 0.0025926770312074483,
      "h40/episode_count": 15,
      "h40/final_state_mse": 0.003351051355499068,
      "h40/outcome_drop_episode_count": 3,
      "h40/outcome_drop_final_state_mse": 0.0030120985667689954,
      "h40/outcome_drop_state_mse": 0.0019992147006240545,
      "h40/outcome_jam_episode_count": 3,
      "h40/outcome_jam_final_state_mse": 0.002932955821355184,
      "h40/outcome_jam_state_mse": 0.0022607284433701458,
      "h40/outcome_miss_episode_count": 3,
      "h40/outcome_miss_final_state_mse": 0.00613245796533971,
      "h40/outcome_miss_state_mse": 0.004587119311289071,
      "h40/outcome_partial_episode_count": 3,
      "h40/outcome_partial_final_state_mse": 0.0023395669421339346,
      "h40/outcome_partial_state_mse": 0.001812296755173627,
      "h40/outcome_success_episode_count": 3,
      "h40/outcome_success_final_state_mse": 0.002338177287111095,
      "h40/outcome_success_state_mse": 0.001827899030610627,
      "h40/state_mse": 0.0024974516326305915,
      "h50/episode_count": 15,
      "h50/final_state_mse": 0.0018054036533131318,
      "h50/outcome_drop_episode_count": 3,
      "h50/outcome_drop_final_state_mse": 0.001574678115205827,
      "h50/outcome_drop_state_mse": 0.002057952226377001,
      "h50/outcome_jam_episode_count": 3,
      "h50/outcome_jam_final_state_mse": 0.002326784058918361,
      "h50/outcome_jam_state_mse": 0.002406531377555498,
      "h50/outcome_miss_episode_count": 3,
      "h50/outcome_miss_final_state_mse": 0.0018639512652275608,
      "h50/outcome_miss_state_mse": 0.004193311579087202,
      "h50/outcome_partial_episode_count": 3,
      "h50/outcome_partial_final_state_mse": 0.001620846587458467,
      "h50/outcome_partial_state_mse": 0.001924018828697454,
      "h50/outcome_success_episode_count": 3,
      "h50/outcome_success_final_state_mse": 0.001640758702373193,
      "h50/outcome_success_state_mse": 0.0019463526657204223,
      "h50/state_mse": 0.002505633385352839,
      "h75/episode_count": 15,
      "h75/final_state_mse": 0.0037346278919893152,
      "h75/outcome_drop_episode_count": 3,
      "h75/outcome_drop_final_state_mse": 0.0024883085070482266,
      "h75/outcome_drop_state_mse": 0.0020783107317091333,
      "h75/outcome_jam_episode_count": 3,
      "h75/outcome_jam_final_state_mse": 0.0039370883913601145,
      "h75/outcome_jam_state_mse": 0.0026487013041843256,
      "h75/outcome_miss_episode_count": 3,
      "h75/outcome_miss_final_state_mse": 0.005015907626526028,
      "h75/outcome_miss_state_mse": 0.0038734501691165832,
      "h75/outcome_partial_episode_count": 3,
      "h75/outcome_partial_final_state_mse": 0.0037191047582751007,
      "h75/outcome_partial_state_mse": 0.002046813673962695,
      "h75/outcome_success_episode_count": 3,
      "h75/outcome_success_final_state_mse": 0.0035127306393548554,
      "h75/outcome_success_state_mse": 0.00206824990399263,
      "h75/state_mse": 0.0025431051815257353,
      "max_requested_horizon": 125,
      "reencode_period": 20,
      "rollout_mode": "periodic_20"
    },
    "periodic_5": {
      "episode_count": 15,
      "h10/episode_count": 15,
      "h10/final_state_mse": 0.0021038639779184377,
      "h10/outcome_drop_episode_count": 3,
      "h10/outcome_drop_final_state_mse": 0.0014838015088458466,
      "h10/outcome_drop_state_mse": 0.0017066584693060981,
      "h10/outcome_jam_episode_count": 3,
      "h10/outcome_jam_final_state_mse": 0.002102512549730687,
      "h10/outcome_jam_state_mse": 0.0020969055057351105,
      "h10/outcome_miss_episode_count": 3,
      "h10/outcome_miss_final_state_mse": 0.0041054006105934095,
      "h10/outcome_miss_state_mse": 0.009948943019692414,
      "h10/outcome_partial_episode_count": 3,
      "h10/outcome_partial_final_state_mse": 0.0014100981255372365,
      "h10/outcome_partial_state_mse": 0.001627025222466662,
      "h10/outcome_success_episode_count": 3,
      "h10/outcome_success_final_state_mse": 0.0014175072896714304,
      "h10/outcome_success_state_mse": 0.0016243891778335072,
      "h10/state_mse": 0.003400784162134906,
      "h100/episode_count": 15,
      "h100/final_state_mse": 0.0030865532120848012,
      "h100/outcome_drop_episode_count": 3,
      "h100/outcome_drop_final_state_mse": 0.003050803407734516,
      "h100/outcome_drop_state_mse": 0.0023647737191393485,
      "h100/outcome_jam_episode_count": 3,
      "h100/outcome_jam_final_state_mse": 0.003123701032665041,
      "h100/outcome_jam_state_mse": 0.003013421600940181,
      "h100/outcome_miss_episode_count": 3,
      "h100/outcome_miss_final_state_mse": 0.0042852347144504,
      "h100/outcome_miss_state_mse": 0.003466230404922386,
      "h100/outcome_partial_episode_count": 3,
      "h100/outcome_partial_final_state_mse": 0.002085601898774602,
      "h100/outcome_partial_state_mse": 0.00208273669473486,
      "h100/outcome_success_episode_count": 3,
      "h100/outcome_success_final_state_mse": 0.0028874245685300017,
      "h100/outcome_success_state_mse": 0.002450399461135366,
      "h100/state_mse": 0.0026755125756357232,
      "h125/episode_count": 15,
      "h125/final_state_mse": 0.005071232365626915,
      "h125/outcome_drop_episode_count": 3,
      "h125/outcome_drop_final_state_mse": 0.003842978841728634,
      "h125/outcome_drop_state_mse": 0.0028171650007659315,
      "h125/outcome_jam_episode_count": 3,
      "h125/outcome_jam_final_state_mse": 0.004869951288294948,
      "h125/outcome_jam_state_mse": 0.0033410319409339258,
      "h125/outcome_miss_episode_count": 3,
      "h125/outcome_miss_final_state_mse": 0.009676486156345194,
      "h125/outcome_miss_state_mse": 0.00394852158290888,
      "h125/outcome_partial_episode_count": 3,
      "h125/outcome_partial_final_state_mse": 0.002276689934185128,
      "h125/outcome_partial_state_mse": 0.002114557902018229,
      "h125/outcome_success_episode_count": 3,
      "h125/outcome_success_final_state_mse": 0.0046900550719180135,
      "h125/outcome_success_state_mse": 0.002783777324202793,
      "h125/state_mse": 0.0030010110294117647,
      "h20/episode_count": 15,
      "h20/final_state_mse": 0.0015361346450506472,
      "h20/outcome_drop_episode_count": 3,
      "h20/outcome_drop_final_state_mse": 0.0015401813183345046,
      "h20/outcome_drop_state_mse": 0.001621935764948527,
      "h20/outcome_jam_episode_count": 3,
      "h20/outcome_jam_final_state_mse": 0.0014244322634600346,
      "h20/outcome_jam_state_mse": 0.0020016919164096607,
      "h20/outcome_miss_episode_count": 3,
      "h20/outcome_miss_final_state_mse": 0.00207439829516255,
      "h20/outcome_miss_state_mse": 0.006528520116619035,
      "h20/outcome_partial_episode_count": 3,
      "h20/outcome_partial_final_state_mse": 0.0013013723385489845,
      "h20/outcome_partial_state_mse": 0.0015438278126560785,
      "h20/outcome_success_episode_count": 3,
      "h20/outcome_success_final_state_mse": 0.0013402896914996353,
      "h20/outcome_success_state_mse": 0.0015647063068315095,
      "h20/state_mse": 0.0026521366094452103,
      "h30/episode_count": 15,
      "h30/final_state_mse": 0.0016104264976152408,
      "h30/outcome_drop_episode_count": 3,
      "h30/outcome_drop_final_state_mse": 0.0015907157577720343,
      "h30/outcome_drop_state_mse": 0.001661715943828907,
      "h30/outcome_jam_episode_count": 3,
      "h30/outcome_jam_final_state_mse": 0.0016965755060607312,
      "h30/outcome_jam_state_mse": 0.0020170249190984988,
      "h30/outcome_miss_episode_count": 3,
      "h30/outcome_miss_final_state_mse": 0.0017452997952894448,
      "h30/outcome_miss_state_mse": 0.005025574532469374,
      "h30/outcome_partial_episode_count": 3,
      "h30/outcome_partial_final_state_mse": 0.0014685837466732348,
      "h30/outcome_partial_state_mse": 0.0015790103827166922,
      "h30/outcome_success_episode_count": 3,
      "h30/outcome_success_final_state_mse": 0.0015509570735731935,
      "h30/outcome_success_state_mse": 0.0016013051949295342,
      "h30/state_mse": 0.0023769263971864787,
      "h40/episode_count": 15,
      "h40/final_state_mse": 0.002093402700486526,
      "h40/outcome_drop_episode_count": 3,
      "h40/outcome_drop_final_state_mse": 0.002268383218572031,
      "h40/outcome_drop_state_mse": 0.0018693198175991283,
      "h40/outcome_jam_episode_count": 3,
      "h40/outcome_jam_final_state_mse": 0.0020126509997579786,
      "h40/outcome_jam_state_mse": 0.0021423303223902885,
      "h40/outcome_miss_episode_count": 3,
      "h40/outcome_miss_final_state_mse": 0.001977074623497483,
      "h40/outcome_miss_state_mse": 0.004319390596127978,
      "h40/outcome_partial_episode_count": 3,
      "h40/outcome_partial_final_state_mse": 0.0020729191844759422,
      "h40/outcome_partial_state_mse": 0.0017177051968044704,
      "h40/outcome_success_episode_count": 3,
      "h40/outcome_success_final_state_mse": 0.0021359857196122213,
      "h40/outcome_success_state_mse": 0.001739907342624041,
      "h40/state_mse": 0.002357730740815206,
      "h50/episode_count": 15,
      "h50/final_state_mse": 0.002200874627805224,
      "h50/outcome_drop_episode_count": 3,
      "h50/outcome_drop_final_state_mse": 0.0018392847790048013,
      "h50/outcome_drop_state_mse": 0.002001326723036423,
      "h50/outcome_jam_episode_count": 3,
      "h50/outcome_jam_final_state_mse": 0.0026658739334617567,
      "h50/outcome_jam_state_mse": 0.0024048511654722925,
      "h50/outcome_miss_episode_count": 3,
      "h50/outcome_miss_final_state_mse": 0.0017323601820500069,
      "h50/outcome_miss_state_mse": 0.0038701438903808593,
      "h50/outcome_partial_episode_count": 3,
      "h50/outcome_partial_final_state_mse": 0.0023558164149327997,
      "h50/outcome_partial_state_mse": 0.001954213560017106,
      "h50/outcome_success_episode_count": 3,
      "h50/outcome_success_final_state_mse": 0.002411038267846201,
      "h50/outcome_success_state_mse": 0.0019779763502233167,
      "h50/state_mse": 0.002441702250561683,
      "h75/episode_count": 15,
      "h75/final_state_mse": 0.003319949106453291,
      "h75/outcome_drop_episode_count": 3,
      "h75/outcome_drop_final_state_mse": 0.0023641055510714164,
      "h75/outcome_drop_state_mse": 0.0020606063809529888,
      "h75/outcome_jam_episode_count": 3,
      "h75/outcome_jam_final_state_mse": 0.0037622923165364984,
      "h75/outcome_jam_state_mse": 0.0027027277229658138,
      "h75/outcome_miss_episode_count": 3,
      "h75/outcome_miss_final_state_mse": 0.004594726061898899,
      "h75/outcome_miss_state_mse": 0.0034077824278854335,
      "h75/outcome_partial_episode_count": 3,
      "h75/outcome_partial_final_state_mse": 0.002671997702004863,
      "h75/outcome_partial_state_mse": 0.0021306794193575325,
      "h75/outcome_success_episode_count": 3,
      "h75/outcome_success_final_state_mse": 0.0032066250938216066,
      "h75/outcome_success_state_mse": 0.002173368458134936,
      "h75/state_mse": 0.002495033147807734,
      "max_requested_horizon": 125,
      "reencode_period": 5,
      "rollout_mode": "periodic_5"
    },
    "periodic_50": {
      "episode_count": 15,
      "h10/episode_count": 15,
      "h10/final_state_mse": 0.0020267843420988594,
      "h10/outcome_drop_episode_count": 3,
      "h10/outcome_drop_final_state_mse": 0.0013752581149924035,
      "h10/outcome_drop_state_mse": 0.001529733495774612,
      "h10/outcome_jam_episode_count": 3,
      "h10/outcome_jam_final_state_mse": 0.0021282949673584084,
      "h10/outcome_jam_state_mse": 0.00192504540767545,
      "h10/outcome_miss_episode_count": 3,
      "h10/outcome_miss_final_state_mse": 0.0038853578902537525,
      "h10/outcome_miss_state_mse": 0.009868225241019055,
      "h10/outcome_partial_episode_count": 3,
      "h10/outcome_partial_final_state_mse": 0.001374562289200577,
      "h10/outcome_partial_state_mse": 0.0014574483913533827,
      "h10/outcome_success_episode_count": 3,
      "h10/outcome_success_final_state_mse": 0.0013704482173802807,
      "h10/outcome_success_state_mse": 0.0014555933623532065,
      "h10/state_mse": 0.003247209187426598,
      "h100/episode_count": 15,
      "h100/final_state_mse": 77.57219669117647,
      "h100/outcome_drop_episode_count": 3,
      "h100/outcome_drop_final_state_mse": 84.16394601460375,
      "h100/outcome_drop_state_mse": 5.069550270629085,
      "h100/outcome_jam_episode_count": 3,
      "h100/outcome_jam_final_state_mse": 80.2840695848652,
      "h100/outcome_jam_state_mse": 4.7279350490196075,
      "h100/outcome_miss_episode_count": 3,
      "h100/outcome_miss_final_state_mse": 63.416232638888886,
      "h100/outcome_miss_state_mse": 4.658826720792484,
      "h100/outcome_partial_episode_count": 3,
      "h100/outcome_partial_final_state_mse": 79.90815525428921,
      "h100/outcome_partial_state_mse": 4.770409071180556,
      "h100/outcome_success_episode_count": 3,
      "h100/outcome_success_final_state_mse": 80.08858634599673,
      "h100/outcome_success_state_mse": 4.791342358558007,
      "h100/state_mse": 4.8036127450980395,
      "h125/episode_count": 15,
      "h125/final_state_mse": 38.98118361928105,
      "h125/outcome_drop_episode_count": 3,
      "h125/outcome_drop_final_state_mse": 30.432180766186683,
      "h125/outcome_drop_state_mse": 8.174294730392157,
      "h125/outcome_jam_episode_count": 3,
      "h125/outcome_jam_final_state_mse": 28.56937263837827,
      "h125/outcome_jam_state_mse": 7.4837098651960785,
      "h125/outcome_miss_episode_count": 3,
      "h125/outcome_miss_final_state_mse": 81.52560763888889,
      "h125/outcome_miss_state_mse": 10.000527982026144,
      "h125/outcome_partial_episode_count": 3,
      "h125/outcome_partial_final_state_mse": 27.165939829707924,
      "h125/outcome_partial_state_mse": 7.344031658496732,
      "h125/outcome_success_episode_count": 3,
      "h125/outcome_success_final_state_mse": 27.21282679738562,
      "h125/outcome_success_state_mse": 7.388589256535948,
      "h125/state_mse": 8.078230718954249,
      "h20/episode_count": 15,
      "h20/final_state_mse": 0.003964372398027408,
      "h20/outcome_drop_episode_count": 3,
      "h20/outcome_drop_final_state_mse": 0.0038561969995498657,
      "h20/outcome_drop_state_mse": 0.0018820753674101986,
      "h20/outcome_jam_episode_count": 3,
      "h20/outcome_jam_final_state_mse": 0.004154139679241804,
      "h20/outcome_jam_state_mse": 0.0022102644240934084,
      "h20/outcome_miss_episode_count": 3,
      "h20/outcome_miss_final_state_mse": 0.004074495407490948,
      "h20/outcome_miss_state_mse": 0.0064880461474649265,
      "h20/outcome_partial_episode_count": 3,
      "h20/outcome_partial_final_state_mse": 0.0037952726767733207,
      "h20/outcome_partial_state_mse": 0.001809161200242884,
      "h20/outcome_success_episode_count": 3,
      "h20/outcome_success_final_state_mse": 0.003941757032294679,
      "h20/outcome_success_state_mse": 0.0018194905293533225,
      "h20/state_mse": 0.002841807346717984,
      "h30/episode_count": 15,
      "h30/final_state_mse": 0.025293821447035847,
      "h30/outcome_drop_episode_count": 3,
      "h30/outcome_drop_final_state_mse": 0.025977977740219215,
      "h30/outcome_drop_state_mse": 0.005302409668633621,
      "h30/outcome_jam_episode_count": 3,
      "h30/outcome_jam_final_state_mse": 0.02666146692886851,
      "h30/outcome_jam_state_mse": 0.005698495025468548,
      "h30/outcome_miss_episode_count": 3,
      "h30/outcome_miss_final_state_mse": 0.019819258474836163,
      "h30/outcome_miss_state_mse": 0.007560714916985539,
      "h30/outcome_partial_episode_count": 3,
      "h30/outcome_partial_final_state_mse": 0.026994939723045997,
      "h30/outcome_partial_state_mse": 0.0052528973498375585,
      "h30/outcome_success_episode_count": 3,
      "h30/outcome_success_final_state_mse": 0.027015458524616714,
      "h30/outcome_success_state_mse": 0.00524562033692736,
      "h30/state_mse": 0.005812027542679398,
      "h40/episode_count": 15,
      "h40/final_state_mse": 0.25536973741319446,
      "h40/outcome_drop_episode_count": 3,
      "h40/outcome_drop_final_state_mse": 0.19658404238083782,
      "h40/outcome_drop_state_mse": 0.027503658743465647,
      "h40/outcome_jam_episode_count": 3,
      "h40/outcome_jam_final_state_mse": 0.21208728528490253,
      "h40/outcome_jam_state_mse": 0.028950069776547502,
      "h40/outcome_miss_episode_count": 3,
      "h40/outcome_miss_final_state_mse": 0.4407272962183734,
      "h40/outcome_miss_state_mse": 0.047079733306286384,
      "h40/outcome_partial_episode_count": 3,
      "h40/outcome_partial_final_state_mse": 0.21529356015273948,
      "h40/outcome_partial_state_mse": 0.02920996628555597,
      "h40/outcome_success_episode_count": 3,
      "h40/outcome_success_final_state_mse": 0.21215657315223047,
      "h40/outcome_success_state_mse": 0.028851487278159147,
      "h40/state_mse": 0.03231898488562091,
      "h50/episode_count": 15,
      "h50/final_state_mse": 1.7726048687704248,
      "h50/outcome_drop_episode_count": 3,
      "h50/outcome_drop_final_state_mse": 1.439950768464531,
      "h50/outcome_drop_state_mse": 0.16251422159032883,
      "h50/outcome_jam_episode_count": 3,
      "h50/outcome_jam_final_state_mse": 1.4617981006896574,
      "h50/outcome_jam_state_mse": 0.16705433565027575,
      "h50/outcome_miss_episode_count": 3,
      "h50/outcome_miss_final_state_mse": 3.170805937324474,
      "h50/outcome_miss_state_mse": 0.36744241153492646,
      "h50/outcome_partial_episode_count": 3,
      "h50/outcome_partial_final_state_mse": 1.3937675874996809,
      "h50/outcome_partial_state_mse": 0.16430287479575165,
      "h50/outcome_success_episode_count": 3,
      "h50/outcome_success_final_state_mse": 1.396701176961263,
      "h50/outcome_success_state_mse": 0.16355585534588185,
      "h50/state_mse": 0.2049739328022876,
      "h75/episode_count": 15,
      "h75/final_state_mse": 1.8195446537990196,
      "h75/outcome_drop_episode_count": 3,
      "h75/outcome_drop_final_state_mse": 1.7557565776351232,
      "h75/outcome_drop_state_mse": 0.3882215605426198,
      "h75/outcome_jam_episode_count": 3,
      "h75/outcome_jam_final_state_mse": 1.5343623441808365,
      "h75/outcome_jam_state_mse": 0.37216432525701254,
      "h75/outcome_miss_episode_count": 3,
      "h75/outcome_miss_final_state_mse": 2.371030221577563,
      "h75/outcome_miss_state_mse": 0.7065495004425382,
      "h75/outcome_partial_episode_count": 3,
      "h75/outcome_partial_final_state_mse": 1.7180730283649919,
      "h75/outcome_partial_state_mse": 0.3855519652522467,
      "h75/outcome_success_episode_count": 3,
      "h75/outcome_success_final_state_mse": 1.7185014213611878,
      "h75/outcome_success_state_mse": 0.38391508480562364,
      "h75/state_mse": 0.4472804670479303,
      "max_requested_horizon": 125,
      "reencode_period": 50,
      "rollout_mode": "periodic_50"
    }
  },
  "split": "test",
  "support_alignment": {
    "contact_phase": {
      "contact_phase_family_ari": 0.0,
      "contact_phase_family_nmi": 0.0,
      "contact_phase_family_purity": 0.9996668887408394,
      "contact_phase_sample_count": 3002.0,
      "h_contact_phase_given_family": 0.0030002889533867266,
      "h_family_given_contact_phase": 0.0,
      "unique_contact_phase_count": 2.0,
      "unique_family_count": 1.0
    },
    "contact_phase_alignment_available": true,
    "evaluated_state_count": 3017,
    "family_count": 1,
    "mean_family_similarity": 0.5879886746406555,
    "mean_support_size": 236.22737819025522,
    "outcome_alignment_available": true,
    "outcome_state": {
      "h_family_given_outcome": 0.0,
      "h_outcome_given_family": 1.6094379124341005,
      "outcome_family_ari": 0.0,
      "outcome_family_nmi": 0.0,
      "outcome_family_purity": 0.2,
      "outcome_sample_count": 15.0,
      "unique_family_count": 1.0,
      "unique_outcome_count": 5.0
    },
    "status": "ok",
    "unassigned_state_fraction": 0.0,
    "validation_state_count": 2346
  },
  "support_threshold": 0.2
}
summary=runs/maniskill_insertion/perturbation_e20_5k_lista_refine_20260604_143125/lista_relu_a0p005_sp1em4_loops2/seed0/eval_test_periodic/metrics_summary.json
summary=runs/maniskill_insertion/perturbation_e20_5k_lista_refine_20260604_143125/lista_relu_a0p005_sp1em3_loops2/seed0/eval_test_periodic/metrics_summary.json
summary=runs/maniskill_insertion/perturbation_e20_5k_lista_refine_20260604_143125/lista_relu_a0p005_sp3em4_loops2/seed0/eval_test_periodic/metrics_summary.json
summary=runs/maniskill_insertion/perturbation_e20_5k_lista_refine_20260604_143125/lista_relu_a0p005_sp3em5_loops2/seed0/eval_test_periodic/metrics_summary.json
end_time=Thu Jun  4 14:49:06 EDT 2026

======== GPU REPORT ========

==============NVSMI LOG==============

Timestamp                                 : Thu Jun  4 14:49:06 2026
Driver Version                            : 580.95.05
CUDA Version                              : 13.0

Attached GPUs                             : 1
GPU 00000000:C1:00.0
    Accounting Mode                       : Enabled
    Accounting Mode Buffer Size           : 4000
    Accounted Processes
        Process ID                        : 595361
            GPU Utilization               : 23 %
            Memory Utilization            : 1 %
            Max memory usage              : 682 MiB
            Time                          : 105077 ms
            Is Running                    : 0
        Process ID                        : 595359
            GPU Utilization               : 23 %
            Memory Utilization            : 1 %
            Max memory usage              : 682 MiB
            Time                          : 105778 ms
            Is Running                    : 0
        Process ID                        : 595357
            GPU Utilization               : 24 %
            Memory Utilization            : 2 %
            Max memory usage              : 682 MiB
            Time                          : 105981 ms
            Is Running                    : 0
        Process ID                        : 595362
            GPU Utilization               : 23 %
            Memory Utilization            : 1 %
            Max memory usage              : 682 MiB
            Time                          : 106122 ms
            Is Running                    : 0
        Process ID                        : 595644
            GPU Utilization               : 13 %
            Memory Utilization            : 0 %
            Max memory usage              : 536 MiB
            Time                          : 3665 ms
            Is Running                    : 0
        Process ID                        : 595653
            GPU Utilization               : 0 %
            Memory Utilization            : 0 %
            Max memory usage              : 536 MiB
            Time                          : 3369 ms
            Is Running                    : 0
        Process ID                        : 595665
            GPU Utilization               : 18 %
            Memory Utilization            : 0 %
            Max memory usage              : 536 MiB
            Time                          : 3231 ms
            Is Running                    : 0
        Process ID                        : 595659
            GPU Utilization               : 10 %
            Memory Utilization            : 0 %
            Max memory usage              : 536 MiB
            Time                          : 3594 ms
            Is Running                    : 0

Thu Jun  4 14:49:06 2026       
+-----------------------------------------------------------------------------------------+
| NVIDIA-SMI 580.95.05              Driver Version: 580.95.05      CUDA Version: 13.0     |
+-----------------------------------------+------------------------+----------------------+
| GPU  Name                 Persistence-M | Bus-Id          Disp.A | Volatile Uncorr. ECC |
| Fan  Temp   Perf          Pwr:Usage/Cap |           Memory-Usage | GPU-Util  Compute M. |
|                                         |                        |               MIG M. |
|=========================================+========================+======================|
|   0  NVIDIA A100-SXM4-80GB          On  |   00000000:C1:00.0 Off |                    0 |
| N/A   30C    P0             91W /  500W |       0MiB /  81920MiB |      7%      Default |
|                                         |                        |             Disabled |
+-----------------------------------------+------------------------+----------------------+

+-----------------------------------------------------------------------------------------+
| Processes:                                                                              |
|  GPU   GI   CI              PID   Type   Process name                        GPU Memory |
|        ID   ID                                                               Usage      |
|=========================================================================================|
|  No running processes found                                                             |
+-----------------------------------------------------------------------------------------+
