=============================================
ManiSkill 5k packed tuning GPU context
date=2026-06-04T16:17:52-0400
host=cn-b003.server.mila.quebec
slurm_job_id=9737984
slurm_array_task_id=30
slurm_nodelist=cn-b003
slurm_job_gpus=3
slurm_step_gpus=
slurm_gpus=
slurm_gpus_on_node=1
slurm_cpus_per_task=8
cuda_visible_devices=0
cuda_device_order=
GPU 0: Tesla V100-SXM2-32GB (UUID: GPU-d1bde5ca-e77d-4d82-5895-73905296b097)
index, uuid, name, driver_version, memory.total [MiB]
0, GPU-d1bde5ca-e77d-4d82-5895-73905296b097, Tesla V100-SXM2-32GB, 580.95.05, 32768 MiB
=============================================
date=Thu Jun  4 16:17:52 EDT 2026
host=cn-b003.server.mila.quebec
commit=b5ea99e
slurm_job_id=9737984
slurm_array_task_id=30
task_set=lista_forecast_optimizer_refine
task_count=141
start_task=120
pack_size=4
pack_concurrency=4
packed_task_threads=2
dataset=data/maniskill/perturbation_assessment_seed0_e20/all_setups.npz
run_root=runs/maniskill_insertion/perturbation_e20_5k_lista_optimizer_refine_20260604_155050
num_steps=5000
batch_size=512
sequence_length=10
z_dim=320
hidden_dim=256
horizons=10,20,30,40,50,75,100,125
periodic_reencode_periods=1,2,5,10,20,50,100
cuda_visible_devices=0
----- task 121/141: lista_relu_a0p01_sp1em4_loops2_lr3em4_wd1em4_k1em5 seed2 -----
encoder_kind=lista activation=relu alpha=0.01 sparsity=1e-4 loops=2
weights pred=1.0 rec=0.1 latent=0.1 k=1e-5
optimizer lr=3e-4 weight_decay=1e-4
----- task 120/141: lista_relu_a0p01_sp1em4_loops2_lr3em4_wd1em4_k0 seed2 -----
run_dir=runs/maniskill_insertion/perturbation_e20_5k_lista_optimizer_refine_20260604_155050/lista_relu_a0p01_sp1em4_loops2_lr3em4_wd1em4_k1em5/seed2
encoder_kind=lista activation=relu alpha=0.01 sparsity=1e-4 loops=2
weights pred=1.0 rec=0.1 latent=0.1 k=0
optimizer lr=3e-4 weight_decay=1e-4
run_dir=runs/maniskill_insertion/perturbation_e20_5k_lista_optimizer_refine_20260604_155050/lista_relu_a0p01_sp1em4_loops2_lr3em4_wd1em4_k0/seed2
----- task 122/141: lista_relu_a0p01_sp1em4_loops2_lr3em4_wd1em4_k1em4 seed2 -----
encoder_kind=lista activation=relu alpha=0.01 sparsity=1e-4 loops=2
weights pred=1.0 rec=0.1 latent=0.1 k=1e-4
optimizer lr=3e-4 weight_decay=1e-4
run_dir=runs/maniskill_insertion/perturbation_e20_5k_lista_optimizer_refine_20260604_155050/lista_relu_a0p01_sp1em4_loops2_lr3em4_wd1em4_k1em4/seed2
----- task 123/141: lista_relu_a0p01_sp1em4_loops2_lr5em4_wd0_k0 seed2 -----
encoder_kind=lista activation=relu alpha=0.01 sparsity=1e-4 loops=2
weights pred=1.0 rec=0.1 latent=0.1 k=0
optimizer lr=5e-4 weight_decay=0
run_dir=runs/maniskill_insertion/perturbation_e20_5k_lista_optimizer_refine_20260604_155050/lista_relu_a0p01_sp1em4_loops2_lr5em4_wd0_k0/seed2
step=0 loss=1.466395 pred=0.979076 val_mse=0.742090
step=0 loss=1.466395 pred=0.979076 val_mse=0.730550
step=0 loss=1.466395 pred=0.979076 val_mse=0.742090
step=0 loss=1.466395 pred=0.979076 val_mse=0.742090
step=500 loss=0.060744 pred=0.051665 val_mse=0.182587
step=500 loss=0.048688 pred=0.041829 val_mse=0.185210
step=500 loss=0.060744 pred=0.051665 val_mse=0.182587
step=500 loss=0.060744 pred=0.051665 val_mse=0.182587
step=1000 loss=0.038624 pred=0.033243 val_mse=0.157471
step=1000 loss=0.030476 pred=0.026732 val_mse=0.174404
step=1000 loss=0.038624 pred=0.033243 val_mse=0.157471
step=1000 loss=0.038624 pred=0.033243 val_mse=0.157471
step=1500 loss=0.029398 pred=0.025475 val_mse=0.110928
step=1500 loss=0.029398 pred=0.025475 val_mse=0.110928
step=1500 loss=0.020837 pred=0.018112 val_mse=0.104427
step=1500 loss=0.029398 pred=0.025475 val_mse=0.110928
step=2000 loss=0.025746 pred=0.022427 val_mse=0.196099
step=2000 loss=0.025746 pred=0.022427 val_mse=0.196099
step=2000 loss=0.017825 pred=0.015507 val_mse=0.217054
step=2000 loss=0.025746 pred=0.022427 val_mse=0.196099
step=2500 loss=0.022501 pred=0.019765 val_mse=0.151548
step=2500 loss=0.022501 pred=0.019765 val_mse=0.151548
step=2500 loss=0.022501 pred=0.019765 val_mse=0.151548
step=2500 loss=0.016177 pred=0.014244 val_mse=0.136213
step=3000 loss=0.018973 pred=0.016527 val_mse=0.214699
step=3000 loss=0.018973 pred=0.016527 val_mse=0.214699
step=3000 loss=0.018973 pred=0.016527 val_mse=0.214699
step=3000 loss=0.013942 pred=0.012151 val_mse=0.209882
step=3500 loss=0.018475 pred=0.016152 val_mse=0.270832
step=3500 loss=0.018475 pred=0.016152 val_mse=0.270832
step=3500 loss=0.018475 pred=0.016152 val_mse=0.270832
step=3500 loss=0.013064 pred=0.011296 val_mse=0.300371
step=4000 loss=0.014498 pred=0.012645 val_mse=0.268273
step=4000 loss=0.014498 pred=0.012645 val_mse=0.268273
step=4000 loss=0.014498 pred=0.012645 val_mse=0.268273
step=4000 loss=0.010881 pred=0.009444 val_mse=0.300672
step=4500 loss=0.016301 pred=0.014360 val_mse=0.189405
step=4500 loss=0.016301 pred=0.014360 val_mse=0.189405
step=4500 loss=0.012924 pred=0.011387 val_mse=0.201595
step=4500 loss=0.016301 pred=0.014360 val_mse=0.189405
step=4999 loss=0.011979 pred=0.010313 val_mse=0.185918
step=4999 loss=0.011979 pred=0.010313 val_mse=0.185918
run_dir=runs/maniskill_insertion/perturbation_e20_5k_lista_optimizer_refine_20260604_155050/lista_relu_a0p01_sp1em4_loops2_lr3em4_wd1em4_k1em5/seed2
run_dir=runs/maniskill_insertion/perturbation_e20_5k_lista_optimizer_refine_20260604_155050/lista_relu_a0p01_sp1em4_loops2_lr3em4_wd1em4_k0/seed2
step=4999 loss=0.011979 pred=0.010313 val_mse=0.185918
step=4999 loss=0.008590 pred=0.007333 val_mse=0.209396
run_dir=runs/maniskill_insertion/perturbation_e20_5k_lista_optimizer_refine_20260604_155050/lista_relu_a0p01_sp1em4_loops2_lr5em4_wd0_k0/seed2
run_dir=runs/maniskill_insertion/perturbation_e20_5k_lista_optimizer_refine_20260604_155050/lista_relu_a0p01_sp1em4_loops2_lr3em4_wd1em4_k1em4/seed2
{
  "best_periodic_rollout": {
    "episode_count": 15,
    "h10/episode_count": 15,
    "h10/final_state_mse": 0.002477728307636735,
    "h10/outcome_drop_episode_count": 3,
    "h10/outcome_drop_final_state_mse": 0.0016989198093320809,
    "h10/outcome_drop_state_mse": 0.0015724868751039692,
    "h10/outcome_jam_episode_count": 3,
    "h10/outcome_jam_final_state_mse": 0.0026739486584476395,
    "h10/outcome_jam_state_mse": 0.0021130413011787763,
    "h10/outcome_miss_episode_count": 3,
    "h10/outcome_miss_final_state_mse": 0.00474753703167236,
    "h10/outcome_miss_state_mse": 0.010735041331621557,
    "h10/outcome_partial_episode_count": 3,
    "h10/outcome_partial_final_state_mse": 0.0016173150122555252,
    "h10/outcome_partial_state_mse": 0.0014817800202400857,
    "h10/outcome_success_episode_count": 3,
    "h10/outcome_success_final_state_mse": 0.0016509210995209762,
    "h10/outcome_success_state_mse": 0.00150468647480011,
    "h10/selected_mode": "periodic_5",
    "h10/selected_period": 5,
    "h10/state_mse": 0.003481407664180581,
    "h100/episode_count": 15,
    "h100/final_state_mse": 0.0028909888921999465,
    "h100/outcome_drop_episode_count": 3,
    "h100/outcome_drop_final_state_mse": 0.002918912986524744,
    "h100/outcome_drop_state_mse": 0.0025140652002072802,
    "h100/outcome_jam_episode_count": 3,
    "h100/outcome_jam_final_state_mse": 0.0034333585329305114,
    "h100/outcome_jam_state_mse": 0.0030102365780500027,
    "h100/outcome_miss_episode_count": 3,
    "h100/outcome_miss_final_state_mse": 0.0019766751652449564,
    "h100/outcome_miss_state_mse": 0.003140375847909965,
    "h100/outcome_partial_episode_count": 3,
    "h100/outcome_partial_final_state_mse": 0.002446747439749101,
    "h100/outcome_partial_state_mse": 0.0021738320705937406,
    "h100/outcome_success_episode_count": 3,
    "h100/outcome_success_final_state_mse": 0.0036792510183028928,
    "h100/outcome_success_state_mse": 0.002429635228674396,
    "h100/selected_mode": "periodic_10",
    "h100/selected_period": 10,
    "h100/state_mse": 0.002653629078584559,
    "h125/episode_count": 15,
    "h125/final_state_mse": 0.0034725600597905176,
    "h125/outcome_drop_episode_count": 3,
    "h125/outcome_drop_final_state_mse": 0.004520661106296614,
    "h125/outcome_drop_state_mse": 0.0027447975009095437,
    "h125/outcome_jam_episode_count": 3,
    "h125/outcome_jam_final_state_mse": 0.004095554351806641,
    "h125/outcome_jam_state_mse": 0.003153832878162658,
    "h125/outcome_miss_episode_count": 3,
    "h125/outcome_miss_final_state_mse": 0.0032865942449741116,
    "h125/outcome_miss_state_mse": 0.0030912511987623826,
    "h125/outcome_partial_episode_count": 3,
    "h125/outcome_partial_final_state_mse": 0.0023035939320240144,
    "h125/outcome_partial_state_mse": 0.0022138142803915187,
    "h125/outcome_success_episode_count": 3,
    "h125/outcome_success_final_state_mse": 0.0031563971751655626,
    "h125/outcome_success_state_mse": 0.0025532732446209277,
    "h125/selected_mode": "periodic_10",
    "h125/selected_period": 10,
    "h125/state_mse": 0.0027513936759599672,
    "h20/episode_count": 15,
    "h20/final_state_mse": 0.0021797552607417886,
    "h20/outcome_drop_episode_count": 3,
    "h20/outcome_drop_final_state_mse": 0.0020738902678287107,
    "h20/outcome_drop_state_mse": 0.001700925515368094,
    "h20/outcome_jam_episode_count": 3,
    "h20/outcome_jam_final_state_mse": 0.002243157354445239,
    "h20/outcome_jam_state_mse": 0.0022195349721347585,
    "h20/outcome_miss_episode_count": 3,
    "h20/outcome_miss_final_state_mse": 0.0029016027068780137,
    "h20/outcome_miss_state_mse": 0.0074019006654327995,
    "h20/outcome_partial_episode_count": 3,
    "h20/outcome_partial_final_state_mse": 0.001819942511764227,
    "h20/outcome_partial_state_mse": 0.00161113581236671,
    "h20/outcome_success_episode_count": 3,
    "h20/outcome_success_final_state_mse": 0.0018601827810402788,
    "h20/outcome_success_state_mse": 0.001639133497001299,
    "h20/selected_mode": "periodic_5",
    "h20/selected_period": 5,
    "h20/state_mse": 0.002914526446972018,
    "h30/episode_count": 15,
    "h30/final_state_mse": 0.0019049624212427077,
    "h30/outcome_drop_episode_count": 3,
    "h30/outcome_drop_final_state_mse": 0.0017380673754838556,
    "h30/outcome_drop_state_mse": 0.0017668455254797842,
    "h30/outcome_jam_episode_count": 3,
    "h30/outcome_jam_final_state_mse": 0.002118165951733496,
    "h30/outcome_jam_state_mse": 0.0022938194877441674,
    "h30/outcome_miss_episode_count": 3,
    "h30/outcome_miss_final_state_mse": 0.0021702058467210506,
    "h30/outcome_miss_state_mse": 0.00584271738472068,
    "h30/outcome_partial_episode_count": 3,
    "h30/outcome_partial_final_state_mse": 0.0017176064498284284,
    "h30/outcome_partial_state_mse": 0.0016766584257154942,
    "h30/outcome_success_episode_count": 3,
    "h30/outcome_success_final_state_mse": 0.0017807661172221689,
    "h30/outcome_success_state_mse": 0.001699397273053271,
    "h30/selected_mode": "periodic_5",
    "h30/selected_period": 5,
    "h30/state_mse": 0.0026558876453142023,
    "h40/episode_count": 15,
    "h40/final_state_mse": 0.0017739553077548158,
    "h40/outcome_drop_episode_count": 3,
    "h40/outcome_drop_final_state_mse": 0.002031560646357879,
    "h40/outcome_drop_state_mse": 0.0018813875376009473,
    "h40/outcome_jam_episode_count": 3,
    "h40/outcome_jam_final_state_mse": 0.0016479361193631988,
    "h40/outcome_jam_state_mse": 0.002282685002470328,
    "h40/outcome_miss_episode_count": 3,
    "h40/outcome_miss_final_state_mse": 0.0019486924402074876,
    "h40/outcome_miss_state_mse": 0.004970259759940353,
    "h40/outcome_partial_episode_count": 3,
    "h40/outcome_partial_final_state_mse": 0.001619117979715073,
    "h40/outcome_partial_state_mse": 0.0016910953069824018,
    "h40/outcome_success_episode_count": 3,
    "h40/outcome_success_final_state_mse": 0.001622468817467783,
    "h40/outcome_success_state_mse": 0.0017143387810077543,
    "h40/selected_mode": "periodic_5",
    "h40/selected_period": 5,
    "h40/state_mse": 0.0025079530204822815,
    "h50/episode_count": 15,
    "h50/final_state_mse": 0.002136052667705062,
    "h50/outcome_drop_episode_count": 3,
    "h50/outcome_drop_final_state_mse": 0.0025416976632246006,
    "h50/outcome_drop_state_mse": 0.0021188466065849352,
    "h50/outcome_jam_episode_count": 3,
    "h50/outcome_jam_final_state_mse": 0.0028249154877818487,
    "h50/outcome_jam_state_mse": 0.002345604865379583,
    "h50/outcome_miss_episode_count": 3,
    "h50/outcome_miss_final_state_mse": 0.0015866082234709871,
    "h50/outcome_miss_state_mse": 0.0043784616507735906,
    "h50/outcome_partial_episode_count": 3,
    "h50/outcome_partial_final_state_mse": 0.0018383775369014616,
    "h50/outcome_partial_state_mse": 0.0017209848391464334,
    "h50/outcome_success_episode_count": 3,
    "h50/outcome_success_final_state_mse": 0.0018886640619218738,
    "h50/outcome_success_state_mse": 0.0017447849348479626,
    "h50/selected_mode": "periodic_5",
    "h50/selected_period": 5,
    "h50/state_mse": 0.0024617367414088032,
    "h75/episode_count": 15,
    "h75/final_state_mse": 0.004156164406171811,
    "h75/outcome_drop_episode_count": 3,
    "h75/outcome_drop_final_state_mse": 0.003649639659652523,
    "h75/outcome_drop_state_mse": 0.0025707399871094812,
    "h75/outcome_jam_episode_count": 3,
    "h75/outcome_jam_final_state_mse": 0.004614532237348993,
    "h75/outcome_jam_state_mse": 0.002766062169293173,
    "h75/outcome_miss_episode_count": 3,
    "h75/outcome_miss_final_state_mse": 0.0047732720675032125,
    "h75/outcome_miss_state_mse": 0.0037946055293862336,
    "h75/outcome_partial_episode_count": 3,
    "h75/outcome_partial_final_state_mse": 0.003502527337058697,
    "h75/outcome_partial_state_mse": 0.002020875976496013,
    "h75/outcome_success_episode_count": 3,
    "h75/outcome_success_final_state_mse": 0.0042408518736658535,
    "h75/outcome_success_state_mse": 0.002079319943529848,
    "h75/selected_mode": "periodic_5",
    "h75/selected_period": 5,
    "h75/state_mse": 0.0026463208167381534,
    "max_requested_horizon": 125,
    "periodic_reencode_periods": [
      1,
      2,
      5,
      10,
      20,
      50,
      100
    ],
    "rollout_mode": "best_periodic"
  },
  "checkpoint": "runs/maniskill_insertion/perturbation_e20_5k_lista_optimizer_refine_20260604_155050/lista_relu_a0p01_sp1em4_loops2_lr3em4_wd1em4_k0/seed2/checkpoint.pt",
  "checkpoint_step": 1500,
  "dataset": "data/maniskill/perturbation_assessment_seed0_e20/all_setups.npz",
  "device": "cuda",
  "family_jaccard": 0.4,
  "horizons": [
    10,
    20,
    30,
    40,
    50,
    75,
    100,
    125
  ],
  "labels_used_for_training": false,
  "periodic_reencode_periods": [
    1,
    2,
    5,
    10,
    20,
    50,
    100
  ],
  "rollout": {
    "episode_count": 15,
    "h10/episode_count": 15,
    "h10/final_state_mse": 0.003646754906847586,
    "h10/outcome_drop_episode_count": 3,
    "h10/outcome_drop_final_state_mse": 0.0030759387692205265,
    "h10/outcome_drop_state_mse": 0.001981098024673711,
    "h10/outcome_jam_episode_count": 3,
    "h10/outcome_jam_final_state_mse": 0.004570310314496358,
    "h10/outcome_jam_state_mse": 0.002601400621576247,
    "h10/outcome_miss_episode_count": 3,
    "h10/outcome_miss_final_state_mse": 0.004430202389854232,
    "h10/outcome_miss_state_mse": 0.010300119717915853,
    "h10/outcome_partial_episode_count": 3,
    "h10/outcome_partial_final_state_mse": 0.003089408785883897,
    "h10/outcome_partial_state_mse": 0.0019123978084988065,
    "h10/outcome_success_episode_count": 3,
    "h10/outcome_success_final_state_mse": 0.003067913422592325,
    "h10/outcome_success_state_mse": 0.0019200672705968222,
    "h10/state_mse": 0.0037430166107377196,
    "h100/episode_count": 15,
    "h100/final_state_mse": 164596.2248366013,
    "h100/outcome_drop_episode_count": 3,
    "h100/outcome_drop_final_state_mse": 103217.83496732026,
    "h100/outcome_drop_state_mse": 4565.350588235294,
    "h100/outcome_jam_episode_count": 3,
    "h100/outcome_jam_final_state_mse": 111961.56290849674,
    "h100/outcome_jam_state_mse": 4956.491535947713,
    "h100/outcome_miss_episode_count": 3,
    "h100/outcome_miss_final_state_mse": 393956.9869281046,
    "h100/outcome_miss_state_mse": 16821.263267973856,
    "h100/outcome_partial_episode_count": 3,
    "h100/outcome_partial_final_state_mse": 107645.72222222222,
    "h100/outcome_partial_state_mse": 4758.348921568628,
    "h100/outcome_success_episode_count": 3,
    "h100/outcome_success_final_state_mse": 106198.99183006537,
    "h100/outcome_success_state_mse": 4700.016078431373,
    "h100/state_mse": 7160.29322875817,
    "h125/episode_count": 15,
    "h125/final_state_mse": 81292353.58954248,
    "h125/outcome_drop_episode_count": 3,
    "h125/outcome_drop_final_state_mse": 46268957.69934641,
    "h125/outcome_drop_state_mse": 1789365.482248366,
    "h125/outcome_jam_episode_count": 3,
    "h125/outcome_jam_final_state_mse": 45577295.477124184,
    "h125/outcome_jam_state_mse": 1790750.9073986928,
    "h125/outcome_miss_episode_count": 3,
    "h125/outcome_miss_final_state_mse": 222702504.99346405,
    "h125/outcome_miss_state_mse": 8101025.537673202,
    "h125/outcome_partial_episode_count": 3,
    "h125/outcome_partial_final_state_mse": 45795259.81699347,
    "h125/outcome_partial_state_mse": 1788068.9911633986,
    "h125/outcome_success_episode_count": 3,
    "h125/outcome_success_final_state_mse": 46117736.15686274,
    "h125/outcome_success_state_mse": 1793601.3486013073,
    "h125/state_mse": 3052562.3650718955,
    "h20/episode_count": 15,
    "h20/final_state_mse": 0.013551599839154412,
    "h20/outcome_drop_episode_count": 3,
    "h20/outcome_drop_final_state_mse": 0.012612736400435953,
    "h20/outcome_drop_state_mse": 0.004711296628503238,
    "h20/outcome_jam_episode_count": 3,
    "h20/outcome_jam_final_state_mse": 0.013064960833468468,
    "h20/outcome_jam_state_mse": 0.005225559426288978,
    "h20/outcome_miss_episode_count": 3,
    "h20/outcome_miss_final_state_mse": 0.01696087215460983,
    "h20/outcome_miss_state_mse": 0.010004355237374897,
    "h20/outcome_partial_episode_count": 3,
    "h20/outcome_partial_final_state_mse": 0.012600403546897414,
    "h20/outcome_partial_state_mse": 0.00465703057307823,
    "h20/outcome_success_episode_count": 3,
    "h20/outcome_success_final_state_mse": 0.012519033370064754,
    "h20/outcome_success_state_mse": 0.004653931326336331,
    "h20/state_mse": 0.005850434646107792,
    "h30/episode_count": 15,
    "h30/final_state_mse": 0.04352604485804738,
    "h30/outcome_drop_episode_count": 3,
    "h30/outcome_drop_final_state_mse": 0.037954415371215425,
    "h30/outcome_drop_state_mse": 0.011261993919322694,
    "h30/outcome_jam_episode_count": 3,
    "h30/outcome_jam_final_state_mse": 0.040261373021244225,
    "h30/outcome_jam_state_mse": 0.011852540221868777,
    "h30/outcome_miss_episode_count": 3,
    "h30/outcome_miss_final_state_mse": 0.061955707525116165,
    "h30/outcome_miss_state_mse": 0.019677275198477284,
    "h30/outcome_partial_episode_count": 3,
    "h30/outcome_partial_final_state_mse": 0.038739040786144784,
    "h30/outcome_partial_state_mse": 0.011241199767667484,
    "h30/outcome_success_episode_count": 3,
    "h30/outcome_success_final_state_mse": 0.03871969771541022,
    "h30/outcome_success_state_mse": 0.011215057248383566,
    "h30/state_mse": 0.013049612938708469,
    "h40/episode_count": 15,
    "h40/final_state_mse": 0.14094162485957926,
    "h40/outcome_drop_episode_count": 3,
    "h40/outcome_drop_final_state_mse": 0.09775957095077614,
    "h40/outcome_drop_state_mse": 0.025349390117171543,
    "h40/outcome_jam_episode_count": 3,
    "h40/outcome_jam_final_state_mse": 0.11357669269337374,
    "h40/outcome_jam_state_mse": 0.027369921191845066,
    "h40/outcome_miss_episode_count": 3,
    "h40/outcome_miss_final_state_mse": 0.2646724881689533,
    "h40/outcome_miss_state_mse": 0.04590862124573951,
    "h40/outcome_partial_episode_count": 3,
    "h40/outcome_partial_final_state_mse": 0.11351176180870705,
    "h40/outcome_partial_state_mse": 0.026619947346207363,
    "h40/outcome_success_episode_count": 3,
    "h40/outcome_success_final_state_mse": 0.11518760444292056,
    "h40/outcome_success_state_mse": 0.02665376102223116,
    "h40/state_mse": 0.030380328807955475,
    "h50/episode_count": 15,
    "h50/final_state_mse": 1.658258016748366,
    "h50/outcome_drop_episode_count": 3,
    "h50/outcome_drop_final_state_mse": 0.7991338243671492,
    "h50/outcome_drop_state_mse": 0.08871990328520732,
    "h50/outcome_jam_episode_count": 3,
    "h50/outcome_jam_final_state_mse": 0.7805549895841312,
    "h50/outcome_jam_state_mse": 0.09161292780458538,
    "h50/outcome_miss_episode_count": 3,
    "h50/outcome_miss_final_state_mse": 5.025700388391034,
    "h50/outcome_miss_state_mse": 0.42039719924428104,
    "h50/outcome_partial_episode_count": 3,
    "h50/outcome_partial_final_state_mse": 0.8344443452124503,
    "h50/outcome_partial_state_mse": 0.09436283685023489,
    "h50/outcome_success_episode_count": 3,
    "h50/outcome_success_final_state_mse": 0.8514559502695122,
    "h50/outcome_success_state_mse": 0.09577874676074857,
    "h50/state_mse": 0.15817432598039216,
    "h75/episode_count": 15,
    "h75/final_state_mse": 356.86960784313726,
    "h75/outcome_drop_episode_count": 3,
    "h75/outcome_drop_final_state_mse": 264.99414700776146,
    "h75/outcome_drop_state_mse": 17.267745949074072,
    "h75/outcome_jam_episode_count": 3,
    "h75/outcome_jam_final_state_mse": 266.4817835988562,
    "h75/outcome_jam_state_mse": 16.90054772603486,
    "h75/outcome_miss_episode_count": 3,
    "h75/outcome_miss_final_state_mse": 723.3234272875817,
    "h75/outcome_miss_state_mse": 55.87204248366013,
    "h75/outcome_partial_episode_count": 3,
    "h75/outcome_partial_final_state_mse": 263.3008386948529,
    "h75/outcome_partial_state_mse": 16.87270509940087,
    "h75/outcome_success_episode_count": 3,
    "h75/outcome_success_final_state_mse": 266.2478968801062,
    "h75/outcome_success_state_mse": 17.173235974945534,
    "h75/state_mse": 24.817254901960784,
    "max_requested_horizon": 125,
    "reencode_period": null,
    "rollout_mode": "no_reencode"
  },
  "rollout_modes": {
    "no_reencode": {
      "episode_count": 15,
      "h10/episode_count": 15,
      "h10/final_state_mse": 0.003646754906847586,
      "h10/outcome_drop_episode_count": 3,
      "h10/outcome_drop_final_state_mse": 0.0030759387692205265,
      "h10/outcome_drop_state_mse": 0.001981098024673711,
      "h10/outcome_jam_episode_count": 3,
      "h10/outcome_jam_final_state_mse": 0.004570310314496358,
      "h10/outcome_jam_state_mse": 0.002601400621576247,
      "h10/outcome_miss_episode_count": 3,
      "h10/outcome_miss_final_state_mse": 0.004430202389854232,
      "h10/outcome_miss_state_mse": 0.010300119717915853,
      "h10/outcome_partial_episode_count": 3,
      "h10/outcome_partial_final_state_mse": 0.003089408785883897,
      "h10/outcome_partial_state_mse": 0.0019123978084988065,
      "h10/outcome_success_episode_count": 3,
      "h10/outcome_success_final_state_mse": 0.003067913422592325,
      "h10/outcome_success_state_mse": 0.0019200672705968222,
      "h10/state_mse": 0.0037430166107377196,
      "h100/episode_count": 15,
      "h100/final_state_mse": 164596.2248366013,
      "h100/outcome_drop_episode_count": 3,
      "h100/outcome_drop_final_state_mse": 103217.83496732026,
      "h100/outcome_drop_state_mse": 4565.350588235294,
      "h100/outcome_jam_episode_count": 3,
      "h100/outcome_jam_final_state_mse": 111961.56290849674,
      "h100/outcome_jam_state_mse": 4956.491535947713,
      "h100/outcome_miss_episode_count": 3,
      "h100/outcome_miss_final_state_mse": 393956.9869281046,
      "h100/outcome_miss_state_mse": 16821.263267973856,
      "h100/outcome_partial_episode_count": 3,
      "h100/outcome_partial_final_state_mse": 107645.72222222222,
      "h100/outcome_partial_state_mse": 4758.348921568628,
      "h100/outcome_success_episode_count": 3,
      "h100/outcome_success_final_state_mse": 106198.99183006537,
      "h100/outcome_success_state_mse": 4700.016078431373,
      "h100/state_mse": 7160.29322875817,
      "h125/episode_count": 15,
      "h125/final_state_mse": 81292353.58954248,
      "h125/outcome_drop_episode_count": 3,
      "h125/outcome_drop_final_state_mse": 46268957.69934641,
      "h125/outcome_drop_state_mse": 1789365.482248366,
      "h125/outcome_jam_episode_count": 3,
      "h125/outcome_jam_final_state_mse": 45577295.477124184,
      "h125/outcome_jam_state_mse": 1790750.9073986928,
      "h125/outcome_miss_episode_count": 3,
      "h125/outcome_miss_final_state_mse": 222702504.99346405,
      "h125/outcome_miss_state_mse": 8101025.537673202,
      "h125/outcome_partial_episode_count": 3,
      "h125/outcome_partial_final_state_mse": 45795259.81699347,
      "h125/outcome_partial_state_mse": 1788068.9911633986,
      "h125/outcome_success_episode_count": 3,
      "h125/outcome_success_final_state_mse": 46117736.15686274,
      "h125/outcome_success_state_mse": 1793601.3486013073,
      "h125/state_mse": 3052562.3650718955,
      "h20/episode_count": 15,
      "h20/final_state_mse": 0.013551599839154412,
      "h20/outcome_drop_episode_count": 3,
      "h20/outcome_drop_final_state_mse": 0.012612736400435953,
      "h20/outcome_drop_state_mse": 0.004711296628503238,
      "h20/outcome_jam_episode_count": 3,
      "h20/outcome_jam_final_state_mse": 0.013064960833468468,
      "h20/outcome_jam_state_mse": 0.005225559426288978,
      "h20/outcome_miss_episode_count": 3,
      "h20/outcome_miss_final_state_mse": 0.01696087215460983,
      "h20/outcome_miss_state_mse": 0.010004355237374897,
      "h20/outcome_partial_episode_count": 3,
      "h20/outcome_partial_final_state_mse": 0.012600403546897414,
      "h20/outcome_partial_state_mse": 0.00465703057307823,
      "h20/outcome_success_episode_count": 3,
      "h20/outcome_success_final_state_mse": 0.012519033370064754,
      "h20/outcome_success_state_mse": 0.004653931326336331,
      "h20/state_mse": 0.005850434646107792,
      "h30/episode_count": 15,
      "h30/final_state_mse": 0.04352604485804738,
      "h30/outcome_drop_episode_count": 3,
      "h30/outcome_drop_final_state_mse": 0.037954415371215425,
      "h30/outcome_drop_state_mse": 0.011261993919322694,
      "h30/outcome_jam_episode_count": 3,
      "h30/outcome_jam_final_state_mse": 0.040261373021244225,
      "h30/outcome_jam_state_mse": 0.011852540221868777,
      "h30/outcome_miss_episode_count": 3,
      "h30/outcome_miss_final_state_mse": 0.061955707525116165,
      "h30/outcome_miss_state_mse": 0.019677275198477284,
      "h30/outcome_partial_episode_count": 3,
      "h30/outcome_partial_final_state_mse": 0.038739040786144784,
      "h30/outcome_partial_state_mse": 0.011241199767667484,
      "h30/outcome_success_episode_count": 3,
      "h30/outcome_success_final_state_mse": 0.03871969771541022,
      "h30/outcome_success_state_mse": 0.011215057248383566,
      "h30/state_mse": 0.013049612938708469,
      "h40/episode_count": 15,
      "h40/final_state_mse": 0.14094162485957926,
      "h40/outcome_drop_episode_count": 3,
      "h40/outcome_drop_final_state_mse": 0.09775957095077614,
      "h40/outcome_drop_state_mse": 0.025349390117171543,
      "h40/outcome_jam_episode_count": 3,
      "h40/outcome_jam_final_state_mse": 0.11357669269337374,
      "h40/outcome_jam_state_mse": 0.027369921191845066,
      "h40/outcome_miss_episode_count": 3,
      "h40/outcome_miss_final_state_mse": 0.2646724881689533,
      "h40/outcome_miss_state_mse": 0.04590862124573951,
      "h40/outcome_partial_episode_count": 3,
      "h40/outcome_partial_final_state_mse": 0.11351176180870705,
      "h40/outcome_partial_state_mse": 0.026619947346207363,
      "h40/outcome_success_episode_count": 3,
      "h40/outcome_success_final_state_mse": 0.11518760444292056,
      "h40/outcome_success_state_mse": 0.02665376102223116,
      "h40/state_mse": 0.030380328807955475,
      "h50/episode_count": 15,
      "h50/final_state_mse": 1.658258016748366,
      "h50/outcome_drop_episode_count": 3,
      "h50/outcome_drop_final_state_mse": 0.7991338243671492,
      "h50/outcome_drop_state_mse": 0.08871990328520732,
      "h50/outcome_jam_episode_count": 3,
      "h50/outcome_jam_final_state_mse": 0.7805549895841312,
      "h50/outcome_jam_state_mse": 0.09161292780458538,
      "h50/outcome_miss_episode_count": 3,
      "h50/outcome_miss_final_state_mse": 5.025700388391034,
      "h50/outcome_miss_state_mse": 0.42039719924428104,
      "h50/outcome_partial_episode_count": 3,
      "h50/outcome_partial_final_state_mse": 0.8344443452124503,
      "h50/outcome_partial_state_mse": 0.09436283685023489,
      "h50/outcome_success_episode_count": 3,
      "h50/outcome_success_final_state_mse": 0.8514559502695122,
      "h50/outcome_success_state_mse": 0.09577874676074857,
      "h50/state_mse": 0.15817432598039216,
      "h75/episode_count": 15,
      "h75/final_state_mse": 356.86960784313726,
      "h75/outcome_drop_episode_count": 3,
      "h75/outcome_drop_final_state_mse": 264.99414700776146,
      "h75/outcome_drop_state_mse": 17.267745949074072,
      "h75/outcome_jam_episode_count": 3,
      "h75/outcome_jam_final_state_mse": 266.4817835988562,
      "h75/outcome_jam_state_mse": 16.90054772603486,
      "h75/outcome_miss_episode_count": 3,
      "h75/outcome_miss_final_state_mse": 723.3234272875817,
      "h75/outcome_miss_state_mse": 55.87204248366013,
      "h75/outcome_partial_episode_count": 3,
      "h75/outcome_partial_final_state_mse": 263.3008386948529,
      "h75/outcome_partial_state_mse": 16.87270509940087,
      "h75/outcome_success_episode_count": 3,
      "h75/outcome_success_final_state_mse": 266.2478968801062,
      "h75/outcome_success_state_mse": 17.173235974945534,
      "h75/state_mse": 24.817254901960784,
      "max_requested_horizon": 125,
      "reencode_period": null,
      "rollout_mode": "no_reencode"
    },
    "periodic_1": {
      "episode_count": 15,
      "h10/episode_count": 15,
      "h10/final_state_mse": 0.0032638852113212637,
      "h10/outcome_drop_episode_count": 3,
      "h10/outcome_drop_final_state_mse": 0.0019141308281546325,
      "h10/outcome_drop_state_mse": 0.0017101770522547704,
      "h10/outcome_jam_episode_count": 3,
      "h10/outcome_jam_final_state_mse": 0.002474215733849145,
      "h10/outcome_jam_state_mse": 0.0022591604126824274,
      "h10/outcome_miss_episode_count": 3,
      "h10/outcome_miss_final_state_mse": 0.008040131599295373,
      "h10/outcome_miss_state_mse": 0.014373226415098103,
      "h10/outcome_partial_episode_count": 3,
      "h10/outcome_partial_final_state_mse": 0.0019508064085362003,
      "h10/outcome_partial_state_mse": 0.001603700113452338,
      "h10/outcome_success_episode_count": 3,
      "h10/outcome_success_final_state_mse": 0.0019401412189396377,
      "h10/outcome_success_state_mse": 0.0016296541184381722,
      "h10/state_mse": 0.0043151835522620505,
      "h100/episode_count": 15,
      "h100/final_state_mse": 0.009196942771961486,
      "h100/outcome_drop_episode_count": 3,
      "h100/outcome_drop_final_state_mse": 0.011259304736953935,
      "h100/outcome_drop_state_mse": 0.005127911910512089,
      "h100/outcome_jam_episode_count": 3,
      "h100/outcome_jam_final_state_mse": 0.006275816777952356,
      "h100/outcome_jam_state_mse": 0.004018740685157527,
      "h100/outcome_miss_episode_count": 3,
      "h100/outcome_miss_final_state_mse": 0.016271600244092008,
      "h100/outcome_miss_state_mse": 0.023985836552638633,
      "h100/outcome_partial_episode_count": 3,
      "h100/outcome_partial_final_state_mse": 0.006376572488959319,
      "h100/outcome_partial_state_mse": 0.003307075126498353,
      "h100/outcome_success_episode_count": 3,
      "h100/outcome_success_final_state_mse": 0.005801419222276974,
      "h100/outcome_success_state_mse": 0.0034912372414582695,
      "h100/state_mse": 0.007986160577512254,
      "h125/episode_count": 15,
      "h125/final_state_mse": 0.009471016304165709,
      "h125/outcome_drop_episode_count": 3,
      "h125/outcome_drop_final_state_mse": 0.007636665713553335,
      "h125/outcome_drop_state_mse": 0.006403972351473141,
      "h125/outcome_jam_episode_count": 3,
      "h125/outcome_jam_final_state_mse": 0.009220298598794377,
      "h125/outcome_jam_state_mse": 0.005178798501008476,
      "h125/outcome_miss_episode_count": 3,
      "h125/outcome_miss_final_state_mse": 0.020082979420431298,
      "h125/outcome_miss_state_mse": 0.02258265017839818,
      "h125/outcome_partial_episode_count": 3,
      "h125/outcome_partial_final_state_mse": 0.0039117380100138046,
      "h125/outcome_partial_state_mse": 0.0034682893441393484,
      "h125/outcome_success_episode_count": 3,
      "h125/outcome_success_final_state_mse": 0.006503399875428941,
      "h125/outcome_success_state_mse": 0.0042286406373666,
      "h125/state_mse": 0.00837246923508987,
      "h20/episode_count": 15,
      "h20/final_state_mse": 0.004024632771809896,
      "h20/outcome_drop_episode_count": 3,
      "h20/outcome_drop_final_state_mse": 0.003625448379251692,
      "h20/outcome_drop_state_mse": 0.0024071616284987505,
      "h20/outcome_jam_episode_count": 3,
      "h20/outcome_jam_final_state_mse": 0.0038188772848229,
      "h20/outcome_jam_state_mse": 0.0028878060431262245,
      "h20/outcome_miss_episode_count": 3,
      "h20/outcome_miss_final_state_mse": 0.006037297299484801,
      "h20/outcome_miss_state_mse": 0.01042361742530773,
      "h20/outcome_partial_episode_count": 3,
      "h20/outcome_partial_final_state_mse": 0.0033112240870014514,
      "h20/outcome_partial_state_mse": 0.002300344339383194,
      "h20/outcome_success_episode_count": 3,
      "h20/outcome_success_final_state_mse": 0.003330315493680293,
      "h20/outcome_success_state_mse": 0.0023369983130810306,
      "h20/state_mse": 0.004071185542087929,
      "h30/episode_count": 15,
      "h30/final_state_mse": 0.00551860036413654,
      "h30/outcome_drop_episode_count": 3,
      "h30/outcome_drop_final_state_mse": 0.0030579090702767464,
      "h30/outcome_drop_state_mse": 0.002695216176816321,
      "h30/outcome_jam_episode_count": 3,
      "h30/outcome_jam_final_state_mse": 0.0037935484760726976,
      "h30/outcome_jam_state_mse": 0.003127617358122516,
      "h30/outcome_miss_episode_count": 3,
      "h30/outcome_miss_final_state_mse": 0.014323546216378803,
      "h30/outcome_miss_state_mse": 0.01043830489281216,
      "h30/outcome_partial_episode_count": 3,
      "h30/outcome_partial_final_state_mse": 0.003167644386587579,
      "h30/outcome_partial_state_mse": 0.002580719472016644,
      "h30/outcome_success_episode_count": 3,
      "h30/outcome_success_final_state_mse": 0.003250354377467648,
      "h30/outcome_success_state_mse": 0.0026239273075444507,
      "h30/state_mse": 0.004293157041462418,
      "h40/episode_count": 15,
      "h40/final_state_mse": 0.008941980748394735,
      "h40/outcome_drop_episode_count": 3,
      "h40/outcome_drop_final_state_mse": 0.004082558688774608,
      "h40/outcome_drop_state_mse": 0.002974028992497064,
      "h40/outcome_jam_episode_count": 3,
      "h40/outcome_jam_final_state_mse": 0.0030567132277426376,
      "h40/outcome_jam_state_mse": 0.003198132483787786,
      "h40/outcome_miss_episode_count": 3,
      "h40/outcome_miss_final_state_mse": 0.031478696886230915,
      "h40/outcome_miss_state_mse": 0.013385655521567352,
      "h40/outcome_partial_episode_count": 3,
      "h40/outcome_partial_final_state_mse": 0.003050125307506985,
      "h40/outcome_partial_state_mse": 0.002691868629330903,
      "h40/outcome_success_episode_count": 3,
      "h40/outcome_success_final_state_mse": 0.0030418084386517018,
      "h40/outcome_success_state_mse": 0.002732242244520998,
      "h40/state_mse": 0.004996385761335784,
      "h50/episode_count": 15,
      "h50/final_state_mse": 0.014085098964716094,
      "h50/outcome_drop_episode_count": 3,
      "h50/outcome_drop_final_state_mse": 0.004559045280116835,
      "h50/outcome_drop_state_mse": 0.003435649248509625,
      "h50/outcome_jam_episode_count": 3,
      "h50/outcome_jam_final_state_mse": 0.003855299715902291,
      "h50/outcome_jam_state_mse": 0.0033948261909235535,
      "h50/outcome_miss_episode_count": 3,
      "h50/outcome_miss_final_state_mse": 0.05428064765493854,
      "h50/outcome_miss_state_mse": 0.019610836427975325,
      "h50/outcome_partial_episode_count": 3,
      "h50/outcome_partial_final_state_mse": 0.0038324027669196037,
      "h50/outcome_partial_state_mse": 0.0028625862582836274,
      "h50/outcome_success_episode_count": 3,
      "h50/outcome_success_final_state_mse": 0.003898101499657226,
      "h50/outcome_success_state_mse": 0.0029004353167963962,
      "h50/state_mse": 0.0064408669066584965,
      "h75/episode_count": 15,
      "h75/final_state_mse": 0.009307206845750995,
      "h75/outcome_drop_episode_count": 3,
      "h75/outcome_drop_final_state_mse": 0.007645341500737308,
      "h75/outcome_drop_state_mse": 0.004040210615835418,
      "h75/outcome_jam_episode_count": 3,
      "h75/outcome_jam_final_state_mse": 0.005011955166564268,
      "h75/outcome_jam_state_mse": 0.0037867411029624525,
      "h75/outcome_miss_episode_count": 3,
      "h75/outcome_miss_final_state_mse": 0.02466073495889801,
      "h75/outcome_miss_state_mse": 0.02775009462776267,
      "h75/outcome_partial_episode_count": 3,
      "h75/outcome_partial_final_state_mse": 0.003863447875368829,
      "h75/outcome_partial_state_mse": 0.0030533279053266272,
      "h75/outcome_success_episode_count": 3,
      "h75/outcome_success_final_state_mse": 0.005354551805390252,
      "h75/outcome_success_state_mse": 0.003141040885110826,
      "h75/state_mse": 0.008354282620166123,
      "max_requested_horizon": 125,
      "reencode_period": 1,
      "rollout_mode": "periodic_1"
    },
    "periodic_10": {
      "episode_count": 15,
      "h10/episode_count": 15,
      "h10/final_state_mse": 0.0036467552185058595,
      "h10/outcome_drop_episode_count": 3,
      "h10/outcome_drop_final_state_mse": 0.0030759388057429804,
      "h10/outcome_drop_state_mse": 0.0019810978493659324,
      "h10/outcome_jam_episode_count": 3,
      "h10/outcome_jam_final_state_mse": 0.0045703107040692,
      "h10/outcome_jam_state_mse": 0.0026014006994908153,
      "h10/outcome_miss_episode_count": 3,
      "h10/outcome_miss_final_state_mse": 0.004430203704662572,
      "h10/outcome_miss_state_mse": 0.010300119717915853,
      "h10/outcome_partial_episode_count": 3,
      "h10/outcome_partial_final_state_mse": 0.0030894083476144503,
      "h10/outcome_partial_state_mse": 0.001912397691626954,
      "h10/outcome_success_episode_count": 3,
      "h10/outcome_success_final_state_mse": 0.0030679140069515875,
      "h10/outcome_success_state_mse": 0.001920067017374475,
      "h10/state_mse": 0.0037430163614111008,
      "h100/episode_count": 15,
      "h100/final_state_mse": 0.0028909888921999465,
      "h100/outcome_drop_episode_count": 3,
      "h100/outcome_drop_final_state_mse": 0.002918912986524744,
      "h100/outcome_drop_state_mse": 0.0025140652002072802,
      "h100/outcome_jam_episode_count": 3,
      "h100/outcome_jam_final_state_mse": 0.0034333585329305114,
      "h100/outcome_jam_state_mse": 0.0030102365780500027,
      "h100/outcome_miss_episode_count": 3,
      "h100/outcome_miss_final_state_mse": 0.0019766751652449564,
      "h100/outcome_miss_state_mse": 0.003140375847909965,
      "h100/outcome_partial_episode_count": 3,
      "h100/outcome_partial_final_state_mse": 0.002446747439749101,
      "h100/outcome_partial_state_mse": 0.0021738320705937406,
      "h100/outcome_success_episode_count": 3,
      "h100/outcome_success_final_state_mse": 0.0036792510183028928,
      "h100/outcome_success_state_mse": 0.002429635228674396,
      "h100/state_mse": 0.002653629078584559,
      "h125/episode_count": 15,
      "h125/final_state_mse": 0.0034725600597905176,
      "h125/outcome_drop_episode_count": 3,
      "h125/outcome_drop_final_state_mse": 0.004520661106296614,
      "h125/outcome_drop_state_mse": 0.0027447975009095437,
      "h125/outcome_jam_episode_count": 3,
      "h125/outcome_jam_final_state_mse": 0.004095554351806641,
      "h125/outcome_jam_state_mse": 0.003153832878162658,
      "h125/outcome_miss_episode_count": 3,
      "h125/outcome_miss_final_state_mse": 0.0032865942449741116,
      "h125/outcome_miss_state_mse": 0.0030912511987623826,
      "h125/outcome_partial_episode_count": 3,
      "h125/outcome_partial_final_state_mse": 0.0023035939320240144,
      "h125/outcome_partial_state_mse": 0.0022138142803915187,
      "h125/outcome_success_episode_count": 3,
      "h125/outcome_success_final_state_mse": 0.0031563971751655626,
      "h125/outcome_success_state_mse": 0.0025532732446209277,
      "h125/state_mse": 0.0027513936759599672,
      "h20/episode_count": 15,
      "h20/final_state_mse": 0.003116689320483239,
      "h20/outcome_drop_episode_count": 3,
      "h20/outcome_drop_final_state_mse": 0.002955344207341375,
      "h20/outcome_drop_state_mse": 0.0022291309303707546,
      "h20/outcome_jam_episode_count": 3,
      "h20/outcome_jam_final_state_mse": 0.0034291945349157246,
      "h20/outcome_jam_state_mse": 0.0028252605519263575,
      "h20/outcome_miss_episode_count": 3,
      "h20/outcome_miss_final_state_mse": 0.003522168723196765,
      "h20/outcome_miss_state_mse": 0.0069722566729277565,
      "h20/outcome_partial_episode_count": 3,
      "h20/outcome_partial_final_state_mse": 0.002838469579134112,
      "h20/outcome_partial_state_mse": 0.0021621226485258613,
      "h20/outcome_success_episode_count": 3,
      "h20/outcome_success_final_state_mse": 0.0028382698743561513,
      "h20/outcome_success_state_mse": 0.0021671337434668947,
      "h20/state_mse": 0.0032711809445050808,
      "h30/episode_count": 15,
      "h30/final_state_mse": 0.0024168662775575726,
      "h30/outcome_drop_episode_count": 3,
      "h30/outcome_drop_final_state_mse": 0.0023126556154559642,
      "h30/outcome_drop_state_mse": 0.0022146076678190877,
      "h30/outcome_jam_episode_count": 3,
      "h30/outcome_jam_final_state_mse": 0.0027800835425557655,
      "h30/outcome_jam_state_mse": 0.0028154039694592843,
      "h30/outcome_miss_episode_count": 3,
      "h30/outcome_miss_final_state_mse": 0.0023685084546313565,
      "h30/outcome_miss_state_mse": 0.005512042658521199,
      "h30/outcome_partial_episode_count": 3,
      "h30/outcome_partial_final_state_mse": 0.0022826866776335473,
      "h30/outcome_partial_state_mse": 0.0021462834478723197,
      "h30/outcome_success_episode_count": 3,
      "h30/outcome_success_final_state_mse": 0.002340396878376506,
      "h30/outcome_success_state_mse": 0.0021517319876643826,
      "h30/state_mse": 0.002968013987821691,
      "h40/episode_count": 15,
      "h40/final_state_mse": 0.0019039917615504046,
      "h40/outcome_drop_episode_count": 3,
      "h40/outcome_drop_final_state_mse": 0.0018481301034198089,
      "h40/outcome_drop_state_mse": 0.0022226651120030023,
      "h40/outcome_jam_episode_count": 3,
      "h40/outcome_jam_final_state_mse": 0.0020904464318471797,
      "h40/outcome_jam_state_mse": 0.002733772408728506,
      "h40/outcome_miss_episode_count": 3,
      "h40/outcome_miss_final_state_mse": 0.001645907443138509,
      "h40/outcome_miss_state_mse": 0.004636086669622683,
      "h40/outcome_partial_episode_count": 3,
      "h40/outcome_partial_final_state_mse": 0.0019746679642231634,
      "h40/outcome_partial_state_mse": 0.0020928888928656484,
      "h40/outcome_success_episode_count": 3,
      "h40/outcome_success_final_state_mse": 0.0019608068407750597,
      "h40/outcome_success_state_mse": 0.0021003390449324463,
      "h40/state_mse": 0.002757150487962112,
      "h50/episode_count": 15,
      "h50/final_state_mse": 0.0020130271225972892,
      "h50/outcome_drop_episode_count": 3,
      "h50/outcome_drop_final_state_mse": 0.002229514732664707,
      "h50/outcome_drop_state_mse": 0.002305323937359978,
      "h50/outcome_jam_episode_count": 3,
      "h50/outcome_jam_final_state_mse": 0.0028796763786303452,
      "h50/outcome_jam_state_mse": 0.002730017394022225,
      "h50/outcome_miss_episode_count": 3,
      "h50/outcome_miss_final_state_mse": 0.0015159473553592083,
      "h50/outcome_miss_state_mse": 0.004079169354407616,
      "h50/outcome_partial_episode_count": 3,
      "h50/outcome_partial_final_state_mse": 0.001684232499280007,
      "h50/outcome_partial_state_mse": 0.0020552724327137267,
      "h50/outcome_success_episode_count": 3,
      "h50/outcome_success_final_state_mse": 0.0017557643061759426,
      "h50/outcome_success_state_mse": 0.0020662620020847696,
      "h50/state_mse": 0.0026472090178844975,
      "h75/episode_count": 15,
      "h75/final_state_mse": 0.0038449539857752183,
      "h75/outcome_drop_episode_count": 3,
      "h75/outcome_drop_final_state_mse": 0.0033966531745748584,
      "h75/outcome_drop_state_mse": 0.00245452822683164,
      "h75/outcome_jam_episode_count": 3,
      "h75/outcome_jam_final_state_mse": 0.004543307121672661,
      "h75/outcome_jam_state_mse": 0.0029424121333103555,
      "h75/outcome_miss_episode_count": 3,
      "h75/outcome_miss_final_state_mse": 0.004050531564584745,
      "h75/outcome_miss_state_mse": 0.0034665679931640625,
      "h75/outcome_partial_episode_count": 3,
      "h75/outcome_partial_final_state_mse": 0.0031507215371318893,
      "h75/outcome_partial_state_mse": 0.0021678950116525287,
      "h75/outcome_success_episode_count": 3,
      "h75/outcome_success_final_state_mse": 0.004083557943113489,
      "h75/outcome_success_state_mse": 0.0022195112731202235,
      "h75/state_mse": 0.002650182919304875,
      "max_requested_horizon": 125,
      "reencode_period": 10,
      "rollout_mode": "periodic_10"
    },
    "periodic_100": {
      "episode_count": 15,
      "h10/episode_count": 15,
      "h10/final_state_mse": 0.0036467552185058595,
      "h10/outcome_drop_episode_count": 3,
      "h10/outcome_drop_final_state_mse": 0.0030759388057429804,
      "h10/outcome_drop_state_mse": 0.0019810978493659324,
      "h10/outcome_jam_episode_count": 3,
      "h10/outcome_jam_final_state_mse": 0.0045703107040692,
      "h10/outcome_jam_state_mse": 0.0026014006994908153,
      "h10/outcome_miss_episode_count": 3,
      "h10/outcome_miss_final_state_mse": 0.004430203704662572,
      "h10/outcome_miss_state_mse": 0.010300119717915853,
      "h10/outcome_partial_episode_count": 3,
      "h10/outcome_partial_final_state_mse": 0.0030894083476144503,
      "h10/outcome_partial_state_mse": 0.001912397691626954,
      "h10/outcome_success_episode_count": 3,
      "h10/outcome_success_final_state_mse": 0.0030679140069515875,
      "h10/outcome_success_state_mse": 0.001920067017374475,
      "h10/state_mse": 0.0037430163614111008,
      "h100/episode_count": 15,
      "h100/final_state_mse": 164596.2248366013,
      "h100/outcome_drop_episode_count": 3,
      "h100/outcome_drop_final_state_mse": 103217.83823529411,
      "h100/outcome_drop_state_mse": 4565.350392156863,
      "h100/outcome_jam_episode_count": 3,
      "h100/outcome_jam_final_state_mse": 111961.5498366013,
      "h100/outcome_jam_state_mse": 4956.491503267974,
      "h100/outcome_miss_episode_count": 3,
      "h100/outcome_miss_final_state_mse": 393957.01960784313,
      "h100/outcome_miss_state_mse": 16821.264575163397,
      "h100/outcome_partial_episode_count": 3,
      "h100/outcome_partial_final_state_mse": 107645.71323529411,
      "h100/outcome_partial_state_mse": 4758.348856209151,
      "h100/outcome_success_episode_count": 3,
      "h100/outcome_success_final_state_mse": 106198.9885620915,
      "h100/outcome_success_state_mse": 4700.015522875817,
      "h100/state_mse": 7160.29322875817,
      "h125/episode_count": 15,
      "h125/final_state_mse": 42584.1385620915,
      "h125/outcome_drop_episode_count": 3,
      "h125/outcome_drop_final_state_mse": 30590.33997140523,
      "h125/outcome_drop_state_mse": 6464.397333333333,
      "h125/outcome_jam_episode_count": 3,
      "h125/outcome_jam_final_state_mse": 34997.53354779412,
      "h125/outcome_jam_state_mse": 7113.125437908497,
      "h125/outcome_miss_episode_count": 3,
      "h125/outcome_miss_final_state_mse": 81847.66666666667,
      "h125/outcome_miss_state_mse": 19755.54426143791,
      "h125/outcome_partial_episode_count": 3,
      "h125/outcome_partial_final_state_mse": 33429.89562908497,
      "h125/outcome_partial_state_mse": 6810.7433202614375,
      "h125/outcome_success_episode_count": 3,
      "h125/outcome_success_final_state_mse": 32055.265114379086,
      "h125/outcome_success_state_mse": 6684.760836601307,
      "h125/state_mse": 9365.714154248366,
      "h20/episode_count": 15,
      "h20/final_state_mse": 0.013551599839154412,
      "h20/outcome_drop_episode_count": 3,
      "h20/outcome_drop_final_state_mse": 0.012612736400435953,
      "h20/outcome_drop_state_mse": 0.004711296901204228,
      "h20/outcome_jam_episode_count": 3,
      "h20/outcome_jam_final_state_mse": 0.013064960249109206,
      "h20/outcome_jam_state_mse": 0.005225559971690957,
      "h20/outcome_miss_episode_count": 3,
      "h20/outcome_miss_final_state_mse": 0.016960872738969093,
      "h20/outcome_miss_state_mse": 0.010004355237374897,
      "h20/outcome_partial_episode_count": 3,
      "h20/outcome_partial_final_state_mse": 0.012600400819887524,
      "h20/outcome_partial_state_mse": 0.00465703057307823,
      "h20/outcome_success_episode_count": 3,
      "h20/outcome_success_final_state_mse": 0.01251903604837804,
      "h20/outcome_success_state_mse": 0.004653931676951889,
      "h20/state_mse": 0.005850434646107792,
      "h30/episode_count": 15,
      "h30/final_state_mse": 0.04352604485804738,
      "h30/outcome_drop_episode_count": 3,
      "h30/outcome_drop_final_state_mse": 0.03795441459206974,
      "h30/outcome_drop_state_mse": 0.011261993815436602,
      "h30/outcome_jam_episode_count": 3,
      "h30/outcome_jam_final_state_mse": 0.04026137457953559,
      "h30/outcome_jam_state_mse": 0.011852539910210503,
      "h30/outcome_miss_episode_count": 3,
      "h30/outcome_miss_final_state_mse": 0.061955709083407536,
      "h30/outcome_miss_state_mse": 0.019677276029566013,
      "h30/outcome_partial_episode_count": 3,
      "h30/outcome_partial_final_state_mse": 0.03873903805913489,
      "h30/outcome_partial_state_mse": 0.011241198313262209,
      "h30/outcome_success_episode_count": 3,
      "h30/outcome_success_final_state_mse": 0.0387196938196818,
      "h30/outcome_success_state_mse": 0.011215057040611383,
      "h30/state_mse": 0.013049612938708469,
      "h40/episode_count": 15,
      "h40/final_state_mse": 0.1409416148865145,
      "h40/outcome_drop_episode_count": 3,
      "h40/outcome_drop_final_state_mse": 0.0977596052331862,
      "h40/outcome_drop_state_mse": 0.025349391363804638,
      "h40/outcome_jam_episode_count": 3,
      "h40/outcome_jam_final_state_mse": 0.11357666776071187,
      "h40/outcome_jam_state_mse": 0.02736991869857888,
      "h40/outcome_miss_episode_count": 3,
      "h40/outcome_miss_final_state_mse": 0.26467246635287417,
      "h40/outcome_miss_state_mse": 0.04590862186905605,
      "h40/outcome_partial_episode_count": 3,
      "h40/outcome_partial_final_state_mse": 0.11351173375946244,
      "h40/outcome_partial_state_mse": 0.026619946722890815,
      "h40/outcome_success_episode_count": 3,
      "h40/outcome_success_final_state_mse": 0.11518760755950329,
      "h40/outcome_success_state_mse": 0.026653761645547704,
      "h40/state_mse": 0.030380328807955475,
      "h50/episode_count": 15,
      "h50/final_state_mse": 1.658258016748366,
      "h50/outcome_drop_episode_count": 3,
      "h50/outcome_drop_final_state_mse": 0.7991337745018254,
      "h50/outcome_drop_state_mse": 0.08871990727443321,
      "h50/outcome_jam_episode_count": 3,
      "h50/outcome_jam_final_state_mse": 0.7805547402575125,
      "h50/outcome_jam_state_mse": 0.09161292780458538,
      "h50/outcome_miss_episode_count": 3,
      "h50/outcome_miss_final_state_mse": 5.025700587852328,
      "h50/outcome_miss_state_mse": 0.4203972072227328,
      "h50/outcome_partial_episode_count": 3,
      "h50/outcome_partial_final_state_mse": 0.8344445072747524,
      "h50/outcome_partial_state_mse": 0.09436283685023489,
      "h50/outcome_success_episode_count": 3,
      "h50/outcome_success_final_state_mse": 0.8514561621971379,
      "h50/outcome_success_state_mse": 0.09577874476613563,
      "h50/state_mse": 0.15817432598039216,
      "h75/episode_count": 15,
      "h75/final_state_mse": 356.8696486928105,
      "h75/outcome_drop_episode_count": 3,
      "h75/outcome_drop_final_state_mse": 264.99410871119284,
      "h75/outcome_drop_state_mse": 17.26774424700436,
      "h75/outcome_jam_episode_count": 3,
      "h75/outcome_jam_final_state_mse": 266.48181870404414,
      "h75/outcome_jam_state_mse": 16.900547215413944,
      "h75/outcome_miss_episode_count": 3,
      "h75/outcome_miss_final_state_mse": 723.3235677083334,
      "h75/outcome_miss_state_mse": 55.87204384531591,
      "h75/outcome_partial_episode_count": 3,
      "h75/outcome_partial_final_state_mse": 263.30091209660947,
      "h75/outcome_partial_state_mse": 16.87270509940087,
      "h75/outcome_success_episode_count": 3,
      "h75/outcome_success_final_state_mse": 266.2478968801062,
      "h75/outcome_success_state_mse": 17.17323461328976,
      "h75/state_mse": 24.817254901960784,
      "max_requested_horizon": 125,
      "reencode_period": 100,
      "rollout_mode": "periodic_100"
    },
    "periodic_2": {
      "episode_count": 15,
      "h10/episode_count": 15,
      "h10/final_state_mse": 0.0029021973703421797,
      "h10/outcome_drop_episode_count": 3,
      "h10/outcome_drop_final_state_mse": 0.001535275622325785,
      "h10/outcome_drop_state_mse": 0.0015369749731487699,
      "h10/outcome_jam_episode_count": 3,
      "h10/outcome_jam_final_state_mse": 0.002295924216703652,
      "h10/outcome_jam_state_mse": 0.0020689236572365355,
      "h10/outcome_miss_episode_count": 3,
      "h10/outcome_miss_final_state_mse": 0.007834308482463064,
      "h10/outcome_miss_state_mse": 0.012867628515156266,
      "h10/outcome_partial_episode_count": 3,
      "h10/outcome_partial_final_state_mse": 0.0014152901819328857,
      "h10/outcome_partial_state_mse": 0.0014299807205698848,
      "h10/outcome_success_episode_count": 3,
      "h10/outcome_success_final_state_mse": 0.0014301869117356594,
      "h10/outcome_success_state_mse": 0.0014460184994865867,
      "h10/state_mse": 0.0038699051601434843,
      "h100/episode_count": 15,
      "h100/final_state_mse": 0.0046081412072275195,
      "h100/outcome_drop_episode_count": 3,
      "h100/outcome_drop_final_state_mse": 0.005980538679104226,
      "h100/outcome_drop_state_mse": 0.004142500995810515,
      "h100/outcome_jam_episode_count": 3,
      "h100/outcome_jam_final_state_mse": 0.003002410864128786,
      "h100/outcome_jam_state_mse": 0.003272099339104945,
      "h100/outcome_miss_episode_count": 3,
      "h100/outcome_miss_final_state_mse": 0.007462558062637553,
      "h100/outcome_miss_state_mse": 0.0049197493659125435,
      "h100/outcome_partial_episode_count": 3,
      "h100/outcome_partial_final_state_mse": 0.003401682657354018,
      "h100/outcome_partial_state_mse": 0.002473669301450642,
      "h100/outcome_success_episode_count": 3,
      "h100/outcome_success_final_state_mse": 0.003193515139857149,
      "h100/outcome_success_state_mse": 0.002721530128927792,
      "h100/state_mse": 0.0035059100381689134,
      "h125/episode_count": 15,
      "h125/final_state_mse": 0.004843398013146095,
      "h125/outcome_drop_episode_count": 3,
      "h125/outcome_drop_final_state_mse": 0.004785445683142718,
      "h125/outcome_drop_state_mse": 0.004454150929170496,
      "h125/outcome_jam_episode_count": 3,
      "h125/outcome_jam_final_state_mse": 0.00442300444724513,
      "h125/outcome_jam_state_mse": 0.0034877037098205166,
      "h125/outcome_miss_episode_count": 3,
      "h125/outcome_miss_final_state_mse": 0.007726088068843667,
      "h125/outcome_miss_state_mse": 0.005393765318627451,
      "h125/outcome_partial_episode_count": 3,
      "h125/outcome_partial_final_state_mse": 0.0034157948848468804,
      "h125/outcome_partial_state_mse": 0.002652861202464384,
      "h125/outcome_success_episode_count": 3,
      "h125/outcome_success_final_state_mse": 0.003866658880819682,
      "h125/outcome_success_state_mse": 0.0028798876993017257,
      "h125/state_mse": 0.0037736736621732025,
      "h20/episode_count": 15,
      "h20/final_state_mse": 0.0025195703007816488,
      "h20/outcome_drop_episode_count": 3,
      "h20/outcome_drop_final_state_mse": 0.0025612840221987832,
      "h20/outcome_drop_state_mse": 0.001700157745211732,
      "h20/outcome_jam_episode_count": 3,
      "h20/outcome_jam_final_state_mse": 0.002481881456047881,
      "h20/outcome_jam_state_mse": 0.002193401880513609,
      "h20/outcome_miss_episode_count": 3,
      "h20/outcome_miss_final_state_mse": 0.003070782699616127,
      "h20/outcome_miss_state_mse": 0.008987521501927593,
      "h20/outcome_partial_episode_count": 3,
      "h20/outcome_partial_final_state_mse": 0.002248128449994754,
      "h20/outcome_partial_state_mse": 0.0016046743961720684,
      "h20/outcome_success_episode_count": 3,
      "h20/outcome_success_final_state_mse": 0.0022357743403880427,
      "h20/outcome_success_state_mse": 0.0016260680225160388,
      "h20/state_mse": 0.003222364537856158,
      "h30/episode_count": 15,
      "h30/final_state_mse": 0.0027469179988686555,
      "h30/outcome_drop_episode_count": 3,
      "h30/outcome_drop_final_state_mse": 0.0024575741803334428,
      "h30/outcome_drop_state_mse": 0.001972948180304633,
      "h30/outcome_jam_episode_count": 3,
      "h30/outcome_jam_final_state_mse": 0.0030876396625649696,
      "h30/outcome_jam_state_mse": 0.002472811482830505,
      "h30/outcome_miss_episode_count": 3,
      "h30/outcome_miss_final_state_mse": 0.003121898065205493,
      "h30/outcome_miss_state_mse": 0.007121122169079085,
      "h30/outcome_partial_episode_count": 3,
      "h30/outcome_partial_final_state_mse": 0.002486216233057134,
      "h30/outcome_partial_state_mse": 0.0018913292157624023,
      "h30/outcome_success_episode_count": 3,
      "h30/outcome_success_final_state_mse": 0.0025812617801373302,
      "h30/outcome_success_state_mse": 0.001915134401882396,
      "h30/state_mse": 0.0030746689341426673,
      "h40/episode_count": 15,
      "h40/final_state_mse": 0.0029723887350045,
      "h40/outcome_drop_episode_count": 3,
      "h40/outcome_drop_final_state_mse": 0.003439827974325691,
      "h40/outcome_drop_state_mse": 0.0022554528479482613,
      "h40/outcome_jam_episode_count": 3,
      "h40/outcome_jam_final_state_mse": 0.0024832733024179546,
      "h40/outcome_jam_state_mse": 0.0025557755644804512,
      "h40/outcome_miss_episode_count": 3,
      "h40/outcome_miss_final_state_mse": 0.004157560031398449,
      "h40/outcome_miss_state_mse": 0.006338757471321455,
      "h40/outcome_partial_episode_count": 3,
      "h40/outcome_partial_final_state_mse": 0.0024055163893434736,
      "h40/outcome_partial_state_mse": 0.0020044468976313772,
      "h40/outcome_success_episode_count": 3,
      "h40/outcome_success_final_state_mse": 0.002375765953188628,
      "h40/outcome_success_state_mse": 0.002031163335625642,
      "h40/state_mse": 0.0030371193480647467,
      "h50/episode_count": 15,
      "h50/final_state_mse": 0.003218310798694885,
      "h50/outcome_drop_episode_count": 3,
      "h50/outcome_drop_final_state_mse": 0.004397190328127418,
      "h50/outcome_drop_state_mse": 0.0027713693668639738,
      "h50/outcome_jam_episode_count": 3,
      "h50/outcome_jam_final_state_mse": 0.0030318923732813668,
      "h50/outcome_jam_state_mse": 0.0026681546915590373,
      "h50/outcome_miss_episode_count": 3,
      "h50/outcome_miss_final_state_mse": 0.0039240818202885145,
      "h50/outcome_miss_state_mse": 0.005931543836406633,
      "h50/outcome_partial_episode_count": 3,
      "h50/outcome_partial_final_state_mse": 0.002314418237778096,
      "h50/outcome_partial_state_mse": 0.0020868950264126647,
      "h50/outcome_success_episode_count": 3,
      "h50/outcome_success_final_state_mse": 0.0024239720618413163,
      "h50/outcome_success_state_mse": 0.0021135706995047774,
      "h50/state_mse": 0.003114306680517259,
      "h75/episode_count": 15,
      "h75/final_state_mse": 0.005683708190917969,
      "h75/outcome_drop_episode_count": 3,
      "h75/outcome_drop_final_state_mse": 0.007199201708525614,
      "h75/outcome_drop_state_mse": 0.003927290839567164,
      "h75/outcome_jam_episode_count": 3,
      "h75/outcome_jam_final_state_mse": 0.005950001184067695,
      "h75/outcome_jam_state_mse": 0.0031448509698340055,
      "h75/outcome_miss_episode_count": 3,
      "h75/outcome_miss_final_state_mse": 0.00575477595812355,
      "h75/outcome_miss_state_mse": 0.005237427256465738,
      "h75/outcome_partial_episode_count": 3,
      "h75/outcome_partial_final_state_mse": 0.0037032457348567987,
      "h75/outcome_partial_state_mse": 0.002378803826625051,
      "h75/outcome_success_episode_count": 3,
      "h75/outcome_success_final_state_mse": 0.005811319096026077,
      "h75/outcome_success_state_mse": 0.002481678690525961,
      "h75/state_mse": 0.0034340102251838233,
      "max_requested_horizon": 125,
      "reencode_period": 2,
      "rollout_mode": "periodic_2"
    },
    "periodic_20": {
      "episode_count": 15,
      "h10/episode_count": 15,
      "h10/final_state_mse": 0.0036467552185058595,
      "h10/outcome_drop_episode_count": 3,
      "h10/outcome_drop_final_state_mse": 0.0030759388057429804,
      "h10/outcome_drop_state_mse": 0.0019810978493659324,
      "h10/outcome_jam_episode_count": 3,
      "h10/outcome_jam_final_state_mse": 0.0045703107040692,
      "h10/outcome_jam_state_mse": 0.0026014006994908153,
      "h10/outcome_miss_episode_count": 3,
      "h10/outcome_miss_final_state_mse": 0.004430203704662572,
      "h10/outcome_miss_state_mse": 0.010300119717915853,
      "h10/outcome_partial_episode_count": 3,
      "h10/outcome_partial_final_state_mse": 0.0030894083476144503,
      "h10/outcome_partial_state_mse": 0.001912397691626954,
      "h10/outcome_success_episode_count": 3,
      "h10/outcome_success_final_state_mse": 0.0030679140069515875,
      "h10/outcome_success_state_mse": 0.001920067017374475,
      "h10/state_mse": 0.0037430163614111008,
      "h100/episode_count": 15,
      "h100/final_state_mse": 0.01280510846306296,
      "h100/outcome_drop_episode_count": 3,
      "h100/outcome_drop_final_state_mse": 0.008694307282080059,
      "h100/outcome_drop_state_mse": 0.004237854776818768,
      "h100/outcome_jam_episode_count": 3,
      "h100/outcome_jam_final_state_mse": 0.015363662461050196,
      "h100/outcome_jam_state_mse": 0.005367998110702614,
      "h100/outcome_miss_episode_count": 3,
      "h100/outcome_miss_final_state_mse": 0.012640693998025134,
      "h100/outcome_miss_state_mse": 0.006188185448740043,
      "h100/outcome_partial_episode_count": 3,
      "h100/outcome_partial_final_state_mse": 0.011635724041197035,
      "h100/outcome_partial_state_mse": 0.004601397981830672,
      "h100/outcome_success_episode_count": 3,
      "h100/outcome_success_final_state_mse": 0.015691156091253742,
      "h100/outcome_success_state_mse": 0.004981802273419948,
      "h100/state_mse": 0.005075447431576797,
      "h125/episode_count": 15,
      "h125/final_state_mse": 0.006869820364160476,
      "h125/outcome_drop_episode_count": 3,
      "h125/outcome_drop_final_state_mse": 0.005398339890187082,
      "h125/outcome_drop_state_mse": 0.0045671898336971505,
      "h125/outcome_jam_episode_count": 3,
      "h125/outcome_jam_final_state_mse": 0.006316332743058797,
      "h125/outcome_jam_state_mse": 0.005885992112502553,
      "h125/outcome_miss_episode_count": 3,
      "h125/outcome_miss_final_state_mse": 0.01023231563614864,
      "h125/outcome_miss_state_mse": 0.007087215049594056,
      "h125/outcome_partial_episode_count": 3,
      "h125/outcome_partial_final_state_mse": 0.0067739876267177606,
      "h125/outcome_partial_state_mse": 0.005212153116861979,
      "h125/outcome_success_episode_count": 3,
      "h125/outcome_success_final_state_mse": 0.0056281231002869945,
      "h125/outcome_success_state_mse": 0.00580040835710912,
      "h125/state_mse": 0.0057105915543300655,
      "h20/episode_count": 15,
      "h20/final_state_mse": 0.013551599839154412,
      "h20/outcome_drop_episode_count": 3,
      "h20/outcome_drop_final_state_mse": 0.012612736400435953,
      "h20/outcome_drop_state_mse": 0.004711296901204228,
      "h20/outcome_jam_episode_count": 3,
      "h20/outcome_jam_final_state_mse": 0.013064960249109206,
      "h20/outcome_jam_state_mse": 0.005225559971690957,
      "h20/outcome_miss_episode_count": 3,
      "h20/outcome_miss_final_state_mse": 0.016960872738969093,
      "h20/outcome_miss_state_mse": 0.010004355237374897,
      "h20/outcome_partial_episode_count": 3,
      "h20/outcome_partial_final_state_mse": 0.012600400819887524,
      "h20/outcome_partial_state_mse": 0.00465703057307823,
      "h20/outcome_success_episode_count": 3,
      "h20/outcome_success_final_state_mse": 0.01251903604837804,
      "h20/outcome_success_state_mse": 0.004653931676951889,
      "h20/state_mse": 0.005850434646107792,
      "h30/episode_count": 15,
      "h30/final_state_mse": 0.003446170395495845,
      "h30/outcome_drop_episode_count": 3,
      "h30/outcome_drop_final_state_mse": 0.003220721007951724,
      "h30/outcome_drop_state_mse": 0.004350548008688135,
      "h30/outcome_jam_episode_count": 3,
      "h30/outcome_jam_final_state_mse": 0.0034861761613998537,
      "h30/outcome_jam_state_mse": 0.004839942553983534,
      "h30/outcome_miss_episode_count": 3,
      "h30/outcome_miss_final_state_mse": 0.004252462069583095,
      "h30/outcome_miss_state_mse": 0.008286050202280348,
      "h30/outcome_partial_episode_count": 3,
      "h30/outcome_partial_final_state_mse": 0.0031138223662875056,
      "h30/outcome_partial_state_mse": 0.004282517370834849,
      "h30/outcome_success_episode_count": 3,
      "h30/outcome_success_final_state_mse": 0.003157670055729112,
      "h30/outcome_success_state_mse": 0.004284993703588681,
      "h30/state_mse": 0.00520881071069921,
      "h40/episode_count": 15,
      "h40/final_state_mse": 0.006086051541995379,
      "h40/outcome_drop_episode_count": 3,
      "h40/outcome_drop_final_state_mse": 0.004570788515159507,
      "h40/outcome_drop_state_mse": 0.004294141367370007,
      "h40/outcome_jam_episode_count": 3,
      "h40/outcome_jam_final_state_mse": 0.006151497948403452,
      "h40/outcome_jam_state_mse": 0.004803546503478405,
      "h40/outcome_miss_episode_count": 3,
      "h40/outcome_miss_final_state_mse": 0.007403174354359995,
      "h40/outcome_miss_state_mse": 0.0075642102684070865,
      "h40/outcome_partial_episode_count": 3,
      "h40/outcome_partial_final_state_mse": 0.006125369200519487,
      "h40/outcome_partial_state_mse": 0.004275302170148862,
      "h40/outcome_success_episode_count": 3,
      "h40/outcome_success_final_state_mse": 0.006179427983714085,
      "h40/outcome_success_state_mse": 0.00428734211360707,
      "h40/state_mse": 0.005044908710554534,
      "h50/episode_count": 15,
      "h50/final_state_mse": 0.002541571660758623,
      "h50/outcome_drop_episode_count": 3,
      "h50/outcome_drop_final_state_mse": 0.0029283694776834224,
      "h50/outcome_drop_state_mse": 0.004158709594626832,
      "h50/outcome_jam_episode_count": 3,
      "h50/outcome_jam_final_state_mse": 0.003100987596839082,
      "h50/outcome_jam_state_mse": 0.004530612721162684,
      "h50/outcome_miss_episode_count": 3,
      "h50/outcome_miss_final_state_mse": 0.00198564965740528,
      "h50/outcome_miss_state_mse": 0.006532505135131038,
      "h50/outcome_partial_episode_count": 3,
      "h50/outcome_partial_final_state_mse": 0.0023083063268583585,
      "h50/outcome_partial_state_mse": 0.003950272073932722,
      "h50/outcome_success_episode_count": 3,
      "h50/outcome_success_final_state_mse": 0.0023845450745688546,
      "h50/outcome_success_state_mse": 0.003967330533694598,
      "h50/state_mse": 0.004627885806015114,
      "h75/episode_count": 15,
      "h75/final_state_mse": 0.006337935005138123,
      "h75/outcome_drop_episode_count": 3,
      "h75/outcome_drop_final_state_mse": 0.005070236383699903,
      "h75/outcome_drop_state_mse": 0.004118645362604677,
      "h75/outcome_jam_episode_count": 3,
      "h75/outcome_jam_final_state_mse": 0.007097196734808629,
      "h75/outcome_jam_state_mse": 0.0045783037505638105,
      "h75/outcome_miss_episode_count": 3,
      "h75/outcome_miss_final_state_mse": 0.006450050991345075,
      "h75/outcome_miss_state_mse": 0.005991281580041956,
      "h75/outcome_partial_episode_count": 3,
      "h75/outcome_partial_final_state_mse": 0.0061388007955613475,
      "h75/outcome_partial_state_mse": 0.003945281043291612,
      "h75/outcome_success_episode_count": 3,
      "h75/outcome_success_final_state_mse": 0.006933392068139868,
      "h75/outcome_success_state_mse": 0.004003751916823044,
      "h75/state_mse": 0.004527452788841231,
      "max_requested_horizon": 125,
      "reencode_period": 20,
      "rollout_mode": "periodic_20"
    },
    "periodic_5": {
      "episode_count": 15,
      "h10/episode_count": 15,
      "h10/final_state_mse": 0.002477728307636735,
      "h10/outcome_drop_episode_count": 3,
      "h10/outcome_drop_final_state_mse": 0.0016989198093320809,
      "h10/outcome_drop_state_mse": 0.0015724868751039692,
      "h10/outcome_jam_episode_count": 3,
      "h10/outcome_jam_final_state_mse": 0.0026739486584476395,
      "h10/outcome_jam_state_mse": 0.0021130413011787763,
      "h10/outcome_miss_episode_count": 3,
      "h10/outcome_miss_final_state_mse": 0.00474753703167236,
      "h10/outcome_miss_state_mse": 0.010735041331621557,
      "h10/outcome_partial_episode_count": 3,
      "h10/outcome_partial_final_state_mse": 0.0016173150122555252,
      "h10/outcome_partial_state_mse": 0.0014817800202400857,
      "h10/outcome_success_episode_count": 3,
      "h10/outcome_success_final_state_mse": 0.0016509210995209762,
      "h10/outcome_success_state_mse": 0.00150468647480011,
      "h10/state_mse": 0.003481407664180581,
      "h100/episode_count": 15,
      "h100/final_state_mse": 0.0027512662550982308,
      "h100/outcome_drop_episode_count": 3,
      "h100/outcome_drop_final_state_mse": 0.003141533120784884,
      "h100/outcome_drop_state_mse": 0.0026663118873546327,
      "h100/outcome_jam_episode_count": 3,
      "h100/outcome_jam_final_state_mse": 0.0028824142235166885,
      "h100/outcome_jam_state_mse": 0.0028426204008214612,
      "h100/outcome_miss_episode_count": 3,
      "h100/outcome_miss_final_state_mse": 0.002763895938793818,
      "h100/outcome_miss_state_mse": 0.0035537932277504916,
      "h100/outcome_partial_episode_count": 3,
      "h100/outcome_partial_final_state_mse": 0.002264579331952762,
      "h100/outcome_partial_state_mse": 0.0020691789988598794,
      "h100/outcome_success_episode_count": 3,
      "h100/outcome_success_final_state_mse": 0.00270390856304979,
      "h100/outcome_success_state_mse": 0.0022005606944264927,
      "h100/state_mse": 0.0026664929358787785,
      "h125/episode_count": 15,
      "h125/final_state_mse": 0.0037094995087268304,
      "h125/outcome_drop_episode_count": 3,
      "h125/outcome_drop_final_state_mse": 0.004580362121653712,
      "h125/outcome_drop_state_mse": 0.0029357843336716197,
      "h125/outcome_jam_episode_count": 3,
      "h125/outcome_jam_final_state_mse": 0.0034930895940930235,
      "h125/outcome_jam_state_mse": 0.0029400710560917075,
      "h125/outcome_miss_episode_count": 3,
      "h125/outcome_miss_final_state_mse": 0.005275242712373048,
      "h125/outcome_miss_state_mse": 0.003727415296766493,
      "h125/outcome_partial_episode_count": 3,
      "h125/outcome_partial_final_state_mse": 0.0022747265357597204,
      "h125/outcome_partial_state_mse": 0.002122789769390829,
      "h125/outcome_success_episode_count": 3,
      "h125/outcome_success_final_state_mse": 0.002924076117136899,
      "h125/outcome_success_state_mse": 0.0023099847930708743,
      "h125/state_mse": 0.0028072090099060458,
      "h20/episode_count": 15,
      "h20/final_state_mse": 0.0021797552607417886,
      "h20/outcome_drop_episode_count": 3,
      "h20/outcome_drop_final_state_mse": 0.0020738902678287107,
      "h20/outcome_drop_state_mse": 0.001700925515368094,
      "h20/outcome_jam_episode_count": 3,
      "h20/outcome_jam_final_state_mse": 0.002243157354445239,
      "h20/outcome_jam_state_mse": 0.0022195349721347585,
      "h20/outcome_miss_episode_count": 3,
      "h20/outcome_miss_final_state_mse": 0.0029016027068780137,
      "h20/outcome_miss_state_mse": 0.0074019006654327995,
      "h20/outcome_partial_episode_count": 3,
      "h20/outcome_partial_final_state_mse": 0.001819942511764227,
      "h20/outcome_partial_state_mse": 0.00161113581236671,
      "h20/outcome_success_episode_count": 3,
      "h20/outcome_success_final_state_mse": 0.0018601827810402788,
      "h20/outcome_success_state_mse": 0.001639133497001299,
      "h20/state_mse": 0.002914526446972018,
      "h30/episode_count": 15,
      "h30/final_state_mse": 0.0019049624212427077,
      "h30/outcome_drop_episode_count": 3,
      "h30/outcome_drop_final_state_mse": 0.0017380673754838556,
      "h30/outcome_drop_state_mse": 0.0017668455254797842,
      "h30/outcome_jam_episode_count": 3,
      "h30/outcome_jam_final_state_mse": 0.002118165951733496,
      "h30/outcome_jam_state_mse": 0.0022938194877441674,
      "h30/outcome_miss_episode_count": 3,
      "h30/outcome_miss_final_state_mse": 0.0021702058467210506,
      "h30/outcome_miss_state_mse": 0.00584271738472068,
      "h30/outcome_partial_episode_count": 3,
      "h30/outcome_partial_final_state_mse": 0.0017176064498284284,
      "h30/outcome_partial_state_mse": 0.0016766584257154942,
      "h30/outcome_success_episode_count": 3,
      "h30/outcome_success_final_state_mse": 0.0017807661172221689,
      "h30/outcome_success_state_mse": 0.001699397273053271,
      "h30/state_mse": 0.0026558876453142023,
      "h40/episode_count": 15,
      "h40/final_state_mse": 0.0017739553077548158,
      "h40/outcome_drop_episode_count": 3,
      "h40/outcome_drop_final_state_mse": 0.002031560646357879,
      "h40/outcome_drop_state_mse": 0.0018813875376009473,
      "h40/outcome_jam_episode_count": 3,
      "h40/outcome_jam_final_state_mse": 0.0016479361193631988,
      "h40/outcome_jam_state_mse": 0.002282685002470328,
      "h40/outcome_miss_episode_count": 3,
      "h40/outcome_miss_final_state_mse": 0.0019486924402074876,
      "h40/outcome_miss_state_mse": 0.004970259759940353,
      "h40/outcome_partial_episode_count": 3,
      "h40/outcome_partial_final_state_mse": 0.001619117979715073,
      "h40/outcome_partial_state_mse": 0.0016910953069824018,
      "h40/outcome_success_episode_count": 3,
      "h40/outcome_success_final_state_mse": 0.001622468817467783,
      "h40/outcome_success_state_mse": 0.0017143387810077543,
      "h40/state_mse": 0.0025079530204822815,
      "h50/episode_count": 15,
      "h50/final_state_mse": 0.002136052667705062,
      "h50/outcome_drop_episode_count": 3,
      "h50/outcome_drop_final_state_mse": 0.0025416976632246006,
      "h50/outcome_drop_state_mse": 0.0021188466065849352,
      "h50/outcome_jam_episode_count": 3,
      "h50/outcome_jam_final_state_mse": 0.0028249154877818487,
      "h50/outcome_jam_state_mse": 0.002345604865379583,
      "h50/outcome_miss_episode_count": 3,
      "h50/outcome_miss_final_state_mse": 0.0015866082234709871,
      "h50/outcome_miss_state_mse": 0.0043784616507735906,
      "h50/outcome_partial_episode_count": 3,
      "h50/outcome_partial_final_state_mse": 0.0018383775369014616,
      "h50/outcome_partial_state_mse": 0.0017209848391464334,
      "h50/outcome_success_episode_count": 3,
      "h50/outcome_success_final_state_mse": 0.0018886640619218738,
      "h50/outcome_success_state_mse": 0.0017447849348479626,
      "h50/state_mse": 0.0024617367414088032,
      "h75/episode_count": 15,
      "h75/final_state_mse": 0.004156164406171811,
      "h75/outcome_drop_episode_count": 3,
      "h75/outcome_drop_final_state_mse": 0.003649639659652523,
      "h75/outcome_drop_state_mse": 0.0025707399871094812,
      "h75/outcome_jam_episode_count": 3,
      "h75/outcome_jam_final_state_mse": 0.004614532237348993,
      "h75/outcome_jam_state_mse": 0.002766062169293173,
      "h75/outcome_miss_episode_count": 3,
      "h75/outcome_miss_final_state_mse": 0.0047732720675032125,
      "h75/outcome_miss_state_mse": 0.0037946055293862336,
      "h75/outcome_partial_episode_count": 3,
      "h75/outcome_partial_final_state_mse": 0.003502527337058697,
      "h75/outcome_partial_state_mse": 0.002020875976496013,
      "h75/outcome_success_episode_count": 3,
      "h75/outcome_success_final_state_mse": 0.0042408518736658535,
      "h75/outcome_success_state_mse": 0.002079319943529848,
      "h75/state_mse": 0.0026463208167381534,
      "max_requested_horizon": 125,
      "reencode_period": 5,
      "rollout_mode": "periodic_5"
    },
    "periodic_50": {
      "episode_count": 15,
      "h10/episode_count": 15,
      "h10/final_state_mse": 0.0036467552185058595,
      "h10/outcome_drop_episode_count": 3,
      "h10/outcome_drop_final_state_mse": 0.0030759388057429804,
      "h10/outcome_drop_state_mse": 0.0019810978493659324,
      "h10/outcome_jam_episode_count": 3,
      "h10/outcome_jam_final_state_mse": 0.0045703107040692,
      "h10/outcome_jam_state_mse": 0.0026014006994908153,
      "h10/outcome_miss_episode_count": 3,
      "h10/outcome_miss_final_state_mse": 0.004430203704662572,
      "h10/outcome_miss_state_mse": 0.010300119717915853,
      "h10/outcome_partial_episode_count": 3,
      "h10/outcome_partial_final_state_mse": 0.0030894083476144503,
      "h10/outcome_partial_state_mse": 0.001912397691626954,
      "h10/outcome_success_episode_count": 3,
      "h10/outcome_success_final_state_mse": 0.0030679140069515875,
      "h10/outcome_success_state_mse": 0.001920067017374475,
      "h10/state_mse": 0.0037430163614111008,
      "h100/episode_count": 15,
      "h100/final_state_mse": 299.6186274509804,
      "h100/outcome_drop_episode_count": 3,
      "h100/outcome_drop_final_state_mse": 230.96408101000816,
      "h100/outcome_drop_state_mse": 10.691970996732026,
      "h100/outcome_jam_episode_count": 3,
      "h100/outcome_jam_final_state_mse": 231.26378357332516,
      "h100/outcome_jam_state_mse": 10.496270169526143,
      "h100/outcome_miss_episode_count": 3,
      "h100/outcome_miss_final_state_mse": 536.4488996119281,
      "h100/outcome_miss_state_mse": 29.128228145424835,
      "h100/outcome_partial_episode_count": 3,
      "h100/outcome_partial_final_state_mse": 244.6046932444853,
      "h100/outcome_partial_state_mse": 11.015688061683006,
      "h100/outcome_success_episode_count": 3,
      "h100/outcome_success_final_state_mse": 254.81171811172385,
      "h100/outcome_success_state_mse": 11.533742085375817,
      "h100/state_mse": 14.57318137254902,
      "h125/episode_count": 15,
      "h125/final_state_mse": 119.50517769607843,
      "h125/outcome_drop_episode_count": 3,
      "h125/outcome_drop_final_state_mse": 104.35695034849877,
      "h125/outcome_drop_state_mse": 17.547792483660132,
      "h125/outcome_jam_episode_count": 3,
      "h125/outcome_jam_final_state_mse": 98.78642641952614,
      "h125/outcome_jam_state_mse": 16.775420955882353,
      "h125/outcome_miss_episode_count": 3,
      "h125/outcome_miss_final_state_mse": 200.81103834763073,
      "h125/outcome_miss_state_mse": 36.389537581699344,
      "h125/outcome_partial_episode_count": 3,
      "h125/outcome_partial_final_state_mse": 94.70117506638071,
      "h125/outcome_partial_state_mse": 16.90840379901961,
      "h125/outcome_success_episode_count": 3,
      "h125/outcome_success_final_state_mse": 98.87026000178717,
      "h125/outcome_success_state_mse": 17.805150326797385,
      "h125/state_mse": 21.085261437908496,
      "h20/episode_count": 15,
      "h20/final_state_mse": 0.013551599839154412,
      "h20/outcome_drop_episode_count": 3,
      "h20/outcome_drop_final_state_mse": 0.012612736400435953,
      "h20/outcome_drop_state_mse": 0.004711296901204228,
      "h20/outcome_jam_episode_count": 3,
      "h20/outcome_jam_final_state_mse": 0.013064960249109206,
      "h20/outcome_jam_state_mse": 0.005225559971690957,
      "h20/outcome_miss_episode_count": 3,
      "h20/outcome_miss_final_state_mse": 0.016960872738969093,
      "h20/outcome_miss_state_mse": 0.010004355237374897,
      "h20/outcome_partial_episode_count": 3,
      "h20/outcome_partial_final_state_mse": 0.012600400819887524,
      "h20/outcome_partial_state_mse": 0.00465703057307823,
      "h20/outcome_success_episode_count": 3,
      "h20/outcome_success_final_state_mse": 0.01251903604837804,
      "h20/outcome_success_state_mse": 0.004653931676951889,
      "h20/state_mse": 0.005850434646107792,
      "h30/episode_count": 15,
      "h30/final_state_mse": 0.04352604485804738,
      "h30/outcome_drop_episode_count": 3,
      "h30/outcome_drop_final_state_mse": 0.03795441459206974,
      "h30/outcome_drop_state_mse": 0.011261993815436602,
      "h30/outcome_jam_episode_count": 3,
      "h30/outcome_jam_final_state_mse": 0.04026137457953559,
      "h30/outcome_jam_state_mse": 0.011852539910210503,
      "h30/outcome_miss_episode_count": 3,
      "h30/outcome_miss_final_state_mse": 0.061955709083407536,
      "h30/outcome_miss_state_mse": 0.019677276029566013,
      "h30/outcome_partial_episode_count": 3,
      "h30/outcome_partial_final_state_mse": 0.03873903805913489,
      "h30/outcome_partial_state_mse": 0.011241198313262209,
      "h30/outcome_success_episode_count": 3,
      "h30/outcome_success_final_state_mse": 0.0387196938196818,
      "h30/outcome_success_state_mse": 0.011215057040611383,
      "h30/state_mse": 0.013049612938708469,
      "h40/episode_count": 15,
      "h40/final_state_mse": 0.1409416148865145,
      "h40/outcome_drop_episode_count": 3,
      "h40/outcome_drop_final_state_mse": 0.0977596052331862,
      "h40/outcome_drop_state_mse": 0.025349391363804638,
      "h40/outcome_jam_episode_count": 3,
      "h40/outcome_jam_final_state_mse": 0.11357666776071187,
      "h40/outcome_jam_state_mse": 0.02736991869857888,
      "h40/outcome_miss_episode_count": 3,
      "h40/outcome_miss_final_state_mse": 0.26467246635287417,
      "h40/outcome_miss_state_mse": 0.04590862186905605,
      "h40/outcome_partial_episode_count": 3,
      "h40/outcome_partial_final_state_mse": 0.11351173375946244,
      "h40/outcome_partial_state_mse": 0.026619946722890815,
      "h40/outcome_success_episode_count": 3,
      "h40/outcome_success_final_state_mse": 0.11518760755950329,
      "h40/outcome_success_state_mse": 0.026653761645547704,
      "h40/state_mse": 0.030380328807955475,
      "h50/episode_count": 15,
      "h50/final_state_mse": 1.658258016748366,
      "h50/outcome_drop_episode_count": 3,
      "h50/outcome_drop_final_state_mse": 0.7991337745018254,
      "h50/outcome_drop_state_mse": 0.08871990727443321,
      "h50/outcome_jam_episode_count": 3,
      "h50/outcome_jam_final_state_mse": 0.7805547402575125,
      "h50/outcome_jam_state_mse": 0.09161292780458538,
      "h50/outcome_miss_episode_count": 3,
      "h50/outcome_miss_final_state_mse": 5.025700587852328,
      "h50/outcome_miss_state_mse": 0.4203972072227328,
      "h50/outcome_partial_episode_count": 3,
      "h50/outcome_partial_final_state_mse": 0.8344445072747524,
      "h50/outcome_partial_state_mse": 0.09436283685023489,
      "h50/outcome_success_episode_count": 3,
      "h50/outcome_success_final_state_mse": 0.8514561621971379,
      "h50/outcome_success_state_mse": 0.09577874476613563,
      "h50/state_mse": 0.15817432598039216,
      "h75/episode_count": 15,
      "h75/final_state_mse": 0.9970972796670752,
      "h75/outcome_drop_episode_count": 3,
      "h75/outcome_drop_final_state_mse": 0.9578135184992372,
      "h75/outcome_drop_state_mse": 0.13431421749472358,
      "h75/outcome_jam_episode_count": 3,
      "h75/outcome_jam_final_state_mse": 0.94511497098636,
      "h75/outcome_jam_state_mse": 0.12930315138208062,
      "h75/outcome_miss_episode_count": 3,
      "h75/outcome_miss_final_state_mse": 1.3689210679796007,
      "h75/outcome_miss_state_mse": 0.46219271258850764,
      "h75/outcome_partial_episode_count": 3,
      "h75/outcome_partial_final_state_mse": 0.8339805852353962,
      "h75/outcome_partial_state_mse": 0.12583377746715005,
      "h75/outcome_success_episode_count": 3,
      "h75/outcome_success_final_state_mse": 0.8796562992669399,
      "h75/outcome_success_state_mse": 0.129365431176811,
      "h75/state_mse": 0.1962018484477124,
      "max_requested_horizon": 125,
      "reencode_period": 50,
      "rollout_mode": "periodic_50"
    }
  },
  "split": "test",
  "support_alignment": {
    "contact_phase": {
      "contact_phase_family_ari": 0.0,
      "contact_phase_family_nmi": 0.0,
      "contact_phase_family_purity": 0.9996668887408394,
      "contact_phase_sample_count": 3002.0,
      "h_contact_phase_given_family": 0.0030002889533867266,
      "h_family_given_contact_phase": 0.0,
      "unique_contact_phase_count": 2.0,
      "unique_family_count": 1.0
    },
    "contact_phase_alignment_available": true,
    "evaluated_state_count": 3017,
    "family_count": 1,
    "mean_family_similarity": 0.6199404001235962,
    "mean_support_size": 249.80377858800134,
    "outcome_alignment_available": true,
    "outcome_state": {
      "h_family_given_outcome": 0.0,
      "h_outcome_given_family": 1.6094379124341005,
      "outcome_family_ari": 0.0,
      "outcome_family_nmi": 0.0,
      "outcome_family_purity": 0.2,
      "outcome_sample_count": 15.0,
      "unique_family_count": 1.0,
      "unique_outcome_count": 5.0
    },
    "status": "ok",
    "unassigned_state_fraction": 0.0,
    "validation_state_count": 2346
  },
  "support_threshold": 0.2
}
{
  "best_periodic_rollout": {
    "episode_count": 15,
    "h10/episode_count": 15,
    "h10/final_state_mse": 0.0016619283389421849,
    "h10/outcome_drop_episode_count": 3,
    "h10/outcome_drop_final_state_mse": 0.0011916843066418093,
    "h10/outcome_drop_state_mse": 0.0014876470846288345,
    "h10/outcome_jam_episode_count": 3,
    "h10/outcome_jam_final_state_mse": 0.001897517713456372,
    "h10/outcome_jam_state_mse": 0.0019323872974495483,
    "h10/outcome_miss_episode_count": 3,
    "h10/outcome_miss_final_state_mse": 0.002916322327127644,
    "h10/outcome_miss_state_mse": 0.009201442805770175,
    "h10/outcome_partial_episode_count": 3,
    "h10/outcome_partial_final_state_mse": 0.001130917030417062,
    "h10/outcome_partial_state_mse": 0.0013978334813336143,
    "h10/outcome_success_episode_count": 3,
    "h10/outcome_success_final_state_mse": 0.0011732001222816168,
    "h10/outcome_success_state_mse": 0.0014222552184185951,
    "h10/selected_mode": "periodic_5",
    "h10/selected_period": 5,
    "h10/state_mse": 0.0030883130840226717,
    "h100/episode_count": 15,
    "h100/final_state_mse": 0.0029020480860292523,
    "h100/outcome_drop_episode_count": 3,
    "h100/outcome_drop_final_state_mse": 0.0028338860842137556,
    "h100/outcome_drop_state_mse": 0.002277646002426646,
    "h100/outcome_jam_episode_count": 3,
    "h100/outcome_jam_final_state_mse": 0.0035811590846457513,
    "h100/outcome_jam_state_mse": 0.002856943841074027,
    "h100/outcome_miss_episode_count": 3,
    "h100/outcome_miss_final_state_mse": 0.0023578332091858186,
    "h100/outcome_miss_state_mse": 0.0027773978040109273,
    "h100/outcome_partial_episode_count": 3,
    "h100/outcome_partial_final_state_mse": 0.0019473375302124646,
    "h100/outcome_partial_state_mse": 0.0019529080858417586,
    "h100/outcome_success_episode_count": 3,
    "h100/outcome_success_final_state_mse": 0.0037900237670910903,
    "h100/outcome_success_state_mse": 0.0023150540644826453,
    "h100/selected_mode": "periodic_10",
    "h100/selected_period": 10,
    "h100/state_mse": 0.00243598987853605,
    "h125/episode_count": 15,
    "h125/final_state_mse": 0.004066700093886431,
    "h125/outcome_drop_episode_count": 3,
    "h125/outcome_drop_final_state_mse": 0.005101116435005774,
    "h125/outcome_drop_state_mse": 0.002691113939472273,
    "h125/outcome_jam_episode_count": 3,
    "h125/outcome_jam_final_state_mse": 0.003960634222607207,
    "h125/outcome_jam_state_mse": 0.0030497349757774204,
    "h125/outcome_miss_episode_count": 3,
    "h125/outcome_miss_final_state_mse": 0.005724362371598973,
    "h125/outcome_miss_state_mse": 0.0030377494462954452,
    "h125/outcome_partial_episode_count": 3,
    "h125/outcome_partial_final_state_mse": 0.0019160058178932838,
    "h125/outcome_partial_state_mse": 0.0019547896291695387,
    "h125/outcome_success_episode_count": 3,
    "h125/outcome_success_final_state_mse": 0.003631381646675222,
    "h125/outcome_success_state_mse": 0.002563449784821155,
    "h125/selected_mode": "periodic_10",
    "h125/selected_period": 10,
    "h125/state_mse": 0.0026593673406862745,
    "h20/episode_count": 15,
    "h20/final_state_mse": 0.0018844323999741498,
    "h20/outcome_drop_episode_count": 3,
    "h20/outcome_drop_final_state_mse": 0.001977434053140528,
    "h20/outcome_drop_state_mse": 0.0015999847377826965,
    "h20/outcome_jam_episode_count": 3,
    "h20/outcome_jam_final_state_mse": 0.001937807385438408,
    "h20/outcome_jam_state_mse": 0.0020892122212578267,
    "h20/outcome_miss_episode_count": 3,
    "h20/outcome_miss_final_state_mse": 0.0019902357819423177,
    "h20/outcome_miss_state_mse": 0.005551010409211801,
    "h20/outcome_partial_episode_count": 3,
    "h20/outcome_partial_final_state_mse": 0.0017566922686847986,
    "h20/outcome_partial_state_mse": 0.001530983050664266,
    "h20/outcome_success_episode_count": 3,
    "h20/outcome_success_final_state_mse": 0.001759992121091855,
    "h20/outcome_success_state_mse": 0.0015374542256585914,
    "h20/selected_mode": "periodic_10",
    "h20/selected_period": 10,
    "h20/state_mse": 0.0024617288626876534,
    "h30/episode_count": 15,
    "h30/final_state_mse": 0.0019793141121957816,
    "h30/outcome_drop_episode_count": 3,
    "h30/outcome_drop_final_state_mse": 0.0019057768281378778,
    "h30/outcome_drop_state_mse": 0.0017806995408467478,
    "h30/outcome_jam_episode_count": 3,
    "h30/outcome_jam_final_state_mse": 0.0023528262485865673,
    "h30/outcome_jam_state_mse": 0.002293948981756738,
    "h30/outcome_miss_episode_count": 3,
    "h30/outcome_miss_final_state_mse": 0.0018013650003601523,
    "h30/outcome_miss_state_mse": 0.004406938781405845,
    "h30/outcome_partial_episode_count": 3,
    "h30/outcome_partial_final_state_mse": 0.0018671442285861845,
    "h30/outcome_partial_state_mse": 0.0017126605661346502,
    "h30/outcome_success_episode_count": 3,
    "h30/outcome_success_final_state_mse": 0.0019694583770496392,
    "h30/outcome_success_state_mse": 0.0017219898228032398,
    "h30/selected_mode": "periodic_10",
    "h30/selected_period": 10,
    "h30/state_mse": 0.002383247658058449,
    "h40/episode_count": 15,
    "h40/final_state_mse": 0.0018638056088117214,
    "h40/outcome_drop_episode_count": 3,
    "h40/outcome_drop_final_state_mse": 0.0018732475202068006,
    "h40/outcome_drop_state_mse": 0.0018862245519176808,
    "h40/outcome_jam_episode_count": 3,
    "h40/outcome_jam_final_state_mse": 0.001936224843162337,
    "h40/outcome_jam_state_mse": 0.0024036038934794907,
    "h40/outcome_miss_episode_count": 3,
    "h40/outcome_miss_final_state_mse": 0.0017373468361648859,
    "h40/outcome_miss_state_mse": 0.0037609468098559412,
    "h40/outcome_partial_episode_count": 3,
    "h40/outcome_partial_final_state_mse": 0.0018967965410815345,
    "h40/outcome_partial_state_mse": 0.0018335411361619538,
    "h40/outcome_success_episode_count": 3,
    "h40/outcome_success_final_state_mse": 0.0018754121086566277,
    "h40/outcome_success_state_mse": 0.0018457435899310642,
    "h40/selected_mode": "periodic_10",
    "h40/selected_period": 10,
    "h40/state_mse": 0.0023460121404111777,
    "h50/episode_count": 15,
    "h50/final_state_mse": 0.0021996086718989354,
    "h50/outcome_drop_episode_count": 3,
    "h50/outcome_drop_final_state_mse": 0.0022604010414843468,
    "h50/outcome_drop_state_mse": 0.0020346978131462546,
    "h50/outcome_jam_episode_count": 3,
    "h50/outcome_jam_final_state_mse": 0.0029470201557368235,
    "h50/outcome_jam_state_mse": 0.002485205238940669,
    "h50/outcome_miss_episode_count": 3,
    "h50/outcome_miss_final_state_mse": 0.0018747505896231707,
    "h50/outcome_miss_state_mse": 0.003437283709158305,
    "h50/outcome_partial_episode_count": 3,
    "h50/outcome_partial_final_state_mse": 0.0019097888440478081,
    "h50/outcome_partial_state_mse": 0.001895416141335481,
    "h50/outcome_success_episode_count": 3,
    "h50/outcome_success_final_state_mse": 0.0020060825581644094,
    "h50/outcome_success_state_mse": 0.0019094356836057177,
    "h50/selected_mode": "periodic_10",
    "h50/selected_period": 10,
    "h50/state_mse": 0.002352407617506638,
    "h75/episode_count": 15,
    "h75/final_state_mse": 0.003050376854690851,
    "h75/outcome_drop_episode_count": 3,
    "h75/outcome_drop_final_state_mse": 0.0030164808716649323,
    "h75/outcome_drop_state_mse": 0.002136070068625323,
    "h75/outcome_jam_episode_count": 3,
    "h75/outcome_jam_final_state_mse": 0.0033523532884572847,
    "h75/outcome_jam_state_mse": 0.002604444208747681,
    "h75/outcome_miss_episode_count": 3,
    "h75/outcome_miss_final_state_mse": 0.0031325295567512512,
    "h75/outcome_miss_state_mse": 0.002967401475428496,
    "h75/outcome_partial_episode_count": 3,
    "h75/outcome_partial_final_state_mse": 0.0024723184167170058,
    "h75/outcome_partial_state_mse": 0.0019646967678028514,
    "h75/outcome_success_episode_count": 3,
    "h75/outcome_success_final_state_mse": 0.0032782022129086885,
    "h75/outcome_success_state_mse": 0.002014593340472718,
    "h75/selected_mode": "periodic_10",
    "h75/selected_period": 10,
    "h75/state_mse": 0.0023374414381638073,
    "max_requested_horizon": 125,
    "periodic_reencode_periods": [
      1,
      2,
      5,
      10,
      20,
      50,
      100
    ],
    "rollout_mode": "best_periodic"
  },
  "checkpoint": "runs/maniskill_insertion/perturbation_e20_5k_lista_optimizer_refine_20260604_155050/lista_relu_a0p01_sp1em4_loops2_lr5em4_wd0_k0/seed2/checkpoint.pt",
  "checkpoint_step": 1500,
  "dataset": "data/maniskill/perturbation_assessment_seed0_e20/all_setups.npz",
  "device": "cuda",
  "family_jaccard": 0.4,
  "horizons": [
    10,
    20,
    30,
    40,
    50,
    75,
    100,
    125
  ],
  "labels_used_for_training": false,
  "periodic_reencode_periods": [
    1,
    2,
    5,
    10,
    20,
    50,
    100
  ],
  "rollout": {
    "episode_count": 15,
    "h10/episode_count": 15,
    "h10/final_state_mse": 0.002046304902220084,
    "h10/outcome_drop_episode_count": 3,
    "h10/outcome_drop_final_state_mse": 0.0015932106309466893,
    "h10/outcome_drop_state_mse": 0.001576120382040934,
    "h10/outcome_jam_episode_count": 3,
    "h10/outcome_jam_final_state_mse": 0.0027642909900035735,
    "h10/outcome_jam_state_mse": 0.0020640368555106367,
    "h10/outcome_miss_episode_count": 3,
    "h10/outcome_miss_final_state_mse": 0.00262238908242556,
    "h10/outcome_miss_state_mse": 0.008867355733135946,
    "h10/outcome_partial_episode_count": 3,
    "h10/outcome_partial_final_state_mse": 0.0016235878898037805,
    "h10/outcome_partial_state_mse": 0.0014899947869232277,
    "h10/outcome_success_episode_count": 3,
    "h10/outcome_success_final_state_mse": 0.0016280467214148029,
    "h10/outcome_success_state_mse": 0.0014992435773213705,
    "h10/state_mse": 0.00309935027477788,
    "h100/episode_count": 15,
    "h100/final_state_mse": 19511.911111111112,
    "h100/outcome_drop_episode_count": 3,
    "h100/outcome_drop_final_state_mse": 16125.44669117647,
    "h100/outcome_drop_state_mse": 713.9480800653595,
    "h100/outcome_jam_episode_count": 3,
    "h100/outcome_jam_final_state_mse": 15635.59609885621,
    "h100/outcome_jam_state_mse": 708.9335294117647,
    "h100/outcome_miss_episode_count": 3,
    "h100/outcome_miss_final_state_mse": 34273.95343137255,
    "h100/outcome_miss_state_mse": 1439.455179738562,
    "h100/outcome_partial_episode_count": 3,
    "h100/outcome_partial_final_state_mse": 15724.339256535948,
    "h100/outcome_partial_state_mse": 703.4353799019608,
    "h100/outcome_success_episode_count": 3,
    "h100/outcome_success_final_state_mse": 15800.218647875818,
    "h100/outcome_success_state_mse": 707.9447508169935,
    "h100/state_mse": 854.7433202614379,
    "h125/episode_count": 15,
    "h125/final_state_mse": 5078132.454901961,
    "h125/outcome_drop_episode_count": 3,
    "h125/outcome_drop_final_state_mse": 4146666.732026144,
    "h125/outcome_drop_state_mse": 160137.7397124183,
    "h125/outcome_jam_episode_count": 3,
    "h125/outcome_jam_final_state_mse": 4167516.9411764704,
    "h125/outcome_jam_state_mse": 160076.27712418302,
    "h125/outcome_miss_episode_count": 3,
    "h125/outcome_miss_final_state_mse": 8785228.91503268,
    "h125/outcome_miss_state_mse": 373865.11393464054,
    "h125/outcome_partial_episode_count": 3,
    "h125/outcome_partial_final_state_mse": 4138808.156862745,
    "h125/outcome_partial_state_mse": 158732.1583267974,
    "h125/outcome_success_episode_count": 3,
    "h125/outcome_success_final_state_mse": 4152442.2352941176,
    "h125/outcome_success_state_mse": 159849.8191895425,
    "h125/state_mse": 202532.24023006536,
    "h20/episode_count": 15,
    "h20/final_state_mse": 0.003609637341468163,
    "h20/outcome_drop_episode_count": 3,
    "h20/outcome_drop_final_state_mse": 0.003594506507605509,
    "h20/outcome_drop_state_mse": 0.0020165284474690753,
    "h20/outcome_jam_episode_count": 3,
    "h20/outcome_jam_final_state_mse": 0.0032779023148655113,
    "h20/outcome_jam_state_mse": 0.002433385295805588,
    "h20/outcome_miss_episode_count": 3,
    "h20/outcome_miss_final_state_mse": 0.004550473947151035,
    "h20/outcome_miss_state_mse": 0.005991811222500271,
    "h20/outcome_partial_episode_count": 3,
    "h20/outcome_partial_final_state_mse": 0.0033035818365664263,
    "h20/outcome_partial_state_mse": 0.0019333762281081256,
    "h20/outcome_success_episode_count": 3,
    "h20/outcome_success_final_state_mse": 0.00332172263681499,
    "h20/outcome_success_state_mse": 0.0019468965094073926,
    "h20/state_mse": 0.002864399579615375,
    "h30/episode_count": 15,
    "h30/final_state_mse": 0.011860553267734502,
    "h30/outcome_drop_episode_count": 3,
    "h30/outcome_drop_final_state_mse": 0.011503546066533506,
    "h30/outcome_drop_state_mse": 0.00351140992573923,
    "h30/outcome_jam_episode_count": 3,
    "h30/outcome_jam_final_state_mse": 0.011564957355362138,
    "h30/outcome_jam_state_mse": 0.00392872102899489,
    "h30/outcome_miss_episode_count": 3,
    "h30/outcome_miss_final_state_mse": 0.01414937637989817,
    "h30/outcome_miss_state_mse": 0.006903089469294662,
    "h30/outcome_partial_episode_count": 3,
    "h30/outcome_partial_final_state_mse": 0.011018884727378296,
    "h30/outcome_partial_state_mse": 0.0034050524364629344,
    "h30/outcome_success_episode_count": 3,
    "h30/outcome_success_final_state_mse": 0.01106599908249051,
    "h30/outcome_success_state_mse": 0.0034285957776902807,
    "h30/state_mse": 0.004235373769190836,
    "h40/episode_count": 15,
    "h40/final_state_mse": 0.052418747446895425,
    "h40/outcome_drop_episode_count": 3,
    "h40/outcome_drop_final_state_mse": 0.04718556123621324,
    "h40/outcome_drop_state_mse": 0.009122888091342901,
    "h40/outcome_jam_episode_count": 3,
    "h40/outcome_jam_final_state_mse": 0.05334787119447795,
    "h40/outcome_jam_state_mse": 0.010122440687192032,
    "h40/outcome_miss_episode_count": 3,
    "h40/outcome_miss_final_state_mse": 0.05590473670585483,
    "h40/outcome_miss_state_mse": 0.012787880305371254,
    "h40/outcome_partial_episode_count": 3,
    "h40/outcome_partial_final_state_mse": 0.05224080802568423,
    "h40/outcome_partial_state_mse": 0.009473347040562848,
    "h40/outcome_success_episode_count": 3,
    "h40/outcome_success_final_state_mse": 0.053414748385061626,
    "h40/outcome_success_state_mse": 0.009611640256993912,
    "h40/state_mse": 0.010223639993106617,
    "h50/episode_count": 15,
    "h50/final_state_mse": 0.30663436191533905,
    "h50/outcome_drop_episode_count": 3,
    "h50/outcome_drop_final_state_mse": 0.223011556014516,
    "h50/outcome_drop_state_mse": 0.0314913920483558,
    "h50/outcome_jam_episode_count": 3,
    "h50/outcome_jam_final_state_mse": 0.2601652831033944,
    "h50/outcome_jam_state_mse": 0.03618428448446436,
    "h50/outcome_miss_episode_count": 3,
    "h50/outcome_miss_final_state_mse": 0.52781106288137,
    "h50/outcome_miss_state_mse": 0.05899618610057956,
    "h50/outcome_partial_episode_count": 3,
    "h50/outcome_partial_final_state_mse": 0.2606405152214898,
    "h50/outcome_partial_state_mse": 0.03594732297012229,
    "h50/outcome_success_episode_count": 3,
    "h50/outcome_success_final_state_mse": 0.2615434391046661,
    "h50/outcome_success_state_mse": 0.03640379413280612,
    "h50/state_mse": 0.03980459814133987,
    "h75/episode_count": 15,
    "h75/final_state_mse": 53.04138071895425,
    "h75/outcome_drop_episode_count": 3,
    "h75/outcome_drop_final_state_mse": 44.76682894837622,
    "h75/outcome_drop_state_mse": 2.91739476953976,
    "h75/outcome_jam_episode_count": 3,
    "h75/outcome_jam_final_state_mse": 45.08557607613358,
    "h75/outcome_jam_state_mse": 2.874075648488562,
    "h75/outcome_miss_episode_count": 3,
    "h75/outcome_miss_final_state_mse": 83.88399171517565,
    "h75/outcome_miss_state_mse": 5.740552066312636,
    "h75/outcome_partial_episode_count": 3,
    "h75/outcome_partial_final_state_mse": 45.39986883425245,
    "h75/outcome_partial_state_mse": 2.939759157135076,
    "h75/outcome_success_episode_count": 3,
    "h75/outcome_success_final_state_mse": 46.07062126608456,
    "h75/outcome_success_state_mse": 2.9710424325980394,
    "h75/state_mse": 3.48856454248366,
    "max_requested_horizon": 125,
    "reencode_period": null,
    "rollout_mode": "no_reencode"
  },
  "rollout_modes": {
    "no_reencode": {
      "episode_count": 15,
      "h10/episode_count": 15,
      "h10/final_state_mse": 0.002046304902220084,
      "h10/outcome_drop_episode_count": 3,
      "h10/outcome_drop_final_state_mse": 0.0015932106309466893,
      "h10/outcome_drop_state_mse": 0.001576120382040934,
      "h10/outcome_jam_episode_count": 3,
      "h10/outcome_jam_final_state_mse": 0.0027642909900035735,
      "h10/outcome_jam_state_mse": 0.0020640368555106367,
      "h10/outcome_miss_episode_count": 3,
      "h10/outcome_miss_final_state_mse": 0.00262238908242556,
      "h10/outcome_miss_state_mse": 0.008867355733135946,
      "h10/outcome_partial_episode_count": 3,
      "h10/outcome_partial_final_state_mse": 0.0016235878898037805,
      "h10/outcome_partial_state_mse": 0.0014899947869232277,
      "h10/outcome_success_episode_count": 3,
      "h10/outcome_success_final_state_mse": 0.0016280467214148029,
      "h10/outcome_success_state_mse": 0.0014992435773213705,
      "h10/state_mse": 0.00309935027477788,
      "h100/episode_count": 15,
      "h100/final_state_mse": 19511.911111111112,
      "h100/outcome_drop_episode_count": 3,
      "h100/outcome_drop_final_state_mse": 16125.44669117647,
      "h100/outcome_drop_state_mse": 713.9480800653595,
      "h100/outcome_jam_episode_count": 3,
      "h100/outcome_jam_final_state_mse": 15635.59609885621,
      "h100/outcome_jam_state_mse": 708.9335294117647,
      "h100/outcome_miss_episode_count": 3,
      "h100/outcome_miss_final_state_mse": 34273.95343137255,
      "h100/outcome_miss_state_mse": 1439.455179738562,
      "h100/outcome_partial_episode_count": 3,
      "h100/outcome_partial_final_state_mse": 15724.339256535948,
      "h100/outcome_partial_state_mse": 703.4353799019608,
      "h100/outcome_success_episode_count": 3,
      "h100/outcome_success_final_state_mse": 15800.218647875818,
      "h100/outcome_success_state_mse": 707.9447508169935,
      "h100/state_mse": 854.7433202614379,
      "h125/episode_count": 15,
      "h125/final_state_mse": 5078132.454901961,
      "h125/outcome_drop_episode_count": 3,
      "h125/outcome_drop_final_state_mse": 4146666.732026144,
      "h125/outcome_drop_state_mse": 160137.7397124183,
      "h125/outcome_jam_episode_count": 3,
      "h125/outcome_jam_final_state_mse": 4167516.9411764704,
      "h125/outcome_jam_state_mse": 160076.27712418302,
      "h125/outcome_miss_episode_count": 3,
      "h125/outcome_miss_final_state_mse": 8785228.91503268,
      "h125/outcome_miss_state_mse": 373865.11393464054,
      "h125/outcome_partial_episode_count": 3,
      "h125/outcome_partial_final_state_mse": 4138808.156862745,
      "h125/outcome_partial_state_mse": 158732.1583267974,
      "h125/outcome_success_episode_count": 3,
      "h125/outcome_success_final_state_mse": 4152442.2352941176,
      "h125/outcome_success_state_mse": 159849.8191895425,
      "h125/state_mse": 202532.24023006536,
      "h20/episode_count": 15,
      "h20/final_state_mse": 0.003609637341468163,
      "h20/outcome_drop_episode_count": 3,
      "h20/outcome_drop_final_state_mse": 0.003594506507605509,
      "h20/outcome_drop_state_mse": 0.0020165284474690753,
      "h20/outcome_jam_episode_count": 3,
      "h20/outcome_jam_final_state_mse": 0.0032779023148655113,
      "h20/outcome_jam_state_mse": 0.002433385295805588,
      "h20/outcome_miss_episode_count": 3,
      "h20/outcome_miss_final_state_mse": 0.004550473947151035,
      "h20/outcome_miss_state_mse": 0.005991811222500271,
      "h20/outcome_partial_episode_count": 3,
      "h20/outcome_partial_final_state_mse": 0.0033035818365664263,
      "h20/outcome_partial_state_mse": 0.0019333762281081256,
      "h20/outcome_success_episode_count": 3,
      "h20/outcome_success_final_state_mse": 0.00332172263681499,
      "h20/outcome_success_state_mse": 0.0019468965094073926,
      "h20/state_mse": 0.002864399579615375,
      "h30/episode_count": 15,
      "h30/final_state_mse": 0.011860553267734502,
      "h30/outcome_drop_episode_count": 3,
      "h30/outcome_drop_final_state_mse": 0.011503546066533506,
      "h30/outcome_drop_state_mse": 0.00351140992573923,
      "h30/outcome_jam_episode_count": 3,
      "h30/outcome_jam_final_state_mse": 0.011564957355362138,
      "h30/outcome_jam_state_mse": 0.00392872102899489,
      "h30/outcome_miss_episode_count": 3,
      "h30/outcome_miss_final_state_mse": 0.01414937637989817,
      "h30/outcome_miss_state_mse": 0.006903089469294662,
      "h30/outcome_partial_episode_count": 3,
      "h30/outcome_partial_final_state_mse": 0.011018884727378296,
      "h30/outcome_partial_state_mse": 0.0034050524364629344,
      "h30/outcome_success_episode_count": 3,
      "h30/outcome_success_final_state_mse": 0.01106599908249051,
      "h30/outcome_success_state_mse": 0.0034285957776902807,
      "h30/state_mse": 0.004235373769190836,
      "h40/episode_count": 15,
      "h40/final_state_mse": 0.052418747446895425,
      "h40/outcome_drop_episode_count": 3,
      "h40/outcome_drop_final_state_mse": 0.04718556123621324,
      "h40/outcome_drop_state_mse": 0.009122888091342901,
      "h40/outcome_jam_episode_count": 3,
      "h40/outcome_jam_final_state_mse": 0.05334787119447795,
      "h40/outcome_jam_state_mse": 0.010122440687192032,
      "h40/outcome_miss_episode_count": 3,
      "h40/outcome_miss_final_state_mse": 0.05590473670585483,
      "h40/outcome_miss_state_mse": 0.012787880305371254,
      "h40/outcome_partial_episode_count": 3,
      "h40/outcome_partial_final_state_mse": 0.05224080802568423,
      "h40/outcome_partial_state_mse": 0.009473347040562848,
      "h40/outcome_success_episode_count": 3,
      "h40/outcome_success_final_state_mse": 0.053414748385061626,
      "h40/outcome_success_state_mse": 0.009611640256993912,
      "h40/state_mse": 0.010223639993106617,
      "h50/episode_count": 15,
      "h50/final_state_mse": 0.30663436191533905,
      "h50/outcome_drop_episode_count": 3,
      "h50/outcome_drop_final_state_mse": 0.223011556014516,
      "h50/outcome_drop_state_mse": 0.0314913920483558,
      "h50/outcome_jam_episode_count": 3,
      "h50/outcome_jam_final_state_mse": 0.2601652831033944,
      "h50/outcome_jam_state_mse": 0.03618428448446436,
      "h50/outcome_miss_episode_count": 3,
      "h50/outcome_miss_final_state_mse": 0.52781106288137,
      "h50/outcome_miss_state_mse": 0.05899618610057956,
      "h50/outcome_partial_episode_count": 3,
      "h50/outcome_partial_final_state_mse": 0.2606405152214898,
      "h50/outcome_partial_state_mse": 0.03594732297012229,
      "h50/outcome_success_episode_count": 3,
      "h50/outcome_success_final_state_mse": 0.2615434391046661,
      "h50/outcome_success_state_mse": 0.03640379413280612,
      "h50/state_mse": 0.03980459814133987,
      "h75/episode_count": 15,
      "h75/final_state_mse": 53.04138071895425,
      "h75/outcome_drop_episode_count": 3,
      "h75/outcome_drop_final_state_mse": 44.76682894837622,
      "h75/outcome_drop_state_mse": 2.91739476953976,
      "h75/outcome_jam_episode_count": 3,
      "h75/outcome_jam_final_state_mse": 45.08557607613358,
      "h75/outcome_jam_state_mse": 2.874075648488562,
      "h75/outcome_miss_episode_count": 3,
      "h75/outcome_miss_final_state_mse": 83.88399171517565,
      "h75/outcome_miss_state_mse": 5.740552066312636,
      "h75/outcome_partial_episode_count": 3,
      "h75/outcome_partial_final_state_mse": 45.39986883425245,
      "h75/outcome_partial_state_mse": 2.939759157135076,
      "h75/outcome_success_episode_count": 3,
      "h75/outcome_success_final_state_mse": 46.07062126608456,
      "h75/outcome_success_state_mse": 2.9710424325980394,
      "h75/state_mse": 3.48856454248366,
      "max_requested_horizon": 125,
      "reencode_period": null,
      "rollout_mode": "no_reencode"
    },
    "periodic_1": {
      "episode_count": 15,
      "h10/episode_count": 15,
      "h10/final_state_mse": 0.0043954188527624595,
      "h10/outcome_drop_episode_count": 3,
      "h10/outcome_drop_final_state_mse": 0.0034764878500520794,
      "h10/outcome_drop_state_mse": 0.0029169769848094267,
      "h10/outcome_jam_episode_count": 3,
      "h10/outcome_jam_final_state_mse": 0.0036816180141922695,
      "h10/outcome_jam_state_mse": 0.0032457646201638616,
      "h10/outcome_miss_episode_count": 3,
      "h10/outcome_miss_final_state_mse": 0.008234507118175232,
      "h10/outcome_miss_state_mse": 0.012418883142907636,
      "h10/outcome_partial_episode_count": 3,
      "h10/outcome_partial_final_state_mse": 0.0032480279701987123,
      "h10/outcome_partial_state_mse": 0.002813630867627711,
      "h10/outcome_success_episode_count": 3,
      "h10/outcome_success_final_state_mse": 0.0033364520450822666,
      "h10/outcome_success_state_mse": 0.002832706847222023,
      "h10/state_mse": 0.004845593022365196,
      "h100/episode_count": 15,
      "h100/final_state_mse": 0.0077614827872880925,
      "h100/outcome_drop_episode_count": 3,
      "h100/outcome_drop_final_state_mse": 0.010439548032735687,
      "h100/outcome_drop_state_mse": 0.005506156098608877,
      "h100/outcome_jam_episode_count": 3,
      "h100/outcome_jam_final_state_mse": 0.009150358976102342,
      "h100/outcome_jam_state_mse": 0.004455504884906844,
      "h100/outcome_miss_episode_count": 3,
      "h100/outcome_miss_final_state_mse": 0.007757504975873661,
      "h100/outcome_miss_state_mse": 0.012059943255256203,
      "h100/outcome_partial_episode_count": 3,
      "h100/outcome_partial_final_state_mse": 0.005029997015311048,
      "h100/outcome_partial_state_mse": 0.003448084164289088,
      "h100/outcome_success_episode_count": 3,
      "h100/outcome_success_final_state_mse": 0.006430004790327908,
      "h100/outcome_success_state_mse": 0.0035072705013300077,
      "h100/state_mse": 0.005795391805810866,
      "h125/episode_count": 15,
      "h125/final_state_mse": 0.008959216697543276,
      "h125/outcome_drop_episode_count": 3,
      "h125/outcome_drop_final_state_mse": 0.012104031502031813,
      "h125/outcome_drop_state_mse": 0.006760430230034723,
      "h125/outcome_jam_episode_count": 3,
      "h125/outcome_jam_final_state_mse": 0.007685979791716033,
      "h125/outcome_jam_state_mse": 0.005096724765752655,
      "h125/outcome_miss_episode_count": 3,
      "h125/outcome_miss_final_state_mse": 0.007944971225620096,
      "h125/outcome_miss_state_mse": 0.011339053085426879,
      "h125/outcome_partial_episode_count": 3,
      "h125/outcome_partial_final_state_mse": 0.005512520281317966,
      "h125/outcome_partial_state_mse": 0.0038780035879097735,
      "h125/outcome_success_episode_count": 3,
      "h125/outcome_success_final_state_mse": 0.011548579713098363,
      "h125/outcome_success_state_mse": 0.004802952535791335,
      "h125/state_mse": 0.006375433389501634,
      "h20/episode_count": 15,
      "h20/final_state_mse": 0.004254873126160865,
      "h20/outcome_drop_episode_count": 3,
      "h20/outcome_drop_final_state_mse": 0.004004217148606294,
      "h20/outcome_drop_state_mse": 0.003186839624168047,
      "h20/outcome_jam_episode_count": 3,
      "h20/outcome_jam_final_state_mse": 0.003701646343555326,
      "h20/outcome_jam_state_mse": 0.0035732896499384463,
      "h20/outcome_miss_episode_count": 3,
      "h20/outcome_miss_final_state_mse": 0.006320088127859278,
      "h20/outcome_miss_state_mse": 0.00977218353670407,
      "h20/outcome_partial_episode_count": 3,
      "h20/outcome_partial_final_state_mse": 0.0036150837937990823,
      "h20/outcome_partial_state_mse": 0.003083147410473792,
      "h20/outcome_success_episode_count": 3,
      "h20/outcome_success_final_state_mse": 0.0036333308500402116,
      "h20/outcome_success_state_mse": 0.0031211139329897814,
      "h20/state_mse": 0.004547314612694036,
      "h30/episode_count": 15,
      "h30/final_state_mse": 0.005061689389297385,
      "h30/outcome_drop_episode_count": 3,
      "h30/outcome_drop_final_state_mse": 0.004209773821963204,
      "h30/outcome_drop_state_mse": 0.003445320191726186,
      "h30/outcome_jam_episode_count": 3,
      "h30/outcome_jam_final_state_mse": 0.004855753159990497,
      "h30/outcome_jam_state_mse": 0.003847599341199289,
      "h30/outcome_miss_episode_count": 3,
      "h30/outcome_miss_final_state_mse": 0.007709029258466235,
      "h30/outcome_miss_state_mse": 0.00888349786563117,
      "h30/outcome_partial_episode_count": 3,
      "h30/outcome_partial_final_state_mse": 0.004207278315732681,
      "h30/outcome_partial_state_mse": 0.0033451414835479003,
      "h30/outcome_success_episode_count": 3,
      "h30/outcome_success_final_state_mse": 0.004326611221615785,
      "h30/outcome_success_state_mse": 0.0033741841908373864,
      "h30/state_mse": 0.004579148635365605,
      "h40/episode_count": 15,
      "h40/final_state_mse": 0.0052623331157210605,
      "h40/outcome_drop_episode_count": 3,
      "h40/outcome_drop_final_state_mse": 0.0034858692510455263,
      "h40/outcome_drop_state_mse": 0.0034695114964753194,
      "h40/outcome_jam_episode_count": 3,
      "h40/outcome_jam_final_state_mse": 0.004082192344213623,
      "h40/outcome_jam_state_mse": 0.004014390745973275,
      "h40/outcome_miss_episode_count": 3,
      "h40/outcome_miss_final_state_mse": 0.010501504528756235,
      "h40/outcome_miss_state_mse": 0.008826933810913484,
      "h40/outcome_partial_episode_count": 3,
      "h40/outcome_partial_final_state_mse": 0.0041319349038055515,
      "h40/outcome_partial_state_mse": 0.0035476591851976184,
      "h40/outcome_success_episode_count": 3,
      "h40/outcome_success_final_state_mse": 0.004110162943796395,
      "h40/outcome_success_state_mse": 0.0035726653984169553,
      "h40/state_mse": 0.00468623242347069,
      "h50/episode_count": 15,
      "h50/final_state_mse": 0.007379170336754493,
      "h50/outcome_drop_episode_count": 3,
      "h50/outcome_drop_final_state_mse": 0.006306377988235623,
      "h50/outcome_drop_state_mse": 0.00376943388795541,
      "h50/outcome_jam_episode_count": 3,
      "h50/outcome_jam_final_state_mse": 0.004009975960441664,
      "h50/outcome_jam_state_mse": 0.004075053719913259,
      "h50/outcome_miss_episode_count": 3,
      "h50/outcome_miss_final_state_mse": 0.01987452619995167,
      "h50/outcome_miss_state_mse": 0.010172791823842167,
      "h50/outcome_partial_episode_count": 3,
      "h50/outcome_partial_final_state_mse": 0.003317428521471086,
      "h50/outcome_partial_state_mse": 0.0035831002316443748,
      "h50/outcome_success_episode_count": 3,
      "h50/outcome_success_final_state_mse": 0.0033875418449538985,
      "h50/outcome_success_state_mse": 0.003605795467601103,
      "h50/state_mse": 0.005041235032424428,
      "h75/episode_count": 15,
      "h75/final_state_mse": 0.006360060249278748,
      "h75/outcome_drop_episode_count": 3,
      "h75/outcome_drop_final_state_mse": 0.006902428234324735,
      "h75/outcome_drop_state_mse": 0.004766455423857912,
      "h75/outcome_jam_episode_count": 3,
      "h75/outcome_jam_final_state_mse": 0.0042329863979925515,
      "h75/outcome_jam_state_mse": 0.0040533914337490635,
      "h75/outcome_miss_episode_count": 3,
      "h75/outcome_miss_final_state_mse": 0.013302660066317888,
      "h75/outcome_miss_state_mse": 0.013194403887314474,
      "h75/outcome_partial_episode_count": 3,
      "h75/outcome_partial_final_state_mse": 0.0036192712148809744,
      "h75/outcome_partial_state_mse": 0.003410369523989609,
      "h75/outcome_success_episode_count": 3,
      "h75/outcome_success_final_state_mse": 0.0037429575242248236,
      "h75/outcome_success_state_mse": 0.00342966466168173,
      "h75/state_mse": 0.005770856736791939,
      "max_requested_horizon": 125,
      "reencode_period": 1,
      "rollout_mode": "periodic_1"
    },
    "periodic_10": {
      "episode_count": 15,
      "h10/episode_count": 15,
      "h10/final_state_mse": 0.0020463052138783573,
      "h10/outcome_drop_episode_count": 3,
      "h10/outcome_drop_final_state_mse": 0.0015932106796432944,
      "h10/outcome_drop_state_mse": 0.0015761202456904392,
      "h10/outcome_jam_episode_count": 3,
      "h10/outcome_jam_final_state_mse": 0.0027642914769696256,
      "h10/outcome_jam_state_mse": 0.0020640370113397736,
      "h10/outcome_miss_episode_count": 3,
      "h10/outcome_miss_final_state_mse": 0.002622389764178033,
      "h10/outcome_miss_state_mse": 0.008867357291427314,
      "h10/outcome_partial_episode_count": 3,
      "h10/outcome_partial_final_state_mse": 0.001623588035893596,
      "h10/outcome_partial_state_mse": 0.001489994825880512,
      "h10/outcome_success_episode_count": 3,
      "h10/outcome_success_final_state_mse": 0.0016280464292351717,
      "h10/outcome_success_state_mse": 0.0014992437915864333,
      "h10/state_mse": 0.0030993505241044984,
      "h100/episode_count": 15,
      "h100/final_state_mse": 0.0029020480860292523,
      "h100/outcome_drop_episode_count": 3,
      "h100/outcome_drop_final_state_mse": 0.0028338860842137556,
      "h100/outcome_drop_state_mse": 0.002277646002426646,
      "h100/outcome_jam_episode_count": 3,
      "h100/outcome_jam_final_state_mse": 0.0035811590846457513,
      "h100/outcome_jam_state_mse": 0.002856943841074027,
      "h100/outcome_miss_episode_count": 3,
      "h100/outcome_miss_final_state_mse": 0.0023578332091858186,
      "h100/outcome_miss_state_mse": 0.0027773978040109273,
      "h100/outcome_partial_episode_count": 3,
      "h100/outcome_partial_final_state_mse": 0.0019473375302124646,
      "h100/outcome_partial_state_mse": 0.0019529080858417586,
      "h100/outcome_success_episode_count": 3,
      "h100/outcome_success_final_state_mse": 0.0037900237670910903,
      "h100/outcome_success_state_mse": 0.0023150540644826453,
      "h100/state_mse": 0.00243598987853605,
      "h125/episode_count": 15,
      "h125/final_state_mse": 0.004066700093886431,
      "h125/outcome_drop_episode_count": 3,
      "h125/outcome_drop_final_state_mse": 0.005101116435005774,
      "h125/outcome_drop_state_mse": 0.002691113939472273,
      "h125/outcome_jam_episode_count": 3,
      "h125/outcome_jam_final_state_mse": 0.003960634222607207,
      "h125/outcome_jam_state_mse": 0.0030497349757774204,
      "h125/outcome_miss_episode_count": 3,
      "h125/outcome_miss_final_state_mse": 0.005724362371598973,
      "h125/outcome_miss_state_mse": 0.0030377494462954452,
      "h125/outcome_partial_episode_count": 3,
      "h125/outcome_partial_final_state_mse": 0.0019160058178932838,
      "h125/outcome_partial_state_mse": 0.0019547896291695387,
      "h125/outcome_success_episode_count": 3,
      "h125/outcome_success_final_state_mse": 0.003631381646675222,
      "h125/outcome_success_state_mse": 0.002563449784821155,
      "h125/state_mse": 0.0026593673406862745,
      "h20/episode_count": 15,
      "h20/final_state_mse": 0.0018844323999741498,
      "h20/outcome_drop_episode_count": 3,
      "h20/outcome_drop_final_state_mse": 0.001977434053140528,
      "h20/outcome_drop_state_mse": 0.0015999847377826965,
      "h20/outcome_jam_episode_count": 3,
      "h20/outcome_jam_final_state_mse": 0.001937807385438408,
      "h20/outcome_jam_state_mse": 0.0020892122212578267,
      "h20/outcome_miss_episode_count": 3,
      "h20/outcome_miss_final_state_mse": 0.0019902357819423177,
      "h20/outcome_miss_state_mse": 0.005551010409211801,
      "h20/outcome_partial_episode_count": 3,
      "h20/outcome_partial_final_state_mse": 0.0017566922686847986,
      "h20/outcome_partial_state_mse": 0.001530983050664266,
      "h20/outcome_success_episode_count": 3,
      "h20/outcome_success_final_state_mse": 0.001759992121091855,
      "h20/outcome_success_state_mse": 0.0015374542256585914,
      "h20/state_mse": 0.0024617288626876534,
      "h30/episode_count": 15,
      "h30/final_state_mse": 0.0019793141121957816,
      "h30/outcome_drop_episode_count": 3,
      "h30/outcome_drop_final_state_mse": 0.0019057768281378778,
      "h30/outcome_drop_state_mse": 0.0017806995408467478,
      "h30/outcome_jam_episode_count": 3,
      "h30/outcome_jam_final_state_mse": 0.0023528262485865673,
      "h30/outcome_jam_state_mse": 0.002293948981756738,
      "h30/outcome_miss_episode_count": 3,
      "h30/outcome_miss_final_state_mse": 0.0018013650003601523,
      "h30/outcome_miss_state_mse": 0.004406938781405845,
      "h30/outcome_partial_episode_count": 3,
      "h30/outcome_partial_final_state_mse": 0.0018671442285861845,
      "h30/outcome_partial_state_mse": 0.0017126605661346502,
      "h30/outcome_success_episode_count": 3,
      "h30/outcome_success_final_state_mse": 0.0019694583770496392,
      "h30/outcome_success_state_mse": 0.0017219898228032398,
      "h30/state_mse": 0.002383247658058449,
      "h40/episode_count": 15,
      "h40/final_state_mse": 0.0018638056088117214,
      "h40/outcome_drop_episode_count": 3,
      "h40/outcome_drop_final_state_mse": 0.0018732475202068006,
      "h40/outcome_drop_state_mse": 0.0018862245519176808,
      "h40/outcome_jam_episode_count": 3,
      "h40/outcome_jam_final_state_mse": 0.001936224843162337,
      "h40/outcome_jam_state_mse": 0.0024036038934794907,
      "h40/outcome_miss_episode_count": 3,
      "h40/outcome_miss_final_state_mse": 0.0017373468361648859,
      "h40/outcome_miss_state_mse": 0.0037609468098559412,
      "h40/outcome_partial_episode_count": 3,
      "h40/outcome_partial_final_state_mse": 0.0018967965410815345,
      "h40/outcome_partial_state_mse": 0.0018335411361619538,
      "h40/outcome_success_episode_count": 3,
      "h40/outcome_success_final_state_mse": 0.0018754121086566277,
      "h40/outcome_success_state_mse": 0.0018457435899310642,
      "h40/state_mse": 0.0023460121404111777,
      "h50/episode_count": 15,
      "h50/final_state_mse": 0.0021996086718989354,
      "h50/outcome_drop_episode_count": 3,
      "h50/outcome_drop_final_state_mse": 0.0022604010414843468,
      "h50/outcome_drop_state_mse": 0.0020346978131462546,
      "h50/outcome_jam_episode_count": 3,
      "h50/outcome_jam_final_state_mse": 0.0029470201557368235,
      "h50/outcome_jam_state_mse": 0.002485205238940669,
      "h50/outcome_miss_episode_count": 3,
      "h50/outcome_miss_final_state_mse": 0.0018747505896231707,
      "h50/outcome_miss_state_mse": 0.003437283709158305,
      "h50/outcome_partial_episode_count": 3,
      "h50/outcome_partial_final_state_mse": 0.0019097888440478081,
      "h50/outcome_partial_state_mse": 0.001895416141335481,
      "h50/outcome_success_episode_count": 3,
      "h50/outcome_success_final_state_mse": 0.0020060825581644094,
      "h50/outcome_success_state_mse": 0.0019094356836057177,
      "h50/state_mse": 0.002352407617506638,
      "h75/episode_count": 15,
      "h75/final_state_mse": 0.003050376854690851,
      "h75/outcome_drop_episode_count": 3,
      "h75/outcome_drop_final_state_mse": 0.0030164808716649323,
      "h75/outcome_drop_state_mse": 0.002136070068625323,
      "h75/outcome_jam_episode_count": 3,
      "h75/outcome_jam_final_state_mse": 0.0033523532884572847,
      "h75/outcome_jam_state_mse": 0.002604444208747681,
      "h75/outcome_miss_episode_count": 3,
      "h75/outcome_miss_final_state_mse": 0.0031325295567512512,
      "h75/outcome_miss_state_mse": 0.002967401475428496,
      "h75/outcome_partial_episode_count": 3,
      "h75/outcome_partial_final_state_mse": 0.0024723184167170058,
      "h75/outcome_partial_state_mse": 0.0019646967678028514,
      "h75/outcome_success_episode_count": 3,
      "h75/outcome_success_final_state_mse": 0.0032782022129086885,
      "h75/outcome_success_state_mse": 0.002014593340472718,
      "h75/state_mse": 0.0023374414381638073,
      "max_requested_horizon": 125,
      "reencode_period": 10,
      "rollout_mode": "periodic_10"
    },
    "periodic_100": {
      "episode_count": 15,
      "h10/episode_count": 15,
      "h10/final_state_mse": 0.0020463052138783573,
      "h10/outcome_drop_episode_count": 3,
      "h10/outcome_drop_final_state_mse": 0.0015932106796432944,
      "h10/outcome_drop_state_mse": 0.0015761202456904392,
      "h10/outcome_jam_episode_count": 3,
      "h10/outcome_jam_final_state_mse": 0.0027642914769696256,
      "h10/outcome_jam_state_mse": 0.0020640370113397736,
      "h10/outcome_miss_episode_count": 3,
      "h10/outcome_miss_final_state_mse": 0.002622389764178033,
      "h10/outcome_miss_state_mse": 0.008867357291427314,
      "h10/outcome_partial_episode_count": 3,
      "h10/outcome_partial_final_state_mse": 0.001623588035893596,
      "h10/outcome_partial_state_mse": 0.001489994825880512,
      "h10/outcome_success_episode_count": 3,
      "h10/outcome_success_final_state_mse": 0.0016280464292351717,
      "h10/outcome_success_state_mse": 0.0014992437915864333,
      "h10/state_mse": 0.0030993505241044984,
      "h100/episode_count": 15,
      "h100/final_state_mse": 19511.911111111112,
      "h100/outcome_drop_episode_count": 3,
      "h100/outcome_drop_final_state_mse": 16125.444852941177,
      "h100/outcome_drop_state_mse": 713.9478839869281,
      "h100/outcome_jam_episode_count": 3,
      "h100/outcome_jam_final_state_mse": 15635.59814133987,
      "h100/outcome_jam_state_mse": 708.9335539215687,
      "h100/outcome_miss_episode_count": 3,
      "h100/outcome_miss_final_state_mse": 34273.95383986928,
      "h100/outcome_miss_state_mse": 1439.4550653594772,
      "h100/outcome_partial_episode_count": 3,
      "h100/outcome_partial_final_state_mse": 15724.335477941177,
      "h100/outcome_partial_state_mse": 703.4353145424836,
      "h100/outcome_success_episode_count": 3,
      "h100/outcome_success_final_state_mse": 15800.22314133987,
      "h100/outcome_success_state_mse": 707.9446732026144,
      "h100/state_mse": 854.7432679738562,
      "h125/episode_count": 15,
      "h125/final_state_mse": 9156.116993464053,
      "h125/outcome_drop_episode_count": 3,
      "h125/outcome_drop_final_state_mse": 7499.066482843137,
      "h125/outcome_drop_state_mse": 1422.3823267973855,
      "h125/outcome_jam_episode_count": 3,
      "h125/outcome_jam_final_state_mse": 7512.086703431372,
      "h125/outcome_jam_state_mse": 1379.4037777777778,
      "h125/outcome_miss_episode_count": 3,
      "h125/outcome_miss_final_state_mse": 17008.87765522876,
      "h125/outcome_miss_state_mse": 2758.9573333333333,
      "h125/outcome_partial_episode_count": 3,
      "h125/outcome_partial_final_state_mse": 6843.729064542484,
      "h125/outcome_partial_state_mse": 1360.2313594771242,
      "h125/outcome_success_episode_count": 3,
      "h125/outcome_success_final_state_mse": 6916.827665441177,
      "h125/outcome_success_state_mse": 1371.6249934640523,
      "h125/state_mse": 1658.5199267973856,
      "h20/episode_count": 15,
      "h20/final_state_mse": 0.003609637341468163,
      "h20/outcome_drop_episode_count": 3,
      "h20/outcome_drop_final_state_mse": 0.0035945061180326673,
      "h20/outcome_drop_state_mse": 0.0020165283695545073,
      "h20/outcome_jam_episode_count": 3,
      "h20/outcome_jam_final_state_mse": 0.0032779022174723007,
      "h20/outcome_jam_state_mse": 0.002433385451634725,
      "h20/outcome_miss_episode_count": 3,
      "h20/outcome_miss_final_state_mse": 0.004550474628903507,
      "h20/outcome_miss_state_mse": 0.005991811534158544,
      "h20/outcome_partial_episode_count": 3,
      "h20/outcome_partial_final_state_mse": 0.0033035821774426628,
      "h20/outcome_partial_state_mse": 0.0019333762281081256,
      "h20/outcome_success_episode_count": 3,
      "h20/outcome_success_final_state_mse": 0.00332172141939986,
      "h20/outcome_success_state_mse": 0.0019468967041938133,
      "h20/state_mse": 0.002864399579615375,
      "h30/episode_count": 15,
      "h30/final_state_mse": 0.011860553267734502,
      "h30/outcome_drop_episode_count": 3,
      "h30/outcome_drop_final_state_mse": 0.01150354684567919,
      "h30/outcome_drop_state_mse": 0.003511409717967048,
      "h30/outcome_jam_episode_count": 3,
      "h30/outcome_jam_final_state_mse": 0.0115649579397214,
      "h30/outcome_jam_state_mse": 0.0039287213925962095,
      "h30/outcome_miss_episode_count": 3,
      "h30/outcome_miss_final_state_mse": 0.014149375600752488,
      "h30/outcome_miss_state_mse": 0.006903089469294662,
      "h30/outcome_partial_episode_count": 3,
      "h30/outcome_partial_final_state_mse": 0.011018886675242505,
      "h30/outcome_partial_state_mse": 0.003405052592292071,
      "h30/outcome_success_episode_count": 3,
      "h30/outcome_success_final_state_mse": 0.01106599927727693,
      "h30/outcome_success_state_mse": 0.0034285957776902807,
      "h30/state_mse": 0.004235373436755344,
      "h40/episode_count": 15,
      "h40/final_state_mse": 0.05241874246036305,
      "h40/outcome_drop_episode_count": 3,
      "h40/outcome_drop_final_state_mse": 0.04718556123621324,
      "h40/outcome_drop_state_mse": 0.009122888403001175,
      "h40/outcome_jam_episode_count": 3,
      "h40/outcome_jam_final_state_mse": 0.053347857169855656,
      "h40/outcome_jam_state_mse": 0.010122440375533759,
      "h40/outcome_miss_episode_count": 3,
      "h40/outcome_miss_final_state_mse": 0.05590471956464979,
      "h40/outcome_miss_state_mse": 0.012787879682054706,
      "h40/outcome_partial_episode_count": 3,
      "h40/outcome_partial_final_state_mse": 0.052240815817141066,
      "h40/outcome_partial_state_mse": 0.009473347663879394,
      "h40/outcome_success_episode_count": 3,
      "h40/outcome_success_final_state_mse": 0.05341476708455803,
      "h40/outcome_success_state_mse": 0.009611640568652184,
      "h40/state_mse": 0.010223638995800142,
      "h50/episode_count": 15,
      "h50/final_state_mse": 0.30663436191533905,
      "h50/outcome_drop_episode_count": 3,
      "h50/outcome_drop_final_state_mse": 0.22301158094717785,
      "h50/outcome_drop_state_mse": 0.03149139304566227,
      "h50/outcome_jam_episode_count": 3,
      "h50/outcome_jam_final_state_mse": 0.2601651927224951,
      "h50/outcome_jam_state_mse": 0.03618428199119817,
      "h50/outcome_miss_episode_count": 3,
      "h50/outcome_miss_final_state_mse": 0.5278111127466937,
      "h50/outcome_miss_state_mse": 0.05899618610057956,
      "h50/outcome_partial_episode_count": 3,
      "h50/outcome_partial_final_state_mse": 0.2606404840556625,
      "h50/outcome_partial_state_mse": 0.035947323967428765,
      "h50/outcome_success_episode_count": 3,
      "h50/outcome_success_final_state_mse": 0.2615434546875798,
      "h50/outcome_success_state_mse": 0.036403796127419064,
      "h50/state_mse": 0.03980459494995915,
      "h75/episode_count": 15,
      "h75/final_state_mse": 53.041385825163395,
      "h75/outcome_drop_episode_count": 3,
      "h75/outcome_drop_final_state_mse": 44.76684330958946,
      "h75/outcome_drop_state_mse": 2.91739447167756,
      "h75/outcome_jam_episode_count": 3,
      "h75/outcome_jam_final_state_mse": 45.085580863204655,
      "h75/outcome_jam_state_mse": 2.874075776143791,
      "h75/outcome_miss_episode_count": 3,
      "h75/outcome_miss_final_state_mse": 83.88399171517565,
      "h75/outcome_miss_state_mse": 5.740551725898693,
      "h75/outcome_partial_episode_count": 3,
      "h75/outcome_partial_final_state_mse": 45.399878408394606,
      "h75/outcome_partial_state_mse": 2.9397594975490198,
      "h75/outcome_success_episode_count": 3,
      "h75/outcome_success_final_state_mse": 46.0706236596201,
      "h75/outcome_success_state_mse": 2.9710423474945533,
      "h75/state_mse": 3.488564814814815,
      "max_requested_horizon": 125,
      "reencode_period": 100,
      "rollout_mode": "periodic_100"
    },
    "periodic_2": {
      "episode_count": 15,
      "h10/episode_count": 15,
      "h10/final_state_mse": 0.0028779908722522214,
      "h10/outcome_drop_episode_count": 3,
      "h10/outcome_drop_final_state_mse": 0.002251647607563368,
      "h10/outcome_drop_state_mse": 0.0019960525378682255,
      "h10/outcome_jam_episode_count": 3,
      "h10/outcome_jam_final_state_mse": 0.00262271939149869,
      "h10/outcome_jam_state_mse": 0.0023174231738046884,
      "h10/outcome_miss_episode_count": 3,
      "h10/outcome_miss_final_state_mse": 0.0052661698043735975,
      "h10/outcome_miss_state_mse": 0.010349824537638745,
      "h10/outcome_partial_episode_count": 3,
      "h10/outcome_partial_final_state_mse": 0.0020982589499623167,
      "h10/outcome_partial_state_mse": 0.0018987421506370594,
      "h10/outcome_success_episode_count": 3,
      "h10/outcome_success_final_state_mse": 0.002151157341751398,
      "h10/outcome_success_state_mse": 0.0019216484493679471,
      "h10/state_mse": 0.0036967383490668403,
      "h100/episode_count": 15,
      "h100/final_state_mse": 0.004651633430929745,
      "h100/outcome_drop_episode_count": 3,
      "h100/outcome_drop_final_state_mse": 0.005618782604441923,
      "h100/outcome_drop_state_mse": 0.0033366574804767285,
      "h100/outcome_jam_episode_count": 3,
      "h100/outcome_jam_final_state_mse": 0.005790784638496785,
      "h100/outcome_jam_state_mse": 0.003649963553434883,
      "h100/outcome_miss_episode_count": 3,
      "h100/outcome_miss_final_state_mse": 0.0048156586640021384,
      "h100/outcome_miss_state_mse": 0.005262618220709508,
      "h100/outcome_partial_episode_count": 3,
      "h100/outcome_partial_final_state_mse": 0.0027023565535451853,
      "h100/outcome_partial_state_mse": 0.0026219412859748393,
      "h100/outcome_success_episode_count": 3,
      "h100/outcome_success_final_state_mse": 0.004330584304589851,
      "h100/outcome_success_state_mse": 0.002973839504266876,
      "h100/state_mse": 0.0035690040339052286,
      "h125/episode_count": 15,
      "h125/final_state_mse": 0.005893070245879928,
      "h125/outcome_drop_episode_count": 3,
      "h125/outcome_drop_final_state_mse": 0.007299607899648691,
      "h125/outcome_drop_state_mse": 0.004036882487777012,
      "h125/outcome_jam_episode_count": 3,
      "h125/outcome_jam_final_state_mse": 0.005684550194179311,
      "h125/outcome_jam_state_mse": 0.004139576731164471,
      "h125/outcome_miss_episode_count": 3,
      "h125/outcome_miss_final_state_mse": 0.006460952164690479,
      "h125/outcome_miss_state_mse": 0.0055575152627782886,
      "h125/outcome_partial_episode_count": 3,
      "h125/outcome_partial_final_state_mse": 0.003182007985956529,
      "h125/outcome_partial_state_mse": 0.002685574799581291,
      "h125/outcome_success_episode_count": 3,
      "h125/outcome_success_final_state_mse": 0.006838233057969536,
      "h125/outcome_success_state_mse": 0.0034723002614538653,
      "h125/state_mse": 0.003978370098039216,
      "h20/episode_count": 15,
      "h20/final_state_mse": 0.0029078128291111366,
      "h20/outcome_drop_episode_count": 3,
      "h20/outcome_drop_final_state_mse": 0.0030223021125481797,
      "h20/outcome_drop_state_mse": 0.002273629615509432,
      "h20/outcome_jam_episode_count": 3,
      "h20/outcome_jam_final_state_mse": 0.002759802429115071,
      "h20/outcome_jam_state_mse": 0.002699615869646758,
      "h20/outcome_miss_episode_count": 3,
      "h20/outcome_miss_final_state_mse": 0.0034625013084972605,
      "h20/outcome_miss_state_mse": 0.007407576585906783,
      "h20/outcome_partial_episode_count": 3,
      "h20/outcome_partial_final_state_mse": 0.002660150718844794,
      "h20/outcome_partial_state_mse": 0.002199967078913271,
      "h20/outcome_success_episode_count": 3,
      "h20/outcome_success_final_state_mse": 0.002634307941774917,
      "h20/outcome_success_state_mse": 0.00223419019599366,
      "h20/state_mse": 0.003362995721156301,
      "h30/episode_count": 15,
      "h30/final_state_mse": 0.0038798737370110805,
      "h30/outcome_drop_episode_count": 3,
      "h30/outcome_drop_final_state_mse": 0.003572147850896798,
      "h30/outcome_drop_state_mse": 0.002607291871945583,
      "h30/outcome_jam_episode_count": 3,
      "h30/outcome_jam_final_state_mse": 0.003992914082178103,
      "h30/outcome_jam_state_mse": 0.003035622380657653,
      "h30/outcome_miss_episode_count": 3,
      "h30/outcome_miss_final_state_mse": 0.004667752416305293,
      "h30/outcome_miss_state_mse": 0.006410455911507534,
      "h30/outcome_partial_episode_count": 3,
      "h30/outcome_partial_final_state_mse": 0.0035483029251005137,
      "h30/outcome_partial_state_mse": 0.002543625384893812,
      "h30/outcome_success_episode_count": 3,
      "h30/outcome_success_final_state_mse": 0.003618250972305248,
      "h30/outcome_success_state_mse": 0.0025675438328246407,
      "h30/state_mse": 0.0034329077361196217,
      "h40/episode_count": 15,
      "h40/final_state_mse": 0.003712912166819853,
      "h40/outcome_drop_episode_count": 3,
      "h40/outcome_drop_final_state_mse": 0.002928201133519216,
      "h40/outcome_drop_state_mse": 0.0027135706025790546,
      "h40/outcome_jam_episode_count": 3,
      "h40/outcome_jam_final_state_mse": 0.0032852951412886576,
      "h40/outcome_jam_state_mse": 0.0032170719181010927,
      "h40/outcome_miss_episode_count": 3,
      "h40/outcome_miss_final_state_mse": 0.0060195903372920415,
      "h40/outcome_miss_state_mse": 0.0062091643514196855,
      "h40/outcome_partial_episode_count": 3,
      "h40/outcome_partial_final_state_mse": 0.0031627008046200074,
      "h40/outcome_partial_state_mse": 0.0027553926885517596,
      "h40/outcome_success_episode_count": 3,
      "h40/outcome_success_final_state_mse": 0.003168773368682737,
      "h40/outcome_success_state_mse": 0.002781142596325843,
      "h40/state_mse": 0.0035352684469784007,
      "h50/episode_count": 15,
      "h50/final_state_mse": 0.00397034532883588,
      "h50/outcome_drop_episode_count": 3,
      "h50/outcome_drop_final_state_mse": 0.003201124714870079,
      "h50/outcome_drop_state_mse": 0.0028637745177823733,
      "h50/outcome_jam_episode_count": 3,
      "h50/outcome_jam_final_state_mse": 0.0035474794168098302,
      "h50/outcome_jam_state_mse": 0.0032804502848706213,
      "h50/outcome_miss_episode_count": 3,
      "h50/outcome_miss_final_state_mse": 0.0078054222406125535,
      "h50/outcome_miss_state_mse": 0.006515632579529207,
      "h50/outcome_partial_episode_count": 3,
      "h50/outcome_partial_final_state_mse": 0.002604240734203189,
      "h50/outcome_partial_state_mse": 0.0027849453570795994,
      "h50/outcome_success_episode_count": 3,
      "h50/outcome_success_final_state_mse": 0.002693459391593933,
      "h50/outcome_success_state_mse": 0.002811537755081077,
      "h50/state_mse": 0.0036512682546977126,
      "h75/episode_count": 15,
      "h75/final_state_mse": 0.0040503202700147446,
      "h75/outcome_drop_episode_count": 3,
      "h75/outcome_drop_final_state_mse": 0.004477885326528861,
      "h75/outcome_drop_state_mse": 0.002947996717133034,
      "h75/outcome_jam_episode_count": 3,
      "h75/outcome_jam_final_state_mse": 0.0038409141543643928,
      "h75/outcome_jam_state_mse": 0.0032944504316076476,
      "h75/outcome_miss_episode_count": 3,
      "h75/outcome_miss_final_state_mse": 0.005338015071317262,
      "h75/outcome_miss_state_mse": 0.005928275081327018,
      "h75/outcome_partial_episode_count": 3,
      "h75/outcome_partial_final_state_mse": 0.002693216395533942,
      "h75/outcome_partial_state_mse": 0.0027336666630763634,
      "h75/outcome_success_episode_count": 3,
      "h75/outcome_success_final_state_mse": 0.003901570791902106,
      "h75/outcome_success_state_mse": 0.002805441064772263,
      "h75/state_mse": 0.0035419658586090686,
      "max_requested_horizon": 125,
      "reencode_period": 2,
      "rollout_mode": "periodic_2"
    },
    "periodic_20": {
      "episode_count": 15,
      "h10/episode_count": 15,
      "h10/final_state_mse": 0.0020463052138783573,
      "h10/outcome_drop_episode_count": 3,
      "h10/outcome_drop_final_state_mse": 0.0015932106796432944,
      "h10/outcome_drop_state_mse": 0.0015761202456904392,
      "h10/outcome_jam_episode_count": 3,
      "h10/outcome_jam_final_state_mse": 0.0027642914769696256,
      "h10/outcome_jam_state_mse": 0.0020640370113397736,
      "h10/outcome_miss_episode_count": 3,
      "h10/outcome_miss_final_state_mse": 0.002622389764178033,
      "h10/outcome_miss_state_mse": 0.008867357291427314,
      "h10/outcome_partial_episode_count": 3,
      "h10/outcome_partial_final_state_mse": 0.001623588035893596,
      "h10/outcome_partial_state_mse": 0.001489994825880512,
      "h10/outcome_success_episode_count": 3,
      "h10/outcome_success_final_state_mse": 0.0016280464292351717,
      "h10/outcome_success_state_mse": 0.0014992437915864333,
      "h10/state_mse": 0.0030993505241044984,
      "h100/episode_count": 15,
      "h100/final_state_mse": 0.00419567457211563,
      "h100/outcome_drop_episode_count": 3,
      "h100/outcome_drop_final_state_mse": 0.004799444301455629,
      "h100/outcome_drop_state_mse": 0.002555554115694333,
      "h100/outcome_jam_episode_count": 3,
      "h100/outcome_jam_final_state_mse": 0.005086726076852262,
      "h100/outcome_jam_state_mse": 0.0029251350452697356,
      "h100/outcome_miss_episode_count": 3,
      "h100/outcome_miss_final_state_mse": 0.003934743357639687,
      "h100/outcome_miss_state_mse": 0.0032309522192462596,
      "h100/outcome_partial_episode_count": 3,
      "h100/outcome_partial_final_state_mse": 0.0023787300668510736,
      "h100/outcome_partial_state_mse": 0.0021458481184018206,
      "h100/outcome_success_episode_count": 3,
      "h100/outcome_success_final_state_mse": 0.004778727304701712,
      "h100/outcome_success_state_mse": 0.0024666516921099495,
      "h100/state_mse": 0.0026648282319112543,
      "h125/episode_count": 15,
      "h125/final_state_mse": 0.0045616277682235815,
      "h125/outcome_drop_episode_count": 3,
      "h125/outcome_drop_final_state_mse": 0.0052875488314753265,
      "h125/outcome_drop_state_mse": 0.002988200019387638,
      "h125/outcome_jam_episode_count": 3,
      "h125/outcome_jam_final_state_mse": 0.004231001719150668,
      "h125/outcome_jam_state_mse": 0.00324311838586346,
      "h125/outcome_miss_episode_count": 3,
      "h125/outcome_miss_final_state_mse": 0.0071852300681319895,
      "h125/outcome_miss_state_mse": 0.003686511669283599,
      "h125/outcome_partial_episode_count": 3,
      "h125/outcome_partial_final_state_mse": 0.0022344568293858197,
      "h125/outcome_partial_state_mse": 0.0021946573195114633,
      "h125/outcome_success_episode_count": 3,
      "h125/outcome_success_final_state_mse": 0.003869902659085841,
      "h125/outcome_success_state_mse": 0.0028282713048598347,
      "h125/state_mse": 0.0029881519990808823,
      "h20/episode_count": 15,
      "h20/final_state_mse": 0.003609637341468163,
      "h20/outcome_drop_episode_count": 3,
      "h20/outcome_drop_final_state_mse": 0.0035945061180326673,
      "h20/outcome_drop_state_mse": 0.0020165283695545073,
      "h20/outcome_jam_episode_count": 3,
      "h20/outcome_jam_final_state_mse": 0.0032779022174723007,
      "h20/outcome_jam_state_mse": 0.002433385451634725,
      "h20/outcome_miss_episode_count": 3,
      "h20/outcome_miss_final_state_mse": 0.004550474628903507,
      "h20/outcome_miss_state_mse": 0.005991811534158544,
      "h20/outcome_partial_episode_count": 3,
      "h20/outcome_partial_final_state_mse": 0.0033035821774426628,
      "h20/outcome_partial_state_mse": 0.0019333762281081256,
      "h20/outcome_success_episode_count": 3,
      "h20/outcome_success_final_state_mse": 0.00332172141939986,
      "h20/outcome_success_state_mse": 0.0019468967041938133,
      "h20/state_mse": 0.002864399579615375,
      "h30/episode_count": 15,
      "h30/final_state_mse": 0.0021693938697864806,
      "h30/outcome_drop_episode_count": 3,
      "h30/outcome_drop_final_state_mse": 0.0020539196682911294,
      "h30/outcome_drop_state_mse": 0.0020855758964106407,
      "h30/outcome_jam_episode_count": 3,
      "h30/outcome_jam_final_state_mse": 0.0024327809611956277,
      "h30/outcome_jam_state_mse": 0.002515082161930392,
      "h30/outcome_miss_episode_count": 3,
      "h30/outcome_miss_final_state_mse": 0.002255871989368613,
      "h30/outcome_miss_state_mse": 0.00482627280657068,
      "h30/outcome_partial_episode_count": 3,
      "h30/outcome_partial_final_state_mse": 0.001995200814764484,
      "h30/outcome_partial_state_mse": 0.001997401563690119,
      "h30/outcome_success_episode_count": 3,
      "h30/outcome_success_final_state_mse": 0.002109196158795575,
      "h30/outcome_success_state_mse": 0.002009197024218657,
      "h30/state_mse": 0.0026867060775590617,
      "h40/episode_count": 15,
      "h40/final_state_mse": 0.0029202719919042648,
      "h40/outcome_drop_episode_count": 3,
      "h40/outcome_drop_final_state_mse": 0.0025549804657892462,
      "h40/outcome_drop_state_mse": 0.0021608789761861165,
      "h40/outcome_jam_episode_count": 3,
      "h40/outcome_jam_final_state_mse": 0.002780138131450204,
      "h40/outcome_jam_state_mse": 0.0025647642565708533,
      "h40/outcome_miss_episode_count": 3,
      "h40/outcome_miss_final_state_mse": 0.003635482850417592,
      "h40/outcome_miss_state_mse": 0.004342067007924996,
      "h40/outcome_partial_episode_count": 3,
      "h40/outcome_partial_final_state_mse": 0.002791603649753371,
      "h40/outcome_partial_state_mse": 0.002082534592136059,
      "h40/outcome_success_episode_count": 3,
      "h40/outcome_success_final_state_mse": 0.0028391557386498044,
      "h40/outcome_success_state_mse": 0.002103288267173019,
      "h40/state_mse": 0.0026507067212871477,
      "h50/episode_count": 15,
      "h50/final_state_mse": 0.0022264516431521747,
      "h50/outcome_drop_episode_count": 3,
      "h50/outcome_drop_final_state_mse": 0.002375694125695945,
      "h50/outcome_drop_state_mse": 0.0022989471285950903,
      "h50/outcome_jam_episode_count": 3,
      "h50/outcome_jam_final_state_mse": 0.0027410367296801675,
      "h50/outcome_jam_state_mse": 0.002651091619254717,
      "h50/outcome_miss_episode_count": 3,
      "h50/outcome_miss_final_state_mse": 0.0019608392240175235,
      "h50/outcome_miss_state_mse": 0.0039032547146666285,
      "h50/outcome_partial_episode_count": 3,
      "h50/outcome_partial_final_state_mse": 0.0019768771831116644,
      "h50/outcome_partial_state_mse": 0.0021488123314053406,
      "h50/outcome_success_episode_count": 3,
      "h50/outcome_success_final_state_mse": 0.0020778111723902958,
      "h50/outcome_success_state_mse": 0.0021737067839678595,
      "h50/state_mse": 0.00263516255297692,
      "h75/episode_count": 15,
      "h75/final_state_mse": 0.0031011540905322905,
      "h75/outcome_drop_episode_count": 3,
      "h75/outcome_drop_final_state_mse": 0.002992260641132305,
      "h75/outcome_drop_state_mse": 0.0023474164310363903,
      "h75/outcome_jam_episode_count": 3,
      "h75/outcome_jam_final_state_mse": 0.0034246801648264618,
      "h75/outcome_jam_state_mse": 0.002727070685825057,
      "h75/outcome_miss_episode_count": 3,
      "h75/outcome_miss_final_state_mse": 0.003977920105254728,
      "h75/outcome_miss_state_mse": 0.003350489664181645,
      "h75/outcome_partial_episode_count": 3,
      "h75/outcome_partial_final_state_mse": 0.0022259335599693598,
      "h75/outcome_partial_state_mse": 0.0021647384743285333,
      "h75/outcome_success_episode_count": 3,
      "h75/outcome_success_final_state_mse": 0.0028849752510295193,
      "h75/outcome_success_state_mse": 0.0022218618205949374,
      "h75/state_mse": 0.002562315431815087,
      "max_requested_horizon": 125,
      "reencode_period": 20,
      "rollout_mode": "periodic_20"
    },
    "periodic_5": {
      "episode_count": 15,
      "h10/episode_count": 15,
      "h10/final_state_mse": 0.0016619283389421849,
      "h10/outcome_drop_episode_count": 3,
      "h10/outcome_drop_final_state_mse": 0.0011916843066418093,
      "h10/outcome_drop_state_mse": 0.0014876470846288345,
      "h10/outcome_jam_episode_count": 3,
      "h10/outcome_jam_final_state_mse": 0.001897517713456372,
      "h10/outcome_jam_state_mse": 0.0019323872974495483,
      "h10/outcome_miss_episode_count": 3,
      "h10/outcome_miss_final_state_mse": 0.002916322327127644,
      "h10/outcome_miss_state_mse": 0.009201442805770175,
      "h10/outcome_partial_episode_count": 3,
      "h10/outcome_partial_final_state_mse": 0.001130917030417062,
      "h10/outcome_partial_state_mse": 0.0013978334813336143,
      "h10/outcome_success_episode_count": 3,
      "h10/outcome_success_final_state_mse": 0.0011732001222816168,
      "h10/outcome_success_state_mse": 0.0014222552184185951,
      "h10/state_mse": 0.0030883130840226717,
      "h100/episode_count": 15,
      "h100/final_state_mse": 0.0030724830876768024,
      "h100/outcome_drop_episode_count": 3,
      "h100/outcome_drop_final_state_mse": 0.0033961775548317853,
      "h100/outcome_drop_state_mse": 0.0025299291673049427,
      "h100/outcome_jam_episode_count": 3,
      "h100/outcome_jam_final_state_mse": 0.0038373817756674647,
      "h100/outcome_jam_state_mse": 0.0031142194909987105,
      "h100/outcome_miss_episode_count": 3,
      "h100/outcome_miss_final_state_mse": 0.0025750786260841717,
      "h100/outcome_miss_state_mse": 0.00325393577027165,
      "h100/outcome_partial_episode_count": 3,
      "h100/outcome_partial_final_state_mse": 0.002105824186716204,
      "h100/outcome_partial_state_mse": 0.0021635503706589243,
      "h100/outcome_success_episode_count": 3,
      "h100/outcome_success_final_state_mse": 0.0034479539524885565,
      "h100/outcome_success_state_mse": 0.0025298950095581853,
      "h100/state_mse": 0.0027183059991574754,
      "h125/episode_count": 15,
      "h125/final_state_mse": 0.0044388088525510305,
      "h125/outcome_drop_episode_count": 3,
      "h125/outcome_drop_final_state_mse": 0.005372286135075139,
      "h125/outcome_drop_state_mse": 0.0030454222236583435,
      "h125/outcome_jam_episode_count": 3,
      "h125/outcome_jam_final_state_mse": 0.004370412259709602,
      "h125/outcome_jam_state_mse": 0.003369502348058364,
      "h125/outcome_miss_episode_count": 3,
      "h125/outcome_miss_final_state_mse": 0.006517715557338366,
      "h125/outcome_miss_state_mse": 0.003577432021596073,
      "h125/outcome_partial_episode_count": 3,
      "h125/outcome_partial_final_state_mse": 0.002131575414168289,
      "h125/outcome_partial_state_mse": 0.002167876623814402,
      "h125/outcome_success_episode_count": 3,
      "h125/outcome_success_final_state_mse": 0.003802054945160361,
      "h125/outcome_success_state_mse": 0.0028193667044047435,
      "h125/state_mse": 0.002995919819750817,
      "h20/episode_count": 15,
      "h20/final_state_mse": 0.0020702464907777075,
      "h20/outcome_drop_episode_count": 3,
      "h20/outcome_drop_final_state_mse": 0.0023227502025809942,
      "h20/outcome_drop_state_mse": 0.001699023698669633,
      "h20/outcome_jam_episode_count": 3,
      "h20/outcome_jam_final_state_mse": 0.002161222881351421,
      "h20/outcome_jam_state_mse": 0.0022106991873847115,
      "h20/outcome_miss_episode_count": 3,
      "h20/outcome_miss_final_state_mse": 0.002105771959607118,
      "h20/outcome_miss_state_mse": 0.006047067844789792,
      "h20/outcome_partial_episode_count": 3,
      "h20/outcome_partial_final_state_mse": 0.0018974332735429403,
      "h20/outcome_partial_state_mse": 0.0016122267916311626,
      "h20/outcome_success_episode_count": 3,
      "h20/outcome_success_final_state_mse": 0.0018640542585475772,
      "h20/outcome_success_state_mse": 0.0016353656263912424,
      "h20/state_mse": 0.0026408765206929127,
      "h30/episode_count": 15,
      "h30/final_state_mse": 0.002397509026371576,
      "h30/outcome_drop_episode_count": 3,
      "h30/outcome_drop_final_state_mse": 0.002349964154312034,
      "h30/outcome_drop_state_mse": 0.0019994848434182295,
      "h30/outcome_jam_episode_count": 3,
      "h30/outcome_jam_final_state_mse": 0.002690024917421777,
      "h30/outcome_jam_state_mse": 0.00249652711913996,
      "h30/outcome_miss_episode_count": 3,
      "h30/outcome_miss_final_state_mse": 0.0021591958364630057,
      "h30/outcome_miss_state_mse": 0.004883240718467563,
      "h30/outcome_partial_episode_count": 3,
      "h30/outcome_partial_final_state_mse": 0.0023498891371917102,
      "h30/outcome_partial_state_mse": 0.0019179048101886425,
      "h30/outcome_success_episode_count": 3,
      "h30/outcome_success_final_state_mse": 0.0024384715977837056,
      "h30/outcome_success_state_mse": 0.0019316446547414743,
      "h30/state_mse": 0.002645760662934879,
      "h40/episode_count": 15,
      "h40/final_state_mse": 0.0022386310926449846,
      "h40/outcome_drop_episode_count": 3,
      "h40/outcome_drop_final_state_mse": 0.0022640966512019337,
      "h40/outcome_drop_state_mse": 0.0021155626166100595,
      "h40/outcome_jam_episode_count": 3,
      "h40/outcome_jam_final_state_mse": 0.002176136703662623,
      "h40/outcome_jam_state_mse": 0.0026250773395588194,
      "h40/outcome_miss_episode_count": 3,
      "h40/outcome_miss_final_state_mse": 0.0023088420625605615,
      "h40/outcome_miss_state_mse": 0.0043140310088014295,
      "h40/outcome_partial_episode_count": 3,
      "h40/outcome_partial_final_state_mse": 0.0022243908515163498,
      "h40/outcome_partial_state_mse": 0.002088922379063625,
      "h40/outcome_success_episode_count": 3,
      "h40/outcome_success_final_state_mse": 0.002219688025564929,
      "h40/outcome_success_state_mse": 0.0021066571372786377,
      "h40/state_mse": 0.0026500499949735756,
      "h50/episode_count": 15,
      "h50/final_state_mse": 0.0024687986747891294,
      "h50/outcome_drop_episode_count": 3,
      "h50/outcome_drop_final_state_mse": 0.0024527267011162503,
      "h50/outcome_drop_state_mse": 0.0022511419907114863,
      "h50/outcome_jam_episode_count": 3,
      "h50/outcome_jam_final_state_mse": 0.003126015704052121,
      "h50/outcome_jam_state_mse": 0.002683652803009632,
      "h50/outcome_miss_episode_count": 3,
      "h50/outcome_miss_final_state_mse": 0.0023953378492710636,
      "h50/outcome_miss_state_mse": 0.004032959158903633,
      "h50/outcome_partial_episode_count": 3,
      "h50/outcome_partial_final_state_mse": 0.0021366539344288946,
      "h50/outcome_partial_state_mse": 0.0021420053407257677,
      "h50/outcome_success_episode_count": 3,
      "h50/outcome_success_final_state_mse": 0.0022332585520214504,
      "h50/outcome_success_state_mse": 0.0021586322784423826,
      "h50/state_mse": 0.0026536783455244077,
      "h75/episode_count": 15,
      "h75/final_state_mse": 0.0032663413901734195,
      "h75/outcome_drop_episode_count": 3,
      "h75/outcome_drop_final_state_mse": 0.003147480875448464,
      "h75/outcome_drop_state_mse": 0.002356299315142995,
      "h75/outcome_jam_episode_count": 3,
      "h75/outcome_jam_final_state_mse": 0.00347527554806541,
      "h75/outcome_jam_state_mse": 0.0028184505121900106,
      "h75/outcome_miss_episode_count": 3,
      "h75/outcome_miss_final_state_mse": 0.003467993214239482,
      "h75/outcome_miss_state_mse": 0.0035080410660222206,
      "h75/outcome_partial_episode_count": 3,
      "h75/outcome_partial_final_state_mse": 0.00265245977180456,
      "h75/outcome_partial_state_mse": 0.002216520496443206,
      "h75/outcome_success_episode_count": 3,
      "h75/outcome_success_final_state_mse": 0.0035884970299948273,
      "h75/outcome_success_state_mse": 0.0022734446722957303,
      "h75/state_mse": 0.0026345512705950435,
      "max_requested_horizon": 125,
      "reencode_period": 5,
      "rollout_mode": "periodic_5"
    },
    "periodic_50": {
      "episode_count": 15,
      "h10/episode_count": 15,
      "h10/final_state_mse": 0.0020463052138783573,
      "h10/outcome_drop_episode_count": 3,
      "h10/outcome_drop_final_state_mse": 0.0015932106796432944,
      "h10/outcome_drop_state_mse": 0.0015761202456904392,
      "h10/outcome_jam_episode_count": 3,
      "h10/outcome_jam_final_state_mse": 0.0027642914769696256,
      "h10/outcome_jam_state_mse": 0.0020640370113397736,
      "h10/outcome_miss_episode_count": 3,
      "h10/outcome_miss_final_state_mse": 0.002622389764178033,
      "h10/outcome_miss_state_mse": 0.008867357291427314,
      "h10/outcome_partial_episode_count": 3,
      "h10/outcome_partial_final_state_mse": 0.001623588035893596,
      "h10/outcome_partial_state_mse": 0.001489994825880512,
      "h10/outcome_success_episode_count": 3,
      "h10/outcome_success_final_state_mse": 0.0016280464292351717,
      "h10/outcome_success_state_mse": 0.0014992437915864333,
      "h10/state_mse": 0.0030993505241044984,
      "h100/episode_count": 15,
      "h100/final_state_mse": 3.4599928513071894,
      "h100/outcome_drop_episode_count": 3,
      "h100/outcome_drop_final_state_mse": 2.9837083255543426,
      "h100/outcome_drop_state_mse": 0.1886711190416922,
      "h100/outcome_jam_episode_count": 3,
      "h100/outcome_jam_final_state_mse": 3.0942806917078354,
      "h100/outcome_jam_state_mse": 0.20489563985587725,
      "h100/outcome_miss_episode_count": 3,
      "h100/outcome_miss_final_state_mse": 5.366281147875817,
      "h100/outcome_miss_state_mse": 0.35919380935968137,
      "h100/outcome_partial_episode_count": 3,
      "h100/outcome_partial_final_state_mse": 2.9027109582439747,
      "h100/outcome_partial_state_mse": 0.19468601800257865,
      "h100/outcome_success_episode_count": 3,
      "h100/outcome_success_final_state_mse": 2.952983955931819,
      "h100/outcome_success_state_mse": 0.19820704840367137,
      "h100/state_mse": 0.2291307444852941,
      "h125/episode_count": 15,
      "h125/final_state_mse": 0.7255379072201797,
      "h125/outcome_drop_episode_count": 3,
      "h125/outcome_drop_final_state_mse": 0.4674932193132787,
      "h125/outcome_drop_state_mse": 0.2563649854473039,
      "h125/outcome_jam_episode_count": 3,
      "h125/outcome_jam_final_state_mse": 0.655697785171808,
      "h125/outcome_jam_state_mse": 0.26714344777624593,
      "h125/outcome_miss_episode_count": 3,
      "h125/outcome_miss_final_state_mse": 1.2367099437838287,
      "h125/outcome_miss_state_mse": 0.4574132008272059,
      "h125/outcome_partial_episode_count": 3,
      "h125/outcome_partial_final_state_mse": 0.6387071235507142,
      "h125/outcome_partial_state_mse": 0.2562219222324346,
      "h125/outcome_success_episode_count": 3,
      "h125/outcome_success_final_state_mse": 0.6290813894832835,
      "h125/outcome_success_state_mse": 0.2614660915798611,
      "h125/state_mse": 0.2997219362745098,
      "h20/episode_count": 15,
      "h20/final_state_mse": 0.003609637341468163,
      "h20/outcome_drop_episode_count": 3,
      "h20/outcome_drop_final_state_mse": 0.0035945061180326673,
      "h20/outcome_drop_state_mse": 0.0020165283695545073,
      "h20/outcome_jam_episode_count": 3,
      "h20/outcome_jam_final_state_mse": 0.0032779022174723007,
      "h20/outcome_jam_state_mse": 0.002433385451634725,
      "h20/outcome_miss_episode_count": 3,
      "h20/outcome_miss_final_state_mse": 0.004550474628903507,
      "h20/outcome_miss_state_mse": 0.005991811534158544,
      "h20/outcome_partial_episode_count": 3,
      "h20/outcome_partial_final_state_mse": 0.0033035821774426628,
      "h20/outcome_partial_state_mse": 0.0019333762281081256,
      "h20/outcome_success_episode_count": 3,
      "h20/outcome_success_final_state_mse": 0.00332172141939986,
      "h20/outcome_success_state_mse": 0.0019468967041938133,
      "h20/state_mse": 0.002864399579615375,
      "h30/episode_count": 15,
      "h30/final_state_mse": 0.011860553267734502,
      "h30/outcome_drop_episode_count": 3,
      "h30/outcome_drop_final_state_mse": 0.01150354684567919,
      "h30/outcome_drop_state_mse": 0.003511409717967048,
      "h30/outcome_jam_episode_count": 3,
      "h30/outcome_jam_final_state_mse": 0.0115649579397214,
      "h30/outcome_jam_state_mse": 0.0039287213925962095,
      "h30/outcome_miss_episode_count": 3,
      "h30/outcome_miss_final_state_mse": 0.014149375600752488,
      "h30/outcome_miss_state_mse": 0.006903089469294662,
      "h30/outcome_partial_episode_count": 3,
      "h30/outcome_partial_final_state_mse": 0.011018886675242505,
      "h30/outcome_partial_state_mse": 0.003405052592292071,
      "h30/outcome_success_episode_count": 3,
      "h30/outcome_success_final_state_mse": 0.01106599927727693,
      "h30/outcome_success_state_mse": 0.0034285957776902807,
      "h30/state_mse": 0.004235373436755344,
      "h40/episode_count": 15,
      "h40/final_state_mse": 0.05241874246036305,
      "h40/outcome_drop_episode_count": 3,
      "h40/outcome_drop_final_state_mse": 0.04718556123621324,
      "h40/outcome_drop_state_mse": 0.009122888403001175,
      "h40/outcome_jam_episode_count": 3,
      "h40/outcome_jam_final_state_mse": 0.053347857169855656,
      "h40/outcome_jam_state_mse": 0.010122440375533759,
      "h40/outcome_miss_episode_count": 3,
      "h40/outcome_miss_final_state_mse": 0.05590471956464979,
      "h40/outcome_miss_state_mse": 0.012787879682054706,
      "h40/outcome_partial_episode_count": 3,
      "h40/outcome_partial_final_state_mse": 0.052240815817141066,
      "h40/outcome_partial_state_mse": 0.009473347663879394,
      "h40/outcome_success_episode_count": 3,
      "h40/outcome_success_final_state_mse": 0.05341476708455803,
      "h40/outcome_success_state_mse": 0.009611640568652184,
      "h40/state_mse": 0.010223638995800142,
      "h50/episode_count": 15,
      "h50/final_state_mse": 0.30663436191533905,
      "h50/outcome_drop_episode_count": 3,
      "h50/outcome_drop_final_state_mse": 0.22301158094717785,
      "h50/outcome_drop_state_mse": 0.03149139304566227,
      "h50/outcome_jam_episode_count": 3,
      "h50/outcome_jam_final_state_mse": 0.2601651927224951,
      "h50/outcome_jam_state_mse": 0.03618428199119817,
      "h50/outcome_miss_episode_count": 3,
      "h50/outcome_miss_final_state_mse": 0.5278111127466937,
      "h50/outcome_miss_state_mse": 0.05899618610057956,
      "h50/outcome_partial_episode_count": 3,
      "h50/outcome_partial_final_state_mse": 0.2606404840556625,
      "h50/outcome_partial_state_mse": 0.035947323967428765,
      "h50/outcome_success_episode_count": 3,
      "h50/outcome_success_final_state_mse": 0.2615434546875798,
      "h50/outcome_success_state_mse": 0.036403796127419064,
      "h50/state_mse": 0.03980459494995915,
      "h75/episode_count": 15,
      "h75/final_state_mse": 0.06991475423177083,
      "h75/outcome_drop_episode_count": 3,
      "h75/outcome_drop_final_state_mse": 0.059017958983876344,
      "h75/outcome_drop_state_mse": 0.04186604485272842,
      "h75/outcome_jam_episode_count": 3,
      "h75/outcome_jam_final_state_mse": 0.06520895007389044,
      "h75/outcome_jam_state_mse": 0.04540105150675722,
      "h75/outcome_miss_episode_count": 3,
      "h75/outcome_miss_final_state_mse": 0.10172951611038906,
      "h75/outcome_miss_state_mse": 0.06088424915322031,
      "h75/outcome_partial_episode_count": 3,
      "h75/outcome_partial_final_state_mse": 0.05997940138274548,
      "h75/outcome_partial_state_mse": 0.04534614513122957,
      "h75/outcome_success_episode_count": 3,
      "h75/outcome_success_final_state_mse": 0.06363794382880716,
      "h75/outcome_success_state_mse": 0.046086353975183826,
      "h75/state_mse": 0.047916773046023965,
      "max_requested_horizon": 125,
      "reencode_period": 50,
      "rollout_mode": "periodic_50"
    }
  },
  "split": "test",
  "support_alignment": {
    "contact_phase": {
      "contact_phase_family_ari": 0.01361620402632751,
      "contact_phase_family_nmi": 0.04455509937383906,
      "contact_phase_family_purity": 0.9996668887408394,
      "contact_phase_sample_count": 3002.0,
      "h_contact_phase_given_family": 0.0019608861665863773,
      "h_family_given_contact_phase": 0.18034913402218694,
      "unique_contact_phase_count": 2.0,
      "unique_family_count": 2.0
    },
    "contact_phase_alignment_available": true,
    "evaluated_state_count": 3017,
    "family_count": 2,
    "mean_family_similarity": 0.5407545566558838,
    "mean_support_size": 230.6042426251243,
    "outcome_alignment_available": true,
    "outcome_state": {
      "h_family_given_outcome": 0.0,
      "h_outcome_given_family": 1.6094379124341005,
      "outcome_family_ari": 0.0,
      "outcome_family_nmi": 0.0,
      "outcome_family_purity": 0.2,
      "outcome_sample_count": 15.0,
      "unique_family_count": 1.0,
      "unique_outcome_count": 5.0
    },
    "status": "ok",
    "unassigned_state_fraction": 0.0,
    "validation_state_count": 2346
  },
  "support_threshold": 0.2
}
{
  "best_periodic_rollout": {
    "episode_count": 15,
    "h10/episode_count": 15,
    "h10/final_state_mse": 0.002477728307636735,
    "h10/outcome_drop_episode_count": 3,
    "h10/outcome_drop_final_state_mse": 0.0016989198093320809,
    "h10/outcome_drop_state_mse": 0.0015724868751039692,
    "h10/outcome_jam_episode_count": 3,
    "h10/outcome_jam_final_state_mse": 0.0026739486584476395,
    "h10/outcome_jam_state_mse": 0.0021130413011787763,
    "h10/outcome_miss_episode_count": 3,
    "h10/outcome_miss_final_state_mse": 0.00474753703167236,
    "h10/outcome_miss_state_mse": 0.010735041331621557,
    "h10/outcome_partial_episode_count": 3,
    "h10/outcome_partial_final_state_mse": 0.0016173150122555252,
    "h10/outcome_partial_state_mse": 0.0014817800202400857,
    "h10/outcome_success_episode_count": 3,
    "h10/outcome_success_final_state_mse": 0.0016509210995209762,
    "h10/outcome_success_state_mse": 0.00150468647480011,
    "h10/selected_mode": "periodic_5",
    "h10/selected_period": 5,
    "h10/state_mse": 0.003481407664180581,
    "h100/episode_count": 15,
    "h100/final_state_mse": 0.0028909888921999465,
    "h100/outcome_drop_episode_count": 3,
    "h100/outcome_drop_final_state_mse": 0.002918912986524744,
    "h100/outcome_drop_state_mse": 0.0025140652002072802,
    "h100/outcome_jam_episode_count": 3,
    "h100/outcome_jam_final_state_mse": 0.0034333585329305114,
    "h100/outcome_jam_state_mse": 0.0030102365780500027,
    "h100/outcome_miss_episode_count": 3,
    "h100/outcome_miss_final_state_mse": 0.0019766751652449564,
    "h100/outcome_miss_state_mse": 0.003140375847909965,
    "h100/outcome_partial_episode_count": 3,
    "h100/outcome_partial_final_state_mse": 0.002446747439749101,
    "h100/outcome_partial_state_mse": 0.0021738320705937406,
    "h100/outcome_success_episode_count": 3,
    "h100/outcome_success_final_state_mse": 0.0036792510183028928,
    "h100/outcome_success_state_mse": 0.002429635228674396,
    "h100/selected_mode": "periodic_10",
    "h100/selected_period": 10,
    "h100/state_mse": 0.002653629078584559,
    "h125/episode_count": 15,
    "h125/final_state_mse": 0.0034725600597905176,
    "h125/outcome_drop_episode_count": 3,
    "h125/outcome_drop_final_state_mse": 0.004520661106296614,
    "h125/outcome_drop_state_mse": 0.0027447975009095437,
    "h125/outcome_jam_episode_count": 3,
    "h125/outcome_jam_final_state_mse": 0.004095554351806641,
    "h125/outcome_jam_state_mse": 0.003153832878162658,
    "h125/outcome_miss_episode_count": 3,
    "h125/outcome_miss_final_state_mse": 0.0032865942449741116,
    "h125/outcome_miss_state_mse": 0.0030912511987623826,
    "h125/outcome_partial_episode_count": 3,
    "h125/outcome_partial_final_state_mse": 0.0023035939320240144,
    "h125/outcome_partial_state_mse": 0.0022138142803915187,
    "h125/outcome_success_episode_count": 3,
    "h125/outcome_success_final_state_mse": 0.0031563971751655626,
    "h125/outcome_success_state_mse": 0.0025532732446209277,
    "h125/selected_mode": "periodic_10",
    "h125/selected_period": 10,
    "h125/state_mse": 0.0027513936759599672,
    "h20/episode_count": 15,
    "h20/final_state_mse": 0.0021797552607417886,
    "h20/outcome_drop_episode_count": 3,
    "h20/outcome_drop_final_state_mse": 0.0020738902678287107,
    "h20/outcome_drop_state_mse": 0.001700925515368094,
    "h20/outcome_jam_episode_count": 3,
    "h20/outcome_jam_final_state_mse": 0.002243157354445239,
    "h20/outcome_jam_state_mse": 0.0022195349721347585,
    "h20/outcome_miss_episode_count": 3,
    "h20/outcome_miss_final_state_mse": 0.0029016027068780137,
    "h20/outcome_miss_state_mse": 0.0074019006654327995,
    "h20/outcome_partial_episode_count": 3,
    "h20/outcome_partial_final_state_mse": 0.001819942511764227,
    "h20/outcome_partial_state_mse": 0.00161113581236671,
    "h20/outcome_success_episode_count": 3,
    "h20/outcome_success_final_state_mse": 0.0018601827810402788,
    "h20/outcome_success_state_mse": 0.001639133497001299,
    "h20/selected_mode": "periodic_5",
    "h20/selected_period": 5,
    "h20/state_mse": 0.002914526446972018,
    "h30/episode_count": 15,
    "h30/final_state_mse": 0.0019049624212427077,
    "h30/outcome_drop_episode_count": 3,
    "h30/outcome_drop_final_state_mse": 0.0017380673754838556,
    "h30/outcome_drop_state_mse": 0.0017668455254797842,
    "h30/outcome_jam_episode_count": 3,
    "h30/outcome_jam_final_state_mse": 0.002118165951733496,
    "h30/outcome_jam_state_mse": 0.0022938194877441674,
    "h30/outcome_miss_episode_count": 3,
    "h30/outcome_miss_final_state_mse": 0.0021702058467210506,
    "h30/outcome_miss_state_mse": 0.00584271738472068,
    "h30/outcome_partial_episode_count": 3,
    "h30/outcome_partial_final_state_mse": 0.0017176064498284284,
    "h30/outcome_partial_state_mse": 0.0016766584257154942,
    "h30/outcome_success_episode_count": 3,
    "h30/outcome_success_final_state_mse": 0.0017807661172221689,
    "h30/outcome_success_state_mse": 0.001699397273053271,
    "h30/selected_mode": "periodic_5",
    "h30/selected_period": 5,
    "h30/state_mse": 0.0026558876453142023,
    "h40/episode_count": 15,
    "h40/final_state_mse": 0.0017739553077548158,
    "h40/outcome_drop_episode_count": 3,
    "h40/outcome_drop_final_state_mse": 0.002031560646357879,
    "h40/outcome_drop_state_mse": 0.0018813875376009473,
    "h40/outcome_jam_episode_count": 3,
    "h40/outcome_jam_final_state_mse": 0.0016479361193631988,
    "h40/outcome_jam_state_mse": 0.002282685002470328,
    "h40/outcome_miss_episode_count": 3,
    "h40/outcome_miss_final_state_mse": 0.0019486924402074876,
    "h40/outcome_miss_state_mse": 0.004970259759940353,
    "h40/outcome_partial_episode_count": 3,
    "h40/outcome_partial_final_state_mse": 0.001619117979715073,
    "h40/outcome_partial_state_mse": 0.0016910953069824018,
    "h40/outcome_success_episode_count": 3,
    "h40/outcome_success_final_state_mse": 0.001622468817467783,
    "h40/outcome_success_state_mse": 0.0017143387810077543,
    "h40/selected_mode": "periodic_5",
    "h40/selected_period": 5,
    "h40/state_mse": 0.0025079530204822815,
    "h50/episode_count": 15,
    "h50/final_state_mse": 0.002136052667705062,
    "h50/outcome_drop_episode_count": 3,
    "h50/outcome_drop_final_state_mse": 0.0025416976632246006,
    "h50/outcome_drop_state_mse": 0.0021188466065849352,
    "h50/outcome_jam_episode_count": 3,
    "h50/outcome_jam_final_state_mse": 0.0028249154877818487,
    "h50/outcome_jam_state_mse": 0.002345604865379583,
    "h50/outcome_miss_episode_count": 3,
    "h50/outcome_miss_final_state_mse": 0.0015866082234709871,
    "h50/outcome_miss_state_mse": 0.0043784616507735906,
    "h50/outcome_partial_episode_count": 3,
    "h50/outcome_partial_final_state_mse": 0.0018383775369014616,
    "h50/outcome_partial_state_mse": 0.0017209848391464334,
    "h50/outcome_success_episode_count": 3,
    "h50/outcome_success_final_state_mse": 0.0018886640619218738,
    "h50/outcome_success_state_mse": 0.0017447849348479626,
    "h50/selected_mode": "periodic_5",
    "h50/selected_period": 5,
    "h50/state_mse": 0.0024617367414088032,
    "h75/episode_count": 15,
    "h75/final_state_mse": 0.004156164406171811,
    "h75/outcome_drop_episode_count": 3,
    "h75/outcome_drop_final_state_mse": 0.003649639659652523,
    "h75/outcome_drop_state_mse": 0.0025707399871094812,
    "h75/outcome_jam_episode_count": 3,
    "h75/outcome_jam_final_state_mse": 0.004614532237348993,
    "h75/outcome_jam_state_mse": 0.002766062169293173,
    "h75/outcome_miss_episode_count": 3,
    "h75/outcome_miss_final_state_mse": 0.0047732720675032125,
    "h75/outcome_miss_state_mse": 0.0037946055293862336,
    "h75/outcome_partial_episode_count": 3,
    "h75/outcome_partial_final_state_mse": 0.003502527337058697,
    "h75/outcome_partial_state_mse": 0.002020875976496013,
    "h75/outcome_success_episode_count": 3,
    "h75/outcome_success_final_state_mse": 0.0042408518736658535,
    "h75/outcome_success_state_mse": 0.002079319943529848,
    "h75/selected_mode": "periodic_5",
    "h75/selected_period": 5,
    "h75/state_mse": 0.0026463208167381534,
    "max_requested_horizon": 125,
    "periodic_reencode_periods": [
      1,
      2,
      5,
      10,
      20,
      50,
      100
    ],
    "rollout_mode": "best_periodic"
  },
  "checkpoint": "runs/maniskill_insertion/perturbation_e20_5k_lista_optimizer_refine_20260604_155050/lista_relu_a0p01_sp1em4_loops2_lr3em4_wd1em4_k1em5/seed2/checkpoint.pt",
  "checkpoint_step": 1500,
  "dataset": "data/maniskill/perturbation_assessment_seed0_e20/all_setups.npz",
  "device": "cuda",
  "family_jaccard": 0.4,
  "horizons": [
    10,
    20,
    30,
    40,
    50,
    75,
    100,
    125
  ],
  "labels_used_for_training": false,
  "periodic_reencode_periods": [
    1,
    2,
    5,
    10,
    20,
    50,
    100
  ],
  "rollout": {
    "episode_count": 15,
    "h10/episode_count": 15,
    "h10/final_state_mse": 0.003646754906847586,
    "h10/outcome_drop_episode_count": 3,
    "h10/outcome_drop_final_state_mse": 0.0030759387692205265,
    "h10/outcome_drop_state_mse": 0.001981098024673711,
    "h10/outcome_jam_episode_count": 3,
    "h10/outcome_jam_final_state_mse": 0.004570310314496358,
    "h10/outcome_jam_state_mse": 0.002601400621576247,
    "h10/outcome_miss_episode_count": 3,
    "h10/outcome_miss_final_state_mse": 0.004430202389854232,
    "h10/outcome_miss_state_mse": 0.010300119717915853,
    "h10/outcome_partial_episode_count": 3,
    "h10/outcome_partial_final_state_mse": 0.003089408785883897,
    "h10/outcome_partial_state_mse": 0.0019123978084988065,
    "h10/outcome_success_episode_count": 3,
    "h10/outcome_success_final_state_mse": 0.003067913422592325,
    "h10/outcome_success_state_mse": 0.0019200672705968222,
    "h10/state_mse": 0.0037430166107377196,
    "h100/episode_count": 15,
    "h100/final_state_mse": 164596.2248366013,
    "h100/outcome_drop_episode_count": 3,
    "h100/outcome_drop_final_state_mse": 103217.83496732026,
    "h100/outcome_drop_state_mse": 4565.350588235294,
    "h100/outcome_jam_episode_count": 3,
    "h100/outcome_jam_final_state_mse": 111961.56290849674,
    "h100/outcome_jam_state_mse": 4956.491535947713,
    "h100/outcome_miss_episode_count": 3,
    "h100/outcome_miss_final_state_mse": 393956.9869281046,
    "h100/outcome_miss_state_mse": 16821.263267973856,
    "h100/outcome_partial_episode_count": 3,
    "h100/outcome_partial_final_state_mse": 107645.72222222222,
    "h100/outcome_partial_state_mse": 4758.348921568628,
    "h100/outcome_success_episode_count": 3,
    "h100/outcome_success_final_state_mse": 106198.99183006537,
    "h100/outcome_success_state_mse": 4700.016078431373,
    "h100/state_mse": 7160.29322875817,
    "h125/episode_count": 15,
    "h125/final_state_mse": 81292353.58954248,
    "h125/outcome_drop_episode_count": 3,
    "h125/outcome_drop_final_state_mse": 46268957.69934641,
    "h125/outcome_drop_state_mse": 1789365.482248366,
    "h125/outcome_jam_episode_count": 3,
    "h125/outcome_jam_final_state_mse": 45577295.477124184,
    "h125/outcome_jam_state_mse": 1790750.9073986928,
    "h125/outcome_miss_episode_count": 3,
    "h125/outcome_miss_final_state_mse": 222702504.99346405,
    "h125/outcome_miss_state_mse": 8101025.537673202,
    "h125/outcome_partial_episode_count": 3,
    "h125/outcome_partial_final_state_mse": 45795259.81699347,
    "h125/outcome_partial_state_mse": 1788068.9911633986,
    "h125/outcome_success_episode_count": 3,
    "h125/outcome_success_final_state_mse": 46117736.15686274,
    "h125/outcome_success_state_mse": 1793601.3486013073,
    "h125/state_mse": 3052562.3650718955,
    "h20/episode_count": 15,
    "h20/final_state_mse": 0.013551599839154412,
    "h20/outcome_drop_episode_count": 3,
    "h20/outcome_drop_final_state_mse": 0.012612736400435953,
    "h20/outcome_drop_state_mse": 0.004711296628503238,
    "h20/outcome_jam_episode_count": 3,
    "h20/outcome_jam_final_state_mse": 0.013064960833468468,
    "h20/outcome_jam_state_mse": 0.005225559426288978,
    "h20/outcome_miss_episode_count": 3,
    "h20/outcome_miss_final_state_mse": 0.01696087215460983,
    "h20/outcome_miss_state_mse": 0.010004355237374897,
    "h20/outcome_partial_episode_count": 3,
    "h20/outcome_partial_final_state_mse": 0.012600403546897414,
    "h20/outcome_partial_state_mse": 0.00465703057307823,
    "h20/outcome_success_episode_count": 3,
    "h20/outcome_success_final_state_mse": 0.012519033370064754,
    "h20/outcome_success_state_mse": 0.004653931326336331,
    "h20/state_mse": 0.005850434646107792,
    "h30/episode_count": 15,
    "h30/final_state_mse": 0.04352604485804738,
    "h30/outcome_drop_episode_count": 3,
    "h30/outcome_drop_final_state_mse": 0.037954415371215425,
    "h30/outcome_drop_state_mse": 0.011261993919322694,
    "h30/outcome_jam_episode_count": 3,
    "h30/outcome_jam_final_state_mse": 0.040261373021244225,
    "h30/outcome_jam_state_mse": 0.011852540221868777,
    "h30/outcome_miss_episode_count": 3,
    "h30/outcome_miss_final_state_mse": 0.061955707525116165,
    "h30/outcome_miss_state_mse": 0.019677275198477284,
    "h30/outcome_partial_episode_count": 3,
    "h30/outcome_partial_final_state_mse": 0.038739040786144784,
    "h30/outcome_partial_state_mse": 0.011241199767667484,
    "h30/outcome_success_episode_count": 3,
    "h30/outcome_success_final_state_mse": 0.03871969771541022,
    "h30/outcome_success_state_mse": 0.011215057248383566,
    "h30/state_mse": 0.013049612938708469,
    "h40/episode_count": 15,
    "h40/final_state_mse": 0.14094162485957926,
    "h40/outcome_drop_episode_count": 3,
    "h40/outcome_drop_final_state_mse": 0.09775957095077614,
    "h40/outcome_drop_state_mse": 0.025349390117171543,
    "h40/outcome_jam_episode_count": 3,
    "h40/outcome_jam_final_state_mse": 0.11357669269337374,
    "h40/outcome_jam_state_mse": 0.027369921191845066,
    "h40/outcome_miss_episode_count": 3,
    "h40/outcome_miss_final_state_mse": 0.2646724881689533,
    "h40/outcome_miss_state_mse": 0.04590862124573951,
    "h40/outcome_partial_episode_count": 3,
    "h40/outcome_partial_final_state_mse": 0.11351176180870705,
    "h40/outcome_partial_state_mse": 0.026619947346207363,
    "h40/outcome_success_episode_count": 3,
    "h40/outcome_success_final_state_mse": 0.11518760444292056,
    "h40/outcome_success_state_mse": 0.02665376102223116,
    "h40/state_mse": 0.030380328807955475,
    "h50/episode_count": 15,
    "h50/final_state_mse": 1.658258016748366,
    "h50/outcome_drop_episode_count": 3,
    "h50/outcome_drop_final_state_mse": 0.7991338243671492,
    "h50/outcome_drop_state_mse": 0.08871990328520732,
    "h50/outcome_jam_episode_count": 3,
    "h50/outcome_jam_final_state_mse": 0.7805549895841312,
    "h50/outcome_jam_state_mse": 0.09161292780458538,
    "h50/outcome_miss_episode_count": 3,
    "h50/outcome_miss_final_state_mse": 5.025700388391034,
    "h50/outcome_miss_state_mse": 0.42039719924428104,
    "h50/outcome_partial_episode_count": 3,
    "h50/outcome_partial_final_state_mse": 0.8344443452124503,
    "h50/outcome_partial_state_mse": 0.09436283685023489,
    "h50/outcome_success_episode_count": 3,
    "h50/outcome_success_final_state_mse": 0.8514559502695122,
    "h50/outcome_success_state_mse": 0.09577874676074857,
    "h50/state_mse": 0.15817432598039216,
    "h75/episode_count": 15,
    "h75/final_state_mse": 356.86960784313726,
    "h75/outcome_drop_episode_count": 3,
    "h75/outcome_drop_final_state_mse": 264.99414700776146,
    "h75/outcome_drop_state_mse": 17.267745949074072,
    "h75/outcome_jam_episode_count": 3,
    "h75/outcome_jam_final_state_mse": 266.4817835988562,
    "h75/outcome_jam_state_mse": 16.90054772603486,
    "h75/outcome_miss_episode_count": 3,
    "h75/outcome_miss_final_state_mse": 723.3234272875817,
    "h75/outcome_miss_state_mse": 55.87204248366013,
    "h75/outcome_partial_episode_count": 3,
    "h75/outcome_partial_final_state_mse": 263.3008386948529,
    "h75/outcome_partial_state_mse": 16.87270509940087,
    "h75/outcome_success_episode_count": 3,
    "h75/outcome_success_final_state_mse": 266.2478968801062,
    "h75/outcome_success_state_mse": 17.173235974945534,
    "h75/state_mse": 24.817254901960784,
    "max_requested_horizon": 125,
    "reencode_period": null,
    "rollout_mode": "no_reencode"
  },
  "rollout_modes": {
    "no_reencode": {
      "episode_count": 15,
      "h10/episode_count": 15,
      "h10/final_state_mse": 0.003646754906847586,
      "h10/outcome_drop_episode_count": 3,
      "h10/outcome_drop_final_state_mse": 0.0030759387692205265,
      "h10/outcome_drop_state_mse": 0.001981098024673711,
      "h10/outcome_jam_episode_count": 3,
      "h10/outcome_jam_final_state_mse": 0.004570310314496358,
      "h10/outcome_jam_state_mse": 0.002601400621576247,
      "h10/outcome_miss_episode_count": 3,
      "h10/outcome_miss_final_state_mse": 0.004430202389854232,
      "h10/outcome_miss_state_mse": 0.010300119717915853,
      "h10/outcome_partial_episode_count": 3,
      "h10/outcome_partial_final_state_mse": 0.003089408785883897,
      "h10/outcome_partial_state_mse": 0.0019123978084988065,
      "h10/outcome_success_episode_count": 3,
      "h10/outcome_success_final_state_mse": 0.003067913422592325,
      "h10/outcome_success_state_mse": 0.0019200672705968222,
      "h10/state_mse": 0.0037430166107377196,
      "h100/episode_count": 15,
      "h100/final_state_mse": 164596.2248366013,
      "h100/outcome_drop_episode_count": 3,
      "h100/outcome_drop_final_state_mse": 103217.83496732026,
      "h100/outcome_drop_state_mse": 4565.350588235294,
      "h100/outcome_jam_episode_count": 3,
      "h100/outcome_jam_final_state_mse": 111961.56290849674,
      "h100/outcome_jam_state_mse": 4956.491535947713,
      "h100/outcome_miss_episode_count": 3,
      "h100/outcome_miss_final_state_mse": 393956.9869281046,
      "h100/outcome_miss_state_mse": 16821.263267973856,
      "h100/outcome_partial_episode_count": 3,
      "h100/outcome_partial_final_state_mse": 107645.72222222222,
      "h100/outcome_partial_state_mse": 4758.348921568628,
      "h100/outcome_success_episode_count": 3,
      "h100/outcome_success_final_state_mse": 106198.99183006537,
      "h100/outcome_success_state_mse": 4700.016078431373,
      "h100/state_mse": 7160.29322875817,
      "h125/episode_count": 15,
      "h125/final_state_mse": 81292353.58954248,
      "h125/outcome_drop_episode_count": 3,
      "h125/outcome_drop_final_state_mse": 46268957.69934641,
      "h125/outcome_drop_state_mse": 1789365.482248366,
      "h125/outcome_jam_episode_count": 3,
      "h125/outcome_jam_final_state_mse": 45577295.477124184,
      "h125/outcome_jam_state_mse": 1790750.9073986928,
      "h125/outcome_miss_episode_count": 3,
      "h125/outcome_miss_final_state_mse": 222702504.99346405,
      "h125/outcome_miss_state_mse": 8101025.537673202,
      "h125/outcome_partial_episode_count": 3,
      "h125/outcome_partial_final_state_mse": 45795259.81699347,
      "h125/outcome_partial_state_mse": 1788068.9911633986,
      "h125/outcome_success_episode_count": 3,
      "h125/outcome_success_final_state_mse": 46117736.15686274,
      "h125/outcome_success_state_mse": 1793601.3486013073,
      "h125/state_mse": 3052562.3650718955,
      "h20/episode_count": 15,
      "h20/final_state_mse": 0.013551599839154412,
      "h20/outcome_drop_episode_count": 3,
      "h20/outcome_drop_final_state_mse": 0.012612736400435953,
      "h20/outcome_drop_state_mse": 0.004711296628503238,
      "h20/outcome_jam_episode_count": 3,
      "h20/outcome_jam_final_state_mse": 0.013064960833468468,
      "h20/outcome_jam_state_mse": 0.005225559426288978,
      "h20/outcome_miss_episode_count": 3,
      "h20/outcome_miss_final_state_mse": 0.01696087215460983,
      "h20/outcome_miss_state_mse": 0.010004355237374897,
      "h20/outcome_partial_episode_count": 3,
      "h20/outcome_partial_final_state_mse": 0.012600403546897414,
      "h20/outcome_partial_state_mse": 0.00465703057307823,
      "h20/outcome_success_episode_count": 3,
      "h20/outcome_success_final_state_mse": 0.012519033370064754,
      "h20/outcome_success_state_mse": 0.004653931326336331,
      "h20/state_mse": 0.005850434646107792,
      "h30/episode_count": 15,
      "h30/final_state_mse": 0.04352604485804738,
      "h30/outcome_drop_episode_count": 3,
      "h30/outcome_drop_final_state_mse": 0.037954415371215425,
      "h30/outcome_drop_state_mse": 0.011261993919322694,
      "h30/outcome_jam_episode_count": 3,
      "h30/outcome_jam_final_state_mse": 0.040261373021244225,
      "h30/outcome_jam_state_mse": 0.011852540221868777,
      "h30/outcome_miss_episode_count": 3,
      "h30/outcome_miss_final_state_mse": 0.061955707525116165,
      "h30/outcome_miss_state_mse": 0.019677275198477284,
      "h30/outcome_partial_episode_count": 3,
      "h30/outcome_partial_final_state_mse": 0.038739040786144784,
      "h30/outcome_partial_state_mse": 0.011241199767667484,
      "h30/outcome_success_episode_count": 3,
      "h30/outcome_success_final_state_mse": 0.03871969771541022,
      "h30/outcome_success_state_mse": 0.011215057248383566,
      "h30/state_mse": 0.013049612938708469,
      "h40/episode_count": 15,
      "h40/final_state_mse": 0.14094162485957926,
      "h40/outcome_drop_episode_count": 3,
      "h40/outcome_drop_final_state_mse": 0.09775957095077614,
      "h40/outcome_drop_state_mse": 0.025349390117171543,
      "h40/outcome_jam_episode_count": 3,
      "h40/outcome_jam_final_state_mse": 0.11357669269337374,
      "h40/outcome_jam_state_mse": 0.027369921191845066,
      "h40/outcome_miss_episode_count": 3,
      "h40/outcome_miss_final_state_mse": 0.2646724881689533,
      "h40/outcome_miss_state_mse": 0.04590862124573951,
      "h40/outcome_partial_episode_count": 3,
      "h40/outcome_partial_final_state_mse": 0.11351176180870705,
      "h40/outcome_partial_state_mse": 0.026619947346207363,
      "h40/outcome_success_episode_count": 3,
      "h40/outcome_success_final_state_mse": 0.11518760444292056,
      "h40/outcome_success_state_mse": 0.02665376102223116,
      "h40/state_mse": 0.030380328807955475,
      "h50/episode_count": 15,
      "h50/final_state_mse": 1.658258016748366,
      "h50/outcome_drop_episode_count": 3,
      "h50/outcome_drop_final_state_mse": 0.7991338243671492,
      "h50/outcome_drop_state_mse": 0.08871990328520732,
      "h50/outcome_jam_episode_count": 3,
      "h50/outcome_jam_final_state_mse": 0.7805549895841312,
      "h50/outcome_jam_state_mse": 0.09161292780458538,
      "h50/outcome_miss_episode_count": 3,
      "h50/outcome_miss_final_state_mse": 5.025700388391034,
      "h50/outcome_miss_state_mse": 0.42039719924428104,
      "h50/outcome_partial_episode_count": 3,
      "h50/outcome_partial_final_state_mse": 0.8344443452124503,
      "h50/outcome_partial_state_mse": 0.09436283685023489,
      "h50/outcome_success_episode_count": 3,
      "h50/outcome_success_final_state_mse": 0.8514559502695122,
      "h50/outcome_success_state_mse": 0.09577874676074857,
      "h50/state_mse": 0.15817432598039216,
      "h75/episode_count": 15,
      "h75/final_state_mse": 356.86960784313726,
      "h75/outcome_drop_episode_count": 3,
      "h75/outcome_drop_final_state_mse": 264.99414700776146,
      "h75/outcome_drop_state_mse": 17.267745949074072,
      "h75/outcome_jam_episode_count": 3,
      "h75/outcome_jam_final_state_mse": 266.4817835988562,
      "h75/outcome_jam_state_mse": 16.90054772603486,
      "h75/outcome_miss_episode_count": 3,
      "h75/outcome_miss_final_state_mse": 723.3234272875817,
      "h75/outcome_miss_state_mse": 55.87204248366013,
      "h75/outcome_partial_episode_count": 3,
      "h75/outcome_partial_final_state_mse": 263.3008386948529,
      "h75/outcome_partial_state_mse": 16.87270509940087,
      "h75/outcome_success_episode_count": 3,
      "h75/outcome_success_final_state_mse": 266.2478968801062,
      "h75/outcome_success_state_mse": 17.173235974945534,
      "h75/state_mse": 24.817254901960784,
      "max_requested_horizon": 125,
      "reencode_period": null,
      "rollout_mode": "no_reencode"
    },
    "periodic_1": {
      "episode_count": 15,
      "h10/episode_count": 15,
      "h10/final_state_mse": 0.0032638852113212637,
      "h10/outcome_drop_episode_count": 3,
      "h10/outcome_drop_final_state_mse": 0.0019141308281546325,
      "h10/outcome_drop_state_mse": 0.0017101770522547704,
      "h10/outcome_jam_episode_count": 3,
      "h10/outcome_jam_final_state_mse": 0.002474215733849145,
      "h10/outcome_jam_state_mse": 0.0022591604126824274,
      "h10/outcome_miss_episode_count": 3,
      "h10/outcome_miss_final_state_mse": 0.008040131599295373,
      "h10/outcome_miss_state_mse": 0.014373226415098103,
      "h10/outcome_partial_episode_count": 3,
      "h10/outcome_partial_final_state_mse": 0.0019508064085362003,
      "h10/outcome_partial_state_mse": 0.001603700113452338,
      "h10/outcome_success_episode_count": 3,
      "h10/outcome_success_final_state_mse": 0.0019401412189396377,
      "h10/outcome_success_state_mse": 0.0016296541184381722,
      "h10/state_mse": 0.0043151835522620505,
      "h100/episode_count": 15,
      "h100/final_state_mse": 0.009196942771961486,
      "h100/outcome_drop_episode_count": 3,
      "h100/outcome_drop_final_state_mse": 0.011259304736953935,
      "h100/outcome_drop_state_mse": 0.005127911910512089,
      "h100/outcome_jam_episode_count": 3,
      "h100/outcome_jam_final_state_mse": 0.006275816777952356,
      "h100/outcome_jam_state_mse": 0.004018740685157527,
      "h100/outcome_miss_episode_count": 3,
      "h100/outcome_miss_final_state_mse": 0.016271600244092008,
      "h100/outcome_miss_state_mse": 0.023985836552638633,
      "h100/outcome_partial_episode_count": 3,
      "h100/outcome_partial_final_state_mse": 0.006376572488959319,
      "h100/outcome_partial_state_mse": 0.003307075126498353,
      "h100/outcome_success_episode_count": 3,
      "h100/outcome_success_final_state_mse": 0.005801419222276974,
      "h100/outcome_success_state_mse": 0.0034912372414582695,
      "h100/state_mse": 0.007986160577512254,
      "h125/episode_count": 15,
      "h125/final_state_mse": 0.009471016304165709,
      "h125/outcome_drop_episode_count": 3,
      "h125/outcome_drop_final_state_mse": 0.007636665713553335,
      "h125/outcome_drop_state_mse": 0.006403972351473141,
      "h125/outcome_jam_episode_count": 3,
      "h125/outcome_jam_final_state_mse": 0.009220298598794377,
      "h125/outcome_jam_state_mse": 0.005178798501008476,
      "h125/outcome_miss_episode_count": 3,
      "h125/outcome_miss_final_state_mse": 0.020082979420431298,
      "h125/outcome_miss_state_mse": 0.02258265017839818,
      "h125/outcome_partial_episode_count": 3,
      "h125/outcome_partial_final_state_mse": 0.0039117380100138046,
      "h125/outcome_partial_state_mse": 0.0034682893441393484,
      "h125/outcome_success_episode_count": 3,
      "h125/outcome_success_final_state_mse": 0.006503399875428941,
      "h125/outcome_success_state_mse": 0.0042286406373666,
      "h125/state_mse": 0.00837246923508987,
      "h20/episode_count": 15,
      "h20/final_state_mse": 0.004024632771809896,
      "h20/outcome_drop_episode_count": 3,
      "h20/outcome_drop_final_state_mse": 0.003625448379251692,
      "h20/outcome_drop_state_mse": 0.0024071616284987505,
      "h20/outcome_jam_episode_count": 3,
      "h20/outcome_jam_final_state_mse": 0.0038188772848229,
      "h20/outcome_jam_state_mse": 0.0028878060431262245,
      "h20/outcome_miss_episode_count": 3,
      "h20/outcome_miss_final_state_mse": 0.006037297299484801,
      "h20/outcome_miss_state_mse": 0.01042361742530773,
      "h20/outcome_partial_episode_count": 3,
      "h20/outcome_partial_final_state_mse": 0.0033112240870014514,
      "h20/outcome_partial_state_mse": 0.002300344339383194,
      "h20/outcome_success_episode_count": 3,
      "h20/outcome_success_final_state_mse": 0.003330315493680293,
      "h20/outcome_success_state_mse": 0.0023369983130810306,
      "h20/state_mse": 0.004071185542087929,
      "h30/episode_count": 15,
      "h30/final_state_mse": 0.00551860036413654,
      "h30/outcome_drop_episode_count": 3,
      "h30/outcome_drop_final_state_mse": 0.0030579090702767464,
      "h30/outcome_drop_state_mse": 0.002695216176816321,
      "h30/outcome_jam_episode_count": 3,
      "h30/outcome_jam_final_state_mse": 0.0037935484760726976,
      "h30/outcome_jam_state_mse": 0.003127617358122516,
      "h30/outcome_miss_episode_count": 3,
      "h30/outcome_miss_final_state_mse": 0.014323546216378803,
      "h30/outcome_miss_state_mse": 0.01043830489281216,
      "h30/outcome_partial_episode_count": 3,
      "h30/outcome_partial_final_state_mse": 0.003167644386587579,
      "h30/outcome_partial_state_mse": 0.002580719472016644,
      "h30/outcome_success_episode_count": 3,
      "h30/outcome_success_final_state_mse": 0.003250354377467648,
      "h30/outcome_success_state_mse": 0.0026239273075444507,
      "h30/state_mse": 0.004293157041462418,
      "h40/episode_count": 15,
      "h40/final_state_mse": 0.008941980748394735,
      "h40/outcome_drop_episode_count": 3,
      "h40/outcome_drop_final_state_mse": 0.004082558688774608,
      "h40/outcome_drop_state_mse": 0.002974028992497064,
      "h40/outcome_jam_episode_count": 3,
      "h40/outcome_jam_final_state_mse": 0.0030567132277426376,
      "h40/outcome_jam_state_mse": 0.003198132483787786,
      "h40/outcome_miss_episode_count": 3,
      "h40/outcome_miss_final_state_mse": 0.031478696886230915,
      "h40/outcome_miss_state_mse": 0.013385655521567352,
      "h40/outcome_partial_episode_count": 3,
      "h40/outcome_partial_final_state_mse": 0.003050125307506985,
      "h40/outcome_partial_state_mse": 0.002691868629330903,
      "h40/outcome_success_episode_count": 3,
      "h40/outcome_success_final_state_mse": 0.0030418084386517018,
      "h40/outcome_success_state_mse": 0.002732242244520998,
      "h40/state_mse": 0.004996385761335784,
      "h50/episode_count": 15,
      "h50/final_state_mse": 0.014085098964716094,
      "h50/outcome_drop_episode_count": 3,
      "h50/outcome_drop_final_state_mse": 0.004559045280116835,
      "h50/outcome_drop_state_mse": 0.003435649248509625,
      "h50/outcome_jam_episode_count": 3,
      "h50/outcome_jam_final_state_mse": 0.003855299715902291,
      "h50/outcome_jam_state_mse": 0.0033948261909235535,
      "h50/outcome_miss_episode_count": 3,
      "h50/outcome_miss_final_state_mse": 0.05428064765493854,
      "h50/outcome_miss_state_mse": 0.019610836427975325,
      "h50/outcome_partial_episode_count": 3,
      "h50/outcome_partial_final_state_mse": 0.0038324027669196037,
      "h50/outcome_partial_state_mse": 0.0028625862582836274,
      "h50/outcome_success_episode_count": 3,
      "h50/outcome_success_final_state_mse": 0.003898101499657226,
      "h50/outcome_success_state_mse": 0.0029004353167963962,
      "h50/state_mse": 0.0064408669066584965,
      "h75/episode_count": 15,
      "h75/final_state_mse": 0.009307206845750995,
      "h75/outcome_drop_episode_count": 3,
      "h75/outcome_drop_final_state_mse": 0.007645341500737308,
      "h75/outcome_drop_state_mse": 0.004040210615835418,
      "h75/outcome_jam_episode_count": 3,
      "h75/outcome_jam_final_state_mse": 0.005011955166564268,
      "h75/outcome_jam_state_mse": 0.0037867411029624525,
      "h75/outcome_miss_episode_count": 3,
      "h75/outcome_miss_final_state_mse": 0.02466073495889801,
      "h75/outcome_miss_state_mse": 0.02775009462776267,
      "h75/outcome_partial_episode_count": 3,
      "h75/outcome_partial_final_state_mse": 0.003863447875368829,
      "h75/outcome_partial_state_mse": 0.0030533279053266272,
      "h75/outcome_success_episode_count": 3,
      "h75/outcome_success_final_state_mse": 0.005354551805390252,
      "h75/outcome_success_state_mse": 0.003141040885110826,
      "h75/state_mse": 0.008354282620166123,
      "max_requested_horizon": 125,
      "reencode_period": 1,
      "rollout_mode": "periodic_1"
    },
    "periodic_10": {
      "episode_count": 15,
      "h10/episode_count": 15,
      "h10/final_state_mse": 0.0036467552185058595,
      "h10/outcome_drop_episode_count": 3,
      "h10/outcome_drop_final_state_mse": 0.0030759388057429804,
      "h10/outcome_drop_state_mse": 0.0019810978493659324,
      "h10/outcome_jam_episode_count": 3,
      "h10/outcome_jam_final_state_mse": 0.0045703107040692,
      "h10/outcome_jam_state_mse": 0.0026014006994908153,
      "h10/outcome_miss_episode_count": 3,
      "h10/outcome_miss_final_state_mse": 0.004430203704662572,
      "h10/outcome_miss_state_mse": 0.010300119717915853,
      "h10/outcome_partial_episode_count": 3,
      "h10/outcome_partial_final_state_mse": 0.0030894083476144503,
      "h10/outcome_partial_state_mse": 0.001912397691626954,
      "h10/outcome_success_episode_count": 3,
      "h10/outcome_success_final_state_mse": 0.0030679140069515875,
      "h10/outcome_success_state_mse": 0.001920067017374475,
      "h10/state_mse": 0.0037430163614111008,
      "h100/episode_count": 15,
      "h100/final_state_mse": 0.0028909888921999465,
      "h100/outcome_drop_episode_count": 3,
      "h100/outcome_drop_final_state_mse": 0.002918912986524744,
      "h100/outcome_drop_state_mse": 0.0025140652002072802,
      "h100/outcome_jam_episode_count": 3,
      "h100/outcome_jam_final_state_mse": 0.0034333585329305114,
      "h100/outcome_jam_state_mse": 0.0030102365780500027,
      "h100/outcome_miss_episode_count": 3,
      "h100/outcome_miss_final_state_mse": 0.0019766751652449564,
      "h100/outcome_miss_state_mse": 0.003140375847909965,
      "h100/outcome_partial_episode_count": 3,
      "h100/outcome_partial_final_state_mse": 0.002446747439749101,
      "h100/outcome_partial_state_mse": 0.0021738320705937406,
      "h100/outcome_success_episode_count": 3,
      "h100/outcome_success_final_state_mse": 0.0036792510183028928,
      "h100/outcome_success_state_mse": 0.002429635228674396,
      "h100/state_mse": 0.002653629078584559,
      "h125/episode_count": 15,
      "h125/final_state_mse": 0.0034725600597905176,
      "h125/outcome_drop_episode_count": 3,
      "h125/outcome_drop_final_state_mse": 0.004520661106296614,
      "h125/outcome_drop_state_mse": 0.0027447975009095437,
      "h125/outcome_jam_episode_count": 3,
      "h125/outcome_jam_final_state_mse": 0.004095554351806641,
      "h125/outcome_jam_state_mse": 0.003153832878162658,
      "h125/outcome_miss_episode_count": 3,
      "h125/outcome_miss_final_state_mse": 0.0032865942449741116,
      "h125/outcome_miss_state_mse": 0.0030912511987623826,
      "h125/outcome_partial_episode_count": 3,
      "h125/outcome_partial_final_state_mse": 0.0023035939320240144,
      "h125/outcome_partial_state_mse": 0.0022138142803915187,
      "h125/outcome_success_episode_count": 3,
      "h125/outcome_success_final_state_mse": 0.0031563971751655626,
      "h125/outcome_success_state_mse": 0.0025532732446209277,
      "h125/state_mse": 0.0027513936759599672,
      "h20/episode_count": 15,
      "h20/final_state_mse": 0.003116689320483239,
      "h20/outcome_drop_episode_count": 3,
      "h20/outcome_drop_final_state_mse": 0.002955344207341375,
      "h20/outcome_drop_state_mse": 0.0022291309303707546,
      "h20/outcome_jam_episode_count": 3,
      "h20/outcome_jam_final_state_mse": 0.0034291945349157246,
      "h20/outcome_jam_state_mse": 0.0028252605519263575,
      "h20/outcome_miss_episode_count": 3,
      "h20/outcome_miss_final_state_mse": 0.003522168723196765,
      "h20/outcome_miss_state_mse": 0.0069722566729277565,
      "h20/outcome_partial_episode_count": 3,
      "h20/outcome_partial_final_state_mse": 0.002838469579134112,
      "h20/outcome_partial_state_mse": 0.0021621226485258613,
      "h20/outcome_success_episode_count": 3,
      "h20/outcome_success_final_state_mse": 0.0028382698743561513,
      "h20/outcome_success_state_mse": 0.0021671337434668947,
      "h20/state_mse": 0.0032711809445050808,
      "h30/episode_count": 15,
      "h30/final_state_mse": 0.0024168662775575726,
      "h30/outcome_drop_episode_count": 3,
      "h30/outcome_drop_final_state_mse": 0.0023126556154559642,
      "h30/outcome_drop_state_mse": 0.0022146076678190877,
      "h30/outcome_jam_episode_count": 3,
      "h30/outcome_jam_final_state_mse": 0.0027800835425557655,
      "h30/outcome_jam_state_mse": 0.0028154039694592843,
      "h30/outcome_miss_episode_count": 3,
      "h30/outcome_miss_final_state_mse": 0.0023685084546313565,
      "h30/outcome_miss_state_mse": 0.005512042658521199,
      "h30/outcome_partial_episode_count": 3,
      "h30/outcome_partial_final_state_mse": 0.0022826866776335473,
      "h30/outcome_partial_state_mse": 0.0021462834478723197,
      "h30/outcome_success_episode_count": 3,
      "h30/outcome_success_final_state_mse": 0.002340396878376506,
      "h30/outcome_success_state_mse": 0.0021517319876643826,
      "h30/state_mse": 0.002968013987821691,
      "h40/episode_count": 15,
      "h40/final_state_mse": 0.0019039917615504046,
      "h40/outcome_drop_episode_count": 3,
      "h40/outcome_drop_final_state_mse": 0.0018481301034198089,
      "h40/outcome_drop_state_mse": 0.0022226651120030023,
      "h40/outcome_jam_episode_count": 3,
      "h40/outcome_jam_final_state_mse": 0.0020904464318471797,
      "h40/outcome_jam_state_mse": 0.002733772408728506,
      "h40/outcome_miss_episode_count": 3,
      "h40/outcome_miss_final_state_mse": 0.001645907443138509,
      "h40/outcome_miss_state_mse": 0.004636086669622683,
      "h40/outcome_partial_episode_count": 3,
      "h40/outcome_partial_final_state_mse": 0.0019746679642231634,
      "h40/outcome_partial_state_mse": 0.0020928888928656484,
      "h40/outcome_success_episode_count": 3,
      "h40/outcome_success_final_state_mse": 0.0019608068407750597,
      "h40/outcome_success_state_mse": 0.0021003390449324463,
      "h40/state_mse": 0.002757150487962112,
      "h50/episode_count": 15,
      "h50/final_state_mse": 0.0020130271225972892,
      "h50/outcome_drop_episode_count": 3,
      "h50/outcome_drop_final_state_mse": 0.002229514732664707,
      "h50/outcome_drop_state_mse": 0.002305323937359978,
      "h50/outcome_jam_episode_count": 3,
      "h50/outcome_jam_final_state_mse": 0.0028796763786303452,
      "h50/outcome_jam_state_mse": 0.002730017394022225,
      "h50/outcome_miss_episode_count": 3,
      "h50/outcome_miss_final_state_mse": 0.0015159473553592083,
      "h50/outcome_miss_state_mse": 0.004079169354407616,
      "h50/outcome_partial_episode_count": 3,
      "h50/outcome_partial_final_state_mse": 0.001684232499280007,
      "h50/outcome_partial_state_mse": 0.0020552724327137267,
      "h50/outcome_success_episode_count": 3,
      "h50/outcome_success_final_state_mse": 0.0017557643061759426,
      "h50/outcome_success_state_mse": 0.0020662620020847696,
      "h50/state_mse": 0.0026472090178844975,
      "h75/episode_count": 15,
      "h75/final_state_mse": 0.0038449539857752183,
      "h75/outcome_drop_episode_count": 3,
      "h75/outcome_drop_final_state_mse": 0.0033966531745748584,
      "h75/outcome_drop_state_mse": 0.00245452822683164,
      "h75/outcome_jam_episode_count": 3,
      "h75/outcome_jam_final_state_mse": 0.004543307121672661,
      "h75/outcome_jam_state_mse": 0.0029424121333103555,
      "h75/outcome_miss_episode_count": 3,
      "h75/outcome_miss_final_state_mse": 0.004050531564584745,
      "h75/outcome_miss_state_mse": 0.0034665679931640625,
      "h75/outcome_partial_episode_count": 3,
      "h75/outcome_partial_final_state_mse": 0.0031507215371318893,
      "h75/outcome_partial_state_mse": 0.0021678950116525287,
      "h75/outcome_success_episode_count": 3,
      "h75/outcome_success_final_state_mse": 0.004083557943113489,
      "h75/outcome_success_state_mse": 0.0022195112731202235,
      "h75/state_mse": 0.002650182919304875,
      "max_requested_horizon": 125,
      "reencode_period": 10,
      "rollout_mode": "periodic_10"
    },
    "periodic_100": {
      "episode_count": 15,
      "h10/episode_count": 15,
      "h10/final_state_mse": 0.0036467552185058595,
      "h10/outcome_drop_episode_count": 3,
      "h10/outcome_drop_final_state_mse": 0.0030759388057429804,
      "h10/outcome_drop_state_mse": 0.0019810978493659324,
      "h10/outcome_jam_episode_count": 3,
      "h10/outcome_jam_final_state_mse": 0.0045703107040692,
      "h10/outcome_jam_state_mse": 0.0026014006994908153,
      "h10/outcome_miss_episode_count": 3,
      "h10/outcome_miss_final_state_mse": 0.004430203704662572,
      "h10/outcome_miss_state_mse": 0.010300119717915853,
      "h10/outcome_partial_episode_count": 3,
      "h10/outcome_partial_final_state_mse": 0.0030894083476144503,
      "h10/outcome_partial_state_mse": 0.001912397691626954,
      "h10/outcome_success_episode_count": 3,
      "h10/outcome_success_final_state_mse": 0.0030679140069515875,
      "h10/outcome_success_state_mse": 0.001920067017374475,
      "h10/state_mse": 0.0037430163614111008,
      "h100/episode_count": 15,
      "h100/final_state_mse": 164596.2248366013,
      "h100/outcome_drop_episode_count": 3,
      "h100/outcome_drop_final_state_mse": 103217.83823529411,
      "h100/outcome_drop_state_mse": 4565.350392156863,
      "h100/outcome_jam_episode_count": 3,
      "h100/outcome_jam_final_state_mse": 111961.5498366013,
      "h100/outcome_jam_state_mse": 4956.491503267974,
      "h100/outcome_miss_episode_count": 3,
      "h100/outcome_miss_final_state_mse": 393957.01960784313,
      "h100/outcome_miss_state_mse": 16821.264575163397,
      "h100/outcome_partial_episode_count": 3,
      "h100/outcome_partial_final_state_mse": 107645.71323529411,
      "h100/outcome_partial_state_mse": 4758.348856209151,
      "h100/outcome_success_episode_count": 3,
      "h100/outcome_success_final_state_mse": 106198.9885620915,
      "h100/outcome_success_state_mse": 4700.015522875817,
      "h100/state_mse": 7160.29322875817,
      "h125/episode_count": 15,
      "h125/final_state_mse": 42584.1385620915,
      "h125/outcome_drop_episode_count": 3,
      "h125/outcome_drop_final_state_mse": 30590.33997140523,
      "h125/outcome_drop_state_mse": 6464.397333333333,
      "h125/outcome_jam_episode_count": 3,
      "h125/outcome_jam_final_state_mse": 34997.53354779412,
      "h125/outcome_jam_state_mse": 7113.125437908497,
      "h125/outcome_miss_episode_count": 3,
      "h125/outcome_miss_final_state_mse": 81847.66666666667,
      "h125/outcome_miss_state_mse": 19755.54426143791,
      "h125/outcome_partial_episode_count": 3,
      "h125/outcome_partial_final_state_mse": 33429.89562908497,
      "h125/outcome_partial_state_mse": 6810.7433202614375,
      "h125/outcome_success_episode_count": 3,
      "h125/outcome_success_final_state_mse": 32055.265114379086,
      "h125/outcome_success_state_mse": 6684.760836601307,
      "h125/state_mse": 9365.714154248366,
      "h20/episode_count": 15,
      "h20/final_state_mse": 0.013551599839154412,
      "h20/outcome_drop_episode_count": 3,
      "h20/outcome_drop_final_state_mse": 0.012612736400435953,
      "h20/outcome_drop_state_mse": 0.004711296901204228,
      "h20/outcome_jam_episode_count": 3,
      "h20/outcome_jam_final_state_mse": 0.013064960249109206,
      "h20/outcome_jam_state_mse": 0.005225559971690957,
      "h20/outcome_miss_episode_count": 3,
      "h20/outcome_miss_final_state_mse": 0.016960872738969093,
      "h20/outcome_miss_state_mse": 0.010004355237374897,
      "h20/outcome_partial_episode_count": 3,
      "h20/outcome_partial_final_state_mse": 0.012600400819887524,
      "h20/outcome_partial_state_mse": 0.00465703057307823,
      "h20/outcome_success_episode_count": 3,
      "h20/outcome_success_final_state_mse": 0.01251903604837804,
      "h20/outcome_success_state_mse": 0.004653931676951889,
      "h20/state_mse": 0.005850434646107792,
      "h30/episode_count": 15,
      "h30/final_state_mse": 0.04352604485804738,
      "h30/outcome_drop_episode_count": 3,
      "h30/outcome_drop_final_state_mse": 0.03795441459206974,
      "h30/outcome_drop_state_mse": 0.011261993815436602,
      "h30/outcome_jam_episode_count": 3,
      "h30/outcome_jam_final_state_mse": 0.04026137457953559,
      "h30/outcome_jam_state_mse": 0.011852539910210503,
      "h30/outcome_miss_episode_count": 3,
      "h30/outcome_miss_final_state_mse": 0.061955709083407536,
      "h30/outcome_miss_state_mse": 0.019677276029566013,
      "h30/outcome_partial_episode_count": 3,
      "h30/outcome_partial_final_state_mse": 0.03873903805913489,
      "h30/outcome_partial_state_mse": 0.011241198313262209,
      "h30/outcome_success_episode_count": 3,
      "h30/outcome_success_final_state_mse": 0.0387196938196818,
      "h30/outcome_success_state_mse": 0.011215057040611383,
      "h30/state_mse": 0.013049612938708469,
      "h40/episode_count": 15,
      "h40/final_state_mse": 0.1409416148865145,
      "h40/outcome_drop_episode_count": 3,
      "h40/outcome_drop_final_state_mse": 0.0977596052331862,
      "h40/outcome_drop_state_mse": 0.025349391363804638,
      "h40/outcome_jam_episode_count": 3,
      "h40/outcome_jam_final_state_mse": 0.11357666776071187,
      "h40/outcome_jam_state_mse": 0.02736991869857888,
      "h40/outcome_miss_episode_count": 3,
      "h40/outcome_miss_final_state_mse": 0.26467246635287417,
      "h40/outcome_miss_state_mse": 0.04590862186905605,
      "h40/outcome_partial_episode_count": 3,
      "h40/outcome_partial_final_state_mse": 0.11351173375946244,
      "h40/outcome_partial_state_mse": 0.026619946722890815,
      "h40/outcome_success_episode_count": 3,
      "h40/outcome_success_final_state_mse": 0.11518760755950329,
      "h40/outcome_success_state_mse": 0.026653761645547704,
      "h40/state_mse": 0.030380328807955475,
      "h50/episode_count": 15,
      "h50/final_state_mse": 1.658258016748366,
      "h50/outcome_drop_episode_count": 3,
      "h50/outcome_drop_final_state_mse": 0.7991337745018254,
      "h50/outcome_drop_state_mse": 0.08871990727443321,
      "h50/outcome_jam_episode_count": 3,
      "h50/outcome_jam_final_state_mse": 0.7805547402575125,
      "h50/outcome_jam_state_mse": 0.09161292780458538,
      "h50/outcome_miss_episode_count": 3,
      "h50/outcome_miss_final_state_mse": 5.025700587852328,
      "h50/outcome_miss_state_mse": 0.4203972072227328,
      "h50/outcome_partial_episode_count": 3,
      "h50/outcome_partial_final_state_mse": 0.8344445072747524,
      "h50/outcome_partial_state_mse": 0.09436283685023489,
      "h50/outcome_success_episode_count": 3,
      "h50/outcome_success_final_state_mse": 0.8514561621971379,
      "h50/outcome_success_state_mse": 0.09577874476613563,
      "h50/state_mse": 0.15817432598039216,
      "h75/episode_count": 15,
      "h75/final_state_mse": 356.8696486928105,
      "h75/outcome_drop_episode_count": 3,
      "h75/outcome_drop_final_state_mse": 264.99410871119284,
      "h75/outcome_drop_state_mse": 17.26774424700436,
      "h75/outcome_jam_episode_count": 3,
      "h75/outcome_jam_final_state_mse": 266.48181870404414,
      "h75/outcome_jam_state_mse": 16.900547215413944,
      "h75/outcome_miss_episode_count": 3,
      "h75/outcome_miss_final_state_mse": 723.3235677083334,
      "h75/outcome_miss_state_mse": 55.87204384531591,
      "h75/outcome_partial_episode_count": 3,
      "h75/outcome_partial_final_state_mse": 263.30091209660947,
      "h75/outcome_partial_state_mse": 16.87270509940087,
      "h75/outcome_success_episode_count": 3,
      "h75/outcome_success_final_state_mse": 266.2478968801062,
      "h75/outcome_success_state_mse": 17.17323461328976,
      "h75/state_mse": 24.817254901960784,
      "max_requested_horizon": 125,
      "reencode_period": 100,
      "rollout_mode": "periodic_100"
    },
    "periodic_2": {
      "episode_count": 15,
      "h10/episode_count": 15,
      "h10/final_state_mse": 0.0029021973703421797,
      "h10/outcome_drop_episode_count": 3,
      "h10/outcome_drop_final_state_mse": 0.001535275622325785,
      "h10/outcome_drop_state_mse": 0.0015369749731487699,
      "h10/outcome_jam_episode_count": 3,
      "h10/outcome_jam_final_state_mse": 0.002295924216703652,
      "h10/outcome_jam_state_mse": 0.0020689236572365355,
      "h10/outcome_miss_episode_count": 3,
      "h10/outcome_miss_final_state_mse": 0.007834308482463064,
      "h10/outcome_miss_state_mse": 0.012867628515156266,
      "h10/outcome_partial_episode_count": 3,
      "h10/outcome_partial_final_state_mse": 0.0014152901819328857,
      "h10/outcome_partial_state_mse": 0.0014299807205698848,
      "h10/outcome_success_episode_count": 3,
      "h10/outcome_success_final_state_mse": 0.0014301869117356594,
      "h10/outcome_success_state_mse": 0.0014460184994865867,
      "h10/state_mse": 0.0038699051601434843,
      "h100/episode_count": 15,
      "h100/final_state_mse": 0.0046081412072275195,
      "h100/outcome_drop_episode_count": 3,
      "h100/outcome_drop_final_state_mse": 0.005980538679104226,
      "h100/outcome_drop_state_mse": 0.004142500995810515,
      "h100/outcome_jam_episode_count": 3,
      "h100/outcome_jam_final_state_mse": 0.003002410864128786,
      "h100/outcome_jam_state_mse": 0.003272099339104945,
      "h100/outcome_miss_episode_count": 3,
      "h100/outcome_miss_final_state_mse": 0.007462558062637553,
      "h100/outcome_miss_state_mse": 0.0049197493659125435,
      "h100/outcome_partial_episode_count": 3,
      "h100/outcome_partial_final_state_mse": 0.003401682657354018,
      "h100/outcome_partial_state_mse": 0.002473669301450642,
      "h100/outcome_success_episode_count": 3,
      "h100/outcome_success_final_state_mse": 0.003193515139857149,
      "h100/outcome_success_state_mse": 0.002721530128927792,
      "h100/state_mse": 0.0035059100381689134,
      "h125/episode_count": 15,
      "h125/final_state_mse": 0.004843398013146095,
      "h125/outcome_drop_episode_count": 3,
      "h125/outcome_drop_final_state_mse": 0.004785445683142718,
      "h125/outcome_drop_state_mse": 0.004454150929170496,
      "h125/outcome_jam_episode_count": 3,
      "h125/outcome_jam_final_state_mse": 0.00442300444724513,
      "h125/outcome_jam_state_mse": 0.0034877037098205166,
      "h125/outcome_miss_episode_count": 3,
      "h125/outcome_miss_final_state_mse": 0.007726088068843667,
      "h125/outcome_miss_state_mse": 0.005393765318627451,
      "h125/outcome_partial_episode_count": 3,
      "h125/outcome_partial_final_state_mse": 0.0034157948848468804,
      "h125/outcome_partial_state_mse": 0.002652861202464384,
      "h125/outcome_success_episode_count": 3,
      "h125/outcome_success_final_state_mse": 0.003866658880819682,
      "h125/outcome_success_state_mse": 0.0028798876993017257,
      "h125/state_mse": 0.0037736736621732025,
      "h20/episode_count": 15,
      "h20/final_state_mse": 0.0025195703007816488,
      "h20/outcome_drop_episode_count": 3,
      "h20/outcome_drop_final_state_mse": 0.0025612840221987832,
      "h20/outcome_drop_state_mse": 0.001700157745211732,
      "h20/outcome_jam_episode_count": 3,
      "h20/outcome_jam_final_state_mse": 0.002481881456047881,
      "h20/outcome_jam_state_mse": 0.002193401880513609,
      "h20/outcome_miss_episode_count": 3,
      "h20/outcome_miss_final_state_mse": 0.003070782699616127,
      "h20/outcome_miss_state_mse": 0.008987521501927593,
      "h20/outcome_partial_episode_count": 3,
      "h20/outcome_partial_final_state_mse": 0.002248128449994754,
      "h20/outcome_partial_state_mse": 0.0016046743961720684,
      "h20/outcome_success_episode_count": 3,
      "h20/outcome_success_final_state_mse": 0.0022357743403880427,
      "h20/outcome_success_state_mse": 0.0016260680225160388,
      "h20/state_mse": 0.003222364537856158,
      "h30/episode_count": 15,
      "h30/final_state_mse": 0.0027469179988686555,
      "h30/outcome_drop_episode_count": 3,
      "h30/outcome_drop_final_state_mse": 0.0024575741803334428,
      "h30/outcome_drop_state_mse": 0.001972948180304633,
      "h30/outcome_jam_episode_count": 3,
      "h30/outcome_jam_final_state_mse": 0.0030876396625649696,
      "h30/outcome_jam_state_mse": 0.002472811482830505,
      "h30/outcome_miss_episode_count": 3,
      "h30/outcome_miss_final_state_mse": 0.003121898065205493,
      "h30/outcome_miss_state_mse": 0.007121122169079085,
      "h30/outcome_partial_episode_count": 3,
      "h30/outcome_partial_final_state_mse": 0.002486216233057134,
      "h30/outcome_partial_state_mse": 0.0018913292157624023,
      "h30/outcome_success_episode_count": 3,
      "h30/outcome_success_final_state_mse": 0.0025812617801373302,
      "h30/outcome_success_state_mse": 0.001915134401882396,
      "h30/state_mse": 0.0030746689341426673,
      "h40/episode_count": 15,
      "h40/final_state_mse": 0.0029723887350045,
      "h40/outcome_drop_episode_count": 3,
      "h40/outcome_drop_final_state_mse": 0.003439827974325691,
      "h40/outcome_drop_state_mse": 0.0022554528479482613,
      "h40/outcome_jam_episode_count": 3,
      "h40/outcome_jam_final_state_mse": 0.0024832733024179546,
      "h40/outcome_jam_state_mse": 0.0025557755644804512,
      "h40/outcome_miss_episode_count": 3,
      "h40/outcome_miss_final_state_mse": 0.004157560031398449,
      "h40/outcome_miss_state_mse": 0.006338757471321455,
      "h40/outcome_partial_episode_count": 3,
      "h40/outcome_partial_final_state_mse": 0.0024055163893434736,
      "h40/outcome_partial_state_mse": 0.0020044468976313772,
      "h40/outcome_success_episode_count": 3,
      "h40/outcome_success_final_state_mse": 0.002375765953188628,
      "h40/outcome_success_state_mse": 0.002031163335625642,
      "h40/state_mse": 0.0030371193480647467,
      "h50/episode_count": 15,
      "h50/final_state_mse": 0.003218310798694885,
      "h50/outcome_drop_episode_count": 3,
      "h50/outcome_drop_final_state_mse": 0.004397190328127418,
      "h50/outcome_drop_state_mse": 0.0027713693668639738,
      "h50/outcome_jam_episode_count": 3,
      "h50/outcome_jam_final_state_mse": 0.0030318923732813668,
      "h50/outcome_jam_state_mse": 0.0026681546915590373,
      "h50/outcome_miss_episode_count": 3,
      "h50/outcome_miss_final_state_mse": 0.0039240818202885145,
      "h50/outcome_miss_state_mse": 0.005931543836406633,
      "h50/outcome_partial_episode_count": 3,
      "h50/outcome_partial_final_state_mse": 0.002314418237778096,
      "h50/outcome_partial_state_mse": 0.0020868950264126647,
      "h50/outcome_success_episode_count": 3,
      "h50/outcome_success_final_state_mse": 0.0024239720618413163,
      "h50/outcome_success_state_mse": 0.0021135706995047774,
      "h50/state_mse": 0.003114306680517259,
      "h75/episode_count": 15,
      "h75/final_state_mse": 0.005683708190917969,
      "h75/outcome_drop_episode_count": 3,
      "h75/outcome_drop_final_state_mse": 0.007199201708525614,
      "h75/outcome_drop_state_mse": 0.003927290839567164,
      "h75/outcome_jam_episode_count": 3,
      "h75/outcome_jam_final_state_mse": 0.005950001184067695,
      "h75/outcome_jam_state_mse": 0.0031448509698340055,
      "h75/outcome_miss_episode_count": 3,
      "h75/outcome_miss_final_state_mse": 0.00575477595812355,
      "h75/outcome_miss_state_mse": 0.005237427256465738,
      "h75/outcome_partial_episode_count": 3,
      "h75/outcome_partial_final_state_mse": 0.0037032457348567987,
      "h75/outcome_partial_state_mse": 0.002378803826625051,
      "h75/outcome_success_episode_count": 3,
      "h75/outcome_success_final_state_mse": 0.005811319096026077,
      "h75/outcome_success_state_mse": 0.002481678690525961,
      "h75/state_mse": 0.0034340102251838233,
      "max_requested_horizon": 125,
      "reencode_period": 2,
      "rollout_mode": "periodic_2"
    },
    "periodic_20": {
      "episode_count": 15,
      "h10/episode_count": 15,
      "h10/final_state_mse": 0.0036467552185058595,
      "h10/outcome_drop_episode_count": 3,
      "h10/outcome_drop_final_state_mse": 0.0030759388057429804,
      "h10/outcome_drop_state_mse": 0.0019810978493659324,
      "h10/outcome_jam_episode_count": 3,
      "h10/outcome_jam_final_state_mse": 0.0045703107040692,
      "h10/outcome_jam_state_mse": 0.0026014006994908153,
      "h10/outcome_miss_episode_count": 3,
      "h10/outcome_miss_final_state_mse": 0.004430203704662572,
      "h10/outcome_miss_state_mse": 0.010300119717915853,
      "h10/outcome_partial_episode_count": 3,
      "h10/outcome_partial_final_state_mse": 0.0030894083476144503,
      "h10/outcome_partial_state_mse": 0.001912397691626954,
      "h10/outcome_success_episode_count": 3,
      "h10/outcome_success_final_state_mse": 0.0030679140069515875,
      "h10/outcome_success_state_mse": 0.001920067017374475,
      "h10/state_mse": 0.0037430163614111008,
      "h100/episode_count": 15,
      "h100/final_state_mse": 0.01280510846306296,
      "h100/outcome_drop_episode_count": 3,
      "h100/outcome_drop_final_state_mse": 0.008694307282080059,
      "h100/outcome_drop_state_mse": 0.004237854776818768,
      "h100/outcome_jam_episode_count": 3,
      "h100/outcome_jam_final_state_mse": 0.015363662461050196,
      "h100/outcome_jam_state_mse": 0.005367998110702614,
      "h100/outcome_miss_episode_count": 3,
      "h100/outcome_miss_final_state_mse": 0.012640693998025134,
      "h100/outcome_miss_state_mse": 0.006188185448740043,
      "h100/outcome_partial_episode_count": 3,
      "h100/outcome_partial_final_state_mse": 0.011635724041197035,
      "h100/outcome_partial_state_mse": 0.004601397981830672,
      "h100/outcome_success_episode_count": 3,
      "h100/outcome_success_final_state_mse": 0.015691156091253742,
      "h100/outcome_success_state_mse": 0.004981802273419948,
      "h100/state_mse": 0.005075447431576797,
      "h125/episode_count": 15,
      "h125/final_state_mse": 0.006869820364160476,
      "h125/outcome_drop_episode_count": 3,
      "h125/outcome_drop_final_state_mse": 0.005398339890187082,
      "h125/outcome_drop_state_mse": 0.0045671898336971505,
      "h125/outcome_jam_episode_count": 3,
      "h125/outcome_jam_final_state_mse": 0.006316332743058797,
      "h125/outcome_jam_state_mse": 0.005885992112502553,
      "h125/outcome_miss_episode_count": 3,
      "h125/outcome_miss_final_state_mse": 0.01023231563614864,
      "h125/outcome_miss_state_mse": 0.007087215049594056,
      "h125/outcome_partial_episode_count": 3,
      "h125/outcome_partial_final_state_mse": 0.0067739876267177606,
      "h125/outcome_partial_state_mse": 0.005212153116861979,
      "h125/outcome_success_episode_count": 3,
      "h125/outcome_success_final_state_mse": 0.0056281231002869945,
      "h125/outcome_success_state_mse": 0.00580040835710912,
      "h125/state_mse": 0.0057105915543300655,
      "h20/episode_count": 15,
      "h20/final_state_mse": 0.013551599839154412,
      "h20/outcome_drop_episode_count": 3,
      "h20/outcome_drop_final_state_mse": 0.012612736400435953,
      "h20/outcome_drop_state_mse": 0.004711296901204228,
      "h20/outcome_jam_episode_count": 3,
      "h20/outcome_jam_final_state_mse": 0.013064960249109206,
      "h20/outcome_jam_state_mse": 0.005225559971690957,
      "h20/outcome_miss_episode_count": 3,
      "h20/outcome_miss_final_state_mse": 0.016960872738969093,
      "h20/outcome_miss_state_mse": 0.010004355237374897,
      "h20/outcome_partial_episode_count": 3,
      "h20/outcome_partial_final_state_mse": 0.012600400819887524,
      "h20/outcome_partial_state_mse": 0.00465703057307823,
      "h20/outcome_success_episode_count": 3,
      "h20/outcome_success_final_state_mse": 0.01251903604837804,
      "h20/outcome_success_state_mse": 0.004653931676951889,
      "h20/state_mse": 0.005850434646107792,
      "h30/episode_count": 15,
      "h30/final_state_mse": 0.003446170395495845,
      "h30/outcome_drop_episode_count": 3,
      "h30/outcome_drop_final_state_mse": 0.003220721007951724,
      "h30/outcome_drop_state_mse": 0.004350548008688135,
      "h30/outcome_jam_episode_count": 3,
      "h30/outcome_jam_final_state_mse": 0.0034861761613998537,
      "h30/outcome_jam_state_mse": 0.004839942553983534,
      "h30/outcome_miss_episode_count": 3,
      "h30/outcome_miss_final_state_mse": 0.004252462069583095,
      "h30/outcome_miss_state_mse": 0.008286050202280348,
      "h30/outcome_partial_episode_count": 3,
      "h30/outcome_partial_final_state_mse": 0.0031138223662875056,
      "h30/outcome_partial_state_mse": 0.004282517370834849,
      "h30/outcome_success_episode_count": 3,
      "h30/outcome_success_final_state_mse": 0.003157670055729112,
      "h30/outcome_success_state_mse": 0.004284993703588681,
      "h30/state_mse": 0.00520881071069921,
      "h40/episode_count": 15,
      "h40/final_state_mse": 0.006086051541995379,
      "h40/outcome_drop_episode_count": 3,
      "h40/outcome_drop_final_state_mse": 0.004570788515159507,
      "h40/outcome_drop_state_mse": 0.004294141367370007,
      "h40/outcome_jam_episode_count": 3,
      "h40/outcome_jam_final_state_mse": 0.006151497948403452,
      "h40/outcome_jam_state_mse": 0.004803546503478405,
      "h40/outcome_miss_episode_count": 3,
      "h40/outcome_miss_final_state_mse": 0.007403174354359995,
      "h40/outcome_miss_state_mse": 0.0075642102684070865,
      "h40/outcome_partial_episode_count": 3,
      "h40/outcome_partial_final_state_mse": 0.006125369200519487,
      "h40/outcome_partial_state_mse": 0.004275302170148862,
      "h40/outcome_success_episode_count": 3,
      "h40/outcome_success_final_state_mse": 0.006179427983714085,
      "h40/outcome_success_state_mse": 0.00428734211360707,
      "h40/state_mse": 0.005044908710554534,
      "h50/episode_count": 15,
      "h50/final_state_mse": 0.002541571660758623,
      "h50/outcome_drop_episode_count": 3,
      "h50/outcome_drop_final_state_mse": 0.0029283694776834224,
      "h50/outcome_drop_state_mse": 0.004158709594626832,
      "h50/outcome_jam_episode_count": 3,
      "h50/outcome_jam_final_state_mse": 0.003100987596839082,
      "h50/outcome_jam_state_mse": 0.004530612721162684,
      "h50/outcome_miss_episode_count": 3,
      "h50/outcome_miss_final_state_mse": 0.00198564965740528,
      "h50/outcome_miss_state_mse": 0.006532505135131038,
      "h50/outcome_partial_episode_count": 3,
      "h50/outcome_partial_final_state_mse": 0.0023083063268583585,
      "h50/outcome_partial_state_mse": 0.003950272073932722,
      "h50/outcome_success_episode_count": 3,
      "h50/outcome_success_final_state_mse": 0.0023845450745688546,
      "h50/outcome_success_state_mse": 0.003967330533694598,
      "h50/state_mse": 0.004627885806015114,
      "h75/episode_count": 15,
      "h75/final_state_mse": 0.006337935005138123,
      "h75/outcome_drop_episode_count": 3,
      "h75/outcome_drop_final_state_mse": 0.005070236383699903,
      "h75/outcome_drop_state_mse": 0.004118645362604677,
      "h75/outcome_jam_episode_count": 3,
      "h75/outcome_jam_final_state_mse": 0.007097196734808629,
      "h75/outcome_jam_state_mse": 0.0045783037505638105,
      "h75/outcome_miss_episode_count": 3,
      "h75/outcome_miss_final_state_mse": 0.006450050991345075,
      "h75/outcome_miss_state_mse": 0.005991281580041956,
      "h75/outcome_partial_episode_count": 3,
      "h75/outcome_partial_final_state_mse": 0.0061388007955613475,
      "h75/outcome_partial_state_mse": 0.003945281043291612,
      "h75/outcome_success_episode_count": 3,
      "h75/outcome_success_final_state_mse": 0.006933392068139868,
      "h75/outcome_success_state_mse": 0.004003751916823044,
      "h75/state_mse": 0.004527452788841231,
      "max_requested_horizon": 125,
      "reencode_period": 20,
      "rollout_mode": "periodic_20"
    },
    "periodic_5": {
      "episode_count": 15,
      "h10/episode_count": 15,
      "h10/final_state_mse": 0.002477728307636735,
      "h10/outcome_drop_episode_count": 3,
      "h10/outcome_drop_final_state_mse": 0.0016989198093320809,
      "h10/outcome_drop_state_mse": 0.0015724868751039692,
      "h10/outcome_jam_episode_count": 3,
      "h10/outcome_jam_final_state_mse": 0.0026739486584476395,
      "h10/outcome_jam_state_mse": 0.0021130413011787763,
      "h10/outcome_miss_episode_count": 3,
      "h10/outcome_miss_final_state_mse": 0.00474753703167236,
      "h10/outcome_miss_state_mse": 0.010735041331621557,
      "h10/outcome_partial_episode_count": 3,
      "h10/outcome_partial_final_state_mse": 0.0016173150122555252,
      "h10/outcome_partial_state_mse": 0.0014817800202400857,
      "h10/outcome_success_episode_count": 3,
      "h10/outcome_success_final_state_mse": 0.0016509210995209762,
      "h10/outcome_success_state_mse": 0.00150468647480011,
      "h10/state_mse": 0.003481407664180581,
      "h100/episode_count": 15,
      "h100/final_state_mse": 0.0027512662550982308,
      "h100/outcome_drop_episode_count": 3,
      "h100/outcome_drop_final_state_mse": 0.003141533120784884,
      "h100/outcome_drop_state_mse": 0.0026663118873546327,
      "h100/outcome_jam_episode_count": 3,
      "h100/outcome_jam_final_state_mse": 0.0028824142235166885,
      "h100/outcome_jam_state_mse": 0.0028426204008214612,
      "h100/outcome_miss_episode_count": 3,
      "h100/outcome_miss_final_state_mse": 0.002763895938793818,
      "h100/outcome_miss_state_mse": 0.0035537932277504916,
      "h100/outcome_partial_episode_count": 3,
      "h100/outcome_partial_final_state_mse": 0.002264579331952762,
      "h100/outcome_partial_state_mse": 0.0020691789988598794,
      "h100/outcome_success_episode_count": 3,
      "h100/outcome_success_final_state_mse": 0.00270390856304979,
      "h100/outcome_success_state_mse": 0.0022005606944264927,
      "h100/state_mse": 0.0026664929358787785,
      "h125/episode_count": 15,
      "h125/final_state_mse": 0.0037094995087268304,
      "h125/outcome_drop_episode_count": 3,
      "h125/outcome_drop_final_state_mse": 0.004580362121653712,
      "h125/outcome_drop_state_mse": 0.0029357843336716197,
      "h125/outcome_jam_episode_count": 3,
      "h125/outcome_jam_final_state_mse": 0.0034930895940930235,
      "h125/outcome_jam_state_mse": 0.0029400710560917075,
      "h125/outcome_miss_episode_count": 3,
      "h125/outcome_miss_final_state_mse": 0.005275242712373048,
      "h125/outcome_miss_state_mse": 0.003727415296766493,
      "h125/outcome_partial_episode_count": 3,
      "h125/outcome_partial_final_state_mse": 0.0022747265357597204,
      "h125/outcome_partial_state_mse": 0.002122789769390829,
      "h125/outcome_success_episode_count": 3,
      "h125/outcome_success_final_state_mse": 0.002924076117136899,
      "h125/outcome_success_state_mse": 0.0023099847930708743,
      "h125/state_mse": 0.0028072090099060458,
      "h20/episode_count": 15,
      "h20/final_state_mse": 0.0021797552607417886,
      "h20/outcome_drop_episode_count": 3,
      "h20/outcome_drop_final_state_mse": 0.0020738902678287107,
      "h20/outcome_drop_state_mse": 0.001700925515368094,
      "h20/outcome_jam_episode_count": 3,
      "h20/outcome_jam_final_state_mse": 0.002243157354445239,
      "h20/outcome_jam_state_mse": 0.0022195349721347585,
      "h20/outcome_miss_episode_count": 3,
      "h20/outcome_miss_final_state_mse": 0.0029016027068780137,
      "h20/outcome_miss_state_mse": 0.0074019006654327995,
      "h20/outcome_partial_episode_count": 3,
      "h20/outcome_partial_final_state_mse": 0.001819942511764227,
      "h20/outcome_partial_state_mse": 0.00161113581236671,
      "h20/outcome_success_episode_count": 3,
      "h20/outcome_success_final_state_mse": 0.0018601827810402788,
      "h20/outcome_success_state_mse": 0.001639133497001299,
      "h20/state_mse": 0.002914526446972018,
      "h30/episode_count": 15,
      "h30/final_state_mse": 0.0019049624212427077,
      "h30/outcome_drop_episode_count": 3,
      "h30/outcome_drop_final_state_mse": 0.0017380673754838556,
      "h30/outcome_drop_state_mse": 0.0017668455254797842,
      "h30/outcome_jam_episode_count": 3,
      "h30/outcome_jam_final_state_mse": 0.002118165951733496,
      "h30/outcome_jam_state_mse": 0.0022938194877441674,
      "h30/outcome_miss_episode_count": 3,
      "h30/outcome_miss_final_state_mse": 0.0021702058467210506,
      "h30/outcome_miss_state_mse": 0.00584271738472068,
      "h30/outcome_partial_episode_count": 3,
      "h30/outcome_partial_final_state_mse": 0.0017176064498284284,
      "h30/outcome_partial_state_mse": 0.0016766584257154942,
      "h30/outcome_success_episode_count": 3,
      "h30/outcome_success_final_state_mse": 0.0017807661172221689,
      "h30/outcome_success_state_mse": 0.001699397273053271,
      "h30/state_mse": 0.0026558876453142023,
      "h40/episode_count": 15,
      "h40/final_state_mse": 0.0017739553077548158,
      "h40/outcome_drop_episode_count": 3,
      "h40/outcome_drop_final_state_mse": 0.002031560646357879,
      "h40/outcome_drop_state_mse": 0.0018813875376009473,
      "h40/outcome_jam_episode_count": 3,
      "h40/outcome_jam_final_state_mse": 0.0016479361193631988,
      "h40/outcome_jam_state_mse": 0.002282685002470328,
      "h40/outcome_miss_episode_count": 3,
      "h40/outcome_miss_final_state_mse": 0.0019486924402074876,
      "h40/outcome_miss_state_mse": 0.004970259759940353,
      "h40/outcome_partial_episode_count": 3,
      "h40/outcome_partial_final_state_mse": 0.001619117979715073,
      "h40/outcome_partial_state_mse": 0.0016910953069824018,
      "h40/outcome_success_episode_count": 3,
      "h40/outcome_success_final_state_mse": 0.001622468817467783,
      "h40/outcome_success_state_mse": 0.0017143387810077543,
      "h40/state_mse": 0.0025079530204822815,
      "h50/episode_count": 15,
      "h50/final_state_mse": 0.002136052667705062,
      "h50/outcome_drop_episode_count": 3,
      "h50/outcome_drop_final_state_mse": 0.0025416976632246006,
      "h50/outcome_drop_state_mse": 0.0021188466065849352,
      "h50/outcome_jam_episode_count": 3,
      "h50/outcome_jam_final_state_mse": 0.0028249154877818487,
      "h50/outcome_jam_state_mse": 0.002345604865379583,
      "h50/outcome_miss_episode_count": 3,
      "h50/outcome_miss_final_state_mse": 0.0015866082234709871,
      "h50/outcome_miss_state_mse": 0.0043784616507735906,
      "h50/outcome_partial_episode_count": 3,
      "h50/outcome_partial_final_state_mse": 0.0018383775369014616,
      "h50/outcome_partial_state_mse": 0.0017209848391464334,
      "h50/outcome_success_episode_count": 3,
      "h50/outcome_success_final_state_mse": 0.0018886640619218738,
      "h50/outcome_success_state_mse": 0.0017447849348479626,
      "h50/state_mse": 0.0024617367414088032,
      "h75/episode_count": 15,
      "h75/final_state_mse": 0.004156164406171811,
      "h75/outcome_drop_episode_count": 3,
      "h75/outcome_drop_final_state_mse": 0.003649639659652523,
      "h75/outcome_drop_state_mse": 0.0025707399871094812,
      "h75/outcome_jam_episode_count": 3,
      "h75/outcome_jam_final_state_mse": 0.004614532237348993,
      "h75/outcome_jam_state_mse": 0.002766062169293173,
      "h75/outcome_miss_episode_count": 3,
      "h75/outcome_miss_final_state_mse": 0.0047732720675032125,
      "h75/outcome_miss_state_mse": 0.0037946055293862336,
      "h75/outcome_partial_episode_count": 3,
      "h75/outcome_partial_final_state_mse": 0.003502527337058697,
      "h75/outcome_partial_state_mse": 0.002020875976496013,
      "h75/outcome_success_episode_count": 3,
      "h75/outcome_success_final_state_mse": 0.0042408518736658535,
      "h75/outcome_success_state_mse": 0.002079319943529848,
      "h75/state_mse": 0.0026463208167381534,
      "max_requested_horizon": 125,
      "reencode_period": 5,
      "rollout_mode": "periodic_5"
    },
    "periodic_50": {
      "episode_count": 15,
      "h10/episode_count": 15,
      "h10/final_state_mse": 0.0036467552185058595,
      "h10/outcome_drop_episode_count": 3,
      "h10/outcome_drop_final_state_mse": 0.0030759388057429804,
      "h10/outcome_drop_state_mse": 0.0019810978493659324,
      "h10/outcome_jam_episode_count": 3,
      "h10/outcome_jam_final_state_mse": 0.0045703107040692,
      "h10/outcome_jam_state_mse": 0.0026014006994908153,
      "h10/outcome_miss_episode_count": 3,
      "h10/outcome_miss_final_state_mse": 0.004430203704662572,
      "h10/outcome_miss_state_mse": 0.010300119717915853,
      "h10/outcome_partial_episode_count": 3,
      "h10/outcome_partial_final_state_mse": 0.0030894083476144503,
      "h10/outcome_partial_state_mse": 0.001912397691626954,
      "h10/outcome_success_episode_count": 3,
      "h10/outcome_success_final_state_mse": 0.0030679140069515875,
      "h10/outcome_success_state_mse": 0.001920067017374475,
      "h10/state_mse": 0.0037430163614111008,
      "h100/episode_count": 15,
      "h100/final_state_mse": 299.6186274509804,
      "h100/outcome_drop_episode_count": 3,
      "h100/outcome_drop_final_state_mse": 230.96408101000816,
      "h100/outcome_drop_state_mse": 10.691970996732026,
      "h100/outcome_jam_episode_count": 3,
      "h100/outcome_jam_final_state_mse": 231.26378357332516,
      "h100/outcome_jam_state_mse": 10.496270169526143,
      "h100/outcome_miss_episode_count": 3,
      "h100/outcome_miss_final_state_mse": 536.4488996119281,
      "h100/outcome_miss_state_mse": 29.128228145424835,
      "h100/outcome_partial_episode_count": 3,
      "h100/outcome_partial_final_state_mse": 244.6046932444853,
      "h100/outcome_partial_state_mse": 11.015688061683006,
      "h100/outcome_success_episode_count": 3,
      "h100/outcome_success_final_state_mse": 254.81171811172385,
      "h100/outcome_success_state_mse": 11.533742085375817,
      "h100/state_mse": 14.57318137254902,
      "h125/episode_count": 15,
      "h125/final_state_mse": 119.50517769607843,
      "h125/outcome_drop_episode_count": 3,
      "h125/outcome_drop_final_state_mse": 104.35695034849877,
      "h125/outcome_drop_state_mse": 17.547792483660132,
      "h125/outcome_jam_episode_count": 3,
      "h125/outcome_jam_final_state_mse": 98.78642641952614,
      "h125/outcome_jam_state_mse": 16.775420955882353,
      "h125/outcome_miss_episode_count": 3,
      "h125/outcome_miss_final_state_mse": 200.81103834763073,
      "h125/outcome_miss_state_mse": 36.389537581699344,
      "h125/outcome_partial_episode_count": 3,
      "h125/outcome_partial_final_state_mse": 94.70117506638071,
      "h125/outcome_partial_state_mse": 16.90840379901961,
      "h125/outcome_success_episode_count": 3,
      "h125/outcome_success_final_state_mse": 98.87026000178717,
      "h125/outcome_success_state_mse": 17.805150326797385,
      "h125/state_mse": 21.085261437908496,
      "h20/episode_count": 15,
      "h20/final_state_mse": 0.013551599839154412,
      "h20/outcome_drop_episode_count": 3,
      "h20/outcome_drop_final_state_mse": 0.012612736400435953,
      "h20/outcome_drop_state_mse": 0.004711296901204228,
      "h20/outcome_jam_episode_count": 3,
      "h20/outcome_jam_final_state_mse": 0.013064960249109206,
      "h20/outcome_jam_state_mse": 0.005225559971690957,
      "h20/outcome_miss_episode_count": 3,
      "h20/outcome_miss_final_state_mse": 0.016960872738969093,
      "h20/outcome_miss_state_mse": 0.010004355237374897,
      "h20/outcome_partial_episode_count": 3,
      "h20/outcome_partial_final_state_mse": 0.012600400819887524,
      "h20/outcome_partial_state_mse": 0.00465703057307823,
      "h20/outcome_success_episode_count": 3,
      "h20/outcome_success_final_state_mse": 0.01251903604837804,
      "h20/outcome_success_state_mse": 0.004653931676951889,
      "h20/state_mse": 0.005850434646107792,
      "h30/episode_count": 15,
      "h30/final_state_mse": 0.04352604485804738,
      "h30/outcome_drop_episode_count": 3,
      "h30/outcome_drop_final_state_mse": 0.03795441459206974,
      "h30/outcome_drop_state_mse": 0.011261993815436602,
      "h30/outcome_jam_episode_count": 3,
      "h30/outcome_jam_final_state_mse": 0.04026137457953559,
      "h30/outcome_jam_state_mse": 0.011852539910210503,
      "h30/outcome_miss_episode_count": 3,
      "h30/outcome_miss_final_state_mse": 0.061955709083407536,
      "h30/outcome_miss_state_mse": 0.019677276029566013,
      "h30/outcome_partial_episode_count": 3,
      "h30/outcome_partial_final_state_mse": 0.03873903805913489,
      "h30/outcome_partial_state_mse": 0.011241198313262209,
      "h30/outcome_success_episode_count": 3,
      "h30/outcome_success_final_state_mse": 0.0387196938196818,
      "h30/outcome_success_state_mse": 0.011215057040611383,
      "h30/state_mse": 0.013049612938708469,
      "h40/episode_count": 15,
      "h40/final_state_mse": 0.1409416148865145,
      "h40/outcome_drop_episode_count": 3,
      "h40/outcome_drop_final_state_mse": 0.0977596052331862,
      "h40/outcome_drop_state_mse": 0.025349391363804638,
      "h40/outcome_jam_episode_count": 3,
      "h40/outcome_jam_final_state_mse": 0.11357666776071187,
      "h40/outcome_jam_state_mse": 0.02736991869857888,
      "h40/outcome_miss_episode_count": 3,
      "h40/outcome_miss_final_state_mse": 0.26467246635287417,
      "h40/outcome_miss_state_mse": 0.04590862186905605,
      "h40/outcome_partial_episode_count": 3,
      "h40/outcome_partial_final_state_mse": 0.11351173375946244,
      "h40/outcome_partial_state_mse": 0.026619946722890815,
      "h40/outcome_success_episode_count": 3,
      "h40/outcome_success_final_state_mse": 0.11518760755950329,
      "h40/outcome_success_state_mse": 0.026653761645547704,
      "h40/state_mse": 0.030380328807955475,
      "h50/episode_count": 15,
      "h50/final_state_mse": 1.658258016748366,
      "h50/outcome_drop_episode_count": 3,
      "h50/outcome_drop_final_state_mse": 0.7991337745018254,
      "h50/outcome_drop_state_mse": 0.08871990727443321,
      "h50/outcome_jam_episode_count": 3,
      "h50/outcome_jam_final_state_mse": 0.7805547402575125,
      "h50/outcome_jam_state_mse": 0.09161292780458538,
      "h50/outcome_miss_episode_count": 3,
      "h50/outcome_miss_final_state_mse": 5.025700587852328,
      "h50/outcome_miss_state_mse": 0.4203972072227328,
      "h50/outcome_partial_episode_count": 3,
      "h50/outcome_partial_final_state_mse": 0.8344445072747524,
      "h50/outcome_partial_state_mse": 0.09436283685023489,
      "h50/outcome_success_episode_count": 3,
      "h50/outcome_success_final_state_mse": 0.8514561621971379,
      "h50/outcome_success_state_mse": 0.09577874476613563,
      "h50/state_mse": 0.15817432598039216,
      "h75/episode_count": 15,
      "h75/final_state_mse": 0.9970972796670752,
      "h75/outcome_drop_episode_count": 3,
      "h75/outcome_drop_final_state_mse": 0.9578135184992372,
      "h75/outcome_drop_state_mse": 0.13431421749472358,
      "h75/outcome_jam_episode_count": 3,
      "h75/outcome_jam_final_state_mse": 0.94511497098636,
      "h75/outcome_jam_state_mse": 0.12930315138208062,
      "h75/outcome_miss_episode_count": 3,
      "h75/outcome_miss_final_state_mse": 1.3689210679796007,
      "h75/outcome_miss_state_mse": 0.46219271258850764,
      "h75/outcome_partial_episode_count": 3,
      "h75/outcome_partial_final_state_mse": 0.8339805852353962,
      "h75/outcome_partial_state_mse": 0.12583377746715005,
      "h75/outcome_success_episode_count": 3,
      "h75/outcome_success_final_state_mse": 0.8796562992669399,
      "h75/outcome_success_state_mse": 0.129365431176811,
      "h75/state_mse": 0.1962018484477124,
      "max_requested_horizon": 125,
      "reencode_period": 50,
      "rollout_mode": "periodic_50"
    }
  },
  "split": "test",
  "support_alignment": {
    "contact_phase": {
      "contact_phase_family_ari": 0.0,
      "contact_phase_family_nmi": 0.0,
      "contact_phase_family_purity": 0.9996668887408394,
      "contact_phase_sample_count": 3002.0,
      "h_contact_phase_given_family": 0.0030002889533867266,
      "h_family_given_contact_phase": 0.0,
      "unique_contact_phase_count": 2.0,
      "unique_family_count": 1.0
    },
    "contact_phase_alignment_available": true,
    "evaluated_state_count": 3017,
    "family_count": 1,
    "mean_family_similarity": 0.6199404001235962,
    "mean_support_size": 249.80377858800134,
    "outcome_alignment_available": true,
    "outcome_state": {
      "h_family_given_outcome": 0.0,
      "h_outcome_given_family": 1.6094379124341005,
      "outcome_family_ari": 0.0,
      "outcome_family_nmi": 0.0,
      "outcome_family_purity": 0.2,
      "outcome_sample_count": 15.0,
      "unique_family_count": 1.0,
      "unique_outcome_count": 5.0
    },
    "status": "ok",
    "unassigned_state_fraction": 0.0,
    "validation_state_count": 2346
  },
  "support_threshold": 0.2
}
{
  "best_periodic_rollout": {
    "episode_count": 15,
    "h10/episode_count": 15,
    "h10/final_state_mse": 0.002477728307636735,
    "h10/outcome_drop_episode_count": 3,
    "h10/outcome_drop_final_state_mse": 0.0016989198093320809,
    "h10/outcome_drop_state_mse": 0.0015724868751039692,
    "h10/outcome_jam_episode_count": 3,
    "h10/outcome_jam_final_state_mse": 0.0026739486584476395,
    "h10/outcome_jam_state_mse": 0.0021130413011787763,
    "h10/outcome_miss_episode_count": 3,
    "h10/outcome_miss_final_state_mse": 0.00474753703167236,
    "h10/outcome_miss_state_mse": 0.010735041331621557,
    "h10/outcome_partial_episode_count": 3,
    "h10/outcome_partial_final_state_mse": 0.0016173150122555252,
    "h10/outcome_partial_state_mse": 0.0014817800202400857,
    "h10/outcome_success_episode_count": 3,
    "h10/outcome_success_final_state_mse": 0.0016509210995209762,
    "h10/outcome_success_state_mse": 0.00150468647480011,
    "h10/selected_mode": "periodic_5",
    "h10/selected_period": 5,
    "h10/state_mse": 0.003481407664180581,
    "h100/episode_count": 15,
    "h100/final_state_mse": 0.0028909888921999465,
    "h100/outcome_drop_episode_count": 3,
    "h100/outcome_drop_final_state_mse": 0.002918912986524744,
    "h100/outcome_drop_state_mse": 0.0025140652002072802,
    "h100/outcome_jam_episode_count": 3,
    "h100/outcome_jam_final_state_mse": 0.0034333585329305114,
    "h100/outcome_jam_state_mse": 0.0030102365780500027,
    "h100/outcome_miss_episode_count": 3,
    "h100/outcome_miss_final_state_mse": 0.0019766751652449564,
    "h100/outcome_miss_state_mse": 0.003140375847909965,
    "h100/outcome_partial_episode_count": 3,
    "h100/outcome_partial_final_state_mse": 0.002446747439749101,
    "h100/outcome_partial_state_mse": 0.0021738320705937406,
    "h100/outcome_success_episode_count": 3,
    "h100/outcome_success_final_state_mse": 0.0036792510183028928,
    "h100/outcome_success_state_mse": 0.002429635228674396,
    "h100/selected_mode": "periodic_10",
    "h100/selected_period": 10,
    "h100/state_mse": 0.002653629078584559,
    "h125/episode_count": 15,
    "h125/final_state_mse": 0.0034725600597905176,
    "h125/outcome_drop_episode_count": 3,
    "h125/outcome_drop_final_state_mse": 0.004520661106296614,
    "h125/outcome_drop_state_mse": 0.0027447975009095437,
    "h125/outcome_jam_episode_count": 3,
    "h125/outcome_jam_final_state_mse": 0.004095554351806641,
    "h125/outcome_jam_state_mse": 0.003153832878162658,
    "h125/outcome_miss_episode_count": 3,
    "h125/outcome_miss_final_state_mse": 0.0032865942449741116,
    "h125/outcome_miss_state_mse": 0.0030912511987623826,
    "h125/outcome_partial_episode_count": 3,
    "h125/outcome_partial_final_state_mse": 0.0023035939320240144,
    "h125/outcome_partial_state_mse": 0.0022138142803915187,
    "h125/outcome_success_episode_count": 3,
    "h125/outcome_success_final_state_mse": 0.0031563971751655626,
    "h125/outcome_success_state_mse": 0.0025532732446209277,
    "h125/selected_mode": "periodic_10",
    "h125/selected_period": 10,
    "h125/state_mse": 0.0027513936759599672,
    "h20/episode_count": 15,
    "h20/final_state_mse": 0.0021797552607417886,
    "h20/outcome_drop_episode_count": 3,
    "h20/outcome_drop_final_state_mse": 0.0020738902678287107,
    "h20/outcome_drop_state_mse": 0.001700925515368094,
    "h20/outcome_jam_episode_count": 3,
    "h20/outcome_jam_final_state_mse": 0.002243157354445239,
    "h20/outcome_jam_state_mse": 0.0022195349721347585,
    "h20/outcome_miss_episode_count": 3,
    "h20/outcome_miss_final_state_mse": 0.0029016027068780137,
    "h20/outcome_miss_state_mse": 0.0074019006654327995,
    "h20/outcome_partial_episode_count": 3,
    "h20/outcome_partial_final_state_mse": 0.001819942511764227,
    "h20/outcome_partial_state_mse": 0.00161113581236671,
    "h20/outcome_success_episode_count": 3,
    "h20/outcome_success_final_state_mse": 0.0018601827810402788,
    "h20/outcome_success_state_mse": 0.001639133497001299,
    "h20/selected_mode": "periodic_5",
    "h20/selected_period": 5,
    "h20/state_mse": 0.002914526446972018,
    "h30/episode_count": 15,
    "h30/final_state_mse": 0.0019049624212427077,
    "h30/outcome_drop_episode_count": 3,
    "h30/outcome_drop_final_state_mse": 0.0017380673754838556,
    "h30/outcome_drop_state_mse": 0.0017668455254797842,
    "h30/outcome_jam_episode_count": 3,
    "h30/outcome_jam_final_state_mse": 0.002118165951733496,
    "h30/outcome_jam_state_mse": 0.0022938194877441674,
    "h30/outcome_miss_episode_count": 3,
    "h30/outcome_miss_final_state_mse": 0.0021702058467210506,
    "h30/outcome_miss_state_mse": 0.00584271738472068,
    "h30/outcome_partial_episode_count": 3,
    "h30/outcome_partial_final_state_mse": 0.0017176064498284284,
    "h30/outcome_partial_state_mse": 0.0016766584257154942,
    "h30/outcome_success_episode_count": 3,
    "h30/outcome_success_final_state_mse": 0.0017807661172221689,
    "h30/outcome_success_state_mse": 0.001699397273053271,
    "h30/selected_mode": "periodic_5",
    "h30/selected_period": 5,
    "h30/state_mse": 0.0026558876453142023,
    "h40/episode_count": 15,
    "h40/final_state_mse": 0.0017739553077548158,
    "h40/outcome_drop_episode_count": 3,
    "h40/outcome_drop_final_state_mse": 0.002031560646357879,
    "h40/outcome_drop_state_mse": 0.0018813875376009473,
    "h40/outcome_jam_episode_count": 3,
    "h40/outcome_jam_final_state_mse": 0.0016479361193631988,
    "h40/outcome_jam_state_mse": 0.002282685002470328,
    "h40/outcome_miss_episode_count": 3,
    "h40/outcome_miss_final_state_mse": 0.0019486924402074876,
    "h40/outcome_miss_state_mse": 0.004970259759940353,
    "h40/outcome_partial_episode_count": 3,
    "h40/outcome_partial_final_state_mse": 0.001619117979715073,
    "h40/outcome_partial_state_mse": 0.0016910953069824018,
    "h40/outcome_success_episode_count": 3,
    "h40/outcome_success_final_state_mse": 0.001622468817467783,
    "h40/outcome_success_state_mse": 0.0017143387810077543,
    "h40/selected_mode": "periodic_5",
    "h40/selected_period": 5,
    "h40/state_mse": 0.0025079530204822815,
    "h50/episode_count": 15,
    "h50/final_state_mse": 0.002136052667705062,
    "h50/outcome_drop_episode_count": 3,
    "h50/outcome_drop_final_state_mse": 0.0025416976632246006,
    "h50/outcome_drop_state_mse": 0.0021188466065849352,
    "h50/outcome_jam_episode_count": 3,
    "h50/outcome_jam_final_state_mse": 0.0028249154877818487,
    "h50/outcome_jam_state_mse": 0.002345604865379583,
    "h50/outcome_miss_episode_count": 3,
    "h50/outcome_miss_final_state_mse": 0.0015866082234709871,
    "h50/outcome_miss_state_mse": 0.0043784616507735906,
    "h50/outcome_partial_episode_count": 3,
    "h50/outcome_partial_final_state_mse": 0.0018383775369014616,
    "h50/outcome_partial_state_mse": 0.0017209848391464334,
    "h50/outcome_success_episode_count": 3,
    "h50/outcome_success_final_state_mse": 0.0018886640619218738,
    "h50/outcome_success_state_mse": 0.0017447849348479626,
    "h50/selected_mode": "periodic_5",
    "h50/selected_period": 5,
    "h50/state_mse": 0.0024617367414088032,
    "h75/episode_count": 15,
    "h75/final_state_mse": 0.004156164406171811,
    "h75/outcome_drop_episode_count": 3,
    "h75/outcome_drop_final_state_mse": 0.003649639659652523,
    "h75/outcome_drop_state_mse": 0.0025707399871094812,
    "h75/outcome_jam_episode_count": 3,
    "h75/outcome_jam_final_state_mse": 0.004614532237348993,
    "h75/outcome_jam_state_mse": 0.002766062169293173,
    "h75/outcome_miss_episode_count": 3,
    "h75/outcome_miss_final_state_mse": 0.0047732720675032125,
    "h75/outcome_miss_state_mse": 0.0037946055293862336,
    "h75/outcome_partial_episode_count": 3,
    "h75/outcome_partial_final_state_mse": 0.003502527337058697,
    "h75/outcome_partial_state_mse": 0.002020875976496013,
    "h75/outcome_success_episode_count": 3,
    "h75/outcome_success_final_state_mse": 0.0042408518736658535,
    "h75/outcome_success_state_mse": 0.002079319943529848,
    "h75/selected_mode": "periodic_5",
    "h75/selected_period": 5,
    "h75/state_mse": 0.0026463208167381534,
    "max_requested_horizon": 125,
    "periodic_reencode_periods": [
      1,
      2,
      5,
      10,
      20,
      50,
      100
    ],
    "rollout_mode": "best_periodic"
  },
  "checkpoint": "runs/maniskill_insertion/perturbation_e20_5k_lista_optimizer_refine_20260604_155050/lista_relu_a0p01_sp1em4_loops2_lr3em4_wd1em4_k1em4/seed2/checkpoint.pt",
  "checkpoint_step": 1500,
  "dataset": "data/maniskill/perturbation_assessment_seed0_e20/all_setups.npz",
  "device": "cuda",
  "family_jaccard": 0.4,
  "horizons": [
    10,
    20,
    30,
    40,
    50,
    75,
    100,
    125
  ],
  "labels_used_for_training": false,
  "periodic_reencode_periods": [
    1,
    2,
    5,
    10,
    20,
    50,
    100
  ],
  "rollout": {
    "episode_count": 15,
    "h10/episode_count": 15,
    "h10/final_state_mse": 0.003646754906847586,
    "h10/outcome_drop_episode_count": 3,
    "h10/outcome_drop_final_state_mse": 0.0030759387692205265,
    "h10/outcome_drop_state_mse": 0.001981098024673711,
    "h10/outcome_jam_episode_count": 3,
    "h10/outcome_jam_final_state_mse": 0.004570310314496358,
    "h10/outcome_jam_state_mse": 0.002601400621576247,
    "h10/outcome_miss_episode_count": 3,
    "h10/outcome_miss_final_state_mse": 0.004430202389854232,
    "h10/outcome_miss_state_mse": 0.010300119717915853,
    "h10/outcome_partial_episode_count": 3,
    "h10/outcome_partial_final_state_mse": 0.003089408785883897,
    "h10/outcome_partial_state_mse": 0.0019123978084988065,
    "h10/outcome_success_episode_count": 3,
    "h10/outcome_success_final_state_mse": 0.003067913422592325,
    "h10/outcome_success_state_mse": 0.0019200672705968222,
    "h10/state_mse": 0.0037430166107377196,
    "h100/episode_count": 15,
    "h100/final_state_mse": 164596.2248366013,
    "h100/outcome_drop_episode_count": 3,
    "h100/outcome_drop_final_state_mse": 103217.83496732026,
    "h100/outcome_drop_state_mse": 4565.350588235294,
    "h100/outcome_jam_episode_count": 3,
    "h100/outcome_jam_final_state_mse": 111961.56290849674,
    "h100/outcome_jam_state_mse": 4956.491535947713,
    "h100/outcome_miss_episode_count": 3,
    "h100/outcome_miss_final_state_mse": 393956.9869281046,
    "h100/outcome_miss_state_mse": 16821.263267973856,
    "h100/outcome_partial_episode_count": 3,
    "h100/outcome_partial_final_state_mse": 107645.72222222222,
    "h100/outcome_partial_state_mse": 4758.348921568628,
    "h100/outcome_success_episode_count": 3,
    "h100/outcome_success_final_state_mse": 106198.99183006537,
    "h100/outcome_success_state_mse": 4700.016078431373,
    "h100/state_mse": 7160.29322875817,
    "h125/episode_count": 15,
    "h125/final_state_mse": 81292353.58954248,
    "h125/outcome_drop_episode_count": 3,
    "h125/outcome_drop_final_state_mse": 46268957.69934641,
    "h125/outcome_drop_state_mse": 1789365.482248366,
    "h125/outcome_jam_episode_count": 3,
    "h125/outcome_jam_final_state_mse": 45577295.477124184,
    "h125/outcome_jam_state_mse": 1790750.9073986928,
    "h125/outcome_miss_episode_count": 3,
    "h125/outcome_miss_final_state_mse": 222702504.99346405,
    "h125/outcome_miss_state_mse": 8101025.537673202,
    "h125/outcome_partial_episode_count": 3,
    "h125/outcome_partial_final_state_mse": 45795259.81699347,
    "h125/outcome_partial_state_mse": 1788068.9911633986,
    "h125/outcome_success_episode_count": 3,
    "h125/outcome_success_final_state_mse": 46117736.15686274,
    "h125/outcome_success_state_mse": 1793601.3486013073,
    "h125/state_mse": 3052562.3650718955,
    "h20/episode_count": 15,
    "h20/final_state_mse": 0.013551599839154412,
    "h20/outcome_drop_episode_count": 3,
    "h20/outcome_drop_final_state_mse": 0.012612736400435953,
    "h20/outcome_drop_state_mse": 0.004711296628503238,
    "h20/outcome_jam_episode_count": 3,
    "h20/outcome_jam_final_state_mse": 0.013064960833468468,
    "h20/outcome_jam_state_mse": 0.005225559426288978,
    "h20/outcome_miss_episode_count": 3,
    "h20/outcome_miss_final_state_mse": 0.01696087215460983,
    "h20/outcome_miss_state_mse": 0.010004355237374897,
    "h20/outcome_partial_episode_count": 3,
    "h20/outcome_partial_final_state_mse": 0.012600403546897414,
    "h20/outcome_partial_state_mse": 0.00465703057307823,
    "h20/outcome_success_episode_count": 3,
    "h20/outcome_success_final_state_mse": 0.012519033370064754,
    "h20/outcome_success_state_mse": 0.004653931326336331,
    "h20/state_mse": 0.005850434646107792,
    "h30/episode_count": 15,
    "h30/final_state_mse": 0.04352604485804738,
    "h30/outcome_drop_episode_count": 3,
    "h30/outcome_drop_final_state_mse": 0.037954415371215425,
    "h30/outcome_drop_state_mse": 0.011261993919322694,
    "h30/outcome_jam_episode_count": 3,
    "h30/outcome_jam_final_state_mse": 0.040261373021244225,
    "h30/outcome_jam_state_mse": 0.011852540221868777,
    "h30/outcome_miss_episode_count": 3,
    "h30/outcome_miss_final_state_mse": 0.061955707525116165,
    "h30/outcome_miss_state_mse": 0.019677275198477284,
    "h30/outcome_partial_episode_count": 3,
    "h30/outcome_partial_final_state_mse": 0.038739040786144784,
    "h30/outcome_partial_state_mse": 0.011241199767667484,
    "h30/outcome_success_episode_count": 3,
    "h30/outcome_success_final_state_mse": 0.03871969771541022,
    "h30/outcome_success_state_mse": 0.011215057248383566,
    "h30/state_mse": 0.013049612938708469,
    "h40/episode_count": 15,
    "h40/final_state_mse": 0.14094162485957926,
    "h40/outcome_drop_episode_count": 3,
    "h40/outcome_drop_final_state_mse": 0.09775957095077614,
    "h40/outcome_drop_state_mse": 0.025349390117171543,
    "h40/outcome_jam_episode_count": 3,
    "h40/outcome_jam_final_state_mse": 0.11357669269337374,
    "h40/outcome_jam_state_mse": 0.027369921191845066,
    "h40/outcome_miss_episode_count": 3,
    "h40/outcome_miss_final_state_mse": 0.2646724881689533,
    "h40/outcome_miss_state_mse": 0.04590862124573951,
    "h40/outcome_partial_episode_count": 3,
    "h40/outcome_partial_final_state_mse": 0.11351176180870705,
    "h40/outcome_partial_state_mse": 0.026619947346207363,
    "h40/outcome_success_episode_count": 3,
    "h40/outcome_success_final_state_mse": 0.11518760444292056,
    "h40/outcome_success_state_mse": 0.02665376102223116,
    "h40/state_mse": 0.030380328807955475,
    "h50/episode_count": 15,
    "h50/final_state_mse": 1.658258016748366,
    "h50/outcome_drop_episode_count": 3,
    "h50/outcome_drop_final_state_mse": 0.7991338243671492,
    "h50/outcome_drop_state_mse": 0.08871990328520732,
    "h50/outcome_jam_episode_count": 3,
    "h50/outcome_jam_final_state_mse": 0.7805549895841312,
    "h50/outcome_jam_state_mse": 0.09161292780458538,
    "h50/outcome_miss_episode_count": 3,
    "h50/outcome_miss_final_state_mse": 5.025700388391034,
    "h50/outcome_miss_state_mse": 0.42039719924428104,
    "h50/outcome_partial_episode_count": 3,
    "h50/outcome_partial_final_state_mse": 0.8344443452124503,
    "h50/outcome_partial_state_mse": 0.09436283685023489,
    "h50/outcome_success_episode_count": 3,
    "h50/outcome_success_final_state_mse": 0.8514559502695122,
    "h50/outcome_success_state_mse": 0.09577874676074857,
    "h50/state_mse": 0.15817432598039216,
    "h75/episode_count": 15,
    "h75/final_state_mse": 356.86960784313726,
    "h75/outcome_drop_episode_count": 3,
    "h75/outcome_drop_final_state_mse": 264.99414700776146,
    "h75/outcome_drop_state_mse": 17.267745949074072,
    "h75/outcome_jam_episode_count": 3,
    "h75/outcome_jam_final_state_mse": 266.4817835988562,
    "h75/outcome_jam_state_mse": 16.90054772603486,
    "h75/outcome_miss_episode_count": 3,
    "h75/outcome_miss_final_state_mse": 723.3234272875817,
    "h75/outcome_miss_state_mse": 55.87204248366013,
    "h75/outcome_partial_episode_count": 3,
    "h75/outcome_partial_final_state_mse": 263.3008386948529,
    "h75/outcome_partial_state_mse": 16.87270509940087,
    "h75/outcome_success_episode_count": 3,
    "h75/outcome_success_final_state_mse": 266.2478968801062,
    "h75/outcome_success_state_mse": 17.173235974945534,
    "h75/state_mse": 24.817254901960784,
    "max_requested_horizon": 125,
    "reencode_period": null,
    "rollout_mode": "no_reencode"
  },
  "rollout_modes": {
    "no_reencode": {
      "episode_count": 15,
      "h10/episode_count": 15,
      "h10/final_state_mse": 0.003646754906847586,
      "h10/outcome_drop_episode_count": 3,
      "h10/outcome_drop_final_state_mse": 0.0030759387692205265,
      "h10/outcome_drop_state_mse": 0.001981098024673711,
      "h10/outcome_jam_episode_count": 3,
      "h10/outcome_jam_final_state_mse": 0.004570310314496358,
      "h10/outcome_jam_state_mse": 0.002601400621576247,
      "h10/outcome_miss_episode_count": 3,
      "h10/outcome_miss_final_state_mse": 0.004430202389854232,
      "h10/outcome_miss_state_mse": 0.010300119717915853,
      "h10/outcome_partial_episode_count": 3,
      "h10/outcome_partial_final_state_mse": 0.003089408785883897,
      "h10/outcome_partial_state_mse": 0.0019123978084988065,
      "h10/outcome_success_episode_count": 3,
      "h10/outcome_success_final_state_mse": 0.003067913422592325,
      "h10/outcome_success_state_mse": 0.0019200672705968222,
      "h10/state_mse": 0.0037430166107377196,
      "h100/episode_count": 15,
      "h100/final_state_mse": 164596.2248366013,
      "h100/outcome_drop_episode_count": 3,
      "h100/outcome_drop_final_state_mse": 103217.83496732026,
      "h100/outcome_drop_state_mse": 4565.350588235294,
      "h100/outcome_jam_episode_count": 3,
      "h100/outcome_jam_final_state_mse": 111961.56290849674,
      "h100/outcome_jam_state_mse": 4956.491535947713,
      "h100/outcome_miss_episode_count": 3,
      "h100/outcome_miss_final_state_mse": 393956.9869281046,
      "h100/outcome_miss_state_mse": 16821.263267973856,
      "h100/outcome_partial_episode_count": 3,
      "h100/outcome_partial_final_state_mse": 107645.72222222222,
      "h100/outcome_partial_state_mse": 4758.348921568628,
      "h100/outcome_success_episode_count": 3,
      "h100/outcome_success_final_state_mse": 106198.99183006537,
      "h100/outcome_success_state_mse": 4700.016078431373,
      "h100/state_mse": 7160.29322875817,
      "h125/episode_count": 15,
      "h125/final_state_mse": 81292353.58954248,
      "h125/outcome_drop_episode_count": 3,
      "h125/outcome_drop_final_state_mse": 46268957.69934641,
      "h125/outcome_drop_state_mse": 1789365.482248366,
      "h125/outcome_jam_episode_count": 3,
      "h125/outcome_jam_final_state_mse": 45577295.477124184,
      "h125/outcome_jam_state_mse": 1790750.9073986928,
      "h125/outcome_miss_episode_count": 3,
      "h125/outcome_miss_final_state_mse": 222702504.99346405,
      "h125/outcome_miss_state_mse": 8101025.537673202,
      "h125/outcome_partial_episode_count": 3,
      "h125/outcome_partial_final_state_mse": 45795259.81699347,
      "h125/outcome_partial_state_mse": 1788068.9911633986,
      "h125/outcome_success_episode_count": 3,
      "h125/outcome_success_final_state_mse": 46117736.15686274,
      "h125/outcome_success_state_mse": 1793601.3486013073,
      "h125/state_mse": 3052562.3650718955,
      "h20/episode_count": 15,
      "h20/final_state_mse": 0.013551599839154412,
      "h20/outcome_drop_episode_count": 3,
      "h20/outcome_drop_final_state_mse": 0.012612736400435953,
      "h20/outcome_drop_state_mse": 0.004711296628503238,
      "h20/outcome_jam_episode_count": 3,
      "h20/outcome_jam_final_state_mse": 0.013064960833468468,
      "h20/outcome_jam_state_mse": 0.005225559426288978,
      "h20/outcome_miss_episode_count": 3,
      "h20/outcome_miss_final_state_mse": 0.01696087215460983,
      "h20/outcome_miss_state_mse": 0.010004355237374897,
      "h20/outcome_partial_episode_count": 3,
      "h20/outcome_partial_final_state_mse": 0.012600403546897414,
      "h20/outcome_partial_state_mse": 0.00465703057307823,
      "h20/outcome_success_episode_count": 3,
      "h20/outcome_success_final_state_mse": 0.012519033370064754,
      "h20/outcome_success_state_mse": 0.004653931326336331,
      "h20/state_mse": 0.005850434646107792,
      "h30/episode_count": 15,
      "h30/final_state_mse": 0.04352604485804738,
      "h30/outcome_drop_episode_count": 3,
      "h30/outcome_drop_final_state_mse": 0.037954415371215425,
      "h30/outcome_drop_state_mse": 0.011261993919322694,
      "h30/outcome_jam_episode_count": 3,
      "h30/outcome_jam_final_state_mse": 0.040261373021244225,
      "h30/outcome_jam_state_mse": 0.011852540221868777,
      "h30/outcome_miss_episode_count": 3,
      "h30/outcome_miss_final_state_mse": 0.061955707525116165,
      "h30/outcome_miss_state_mse": 0.019677275198477284,
      "h30/outcome_partial_episode_count": 3,
      "h30/outcome_partial_final_state_mse": 0.038739040786144784,
      "h30/outcome_partial_state_mse": 0.011241199767667484,
      "h30/outcome_success_episode_count": 3,
      "h30/outcome_success_final_state_mse": 0.03871969771541022,
      "h30/outcome_success_state_mse": 0.011215057248383566,
      "h30/state_mse": 0.013049612938708469,
      "h40/episode_count": 15,
      "h40/final_state_mse": 0.14094162485957926,
      "h40/outcome_drop_episode_count": 3,
      "h40/outcome_drop_final_state_mse": 0.09775957095077614,
      "h40/outcome_drop_state_mse": 0.025349390117171543,
      "h40/outcome_jam_episode_count": 3,
      "h40/outcome_jam_final_state_mse": 0.11357669269337374,
      "h40/outcome_jam_state_mse": 0.027369921191845066,
      "h40/outcome_miss_episode_count": 3,
      "h40/outcome_miss_final_state_mse": 0.2646724881689533,
      "h40/outcome_miss_state_mse": 0.04590862124573951,
      "h40/outcome_partial_episode_count": 3,
      "h40/outcome_partial_final_state_mse": 0.11351176180870705,
      "h40/outcome_partial_state_mse": 0.026619947346207363,
      "h40/outcome_success_episode_count": 3,
      "h40/outcome_success_final_state_mse": 0.11518760444292056,
      "h40/outcome_success_state_mse": 0.02665376102223116,
      "h40/state_mse": 0.030380328807955475,
      "h50/episode_count": 15,
      "h50/final_state_mse": 1.658258016748366,
      "h50/outcome_drop_episode_count": 3,
      "h50/outcome_drop_final_state_mse": 0.7991338243671492,
      "h50/outcome_drop_state_mse": 0.08871990328520732,
      "h50/outcome_jam_episode_count": 3,
      "h50/outcome_jam_final_state_mse": 0.7805549895841312,
      "h50/outcome_jam_state_mse": 0.09161292780458538,
      "h50/outcome_miss_episode_count": 3,
      "h50/outcome_miss_final_state_mse": 5.025700388391034,
      "h50/outcome_miss_state_mse": 0.42039719924428104,
      "h50/outcome_partial_episode_count": 3,
      "h50/outcome_partial_final_state_mse": 0.8344443452124503,
      "h50/outcome_partial_state_mse": 0.09436283685023489,
      "h50/outcome_success_episode_count": 3,
      "h50/outcome_success_final_state_mse": 0.8514559502695122,
      "h50/outcome_success_state_mse": 0.09577874676074857,
      "h50/state_mse": 0.15817432598039216,
      "h75/episode_count": 15,
      "h75/final_state_mse": 356.86960784313726,
      "h75/outcome_drop_episode_count": 3,
      "h75/outcome_drop_final_state_mse": 264.99414700776146,
      "h75/outcome_drop_state_mse": 17.267745949074072,
      "h75/outcome_jam_episode_count": 3,
      "h75/outcome_jam_final_state_mse": 266.4817835988562,
      "h75/outcome_jam_state_mse": 16.90054772603486,
      "h75/outcome_miss_episode_count": 3,
      "h75/outcome_miss_final_state_mse": 723.3234272875817,
      "h75/outcome_miss_state_mse": 55.87204248366013,
      "h75/outcome_partial_episode_count": 3,
      "h75/outcome_partial_final_state_mse": 263.3008386948529,
      "h75/outcome_partial_state_mse": 16.87270509940087,
      "h75/outcome_success_episode_count": 3,
      "h75/outcome_success_final_state_mse": 266.2478968801062,
      "h75/outcome_success_state_mse": 17.173235974945534,
      "h75/state_mse": 24.817254901960784,
      "max_requested_horizon": 125,
      "reencode_period": null,
      "rollout_mode": "no_reencode"
    },
    "periodic_1": {
      "episode_count": 15,
      "h10/episode_count": 15,
      "h10/final_state_mse": 0.0032638852113212637,
      "h10/outcome_drop_episode_count": 3,
      "h10/outcome_drop_final_state_mse": 0.0019141308281546325,
      "h10/outcome_drop_state_mse": 0.0017101770522547704,
      "h10/outcome_jam_episode_count": 3,
      "h10/outcome_jam_final_state_mse": 0.002474215733849145,
      "h10/outcome_jam_state_mse": 0.0022591604126824274,
      "h10/outcome_miss_episode_count": 3,
      "h10/outcome_miss_final_state_mse": 0.008040131599295373,
      "h10/outcome_miss_state_mse": 0.014373226415098103,
      "h10/outcome_partial_episode_count": 3,
      "h10/outcome_partial_final_state_mse": 0.0019508064085362003,
      "h10/outcome_partial_state_mse": 0.001603700113452338,
      "h10/outcome_success_episode_count": 3,
      "h10/outcome_success_final_state_mse": 0.0019401412189396377,
      "h10/outcome_success_state_mse": 0.0016296541184381722,
      "h10/state_mse": 0.0043151835522620505,
      "h100/episode_count": 15,
      "h100/final_state_mse": 0.009196942771961486,
      "h100/outcome_drop_episode_count": 3,
      "h100/outcome_drop_final_state_mse": 0.011259304736953935,
      "h100/outcome_drop_state_mse": 0.005127911910512089,
      "h100/outcome_jam_episode_count": 3,
      "h100/outcome_jam_final_state_mse": 0.006275816777952356,
      "h100/outcome_jam_state_mse": 0.004018740685157527,
      "h100/outcome_miss_episode_count": 3,
      "h100/outcome_miss_final_state_mse": 0.016271600244092008,
      "h100/outcome_miss_state_mse": 0.023985836552638633,
      "h100/outcome_partial_episode_count": 3,
      "h100/outcome_partial_final_state_mse": 0.006376572488959319,
      "h100/outcome_partial_state_mse": 0.003307075126498353,
      "h100/outcome_success_episode_count": 3,
      "h100/outcome_success_final_state_mse": 0.005801419222276974,
      "h100/outcome_success_state_mse": 0.0034912372414582695,
      "h100/state_mse": 0.007986160577512254,
      "h125/episode_count": 15,
      "h125/final_state_mse": 0.009471016304165709,
      "h125/outcome_drop_episode_count": 3,
      "h125/outcome_drop_final_state_mse": 0.007636665713553335,
      "h125/outcome_drop_state_mse": 0.006403972351473141,
      "h125/outcome_jam_episode_count": 3,
      "h125/outcome_jam_final_state_mse": 0.009220298598794377,
      "h125/outcome_jam_state_mse": 0.005178798501008476,
      "h125/outcome_miss_episode_count": 3,
      "h125/outcome_miss_final_state_mse": 0.020082979420431298,
      "h125/outcome_miss_state_mse": 0.02258265017839818,
      "h125/outcome_partial_episode_count": 3,
      "h125/outcome_partial_final_state_mse": 0.0039117380100138046,
      "h125/outcome_partial_state_mse": 0.0034682893441393484,
      "h125/outcome_success_episode_count": 3,
      "h125/outcome_success_final_state_mse": 0.006503399875428941,
      "h125/outcome_success_state_mse": 0.0042286406373666,
      "h125/state_mse": 0.00837246923508987,
      "h20/episode_count": 15,
      "h20/final_state_mse": 0.004024632771809896,
      "h20/outcome_drop_episode_count": 3,
      "h20/outcome_drop_final_state_mse": 0.003625448379251692,
      "h20/outcome_drop_state_mse": 0.0024071616284987505,
      "h20/outcome_jam_episode_count": 3,
      "h20/outcome_jam_final_state_mse": 0.0038188772848229,
      "h20/outcome_jam_state_mse": 0.0028878060431262245,
      "h20/outcome_miss_episode_count": 3,
      "h20/outcome_miss_final_state_mse": 0.006037297299484801,
      "h20/outcome_miss_state_mse": 0.01042361742530773,
      "h20/outcome_partial_episode_count": 3,
      "h20/outcome_partial_final_state_mse": 0.0033112240870014514,
      "h20/outcome_partial_state_mse": 0.002300344339383194,
      "h20/outcome_success_episode_count": 3,
      "h20/outcome_success_final_state_mse": 0.003330315493680293,
      "h20/outcome_success_state_mse": 0.0023369983130810306,
      "h20/state_mse": 0.004071185542087929,
      "h30/episode_count": 15,
      "h30/final_state_mse": 0.00551860036413654,
      "h30/outcome_drop_episode_count": 3,
      "h30/outcome_drop_final_state_mse": 0.0030579090702767464,
      "h30/outcome_drop_state_mse": 0.002695216176816321,
      "h30/outcome_jam_episode_count": 3,
      "h30/outcome_jam_final_state_mse": 0.0037935484760726976,
      "h30/outcome_jam_state_mse": 0.003127617358122516,
      "h30/outcome_miss_episode_count": 3,
      "h30/outcome_miss_final_state_mse": 0.014323546216378803,
      "h30/outcome_miss_state_mse": 0.01043830489281216,
      "h30/outcome_partial_episode_count": 3,
      "h30/outcome_partial_final_state_mse": 0.003167644386587579,
      "h30/outcome_partial_state_mse": 0.002580719472016644,
      "h30/outcome_success_episode_count": 3,
      "h30/outcome_success_final_state_mse": 0.003250354377467648,
      "h30/outcome_success_state_mse": 0.0026239273075444507,
      "h30/state_mse": 0.004293157041462418,
      "h40/episode_count": 15,
      "h40/final_state_mse": 0.008941980748394735,
      "h40/outcome_drop_episode_count": 3,
      "h40/outcome_drop_final_state_mse": 0.004082558688774608,
      "h40/outcome_drop_state_mse": 0.002974028992497064,
      "h40/outcome_jam_episode_count": 3,
      "h40/outcome_jam_final_state_mse": 0.0030567132277426376,
      "h40/outcome_jam_state_mse": 0.003198132483787786,
      "h40/outcome_miss_episode_count": 3,
      "h40/outcome_miss_final_state_mse": 0.031478696886230915,
      "h40/outcome_miss_state_mse": 0.013385655521567352,
      "h40/outcome_partial_episode_count": 3,
      "h40/outcome_partial_final_state_mse": 0.003050125307506985,
      "h40/outcome_partial_state_mse": 0.002691868629330903,
      "h40/outcome_success_episode_count": 3,
      "h40/outcome_success_final_state_mse": 0.0030418084386517018,
      "h40/outcome_success_state_mse": 0.002732242244520998,
      "h40/state_mse": 0.004996385761335784,
      "h50/episode_count": 15,
      "h50/final_state_mse": 0.014085098964716094,
      "h50/outcome_drop_episode_count": 3,
      "h50/outcome_drop_final_state_mse": 0.004559045280116835,
      "h50/outcome_drop_state_mse": 0.003435649248509625,
      "h50/outcome_jam_episode_count": 3,
      "h50/outcome_jam_final_state_mse": 0.003855299715902291,
      "h50/outcome_jam_state_mse": 0.0033948261909235535,
      "h50/outcome_miss_episode_count": 3,
      "h50/outcome_miss_final_state_mse": 0.05428064765493854,
      "h50/outcome_miss_state_mse": 0.019610836427975325,
      "h50/outcome_partial_episode_count": 3,
      "h50/outcome_partial_final_state_mse": 0.0038324027669196037,
      "h50/outcome_partial_state_mse": 0.0028625862582836274,
      "h50/outcome_success_episode_count": 3,
      "h50/outcome_success_final_state_mse": 0.003898101499657226,
      "h50/outcome_success_state_mse": 0.0029004353167963962,
      "h50/state_mse": 0.0064408669066584965,
      "h75/episode_count": 15,
      "h75/final_state_mse": 0.009307206845750995,
      "h75/outcome_drop_episode_count": 3,
      "h75/outcome_drop_final_state_mse": 0.007645341500737308,
      "h75/outcome_drop_state_mse": 0.004040210615835418,
      "h75/outcome_jam_episode_count": 3,
      "h75/outcome_jam_final_state_mse": 0.005011955166564268,
      "h75/outcome_jam_state_mse": 0.0037867411029624525,
      "h75/outcome_miss_episode_count": 3,
      "h75/outcome_miss_final_state_mse": 0.02466073495889801,
      "h75/outcome_miss_state_mse": 0.02775009462776267,
      "h75/outcome_partial_episode_count": 3,
      "h75/outcome_partial_final_state_mse": 0.003863447875368829,
      "h75/outcome_partial_state_mse": 0.0030533279053266272,
      "h75/outcome_success_episode_count": 3,
      "h75/outcome_success_final_state_mse": 0.005354551805390252,
      "h75/outcome_success_state_mse": 0.003141040885110826,
      "h75/state_mse": 0.008354282620166123,
      "max_requested_horizon": 125,
      "reencode_period": 1,
      "rollout_mode": "periodic_1"
    },
    "periodic_10": {
      "episode_count": 15,
      "h10/episode_count": 15,
      "h10/final_state_mse": 0.0036467552185058595,
      "h10/outcome_drop_episode_count": 3,
      "h10/outcome_drop_final_state_mse": 0.0030759388057429804,
      "h10/outcome_drop_state_mse": 0.0019810978493659324,
      "h10/outcome_jam_episode_count": 3,
      "h10/outcome_jam_final_state_mse": 0.0045703107040692,
      "h10/outcome_jam_state_mse": 0.0026014006994908153,
      "h10/outcome_miss_episode_count": 3,
      "h10/outcome_miss_final_state_mse": 0.004430203704662572,
      "h10/outcome_miss_state_mse": 0.010300119717915853,
      "h10/outcome_partial_episode_count": 3,
      "h10/outcome_partial_final_state_mse": 0.0030894083476144503,
      "h10/outcome_partial_state_mse": 0.001912397691626954,
      "h10/outcome_success_episode_count": 3,
      "h10/outcome_success_final_state_mse": 0.0030679140069515875,
      "h10/outcome_success_state_mse": 0.001920067017374475,
      "h10/state_mse": 0.0037430163614111008,
      "h100/episode_count": 15,
      "h100/final_state_mse": 0.0028909888921999465,
      "h100/outcome_drop_episode_count": 3,
      "h100/outcome_drop_final_state_mse": 0.002918912986524744,
      "h100/outcome_drop_state_mse": 0.0025140652002072802,
      "h100/outcome_jam_episode_count": 3,
      "h100/outcome_jam_final_state_mse": 0.0034333585329305114,
      "h100/outcome_jam_state_mse": 0.0030102365780500027,
      "h100/outcome_miss_episode_count": 3,
      "h100/outcome_miss_final_state_mse": 0.0019766751652449564,
      "h100/outcome_miss_state_mse": 0.003140375847909965,
      "h100/outcome_partial_episode_count": 3,
      "h100/outcome_partial_final_state_mse": 0.002446747439749101,
      "h100/outcome_partial_state_mse": 0.0021738320705937406,
      "h100/outcome_success_episode_count": 3,
      "h100/outcome_success_final_state_mse": 0.0036792510183028928,
      "h100/outcome_success_state_mse": 0.002429635228674396,
      "h100/state_mse": 0.002653629078584559,
      "h125/episode_count": 15,
      "h125/final_state_mse": 0.0034725600597905176,
      "h125/outcome_drop_episode_count": 3,
      "h125/outcome_drop_final_state_mse": 0.004520661106296614,
      "h125/outcome_drop_state_mse": 0.0027447975009095437,
      "h125/outcome_jam_episode_count": 3,
      "h125/outcome_jam_final_state_mse": 0.004095554351806641,
      "h125/outcome_jam_state_mse": 0.003153832878162658,
      "h125/outcome_miss_episode_count": 3,
      "h125/outcome_miss_final_state_mse": 0.0032865942449741116,
      "h125/outcome_miss_state_mse": 0.0030912511987623826,
      "h125/outcome_partial_episode_count": 3,
      "h125/outcome_partial_final_state_mse": 0.0023035939320240144,
      "h125/outcome_partial_state_mse": 0.0022138142803915187,
      "h125/outcome_success_episode_count": 3,
      "h125/outcome_success_final_state_mse": 0.0031563971751655626,
      "h125/outcome_success_state_mse": 0.0025532732446209277,
      "h125/state_mse": 0.0027513936759599672,
      "h20/episode_count": 15,
      "h20/final_state_mse": 0.003116689320483239,
      "h20/outcome_drop_episode_count": 3,
      "h20/outcome_drop_final_state_mse": 0.002955344207341375,
      "h20/outcome_drop_state_mse": 0.0022291309303707546,
      "h20/outcome_jam_episode_count": 3,
      "h20/outcome_jam_final_state_mse": 0.0034291945349157246,
      "h20/outcome_jam_state_mse": 0.0028252605519263575,
      "h20/outcome_miss_episode_count": 3,
      "h20/outcome_miss_final_state_mse": 0.003522168723196765,
      "h20/outcome_miss_state_mse": 0.0069722566729277565,
      "h20/outcome_partial_episode_count": 3,
      "h20/outcome_partial_final_state_mse": 0.002838469579134112,
      "h20/outcome_partial_state_mse": 0.0021621226485258613,
      "h20/outcome_success_episode_count": 3,
      "h20/outcome_success_final_state_mse": 0.0028382698743561513,
      "h20/outcome_success_state_mse": 0.0021671337434668947,
      "h20/state_mse": 0.0032711809445050808,
      "h30/episode_count": 15,
      "h30/final_state_mse": 0.0024168662775575726,
      "h30/outcome_drop_episode_count": 3,
      "h30/outcome_drop_final_state_mse": 0.0023126556154559642,
      "h30/outcome_drop_state_mse": 0.0022146076678190877,
      "h30/outcome_jam_episode_count": 3,
      "h30/outcome_jam_final_state_mse": 0.0027800835425557655,
      "h30/outcome_jam_state_mse": 0.0028154039694592843,
      "h30/outcome_miss_episode_count": 3,
      "h30/outcome_miss_final_state_mse": 0.0023685084546313565,
      "h30/outcome_miss_state_mse": 0.005512042658521199,
      "h30/outcome_partial_episode_count": 3,
      "h30/outcome_partial_final_state_mse": 0.0022826866776335473,
      "h30/outcome_partial_state_mse": 0.0021462834478723197,
      "h30/outcome_success_episode_count": 3,
      "h30/outcome_success_final_state_mse": 0.002340396878376506,
      "h30/outcome_success_state_mse": 0.0021517319876643826,
      "h30/state_mse": 0.002968013987821691,
      "h40/episode_count": 15,
      "h40/final_state_mse": 0.0019039917615504046,
      "h40/outcome_drop_episode_count": 3,
      "h40/outcome_drop_final_state_mse": 0.0018481301034198089,
      "h40/outcome_drop_state_mse": 0.0022226651120030023,
      "h40/outcome_jam_episode_count": 3,
      "h40/outcome_jam_final_state_mse": 0.0020904464318471797,
      "h40/outcome_jam_state_mse": 0.002733772408728506,
      "h40/outcome_miss_episode_count": 3,
      "h40/outcome_miss_final_state_mse": 0.001645907443138509,
      "h40/outcome_miss_state_mse": 0.004636086669622683,
      "h40/outcome_partial_episode_count": 3,
      "h40/outcome_partial_final_state_mse": 0.0019746679642231634,
      "h40/outcome_partial_state_mse": 0.0020928888928656484,
      "h40/outcome_success_episode_count": 3,
      "h40/outcome_success_final_state_mse": 0.0019608068407750597,
      "h40/outcome_success_state_mse": 0.0021003390449324463,
      "h40/state_mse": 0.002757150487962112,
      "h50/episode_count": 15,
      "h50/final_state_mse": 0.0020130271225972892,
      "h50/outcome_drop_episode_count": 3,
      "h50/outcome_drop_final_state_mse": 0.002229514732664707,
      "h50/outcome_drop_state_mse": 0.002305323937359978,
      "h50/outcome_jam_episode_count": 3,
      "h50/outcome_jam_final_state_mse": 0.0028796763786303452,
      "h50/outcome_jam_state_mse": 0.002730017394022225,
      "h50/outcome_miss_episode_count": 3,
      "h50/outcome_miss_final_state_mse": 0.0015159473553592083,
      "h50/outcome_miss_state_mse": 0.004079169354407616,
      "h50/outcome_partial_episode_count": 3,
      "h50/outcome_partial_final_state_mse": 0.001684232499280007,
      "h50/outcome_partial_state_mse": 0.0020552724327137267,
      "h50/outcome_success_episode_count": 3,
      "h50/outcome_success_final_state_mse": 0.0017557643061759426,
      "h50/outcome_success_state_mse": 0.0020662620020847696,
      "h50/state_mse": 0.0026472090178844975,
      "h75/episode_count": 15,
      "h75/final_state_mse": 0.0038449539857752183,
      "h75/outcome_drop_episode_count": 3,
      "h75/outcome_drop_final_state_mse": 0.0033966531745748584,
      "h75/outcome_drop_state_mse": 0.00245452822683164,
      "h75/outcome_jam_episode_count": 3,
      "h75/outcome_jam_final_state_mse": 0.004543307121672661,
      "h75/outcome_jam_state_mse": 0.0029424121333103555,
      "h75/outcome_miss_episode_count": 3,
      "h75/outcome_miss_final_state_mse": 0.004050531564584745,
      "h75/outcome_miss_state_mse": 0.0034665679931640625,
      "h75/outcome_partial_episode_count": 3,
      "h75/outcome_partial_final_state_mse": 0.0031507215371318893,
      "h75/outcome_partial_state_mse": 0.0021678950116525287,
      "h75/outcome_success_episode_count": 3,
      "h75/outcome_success_final_state_mse": 0.004083557943113489,
      "h75/outcome_success_state_mse": 0.0022195112731202235,
      "h75/state_mse": 0.002650182919304875,
      "max_requested_horizon": 125,
      "reencode_period": 10,
      "rollout_mode": "periodic_10"
    },
    "periodic_100": {
      "episode_count": 15,
      "h10/episode_count": 15,
      "h10/final_state_mse": 0.0036467552185058595,
      "h10/outcome_drop_episode_count": 3,
      "h10/outcome_drop_final_state_mse": 0.0030759388057429804,
      "h10/outcome_drop_state_mse": 0.0019810978493659324,
      "h10/outcome_jam_episode_count": 3,
      "h10/outcome_jam_final_state_mse": 0.0045703107040692,
      "h10/outcome_jam_state_mse": 0.0026014006994908153,
      "h10/outcome_miss_episode_count": 3,
      "h10/outcome_miss_final_state_mse": 0.004430203704662572,
      "h10/outcome_miss_state_mse": 0.010300119717915853,
      "h10/outcome_partial_episode_count": 3,
      "h10/outcome_partial_final_state_mse": 0.0030894083476144503,
      "h10/outcome_partial_state_mse": 0.001912397691626954,
      "h10/outcome_success_episode_count": 3,
      "h10/outcome_success_final_state_mse": 0.0030679140069515875,
      "h10/outcome_success_state_mse": 0.001920067017374475,
      "h10/state_mse": 0.0037430163614111008,
      "h100/episode_count": 15,
      "h100/final_state_mse": 164596.2248366013,
      "h100/outcome_drop_episode_count": 3,
      "h100/outcome_drop_final_state_mse": 103217.83823529411,
      "h100/outcome_drop_state_mse": 4565.350392156863,
      "h100/outcome_jam_episode_count": 3,
      "h100/outcome_jam_final_state_mse": 111961.5498366013,
      "h100/outcome_jam_state_mse": 4956.491503267974,
      "h100/outcome_miss_episode_count": 3,
      "h100/outcome_miss_final_state_mse": 393957.01960784313,
      "h100/outcome_miss_state_mse": 16821.264575163397,
      "h100/outcome_partial_episode_count": 3,
      "h100/outcome_partial_final_state_mse": 107645.71323529411,
      "h100/outcome_partial_state_mse": 4758.348856209151,
      "h100/outcome_success_episode_count": 3,
      "h100/outcome_success_final_state_mse": 106198.9885620915,
      "h100/outcome_success_state_mse": 4700.015522875817,
      "h100/state_mse": 7160.29322875817,
      "h125/episode_count": 15,
      "h125/final_state_mse": 42584.1385620915,
      "h125/outcome_drop_episode_count": 3,
      "h125/outcome_drop_final_state_mse": 30590.33997140523,
      "h125/outcome_drop_state_mse": 6464.397333333333,
      "h125/outcome_jam_episode_count": 3,
      "h125/outcome_jam_final_state_mse": 34997.53354779412,
      "h125/outcome_jam_state_mse": 7113.125437908497,
      "h125/outcome_miss_episode_count": 3,
      "h125/outcome_miss_final_state_mse": 81847.66666666667,
      "h125/outcome_miss_state_mse": 19755.54426143791,
      "h125/outcome_partial_episode_count": 3,
      "h125/outcome_partial_final_state_mse": 33429.89562908497,
      "h125/outcome_partial_state_mse": 6810.7433202614375,
      "h125/outcome_success_episode_count": 3,
      "h125/outcome_success_final_state_mse": 32055.265114379086,
      "h125/outcome_success_state_mse": 6684.760836601307,
      "h125/state_mse": 9365.714154248366,
      "h20/episode_count": 15,
      "h20/final_state_mse": 0.013551599839154412,
      "h20/outcome_drop_episode_count": 3,
      "h20/outcome_drop_final_state_mse": 0.012612736400435953,
      "h20/outcome_drop_state_mse": 0.004711296901204228,
      "h20/outcome_jam_episode_count": 3,
      "h20/outcome_jam_final_state_mse": 0.013064960249109206,
      "h20/outcome_jam_state_mse": 0.005225559971690957,
      "h20/outcome_miss_episode_count": 3,
      "h20/outcome_miss_final_state_mse": 0.016960872738969093,
      "h20/outcome_miss_state_mse": 0.010004355237374897,
      "h20/outcome_partial_episode_count": 3,
      "h20/outcome_partial_final_state_mse": 0.012600400819887524,
      "h20/outcome_partial_state_mse": 0.00465703057307823,
      "h20/outcome_success_episode_count": 3,
      "h20/outcome_success_final_state_mse": 0.01251903604837804,
      "h20/outcome_success_state_mse": 0.004653931676951889,
      "h20/state_mse": 0.005850434646107792,
      "h30/episode_count": 15,
      "h30/final_state_mse": 0.04352604485804738,
      "h30/outcome_drop_episode_count": 3,
      "h30/outcome_drop_final_state_mse": 0.03795441459206974,
      "h30/outcome_drop_state_mse": 0.011261993815436602,
      "h30/outcome_jam_episode_count": 3,
      "h30/outcome_jam_final_state_mse": 0.04026137457953559,
      "h30/outcome_jam_state_mse": 0.011852539910210503,
      "h30/outcome_miss_episode_count": 3,
      "h30/outcome_miss_final_state_mse": 0.061955709083407536,
      "h30/outcome_miss_state_mse": 0.019677276029566013,
      "h30/outcome_partial_episode_count": 3,
      "h30/outcome_partial_final_state_mse": 0.03873903805913489,
      "h30/outcome_partial_state_mse": 0.011241198313262209,
      "h30/outcome_success_episode_count": 3,
      "h30/outcome_success_final_state_mse": 0.0387196938196818,
      "h30/outcome_success_state_mse": 0.011215057040611383,
      "h30/state_mse": 0.013049612938708469,
      "h40/episode_count": 15,
      "h40/final_state_mse": 0.1409416148865145,
      "h40/outcome_drop_episode_count": 3,
      "h40/outcome_drop_final_state_mse": 0.0977596052331862,
      "h40/outcome_drop_state_mse": 0.025349391363804638,
      "h40/outcome_jam_episode_count": 3,
      "h40/outcome_jam_final_state_mse": 0.11357666776071187,
      "h40/outcome_jam_state_mse": 0.02736991869857888,
      "h40/outcome_miss_episode_count": 3,
      "h40/outcome_miss_final_state_mse": 0.26467246635287417,
      "h40/outcome_miss_state_mse": 0.04590862186905605,
      "h40/outcome_partial_episode_count": 3,
      "h40/outcome_partial_final_state_mse": 0.11351173375946244,
      "h40/outcome_partial_state_mse": 0.026619946722890815,
      "h40/outcome_success_episode_count": 3,
      "h40/outcome_success_final_state_mse": 0.11518760755950329,
      "h40/outcome_success_state_mse": 0.026653761645547704,
      "h40/state_mse": 0.030380328807955475,
      "h50/episode_count": 15,
      "h50/final_state_mse": 1.658258016748366,
      "h50/outcome_drop_episode_count": 3,
      "h50/outcome_drop_final_state_mse": 0.7991337745018254,
      "h50/outcome_drop_state_mse": 0.08871990727443321,
      "h50/outcome_jam_episode_count": 3,
      "h50/outcome_jam_final_state_mse": 0.7805547402575125,
      "h50/outcome_jam_state_mse": 0.09161292780458538,
      "h50/outcome_miss_episode_count": 3,
      "h50/outcome_miss_final_state_mse": 5.025700587852328,
      "h50/outcome_miss_state_mse": 0.4203972072227328,
      "h50/outcome_partial_episode_count": 3,
      "h50/outcome_partial_final_state_mse": 0.8344445072747524,
      "h50/outcome_partial_state_mse": 0.09436283685023489,
      "h50/outcome_success_episode_count": 3,
      "h50/outcome_success_final_state_mse": 0.8514561621971379,
      "h50/outcome_success_state_mse": 0.09577874476613563,
      "h50/state_mse": 0.15817432598039216,
      "h75/episode_count": 15,
      "h75/final_state_mse": 356.8696486928105,
      "h75/outcome_drop_episode_count": 3,
      "h75/outcome_drop_final_state_mse": 264.99410871119284,
      "h75/outcome_drop_state_mse": 17.26774424700436,
      "h75/outcome_jam_episode_count": 3,
      "h75/outcome_jam_final_state_mse": 266.48181870404414,
      "h75/outcome_jam_state_mse": 16.900547215413944,
      "h75/outcome_miss_episode_count": 3,
      "h75/outcome_miss_final_state_mse": 723.3235677083334,
      "h75/outcome_miss_state_mse": 55.87204384531591,
      "h75/outcome_partial_episode_count": 3,
      "h75/outcome_partial_final_state_mse": 263.30091209660947,
      "h75/outcome_partial_state_mse": 16.87270509940087,
      "h75/outcome_success_episode_count": 3,
      "h75/outcome_success_final_state_mse": 266.2478968801062,
      "h75/outcome_success_state_mse": 17.17323461328976,
      "h75/state_mse": 24.817254901960784,
      "max_requested_horizon": 125,
      "reencode_period": 100,
      "rollout_mode": "periodic_100"
    },
    "periodic_2": {
      "episode_count": 15,
      "h10/episode_count": 15,
      "h10/final_state_mse": 0.0029021973703421797,
      "h10/outcome_drop_episode_count": 3,
      "h10/outcome_drop_final_state_mse": 0.001535275622325785,
      "h10/outcome_drop_state_mse": 0.0015369749731487699,
      "h10/outcome_jam_episode_count": 3,
      "h10/outcome_jam_final_state_mse": 0.002295924216703652,
      "h10/outcome_jam_state_mse": 0.0020689236572365355,
      "h10/outcome_miss_episode_count": 3,
      "h10/outcome_miss_final_state_mse": 0.007834308482463064,
      "h10/outcome_miss_state_mse": 0.012867628515156266,
      "h10/outcome_partial_episode_count": 3,
      "h10/outcome_partial_final_state_mse": 0.0014152901819328857,
      "h10/outcome_partial_state_mse": 0.0014299807205698848,
      "h10/outcome_success_episode_count": 3,
      "h10/outcome_success_final_state_mse": 0.0014301869117356594,
      "h10/outcome_success_state_mse": 0.0014460184994865867,
      "h10/state_mse": 0.0038699051601434843,
      "h100/episode_count": 15,
      "h100/final_state_mse": 0.0046081412072275195,
      "h100/outcome_drop_episode_count": 3,
      "h100/outcome_drop_final_state_mse": 0.005980538679104226,
      "h100/outcome_drop_state_mse": 0.004142500995810515,
      "h100/outcome_jam_episode_count": 3,
      "h100/outcome_jam_final_state_mse": 0.003002410864128786,
      "h100/outcome_jam_state_mse": 0.003272099339104945,
      "h100/outcome_miss_episode_count": 3,
      "h100/outcome_miss_final_state_mse": 0.007462558062637553,
      "h100/outcome_miss_state_mse": 0.0049197493659125435,
      "h100/outcome_partial_episode_count": 3,
      "h100/outcome_partial_final_state_mse": 0.003401682657354018,
      "h100/outcome_partial_state_mse": 0.002473669301450642,
      "h100/outcome_success_episode_count": 3,
      "h100/outcome_success_final_state_mse": 0.003193515139857149,
      "h100/outcome_success_state_mse": 0.002721530128927792,
      "h100/state_mse": 0.0035059100381689134,
      "h125/episode_count": 15,
      "h125/final_state_mse": 0.004843398013146095,
      "h125/outcome_drop_episode_count": 3,
      "h125/outcome_drop_final_state_mse": 0.004785445683142718,
      "h125/outcome_drop_state_mse": 0.004454150929170496,
      "h125/outcome_jam_episode_count": 3,
      "h125/outcome_jam_final_state_mse": 0.00442300444724513,
      "h125/outcome_jam_state_mse": 0.0034877037098205166,
      "h125/outcome_miss_episode_count": 3,
      "h125/outcome_miss_final_state_mse": 0.007726088068843667,
      "h125/outcome_miss_state_mse": 0.005393765318627451,
      "h125/outcome_partial_episode_count": 3,
      "h125/outcome_partial_final_state_mse": 0.0034157948848468804,
      "h125/outcome_partial_state_mse": 0.002652861202464384,
      "h125/outcome_success_episode_count": 3,
      "h125/outcome_success_final_state_mse": 0.003866658880819682,
      "h125/outcome_success_state_mse": 0.0028798876993017257,
      "h125/state_mse": 0.0037736736621732025,
      "h20/episode_count": 15,
      "h20/final_state_mse": 0.0025195703007816488,
      "h20/outcome_drop_episode_count": 3,
      "h20/outcome_drop_final_state_mse": 0.0025612840221987832,
      "h20/outcome_drop_state_mse": 0.001700157745211732,
      "h20/outcome_jam_episode_count": 3,
      "h20/outcome_jam_final_state_mse": 0.002481881456047881,
      "h20/outcome_jam_state_mse": 0.002193401880513609,
      "h20/outcome_miss_episode_count": 3,
      "h20/outcome_miss_final_state_mse": 0.003070782699616127,
      "h20/outcome_miss_state_mse": 0.008987521501927593,
      "h20/outcome_partial_episode_count": 3,
      "h20/outcome_partial_final_state_mse": 0.002248128449994754,
      "h20/outcome_partial_state_mse": 0.0016046743961720684,
      "h20/outcome_success_episode_count": 3,
      "h20/outcome_success_final_state_mse": 0.0022357743403880427,
      "h20/outcome_success_state_mse": 0.0016260680225160388,
      "h20/state_mse": 0.003222364537856158,
      "h30/episode_count": 15,
      "h30/final_state_mse": 0.0027469179988686555,
      "h30/outcome_drop_episode_count": 3,
      "h30/outcome_drop_final_state_mse": 0.0024575741803334428,
      "h30/outcome_drop_state_mse": 0.001972948180304633,
      "h30/outcome_jam_episode_count": 3,
      "h30/outcome_jam_final_state_mse": 0.0030876396625649696,
      "h30/outcome_jam_state_mse": 0.002472811482830505,
      "h30/outcome_miss_episode_count": 3,
      "h30/outcome_miss_final_state_mse": 0.003121898065205493,
      "h30/outcome_miss_state_mse": 0.007121122169079085,
      "h30/outcome_partial_episode_count": 3,
      "h30/outcome_partial_final_state_mse": 0.002486216233057134,
      "h30/outcome_partial_state_mse": 0.0018913292157624023,
      "h30/outcome_success_episode_count": 3,
      "h30/outcome_success_final_state_mse": 0.0025812617801373302,
      "h30/outcome_success_state_mse": 0.001915134401882396,
      "h30/state_mse": 0.0030746689341426673,
      "h40/episode_count": 15,
      "h40/final_state_mse": 0.0029723887350045,
      "h40/outcome_drop_episode_count": 3,
      "h40/outcome_drop_final_state_mse": 0.003439827974325691,
      "h40/outcome_drop_state_mse": 0.0022554528479482613,
      "h40/outcome_jam_episode_count": 3,
      "h40/outcome_jam_final_state_mse": 0.0024832733024179546,
      "h40/outcome_jam_state_mse": 0.0025557755644804512,
      "h40/outcome_miss_episode_count": 3,
      "h40/outcome_miss_final_state_mse": 0.004157560031398449,
      "h40/outcome_miss_state_mse": 0.006338757471321455,
      "h40/outcome_partial_episode_count": 3,
      "h40/outcome_partial_final_state_mse": 0.0024055163893434736,
      "h40/outcome_partial_state_mse": 0.0020044468976313772,
      "h40/outcome_success_episode_count": 3,
      "h40/outcome_success_final_state_mse": 0.002375765953188628,
      "h40/outcome_success_state_mse": 0.002031163335625642,
      "h40/state_mse": 0.0030371193480647467,
      "h50/episode_count": 15,
      "h50/final_state_mse": 0.003218310798694885,
      "h50/outcome_drop_episode_count": 3,
      "h50/outcome_drop_final_state_mse": 0.004397190328127418,
      "h50/outcome_drop_state_mse": 0.0027713693668639738,
      "h50/outcome_jam_episode_count": 3,
      "h50/outcome_jam_final_state_mse": 0.0030318923732813668,
      "h50/outcome_jam_state_mse": 0.0026681546915590373,
      "h50/outcome_miss_episode_count": 3,
      "h50/outcome_miss_final_state_mse": 0.0039240818202885145,
      "h50/outcome_miss_state_mse": 0.005931543836406633,
      "h50/outcome_partial_episode_count": 3,
      "h50/outcome_partial_final_state_mse": 0.002314418237778096,
      "h50/outcome_partial_state_mse": 0.0020868950264126647,
      "h50/outcome_success_episode_count": 3,
      "h50/outcome_success_final_state_mse": 0.0024239720618413163,
      "h50/outcome_success_state_mse": 0.0021135706995047774,
      "h50/state_mse": 0.003114306680517259,
      "h75/episode_count": 15,
      "h75/final_state_mse": 0.005683708190917969,
      "h75/outcome_drop_episode_count": 3,
      "h75/outcome_drop_final_state_mse": 0.007199201708525614,
      "h75/outcome_drop_state_mse": 0.003927290839567164,
      "h75/outcome_jam_episode_count": 3,
      "h75/outcome_jam_final_state_mse": 0.005950001184067695,
      "h75/outcome_jam_state_mse": 0.0031448509698340055,
      "h75/outcome_miss_episode_count": 3,
      "h75/outcome_miss_final_state_mse": 0.00575477595812355,
      "h75/outcome_miss_state_mse": 0.005237427256465738,
      "h75/outcome_partial_episode_count": 3,
      "h75/outcome_partial_final_state_mse": 0.0037032457348567987,
      "h75/outcome_partial_state_mse": 0.002378803826625051,
      "h75/outcome_success_episode_count": 3,
      "h75/outcome_success_final_state_mse": 0.005811319096026077,
      "h75/outcome_success_state_mse": 0.002481678690525961,
      "h75/state_mse": 0.0034340102251838233,
      "max_requested_horizon": 125,
      "reencode_period": 2,
      "rollout_mode": "periodic_2"
    },
    "periodic_20": {
      "episode_count": 15,
      "h10/episode_count": 15,
      "h10/final_state_mse": 0.0036467552185058595,
      "h10/outcome_drop_episode_count": 3,
      "h10/outcome_drop_final_state_mse": 0.0030759388057429804,
      "h10/outcome_drop_state_mse": 0.0019810978493659324,
      "h10/outcome_jam_episode_count": 3,
      "h10/outcome_jam_final_state_mse": 0.0045703107040692,
      "h10/outcome_jam_state_mse": 0.0026014006994908153,
      "h10/outcome_miss_episode_count": 3,
      "h10/outcome_miss_final_state_mse": 0.004430203704662572,
      "h10/outcome_miss_state_mse": 0.010300119717915853,
      "h10/outcome_partial_episode_count": 3,
      "h10/outcome_partial_final_state_mse": 0.0030894083476144503,
      "h10/outcome_partial_state_mse": 0.001912397691626954,
      "h10/outcome_success_episode_count": 3,
      "h10/outcome_success_final_state_mse": 0.0030679140069515875,
      "h10/outcome_success_state_mse": 0.001920067017374475,
      "h10/state_mse": 0.0037430163614111008,
      "h100/episode_count": 15,
      "h100/final_state_mse": 0.01280510846306296,
      "h100/outcome_drop_episode_count": 3,
      "h100/outcome_drop_final_state_mse": 0.008694307282080059,
      "h100/outcome_drop_state_mse": 0.004237854776818768,
      "h100/outcome_jam_episode_count": 3,
      "h100/outcome_jam_final_state_mse": 0.015363662461050196,
      "h100/outcome_jam_state_mse": 0.005367998110702614,
      "h100/outcome_miss_episode_count": 3,
      "h100/outcome_miss_final_state_mse": 0.012640693998025134,
      "h100/outcome_miss_state_mse": 0.006188185448740043,
      "h100/outcome_partial_episode_count": 3,
      "h100/outcome_partial_final_state_mse": 0.011635724041197035,
      "h100/outcome_partial_state_mse": 0.004601397981830672,
      "h100/outcome_success_episode_count": 3,
      "h100/outcome_success_final_state_mse": 0.015691156091253742,
      "h100/outcome_success_state_mse": 0.004981802273419948,
      "h100/state_mse": 0.005075447431576797,
      "h125/episode_count": 15,
      "h125/final_state_mse": 0.006869820364160476,
      "h125/outcome_drop_episode_count": 3,
      "h125/outcome_drop_final_state_mse": 0.005398339890187082,
      "h125/outcome_drop_state_mse": 0.0045671898336971505,
      "h125/outcome_jam_episode_count": 3,
      "h125/outcome_jam_final_state_mse": 0.006316332743058797,
      "h125/outcome_jam_state_mse": 0.005885992112502553,
      "h125/outcome_miss_episode_count": 3,
      "h125/outcome_miss_final_state_mse": 0.01023231563614864,
      "h125/outcome_miss_state_mse": 0.007087215049594056,
      "h125/outcome_partial_episode_count": 3,
      "h125/outcome_partial_final_state_mse": 0.0067739876267177606,
      "h125/outcome_partial_state_mse": 0.005212153116861979,
      "h125/outcome_success_episode_count": 3,
      "h125/outcome_success_final_state_mse": 0.0056281231002869945,
      "h125/outcome_success_state_mse": 0.00580040835710912,
      "h125/state_mse": 0.0057105915543300655,
      "h20/episode_count": 15,
      "h20/final_state_mse": 0.013551599839154412,
      "h20/outcome_drop_episode_count": 3,
      "h20/outcome_drop_final_state_mse": 0.012612736400435953,
      "h20/outcome_drop_state_mse": 0.004711296901204228,
      "h20/outcome_jam_episode_count": 3,
      "h20/outcome_jam_final_state_mse": 0.013064960249109206,
      "h20/outcome_jam_state_mse": 0.005225559971690957,
      "h20/outcome_miss_episode_count": 3,
      "h20/outcome_miss_final_state_mse": 0.016960872738969093,
      "h20/outcome_miss_state_mse": 0.010004355237374897,
      "h20/outcome_partial_episode_count": 3,
      "h20/outcome_partial_final_state_mse": 0.012600400819887524,
      "h20/outcome_partial_state_mse": 0.00465703057307823,
      "h20/outcome_success_episode_count": 3,
      "h20/outcome_success_final_state_mse": 0.01251903604837804,
      "h20/outcome_success_state_mse": 0.004653931676951889,
      "h20/state_mse": 0.005850434646107792,
      "h30/episode_count": 15,
      "h30/final_state_mse": 0.003446170395495845,
      "h30/outcome_drop_episode_count": 3,
      "h30/outcome_drop_final_state_mse": 0.003220721007951724,
      "h30/outcome_drop_state_mse": 0.004350548008688135,
      "h30/outcome_jam_episode_count": 3,
      "h30/outcome_jam_final_state_mse": 0.0034861761613998537,
      "h30/outcome_jam_state_mse": 0.004839942553983534,
      "h30/outcome_miss_episode_count": 3,
      "h30/outcome_miss_final_state_mse": 0.004252462069583095,
      "h30/outcome_miss_state_mse": 0.008286050202280348,
      "h30/outcome_partial_episode_count": 3,
      "h30/outcome_partial_final_state_mse": 0.0031138223662875056,
      "h30/outcome_partial_state_mse": 0.004282517370834849,
      "h30/outcome_success_episode_count": 3,
      "h30/outcome_success_final_state_mse": 0.003157670055729112,
      "h30/outcome_success_state_mse": 0.004284993703588681,
      "h30/state_mse": 0.00520881071069921,
      "h40/episode_count": 15,
      "h40/final_state_mse": 0.006086051541995379,
      "h40/outcome_drop_episode_count": 3,
      "h40/outcome_drop_final_state_mse": 0.004570788515159507,
      "h40/outcome_drop_state_mse": 0.004294141367370007,
      "h40/outcome_jam_episode_count": 3,
      "h40/outcome_jam_final_state_mse": 0.006151497948403452,
      "h40/outcome_jam_state_mse": 0.004803546503478405,
      "h40/outcome_miss_episode_count": 3,
      "h40/outcome_miss_final_state_mse": 0.007403174354359995,
      "h40/outcome_miss_state_mse": 0.0075642102684070865,
      "h40/outcome_partial_episode_count": 3,
      "h40/outcome_partial_final_state_mse": 0.006125369200519487,
      "h40/outcome_partial_state_mse": 0.004275302170148862,
      "h40/outcome_success_episode_count": 3,
      "h40/outcome_success_final_state_mse": 0.006179427983714085,
      "h40/outcome_success_state_mse": 0.00428734211360707,
      "h40/state_mse": 0.005044908710554534,
      "h50/episode_count": 15,
      "h50/final_state_mse": 0.002541571660758623,
      "h50/outcome_drop_episode_count": 3,
      "h50/outcome_drop_final_state_mse": 0.0029283694776834224,
      "h50/outcome_drop_state_mse": 0.004158709594626832,
      "h50/outcome_jam_episode_count": 3,
      "h50/outcome_jam_final_state_mse": 0.003100987596839082,
      "h50/outcome_jam_state_mse": 0.004530612721162684,
      "h50/outcome_miss_episode_count": 3,
      "h50/outcome_miss_final_state_mse": 0.00198564965740528,
      "h50/outcome_miss_state_mse": 0.006532505135131038,
      "h50/outcome_partial_episode_count": 3,
      "h50/outcome_partial_final_state_mse": 0.0023083063268583585,
      "h50/outcome_partial_state_mse": 0.003950272073932722,
      "h50/outcome_success_episode_count": 3,
      "h50/outcome_success_final_state_mse": 0.0023845450745688546,
      "h50/outcome_success_state_mse": 0.003967330533694598,
      "h50/state_mse": 0.004627885806015114,
      "h75/episode_count": 15,
      "h75/final_state_mse": 0.006337935005138123,
      "h75/outcome_drop_episode_count": 3,
      "h75/outcome_drop_final_state_mse": 0.005070236383699903,
      "h75/outcome_drop_state_mse": 0.004118645362604677,
      "h75/outcome_jam_episode_count": 3,
      "h75/outcome_jam_final_state_mse": 0.007097196734808629,
      "h75/outcome_jam_state_mse": 0.0045783037505638105,
      "h75/outcome_miss_episode_count": 3,
      "h75/outcome_miss_final_state_mse": 0.006450050991345075,
      "h75/outcome_miss_state_mse": 0.005991281580041956,
      "h75/outcome_partial_episode_count": 3,
      "h75/outcome_partial_final_state_mse": 0.0061388007955613475,
      "h75/outcome_partial_state_mse": 0.003945281043291612,
      "h75/outcome_success_episode_count": 3,
      "h75/outcome_success_final_state_mse": 0.006933392068139868,
      "h75/outcome_success_state_mse": 0.004003751916823044,
      "h75/state_mse": 0.004527452788841231,
      "max_requested_horizon": 125,
      "reencode_period": 20,
      "rollout_mode": "periodic_20"
    },
    "periodic_5": {
      "episode_count": 15,
      "h10/episode_count": 15,
      "h10/final_state_mse": 0.002477728307636735,
      "h10/outcome_drop_episode_count": 3,
      "h10/outcome_drop_final_state_mse": 0.0016989198093320809,
      "h10/outcome_drop_state_mse": 0.0015724868751039692,
      "h10/outcome_jam_episode_count": 3,
      "h10/outcome_jam_final_state_mse": 0.0026739486584476395,
      "h10/outcome_jam_state_mse": 0.0021130413011787763,
      "h10/outcome_miss_episode_count": 3,
      "h10/outcome_miss_final_state_mse": 0.00474753703167236,
      "h10/outcome_miss_state_mse": 0.010735041331621557,
      "h10/outcome_partial_episode_count": 3,
      "h10/outcome_partial_final_state_mse": 0.0016173150122555252,
      "h10/outcome_partial_state_mse": 0.0014817800202400857,
      "h10/outcome_success_episode_count": 3,
      "h10/outcome_success_final_state_mse": 0.0016509210995209762,
      "h10/outcome_success_state_mse": 0.00150468647480011,
      "h10/state_mse": 0.003481407664180581,
      "h100/episode_count": 15,
      "h100/final_state_mse": 0.0027512662550982308,
      "h100/outcome_drop_episode_count": 3,
      "h100/outcome_drop_final_state_mse": 0.003141533120784884,
      "h100/outcome_drop_state_mse": 0.0026663118873546327,
      "h100/outcome_jam_episode_count": 3,
      "h100/outcome_jam_final_state_mse": 0.0028824142235166885,
      "h100/outcome_jam_state_mse": 0.0028426204008214612,
      "h100/outcome_miss_episode_count": 3,
      "h100/outcome_miss_final_state_mse": 0.002763895938793818,
      "h100/outcome_miss_state_mse": 0.0035537932277504916,
      "h100/outcome_partial_episode_count": 3,
      "h100/outcome_partial_final_state_mse": 0.002264579331952762,
      "h100/outcome_partial_state_mse": 0.0020691789988598794,
      "h100/outcome_success_episode_count": 3,
      "h100/outcome_success_final_state_mse": 0.00270390856304979,
      "h100/outcome_success_state_mse": 0.0022005606944264927,
      "h100/state_mse": 0.0026664929358787785,
      "h125/episode_count": 15,
      "h125/final_state_mse": 0.0037094995087268304,
      "h125/outcome_drop_episode_count": 3,
      "h125/outcome_drop_final_state_mse": 0.004580362121653712,
      "h125/outcome_drop_state_mse": 0.0029357843336716197,
      "h125/outcome_jam_episode_count": 3,
      "h125/outcome_jam_final_state_mse": 0.0034930895940930235,
      "h125/outcome_jam_state_mse": 0.0029400710560917075,
      "h125/outcome_miss_episode_count": 3,
      "h125/outcome_miss_final_state_mse": 0.005275242712373048,
      "h125/outcome_miss_state_mse": 0.003727415296766493,
      "h125/outcome_partial_episode_count": 3,
      "h125/outcome_partial_final_state_mse": 0.0022747265357597204,
      "h125/outcome_partial_state_mse": 0.002122789769390829,
      "h125/outcome_success_episode_count": 3,
      "h125/outcome_success_final_state_mse": 0.002924076117136899,
      "h125/outcome_success_state_mse": 0.0023099847930708743,
      "h125/state_mse": 0.0028072090099060458,
      "h20/episode_count": 15,
      "h20/final_state_mse": 0.0021797552607417886,
      "h20/outcome_drop_episode_count": 3,
      "h20/outcome_drop_final_state_mse": 0.0020738902678287107,
      "h20/outcome_drop_state_mse": 0.001700925515368094,
      "h20/outcome_jam_episode_count": 3,
      "h20/outcome_jam_final_state_mse": 0.002243157354445239,
      "h20/outcome_jam_state_mse": 0.0022195349721347585,
      "h20/outcome_miss_episode_count": 3,
      "h20/outcome_miss_final_state_mse": 0.0029016027068780137,
      "h20/outcome_miss_state_mse": 0.0074019006654327995,
      "h20/outcome_partial_episode_count": 3,
      "h20/outcome_partial_final_state_mse": 0.001819942511764227,
      "h20/outcome_partial_state_mse": 0.00161113581236671,
      "h20/outcome_success_episode_count": 3,
      "h20/outcome_success_final_state_mse": 0.0018601827810402788,
      "h20/outcome_success_state_mse": 0.001639133497001299,
      "h20/state_mse": 0.002914526446972018,
      "h30/episode_count": 15,
      "h30/final_state_mse": 0.0019049624212427077,
      "h30/outcome_drop_episode_count": 3,
      "h30/outcome_drop_final_state_mse": 0.0017380673754838556,
      "h30/outcome_drop_state_mse": 0.0017668455254797842,
      "h30/outcome_jam_episode_count": 3,
      "h30/outcome_jam_final_state_mse": 0.002118165951733496,
      "h30/outcome_jam_state_mse": 0.0022938194877441674,
      "h30/outcome_miss_episode_count": 3,
      "h30/outcome_miss_final_state_mse": 0.0021702058467210506,
      "h30/outcome_miss_state_mse": 0.00584271738472068,
      "h30/outcome_partial_episode_count": 3,
      "h30/outcome_partial_final_state_mse": 0.0017176064498284284,
      "h30/outcome_partial_state_mse": 0.0016766584257154942,
      "h30/outcome_success_episode_count": 3,
      "h30/outcome_success_final_state_mse": 0.0017807661172221689,
      "h30/outcome_success_state_mse": 0.001699397273053271,
      "h30/state_mse": 0.0026558876453142023,
      "h40/episode_count": 15,
      "h40/final_state_mse": 0.0017739553077548158,
      "h40/outcome_drop_episode_count": 3,
      "h40/outcome_drop_final_state_mse": 0.002031560646357879,
      "h40/outcome_drop_state_mse": 0.0018813875376009473,
      "h40/outcome_jam_episode_count": 3,
      "h40/outcome_jam_final_state_mse": 0.0016479361193631988,
      "h40/outcome_jam_state_mse": 0.002282685002470328,
      "h40/outcome_miss_episode_count": 3,
      "h40/outcome_miss_final_state_mse": 0.0019486924402074876,
      "h40/outcome_miss_state_mse": 0.004970259759940353,
      "h40/outcome_partial_episode_count": 3,
      "h40/outcome_partial_final_state_mse": 0.001619117979715073,
      "h40/outcome_partial_state_mse": 0.0016910953069824018,
      "h40/outcome_success_episode_count": 3,
      "h40/outcome_success_final_state_mse": 0.001622468817467783,
      "h40/outcome_success_state_mse": 0.0017143387810077543,
      "h40/state_mse": 0.0025079530204822815,
      "h50/episode_count": 15,
      "h50/final_state_mse": 0.002136052667705062,
      "h50/outcome_drop_episode_count": 3,
      "h50/outcome_drop_final_state_mse": 0.0025416976632246006,
      "h50/outcome_drop_state_mse": 0.0021188466065849352,
      "h50/outcome_jam_episode_count": 3,
      "h50/outcome_jam_final_state_mse": 0.0028249154877818487,
      "h50/outcome_jam_state_mse": 0.002345604865379583,
      "h50/outcome_miss_episode_count": 3,
      "h50/outcome_miss_final_state_mse": 0.0015866082234709871,
      "h50/outcome_miss_state_mse": 0.0043784616507735906,
      "h50/outcome_partial_episode_count": 3,
      "h50/outcome_partial_final_state_mse": 0.0018383775369014616,
      "h50/outcome_partial_state_mse": 0.0017209848391464334,
      "h50/outcome_success_episode_count": 3,
      "h50/outcome_success_final_state_mse": 0.0018886640619218738,
      "h50/outcome_success_state_mse": 0.0017447849348479626,
      "h50/state_mse": 0.0024617367414088032,
      "h75/episode_count": 15,
      "h75/final_state_mse": 0.004156164406171811,
      "h75/outcome_drop_episode_count": 3,
      "h75/outcome_drop_final_state_mse": 0.003649639659652523,
      "h75/outcome_drop_state_mse": 0.0025707399871094812,
      "h75/outcome_jam_episode_count": 3,
      "h75/outcome_jam_final_state_mse": 0.004614532237348993,
      "h75/outcome_jam_state_mse": 0.002766062169293173,
      "h75/outcome_miss_episode_count": 3,
      "h75/outcome_miss_final_state_mse": 0.0047732720675032125,
      "h75/outcome_miss_state_mse": 0.0037946055293862336,
      "h75/outcome_partial_episode_count": 3,
      "h75/outcome_partial_final_state_mse": 0.003502527337058697,
      "h75/outcome_partial_state_mse": 0.002020875976496013,
      "h75/outcome_success_episode_count": 3,
      "h75/outcome_success_final_state_mse": 0.0042408518736658535,
      "h75/outcome_success_state_mse": 0.002079319943529848,
      "h75/state_mse": 0.0026463208167381534,
      "max_requested_horizon": 125,
      "reencode_period": 5,
      "rollout_mode": "periodic_5"
    },
    "periodic_50": {
      "episode_count": 15,
      "h10/episode_count": 15,
      "h10/final_state_mse": 0.0036467552185058595,
      "h10/outcome_drop_episode_count": 3,
      "h10/outcome_drop_final_state_mse": 0.0030759388057429804,
      "h10/outcome_drop_state_mse": 0.0019810978493659324,
      "h10/outcome_jam_episode_count": 3,
      "h10/outcome_jam_final_state_mse": 0.0045703107040692,
      "h10/outcome_jam_state_mse": 0.0026014006994908153,
      "h10/outcome_miss_episode_count": 3,
      "h10/outcome_miss_final_state_mse": 0.004430203704662572,
      "h10/outcome_miss_state_mse": 0.010300119717915853,
      "h10/outcome_partial_episode_count": 3,
      "h10/outcome_partial_final_state_mse": 0.0030894083476144503,
      "h10/outcome_partial_state_mse": 0.001912397691626954,
      "h10/outcome_success_episode_count": 3,
      "h10/outcome_success_final_state_mse": 0.0030679140069515875,
      "h10/outcome_success_state_mse": 0.001920067017374475,
      "h10/state_mse": 0.0037430163614111008,
      "h100/episode_count": 15,
      "h100/final_state_mse": 299.6186274509804,
      "h100/outcome_drop_episode_count": 3,
      "h100/outcome_drop_final_state_mse": 230.96408101000816,
      "h100/outcome_drop_state_mse": 10.691970996732026,
      "h100/outcome_jam_episode_count": 3,
      "h100/outcome_jam_final_state_mse": 231.26378357332516,
      "h100/outcome_jam_state_mse": 10.496270169526143,
      "h100/outcome_miss_episode_count": 3,
      "h100/outcome_miss_final_state_mse": 536.4488996119281,
      "h100/outcome_miss_state_mse": 29.128228145424835,
      "h100/outcome_partial_episode_count": 3,
      "h100/outcome_partial_final_state_mse": 244.6046932444853,
      "h100/outcome_partial_state_mse": 11.015688061683006,
      "h100/outcome_success_episode_count": 3,
      "h100/outcome_success_final_state_mse": 254.81171811172385,
      "h100/outcome_success_state_mse": 11.533742085375817,
      "h100/state_mse": 14.57318137254902,
      "h125/episode_count": 15,
      "h125/final_state_mse": 119.50517769607843,
      "h125/outcome_drop_episode_count": 3,
      "h125/outcome_drop_final_state_mse": 104.35695034849877,
      "h125/outcome_drop_state_mse": 17.547792483660132,
      "h125/outcome_jam_episode_count": 3,
      "h125/outcome_jam_final_state_mse": 98.78642641952614,
      "h125/outcome_jam_state_mse": 16.775420955882353,
      "h125/outcome_miss_episode_count": 3,
      "h125/outcome_miss_final_state_mse": 200.81103834763073,
      "h125/outcome_miss_state_mse": 36.389537581699344,
      "h125/outcome_partial_episode_count": 3,
      "h125/outcome_partial_final_state_mse": 94.70117506638071,
      "h125/outcome_partial_state_mse": 16.90840379901961,
      "h125/outcome_success_episode_count": 3,
      "h125/outcome_success_final_state_mse": 98.87026000178717,
      "h125/outcome_success_state_mse": 17.805150326797385,
      "h125/state_mse": 21.085261437908496,
      "h20/episode_count": 15,
      "h20/final_state_mse": 0.013551599839154412,
      "h20/outcome_drop_episode_count": 3,
      "h20/outcome_drop_final_state_mse": 0.012612736400435953,
      "h20/outcome_drop_state_mse": 0.004711296901204228,
      "h20/outcome_jam_episode_count": 3,
      "h20/outcome_jam_final_state_mse": 0.013064960249109206,
      "h20/outcome_jam_state_mse": 0.005225559971690957,
      "h20/outcome_miss_episode_count": 3,
      "h20/outcome_miss_final_state_mse": 0.016960872738969093,
      "h20/outcome_miss_state_mse": 0.010004355237374897,
      "h20/outcome_partial_episode_count": 3,
      "h20/outcome_partial_final_state_mse": 0.012600400819887524,
      "h20/outcome_partial_state_mse": 0.00465703057307823,
      "h20/outcome_success_episode_count": 3,
      "h20/outcome_success_final_state_mse": 0.01251903604837804,
      "h20/outcome_success_state_mse": 0.004653931676951889,
      "h20/state_mse": 0.005850434646107792,
      "h30/episode_count": 15,
      "h30/final_state_mse": 0.04352604485804738,
      "h30/outcome_drop_episode_count": 3,
      "h30/outcome_drop_final_state_mse": 0.03795441459206974,
      "h30/outcome_drop_state_mse": 0.011261993815436602,
      "h30/outcome_jam_episode_count": 3,
      "h30/outcome_jam_final_state_mse": 0.04026137457953559,
      "h30/outcome_jam_state_mse": 0.011852539910210503,
      "h30/outcome_miss_episode_count": 3,
      "h30/outcome_miss_final_state_mse": 0.061955709083407536,
      "h30/outcome_miss_state_mse": 0.019677276029566013,
      "h30/outcome_partial_episode_count": 3,
      "h30/outcome_partial_final_state_mse": 0.03873903805913489,
      "h30/outcome_partial_state_mse": 0.011241198313262209,
      "h30/outcome_success_episode_count": 3,
      "h30/outcome_success_final_state_mse": 0.0387196938196818,
      "h30/outcome_success_state_mse": 0.011215057040611383,
      "h30/state_mse": 0.013049612938708469,
      "h40/episode_count": 15,
      "h40/final_state_mse": 0.1409416148865145,
      "h40/outcome_drop_episode_count": 3,
      "h40/outcome_drop_final_state_mse": 0.0977596052331862,
      "h40/outcome_drop_state_mse": 0.025349391363804638,
      "h40/outcome_jam_episode_count": 3,
      "h40/outcome_jam_final_state_mse": 0.11357666776071187,
      "h40/outcome_jam_state_mse": 0.02736991869857888,
      "h40/outcome_miss_episode_count": 3,
      "h40/outcome_miss_final_state_mse": 0.26467246635287417,
      "h40/outcome_miss_state_mse": 0.04590862186905605,
      "h40/outcome_partial_episode_count": 3,
      "h40/outcome_partial_final_state_mse": 0.11351173375946244,
      "h40/outcome_partial_state_mse": 0.026619946722890815,
      "h40/outcome_success_episode_count": 3,
      "h40/outcome_success_final_state_mse": 0.11518760755950329,
      "h40/outcome_success_state_mse": 0.026653761645547704,
      "h40/state_mse": 0.030380328807955475,
      "h50/episode_count": 15,
      "h50/final_state_mse": 1.658258016748366,
      "h50/outcome_drop_episode_count": 3,
      "h50/outcome_drop_final_state_mse": 0.7991337745018254,
      "h50/outcome_drop_state_mse": 0.08871990727443321,
      "h50/outcome_jam_episode_count": 3,
      "h50/outcome_jam_final_state_mse": 0.7805547402575125,
      "h50/outcome_jam_state_mse": 0.09161292780458538,
      "h50/outcome_miss_episode_count": 3,
      "h50/outcome_miss_final_state_mse": 5.025700587852328,
      "h50/outcome_miss_state_mse": 0.4203972072227328,
      "h50/outcome_partial_episode_count": 3,
      "h50/outcome_partial_final_state_mse": 0.8344445072747524,
      "h50/outcome_partial_state_mse": 0.09436283685023489,
      "h50/outcome_success_episode_count": 3,
      "h50/outcome_success_final_state_mse": 0.8514561621971379,
      "h50/outcome_success_state_mse": 0.09577874476613563,
      "h50/state_mse": 0.15817432598039216,
      "h75/episode_count": 15,
      "h75/final_state_mse": 0.9970972796670752,
      "h75/outcome_drop_episode_count": 3,
      "h75/outcome_drop_final_state_mse": 0.9578135184992372,
      "h75/outcome_drop_state_mse": 0.13431421749472358,
      "h75/outcome_jam_episode_count": 3,
      "h75/outcome_jam_final_state_mse": 0.94511497098636,
      "h75/outcome_jam_state_mse": 0.12930315138208062,
      "h75/outcome_miss_episode_count": 3,
      "h75/outcome_miss_final_state_mse": 1.3689210679796007,
      "h75/outcome_miss_state_mse": 0.46219271258850764,
      "h75/outcome_partial_episode_count": 3,
      "h75/outcome_partial_final_state_mse": 0.8339805852353962,
      "h75/outcome_partial_state_mse": 0.12583377746715005,
      "h75/outcome_success_episode_count": 3,
      "h75/outcome_success_final_state_mse": 0.8796562992669399,
      "h75/outcome_success_state_mse": 0.129365431176811,
      "h75/state_mse": 0.1962018484477124,
      "max_requested_horizon": 125,
      "reencode_period": 50,
      "rollout_mode": "periodic_50"
    }
  },
  "split": "test",
  "support_alignment": {
    "contact_phase": {
      "contact_phase_family_ari": 0.0,
      "contact_phase_family_nmi": 0.0,
      "contact_phase_family_purity": 0.9996668887408394,
      "contact_phase_sample_count": 3002.0,
      "h_contact_phase_given_family": 0.0030002889533867266,
      "h_family_given_contact_phase": 0.0,
      "unique_contact_phase_count": 2.0,
      "unique_family_count": 1.0
    },
    "contact_phase_alignment_available": true,
    "evaluated_state_count": 3017,
    "family_count": 1,
    "mean_family_similarity": 0.6199404001235962,
    "mean_support_size": 249.80377858800134,
    "outcome_alignment_available": true,
    "outcome_state": {
      "h_family_given_outcome": 0.0,
      "h_outcome_given_family": 1.6094379124341005,
      "outcome_family_ari": 0.0,
      "outcome_family_nmi": 0.0,
      "outcome_family_purity": 0.2,
      "outcome_sample_count": 15.0,
      "unique_family_count": 1.0,
      "unique_outcome_count": 5.0
    },
    "status": "ok",
    "unassigned_state_fraction": 0.0,
    "validation_state_count": 2346
  },
  "support_threshold": 0.2
}
summary=runs/maniskill_insertion/perturbation_e20_5k_lista_optimizer_refine_20260604_155050/lista_relu_a0p01_sp1em4_loops2_lr3em4_wd1em4_k1em5/seed2/eval_test_periodic/metrics_summary.json
summary=runs/maniskill_insertion/perturbation_e20_5k_lista_optimizer_refine_20260604_155050/lista_relu_a0p01_sp1em4_loops2_lr5em4_wd0_k0/seed2/eval_test_periodic/metrics_summary.json
summary=runs/maniskill_insertion/perturbation_e20_5k_lista_optimizer_refine_20260604_155050/lista_relu_a0p01_sp1em4_loops2_lr3em4_wd1em4_k0/seed2/eval_test_periodic/metrics_summary.json
summary=runs/maniskill_insertion/perturbation_e20_5k_lista_optimizer_refine_20260604_155050/lista_relu_a0p01_sp1em4_loops2_lr3em4_wd1em4_k1em4/seed2/eval_test_periodic/metrics_summary.json
end_time=Thu Jun  4 16:19:56 EDT 2026

======== GPU REPORT ========

==============NVSMI LOG==============

Timestamp                                 : Thu Jun  4 16:19:56 2026
Driver Version                            : 580.95.05
CUDA Version                              : 13.0

Attached GPUs                             : 1
GPU 00000000:3B:00.0
    Accounting Mode                       : Enabled
    Accounting Mode Buffer Size           : 4000
    Accounted Processes
        Process ID                        : 1161800
            GPU Utilization               : 8 %
            Memory Utilization            : 0 %
            Max memory usage              : 410 MiB
            Time                          : 2832 ms
            Is Running                    : 0
        Process ID                        : 1161814
            GPU Utilization               : 0 %
            Memory Utilization            : 0 %
            Max memory usage              : 410 MiB
            Time                          : 2879 ms
            Is Running                    : 0
        Process ID                        : 1161813
            GPU Utilization               : 8 %
            Memory Utilization            : 0 %
            Max memory usage              : 410 MiB
            Time                          : 2879 ms
            Is Running                    : 0
        Process ID                        : 1161817
            GPU Utilization               : 40 %
            Memory Utilization            : 1 %
            Max memory usage              : 410 MiB
            Time                          : 2916 ms
            Is Running                    : 0

Thu Jun  4 16:19:56 2026       
+-----------------------------------------------------------------------------------------+
| NVIDIA-SMI 580.95.05              Driver Version: 580.95.05      CUDA Version: 13.0     |
+-----------------------------------------+------------------------+----------------------+
| GPU  Name                 Persistence-M | Bus-Id          Disp.A | Volatile Uncorr. ECC |
| Fan  Temp   Perf          Pwr:Usage/Cap |           Memory-Usage | GPU-Util  Compute M. |
|                                         |                        |               MIG M. |
|=========================================+========================+======================|
|   0  Tesla V100-SXM2-32GB           On  |   00000000:3B:00.0 Off |                    0 |
| N/A   48C    P0             72W /  300W |       0MiB /  32768MiB |      7%      Default |
|                                         |                        |                  N/A |
+-----------------------------------------+------------------------+----------------------+

+-----------------------------------------------------------------------------------------+
| Processes:                                                                              |
|  GPU   GI   CI              PID   Type   Process name                        GPU Memory |
|        ID   ID                                                               Usage      |
|=========================================================================================|
|  No running processes found                                                             |
+-----------------------------------------------------------------------------------------+
