=============================================
ManiSkill 5k packed tuning GPU context
date=2026-06-04T15:35:32-0400
host=cn-l037.server.mila.quebec
slurm_job_id=9736972
slurm_array_task_id=50
slurm_nodelist=cn-l037
slurm_job_gpus=1
slurm_step_gpus=
slurm_gpus=
slurm_gpus_on_node=1
slurm_cpus_per_task=8
cuda_visible_devices=0
cuda_device_order=
GPU 0: NVIDIA L40S (UUID: GPU-5069ffdd-e186-375b-5cef-2b943e310cad)
index, uuid, name, driver_version, memory.total [MiB]
0, GPU-5069ffdd-e186-375b-5cef-2b943e310cad, NVIDIA L40S, 580.95.05, 46068 MiB
=============================================
date=Thu Jun  4 15:35:32 EDT 2026
host=cn-l037.server.mila.quebec
commit=b5ea99e
slurm_job_id=9736972
slurm_array_task_id=50
task_set=lista_forecast_refine
task_count=231
start_task=200
pack_size=4
pack_concurrency=4
packed_task_threads=2
dataset=data/maniskill/perturbation_assessment_seed0_e20/all_setups.npz
run_root=runs/maniskill_insertion/perturbation_e20_5k_lista_refine_20260604_143125
num_steps=5000
batch_size=512
sequence_length=10
z_dim=320
hidden_dim=256
horizons=10,20,30,40,50,75,100,125
periodic_reencode_periods=1,2,5,10,20,50,100
cuda_visible_devices=0
----- task 200/231: lista_relu_a0p015_sp1em3_loops2 seed2 -----
encoder_kind=lista activation=relu alpha=0.015 sparsity=1e-3 loops=2
weights pred=1.0 rec=0.1 latent=0.1 k=1e-4
run_dir=runs/maniskill_insertion/perturbation_e20_5k_lista_refine_20260604_143125/lista_relu_a0p015_sp1em3_loops2/seed2
----- task 202/231: lista_relu_a0p02_sp3em5_loops2 seed2 -----
encoder_kind=lista activation=relu alpha=0.02 sparsity=3e-5 loops=2
weights pred=1.0 rec=0.1 latent=0.1 k=1e-4
run_dir=runs/maniskill_insertion/perturbation_e20_5k_lista_refine_20260604_143125/lista_relu_a0p02_sp3em5_loops2/seed2
----- task 201/231: lista_relu_a0p02_sp1em5_loops2 seed2 -----
encoder_kind=lista activation=relu alpha=0.02 sparsity=1e-5 loops=2
weights pred=1.0 rec=0.1 latent=0.1 k=1e-4
run_dir=runs/maniskill_insertion/perturbation_e20_5k_lista_refine_20260604_143125/lista_relu_a0p02_sp1em5_loops2/seed2
----- task 203/231: lista_relu_a0p02_sp1em4_loops2 seed2 -----
encoder_kind=lista activation=relu alpha=0.02 sparsity=1e-4 loops=2
weights pred=1.0 rec=0.1 latent=0.1 k=1e-4
run_dir=runs/maniskill_insertion/perturbation_e20_5k_lista_refine_20260604_143125/lista_relu_a0p02_sp1em4_loops2/seed2
step=0 loss=1.466297 pred=0.979085 val_mse=0.742042
step=0 loss=1.466292 pred=0.979085 val_mse=0.742042
step=0 loss=1.466291 pred=0.979085 val_mse=0.742042
step=0 loss=1.466404 pred=0.979080 val_mse=0.742058
step=500 loss=0.061866 pred=0.052393 val_mse=0.182084
step=500 loss=0.060550 pred=0.050982 val_mse=0.181002
step=500 loss=0.062426 pred=0.052976 val_mse=0.181872
step=500 loss=0.062107 pred=0.052639 val_mse=0.182425
step=1000 loss=0.039684 pred=0.034080 val_mse=0.156723
step=1000 loss=0.040359 pred=0.034692 val_mse=0.158315
step=1000 loss=0.038309 pred=0.032513 val_mse=0.159240
step=1000 loss=0.039061 pred=0.033478 val_mse=0.156131
step=1500 loss=0.031507 pred=0.027302 val_mse=0.107930
step=1500 loss=0.032326 pred=0.028107 val_mse=0.107899
step=1500 loss=0.030089 pred=0.025738 val_mse=0.109933
step=1500 loss=0.030988 pred=0.026821 val_mse=0.108437
step=2000 loss=0.027459 pred=0.023956 val_mse=0.187419
step=2000 loss=0.025571 pred=0.021900 val_mse=0.191632
step=2000 loss=0.028175 pred=0.024686 val_mse=0.187302
step=2000 loss=0.027851 pred=0.024357 val_mse=0.192970
step=2500 loss=0.024014 pred=0.021135 val_mse=0.142501
step=2500 loss=0.022498 pred=0.019438 val_mse=0.146704
step=2500 loss=0.024574 pred=0.021706 val_mse=0.142873
step=2500 loss=0.024066 pred=0.021206 val_mse=0.143695
step=3000 loss=0.020598 pred=0.018014 val_mse=0.205789
step=3000 loss=0.021081 pred=0.018538 val_mse=0.205961
step=3000 loss=0.018802 pred=0.016068 val_mse=0.217028
step=3000 loss=0.020979 pred=0.018425 val_mse=0.204147
step=3500 loss=0.018788 pred=0.016406 val_mse=0.257112
step=3500 loss=0.018834 pred=0.016212 val_mse=0.265295
step=3500 loss=0.018958 pred=0.016622 val_mse=0.254062
step=3500 loss=0.018722 pred=0.016390 val_mse=0.254905
step=4000 loss=0.016167 pred=0.014189 val_mse=0.264460
step=4000 loss=0.015038 pred=0.012921 val_mse=0.262800
step=4000 loss=0.016001 pred=0.014054 val_mse=0.256920
step=4000 loss=0.016114 pred=0.014160 val_mse=0.265298
step=4500 loss=0.017354 pred=0.015304 val_mse=0.183985
step=4500 loss=0.016449 pred=0.014269 val_mse=0.194987
step=4500 loss=0.017633 pred=0.015614 val_mse=0.181613
step=4500 loss=0.017709 pred=0.015668 val_mse=0.181173
step=4999 loss=0.012997 pred=0.011237 val_mse=0.171406
run_dir=runs/maniskill_insertion/perturbation_e20_5k_lista_refine_20260604_143125/lista_relu_a0p02_sp1em4_loops2/seed2
step=4999 loss=0.011967 pred=0.010087 val_mse=0.177100
run_dir=runs/maniskill_insertion/perturbation_e20_5k_lista_refine_20260604_143125/lista_relu_a0p015_sp1em3_loops2/seed2
step=4999 loss=0.013142 pred=0.011411 val_mse=0.170190
run_dir=runs/maniskill_insertion/perturbation_e20_5k_lista_refine_20260604_143125/lista_relu_a0p02_sp1em5_loops2/seed2
step=4999 loss=0.012966 pred=0.011262 val_mse=0.175584
run_dir=runs/maniskill_insertion/perturbation_e20_5k_lista_refine_20260604_143125/lista_relu_a0p02_sp3em5_loops2/seed2
{
  "best_periodic_rollout": {
    "episode_count": 15,
    "h10/episode_count": 15,
    "h10/final_state_mse": 0.0024386867199068757,
    "h10/outcome_drop_episode_count": 3,
    "h10/outcome_drop_final_state_mse": 0.0016594331443699356,
    "h10/outcome_drop_state_mse": 0.0015384969173693188,
    "h10/outcome_jam_episode_count": 3,
    "h10/outcome_jam_final_state_mse": 0.002535320087975147,
    "h10/outcome_jam_state_mse": 0.0020734478445614086,
    "h10/outcome_miss_episode_count": 3,
    "h10/outcome_miss_final_state_mse": 0.004753699684454725,
    "h10/outcome_miss_state_mse": 0.011147348241868362,
    "h10/outcome_partial_episode_count": 3,
    "h10/outcome_partial_final_state_mse": 0.001603347876297882,
    "h10/outcome_partial_state_mse": 0.0014455385262670082,
    "h10/outcome_success_episode_count": 3,
    "h10/outcome_success_final_state_mse": 0.0016416326116502674,
    "h10/outcome_success_state_mse": 0.0014726051123313654,
    "h10/selected_mode": "periodic_5",
    "h10/selected_period": 5,
    "h10/state_mse": 0.0035354873557495916,
    "h100/episode_count": 15,
    "h100/final_state_mse": 0.0027096492792266645,
    "h100/outcome_drop_episode_count": 3,
    "h100/outcome_drop_final_state_mse": 0.003247951126955693,
    "h100/outcome_drop_state_mse": 0.002566530969407823,
    "h100/outcome_jam_episode_count": 3,
    "h100/outcome_jam_final_state_mse": 0.0026422898753795747,
    "h100/outcome_jam_state_mse": 0.002855436786327487,
    "h100/outcome_miss_episode_count": 3,
    "h100/outcome_miss_final_state_mse": 0.002710645129672842,
    "h100/outcome_miss_state_mse": 0.0035883914723115807,
    "h100/outcome_partial_episode_count": 3,
    "h100/outcome_partial_final_state_mse": 0.0021544975392958697,
    "h100/outcome_partial_state_mse": 0.0020817197537889667,
    "h100/outcome_success_episode_count": 3,
    "h100/outcome_success_final_state_mse": 0.0027928639665927763,
    "h100/outcome_success_state_mse": 0.002256733514125051,
    "h100/selected_mode": "periodic_5",
    "h100/selected_period": 5,
    "h100/state_mse": 0.002669762704886642,
    "h125/episode_count": 15,
    "h125/final_state_mse": 0.0036857854307087417,
    "h125/outcome_drop_episode_count": 3,
    "h125/outcome_drop_final_state_mse": 0.004591974265435163,
    "h125/outcome_drop_state_mse": 0.0028411836811140473,
    "h125/outcome_jam_episode_count": 3,
    "h125/outcome_jam_final_state_mse": 0.004241542196741291,
    "h125/outcome_jam_state_mse": 0.003020793839996936,
    "h125/outcome_miss_episode_count": 3,
    "h125/outcome_miss_final_state_mse": 0.004612392946785572,
    "h125/outcome_miss_state_mse": 0.0036346432056302337,
    "h125/outcome_partial_episode_count": 3,
    "h125/outcome_partial_final_state_mse": 0.002069864105554967,
    "h125/outcome_partial_state_mse": 0.002113495247036803,
    "h125/outcome_success_episode_count": 3,
    "h125/outcome_success_final_state_mse": 0.0029131530059708487,
    "h125/outcome_success_state_mse": 0.002366922914592269,
    "h125/selected_mode": "periodic_5",
    "h125/selected_period": 5,
    "h125/state_mse": 0.0027954079222834967,
    "h20/episode_count": 15,
    "h20/final_state_mse": 0.002304466721279169,
    "h20/outcome_drop_episode_count": 3,
    "h20/outcome_drop_final_state_mse": 0.002245129859135821,
    "h20/outcome_drop_state_mse": 0.0017251658673379936,
    "h20/outcome_jam_episode_count": 3,
    "h20/outcome_jam_final_state_mse": 0.0024483948945999146,
    "h20/outcome_jam_state_mse": 0.0022724882449979096,
    "h20/outcome_miss_episode_count": 3,
    "h20/outcome_miss_final_state_mse": 0.00285680918327344,
    "h20/outcome_miss_state_mse": 0.007600848191703846,
    "h20/outcome_partial_episode_count": 3,
    "h20/outcome_partial_final_state_mse": 0.00197572906325066,
    "h20/outcome_partial_state_mse": 0.0016360463854534174,
    "h20/outcome_success_episode_count": 3,
    "h20/outcome_success_final_state_mse": 0.001996270192214866,
    "h20/outcome_success_state_mse": 0.0016663941098194496,
    "h20/selected_mode": "periodic_5",
    "h20/selected_period": 5,
    "h20/state_mse": 0.002980188606611264,
    "h30/episode_count": 15,
    "h30/final_state_mse": 0.001902715209262823,
    "h30/outcome_drop_episode_count": 3,
    "h30/outcome_drop_final_state_mse": 0.0017938673301459917,
    "h30/outcome_drop_state_mse": 0.0018154982128434191,
    "h30/outcome_jam_episode_count": 3,
    "h30/outcome_jam_final_state_mse": 0.0021598404334261527,
    "h30/outcome_jam_state_mse": 0.002362735546751999,
    "h30/outcome_miss_episode_count": 3,
    "h30/outcome_miss_final_state_mse": 0.0019234271318304772,
    "h30/outcome_miss_state_mse": 0.005905243306378134,
    "h30/outcome_partial_episode_count": 3,
    "h30/outcome_partial_final_state_mse": 0.0017859659407263489,
    "h30/outcome_partial_state_mse": 0.0017296209833980386,
    "h30/outcome_success_episode_count": 3,
    "h30/outcome_success_final_state_mse": 0.0018504750884436314,
    "h30/outcome_success_state_mse": 0.0017547227977927214,
    "h30/selected_mode": "periodic_5",
    "h30/selected_period": 5,
    "h30/state_mse": 0.0027135640395752484,
    "h40/episode_count": 15,
    "h40/final_state_mse": 0.001829426584680096,
    "h40/outcome_drop_episode_count": 3,
    "h40/outcome_drop_final_state_mse": 0.002042902986598171,
    "h40/outcome_drop_state_mse": 0.0019304734429502798,
    "h40/outcome_jam_episode_count": 3,
    "h40/outcome_jam_final_state_mse": 0.0017875037551705354,
    "h40/outcome_jam_state_mse": 0.002362378594142939,
    "h40/outcome_miss_episode_count": 3,
    "h40/outcome_miss_final_state_mse": 0.0018723072374568267,
    "h40/outcome_miss_state_mse": 0.004973139014898562,
    "h40/outcome_partial_episode_count": 3,
    "h40/outcome_partial_final_state_mse": 0.001725071639406915,
    "h40/outcome_partial_state_mse": 0.0017643638101278566,
    "h40/outcome_success_episode_count": 3,
    "h40/outcome_success_final_state_mse": 0.0017193473534646377,
    "h40/outcome_success_state_mse": 0.0017875603601044299,
    "h40/selected_mode": "periodic_5",
    "h40/selected_period": 5,
    "h40/state_mse": 0.0025635832742927902,
    "h50/episode_count": 15,
    "h50/final_state_mse": 0.0021834362566081527,
    "h50/outcome_drop_episode_count": 3,
    "h50/outcome_drop_final_state_mse": 0.0023846598524673314,
    "h50/outcome_drop_state_mse": 0.0021292065015805313,
    "h50/outcome_jam_episode_count": 3,
    "h50/outcome_jam_final_state_mse": 0.0029084994122872943,
    "h50/outcome_jam_state_mse": 0.002435189134934369,
    "h50/outcome_miss_episode_count": 3,
    "h50/outcome_miss_final_state_mse": 0.0016965950577477224,
    "h50/outcome_miss_state_mse": 0.004390110065734465,
    "h50/outcome_partial_episode_count": 3,
    "h50/outcome_partial_final_state_mse": 0.0019347458055206373,
    "h50/outcome_partial_state_mse": 0.0018092252693924248,
    "h50/outcome_success_episode_count": 3,
    "h50/outcome_success_final_state_mse": 0.001992680838489844,
    "h50/outcome_success_state_mse": 0.0018324940812353995,
    "h50/selected_mode": "periodic_5",
    "h50/selected_period": 5,
    "h50/state_mse": 0.002519245023041769,
    "h75/episode_count": 15,
    "h75/final_state_mse": 0.004038310518451766,
    "h75/outcome_drop_episode_count": 3,
    "h75/outcome_drop_final_state_mse": 0.0032138935734633525,
    "h75/outcome_drop_state_mse": 0.0024194669619624653,
    "h75/outcome_jam_episode_count": 3,
    "h75/outcome_jam_final_state_mse": 0.004589105986691768,
    "h75/outcome_jam_state_mse": 0.0028031171329140924,
    "h75/outcome_miss_episode_count": 3,
    "h75/outcome_miss_final_state_mse": 0.0049145127238790975,
    "h75/outcome_miss_state_mse": 0.0037987411931189575,
    "h75/outcome_partial_episode_count": 3,
    "h75/outcome_partial_final_state_mse": 0.0033120650286767995,
    "h75/outcome_partial_state_mse": 0.0020689030981791046,
    "h75/outcome_success_episode_count": 3,
    "h75/outcome_success_final_state_mse": 0.004161975449985928,
    "h75/outcome_success_state_mse": 0.0021308691569143392,
    "h75/selected_mode": "periodic_5",
    "h75/selected_period": 5,
    "h75/state_mse": 0.0026442192925347223,
    "max_requested_horizon": 125,
    "periodic_reencode_periods": [
      1,
      2,
      5,
      10,
      20,
      50,
      100
    ],
    "rollout_mode": "best_periodic"
  },
  "checkpoint": "runs/maniskill_insertion/perturbation_e20_5k_lista_refine_20260604_143125/lista_relu_a0p015_sp1em3_loops2/seed2/checkpoint.pt",
  "checkpoint_step": 1500,
  "dataset": "data/maniskill/perturbation_assessment_seed0_e20/all_setups.npz",
  "device": "cuda",
  "family_jaccard": 0.4,
  "horizons": [
    10,
    20,
    30,
    40,
    50,
    75,
    100,
    125
  ],
  "labels_used_for_training": false,
  "periodic_reencode_periods": [
    1,
    2,
    5,
    10,
    20,
    50,
    100
  ],
  "rollout": {
    "episode_count": 15,
    "h10/episode_count": 15,
    "h10/final_state_mse": 0.0033694310905107486,
    "h10/outcome_drop_episode_count": 3,
    "h10/outcome_drop_final_state_mse": 0.00265372377741181,
    "h10/outcome_drop_state_mse": 0.0018119537947224637,
    "h10/outcome_jam_episode_count": 3,
    "h10/outcome_jam_final_state_mse": 0.004002763116671369,
    "h10/outcome_jam_state_mse": 0.0024212730476279665,
    "h10/outcome_miss_episode_count": 3,
    "h10/outcome_miss_final_state_mse": 0.004885532351490719,
    "h10/outcome_miss_state_mse": 0.010835275774687724,
    "h10/outcome_partial_episode_count": 3,
    "h10/outcome_partial_final_state_mse": 0.0026619316145680308,
    "h10/outcome_partial_state_mse": 0.0017405058433806974,
    "h10/outcome_success_episode_count": 3,
    "h10/outcome_success_final_state_mse": 0.0026432046776308734,
    "h10/outcome_success_state_mse": 0.0017490962556764192,
    "h10/state_mse": 0.0037116211535883886,
    "h100/episode_count": 15,
    "h100/final_state_mse": 142560.5019607843,
    "h100/outcome_drop_episode_count": 3,
    "h100/outcome_drop_final_state_mse": 88134.94934640524,
    "h100/outcome_drop_state_mse": 3965.570980392157,
    "h100/outcome_jam_episode_count": 3,
    "h100/outcome_jam_final_state_mse": 88444.66830065359,
    "h100/outcome_jam_state_mse": 3947.8890849673203,
    "h100/outcome_miss_episode_count": 3,
    "h100/outcome_miss_final_state_mse": 359175.1503267974,
    "h100/outcome_miss_state_mse": 16369.81725490196,
    "h100/outcome_partial_episode_count": 3,
    "h100/outcome_partial_final_state_mse": 88826.13398692811,
    "h100/outcome_partial_state_mse": 4017.5375163398694,
    "h100/outcome_success_episode_count": 3,
    "h100/outcome_success_final_state_mse": 88221.55718954248,
    "h100/outcome_success_state_mse": 3993.098235294118,
    "h100/state_mse": 6458.782954248366,
    "h125/episode_count": 15,
    "h125/final_state_mse": 54593137.10849673,
    "h125/outcome_drop_episode_count": 3,
    "h125/outcome_drop_final_state_mse": 31110913.25490196,
    "h125/outcome_drop_state_mse": 1178875.743372549,
    "h125/outcome_jam_episode_count": 3,
    "h125/outcome_jam_final_state_mse": 31360791.424836602,
    "h125/outcome_jam_state_mse": 1190841.3908496732,
    "h125/outcome_miss_episode_count": 3,
    "h125/outcome_miss_final_state_mse": 147726074.98039216,
    "h125/outcome_miss_state_mse": 5349680.6567320265,
    "h125/outcome_partial_episode_count": 3,
    "h125/outcome_partial_final_state_mse": 31320709.437908497,
    "h125/outcome_partial_state_mse": 1187553.2264575164,
    "h125/outcome_success_episode_count": 3,
    "h125/outcome_success_final_state_mse": 31447197.28104575,
    "h125/outcome_success_state_mse": 1191319.8464836602,
    "h125/state_mse": 2019654.0094745099,
    "h20/episode_count": 15,
    "h20/final_state_mse": 0.012213911418042152,
    "h20/outcome_drop_episode_count": 3,
    "h20/outcome_drop_final_state_mse": 0.011343722639520184,
    "h20/outcome_drop_state_mse": 0.004172700955197702,
    "h20/outcome_jam_episode_count": 3,
    "h20/outcome_jam_final_state_mse": 0.011384432514508566,
    "h20/outcome_jam_state_mse": 0.004675371896207722,
    "h20/outcome_miss_episode_count": 3,
    "h20/outcome_miss_final_state_mse": 0.01627881230871662,
    "h20/outcome_miss_state_mse": 0.010255671170801898,
    "h20/outcome_partial_episode_count": 3,
    "h20/outcome_partial_final_state_mse": 0.011098834472933626,
    "h20/outcome_partial_state_mse": 0.00409353352060505,
    "h20/outcome_success_episode_count": 3,
    "h20/outcome_success_final_state_mse": 0.010963756858912948,
    "h20/outcome_success_state_mse": 0.004092256228129069,
    "h20/state_mse": 0.0054579062867008785,
    "h30/episode_count": 15,
    "h30/final_state_mse": 0.04118285833620557,
    "h30/outcome_drop_episode_count": 3,
    "h30/outcome_drop_final_state_mse": 0.0344393253326416,
    "h30/outcome_drop_state_mse": 0.009986407045185696,
    "h30/outcome_jam_episode_count": 3,
    "h30/outcome_jam_final_state_mse": 0.03603801540299958,
    "h30/outcome_jam_state_mse": 0.010555783128426746,
    "h30/outcome_miss_episode_count": 3,
    "h30/outcome_miss_final_state_mse": 0.06506904355840745,
    "h30/outcome_miss_state_mse": 0.02001116467976622,
    "h30/outcome_partial_episode_count": 3,
    "h30/outcome_partial_final_state_mse": 0.035220164099549936,
    "h30/outcome_partial_state_mse": 0.0099503562860759,
    "h30/outcome_success_episode_count": 3,
    "h30/outcome_success_final_state_mse": 0.03514774094999226,
    "h30/outcome_success_state_mse": 0.00993492556553261,
    "h30/state_mse": 0.012087726800789761,
    "h40/episode_count": 15,
    "h40/final_state_mse": 0.16266970166973038,
    "h40/outcome_drop_episode_count": 3,
    "h40/outcome_drop_final_state_mse": 0.11342811896130929,
    "h40/outcome_drop_state_mse": 0.025024194655075573,
    "h40/outcome_jam_episode_count": 3,
    "h40/outcome_jam_final_state_mse": 0.12329385794845282,
    "h40/outcome_jam_state_mse": 0.026663782082351983,
    "h40/outcome_miss_episode_count": 3,
    "h40/outcome_miss_final_state_mse": 0.3172217101053475,
    "h40/outcome_miss_state_mse": 0.05068689171784844,
    "h40/outcome_partial_episode_count": 3,
    "h40/outcome_partial_final_state_mse": 0.1289332177903917,
    "h40/outcome_partial_state_mse": 0.02653462590734943,
    "h40/outcome_success_episode_count": 3,
    "h40/outcome_success_final_state_mse": 0.13047160977631614,
    "h40/outcome_success_state_mse": 0.026521280076768662,
    "h40/state_mse": 0.031086154513888888,
    "h50/episode_count": 15,
    "h50/final_state_mse": 1.679113689746732,
    "h50/outcome_drop_episode_count": 3,
    "h50/outcome_drop_final_state_mse": 0.8097759321624157,
    "h50/outcome_drop_state_mse": 0.096176915386923,
    "h50/outcome_jam_episode_count": 3,
    "h50/outcome_jam_final_state_mse": 0.803683237312666,
    "h50/outcome_jam_state_mse": 0.09813482346877553,
    "h50/outcome_miss_episode_count": 3,
    "h50/outcome_miss_final_state_mse": 5.06946548761106,
    "h50/outcome_miss_state_mse": 0.4455477925219567,
    "h50/outcome_partial_episode_count": 3,
    "h50/outcome_partial_final_state_mse": 0.8508220498078789,
    "h50/outcome_partial_state_mse": 0.10239449694265727,
    "h50/outcome_success_episode_count": 3,
    "h50/outcome_success_final_state_mse": 0.8618222404928768,
    "h50/outcome_success_state_mse": 0.10346830280777676,
    "h50/state_mse": 0.16914445465686276,
    "h75/episode_count": 15,
    "h75/final_state_mse": 280.68858251633986,
    "h75/outcome_drop_episode_count": 3,
    "h75/outcome_drop_final_state_mse": 154.35524216196896,
    "h75/outcome_drop_state_mse": 10.859224026416122,
    "h75/outcome_jam_episode_count": 3,
    "h75/outcome_jam_final_state_mse": 150.83596622242646,
    "h75/outcome_jam_state_mse": 10.59909909449891,
    "h75/outcome_miss_episode_count": 3,
    "h75/outcome_miss_final_state_mse": 790.4503804125817,
    "h75/outcome_miss_state_mse": 51.193321078431374,
    "h75/outcome_partial_episode_count": 3,
    "h75/outcome_partial_final_state_mse": 152.95264948427288,
    "h75/outcome_partial_state_mse": 10.763224911492374,
    "h75/outcome_success_episode_count": 3,
    "h75/outcome_success_final_state_mse": 154.84871897977942,
    "h75/outcome_success_state_mse": 10.867886199618736,
    "h75/state_mse": 18.85655337690632,
    "max_requested_horizon": 125,
    "reencode_period": null,
    "rollout_mode": "no_reencode"
  },
  "rollout_modes": {
    "no_reencode": {
      "episode_count": 15,
      "h10/episode_count": 15,
      "h10/final_state_mse": 0.0033694310905107486,
      "h10/outcome_drop_episode_count": 3,
      "h10/outcome_drop_final_state_mse": 0.00265372377741181,
      "h10/outcome_drop_state_mse": 0.0018119537947224637,
      "h10/outcome_jam_episode_count": 3,
      "h10/outcome_jam_final_state_mse": 0.004002763116671369,
      "h10/outcome_jam_state_mse": 0.0024212730476279665,
      "h10/outcome_miss_episode_count": 3,
      "h10/outcome_miss_final_state_mse": 0.004885532351490719,
      "h10/outcome_miss_state_mse": 0.010835275774687724,
      "h10/outcome_partial_episode_count": 3,
      "h10/outcome_partial_final_state_mse": 0.0026619316145680308,
      "h10/outcome_partial_state_mse": 0.0017405058433806974,
      "h10/outcome_success_episode_count": 3,
      "h10/outcome_success_final_state_mse": 0.0026432046776308734,
      "h10/outcome_success_state_mse": 0.0017490962556764192,
      "h10/state_mse": 0.0037116211535883886,
      "h100/episode_count": 15,
      "h100/final_state_mse": 142560.5019607843,
      "h100/outcome_drop_episode_count": 3,
      "h100/outcome_drop_final_state_mse": 88134.94934640524,
      "h100/outcome_drop_state_mse": 3965.570980392157,
      "h100/outcome_jam_episode_count": 3,
      "h100/outcome_jam_final_state_mse": 88444.66830065359,
      "h100/outcome_jam_state_mse": 3947.8890849673203,
      "h100/outcome_miss_episode_count": 3,
      "h100/outcome_miss_final_state_mse": 359175.1503267974,
      "h100/outcome_miss_state_mse": 16369.81725490196,
      "h100/outcome_partial_episode_count": 3,
      "h100/outcome_partial_final_state_mse": 88826.13398692811,
      "h100/outcome_partial_state_mse": 4017.5375163398694,
      "h100/outcome_success_episode_count": 3,
      "h100/outcome_success_final_state_mse": 88221.55718954248,
      "h100/outcome_success_state_mse": 3993.098235294118,
      "h100/state_mse": 6458.782954248366,
      "h125/episode_count": 15,
      "h125/final_state_mse": 54593137.10849673,
      "h125/outcome_drop_episode_count": 3,
      "h125/outcome_drop_final_state_mse": 31110913.25490196,
      "h125/outcome_drop_state_mse": 1178875.743372549,
      "h125/outcome_jam_episode_count": 3,
      "h125/outcome_jam_final_state_mse": 31360791.424836602,
      "h125/outcome_jam_state_mse": 1190841.3908496732,
      "h125/outcome_miss_episode_count": 3,
      "h125/outcome_miss_final_state_mse": 147726074.98039216,
      "h125/outcome_miss_state_mse": 5349680.6567320265,
      "h125/outcome_partial_episode_count": 3,
      "h125/outcome_partial_final_state_mse": 31320709.437908497,
      "h125/outcome_partial_state_mse": 1187553.2264575164,
      "h125/outcome_success_episode_count": 3,
      "h125/outcome_success_final_state_mse": 31447197.28104575,
      "h125/outcome_success_state_mse": 1191319.8464836602,
      "h125/state_mse": 2019654.0094745099,
      "h20/episode_count": 15,
      "h20/final_state_mse": 0.012213911418042152,
      "h20/outcome_drop_episode_count": 3,
      "h20/outcome_drop_final_state_mse": 0.011343722639520184,
      "h20/outcome_drop_state_mse": 0.004172700955197702,
      "h20/outcome_jam_episode_count": 3,
      "h20/outcome_jam_final_state_mse": 0.011384432514508566,
      "h20/outcome_jam_state_mse": 0.004675371896207722,
      "h20/outcome_miss_episode_count": 3,
      "h20/outcome_miss_final_state_mse": 0.01627881230871662,
      "h20/outcome_miss_state_mse": 0.010255671170801898,
      "h20/outcome_partial_episode_count": 3,
      "h20/outcome_partial_final_state_mse": 0.011098834472933626,
      "h20/outcome_partial_state_mse": 0.00409353352060505,
      "h20/outcome_success_episode_count": 3,
      "h20/outcome_success_final_state_mse": 0.010963756858912948,
      "h20/outcome_success_state_mse": 0.004092256228129069,
      "h20/state_mse": 0.0054579062867008785,
      "h30/episode_count": 15,
      "h30/final_state_mse": 0.04118285833620557,
      "h30/outcome_drop_episode_count": 3,
      "h30/outcome_drop_final_state_mse": 0.0344393253326416,
      "h30/outcome_drop_state_mse": 0.009986407045185696,
      "h30/outcome_jam_episode_count": 3,
      "h30/outcome_jam_final_state_mse": 0.03603801540299958,
      "h30/outcome_jam_state_mse": 0.010555783128426746,
      "h30/outcome_miss_episode_count": 3,
      "h30/outcome_miss_final_state_mse": 0.06506904355840745,
      "h30/outcome_miss_state_mse": 0.02001116467976622,
      "h30/outcome_partial_episode_count": 3,
      "h30/outcome_partial_final_state_mse": 0.035220164099549936,
      "h30/outcome_partial_state_mse": 0.0099503562860759,
      "h30/outcome_success_episode_count": 3,
      "h30/outcome_success_final_state_mse": 0.03514774094999226,
      "h30/outcome_success_state_mse": 0.00993492556553261,
      "h30/state_mse": 0.012087726800789761,
      "h40/episode_count": 15,
      "h40/final_state_mse": 0.16266970166973038,
      "h40/outcome_drop_episode_count": 3,
      "h40/outcome_drop_final_state_mse": 0.11342811896130929,
      "h40/outcome_drop_state_mse": 0.025024194655075573,
      "h40/outcome_jam_episode_count": 3,
      "h40/outcome_jam_final_state_mse": 0.12329385794845282,
      "h40/outcome_jam_state_mse": 0.026663782082351983,
      "h40/outcome_miss_episode_count": 3,
      "h40/outcome_miss_final_state_mse": 0.3172217101053475,
      "h40/outcome_miss_state_mse": 0.05068689171784844,
      "h40/outcome_partial_episode_count": 3,
      "h40/outcome_partial_final_state_mse": 0.1289332177903917,
      "h40/outcome_partial_state_mse": 0.02653462590734943,
      "h40/outcome_success_episode_count": 3,
      "h40/outcome_success_final_state_mse": 0.13047160977631614,
      "h40/outcome_success_state_mse": 0.026521280076768662,
      "h40/state_mse": 0.031086154513888888,
      "h50/episode_count": 15,
      "h50/final_state_mse": 1.679113689746732,
      "h50/outcome_drop_episode_count": 3,
      "h50/outcome_drop_final_state_mse": 0.8097759321624157,
      "h50/outcome_drop_state_mse": 0.096176915386923,
      "h50/outcome_jam_episode_count": 3,
      "h50/outcome_jam_final_state_mse": 0.803683237312666,
      "h50/outcome_jam_state_mse": 0.09813482346877553,
      "h50/outcome_miss_episode_count": 3,
      "h50/outcome_miss_final_state_mse": 5.06946548761106,
      "h50/outcome_miss_state_mse": 0.4455477925219567,
      "h50/outcome_partial_episode_count": 3,
      "h50/outcome_partial_final_state_mse": 0.8508220498078789,
      "h50/outcome_partial_state_mse": 0.10239449694265727,
      "h50/outcome_success_episode_count": 3,
      "h50/outcome_success_final_state_mse": 0.8618222404928768,
      "h50/outcome_success_state_mse": 0.10346830280777676,
      "h50/state_mse": 0.16914445465686276,
      "h75/episode_count": 15,
      "h75/final_state_mse": 280.68858251633986,
      "h75/outcome_drop_episode_count": 3,
      "h75/outcome_drop_final_state_mse": 154.35524216196896,
      "h75/outcome_drop_state_mse": 10.859224026416122,
      "h75/outcome_jam_episode_count": 3,
      "h75/outcome_jam_final_state_mse": 150.83596622242646,
      "h75/outcome_jam_state_mse": 10.59909909449891,
      "h75/outcome_miss_episode_count": 3,
      "h75/outcome_miss_final_state_mse": 790.4503804125817,
      "h75/outcome_miss_state_mse": 51.193321078431374,
      "h75/outcome_partial_episode_count": 3,
      "h75/outcome_partial_final_state_mse": 152.95264948427288,
      "h75/outcome_partial_state_mse": 10.763224911492374,
      "h75/outcome_success_episode_count": 3,
      "h75/outcome_success_final_state_mse": 154.84871897977942,
      "h75/outcome_success_state_mse": 10.867886199618736,
      "h75/state_mse": 18.85655337690632,
      "max_requested_horizon": 125,
      "reencode_period": null,
      "rollout_mode": "no_reencode"
    },
    "periodic_1": {
      "episode_count": 15,
      "h10/episode_count": 15,
      "h10/final_state_mse": 0.0030390621010774103,
      "h10/outcome_drop_episode_count": 3,
      "h10/outcome_drop_final_state_mse": 0.0018637127249069463,
      "h10/outcome_drop_state_mse": 0.0017111460367838542,
      "h10/outcome_jam_episode_count": 3,
      "h10/outcome_jam_final_state_mse": 0.002517779083812938,
      "h10/outcome_jam_state_mse": 0.0022733812238655837,
      "h10/outcome_miss_episode_count": 3,
      "h10/outcome_miss_final_state_mse": 0.006975809733072917,
      "h10/outcome_miss_state_mse": 0.013217801050423018,
      "h10/outcome_partial_episode_count": 3,
      "h10/outcome_partial_final_state_mse": 0.001920258833302392,
      "h10/outcome_partial_state_mse": 0.0016192644834518433,
      "h10/outcome_success_episode_count": 3,
      "h10/outcome_success_final_state_mse": 0.0019177509337858438,
      "h10/outcome_success_state_mse": 0.0016443154391120461,
      "h10/state_mse": 0.004093181884366703,
      "h100/episode_count": 15,
      "h100/final_state_mse": 0.01002903483272378,
      "h100/outcome_drop_episode_count": 3,
      "h100/outcome_drop_final_state_mse": 0.008290682158438988,
      "h100/outcome_drop_state_mse": 0.005768116471035029,
      "h100/outcome_jam_episode_count": 3,
      "h100/outcome_jam_final_state_mse": 0.00594811774546804,
      "h100/outcome_jam_state_mse": 0.004386407191457312,
      "h100/outcome_miss_episode_count": 3,
      "h100/outcome_miss_final_state_mse": 0.02401737761653327,
      "h100/outcome_miss_state_mse": 0.015623197368547028,
      "h100/outcome_partial_episode_count": 3,
      "h100/outcome_partial_final_state_mse": 0.0069191038024191765,
      "h100/outcome_partial_state_mse": 0.00349627912434098,
      "h100/outcome_success_episode_count": 3,
      "h100/outcome_success_final_state_mse": 0.004969895567769319,
      "h100/outcome_success_state_mse": 0.003741818097681781,
      "h100/state_mse": 0.0066031637752757355,
      "h125/episode_count": 15,
      "h125/final_state_mse": 0.008531818514555888,
      "h125/outcome_drop_episode_count": 3,
      "h125/outcome_drop_final_state_mse": 0.006595095875216466,
      "h125/outcome_drop_state_mse": 0.006304914187761693,
      "h125/outcome_jam_episode_count": 3,
      "h125/outcome_jam_final_state_mse": 0.012008789318059784,
      "h125/outcome_jam_state_mse": 0.006008420258565666,
      "h125/outcome_miss_episode_count": 3,
      "h125/outcome_miss_final_state_mse": 0.012437573640175115,
      "h125/outcome_miss_state_mse": 0.015577481338401245,
      "h125/outcome_partial_episode_count": 3,
      "h125/outcome_partial_final_state_mse": 0.006328056402066175,
      "h125/outcome_partial_state_mse": 0.003956803963854422,
      "h125/outcome_success_episode_count": 3,
      "h125/outcome_success_final_state_mse": 0.005289571542365879,
      "h125/outcome_success_state_mse": 0.004072682000453176,
      "h125/state_mse": 0.007184059691584968,
      "h20/episode_count": 15,
      "h20/final_state_mse": 0.004484452141655816,
      "h20/outcome_drop_episode_count": 3,
      "h20/outcome_drop_final_state_mse": 0.004047148367937873,
      "h20/outcome_drop_state_mse": 0.0024516377963271795,
      "h20/outcome_jam_episode_count": 3,
      "h20/outcome_jam_final_state_mse": 0.004012494889739292,
      "h20/outcome_jam_state_mse": 0.002980002936194925,
      "h20/outcome_miss_episode_count": 3,
      "h20/outcome_miss_final_state_mse": 0.007008275467585894,
      "h20/outcome_miss_state_mse": 0.01007525593626733,
      "h20/outcome_partial_episode_count": 3,
      "h20/outcome_partial_final_state_mse": 0.0036794941604526995,
      "h20/outcome_partial_state_mse": 0.0023763186791363883,
      "h20/outcome_success_episode_count": 3,
      "h20/outcome_success_final_state_mse": 0.003674848066046347,
      "h20/outcome_success_state_mse": 0.0024057516864701813,
      "h20/state_mse": 0.00405779321209278,
      "h30/episode_count": 15,
      "h30/final_state_mse": 0.004375548144571142,
      "h30/outcome_drop_episode_count": 3,
      "h30/outcome_drop_final_state_mse": 0.0032595054678667603,
      "h30/outcome_drop_state_mse": 0.0028335209246034975,
      "h30/outcome_jam_episode_count": 3,
      "h30/outcome_jam_final_state_mse": 0.0040810252326765875,
      "h30/outcome_jam_state_mse": 0.0033331630016983464,
      "h30/outcome_miss_episode_count": 3,
      "h30/outcome_miss_final_state_mse": 0.007776784351448607,
      "h30/outcome_miss_state_mse": 0.009204543701703772,
      "h30/outcome_partial_episode_count": 3,
      "h30/outcome_partial_final_state_mse": 0.003322661994329465,
      "h30/outcome_partial_state_mse": 0.0027588227735365657,
      "h30/outcome_success_episode_count": 3,
      "h30/outcome_success_final_state_mse": 0.0034377631408716337,
      "h30/outcome_success_state_mse": 0.002783778342286486,
      "h30/state_mse": 0.004182765852651825,
      "h40/episode_count": 15,
      "h40/final_state_mse": 0.004628663281210108,
      "h40/outcome_drop_episode_count": 3,
      "h40/outcome_drop_final_state_mse": 0.0037500503308632795,
      "h40/outcome_drop_state_mse": 0.003017201922298257,
      "h40/outcome_jam_episode_count": 3,
      "h40/outcome_jam_final_state_mse": 0.003580300344361199,
      "h40/outcome_jam_state_mse": 0.003439547345529195,
      "h40/outcome_miss_episode_count": 3,
      "h40/outcome_miss_final_state_mse": 0.009240068251790565,
      "h40/outcome_miss_state_mse": 0.009162545048333462,
      "h40/outcome_partial_episode_count": 3,
      "h40/outcome_partial_final_state_mse": 0.0032977668288486457,
      "h40/outcome_partial_state_mse": 0.002864474486681371,
      "h40/outcome_success_episode_count": 3,
      "h40/outcome_success_final_state_mse": 0.00327513289023069,
      "h40/outcome_success_state_mse": 0.002893218417572819,
      "h40/state_mse": 0.004275397506414675,
      "h50/episode_count": 15,
      "h50/final_state_mse": 0.005637301027385238,
      "h50/outcome_drop_episode_count": 3,
      "h50/outcome_drop_final_state_mse": 0.006099817896980086,
      "h50/outcome_drop_state_mse": 0.0036092688367257712,
      "h50/outcome_jam_episode_count": 3,
      "h50/outcome_jam_final_state_mse": 0.00446628121768727,
      "h50/outcome_jam_state_mse": 0.0036329674564935023,
      "h50/outcome_miss_episode_count": 3,
      "h50/outcome_miss_final_state_mse": 0.009972766139148886,
      "h50/outcome_miss_state_mse": 0.009205603506050857,
      "h50/outcome_partial_episode_count": 3,
      "h50/outcome_partial_final_state_mse": 0.003718067033618104,
      "h50/outcome_partial_state_mse": 0.003006533018124649,
      "h50/outcome_success_episode_count": 3,
      "h50/outcome_success_final_state_mse": 0.003929573677334131,
      "h50/outcome_success_state_mse": 0.00304172160578709,
      "h50/state_mse": 0.004499218909569036,
      "h75/episode_count": 15,
      "h75/final_state_mse": 0.009375106587129482,
      "h75/outcome_drop_episode_count": 3,
      "h75/outcome_drop_final_state_mse": 0.011158431277555577,
      "h75/outcome_drop_state_mse": 0.005089695417283667,
      "h75/outcome_jam_episode_count": 3,
      "h75/outcome_jam_final_state_mse": 0.006621072543602364,
      "h75/outcome_jam_state_mse": 0.004071885900559768,
      "h75/outcome_miss_episode_count": 3,
      "h75/outcome_miss_final_state_mse": 0.017900492289876627,
      "h75/outcome_miss_state_mse": 0.011548225801754622,
      "h75/outcome_partial_episode_count": 3,
      "h75/outcome_partial_final_state_mse": 0.004769148487670749,
      "h75/outcome_partial_state_mse": 0.0032655345276809728,
      "h75/outcome_success_episode_count": 3,
      "h75/outcome_success_final_state_mse": 0.006426388336942087,
      "h75/outcome_success_state_mse": 0.003383076403914973,
      "h75/state_mse": 0.0054716834107775055,
      "max_requested_horizon": 125,
      "reencode_period": 1,
      "rollout_mode": "periodic_1"
    },
    "periodic_10": {
      "episode_count": 15,
      "h10/episode_count": 15,
      "h10/final_state_mse": 0.0033694310905107486,
      "h10/outcome_drop_episode_count": 3,
      "h10/outcome_drop_final_state_mse": 0.002653723448709725,
      "h10/outcome_drop_state_mse": 0.001811953872637032,
      "h10/outcome_jam_episode_count": 3,
      "h10/outcome_jam_final_state_mse": 0.004002762410570593,
      "h10/outcome_jam_state_mse": 0.0024212728528415456,
      "h10/outcome_miss_episode_count": 3,
      "h10/outcome_miss_final_state_mse": 0.00488553152364843,
      "h10/outcome_miss_state_mse": 0.010835276086345996,
      "h10/outcome_partial_episode_count": 3,
      "h10/outcome_partial_final_state_mse": 0.002661932430236168,
      "h10/outcome_partial_state_mse": 0.0017405056485942766,
      "h10/outcome_success_episode_count": 3,
      "h10/outcome_success_final_state_mse": 0.002643205432428254,
      "h10/outcome_success_state_mse": 0.0017490962751550612,
      "h10/state_mse": 0.0037116209042617697,
      "h100/episode_count": 15,
      "h100/final_state_mse": 0.003046497332504372,
      "h100/outcome_drop_episode_count": 3,
      "h100/outcome_drop_final_state_mse": 0.003062201822115705,
      "h100/outcome_drop_state_mse": 0.002534288456237394,
      "h100/outcome_jam_episode_count": 3,
      "h100/outcome_jam_final_state_mse": 0.003638405766752031,
      "h100/outcome_jam_state_mse": 0.0031185608907462726,
      "h100/outcome_miss_episode_count": 3,
      "h100/outcome_miss_final_state_mse": 0.002124854308717391,
      "h100/outcome_miss_state_mse": 0.0033044274648030597,
      "h100/outcome_partial_episode_count": 3,
      "h100/outcome_partial_final_state_mse": 0.0024596405477305644,
      "h100/outcome_partial_state_mse": 0.00221431420519461,
      "h100/outcome_success_episode_count": 3,
      "h100/outcome_success_final_state_mse": 0.003947383876329933,
      "h100/outcome_success_state_mse": 0.002545060051812066,
      "h100/state_mse": 0.0027433302137586804,
      "h125/episode_count": 15,
      "h125/final_state_mse": 0.0035643627441007326,
      "h125/outcome_drop_episode_count": 3,
      "h125/outcome_drop_final_state_mse": 0.004611491134353713,
      "h125/outcome_drop_state_mse": 0.002797996670592065,
      "h125/outcome_jam_episode_count": 3,
      "h125/outcome_jam_final_state_mse": 0.00479932567652534,
      "h125/outcome_jam_state_mse": 0.003344894857967601,
      "h125/outcome_miss_episode_count": 3,
      "h125/outcome_miss_final_state_mse": 0.0030119702755625733,
      "h125/outcome_miss_state_mse": 0.0031686147552689695,
      "h125/outcome_partial_episode_count": 3,
      "h125/outcome_partial_final_state_mse": 0.0020948193139500087,
      "h125/outcome_partial_state_mse": 0.002221060160717933,
      "h125/outcome_success_episode_count": 3,
      "h125/outcome_success_final_state_mse": 0.0033042068574942796,
      "h125/outcome_success_state_mse": 0.002714887980542152,
      "h125/state_mse": 0.002849490974775327,
      "h20/episode_count": 15,
      "h20/final_state_mse": 0.003469606785992392,
      "h20/outcome_drop_episode_count": 3,
      "h20/outcome_drop_final_state_mse": 0.0033157608088325054,
      "h20/outcome_drop_state_mse": 0.002150620549332862,
      "h20/outcome_jam_episode_count": 3,
      "h20/outcome_jam_final_state_mse": 0.0038402200329537483,
      "h20/outcome_jam_state_mse": 0.002766414795046538,
      "h20/outcome_miss_episode_count": 3,
      "h20/outcome_miss_final_state_mse": 0.003779644329173892,
      "h20/outcome_miss_state_mse": 0.007412896125145208,
      "h20/outcome_partial_episode_count": 3,
      "h20/outcome_partial_final_state_mse": 0.003227214505469877,
      "h20/outcome_partial_state_mse": 0.002095526768491159,
      "h20/outcome_success_episode_count": 3,
      "h20/outcome_success_final_state_mse": 0.0031851951300708296,
      "h20/outcome_success_state_mse": 0.0020981625014660403,
      "h20/state_mse": 0.0033047241011476204,
      "h30/episode_count": 15,
      "h30/final_state_mse": 0.002864405688117532,
      "h30/outcome_drop_episode_count": 3,
      "h30/outcome_drop_final_state_mse": 0.0028539337461290794,
      "h30/outcome_drop_state_mse": 0.0022888572647161215,
      "h30/outcome_jam_episode_count": 3,
      "h30/outcome_jam_final_state_mse": 0.0032848794670665964,
      "h30/outcome_jam_state_mse": 0.0028984535233906933,
      "h30/outcome_miss_episode_count": 3,
      "h30/outcome_miss_final_state_mse": 0.002476252907631444,
      "h30/outcome_miss_state_mse": 0.005838198028099043,
      "h30/outcome_partial_episode_count": 3,
      "h30/outcome_partial_final_state_mse": 0.002813041624095705,
      "h30/outcome_partial_state_mse": 0.0022269943700636654,
      "h30/outcome_success_episode_count": 3,
      "h30/outcome_success_final_state_mse": 0.0028939215722037295,
      "h30/outcome_success_state_mse": 0.0022314670818303923,
      "h30/state_mse": 0.0030967941782832926,
      "h40/episode_count": 15,
      "h40/final_state_mse": 0.0021612260855880436,
      "h40/outcome_drop_episode_count": 3,
      "h40/outcome_drop_final_state_mse": 0.0020411252196318183,
      "h40/outcome_drop_state_mse": 0.002309134193495208,
      "h40/outcome_jam_episode_count": 3,
      "h40/outcome_jam_final_state_mse": 0.0024401647300502055,
      "h40/outcome_jam_state_mse": 0.0028505721902535633,
      "h40/outcome_miss_episode_count": 3,
      "h40/outcome_miss_final_state_mse": 0.0017383385912265654,
      "h40/outcome_miss_state_mse": 0.004873572221768448,
      "h40/outcome_partial_episode_count": 3,
      "h40/outcome_partial_final_state_mse": 0.002299339285278632,
      "h40/outcome_partial_state_mse": 0.0022192537395003572,
      "h40/outcome_success_episode_count": 3,
      "h40/outcome_success_final_state_mse": 0.0022871622608767617,
      "h40/outcome_success_state_mse": 0.0022241863549924364,
      "h40/state_mse": 0.002895343755584916,
      "h50/episode_count": 15,
      "h50/final_state_mse": 0.002151195208231608,
      "h50/outcome_drop_episode_count": 3,
      "h50/outcome_drop_final_state_mse": 0.0023446431980023975,
      "h50/outcome_drop_state_mse": 0.002366650774587993,
      "h50/outcome_jam_episode_count": 3,
      "h50/outcome_jam_final_state_mse": 0.002905978486428853,
      "h50/outcome_jam_state_mse": 0.002837433783836614,
      "h50/outcome_miss_episode_count": 3,
      "h50/outcome_miss_final_state_mse": 0.0018720112351420658,
      "h50/outcome_miss_state_mse": 0.00426625258003185,
      "h50/outcome_partial_episode_count": 3,
      "h50/outcome_partial_final_state_mse": 0.0017808365325133007,
      "h50/outcome_partial_state_mse": 0.002174608317855137,
      "h50/outcome_success_episode_count": 3,
      "h50/outcome_success_final_state_mse": 0.0018525061508019764,
      "h50/outcome_success_state_mse": 0.0021843203376321232,
      "h50/state_mse": 0.0027658531837214053,
      "h75/episode_count": 15,
      "h75/final_state_mse": 0.003895266539131115,
      "h75/outcome_drop_episode_count": 3,
      "h75/outcome_drop_final_state_mse": 0.0031941080453738667,
      "h75/outcome_drop_state_mse": 0.002455259335586448,
      "h75/outcome_jam_episode_count": 3,
      "h75/outcome_jam_final_state_mse": 0.0046962382259711725,
      "h75/outcome_jam_state_mse": 0.0030072554212250222,
      "h75/outcome_miss_episode_count": 3,
      "h75/outcome_miss_final_state_mse": 0.004586795478864433,
      "h75/outcome_miss_state_mse": 0.003625111050075955,
      "h75/outcome_partial_episode_count": 3,
      "h75/outcome_partial_final_state_mse": 0.002967735034188414,
      "h75/outcome_partial_state_mse": 0.0022345523377129716,
      "h75/outcome_success_episode_count": 3,
      "h75/outcome_success_final_state_mse": 0.004031455789516174,
      "h75/outcome_success_state_mse": 0.002293524669406201,
      "h75/state_mse": 0.0027231408079724947,
      "max_requested_horizon": 125,
      "reencode_period": 10,
      "rollout_mode": "periodic_10"
    },
    "periodic_100": {
      "episode_count": 15,
      "h10/episode_count": 15,
      "h10/final_state_mse": 0.0033694310905107486,
      "h10/outcome_drop_episode_count": 3,
      "h10/outcome_drop_final_state_mse": 0.002653723448709725,
      "h10/outcome_drop_state_mse": 0.001811953872637032,
      "h10/outcome_jam_episode_count": 3,
      "h10/outcome_jam_final_state_mse": 0.004002762410570593,
      "h10/outcome_jam_state_mse": 0.0024212728528415456,
      "h10/outcome_miss_episode_count": 3,
      "h10/outcome_miss_final_state_mse": 0.00488553152364843,
      "h10/outcome_miss_state_mse": 0.010835276086345996,
      "h10/outcome_partial_episode_count": 3,
      "h10/outcome_partial_final_state_mse": 0.002661932430236168,
      "h10/outcome_partial_state_mse": 0.0017405056485942766,
      "h10/outcome_success_episode_count": 3,
      "h10/outcome_success_final_state_mse": 0.002643205432428254,
      "h10/outcome_success_state_mse": 0.0017490962751550612,
      "h10/state_mse": 0.0037116209042617697,
      "h100/episode_count": 15,
      "h100/final_state_mse": 142560.46013071894,
      "h100/outcome_drop_episode_count": 3,
      "h100/outcome_drop_final_state_mse": 88134.9362745098,
      "h100/outcome_drop_state_mse": 3965.5707843137257,
      "h100/outcome_jam_episode_count": 3,
      "h100/outcome_jam_final_state_mse": 88444.67647058824,
      "h100/outcome_jam_state_mse": 3947.889673202614,
      "h100/outcome_miss_episode_count": 3,
      "h100/outcome_miss_final_state_mse": 359175.02614379086,
      "h100/outcome_miss_state_mse": 16369.814640522876,
      "h100/outcome_partial_episode_count": 3,
      "h100/outcome_partial_final_state_mse": 88826.14379084967,
      "h100/outcome_partial_state_mse": 4017.5371241830067,
      "h100/outcome_success_episode_count": 3,
      "h100/outcome_success_final_state_mse": 88221.54411764706,
      "h100/outcome_success_state_mse": 3993.097973856209,
      "h100/state_mse": 6458.781699346405,
      "h125/episode_count": 15,
      "h125/final_state_mse": 74251.32026143791,
      "h125/outcome_drop_episode_count": 3,
      "h125/outcome_drop_final_state_mse": 21380.18280228758,
      "h125/outcome_drop_state_mse": 5436.540653594771,
      "h125/outcome_jam_episode_count": 3,
      "h125/outcome_jam_final_state_mse": 21674.353758169935,
      "h125/outcome_jam_state_mse": 5423.809882352941,
      "h125/outcome_miss_episode_count": 3,
      "h125/outcome_miss_final_state_mse": 284693.92647058825,
      "h125/outcome_miss_state_mse": 28069.909751633986,
      "h125/outcome_partial_episode_count": 3,
      "h125/outcome_partial_final_state_mse": 21877.31004901961,
      "h125/outcome_partial_state_mse": 5504.376575163399,
      "h125/outcome_success_episode_count": 3,
      "h125/outcome_success_final_state_mse": 21630.837214052288,
      "h125/outcome_success_state_mse": 5460.174013071895,
      "h125/state_mse": 9978.961652287582,
      "h20/episode_count": 15,
      "h20/final_state_mse": 0.012213912664675246,
      "h20/outcome_drop_episode_count": 3,
      "h20/outcome_drop_final_state_mse": 0.011343721178622028,
      "h20/outcome_drop_state_mse": 0.004172701072069554,
      "h20/outcome_jam_episode_count": 3,
      "h20/outcome_jam_final_state_mse": 0.011384432514508566,
      "h20/outcome_jam_state_mse": 0.004675371896207722,
      "h20/outcome_miss_episode_count": 3,
      "h20/outcome_miss_final_state_mse": 0.016278812503503038,
      "h20/outcome_miss_state_mse": 0.010255671482460172,
      "h20/outcome_partial_episode_count": 3,
      "h20/outcome_partial_final_state_mse": 0.011098838466055253,
      "h20/outcome_partial_state_mse": 0.004093534221836165,
      "h20/outcome_success_episode_count": 3,
      "h20/outcome_success_final_state_mse": 0.010963756323250291,
      "h20/outcome_success_state_mse": 0.004092256461872774,
      "h20/state_mse": 0.005457907284007353,
      "h30/episode_count": 15,
      "h30/final_state_mse": 0.04118285833620557,
      "h30/outcome_drop_episode_count": 3,
      "h30/outcome_drop_final_state_mse": 0.034439329228370015,
      "h30/outcome_drop_state_mse": 0.009986407876274426,
      "h30/outcome_jam_episode_count": 3,
      "h30/outcome_jam_final_state_mse": 0.036038013844708214,
      "h30/outcome_jam_state_mse": 0.010555783959515473,
      "h30/outcome_miss_episode_count": 3,
      "h30/outcome_miss_final_state_mse": 0.0650690365460963,
      "h30/outcome_miss_state_mse": 0.02001116467976622,
      "h30/outcome_partial_episode_count": 3,
      "h30/outcome_partial_final_state_mse": 0.035220168774424035,
      "h30/outcome_partial_state_mse": 0.00995035732493681,
      "h30/outcome_success_episode_count": 3,
      "h30/outcome_success_final_state_mse": 0.03514773783340953,
      "h30/outcome_success_state_mse": 0.009934926188849157,
      "h30/state_mse": 0.012087726800789761,
      "h40/episode_count": 15,
      "h40/final_state_mse": 0.16266974156198938,
      "h40/outcome_drop_episode_count": 3,
      "h40/outcome_drop_final_state_mse": 0.11342811272814383,
      "h40/outcome_drop_state_mse": 0.02502419153849284,
      "h40/outcome_jam_episode_count": 3,
      "h40/outcome_jam_final_state_mse": 0.12329386418161828,
      "h40/outcome_jam_state_mse": 0.02666378270566853,
      "h40/outcome_miss_episode_count": 3,
      "h40/outcome_miss_final_state_mse": 0.31722185970131866,
      "h40/outcome_miss_state_mse": 0.05068689358779808,
      "h40/outcome_partial_episode_count": 3,
      "h40/outcome_partial_final_state_mse": 0.1289332551893845,
      "h40/outcome_partial_state_mse": 0.02653462590734943,
      "h40/outcome_success_episode_count": 3,
      "h40/outcome_success_final_state_mse": 0.13047158172707152,
      "h40/outcome_success_state_mse": 0.02652128070008521,
      "h40/state_mse": 0.031086154513888888,
      "h50/episode_count": 15,
      "h50/final_state_mse": 1.679113849315768,
      "h50/outcome_drop_episode_count": 3,
      "h50/outcome_drop_final_state_mse": 0.8097760069604013,
      "h50/outcome_drop_state_mse": 0.096176915386923,
      "h50/outcome_jam_episode_count": 3,
      "h50/outcome_jam_final_state_mse": 0.8036832622453278,
      "h50/outcome_jam_state_mse": 0.09813482945261438,
      "h50/outcome_miss_episode_count": 3,
      "h50/outcome_miss_final_state_mse": 5.06946548761106,
      "h50/outcome_miss_state_mse": 0.4455477925219567,
      "h50/outcome_partial_episode_count": 3,
      "h50/outcome_partial_final_state_mse": 0.8508219750098933,
      "h50/outcome_partial_state_mse": 0.10239449494804433,
      "h50/outcome_success_episode_count": 3,
      "h50/outcome_success_final_state_mse": 0.8618222903582006,
      "h50/outcome_success_state_mse": 0.10346830280777676,
      "h50/state_mse": 0.16914445465686276,
      "h75/episode_count": 15,
      "h75/final_state_mse": 280.6886029411765,
      "h75/outcome_drop_episode_count": 3,
      "h75/outcome_drop_final_state_mse": 154.3552485447304,
      "h75/outcome_drop_state_mse": 10.859224537037036,
      "h75/outcome_jam_episode_count": 3,
      "h75/outcome_jam_final_state_mse": 150.83592792585785,
      "h75/outcome_jam_state_mse": 10.599098413671024,
      "h75/outcome_miss_episode_count": 3,
      "h75/outcome_miss_final_state_mse": 790.4504442401961,
      "h75/outcome_miss_state_mse": 51.19332380174292,
      "h75/outcome_partial_episode_count": 3,
      "h75/outcome_partial_final_state_mse": 152.95264310151143,
      "h75/outcome_partial_state_mse": 10.76322440087146,
      "h75/outcome_success_episode_count": 3,
      "h75/outcome_success_final_state_mse": 154.84873812806373,
      "h75/outcome_success_state_mse": 10.867886880446623,
      "h75/state_mse": 18.85655337690632,
      "max_requested_horizon": 125,
      "reencode_period": 100,
      "rollout_mode": "periodic_100"
    },
    "periodic_2": {
      "episode_count": 15,
      "h10/episode_count": 15,
      "h10/final_state_mse": 0.002761168885075189,
      "h10/outcome_drop_episode_count": 3,
      "h10/outcome_drop_final_state_mse": 0.0015954245734058953,
      "h10/outcome_drop_state_mse": 0.0015949209920721116,
      "h10/outcome_jam_episode_count": 3,
      "h10/outcome_jam_final_state_mse": 0.0023229715286516676,
      "h10/outcome_jam_state_mse": 0.002101566549999262,
      "h10/outcome_miss_episode_count": 3,
      "h10/outcome_miss_final_state_mse": 0.006907903583221187,
      "h10/outcome_miss_state_mse": 0.012487696510514403,
      "h10/outcome_partial_episode_count": 3,
      "h10/outcome_partial_final_state_mse": 0.0014728718236380932,
      "h10/outcome_partial_state_mse": 0.0014783231261508917,
      "h10/outcome_success_episode_count": 3,
      "h10/outcome_success_final_state_mse": 0.001506671333819433,
      "h10/outcome_success_state_mse": 0.0014994373118955326,
      "h10/state_mse": 0.003832388983832465,
      "h100/episode_count": 15,
      "h100/final_state_mse": 0.004221687441557841,
      "h100/outcome_drop_episode_count": 3,
      "h100/outcome_drop_final_state_mse": 0.004938005475826512,
      "h100/outcome_drop_state_mse": 0.003493420594657948,
      "h100/outcome_jam_episode_count": 3,
      "h100/outcome_jam_final_state_mse": 0.002780383659733666,
      "h100/outcome_jam_state_mse": 0.003229238846722771,
      "h100/outcome_miss_episode_count": 3,
      "h100/outcome_miss_final_state_mse": 0.007021918844163808,
      "h100/outcome_miss_state_mse": 0.004494553484947853,
      "h100/outcome_partial_episode_count": 3,
      "h100/outcome_partial_final_state_mse": 0.0033738672538520466,
      "h100/outcome_partial_state_mse": 0.0025721909641440396,
      "h100/outcome_success_episode_count": 3,
      "h100/outcome_success_final_state_mse": 0.0029942618281233544,
      "h100/outcome_success_state_mse": 0.002714736664217282,
      "h100/state_mse": 0.0033008283228656045,
      "h125/episode_count": 15,
      "h125/final_state_mse": 0.00433195525524663,
      "h125/outcome_drop_episode_count": 3,
      "h125/outcome_drop_final_state_mse": 0.004431351824523577,
      "h125/outcome_drop_state_mse": 0.003781026952406939,
      "h125/outcome_jam_episode_count": 3,
      "h125/outcome_jam_final_state_mse": 0.003191427613785064,
      "h125/outcome_jam_state_mse": 0.003263201944189134,
      "h125/outcome_miss_episode_count": 3,
      "h125/outcome_miss_final_state_mse": 0.007064420802920472,
      "h125/outcome_miss_state_mse": 0.004870537252987132,
      "h125/outcome_partial_episode_count": 3,
      "h125/outcome_partial_final_state_mse": 0.003318697701092639,
      "h125/outcome_partial_state_mse": 0.0027056051017412173,
      "h125/outcome_success_episode_count": 3,
      "h125/outcome_success_final_state_mse": 0.0036538821809432086,
      "h125/outcome_success_state_mse": 0.00285178380230673,
      "h125/state_mse": 0.0034944310406454246,
      "h20/episode_count": 15,
      "h20/final_state_mse": 0.0026575998543134703,
      "h20/outcome_drop_episode_count": 3,
      "h20/outcome_drop_final_state_mse": 0.0028269650305018704,
      "h20/outcome_drop_state_mse": 0.0018357320548662173,
      "h20/outcome_jam_episode_count": 3,
      "h20/outcome_jam_final_state_mse": 0.0026787494132721346,
      "h20/outcome_jam_state_mse": 0.0023232109406415152,
      "h20/outcome_miss_episode_count": 3,
      "h20/outcome_miss_final_state_mse": 0.0028169934266532946,
      "h20/outcome_miss_state_mse": 0.008559068979001513,
      "h20/outcome_partial_episode_count": 3,
      "h20/outcome_partial_final_state_mse": 0.0024945192477282357,
      "h20/outcome_partial_state_mse": 0.0017386415425468893,
      "h20/outcome_success_episode_count": 3,
      "h20/outcome_success_final_state_mse": 0.002470773102995617,
      "h20/outcome_success_state_mse": 0.0017630798364776411,
      "h20/state_mse": 0.0032439467486213235,
      "h30/episode_count": 15,
      "h30/final_state_mse": 0.002807916379442402,
      "h30/outcome_drop_episode_count": 3,
      "h30/outcome_drop_final_state_mse": 0.002578042934533038,
      "h30/outcome_drop_state_mse": 0.002122909986375464,
      "h30/outcome_jam_episode_count": 3,
      "h30/outcome_jam_final_state_mse": 0.0032889067737105625,
      "h30/outcome_jam_state_mse": 0.0026289078664675776,
      "h30/outcome_miss_episode_count": 3,
      "h30/outcome_miss_final_state_mse": 0.0027401070871384313,
      "h30/outcome_miss_state_mse": 0.006685430343893878,
      "h30/outcome_partial_episode_count": 3,
      "h30/outcome_partial_final_state_mse": 0.0026614588070539087,
      "h30/outcome_partial_state_mse": 0.0020486799979781275,
      "h30/outcome_success_episode_count": 3,
      "h30/outcome_success_final_state_mse": 0.0027710656617202013,
      "h30/outcome_success_state_mse": 0.0020721081814734765,
      "h30/state_mse": 0.0031116071713516136,
      "h40/episode_count": 15,
      "h40/final_state_mse": 0.0028777415456335527,
      "h40/outcome_drop_episode_count": 3,
      "h40/outcome_drop_final_state_mse": 0.002962463821460998,
      "h40/outcome_drop_state_mse": 0.002348312443377925,
      "h40/outcome_jam_episode_count": 3,
      "h40/outcome_jam_final_state_mse": 0.0027177437555556206,
      "h40/outcome_jam_state_mse": 0.0027277863882725533,
      "h40/outcome_miss_episode_count": 3,
      "h40/outcome_miss_final_state_mse": 0.003594197576342065,
      "h40/outcome_miss_state_mse": 0.005899972230001212,
      "h40/outcome_partial_episode_count": 3,
      "h40/outcome_partial_final_state_mse": 0.002569540945533054,
      "h40/outcome_partial_state_mse": 0.0021778202524372174,
      "h40/outcome_success_episode_count": 3,
      "h40/outcome_success_final_state_mse": 0.002544761824062447,
      "h40/outcome_success_state_mse": 0.0022026414185567617,
      "h40/state_mse": 0.003071306515363307,
      "h50/episode_count": 15,
      "h50/final_state_mse": 0.0029451513602063548,
      "h50/outcome_drop_episode_count": 3,
      "h50/outcome_drop_final_state_mse": 0.0035150944699648937,
      "h50/outcome_drop_state_mse": 0.0026764971290538513,
      "h50/outcome_jam_episode_count": 3,
      "h50/outcome_jam_final_state_mse": 0.003216044380773906,
      "h50/outcome_jam_state_mse": 0.002836561389997894,
      "h50/outcome_miss_episode_count": 3,
      "h50/outcome_miss_final_state_mse": 0.0028706019123395285,
      "h50/outcome_miss_state_mse": 0.005389498417673547,
      "h50/outcome_partial_episode_count": 3,
      "h50/outcome_partial_final_state_mse": 0.002500466831953697,
      "h50/outcome_partial_state_mse": 0.00226104829825607,
      "h50/outcome_success_episode_count": 3,
      "h50/outcome_success_final_state_mse": 0.0026235491329548405,
      "h50/outcome_success_state_mse": 0.002286805015763426,
      "h50/state_mse": 0.003090082305708742,
      "h75/episode_count": 15,
      "h75/final_state_mse": 0.005184758566563426,
      "h75/outcome_drop_episode_count": 3,
      "h75/outcome_drop_final_state_mse": 0.0058756393739600584,
      "h75/outcome_drop_state_mse": 0.003238551985464325,
      "h75/outcome_jam_episode_count": 3,
      "h75/outcome_jam_final_state_mse": 0.005276179927236894,
      "h75/outcome_jam_state_mse": 0.0031764827886178342,
      "h75/outcome_miss_episode_count": 3,
      "h75/outcome_miss_final_state_mse": 0.005646653716860254,
      "h75/outcome_miss_state_mse": 0.004619568552586508,
      "h75/outcome_partial_episode_count": 3,
      "h75/outcome_partial_final_state_mse": 0.003858263926957947,
      "h75/outcome_partial_state_mse": 0.0025050141660736018,
      "h75/outcome_success_episode_count": 3,
      "h75/outcome_success_final_state_mse": 0.0052670542321173975,
      "h75/outcome_success_state_mse": 0.002584774374702138,
      "h75/state_mse": 0.0032248782488255717,
      "max_requested_horizon": 125,
      "reencode_period": 2,
      "rollout_mode": "periodic_2"
    },
    "periodic_20": {
      "episode_count": 15,
      "h10/episode_count": 15,
      "h10/final_state_mse": 0.0033694310905107486,
      "h10/outcome_drop_episode_count": 3,
      "h10/outcome_drop_final_state_mse": 0.002653723448709725,
      "h10/outcome_drop_state_mse": 0.001811953872637032,
      "h10/outcome_jam_episode_count": 3,
      "h10/outcome_jam_final_state_mse": 0.004002762410570593,
      "h10/outcome_jam_state_mse": 0.0024212728528415456,
      "h10/outcome_miss_episode_count": 3,
      "h10/outcome_miss_final_state_mse": 0.00488553152364843,
      "h10/outcome_miss_state_mse": 0.010835276086345996,
      "h10/outcome_partial_episode_count": 3,
      "h10/outcome_partial_final_state_mse": 0.002661932430236168,
      "h10/outcome_partial_state_mse": 0.0017405056485942766,
      "h10/outcome_success_episode_count": 3,
      "h10/outcome_success_final_state_mse": 0.002643205432428254,
      "h10/outcome_success_state_mse": 0.0017490962751550612,
      "h10/state_mse": 0.0037116209042617697,
      "h100/episode_count": 15,
      "h100/final_state_mse": 0.013991026784859452,
      "h100/outcome_drop_episode_count": 3,
      "h100/outcome_drop_final_state_mse": 0.01062271466442183,
      "h100/outcome_drop_state_mse": 0.005217711255441304,
      "h100/outcome_jam_episode_count": 3,
      "h100/outcome_jam_final_state_mse": 0.017739409325169583,
      "h100/outcome_jam_state_mse": 0.006326655718236188,
      "h100/outcome_miss_episode_count": 3,
      "h100/outcome_miss_final_state_mse": 0.01071763506122664,
      "h100/outcome_miss_state_mse": 0.006738656361897786,
      "h100/outcome_partial_episode_count": 3,
      "h100/outcome_partial_final_state_mse": 0.012709521779827043,
      "h100/outcome_partial_state_mse": 0.005449870614444508,
      "h100/outcome_success_episode_count": 3,
      "h100/outcome_success_final_state_mse": 0.018165851730147217,
      "h100/outcome_success_state_mse": 0.006008291369170146,
      "h100/state_mse": 0.005948237400428921,
      "h125/episode_count": 15,
      "h125/final_state_mse": 0.007468330158906825,
      "h125/outcome_drop_episode_count": 3,
      "h125/outcome_drop_final_state_mse": 0.00693203888687433,
      "h125/outcome_drop_state_mse": 0.005700577181149152,
      "h125/outcome_jam_episode_count": 3,
      "h125/outcome_jam_final_state_mse": 0.00836694143176858,
      "h125/outcome_jam_state_mse": 0.00724231585334329,
      "h125/outcome_miss_episode_count": 3,
      "h125/outcome_miss_final_state_mse": 0.008598905860208998,
      "h125/outcome_miss_state_mse": 0.007176106371910743,
      "h125/outcome_partial_episode_count": 3,
      "h125/outcome_partial_final_state_mse": 0.006877178752344418,
      "h125/outcome_partial_state_mse": 0.0060736221612668504,
      "h125/outcome_success_episode_count": 3,
      "h125/outcome_success_final_state_mse": 0.006566585376371745,
      "h125/outcome_success_state_mse": 0.006998453476849725,
      "h125/state_mse": 0.0066382148692810455,
      "h20/episode_count": 15,
      "h20/final_state_mse": 0.012213912664675246,
      "h20/outcome_drop_episode_count": 3,
      "h20/outcome_drop_final_state_mse": 0.011343721178622028,
      "h20/outcome_drop_state_mse": 0.004172701072069554,
      "h20/outcome_jam_episode_count": 3,
      "h20/outcome_jam_final_state_mse": 0.011384432514508566,
      "h20/outcome_jam_state_mse": 0.004675371896207722,
      "h20/outcome_miss_episode_count": 3,
      "h20/outcome_miss_final_state_mse": 0.016278812503503038,
      "h20/outcome_miss_state_mse": 0.010255671482460172,
      "h20/outcome_partial_episode_count": 3,
      "h20/outcome_partial_final_state_mse": 0.011098838466055253,
      "h20/outcome_partial_state_mse": 0.004093534221836165,
      "h20/outcome_success_episode_count": 3,
      "h20/outcome_success_final_state_mse": 0.010963756323250291,
      "h20/outcome_success_state_mse": 0.004092256461872774,
      "h20/state_mse": 0.005457907284007353,
      "h30/episode_count": 15,
      "h30/final_state_mse": 0.004271418752233967,
      "h30/outcome_drop_episode_count": 3,
      "h30/outcome_drop_final_state_mse": 0.003875061236565409,
      "h30/outcome_drop_state_mse": 0.004082253867504644,
      "h30/outcome_jam_episode_count": 3,
      "h30/outcome_jam_final_state_mse": 0.004138761193923701,
      "h30/outcome_jam_state_mse": 0.0045670835540705,
      "h30/outcome_miss_episode_count": 3,
      "h30/outcome_miss_final_state_mse": 0.005741044684173235,
      "h30/outcome_miss_state_mse": 0.00877994836545458,
      "h30/outcome_partial_episode_count": 3,
      "h30/outcome_partial_final_state_mse": 0.003767724325454313,
      "h30/outcome_partial_state_mse": 0.003994189680012223,
      "h30/outcome_success_episode_count": 3,
      "h30/outcome_success_final_state_mse": 0.0038345020288735434,
      "h30/outcome_success_state_mse": 0.003998088525011648,
      "h30/state_mse": 0.005084312621804364,
      "h40/episode_count": 15,
      "h40/final_state_mse": 0.008181972129672182,
      "h40/outcome_drop_episode_count": 3,
      "h40/outcome_drop_final_state_mse": 0.006188095102902331,
      "h40/outcome_drop_state_mse": 0.004370858700446833,
      "h40/outcome_jam_episode_count": 3,
      "h40/outcome_jam_final_state_mse": 0.00793968365083333,
      "h40/outcome_jam_state_mse": 0.004929956657434601,
      "h40/outcome_miss_episode_count": 3,
      "h40/outcome_miss_final_state_mse": 0.010511495319067263,
      "h40/outcome_miss_state_mse": 0.008543148851082994,
      "h40/outcome_partial_episode_count": 3,
      "h40/outcome_partial_final_state_mse": 0.008090706822139766,
      "h40/outcome_partial_state_mse": 0.004402403426326178,
      "h40/outcome_success_episode_count": 3,
      "h40/outcome_success_final_state_mse": 0.008179879169058955,
      "h40/outcome_success_state_mse": 0.004422610296922571,
      "h40/state_mse": 0.005333795485153697,
      "h50/episode_count": 15,
      "h50/final_state_mse": 0.003452672833710714,
      "h50/outcome_drop_episode_count": 3,
      "h50/outcome_drop_final_state_mse": 0.0035762028172125226,
      "h50/outcome_drop_state_mse": 0.004272675794713637,
      "h50/outcome_jam_episode_count": 3,
      "h50/outcome_jam_final_state_mse": 0.004009083546454611,
      "h50/outcome_jam_state_mse": 0.004717793807484745,
      "h50/outcome_miss_episode_count": 3,
      "h50/outcome_miss_final_state_mse": 0.0026917459528430616,
      "h50/outcome_miss_state_mse": 0.007354482264300577,
      "h50/outcome_partial_episode_count": 3,
      "h50/outcome_partial_final_state_mse": 0.0034510815163063847,
      "h50/outcome_partial_state_mse": 0.004185829754748375,
      "h50/outcome_success_episode_count": 3,
      "h50/outcome_success_final_state_mse": 0.003535250627916623,
      "h50/outcome_success_state_mse": 0.00421213243521896,
      "h50/state_mse": 0.004948582867391749,
      "h75/episode_count": 15,
      "h75/final_state_mse": 0.008046498018152574,
      "h75/outcome_drop_episode_count": 3,
      "h75/outcome_drop_final_state_mse": 0.0071955574493782195,
      "h75/outcome_drop_state_mse": 0.004695368581867426,
      "h75/outcome_jam_episode_count": 3,
      "h75/outcome_jam_final_state_mse": 0.009057503899717642,
      "h75/outcome_jam_state_mse": 0.005196866885249651,
      "h75/outcome_miss_episode_count": 3,
      "h75/outcome_miss_final_state_mse": 0.007872173793954787,
      "h75/outcome_miss_state_mse": 0.0067031020951946315,
      "h75/outcome_partial_episode_count": 3,
      "h75/outcome_partial_final_state_mse": 0.00742939893716301,
      "h75/outcome_partial_state_mse": 0.004610711847774863,
      "h75/outcome_success_episode_count": 3,
      "h75/outcome_success_final_state_mse": 0.008677858932345522,
      "h75/outcome_success_state_mse": 0.004684669228680513,
      "h75/state_mse": 0.005178143935525599,
      "max_requested_horizon": 125,
      "reencode_period": 20,
      "rollout_mode": "periodic_20"
    },
    "periodic_5": {
      "episode_count": 15,
      "h10/episode_count": 15,
      "h10/final_state_mse": 0.0024386867199068757,
      "h10/outcome_drop_episode_count": 3,
      "h10/outcome_drop_final_state_mse": 0.0016594331443699356,
      "h10/outcome_drop_state_mse": 0.0015384969173693188,
      "h10/outcome_jam_episode_count": 3,
      "h10/outcome_jam_final_state_mse": 0.002535320087975147,
      "h10/outcome_jam_state_mse": 0.0020734478445614086,
      "h10/outcome_miss_episode_count": 3,
      "h10/outcome_miss_final_state_mse": 0.004753699684454725,
      "h10/outcome_miss_state_mse": 0.011147348241868362,
      "h10/outcome_partial_episode_count": 3,
      "h10/outcome_partial_final_state_mse": 0.001603347876297882,
      "h10/outcome_partial_state_mse": 0.0014455385262670082,
      "h10/outcome_success_episode_count": 3,
      "h10/outcome_success_final_state_mse": 0.0016416326116502674,
      "h10/outcome_success_state_mse": 0.0014726051123313654,
      "h10/state_mse": 0.0035354873557495916,
      "h100/episode_count": 15,
      "h100/final_state_mse": 0.0027096492792266645,
      "h100/outcome_drop_episode_count": 3,
      "h100/outcome_drop_final_state_mse": 0.003247951126955693,
      "h100/outcome_drop_state_mse": 0.002566530969407823,
      "h100/outcome_jam_episode_count": 3,
      "h100/outcome_jam_final_state_mse": 0.0026422898753795747,
      "h100/outcome_jam_state_mse": 0.002855436786327487,
      "h100/outcome_miss_episode_count": 3,
      "h100/outcome_miss_final_state_mse": 0.002710645129672842,
      "h100/outcome_miss_state_mse": 0.0035883914723115807,
      "h100/outcome_partial_episode_count": 3,
      "h100/outcome_partial_final_state_mse": 0.0021544975392958697,
      "h100/outcome_partial_state_mse": 0.0020817197537889667,
      "h100/outcome_success_episode_count": 3,
      "h100/outcome_success_final_state_mse": 0.0027928639665927763,
      "h100/outcome_success_state_mse": 0.002256733514125051,
      "h100/state_mse": 0.002669762704886642,
      "h125/episode_count": 15,
      "h125/final_state_mse": 0.0036857854307087417,
      "h125/outcome_drop_episode_count": 3,
      "h125/outcome_drop_final_state_mse": 0.004591974265435163,
      "h125/outcome_drop_state_mse": 0.0028411836811140473,
      "h125/outcome_jam_episode_count": 3,
      "h125/outcome_jam_final_state_mse": 0.004241542196741291,
      "h125/outcome_jam_state_mse": 0.003020793839996936,
      "h125/outcome_miss_episode_count": 3,
      "h125/outcome_miss_final_state_mse": 0.004612392946785572,
      "h125/outcome_miss_state_mse": 0.0036346432056302337,
      "h125/outcome_partial_episode_count": 3,
      "h125/outcome_partial_final_state_mse": 0.002069864105554967,
      "h125/outcome_partial_state_mse": 0.002113495247036803,
      "h125/outcome_success_episode_count": 3,
      "h125/outcome_success_final_state_mse": 0.0029131530059708487,
      "h125/outcome_success_state_mse": 0.002366922914592269,
      "h125/state_mse": 0.0027954079222834967,
      "h20/episode_count": 15,
      "h20/final_state_mse": 0.002304466721279169,
      "h20/outcome_drop_episode_count": 3,
      "h20/outcome_drop_final_state_mse": 0.002245129859135821,
      "h20/outcome_drop_state_mse": 0.0017251658673379936,
      "h20/outcome_jam_episode_count": 3,
      "h20/outcome_jam_final_state_mse": 0.0024483948945999146,
      "h20/outcome_jam_state_mse": 0.0022724882449979096,
      "h20/outcome_miss_episode_count": 3,
      "h20/outcome_miss_final_state_mse": 0.00285680918327344,
      "h20/outcome_miss_state_mse": 0.007600848191703846,
      "h20/outcome_partial_episode_count": 3,
      "h20/outcome_partial_final_state_mse": 0.00197572906325066,
      "h20/outcome_partial_state_mse": 0.0016360463854534174,
      "h20/outcome_success_episode_count": 3,
      "h20/outcome_success_final_state_mse": 0.001996270192214866,
      "h20/outcome_success_state_mse": 0.0016663941098194496,
      "h20/state_mse": 0.002980188606611264,
      "h30/episode_count": 15,
      "h30/final_state_mse": 0.001902715209262823,
      "h30/outcome_drop_episode_count": 3,
      "h30/outcome_drop_final_state_mse": 0.0017938673301459917,
      "h30/outcome_drop_state_mse": 0.0018154982128434191,
      "h30/outcome_jam_episode_count": 3,
      "h30/outcome_jam_final_state_mse": 0.0021598404334261527,
      "h30/outcome_jam_state_mse": 0.002362735546751999,
      "h30/outcome_miss_episode_count": 3,
      "h30/outcome_miss_final_state_mse": 0.0019234271318304772,
      "h30/outcome_miss_state_mse": 0.005905243306378134,
      "h30/outcome_partial_episode_count": 3,
      "h30/outcome_partial_final_state_mse": 0.0017859659407263489,
      "h30/outcome_partial_state_mse": 0.0017296209833980386,
      "h30/outcome_success_episode_count": 3,
      "h30/outcome_success_final_state_mse": 0.0018504750884436314,
      "h30/outcome_success_state_mse": 0.0017547227977927214,
      "h30/state_mse": 0.0027135640395752484,
      "h40/episode_count": 15,
      "h40/final_state_mse": 0.001829426584680096,
      "h40/outcome_drop_episode_count": 3,
      "h40/outcome_drop_final_state_mse": 0.002042902986598171,
      "h40/outcome_drop_state_mse": 0.0019304734429502798,
      "h40/outcome_jam_episode_count": 3,
      "h40/outcome_jam_final_state_mse": 0.0017875037551705354,
      "h40/outcome_jam_state_mse": 0.002362378594142939,
      "h40/outcome_miss_episode_count": 3,
      "h40/outcome_miss_final_state_mse": 0.0018723072374568267,
      "h40/outcome_miss_state_mse": 0.004973139014898562,
      "h40/outcome_partial_episode_count": 3,
      "h40/outcome_partial_final_state_mse": 0.001725071639406915,
      "h40/outcome_partial_state_mse": 0.0017643638101278566,
      "h40/outcome_success_episode_count": 3,
      "h40/outcome_success_final_state_mse": 0.0017193473534646377,
      "h40/outcome_success_state_mse": 0.0017875603601044299,
      "h40/state_mse": 0.0025635832742927902,
      "h50/episode_count": 15,
      "h50/final_state_mse": 0.0021834362566081527,
      "h50/outcome_drop_episode_count": 3,
      "h50/outcome_drop_final_state_mse": 0.0023846598524673314,
      "h50/outcome_drop_state_mse": 0.0021292065015805313,
      "h50/outcome_jam_episode_count": 3,
      "h50/outcome_jam_final_state_mse": 0.0029084994122872943,
      "h50/outcome_jam_state_mse": 0.002435189134934369,
      "h50/outcome_miss_episode_count": 3,
      "h50/outcome_miss_final_state_mse": 0.0016965950577477224,
      "h50/outcome_miss_state_mse": 0.004390110065734465,
      "h50/outcome_partial_episode_count": 3,
      "h50/outcome_partial_final_state_mse": 0.0019347458055206373,
      "h50/outcome_partial_state_mse": 0.0018092252693924248,
      "h50/outcome_success_episode_count": 3,
      "h50/outcome_success_final_state_mse": 0.001992680838489844,
      "h50/outcome_success_state_mse": 0.0018324940812353995,
      "h50/state_mse": 0.002519245023041769,
      "h75/episode_count": 15,
      "h75/final_state_mse": 0.004038310518451766,
      "h75/outcome_drop_episode_count": 3,
      "h75/outcome_drop_final_state_mse": 0.0032138935734633525,
      "h75/outcome_drop_state_mse": 0.0024194669619624653,
      "h75/outcome_jam_episode_count": 3,
      "h75/outcome_jam_final_state_mse": 0.004589105986691768,
      "h75/outcome_jam_state_mse": 0.0028031171329140924,
      "h75/outcome_miss_episode_count": 3,
      "h75/outcome_miss_final_state_mse": 0.0049145127238790975,
      "h75/outcome_miss_state_mse": 0.0037987411931189575,
      "h75/outcome_partial_episode_count": 3,
      "h75/outcome_partial_final_state_mse": 0.0033120650286767995,
      "h75/outcome_partial_state_mse": 0.0020689030981791046,
      "h75/outcome_success_episode_count": 3,
      "h75/outcome_success_final_state_mse": 0.004161975449985928,
      "h75/outcome_success_state_mse": 0.0021308691569143392,
      "h75/state_mse": 0.0026442192925347223,
      "max_requested_horizon": 125,
      "reencode_period": 5,
      "rollout_mode": "periodic_5"
    },
    "periodic_50": {
      "episode_count": 15,
      "h10/episode_count": 15,
      "h10/final_state_mse": 0.0033694310905107486,
      "h10/outcome_drop_episode_count": 3,
      "h10/outcome_drop_final_state_mse": 0.002653723448709725,
      "h10/outcome_drop_state_mse": 0.001811953872637032,
      "h10/outcome_jam_episode_count": 3,
      "h10/outcome_jam_final_state_mse": 0.004002762410570593,
      "h10/outcome_jam_state_mse": 0.0024212728528415456,
      "h10/outcome_miss_episode_count": 3,
      "h10/outcome_miss_final_state_mse": 0.00488553152364843,
      "h10/outcome_miss_state_mse": 0.010835276086345996,
      "h10/outcome_partial_episode_count": 3,
      "h10/outcome_partial_final_state_mse": 0.002661932430236168,
      "h10/outcome_partial_state_mse": 0.0017405056485942766,
      "h10/outcome_success_episode_count": 3,
      "h10/outcome_success_final_state_mse": 0.002643205432428254,
      "h10/outcome_success_state_mse": 0.0017490962751550612,
      "h10/state_mse": 0.0037116209042617697,
      "h100/episode_count": 15,
      "h100/final_state_mse": 403.0674019607843,
      "h100/outcome_drop_episode_count": 3,
      "h100/outcome_drop_final_state_mse": 396.825093188317,
      "h100/outcome_drop_state_mse": 19.589142029207515,
      "h100/outcome_jam_episode_count": 3,
      "h100/outcome_jam_final_state_mse": 393.28492647058823,
      "h100/outcome_jam_state_mse": 19.22792151756536,
      "h100/outcome_miss_episode_count": 3,
      "h100/outcome_miss_final_state_mse": 382.5225439133987,
      "h100/outcome_miss_state_mse": 21.892109375,
      "h100/outcome_partial_episode_count": 3,
      "h100/outcome_partial_final_state_mse": 416.77024611928107,
      "h100/outcome_partial_state_mse": 20.29076580371732,
      "h100/outcome_success_episode_count": 3,
      "h100/outcome_success_final_state_mse": 425.934184155433,
      "h100/outcome_success_state_mse": 20.799348703022876,
      "h100/state_mse": 20.359857843137256,
      "h125/episode_count": 15,
      "h125/final_state_mse": 298.03515114379087,
      "h125/outcome_drop_episode_count": 3,
      "h125/outcome_drop_final_state_mse": 322.25026169321893,
      "h125/outcome_drop_state_mse": 35.58047610294118,
      "h125/outcome_jam_episode_count": 3,
      "h125/outcome_jam_final_state_mse": 312.46936992570465,
      "h125/outcome_jam_state_mse": 35.00589705882353,
      "h125/outcome_miss_episode_count": 3,
      "h125/outcome_miss_final_state_mse": 182.00559768178104,
      "h125/outcome_miss_state_mse": 25.33068790849673,
      "h125/outcome_partial_episode_count": 3,
      "h125/outcome_partial_final_state_mse": 330.7355127272263,
      "h125/outcome_partial_state_mse": 36.6564699754902,
      "h125/outcome_success_episode_count": 3,
      "h125/outcome_success_final_state_mse": 342.7150464026756,
      "h125/outcome_success_state_mse": 37.72140400326797,
      "h125/state_mse": 34.05898562091503,
      "h20/episode_count": 15,
      "h20/final_state_mse": 0.012213912664675246,
      "h20/outcome_drop_episode_count": 3,
      "h20/outcome_drop_final_state_mse": 0.011343721178622028,
      "h20/outcome_drop_state_mse": 0.004172701072069554,
      "h20/outcome_jam_episode_count": 3,
      "h20/outcome_jam_final_state_mse": 0.011384432514508566,
      "h20/outcome_jam_state_mse": 0.004675371896207722,
      "h20/outcome_miss_episode_count": 3,
      "h20/outcome_miss_final_state_mse": 0.016278812503503038,
      "h20/outcome_miss_state_mse": 0.010255671482460172,
      "h20/outcome_partial_episode_count": 3,
      "h20/outcome_partial_final_state_mse": 0.011098838466055253,
      "h20/outcome_partial_state_mse": 0.004093534221836165,
      "h20/outcome_success_episode_count": 3,
      "h20/outcome_success_final_state_mse": 0.010963756323250291,
      "h20/outcome_success_state_mse": 0.004092256461872774,
      "h20/state_mse": 0.005457907284007353,
      "h30/episode_count": 15,
      "h30/final_state_mse": 0.04118285833620557,
      "h30/outcome_drop_episode_count": 3,
      "h30/outcome_drop_final_state_mse": 0.034439329228370015,
      "h30/outcome_drop_state_mse": 0.009986407876274426,
      "h30/outcome_jam_episode_count": 3,
      "h30/outcome_jam_final_state_mse": 0.036038013844708214,
      "h30/outcome_jam_state_mse": 0.010555783959515473,
      "h30/outcome_miss_episode_count": 3,
      "h30/outcome_miss_final_state_mse": 0.0650690365460963,
      "h30/outcome_miss_state_mse": 0.02001116467976622,
      "h30/outcome_partial_episode_count": 3,
      "h30/outcome_partial_final_state_mse": 0.035220168774424035,
      "h30/outcome_partial_state_mse": 0.00995035732493681,
      "h30/outcome_success_episode_count": 3,
      "h30/outcome_success_final_state_mse": 0.03514773783340953,
      "h30/outcome_success_state_mse": 0.009934926188849157,
      "h30/state_mse": 0.012087726800789761,
      "h40/episode_count": 15,
      "h40/final_state_mse": 0.16266974156198938,
      "h40/outcome_drop_episode_count": 3,
      "h40/outcome_drop_final_state_mse": 0.11342811272814383,
      "h40/outcome_drop_state_mse": 0.02502419153849284,
      "h40/outcome_jam_episode_count": 3,
      "h40/outcome_jam_final_state_mse": 0.12329386418161828,
      "h40/outcome_jam_state_mse": 0.02666378270566853,
      "h40/outcome_miss_episode_count": 3,
      "h40/outcome_miss_final_state_mse": 0.31722185970131866,
      "h40/outcome_miss_state_mse": 0.05068689358779808,
      "h40/outcome_partial_episode_count": 3,
      "h40/outcome_partial_final_state_mse": 0.1289332551893845,
      "h40/outcome_partial_state_mse": 0.02653462590734943,
      "h40/outcome_success_episode_count": 3,
      "h40/outcome_success_final_state_mse": 0.13047158172707152,
      "h40/outcome_success_state_mse": 0.02652128070008521,
      "h40/state_mse": 0.031086154513888888,
      "h50/episode_count": 15,
      "h50/final_state_mse": 1.679113849315768,
      "h50/outcome_drop_episode_count": 3,
      "h50/outcome_drop_final_state_mse": 0.8097760069604013,
      "h50/outcome_drop_state_mse": 0.096176915386923,
      "h50/outcome_jam_episode_count": 3,
      "h50/outcome_jam_final_state_mse": 0.8036832622453278,
      "h50/outcome_jam_state_mse": 0.09813482945261438,
      "h50/outcome_miss_episode_count": 3,
      "h50/outcome_miss_final_state_mse": 5.06946548761106,
      "h50/outcome_miss_state_mse": 0.4455477925219567,
      "h50/outcome_partial_episode_count": 3,
      "h50/outcome_partial_final_state_mse": 0.8508219750098933,
      "h50/outcome_partial_state_mse": 0.10239449494804433,
      "h50/outcome_success_episode_count": 3,
      "h50/outcome_success_final_state_mse": 0.8618222903582006,
      "h50/outcome_success_state_mse": 0.10346830280777676,
      "h50/state_mse": 0.16914445465686276,
      "h75/episode_count": 15,
      "h75/final_state_mse": 1.7260973562602124,
      "h75/outcome_drop_episode_count": 3,
      "h75/outcome_drop_final_state_mse": 1.9420774684232824,
      "h75/outcome_drop_state_mse": 0.19446649688521242,
      "h75/outcome_jam_episode_count": 3,
      "h75/outcome_jam_final_state_mse": 1.9562067331052293,
      "h75/outcome_jam_state_mse": 0.19359822059249046,
      "h75/outcome_miss_episode_count": 3,
      "h75/outcome_miss_final_state_mse": 0.9528753617230583,
      "h75/outcome_miss_state_mse": 0.4418625642531318,
      "h75/outcome_partial_episode_count": 3,
      "h75/outcome_partial_final_state_mse": 1.850147833232007,
      "h75/outcome_partial_state_mse": 0.18952283273335377,
      "h75/outcome_success_episode_count": 3,
      "h75/outcome_success_final_state_mse": 1.9291794596154705,
      "h75/outcome_success_state_mse": 0.19478651524628948,
      "h75/state_mse": 0.24284732434640524,
      "max_requested_horizon": 125,
      "reencode_period": 50,
      "rollout_mode": "periodic_50"
    }
  },
  "split": "test",
  "support_alignment": {
    "contact_phase": {
      "contact_phase_family_ari": 0.0,
      "contact_phase_family_nmi": 0.0,
      "contact_phase_family_purity": 0.9996668887408394,
      "contact_phase_sample_count": 3002.0,
      "h_contact_phase_given_family": 0.0030002889533867266,
      "h_family_given_contact_phase": 0.0,
      "unique_contact_phase_count": 2.0,
      "unique_family_count": 1.0
    },
    "contact_phase_alignment_available": true,
    "evaluated_state_count": 3017,
    "family_count": 1,
    "mean_family_similarity": 0.5939497351646423,
    "mean_support_size": 242.17368246602587,
    "outcome_alignment_available": true,
    "outcome_state": {
      "h_family_given_outcome": 0.0,
      "h_outcome_given_family": 1.6094379124341005,
      "outcome_family_ari": 0.0,
      "outcome_family_nmi": 0.0,
      "outcome_family_purity": 0.2,
      "outcome_sample_count": 15.0,
      "unique_family_count": 1.0,
      "unique_outcome_count": 5.0
    },
    "status": "ok",
    "unassigned_state_fraction": 0.0,
    "validation_state_count": 2346
  },
  "support_threshold": 0.2
}
{
  "best_periodic_rollout": {
    "episode_count": 15,
    "h10/episode_count": 15,
    "h10/final_state_mse": 0.0019104706695656371,
    "h10/outcome_drop_episode_count": 3,
    "h10/outcome_drop_final_state_mse": 0.0013718642050923864,
    "h10/outcome_drop_state_mse": 0.001469516130833844,
    "h10/outcome_jam_episode_count": 3,
    "h10/outcome_jam_final_state_mse": 0.002235057088089924,
    "h10/outcome_jam_state_mse": 0.0020127743677376144,
    "h10/outcome_miss_episode_count": 3,
    "h10/outcome_miss_final_state_mse": 0.0033253705482077754,
    "h10/outcome_miss_state_mse": 0.010229191904753642,
    "h10/outcome_partial_episode_count": 3,
    "h10/outcome_partial_final_state_mse": 0.0012940990988140793,
    "h10/outcome_partial_state_mse": 0.0013803539322871788,
    "h10/outcome_success_episode_count": 3,
    "h10/outcome_success_final_state_mse": 0.001325962395449869,
    "h10/outcome_success_state_mse": 0.0014016293427523445,
    "h10/selected_mode": "periodic_5",
    "h10/selected_period": 5,
    "h10/state_mse": 0.0032986933888952716,
    "h100/episode_count": 15,
    "h100/final_state_mse": 0.002990193148843603,
    "h100/outcome_drop_episode_count": 3,
    "h100/outcome_drop_final_state_mse": 0.0031758184526480882,
    "h100/outcome_drop_state_mse": 0.0024441783880096634,
    "h100/outcome_jam_episode_count": 3,
    "h100/outcome_jam_final_state_mse": 0.00335749725695529,
    "h100/outcome_jam_state_mse": 0.0029365166807486342,
    "h100/outcome_miss_episode_count": 3,
    "h100/outcome_miss_final_state_mse": 0.0021721032368980982,
    "h100/outcome_miss_state_mse": 0.0030826910804299746,
    "h100/outcome_partial_episode_count": 3,
    "h100/outcome_partial_final_state_mse": 0.0022417396014811947,
    "h100/outcome_partial_state_mse": 0.0020444541818955366,
    "h100/outcome_success_episode_count": 3,
    "h100/outcome_success_final_state_mse": 0.004003807658853094,
    "h100/outcome_success_state_mse": 0.002374451269511304,
    "h100/selected_mode": "periodic_10",
    "h100/selected_period": 10,
    "h100/state_mse": 0.0025764583014195263,
    "h125/episode_count": 15,
    "h125/final_state_mse": 0.0036612074359569672,
    "h125/outcome_drop_episode_count": 3,
    "h125/outcome_drop_final_state_mse": 0.004545302075498244,
    "h125/outcome_drop_state_mse": 0.00271072407641442,
    "h125/outcome_jam_episode_count": 3,
    "h125/outcome_jam_final_state_mse": 0.005177204515419754,
    "h125/outcome_jam_state_mse": 0.003218728508045471,
    "h125/outcome_miss_episode_count": 3,
    "h125/outcome_miss_final_state_mse": 0.0028926609388363906,
    "h125/outcome_miss_state_mse": 0.0029888830745921414,
    "h125/outcome_partial_episode_count": 3,
    "h125/outcome_partial_final_state_mse": 0.002178487702717189,
    "h125/outcome_partial_state_mse": 0.0020820502985536664,
    "h125/outcome_success_episode_count": 3,
    "h125/outcome_success_final_state_mse": 0.0035123816551336277,
    "h125/outcome_success_state_mse": 0.002595218384187985,
    "h125/selected_mode": "periodic_10",
    "h125/selected_period": 10,
    "h125/state_mse": 0.0027191208384395424,
    "h20/episode_count": 15,
    "h20/final_state_mse": 0.0020316511976952644,
    "h20/outcome_drop_episode_count": 3,
    "h20/outcome_drop_final_state_mse": 0.002122704597080455,
    "h20/outcome_drop_state_mse": 0.001607621008274602,
    "h20/outcome_jam_episode_count": 3,
    "h20/outcome_jam_final_state_mse": 0.0023096705379049764,
    "h20/outcome_jam_state_mse": 0.002144304911295573,
    "h20/outcome_miss_episode_count": 3,
    "h20/outcome_miss_final_state_mse": 0.002025622655363644,
    "h20/outcome_miss_state_mse": 0.006482687962600609,
    "h20/outcome_partial_episode_count": 3,
    "h20/outcome_partial_final_state_mse": 0.0018374953005048963,
    "h20/outcome_partial_state_mse": 0.00151506097488154,
    "h20/outcome_success_episode_count": 3,
    "h20/outcome_success_final_state_mse": 0.0018627619723868526,
    "h20/outcome_success_state_mse": 0.0015404439245174134,
    "h20/selected_mode": "periodic_5",
    "h20/selected_period": 5,
    "h20/state_mse": 0.0026580237095652063,
    "h30/episode_count": 15,
    "h30/final_state_mse": 0.0018359907312330856,
    "h30/outcome_drop_episode_count": 3,
    "h30/outcome_drop_final_state_mse": 0.0017237898230163101,
    "h30/outcome_drop_state_mse": 0.001755171274048051,
    "h30/outcome_jam_episode_count": 3,
    "h30/outcome_jam_final_state_mse": 0.0021105017391295213,
    "h30/outcome_jam_state_mse": 0.0022912994189459774,
    "h30/outcome_miss_episode_count": 3,
    "h30/outcome_miss_final_state_mse": 0.001803113208487143,
    "h30/outcome_miss_state_mse": 0.005085790754663139,
    "h30/outcome_partial_episode_count": 3,
    "h30/outcome_partial_final_state_mse": 0.001737539869507933,
    "h30/outcome_partial_state_mse": 0.0016645311270404226,
    "h30/outcome_success_episode_count": 3,
    "h30/outcome_success_final_state_mse": 0.001805009697776994,
    "h30/outcome_success_state_mse": 0.001688544890459846,
    "h30/selected_mode": "periodic_5",
    "h30/selected_period": 5,
    "h30/state_mse": 0.0024970675865289694,
    "h40/episode_count": 15,
    "h40/final_state_mse": 0.001843513538634855,
    "h40/outcome_drop_episode_count": 3,
    "h40/outcome_drop_final_state_mse": 0.0020535408330509086,
    "h40/outcome_drop_state_mse": 0.0019080728097678789,
    "h40/outcome_jam_episode_count": 3,
    "h40/outcome_jam_final_state_mse": 0.0017937060469895407,
    "h40/outcome_jam_state_mse": 0.0022905625549017213,
    "h40/outcome_miss_episode_count": 3,
    "h40/outcome_miss_final_state_mse": 0.001928537304884468,
    "h40/outcome_miss_state_mse": 0.004352568255530463,
    "h40/outcome_partial_episode_count": 3,
    "h40/outcome_partial_final_state_mse": 0.0017181508535263584,
    "h40/outcome_partial_state_mse": 0.00169459842388926,
    "h40/outcome_success_episode_count": 3,
    "h40/outcome_success_final_state_mse": 0.0017236329469026304,
    "h40/outcome_success_state_mse": 0.0017182046681447746,
    "h40/selected_mode": "periodic_5",
    "h40/selected_period": 5,
    "h40/state_mse": 0.0023928012723237082,
    "h50/episode_count": 15,
    "h50/final_state_mse": 0.002087445508420857,
    "h50/outcome_drop_episode_count": 3,
    "h50/outcome_drop_final_state_mse": 0.002220481755881528,
    "h50/outcome_drop_state_mse": 0.0020946200688680013,
    "h50/outcome_jam_episode_count": 3,
    "h50/outcome_jam_final_state_mse": 0.002888577314568501,
    "h50/outcome_jam_state_mse": 0.0024739330266815387,
    "h50/outcome_miss_episode_count": 3,
    "h50/outcome_miss_final_state_mse": 0.0016877968959948596,
    "h50/outcome_miss_state_mse": 0.0036754682952282475,
    "h50/outcome_partial_episode_count": 3,
    "h50/outcome_partial_final_state_mse": 0.0017818793459655413,
    "h50/outcome_partial_state_mse": 0.0018111475152907028,
    "h50/outcome_success_episode_count": 3,
    "h50/outcome_success_final_state_mse": 0.0018584918401210136,
    "h50/outcome_success_state_mse": 0.0018243620130750867,
    "h50/selected_mode": "periodic_10",
    "h50/selected_period": 10,
    "h50/state_mse": 0.0023759063521241832,
    "h75/episode_count": 15,
    "h75/final_state_mse": 0.0043737224504059435,
    "h75/outcome_drop_episode_count": 3,
    "h75/outcome_drop_final_state_mse": 0.0035175313698310477,
    "h75/outcome_drop_state_mse": 0.002279233246846916,
    "h75/outcome_jam_episode_count": 3,
    "h75/outcome_jam_final_state_mse": 0.005036932921487522,
    "h75/outcome_jam_state_mse": 0.0028188666383165677,
    "h75/outcome_miss_episode_count": 3,
    "h75/outcome_miss_final_state_mse": 0.005248254907676597,
    "h75/outcome_miss_state_mse": 0.0032668284497229883,
    "h75/outcome_partial_episode_count": 3,
    "h75/outcome_partial_final_state_mse": 0.003480396336979336,
    "h75/outcome_partial_state_mse": 0.002040354535470601,
    "h75/outcome_success_episode_count": 3,
    "h75/outcome_success_final_state_mse": 0.004585498931750752,
    "h75/outcome_success_state_mse": 0.002101426301179109,
    "h75/selected_mode": "periodic_10",
    "h75/selected_period": 10,
    "h75/state_mse": 0.0025013419755923203,
    "max_requested_horizon": 125,
    "periodic_reencode_periods": [
      1,
      2,
      5,
      10,
      20,
      50,
      100
    ],
    "rollout_mode": "best_periodic"
  },
  "checkpoint": "runs/maniskill_insertion/perturbation_e20_5k_lista_refine_20260604_143125/lista_relu_a0p02_sp1em4_loops2/seed2/checkpoint.pt",
  "checkpoint_step": 1500,
  "dataset": "data/maniskill/perturbation_assessment_seed0_e20/all_setups.npz",
  "device": "cuda",
  "family_jaccard": 0.4,
  "horizons": [
    10,
    20,
    30,
    40,
    50,
    75,
    100,
    125
  ],
  "labels_used_for_training": false,
  "periodic_reencode_periods": [
    1,
    2,
    5,
    10,
    20,
    50,
    100
  ],
  "rollout": {
    "episode_count": 15,
    "h10/episode_count": 15,
    "h10/final_state_mse": 0.0025579726773928974,
    "h10/outcome_drop_episode_count": 3,
    "h10/outcome_drop_final_state_mse": 0.002005457184186169,
    "h10/outcome_drop_state_mse": 0.0016318912599600998,
    "h10/outcome_jam_episode_count": 3,
    "h10/outcome_jam_final_state_mse": 0.003316376187832527,
    "h10/outcome_jam_state_mse": 0.0022600923488342683,
    "h10/outcome_miss_episode_count": 3,
    "h10/outcome_miss_final_state_mse": 0.0034978771034409016,
    "h10/outcome_miss_state_mse": 0.010075359406814076,
    "h10/outcome_partial_episode_count": 3,
    "h10/outcome_partial_final_state_mse": 0.0019944278170275533,
    "h10/outcome_partial_state_mse": 0.0015645830265057633,
    "h10/outcome_success_episode_count": 3,
    "h10/outcome_success_final_state_mse": 0.001975725958842078,
    "h10/outcome_success_state_mse": 0.0015738436599182927,
    "h10/state_mse": 0.003421154146880106,
    "h100/episode_count": 15,
    "h100/final_state_mse": 208240.9411764706,
    "h100/outcome_drop_episode_count": 3,
    "h100/outcome_drop_final_state_mse": 155984.4068627451,
    "h100/outcome_drop_state_mse": 7128.9495424836605,
    "h100/outcome_jam_episode_count": 3,
    "h100/outcome_jam_final_state_mse": 167740.85130718953,
    "h100/outcome_jam_state_mse": 7596.328300653595,
    "h100/outcome_miss_episode_count": 3,
    "h100/outcome_miss_final_state_mse": 401081.17647058825,
    "h100/outcome_miss_state_mse": 19246.827450980392,
    "h100/outcome_partial_episode_count": 3,
    "h100/outcome_partial_final_state_mse": 158582.53267973856,
    "h100/outcome_partial_state_mse": 7190.948235294118,
    "h100/outcome_success_episode_count": 3,
    "h100/outcome_success_final_state_mse": 157815.69607843139,
    "h100/outcome_success_state_mse": 7176.539673202615,
    "h100/state_mse": 9667.918640522876,
    "h125/episode_count": 15,
    "h125/final_state_mse": 121699259.73333333,
    "h125/outcome_drop_episode_count": 3,
    "h125/outcome_drop_final_state_mse": 63316624.732026145,
    "h125/outcome_drop_state_mse": 2409538.4194509806,
    "h125/outcome_jam_episode_count": 3,
    "h125/outcome_jam_final_state_mse": 67823372.5490196,
    "h125/outcome_jam_state_mse": 2587072.1505882354,
    "h125/outcome_miss_episode_count": 3,
    "h125/outcome_miss_final_state_mse": 348635276.54901963,
    "h125/outcome_miss_state_mse": 11366994.321568627,
    "h125/outcome_partial_episode_count": 3,
    "h125/outcome_partial_final_state_mse": 64517426.196078435,
    "h125/outcome_partial_state_mse": 2460924.7606797386,
    "h125/outcome_success_episode_count": 3,
    "h125/outcome_success_final_state_mse": 64203560.5751634,
    "h125/outcome_success_state_mse": 2446997.035503268,
    "h125/state_mse": 4254305.848888889,
    "h20/episode_count": 15,
    "h20/final_state_mse": 0.008960722630320031,
    "h20/outcome_drop_episode_count": 3,
    "h20/outcome_drop_final_state_mse": 0.008062497365708444,
    "h20/outcome_drop_state_mse": 0.0030986436052260055,
    "h20/outcome_jam_episode_count": 3,
    "h20/outcome_jam_final_state_mse": 0.00839287286100824,
    "h20/outcome_jam_state_mse": 0.003625917902179793,
    "h20/outcome_miss_episode_count": 3,
    "h20/outcome_miss_final_state_mse": 0.012475892998813803,
    "h20/outcome_miss_state_mse": 0.008578080756991518,
    "h20/outcome_partial_episode_count": 3,
    "h20/outcome_partial_final_state_mse": 0.007952856764294743,
    "h20/outcome_partial_state_mse": 0.0030381872373468734,
    "h20/outcome_success_episode_count": 3,
    "h20/outcome_success_final_state_mse": 0.007919494914852715,
    "h20/outcome_success_state_mse": 0.003045247972401139,
    "h20/state_mse": 0.004277215596118005,
    "h30/episode_count": 15,
    "h30/final_state_mse": 0.03503515954111137,
    "h30/outcome_drop_episode_count": 3,
    "h30/outcome_drop_final_state_mse": 0.029331779557895038,
    "h30/outcome_drop_state_mse": 0.007846468466299552,
    "h30/outcome_jam_episode_count": 3,
    "h30/outcome_jam_final_state_mse": 0.031499046905367985,
    "h30/outcome_jam_state_mse": 0.008468670626870947,
    "h30/outcome_miss_episode_count": 3,
    "h30/outcome_miss_final_state_mse": 0.054902762369392746,
    "h30/outcome_miss_state_mse": 0.01631074190659201,
    "h30/outcome_partial_episode_count": 3,
    "h30/outcome_partial_final_state_mse": 0.02969626390856076,
    "h30/outcome_partial_state_mse": 0.007774505739897684,
    "h30/outcome_success_episode_count": 3,
    "h30/outcome_success_final_state_mse": 0.0297459523662243,
    "h30/outcome_success_state_mse": 0.007780321698822487,
    "h30/state_mse": 0.009636141376038262,
    "h40/episode_count": 15,
    "h40/final_state_mse": 0.1765072492213031,
    "h40/outcome_drop_episode_count": 3,
    "h40/outcome_drop_final_state_mse": 0.09847016895518583,
    "h40/outcome_drop_state_mse": 0.020194748959510154,
    "h40/outcome_jam_episode_count": 3,
    "h40/outcome_jam_final_state_mse": 0.10763355485754075,
    "h40/outcome_jam_state_mse": 0.022354273079267514,
    "h40/outcome_miss_episode_count": 3,
    "h40/outcome_miss_final_state_mse": 0.4544398924883674,
    "h40/outcome_miss_state_mse": 0.05898154202629538,
    "h40/outcome_partial_episode_count": 3,
    "h40/outcome_partial_final_state_mse": 0.11046995680316601,
    "h40/outcome_partial_state_mse": 0.021453504936367856,
    "h40/outcome_success_episode_count": 3,
    "h40/outcome_success_final_state_mse": 0.1115226776771296,
    "h40/outcome_success_state_mse": 0.021473579469069935,
    "h40/state_mse": 0.028891525767207923,
    "h50/episode_count": 15,
    "h50/final_state_mse": 2.304389265471814,
    "h50/outcome_drop_episode_count": 3,
    "h50/outcome_drop_final_state_mse": 1.2402660020815781,
    "h50/outcome_drop_state_mse": 0.11547730888416564,
    "h50/outcome_jam_episode_count": 3,
    "h50/outcome_jam_final_state_mse": 1.2894599390964883,
    "h50/outcome_jam_state_mse": 0.12024301167407067,
    "h50/outcome_miss_episode_count": 3,
    "h50/outcome_miss_final_state_mse": 6.301562440161612,
    "h50/outcome_miss_state_mse": 0.569745662913603,
    "h50/outcome_partial_episode_count": 3,
    "h50/outcome_partial_final_state_mse": 1.3377371146008858,
    "h50/outcome_partial_state_mse": 0.12320504381765728,
    "h50/outcome_success_episode_count": 3,
    "h50/outcome_success_final_state_mse": 1.352920444962246,
    "h50/outcome_success_state_mse": 0.1244874463050194,
    "h50/state_mse": 0.2106317018995098,
    "h75/episode_count": 15,
    "h75/final_state_mse": 485.1279820261438,
    "h75/outcome_drop_episode_count": 3,
    "h75/outcome_drop_final_state_mse": 350.4625427645016,
    "h75/outcome_drop_state_mse": 24.478412990196077,
    "h75/outcome_jam_episode_count": 3,
    "h75/outcome_jam_final_state_mse": 346.6804406658497,
    "h75/outcome_jam_state_mse": 24.133857911220044,
    "h75/outcome_miss_episode_count": 3,
    "h75/outcome_miss_final_state_mse": 1051.1749897875818,
    "h75/outcome_miss_state_mse": 73.24956699346406,
    "h75/outcome_partial_episode_count": 3,
    "h75/outcome_partial_final_state_mse": 334.5442708333333,
    "h75/outcome_partial_state_mse": 23.350538534858387,
    "h75/outcome_success_episode_count": 3,
    "h75/outcome_success_final_state_mse": 342.77788628472223,
    "h75/outcome_success_state_mse": 23.89184572440087,
    "h75/state_mse": 33.82084531590414,
    "max_requested_horizon": 125,
    "reencode_period": null,
    "rollout_mode": "no_reencode"
  },
  "rollout_modes": {
    "no_reencode": {
      "episode_count": 15,
      "h10/episode_count": 15,
      "h10/final_state_mse": 0.0025579726773928974,
      "h10/outcome_drop_episode_count": 3,
      "h10/outcome_drop_final_state_mse": 0.002005457184186169,
      "h10/outcome_drop_state_mse": 0.0016318912599600998,
      "h10/outcome_jam_episode_count": 3,
      "h10/outcome_jam_final_state_mse": 0.003316376187832527,
      "h10/outcome_jam_state_mse": 0.0022600923488342683,
      "h10/outcome_miss_episode_count": 3,
      "h10/outcome_miss_final_state_mse": 0.0034978771034409016,
      "h10/outcome_miss_state_mse": 0.010075359406814076,
      "h10/outcome_partial_episode_count": 3,
      "h10/outcome_partial_final_state_mse": 0.0019944278170275533,
      "h10/outcome_partial_state_mse": 0.0015645830265057633,
      "h10/outcome_success_episode_count": 3,
      "h10/outcome_success_final_state_mse": 0.001975725958842078,
      "h10/outcome_success_state_mse": 0.0015738436599182927,
      "h10/state_mse": 0.003421154146880106,
      "h100/episode_count": 15,
      "h100/final_state_mse": 208240.9411764706,
      "h100/outcome_drop_episode_count": 3,
      "h100/outcome_drop_final_state_mse": 155984.4068627451,
      "h100/outcome_drop_state_mse": 7128.9495424836605,
      "h100/outcome_jam_episode_count": 3,
      "h100/outcome_jam_final_state_mse": 167740.85130718953,
      "h100/outcome_jam_state_mse": 7596.328300653595,
      "h100/outcome_miss_episode_count": 3,
      "h100/outcome_miss_final_state_mse": 401081.17647058825,
      "h100/outcome_miss_state_mse": 19246.827450980392,
      "h100/outcome_partial_episode_count": 3,
      "h100/outcome_partial_final_state_mse": 158582.53267973856,
      "h100/outcome_partial_state_mse": 7190.948235294118,
      "h100/outcome_success_episode_count": 3,
      "h100/outcome_success_final_state_mse": 157815.69607843139,
      "h100/outcome_success_state_mse": 7176.539673202615,
      "h100/state_mse": 9667.918640522876,
      "h125/episode_count": 15,
      "h125/final_state_mse": 121699259.73333333,
      "h125/outcome_drop_episode_count": 3,
      "h125/outcome_drop_final_state_mse": 63316624.732026145,
      "h125/outcome_drop_state_mse": 2409538.4194509806,
      "h125/outcome_jam_episode_count": 3,
      "h125/outcome_jam_final_state_mse": 67823372.5490196,
      "h125/outcome_jam_state_mse": 2587072.1505882354,
      "h125/outcome_miss_episode_count": 3,
      "h125/outcome_miss_final_state_mse": 348635276.54901963,
      "h125/outcome_miss_state_mse": 11366994.321568627,
      "h125/outcome_partial_episode_count": 3,
      "h125/outcome_partial_final_state_mse": 64517426.196078435,
      "h125/outcome_partial_state_mse": 2460924.7606797386,
      "h125/outcome_success_episode_count": 3,
      "h125/outcome_success_final_state_mse": 64203560.5751634,
      "h125/outcome_success_state_mse": 2446997.035503268,
      "h125/state_mse": 4254305.848888889,
      "h20/episode_count": 15,
      "h20/final_state_mse": 0.008960722630320031,
      "h20/outcome_drop_episode_count": 3,
      "h20/outcome_drop_final_state_mse": 0.008062497365708444,
      "h20/outcome_drop_state_mse": 0.0030986436052260055,
      "h20/outcome_jam_episode_count": 3,
      "h20/outcome_jam_final_state_mse": 0.00839287286100824,
      "h20/outcome_jam_state_mse": 0.003625917902179793,
      "h20/outcome_miss_episode_count": 3,
      "h20/outcome_miss_final_state_mse": 0.012475892998813803,
      "h20/outcome_miss_state_mse": 0.008578080756991518,
      "h20/outcome_partial_episode_count": 3,
      "h20/outcome_partial_final_state_mse": 0.007952856764294743,
      "h20/outcome_partial_state_mse": 0.0030381872373468734,
      "h20/outcome_success_episode_count": 3,
      "h20/outcome_success_final_state_mse": 0.007919494914852715,
      "h20/outcome_success_state_mse": 0.003045247972401139,
      "h20/state_mse": 0.004277215596118005,
      "h30/episode_count": 15,
      "h30/final_state_mse": 0.03503515954111137,
      "h30/outcome_drop_episode_count": 3,
      "h30/outcome_drop_final_state_mse": 0.029331779557895038,
      "h30/outcome_drop_state_mse": 0.007846468466299552,
      "h30/outcome_jam_episode_count": 3,
      "h30/outcome_jam_final_state_mse": 0.031499046905367985,
      "h30/outcome_jam_state_mse": 0.008468670626870947,
      "h30/outcome_miss_episode_count": 3,
      "h30/outcome_miss_final_state_mse": 0.054902762369392746,
      "h30/outcome_miss_state_mse": 0.01631074190659201,
      "h30/outcome_partial_episode_count": 3,
      "h30/outcome_partial_final_state_mse": 0.02969626390856076,
      "h30/outcome_partial_state_mse": 0.007774505739897684,
      "h30/outcome_success_episode_count": 3,
      "h30/outcome_success_final_state_mse": 0.0297459523662243,
      "h30/outcome_success_state_mse": 0.007780321698822487,
      "h30/state_mse": 0.009636141376038262,
      "h40/episode_count": 15,
      "h40/final_state_mse": 0.1765072492213031,
      "h40/outcome_drop_episode_count": 3,
      "h40/outcome_drop_final_state_mse": 0.09847016895518583,
      "h40/outcome_drop_state_mse": 0.020194748959510154,
      "h40/outcome_jam_episode_count": 3,
      "h40/outcome_jam_final_state_mse": 0.10763355485754075,
      "h40/outcome_jam_state_mse": 0.022354273079267514,
      "h40/outcome_miss_episode_count": 3,
      "h40/outcome_miss_final_state_mse": 0.4544398924883674,
      "h40/outcome_miss_state_mse": 0.05898154202629538,
      "h40/outcome_partial_episode_count": 3,
      "h40/outcome_partial_final_state_mse": 0.11046995680316601,
      "h40/outcome_partial_state_mse": 0.021453504936367856,
      "h40/outcome_success_episode_count": 3,
      "h40/outcome_success_final_state_mse": 0.1115226776771296,
      "h40/outcome_success_state_mse": 0.021473579469069935,
      "h40/state_mse": 0.028891525767207923,
      "h50/episode_count": 15,
      "h50/final_state_mse": 2.304389265471814,
      "h50/outcome_drop_episode_count": 3,
      "h50/outcome_drop_final_state_mse": 1.2402660020815781,
      "h50/outcome_drop_state_mse": 0.11547730888416564,
      "h50/outcome_jam_episode_count": 3,
      "h50/outcome_jam_final_state_mse": 1.2894599390964883,
      "h50/outcome_jam_state_mse": 0.12024301167407067,
      "h50/outcome_miss_episode_count": 3,
      "h50/outcome_miss_final_state_mse": 6.301562440161612,
      "h50/outcome_miss_state_mse": 0.569745662913603,
      "h50/outcome_partial_episode_count": 3,
      "h50/outcome_partial_final_state_mse": 1.3377371146008858,
      "h50/outcome_partial_state_mse": 0.12320504381765728,
      "h50/outcome_success_episode_count": 3,
      "h50/outcome_success_final_state_mse": 1.352920444962246,
      "h50/outcome_success_state_mse": 0.1244874463050194,
      "h50/state_mse": 0.2106317018995098,
      "h75/episode_count": 15,
      "h75/final_state_mse": 485.1279820261438,
      "h75/outcome_drop_episode_count": 3,
      "h75/outcome_drop_final_state_mse": 350.4625427645016,
      "h75/outcome_drop_state_mse": 24.478412990196077,
      "h75/outcome_jam_episode_count": 3,
      "h75/outcome_jam_final_state_mse": 346.6804406658497,
      "h75/outcome_jam_state_mse": 24.133857911220044,
      "h75/outcome_miss_episode_count": 3,
      "h75/outcome_miss_final_state_mse": 1051.1749897875818,
      "h75/outcome_miss_state_mse": 73.24956699346406,
      "h75/outcome_partial_episode_count": 3,
      "h75/outcome_partial_final_state_mse": 334.5442708333333,
      "h75/outcome_partial_state_mse": 23.350538534858387,
      "h75/outcome_success_episode_count": 3,
      "h75/outcome_success_final_state_mse": 342.77788628472223,
      "h75/outcome_success_state_mse": 23.89184572440087,
      "h75/state_mse": 33.82084531590414,
      "max_requested_horizon": 125,
      "reencode_period": null,
      "rollout_mode": "no_reencode"
    },
    "periodic_1": {
      "episode_count": 15,
      "h10/episode_count": 15,
      "h10/final_state_mse": 0.002997931935428794,
      "h10/outcome_drop_episode_count": 3,
      "h10/outcome_drop_final_state_mse": 0.0018480868364860808,
      "h10/outcome_drop_state_mse": 0.0016412086736143025,
      "h10/outcome_jam_episode_count": 3,
      "h10/outcome_jam_final_state_mse": 0.0025939467101315267,
      "h10/outcome_jam_state_mse": 0.0022015319151036878,
      "h10/outcome_miss_episode_count": 3,
      "h10/outcome_miss_final_state_mse": 0.00668836039265776,
      "h10/outcome_miss_state_mse": 0.012585835830838072,
      "h10/outcome_partial_episode_count": 3,
      "h10/outcome_partial_final_state_mse": 0.0019313398188625286,
      "h10/outcome_partial_state_mse": 0.0015631512099621343,
      "h10/outcome_success_episode_count": 3,
      "h10/outcome_success_final_state_mse": 0.0019279244581079172,
      "h10/outcome_success_state_mse": 0.001585354563457514,
      "h10/state_mse": 0.00391541649313534,
      "h100/episode_count": 15,
      "h100/final_state_mse": 0.006246427149554483,
      "h100/outcome_drop_episode_count": 3,
      "h100/outcome_drop_final_state_mse": 0.008664901009182525,
      "h100/outcome_drop_state_mse": 0.0053313388699799584,
      "h100/outcome_jam_episode_count": 3,
      "h100/outcome_jam_final_state_mse": 0.007036139957265916,
      "h100/outcome_jam_state_mse": 0.004184603722266902,
      "h100/outcome_miss_episode_count": 3,
      "h100/outcome_miss_final_state_mse": 0.005909513803868512,
      "h100/outcome_miss_state_mse": 0.005563806521347145,
      "h100/outcome_partial_episode_count": 3,
      "h100/outcome_partial_final_state_mse": 0.004328511411847632,
      "h100/outcome_partial_state_mse": 0.003103625104318257,
      "h100/outcome_success_episode_count": 3,
      "h100/outcome_success_final_state_mse": 0.005293067471653807,
      "h100/outcome_success_state_mse": 0.003431148778379353,
      "h100/state_mse": 0.00432290430006638,
      "h125/episode_count": 15,
      "h125/final_state_mse": 0.008362664116753472,
      "h125/outcome_drop_episode_count": 3,
      "h125/outcome_drop_final_state_mse": 0.008425472219005909,
      "h125/outcome_drop_state_mse": 0.0061049916385825164,
      "h125/outcome_jam_episode_count": 3,
      "h125/outcome_jam_final_state_mse": 0.010136034169228248,
      "h125/outcome_jam_state_mse": 0.005285761016646242,
      "h125/outcome_miss_episode_count": 3,
      "h125/outcome_miss_final_state_mse": 0.013760418089386684,
      "h125/outcome_miss_state_mse": 0.006272382748672385,
      "h125/outcome_partial_episode_count": 3,
      "h125/outcome_partial_final_state_mse": 0.0044657886028289795,
      "h125/outcome_partial_state_mse": 0.0033628302680121526,
      "h125/outcome_success_episode_count": 3,
      "h125/outcome_success_final_state_mse": 0.0050256041919483855,
      "h125/outcome_success_state_mse": 0.003885425991482205,
      "h125/state_mse": 0.004982278582005719,
      "h20/episode_count": 15,
      "h20/final_state_mse": 0.00449778924580493,
      "h20/outcome_drop_episode_count": 3,
      "h20/outcome_drop_final_state_mse": 0.004130243768099866,
      "h20/outcome_drop_state_mse": 0.0025068279185326272,
      "h20/outcome_jam_episode_count": 3,
      "h20/outcome_jam_final_state_mse": 0.004544860592075423,
      "h20/outcome_jam_state_mse": 0.0030300245565526625,
      "h20/outcome_miss_episode_count": 3,
      "h20/outcome_miss_final_state_mse": 0.006050916181670295,
      "h20/outcome_miss_state_mse": 0.009577316552205803,
      "h20/outcome_partial_episode_count": 3,
      "h20/outcome_partial_final_state_mse": 0.0038654081572115032,
      "h20/outcome_partial_state_mse": 0.0024422964239432144,
      "h20/outcome_success_episode_count": 3,
      "h20/outcome_success_final_state_mse": 0.0038975170916981166,
      "h20/outcome_success_state_mse": 0.002458781705183141,
      "h20/state_mse": 0.004003049563738256,
      "h30/episode_count": 15,
      "h30/final_state_mse": 0.0038854299807081034,
      "h30/outcome_drop_episode_count": 3,
      "h30/outcome_drop_final_state_mse": 0.0033939017189873587,
      "h30/outcome_drop_state_mse": 0.0028859742326674117,
      "h30/outcome_jam_episode_count": 3,
      "h30/outcome_jam_final_state_mse": 0.004315760351863562,
      "h30/outcome_jam_state_mse": 0.0033931644393987385,
      "h30/outcome_miss_episode_count": 3,
      "h30/outcome_miss_final_state_mse": 0.004692210968023811,
      "h30/outcome_miss_state_mse": 0.008209407095815621,
      "h30/outcome_partial_episode_count": 3,
      "h30/outcome_partial_final_state_mse": 0.0034694933131629345,
      "h30/outcome_partial_state_mse": 0.002813099957759084,
      "h30/outcome_success_episode_count": 3,
      "h30/outcome_success_final_state_mse": 0.003555782894098681,
      "h30/outcome_success_state_mse": 0.0028274981284712912,
      "h30/state_mse": 0.004025828708490775,
      "h40/episode_count": 15,
      "h40/final_state_mse": 0.003570286121243745,
      "h40/outcome_drop_episode_count": 3,
      "h40/outcome_drop_final_state_mse": 0.003566769408244713,
      "h40/outcome_drop_state_mse": 0.0031415654163734585,
      "h40/outcome_jam_episode_count": 3,
      "h40/outcome_jam_final_state_mse": 0.0030611560625188492,
      "h40/outcome_jam_state_mse": 0.003450149258756949,
      "h40/outcome_miss_episode_count": 3,
      "h40/outcome_miss_final_state_mse": 0.004996521702778885,
      "h40/outcome_miss_state_mse": 0.007345698394027411,
      "h40/outcome_partial_episode_count": 3,
      "h40/outcome_partial_final_state_mse": 0.003116171247039745,
      "h40/outcome_partial_state_mse": 0.002894575728310479,
      "h40/outcome_success_episode_count": 3,
      "h40/outcome_success_final_state_mse": 0.003110812039546717,
      "h40/outcome_success_state_mse": 0.0029148588772692713,
      "h40/state_mse": 0.00394936954273897,
      "h50/episode_count": 15,
      "h50/final_state_mse": 0.0039659468956242975,
      "h50/outcome_drop_episode_count": 3,
      "h50/outcome_drop_final_state_mse": 0.005652624699804518,
      "h50/outcome_drop_state_mse": 0.0035937356637194265,
      "h50/outcome_jam_episode_count": 3,
      "h50/outcome_jam_final_state_mse": 0.003603778438630447,
      "h50/outcome_jam_state_mse": 0.0035526111079197302,
      "h50/outcome_miss_episode_count": 3,
      "h50/outcome_miss_final_state_mse": 0.004516851911747378,
      "h50/outcome_miss_state_mse": 0.0068891298381331696,
      "h50/outcome_partial_episode_count": 3,
      "h50/outcome_partial_final_state_mse": 0.0030143593066658068,
      "h50/outcome_partial_state_mse": 0.002958643794838899,
      "h50/outcome_success_episode_count": 3,
      "h50/outcome_success_final_state_mse": 0.003042120608239392,
      "h50/outcome_success_state_mse": 0.0029782295538709055,
      "h50/state_mse": 0.003994470135059232,
      "h75/episode_count": 15,
      "h75/final_state_mse": 0.005556258033303654,
      "h75/outcome_drop_episode_count": 3,
      "h75/outcome_drop_final_state_mse": 0.007848832829325808,
      "h75/outcome_drop_state_mse": 0.004539647736061113,
      "h75/outcome_jam_episode_count": 3,
      "h75/outcome_jam_final_state_mse": 0.005103065589674158,
      "h75/outcome_jam_state_mse": 0.0037295852195723123,
      "h75/outcome_miss_episode_count": 3,
      "h75/outcome_miss_final_state_mse": 0.006086357010930192,
      "h75/outcome_miss_state_mse": 0.0058081305676296125,
      "h75/outcome_partial_episode_count": 3,
      "h75/outcome_partial_final_state_mse": 0.0035350872021095423,
      "h75/outcome_partial_state_mse": 0.003029114716972401,
      "h75/outcome_success_episode_count": 3,
      "h75/outcome_success_final_state_mse": 0.005207948873635211,
      "h75/outcome_success_state_mse": 0.003115948529544739,
      "h75/state_mse": 0.004044485719635076,
      "max_requested_horizon": 125,
      "reencode_period": 1,
      "rollout_mode": "periodic_1"
    },
    "periodic_10": {
      "episode_count": 15,
      "h10/episode_count": 15,
      "h10/final_state_mse": 0.0025579726773928974,
      "h10/outcome_drop_episode_count": 3,
      "h10/outcome_drop_final_state_mse": 0.0020054570380963533,
      "h10/outcome_drop_state_mse": 0.0016318907535154057,
      "h10/outcome_jam_episode_count": 3,
      "h10/outcome_jam_final_state_mse": 0.0033163755547766594,
      "h10/outcome_jam_state_mse": 0.00226009273840711,
      "h10/outcome_miss_episode_count": 3,
      "h10/outcome_miss_final_state_mse": 0.003497877639103559,
      "h10/outcome_miss_state_mse": 0.010075359562643214,
      "h10/outcome_partial_episode_count": 3,
      "h10/outcome_partial_final_state_mse": 0.00199442703788187,
      "h10/outcome_partial_state_mse": 0.0015645831238989736,
      "h10/outcome_success_episode_count": 3,
      "h10/outcome_success_final_state_mse": 0.0019757265310271894,
      "h10/outcome_success_state_mse": 0.0015738437378328611,
      "h10/state_mse": 0.003421154146880106,
      "h100/episode_count": 15,
      "h100/final_state_mse": 0.002990193148843603,
      "h100/outcome_drop_episode_count": 3,
      "h100/outcome_drop_final_state_mse": 0.0031758184526480882,
      "h100/outcome_drop_state_mse": 0.0024441783880096634,
      "h100/outcome_jam_episode_count": 3,
      "h100/outcome_jam_final_state_mse": 0.00335749725695529,
      "h100/outcome_jam_state_mse": 0.0029365166807486342,
      "h100/outcome_miss_episode_count": 3,
      "h100/outcome_miss_final_state_mse": 0.0021721032368980982,
      "h100/outcome_miss_state_mse": 0.0030826910804299746,
      "h100/outcome_partial_episode_count": 3,
      "h100/outcome_partial_final_state_mse": 0.0022417396014811947,
      "h100/outcome_partial_state_mse": 0.0020444541818955366,
      "h100/outcome_success_episode_count": 3,
      "h100/outcome_success_final_state_mse": 0.004003807658853094,
      "h100/outcome_success_state_mse": 0.002374451269511304,
      "h100/state_mse": 0.0025764583014195263,
      "h125/episode_count": 15,
      "h125/final_state_mse": 0.0036612074359569672,
      "h125/outcome_drop_episode_count": 3,
      "h125/outcome_drop_final_state_mse": 0.004545302075498244,
      "h125/outcome_drop_state_mse": 0.00271072407641442,
      "h125/outcome_jam_episode_count": 3,
      "h125/outcome_jam_final_state_mse": 0.005177204515419754,
      "h125/outcome_jam_state_mse": 0.003218728508045471,
      "h125/outcome_miss_episode_count": 3,
      "h125/outcome_miss_final_state_mse": 0.0028926609388363906,
      "h125/outcome_miss_state_mse": 0.0029888830745921414,
      "h125/outcome_partial_episode_count": 3,
      "h125/outcome_partial_final_state_mse": 0.002178487702717189,
      "h125/outcome_partial_state_mse": 0.0020820502985536664,
      "h125/outcome_success_episode_count": 3,
      "h125/outcome_success_final_state_mse": 0.0035123816551336277,
      "h125/outcome_success_state_mse": 0.002595218384187985,
      "h125/state_mse": 0.0027191208384395424,
      "h20/episode_count": 15,
      "h20/final_state_mse": 0.0022617326063268323,
      "h20/outcome_drop_episode_count": 3,
      "h20/outcome_drop_final_state_mse": 0.002117201710253759,
      "h20/outcome_drop_state_mse": 0.0017487455622043485,
      "h20/outcome_jam_episode_count": 3,
      "h20/outcome_jam_final_state_mse": 0.0025894975934932433,
      "h20/outcome_jam_state_mse": 0.0023498673454608794,
      "h20/outcome_miss_episode_count": 3,
      "h20/outcome_miss_final_state_mse": 0.002575897800376992,
      "h20/outcome_miss_state_mse": 0.006411284247255014,
      "h20/outcome_partial_episode_count": 3,
      "h20/outcome_partial_final_state_mse": 0.0020138092485128666,
      "h20/outcome_partial_state_mse": 0.001687504205049253,
      "h20/outcome_success_episode_count": 3,
      "h20/outcome_success_final_state_mse": 0.0020122568007388147,
      "h20/outcome_success_state_mse": 0.0016945071080151726,
      "h20/state_mse": 0.0027783821455014297,
      "h30/episode_count": 15,
      "h30/final_state_mse": 0.0020558877708086003,
      "h30/outcome_drop_episode_count": 3,
      "h30/outcome_drop_final_state_mse": 0.002003843975222968,
      "h30/outcome_drop_state_mse": 0.0018390478651508007,
      "h30/outcome_jam_episode_count": 3,
      "h30/outcome_jam_final_state_mse": 0.002427415544885436,
      "h30/outcome_jam_state_mse": 0.0024283646498370532,
      "h30/outcome_miss_episode_count": 3,
      "h30/outcome_miss_final_state_mse": 0.0017721715316273807,
      "h30/outcome_miss_state_mse": 0.004987085774573366,
      "h30/outcome_partial_episode_count": 3,
      "h30/outcome_partial_final_state_mse": 0.0019986681104485504,
      "h30/outcome_partial_state_mse": 0.0017660554977284018,
      "h30/outcome_success_episode_count": 3,
      "h30/outcome_success_final_state_mse": 0.0020773392048926134,
      "h30/outcome_success_state_mse": 0.0017737313553139015,
      "h30/state_mse": 0.0025588570389093136,
      "h40/episode_count": 15,
      "h40/final_state_mse": 0.0018277409809087616,
      "h40/outcome_drop_episode_count": 3,
      "h40/outcome_drop_final_state_mse": 0.001905336635175094,
      "h40/outcome_drop_state_mse": 0.001955406611261804,
      "h40/outcome_jam_episode_count": 3,
      "h40/outcome_jam_final_state_mse": 0.0020060278475284576,
      "h40/outcome_jam_state_mse": 0.002407520853616054,
      "h40/outcome_miss_episode_count": 3,
      "h40/outcome_miss_final_state_mse": 0.0014996077938407076,
      "h40/outcome_miss_state_mse": 0.004179491794187259,
      "h40/outcome_partial_episode_count": 3,
      "h40/outcome_partial_final_state_mse": 0.0018723022217064901,
      "h40/outcome_partial_state_mse": 0.001779994660732793,
      "h40/outcome_success_episode_count": 3,
      "h40/outcome_success_final_state_mse": 0.0018554303575964535,
      "h40/outcome_success_state_mse": 0.00178922488798503,
      "h40/state_mse": 0.00242232802646612,
      "h50/episode_count": 15,
      "h50/final_state_mse": 0.002087445508420857,
      "h50/outcome_drop_episode_count": 3,
      "h50/outcome_drop_final_state_mse": 0.002220481755881528,
      "h50/outcome_drop_state_mse": 0.0020946200688680013,
      "h50/outcome_jam_episode_count": 3,
      "h50/outcome_jam_final_state_mse": 0.002888577314568501,
      "h50/outcome_jam_state_mse": 0.0024739330266815387,
      "h50/outcome_miss_episode_count": 3,
      "h50/outcome_miss_final_state_mse": 0.0016877968959948596,
      "h50/outcome_miss_state_mse": 0.0036754682952282475,
      "h50/outcome_partial_episode_count": 3,
      "h50/outcome_partial_final_state_mse": 0.0017818793459655413,
      "h50/outcome_partial_state_mse": 0.0018111475152907028,
      "h50/outcome_success_episode_count": 3,
      "h50/outcome_success_final_state_mse": 0.0018584918401210136,
      "h50/outcome_success_state_mse": 0.0018243620130750867,
      "h50/state_mse": 0.0023759063521241832,
      "h75/episode_count": 15,
      "h75/final_state_mse": 0.0043737224504059435,
      "h75/outcome_drop_episode_count": 3,
      "h75/outcome_drop_final_state_mse": 0.0035175313698310477,
      "h75/outcome_drop_state_mse": 0.002279233246846916,
      "h75/outcome_jam_episode_count": 3,
      "h75/outcome_jam_final_state_mse": 0.005036932921487522,
      "h75/outcome_jam_state_mse": 0.0028188666383165677,
      "h75/outcome_miss_episode_count": 3,
      "h75/outcome_miss_final_state_mse": 0.005248254907676597,
      "h75/outcome_miss_state_mse": 0.0032668284497229883,
      "h75/outcome_partial_episode_count": 3,
      "h75/outcome_partial_final_state_mse": 0.003480396336979336,
      "h75/outcome_partial_state_mse": 0.002040354535470601,
      "h75/outcome_success_episode_count": 3,
      "h75/outcome_success_final_state_mse": 0.004585498931750752,
      "h75/outcome_success_state_mse": 0.002101426301179109,
      "h75/state_mse": 0.0025013419755923203,
      "max_requested_horizon": 125,
      "reencode_period": 10,
      "rollout_mode": "periodic_10"
    },
    "periodic_100": {
      "episode_count": 15,
      "h10/episode_count": 15,
      "h10/final_state_mse": 0.0025579726773928974,
      "h10/outcome_drop_episode_count": 3,
      "h10/outcome_drop_final_state_mse": 0.0020054570380963533,
      "h10/outcome_drop_state_mse": 0.0016318907535154057,
      "h10/outcome_jam_episode_count": 3,
      "h10/outcome_jam_final_state_mse": 0.0033163755547766594,
      "h10/outcome_jam_state_mse": 0.00226009273840711,
      "h10/outcome_miss_episode_count": 3,
      "h10/outcome_miss_final_state_mse": 0.003497877639103559,
      "h10/outcome_miss_state_mse": 0.010075359562643214,
      "h10/outcome_partial_episode_count": 3,
      "h10/outcome_partial_final_state_mse": 0.00199442703788187,
      "h10/outcome_partial_state_mse": 0.0015645831238989736,
      "h10/outcome_success_episode_count": 3,
      "h10/outcome_success_final_state_mse": 0.0019757265310271894,
      "h10/outcome_success_state_mse": 0.0015738437378328611,
      "h10/state_mse": 0.003421154146880106,
      "h100/episode_count": 15,
      "h100/final_state_mse": 208240.92026143792,
      "h100/outcome_drop_episode_count": 3,
      "h100/outcome_drop_final_state_mse": 155984.41993464052,
      "h100/outcome_drop_state_mse": 7128.949934640523,
      "h100/outcome_jam_episode_count": 3,
      "h100/outcome_jam_final_state_mse": 167740.8545751634,
      "h100/outcome_jam_state_mse": 7596.328954248366,
      "h100/outcome_miss_episode_count": 3,
      "h100/outcome_miss_final_state_mse": 401081.09803921566,
      "h100/outcome_miss_state_mse": 19246.82954248366,
      "h100/outcome_partial_episode_count": 3,
      "h100/outcome_partial_final_state_mse": 158582.56045751635,
      "h100/outcome_partial_state_mse": 7190.948823529412,
      "h100/outcome_success_episode_count": 3,
      "h100/outcome_success_final_state_mse": 157815.6977124183,
      "h100/outcome_success_state_mse": 7176.539673202615,
      "h100/state_mse": 9667.918640522876,
      "h125/episode_count": 15,
      "h125/final_state_mse": 104611.49281045752,
      "h125/outcome_drop_episode_count": 3,
      "h125/outcome_drop_final_state_mse": 71290.49387254902,
      "h125/outcome_drop_state_mse": 10921.09385620915,
      "h125/outcome_jam_episode_count": 3,
      "h125/outcome_jam_final_state_mse": 72626.2920751634,
      "h125/outcome_jam_state_mse": 11384.034718954248,
      "h125/outcome_miss_episode_count": 3,
      "h125/outcome_miss_final_state_mse": 240005.6045751634,
      "h125/outcome_miss_state_mse": 31403.35351633987,
      "h125/outcome_partial_episode_count": 3,
      "h125/outcome_partial_final_state_mse": 69323.65522875817,
      "h125/outcome_partial_state_mse": 10879.0634248366,
      "h125/outcome_success_episode_count": 3,
      "h125/outcome_success_final_state_mse": 69811.43504901961,
      "h125/outcome_success_state_mse": 10889.091032679738,
      "h125/state_mse": 15095.32745620915,
      "h20/episode_count": 15,
      "h20/final_state_mse": 0.008960722630320031,
      "h20/outcome_drop_episode_count": 3,
      "h20/outcome_drop_final_state_mse": 0.008062499410965863,
      "h20/outcome_drop_state_mse": 0.0030986433714823005,
      "h20/outcome_jam_episode_count": 3,
      "h20/outcome_jam_final_state_mse": 0.008392874127119974,
      "h20/outcome_jam_state_mse": 0.0036259178242652244,
      "h20/outcome_miss_episode_count": 3,
      "h20/outcome_miss_final_state_mse": 0.012475889492658229,
      "h20/outcome_miss_state_mse": 0.008578080445333244,
      "h20/outcome_partial_episode_count": 3,
      "h20/outcome_partial_final_state_mse": 0.007952855595576219,
      "h20/outcome_partial_state_mse": 0.0030381871594323054,
      "h20/outcome_success_episode_count": 3,
      "h20/outcome_success_final_state_mse": 0.007919492966988507,
      "h20/outcome_success_state_mse": 0.0030452481282302758,
      "h20/state_mse": 0.004277215596118005,
      "h30/episode_count": 15,
      "h30/final_state_mse": 0.03503516203437755,
      "h30/outcome_drop_episode_count": 3,
      "h30/outcome_drop_final_state_mse": 0.02933178462234198,
      "h30/outcome_drop_state_mse": 0.007846468674071733,
      "h30/outcome_jam_episode_count": 3,
      "h30/outcome_jam_final_state_mse": 0.03149904807408651,
      "h30/outcome_jam_state_mse": 0.008468670730757038,
      "h30/outcome_miss_episode_count": 3,
      "h30/outcome_miss_final_state_mse": 0.05490275925281001,
      "h30/outcome_miss_state_mse": 0.01631074107550328,
      "h30/outcome_partial_episode_count": 3,
      "h30/outcome_partial_final_state_mse": 0.02969626157112371,
      "h30/outcome_partial_state_mse": 0.007774505532125502,
      "h30/outcome_success_episode_count": 3,
      "h30/outcome_success_final_state_mse": 0.02974595898896261,
      "h30/outcome_success_state_mse": 0.007780321802708578,
      "h30/state_mse": 0.009636141376038262,
      "h40/episode_count": 15,
      "h40/final_state_mse": 0.1765072492213031,
      "h40/outcome_drop_episode_count": 3,
      "h40/outcome_drop_final_state_mse": 0.0984702125873441,
      "h40/outcome_drop_state_mse": 0.02019474833619361,
      "h40/outcome_jam_episode_count": 3,
      "h40/outcome_jam_final_state_mse": 0.10763352213342206,
      "h40/outcome_jam_state_mse": 0.022354273079267514,
      "h40/outcome_miss_episode_count": 3,
      "h40/outcome_miss_final_state_mse": 0.454439873788871,
      "h40/outcome_miss_state_mse": 0.058981537039763006,
      "h40/outcome_partial_episode_count": 3,
      "h40/outcome_partial_final_state_mse": 0.11046996147804011,
      "h40/outcome_partial_state_mse": 0.021453502443101673,
      "h40/outcome_success_episode_count": 3,
      "h40/outcome_success_final_state_mse": 0.11152264027813681,
      "h40/outcome_success_state_mse": 0.021473576040828928,
      "h40/state_mse": 0.028891525767207923,
      "h50/episode_count": 15,
      "h50/final_state_mse": 2.3043894250408496,
      "h50/outcome_drop_episode_count": 3,
      "h50/outcome_drop_final_state_mse": 1.2402653039670457,
      "h50/outcome_drop_state_mse": 0.1154773148680045,
      "h50/outcome_jam_episode_count": 3,
      "h50/outcome_jam_final_state_mse": 1.2894595651065601,
      "h50/outcome_jam_state_mse": 0.12024300569023182,
      "h50/outcome_miss_episode_count": 3,
      "h50/outcome_miss_final_state_mse": 6.3015647339665035,
      "h50/outcome_miss_state_mse": 0.5697457586550245,
      "h50/outcome_partial_episode_count": 3,
      "h50/outcome_partial_final_state_mse": 1.337737289129519,
      "h50/outcome_partial_state_mse": 0.12320504780688317,
      "h50/outcome_success_episode_count": 3,
      "h50/outcome_success_final_state_mse": 1.3529209311491524,
      "h50/outcome_success_state_mse": 0.12448745228885826,
      "h50/state_mse": 0.2106317146650327,
      "h75/episode_count": 15,
      "h75/final_state_mse": 485.1279411764706,
      "h75/outcome_drop_episode_count": 3,
      "h75/outcome_drop_final_state_mse": 350.4625427645016,
      "h75/outcome_drop_state_mse": 24.478413671023965,
      "h75/outcome_jam_episode_count": 3,
      "h75/outcome_jam_final_state_mse": 346.68043428308823,
      "h75/outcome_jam_state_mse": 24.133862336601307,
      "h75/outcome_miss_episode_count": 3,
      "h75/outcome_miss_final_state_mse": 1051.1748110702615,
      "h75/outcome_miss_state_mse": 73.2495642701525,
      "h75/outcome_partial_episode_count": 3,
      "h75/outcome_partial_final_state_mse": 334.5443761488971,
      "h75/outcome_partial_state_mse": 23.350534790305012,
      "h75/outcome_success_episode_count": 3,
      "h75/outcome_success_final_state_mse": 342.7777937346814,
      "h75/outcome_success_state_mse": 23.891839937363834,
      "h75/state_mse": 33.820840958605665,
      "max_requested_horizon": 125,
      "reencode_period": 100,
      "rollout_mode": "periodic_100"
    },
    "periodic_2": {
      "episode_count": 15,
      "h10/episode_count": 15,
      "h10/final_state_mse": 0.002373554348166472,
      "h10/outcome_drop_episode_count": 3,
      "h10/outcome_drop_final_state_mse": 0.0014368964760911231,
      "h10/outcome_drop_state_mse": 0.0015066096595689363,
      "h10/outcome_jam_episode_count": 3,
      "h10/outcome_jam_final_state_mse": 0.002169190230322819,
      "h10/outcome_jam_state_mse": 0.0020141480015773397,
      "h10/outcome_miss_episode_count": 3,
      "h10/outcome_miss_final_state_mse": 0.005505142891718671,
      "h10/outcome_miss_state_mse": 0.011507766387041877,
      "h10/outcome_partial_episode_count": 3,
      "h10/outcome_partial_final_state_mse": 0.001360706595423954,
      "h10/outcome_partial_state_mse": 0.001416244576959049,
      "h10/outcome_success_episode_count": 3,
      "h10/outcome_success_final_state_mse": 0.0013958350603097405,
      "h10/outcome_success_state_mse": 0.0014351025515911627,
      "h10/state_mse": 0.003575974009395425,
      "h100/episode_count": 15,
      "h100/final_state_mse": 0.0035626414554571014,
      "h100/outcome_drop_episode_count": 3,
      "h100/outcome_drop_final_state_mse": 0.005822811056585873,
      "h100/outcome_drop_state_mse": 0.003916898677551669,
      "h100/outcome_jam_episode_count": 3,
      "h100/outcome_jam_final_state_mse": 0.002556686015690074,
      "h100/outcome_jam_state_mse": 0.0031079838322658165,
      "h100/outcome_miss_episode_count": 3,
      "h100/outcome_miss_final_state_mse": 0.0036784637889830897,
      "h100/outcome_miss_state_mse": 0.00413967755884906,
      "h100/outcome_partial_episode_count": 3,
      "h100/outcome_partial_final_state_mse": 0.0030673446705917905,
      "h100/outcome_partial_state_mse": 0.0024176462335524216,
      "h100/outcome_success_episode_count": 3,
      "h100/outcome_success_final_state_mse": 0.002687902768063389,
      "h100/outcome_success_state_mse": 0.0025340907090629626,
      "h100/state_mse": 0.0032232590220332923,
      "h125/episode_count": 15,
      "h125/final_state_mse": 0.005143991482803245,
      "h125/outcome_drop_episode_count": 3,
      "h125/outcome_drop_final_state_mse": 0.007098364576794742,
      "h125/outcome_drop_state_mse": 0.004373290118049173,
      "h125/outcome_jam_episode_count": 3,
      "h125/outcome_jam_final_state_mse": 0.00486730633218304,
      "h125/outcome_jam_state_mse": 0.003294019212909773,
      "h125/outcome_miss_episode_count": 3,
      "h125/outcome_miss_final_state_mse": 0.006986703017568276,
      "h125/outcome_miss_state_mse": 0.004404941134982639,
      "h125/outcome_partial_episode_count": 3,
      "h125/outcome_partial_final_state_mse": 0.0026385803627812007,
      "h125/outcome_partial_state_mse": 0.002469904232648463,
      "h125/outcome_success_episode_count": 3,
      "h125/outcome_success_final_state_mse": 0.004129000689858705,
      "h125/outcome_success_state_mse": 0.0027474948658662685,
      "h125/state_mse": 0.0034579299428104575,
      "h20/episode_count": 15,
      "h20/final_state_mse": 0.0028263335134468826,
      "h20/outcome_drop_episode_count": 3,
      "h20/outcome_drop_final_state_mse": 0.0030651375700056164,
      "h20/outcome_drop_state_mse": 0.001846142415127723,
      "h20/outcome_jam_episode_count": 3,
      "h20/outcome_jam_final_state_mse": 0.0030569448774936153,
      "h20/outcome_jam_state_mse": 0.002342456773994795,
      "h20/outcome_miss_episode_count": 3,
      "h20/outcome_miss_final_state_mse": 0.002604619788578133,
      "h20/outcome_miss_state_mse": 0.007612929313011419,
      "h20/outcome_partial_episode_count": 3,
      "h20/outcome_partial_final_state_mse": 0.0027001805700897392,
      "h20/outcome_partial_state_mse": 0.0017487154092664034,
      "h20/outcome_success_episode_count": 3,
      "h20/outcome_success_final_state_mse": 0.0027047829836412195,
      "h20/outcome_success_state_mse": 0.0017716471081465678,
      "h20/state_mse": 0.003064378227283752,
      "h30/episode_count": 15,
      "h30/final_state_mse": 0.0027657496383766723,
      "h30/outcome_drop_episode_count": 3,
      "h30/outcome_drop_final_state_mse": 0.0025291375426295536,
      "h30/outcome_drop_state_mse": 0.002182747232108854,
      "h30/outcome_jam_episode_count": 3,
      "h30/outcome_jam_final_state_mse": 0.0032305824113827127,
      "h30/outcome_jam_state_mse": 0.002693519301404101,
      "h30/outcome_miss_episode_count": 3,
      "h30/outcome_miss_final_state_mse": 0.0028020032480651257,
      "h30/outcome_miss_state_mse": 0.0061234781684958595,
      "h30/outcome_partial_episode_count": 3,
      "h30/outcome_partial_final_state_mse": 0.0025896061382262537,
      "h30/outcome_partial_state_mse": 0.002094015264822767,
      "h30/outcome_success_episode_count": 3,
      "h30/outcome_success_final_state_mse": 0.002677419411590676,
      "h30/outcome_success_state_mse": 0.002117048837001028,
      "h30/state_mse": 0.0030421617296006944,
      "h40/episode_count": 15,
      "h40/final_state_mse": 0.0026914724337509257,
      "h40/outcome_drop_episode_count": 3,
      "h40/outcome_drop_final_state_mse": 0.002949506385264054,
      "h40/outcome_drop_state_mse": 0.002418313852322647,
      "h40/outcome_jam_episode_count": 3,
      "h40/outcome_jam_final_state_mse": 0.002466675941071479,
      "h40/outcome_jam_state_mse": 0.002740527523888482,
      "h40/outcome_miss_episode_count": 3,
      "h40/outcome_miss_final_state_mse": 0.0033031962568463844,
      "h40/outcome_miss_state_mse": 0.005410397130679461,
      "h40/outcome_partial_episode_count": 3,
      "h40/outcome_partial_final_state_mse": 0.002366322537068448,
      "h40/outcome_partial_state_mse": 0.0021766689478182324,
      "h40/outcome_success_episode_count": 3,
      "h40/outcome_success_final_state_mse": 0.002371661072852565,
      "h40/outcome_success_state_mse": 0.0022008687452553144,
      "h40/state_mse": 0.002989355349073223,
      "h50/episode_count": 15,
      "h50/final_state_mse": 0.0029769118315254163,
      "h50/outcome_drop_episode_count": 3,
      "h50/outcome_drop_final_state_mse": 0.003782764953725478,
      "h50/outcome_drop_state_mse": 0.002777824401855469,
      "h50/outcome_jam_episode_count": 3,
      "h50/outcome_jam_final_state_mse": 0.0033439488387575337,
      "h50/outcome_jam_state_mse": 0.0028302563872991825,
      "h50/outcome_miss_episode_count": 3,
      "h50/outcome_miss_final_state_mse": 0.002761242509472604,
      "h50/outcome_miss_state_mse": 0.004952735900878906,
      "h50/outcome_partial_episode_count": 3,
      "h50/outcome_partial_final_state_mse": 0.0024445067385053323,
      "h50/outcome_partial_state_mse": 0.002235305574205187,
      "h50/outcome_success_episode_count": 3,
      "h50/outcome_success_final_state_mse": 0.002552096117166133,
      "h50/outcome_success_state_mse": 0.002259686881420659,
      "h50/state_mse": 0.0030111620535258374,
      "h75/episode_count": 15,
      "h75/final_state_mse": 0.0050308657627479705,
      "h75/outcome_drop_episode_count": 3,
      "h75/outcome_drop_final_state_mse": 0.0057119481703814335,
      "h75/outcome_drop_state_mse": 0.0033030599290768824,
      "h75/outcome_jam_episode_count": 3,
      "h75/outcome_jam_final_state_mse": 0.005156847240488514,
      "h75/outcome_jam_state_mse": 0.0031120705448724087,
      "h75/outcome_miss_episode_count": 3,
      "h75/outcome_miss_final_state_mse": 0.006155923398491604,
      "h75/outcome_miss_state_mse": 0.004378561796965422,
      "h75/outcome_partial_episode_count": 3,
      "h75/outcome_partial_final_state_mse": 0.003409987425102907,
      "h75/outcome_partial_state_mse": 0.002411269809166071,
      "h75/outcome_success_episode_count": 3,
      "h75/outcome_success_final_state_mse": 0.004719622433185577,
      "h75/outcome_success_state_mse": 0.002480213107106992,
      "h75/state_mse": 0.0031370349626395695,
      "max_requested_horizon": 125,
      "reencode_period": 2,
      "rollout_mode": "periodic_2"
    },
    "periodic_20": {
      "episode_count": 15,
      "h10/episode_count": 15,
      "h10/final_state_mse": 0.0025579726773928974,
      "h10/outcome_drop_episode_count": 3,
      "h10/outcome_drop_final_state_mse": 0.0020054570380963533,
      "h10/outcome_drop_state_mse": 0.0016318907535154057,
      "h10/outcome_jam_episode_count": 3,
      "h10/outcome_jam_final_state_mse": 0.0033163755547766594,
      "h10/outcome_jam_state_mse": 0.00226009273840711,
      "h10/outcome_miss_episode_count": 3,
      "h10/outcome_miss_final_state_mse": 0.003497877639103559,
      "h10/outcome_miss_state_mse": 0.010075359562643214,
      "h10/outcome_partial_episode_count": 3,
      "h10/outcome_partial_final_state_mse": 0.00199442703788187,
      "h10/outcome_partial_state_mse": 0.0015645831238989736,
      "h10/outcome_success_episode_count": 3,
      "h10/outcome_success_final_state_mse": 0.0019757265310271894,
      "h10/outcome_success_state_mse": 0.0015738437378328611,
      "h10/state_mse": 0.003421154146880106,
      "h100/episode_count": 15,
      "h100/final_state_mse": 0.011596442827212266,
      "h100/outcome_drop_episode_count": 3,
      "h100/outcome_drop_final_state_mse": 0.010156782234416288,
      "h100/outcome_drop_state_mse": 0.00407884367151198,
      "h100/outcome_jam_episode_count": 3,
      "h100/outcome_jam_final_state_mse": 0.014412394536086937,
      "h100/outcome_jam_state_mse": 0.005223124136332593,
      "h100/outcome_miss_episode_count": 3,
      "h100/outcome_miss_final_state_mse": 0.010231999789967257,
      "h100/outcome_miss_state_mse": 0.0058336587045706954,
      "h100/outcome_partial_episode_count": 3,
      "h100/outcome_partial_final_state_mse": 0.009027307719187019,
      "h100/outcome_partial_state_mse": 0.004250552358190998,
      "h100/outcome_success_episode_count": 3,
      "h100/outcome_success_final_state_mse": 0.014153730635549509,
      "h100/outcome_success_state_mse": 0.004851504992815404,
      "h100/state_mse": 0.004847536573223039,
      "h125/episode_count": 15,
      "h125/final_state_mse": 0.006327710120506536,
      "h125/outcome_drop_episode_count": 3,
      "h125/outcome_drop_final_state_mse": 0.0061022308137681745,
      "h125/outcome_drop_state_mse": 0.004690758299983405,
      "h125/outcome_jam_episode_count": 3,
      "h125/outcome_jam_final_state_mse": 0.008028116685892242,
      "h125/outcome_jam_state_mse": 0.006066778145584406,
      "h125/outcome_miss_episode_count": 3,
      "h125/outcome_miss_final_state_mse": 0.0066967694198384,
      "h125/outcome_miss_state_mse": 0.006131708681193832,
      "h125/outcome_partial_episode_count": 3,
      "h125/outcome_partial_final_state_mse": 0.004755080525392022,
      "h125/outcome_partial_state_mse": 0.004636575137867647,
      "h125/outcome_success_episode_count": 3,
      "h125/outcome_success_final_state_mse": 0.006056352378496157,
      "h125/outcome_success_state_mse": 0.0057335779526654414,
      "h125/state_mse": 0.005451879723243464,
      "h20/episode_count": 15,
      "h20/final_state_mse": 0.008960722630320031,
      "h20/outcome_drop_episode_count": 3,
      "h20/outcome_drop_final_state_mse": 0.008062499410965863,
      "h20/outcome_drop_state_mse": 0.0030986433714823005,
      "h20/outcome_jam_episode_count": 3,
      "h20/outcome_jam_final_state_mse": 0.008392874127119974,
      "h20/outcome_jam_state_mse": 0.0036259178242652244,
      "h20/outcome_miss_episode_count": 3,
      "h20/outcome_miss_final_state_mse": 0.012475889492658229,
      "h20/outcome_miss_state_mse": 0.008578080445333244,
      "h20/outcome_partial_episode_count": 3,
      "h20/outcome_partial_final_state_mse": 0.007952855595576219,
      "h20/outcome_partial_state_mse": 0.0030381871594323054,
      "h20/outcome_success_episode_count": 3,
      "h20/outcome_success_final_state_mse": 0.007919492966988507,
      "h20/outcome_success_state_mse": 0.0030452481282302758,
      "h20/state_mse": 0.004277215596118005,
      "h30/episode_count": 15,
      "h30/final_state_mse": 0.002836108363531773,
      "h30/outcome_drop_episode_count": 3,
      "h30/outcome_drop_final_state_mse": 0.0026180178316590054,
      "h30/outcome_drop_state_mse": 0.003078292138176546,
      "h30/outcome_jam_episode_count": 3,
      "h30/outcome_jam_final_state_mse": 0.0029163789369311987,
      "h30/outcome_jam_state_mse": 0.003588849267149283,
      "h30/outcome_miss_episode_count": 3,
      "h30/outcome_miss_final_state_mse": 0.0035831486574964587,
      "h30/outcome_miss_state_mse": 0.007154437503523816,
      "h30/outcome_partial_episode_count": 3,
      "h30/outcome_partial_final_state_mse": 0.002512773730201659,
      "h30/outcome_partial_state_mse": 0.0029988531972847733,
      "h30/outcome_success_episode_count": 3,
      "h30/outcome_success_final_state_mse": 0.0025502215413486257,
      "h30/outcome_success_state_mse": 0.003008615399238071,
      "h30/state_mse": 0.003965809475102975,
      "h40/episode_count": 15,
      "h40/final_state_mse": 0.005940600625829759,
      "h40/outcome_drop_episode_count": 3,
      "h40/outcome_drop_final_state_mse": 0.00436098883354586,
      "h40/outcome_drop_state_mse": 0.0032110978185740952,
      "h40/outcome_jam_episode_count": 3,
      "h40/outcome_jam_final_state_mse": 0.006524993313683404,
      "h40/outcome_jam_state_mse": 0.00382357337116416,
      "h40/outcome_miss_episode_count": 3,
      "h40/outcome_miss_final_state_mse": 0.006052794409733193,
      "h40/outcome_miss_state_mse": 0.006492787560606315,
      "h40/outcome_partial_episode_count": 3,
      "h40/outcome_partial_final_state_mse": 0.006364447910801258,
      "h40/outcome_partial_state_mse": 0.003254216831494001,
      "h40/outcome_success_episode_count": 3,
      "h40/outcome_success_final_state_mse": 0.006399777882239398,
      "h40/outcome_success_state_mse": 0.0032706518188800686,
      "h40/state_mse": 0.004010465534683926,
      "h50/episode_count": 15,
      "h50/final_state_mse": 0.0027426043367074207,
      "h50/outcome_drop_episode_count": 3,
      "h50/outcome_drop_final_state_mse": 0.002797933234498392,
      "h50/outcome_drop_state_mse": 0.0032355956158606836,
      "h50/outcome_jam_episode_count": 3,
      "h50/outcome_jam_final_state_mse": 0.003326539753698835,
      "h50/outcome_jam_state_mse": 0.0036977055493523092,
      "h50/outcome_miss_episode_count": 3,
      "h50/outcome_miss_final_state_mse": 0.002361271457344878,
      "h50/outcome_miss_state_mse": 0.005598088058770872,
      "h50/outcome_partial_episode_count": 3,
      "h50/outcome_partial_final_state_mse": 0.002576533510209688,
      "h50/outcome_partial_state_mse": 0.003112207487517712,
      "h50/outcome_success_episode_count": 3,
      "h50/outcome_success_final_state_mse": 0.002650743532998889,
      "h50/outcome_success_state_mse": 0.0031345525130726934,
      "h50/state_mse": 0.003755629994510825,
      "h75/episode_count": 15,
      "h75/final_state_mse": 0.007599633036096112,
      "h75/outcome_drop_episode_count": 3,
      "h75/outcome_drop_final_state_mse": 0.005269663883190529,
      "h75/outcome_drop_state_mse": 0.0035411078426053583,
      "h75/outcome_jam_episode_count": 3,
      "h75/outcome_jam_final_state_mse": 0.008974206408644034,
      "h75/outcome_jam_state_mse": 0.00421822392083461,
      "h75/outcome_miss_episode_count": 3,
      "h75/outcome_miss_final_state_mse": 0.007499137345482321,
      "h75/outcome_miss_state_mse": 0.005635276910786016,
      "h75/outcome_partial_episode_count": 3,
      "h75/outcome_partial_final_state_mse": 0.007614831519282721,
      "h75/outcome_partial_state_mse": 0.003572300514104839,
      "h75/outcome_success_episode_count": 3,
      "h75/outcome_success_final_state_mse": 0.008640326705633425,
      "h75/outcome_success_state_mse": 0.0036499254480166633,
      "h75/state_mse": 0.004123366544968682,
      "max_requested_horizon": 125,
      "reencode_period": 20,
      "rollout_mode": "periodic_20"
    },
    "periodic_5": {
      "episode_count": 15,
      "h10/episode_count": 15,
      "h10/final_state_mse": 0.0019104706695656371,
      "h10/outcome_drop_episode_count": 3,
      "h10/outcome_drop_final_state_mse": 0.0013718642050923864,
      "h10/outcome_drop_state_mse": 0.001469516130833844,
      "h10/outcome_jam_episode_count": 3,
      "h10/outcome_jam_final_state_mse": 0.002235057088089924,
      "h10/outcome_jam_state_mse": 0.0020127743677376144,
      "h10/outcome_miss_episode_count": 3,
      "h10/outcome_miss_final_state_mse": 0.0033253705482077754,
      "h10/outcome_miss_state_mse": 0.010229191904753642,
      "h10/outcome_partial_episode_count": 3,
      "h10/outcome_partial_final_state_mse": 0.0012940990988140793,
      "h10/outcome_partial_state_mse": 0.0013803539322871788,
      "h10/outcome_success_episode_count": 3,
      "h10/outcome_success_final_state_mse": 0.001325962395449869,
      "h10/outcome_success_state_mse": 0.0014016293427523445,
      "h10/state_mse": 0.0032986933888952716,
      "h100/episode_count": 15,
      "h100/final_state_mse": 0.0026433517730313967,
      "h100/outcome_drop_episode_count": 3,
      "h100/outcome_drop_final_state_mse": 0.0033033396196521184,
      "h100/outcome_drop_state_mse": 0.0025845953374127157,
      "h100/outcome_jam_episode_count": 3,
      "h100/outcome_jam_final_state_mse": 0.0024853653085777183,
      "h100/outcome_jam_state_mse": 0.002776864993026833,
      "h100/outcome_miss_episode_count": 3,
      "h100/outcome_miss_final_state_mse": 0.002449066225999321,
      "h100/outcome_miss_state_mse": 0.003331498975068136,
      "h100/outcome_partial_episode_count": 3,
      "h100/outcome_partial_final_state_mse": 0.0021776195639878317,
      "h100/outcome_partial_state_mse": 0.0020610371446297838,
      "h100/outcome_success_episode_count": 3,
      "h100/outcome_success_final_state_mse": 0.002801368974782283,
      "h100/outcome_success_state_mse": 0.0022040295445061977,
      "h100/state_mse": 0.0025916051926955677,
      "h125/episode_count": 15,
      "h125/final_state_mse": 0.003680034088932611,
      "h125/outcome_drop_episode_count": 3,
      "h125/outcome_drop_final_state_mse": 0.004610844102560305,
      "h125/outcome_drop_state_mse": 0.002828885695513557,
      "h125/outcome_jam_episode_count": 3,
      "h125/outcome_jam_final_state_mse": 0.004875674551608516,
      "h125/outcome_jam_state_mse": 0.003035507301879085,
      "h125/outcome_miss_episode_count": 3,
      "h125/outcome_miss_final_state_mse": 0.0034784126320695566,
      "h125/outcome_miss_state_mse": 0.0033080252354441126,
      "h125/outcome_partial_episode_count": 3,
      "h125/outcome_partial_final_state_mse": 0.0023432630631658766,
      "h125/outcome_partial_state_mse": 0.002118055829814836,
      "h125/outcome_success_episode_count": 3,
      "h125/outcome_success_final_state_mse": 0.0030919774831120483,
      "h125/outcome_success_state_mse": 0.0023483344682681015,
      "h125/state_mse": 0.002727761820874183,
      "h20/episode_count": 15,
      "h20/final_state_mse": 0.0020316511976952644,
      "h20/outcome_drop_episode_count": 3,
      "h20/outcome_drop_final_state_mse": 0.002122704597080455,
      "h20/outcome_drop_state_mse": 0.001607621008274602,
      "h20/outcome_jam_episode_count": 3,
      "h20/outcome_jam_final_state_mse": 0.0023096705379049764,
      "h20/outcome_jam_state_mse": 0.002144304911295573,
      "h20/outcome_miss_episode_count": 3,
      "h20/outcome_miss_final_state_mse": 0.002025622655363644,
      "h20/outcome_miss_state_mse": 0.006482687962600609,
      "h20/outcome_partial_episode_count": 3,
      "h20/outcome_partial_final_state_mse": 0.0018374953005048963,
      "h20/outcome_partial_state_mse": 0.00151506097488154,
      "h20/outcome_success_episode_count": 3,
      "h20/outcome_success_final_state_mse": 0.0018627619723868526,
      "h20/outcome_success_state_mse": 0.0015404439245174134,
      "h20/state_mse": 0.0026580237095652063,
      "h30/episode_count": 15,
      "h30/final_state_mse": 0.0018359907312330856,
      "h30/outcome_drop_episode_count": 3,
      "h30/outcome_drop_final_state_mse": 0.0017237898230163101,
      "h30/outcome_drop_state_mse": 0.001755171274048051,
      "h30/outcome_jam_episode_count": 3,
      "h30/outcome_jam_final_state_mse": 0.0021105017391295213,
      "h30/outcome_jam_state_mse": 0.0022912994189459774,
      "h30/outcome_miss_episode_count": 3,
      "h30/outcome_miss_final_state_mse": 0.001803113208487143,
      "h30/outcome_miss_state_mse": 0.005085790754663139,
      "h30/outcome_partial_episode_count": 3,
      "h30/outcome_partial_final_state_mse": 0.001737539869507933,
      "h30/outcome_partial_state_mse": 0.0016645311270404226,
      "h30/outcome_success_episode_count": 3,
      "h30/outcome_success_final_state_mse": 0.001805009697776994,
      "h30/outcome_success_state_mse": 0.001688544890459846,
      "h30/state_mse": 0.0024970675865289694,
      "h40/episode_count": 15,
      "h40/final_state_mse": 0.001843513538634855,
      "h40/outcome_drop_episode_count": 3,
      "h40/outcome_drop_final_state_mse": 0.0020535408330509086,
      "h40/outcome_drop_state_mse": 0.0019080728097678789,
      "h40/outcome_jam_episode_count": 3,
      "h40/outcome_jam_final_state_mse": 0.0017937060469895407,
      "h40/outcome_jam_state_mse": 0.0022905625549017213,
      "h40/outcome_miss_episode_count": 3,
      "h40/outcome_miss_final_state_mse": 0.001928537304884468,
      "h40/outcome_miss_state_mse": 0.004352568255530463,
      "h40/outcome_partial_episode_count": 3,
      "h40/outcome_partial_final_state_mse": 0.0017181508535263584,
      "h40/outcome_partial_state_mse": 0.00169459842388926,
      "h40/outcome_success_episode_count": 3,
      "h40/outcome_success_final_state_mse": 0.0017236329469026304,
      "h40/outcome_success_state_mse": 0.0017182046681447746,
      "h40/state_mse": 0.0023928012723237082,
      "h50/episode_count": 15,
      "h50/final_state_mse": 0.002248005461848639,
      "h50/outcome_drop_episode_count": 3,
      "h50/outcome_drop_final_state_mse": 0.0023572233329021853,
      "h50/outcome_drop_state_mse": 0.0021301173228843538,
      "h50/outcome_jam_episode_count": 3,
      "h50/outcome_jam_final_state_mse": 0.003027320589894563,
      "h50/outcome_jam_state_mse": 0.0023922879711475247,
      "h50/outcome_miss_episode_count": 3,
      "h50/outcome_miss_final_state_mse": 0.0018099039500834896,
      "h50/outcome_miss_state_mse": 0.003893000534157348,
      "h50/outcome_partial_episode_count": 3,
      "h50/outcome_partial_final_state_mse": 0.0019916948783241847,
      "h50/outcome_partial_state_mse": 0.00175752649120256,
      "h50/outcome_success_episode_count": 3,
      "h50/outcome_success_final_state_mse": 0.0020538846554319845,
      "h50/outcome_success_state_mse": 0.0017827408921484854,
      "h50/state_mse": 0.0023911348230698528,
      "h75/episode_count": 15,
      "h75/final_state_mse": 0.0044376672482958025,
      "h75/outcome_drop_episode_count": 3,
      "h75/outcome_drop_final_state_mse": 0.003655069988537458,
      "h75/outcome_drop_state_mse": 0.0024137493623887273,
      "h75/outcome_jam_episode_count": 3,
      "h75/outcome_jam_final_state_mse": 0.004714158917564193,
      "h75/outcome_jam_state_mse": 0.0027627541868255547,
      "h75/outcome_miss_episode_count": 3,
      "h75/outcome_miss_final_state_mse": 0.005522427508254457,
      "h75/outcome_miss_state_mse": 0.0035038813007163584,
      "h75/outcome_partial_episode_count": 3,
      "h75/outcome_partial_final_state_mse": 0.0038169550350288938,
      "h75/outcome_partial_state_mse": 0.00204934244841532,
      "h75/outcome_success_episode_count": 3,
      "h75/outcome_success_final_state_mse": 0.004479725181666854,
      "h75/outcome_success_state_mse": 0.002105055457886008,
      "h75/state_mse": 0.0025669567631740197,
      "max_requested_horizon": 125,
      "reencode_period": 5,
      "rollout_mode": "periodic_5"
    },
    "periodic_50": {
      "episode_count": 15,
      "h10/episode_count": 15,
      "h10/final_state_mse": 0.0025579726773928974,
      "h10/outcome_drop_episode_count": 3,
      "h10/outcome_drop_final_state_mse": 0.0020054570380963533,
      "h10/outcome_drop_state_mse": 0.0016318907535154057,
      "h10/outcome_jam_episode_count": 3,
      "h10/outcome_jam_final_state_mse": 0.0033163755547766594,
      "h10/outcome_jam_state_mse": 0.00226009273840711,
      "h10/outcome_miss_episode_count": 3,
      "h10/outcome_miss_final_state_mse": 0.003497877639103559,
      "h10/outcome_miss_state_mse": 0.010075359562643214,
      "h10/outcome_partial_episode_count": 3,
      "h10/outcome_partial_final_state_mse": 0.00199442703788187,
      "h10/outcome_partial_state_mse": 0.0015645831238989736,
      "h10/outcome_success_episode_count": 3,
      "h10/outcome_success_final_state_mse": 0.0019757265310271894,
      "h10/outcome_success_state_mse": 0.0015738437378328611,
      "h10/state_mse": 0.003421154146880106,
      "h100/episode_count": 15,
      "h100/final_state_mse": 402.7701797385621,
      "h100/outcome_drop_episode_count": 3,
      "h100/outcome_drop_final_state_mse": 370.396892871732,
      "h100/outcome_drop_state_mse": 17.9433118872549,
      "h100/outcome_jam_episode_count": 3,
      "h100/outcome_jam_final_state_mse": 359.5591171364379,
      "h100/outcome_jam_state_mse": 17.49040900735294,
      "h100/outcome_miss_episode_count": 3,
      "h100/outcome_miss_final_state_mse": 567.9317682802288,
      "h100/outcome_miss_state_mse": 29.8592595996732,
      "h100/outcome_partial_episode_count": 3,
      "h100/outcome_partial_final_state_mse": 356.603107128268,
      "h100/outcome_partial_state_mse": 17.197754799836602,
      "h100/outcome_success_episode_count": 3,
      "h100/outcome_success_final_state_mse": 359.3599111519608,
      "h100/outcome_success_state_mse": 17.3702920751634,
      "h100/state_mse": 19.97220588235294,
      "h125/episode_count": 15,
      "h125/final_state_mse": 309.56145833333335,
      "h125/outcome_drop_episode_count": 3,
      "h125/outcome_drop_final_state_mse": 318.9201867595997,
      "h125/outcome_drop_state_mse": 33.50097140522876,
      "h125/outcome_jam_episode_count": 3,
      "h125/outcome_jam_final_state_mse": 332.87502872242646,
      "h125/outcome_jam_state_mse": 34.0046568627451,
      "h125/outcome_miss_episode_count": 3,
      "h125/outcome_miss_final_state_mse": 263.68047257965685,
      "h125/outcome_miss_state_mse": 36.669866013071896,
      "h125/outcome_partial_episode_count": 3,
      "h125/outcome_partial_final_state_mse": 312.764182495915,
      "h125/outcome_partial_state_mse": 32.83684558823529,
      "h125/outcome_success_episode_count": 3,
      "h125/outcome_success_final_state_mse": 319.5674434487337,
      "h125/outcome_success_state_mse": 33.40735661764706,
      "h125/state_mse": 34.083939869281046,
      "h20/episode_count": 15,
      "h20/final_state_mse": 0.008960722630320031,
      "h20/outcome_drop_episode_count": 3,
      "h20/outcome_drop_final_state_mse": 0.008062499410965863,
      "h20/outcome_drop_state_mse": 0.0030986433714823005,
      "h20/outcome_jam_episode_count": 3,
      "h20/outcome_jam_final_state_mse": 0.008392874127119974,
      "h20/outcome_jam_state_mse": 0.0036259178242652244,
      "h20/outcome_miss_episode_count": 3,
      "h20/outcome_miss_final_state_mse": 0.012475889492658229,
      "h20/outcome_miss_state_mse": 0.008578080445333244,
      "h20/outcome_partial_episode_count": 3,
      "h20/outcome_partial_final_state_mse": 0.007952855595576219,
      "h20/outcome_partial_state_mse": 0.0030381871594323054,
      "h20/outcome_success_episode_count": 3,
      "h20/outcome_success_final_state_mse": 0.007919492966988507,
      "h20/outcome_success_state_mse": 0.0030452481282302758,
      "h20/state_mse": 0.004277215596118005,
      "h30/episode_count": 15,
      "h30/final_state_mse": 0.03503516203437755,
      "h30/outcome_drop_episode_count": 3,
      "h30/outcome_drop_final_state_mse": 0.02933178462234198,
      "h30/outcome_drop_state_mse": 0.007846468674071733,
      "h30/outcome_jam_episode_count": 3,
      "h30/outcome_jam_final_state_mse": 0.03149904807408651,
      "h30/outcome_jam_state_mse": 0.008468670730757038,
      "h30/outcome_miss_episode_count": 3,
      "h30/outcome_miss_final_state_mse": 0.05490275925281001,
      "h30/outcome_miss_state_mse": 0.01631074107550328,
      "h30/outcome_partial_episode_count": 3,
      "h30/outcome_partial_final_state_mse": 0.02969626157112371,
      "h30/outcome_partial_state_mse": 0.007774505532125502,
      "h30/outcome_success_episode_count": 3,
      "h30/outcome_success_final_state_mse": 0.02974595898896261,
      "h30/outcome_success_state_mse": 0.007780321802708578,
      "h30/state_mse": 0.009636141376038262,
      "h40/episode_count": 15,
      "h40/final_state_mse": 0.1765072492213031,
      "h40/outcome_drop_episode_count": 3,
      "h40/outcome_drop_final_state_mse": 0.0984702125873441,
      "h40/outcome_drop_state_mse": 0.02019474833619361,
      "h40/outcome_jam_episode_count": 3,
      "h40/outcome_jam_final_state_mse": 0.10763352213342206,
      "h40/outcome_jam_state_mse": 0.022354273079267514,
      "h40/outcome_miss_episode_count": 3,
      "h40/outcome_miss_final_state_mse": 0.454439873788871,
      "h40/outcome_miss_state_mse": 0.058981537039763006,
      "h40/outcome_partial_episode_count": 3,
      "h40/outcome_partial_final_state_mse": 0.11046996147804011,
      "h40/outcome_partial_state_mse": 0.021453502443101673,
      "h40/outcome_success_episode_count": 3,
      "h40/outcome_success_final_state_mse": 0.11152264027813681,
      "h40/outcome_success_state_mse": 0.021473576040828928,
      "h40/state_mse": 0.028891525767207923,
      "h50/episode_count": 15,
      "h50/final_state_mse": 2.3043894250408496,
      "h50/outcome_drop_episode_count": 3,
      "h50/outcome_drop_final_state_mse": 1.2402653039670457,
      "h50/outcome_drop_state_mse": 0.1154773148680045,
      "h50/outcome_jam_episode_count": 3,
      "h50/outcome_jam_final_state_mse": 1.2894595651065601,
      "h50/outcome_jam_state_mse": 0.12024300569023182,
      "h50/outcome_miss_episode_count": 3,
      "h50/outcome_miss_final_state_mse": 6.3015647339665035,
      "h50/outcome_miss_state_mse": 0.5697457586550245,
      "h50/outcome_partial_episode_count": 3,
      "h50/outcome_partial_final_state_mse": 1.337737289129519,
      "h50/outcome_partial_state_mse": 0.12320504780688317,
      "h50/outcome_success_episode_count": 3,
      "h50/outcome_success_final_state_mse": 1.3529209311491524,
      "h50/outcome_success_state_mse": 0.12448745228885826,
      "h50/state_mse": 0.2106317146650327,
      "h75/episode_count": 15,
      "h75/final_state_mse": 2.0100443921058004,
      "h75/outcome_drop_episode_count": 3,
      "h75/outcome_drop_final_state_mse": 2.3607386545418136,
      "h75/outcome_drop_state_mse": 0.23685686763854846,
      "h75/outcome_jam_episode_count": 3,
      "h75/outcome_jam_final_state_mse": 2.4043469148523666,
      "h75/outcome_jam_state_mse": 0.231533399926811,
      "h75/outcome_miss_episode_count": 3,
      "h75/outcome_miss_final_state_mse": 0.836985862333011,
      "h75/outcome_miss_state_mse": 0.5655086848107298,
      "h75/outcome_partial_episode_count": 3,
      "h75/outcome_partial_final_state_mse": 2.191195207483628,
      "h75/outcome_partial_state_mse": 0.22149020990774781,
      "h75/outcome_success_episode_count": 3,
      "h75/outcome_success_final_state_mse": 2.2569548787634357,
      "h75/outcome_success_state_mse": 0.2262662707226988,
      "h75/state_mse": 0.2963310866013072,
      "max_requested_horizon": 125,
      "reencode_period": 50,
      "rollout_mode": "periodic_50"
    }
  },
  "split": "test",
  "support_alignment": {
    "contact_phase": {
      "contact_phase_family_ari": 0.0,
      "contact_phase_family_nmi": 0.0,
      "contact_phase_family_purity": 0.9996668887408394,
      "contact_phase_sample_count": 3002.0,
      "h_contact_phase_given_family": 0.0030002889533867266,
      "h_family_given_contact_phase": 0.0,
      "unique_contact_phase_count": 2.0,
      "unique_family_count": 1.0
    },
    "contact_phase_alignment_available": true,
    "evaluated_state_count": 3017,
    "family_count": 1,
    "mean_family_similarity": 0.6258553266525269,
    "mean_support_size": 252.88896254557508,
    "outcome_alignment_available": true,
    "outcome_state": {
      "h_family_given_outcome": 0.0,
      "h_outcome_given_family": 1.6094379124341005,
      "outcome_family_ari": 0.0,
      "outcome_family_nmi": 0.0,
      "outcome_family_purity": 0.2,
      "outcome_sample_count": 15.0,
      "unique_family_count": 1.0,
      "unique_outcome_count": 5.0
    },
    "status": "ok",
    "unassigned_state_fraction": 0.0,
    "validation_state_count": 2346
  },
  "support_threshold": 0.2
}
{
  "best_periodic_rollout": {
    "episode_count": 15,
    "h10/episode_count": 15,
    "h10/final_state_mse": 0.0018580259061327167,
    "h10/outcome_drop_episode_count": 3,
    "h10/outcome_drop_final_state_mse": 0.0013463070823086633,
    "h10/outcome_drop_state_mse": 0.0014286477191775453,
    "h10/outcome_jam_episode_count": 3,
    "h10/outcome_jam_final_state_mse": 0.0021954539164998174,
    "h10/outcome_jam_state_mse": 0.001978144380781386,
    "h10/outcome_miss_episode_count": 3,
    "h10/outcome_miss_final_state_mse": 0.003141019663779564,
    "h10/outcome_miss_state_mse": 0.01024630490471335,
    "h10/outcome_partial_episode_count": 3,
    "h10/outcome_partial_final_state_mse": 0.001289045718175913,
    "h10/outcome_partial_state_mse": 0.0013426468263264574,
    "h10/outcome_success_episode_count": 3,
    "h10/outcome_success_final_state_mse": 0.001318303782955494,
    "h10/outcome_success_state_mse": 0.001362615434172886,
    "h10/selected_mode": "periodic_5",
    "h10/selected_period": 5,
    "h10/state_mse": 0.0032716718686172388,
    "h100/episode_count": 15,
    "h100/final_state_mse": 0.0028319611268884997,
    "h100/outcome_drop_episode_count": 3,
    "h100/outcome_drop_final_state_mse": 0.003551915872330759,
    "h100/outcome_drop_state_mse": 0.0026751251781688017,
    "h100/outcome_jam_episode_count": 3,
    "h100/outcome_jam_final_state_mse": 0.0028907551484949447,
    "h100/outcome_jam_state_mse": 0.002917518491059347,
    "h100/outcome_miss_episode_count": 3,
    "h100/outcome_miss_final_state_mse": 0.0026163834761949926,
    "h100/outcome_miss_state_mse": 0.0034840714074427783,
    "h100/outcome_partial_episode_count": 3,
    "h100/outcome_partial_final_state_mse": 0.0018975078280455146,
    "h100/outcome_partial_state_mse": 0.0020764850479325437,
    "h100/outcome_success_episode_count": 3,
    "h100/outcome_success_final_state_mse": 0.0032032441859151804,
    "h100/outcome_success_state_mse": 0.002333349932252971,
    "h100/selected_mode": "periodic_5",
    "h100/selected_period": 5,
    "h100/state_mse": 0.0026973101048687704,
    "h125/episode_count": 15,
    "h125/final_state_mse": 0.0038472281561957467,
    "h125/outcome_drop_episode_count": 3,
    "h125/outcome_drop_final_state_mse": 0.004591912128566917,
    "h125/outcome_drop_state_mse": 0.0029128059935725594,
    "h125/outcome_jam_episode_count": 3,
    "h125/outcome_jam_final_state_mse": 0.005353934235042996,
    "h125/outcome_jam_state_mse": 0.003242221508150786,
    "h125/outcome_miss_episode_count": 3,
    "h125/outcome_miss_final_state_mse": 0.004108091487604029,
    "h125/outcome_miss_state_mse": 0.0035021149878408393,
    "h125/outcome_partial_episode_count": 3,
    "h125/outcome_partial_final_state_mse": 0.001854352385195252,
    "h125/outcome_partial_state_mse": 0.0020621240154590484,
    "h125/outcome_success_episode_count": 3,
    "h125/outcome_success_final_state_mse": 0.003327849010626475,
    "h125/outcome_success_state_mse": 0.0025128788667566635,
    "h125/selected_mode": "periodic_5",
    "h125/selected_period": 5,
    "h125/state_mse": 0.00284642884497549,
    "h20/episode_count": 15,
    "h20/final_state_mse": 0.002132230646470014,
    "h20/outcome_drop_episode_count": 3,
    "h20/outcome_drop_final_state_mse": 0.002227592336780885,
    "h20/outcome_drop_state_mse": 0.001618539293607076,
    "h20/outcome_jam_episode_count": 3,
    "h20/outcome_jam_final_state_mse": 0.0024109646872757305,
    "h20/outcome_jam_state_mse": 0.0021648852264179903,
    "h20/outcome_miss_episode_count": 3,
    "h20/outcome_miss_final_state_mse": 0.0021286623345481027,
    "h20/outcome_miss_state_mse": 0.006522150133170333,
    "h20/outcome_partial_episode_count": 3,
    "h20/outcome_partial_final_state_mse": 0.0019315876358864353,
    "h20/outcome_partial_state_mse": 0.0015287864831537983,
    "h20/outcome_success_episode_count": 3,
    "h20/outcome_success_final_state_mse": 0.0019623456291513507,
    "h20/outcome_success_state_mse": 0.0015538618455525318,
    "h20/selected_mode": "periodic_5",
    "h20/selected_period": 5,
    "h20/state_mse": 0.002677644467821308,
    "h30/episode_count": 15,
    "h30/final_state_mse": 0.0019400864644767413,
    "h30/outcome_drop_episode_count": 3,
    "h30/outcome_drop_final_state_mse": 0.0018118426593300564,
    "h30/outcome_drop_state_mse": 0.001792673919195703,
    "h30/outcome_jam_episode_count": 3,
    "h30/outcome_jam_final_state_mse": 0.0021991974193286273,
    "h30/outcome_jam_state_mse": 0.00233254417095309,
    "h30/outcome_miss_episode_count": 3,
    "h30/outcome_miss_final_state_mse": 0.0019765324354950897,
    "h30/outcome_miss_state_mse": 0.005185414295570523,
    "h30/outcome_partial_episode_count": 3,
    "h30/outcome_partial_final_state_mse": 0.0018263004379334793,
    "h30/outcome_partial_state_mse": 0.001702868470958635,
    "h30/outcome_success_episode_count": 3,
    "h30/outcome_success_final_state_mse": 0.0018865598816108081,
    "h30/outcome_success_state_mse": 0.001726413136733643,
    "h30/selected_mode": "periodic_5",
    "h30/selected_period": 5,
    "h30/state_mse": 0.0025479827415449685,
    "h40/episode_count": 15,
    "h40/final_state_mse": 0.0019688621845120697,
    "h40/outcome_drop_episode_count": 3,
    "h40/outcome_drop_final_state_mse": 0.00208556233278287,
    "h40/outcome_drop_state_mse": 0.001949483935349907,
    "h40/outcome_jam_episode_count": 3,
    "h40/outcome_jam_final_state_mse": 0.0019562751833909478,
    "h40/outcome_jam_state_mse": 0.002355258682974024,
    "h40/outcome_miss_episode_count": 3,
    "h40/outcome_miss_final_state_mse": 0.0020500518430292217,
    "h40/outcome_miss_state_mse": 0.004466335524141399,
    "h40/outcome_partial_episode_count": 3,
    "h40/outcome_partial_final_state_mse": 0.0018742955198474958,
    "h40/outcome_partial_state_mse": 0.0017525299507028917,
    "h40/outcome_success_episode_count": 3,
    "h40/outcome_success_final_state_mse": 0.0018781259948132084,
    "h40/outcome_success_state_mse": 0.0017759028213476043,
    "h40/selected_mode": "periodic_5",
    "h40/selected_period": 5,
    "h40/state_mse": 0.0024599020465526705,
    "h50/episode_count": 15,
    "h50/final_state_mse": 0.002415069567611794,
    "h50/outcome_drop_episode_count": 3,
    "h50/outcome_drop_final_state_mse": 0.0025129361577283325,
    "h50/outcome_drop_state_mse": 0.0021796851064644607,
    "h50/outcome_jam_episode_count": 3,
    "h50/outcome_jam_final_state_mse": 0.003173782398887709,
    "h50/outcome_jam_state_mse": 0.0024783934798895146,
    "h50/outcome_miss_episode_count": 3,
    "h50/outcome_miss_final_state_mse": 0.0020663846113712957,
    "h50/outcome_miss_state_mse": 0.004031692143359215,
    "h50/outcome_partial_episode_count": 3,
    "h50/outcome_partial_final_state_mse": 0.0021291377838530572,
    "h50/outcome_partial_state_mse": 0.0018353847428864123,
    "h50/outcome_success_episode_count": 3,
    "h50/outcome_success_final_state_mse": 0.0021931071540499045,
    "h50/outcome_success_state_mse": 0.0018604321573294845,
    "h50/selected_mode": "periodic_5",
    "h50/selected_period": 5,
    "h50/state_mse": 0.0024771174013225082,
    "h75/episode_count": 15,
    "h75/final_state_mse": 0.004462286070281384,
    "h75/outcome_drop_episode_count": 3,
    "h75/outcome_drop_final_state_mse": 0.0036930661721556795,
    "h75/outcome_drop_state_mse": 0.002467616669233069,
    "h75/outcome_jam_episode_count": 3,
    "h75/outcome_jam_final_state_mse": 0.004740614322275898,
    "h75/outcome_jam_state_mse": 0.00284968399014608,
    "h75/outcome_miss_episode_count": 3,
    "h75/outcome_miss_final_state_mse": 0.0056892334927920426,
    "h75/outcome_miss_state_mse": 0.0036383879418466604,
    "h75/outcome_partial_episode_count": 3,
    "h75/outcome_partial_final_state_mse": 0.003672796624158722,
    "h75/outcome_partial_state_mse": 0.002117808472876455,
    "h75/outcome_success_episode_count": 3,
    "h75/outcome_success_final_state_mse": 0.004515719569586461,
    "h75/outcome_success_state_mse": 0.0021803316103866676,
    "h75/selected_mode": "periodic_5",
    "h75/selected_period": 5,
    "h75/state_mse": 0.0026507658781828704,
    "max_requested_horizon": 125,
    "periodic_reencode_periods": [
      1,
      2,
      5,
      10,
      20,
      50,
      100
    ],
    "rollout_mode": "best_periodic"
  },
  "checkpoint": "runs/maniskill_insertion/perturbation_e20_5k_lista_refine_20260604_143125/lista_relu_a0p02_sp1em5_loops2/seed2/checkpoint.pt",
  "checkpoint_step": 1500,
  "dataset": "data/maniskill/perturbation_assessment_seed0_e20/all_setups.npz",
  "device": "cuda",
  "family_jaccard": 0.4,
  "horizons": [
    10,
    20,
    30,
    40,
    50,
    75,
    100,
    125
  ],
  "labels_used_for_training": false,
  "periodic_reencode_periods": [
    1,
    2,
    5,
    10,
    20,
    50,
    100
  ],
  "rollout": {
    "episode_count": 15,
    "h10/episode_count": 15,
    "h10/final_state_mse": 0.002480972202774746,
    "h10/outcome_drop_episode_count": 3,
    "h10/outcome_drop_final_state_mse": 0.0019240666643466826,
    "h10/outcome_drop_state_mse": 0.0015653595230937783,
    "h10/outcome_jam_episode_count": 3,
    "h10/outcome_jam_final_state_mse": 0.0032037289606200326,
    "h10/outcome_jam_state_mse": 0.002193590511683545,
    "h10/outcome_miss_episode_count": 3,
    "h10/outcome_miss_final_state_mse": 0.003405328036523333,
    "h10/outcome_miss_state_mse": 0.010114505711723776,
    "h10/outcome_partial_episode_count": 3,
    "h10/outcome_partial_final_state_mse": 0.001949106154391189,
    "h10/outcome_partial_state_mse": 0.0015036460620905059,
    "h10/outcome_success_episode_count": 3,
    "h10/outcome_success_final_state_mse": 0.0019226308814645594,
    "h10/outcome_success_state_mse": 0.0015099050562366162,
    "h10/state_mse": 0.003377401563856337,
    "h100/episode_count": 15,
    "h100/final_state_mse": 174014.1908496732,
    "h100/outcome_drop_episode_count": 3,
    "h100/outcome_drop_final_state_mse": 129796.96405228759,
    "h100/outcome_drop_state_mse": 6090.450065359477,
    "h100/outcome_jam_episode_count": 3,
    "h100/outcome_jam_final_state_mse": 136354.5473856209,
    "h100/outcome_jam_state_mse": 6355.4432026143795,
    "h100/outcome_miss_episode_count": 3,
    "h100/outcome_miss_final_state_mse": 342040.3790849673,
    "h100/outcome_miss_state_mse": 16511.877124183007,
    "h100/outcome_partial_episode_count": 3,
    "h100/outcome_partial_final_state_mse": 131290.57189542483,
    "h100/outcome_partial_state_mse": 6108.212745098039,
    "h100/outcome_success_episode_count": 3,
    "h100/outcome_success_final_state_mse": 130588.45098039215,
    "h100/outcome_success_state_mse": 6103.917320261438,
    "h100/state_mse": 8233.980653594772,
    "h125/episode_count": 15,
    "h125/final_state_mse": 90324820.6640523,
    "h125/outcome_drop_episode_count": 3,
    "h125/outcome_drop_final_state_mse": 45649054.95424837,
    "h125/outcome_drop_state_mse": 1760968.4898300653,
    "h125/outcome_jam_episode_count": 3,
    "h125/outcome_jam_final_state_mse": 47390608.313725494,
    "h125/outcome_jam_state_mse": 1843354.4968366013,
    "h125/outcome_miss_episode_count": 3,
    "h125/outcome_miss_final_state_mse": 267415993.72549018,
    "h125/outcome_miss_state_mse": 8752880.218352942,
    "h125/outcome_partial_episode_count": 3,
    "h125/outcome_partial_final_state_mse": 45579174.90196078,
    "h125/outcome_partial_state_mse": 1773903.7916862746,
    "h125/outcome_success_episode_count": 3,
    "h125/outcome_success_final_state_mse": 45589237.54248366,
    "h125/outcome_success_state_mse": 1770364.4728888888,
    "h125/state_mse": 3180294.3421071894,
    "h20/episode_count": 15,
    "h20/final_state_mse": 0.0088023646984225,
    "h20/outcome_drop_episode_count": 3,
    "h20/outcome_drop_final_state_mse": 0.008011561495805878,
    "h20/outcome_drop_state_mse": 0.0030343561780218986,
    "h20/outcome_jam_episode_count": 3,
    "h20/outcome_jam_final_state_mse": 0.008438391817940606,
    "h20/outcome_jam_state_mse": 0.00354351190959706,
    "h20/outcome_miss_episode_count": 3,
    "h20/outcome_miss_final_state_mse": 0.0116921207484077,
    "h20/outcome_miss_state_mse": 0.008399220073924345,
    "h20/outcome_partial_episode_count": 3,
    "h20/outcome_partial_final_state_mse": 0.007939557039659787,
    "h20/outcome_partial_state_mse": 0.002982573337804258,
    "h20/outcome_success_episode_count": 3,
    "h20/outcome_success_final_state_mse": 0.00793018976068185,
    "h20/outcome_success_state_mse": 0.002982544587328543,
    "h20/state_mse": 0.004188440858928207,
    "h30/episode_count": 15,
    "h30/final_state_mse": 0.034623062532711656,
    "h30/outcome_drop_episode_count": 3,
    "h30/outcome_drop_final_state_mse": 0.028992610819199505,
    "h30/outcome_drop_state_mse": 0.007772467806448345,
    "h30/outcome_jam_episode_count": 3,
    "h30/outcome_jam_final_state_mse": 0.03164474675857943,
    "h30/outcome_jam_state_mse": 0.008375897127039292,
    "h30/outcome_miss_episode_count": 3,
    "h30/outcome_miss_final_state_mse": 0.053221945669136794,
    "h30/outcome_miss_state_mse": 0.01549624690303096,
    "h30/outcome_partial_episode_count": 3,
    "h30/outcome_partial_final_state_mse": 0.029658923741259606,
    "h30/outcome_partial_state_mse": 0.007723910824146146,
    "h30/outcome_success_episode_count": 3,
    "h30/outcome_success_final_state_mse": 0.02959709112940271,
    "h30/outcome_success_state_mse": 0.0077214802012724034,
    "h30/state_mse": 0.009418000530832993,
    "h40/episode_count": 15,
    "h40/final_state_mse": 0.19818623860677084,
    "h40/outcome_drop_episode_count": 3,
    "h40/outcome_drop_final_state_mse": 0.12479864070618074,
    "h40/outcome_drop_state_mse": 0.02289949928233826,
    "h40/outcome_jam_episode_count": 3,
    "h40/outcome_jam_final_state_mse": 0.13709134525722927,
    "h40/outcome_jam_state_mse": 0.025070391760932075,
    "h40/outcome_miss_episode_count": 3,
    "h40/outcome_miss_final_state_mse": 0.4416737213633419,
    "h40/outcome_miss_state_mse": 0.056471016204435065,
    "h40/outcome_partial_episode_count": 3,
    "h40/outcome_partial_final_state_mse": 0.1431958846796572,
    "h40/outcome_partial_state_mse": 0.024507218716191312,
    "h40/outcome_success_episode_count": 3,
    "h40/outcome_success_final_state_mse": 0.14417151843800263,
    "h40/outcome_success_state_mse": 0.024547354380289713,
    "h40/state_mse": 0.03069909787645527,
    "h50/episode_count": 15,
    "h50/final_state_mse": 2.2015896267361112,
    "h50/outcome_drop_episode_count": 3,
    "h50/outcome_drop_final_state_mse": 1.061893213808147,
    "h50/outcome_drop_state_mse": 0.11428427901922487,
    "h50/outcome_jam_episode_count": 3,
    "h50/outcome_jam_final_state_mse": 1.1416104634602864,
    "h50/outcome_jam_state_mse": 0.12203163496029923,
    "h50/outcome_miss_episode_count": 3,
    "h50/outcome_miss_final_state_mse": 6.421614902471405,
    "h50/outcome_miss_state_mse": 0.5801126557393791,
    "h50/outcome_partial_episode_count": 3,
    "h50/outcome_partial_final_state_mse": 1.1826174866919423,
    "h50/outcome_partial_state_mse": 0.1251997465245864,
    "h50/outcome_success_episode_count": 3,
    "h50/outcome_success_final_state_mse": 1.200211817922156,
    "h50/outcome_success_state_mse": 0.12682487936580883,
    "h50/state_mse": 0.21369062755310458,
    "h75/episode_count": 15,
    "h75/final_state_mse": 442.66352124183004,
    "h75/outcome_drop_episode_count": 3,
    "h75/outcome_drop_final_state_mse": 332.59699244281046,
    "h75/outcome_drop_state_mse": 22.972079588779955,
    "h75/outcome_jam_episode_count": 3,
    "h75/outcome_jam_final_state_mse": 337.57092524509807,
    "h75/outcome_jam_state_mse": 23.41667313453159,
    "h75/outcome_miss_episode_count": 3,
    "h75/outcome_miss_final_state_mse": 888.2708588643791,
    "h75/outcome_miss_state_mse": 61.83300517429194,
    "h75/outcome_partial_episode_count": 3,
    "h75/outcome_partial_final_state_mse": 324.0923234528186,
    "h75/outcome_partial_state_mse": 22.454628948801744,
    "h75/outcome_success_episode_count": 3,
    "h75/outcome_success_final_state_mse": 330.7864200367647,
    "h75/outcome_success_state_mse": 22.87080678104575,
    "h75/state_mse": 30.70944008714597,
    "max_requested_horizon": 125,
    "reencode_period": null,
    "rollout_mode": "no_reencode"
  },
  "rollout_modes": {
    "no_reencode": {
      "episode_count": 15,
      "h10/episode_count": 15,
      "h10/final_state_mse": 0.002480972202774746,
      "h10/outcome_drop_episode_count": 3,
      "h10/outcome_drop_final_state_mse": 0.0019240666643466826,
      "h10/outcome_drop_state_mse": 0.0015653595230937783,
      "h10/outcome_jam_episode_count": 3,
      "h10/outcome_jam_final_state_mse": 0.0032037289606200326,
      "h10/outcome_jam_state_mse": 0.002193590511683545,
      "h10/outcome_miss_episode_count": 3,
      "h10/outcome_miss_final_state_mse": 0.003405328036523333,
      "h10/outcome_miss_state_mse": 0.010114505711723776,
      "h10/outcome_partial_episode_count": 3,
      "h10/outcome_partial_final_state_mse": 0.001949106154391189,
      "h10/outcome_partial_state_mse": 0.0015036460620905059,
      "h10/outcome_success_episode_count": 3,
      "h10/outcome_success_final_state_mse": 0.0019226308814645594,
      "h10/outcome_success_state_mse": 0.0015099050562366162,
      "h10/state_mse": 0.003377401563856337,
      "h100/episode_count": 15,
      "h100/final_state_mse": 174014.1908496732,
      "h100/outcome_drop_episode_count": 3,
      "h100/outcome_drop_final_state_mse": 129796.96405228759,
      "h100/outcome_drop_state_mse": 6090.450065359477,
      "h100/outcome_jam_episode_count": 3,
      "h100/outcome_jam_final_state_mse": 136354.5473856209,
      "h100/outcome_jam_state_mse": 6355.4432026143795,
      "h100/outcome_miss_episode_count": 3,
      "h100/outcome_miss_final_state_mse": 342040.3790849673,
      "h100/outcome_miss_state_mse": 16511.877124183007,
      "h100/outcome_partial_episode_count": 3,
      "h100/outcome_partial_final_state_mse": 131290.57189542483,
      "h100/outcome_partial_state_mse": 6108.212745098039,
      "h100/outcome_success_episode_count": 3,
      "h100/outcome_success_final_state_mse": 130588.45098039215,
      "h100/outcome_success_state_mse": 6103.917320261438,
      "h100/state_mse": 8233.980653594772,
      "h125/episode_count": 15,
      "h125/final_state_mse": 90324820.6640523,
      "h125/outcome_drop_episode_count": 3,
      "h125/outcome_drop_final_state_mse": 45649054.95424837,
      "h125/outcome_drop_state_mse": 1760968.4898300653,
      "h125/outcome_jam_episode_count": 3,
      "h125/outcome_jam_final_state_mse": 47390608.313725494,
      "h125/outcome_jam_state_mse": 1843354.4968366013,
      "h125/outcome_miss_episode_count": 3,
      "h125/outcome_miss_final_state_mse": 267415993.72549018,
      "h125/outcome_miss_state_mse": 8752880.218352942,
      "h125/outcome_partial_episode_count": 3,
      "h125/outcome_partial_final_state_mse": 45579174.90196078,
      "h125/outcome_partial_state_mse": 1773903.7916862746,
      "h125/outcome_success_episode_count": 3,
      "h125/outcome_success_final_state_mse": 45589237.54248366,
      "h125/outcome_success_state_mse": 1770364.4728888888,
      "h125/state_mse": 3180294.3421071894,
      "h20/episode_count": 15,
      "h20/final_state_mse": 0.0088023646984225,
      "h20/outcome_drop_episode_count": 3,
      "h20/outcome_drop_final_state_mse": 0.008011561495805878,
      "h20/outcome_drop_state_mse": 0.0030343561780218986,
      "h20/outcome_jam_episode_count": 3,
      "h20/outcome_jam_final_state_mse": 0.008438391817940606,
      "h20/outcome_jam_state_mse": 0.00354351190959706,
      "h20/outcome_miss_episode_count": 3,
      "h20/outcome_miss_final_state_mse": 0.0116921207484077,
      "h20/outcome_miss_state_mse": 0.008399220073924345,
      "h20/outcome_partial_episode_count": 3,
      "h20/outcome_partial_final_state_mse": 0.007939557039659787,
      "h20/outcome_partial_state_mse": 0.002982573337804258,
      "h20/outcome_success_episode_count": 3,
      "h20/outcome_success_final_state_mse": 0.00793018976068185,
      "h20/outcome_success_state_mse": 0.002982544587328543,
      "h20/state_mse": 0.004188440858928207,
      "h30/episode_count": 15,
      "h30/final_state_mse": 0.034623062532711656,
      "h30/outcome_drop_episode_count": 3,
      "h30/outcome_drop_final_state_mse": 0.028992610819199505,
      "h30/outcome_drop_state_mse": 0.007772467806448345,
      "h30/outcome_jam_episode_count": 3,
      "h30/outcome_jam_final_state_mse": 0.03164474675857943,
      "h30/outcome_jam_state_mse": 0.008375897127039292,
      "h30/outcome_miss_episode_count": 3,
      "h30/outcome_miss_final_state_mse": 0.053221945669136794,
      "h30/outcome_miss_state_mse": 0.01549624690303096,
      "h30/outcome_partial_episode_count": 3,
      "h30/outcome_partial_final_state_mse": 0.029658923741259606,
      "h30/outcome_partial_state_mse": 0.007723910824146146,
      "h30/outcome_success_episode_count": 3,
      "h30/outcome_success_final_state_mse": 0.02959709112940271,
      "h30/outcome_success_state_mse": 0.0077214802012724034,
      "h30/state_mse": 0.009418000530832993,
      "h40/episode_count": 15,
      "h40/final_state_mse": 0.19818623860677084,
      "h40/outcome_drop_episode_count": 3,
      "h40/outcome_drop_final_state_mse": 0.12479864070618074,
      "h40/outcome_drop_state_mse": 0.02289949928233826,
      "h40/outcome_jam_episode_count": 3,
      "h40/outcome_jam_final_state_mse": 0.13709134525722927,
      "h40/outcome_jam_state_mse": 0.025070391760932075,
      "h40/outcome_miss_episode_count": 3,
      "h40/outcome_miss_final_state_mse": 0.4416737213633419,
      "h40/outcome_miss_state_mse": 0.056471016204435065,
      "h40/outcome_partial_episode_count": 3,
      "h40/outcome_partial_final_state_mse": 0.1431958846796572,
      "h40/outcome_partial_state_mse": 0.024507218716191312,
      "h40/outcome_success_episode_count": 3,
      "h40/outcome_success_final_state_mse": 0.14417151843800263,
      "h40/outcome_success_state_mse": 0.024547354380289713,
      "h40/state_mse": 0.03069909787645527,
      "h50/episode_count": 15,
      "h50/final_state_mse": 2.2015896267361112,
      "h50/outcome_drop_episode_count": 3,
      "h50/outcome_drop_final_state_mse": 1.061893213808147,
      "h50/outcome_drop_state_mse": 0.11428427901922487,
      "h50/outcome_jam_episode_count": 3,
      "h50/outcome_jam_final_state_mse": 1.1416104634602864,
      "h50/outcome_jam_state_mse": 0.12203163496029923,
      "h50/outcome_miss_episode_count": 3,
      "h50/outcome_miss_final_state_mse": 6.421614902471405,
      "h50/outcome_miss_state_mse": 0.5801126557393791,
      "h50/outcome_partial_episode_count": 3,
      "h50/outcome_partial_final_state_mse": 1.1826174866919423,
      "h50/outcome_partial_state_mse": 0.1251997465245864,
      "h50/outcome_success_episode_count": 3,
      "h50/outcome_success_final_state_mse": 1.200211817922156,
      "h50/outcome_success_state_mse": 0.12682487936580883,
      "h50/state_mse": 0.21369062755310458,
      "h75/episode_count": 15,
      "h75/final_state_mse": 442.66352124183004,
      "h75/outcome_drop_episode_count": 3,
      "h75/outcome_drop_final_state_mse": 332.59699244281046,
      "h75/outcome_drop_state_mse": 22.972079588779955,
      "h75/outcome_jam_episode_count": 3,
      "h75/outcome_jam_final_state_mse": 337.57092524509807,
      "h75/outcome_jam_state_mse": 23.41667313453159,
      "h75/outcome_miss_episode_count": 3,
      "h75/outcome_miss_final_state_mse": 888.2708588643791,
      "h75/outcome_miss_state_mse": 61.83300517429194,
      "h75/outcome_partial_episode_count": 3,
      "h75/outcome_partial_final_state_mse": 324.0923234528186,
      "h75/outcome_partial_state_mse": 22.454628948801744,
      "h75/outcome_success_episode_count": 3,
      "h75/outcome_success_final_state_mse": 330.7864200367647,
      "h75/outcome_success_state_mse": 22.87080678104575,
      "h75/state_mse": 30.70944008714597,
      "max_requested_horizon": 125,
      "reencode_period": null,
      "rollout_mode": "no_reencode"
    },
    "periodic_1": {
      "episode_count": 15,
      "h10/episode_count": 15,
      "h10/final_state_mse": 0.002991437288670758,
      "h10/outcome_drop_episode_count": 3,
      "h10/outcome_drop_final_state_mse": 0.0021265037844773213,
      "h10/outcome_drop_state_mse": 0.0017334725926904117,
      "h10/outcome_jam_episode_count": 3,
      "h10/outcome_jam_final_state_mse": 0.0028584451457254246,
      "h10/outcome_jam_state_mse": 0.0023149257391885994,
      "h10/outcome_miss_episode_count": 3,
      "h10/outcome_miss_final_state_mse": 0.005558065047451094,
      "h10/outcome_miss_state_mse": 0.012020816834144342,
      "h10/outcome_partial_episode_count": 3,
      "h10/outcome_partial_final_state_mse": 0.00220111243767676,
      "h10/outcome_partial_state_mse": 0.0016589543788261662,
      "h10/outcome_success_episode_count": 3,
      "h10/outcome_success_final_state_mse": 0.002213059833236769,
      "h10/outcome_success_state_mse": 0.0016825807639975954,
      "h10/state_mse": 0.0038821498397129035,
      "h100/episode_count": 15,
      "h100/final_state_mse": 0.00563657611024146,
      "h100/outcome_drop_episode_count": 3,
      "h100/outcome_drop_final_state_mse": 0.006179636064308142,
      "h100/outcome_drop_state_mse": 0.005255102082794788,
      "h100/outcome_jam_episode_count": 3,
      "h100/outcome_jam_final_state_mse": 0.005651789017362532,
      "h100/outcome_jam_state_mse": 0.004145193910287097,
      "h100/outcome_miss_episode_count": 3,
      "h100/outcome_miss_final_state_mse": 0.007211091666439779,
      "h100/outcome_miss_state_mse": 0.005252869549919577,
      "h100/outcome_partial_episode_count": 3,
      "h100/outcome_partial_final_state_mse": 0.004366859696269814,
      "h100/outcome_partial_state_mse": 0.003217862945756102,
      "h100/outcome_success_episode_count": 3,
      "h100/outcome_success_final_state_mse": 0.004773505567725188,
      "h100/outcome_success_state_mse": 0.0035381807065477558,
      "h100/state_mse": 0.004281842001123366,
      "h125/episode_count": 15,
      "h125/final_state_mse": 0.007377569659862643,
      "h125/outcome_drop_episode_count": 3,
      "h125/outcome_drop_final_state_mse": 0.006257549415226855,
      "h125/outcome_drop_state_mse": 0.005350998922111162,
      "h125/outcome_jam_episode_count": 3,
      "h125/outcome_jam_final_state_mse": 0.010783716744067622,
      "h125/outcome_jam_state_mse": 0.0053637981539458235,
      "h125/outcome_miss_episode_count": 3,
      "h125/outcome_miss_final_state_mse": 0.012079697126656576,
      "h125/outcome_miss_state_mse": 0.0059171744951235705,
      "h125/outcome_partial_episode_count": 3,
      "h125/outcome_partial_final_state_mse": 0.0033391790549739515,
      "h125/outcome_partial_state_mse": 0.003251046573414522,
      "h125/outcome_success_episode_count": 3,
      "h125/outcome_success_final_state_mse": 0.004427706396657657,
      "h125/outcome_success_state_mse": 0.003863141527362898,
      "h125/state_mse": 0.004749231834660948,
      "h20/episode_count": 15,
      "h20/final_state_mse": 0.004254023857366026,
      "h20/outcome_drop_episode_count": 3,
      "h20/outcome_drop_final_state_mse": 0.003978010924423442,
      "h20/outcome_drop_state_mse": 0.0025836449822569207,
      "h20/outcome_jam_episode_count": 3,
      "h20/outcome_jam_final_state_mse": 0.004193564158639098,
      "h20/outcome_jam_state_mse": 0.0031373564324347803,
      "h20/outcome_miss_episode_count": 3,
      "h20/outcome_miss_final_state_mse": 0.005696713534835117,
      "h20/outcome_miss_state_mse": 0.008743656071182949,
      "h20/outcome_partial_episode_count": 3,
      "h20/outcome_partial_final_state_mse": 0.003684091290422514,
      "h20/outcome_partial_state_mse": 0.002524358930151447,
      "h20/outcome_success_episode_count": 3,
      "h20/outcome_success_final_state_mse": 0.0037177405228801803,
      "h20/outcome_success_state_mse": 0.00254515573090198,
      "h20/state_mse": 0.0039068344215941585,
      "h30/episode_count": 15,
      "h30/final_state_mse": 0.0037113803664064094,
      "h30/outcome_drop_episode_count": 3,
      "h30/outcome_drop_final_state_mse": 0.003270692198105108,
      "h30/outcome_drop_state_mse": 0.0028481335162077594,
      "h30/outcome_jam_episode_count": 3,
      "h30/outcome_jam_final_state_mse": 0.004157445107410156,
      "h30/outcome_jam_state_mse": 0.0033816409266852086,
      "h30/outcome_miss_episode_count": 3,
      "h30/outcome_miss_final_state_mse": 0.004505874187338586,
      "h30/outcome_miss_state_mse": 0.00757125322595401,
      "h30/outcome_partial_episode_count": 3,
      "h30/outcome_partial_final_state_mse": 0.0032775198273799,
      "h30/outcome_partial_state_mse": 0.0027782809500600776,
      "h30/outcome_success_episode_count": 3,
      "h30/outcome_success_final_state_mse": 0.0033453714613820994,
      "h30/outcome_success_state_mse": 0.0027911214527221546,
      "h30/state_mse": 0.003874086201320806,
      "h40/episode_count": 15,
      "h40/final_state_mse": 0.0033064153459337023,
      "h40/outcome_drop_episode_count": 3,
      "h40/outcome_drop_final_state_mse": 0.0032366663217544556,
      "h40/outcome_drop_state_mse": 0.003052135269626293,
      "h40/outcome_jam_episode_count": 3,
      "h40/outcome_jam_final_state_mse": 0.003003425530943216,
      "h40/outcome_jam_state_mse": 0.0034389960220436644,
      "h40/outcome_miss_episode_count": 3,
      "h40/outcome_miss_final_state_mse": 0.0044168567930171695,
      "h40/outcome_miss_state_mse": 0.0067834614149106095,
      "h40/outcome_partial_episode_count": 3,
      "h40/outcome_partial_final_state_mse": 0.002936402907948089,
      "h40/outcome_partial_state_mse": 0.0028443772029253392,
      "h40/outcome_success_episode_count": 3,
      "h40/outcome_success_final_state_mse": 0.002938725102960674,
      "h40/outcome_success_state_mse": 0.0028628938533122243,
      "h40/state_mse": 0.0037963727564593545,
      "h50/episode_count": 15,
      "h50/final_state_mse": 0.004006806541891659,
      "h50/outcome_drop_episode_count": 3,
      "h50/outcome_drop_final_state_mse": 0.007574694413764804,
      "h50/outcome_drop_state_mse": 0.003673378751168843,
      "h50/outcome_jam_episode_count": 3,
      "h50/outcome_jam_final_state_mse": 0.003538295383157294,
      "h50/outcome_jam_state_mse": 0.0034964846318064173,
      "h50/outcome_miss_episode_count": 3,
      "h50/outcome_miss_final_state_mse": 0.0036119431062461506,
      "h50/outcome_miss_state_mse": 0.006212653989106222,
      "h50/outcome_partial_episode_count": 3,
      "h50/outcome_partial_final_state_mse": 0.002612131921684041,
      "h50/outcome_partial_state_mse": 0.002847604408762813,
      "h50/outcome_success_episode_count": 3,
      "h50/outcome_success_final_state_mse": 0.0026969681767856375,
      "h50/outcome_success_state_mse": 0.0028667883467830084,
      "h50/state_mse": 0.003819382212520425,
      "h75/episode_count": 15,
      "h75/final_state_mse": 0.006007606531280318,
      "h75/outcome_drop_episode_count": 3,
      "h75/outcome_drop_final_state_mse": 0.007406882065183976,
      "h75/outcome_drop_state_mse": 0.004937200151497502,
      "h75/outcome_jam_episode_count": 3,
      "h75/outcome_jam_final_state_mse": 0.006053430241307402,
      "h75/outcome_jam_state_mse": 0.0037403547997568167,
      "h75/outcome_miss_episode_count": 3,
      "h75/outcome_miss_final_state_mse": 0.005900640990219864,
      "h75/outcome_miss_state_mse": 0.005282173738500391,
      "h75/outcome_partial_episode_count": 3,
      "h75/outcome_partial_final_state_mse": 0.00439563500725366,
      "h75/outcome_partial_state_mse": 0.00299937989976671,
      "h75/outcome_success_episode_count": 3,
      "h75/outcome_success_final_state_mse": 0.006281442112392849,
      "h75/outcome_success_state_mse": 0.0030822448896686496,
      "h75/state_mse": 0.00400827046313317,
      "max_requested_horizon": 125,
      "reencode_period": 1,
      "rollout_mode": "periodic_1"
    },
    "periodic_10": {
      "episode_count": 15,
      "h10/episode_count": 15,
      "h10/final_state_mse": 0.002480972202774746,
      "h10/outcome_drop_episode_count": 3,
      "h10/outcome_drop_final_state_mse": 0.001924066603475926,
      "h10/outcome_drop_state_mse": 0.001565359425700568,
      "h10/outcome_jam_episode_count": 3,
      "h10/outcome_jam_final_state_mse": 0.0032037293014962687,
      "h10/outcome_jam_state_mse": 0.002193590238982556,
      "h10/outcome_miss_episode_count": 3,
      "h10/outcome_miss_final_state_mse": 0.0034053277443437014,
      "h10/outcome_miss_state_mse": 0.010114505867552913,
      "h10/outcome_partial_episode_count": 3,
      "h10/outcome_partial_final_state_mse": 0.0019491066170089384,
      "h10/outcome_partial_state_mse": 0.0015036461789623584,
      "h10/outcome_success_episode_count": 3,
      "h10/outcome_success_final_state_mse": 0.001922630589284928,
      "h10/outcome_success_state_mse": 0.0015099052120657527,
      "h10/state_mse": 0.003377401314529718,
      "h100/episode_count": 15,
      "h100/final_state_mse": 0.0031729374056548073,
      "h100/outcome_drop_episode_count": 3,
      "h100/outcome_drop_final_state_mse": 0.0033616159184306276,
      "h100/outcome_drop_state_mse": 0.00259517043244605,
      "h100/outcome_jam_episode_count": 3,
      "h100/outcome_jam_final_state_mse": 0.003610590996305927,
      "h100/outcome_jam_state_mse": 0.003152000389847101,
      "h100/outcome_miss_episode_count": 3,
      "h100/outcome_miss_final_state_mse": 0.0024650653982474136,
      "h100/outcome_miss_state_mse": 0.00336277319714914,
      "h100/outcome_partial_episode_count": 3,
      "h100/outcome_partial_final_state_mse": 0.0023495745327737597,
      "h100/outcome_partial_state_mse": 0.002161392324111041,
      "h100/outcome_success_episode_count": 3,
      "h100/outcome_success_final_state_mse": 0.004077840377302731,
      "h100/outcome_success_state_mse": 0.002519345564000747,
      "h100/state_mse": 0.002758136225681679,
      "h125/episode_count": 15,
      "h125/final_state_mse": 0.0037991682688395183,
      "h125/outcome_drop_episode_count": 3,
      "h125/outcome_drop_final_state_mse": 0.004664338005134483,
      "h125/outcome_drop_state_mse": 0.002874625361822789,
      "h125/outcome_jam_episode_count": 3,
      "h125/outcome_jam_final_state_mse": 0.005432345411356758,
      "h125/outcome_jam_state_mse": 0.0034354282952601613,
      "h125/outcome_miss_episode_count": 3,
      "h125/outcome_miss_final_state_mse": 0.0030811264185734042,
      "h125/outcome_miss_state_mse": 0.0032445694169187856,
      "h125/outcome_partial_episode_count": 3,
      "h125/outcome_partial_final_state_mse": 0.0021096512285712497,
      "h125/outcome_partial_state_mse": 0.0021753892088248058,
      "h125/outcome_success_episode_count": 3,
      "h125/outcome_success_final_state_mse": 0.003708380791876051,
      "h125/outcome_success_state_mse": 0.002750022638856975,
      "h125/state_mse": 0.0028960069444444445,
      "h20/episode_count": 15,
      "h20/final_state_mse": 0.002424873246086968,
      "h20/outcome_drop_episode_count": 3,
      "h20/outcome_drop_final_state_mse": 0.0022756554722006806,
      "h20/outcome_drop_state_mse": 0.00175564199491264,
      "h20/outcome_jam_episode_count": 3,
      "h20/outcome_jam_final_state_mse": 0.0027569594239097795,
      "h20/outcome_jam_state_mse": 0.002338017396677553,
      "h20/outcome_miss_episode_count": 3,
      "h20/outcome_miss_final_state_mse": 0.002718113362789154,
      "h20/outcome_miss_state_mse": 0.006480863047581093,
      "h20/outcome_partial_episode_count": 3,
      "h20/outcome_partial_final_state_mse": 0.0021825124040927763,
      "h20/outcome_partial_state_mse": 0.0016984733685948491,
      "h20/outcome_success_episode_count": 3,
      "h20/outcome_success_final_state_mse": 0.0021911255674424515,
      "h20/outcome_success_state_mse": 0.0017025138038435793,
      "h20/state_mse": 0.002795101988549326,
      "h30/episode_count": 15,
      "h30/final_state_mse": 0.002303153860802744,
      "h30/outcome_drop_episode_count": 3,
      "h30/outcome_drop_final_state_mse": 0.0022164740496211583,
      "h30/outcome_drop_state_mse": 0.001880361779323071,
      "h30/outcome_jam_episode_count": 3,
      "h30/outcome_jam_final_state_mse": 0.002673265396379957,
      "h30/outcome_jam_state_mse": 0.002458013740240359,
      "h30/outcome_miss_episode_count": 3,
      "h30/outcome_miss_final_state_mse": 0.002150239021170373,
      "h30/outcome_miss_state_mse": 0.0051192063391857934,
      "h30/outcome_partial_episode_count": 3,
      "h30/outcome_partial_final_state_mse": 0.0022179051698033325,
      "h30/outcome_partial_state_mse": 0.0018079861057090343,
      "h30/outcome_success_episode_count": 3,
      "h30/outcome_success_final_state_mse": 0.0022578863000947665,
      "h30/outcome_success_state_mse": 0.0018118512916149396,
      "h30/state_mse": 0.0026154837681057665,
      "h40/episode_count": 15,
      "h40/final_state_mse": 0.00207521027209712,
      "h40/outcome_drop_episode_count": 3,
      "h40/outcome_drop_final_state_mse": 0.0020001015437194724,
      "h40/outcome_drop_state_mse": 0.001997847183077943,
      "h40/outcome_jam_episode_count": 3,
      "h40/outcome_jam_final_state_mse": 0.002290947569741143,
      "h40/outcome_jam_state_mse": 0.0024792274618460463,
      "h40/outcome_miss_episode_count": 3,
      "h40/outcome_miss_final_state_mse": 0.0017993739909595912,
      "h40/outcome_miss_state_mse": 0.004347619433808171,
      "h40/outcome_partial_episode_count": 3,
      "h40/outcome_partial_final_state_mse": 0.0021526304140589594,
      "h40/outcome_partial_state_mse": 0.0018519018600189608,
      "h40/outcome_success_episode_count": 3,
      "h40/outcome_success_final_state_mse": 0.0021329977933098286,
      "h40/outcome_success_state_mse": 0.001857326038522658,
      "h40/state_mse": 0.0025067844266205832,
      "h50/episode_count": 15,
      "h50/final_state_mse": 0.002459185419518963,
      "h50/outcome_drop_episode_count": 3,
      "h50/outcome_drop_final_state_mse": 0.002454874343147465,
      "h50/outcome_drop_state_mse": 0.0021583900576323464,
      "h50/outcome_jam_episode_count": 3,
      "h50/outcome_jam_final_state_mse": 0.003228021603004605,
      "h50/outcome_jam_state_mse": 0.002587936750424454,
      "h50/outcome_miss_episode_count": 3,
      "h50/outcome_miss_final_state_mse": 0.002225779630000295,
      "h50/outcome_miss_state_mse": 0.003890523536532533,
      "h50/outcome_partial_episode_count": 3,
      "h50/outcome_partial_final_state_mse": 0.0021640315067534355,
      "h50/outcome_partial_state_mse": 0.001926858565386604,
      "h50/outcome_success_episode_count": 3,
      "h50/outcome_success_final_state_mse": 0.0022232200146890153,
      "h50/outcome_success_state_mse": 0.0019369270598966312,
      "h50/state_mse": 0.0025001270568448734,
      "h75/episode_count": 15,
      "h75/final_state_mse": 0.0045186881146399805,
      "h75/outcome_drop_episode_count": 3,
      "h75/outcome_drop_final_state_mse": 0.0037017457576748593,
      "h75/outcome_drop_state_mse": 0.0023896292975265736,
      "h75/outcome_jam_episode_count": 3,
      "h75/outcome_jam_final_state_mse": 0.005209571152341132,
      "h75/outcome_jam_state_mse": 0.0029641902316889213,
      "h75/outcome_miss_episode_count": 3,
      "h75/outcome_miss_final_state_mse": 0.005723018954002779,
      "h75/outcome_miss_state_mse": 0.0035142234519675926,
      "h75/outcome_partial_episode_count": 3,
      "h75/outcome_partial_final_state_mse": 0.0033876805328855327,
      "h75/outcome_partial_state_mse": 0.0021771155047780287,
      "h75/outcome_success_episode_count": 3,
      "h75/outcome_success_final_state_mse": 0.004571424054554085,
      "h75/outcome_success_state_mse": 0.002239066853242762,
      "h75/state_mse": 0.002656845192504085,
      "max_requested_horizon": 125,
      "reencode_period": 10,
      "rollout_mode": "periodic_10"
    },
    "periodic_100": {
      "episode_count": 15,
      "h10/episode_count": 15,
      "h10/final_state_mse": 0.002480972202774746,
      "h10/outcome_drop_episode_count": 3,
      "h10/outcome_drop_final_state_mse": 0.001924066603475926,
      "h10/outcome_drop_state_mse": 0.001565359425700568,
      "h10/outcome_jam_episode_count": 3,
      "h10/outcome_jam_final_state_mse": 0.0032037293014962687,
      "h10/outcome_jam_state_mse": 0.002193590238982556,
      "h10/outcome_miss_episode_count": 3,
      "h10/outcome_miss_final_state_mse": 0.0034053277443437014,
      "h10/outcome_miss_state_mse": 0.010114505867552913,
      "h10/outcome_partial_episode_count": 3,
      "h10/outcome_partial_final_state_mse": 0.0019491066170089384,
      "h10/outcome_partial_state_mse": 0.0015036461789623584,
      "h10/outcome_success_episode_count": 3,
      "h10/outcome_success_final_state_mse": 0.001922630589284928,
      "h10/outcome_success_state_mse": 0.0015099052120657527,
      "h10/state_mse": 0.003377401314529718,
      "h100/episode_count": 15,
      "h100/final_state_mse": 174014.22222222222,
      "h100/outcome_drop_episode_count": 3,
      "h100/outcome_drop_final_state_mse": 129796.95751633987,
      "h100/outcome_drop_state_mse": 6090.450065359477,
      "h100/outcome_jam_episode_count": 3,
      "h100/outcome_jam_final_state_mse": 136354.53267973856,
      "h100/outcome_jam_state_mse": 6355.4432026143795,
      "h100/outcome_miss_episode_count": 3,
      "h100/outcome_miss_final_state_mse": 342040.50980392157,
      "h100/outcome_miss_state_mse": 16511.88,
      "h100/outcome_partial_episode_count": 3,
      "h100/outcome_partial_final_state_mse": 131290.6209150327,
      "h100/outcome_partial_state_mse": 6108.213660130719,
      "h100/outcome_success_episode_count": 3,
      "h100/outcome_success_final_state_mse": 130588.48366013072,
      "h100/outcome_success_state_mse": 6103.917777777778,
      "h100/state_mse": 8233.980653594772,
      "h125/episode_count": 15,
      "h125/final_state_mse": 99974.94379084968,
      "h125/outcome_drop_episode_count": 3,
      "h125/outcome_drop_final_state_mse": 60826.73897058824,
      "h125/outcome_drop_state_mse": 8870.751895424837,
      "h125/outcome_jam_episode_count": 3,
      "h125/outcome_jam_final_state_mse": 58401.58619281046,
      "h125/outcome_jam_state_mse": 8985.858614379085,
      "h125/outcome_miss_episode_count": 3,
      "h125/outcome_miss_final_state_mse": 262784.35294117645,
      "h125/outcome_miss_state_mse": 28448.448418300653,
      "h125/outcome_partial_episode_count": 3,
      "h125/outcome_partial_final_state_mse": 58490.41503267974,
      "h125/outcome_partial_state_mse": 8769.102326797385,
      "h125/outcome_success_episode_count": 3,
      "h125/outcome_success_final_state_mse": 59371.60049019608,
      "h125/outcome_success_state_mse": 8796.768732026143,
      "h125/state_mse": 12774.184491503269,
      "h20/episode_count": 15,
      "h20/final_state_mse": 0.00880236282847286,
      "h20/outcome_drop_episode_count": 3,
      "h20/outcome_drop_final_state_mse": 0.008011560619266984,
      "h20/outcome_drop_state_mse": 0.003034356333851035,
      "h20/outcome_jam_episode_count": 3,
      "h20/outcome_jam_final_state_mse": 0.008438392402299868,
      "h20/outcome_jam_state_mse": 0.0035435119485543445,
      "h20/outcome_miss_episode_count": 3,
      "h20/outcome_miss_final_state_mse": 0.011692119190116333,
      "h20/outcome_miss_state_mse": 0.008399219918095209,
      "h20/outcome_partial_episode_count": 3,
      "h20/outcome_partial_final_state_mse": 0.00793955557876163,
      "h20/outcome_partial_state_mse": 0.002982573337804258,
      "h20/outcome_success_episode_count": 3,
      "h20/outcome_success_final_state_mse": 0.007930190734613955,
      "h20/outcome_success_state_mse": 0.002982544587328543,
      "h20/state_mse": 0.004188441357581444,
      "h30/episode_count": 15,
      "h30/final_state_mse": 0.034623062532711656,
      "h30/outcome_drop_episode_count": 3,
      "h30/outcome_drop_final_state_mse": 0.028992613546209398,
      "h30/outcome_drop_state_mse": 0.00777246739090398,
      "h30/outcome_jam_episode_count": 3,
      "h30/outcome_jam_final_state_mse": 0.03164474481071522,
      "h30/outcome_jam_state_mse": 0.008375897646469748,
      "h30/outcome_miss_episode_count": 3,
      "h30/outcome_miss_final_state_mse": 0.053221947227428165,
      "h30/outcome_miss_state_mse": 0.01549624690303096,
      "h30/outcome_partial_episode_count": 3,
      "h30/outcome_partial_final_state_mse": 0.029658917897666982,
      "h30/outcome_partial_state_mse": 0.007723910616373964,
      "h30/outcome_success_episode_count": 3,
      "h30/outcome_success_final_state_mse": 0.02959709112940271,
      "h30/outcome_success_state_mse": 0.007721480616816768,
      "h30/state_mse": 0.009418000530832993,
      "h40/episode_count": 15,
      "h40/final_state_mse": 0.19818621866064134,
      "h40/outcome_drop_episode_count": 3,
      "h40/outcome_drop_final_state_mse": 0.12479862512326707,
      "h40/outcome_drop_state_mse": 0.022899500528971353,
      "h40/outcome_jam_episode_count": 3,
      "h40/outcome_jam_final_state_mse": 0.13709136084014295,
      "h40/outcome_jam_state_mse": 0.025070392384248623,
      "h40/outcome_miss_episode_count": 3,
      "h40/outcome_miss_final_state_mse": 0.44167378992816203,
      "h40/outcome_miss_state_mse": 0.056471015581118514,
      "h40/outcome_partial_episode_count": 3,
      "h40/outcome_partial_final_state_mse": 0.14319587221332625,
      "h40/outcome_partial_state_mse": 0.024507218716191312,
      "h40/outcome_success_episode_count": 3,
      "h40/outcome_success_final_state_mse": 0.14417149973850624,
      "h40/outcome_success_state_mse": 0.024547354380289713,
      "h40/state_mse": 0.03069909588184232,
      "h50/episode_count": 15,
      "h50/final_state_mse": 2.2015896267361112,
      "h50/outcome_drop_episode_count": 3,
      "h50/outcome_drop_final_state_mse": 1.0618933010724634,
      "h50/outcome_drop_state_mse": 0.11428427901922487,
      "h50/outcome_jam_episode_count": 3,
      "h50/outcome_jam_final_state_mse": 1.1416102390663296,
      "h50/outcome_jam_state_mse": 0.12203162698184743,
      "h50/outcome_miss_episode_count": 3,
      "h50/outcome_miss_final_state_mse": 6.421614503548815,
      "h50/outcome_miss_state_mse": 0.5801126238255719,
      "h50/outcome_partial_episode_count": 3,
      "h50/outcome_partial_final_state_mse": 1.1826174492929495,
      "h50/outcome_partial_state_mse": 0.1251997305676828,
      "h50/outcome_success_episode_count": 3,
      "h50/outcome_success_final_state_mse": 1.2002119425854652,
      "h50/outcome_success_state_mse": 0.12682488136042178,
      "h50/state_mse": 0.21369064031862745,
      "h75/episode_count": 15,
      "h75/final_state_mse": 442.66352124183004,
      "h75/outcome_drop_episode_count": 3,
      "h75/outcome_drop_final_state_mse": 332.597088184232,
      "h75/outcome_drop_state_mse": 22.972082312091505,
      "h75/outcome_jam_episode_count": 3,
      "h75/outcome_jam_final_state_mse": 337.5709380106209,
      "h75/outcome_jam_state_mse": 23.416672453703704,
      "h75/outcome_miss_episode_count": 3,
      "h75/outcome_miss_final_state_mse": 888.2709865196078,
      "h75/outcome_miss_state_mse": 61.83300653594771,
      "h75/outcome_partial_episode_count": 3,
      "h75/outcome_partial_final_state_mse": 324.09227877348854,
      "h75/outcome_partial_state_mse": 22.454627246732027,
      "h75/outcome_success_episode_count": 3,
      "h75/outcome_success_final_state_mse": 330.78639131433823,
      "h75/outcome_success_state_mse": 22.870804057734205,
      "h75/state_mse": 30.70944008714597,
      "max_requested_horizon": 125,
      "reencode_period": 100,
      "rollout_mode": "periodic_100"
    },
    "periodic_2": {
      "episode_count": 15,
      "h10/episode_count": 15,
      "h10/final_state_mse": 0.0022963780982821597,
      "h10/outcome_drop_episode_count": 3,
      "h10/outcome_drop_final_state_mse": 0.0015094734095280466,
      "h10/outcome_drop_state_mse": 0.0015062117109111712,
      "h10/outcome_jam_episode_count": 3,
      "h10/outcome_jam_final_state_mse": 0.00224659177992079,
      "h10/outcome_jam_state_mse": 0.0020267583965476042,
      "h10/outcome_miss_episode_count": 3,
      "h10/outcome_miss_final_state_mse": 0.00479280490890827,
      "h10/outcome_miss_state_mse": 0.011207095626132941,
      "h10/outcome_partial_episode_count": 3,
      "h10/outcome_partial_final_state_mse": 0.0014487015801707124,
      "h10/outcome_partial_state_mse": 0.0014210229995203954,
      "h10/outcome_success_episode_count": 3,
      "h10/outcome_success_final_state_mse": 0.001484318447658439,
      "h10/outcome_success_state_mse": 0.001439955655266257,
      "h10/state_mse": 0.003520208620557598,
      "h100/episode_count": 15,
      "h100/final_state_mse": 0.0038263090295729296,
      "h100/outcome_drop_episode_count": 3,
      "h100/outcome_drop_final_state_mse": 0.004803539685953677,
      "h100/outcome_drop_state_mse": 0.0033839256934870303,
      "h100/outcome_jam_episode_count": 3,
      "h100/outcome_jam_final_state_mse": 0.003153844401727315,
      "h100/outcome_jam_state_mse": 0.0031307273440890843,
      "h100/outcome_miss_episode_count": 3,
      "h100/outcome_miss_final_state_mse": 0.005090004819280961,
      "h100/outcome_miss_state_mse": 0.004212553111556308,
      "h100/outcome_partial_episode_count": 3,
      "h100/outcome_partial_final_state_mse": 0.0026291898068259746,
      "h100/outcome_partial_state_mse": 0.002402849072724386,
      "h100/outcome_success_episode_count": 3,
      "h100/outcome_success_final_state_mse": 0.003454965801020853,
      "h100/outcome_success_state_mse": 0.0026642045787736482,
      "h100/state_mse": 0.0031588519725924222,
      "h125/episode_count": 15,
      "h125/final_state_mse": 0.0051932562410441875,
      "h125/outcome_drop_episode_count": 3,
      "h125/outcome_drop_final_state_mse": 0.007295904595867481,
      "h125/outcome_drop_state_mse": 0.0038736601187512767,
      "h125/outcome_jam_episode_count": 3,
      "h125/outcome_jam_final_state_mse": 0.00427559544058407,
      "h125/outcome_jam_state_mse": 0.0033799035564746733,
      "h125/outcome_miss_episode_count": 3,
      "h125/outcome_miss_final_state_mse": 0.007349035173070197,
      "h125/outcome_miss_state_mse": 0.0046864723754084965,
      "h125/outcome_partial_episode_count": 3,
      "h125/outcome_partial_final_state_mse": 0.002743968825324688,
      "h125/outcome_partial_state_mse": 0.0024554794909907324,
      "h125/outcome_success_episode_count": 3,
      "h125/outcome_success_final_state_mse": 0.004301777316464318,
      "h125/outcome_success_state_mse": 0.0029043974034926472,
      "h125/state_mse": 0.0034599826388888887,
      "h20/episode_count": 15,
      "h20/final_state_mse": 0.002966157127829159,
      "h20/outcome_drop_episode_count": 3,
      "h20/outcome_drop_final_state_mse": 0.0032445559752922433,
      "h20/outcome_drop_state_mse": 0.00192591497321534,
      "h20/outcome_jam_episode_count": 3,
      "h20/outcome_jam_final_state_mse": 0.0031404159232681873,
      "h20/outcome_jam_state_mse": 0.002428535542456932,
      "h20/outcome_miss_episode_count": 3,
      "h20/outcome_miss_final_state_mse": 0.002764199002116334,
      "h20/outcome_miss_state_mse": 0.007323358573165594,
      "h20/outcome_partial_episode_count": 3,
      "h20/outcome_partial_final_state_mse": 0.0028385674593105815,
      "h20/outcome_partial_state_mse": 0.0018352080014796038,
      "h20/outcome_success_episode_count": 3,
      "h20/outcome_success_final_state_mse": 0.002843047206113541,
      "h20/outcome_success_state_mse": 0.0018592983289481768,
      "h20/state_mse": 0.003074463239682266,
      "h30/episode_count": 15,
      "h30/final_state_mse": 0.0027812689737556806,
      "h30/outcome_drop_episode_count": 3,
      "h30/outcome_drop_final_state_mse": 0.002548359675345078,
      "h30/outcome_drop_state_mse": 0.002225868218864491,
      "h30/outcome_jam_episode_count": 3,
      "h30/outcome_jam_final_state_mse": 0.0031932355969949487,
      "h30/outcome_jam_state_mse": 0.002744893207009841,
      "h30/outcome_miss_episode_count": 3,
      "h30/outcome_miss_final_state_mse": 0.0029890743735568976,
      "h30/outcome_miss_state_mse": 0.006022027686790184,
      "h30/outcome_partial_episode_count": 3,
      "h30/outcome_partial_final_state_mse": 0.0025470572359421674,
      "h30/outcome_partial_state_mse": 0.0021386652210958644,
      "h30/outcome_success_episode_count": 3,
      "h30/outcome_success_final_state_mse": 0.0026286188634782057,
      "h30/outcome_success_state_mse": 0.0021620319040252752,
      "h30/state_mse": 0.0030586974033862675,
      "h40/episode_count": 15,
      "h40/final_state_mse": 0.0027488696029762815,
      "h40/outcome_drop_episode_count": 3,
      "h40/outcome_drop_final_state_mse": 0.002810969120926327,
      "h40/outcome_drop_state_mse": 0.002417573079564213,
      "h40/outcome_jam_episode_count": 3,
      "h40/outcome_jam_final_state_mse": 0.0025860042451253903,
      "h40/outcome_jam_state_mse": 0.002786068666994182,
      "h40/outcome_miss_episode_count": 3,
      "h40/outcome_miss_final_state_mse": 0.0034148331268940096,
      "h40/outcome_miss_state_mse": 0.005371228542203218,
      "h40/outcome_partial_episode_count": 3,
      "h40/outcome_partial_final_state_mse": 0.0024659445667578506,
      "h40/outcome_partial_state_mse": 0.0022123665007111296,
      "h40/outcome_success_episode_count": 3,
      "h40/outcome_success_final_state_mse": 0.002466596687346502,
      "h40/outcome_success_state_mse": 0.0022362650999056747,
      "h40/state_mse": 0.003004700654472401,
      "h50/episode_count": 15,
      "h50/final_state_mse": 0.0030643618963902292,
      "h50/outcome_drop_episode_count": 3,
      "h50/outcome_drop_final_state_mse": 0.0036625043044682423,
      "h50/outcome_drop_state_mse": 0.0027577735240163367,
      "h50/outcome_jam_episode_count": 3,
      "h50/outcome_jam_final_state_mse": 0.003336176470993391,
      "h50/outcome_jam_state_mse": 0.0028906271816079134,
      "h50/outcome_miss_episode_count": 3,
      "h50/outcome_miss_final_state_mse": 0.003016735165337332,
      "h50/outcome_miss_state_mse": 0.004973585839365043,
      "h50/outcome_partial_episode_count": 3,
      "h50/outcome_partial_final_state_mse": 0.0025970441064024283,
      "h50/outcome_partial_state_mse": 0.002290803871902765,
      "h50/outcome_success_episode_count": 3,
      "h50/outcome_success_final_state_mse": 0.0027093500678056206,
      "h50/outcome_success_state_mse": 0.0023160032509199156,
      "h50/state_mse": 0.0030457586151322507,
      "h75/episode_count": 15,
      "h75/final_state_mse": 0.004629570518443787,
      "h75/outcome_drop_episode_count": 3,
      "h75/outcome_drop_final_state_mse": 0.004468820404772665,
      "h75/outcome_drop_state_mse": 0.003175502103917739,
      "h75/outcome_jam_episode_count": 3,
      "h75/outcome_jam_final_state_mse": 0.0045406667430416435,
      "h75/outcome_jam_state_mse": 0.003104123674446721,
      "h75/outcome_miss_episode_count": 3,
      "h75/outcome_miss_final_state_mse": 0.006074388334953707,
      "h75/outcome_miss_state_mse": 0.00437995528343716,
      "h75/outcome_partial_episode_count": 3,
      "h75/outcome_partial_final_state_mse": 0.0034747538126372046,
      "h75/outcome_partial_state_mse": 0.0024424619820123143,
      "h75/outcome_success_episode_count": 3,
      "h75/outcome_success_final_state_mse": 0.004589223662038255,
      "h75/outcome_success_state_mse": 0.0025080613113436564,
      "h75/state_mse": 0.003122020580150463,
      "max_requested_horizon": 125,
      "reencode_period": 2,
      "rollout_mode": "periodic_2"
    },
    "periodic_20": {
      "episode_count": 15,
      "h10/episode_count": 15,
      "h10/final_state_mse": 0.002480972202774746,
      "h10/outcome_drop_episode_count": 3,
      "h10/outcome_drop_final_state_mse": 0.001924066603475926,
      "h10/outcome_drop_state_mse": 0.001565359425700568,
      "h10/outcome_jam_episode_count": 3,
      "h10/outcome_jam_final_state_mse": 0.0032037293014962687,
      "h10/outcome_jam_state_mse": 0.002193590238982556,
      "h10/outcome_miss_episode_count": 3,
      "h10/outcome_miss_final_state_mse": 0.0034053277443437014,
      "h10/outcome_miss_state_mse": 0.010114505867552913,
      "h10/outcome_partial_episode_count": 3,
      "h10/outcome_partial_final_state_mse": 0.0019491066170089384,
      "h10/outcome_partial_state_mse": 0.0015036461789623584,
      "h10/outcome_success_episode_count": 3,
      "h10/outcome_success_final_state_mse": 0.001922630589284928,
      "h10/outcome_success_state_mse": 0.0015099052120657527,
      "h10/state_mse": 0.003377401314529718,
      "h100/episode_count": 15,
      "h100/final_state_mse": 0.011730392306458717,
      "h100/outcome_drop_episode_count": 3,
      "h100/outcome_drop_final_state_mse": 0.01047479950524623,
      "h100/outcome_drop_state_mse": 0.004015058878979651,
      "h100/outcome_jam_episode_count": 3,
      "h100/outcome_jam_final_state_mse": 0.013791419322194617,
      "h100/outcome_jam_state_mse": 0.005269112181819342,
      "h100/outcome_miss_episode_count": 3,
      "h100/outcome_miss_final_state_mse": 0.010169323363335304,
      "h100/outcome_miss_state_mse": 0.006150915981118196,
      "h100/outcome_partial_episode_count": 3,
      "h100/outcome_partial_final_state_mse": 0.010115870852875554,
      "h100/outcome_partial_state_mse": 0.00414287916195938,
      "h100/outcome_success_episode_count": 3,
      "h100/outcome_success_final_state_mse": 0.014100547709496192,
      "h100/outcome_success_state_mse": 0.0047374580732358045,
      "h100/state_mse": 0.004863084980085784,
      "h125/episode_count": 15,
      "h125/final_state_mse": 0.006145982804641225,
      "h125/outcome_drop_episode_count": 3,
      "h125/outcome_drop_final_state_mse": 0.0058277522037231844,
      "h125/outcome_drop_state_mse": 0.0045550007539636945,
      "h125/outcome_jam_episode_count": 3,
      "h125/outcome_jam_final_state_mse": 0.007657445918500813,
      "h125/outcome_jam_state_mse": 0.006047586079516442,
      "h125/outcome_miss_episode_count": 3,
      "h125/outcome_miss_final_state_mse": 0.0070078175247105115,
      "h125/outcome_miss_state_mse": 0.006457833283866932,
      "h125/outcome_partial_episode_count": 3,
      "h125/outcome_partial_final_state_mse": 0.004245993553423414,
      "h125/outcome_partial_state_mse": 0.004505588905484068,
      "h125/outcome_success_episode_count": 3,
      "h125/outcome_success_final_state_mse": 0.005990906088959937,
      "h125/outcome_success_state_mse": 0.0055692430882672075,
      "h125/state_mse": 0.005427050142973856,
      "h20/episode_count": 15,
      "h20/final_state_mse": 0.00880236282847286,
      "h20/outcome_drop_episode_count": 3,
      "h20/outcome_drop_final_state_mse": 0.008011560619266984,
      "h20/outcome_drop_state_mse": 0.003034356333851035,
      "h20/outcome_jam_episode_count": 3,
      "h20/outcome_jam_final_state_mse": 0.008438392402299868,
      "h20/outcome_jam_state_mse": 0.0035435119485543445,
      "h20/outcome_miss_episode_count": 3,
      "h20/outcome_miss_final_state_mse": 0.011692119190116333,
      "h20/outcome_miss_state_mse": 0.008399219918095209,
      "h20/outcome_partial_episode_count": 3,
      "h20/outcome_partial_final_state_mse": 0.00793955557876163,
      "h20/outcome_partial_state_mse": 0.002982573337804258,
      "h20/outcome_success_episode_count": 3,
      "h20/outcome_success_final_state_mse": 0.007930190734613955,
      "h20/outcome_success_state_mse": 0.002982544587328543,
      "h20/state_mse": 0.004188441357581444,
      "h30/episode_count": 15,
      "h30/final_state_mse": 0.003242290721220129,
      "h30/outcome_drop_episode_count": 3,
      "h30/outcome_drop_final_state_mse": 0.0029777320089683034,
      "h30/outcome_drop_state_mse": 0.003066770962900066,
      "h30/outcome_jam_episode_count": 3,
      "h30/outcome_jam_final_state_mse": 0.003369913138205709,
      "h30/outcome_jam_state_mse": 0.003575448792484591,
      "h30/outcome_miss_episode_count": 3,
      "h30/outcome_miss_final_state_mse": 0.004014284782160342,
      "h30/outcome_miss_state_mse": 0.007102103430720976,
      "h30/outcome_partial_episode_count": 3,
      "h30/outcome_partial_final_state_mse": 0.0029182201799224407,
      "h30/outcome_partial_state_mse": 0.002993459924893182,
      "h30/outcome_success_episode_count": 3,
      "h30/outcome_success_final_state_mse": 0.0029313042029446247,
      "h30/outcome_success_state_mse": 0.00299564462341774,
      "h30/state_mse": 0.003946685791015625,
      "h40/episode_count": 15,
      "h40/final_state_mse": 0.007734658983018663,
      "h40/outcome_drop_episode_count": 3,
      "h40/outcome_drop_final_state_mse": 0.0048530272214241275,
      "h40/outcome_drop_state_mse": 0.0033445860046187256,
      "h40/outcome_jam_episode_count": 3,
      "h40/outcome_jam_final_state_mse": 0.008882756424106025,
      "h40/outcome_jam_state_mse": 0.004161081516664791,
      "h40/outcome_miss_episode_count": 3,
      "h40/outcome_miss_final_state_mse": 0.007647740879869149,
      "h40/outcome_miss_state_mse": 0.0066869868172539605,
      "h40/outcome_partial_episode_count": 3,
      "h40/outcome_partial_final_state_mse": 0.008622662304273618,
      "h40/outcome_partial_state_mse": 0.0036014692456114526,
      "h40/outcome_success_episode_count": 3,
      "h40/outcome_success_final_state_mse": 0.008667107501061134,
      "h40/outcome_success_state_mse": 0.003611203151590684,
      "h40/state_mse": 0.00428106569776348,
      "h50/episode_count": 15,
      "h50/final_state_mse": 0.0029787350324244283,
      "h50/outcome_drop_episode_count": 3,
      "h50/outcome_drop_final_state_mse": 0.0026955757947529062,
      "h50/outcome_drop_state_mse": 0.0033661637275047554,
      "h50/outcome_jam_episode_count": 3,
      "h50/outcome_jam_final_state_mse": 0.003408268483635647,
      "h50/outcome_jam_state_mse": 0.004051636215908075,
      "h50/outcome_miss_episode_count": 3,
      "h50/outcome_miss_final_state_mse": 0.003242759240998162,
      "h50/outcome_miss_state_mse": 0.005855596953747319,
      "h50/outcome_partial_episode_count": 3,
      "h50/outcome_partial_final_state_mse": 0.0027498150475664075,
      "h50/outcome_partial_state_mse": 0.0034679551218070237,
      "h50/outcome_success_episode_count": 3,
      "h50/outcome_success_final_state_mse": 0.0027972564734275044,
      "h50/outcome_success_state_mse": 0.0034820125305574704,
      "h50/state_mse": 0.004044672947303922,
      "h75/episode_count": 15,
      "h75/final_state_mse": 0.006582099316166897,
      "h75/outcome_drop_episode_count": 3,
      "h75/outcome_drop_final_state_mse": 0.00470056136449178,
      "h75/outcome_drop_state_mse": 0.0035430830911873214,
      "h75/outcome_jam_episode_count": 3,
      "h75/outcome_jam_final_state_mse": 0.007908199347701728,
      "h75/outcome_jam_state_mse": 0.004350836926296126,
      "h75/outcome_miss_episode_count": 3,
      "h75/outcome_miss_final_state_mse": 0.007477538063635234,
      "h75/outcome_miss_state_mse": 0.005941031129791326,
      "h75/outcome_partial_episode_count": 3,
      "h75/outcome_partial_final_state_mse": 0.005742937326431274,
      "h75/outcome_partial_state_mse": 0.0036317979484342022,
      "h75/outcome_success_episode_count": 3,
      "h75/outcome_success_final_state_mse": 0.007081263205584358,
      "h75/outcome_success_state_mse": 0.003708959301053049,
      "h75/state_mse": 0.004235141729217729,
      "max_requested_horizon": 125,
      "reencode_period": 20,
      "rollout_mode": "periodic_20"
    },
    "periodic_5": {
      "episode_count": 15,
      "h10/episode_count": 15,
      "h10/final_state_mse": 0.0018580259061327167,
      "h10/outcome_drop_episode_count": 3,
      "h10/outcome_drop_final_state_mse": 0.0013463070823086633,
      "h10/outcome_drop_state_mse": 0.0014286477191775453,
      "h10/outcome_jam_episode_count": 3,
      "h10/outcome_jam_final_state_mse": 0.0021954539164998174,
      "h10/outcome_jam_state_mse": 0.001978144380781386,
      "h10/outcome_miss_episode_count": 3,
      "h10/outcome_miss_final_state_mse": 0.003141019663779564,
      "h10/outcome_miss_state_mse": 0.01024630490471335,
      "h10/outcome_partial_episode_count": 3,
      "h10/outcome_partial_final_state_mse": 0.001289045718175913,
      "h10/outcome_partial_state_mse": 0.0013426468263264574,
      "h10/outcome_success_episode_count": 3,
      "h10/outcome_success_final_state_mse": 0.001318303782955494,
      "h10/outcome_success_state_mse": 0.001362615434172886,
      "h10/state_mse": 0.0032716718686172388,
      "h100/episode_count": 15,
      "h100/final_state_mse": 0.0028319611268884997,
      "h100/outcome_drop_episode_count": 3,
      "h100/outcome_drop_final_state_mse": 0.003551915872330759,
      "h100/outcome_drop_state_mse": 0.0026751251781688017,
      "h100/outcome_jam_episode_count": 3,
      "h100/outcome_jam_final_state_mse": 0.0028907551484949447,
      "h100/outcome_jam_state_mse": 0.002917518491059347,
      "h100/outcome_miss_episode_count": 3,
      "h100/outcome_miss_final_state_mse": 0.0026163834761949926,
      "h100/outcome_miss_state_mse": 0.0034840714074427783,
      "h100/outcome_partial_episode_count": 3,
      "h100/outcome_partial_final_state_mse": 0.0018975078280455146,
      "h100/outcome_partial_state_mse": 0.0020764850479325437,
      "h100/outcome_success_episode_count": 3,
      "h100/outcome_success_final_state_mse": 0.0032032441859151804,
      "h100/outcome_success_state_mse": 0.002333349932252971,
      "h100/state_mse": 0.0026973101048687704,
      "h125/episode_count": 15,
      "h125/final_state_mse": 0.0038472281561957467,
      "h125/outcome_drop_episode_count": 3,
      "h125/outcome_drop_final_state_mse": 0.004591912128566917,
      "h125/outcome_drop_state_mse": 0.0029128059935725594,
      "h125/outcome_jam_episode_count": 3,
      "h125/outcome_jam_final_state_mse": 0.005353934235042996,
      "h125/outcome_jam_state_mse": 0.003242221508150786,
      "h125/outcome_miss_episode_count": 3,
      "h125/outcome_miss_final_state_mse": 0.004108091487604029,
      "h125/outcome_miss_state_mse": 0.0035021149878408393,
      "h125/outcome_partial_episode_count": 3,
      "h125/outcome_partial_final_state_mse": 0.001854352385195252,
      "h125/outcome_partial_state_mse": 0.0020621240154590484,
      "h125/outcome_success_episode_count": 3,
      "h125/outcome_success_final_state_mse": 0.003327849010626475,
      "h125/outcome_success_state_mse": 0.0025128788667566635,
      "h125/state_mse": 0.00284642884497549,
      "h20/episode_count": 15,
      "h20/final_state_mse": 0.002132230646470014,
      "h20/outcome_drop_episode_count": 3,
      "h20/outcome_drop_final_state_mse": 0.002227592336780885,
      "h20/outcome_drop_state_mse": 0.001618539293607076,
      "h20/outcome_jam_episode_count": 3,
      "h20/outcome_jam_final_state_mse": 0.0024109646872757305,
      "h20/outcome_jam_state_mse": 0.0021648852264179903,
      "h20/outcome_miss_episode_count": 3,
      "h20/outcome_miss_final_state_mse": 0.0021286623345481027,
      "h20/outcome_miss_state_mse": 0.006522150133170333,
      "h20/outcome_partial_episode_count": 3,
      "h20/outcome_partial_final_state_mse": 0.0019315876358864353,
      "h20/outcome_partial_state_mse": 0.0015287864831537983,
      "h20/outcome_success_episode_count": 3,
      "h20/outcome_success_final_state_mse": 0.0019623456291513507,
      "h20/outcome_success_state_mse": 0.0015538618455525318,
      "h20/state_mse": 0.002677644467821308,
      "h30/episode_count": 15,
      "h30/final_state_mse": 0.0019400864644767413,
      "h30/outcome_drop_episode_count": 3,
      "h30/outcome_drop_final_state_mse": 0.0018118426593300564,
      "h30/outcome_drop_state_mse": 0.001792673919195703,
      "h30/outcome_jam_episode_count": 3,
      "h30/outcome_jam_final_state_mse": 0.0021991974193286273,
      "h30/outcome_jam_state_mse": 0.00233254417095309,
      "h30/outcome_miss_episode_count": 3,
      "h30/outcome_miss_final_state_mse": 0.0019765324354950897,
      "h30/outcome_miss_state_mse": 0.005185414295570523,
      "h30/outcome_partial_episode_count": 3,
      "h30/outcome_partial_final_state_mse": 0.0018263004379334793,
      "h30/outcome_partial_state_mse": 0.001702868470958635,
      "h30/outcome_success_episode_count": 3,
      "h30/outcome_success_final_state_mse": 0.0018865598816108081,
      "h30/outcome_success_state_mse": 0.001726413136733643,
      "h30/state_mse": 0.0025479827415449685,
      "h40/episode_count": 15,
      "h40/final_state_mse": 0.0019688621845120697,
      "h40/outcome_drop_episode_count": 3,
      "h40/outcome_drop_final_state_mse": 0.00208556233278287,
      "h40/outcome_drop_state_mse": 0.001949483935349907,
      "h40/outcome_jam_episode_count": 3,
      "h40/outcome_jam_final_state_mse": 0.0019562751833909478,
      "h40/outcome_jam_state_mse": 0.002355258682974024,
      "h40/outcome_miss_episode_count": 3,
      "h40/outcome_miss_final_state_mse": 0.0020500518430292217,
      "h40/outcome_miss_state_mse": 0.004466335524141399,
      "h40/outcome_partial_episode_count": 3,
      "h40/outcome_partial_final_state_mse": 0.0018742955198474958,
      "h40/outcome_partial_state_mse": 0.0017525299507028917,
      "h40/outcome_success_episode_count": 3,
      "h40/outcome_success_final_state_mse": 0.0018781259948132084,
      "h40/outcome_success_state_mse": 0.0017759028213476043,
      "h40/state_mse": 0.0024599020465526705,
      "h50/episode_count": 15,
      "h50/final_state_mse": 0.002415069567611794,
      "h50/outcome_drop_episode_count": 3,
      "h50/outcome_drop_final_state_mse": 0.0025129361577283325,
      "h50/outcome_drop_state_mse": 0.0021796851064644607,
      "h50/outcome_jam_episode_count": 3,
      "h50/outcome_jam_final_state_mse": 0.003173782398887709,
      "h50/outcome_jam_state_mse": 0.0024783934798895146,
      "h50/outcome_miss_episode_count": 3,
      "h50/outcome_miss_final_state_mse": 0.0020663846113712957,
      "h50/outcome_miss_state_mse": 0.004031692143359215,
      "h50/outcome_partial_episode_count": 3,
      "h50/outcome_partial_final_state_mse": 0.0021291377838530572,
      "h50/outcome_partial_state_mse": 0.0018353847428864123,
      "h50/outcome_success_episode_count": 3,
      "h50/outcome_success_final_state_mse": 0.0021931071540499045,
      "h50/outcome_success_state_mse": 0.0018604321573294845,
      "h50/state_mse": 0.0024771174013225082,
      "h75/episode_count": 15,
      "h75/final_state_mse": 0.004462286070281384,
      "h75/outcome_drop_episode_count": 3,
      "h75/outcome_drop_final_state_mse": 0.0036930661721556795,
      "h75/outcome_drop_state_mse": 0.002467616669233069,
      "h75/outcome_jam_episode_count": 3,
      "h75/outcome_jam_final_state_mse": 0.004740614322275898,
      "h75/outcome_jam_state_mse": 0.00284968399014608,
      "h75/outcome_miss_episode_count": 3,
      "h75/outcome_miss_final_state_mse": 0.0056892334927920426,
      "h75/outcome_miss_state_mse": 0.0036383879418466604,
      "h75/outcome_partial_episode_count": 3,
      "h75/outcome_partial_final_state_mse": 0.003672796624158722,
      "h75/outcome_partial_state_mse": 0.002117808472876455,
      "h75/outcome_success_episode_count": 3,
      "h75/outcome_success_final_state_mse": 0.004515719569586461,
      "h75/outcome_success_state_mse": 0.0021803316103866676,
      "h75/state_mse": 0.0026507658781828704,
      "max_requested_horizon": 125,
      "reencode_period": 5,
      "rollout_mode": "periodic_5"
    },
    "periodic_50": {
      "episode_count": 15,
      "h10/episode_count": 15,
      "h10/final_state_mse": 0.002480972202774746,
      "h10/outcome_drop_episode_count": 3,
      "h10/outcome_drop_final_state_mse": 0.001924066603475926,
      "h10/outcome_drop_state_mse": 0.001565359425700568,
      "h10/outcome_jam_episode_count": 3,
      "h10/outcome_jam_final_state_mse": 0.0032037293014962687,
      "h10/outcome_jam_state_mse": 0.002193590238982556,
      "h10/outcome_miss_episode_count": 3,
      "h10/outcome_miss_final_state_mse": 0.0034053277443437014,
      "h10/outcome_miss_state_mse": 0.010114505867552913,
      "h10/outcome_partial_episode_count": 3,
      "h10/outcome_partial_final_state_mse": 0.0019491066170089384,
      "h10/outcome_partial_state_mse": 0.0015036461789623584,
      "h10/outcome_success_episode_count": 3,
      "h10/outcome_success_final_state_mse": 0.001922630589284928,
      "h10/outcome_success_state_mse": 0.0015099052120657527,
      "h10/state_mse": 0.003377401314529718,
      "h100/episode_count": 15,
      "h100/final_state_mse": 321.9719975490196,
      "h100/outcome_drop_episode_count": 3,
      "h100/outcome_drop_final_state_mse": 236.33437691482843,
      "h100/outcome_drop_state_mse": 11.363508220996732,
      "h100/outcome_jam_episode_count": 3,
      "h100/outcome_jam_final_state_mse": 221.59832324857027,
      "h100/outcome_jam_state_mse": 10.744294321895424,
      "h100/outcome_miss_episode_count": 3,
      "h100/outcome_miss_final_state_mse": 697.3467754289215,
      "h100/outcome_miss_state_mse": 38.47409109477124,
      "h100/outcome_partial_episode_count": 3,
      "h100/outcome_partial_final_state_mse": 225.68859145220588,
      "h100/outcome_partial_state_mse": 10.917141288807189,
      "h100/outcome_success_episode_count": 3,
      "h100/outcome_success_final_state_mse": 228.89194942299838,
      "h100/outcome_success_state_mse": 11.09275607638889,
      "h100/state_mse": 16.518359477124182,
      "h125/episode_count": 15,
      "h125/final_state_mse": 237.72839052287583,
      "h125/outcome_drop_episode_count": 3,
      "h125/outcome_drop_final_state_mse": 216.21373953227123,
      "h125/outcome_drop_state_mse": 20.420392565359478,
      "h125/outcome_jam_episode_count": 3,
      "h125/outcome_jam_final_state_mse": 213.00339243770424,
      "h125/outcome_jam_state_mse": 19.858171977124183,
      "h125/outcome_miss_episode_count": 3,
      "h125/outcome_miss_final_state_mse": 328.6887254901961,
      "h125/outcome_miss_state_mse": 46.85147549019608,
      "h125/outcome_partial_episode_count": 3,
      "h125/outcome_partial_final_state_mse": 211.5132665696487,
      "h125/outcome_partial_state_mse": 19.90822916666667,
      "h125/outcome_success_episode_count": 3,
      "h125/outcome_success_final_state_mse": 219.22281581903596,
      "h125/outcome_success_state_mse": 20.430997549019608,
      "h125/state_mse": 25.493856209150326,
      "h20/episode_count": 15,
      "h20/final_state_mse": 0.00880236282847286,
      "h20/outcome_drop_episode_count": 3,
      "h20/outcome_drop_final_state_mse": 0.008011560619266984,
      "h20/outcome_drop_state_mse": 0.003034356333851035,
      "h20/outcome_jam_episode_count": 3,
      "h20/outcome_jam_final_state_mse": 0.008438392402299868,
      "h20/outcome_jam_state_mse": 0.0035435119485543445,
      "h20/outcome_miss_episode_count": 3,
      "h20/outcome_miss_final_state_mse": 0.011692119190116333,
      "h20/outcome_miss_state_mse": 0.008399219918095209,
      "h20/outcome_partial_episode_count": 3,
      "h20/outcome_partial_final_state_mse": 0.00793955557876163,
      "h20/outcome_partial_state_mse": 0.002982573337804258,
      "h20/outcome_success_episode_count": 3,
      "h20/outcome_success_final_state_mse": 0.007930190734613955,
      "h20/outcome_success_state_mse": 0.002982544587328543,
      "h20/state_mse": 0.004188441357581444,
      "h30/episode_count": 15,
      "h30/final_state_mse": 0.034623062532711656,
      "h30/outcome_drop_episode_count": 3,
      "h30/outcome_drop_final_state_mse": 0.028992613546209398,
      "h30/outcome_drop_state_mse": 0.00777246739090398,
      "h30/outcome_jam_episode_count": 3,
      "h30/outcome_jam_final_state_mse": 0.03164474481071522,
      "h30/outcome_jam_state_mse": 0.008375897646469748,
      "h30/outcome_miss_episode_count": 3,
      "h30/outcome_miss_final_state_mse": 0.053221947227428165,
      "h30/outcome_miss_state_mse": 0.01549624690303096,
      "h30/outcome_partial_episode_count": 3,
      "h30/outcome_partial_final_state_mse": 0.029658917897666982,
      "h30/outcome_partial_state_mse": 0.007723910616373964,
      "h30/outcome_success_episode_count": 3,
      "h30/outcome_success_final_state_mse": 0.02959709112940271,
      "h30/outcome_success_state_mse": 0.007721480616816768,
      "h30/state_mse": 0.009418000530832993,
      "h40/episode_count": 15,
      "h40/final_state_mse": 0.19818621866064134,
      "h40/outcome_drop_episode_count": 3,
      "h40/outcome_drop_final_state_mse": 0.12479862512326707,
      "h40/outcome_drop_state_mse": 0.022899500528971353,
      "h40/outcome_jam_episode_count": 3,
      "h40/outcome_jam_final_state_mse": 0.13709136084014295,
      "h40/outcome_jam_state_mse": 0.025070392384248623,
      "h40/outcome_miss_episode_count": 3,
      "h40/outcome_miss_final_state_mse": 0.44167378992816203,
      "h40/outcome_miss_state_mse": 0.056471015581118514,
      "h40/outcome_partial_episode_count": 3,
      "h40/outcome_partial_final_state_mse": 0.14319587221332625,
      "h40/outcome_partial_state_mse": 0.024507218716191312,
      "h40/outcome_success_episode_count": 3,
      "h40/outcome_success_final_state_mse": 0.14417149973850624,
      "h40/outcome_success_state_mse": 0.024547354380289713,
      "h40/state_mse": 0.03069909588184232,
      "h50/episode_count": 15,
      "h50/final_state_mse": 2.2015896267361112,
      "h50/outcome_drop_episode_count": 3,
      "h50/outcome_drop_final_state_mse": 1.0618933010724634,
      "h50/outcome_drop_state_mse": 0.11428427901922487,
      "h50/outcome_jam_episode_count": 3,
      "h50/outcome_jam_final_state_mse": 1.1416102390663296,
      "h50/outcome_jam_state_mse": 0.12203162698184743,
      "h50/outcome_miss_episode_count": 3,
      "h50/outcome_miss_final_state_mse": 6.421614503548815,
      "h50/outcome_miss_state_mse": 0.5801126238255719,
      "h50/outcome_partial_episode_count": 3,
      "h50/outcome_partial_final_state_mse": 1.1826174492929495,
      "h50/outcome_partial_state_mse": 0.1251997305676828,
      "h50/outcome_success_episode_count": 3,
      "h50/outcome_success_final_state_mse": 1.2002119425854652,
      "h50/outcome_success_state_mse": 0.12682488136042178,
      "h50/state_mse": 0.21369064031862745,
      "h75/episode_count": 15,
      "h75/final_state_mse": 1.466378484987745,
      "h75/outcome_drop_episode_count": 3,
      "h75/outcome_drop_final_state_mse": 1.5865100910461027,
      "h75/outcome_drop_state_mse": 0.1982259167773012,
      "h75/outcome_jam_episode_count": 3,
      "h75/outcome_jam_final_state_mse": 1.6420944438261145,
      "h75/outcome_jam_state_mse": 0.19822653377757352,
      "h75/outcome_miss_episode_count": 3,
      "h75/outcome_miss_final_state_mse": 1.041935054305332,
      "h75/outcome_miss_state_mse": 0.5732830478111384,
      "h75/outcome_partial_episode_count": 3,
      "h75/outcome_partial_final_state_mse": 1.5041260688133489,
      "h75/outcome_partial_state_mse": 0.19254853026279956,
      "h75/outcome_success_episode_count": 3,
      "h75/outcome_success_final_state_mse": 1.5572267046161727,
      "h75/outcome_success_state_mse": 0.19682152309708606,
      "h75/state_mse": 0.2718210954520697,
      "max_requested_horizon": 125,
      "reencode_period": 50,
      "rollout_mode": "periodic_50"
    }
  },
  "split": "test",
  "support_alignment": {
    "contact_phase": {
      "contact_phase_family_ari": 0.0,
      "contact_phase_family_nmi": 0.0,
      "contact_phase_family_purity": 0.9996668887408394,
      "contact_phase_sample_count": 3002.0,
      "h_contact_phase_given_family": 0.0030002889533867266,
      "h_family_given_contact_phase": 0.0,
      "unique_contact_phase_count": 2.0,
      "unique_family_count": 1.0
    },
    "contact_phase_alignment_available": true,
    "evaluated_state_count": 3017,
    "family_count": 1,
    "mean_family_similarity": 0.6359308958053589,
    "mean_support_size": 253.59893934371894,
    "outcome_alignment_available": true,
    "outcome_state": {
      "h_family_given_outcome": 0.0,
      "h_outcome_given_family": 1.6094379124341005,
      "outcome_family_ari": 0.0,
      "outcome_family_nmi": 0.0,
      "outcome_family_purity": 0.2,
      "outcome_sample_count": 15.0,
      "unique_family_count": 1.0,
      "unique_outcome_count": 5.0
    },
    "status": "ok",
    "unassigned_state_fraction": 0.0,
    "validation_state_count": 2346
  },
  "support_threshold": 0.2
}
{
  "best_periodic_rollout": {
    "episode_count": 15,
    "h10/episode_count": 15,
    "h10/final_state_mse": 0.002307795231638391,
    "h10/outcome_drop_episode_count": 3,
    "h10/outcome_drop_final_state_mse": 0.0014928431779730553,
    "h10/outcome_drop_state_mse": 0.0014651189832126394,
    "h10/outcome_jam_episode_count": 3,
    "h10/outcome_jam_final_state_mse": 0.0023613018927231334,
    "h10/outcome_jam_state_mse": 0.0020044708174038555,
    "h10/outcome_miss_episode_count": 3,
    "h10/outcome_miss_final_state_mse": 0.004812136730727027,
    "h10/outcome_miss_state_mse": 0.01104690452027165,
    "h10/outcome_partial_episode_count": 3,
    "h10/outcome_partial_final_state_mse": 0.001419527979652866,
    "h10/outcome_partial_state_mse": 0.0013765629405289694,
    "h10/outcome_success_episode_count": 3,
    "h10/outcome_success_final_state_mse": 0.0014531665475539912,
    "h10/outcome_success_state_mse": 0.0013969032008663501,
    "h10/selected_mode": "periodic_5",
    "h10/selected_period": 5,
    "h10/state_mse": 0.0034579921547883475,
    "h100/episode_count": 15,
    "h100/final_state_mse": 0.003002072003931781,
    "h100/outcome_drop_episode_count": 3,
    "h100/outcome_drop_final_state_mse": 0.0032145546055307576,
    "h100/outcome_drop_state_mse": 0.002538727592019474,
    "h100/outcome_jam_episode_count": 3,
    "h100/outcome_jam_final_state_mse": 0.0031368487021502327,
    "h100/outcome_jam_state_mse": 0.002994076971914254,
    "h100/outcome_miss_episode_count": 3,
    "h100/outcome_miss_final_state_mse": 0.0022452157842957118,
    "h100/outcome_miss_state_mse": 0.003240716472949857,
    "h100/outcome_partial_episode_count": 3,
    "h100/outcome_partial_final_state_mse": 0.0026184528871299397,
    "h100/outcome_partial_state_mse": 0.0021384881524478686,
    "h100/outcome_success_episode_count": 3,
    "h100/outcome_success_final_state_mse": 0.003795287480541304,
    "h100/outcome_success_state_mse": 0.0024343241585625544,
    "h100/selected_mode": "periodic_10",
    "h100/selected_period": 10,
    "h100/state_mse": 0.0026692668441074346,
    "h125/episode_count": 15,
    "h125/final_state_mse": 0.003850558224846335,
    "h125/outcome_drop_episode_count": 3,
    "h125/outcome_drop_final_state_mse": 0.005003318628844093,
    "h125/outcome_drop_state_mse": 0.002834151024911918,
    "h125/outcome_jam_episode_count": 3,
    "h125/outcome_jam_final_state_mse": 0.005249328278248606,
    "h125/outcome_jam_state_mse": 0.0032639123754563673,
    "h125/outcome_miss_episode_count": 3,
    "h125/outcome_miss_final_state_mse": 0.002498460848347034,
    "h125/outcome_miss_state_mse": 0.003091962527605443,
    "h125/outcome_partial_episode_count": 3,
    "h125/outcome_partial_final_state_mse": 0.0025329063433447694,
    "h125/outcome_partial_state_mse": 0.0022252971175449345,
    "h125/outcome_success_episode_count": 3,
    "h125/outcome_success_final_state_mse": 0.0039687760515150685,
    "h125/outcome_success_state_mse": 0.002643011803720512,
    "h125/selected_mode": "periodic_10",
    "h125/selected_period": 10,
    "h125/state_mse": 0.0028116673687704247,
    "h20/episode_count": 15,
    "h20/final_state_mse": 0.002154267691319285,
    "h20/outcome_drop_episode_count": 3,
    "h20/outcome_drop_final_state_mse": 0.0021559362804967593,
    "h20/outcome_drop_state_mse": 0.001632340807540744,
    "h20/outcome_jam_episode_count": 3,
    "h20/outcome_jam_final_state_mse": 0.002328384838073082,
    "h20/outcome_jam_state_mse": 0.002178207526799121,
    "h20/outcome_miss_episode_count": 3,
    "h20/outcome_miss_final_state_mse": 0.0025284810880430385,
    "h20/outcome_miss_state_mse": 0.007423873352848626,
    "h20/outcome_partial_episode_count": 3,
    "h20/outcome_partial_final_state_mse": 0.0018719357067073872,
    "h20/outcome_partial_state_mse": 0.0015438857616162768,
    "h20/outcome_success_episode_count": 3,
    "h20/outcome_success_final_state_mse": 0.00188660178503959,
    "h20/outcome_success_state_mse": 0.0015693847844803256,
    "h20/selected_mode": "periodic_5",
    "h20/selected_period": 5,
    "h20/state_mse": 0.002869538450552747,
    "h30/episode_count": 15,
    "h30/final_state_mse": 0.0018571844287947113,
    "h30/outcome_drop_episode_count": 3,
    "h30/outcome_drop_final_state_mse": 0.0017198646575017692,
    "h30/outcome_drop_state_mse": 0.001757246996063033,
    "h30/outcome_jam_episode_count": 3,
    "h30/outcome_jam_final_state_mse": 0.002128941025219712,
    "h30/outcome_jam_state_mse": 0.0023073512224849792,
    "h30/outcome_miss_episode_count": 3,
    "h30/outcome_miss_final_state_mse": 0.0019395735139161154,
    "h30/outcome_miss_state_mse": 0.005792539259966682,
    "h30/outcome_partial_episode_count": 3,
    "h30/outcome_partial_final_state_mse": 0.0017201154450185937,
    "h30/outcome_partial_state_mse": 0.0016685066140035658,
    "h30/outcome_success_episode_count": 3,
    "h30/outcome_success_final_state_mse": 0.0017774269910030116,
    "h30/outcome_success_state_mse": 0.001692010582402381,
    "h30/selected_mode": "periodic_5",
    "h30/selected_period": 5,
    "h30/state_mse": 0.0026435310180930012,
    "h40/episode_count": 15,
    "h40/final_state_mse": 0.001901809686149647,
    "h40/outcome_drop_episode_count": 3,
    "h40/outcome_drop_final_state_mse": 0.0020736753940582275,
    "h40/outcome_drop_state_mse": 0.0019161872614442913,
    "h40/outcome_jam_episode_count": 3,
    "h40/outcome_jam_final_state_mse": 0.0018812337147644143,
    "h40/outcome_jam_state_mse": 0.00231069879594192,
    "h40/outcome_miss_episode_count": 3,
    "h40/outcome_miss_final_state_mse": 0.001960408112971611,
    "h40/outcome_miss_state_mse": 0.004906837768804014,
    "h40/outcome_partial_episode_count": 3,
    "h40/outcome_partial_final_state_mse": 0.0017974134412855885,
    "h40/outcome_partial_state_mse": 0.0017025075706781126,
    "h40/outcome_success_episode_count": 3,
    "h40/outcome_success_final_state_mse": 0.0017963174754887625,
    "h40/outcome_success_state_mse": 0.0017253602252287022,
    "h40/selected_mode": "periodic_5",
    "h40/selected_period": 5,
    "h40/state_mse": 0.002512318230921926,
    "h50/episode_count": 15,
    "h50/final_state_mse": 0.00232896493151297,
    "h50/outcome_drop_episode_count": 3,
    "h50/outcome_drop_final_state_mse": 0.0023904523136569003,
    "h50/outcome_drop_state_mse": 0.0021481492784288193,
    "h50/outcome_jam_episode_count": 3,
    "h50/outcome_jam_final_state_mse": 0.003087446093559265,
    "h50/outcome_jam_state_mse": 0.002431437735464059,
    "h50/outcome_miss_episode_count": 3,
    "h50/outcome_miss_final_state_mse": 0.0019104353645268608,
    "h50/outcome_miss_state_mse": 0.004364762275047552,
    "h50/outcome_partial_episode_count": 3,
    "h50/outcome_partial_final_state_mse": 0.0020993922417070353,
    "h50/outcome_partial_state_mse": 0.0017878128500545727,
    "h50/outcome_success_episode_count": 3,
    "h50/outcome_success_final_state_mse": 0.0021570979380140117,
    "h50/outcome_success_state_mse": 0.0018121404897153768,
    "h50/selected_mode": "periodic_5",
    "h50/selected_period": 5,
    "h50/state_mse": 0.0025088604696435865,
    "h75/episode_count": 15,
    "h75/final_state_mse": 0.00449120826970518,
    "h75/outcome_drop_episode_count": 3,
    "h75/outcome_drop_final_state_mse": 0.003842349657241036,
    "h75/outcome_drop_state_mse": 0.002401369173802062,
    "h75/outcome_jam_episode_count": 3,
    "h75/outcome_jam_final_state_mse": 0.005247663730889364,
    "h75/outcome_jam_state_mse": 0.002897801201847384,
    "h75/outcome_miss_episode_count": 3,
    "h75/outcome_miss_final_state_mse": 0.0049218024108924115,
    "h75/outcome_miss_state_mse": 0.0034919772013080404,
    "h75/outcome_partial_episode_count": 3,
    "h75/outcome_partial_final_state_mse": 0.003599945626227684,
    "h75/outcome_partial_state_mse": 0.002114449648555847,
    "h75/outcome_success_episode_count": 3,
    "h75/outcome_success_final_state_mse": 0.004844281311128654,
    "h75/outcome_success_state_mse": 0.002176298814661363,
    "h75/selected_mode": "periodic_10",
    "h75/selected_period": 10,
    "h75/state_mse": 0.002616379016884532,
    "max_requested_horizon": 125,
    "periodic_reencode_periods": [
      1,
      2,
      5,
      10,
      20,
      50,
      100
    ],
    "rollout_mode": "best_periodic"
  },
  "checkpoint": "runs/maniskill_insertion/perturbation_e20_5k_lista_refine_20260604_143125/lista_relu_a0p02_sp3em5_loops2/seed2/checkpoint.pt",
  "checkpoint_step": 1500,
  "dataset": "data/maniskill/perturbation_assessment_seed0_e20/all_setups.npz",
  "device": "cuda",
  "family_jaccard": 0.4,
  "horizons": [
    10,
    20,
    30,
    40,
    50,
    75,
    100,
    125
  ],
  "labels_used_for_training": false,
  "periodic_reencode_periods": [
    1,
    2,
    5,
    10,
    20,
    50,
    100
  ],
  "rollout": {
    "episode_count": 15,
    "h10/episode_count": 15,
    "h10/final_state_mse": 0.002777536554274216,
    "h10/outcome_drop_episode_count": 3,
    "h10/outcome_drop_final_state_mse": 0.0021069674125683852,
    "h10/outcome_drop_state_mse": 0.0016208349489698222,
    "h10/outcome_jam_episode_count": 3,
    "h10/outcome_jam_final_state_mse": 0.0034302220819822323,
    "h10/outcome_jam_state_mse": 0.0022444111069822624,
    "h10/outcome_miss_episode_count": 3,
    "h10/outcome_miss_final_state_mse": 0.004141554187715443,
    "h10/outcome_miss_state_mse": 0.010474823658762414,
    "h10/outcome_partial_episode_count": 3,
    "h10/outcome_partial_final_state_mse": 0.0021100018563029034,
    "h10/outcome_partial_state_mse": 0.0015530712659062903,
    "h10/outcome_success_episode_count": 3,
    "h10/outcome_success_final_state_mse": 0.002098936745836065,
    "h10/outcome_success_state_mse": 0.0015619802708719292,
    "h10/state_mse": 0.0034910241918626175,
    "h100/episode_count": 15,
    "h100/final_state_mse": 200474.5202614379,
    "h100/outcome_drop_episode_count": 3,
    "h100/outcome_drop_final_state_mse": 158360.86111111112,
    "h100/outcome_drop_state_mse": 7057.569281045751,
    "h100/outcome_jam_episode_count": 3,
    "h100/outcome_jam_final_state_mse": 167715.3480392157,
    "h100/outcome_jam_state_mse": 7441.365294117647,
    "h100/outcome_miss_episode_count": 3,
    "h100/outcome_miss_final_state_mse": 356649.8431372549,
    "h100/outcome_miss_state_mse": 17191.429281045752,
    "h100/outcome_partial_episode_count": 3,
    "h100/outcome_partial_final_state_mse": 159856.46405228757,
    "h100/outcome_partial_state_mse": 7069.926666666666,
    "h100/outcome_success_episode_count": 3,
    "h100/outcome_success_final_state_mse": 159790.0,
    "h100/outcome_success_state_mse": 7083.320653594771,
    "h100/state_mse": 9168.721150326797,
    "h125/episode_count": 15,
    "h125/final_state_mse": 113561134.18039216,
    "h125/outcome_drop_episode_count": 3,
    "h125/outcome_drop_final_state_mse": 66169922.09150327,
    "h125/outcome_drop_state_mse": 2477053.0016209153,
    "h125/outcome_jam_episode_count": 3,
    "h125/outcome_jam_final_state_mse": 69622924.5490196,
    "h125/outcome_jam_state_mse": 2620102.8835555557,
    "h125/outcome_miss_episode_count": 3,
    "h125/outcome_miss_final_state_mse": 298575303.1111111,
    "h125/outcome_miss_state_mse": 9564996.547764705,
    "h125/outcome_partial_episode_count": 3,
    "h125/outcome_partial_final_state_mse": 66806118.06535948,
    "h125/outcome_partial_state_mse": 2513259.6873202613,
    "h125/outcome_success_episode_count": 3,
    "h125/outcome_success_final_state_mse": 66631416.47058824,
    "h125/outcome_success_state_mse": 2501776.7253333335,
    "h125/state_mse": 3935438.3420235296,
    "h20/episode_count": 15,
    "h20/final_state_mse": 0.009646212509255004,
    "h20/outcome_drop_episode_count": 3,
    "h20/outcome_drop_final_state_mse": 0.00873176962916368,
    "h20/outcome_drop_state_mse": 0.0033275342844670116,
    "h20/outcome_jam_episode_count": 3,
    "h20/outcome_jam_final_state_mse": 0.00899334310316572,
    "h20/outcome_jam_state_mse": 0.0038339540849324145,
    "h20/outcome_miss_episode_count": 3,
    "h20/outcome_miss_final_state_mse": 0.013496367954740338,
    "h20/outcome_miss_state_mse": 0.009281841602200776,
    "h20/outcome_partial_episode_count": 3,
    "h20/outcome_partial_final_state_mse": 0.008550521741115969,
    "h20/outcome_partial_state_mse": 0.003252380385118372,
    "h20/outcome_success_episode_count": 3,
    "h20/outcome_success_final_state_mse": 0.00845906391642452,
    "h20/outcome_success_state_mse": 0.0032601570187051313,
    "h20/state_mse": 0.0045911736581839765,
    "h30/episode_count": 15,
    "h30/final_state_mse": 0.03676603977976282,
    "h30/outcome_drop_episode_count": 3,
    "h30/outcome_drop_final_state_mse": 0.030789332646949618,
    "h30/outcome_drop_state_mse": 0.00833680531038438,
    "h30/outcome_jam_episode_count": 3,
    "h30/outcome_jam_final_state_mse": 0.032785360135284124,
    "h30/outcome_jam_state_mse": 0.008909672797375515,
    "h30/outcome_miss_episode_count": 3,
    "h30/outcome_miss_final_state_mse": 0.05815938563128702,
    "h30/outcome_miss_state_mse": 0.01749331114858324,
    "h30/outcome_partial_episode_count": 3,
    "h30/outcome_partial_final_state_mse": 0.030985002424202712,
    "h30/outcome_partial_state_mse": 0.008235337947188899,
    "h30/outcome_success_episode_count": 3,
    "h30/outcome_success_final_state_mse": 0.031111115528867136,
    "h30/outcome_success_state_mse": 0.008257246848544784,
    "h30/state_mse": 0.010246474987021718,
    "h40/episode_count": 15,
    "h40/final_state_mse": 0.14221544452742035,
    "h40/outcome_drop_episode_count": 3,
    "h40/outcome_drop_final_state_mse": 0.08583813087612975,
    "h40/outcome_drop_state_mse": 0.02072691668092815,
    "h40/outcome_jam_episode_count": 3,
    "h40/outcome_jam_final_state_mse": 0.10035860616397234,
    "h40/outcome_jam_state_mse": 0.023159427892148886,
    "h40/outcome_miss_episode_count": 3,
    "h40/outcome_miss_final_state_mse": 0.3310379327512255,
    "h40/outcome_miss_state_mse": 0.051524065678415734,
    "h40/outcome_partial_episode_count": 3,
    "h40/outcome_partial_final_state_mse": 0.09672345834619858,
    "h40/outcome_partial_state_mse": 0.02187323414422328,
    "h40/outcome_success_episode_count": 3,
    "h40/outcome_success_final_state_mse": 0.09711911631565467,
    "h40/outcome_success_state_mse": 0.02186020464678995,
    "h40/state_mse": 0.027828770057827818,
    "h50/episode_count": 15,
    "h50/final_state_mse": 1.4876174428104576,
    "h50/outcome_drop_episode_count": 3,
    "h50/outcome_drop_final_state_mse": 0.7871782888773999,
    "h50/outcome_drop_state_mse": 0.08072191026475695,
    "h50/outcome_jam_episode_count": 3,
    "h50/outcome_jam_final_state_mse": 0.8636352065341925,
    "h50/outcome_jam_state_mse": 0.08859920925564237,
    "h50/outcome_miss_episode_count": 3,
    "h50/outcome_miss_final_state_mse": 4.067715015286714,
    "h50/outcome_miss_state_mse": 0.3837302613102533,
    "h50/outcome_partial_episode_count": 3,
    "h50/outcome_partial_final_state_mse": 0.8541909136803322,
    "h50/outcome_partial_state_mse": 0.08591773438297845,
    "h50/outcome_success_episode_count": 3,
    "h50/outcome_success_final_state_mse": 0.8653673907510595,
    "h50/outcome_success_state_mse": 0.08659710852928411,
    "h50/state_mse": 0.1451132301879085,
    "h75/episode_count": 15,
    "h75/final_state_mse": 385.9593954248366,
    "h75/outcome_drop_episode_count": 3,
    "h75/outcome_drop_final_state_mse": 265.7269039777369,
    "h75/outcome_drop_state_mse": 18.3885348583878,
    "h75/outcome_jam_episode_count": 3,
    "h75/outcome_jam_final_state_mse": 267.647438597835,
    "h75/outcome_jam_state_mse": 18.182772331154684,
    "h75/outcome_miss_episode_count": 3,
    "h75/outcome_miss_final_state_mse": 884.7165032679738,
    "h75/outcome_miss_state_mse": 57.124014161220046,
    "h75/outcome_partial_episode_count": 3,
    "h75/outcome_partial_final_state_mse": 253.23390905841504,
    "h75/outcome_partial_state_mse": 17.417792755991286,
    "h75/outcome_success_episode_count": 3,
    "h75/outcome_success_final_state_mse": 258.4722860498366,
    "h75/outcome_success_state_mse": 17.807636846405227,
    "h75/state_mse": 25.784148148148148,
    "max_requested_horizon": 125,
    "reencode_period": null,
    "rollout_mode": "no_reencode"
  },
  "rollout_modes": {
    "no_reencode": {
      "episode_count": 15,
      "h10/episode_count": 15,
      "h10/final_state_mse": 0.002777536554274216,
      "h10/outcome_drop_episode_count": 3,
      "h10/outcome_drop_final_state_mse": 0.0021069674125683852,
      "h10/outcome_drop_state_mse": 0.0016208349489698222,
      "h10/outcome_jam_episode_count": 3,
      "h10/outcome_jam_final_state_mse": 0.0034302220819822323,
      "h10/outcome_jam_state_mse": 0.0022444111069822624,
      "h10/outcome_miss_episode_count": 3,
      "h10/outcome_miss_final_state_mse": 0.004141554187715443,
      "h10/outcome_miss_state_mse": 0.010474823658762414,
      "h10/outcome_partial_episode_count": 3,
      "h10/outcome_partial_final_state_mse": 0.0021100018563029034,
      "h10/outcome_partial_state_mse": 0.0015530712659062903,
      "h10/outcome_success_episode_count": 3,
      "h10/outcome_success_final_state_mse": 0.002098936745836065,
      "h10/outcome_success_state_mse": 0.0015619802708719292,
      "h10/state_mse": 0.0034910241918626175,
      "h100/episode_count": 15,
      "h100/final_state_mse": 200474.5202614379,
      "h100/outcome_drop_episode_count": 3,
      "h100/outcome_drop_final_state_mse": 158360.86111111112,
      "h100/outcome_drop_state_mse": 7057.569281045751,
      "h100/outcome_jam_episode_count": 3,
      "h100/outcome_jam_final_state_mse": 167715.3480392157,
      "h100/outcome_jam_state_mse": 7441.365294117647,
      "h100/outcome_miss_episode_count": 3,
      "h100/outcome_miss_final_state_mse": 356649.8431372549,
      "h100/outcome_miss_state_mse": 17191.429281045752,
      "h100/outcome_partial_episode_count": 3,
      "h100/outcome_partial_final_state_mse": 159856.46405228757,
      "h100/outcome_partial_state_mse": 7069.926666666666,
      "h100/outcome_success_episode_count": 3,
      "h100/outcome_success_final_state_mse": 159790.0,
      "h100/outcome_success_state_mse": 7083.320653594771,
      "h100/state_mse": 9168.721150326797,
      "h125/episode_count": 15,
      "h125/final_state_mse": 113561134.18039216,
      "h125/outcome_drop_episode_count": 3,
      "h125/outcome_drop_final_state_mse": 66169922.09150327,
      "h125/outcome_drop_state_mse": 2477053.0016209153,
      "h125/outcome_jam_episode_count": 3,
      "h125/outcome_jam_final_state_mse": 69622924.5490196,
      "h125/outcome_jam_state_mse": 2620102.8835555557,
      "h125/outcome_miss_episode_count": 3,
      "h125/outcome_miss_final_state_mse": 298575303.1111111,
      "h125/outcome_miss_state_mse": 9564996.547764705,
      "h125/outcome_partial_episode_count": 3,
      "h125/outcome_partial_final_state_mse": 66806118.06535948,
      "h125/outcome_partial_state_mse": 2513259.6873202613,
      "h125/outcome_success_episode_count": 3,
      "h125/outcome_success_final_state_mse": 66631416.47058824,
      "h125/outcome_success_state_mse": 2501776.7253333335,
      "h125/state_mse": 3935438.3420235296,
      "h20/episode_count": 15,
      "h20/final_state_mse": 0.009646212509255004,
      "h20/outcome_drop_episode_count": 3,
      "h20/outcome_drop_final_state_mse": 0.00873176962916368,
      "h20/outcome_drop_state_mse": 0.0033275342844670116,
      "h20/outcome_jam_episode_count": 3,
      "h20/outcome_jam_final_state_mse": 0.00899334310316572,
      "h20/outcome_jam_state_mse": 0.0038339540849324145,
      "h20/outcome_miss_episode_count": 3,
      "h20/outcome_miss_final_state_mse": 0.013496367954740338,
      "h20/outcome_miss_state_mse": 0.009281841602200776,
      "h20/outcome_partial_episode_count": 3,
      "h20/outcome_partial_final_state_mse": 0.008550521741115969,
      "h20/outcome_partial_state_mse": 0.003252380385118372,
      "h20/outcome_success_episode_count": 3,
      "h20/outcome_success_final_state_mse": 0.00845906391642452,
      "h20/outcome_success_state_mse": 0.0032601570187051313,
      "h20/state_mse": 0.0045911736581839765,
      "h30/episode_count": 15,
      "h30/final_state_mse": 0.03676603977976282,
      "h30/outcome_drop_episode_count": 3,
      "h30/outcome_drop_final_state_mse": 0.030789332646949618,
      "h30/outcome_drop_state_mse": 0.00833680531038438,
      "h30/outcome_jam_episode_count": 3,
      "h30/outcome_jam_final_state_mse": 0.032785360135284124,
      "h30/outcome_jam_state_mse": 0.008909672797375515,
      "h30/outcome_miss_episode_count": 3,
      "h30/outcome_miss_final_state_mse": 0.05815938563128702,
      "h30/outcome_miss_state_mse": 0.01749331114858324,
      "h30/outcome_partial_episode_count": 3,
      "h30/outcome_partial_final_state_mse": 0.030985002424202712,
      "h30/outcome_partial_state_mse": 0.008235337947188899,
      "h30/outcome_success_episode_count": 3,
      "h30/outcome_success_final_state_mse": 0.031111115528867136,
      "h30/outcome_success_state_mse": 0.008257246848544784,
      "h30/state_mse": 0.010246474987021718,
      "h40/episode_count": 15,
      "h40/final_state_mse": 0.14221544452742035,
      "h40/outcome_drop_episode_count": 3,
      "h40/outcome_drop_final_state_mse": 0.08583813087612975,
      "h40/outcome_drop_state_mse": 0.02072691668092815,
      "h40/outcome_jam_episode_count": 3,
      "h40/outcome_jam_final_state_mse": 0.10035860616397234,
      "h40/outcome_jam_state_mse": 0.023159427892148886,
      "h40/outcome_miss_episode_count": 3,
      "h40/outcome_miss_final_state_mse": 0.3310379327512255,
      "h40/outcome_miss_state_mse": 0.051524065678415734,
      "h40/outcome_partial_episode_count": 3,
      "h40/outcome_partial_final_state_mse": 0.09672345834619858,
      "h40/outcome_partial_state_mse": 0.02187323414422328,
      "h40/outcome_success_episode_count": 3,
      "h40/outcome_success_final_state_mse": 0.09711911631565467,
      "h40/outcome_success_state_mse": 0.02186020464678995,
      "h40/state_mse": 0.027828770057827818,
      "h50/episode_count": 15,
      "h50/final_state_mse": 1.4876174428104576,
      "h50/outcome_drop_episode_count": 3,
      "h50/outcome_drop_final_state_mse": 0.7871782888773999,
      "h50/outcome_drop_state_mse": 0.08072191026475695,
      "h50/outcome_jam_episode_count": 3,
      "h50/outcome_jam_final_state_mse": 0.8636352065341925,
      "h50/outcome_jam_state_mse": 0.08859920925564237,
      "h50/outcome_miss_episode_count": 3,
      "h50/outcome_miss_final_state_mse": 4.067715015286714,
      "h50/outcome_miss_state_mse": 0.3837302613102533,
      "h50/outcome_partial_episode_count": 3,
      "h50/outcome_partial_final_state_mse": 0.8541909136803322,
      "h50/outcome_partial_state_mse": 0.08591773438297845,
      "h50/outcome_success_episode_count": 3,
      "h50/outcome_success_final_state_mse": 0.8653673907510595,
      "h50/outcome_success_state_mse": 0.08659710852928411,
      "h50/state_mse": 0.1451132301879085,
      "h75/episode_count": 15,
      "h75/final_state_mse": 385.9593954248366,
      "h75/outcome_drop_episode_count": 3,
      "h75/outcome_drop_final_state_mse": 265.7269039777369,
      "h75/outcome_drop_state_mse": 18.3885348583878,
      "h75/outcome_jam_episode_count": 3,
      "h75/outcome_jam_final_state_mse": 267.647438597835,
      "h75/outcome_jam_state_mse": 18.182772331154684,
      "h75/outcome_miss_episode_count": 3,
      "h75/outcome_miss_final_state_mse": 884.7165032679738,
      "h75/outcome_miss_state_mse": 57.124014161220046,
      "h75/outcome_partial_episode_count": 3,
      "h75/outcome_partial_final_state_mse": 253.23390905841504,
      "h75/outcome_partial_state_mse": 17.417792755991286,
      "h75/outcome_success_episode_count": 3,
      "h75/outcome_success_final_state_mse": 258.4722860498366,
      "h75/outcome_success_state_mse": 17.807636846405227,
      "h75/state_mse": 25.784148148148148,
      "max_requested_horizon": 125,
      "reencode_period": null,
      "rollout_mode": "no_reencode"
    },
    "periodic_1": {
      "episode_count": 15,
      "h10/episode_count": 15,
      "h10/final_state_mse": 0.003606389862260008,
      "h10/outcome_drop_episode_count": 3,
      "h10/outcome_drop_final_state_mse": 0.0017286663010619046,
      "h10/outcome_drop_state_mse": 0.0015639037478203867,
      "h10/outcome_jam_episode_count": 3,
      "h10/outcome_jam_final_state_mse": 0.0024457067445991863,
      "h10/outcome_jam_state_mse": 0.0021165545469795178,
      "h10/outcome_miss_episode_count": 3,
      "h10/outcome_miss_final_state_mse": 0.01029497521375519,
      "h10/outcome_miss_state_mse": 0.015365311367059846,
      "h10/outcome_partial_episode_count": 3,
      "h10/outcome_partial_final_state_mse": 0.00177609107268402,
      "h10/outcome_partial_state_mse": 0.0014843309042500514,
      "h10/outcome_success_episode_count": 3,
      "h10/outcome_success_final_state_mse": 0.0017865091513574512,
      "h10/outcome_success_state_mse": 0.0015077054111006993,
      "h10/state_mse": 0.004407561059091606,
      "h100/episode_count": 15,
      "h100/final_state_mse": 0.007166136947332644,
      "h100/outcome_drop_episode_count": 3,
      "h100/outcome_drop_final_state_mse": 0.009035238740490932,
      "h100/outcome_drop_state_mse": 0.005292776082855424,
      "h100/outcome_jam_episode_count": 3,
      "h100/outcome_jam_final_state_mse": 0.005740149932749131,
      "h100/outcome_jam_state_mse": 0.004475314383413277,
      "h100/outcome_miss_episode_count": 3,
      "h100/outcome_miss_final_state_mse": 0.006514050796920178,
      "h100/outcome_miss_state_mse": 0.00820305593652663,
      "h100/outcome_partial_episode_count": 3,
      "h100/outcome_partial_final_state_mse": 0.006343485483157089,
      "h100/outcome_partial_state_mse": 0.0038813582900302864,
      "h100/outcome_success_episode_count": 3,
      "h100/outcome_success_final_state_mse": 0.008197757056335998,
      "h100/outcome_success_state_mse": 0.004174385569454019,
      "h100/state_mse": 0.0052053781147875814,
      "h125/episode_count": 15,
      "h125/final_state_mse": 0.007582532346638199,
      "h125/outcome_drop_episode_count": 3,
      "h125/outcome_drop_final_state_mse": 0.007185630743799646,
      "h125/outcome_drop_state_mse": 0.005922324585758782,
      "h125/outcome_jam_episode_count": 3,
      "h125/outcome_jam_final_state_mse": 0.009783211681577895,
      "h125/outcome_jam_state_mse": 0.005754570855034722,
      "h125/outcome_miss_episode_count": 3,
      "h125/outcome_miss_final_state_mse": 0.005573443240589566,
      "h125/outcome_miss_state_mse": 0.007665423125223397,
      "h125/outcome_partial_episode_count": 3,
      "h125/outcome_partial_final_state_mse": 0.0060315441851522406,
      "h125/outcome_partial_state_mse": 0.004153407726412505,
      "h125/outcome_success_episode_count": 3,
      "h125/outcome_success_final_state_mse": 0.009338832563824125,
      "h125/outcome_success_state_mse": 0.0055026407678142875,
      "h125/state_mse": 0.005799673202614379,
      "h20/episode_count": 15,
      "h20/final_state_mse": 0.004070941451328252,
      "h20/outcome_drop_episode_count": 3,
      "h20/outcome_drop_final_state_mse": 0.0036707391925886565,
      "h20/outcome_drop_state_mse": 0.002281310044082941,
      "h20/outcome_jam_episode_count": 3,
      "h20/outcome_jam_final_state_mse": 0.003925652091020073,
      "h20/outcome_jam_state_mse": 0.0027874704669503605,
      "h20/outcome_miss_episode_count": 3,
      "h20/outcome_miss_final_state_mse": 0.005949708176594155,
      "h20/outcome_miss_state_mse": 0.012005007500741996,
      "h20/outcome_partial_episode_count": 3,
      "h20/outcome_partial_final_state_mse": 0.003393496977153167,
      "h20/outcome_partial_state_mse": 0.0022124053606020857,
      "h20/outcome_success_episode_count": 3,
      "h20/outcome_success_final_state_mse": 0.0034151102836225545,
      "h20/outcome_success_state_mse": 0.0022346397240956624,
      "h20/state_mse": 0.004304166307636336,
      "h30/episode_count": 15,
      "h30/final_state_mse": 0.0038422110813115936,
      "h30/outcome_drop_episode_count": 3,
      "h30/outcome_drop_final_state_mse": 0.003313069420507531,
      "h30/outcome_drop_state_mse": 0.002644213404271078,
      "h30/outcome_jam_episode_count": 3,
      "h30/outcome_jam_final_state_mse": 0.004215728369803211,
      "h30/outcome_jam_state_mse": 0.003149293398805174,
      "h30/outcome_miss_episode_count": 3,
      "h30/outcome_miss_final_state_mse": 0.0048607202137217805,
      "h30/outcome_miss_state_mse": 0.009729147269055735,
      "h30/outcome_partial_episode_count": 3,
      "h30/outcome_partial_final_state_mse": 0.0033733748094318737,
      "h30/outcome_partial_state_mse": 0.002575532283658296,
      "h30/outcome_success_episode_count": 3,
      "h30/outcome_success_final_state_mse": 0.0034481636157222824,
      "h30/outcome_success_state_mse": 0.002591597800161324,
      "h30/state_mse": 0.0041379568727447575,
      "h40/episode_count": 15,
      "h40/final_state_mse": 0.00412337608586729,
      "h40/outcome_drop_episode_count": 3,
      "h40/outcome_drop_final_state_mse": 0.003963413483956281,
      "h40/outcome_drop_state_mse": 0.002972211167703267,
      "h40/outcome_jam_episode_count": 3,
      "h40/outcome_jam_final_state_mse": 0.003330583617188572,
      "h40/outcome_jam_state_mse": 0.0033056238118339986,
      "h40/outcome_miss_episode_count": 3,
      "h40/outcome_miss_final_state_mse": 0.006694595408595465,
      "h40/outcome_miss_state_mse": 0.00877296285691604,
      "h40/outcome_partial_episode_count": 3,
      "h40/outcome_partial_final_state_mse": 0.003314619896069072,
      "h40/outcome_partial_state_mse": 0.002749948135388443,
      "h40/outcome_success_episode_count": 3,
      "h40/outcome_success_final_state_mse": 0.003313666562628902,
      "h40/outcome_success_state_mse": 0.0027714863711712405,
      "h40/state_mse": 0.004114446702346303,
      "h50/episode_count": 15,
      "h50/final_state_mse": 0.005568615283841401,
      "h50/outcome_drop_episode_count": 3,
      "h50/outcome_drop_final_state_mse": 0.006911244072945289,
      "h50/outcome_drop_state_mse": 0.0036790536120046976,
      "h50/outcome_jam_episode_count": 3,
      "h50/outcome_jam_final_state_mse": 0.0045420404742745795,
      "h50/outcome_jam_state_mse": 0.003572595883039088,
      "h50/outcome_miss_episode_count": 3,
      "h50/outcome_miss_final_state_mse": 0.007318471187080433,
      "h50/outcome_miss_state_mse": 0.00851453544267642,
      "h50/outcome_partial_episode_count": 3,
      "h50/outcome_partial_final_state_mse": 0.004468470909237083,
      "h50/outcome_partial_state_mse": 0.0029853178161421633,
      "h50/outcome_success_episode_count": 3,
      "h50/outcome_success_final_state_mse": 0.0046028472921427555,
      "h50/outcome_success_state_mse": 0.0030108953613081787,
      "h50/state_mse": 0.0043524792241115195,
      "h75/episode_count": 15,
      "h75/final_state_mse": 0.006512399436601627,
      "h75/outcome_drop_episode_count": 3,
      "h75/outcome_drop_final_state_mse": 0.007227138512664371,
      "h75/outcome_drop_state_mse": 0.004511798866953466,
      "h75/outcome_jam_episode_count": 3,
      "h75/outcome_jam_final_state_mse": 0.005819722912669961,
      "h75/outcome_jam_state_mse": 0.004132043759547547,
      "h75/outcome_miss_episode_count": 3,
      "h75/outcome_miss_final_state_mse": 0.008611234404097974,
      "h75/outcome_miss_state_mse": 0.007915447625719125,
      "h75/outcome_partial_episode_count": 3,
      "h75/outcome_partial_final_state_mse": 0.0044951802667449504,
      "h75/outcome_partial_state_mse": 0.00339319270680413,
      "h75/outcome_success_episode_count": 3,
      "h75/outcome_success_final_state_mse": 0.006408721111179177,
      "h75/outcome_success_state_mse": 0.0035085514376106347,
      "h75/state_mse": 0.004692207286560457,
      "max_requested_horizon": 125,
      "reencode_period": 1,
      "rollout_mode": "periodic_1"
    },
    "periodic_10": {
      "episode_count": 15,
      "h10/episode_count": 15,
      "h10/final_state_mse": 0.0027775362426159427,
      "h10/outcome_drop_episode_count": 3,
      "h10/outcome_drop_final_state_mse": 0.0021069684230229434,
      "h10/outcome_drop_state_mse": 0.0016208349489698222,
      "h10/outcome_jam_episode_count": 3,
      "h10/outcome_jam_final_state_mse": 0.003430221741105996,
      "h10/outcome_jam_state_mse": 0.0022444115744696723,
      "h10/outcome_miss_episode_count": 3,
      "h10/outcome_miss_final_state_mse": 0.004141553311176549,
      "h10/outcome_miss_state_mse": 0.010474824593737234,
      "h10/outcome_partial_episode_count": 3,
      "h10/outcome_partial_final_state_mse": 0.002110002282398199,
      "h10/outcome_partial_state_mse": 0.001553070954248017,
      "h10/outcome_success_episode_count": 3,
      "h10/outcome_success_final_state_mse": 0.0020989359058196247,
      "h10/outcome_success_state_mse": 0.0015619799786922978,
      "h10/state_mse": 0.0034910241918626175,
      "h100/episode_count": 15,
      "h100/final_state_mse": 0.003002072003931781,
      "h100/outcome_drop_episode_count": 3,
      "h100/outcome_drop_final_state_mse": 0.0032145546055307576,
      "h100/outcome_drop_state_mse": 0.002538727592019474,
      "h100/outcome_jam_episode_count": 3,
      "h100/outcome_jam_final_state_mse": 0.0031368487021502327,
      "h100/outcome_jam_state_mse": 0.002994076971914254,
      "h100/outcome_miss_episode_count": 3,
      "h100/outcome_miss_final_state_mse": 0.0022452157842957118,
      "h100/outcome_miss_state_mse": 0.003240716472949857,
      "h100/outcome_partial_episode_count": 3,
      "h100/outcome_partial_final_state_mse": 0.0026184528871299397,
      "h100/outcome_partial_state_mse": 0.0021384881524478686,
      "h100/outcome_success_episode_count": 3,
      "h100/outcome_success_final_state_mse": 0.003795287480541304,
      "h100/outcome_success_state_mse": 0.0024343241585625544,
      "h100/state_mse": 0.0026692668441074346,
      "h125/episode_count": 15,
      "h125/final_state_mse": 0.003850558224846335,
      "h125/outcome_drop_episode_count": 3,
      "h125/outcome_drop_final_state_mse": 0.005003318628844093,
      "h125/outcome_drop_state_mse": 0.002834151024911918,
      "h125/outcome_jam_episode_count": 3,
      "h125/outcome_jam_final_state_mse": 0.005249328278248606,
      "h125/outcome_jam_state_mse": 0.0032639123754563673,
      "h125/outcome_miss_episode_count": 3,
      "h125/outcome_miss_final_state_mse": 0.002498460848347034,
      "h125/outcome_miss_state_mse": 0.003091962527605443,
      "h125/outcome_partial_episode_count": 3,
      "h125/outcome_partial_final_state_mse": 0.0025329063433447694,
      "h125/outcome_partial_state_mse": 0.0022252971175449345,
      "h125/outcome_success_episode_count": 3,
      "h125/outcome_success_final_state_mse": 0.0039687760515150685,
      "h125/outcome_success_state_mse": 0.002643011803720512,
      "h125/state_mse": 0.0028116673687704247,
      "h20/episode_count": 15,
      "h20/final_state_mse": 0.00266264747170841,
      "h20/outcome_drop_episode_count": 3,
      "h20/outcome_drop_final_state_mse": 0.0024674510205882827,
      "h20/outcome_drop_state_mse": 0.0018285865098043204,
      "h20/outcome_jam_episode_count": 3,
      "h20/outcome_jam_final_state_mse": 0.00292641080282872,
      "h20/outcome_jam_state_mse": 0.0024212102484858894,
      "h20/outcome_miss_episode_count": 3,
      "h20/outcome_miss_final_state_mse": 0.0032594630531236238,
      "h20/outcome_miss_state_mse": 0.006951523294635847,
      "h20/outcome_partial_episode_count": 3,
      "h20/outcome_partial_final_state_mse": 0.0023504465915798363,
      "h20/outcome_partial_state_mse": 0.001764308315476561,
      "h20/outcome_success_episode_count": 3,
      "h20/outcome_success_final_state_mse": 0.0023094657686800737,
      "h20/outcome_success_state_mse": 0.0017699544725854413,
      "h20/state_mse": 0.002947116427951389,
      "h30/episode_count": 15,
      "h30/final_state_mse": 0.002302850928961062,
      "h30/outcome_drop_episode_count": 3,
      "h30/outcome_drop_final_state_mse": 0.0022408819812185623,
      "h30/outcome_drop_state_mse": 0.0019370003203680831,
      "h30/outcome_jam_episode_count": 3,
      "h30/outcome_jam_final_state_mse": 0.0027314687963404687,
      "h30/outcome_jam_state_mse": 0.002518361845826791,
      "h30/outcome_miss_episode_count": 3,
      "h30/outcome_miss_final_state_mse": 0.0020143968460996165,
      "h30/outcome_miss_state_mse": 0.005428500372859647,
      "h30/outcome_partial_episode_count": 3,
      "h30/outcome_partial_final_state_mse": 0.002231012201971478,
      "h30/outcome_partial_state_mse": 0.0018625966863694535,
      "h30/outcome_success_episode_count": 3,
      "h30/outcome_success_final_state_mse": 0.0022964950870065126,
      "h30/outcome_success_state_mse": 0.0018679434697352723,
      "h30/state_mse": 0.002722880544226154,
      "h40/episode_count": 15,
      "h40/final_state_mse": 0.0019542840571185344,
      "h40/outcome_drop_episode_count": 3,
      "h40/outcome_drop_final_state_mse": 0.0019357276264748541,
      "h40/outcome_drop_state_mse": 0.00206016426772074,
      "h40/outcome_jam_episode_count": 3,
      "h40/outcome_jam_final_state_mse": 0.0021845075040081746,
      "h40/outcome_jam_state_mse": 0.002513903418397592,
      "h40/outcome_miss_episode_count": 3,
      "h40/outcome_miss_final_state_mse": 0.001678098674887925,
      "h40/outcome_miss_state_mse": 0.004564326339297825,
      "h40/outcome_partial_episode_count": 3,
      "h40/outcome_partial_final_state_mse": 0.002001028824475856,
      "h40/outcome_partial_state_mse": 0.0018864763328452516,
      "h40/outcome_success_episode_count": 3,
      "h40/outcome_success_final_state_mse": 0.001972057728790769,
      "h40/outcome_success_state_mse": 0.0018934812031540216,
      "h40/state_mse": 0.002583670273325802,
      "h50/episode_count": 15,
      "h50/final_state_mse": 0.0021532555810766284,
      "h50/outcome_drop_episode_count": 3,
      "h50/outcome_drop_final_state_mse": 0.002277622084602032,
      "h50/outcome_drop_state_mse": 0.0021940670138091045,
      "h50/outcome_jam_episode_count": 3,
      "h50/outcome_jam_final_state_mse": 0.00305479414322797,
      "h50/outcome_jam_state_mse": 0.0025796536214990552,
      "h50/outcome_miss_episode_count": 3,
      "h50/outcome_miss_final_state_mse": 0.0017382030929225722,
      "h50/outcome_miss_state_mse": 0.004017147862054164,
      "h50/outcome_partial_episode_count": 3,
      "h50/outcome_partial_final_state_mse": 0.001813563792144551,
      "h50/outcome_partial_state_mse": 0.0019154495974771338,
      "h50/outcome_success_episode_count": 3,
      "h50/outcome_success_final_state_mse": 0.0018820946463962006,
      "h50/outcome_success_state_mse": 0.0019261894350737529,
      "h50/state_mse": 0.002526501624412786,
      "h75/episode_count": 15,
      "h75/final_state_mse": 0.00449120826970518,
      "h75/outcome_drop_episode_count": 3,
      "h75/outcome_drop_final_state_mse": 0.003842349657241036,
      "h75/outcome_drop_state_mse": 0.002401369173802062,
      "h75/outcome_jam_episode_count": 3,
      "h75/outcome_jam_final_state_mse": 0.005247663730889364,
      "h75/outcome_jam_state_mse": 0.002897801201847384,
      "h75/outcome_miss_episode_count": 3,
      "h75/outcome_miss_final_state_mse": 0.0049218024108924115,
      "h75/outcome_miss_state_mse": 0.0034919772013080404,
      "h75/outcome_partial_episode_count": 3,
      "h75/outcome_partial_final_state_mse": 0.003599945626227684,
      "h75/outcome_partial_state_mse": 0.002114449648555847,
      "h75/outcome_success_episode_count": 3,
      "h75/outcome_success_final_state_mse": 0.004844281311128654,
      "h75/outcome_success_state_mse": 0.002176298814661363,
      "h75/state_mse": 0.002616379016884532,
      "max_requested_horizon": 125,
      "reencode_period": 10,
      "rollout_mode": "periodic_10"
    },
    "periodic_100": {
      "episode_count": 15,
      "h10/episode_count": 15,
      "h10/final_state_mse": 0.0027775362426159427,
      "h10/outcome_drop_episode_count": 3,
      "h10/outcome_drop_final_state_mse": 0.0021069684230229434,
      "h10/outcome_drop_state_mse": 0.0016208349489698222,
      "h10/outcome_jam_episode_count": 3,
      "h10/outcome_jam_final_state_mse": 0.003430221741105996,
      "h10/outcome_jam_state_mse": 0.0022444115744696723,
      "h10/outcome_miss_episode_count": 3,
      "h10/outcome_miss_final_state_mse": 0.004141553311176549,
      "h10/outcome_miss_state_mse": 0.010474824593737234,
      "h10/outcome_partial_episode_count": 3,
      "h10/outcome_partial_final_state_mse": 0.002110002282398199,
      "h10/outcome_partial_state_mse": 0.001553070954248017,
      "h10/outcome_success_episode_count": 3,
      "h10/outcome_success_final_state_mse": 0.0020989359058196247,
      "h10/outcome_success_state_mse": 0.0015619799786922978,
      "h10/state_mse": 0.0034910241918626175,
      "h100/episode_count": 15,
      "h100/final_state_mse": 200474.47843137255,
      "h100/outcome_drop_episode_count": 3,
      "h100/outcome_drop_final_state_mse": 158360.8774509804,
      "h100/outcome_drop_state_mse": 7057.568954248366,
      "h100/outcome_jam_episode_count": 3,
      "h100/outcome_jam_final_state_mse": 167715.33333333334,
      "h100/outcome_jam_state_mse": 7441.365620915033,
      "h100/outcome_miss_episode_count": 3,
      "h100/outcome_miss_final_state_mse": 356649.82352941175,
      "h100/outcome_miss_state_mse": 17191.42745098039,
      "h100/outcome_partial_episode_count": 3,
      "h100/outcome_partial_final_state_mse": 159856.4232026144,
      "h100/outcome_partial_state_mse": 7069.926078431373,
      "h100/outcome_success_episode_count": 3,
      "h100/outcome_success_final_state_mse": 159790.01143790848,
      "h100/outcome_success_state_mse": 7083.321111111111,
      "h100/state_mse": 9168.721150326797,
      "h125/episode_count": 15,
      "h125/final_state_mse": 107639.48758169934,
      "h125/outcome_drop_episode_count": 3,
      "h125/outcome_drop_final_state_mse": 79650.2258986928,
      "h125/outcome_drop_state_mse": 10645.324339869281,
      "h125/outcome_jam_episode_count": 3,
      "h125/outcome_jam_final_state_mse": 79171.87785947713,
      "h125/outcome_jam_state_mse": 10985.667137254903,
      "h125/outcome_miss_episode_count": 3,
      "h125/outcome_miss_final_state_mse": 224897.068627451,
      "h125/outcome_miss_state_mse": 26820.451555555555,
      "h125/outcome_partial_episode_count": 3,
      "h125/outcome_partial_final_state_mse": 76405.65114379085,
      "h125/outcome_partial_state_mse": 10560.519947712419,
      "h125/outcome_success_episode_count": 3,
      "h125/outcome_success_final_state_mse": 78072.66094771241,
      "h125/outcome_success_state_mse": 10619.283660130719,
      "h125/state_mse": 13926.251419607843,
      "h20/episode_count": 15,
      "h20/final_state_mse": 0.00964621313257155,
      "h20/outcome_drop_episode_count": 3,
      "h20/outcome_drop_final_state_mse": 0.008731767535209656,
      "h20/outcome_drop_state_mse": 0.0033275340507233067,
      "h20/outcome_jam_episode_count": 3,
      "h20/outcome_jam_final_state_mse": 0.008993341544874354,
      "h20/outcome_jam_state_mse": 0.003833954162846983,
      "h20/outcome_miss_episode_count": 3,
      "h20/outcome_miss_final_state_mse": 0.0134963685390996,
      "h20/outcome_miss_state_mse": 0.009281842225517322,
      "h20/outcome_partial_episode_count": 3,
      "h20/outcome_partial_final_state_mse": 0.008550522666351468,
      "h20/outcome_partial_state_mse": 0.0032523802682465196,
      "h20/outcome_success_episode_count": 3,
      "h20/outcome_success_final_state_mse": 0.008459062747705996,
      "h20/outcome_success_state_mse": 0.003260156999226489,
      "h20/state_mse": 0.0045911736581839765,
      "h30/episode_count": 15,
      "h30/final_state_mse": 0.03676603977976282,
      "h30/outcome_drop_episode_count": 3,
      "h30/outcome_drop_final_state_mse": 0.030789334594813828,
      "h30/outcome_drop_state_mse": 0.008336805258441335,
      "h30/outcome_jam_episode_count": 3,
      "h30/outcome_jam_final_state_mse": 0.03278536578409033,
      "h30/outcome_jam_state_mse": 0.008909672901261606,
      "h30/outcome_miss_episode_count": 3,
      "h30/outcome_miss_final_state_mse": 0.05815939264359817,
      "h30/outcome_miss_state_mse": 0.017493312395216332,
      "h30/outcome_partial_episode_count": 3,
      "h30/outcome_partial_final_state_mse": 0.03098499872326072,
      "h30/outcome_partial_state_mse": 0.008235337791359763,
      "h30/outcome_success_episode_count": 3,
      "h30/outcome_success_final_state_mse": 0.03111111182792514,
      "h30/outcome_success_state_mse": 0.008257247731576559,
      "h30/state_mse": 0.010246474987021718,
      "h40/episode_count": 15,
      "h40/final_state_mse": 0.14221546447354982,
      "h40/outcome_drop_episode_count": 3,
      "h40/outcome_drop_final_state_mse": 0.08583814022587795,
      "h40/outcome_drop_state_mse": 0.020726916369269877,
      "h40/outcome_jam_episode_count": 3,
      "h40/outcome_jam_final_state_mse": 0.10035858902276731,
      "h40/outcome_jam_state_mse": 0.023159427268832338,
      "h40/outcome_miss_episode_count": 3,
      "h40/outcome_miss_final_state_mse": 0.3310379421009737,
      "h40/outcome_miss_state_mse": 0.05152406630173228,
      "h40/outcome_partial_episode_count": 3,
      "h40/outcome_partial_final_state_mse": 0.09672347392911225,
      "h40/outcome_partial_state_mse": 0.02187323414422328,
      "h40/outcome_success_episode_count": 3,
      "h40/outcome_success_final_state_mse": 0.09711914592319065,
      "h40/outcome_success_state_mse": 0.02186020464678995,
      "h40/state_mse": 0.027828768063214868,
      "h50/episode_count": 15,
      "h50/final_state_mse": 1.4876172832414216,
      "h50/outcome_drop_episode_count": 3,
      "h50/outcome_drop_final_state_mse": 0.7871784509397021,
      "h50/outcome_drop_state_mse": 0.08072191425398284,
      "h50/outcome_jam_episode_count": 3,
      "h50/outcome_jam_final_state_mse": 0.8636350943372141,
      "h50/outcome_jam_state_mse": 0.08859920127719056,
      "h50/outcome_miss_episode_count": 3,
      "h50/outcome_miss_final_state_mse": 4.067714616364124,
      "h50/outcome_miss_state_mse": 0.38373027726715686,
      "h50/outcome_partial_episode_count": 3,
      "h50/outcome_partial_final_state_mse": 0.8541908887476702,
      "h50/outcome_partial_state_mse": 0.08591772341260723,
      "h50/outcome_success_episode_count": 3,
      "h50/outcome_success_final_state_mse": 0.8653672536214193,
      "h50/outcome_success_state_mse": 0.08659711052389706,
      "h50/state_mse": 0.1451132301879085,
      "h75/episode_count": 15,
      "h75/final_state_mse": 385.9593954248366,
      "h75/outcome_drop_episode_count": 3,
      "h75/outcome_drop_final_state_mse": 265.72687206392976,
      "h75/outcome_drop_state_mse": 18.388535539215685,
      "h75/outcome_jam_episode_count": 3,
      "h75/outcome_jam_final_state_mse": 267.647483277165,
      "h75/outcome_jam_state_mse": 18.182773692810457,
      "h75/outcome_miss_episode_count": 3,
      "h75/outcome_miss_final_state_mse": 884.7164266748366,
      "h75/outcome_miss_state_mse": 57.124015522875816,
      "h75/outcome_partial_episode_count": 3,
      "h75/outcome_partial_final_state_mse": 253.2339186325572,
      "h75/outcome_partial_state_mse": 17.417794458061003,
      "h75/outcome_success_episode_count": 3,
      "h75/outcome_success_final_state_mse": 258.47229881535947,
      "h75/outcome_success_state_mse": 17.807637527233116,
      "h75/state_mse": 25.784152505446624,
      "max_requested_horizon": 125,
      "reencode_period": 100,
      "rollout_mode": "periodic_100"
    },
    "periodic_2": {
      "episode_count": 15,
      "h10/episode_count": 15,
      "h10/final_state_mse": 0.002981933581283669,
      "h10/outcome_drop_episode_count": 3,
      "h10/outcome_drop_final_state_mse": 0.0014687989856682572,
      "h10/outcome_drop_state_mse": 0.0014764420542062499,
      "h10/outcome_jam_episode_count": 3,
      "h10/outcome_jam_final_state_mse": 0.0021836329616752325,
      "h10/outcome_jam_state_mse": 0.0019789423038756924,
      "h10/outcome_miss_episode_count": 3,
      "h10/outcome_miss_final_state_mse": 0.00845819565595365,
      "h10/outcome_miss_state_mse": 0.013533581316081527,
      "h10/outcome_partial_episode_count": 3,
      "h10/outcome_partial_final_state_mse": 0.0013792557897521001,
      "h10/outcome_partial_state_mse": 0.0013844997275109384,
      "h10/outcome_success_episode_count": 3,
      "h10/outcome_success_final_state_mse": 0.001419783052470949,
      "h10/outcome_success_state_mse": 0.0014036170407837512,
      "h10/state_mse": 0.003955416461221533,
      "h100/episode_count": 15,
      "h100/final_state_mse": 0.003996464785407571,
      "h100/outcome_drop_episode_count": 3,
      "h100/outcome_drop_final_state_mse": 0.005153559586581062,
      "h100/outcome_drop_state_mse": 0.0032914139866049774,
      "h100/outcome_jam_episode_count": 3,
      "h100/outcome_jam_final_state_mse": 0.0033681674866504916,
      "h100/outcome_jam_state_mse": 0.0032107756496254913,
      "h100/outcome_miss_episode_count": 3,
      "h100/outcome_miss_final_state_mse": 0.004846021484315785,
      "h100/outcome_miss_state_mse": 0.004857138590095869,
      "h100/outcome_partial_episode_count": 3,
      "h100/outcome_partial_final_state_mse": 0.0035775093958268756,
      "h100/outcome_partial_state_mse": 0.002466303008833742,
      "h100/outcome_success_episode_count": 3,
      "h100/outcome_success_final_state_mse": 0.0030370663388881807,
      "h100/outcome_success_state_mse": 0.002675206022324905,
      "h100/state_mse": 0.003300167707056781,
      "h125/episode_count": 15,
      "h125/final_state_mse": 0.0059521132824467676,
      "h125/outcome_drop_episode_count": 3,
      "h125/outcome_drop_final_state_mse": 0.006592514273387934,
      "h125/outcome_drop_state_mse": 0.003781268150977839,
      "h125/outcome_jam_episode_count": 3,
      "h125/outcome_jam_final_state_mse": 0.005012062542578753,
      "h125/outcome_jam_state_mse": 0.0035472237082088695,
      "h125/outcome_miss_episode_count": 3,
      "h125/outcome_miss_final_state_mse": 0.00967983565494126,
      "h125/outcome_miss_state_mse": 0.005360199273801317,
      "h125/outcome_partial_episode_count": 3,
      "h125/outcome_partial_final_state_mse": 0.0034162810230566787,
      "h125/outcome_partial_state_mse": 0.0026555305929744943,
      "h125/outcome_success_episode_count": 3,
      "h125/outcome_success_final_state_mse": 0.005059873648718291,
      "h125/outcome_success_state_mse": 0.0029168807385014555,
      "h125/state_mse": 0.0036522202435661766,
      "h20/episode_count": 15,
      "h20/final_state_mse": 0.002856835508658216,
      "h20/outcome_drop_episode_count": 3,
      "h20/outcome_drop_final_state_mse": 0.0029409671190127828,
      "h20/outcome_drop_state_mse": 0.0018079799764296588,
      "h20/outcome_jam_episode_count": 3,
      "h20/outcome_jam_final_state_mse": 0.002859143990706774,
      "h20/outcome_jam_state_mse": 0.0022931601876526875,
      "h20/outcome_miss_episode_count": 3,
      "h20/outcome_miss_final_state_mse": 0.0033308224740371205,
      "h20/outcome_miss_state_mse": 0.009643696180356095,
      "h20/outcome_partial_episode_count": 3,
      "h20/outcome_partial_final_state_mse": 0.0025784547373749853,
      "h20/outcome_partial_state_mse": 0.0017149445278192657,
      "h20/outcome_success_episode_count": 3,
      "h20/outcome_success_final_state_mse": 0.0025747886134518515,
      "h20/outcome_success_state_mse": 0.001740846018386043,
      "h20/state_mse": 0.003440125409294577,
      "h30/episode_count": 15,
      "h30/final_state_mse": 0.00282242282543307,
      "h30/outcome_drop_episode_count": 3,
      "h30/outcome_drop_final_state_mse": 0.0025162086426432618,
      "h30/outcome_drop_state_mse": 0.0021214489583615903,
      "h30/outcome_jam_episode_count": 3,
      "h30/outcome_jam_final_state_mse": 0.003245623088350483,
      "h30/outcome_jam_state_mse": 0.002625940048616696,
      "h30/outcome_miss_episode_count": 3,
      "h30/outcome_miss_final_state_mse": 0.0030878083476054124,
      "h30/outcome_miss_state_mse": 0.007606232192261806,
      "h30/outcome_partial_episode_count": 3,
      "h30/outcome_partial_final_state_mse": 0.0025871614469032663,
      "h30/outcome_partial_state_mse": 0.0020418772250738538,
      "h30/outcome_success_episode_count": 3,
      "h30/outcome_success_final_state_mse": 0.002675313015584073,
      "h30/outcome_success_state_mse": 0.002066460518016275,
      "h30/state_mse": 0.003292391907935049,
      "h40/episode_count": 15,
      "h40/final_state_mse": 0.0029076177310320287,
      "h40/outcome_drop_episode_count": 3,
      "h40/outcome_drop_final_state_mse": 0.0030846053770944184,
      "h40/outcome_drop_state_mse": 0.0023801028728485107,
      "h40/outcome_jam_episode_count": 3,
      "h40/outcome_jam_final_state_mse": 0.002618923296336255,
      "h40/outcome_jam_state_mse": 0.0027109604645398707,
      "h40/outcome_miss_episode_count": 3,
      "h40/outcome_miss_final_state_mse": 0.003814428655150669,
      "h40/outcome_miss_state_mse": 0.006640764311248181,
      "h40/outcome_partial_episode_count": 3,
      "h40/outcome_partial_final_state_mse": 0.002520712640355615,
      "h40/outcome_partial_state_mse": 0.0021543116935717516,
      "h40/outcome_success_episode_count": 3,
      "h40/outcome_success_final_state_mse": 0.0024994172983699376,
      "h40/outcome_success_state_mse": 0.0021796742685480054,
      "h40/state_mse": 0.003213162640340967,
      "h50/episode_count": 15,
      "h50/final_state_mse": 0.003125564724791284,
      "h50/outcome_drop_episode_count": 3,
      "h50/outcome_drop_final_state_mse": 0.003650014647860932,
      "h50/outcome_drop_state_mse": 0.0027681631512112086,
      "h50/outcome_jam_episode_count": 3,
      "h50/outcome_jam_final_state_mse": 0.0033598072291199676,
      "h50/outcome_jam_state_mse": 0.0028396261127945645,
      "h50/outcome_miss_episode_count": 3,
      "h50/outcome_miss_final_state_mse": 0.0032307095582189125,
      "h50/outcome_miss_state_mse": 0.006058963825500089,
      "h50/outcome_partial_episode_count": 3,
      "h50/outcome_partial_final_state_mse": 0.002629546850335364,
      "h50/outcome_partial_state_mse": 0.0022515993180617787,
      "h50/outcome_success_episode_count": 3,
      "h50/outcome_success_final_state_mse": 0.002757745825387294,
      "h50/outcome_success_state_mse": 0.002278140105453192,
      "h50/state_mse": 0.003239298502604167,
      "h75/episode_count": 15,
      "h75/final_state_mse": 0.004642470677693685,
      "h75/outcome_drop_episode_count": 3,
      "h75/outcome_drop_final_state_mse": 0.00413237906554166,
      "h75/outcome_drop_state_mse": 0.0030912203986140896,
      "h75/outcome_jam_episode_count": 3,
      "h75/outcome_jam_final_state_mse": 0.00473655765157899,
      "h75/outcome_jam_state_mse": 0.003101237843498945,
      "h75/outcome_miss_episode_count": 3,
      "h75/outcome_miss_final_state_mse": 0.006359233965281568,
      "h75/outcome_miss_state_mse": 0.005186122154618141,
      "h75/outcome_partial_episode_count": 3,
      "h75/outcome_partial_final_state_mse": 0.0033677913297235577,
      "h75/outcome_partial_state_mse": 0.0024103644211048133,
      "h75/outcome_success_episode_count": 3,
      "h75/outcome_success_final_state_mse": 0.004616389964141098,
      "h75/outcome_success_state_mse": 0.0024773596470652063,
      "h75/state_mse": 0.0032532607932495915,
      "max_requested_horizon": 125,
      "reencode_period": 2,
      "rollout_mode": "periodic_2"
    },
    "periodic_20": {
      "episode_count": 15,
      "h10/episode_count": 15,
      "h10/final_state_mse": 0.0027775362426159427,
      "h10/outcome_drop_episode_count": 3,
      "h10/outcome_drop_final_state_mse": 0.0021069684230229434,
      "h10/outcome_drop_state_mse": 0.0016208349489698222,
      "h10/outcome_jam_episode_count": 3,
      "h10/outcome_jam_final_state_mse": 0.003430221741105996,
      "h10/outcome_jam_state_mse": 0.0022444115744696723,
      "h10/outcome_miss_episode_count": 3,
      "h10/outcome_miss_final_state_mse": 0.004141553311176549,
      "h10/outcome_miss_state_mse": 0.010474824593737234,
      "h10/outcome_partial_episode_count": 3,
      "h10/outcome_partial_final_state_mse": 0.002110002282398199,
      "h10/outcome_partial_state_mse": 0.001553070954248017,
      "h10/outcome_success_episode_count": 3,
      "h10/outcome_success_final_state_mse": 0.0020989359058196247,
      "h10/outcome_success_state_mse": 0.0015619799786922978,
      "h10/state_mse": 0.0034910241918626175,
      "h100/episode_count": 15,
      "h100/final_state_mse": 0.013264051449844261,
      "h100/outcome_drop_episode_count": 3,
      "h100/outcome_drop_final_state_mse": 0.01102189378800735,
      "h100/outcome_drop_state_mse": 0.004189034505607256,
      "h100/outcome_jam_episode_count": 3,
      "h100/outcome_jam_final_state_mse": 0.016449636688419415,
      "h100/outcome_jam_state_mse": 0.005080383712170171,
      "h100/outcome_miss_episode_count": 3,
      "h100/outcome_miss_final_state_mse": 0.01245208931904213,
      "h100/outcome_miss_state_mse": 0.00568035474789688,
      "h100/outcome_partial_episode_count": 3,
      "h100/outcome_partial_final_state_mse": 0.010083154136059331,
      "h100/outcome_partial_state_mse": 0.0040084578944187535,
      "h100/outcome_success_episode_count": 3,
      "h100/outcome_success_final_state_mse": 0.01631348701863507,
      "h100/outcome_success_state_mse": 0.004639082141951019,
      "h100/state_mse": 0.004719462076822917,
      "h125/episode_count": 15,
      "h125/final_state_mse": 0.0060954374425551475,
      "h125/outcome_drop_episode_count": 3,
      "h125/outcome_drop_final_state_mse": 0.005980961073457805,
      "h125/outcome_drop_state_mse": 0.004681915033876507,
      "h125/outcome_jam_episode_count": 3,
      "h125/outcome_jam_final_state_mse": 0.007249963634154376,
      "h125/outcome_jam_state_mse": 0.005807425505195567,
      "h125/outcome_miss_episode_count": 3,
      "h125/outcome_miss_final_state_mse": 0.006892028733406191,
      "h125/outcome_miss_state_mse": 0.006304796006944445,
      "h125/outcome_partial_episode_count": 3,
      "h125/outcome_partial_final_state_mse": 0.004302757238250932,
      "h125/outcome_partial_state_mse": 0.004329048505795547,
      "h125/outcome_success_episode_count": 3,
      "h125/outcome_success_final_state_mse": 0.006051476046540378,
      "h125/outcome_success_state_mse": 0.005431306627061632,
      "h125/state_mse": 0.0053108992034313724,
      "h20/episode_count": 15,
      "h20/final_state_mse": 0.00964621313257155,
      "h20/outcome_drop_episode_count": 3,
      "h20/outcome_drop_final_state_mse": 0.008731767535209656,
      "h20/outcome_drop_state_mse": 0.0033275340507233067,
      "h20/outcome_jam_episode_count": 3,
      "h20/outcome_jam_final_state_mse": 0.008993341544874354,
      "h20/outcome_jam_state_mse": 0.003833954162846983,
      "h20/outcome_miss_episode_count": 3,
      "h20/outcome_miss_final_state_mse": 0.0134963685390996,
      "h20/outcome_miss_state_mse": 0.009281842225517322,
      "h20/outcome_partial_episode_count": 3,
      "h20/outcome_partial_final_state_mse": 0.008550522666351468,
      "h20/outcome_partial_state_mse": 0.0032523802682465196,
      "h20/outcome_success_episode_count": 3,
      "h20/outcome_success_final_state_mse": 0.008459062747705996,
      "h20/outcome_success_state_mse": 0.003260156999226489,
      "h20/state_mse": 0.0045911736581839765,
      "h30/episode_count": 15,
      "h30/final_state_mse": 0.0032288401734595204,
      "h30/outcome_drop_episode_count": 3,
      "h30/outcome_drop_final_state_mse": 0.002919098033624537,
      "h30/outcome_drop_state_mse": 0.003217422572615879,
      "h30/outcome_jam_episode_count": 3,
      "h30/outcome_jam_final_state_mse": 0.0032635228890998693,
      "h30/outcome_jam_state_mse": 0.003709925337814298,
      "h30/outcome_miss_episode_count": 3,
      "h30/outcome_miss_final_state_mse": 0.0042931693636514,
      "h30/outcome_miss_state_mse": 0.00773942226418223,
      "h30/outcome_partial_episode_count": 3,
      "h30/outcome_partial_final_state_mse": 0.0028183450983240714,
      "h30/outcome_partial_state_mse": 0.003125031425542561,
      "h30/outcome_success_episode_count": 3,
      "h30/outcome_success_final_state_mse": 0.0028500657017324483,
      "h30/outcome_success_state_mse": 0.0031380552092408823,
      "h30/state_mse": 0.004185971528096916,
      "h40/episode_count": 15,
      "h40/final_state_mse": 0.005892810946196513,
      "h40/outcome_drop_episode_count": 3,
      "h40/outcome_drop_final_state_mse": 0.004795845427544288,
      "h40/outcome_drop_state_mse": 0.0034340039187786627,
      "h40/outcome_jam_episode_count": 3,
      "h40/outcome_jam_final_state_mse": 0.006445780445158092,
      "h40/outcome_jam_state_mse": 0.004000512252446094,
      "h40/outcome_miss_episode_count": 3,
      "h40/outcome_miss_final_state_mse": 0.005655576201046214,
      "h40/outcome_miss_state_mse": 0.0070305001501943555,
      "h40/outcome_partial_episode_count": 3,
      "h40/outcome_partial_final_state_mse": 0.006273900079571344,
      "h40/outcome_partial_state_mse": 0.0034351711179695875,
      "h40/outcome_success_episode_count": 3,
      "h40/outcome_success_final_state_mse": 0.006292953600291334,
      "h40/outcome_success_state_mse": 0.0034523095959931418,
      "h40/state_mse": 0.004270499235664318,
      "h50/episode_count": 15,
      "h50/final_state_mse": 0.002737454495398827,
      "h50/outcome_drop_episode_count": 3,
      "h50/outcome_drop_final_state_mse": 0.002998741453184801,
      "h50/outcome_drop_state_mse": 0.0033884990604874355,
      "h50/outcome_jam_episode_count": 3,
      "h50/outcome_jam_final_state_mse": 0.0034258267263960994,
      "h50/outcome_jam_state_mse": 0.0038647085077622356,
      "h50/outcome_miss_episode_count": 3,
      "h50/outcome_miss_final_state_mse": 0.002075088666934593,
      "h50/outcome_miss_state_mse": 0.006017993602877349,
      "h50/outcome_partial_episode_count": 3,
      "h50/outcome_partial_final_state_mse": 0.0025636265236957403,
      "h50/outcome_partial_state_mse": 0.003275459015291501,
      "h50/outcome_success_episode_count": 3,
      "h50/outcome_success_final_state_mse": 0.0026239890580862955,
      "h50/outcome_success_state_mse": 0.0032975884668188155,
      "h50/state_mse": 0.003968849730647467,
      "h75/episode_count": 15,
      "h75/final_state_mse": 0.006713743770823759,
      "h75/outcome_drop_episode_count": 3,
      "h75/outcome_drop_final_state_mse": 0.0054428230703266614,
      "h75/outcome_drop_state_mse": 0.003622972409449891,
      "h75/outcome_jam_episode_count": 3,
      "h75/outcome_jam_final_state_mse": 0.00768280974011016,
      "h75/outcome_jam_state_mse": 0.004184198815838184,
      "h75/outcome_miss_episode_count": 3,
      "h75/outcome_miss_final_state_mse": 0.00630558364921146,
      "h75/outcome_miss_state_mse": 0.005466643854943236,
      "h75/outcome_partial_episode_count": 3,
      "h75/outcome_partial_final_state_mse": 0.006512492115980659,
      "h75/outcome_partial_state_mse": 0.003469906642805777,
      "h75/outcome_success_episode_count": 3,
      "h75/outcome_success_final_state_mse": 0.007625012226354063,
      "h75/outcome_success_state_mse": 0.003542830024669373,
      "h75/state_mse": 0.004057310017105801,
      "max_requested_horizon": 125,
      "reencode_period": 20,
      "rollout_mode": "periodic_20"
    },
    "periodic_5": {
      "episode_count": 15,
      "h10/episode_count": 15,
      "h10/final_state_mse": 0.002307795231638391,
      "h10/outcome_drop_episode_count": 3,
      "h10/outcome_drop_final_state_mse": 0.0014928431779730553,
      "h10/outcome_drop_state_mse": 0.0014651189832126394,
      "h10/outcome_jam_episode_count": 3,
      "h10/outcome_jam_final_state_mse": 0.0023613018927231334,
      "h10/outcome_jam_state_mse": 0.0020044708174038555,
      "h10/outcome_miss_episode_count": 3,
      "h10/outcome_miss_final_state_mse": 0.004812136730727027,
      "h10/outcome_miss_state_mse": 0.01104690452027165,
      "h10/outcome_partial_episode_count": 3,
      "h10/outcome_partial_final_state_mse": 0.001419527979652866,
      "h10/outcome_partial_state_mse": 0.0013765629405289694,
      "h10/outcome_success_episode_count": 3,
      "h10/outcome_success_final_state_mse": 0.0014531665475539912,
      "h10/outcome_success_state_mse": 0.0013969032008663501,
      "h10/state_mse": 0.0034579921547883475,
      "h100/episode_count": 15,
      "h100/final_state_mse": 0.002772199406343348,
      "h100/outcome_drop_episode_count": 3,
      "h100/outcome_drop_final_state_mse": 0.0033870589694166495,
      "h100/outcome_drop_state_mse": 0.0025824379453472063,
      "h100/outcome_jam_episode_count": 3,
      "h100/outcome_jam_final_state_mse": 0.002723673906396417,
      "h100/outcome_jam_state_mse": 0.0028732211293737873,
      "h100/outcome_miss_episode_count": 3,
      "h100/outcome_miss_final_state_mse": 0.0028086140557052265,
      "h100/outcome_miss_state_mse": 0.0036011260163550285,
      "h100/outcome_partial_episode_count": 3,
      "h100/outcome_partial_final_state_mse": 0.0021090186353212867,
      "h100/outcome_partial_state_mse": 0.0020837766672271527,
      "h100/outcome_success_episode_count": 3,
      "h100/outcome_success_final_state_mse": 0.002832631951843212,
      "h100/outcome_success_state_mse": 0.002280497332803564,
      "h100/state_mse": 0.0026842118805530026,
      "h125/episode_count": 15,
      "h125/final_state_mse": 0.003924765929677128,
      "h125/outcome_drop_episode_count": 3,
      "h125/outcome_drop_final_state_mse": 0.005197067373718311,
      "h125/outcome_drop_state_mse": 0.002878601822198606,
      "h125/outcome_jam_episode_count": 3,
      "h125/outcome_jam_final_state_mse": 0.005210225780804952,
      "h125/outcome_jam_state_mse": 0.0031492557899624692,
      "h125/outcome_miss_episode_count": 3,
      "h125/outcome_miss_final_state_mse": 0.0035105461583418004,
      "h125/outcome_miss_state_mse": 0.0035763816085516236,
      "h125/outcome_partial_episode_count": 3,
      "h125/outcome_partial_final_state_mse": 0.0020175565983734877,
      "h125/outcome_partial_state_mse": 0.0021068376528671365,
      "h125/outcome_success_episode_count": 3,
      "h125/outcome_success_final_state_mse": 0.0036884328119115893,
      "h125/outcome_success_state_mse": 0.0024727834813735063,
      "h125/state_mse": 0.0028367720460580064,
      "h20/episode_count": 15,
      "h20/final_state_mse": 0.002154267691319285,
      "h20/outcome_drop_episode_count": 3,
      "h20/outcome_drop_final_state_mse": 0.0021559362804967593,
      "h20/outcome_drop_state_mse": 0.001632340807540744,
      "h20/outcome_jam_episode_count": 3,
      "h20/outcome_jam_final_state_mse": 0.002328384838073082,
      "h20/outcome_jam_state_mse": 0.002178207526799121,
      "h20/outcome_miss_episode_count": 3,
      "h20/outcome_miss_final_state_mse": 0.0025284810880430385,
      "h20/outcome_miss_state_mse": 0.007423873352848626,
      "h20/outcome_partial_episode_count": 3,
      "h20/outcome_partial_final_state_mse": 0.0018719357067073872,
      "h20/outcome_partial_state_mse": 0.0015438857616162768,
      "h20/outcome_success_episode_count": 3,
      "h20/outcome_success_final_state_mse": 0.00188660178503959,
      "h20/outcome_success_state_mse": 0.0015693847844803256,
      "h20/state_mse": 0.002869538450552747,
      "h30/episode_count": 15,
      "h30/final_state_mse": 0.0018571844287947113,
      "h30/outcome_drop_episode_count": 3,
      "h30/outcome_drop_final_state_mse": 0.0017198646575017692,
      "h30/outcome_drop_state_mse": 0.001757246996063033,
      "h30/outcome_jam_episode_count": 3,
      "h30/outcome_jam_final_state_mse": 0.002128941025219712,
      "h30/outcome_jam_state_mse": 0.0023073512224849792,
      "h30/outcome_miss_episode_count": 3,
      "h30/outcome_miss_final_state_mse": 0.0019395735139161154,
      "h30/outcome_miss_state_mse": 0.005792539259966682,
      "h30/outcome_partial_episode_count": 3,
      "h30/outcome_partial_final_state_mse": 0.0017201154450185937,
      "h30/outcome_partial_state_mse": 0.0016685066140035658,
      "h30/outcome_success_episode_count": 3,
      "h30/outcome_success_final_state_mse": 0.0017774269910030116,
      "h30/outcome_success_state_mse": 0.001692010582402381,
      "h30/state_mse": 0.0026435310180930012,
      "h40/episode_count": 15,
      "h40/final_state_mse": 0.001901809686149647,
      "h40/outcome_drop_episode_count": 3,
      "h40/outcome_drop_final_state_mse": 0.0020736753940582275,
      "h40/outcome_drop_state_mse": 0.0019161872614442913,
      "h40/outcome_jam_episode_count": 3,
      "h40/outcome_jam_final_state_mse": 0.0018812337147644143,
      "h40/outcome_jam_state_mse": 0.00231069879594192,
      "h40/outcome_miss_episode_count": 3,
      "h40/outcome_miss_final_state_mse": 0.001960408112971611,
      "h40/outcome_miss_state_mse": 0.004906837768804014,
      "h40/outcome_partial_episode_count": 3,
      "h40/outcome_partial_final_state_mse": 0.0017974134412855885,
      "h40/outcome_partial_state_mse": 0.0017025075706781126,
      "h40/outcome_success_episode_count": 3,
      "h40/outcome_success_final_state_mse": 0.0017963174754887625,
      "h40/outcome_success_state_mse": 0.0017253602252287022,
      "h40/state_mse": 0.002512318230921926,
      "h50/episode_count": 15,
      "h50/final_state_mse": 0.00232896493151297,
      "h50/outcome_drop_episode_count": 3,
      "h50/outcome_drop_final_state_mse": 0.0023904523136569003,
      "h50/outcome_drop_state_mse": 0.0021481492784288193,
      "h50/outcome_jam_episode_count": 3,
      "h50/outcome_jam_final_state_mse": 0.003087446093559265,
      "h50/outcome_jam_state_mse": 0.002431437735464059,
      "h50/outcome_miss_episode_count": 3,
      "h50/outcome_miss_final_state_mse": 0.0019104353645268608,
      "h50/outcome_miss_state_mse": 0.004364762275047552,
      "h50/outcome_partial_episode_count": 3,
      "h50/outcome_partial_final_state_mse": 0.0020993922417070353,
      "h50/outcome_partial_state_mse": 0.0017878128500545727,
      "h50/outcome_success_episode_count": 3,
      "h50/outcome_success_final_state_mse": 0.0021570979380140117,
      "h50/outcome_success_state_mse": 0.0018121404897153768,
      "h50/state_mse": 0.0025088604696435865,
      "h75/episode_count": 15,
      "h75/final_state_mse": 0.0043978360743304485,
      "h75/outcome_drop_episode_count": 3,
      "h75/outcome_drop_final_state_mse": 0.0035615306031080633,
      "h75/outcome_drop_state_mse": 0.0024373687378461584,
      "h75/outcome_jam_episode_count": 3,
      "h75/outcome_jam_final_state_mse": 0.004778718393222958,
      "h75/outcome_jam_state_mse": 0.0028135990317350898,
      "h75/outcome_miss_episode_count": 3,
      "h75/outcome_miss_final_state_mse": 0.0052721267626955615,
      "h75/outcome_miss_state_mse": 0.0038363515317829605,
      "h75/outcome_partial_episode_count": 3,
      "h75/outcome_partial_final_state_mse": 0.0037938569203700896,
      "h75/outcome_partial_state_mse": 0.0020981910805297054,
      "h75/outcome_success_episode_count": 3,
      "h75/outcome_success_final_state_mse": 0.004582949177502027,
      "h75/outcome_success_state_mse": 0.0021572761701862276,
      "h75/state_mse": 0.002668557293794254,
      "max_requested_horizon": 125,
      "reencode_period": 5,
      "rollout_mode": "periodic_5"
    },
    "periodic_50": {
      "episode_count": 15,
      "h10/episode_count": 15,
      "h10/final_state_mse": 0.0027775362426159427,
      "h10/outcome_drop_episode_count": 3,
      "h10/outcome_drop_final_state_mse": 0.0021069684230229434,
      "h10/outcome_drop_state_mse": 0.0016208349489698222,
      "h10/outcome_jam_episode_count": 3,
      "h10/outcome_jam_final_state_mse": 0.003430221741105996,
      "h10/outcome_jam_state_mse": 0.0022444115744696723,
      "h10/outcome_miss_episode_count": 3,
      "h10/outcome_miss_final_state_mse": 0.004141553311176549,
      "h10/outcome_miss_state_mse": 0.010474824593737234,
      "h10/outcome_partial_episode_count": 3,
      "h10/outcome_partial_final_state_mse": 0.002110002282398199,
      "h10/outcome_partial_state_mse": 0.001553070954248017,
      "h10/outcome_success_episode_count": 3,
      "h10/outcome_success_final_state_mse": 0.0020989359058196247,
      "h10/outcome_success_state_mse": 0.0015619799786922978,
      "h10/state_mse": 0.0034910241918626175,
      "h100/episode_count": 15,
      "h100/final_state_mse": 190.32469362745098,
      "h100/outcome_drop_episode_count": 3,
      "h100/outcome_drop_final_state_mse": 185.5105890012255,
      "h100/outcome_drop_state_mse": 10.664623544730393,
      "h100/outcome_jam_episode_count": 3,
      "h100/outcome_jam_final_state_mse": 187.88035832822712,
      "h100/outcome_jam_state_mse": 10.529411381740196,
      "h100/outcome_miss_episode_count": 3,
      "h100/outcome_miss_final_state_mse": 200.65653084150327,
      "h100/outcome_miss_state_mse": 10.997002655228759,
      "h100/outcome_partial_episode_count": 3,
      "h100/outcome_partial_final_state_mse": 186.26904935151143,
      "h100/outcome_partial_state_mse": 10.399483123978758,
      "h100/outcome_success_episode_count": 3,
      "h100/outcome_success_final_state_mse": 191.3069757199755,
      "h100/outcome_success_state_mse": 10.726945338031046,
      "h100/state_mse": 10.663492647058824,
      "h125/episode_count": 15,
      "h125/final_state_mse": 187.57144607843136,
      "h125/outcome_drop_episode_count": 3,
      "h125/outcome_drop_final_state_mse": 201.80251736111111,
      "h125/outcome_drop_state_mse": 20.291368872549018,
      "h125/outcome_jam_episode_count": 3,
      "h125/outcome_jam_final_state_mse": 195.9018347247753,
      "h125/outcome_jam_state_mse": 20.252927491830064,
      "h125/outcome_miss_episode_count": 3,
      "h125/outcome_miss_final_state_mse": 161.65891799428104,
      "h125/outcome_miss_state_mse": 16.35835866013072,
      "h125/outcome_partial_episode_count": 3,
      "h125/outcome_partial_final_state_mse": 186.21760269863154,
      "h125/outcome_partial_state_mse": 19.783249795751633,
      "h125/outcome_success_episode_count": 3,
      "h125/outcome_success_final_state_mse": 192.2763161254085,
      "h125/outcome_success_state_mse": 20.405105800653594,
      "h125/state_mse": 19.41820130718954,
      "h20/episode_count": 15,
      "h20/final_state_mse": 0.00964621313257155,
      "h20/outcome_drop_episode_count": 3,
      "h20/outcome_drop_final_state_mse": 0.008731767535209656,
      "h20/outcome_drop_state_mse": 0.0033275340507233067,
      "h20/outcome_jam_episode_count": 3,
      "h20/outcome_jam_final_state_mse": 0.008993341544874354,
      "h20/outcome_jam_state_mse": 0.003833954162846983,
      "h20/outcome_miss_episode_count": 3,
      "h20/outcome_miss_final_state_mse": 0.0134963685390996,
      "h20/outcome_miss_state_mse": 0.009281842225517322,
      "h20/outcome_partial_episode_count": 3,
      "h20/outcome_partial_final_state_mse": 0.008550522666351468,
      "h20/outcome_partial_state_mse": 0.0032523802682465196,
      "h20/outcome_success_episode_count": 3,
      "h20/outcome_success_final_state_mse": 0.008459062747705996,
      "h20/outcome_success_state_mse": 0.003260156999226489,
      "h20/state_mse": 0.0045911736581839765,
      "h30/episode_count": 15,
      "h30/final_state_mse": 0.03676603977976282,
      "h30/outcome_drop_episode_count": 3,
      "h30/outcome_drop_final_state_mse": 0.030789334594813828,
      "h30/outcome_drop_state_mse": 0.008336805258441335,
      "h30/outcome_jam_episode_count": 3,
      "h30/outcome_jam_final_state_mse": 0.03278536578409033,
      "h30/outcome_jam_state_mse": 0.008909672901261606,
      "h30/outcome_miss_episode_count": 3,
      "h30/outcome_miss_final_state_mse": 0.05815939264359817,
      "h30/outcome_miss_state_mse": 0.017493312395216332,
      "h30/outcome_partial_episode_count": 3,
      "h30/outcome_partial_final_state_mse": 0.03098499872326072,
      "h30/outcome_partial_state_mse": 0.008235337791359763,
      "h30/outcome_success_episode_count": 3,
      "h30/outcome_success_final_state_mse": 0.03111111182792514,
      "h30/outcome_success_state_mse": 0.008257247731576559,
      "h30/state_mse": 0.010246474987021718,
      "h40/episode_count": 15,
      "h40/final_state_mse": 0.14221546447354982,
      "h40/outcome_drop_episode_count": 3,
      "h40/outcome_drop_final_state_mse": 0.08583814022587795,
      "h40/outcome_drop_state_mse": 0.020726916369269877,
      "h40/outcome_jam_episode_count": 3,
      "h40/outcome_jam_final_state_mse": 0.10035858902276731,
      "h40/outcome_jam_state_mse": 0.023159427268832338,
      "h40/outcome_miss_episode_count": 3,
      "h40/outcome_miss_final_state_mse": 0.3310379421009737,
      "h40/outcome_miss_state_mse": 0.05152406630173228,
      "h40/outcome_partial_episode_count": 3,
      "h40/outcome_partial_final_state_mse": 0.09672347392911225,
      "h40/outcome_partial_state_mse": 0.02187323414422328,
      "h40/outcome_success_episode_count": 3,
      "h40/outcome_success_final_state_mse": 0.09711914592319065,
      "h40/outcome_success_state_mse": 0.02186020464678995,
      "h40/state_mse": 0.027828768063214868,
      "h50/episode_count": 15,
      "h50/final_state_mse": 1.4876172832414216,
      "h50/outcome_drop_episode_count": 3,
      "h50/outcome_drop_final_state_mse": 0.7871784509397021,
      "h50/outcome_drop_state_mse": 0.08072191425398284,
      "h50/outcome_jam_episode_count": 3,
      "h50/outcome_jam_final_state_mse": 0.8636350943372141,
      "h50/outcome_jam_state_mse": 0.08859920127719056,
      "h50/outcome_miss_episode_count": 3,
      "h50/outcome_miss_final_state_mse": 4.067714616364124,
      "h50/outcome_miss_state_mse": 0.38373027726715686,
      "h50/outcome_partial_episode_count": 3,
      "h50/outcome_partial_final_state_mse": 0.8541908887476702,
      "h50/outcome_partial_state_mse": 0.08591772341260723,
      "h50/outcome_success_episode_count": 3,
      "h50/outcome_success_final_state_mse": 0.8653672536214193,
      "h50/outcome_success_state_mse": 0.08659711052389706,
      "h50/state_mse": 0.1451132301879085,
      "h75/episode_count": 15,
      "h75/final_state_mse": 1.508910654105392,
      "h75/outcome_drop_episode_count": 3,
      "h75/outcome_drop_final_state_mse": 1.840414196837182,
      "h75/outcome_drop_state_mse": 0.1789071329486656,
      "h75/outcome_jam_episode_count": 3,
      "h75/outcome_jam_final_state_mse": 1.8405730552922666,
      "h75/outcome_jam_state_mse": 0.17529893663194446,
      "h75/outcome_miss_episode_count": 3,
      "h75/outcome_miss_final_state_mse": 0.4409489725150314,
      "h75/outcome_miss_state_mse": 0.3754413200827206,
      "h75/outcome_partial_episode_count": 3,
      "h75/outcome_partial_final_state_mse": 1.677109076306711,
      "h75/outcome_partial_state_mse": 0.16549863196146514,
      "h75/outcome_success_episode_count": 3,
      "h75/outcome_success_final_state_mse": 1.7455075955858417,
      "h75/outcome_success_state_mse": 0.16940330754697713,
      "h75/state_mse": 0.21290985838779958,
      "max_requested_horizon": 125,
      "reencode_period": 50,
      "rollout_mode": "periodic_50"
    }
  },
  "split": "test",
  "support_alignment": {
    "contact_phase": {
      "contact_phase_family_ari": 0.0,
      "contact_phase_family_nmi": 0.0,
      "contact_phase_family_purity": 0.9996668887408394,
      "contact_phase_sample_count": 3002.0,
      "h_contact_phase_given_family": 0.0030002889533867266,
      "h_family_given_contact_phase": 0.0,
      "unique_contact_phase_count": 2.0,
      "unique_family_count": 1.0
    },
    "contact_phase_alignment_available": true,
    "evaluated_state_count": 3017,
    "family_count": 1,
    "mean_family_similarity": 0.6415079236030579,
    "mean_support_size": 253.01458402386476,
    "outcome_alignment_available": true,
    "outcome_state": {
      "h_family_given_outcome": 0.0,
      "h_outcome_given_family": 1.6094379124341005,
      "outcome_family_ari": 0.0,
      "outcome_family_nmi": 0.0,
      "outcome_family_purity": 0.2,
      "outcome_sample_count": 15.0,
      "unique_family_count": 1.0,
      "unique_outcome_count": 5.0
    },
    "status": "ok",
    "unassigned_state_fraction": 0.0,
    "validation_state_count": 2346
  },
  "support_threshold": 0.2
}
summary=runs/maniskill_insertion/perturbation_e20_5k_lista_refine_20260604_143125/lista_relu_a0p02_sp1em5_loops2/seed2/eval_test_periodic/metrics_summary.json
summary=runs/maniskill_insertion/perturbation_e20_5k_lista_refine_20260604_143125/lista_relu_a0p02_sp3em5_loops2/seed2/eval_test_periodic/metrics_summary.json
summary=runs/maniskill_insertion/perturbation_e20_5k_lista_refine_20260604_143125/lista_relu_a0p015_sp1em3_loops2/seed2/eval_test_periodic/metrics_summary.json
summary=runs/maniskill_insertion/perturbation_e20_5k_lista_refine_20260604_143125/lista_relu_a0p02_sp1em4_loops2/seed2/eval_test_periodic/metrics_summary.json
end_time=Thu Jun  4 15:36:37 EDT 2026

======== GPU REPORT ========

==============NVSMI LOG==============

Timestamp                                 : Thu Jun  4 15:36:37 2026
Driver Version                            : 580.95.05
CUDA Version                              : 13.0

Attached GPUs                             : 1
GPU 00000000:61:00.0
    Accounting Mode                       : Enabled
    Accounting Mode Buffer Size           : 4000
    Accounted Processes
        Process ID                        : 2188434
            GPU Utilization               : 18 %
            Memory Utilization            : 5 %
            Max memory usage              : 684 MiB
            Time                          : 56634 ms
            Is Running                    : 0
        Process ID                        : 2188432
            GPU Utilization               : 26 %
            Memory Utilization            : 7 %
            Max memory usage              : 684 MiB
            Time                          : 56755 ms
            Is Running                    : 0
        Process ID                        : 2188436
            GPU Utilization               : 25 %
            Memory Utilization            : 7 %
            Max memory usage              : 684 MiB
            Time                          : 56698 ms
            Is Running                    : 0
        Process ID                        : 2188431
            GPU Utilization               : 25 %
            Memory Utilization            : 6 %
            Max memory usage              : 684 MiB
            Time                          : 56818 ms
            Is Running                    : 0
        Process ID                        : 2188677
            GPU Utilization               : 9 %
            Memory Utilization            : 0 %
            Max memory usage              : 538 MiB
            Time                          : 1900 ms
            Is Running                    : 0
        Process ID                        : 2188679
            GPU Utilization               : 25 %
            Memory Utilization            : 0 %
            Max memory usage              : 538 MiB
            Time                          : 1826 ms
            Is Running                    : 0
        Process ID                        : 2188672
            GPU Utilization               : 1 %
            Memory Utilization            : 0 %
            Max memory usage              : 538 MiB
            Time                          : 1945 ms
            Is Running                    : 0
        Process ID                        : 2188664
            GPU Utilization               : 0 %
            Memory Utilization            : 0 %
            Max memory usage              : 538 MiB
            Time                          : 2055 ms
            Is Running                    : 0

Thu Jun  4 15:36:37 2026       
+-----------------------------------------------------------------------------------------+
| NVIDIA-SMI 580.95.05              Driver Version: 580.95.05      CUDA Version: 13.0     |
+-----------------------------------------+------------------------+----------------------+
| GPU  Name                 Persistence-M | Bus-Id          Disp.A | Volatile Uncorr. ECC |
| Fan  Temp   Perf          Pwr:Usage/Cap |           Memory-Usage | GPU-Util  Compute M. |
|                                         |                        |               MIG M. |
|=========================================+========================+======================|
|   0  NVIDIA L40S                    On  |   00000000:61:00.0 Off |                    0 |
| N/A   44C    P0            112W /  325W |       0MiB /  46068MiB |     28%      Default |
|                                         |                        |                  N/A |
+-----------------------------------------+------------------------+----------------------+

+-----------------------------------------------------------------------------------------+
| Processes:                                                                              |
|  GPU   GI   CI              PID   Type   Process name                        GPU Memory |
|        ID   ID                                                               Usage      |
|=========================================================================================|
|  No running processes found                                                             |
+-----------------------------------------------------------------------------------------+
