=============================================
ManiSkill 5k packed tuning GPU context
date=2026-06-04T15:26:27-0400
host=cn-l052.server.mila.quebec
slurm_job_id=9736930
slurm_array_task_id=43
slurm_nodelist=cn-l052
slurm_job_gpus=2
slurm_step_gpus=
slurm_gpus=
slurm_gpus_on_node=1
slurm_cpus_per_task=8
cuda_visible_devices=0
cuda_device_order=
GPU 0: NVIDIA L40S (UUID: GPU-479eba1a-2b0e-06b2-8803-ff193e949e6d)
index, uuid, name, driver_version, memory.total [MiB]
0, GPU-479eba1a-2b0e-06b2-8803-ff193e949e6d, NVIDIA L40S, 580.95.05, 46068 MiB
=============================================
date=Thu Jun  4 15:26:27 EDT 2026
host=cn-l052.server.mila.quebec
commit=b5ea99e
slurm_job_id=9736930
slurm_array_task_id=43
task_set=lista_forecast_refine
task_count=231
start_task=172
pack_size=4
pack_concurrency=4
packed_task_threads=2
dataset=data/maniskill/perturbation_assessment_seed0_e20/all_setups.npz
run_root=runs/maniskill_insertion/perturbation_e20_5k_lista_refine_20260604_143125
num_steps=5000
batch_size=512
sequence_length=10
z_dim=320
hidden_dim=256
horizons=10,20,30,40,50,75,100,125
periodic_reencode_periods=1,2,5,10,20,50,100
cuda_visible_devices=0
----- task 172/231: lista_relu_a0p015_sp3em5_loops1 seed2 -----
----- task 174/231: lista_relu_a0p015_sp3em4_loops1 seed2 -----
encoder_kind=lista activation=relu alpha=0.015 sparsity=3e-5 loops=1
----- task 175/231: lista_relu_a0p015_sp1em3_loops1 seed2 -----
encoder_kind=lista activation=relu alpha=0.015 sparsity=3e-4 loops=1
weights pred=1.0 rec=0.1 latent=0.1 k=1e-4
encoder_kind=lista activation=relu alpha=0.015 sparsity=1e-3 loops=1
weights pred=1.0 rec=0.1 latent=0.1 k=1e-4
run_dir=runs/maniskill_insertion/perturbation_e20_5k_lista_refine_20260604_143125/lista_relu_a0p015_sp3em5_loops1/seed2
weights pred=1.0 rec=0.1 latent=0.1 k=1e-4
run_dir=runs/maniskill_insertion/perturbation_e20_5k_lista_refine_20260604_143125/lista_relu_a0p015_sp3em4_loops1/seed2
run_dir=runs/maniskill_insertion/perturbation_e20_5k_lista_refine_20260604_143125/lista_relu_a0p015_sp1em3_loops1/seed2
----- task 173/231: lista_relu_a0p015_sp1em4_loops1 seed2 -----
encoder_kind=lista activation=relu alpha=0.015 sparsity=1e-4 loops=1
weights pred=1.0 rec=0.1 latent=0.1 k=1e-4
run_dir=runs/maniskill_insertion/perturbation_e20_5k_lista_refine_20260604_143125/lista_relu_a0p015_sp1em4_loops1/seed2
step=0 loss=1.466404 pred=0.979080 val_mse=0.742088
step=0 loss=1.466341 pred=0.979080 val_mse=0.742088
step=0 loss=1.466337 pred=0.979080 val_mse=0.742088
step=0 loss=1.466355 pred=0.979080 val_mse=0.742088
step=500 loss=0.061945 pred=0.052622 val_mse=0.181718
step=500 loss=0.062069 pred=0.052628 val_mse=0.178955
step=500 loss=0.061331 pred=0.051999 val_mse=0.180523
step=500 loss=0.061621 pred=0.051909 val_mse=0.180773
step=1000 loss=0.042055 pred=0.036349 val_mse=0.153137
step=1000 loss=0.040652 pred=0.034856 val_mse=0.153713
step=1000 loss=0.041791 pred=0.036056 val_mse=0.152611
step=1000 loss=0.040747 pred=0.034697 val_mse=0.155326
step=1500 loss=0.031367 pred=0.027065 val_mse=0.103508
step=1500 loss=0.033219 pred=0.028770 val_mse=0.103433
step=1500 loss=0.031800 pred=0.027191 val_mse=0.104134
step=1500 loss=0.031611 pred=0.027368 val_mse=0.103656
step=2000 loss=0.030010 pred=0.026253 val_mse=0.177737
step=2000 loss=0.028667 pred=0.024993 val_mse=0.179795
step=2000 loss=0.028525 pred=0.024904 val_mse=0.177921
step=2000 loss=0.029116 pred=0.025164 val_mse=0.182814
step=2500 loss=0.023947 pred=0.020884 val_mse=0.134536
step=2500 loss=0.023763 pred=0.020466 val_mse=0.135231
step=2500 loss=0.024002 pred=0.020889 val_mse=0.134552
step=2500 loss=0.023949 pred=0.020904 val_mse=0.135282
step=3000 loss=0.020922 pred=0.018183 val_mse=0.201103
step=3000 loss=0.020159 pred=0.017216 val_mse=0.202112
step=3000 loss=0.020866 pred=0.018064 val_mse=0.202510
step=3000 loss=0.021521 pred=0.018793 val_mse=0.200662
step=3500 loss=0.019535 pred=0.017047 val_mse=0.247862
step=3500 loss=0.020059 pred=0.017471 val_mse=0.248386
step=3500 loss=0.019369 pred=0.016605 val_mse=0.250690
step=3500 loss=0.019865 pred=0.017355 val_mse=0.248799
step=4000 loss=0.016354 pred=0.014038 val_mse=0.250291
step=4000 loss=0.016079 pred=0.013939 val_mse=0.246806
step=4000 loss=0.016255 pred=0.014159 val_mse=0.248066
step=4000 loss=0.016064 pred=0.014005 val_mse=0.249451
step=4500 loss=0.018056 pred=0.015897 val_mse=0.173025
step=4500 loss=0.018299 pred=0.016167 val_mse=0.176093
step=4500 loss=0.017735 pred=0.015418 val_mse=0.175848
step=4500 loss=0.017816 pred=0.015742 val_mse=0.174406
step=4999 loss=0.013041 pred=0.011048 val_mse=0.162239
step=4999 loss=0.014402 pred=0.012569 val_mse=0.157565
step=4999 loss=0.013597 pred=0.011750 val_mse=0.158700
step=4999 loss=0.013489 pred=0.011704 val_mse=0.161696
run_dir=runs/maniskill_insertion/perturbation_e20_5k_lista_refine_20260604_143125/lista_relu_a0p015_sp1em3_loops1/seed2
run_dir=runs/maniskill_insertion/perturbation_e20_5k_lista_refine_20260604_143125/lista_relu_a0p015_sp1em4_loops1/seed2
run_dir=runs/maniskill_insertion/perturbation_e20_5k_lista_refine_20260604_143125/lista_relu_a0p015_sp3em4_loops1/seed2
run_dir=runs/maniskill_insertion/perturbation_e20_5k_lista_refine_20260604_143125/lista_relu_a0p015_sp3em5_loops1/seed2
{
  "best_periodic_rollout": {
    "episode_count": 15,
    "h10/episode_count": 15,
    "h10/final_state_mse": 0.002412913204018587,
    "h10/outcome_drop_episode_count": 3,
    "h10/outcome_drop_final_state_mse": 0.001685003853506512,
    "h10/outcome_drop_state_mse": 0.0014131143591762367,
    "h10/outcome_jam_episode_count": 3,
    "h10/outcome_jam_final_state_mse": 0.0027212100773075826,
    "h10/outcome_jam_state_mse": 0.0019717110527886286,
    "h10/outcome_miss_episode_count": 3,
    "h10/outcome_miss_final_state_mse": 0.0042914946387016695,
    "h10/outcome_miss_state_mse": 0.01106222969254637,
    "h10/outcome_partial_episode_count": 3,
    "h10/outcome_partial_final_state_mse": 0.0016696406102258395,
    "h10/outcome_partial_state_mse": 0.0013203483781004265,
    "h10/outcome_success_episode_count": 3,
    "h10/outcome_success_final_state_mse": 0.0016972169377445394,
    "h10/outcome_success_state_mse": 0.0013394772227293525,
    "h10/selected_mode": "periodic_5",
    "h10/selected_period": 5,
    "h10/state_mse": 0.0034213762968973395,
    "h100/episode_count": 15,
    "h100/final_state_mse": 0.0026222306918474584,
    "h100/outcome_drop_episode_count": 3,
    "h100/outcome_drop_final_state_mse": 0.002534706924670662,
    "h100/outcome_drop_state_mse": 0.002626355676090016,
    "h100/outcome_jam_episode_count": 3,
    "h100/outcome_jam_final_state_mse": 0.002916547597623339,
    "h100/outcome_jam_state_mse": 0.002987342909270642,
    "h100/outcome_miss_episode_count": 3,
    "h100/outcome_miss_final_state_mse": 0.00261848281119384,
    "h100/outcome_miss_state_mse": 0.0036477469151316127,
    "h100/outcome_partial_episode_count": 3,
    "h100/outcome_partial_final_state_mse": 0.002545689250908646,
    "h100/outcome_partial_state_mse": 0.002163853832319671,
    "h100/outcome_success_episode_count": 3,
    "h100/outcome_success_final_state_mse": 0.002495727629638186,
    "h100/outcome_success_state_mse": 0.0023078890096128375,
    "h100/selected_mode": "periodic_5",
    "h100/selected_period": 5,
    "h100/state_mse": 0.0027466378804125815,
    "h125/episode_count": 15,
    "h125/final_state_mse": 0.003726745430940117,
    "h125/outcome_drop_episode_count": 3,
    "h125/outcome_drop_final_state_mse": 0.004485600670568304,
    "h125/outcome_drop_state_mse": 0.002828082714205474,
    "h125/outcome_jam_episode_count": 3,
    "h125/outcome_jam_final_state_mse": 0.004193489896316154,
    "h125/outcome_jam_state_mse": 0.003215008704490911,
    "h125/outcome_miss_episode_count": 3,
    "h125/outcome_miss_final_state_mse": 0.004374210302736245,
    "h125/outcome_miss_state_mse": 0.003663866629008374,
    "h125/outcome_partial_episode_count": 3,
    "h125/outcome_partial_final_state_mse": 0.002313304327282251,
    "h125/outcome_partial_state_mse": 0.0022527925578597324,
    "h125/outcome_success_episode_count": 3,
    "h125/outcome_success_final_state_mse": 0.0032671214464832753,
    "h125/outcome_success_state_mse": 0.002454138063916973,
    "h125/selected_mode": "periodic_5",
    "h125/selected_period": 5,
    "h125/state_mse": 0.0028827777139501633,
    "h20/episode_count": 15,
    "h20/final_state_mse": 0.002418163555120331,
    "h20/outcome_drop_episode_count": 3,
    "h20/outcome_drop_final_state_mse": 0.002329204815859888,
    "h20/outcome_drop_state_mse": 0.0017314263808181863,
    "h20/outcome_jam_episode_count": 3,
    "h20/outcome_jam_final_state_mse": 0.002523036174524843,
    "h20/outcome_jam_state_mse": 0.0022942764696732066,
    "h20/outcome_miss_episode_count": 3,
    "h20/outcome_miss_final_state_mse": 0.0031546860738517414,
    "h20/outcome_miss_state_mse": 0.0075441670573614785,
    "h20/outcome_partial_episode_count": 3,
    "h20/outcome_partial_final_state_mse": 0.002039834272627737,
    "h20/outcome_partial_state_mse": 0.0016440345570932027,
    "h20/outcome_success_episode_count": 3,
    "h20/outcome_success_final_state_mse": 0.0020440560491646036,
    "h20/outcome_success_state_mse": 0.0016689103413251491,
    "h20/selected_mode": "periodic_5",
    "h20/selected_period": 5,
    "h20/state_mse": 0.00297656289892259,
    "h30/episode_count": 15,
    "h30/final_state_mse": 0.0020101860457775638,
    "h30/outcome_drop_episode_count": 3,
    "h30/outcome_drop_final_state_mse": 0.0019137526746668848,
    "h30/outcome_drop_state_mse": 0.0018686326760352307,
    "h30/outcome_jam_episode_count": 3,
    "h30/outcome_jam_final_state_mse": 0.0022340738549341565,
    "h30/outcome_jam_state_mse": 0.002431480557310815,
    "h30/outcome_miss_episode_count": 3,
    "h30/outcome_miss_final_state_mse": 0.002144248462190815,
    "h30/outcome_miss_state_mse": 0.005936704897413067,
    "h30/outcome_partial_episode_count": 3,
    "h30/outcome_partial_final_state_mse": 0.00185097011378388,
    "h30/outcome_partial_state_mse": 0.0017824752917736445,
    "h30/outcome_success_episode_count": 3,
    "h30/outcome_success_final_state_mse": 0.0019078853911434124,
    "h30/outcome_success_state_mse": 0.0018057927846389138,
    "h30/selected_mode": "periodic_5",
    "h30/selected_period": 5,
    "h30/state_mse": 0.002765017241434334,
    "h40/episode_count": 15,
    "h40/final_state_mse": 0.0019232092340008106,
    "h40/outcome_drop_episode_count": 3,
    "h40/outcome_drop_final_state_mse": 0.002042338349460776,
    "h40/outcome_drop_state_mse": 0.0019875089717067145,
    "h40/outcome_jam_episode_count": 3,
    "h40/outcome_jam_final_state_mse": 0.001886392754861732,
    "h40/outcome_jam_state_mse": 0.0024279175241009084,
    "h40/outcome_miss_episode_count": 3,
    "h40/outcome_miss_final_state_mse": 0.002089909624819662,
    "h40/outcome_miss_state_mse": 0.005053670811497308,
    "h40/outcome_partial_episode_count": 3,
    "h40/outcome_partial_final_state_mse": 0.0017971800384568232,
    "h40/outcome_partial_state_mse": 0.001807697146546607,
    "h40/outcome_success_episode_count": 3,
    "h40/outcome_success_final_state_mse": 0.001800225426753362,
    "h40/outcome_success_state_mse": 0.0018305158303454031,
    "h40/selected_mode": "periodic_5",
    "h40/selected_period": 5,
    "h40/state_mse": 0.0026214619555504494,
    "h50/episode_count": 15,
    "h50/final_state_mse": 0.0022544701894124347,
    "h50/outcome_drop_episode_count": 3,
    "h50/outcome_drop_final_state_mse": 0.0023562028711917355,
    "h50/outcome_drop_state_mse": 0.0022106525944728477,
    "h50/outcome_jam_episode_count": 3,
    "h50/outcome_jam_final_state_mse": 0.0031443116516848796,
    "h50/outcome_jam_state_mse": 0.0025069427490234373,
    "h50/outcome_miss_episode_count": 3,
    "h50/outcome_miss_final_state_mse": 0.001953934191488752,
    "h50/outcome_miss_state_mse": 0.0044959716547548385,
    "h50/outcome_partial_episode_count": 3,
    "h50/outcome_partial_final_state_mse": 0.001872635866497077,
    "h50/outcome_partial_state_mse": 0.0018517112731933595,
    "h50/outcome_success_episode_count": 3,
    "h50/outcome_success_final_state_mse": 0.0019452658548853757,
    "h50/outcome_success_state_mse": 0.001875725291133706,
    "h50/selected_mode": "periodic_5",
    "h50/selected_period": 5,
    "h50/state_mse": 0.0025882007873136233,
    "h75/episode_count": 15,
    "h75/final_state_mse": 0.003948388380162856,
    "h75/outcome_drop_episode_count": 3,
    "h75/outcome_drop_final_state_mse": 0.003541613302004883,
    "h75/outcome_drop_state_mse": 0.0025529869761082603,
    "h75/outcome_jam_episode_count": 3,
    "h75/outcome_jam_final_state_mse": 0.004593716970845765,
    "h75/outcome_jam_state_mse": 0.002847293030981924,
    "h75/outcome_miss_episode_count": 3,
    "h75/outcome_miss_final_state_mse": 0.004352935291583242,
    "h75/outcome_miss_state_mse": 0.0038896947956292977,
    "h75/outcome_partial_episode_count": 3,
    "h75/outcome_partial_final_state_mse": 0.003022615377809487,
    "h75/outcome_partial_state_mse": 0.002104783899643842,
    "h75/outcome_success_episode_count": 3,
    "h75/outcome_success_final_state_mse": 0.004231060982919207,
    "h75/outcome_success_state_mse": 0.0021817147913581665,
    "h75/selected_mode": "periodic_5",
    "h75/selected_period": 5,
    "h75/state_mse": 0.0027152947984749455,
    "max_requested_horizon": 125,
    "periodic_reencode_periods": [
      1,
      2,
      5,
      10,
      20,
      50,
      100
    ],
    "rollout_mode": "best_periodic"
  },
  "checkpoint": "runs/maniskill_insertion/perturbation_e20_5k_lista_refine_20260604_143125/lista_relu_a0p015_sp3em4_loops1/seed2/checkpoint.pt",
  "checkpoint_step": 1500,
  "dataset": "data/maniskill/perturbation_assessment_seed0_e20/all_setups.npz",
  "device": "cuda",
  "family_jaccard": 0.4,
  "horizons": [
    10,
    20,
    30,
    40,
    50,
    75,
    100,
    125
  ],
  "labels_used_for_training": false,
  "periodic_reencode_periods": [
    1,
    2,
    5,
    10,
    20,
    50,
    100
  ],
  "rollout": {
    "episode_count": 15,
    "h10/episode_count": 15,
    "h10/final_state_mse": 0.00303348185969334,
    "h10/outcome_drop_episode_count": 3,
    "h10/outcome_drop_final_state_mse": 0.0021464649612217947,
    "h10/outcome_drop_state_mse": 0.001484791281955694,
    "h10/outcome_jam_episode_count": 3,
    "h10/outcome_jam_final_state_mse": 0.003618952203420253,
    "h10/outcome_jam_state_mse": 0.002085811055563634,
    "h10/outcome_miss_episode_count": 3,
    "h10/outcome_miss_final_state_mse": 0.005030832746449639,
    "h10/outcome_miss_state_mse": 0.011197077370936575,
    "h10/outcome_partial_episode_count": 3,
    "h10/outcome_partial_final_state_mse": 0.0021876497985490787,
    "h10/outcome_partial_state_mse": 0.0013994754529466815,
    "h10/outcome_success_episode_count": 3,
    "h10/outcome_success_final_state_mse": 0.002183508359236655,
    "h10/outcome_success_state_mse": 0.0014103190571654078,
    "h10/state_mse": 0.0035154948515050554,
    "h100/episode_count": 15,
    "h100/final_state_mse": 492202.37385620916,
    "h100/outcome_drop_episode_count": 3,
    "h100/outcome_drop_final_state_mse": 426097.76470588235,
    "h100/outcome_drop_state_mse": 18218.991241830066,
    "h100/outcome_jam_episode_count": 3,
    "h100/outcome_jam_final_state_mse": 420050.3496732026,
    "h100/outcome_jam_state_mse": 18062.301176470588,
    "h100/outcome_miss_episode_count": 3,
    "h100/outcome_miss_final_state_mse": 773228.2875816993,
    "h100/outcome_miss_state_mse": 37101.43477124183,
    "h100/outcome_partial_episode_count": 3,
    "h100/outcome_partial_final_state_mse": 419049.8431372549,
    "h100/outcome_partial_state_mse": 18009.123790849673,
    "h100/outcome_success_episode_count": 3,
    "h100/outcome_success_final_state_mse": 422585.60784313723,
    "h100/outcome_success_state_mse": 18113.5154248366,
    "h100/state_mse": 21901.07440522876,
    "h125/episode_count": 15,
    "h125/final_state_mse": 362497263.6026144,
    "h125/outcome_drop_episode_count": 3,
    "h125/outcome_drop_final_state_mse": 352775482.5620915,
    "h125/outcome_drop_state_mse": 11714616.647947712,
    "h125/outcome_jam_episode_count": 3,
    "h125/outcome_jam_final_state_mse": 347213593.0980392,
    "h125/outcome_jam_state_mse": 11570782.689882353,
    "h125/outcome_miss_episode_count": 3,
    "h125/outcome_miss_final_state_mse": 418153210.98039216,
    "h125/outcome_miss_state_mse": 14516294.247738563,
    "h125/outcome_partial_episode_count": 3,
    "h125/outcome_partial_final_state_mse": 345598092.54901963,
    "h125/outcome_partial_state_mse": 11542910.614588235,
    "h125/outcome_success_episode_count": 3,
    "h125/outcome_success_final_state_mse": 348745885.28104573,
    "h125/outcome_success_state_mse": 11641535.012810457,
    "h125/state_mse": 12197229.29894902,
    "h20/episode_count": 15,
    "h20/final_state_mse": 0.009756047117943856,
    "h20/outcome_drop_episode_count": 3,
    "h20/outcome_drop_final_state_mse": 0.00915353000164032,
    "h20/outcome_drop_state_mse": 0.00350625647438897,
    "h20/outcome_jam_episode_count": 3,
    "h20/outcome_jam_final_state_mse": 0.009290982013434366,
    "h20/outcome_jam_state_mse": 0.0039153397472855315,
    "h20/outcome_miss_episode_count": 3,
    "h20/outcome_miss_final_state_mse": 0.012499904613089717,
    "h20/outcome_miss_state_mse": 0.009701291564243292,
    "h20/outcome_partial_episode_count": 3,
    "h20/outcome_partial_final_state_mse": 0.0089710030485602,
    "h20/outcome_partial_state_mse": 0.0034013182314392787,
    "h20/outcome_success_episode_count": 3,
    "h20/outcome_success_final_state_mse": 0.008864815231242211,
    "h20/outcome_success_state_mse": 0.0034017475796680823,
    "h20/state_mse": 0.0047851906570733765,
    "h30/episode_count": 15,
    "h30/final_state_mse": 0.036681131599775325,
    "h30/outcome_drop_episode_count": 3,
    "h30/outcome_drop_final_state_mse": 0.03161632293969198,
    "h30/outcome_drop_state_mse": 0.008713127792790565,
    "h30/outcome_jam_episode_count": 3,
    "h30/outcome_jam_final_state_mse": 0.033129775056651996,
    "h30/outcome_jam_state_mse": 0.009104005028219784,
    "h30/outcome_miss_episode_count": 3,
    "h30/outcome_miss_final_state_mse": 0.055311218585843355,
    "h30/outcome_miss_state_mse": 0.016653760274251302,
    "h30/outcome_partial_episode_count": 3,
    "h30/outcome_partial_final_state_mse": 0.031605439053641424,
    "h30/outcome_partial_state_mse": 0.008561669871178587,
    "h30/outcome_success_episode_count": 3,
    "h30/outcome_success_final_state_mse": 0.03174290859621335,
    "h30/outcome_success_state_mse": 0.008602602289652773,
    "h30/state_mse": 0.01032703341481992,
    "h40/episode_count": 15,
    "h40/final_state_mse": 0.2788532531339359,
    "h40/outcome_drop_episode_count": 3,
    "h40/outcome_drop_final_state_mse": 0.22348695642807903,
    "h40/outcome_drop_state_mse": 0.03142387976054273,
    "h40/outcome_jam_episode_count": 3,
    "h40/outcome_jam_final_state_mse": 0.2502245809517655,
    "h40/outcome_jam_state_mse": 0.033846423828523924,
    "h40/outcome_miss_episode_count": 3,
    "h40/outcome_miss_final_state_mse": 0.4487709219938789,
    "h40/outcome_miss_state_mse": 0.05712572733561198,
    "h40/outcome_partial_episode_count": 3,
    "h40/outcome_partial_final_state_mse": 0.2358232572966931,
    "h40/outcome_partial_state_mse": 0.03209418315513461,
    "h40/outcome_success_episode_count": 3,
    "h40/outcome_success_final_state_mse": 0.23596061133091745,
    "h40/outcome_success_state_mse": 0.03207268122754066,
    "h40/state_mse": 0.03731257818882761,
    "h50/episode_count": 15,
    "h50/final_state_mse": 3.789156326593137,
    "h50/outcome_drop_episode_count": 3,
    "h50/outcome_drop_final_state_mse": 2.766844755683849,
    "h50/outcome_drop_state_mse": 0.2663451031454248,
    "h50/outcome_jam_episode_count": 3,
    "h50/outcome_jam_final_state_mse": 2.9126105215035234,
    "h50/outcome_jam_state_mse": 0.2808670821844363,
    "h50/outcome_miss_episode_count": 3,
    "h50/outcome_miss_final_state_mse": 7.658492742800245,
    "h50/outcome_miss_state_mse": 0.6527170617595996,
    "h50/outcome_partial_episode_count": 3,
    "h50/outcome_partial_final_state_mse": 2.79733630410986,
    "h50/outcome_partial_state_mse": 0.26791709750306375,
    "h50/outcome_success_episode_count": 3,
    "h50/outcome_success_final_state_mse": 2.8104970096762663,
    "h50/outcome_success_state_mse": 0.2687169532526552,
    "h50/state_mse": 0.34731267871732024,
    "h75/episode_count": 15,
    "h75/final_state_mse": 1079.158251633987,
    "h75/outcome_drop_episode_count": 3,
    "h75/outcome_drop_final_state_mse": 713.3974417892157,
    "h75/outcome_drop_state_mse": 45.08221745642702,
    "h75/outcome_jam_episode_count": 3,
    "h75/outcome_jam_final_state_mse": 713.4842026654412,
    "h75/outcome_jam_state_mse": 45.55562942538126,
    "h75/outcome_miss_episode_count": 3,
    "h75/outcome_miss_final_state_mse": 2543.8650684232025,
    "h75/outcome_miss_state_mse": 169.04767701525054,
    "h75/outcome_partial_episode_count": 3,
    "h75/outcome_partial_final_state_mse": 711.2184117136438,
    "h75/outcome_partial_state_mse": 44.9263575708061,
    "h75/outcome_success_episode_count": 3,
    "h75/outcome_success_final_state_mse": 713.8266952614379,
    "h75/outcome_success_state_mse": 45.06235260076253,
    "h75/state_mse": 69.93484531590414,
    "max_requested_horizon": 125,
    "reencode_period": null,
    "rollout_mode": "no_reencode"
  },
  "rollout_modes": {
    "no_reencode": {
      "episode_count": 15,
      "h10/episode_count": 15,
      "h10/final_state_mse": 0.00303348185969334,
      "h10/outcome_drop_episode_count": 3,
      "h10/outcome_drop_final_state_mse": 0.0021464649612217947,
      "h10/outcome_drop_state_mse": 0.001484791281955694,
      "h10/outcome_jam_episode_count": 3,
      "h10/outcome_jam_final_state_mse": 0.003618952203420253,
      "h10/outcome_jam_state_mse": 0.002085811055563634,
      "h10/outcome_miss_episode_count": 3,
      "h10/outcome_miss_final_state_mse": 0.005030832746449639,
      "h10/outcome_miss_state_mse": 0.011197077370936575,
      "h10/outcome_partial_episode_count": 3,
      "h10/outcome_partial_final_state_mse": 0.0021876497985490787,
      "h10/outcome_partial_state_mse": 0.0013994754529466815,
      "h10/outcome_success_episode_count": 3,
      "h10/outcome_success_final_state_mse": 0.002183508359236655,
      "h10/outcome_success_state_mse": 0.0014103190571654078,
      "h10/state_mse": 0.0035154948515050554,
      "h100/episode_count": 15,
      "h100/final_state_mse": 492202.37385620916,
      "h100/outcome_drop_episode_count": 3,
      "h100/outcome_drop_final_state_mse": 426097.76470588235,
      "h100/outcome_drop_state_mse": 18218.991241830066,
      "h100/outcome_jam_episode_count": 3,
      "h100/outcome_jam_final_state_mse": 420050.3496732026,
      "h100/outcome_jam_state_mse": 18062.301176470588,
      "h100/outcome_miss_episode_count": 3,
      "h100/outcome_miss_final_state_mse": 773228.2875816993,
      "h100/outcome_miss_state_mse": 37101.43477124183,
      "h100/outcome_partial_episode_count": 3,
      "h100/outcome_partial_final_state_mse": 419049.8431372549,
      "h100/outcome_partial_state_mse": 18009.123790849673,
      "h100/outcome_success_episode_count": 3,
      "h100/outcome_success_final_state_mse": 422585.60784313723,
      "h100/outcome_success_state_mse": 18113.5154248366,
      "h100/state_mse": 21901.07440522876,
      "h125/episode_count": 15,
      "h125/final_state_mse": 362497263.6026144,
      "h125/outcome_drop_episode_count": 3,
      "h125/outcome_drop_final_state_mse": 352775482.5620915,
      "h125/outcome_drop_state_mse": 11714616.647947712,
      "h125/outcome_jam_episode_count": 3,
      "h125/outcome_jam_final_state_mse": 347213593.0980392,
      "h125/outcome_jam_state_mse": 11570782.689882353,
      "h125/outcome_miss_episode_count": 3,
      "h125/outcome_miss_final_state_mse": 418153210.98039216,
      "h125/outcome_miss_state_mse": 14516294.247738563,
      "h125/outcome_partial_episode_count": 3,
      "h125/outcome_partial_final_state_mse": 345598092.54901963,
      "h125/outcome_partial_state_mse": 11542910.614588235,
      "h125/outcome_success_episode_count": 3,
      "h125/outcome_success_final_state_mse": 348745885.28104573,
      "h125/outcome_success_state_mse": 11641535.012810457,
      "h125/state_mse": 12197229.29894902,
      "h20/episode_count": 15,
      "h20/final_state_mse": 0.009756047117943856,
      "h20/outcome_drop_episode_count": 3,
      "h20/outcome_drop_final_state_mse": 0.00915353000164032,
      "h20/outcome_drop_state_mse": 0.00350625647438897,
      "h20/outcome_jam_episode_count": 3,
      "h20/outcome_jam_final_state_mse": 0.009290982013434366,
      "h20/outcome_jam_state_mse": 0.0039153397472855315,
      "h20/outcome_miss_episode_count": 3,
      "h20/outcome_miss_final_state_mse": 0.012499904613089717,
      "h20/outcome_miss_state_mse": 0.009701291564243292,
      "h20/outcome_partial_episode_count": 3,
      "h20/outcome_partial_final_state_mse": 0.0089710030485602,
      "h20/outcome_partial_state_mse": 0.0034013182314392787,
      "h20/outcome_success_episode_count": 3,
      "h20/outcome_success_final_state_mse": 0.008864815231242211,
      "h20/outcome_success_state_mse": 0.0034017475796680823,
      "h20/state_mse": 0.0047851906570733765,
      "h30/episode_count": 15,
      "h30/final_state_mse": 0.036681131599775325,
      "h30/outcome_drop_episode_count": 3,
      "h30/outcome_drop_final_state_mse": 0.03161632293969198,
      "h30/outcome_drop_state_mse": 0.008713127792790565,
      "h30/outcome_jam_episode_count": 3,
      "h30/outcome_jam_final_state_mse": 0.033129775056651996,
      "h30/outcome_jam_state_mse": 0.009104005028219784,
      "h30/outcome_miss_episode_count": 3,
      "h30/outcome_miss_final_state_mse": 0.055311218585843355,
      "h30/outcome_miss_state_mse": 0.016653760274251302,
      "h30/outcome_partial_episode_count": 3,
      "h30/outcome_partial_final_state_mse": 0.031605439053641424,
      "h30/outcome_partial_state_mse": 0.008561669871178587,
      "h30/outcome_success_episode_count": 3,
      "h30/outcome_success_final_state_mse": 0.03174290859621335,
      "h30/outcome_success_state_mse": 0.008602602289652773,
      "h30/state_mse": 0.01032703341481992,
      "h40/episode_count": 15,
      "h40/final_state_mse": 0.2788532531339359,
      "h40/outcome_drop_episode_count": 3,
      "h40/outcome_drop_final_state_mse": 0.22348695642807903,
      "h40/outcome_drop_state_mse": 0.03142387976054273,
      "h40/outcome_jam_episode_count": 3,
      "h40/outcome_jam_final_state_mse": 0.2502245809517655,
      "h40/outcome_jam_state_mse": 0.033846423828523924,
      "h40/outcome_miss_episode_count": 3,
      "h40/outcome_miss_final_state_mse": 0.4487709219938789,
      "h40/outcome_miss_state_mse": 0.05712572733561198,
      "h40/outcome_partial_episode_count": 3,
      "h40/outcome_partial_final_state_mse": 0.2358232572966931,
      "h40/outcome_partial_state_mse": 0.03209418315513461,
      "h40/outcome_success_episode_count": 3,
      "h40/outcome_success_final_state_mse": 0.23596061133091745,
      "h40/outcome_success_state_mse": 0.03207268122754066,
      "h40/state_mse": 0.03731257818882761,
      "h50/episode_count": 15,
      "h50/final_state_mse": 3.789156326593137,
      "h50/outcome_drop_episode_count": 3,
      "h50/outcome_drop_final_state_mse": 2.766844755683849,
      "h50/outcome_drop_state_mse": 0.2663451031454248,
      "h50/outcome_jam_episode_count": 3,
      "h50/outcome_jam_final_state_mse": 2.9126105215035234,
      "h50/outcome_jam_state_mse": 0.2808670821844363,
      "h50/outcome_miss_episode_count": 3,
      "h50/outcome_miss_final_state_mse": 7.658492742800245,
      "h50/outcome_miss_state_mse": 0.6527170617595996,
      "h50/outcome_partial_episode_count": 3,
      "h50/outcome_partial_final_state_mse": 2.79733630410986,
      "h50/outcome_partial_state_mse": 0.26791709750306375,
      "h50/outcome_success_episode_count": 3,
      "h50/outcome_success_final_state_mse": 2.8104970096762663,
      "h50/outcome_success_state_mse": 0.2687169532526552,
      "h50/state_mse": 0.34731267871732024,
      "h75/episode_count": 15,
      "h75/final_state_mse": 1079.158251633987,
      "h75/outcome_drop_episode_count": 3,
      "h75/outcome_drop_final_state_mse": 713.3974417892157,
      "h75/outcome_drop_state_mse": 45.08221745642702,
      "h75/outcome_jam_episode_count": 3,
      "h75/outcome_jam_final_state_mse": 713.4842026654412,
      "h75/outcome_jam_state_mse": 45.55562942538126,
      "h75/outcome_miss_episode_count": 3,
      "h75/outcome_miss_final_state_mse": 2543.8650684232025,
      "h75/outcome_miss_state_mse": 169.04767701525054,
      "h75/outcome_partial_episode_count": 3,
      "h75/outcome_partial_final_state_mse": 711.2184117136438,
      "h75/outcome_partial_state_mse": 44.9263575708061,
      "h75/outcome_success_episode_count": 3,
      "h75/outcome_success_final_state_mse": 713.8266952614379,
      "h75/outcome_success_state_mse": 45.06235260076253,
      "h75/state_mse": 69.93484531590414,
      "max_requested_horizon": 125,
      "reencode_period": null,
      "rollout_mode": "no_reencode"
    },
    "periodic_1": {
      "episode_count": 15,
      "h10/episode_count": 15,
      "h10/final_state_mse": 0.0030192104040407666,
      "h10/outcome_drop_episode_count": 3,
      "h10/outcome_drop_final_state_mse": 0.0019439887864137787,
      "h10/outcome_drop_state_mse": 0.001767619840459886,
      "h10/outcome_jam_episode_count": 3,
      "h10/outcome_jam_final_state_mse": 0.002663879515298831,
      "h10/outcome_jam_state_mse": 0.002279043197631836,
      "h10/outcome_miss_episode_count": 3,
      "h10/outcome_miss_final_state_mse": 0.006436806293874005,
      "h10/outcome_miss_state_mse": 0.012015795240215227,
      "h10/outcome_partial_episode_count": 3,
      "h10/outcome_partial_final_state_mse": 0.0020428545821725933,
      "h10/outcome_partial_state_mse": 0.001664325224807839,
      "h10/outcome_success_episode_count": 3,
      "h10/outcome_success_final_state_mse": 0.002008522939837836,
      "h10/outcome_success_state_mse": 0.0016846820809482748,
      "h10/state_mse": 0.003882292953192019,
      "h100/episode_count": 15,
      "h100/final_state_mse": 0.008199802099489699,
      "h100/outcome_drop_episode_count": 3,
      "h100/outcome_drop_final_state_mse": 0.00759465982711393,
      "h100/outcome_drop_state_mse": 0.005970550798902324,
      "h100/outcome_jam_episode_count": 3,
      "h100/outcome_jam_final_state_mse": 0.006343170318728179,
      "h100/outcome_jam_state_mse": 0.004640897613724852,
      "h100/outcome_miss_episode_count": 3,
      "h100/outcome_miss_final_state_mse": 0.014280496859082989,
      "h100/outcome_miss_state_mse": 0.007474191329058479,
      "h100/outcome_partial_episode_count": 3,
      "h100/outcome_partial_final_state_mse": 0.008256381000179091,
      "h100/outcome_partial_state_mse": 0.004616142908732097,
      "h100/outcome_success_episode_count": 3,
      "h100/outcome_success_final_state_mse": 0.004524300203603857,
      "h100/outcome_success_state_mse": 0.004357787487553615,
      "h100/state_mse": 0.005411914301853554,
      "h125/episode_count": 15,
      "h125/final_state_mse": 0.00920831767562168,
      "h125/outcome_drop_episode_count": 3,
      "h125/outcome_drop_final_state_mse": 0.008201475236930099,
      "h125/outcome_drop_state_mse": 0.006355944365457771,
      "h125/outcome_jam_episode_count": 3,
      "h125/outcome_jam_final_state_mse": 0.0076936909965440335,
      "h125/outcome_jam_state_mse": 0.005665836508757149,
      "h125/outcome_miss_episode_count": 3,
      "h125/outcome_miss_final_state_mse": 0.015869132443970323,
      "h125/outcome_miss_state_mse": 0.009072887744778902,
      "h125/outcome_partial_episode_count": 3,
      "h125/outcome_partial_final_state_mse": 0.007790941623301288,
      "h125/outcome_partial_state_mse": 0.00515573888043173,
      "h125/outcome_success_episode_count": 3,
      "h125/outcome_success_final_state_mse": 0.006486350025226868,
      "h125/outcome_success_state_mse": 0.004841001922009038,
      "h125/state_mse": 0.0062182815053104575,
      "h20/episode_count": 15,
      "h20/final_state_mse": 0.004847008574242685,
      "h20/outcome_drop_episode_count": 3,
      "h20/outcome_drop_final_state_mse": 0.0039038084009114433,
      "h20/outcome_drop_state_mse": 0.0024332414265551597,
      "h20/outcome_jam_episode_count": 3,
      "h20/outcome_jam_final_state_mse": 0.004385787579748366,
      "h20/outcome_jam_state_mse": 0.0028796906564749923,
      "h20/outcome_miss_episode_count": 3,
      "h20/outcome_miss_final_state_mse": 0.008551247174443763,
      "h20/outcome_miss_state_mse": 0.010003690002790463,
      "h20/outcome_partial_episode_count": 3,
      "h20/outcome_partial_final_state_mse": 0.003687789091487336,
      "h20/outcome_partial_state_mse": 0.0023607681779300466,
      "h20/outcome_success_episode_count": 3,
      "h20/outcome_success_final_state_mse": 0.003706410770712335,
      "h20/outcome_success_state_mse": 0.0023791398098266204,
      "h20/state_mse": 0.004011305765388838,
      "h30/episode_count": 15,
      "h30/final_state_mse": 0.003753854714187921,
      "h30/outcome_drop_episode_count": 3,
      "h30/outcome_drop_final_state_mse": 0.0034604817628860474,
      "h30/outcome_drop_state_mse": 0.0028180683360380285,
      "h30/outcome_jam_episode_count": 3,
      "h30/outcome_jam_final_state_mse": 0.004124243810675503,
      "h30/outcome_jam_state_mse": 0.0033211233309411274,
      "h30/outcome_miss_episode_count": 3,
      "h30/outcome_miss_final_state_mse": 0.004056644595526402,
      "h30/outcome_miss_state_mse": 0.00872053258559283,
      "h30/outcome_partial_episode_count": 3,
      "h30/outcome_partial_final_state_mse": 0.0035015237000253466,
      "h30/outcome_partial_state_mse": 0.002773983753844284,
      "h30/outcome_success_episode_count": 3,
      "h30/outcome_success_final_state_mse": 0.0036263792148602553,
      "h30/outcome_success_state_mse": 0.0028069450964335525,
      "h30/state_mse": 0.004088130776399101,
      "h40/episode_count": 15,
      "h40/final_state_mse": 0.004792639788459329,
      "h40/outcome_drop_episode_count": 3,
      "h40/outcome_drop_final_state_mse": 0.007765372545500986,
      "h40/outcome_drop_state_mse": 0.0033357448048061795,
      "h40/outcome_jam_episode_count": 3,
      "h40/outcome_jam_final_state_mse": 0.0036162185707902597,
      "h40/outcome_jam_state_mse": 0.0034163694366130953,
      "h40/outcome_miss_episode_count": 3,
      "h40/outcome_miss_final_state_mse": 0.005590023265944587,
      "h40/outcome_miss_state_mse": 0.0076225382050657585,
      "h40/outcome_partial_episode_count": 3,
      "h40/outcome_partial_final_state_mse": 0.0035382688922040604,
      "h40/outcome_partial_state_mse": 0.0028898993738336503,
      "h40/outcome_success_episode_count": 3,
      "h40/outcome_success_final_state_mse": 0.003453315375677121,
      "h40/outcome_success_state_mse": 0.002921148686627157,
      "h40/state_mse": 0.004037140241635391,
      "h50/episode_count": 15,
      "h50/final_state_mse": 0.005108236175736571,
      "h50/outcome_drop_episode_count": 3,
      "h50/outcome_drop_final_state_mse": 0.00760854381361818,
      "h50/outcome_drop_state_mse": 0.004573123345967212,
      "h50/outcome_jam_episode_count": 3,
      "h50/outcome_jam_final_state_mse": 0.0040360679423886965,
      "h50/outcome_jam_state_mse": 0.00366242296555463,
      "h50/outcome_miss_episode_count": 3,
      "h50/outcome_miss_final_state_mse": 0.007025945809931537,
      "h50/outcome_miss_state_mse": 0.00754017275143293,
      "h50/outcome_partial_episode_count": 3,
      "h50/outcome_partial_final_state_mse": 0.0033943450041845733,
      "h50/outcome_partial_state_mse": 0.0030841467427272424,
      "h50/outcome_success_episode_count": 3,
      "h50/outcome_success_final_state_mse": 0.0034762783572564715,
      "h50/outcome_success_state_mse": 0.003119606441921658,
      "h50/state_mse": 0.0043958943684895835,
      "h75/episode_count": 15,
      "h75/final_state_mse": 0.008600560979905471,
      "h75/outcome_drop_episode_count": 3,
      "h75/outcome_drop_final_state_mse": 0.010328593743003272,
      "h75/outcome_drop_state_mse": 0.005712193840209695,
      "h75/outcome_jam_episode_count": 3,
      "h75/outcome_jam_final_state_mse": 0.005561458908654506,
      "h75/outcome_jam_state_mse": 0.004224002979419849,
      "h75/outcome_miss_episode_count": 3,
      "h75/outcome_miss_final_state_mse": 0.011120547266567455,
      "h75/outcome_miss_state_mse": 0.00705719426306764,
      "h75/outcome_partial_episode_count": 3,
      "h75/outcome_partial_final_state_mse": 0.006488310209676332,
      "h75/outcome_partial_state_mse": 0.003918109469943577,
      "h75/outcome_success_episode_count": 3,
      "h75/outcome_success_final_state_mse": 0.009503895550771477,
      "h75/outcome_success_state_mse": 0.004087577686850022,
      "h75/state_mse": 0.0049998148999183005,
      "max_requested_horizon": 125,
      "reencode_period": 1,
      "rollout_mode": "periodic_1"
    },
    "periodic_10": {
      "episode_count": 15,
      "h10/episode_count": 15,
      "h10/final_state_mse": 0.00303348185969334,
      "h10/outcome_drop_episode_count": 3,
      "h10/outcome_drop_final_state_mse": 0.002146465375142939,
      "h10/outcome_drop_state_mse": 0.0014847912429984099,
      "h10/outcome_jam_episode_count": 3,
      "h10/outcome_jam_final_state_mse": 0.0036189528851727254,
      "h10/outcome_jam_state_mse": 0.0020858110166063495,
      "h10/outcome_miss_episode_count": 3,
      "h10/outcome_miss_final_state_mse": 0.005030833915168164,
      "h10/outcome_miss_state_mse": 0.0111970770592783,
      "h10/outcome_partial_episode_count": 3,
      "h10/outcome_partial_final_state_mse": 0.002187649287234724,
      "h10/outcome_partial_state_mse": 0.001399475316596187,
      "h10/outcome_success_episode_count": 3,
      "h10/outcome_success_final_state_mse": 0.0021835072513888866,
      "h10/outcome_success_state_mse": 0.001410319135079976,
      "h10/state_mse": 0.0035154946021784365,
      "h100/episode_count": 15,
      "h100/final_state_mse": 0.0031393549800698274,
      "h100/outcome_drop_episode_count": 3,
      "h100/outcome_drop_final_state_mse": 0.0029796522622014964,
      "h100/outcome_drop_state_mse": 0.002590528905781266,
      "h100/outcome_jam_episode_count": 3,
      "h100/outcome_jam_final_state_mse": 0.003907694682186725,
      "h100/outcome_jam_state_mse": 0.0032458357094160093,
      "h100/outcome_miss_episode_count": 3,
      "h100/outcome_miss_final_state_mse": 0.002912715953939101,
      "h100/outcome_miss_state_mse": 0.0037851670209099264,
      "h100/outcome_partial_episode_count": 3,
      "h100/outcome_partial_final_state_mse": 0.0022827563624756007,
      "h100/outcome_partial_state_mse": 0.0022699101142633973,
      "h100/outcome_success_episode_count": 3,
      "h100/outcome_success_final_state_mse": 0.003613955785636029,
      "h100/outcome_success_state_mse": 0.002548294503704395,
      "h100/state_mse": 0.0028879472321155022,
      "h125/episode_count": 15,
      "h125/final_state_mse": 0.004357884600271586,
      "h125/outcome_drop_episode_count": 3,
      "h125/outcome_drop_final_state_mse": 0.004765075211431466,
      "h125/outcome_drop_state_mse": 0.0028546182470383986,
      "h125/outcome_jam_episode_count": 3,
      "h125/outcome_jam_final_state_mse": 0.005460009563202951,
      "h125/outcome_jam_state_mse": 0.003510831645890778,
      "h125/outcome_miss_episode_count": 3,
      "h125/outcome_miss_final_state_mse": 0.005578118065992991,
      "h125/outcome_miss_state_mse": 0.003912362391652624,
      "h125/outcome_partial_episode_count": 3,
      "h125/outcome_partial_final_state_mse": 0.002273033939155878,
      "h125/outcome_partial_state_mse": 0.0022825632033005258,
      "h125/outcome_success_episode_count": 3,
      "h125/outcome_success_final_state_mse": 0.0037131849067663057,
      "h125/outcome_success_state_mse": 0.0027072917215185226,
      "h125/state_mse": 0.003053533177593954,
      "h20/episode_count": 15,
      "h20/final_state_mse": 0.003211593939587961,
      "h20/outcome_drop_episode_count": 3,
      "h20/outcome_drop_final_state_mse": 0.003038099534760893,
      "h20/outcome_drop_state_mse": 0.0020154651278763815,
      "h20/outcome_jam_episode_count": 3,
      "h20/outcome_jam_final_state_mse": 0.0033700776353381037,
      "h20/outcome_jam_state_mse": 0.002614149587606293,
      "h20/outcome_miss_episode_count": 3,
      "h20/outcome_miss_final_state_mse": 0.003982946227968129,
      "h20/outcome_miss_state_mse": 0.007896677185507382,
      "h20/outcome_partial_episode_count": 3,
      "h20/outcome_partial_final_state_mse": 0.002872493507620556,
      "h20/outcome_partial_state_mse": 0.0019456249241735421,
      "h20/outcome_success_episode_count": 3,
      "h20/outcome_success_final_state_mse": 0.0027943525000724916,
      "h20/outcome_success_state_mse": 0.0019424131298376845,
      "h20/state_mse": 0.003282866135142208,
      "h30/episode_count": 15,
      "h30/final_state_mse": 0.002806793786341848,
      "h30/outcome_drop_episode_count": 3,
      "h30/outcome_drop_final_state_mse": 0.0026979143518248414,
      "h30/outcome_drop_state_mse": 0.0022096586902676583,
      "h30/outcome_jam_episode_count": 3,
      "h30/outcome_jam_final_state_mse": 0.0029184301596841,
      "h30/outcome_jam_state_mse": 0.002791285410945452,
      "h30/outcome_miss_episode_count": 3,
      "h30/outcome_miss_final_state_mse": 0.003265241051421446,
      "h30/outcome_miss_state_mse": 0.0063752597193832234,
      "h30/outcome_partial_episode_count": 3,
      "h30/outcome_partial_final_state_mse": 0.002548464056518343,
      "h30/outcome_partial_state_mse": 0.002144411108852212,
      "h30/outcome_success_episode_count": 3,
      "h30/outcome_success_final_state_mse": 0.0026039186061597337,
      "h30/outcome_success_state_mse": 0.002141257932243264,
      "h30/state_mse": 0.0031323744165092254,
      "h40/episode_count": 15,
      "h40/final_state_mse": 0.002618408203125,
      "h40/outcome_drop_episode_count": 3,
      "h40/outcome_drop_final_state_mse": 0.002354934714198892,
      "h40/outcome_drop_state_mse": 0.002296154600342894,
      "h40/outcome_jam_episode_count": 3,
      "h40/outcome_jam_final_state_mse": 0.0029390446987806584,
      "h40/outcome_jam_state_mse": 0.00282504087180094,
      "h40/outcome_miss_episode_count": 3,
      "h40/outcome_miss_final_state_mse": 0.0023653669148878333,
      "h40/outcome_miss_state_mse": 0.005370966437595342,
      "h40/outcome_partial_episode_count": 3,
      "h40/outcome_partial_final_state_mse": 0.002723463707500034,
      "h40/outcome_partial_state_mse": 0.0021882851918538413,
      "h40/outcome_success_episode_count": 3,
      "h40/outcome_success_final_state_mse": 0.002709230420246623,
      "h40/outcome_success_state_mse": 0.0021868894107980666,
      "h40/state_mse": 0.002973467259625204,
      "h50/episode_count": 15,
      "h50/final_state_mse": 0.002665992188297845,
      "h50/outcome_drop_episode_count": 3,
      "h50/outcome_drop_final_state_mse": 0.0027367502840515835,
      "h50/outcome_drop_state_mse": 0.0024168671190349105,
      "h50/outcome_jam_episode_count": 3,
      "h50/outcome_jam_final_state_mse": 0.00348964625713872,
      "h50/outcome_jam_state_mse": 0.002887722090178845,
      "h50/outcome_miss_episode_count": 3,
      "h50/outcome_miss_final_state_mse": 0.002487975397920297,
      "h50/outcome_miss_state_mse": 0.004767455306707644,
      "h50/outcome_partial_episode_count": 3,
      "h50/outcome_partial_final_state_mse": 0.002258538493728326,
      "h50/outcome_partial_state_mse": 0.0022140918681824127,
      "h50/outcome_success_episode_count": 3,
      "h50/outcome_success_final_state_mse": 0.002357049802549524,
      "h50/outcome_success_state_mse": 0.0022181713503170637,
      "h50/state_mse": 0.002900861553117341,
      "h75/episode_count": 15,
      "h75/final_state_mse": 0.004063118205350988,
      "h75/outcome_drop_episode_count": 3,
      "h75/outcome_drop_final_state_mse": 0.003237974385615268,
      "h75/outcome_drop_state_mse": 0.002544061290932117,
      "h75/outcome_jam_episode_count": 3,
      "h75/outcome_jam_final_state_mse": 0.004946111658819361,
      "h75/outcome_jam_state_mse": 0.0030841902190563725,
      "h75/outcome_miss_episode_count": 3,
      "h75/outcome_miss_final_state_mse": 0.0048210835632155925,
      "h75/outcome_miss_state_mse": 0.004119238427521616,
      "h75/outcome_partial_episode_count": 3,
      "h75/outcome_partial_final_state_mse": 0.003070934681720983,
      "h75/outcome_partial_state_mse": 0.002305499390579257,
      "h75/outcome_success_episode_count": 3,
      "h75/outcome_success_final_state_mse": 0.004239486810428644,
      "h75/outcome_success_state_mse": 0.0023653422877160032,
      "h75/state_mse": 0.0028836664602907135,
      "max_requested_horizon": 125,
      "reencode_period": 10,
      "rollout_mode": "periodic_10"
    },
    "periodic_100": {
      "episode_count": 15,
      "h10/episode_count": 15,
      "h10/final_state_mse": 0.00303348185969334,
      "h10/outcome_drop_episode_count": 3,
      "h10/outcome_drop_final_state_mse": 0.002146465375142939,
      "h10/outcome_drop_state_mse": 0.0014847912429984099,
      "h10/outcome_jam_episode_count": 3,
      "h10/outcome_jam_final_state_mse": 0.0036189528851727254,
      "h10/outcome_jam_state_mse": 0.0020858110166063495,
      "h10/outcome_miss_episode_count": 3,
      "h10/outcome_miss_final_state_mse": 0.005030833915168164,
      "h10/outcome_miss_state_mse": 0.0111970770592783,
      "h10/outcome_partial_episode_count": 3,
      "h10/outcome_partial_final_state_mse": 0.002187649287234724,
      "h10/outcome_partial_state_mse": 0.001399475316596187,
      "h10/outcome_success_episode_count": 3,
      "h10/outcome_success_final_state_mse": 0.0021835072513888866,
      "h10/outcome_success_state_mse": 0.001410319135079976,
      "h10/state_mse": 0.0035154946021784365,
      "h100/episode_count": 15,
      "h100/final_state_mse": 492202.3320261438,
      "h100/outcome_drop_episode_count": 3,
      "h100/outcome_drop_final_state_mse": 426097.7418300654,
      "h100/outcome_drop_state_mse": 18218.987320261436,
      "h100/outcome_jam_episode_count": 3,
      "h100/outcome_jam_final_state_mse": 420050.47712418303,
      "h100/outcome_jam_state_mse": 18062.30405228758,
      "h100/outcome_miss_episode_count": 3,
      "h100/outcome_miss_final_state_mse": 773228.0522875817,
      "h100/outcome_miss_state_mse": 37101.42849673203,
      "h100/outcome_partial_episode_count": 3,
      "h100/outcome_partial_final_state_mse": 419050.00980392157,
      "h100/outcome_partial_state_mse": 18009.126013071895,
      "h100/outcome_success_episode_count": 3,
      "h100/outcome_success_final_state_mse": 422585.32352941175,
      "h100/outcome_success_state_mse": 18113.5122875817,
      "h100/state_mse": 21901.072732026143,
      "h125/episode_count": 15,
      "h125/final_state_mse": 398136.09411764704,
      "h125/outcome_drop_episode_count": 3,
      "h125/outcome_drop_final_state_mse": 114768.27124183007,
      "h125/outcome_drop_state_mse": 21541.20491503268,
      "h125/outcome_jam_episode_count": 3,
      "h125/outcome_jam_final_state_mse": 112804.25816993463,
      "h125/outcome_jam_state_mse": 21179.742954248366,
      "h125/outcome_miss_episode_count": 3,
      "h125/outcome_miss_final_state_mse": 1526824.8333333333,
      "h125/outcome_miss_state_mse": 91313.37286274509,
      "h125/outcome_partial_episode_count": 3,
      "h125/outcome_partial_final_state_mse": 118610.9705882353,
      "h125/outcome_partial_state_mse": 21203.931607843137,
      "h125/outcome_success_episode_count": 3,
      "h125/outcome_success_final_state_mse": 117672.23202614379,
      "h125/outcome_success_state_mse": 21207.38091503268,
      "h125/state_mse": 35289.12547973856,
      "h20/episode_count": 15,
      "h20/final_state_mse": 0.009756047741260404,
      "h20/outcome_drop_episode_count": 3,
      "h20/outcome_drop_final_state_mse": 0.009153529514674267,
      "h20/outcome_drop_state_mse": 0.0035062567081326755,
      "h20/outcome_jam_episode_count": 3,
      "h20/outcome_jam_final_state_mse": 0.009290983084759681,
      "h20/outcome_jam_state_mse": 0.0039153397472855315,
      "h20/outcome_miss_episode_count": 3,
      "h20/outcome_miss_final_state_mse": 0.012499906268774294,
      "h20/outcome_miss_state_mse": 0.009701291875901566,
      "h20/outcome_partial_episode_count": 3,
      "h20/outcome_partial_final_state_mse": 0.008971001977234884,
      "h20/outcome_partial_state_mse": 0.0034013179782169316,
      "h20/outcome_success_episode_count": 3,
      "h20/outcome_success_final_state_mse": 0.008864816789533578,
      "h20/outcome_success_state_mse": 0.0034017475796680823,
      "h20/state_mse": 0.0047851906570733765,
      "h30/episode_count": 15,
      "h30/final_state_mse": 0.03668112910650914,
      "h30/outcome_drop_episode_count": 3,
      "h30/outcome_drop_final_state_mse": 0.031616321381400615,
      "h30/outcome_drop_state_mse": 0.008713128104448837,
      "h30/outcome_jam_episode_count": 3,
      "h30/outcome_jam_final_state_mse": 0.033129770771350736,
      "h30/outcome_jam_state_mse": 0.009104005235991966,
      "h30/outcome_miss_episode_count": 3,
      "h30/outcome_miss_final_state_mse": 0.055311216248406306,
      "h30/outcome_miss_state_mse": 0.016653760274251302,
      "h30/outcome_partial_episode_count": 3,
      "h30/outcome_partial_final_state_mse": 0.03160543846928216,
      "h30/outcome_partial_state_mse": 0.008561669819235541,
      "h30/outcome_success_episode_count": 3,
      "h30/outcome_success_final_state_mse": 0.03174290762228124,
      "h30/outcome_success_state_mse": 0.00860260218576668,
      "h30/state_mse": 0.010327032085077955,
      "h40/episode_count": 15,
      "h40/final_state_mse": 0.27885327308006536,
      "h40/outcome_drop_episode_count": 3,
      "h40/outcome_drop_final_state_mse": 0.22348693149541718,
      "h40/outcome_drop_state_mse": 0.03142388038385927,
      "h40/outcome_jam_episode_count": 3,
      "h40/outcome_jam_final_state_mse": 0.2502245809517655,
      "h40/outcome_jam_state_mse": 0.03384642507515702,
      "h40/outcome_miss_episode_count": 3,
      "h40/outcome_miss_final_state_mse": 0.44877097185920267,
      "h40/outcome_miss_state_mse": 0.05712572858224507,
      "h40/outcome_partial_episode_count": 3,
      "h40/outcome_partial_final_state_mse": 0.23582326976302403,
      "h40/outcome_partial_state_mse": 0.03209418003855188,
      "h40/outcome_success_episode_count": 3,
      "h40/outcome_success_final_state_mse": 0.23596061756408293,
      "h40/outcome_success_state_mse": 0.03207268372080684,
      "h40/state_mse": 0.03731258217805351,
      "h50/episode_count": 15,
      "h50/final_state_mse": 3.789156007455065,
      "h50/outcome_drop_episode_count": 3,
      "h50/outcome_drop_final_state_mse": 2.7668445063572302,
      "h50/outcome_drop_state_mse": 0.26634508319929534,
      "h50/outcome_jam_episode_count": 3,
      "h50/outcome_jam_final_state_mse": 2.912611119887408,
      "h50/outcome_jam_state_mse": 0.28086709415211397,
      "h50/outcome_miss_episode_count": 3,
      "h50/outcome_miss_final_state_mse": 7.658490847917943,
      "h50/outcome_miss_state_mse": 0.6527170298457925,
      "h50/outcome_partial_episode_count": 3,
      "h50/outcome_partial_final_state_mse": 2.7973357057259753,
      "h50/outcome_partial_state_mse": 0.2679170895246119,
      "h50/outcome_success_episode_count": 3,
      "h50/outcome_success_final_state_mse": 2.8104969598109424,
      "h50/outcome_success_state_mse": 0.26871693330652574,
      "h50/state_mse": 0.3473126531862745,
      "h75/episode_count": 15,
      "h75/final_state_mse": 1079.1583333333333,
      "h75/outcome_drop_episode_count": 3,
      "h75/outcome_drop_final_state_mse": 713.3975885927288,
      "h75/outcome_drop_state_mse": 45.08221643518519,
      "h75/outcome_jam_episode_count": 3,
      "h75/outcome_jam_final_state_mse": 713.4841962826797,
      "h75/outcome_jam_state_mse": 45.55563010620915,
      "h75/outcome_miss_episode_count": 3,
      "h75/outcome_miss_final_state_mse": 2543.8646854575163,
      "h75/outcome_miss_state_mse": 169.04766748366012,
      "h75/outcome_partial_episode_count": 3,
      "h75/outcome_partial_final_state_mse": 711.2185010723039,
      "h75/outcome_partial_state_mse": 44.92635893246187,
      "h75/outcome_success_episode_count": 3,
      "h75/outcome_success_final_state_mse": 713.8266378165849,
      "h75/outcome_success_state_mse": 45.06234851579521,
      "h75/state_mse": 69.93484967320262,
      "max_requested_horizon": 125,
      "reencode_period": 100,
      "rollout_mode": "periodic_100"
    },
    "periodic_2": {
      "episode_count": 15,
      "h10/episode_count": 15,
      "h10/final_state_mse": 0.0025566207038031684,
      "h10/outcome_drop_episode_count": 3,
      "h10/outcome_drop_final_state_mse": 0.0016575181747184081,
      "h10/outcome_drop_state_mse": 0.0015071837730657042,
      "h10/outcome_jam_episode_count": 3,
      "h10/outcome_jam_final_state_mse": 0.002542463392993204,
      "h10/outcome_jam_state_mse": 0.0020160973851197687,
      "h10/outcome_miss_episode_count": 3,
      "h10/outcome_miss_final_state_mse": 0.005364758516448775,
      "h10/outcome_miss_state_mse": 0.011295306916330374,
      "h10/outcome_partial_episode_count": 3,
      "h10/outcome_partial_final_state_mse": 0.0015999250162660687,
      "h10/outcome_partial_state_mse": 0.001391181934113596,
      "h10/outcome_success_episode_count": 3,
      "h10/outcome_success_final_state_mse": 0.0016184380533648473,
      "h10/outcome_success_state_mse": 0.0014082326803332062,
      "h10/state_mse": 0.0035236004598779617,
      "h100/episode_count": 15,
      "h100/final_state_mse": 0.004582100288540709,
      "h100/outcome_drop_episode_count": 3,
      "h100/outcome_drop_final_state_mse": 0.004750964639623181,
      "h100/outcome_drop_state_mse": 0.004198674220664829,
      "h100/outcome_jam_episode_count": 3,
      "h100/outcome_jam_final_state_mse": 0.0033105372700815887,
      "h100/outcome_jam_state_mse": 0.0033916756374384066,
      "h100/outcome_miss_episode_count": 3,
      "h100/outcome_miss_final_state_mse": 0.006659088863266839,
      "h100/outcome_miss_state_mse": 0.004187351800257863,
      "h100/outcome_partial_episode_count": 3,
      "h100/outcome_partial_final_state_mse": 0.005343548807443357,
      "h100/outcome_partial_state_mse": 0.003150470615212434,
      "h100/outcome_success_episode_count": 3,
      "h100/outcome_success_final_state_mse": 0.0028463632014452244,
      "h100/outcome_success_state_mse": 0.0030173882004482294,
      "h100/state_mse": 0.00358911172704759,
      "h125/episode_count": 15,
      "h125/final_state_mse": 0.008589958988763148,
      "h125/outcome_drop_episode_count": 3,
      "h125/outcome_drop_final_state_mse": 0.007775590700261733,
      "h125/outcome_drop_state_mse": 0.004575627196068857,
      "h125/outcome_jam_episode_count": 3,
      "h125/outcome_jam_final_state_mse": 0.005892630983022304,
      "h125/outcome_jam_state_mse": 0.0037705467074525124,
      "h125/outcome_miss_episode_count": 3,
      "h125/outcome_miss_final_state_mse": 0.02010334088327059,
      "h125/outcome_miss_state_mse": 0.006026830436357486,
      "h125/outcome_partial_episode_count": 3,
      "h125/outcome_partial_final_state_mse": 0.004870973819611119,
      "h125/outcome_partial_state_mse": 0.0035143613129659415,
      "h125/outcome_success_episode_count": 3,
      "h125/outcome_success_final_state_mse": 0.0043072501331372975,
      "h125/outcome_success_state_mse": 0.0031647165834514145,
      "h125/state_mse": 0.004210416028390523,
      "h20/episode_count": 15,
      "h20/final_state_mse": 0.0030432211807350706,
      "h20/outcome_drop_episode_count": 3,
      "h20/outcome_drop_final_state_mse": 0.00301305764640858,
      "h20/outcome_drop_state_mse": 0.0018931480794171104,
      "h20/outcome_jam_episode_count": 3,
      "h20/outcome_jam_final_state_mse": 0.003115971006599127,
      "h20/outcome_jam_state_mse": 0.0023897003504185894,
      "h20/outcome_miss_episode_count": 3,
      "h20/outcome_miss_final_state_mse": 0.0037102627208809445,
      "h20/outcome_miss_state_mse": 0.008046284220577066,
      "h20/outcome_partial_episode_count": 3,
      "h20/outcome_partial_final_state_mse": 0.002700194984284881,
      "h20/outcome_partial_state_mse": 0.0017981116678200517,
      "h20/outcome_success_episode_count": 3,
      "h20/outcome_success_final_state_mse": 0.0026766192776704924,
      "h20/outcome_success_state_mse": 0.001818607250849406,
      "h20/state_mse": 0.003189170438479754,
      "h30/episode_count": 15,
      "h30/final_state_mse": 0.002715833202686185,
      "h30/outcome_drop_episode_count": 3,
      "h30/outcome_drop_final_state_mse": 0.0027652018600040013,
      "h30/outcome_drop_state_mse": 0.0021975259375728033,
      "h30/outcome_jam_episode_count": 3,
      "h30/outcome_jam_final_state_mse": 0.0031986815087935504,
      "h30/outcome_jam_state_mse": 0.0027139880818219486,
      "h30/outcome_miss_episode_count": 3,
      "h30/outcome_miss_final_state_mse": 0.0021955948444752913,
      "h30/outcome_miss_state_mse": 0.006321514354032629,
      "h30/outcome_partial_episode_count": 3,
      "h30/outcome_partial_final_state_mse": 0.0026764896716557295,
      "h30/outcome_partial_state_mse": 0.002116204918339881,
      "h30/outcome_success_episode_count": 3,
      "h30/outcome_success_final_state_mse": 0.0027431975684913935,
      "h30/outcome_success_state_mse": 0.00213791144959028,
      "h30/state_mse": 0.003097429130072168,
      "h40/episode_count": 15,
      "h40/final_state_mse": 0.0028038598353566685,
      "h40/outcome_drop_episode_count": 3,
      "h40/outcome_drop_final_state_mse": 0.003750014538858451,
      "h40/outcome_drop_state_mse": 0.002439443932639228,
      "h40/outcome_jam_episode_count": 3,
      "h40/outcome_jam_final_state_mse": 0.002541796444288266,
      "h40/outcome_jam_state_mse": 0.0027555567766326707,
      "h40/outcome_miss_episode_count": 3,
      "h40/outcome_miss_final_state_mse": 0.00277992240548913,
      "h40/outcome_miss_state_mse": 0.005412899668699776,
      "h40/outcome_partial_episode_count": 3,
      "h40/outcome_partial_final_state_mse": 0.0024933734653042813,
      "h40/outcome_partial_state_mse": 0.0021870219045215184,
      "h40/outcome_success_episode_count": 3,
      "h40/outcome_success_final_state_mse": 0.0024541919332703734,
      "h40/outcome_success_state_mse": 0.0022054677110871458,
      "h40/state_mse": 0.003000077889635672,
      "h50/episode_count": 15,
      "h50/final_state_mse": 0.0031214664184969236,
      "h50/outcome_drop_episode_count": 3,
      "h50/outcome_drop_final_state_mse": 0.0052474360255634084,
      "h50/outcome_drop_state_mse": 0.003105581352134156,
      "h50/outcome_jam_episode_count": 3,
      "h50/outcome_jam_final_state_mse": 0.0033395528014189277,
      "h50/outcome_jam_state_mse": 0.0028599141314138775,
      "h50/outcome_miss_episode_count": 3,
      "h50/outcome_miss_final_state_mse": 0.0025543804018715627,
      "h50/outcome_miss_state_mse": 0.004885179731580946,
      "h50/outcome_partial_episode_count": 3,
      "h50/outcome_partial_final_state_mse": 0.0022159649266137015,
      "h50/outcome_partial_state_mse": 0.0022560208139855878,
      "h50/outcome_success_episode_count": 3,
      "h50/outcome_success_final_state_mse": 0.002250000104015949,
      "h50/outcome_success_state_mse": 0.0022785901711657158,
      "h50/state_mse": 0.0030770574831495098,
      "h75/episode_count": 15,
      "h75/final_state_mse": 0.00574698417015325,
      "h75/outcome_drop_episode_count": 3,
      "h75/outcome_drop_final_state_mse": 0.006877949619604871,
      "h75/outcome_drop_state_mse": 0.00417788262460746,
      "h75/outcome_jam_episode_count": 3,
      "h75/outcome_jam_final_state_mse": 0.005335686448352789,
      "h75/outcome_jam_state_mse": 0.0033142112698690044,
      "h75/outcome_miss_episode_count": 3,
      "h75/outcome_miss_final_state_mse": 0.005195636764850492,
      "h75/outcome_miss_state_mse": 0.004340435518418522,
      "h75/outcome_partial_episode_count": 3,
      "h75/outcome_partial_final_state_mse": 0.0047343944022858065,
      "h75/outcome_partial_state_mse": 0.0027370678936993634,
      "h75/outcome_success_episode_count": 3,
      "h75/outcome_success_final_state_mse": 0.006591255660929711,
      "h75/outcome_success_state_mse": 0.0028431600267331326,
      "h75/state_mse": 0.003482551391867511,
      "max_requested_horizon": 125,
      "reencode_period": 2,
      "rollout_mode": "periodic_2"
    },
    "periodic_20": {
      "episode_count": 15,
      "h10/episode_count": 15,
      "h10/final_state_mse": 0.00303348185969334,
      "h10/outcome_drop_episode_count": 3,
      "h10/outcome_drop_final_state_mse": 0.002146465375142939,
      "h10/outcome_drop_state_mse": 0.0014847912429984099,
      "h10/outcome_jam_episode_count": 3,
      "h10/outcome_jam_final_state_mse": 0.0036189528851727254,
      "h10/outcome_jam_state_mse": 0.0020858110166063495,
      "h10/outcome_miss_episode_count": 3,
      "h10/outcome_miss_final_state_mse": 0.005030833915168164,
      "h10/outcome_miss_state_mse": 0.0111970770592783,
      "h10/outcome_partial_episode_count": 3,
      "h10/outcome_partial_final_state_mse": 0.002187649287234724,
      "h10/outcome_partial_state_mse": 0.001399475316596187,
      "h10/outcome_success_episode_count": 3,
      "h10/outcome_success_final_state_mse": 0.0021835072513888866,
      "h10/outcome_success_state_mse": 0.001410319135079976,
      "h10/state_mse": 0.0035154946021784365,
      "h100/episode_count": 15,
      "h100/final_state_mse": 0.016006015952116523,
      "h100/outcome_drop_episode_count": 3,
      "h100/outcome_drop_final_state_mse": 0.013530110222062254,
      "h100/outcome_drop_state_mse": 0.007267687305126315,
      "h100/outcome_jam_episode_count": 3,
      "h100/outcome_jam_final_state_mse": 0.018261035283406574,
      "h100/outcome_jam_state_mse": 0.008756383010764528,
      "h100/outcome_miss_episode_count": 3,
      "h100/outcome_miss_final_state_mse": 0.01770870475208058,
      "h100/outcome_miss_state_mse": 0.010719160441479652,
      "h100/outcome_partial_episode_count": 3,
      "h100/outcome_partial_final_state_mse": 0.012907601844251545,
      "h100/outcome_partial_state_mse": 0.007496619255714167,
      "h100/outcome_success_episode_count": 3,
      "h100/outcome_success_final_state_mse": 0.01762262960664587,
      "h100/outcome_success_state_mse": 0.008172573513454861,
      "h100/state_mse": 0.008482484904769199,
      "h125/episode_count": 15,
      "h125/final_state_mse": 0.007659778096317466,
      "h125/outcome_drop_episode_count": 3,
      "h125/outcome_drop_final_state_mse": 0.004300009337515613,
      "h125/outcome_drop_state_mse": 0.007307518653620303,
      "h125/outcome_jam_episode_count": 3,
      "h125/outcome_jam_final_state_mse": 0.008115930300132902,
      "h125/outcome_jam_state_mse": 0.009167010537939134,
      "h125/outcome_miss_episode_count": 3,
      "h125/outcome_miss_final_state_mse": 0.01151190668928857,
      "h125/outcome_miss_state_mse": 0.01084771888084661,
      "h125/outcome_partial_episode_count": 3,
      "h125/outcome_partial_final_state_mse": 0.007084880681598888,
      "h125/outcome_partial_state_mse": 0.007607607473734936,
      "h125/outcome_success_episode_count": 3,
      "h125/outcome_success_final_state_mse": 0.007286162109546412,
      "h125/outcome_success_state_mse": 0.008655816371144811,
      "h125/state_mse": 0.008717134523080065,
      "h20/episode_count": 15,
      "h20/final_state_mse": 0.009756047741260404,
      "h20/outcome_drop_episode_count": 3,
      "h20/outcome_drop_final_state_mse": 0.009153529514674267,
      "h20/outcome_drop_state_mse": 0.0035062567081326755,
      "h20/outcome_jam_episode_count": 3,
      "h20/outcome_jam_final_state_mse": 0.009290983084759681,
      "h20/outcome_jam_state_mse": 0.0039153397472855315,
      "h20/outcome_miss_episode_count": 3,
      "h20/outcome_miss_final_state_mse": 0.012499906268774294,
      "h20/outcome_miss_state_mse": 0.009701291875901566,
      "h20/outcome_partial_episode_count": 3,
      "h20/outcome_partial_final_state_mse": 0.008971001977234884,
      "h20/outcome_partial_state_mse": 0.0034013179782169316,
      "h20/outcome_success_episode_count": 3,
      "h20/outcome_success_final_state_mse": 0.008864816789533578,
      "h20/outcome_success_state_mse": 0.0034017475796680823,
      "h20/state_mse": 0.0047851906570733765,
      "h30/episode_count": 15,
      "h30/final_state_mse": 0.00522012056088915,
      "h30/outcome_drop_episode_count": 3,
      "h30/outcome_drop_final_state_mse": 0.004973770259252561,
      "h30/outcome_drop_state_mse": 0.003832956362913377,
      "h30/outcome_jam_episode_count": 3,
      "h30/outcome_jam_final_state_mse": 0.005112633303879133,
      "h30/outcome_jam_state_mse": 0.004239489466016848,
      "h30/outcome_miss_episode_count": 3,
      "h30/outcome_miss_final_state_mse": 0.006501647868966744,
      "h30/outcome_miss_state_mse": 0.008381535856292657,
      "h30/outcome_partial_episode_count": 3,
      "h30/outcome_partial_final_state_mse": 0.004719636214324851,
      "h30/outcome_partial_state_mse": 0.0037135425476207194,
      "h30/outcome_success_episode_count": 3,
      "h30/outcome_success_final_state_mse": 0.004792917057190066,
      "h30/outcome_success_state_mse": 0.0037232207316978305,
      "h30/state_mse": 0.004778149174708946,
      "h40/episode_count": 15,
      "h40/final_state_mse": 0.015497394636565564,
      "h40/outcome_drop_episode_count": 3,
      "h40/outcome_drop_final_state_mse": 0.011406945052489736,
      "h40/outcome_drop_state_mse": 0.004985374407051436,
      "h40/outcome_jam_episode_count": 3,
      "h40/outcome_jam_final_state_mse": 0.01626371928289825,
      "h40/outcome_jam_state_mse": 0.005800187743567174,
      "h40/outcome_miss_episode_count": 3,
      "h40/outcome_miss_final_state_mse": 0.01682384906251446,
      "h40/outcome_miss_state_mse": 0.009118859752330904,
      "h40/outcome_partial_episode_count": 3,
      "h40/outcome_partial_final_state_mse": 0.01635370632402258,
      "h40/outcome_partial_state_mse": 0.0052655025245317445,
      "h40/outcome_success_episode_count": 3,
      "h40/outcome_success_final_state_mse": 0.01663875014953364,
      "h40/outcome_success_state_mse": 0.005312732076333239,
      "h40/state_mse": 0.006096530490451389,
      "h50/episode_count": 15,
      "h50/final_state_mse": 0.007155198988571665,
      "h50/outcome_drop_episode_count": 3,
      "h50/outcome_drop_final_state_mse": 0.006302587834059023,
      "h50/outcome_drop_state_mse": 0.005375076493406608,
      "h50/outcome_jam_episode_count": 3,
      "h50/outcome_jam_final_state_mse": 0.007951872946779712,
      "h50/outcome_jam_state_mse": 0.005946102640987222,
      "h50/outcome_miss_episode_count": 3,
      "h50/outcome_miss_final_state_mse": 0.007173724423826131,
      "h50/outcome_miss_state_mse": 0.008304252624511718,
      "h50/outcome_partial_episode_count": 3,
      "h50/outcome_partial_final_state_mse": 0.007110610506892983,
      "h50/outcome_partial_state_mse": 0.005415077957452512,
      "h50/outcome_success_episode_count": 3,
      "h50/outcome_success_final_state_mse": 0.007237203273118711,
      "h50/outcome_success_state_mse": 0.005473320406246809,
      "h50/state_mse": 0.0061027660494536356,
      "h75/episode_count": 15,
      "h75/final_state_mse": 0.011291219673904718,
      "h75/outcome_drop_episode_count": 3,
      "h75/outcome_drop_final_state_mse": 0.007905232750512416,
      "h75/outcome_drop_state_mse": 0.0069606503422223924,
      "h75/outcome_jam_episode_count": 3,
      "h75/outcome_jam_final_state_mse": 0.013426821995404811,
      "h75/outcome_jam_state_mse": 0.007507070736687688,
      "h75/outcome_miss_episode_count": 3,
      "h75/outcome_miss_final_state_mse": 0.012838774062449636,
      "h75/outcome_miss_state_mse": 0.010083806488768467,
      "h75/outcome_partial_episode_count": 3,
      "h75/outcome_partial_final_state_mse": 0.010821048340766259,
      "h75/outcome_partial_state_mse": 0.00682122290783718,
      "h75/outcome_success_episode_count": 3,
      "h75/outcome_success_final_state_mse": 0.01146421674030279,
      "h75/outcome_success_state_mse": 0.006910668832284433,
      "h75/state_mse": 0.007656684027777778,
      "max_requested_horizon": 125,
      "reencode_period": 20,
      "rollout_mode": "periodic_20"
    },
    "periodic_5": {
      "episode_count": 15,
      "h10/episode_count": 15,
      "h10/final_state_mse": 0.002412913204018587,
      "h10/outcome_drop_episode_count": 3,
      "h10/outcome_drop_final_state_mse": 0.001685003853506512,
      "h10/outcome_drop_state_mse": 0.0014131143591762367,
      "h10/outcome_jam_episode_count": 3,
      "h10/outcome_jam_final_state_mse": 0.0027212100773075826,
      "h10/outcome_jam_state_mse": 0.0019717110527886286,
      "h10/outcome_miss_episode_count": 3,
      "h10/outcome_miss_final_state_mse": 0.0042914946387016695,
      "h10/outcome_miss_state_mse": 0.01106222969254637,
      "h10/outcome_partial_episode_count": 3,
      "h10/outcome_partial_final_state_mse": 0.0016696406102258395,
      "h10/outcome_partial_state_mse": 0.0013203483781004265,
      "h10/outcome_success_episode_count": 3,
      "h10/outcome_success_final_state_mse": 0.0016972169377445394,
      "h10/outcome_success_state_mse": 0.0013394772227293525,
      "h10/state_mse": 0.0034213762968973395,
      "h100/episode_count": 15,
      "h100/final_state_mse": 0.0026222306918474584,
      "h100/outcome_drop_episode_count": 3,
      "h100/outcome_drop_final_state_mse": 0.002534706924670662,
      "h100/outcome_drop_state_mse": 0.002626355676090016,
      "h100/outcome_jam_episode_count": 3,
      "h100/outcome_jam_final_state_mse": 0.002916547597623339,
      "h100/outcome_jam_state_mse": 0.002987342909270642,
      "h100/outcome_miss_episode_count": 3,
      "h100/outcome_miss_final_state_mse": 0.00261848281119384,
      "h100/outcome_miss_state_mse": 0.0036477469151316127,
      "h100/outcome_partial_episode_count": 3,
      "h100/outcome_partial_final_state_mse": 0.002545689250908646,
      "h100/outcome_partial_state_mse": 0.002163853832319671,
      "h100/outcome_success_episode_count": 3,
      "h100/outcome_success_final_state_mse": 0.002495727629638186,
      "h100/outcome_success_state_mse": 0.0023078890096128375,
      "h100/state_mse": 0.0027466378804125815,
      "h125/episode_count": 15,
      "h125/final_state_mse": 0.003726745430940117,
      "h125/outcome_drop_episode_count": 3,
      "h125/outcome_drop_final_state_mse": 0.004485600670568304,
      "h125/outcome_drop_state_mse": 0.002828082714205474,
      "h125/outcome_jam_episode_count": 3,
      "h125/outcome_jam_final_state_mse": 0.004193489896316154,
      "h125/outcome_jam_state_mse": 0.003215008704490911,
      "h125/outcome_miss_episode_count": 3,
      "h125/outcome_miss_final_state_mse": 0.004374210302736245,
      "h125/outcome_miss_state_mse": 0.003663866629008374,
      "h125/outcome_partial_episode_count": 3,
      "h125/outcome_partial_final_state_mse": 0.002313304327282251,
      "h125/outcome_partial_state_mse": 0.0022527925578597324,
      "h125/outcome_success_episode_count": 3,
      "h125/outcome_success_final_state_mse": 0.0032671214464832753,
      "h125/outcome_success_state_mse": 0.002454138063916973,
      "h125/state_mse": 0.0028827777139501633,
      "h20/episode_count": 15,
      "h20/final_state_mse": 0.002418163555120331,
      "h20/outcome_drop_episode_count": 3,
      "h20/outcome_drop_final_state_mse": 0.002329204815859888,
      "h20/outcome_drop_state_mse": 0.0017314263808181863,
      "h20/outcome_jam_episode_count": 3,
      "h20/outcome_jam_final_state_mse": 0.002523036174524843,
      "h20/outcome_jam_state_mse": 0.0022942764696732066,
      "h20/outcome_miss_episode_count": 3,
      "h20/outcome_miss_final_state_mse": 0.0031546860738517414,
      "h20/outcome_miss_state_mse": 0.0075441670573614785,
      "h20/outcome_partial_episode_count": 3,
      "h20/outcome_partial_final_state_mse": 0.002039834272627737,
      "h20/outcome_partial_state_mse": 0.0016440345570932027,
      "h20/outcome_success_episode_count": 3,
      "h20/outcome_success_final_state_mse": 0.0020440560491646036,
      "h20/outcome_success_state_mse": 0.0016689103413251491,
      "h20/state_mse": 0.00297656289892259,
      "h30/episode_count": 15,
      "h30/final_state_mse": 0.0020101860457775638,
      "h30/outcome_drop_episode_count": 3,
      "h30/outcome_drop_final_state_mse": 0.0019137526746668848,
      "h30/outcome_drop_state_mse": 0.0018686326760352307,
      "h30/outcome_jam_episode_count": 3,
      "h30/outcome_jam_final_state_mse": 0.0022340738549341565,
      "h30/outcome_jam_state_mse": 0.002431480557310815,
      "h30/outcome_miss_episode_count": 3,
      "h30/outcome_miss_final_state_mse": 0.002144248462190815,
      "h30/outcome_miss_state_mse": 0.005936704897413067,
      "h30/outcome_partial_episode_count": 3,
      "h30/outcome_partial_final_state_mse": 0.00185097011378388,
      "h30/outcome_partial_state_mse": 0.0017824752917736445,
      "h30/outcome_success_episode_count": 3,
      "h30/outcome_success_final_state_mse": 0.0019078853911434124,
      "h30/outcome_success_state_mse": 0.0018057927846389138,
      "h30/state_mse": 0.002765017241434334,
      "h40/episode_count": 15,
      "h40/final_state_mse": 0.0019232092340008106,
      "h40/outcome_drop_episode_count": 3,
      "h40/outcome_drop_final_state_mse": 0.002042338349460776,
      "h40/outcome_drop_state_mse": 0.0019875089717067145,
      "h40/outcome_jam_episode_count": 3,
      "h40/outcome_jam_final_state_mse": 0.001886392754861732,
      "h40/outcome_jam_state_mse": 0.0024279175241009084,
      "h40/outcome_miss_episode_count": 3,
      "h40/outcome_miss_final_state_mse": 0.002089909624819662,
      "h40/outcome_miss_state_mse": 0.005053670811497308,
      "h40/outcome_partial_episode_count": 3,
      "h40/outcome_partial_final_state_mse": 0.0017971800384568232,
      "h40/outcome_partial_state_mse": 0.001807697146546607,
      "h40/outcome_success_episode_count": 3,
      "h40/outcome_success_final_state_mse": 0.001800225426753362,
      "h40/outcome_success_state_mse": 0.0018305158303454031,
      "h40/state_mse": 0.0026214619555504494,
      "h50/episode_count": 15,
      "h50/final_state_mse": 0.0022544701894124347,
      "h50/outcome_drop_episode_count": 3,
      "h50/outcome_drop_final_state_mse": 0.0023562028711917355,
      "h50/outcome_drop_state_mse": 0.0022106525944728477,
      "h50/outcome_jam_episode_count": 3,
      "h50/outcome_jam_final_state_mse": 0.0031443116516848796,
      "h50/outcome_jam_state_mse": 0.0025069427490234373,
      "h50/outcome_miss_episode_count": 3,
      "h50/outcome_miss_final_state_mse": 0.001953934191488752,
      "h50/outcome_miss_state_mse": 0.0044959716547548385,
      "h50/outcome_partial_episode_count": 3,
      "h50/outcome_partial_final_state_mse": 0.001872635866497077,
      "h50/outcome_partial_state_mse": 0.0018517112731933595,
      "h50/outcome_success_episode_count": 3,
      "h50/outcome_success_final_state_mse": 0.0019452658548853757,
      "h50/outcome_success_state_mse": 0.001875725291133706,
      "h50/state_mse": 0.0025882007873136233,
      "h75/episode_count": 15,
      "h75/final_state_mse": 0.003948388380162856,
      "h75/outcome_drop_episode_count": 3,
      "h75/outcome_drop_final_state_mse": 0.003541613302004883,
      "h75/outcome_drop_state_mse": 0.0025529869761082603,
      "h75/outcome_jam_episode_count": 3,
      "h75/outcome_jam_final_state_mse": 0.004593716970845765,
      "h75/outcome_jam_state_mse": 0.002847293030981924,
      "h75/outcome_miss_episode_count": 3,
      "h75/outcome_miss_final_state_mse": 0.004352935291583242,
      "h75/outcome_miss_state_mse": 0.0038896947956292977,
      "h75/outcome_partial_episode_count": 3,
      "h75/outcome_partial_final_state_mse": 0.003022615377809487,
      "h75/outcome_partial_state_mse": 0.002104783899643842,
      "h75/outcome_success_episode_count": 3,
      "h75/outcome_success_final_state_mse": 0.004231060982919207,
      "h75/outcome_success_state_mse": 0.0021817147913581665,
      "h75/state_mse": 0.0027152947984749455,
      "max_requested_horizon": 125,
      "reencode_period": 5,
      "rollout_mode": "periodic_5"
    },
    "periodic_50": {
      "episode_count": 15,
      "h10/episode_count": 15,
      "h10/final_state_mse": 0.00303348185969334,
      "h10/outcome_drop_episode_count": 3,
      "h10/outcome_drop_final_state_mse": 0.002146465375142939,
      "h10/outcome_drop_state_mse": 0.0014847912429984099,
      "h10/outcome_jam_episode_count": 3,
      "h10/outcome_jam_final_state_mse": 0.0036189528851727254,
      "h10/outcome_jam_state_mse": 0.0020858110166063495,
      "h10/outcome_miss_episode_count": 3,
      "h10/outcome_miss_final_state_mse": 0.005030833915168164,
      "h10/outcome_miss_state_mse": 0.0111970770592783,
      "h10/outcome_partial_episode_count": 3,
      "h10/outcome_partial_final_state_mse": 0.002187649287234724,
      "h10/outcome_partial_state_mse": 0.001399475316596187,
      "h10/outcome_success_episode_count": 3,
      "h10/outcome_success_final_state_mse": 0.0021835072513888866,
      "h10/outcome_success_state_mse": 0.001410319135079976,
      "h10/state_mse": 0.0035154946021784365,
      "h100/episode_count": 15,
      "h100/final_state_mse": 1141.1152777777777,
      "h100/outcome_drop_episode_count": 3,
      "h100/outcome_drop_final_state_mse": 966.0036381740196,
      "h100/outcome_drop_state_mse": 47.03379442401961,
      "h100/outcome_jam_episode_count": 3,
      "h100/outcome_jam_final_state_mse": 926.8135595383987,
      "h100/outcome_jam_state_mse": 44.56518024918301,
      "h100/outcome_miss_episode_count": 3,
      "h100/outcome_miss_final_state_mse": 1980.9533803104575,
      "h100/outcome_miss_state_mse": 92.50732536764706,
      "h100/outcome_partial_episode_count": 3,
      "h100/outcome_partial_final_state_mse": 914.5907628676471,
      "h100/outcome_partial_state_mse": 44.28903850081699,
      "h100/outcome_success_episode_count": 3,
      "h100/outcome_success_final_state_mse": 917.2151628880719,
      "h100/outcome_success_state_mse": 44.28116472630719,
      "h100/state_mse": 54.535300653594774,
      "h125/episode_count": 15,
      "h125/final_state_mse": 512.4485702614379,
      "h125/outcome_drop_episode_count": 3,
      "h125/outcome_drop_final_state_mse": 511.5236864276961,
      "h125/outcome_drop_state_mse": 68.44319117647059,
      "h125/outcome_jam_episode_count": 3,
      "h125/outcome_jam_final_state_mse": 499.98135595383985,
      "h125/outcome_jam_state_mse": 65.71057679738563,
      "h125/outcome_miss_episode_count": 3,
      "h125/outcome_miss_final_state_mse": 525.0881459354575,
      "h125/outcome_miss_state_mse": 105.4287205882353,
      "h125/outcome_partial_episode_count": 3,
      "h125/outcome_partial_final_state_mse": 516.1034390318628,
      "h125/outcome_partial_state_mse": 66.13726715686275,
      "h125/outcome_success_episode_count": 3,
      "h125/outcome_success_final_state_mse": 509.54637714460785,
      "h125/outcome_success_state_mse": 66.0152908496732,
      "h125/state_mse": 74.34700653594771,
      "h20/episode_count": 15,
      "h20/final_state_mse": 0.009756047741260404,
      "h20/outcome_drop_episode_count": 3,
      "h20/outcome_drop_final_state_mse": 0.009153529514674267,
      "h20/outcome_drop_state_mse": 0.0035062567081326755,
      "h20/outcome_jam_episode_count": 3,
      "h20/outcome_jam_final_state_mse": 0.009290983084759681,
      "h20/outcome_jam_state_mse": 0.0039153397472855315,
      "h20/outcome_miss_episode_count": 3,
      "h20/outcome_miss_final_state_mse": 0.012499906268774294,
      "h20/outcome_miss_state_mse": 0.009701291875901566,
      "h20/outcome_partial_episode_count": 3,
      "h20/outcome_partial_final_state_mse": 0.008971001977234884,
      "h20/outcome_partial_state_mse": 0.0034013179782169316,
      "h20/outcome_success_episode_count": 3,
      "h20/outcome_success_final_state_mse": 0.008864816789533578,
      "h20/outcome_success_state_mse": 0.0034017475796680823,
      "h20/state_mse": 0.0047851906570733765,
      "h30/episode_count": 15,
      "h30/final_state_mse": 0.03668112910650914,
      "h30/outcome_drop_episode_count": 3,
      "h30/outcome_drop_final_state_mse": 0.031616321381400615,
      "h30/outcome_drop_state_mse": 0.008713128104448837,
      "h30/outcome_jam_episode_count": 3,
      "h30/outcome_jam_final_state_mse": 0.033129770771350736,
      "h30/outcome_jam_state_mse": 0.009104005235991966,
      "h30/outcome_miss_episode_count": 3,
      "h30/outcome_miss_final_state_mse": 0.055311216248406306,
      "h30/outcome_miss_state_mse": 0.016653760274251302,
      "h30/outcome_partial_episode_count": 3,
      "h30/outcome_partial_final_state_mse": 0.03160543846928216,
      "h30/outcome_partial_state_mse": 0.008561669819235541,
      "h30/outcome_success_episode_count": 3,
      "h30/outcome_success_final_state_mse": 0.03174290762228124,
      "h30/outcome_success_state_mse": 0.00860260218576668,
      "h30/state_mse": 0.010327032085077955,
      "h40/episode_count": 15,
      "h40/final_state_mse": 0.27885327308006536,
      "h40/outcome_drop_episode_count": 3,
      "h40/outcome_drop_final_state_mse": 0.22348693149541718,
      "h40/outcome_drop_state_mse": 0.03142388038385927,
      "h40/outcome_jam_episode_count": 3,
      "h40/outcome_jam_final_state_mse": 0.2502245809517655,
      "h40/outcome_jam_state_mse": 0.03384642507515702,
      "h40/outcome_miss_episode_count": 3,
      "h40/outcome_miss_final_state_mse": 0.44877097185920267,
      "h40/outcome_miss_state_mse": 0.05712572858224507,
      "h40/outcome_partial_episode_count": 3,
      "h40/outcome_partial_final_state_mse": 0.23582326976302403,
      "h40/outcome_partial_state_mse": 0.03209418003855188,
      "h40/outcome_success_episode_count": 3,
      "h40/outcome_success_final_state_mse": 0.23596061756408293,
      "h40/outcome_success_state_mse": 0.03207268372080684,
      "h40/state_mse": 0.03731258217805351,
      "h50/episode_count": 15,
      "h50/final_state_mse": 3.789156007455065,
      "h50/outcome_drop_episode_count": 3,
      "h50/outcome_drop_final_state_mse": 2.7668445063572302,
      "h50/outcome_drop_state_mse": 0.26634508319929534,
      "h50/outcome_jam_episode_count": 3,
      "h50/outcome_jam_final_state_mse": 2.912611119887408,
      "h50/outcome_jam_state_mse": 0.28086709415211397,
      "h50/outcome_miss_episode_count": 3,
      "h50/outcome_miss_final_state_mse": 7.658490847917943,
      "h50/outcome_miss_state_mse": 0.6527170298457925,
      "h50/outcome_partial_episode_count": 3,
      "h50/outcome_partial_final_state_mse": 2.7973357057259753,
      "h50/outcome_partial_state_mse": 0.2679170895246119,
      "h50/outcome_success_episode_count": 3,
      "h50/outcome_success_final_state_mse": 2.8104969598109424,
      "h50/outcome_success_state_mse": 0.26871693330652574,
      "h50/state_mse": 0.3473126531862745,
      "h75/episode_count": 15,
      "h75/final_state_mse": 2.464892258986928,
      "h75/outcome_drop_episode_count": 3,
      "h75/outcome_drop_final_state_mse": 2.511157116858788,
      "h75/outcome_drop_state_mse": 0.40933561304296023,
      "h75/outcome_jam_episode_count": 3,
      "h75/outcome_jam_final_state_mse": 2.3642633475509345,
      "h75/outcome_jam_state_mse": 0.4014318023216231,
      "h75/outcome_miss_episode_count": 3,
      "h75/outcome_miss_final_state_mse": 2.703091315973818,
      "h75/outcome_miss_state_mse": 0.7972424768518519,
      "h75/outcome_partial_episode_count": 3,
      "h75/outcome_partial_final_state_mse": 2.3738256217607487,
      "h75/outcome_partial_state_mse": 0.3955014456954657,
      "h75/outcome_success_episode_count": 3,
      "h75/outcome_success_final_state_mse": 2.3721233692044525,
      "h75/outcome_success_state_mse": 0.3951655315989243,
      "h75/state_mse": 0.4797353962418301,
      "max_requested_horizon": 125,
      "reencode_period": 50,
      "rollout_mode": "periodic_50"
    }
  },
  "split": "test",
  "support_alignment": {
    "contact_phase": {
      "contact_phase_family_ari": 0.0,
      "contact_phase_family_nmi": 0.0,
      "contact_phase_family_purity": 0.9996668887408394,
      "contact_phase_sample_count": 3002.0,
      "h_contact_phase_given_family": 0.0030002889533867266,
      "h_family_given_contact_phase": 0.0,
      "unique_contact_phase_count": 2.0,
      "unique_family_count": 1.0
    },
    "contact_phase_alignment_available": true,
    "evaluated_state_count": 3017,
    "family_count": 1,
    "mean_family_similarity": 0.6190050840377808,
    "mean_support_size": 246.45840238647662,
    "outcome_alignment_available": true,
    "outcome_state": {
      "h_family_given_outcome": 0.0,
      "h_outcome_given_family": 1.6094379124341005,
      "outcome_family_ari": 0.0,
      "outcome_family_nmi": 0.0,
      "outcome_family_purity": 0.2,
      "outcome_sample_count": 15.0,
      "unique_family_count": 1.0,
      "unique_outcome_count": 5.0
    },
    "status": "ok",
    "unassigned_state_fraction": 0.0,
    "validation_state_count": 2346
  },
  "support_threshold": 0.2
}
{
  "best_periodic_rollout": {
    "episode_count": 15,
    "h10/episode_count": 15,
    "h10/final_state_mse": 0.002562122718960631,
    "h10/outcome_drop_episode_count": 3,
    "h10/outcome_drop_final_state_mse": 0.0017592314070735882,
    "h10/outcome_drop_state_mse": 0.0014272986479054869,
    "h10/outcome_jam_episode_count": 3,
    "h10/outcome_jam_final_state_mse": 0.002810426884227329,
    "h10/outcome_jam_state_mse": 0.001998036203820721,
    "h10/outcome_miss_episode_count": 3,
    "h10/outcome_miss_final_state_mse": 0.004710071908882241,
    "h10/outcome_miss_state_mse": 0.011392703710817824,
    "h10/outcome_partial_episode_count": 3,
    "h10/outcome_partial_final_state_mse": 0.001744261291486765,
    "h10/outcome_partial_state_mse": 0.0013405132137872034,
    "h10/outcome_success_episode_count": 3,
    "h10/outcome_success_final_state_mse": 0.0017866223466162588,
    "h10/outcome_success_state_mse": 0.0013613425438700158,
    "h10/selected_mode": "periodic_5",
    "h10/selected_period": 5,
    "h10/state_mse": 0.003503978704315385,
    "h100/episode_count": 15,
    "h100/final_state_mse": 0.0029053741031222872,
    "h100/outcome_drop_episode_count": 3,
    "h100/outcome_drop_final_state_mse": 0.0031700866430803064,
    "h100/outcome_drop_state_mse": 0.0026851395376367507,
    "h100/outcome_jam_episode_count": 3,
    "h100/outcome_jam_final_state_mse": 0.0031434243508413726,
    "h100/outcome_jam_state_mse": 0.0030443685818341824,
    "h100/outcome_miss_episode_count": 3,
    "h100/outcome_miss_final_state_mse": 0.002998439753367231,
    "h100/outcome_miss_state_mse": 0.003905369253719554,
    "h100/outcome_partial_episode_count": 3,
    "h100/outcome_partial_final_state_mse": 0.002390776292171354,
    "h100/outcome_partial_state_mse": 0.0021760761348250646,
    "h100/outcome_success_episode_count": 3,
    "h100/outcome_success_final_state_mse": 0.0028241445718247904,
    "h100/outcome_success_state_mse": 0.002365355242311565,
    "h100/selected_mode": "periodic_5",
    "h100/selected_period": 5,
    "h100/state_mse": 0.0028352617251327615,
    "h125/episode_count": 15,
    "h125/final_state_mse": 0.0037079630334392872,
    "h125/outcome_drop_episode_count": 3,
    "h125/outcome_drop_final_state_mse": 0.004332751522656359,
    "h125/outcome_drop_state_mse": 0.002899658751643561,
    "h125/outcome_jam_episode_count": 3,
    "h125/outcome_jam_final_state_mse": 0.004625720623271917,
    "h125/outcome_jam_state_mse": 0.0032593819113338695,
    "h125/outcome_miss_episode_count": 3,
    "h125/outcome_miss_final_state_mse": 0.004089774308251399,
    "h125/outcome_miss_state_mse": 0.003878533656301062,
    "h125/outcome_partial_episode_count": 3,
    "h125/outcome_partial_final_state_mse": 0.0022990379263372984,
    "h125/outcome_partial_state_mse": 0.0022524682337941686,
    "h125/outcome_success_episode_count": 3,
    "h125/outcome_success_final_state_mse": 0.0031925318580047755,
    "h125/outcome_success_state_mse": 0.0024975322648590685,
    "h125/selected_mode": "periodic_5",
    "h125/selected_period": 5,
    "h125/state_mse": 0.0029575147441789217,
    "h20/episode_count": 15,
    "h20/final_state_mse": 0.0026098871542737374,
    "h20/outcome_drop_episode_count": 3,
    "h20/outcome_drop_final_state_mse": 0.0024415965563331556,
    "h20/outcome_drop_state_mse": 0.0017807547952614579,
    "h20/outcome_jam_episode_count": 3,
    "h20/outcome_jam_final_state_mse": 0.002646360814181808,
    "h20/outcome_jam_state_mse": 0.002365567169937433,
    "h20/outcome_miss_episode_count": 3,
    "h20/outcome_miss_final_state_mse": 0.0036229638297573413,
    "h20/outcome_miss_state_mse": 0.008003635655820759,
    "h20/outcome_partial_episode_count": 3,
    "h20/outcome_partial_final_state_mse": 0.0021591883615341063,
    "h20/outcome_partial_state_mse": 0.0017042825424593258,
    "h20/outcome_success_episode_count": 3,
    "h20/outcome_success_final_state_mse": 0.0021793261608656716,
    "h20/outcome_success_state_mse": 0.0017333336515364304,
    "h20/selected_mode": "periodic_5",
    "h20/selected_period": 5,
    "h20/state_mse": 0.00311751471625434,
    "h30/episode_count": 15,
    "h30/final_state_mse": 0.002084052328969918,
    "h30/outcome_drop_episode_count": 3,
    "h30/outcome_drop_final_state_mse": 0.0019544260028530568,
    "h30/outcome_drop_state_mse": 0.0019241564154365224,
    "h30/outcome_jam_episode_count": 3,
    "h30/outcome_jam_final_state_mse": 0.002289870814755072,
    "h30/outcome_jam_state_mse": 0.0025017549269599334,
    "h30/outcome_miss_episode_count": 3,
    "h30/outcome_miss_final_state_mse": 0.0023207274916904426,
    "h30/outcome_miss_state_mse": 0.006340873007680855,
    "h30/outcome_partial_episode_count": 3,
    "h30/outcome_partial_final_state_mse": 0.001902009926590265,
    "h30/outcome_partial_state_mse": 0.0018422252472189776,
    "h30/outcome_success_episode_count": 3,
    "h30/outcome_success_final_state_mse": 0.0019532269950396095,
    "h30/outcome_success_state_mse": 0.001867997646331787,
    "h30/selected_mode": "periodic_5",
    "h30/selected_period": 5,
    "h30/state_mse": 0.0028954014331427015,
    "h40/episode_count": 15,
    "h40/final_state_mse": 0.002034139944836984,
    "h40/outcome_drop_episode_count": 3,
    "h40/outcome_drop_final_state_mse": 0.002052567607047511,
    "h40/outcome_drop_state_mse": 0.0020463278091031743,
    "h40/outcome_jam_episode_count": 3,
    "h40/outcome_jam_final_state_mse": 0.0019733218196170783,
    "h40/outcome_jam_state_mse": 0.002496138857860191,
    "h40/outcome_miss_episode_count": 3,
    "h40/outcome_miss_final_state_mse": 0.002371005762636272,
    "h40/outcome_miss_state_mse": 0.005428574054069768,
    "h40/outcome_partial_episode_count": 3,
    "h40/outcome_partial_final_state_mse": 0.0018842191818882437,
    "h40/outcome_partial_state_mse": 0.0018695710336460788,
    "h40/outcome_success_episode_count": 3,
    "h40/outcome_success_final_state_mse": 0.0018895853286475138,
    "h40/outcome_success_state_mse": 0.001893701837732901,
    "h40/selected_mode": "periodic_5",
    "h40/selected_period": 5,
    "h40/state_mse": 0.0027468627730226204,
    "h50/episode_count": 15,
    "h50/final_state_mse": 0.0023408755757450277,
    "h50/outcome_drop_episode_count": 3,
    "h50/outcome_drop_final_state_mse": 0.002428048625101451,
    "h50/outcome_drop_state_mse": 0.002250631276298972,
    "h50/outcome_jam_episode_count": 3,
    "h50/outcome_jam_final_state_mse": 0.003051291299022101,
    "h50/outcome_jam_state_mse": 0.002570449542375951,
    "h50/outcome_miss_episode_count": 3,
    "h50/outcome_miss_final_state_mse": 0.0022582781860251834,
    "h50/outcome_miss_state_mse": 0.004867587744020949,
    "h50/outcome_partial_episode_count": 3,
    "h50/outcome_partial_final_state_mse": 0.0019403256573318655,
    "h50/outcome_partial_state_mse": 0.0019061072355781505,
    "h50/outcome_success_episode_count": 3,
    "h50/outcome_success_final_state_mse": 0.002026434330379262,
    "h50/outcome_success_state_mse": 0.0019316187403560464,
    "h50/selected_mode": "periodic_5",
    "h50/selected_period": 5,
    "h50/state_mse": 0.002705278982523999,
    "h75/episode_count": 15,
    "h75/final_state_mse": 0.004077922284992692,
    "h75/outcome_drop_episode_count": 3,
    "h75/outcome_drop_final_state_mse": 0.003535236165024876,
    "h75/outcome_drop_state_mse": 0.002556923884971469,
    "h75/outcome_jam_episode_count": 3,
    "h75/outcome_jam_final_state_mse": 0.004820994058855219,
    "h75/outcome_jam_state_mse": 0.002883128081012136,
    "h75/outcome_miss_episode_count": 3,
    "h75/outcome_miss_final_state_mse": 0.0043665155086642,
    "h75/outcome_miss_state_mse": 0.004175684893572772,
    "h75/outcome_partial_episode_count": 3,
    "h75/outcome_partial_final_state_mse": 0.003270797285379148,
    "h75/outcome_partial_state_mse": 0.0021344996433632045,
    "h75/outcome_success_episode_count": 3,
    "h75/outcome_success_final_state_mse": 0.004396066556569018,
    "h75/outcome_success_state_mse": 0.0022071885750963795,
    "h75/selected_mode": "periodic_5",
    "h75/selected_period": 5,
    "h75/state_mse": 0.002791484757965686,
    "max_requested_horizon": 125,
    "periodic_reencode_periods": [
      1,
      2,
      5,
      10,
      20,
      50,
      100
    ],
    "rollout_mode": "best_periodic"
  },
  "checkpoint": "runs/maniskill_insertion/perturbation_e20_5k_lista_refine_20260604_143125/lista_relu_a0p015_sp1em4_loops1/seed2/checkpoint.pt",
  "checkpoint_step": 1500,
  "dataset": "data/maniskill/perturbation_assessment_seed0_e20/all_setups.npz",
  "device": "cuda",
  "family_jaccard": 0.4,
  "horizons": [
    10,
    20,
    30,
    40,
    50,
    75,
    100,
    125
  ],
  "labels_used_for_training": false,
  "periodic_reencode_periods": [
    1,
    2,
    5,
    10,
    20,
    50,
    100
  ],
  "rollout": {
    "episode_count": 15,
    "h10/episode_count": 15,
    "h10/final_state_mse": 0.0031162567387998494,
    "h10/outcome_drop_episode_count": 3,
    "h10/outcome_drop_final_state_mse": 0.0021648600551427578,
    "h10/outcome_drop_state_mse": 0.001499698111434388,
    "h10/outcome_jam_episode_count": 3,
    "h10/outcome_jam_final_state_mse": 0.0036327796531658548,
    "h10/outcome_jam_state_mse": 0.0021080297971862593,
    "h10/outcome_miss_episode_count": 3,
    "h10/outcome_miss_final_state_mse": 0.005380950235073862,
    "h10/outcome_miss_state_mse": 0.011494266908932356,
    "h10/outcome_partial_episode_count": 3,
    "h10/outcome_partial_final_state_mse": 0.0022007965549729227,
    "h10/outcome_partial_state_mse": 0.0014175040854348077,
    "h10/outcome_success_episode_count": 3,
    "h10/outcome_success_final_state_mse": 0.002201896513891376,
    "h10/outcome_success_state_mse": 0.0014267894956800672,
    "h10/state_mse": 0.0035892576329848345,
    "h100/episode_count": 15,
    "h100/final_state_mse": 395831.2156862745,
    "h100/outcome_drop_episode_count": 3,
    "h100/outcome_drop_final_state_mse": 275999.3823529412,
    "h100/outcome_drop_state_mse": 11923.613333333333,
    "h100/outcome_jam_episode_count": 3,
    "h100/outcome_jam_final_state_mse": 296419.70588235295,
    "h100/outcome_jam_state_mse": 12779.56705882353,
    "h100/outcome_miss_episode_count": 3,
    "h100/outcome_miss_final_state_mse": 857070.7712418301,
    "h100/outcome_miss_state_mse": 41202.892549019605,
    "h100/outcome_partial_episode_count": 3,
    "h100/outcome_partial_final_state_mse": 272887.53921568627,
    "h100/outcome_partial_state_mse": 11837.679346405228,
    "h100/outcome_success_episode_count": 3,
    "h100/outcome_success_final_state_mse": 276778.7287581699,
    "h100/outcome_success_state_mse": 11974.166013071896,
    "h100/state_mse": 17943.583790849672,
    "h125/episode_count": 15,
    "h125/final_state_mse": 333285619.6183007,
    "h125/outcome_drop_episode_count": 3,
    "h125/outcome_drop_final_state_mse": 291867256.4705882,
    "h125/outcome_drop_state_mse": 9670181.61359477,
    "h125/outcome_jam_episode_count": 3,
    "h125/outcome_jam_final_state_mse": 310662157.3856209,
    "h125/outcome_jam_state_mse": 10419302.855111111,
    "h125/outcome_miss_episode_count": 3,
    "h125/outcome_miss_final_state_mse": 476165153.46405226,
    "h125/outcome_miss_state_mse": 16496280.301594771,
    "h125/outcome_partial_episode_count": 3,
    "h125/outcome_partial_final_state_mse": 292938310.2745098,
    "h125/outcome_partial_state_mse": 9720714.3671634,
    "h125/outcome_success_episode_count": 3,
    "h125/outcome_success_final_state_mse": 294795140.1830065,
    "h125/outcome_success_state_mse": 9783701.423686275,
    "h125/state_mse": 11218036.133647058,
    "h20/episode_count": 15,
    "h20/final_state_mse": 0.009640410678838593,
    "h20/outcome_drop_episode_count": 3,
    "h20/outcome_drop_final_state_mse": 0.008882881963954252,
    "h20/outcome_drop_state_mse": 0.003424823050405465,
    "h20/outcome_jam_episode_count": 3,
    "h20/outcome_jam_final_state_mse": 0.008709175719155205,
    "h20/outcome_jam_state_mse": 0.003837117961808747,
    "h20/outcome_miss_episode_count": 3,
    "h20/outcome_miss_final_state_mse": 0.013362067002876132,
    "h20/outcome_miss_state_mse": 0.010064548916286893,
    "h20/outcome_partial_episode_count": 3,
    "h20/outcome_partial_final_state_mse": 0.008683452321812998,
    "h20/outcome_partial_state_mse": 0.0033268302289489048,
    "h20/outcome_success_episode_count": 3,
    "h20/outcome_success_final_state_mse": 0.008564478139472163,
    "h20/outcome_success_state_mse": 0.0033212830622990925,
    "h20/state_mse": 0.0047949198803870505,
    "h30/episode_count": 15,
    "h30/final_state_mse": 0.035003724441029664,
    "h30/outcome_drop_episode_count": 3,
    "h30/outcome_drop_final_state_mse": 0.029038450102400935,
    "h30/outcome_drop_state_mse": 0.008281015362874615,
    "h30/outcome_jam_episode_count": 3,
    "h30/outcome_jam_final_state_mse": 0.029694148528030494,
    "h30/outcome_jam_state_mse": 0.008581278786420303,
    "h30/outcome_miss_episode_count": 3,
    "h30/outcome_miss_final_state_mse": 0.0581888848660039,
    "h30/outcome_miss_state_mse": 0.0176194762352505,
    "h30/outcome_partial_episode_count": 3,
    "h30/outcome_partial_final_state_mse": 0.028943656121983248,
    "h30/outcome_partial_state_mse": 0.008123495324244947,
    "h30/outcome_success_episode_count": 3,
    "h30/outcome_success_final_state_mse": 0.02915348492416681,
    "h30/outcome_success_state_mse": 0.008171585130795415,
    "h30/state_mse": 0.010155369710818355,
    "h40/episode_count": 15,
    "h40/final_state_mse": 0.2796457328048407,
    "h40/outcome_drop_episode_count": 3,
    "h40/outcome_drop_final_state_mse": 0.21150666592167874,
    "h40/outcome_drop_state_mse": 0.029486558328267017,
    "h40/outcome_jam_episode_count": 3,
    "h40/outcome_jam_final_state_mse": 0.2437773374171039,
    "h40/outcome_jam_state_mse": 0.03241768226124882,
    "h40/outcome_miss_episode_count": 3,
    "h40/outcome_miss_final_state_mse": 0.4830862681070964,
    "h40/outcome_miss_state_mse": 0.060803448296839896,
    "h40/outcome_partial_episode_count": 3,
    "h40/outcome_partial_final_state_mse": 0.22975322935316297,
    "h40/outcome_partial_state_mse": 0.03074224384781582,
    "h40/outcome_success_episode_count": 3,
    "h40/outcome_success_final_state_mse": 0.23010515699199602,
    "h40/outcome_success_state_mse": 0.030814289579204485,
    "h40/state_mse": 0.03685284383935866,
    "h50/episode_count": 15,
    "h50/final_state_mse": 4.001628242442811,
    "h50/outcome_drop_episode_count": 3,
    "h50/outcome_drop_final_state_mse": 2.6058022991504544,
    "h50/outcome_drop_state_mse": 0.24841163385927287,
    "h50/outcome_jam_episode_count": 3,
    "h50/outcome_jam_final_state_mse": 2.786761838626238,
    "h50/outcome_jam_state_mse": 0.26520774691712623,
    "h50/outcome_miss_episode_count": 3,
    "h50/outcome_miss_final_state_mse": 9.289440279692606,
    "h50/outcome_miss_state_mse": 0.7837349366830065,
    "h50/outcome_partial_episode_count": 3,
    "h50/outcome_partial_final_state_mse": 2.655519398209316,
    "h50/outcome_partial_state_mse": 0.2529260413475286,
    "h50/outcome_success_episode_count": 3,
    "h50/outcome_success_final_state_mse": 2.670616399228962,
    "h50/outcome_success_state_mse": 0.25437967138352735,
    "h50/state_mse": 0.36093198529411763,
    "h75/episode_count": 15,
    "h75/final_state_mse": 1072.5339869281045,
    "h75/outcome_drop_episode_count": 3,
    "h75/outcome_drop_final_state_mse": 689.56587328942,
    "h75/outcome_drop_state_mse": 47.07159858387799,
    "h75/outcome_jam_episode_count": 3,
    "h75/outcome_jam_final_state_mse": 701.5422474979575,
    "h75/outcome_jam_state_mse": 47.93660709422658,
    "h75/outcome_miss_episode_count": 3,
    "h75/outcome_miss_final_state_mse": 2577.150377859477,
    "h75/outcome_miss_state_mse": 171.20501633986927,
    "h75/outcome_partial_episode_count": 3,
    "h75/outcome_partial_final_state_mse": 696.165686912786,
    "h75/outcome_partial_state_mse": 47.15164317810458,
    "h75/outcome_success_episode_count": 3,
    "h75/outcome_success_final_state_mse": 698.2456246170343,
    "h75/outcome_success_state_mse": 47.316786492374725,
    "h75/state_mse": 72.13633551198257,
    "max_requested_horizon": 125,
    "reencode_period": null,
    "rollout_mode": "no_reencode"
  },
  "rollout_modes": {
    "no_reencode": {
      "episode_count": 15,
      "h10/episode_count": 15,
      "h10/final_state_mse": 0.0031162567387998494,
      "h10/outcome_drop_episode_count": 3,
      "h10/outcome_drop_final_state_mse": 0.0021648600551427578,
      "h10/outcome_drop_state_mse": 0.001499698111434388,
      "h10/outcome_jam_episode_count": 3,
      "h10/outcome_jam_final_state_mse": 0.0036327796531658548,
      "h10/outcome_jam_state_mse": 0.0021080297971862593,
      "h10/outcome_miss_episode_count": 3,
      "h10/outcome_miss_final_state_mse": 0.005380950235073862,
      "h10/outcome_miss_state_mse": 0.011494266908932356,
      "h10/outcome_partial_episode_count": 3,
      "h10/outcome_partial_final_state_mse": 0.0022007965549729227,
      "h10/outcome_partial_state_mse": 0.0014175040854348077,
      "h10/outcome_success_episode_count": 3,
      "h10/outcome_success_final_state_mse": 0.002201896513891376,
      "h10/outcome_success_state_mse": 0.0014267894956800672,
      "h10/state_mse": 0.0035892576329848345,
      "h100/episode_count": 15,
      "h100/final_state_mse": 395831.2156862745,
      "h100/outcome_drop_episode_count": 3,
      "h100/outcome_drop_final_state_mse": 275999.3823529412,
      "h100/outcome_drop_state_mse": 11923.613333333333,
      "h100/outcome_jam_episode_count": 3,
      "h100/outcome_jam_final_state_mse": 296419.70588235295,
      "h100/outcome_jam_state_mse": 12779.56705882353,
      "h100/outcome_miss_episode_count": 3,
      "h100/outcome_miss_final_state_mse": 857070.7712418301,
      "h100/outcome_miss_state_mse": 41202.892549019605,
      "h100/outcome_partial_episode_count": 3,
      "h100/outcome_partial_final_state_mse": 272887.53921568627,
      "h100/outcome_partial_state_mse": 11837.679346405228,
      "h100/outcome_success_episode_count": 3,
      "h100/outcome_success_final_state_mse": 276778.7287581699,
      "h100/outcome_success_state_mse": 11974.166013071896,
      "h100/state_mse": 17943.583790849672,
      "h125/episode_count": 15,
      "h125/final_state_mse": 333285619.6183007,
      "h125/outcome_drop_episode_count": 3,
      "h125/outcome_drop_final_state_mse": 291867256.4705882,
      "h125/outcome_drop_state_mse": 9670181.61359477,
      "h125/outcome_jam_episode_count": 3,
      "h125/outcome_jam_final_state_mse": 310662157.3856209,
      "h125/outcome_jam_state_mse": 10419302.855111111,
      "h125/outcome_miss_episode_count": 3,
      "h125/outcome_miss_final_state_mse": 476165153.46405226,
      "h125/outcome_miss_state_mse": 16496280.301594771,
      "h125/outcome_partial_episode_count": 3,
      "h125/outcome_partial_final_state_mse": 292938310.2745098,
      "h125/outcome_partial_state_mse": 9720714.3671634,
      "h125/outcome_success_episode_count": 3,
      "h125/outcome_success_final_state_mse": 294795140.1830065,
      "h125/outcome_success_state_mse": 9783701.423686275,
      "h125/state_mse": 11218036.133647058,
      "h20/episode_count": 15,
      "h20/final_state_mse": 0.009640410678838593,
      "h20/outcome_drop_episode_count": 3,
      "h20/outcome_drop_final_state_mse": 0.008882881963954252,
      "h20/outcome_drop_state_mse": 0.003424823050405465,
      "h20/outcome_jam_episode_count": 3,
      "h20/outcome_jam_final_state_mse": 0.008709175719155205,
      "h20/outcome_jam_state_mse": 0.003837117961808747,
      "h20/outcome_miss_episode_count": 3,
      "h20/outcome_miss_final_state_mse": 0.013362067002876132,
      "h20/outcome_miss_state_mse": 0.010064548916286893,
      "h20/outcome_partial_episode_count": 3,
      "h20/outcome_partial_final_state_mse": 0.008683452321812998,
      "h20/outcome_partial_state_mse": 0.0033268302289489048,
      "h20/outcome_success_episode_count": 3,
      "h20/outcome_success_final_state_mse": 0.008564478139472163,
      "h20/outcome_success_state_mse": 0.0033212830622990925,
      "h20/state_mse": 0.0047949198803870505,
      "h30/episode_count": 15,
      "h30/final_state_mse": 0.035003724441029664,
      "h30/outcome_drop_episode_count": 3,
      "h30/outcome_drop_final_state_mse": 0.029038450102400935,
      "h30/outcome_drop_state_mse": 0.008281015362874615,
      "h30/outcome_jam_episode_count": 3,
      "h30/outcome_jam_final_state_mse": 0.029694148528030494,
      "h30/outcome_jam_state_mse": 0.008581278786420303,
      "h30/outcome_miss_episode_count": 3,
      "h30/outcome_miss_final_state_mse": 0.0581888848660039,
      "h30/outcome_miss_state_mse": 0.0176194762352505,
      "h30/outcome_partial_episode_count": 3,
      "h30/outcome_partial_final_state_mse": 0.028943656121983248,
      "h30/outcome_partial_state_mse": 0.008123495324244947,
      "h30/outcome_success_episode_count": 3,
      "h30/outcome_success_final_state_mse": 0.02915348492416681,
      "h30/outcome_success_state_mse": 0.008171585130795415,
      "h30/state_mse": 0.010155369710818355,
      "h40/episode_count": 15,
      "h40/final_state_mse": 0.2796457328048407,
      "h40/outcome_drop_episode_count": 3,
      "h40/outcome_drop_final_state_mse": 0.21150666592167874,
      "h40/outcome_drop_state_mse": 0.029486558328267017,
      "h40/outcome_jam_episode_count": 3,
      "h40/outcome_jam_final_state_mse": 0.2437773374171039,
      "h40/outcome_jam_state_mse": 0.03241768226124882,
      "h40/outcome_miss_episode_count": 3,
      "h40/outcome_miss_final_state_mse": 0.4830862681070964,
      "h40/outcome_miss_state_mse": 0.060803448296839896,
      "h40/outcome_partial_episode_count": 3,
      "h40/outcome_partial_final_state_mse": 0.22975322935316297,
      "h40/outcome_partial_state_mse": 0.03074224384781582,
      "h40/outcome_success_episode_count": 3,
      "h40/outcome_success_final_state_mse": 0.23010515699199602,
      "h40/outcome_success_state_mse": 0.030814289579204485,
      "h40/state_mse": 0.03685284383935866,
      "h50/episode_count": 15,
      "h50/final_state_mse": 4.001628242442811,
      "h50/outcome_drop_episode_count": 3,
      "h50/outcome_drop_final_state_mse": 2.6058022991504544,
      "h50/outcome_drop_state_mse": 0.24841163385927287,
      "h50/outcome_jam_episode_count": 3,
      "h50/outcome_jam_final_state_mse": 2.786761838626238,
      "h50/outcome_jam_state_mse": 0.26520774691712623,
      "h50/outcome_miss_episode_count": 3,
      "h50/outcome_miss_final_state_mse": 9.289440279692606,
      "h50/outcome_miss_state_mse": 0.7837349366830065,
      "h50/outcome_partial_episode_count": 3,
      "h50/outcome_partial_final_state_mse": 2.655519398209316,
      "h50/outcome_partial_state_mse": 0.2529260413475286,
      "h50/outcome_success_episode_count": 3,
      "h50/outcome_success_final_state_mse": 2.670616399228962,
      "h50/outcome_success_state_mse": 0.25437967138352735,
      "h50/state_mse": 0.36093198529411763,
      "h75/episode_count": 15,
      "h75/final_state_mse": 1072.5339869281045,
      "h75/outcome_drop_episode_count": 3,
      "h75/outcome_drop_final_state_mse": 689.56587328942,
      "h75/outcome_drop_state_mse": 47.07159858387799,
      "h75/outcome_jam_episode_count": 3,
      "h75/outcome_jam_final_state_mse": 701.5422474979575,
      "h75/outcome_jam_state_mse": 47.93660709422658,
      "h75/outcome_miss_episode_count": 3,
      "h75/outcome_miss_final_state_mse": 2577.150377859477,
      "h75/outcome_miss_state_mse": 171.20501633986927,
      "h75/outcome_partial_episode_count": 3,
      "h75/outcome_partial_final_state_mse": 696.165686912786,
      "h75/outcome_partial_state_mse": 47.15164317810458,
      "h75/outcome_success_episode_count": 3,
      "h75/outcome_success_final_state_mse": 698.2456246170343,
      "h75/outcome_success_state_mse": 47.316786492374725,
      "h75/state_mse": 72.13633551198257,
      "max_requested_horizon": 125,
      "reencode_period": null,
      "rollout_mode": "no_reencode"
    },
    "periodic_1": {
      "episode_count": 15,
      "h10/episode_count": 15,
      "h10/final_state_mse": 0.003232783585592033,
      "h10/outcome_drop_episode_count": 3,
      "h10/outcome_drop_final_state_mse": 0.0019738598197114234,
      "h10/outcome_drop_state_mse": 0.0017232975928612004,
      "h10/outcome_jam_episode_count": 3,
      "h10/outcome_jam_final_state_mse": 0.0026655105106970843,
      "h10/outcome_jam_state_mse": 0.002246845002267875,
      "h10/outcome_miss_episode_count": 3,
      "h10/outcome_miss_final_state_mse": 0.007468042030833126,
      "h10/outcome_miss_state_mse": 0.012613318948184743,
      "h10/outcome_partial_episode_count": 3,
      "h10/outcome_partial_final_state_mse": 0.0020315257552402472,
      "h10/outcome_partial_state_mse": 0.0016258462192186344,
      "h10/outcome_success_episode_count": 3,
      "h10/outcome_success_final_state_mse": 0.002024978667108062,
      "h10/outcome_success_state_mse": 0.0016478011031555973,
      "h10/state_mse": 0.0039714219835069444,
      "h100/episode_count": 15,
      "h100/final_state_mse": 0.0071123578190024385,
      "h100/outcome_drop_episode_count": 3,
      "h100/outcome_drop_final_state_mse": 0.007625997212587618,
      "h100/outcome_drop_state_mse": 0.006342823427487043,
      "h100/outcome_jam_episode_count": 3,
      "h100/outcome_jam_final_state_mse": 0.0056461551610161274,
      "h100/outcome_jam_state_mse": 0.004818692674823836,
      "h100/outcome_miss_episode_count": 3,
      "h100/outcome_miss_final_state_mse": 0.009185579380178763,
      "h100/outcome_miss_state_mse": 0.006556137683344823,
      "h100/outcome_partial_episode_count": 3,
      "h100/outcome_partial_final_state_mse": 0.008906106154123941,
      "h100/outcome_partial_state_mse": 0.004714664633757149,
      "h100/outcome_success_episode_count": 3,
      "h100/outcome_success_final_state_mse": 0.004197948314006033,
      "h100/outcome_success_state_mse": 0.004405900606142929,
      "h100/state_mse": 0.005367644266365401,
      "h125/episode_count": 15,
      "h125/final_state_mse": 0.009458175359987745,
      "h125/outcome_drop_episode_count": 3,
      "h125/outcome_drop_final_state_mse": 0.008272960587264665,
      "h125/outcome_drop_state_mse": 0.006928403966567096,
      "h125/outcome_jam_episode_count": 3,
      "h125/outcome_jam_final_state_mse": 0.009418843034046148,
      "h125/outcome_jam_state_mse": 0.005596864388659109,
      "h125/outcome_miss_episode_count": 3,
      "h125/outcome_miss_final_state_mse": 0.014654205418100544,
      "h125/outcome_miss_state_mse": 0.007896750057444854,
      "h125/outcome_partial_episode_count": 3,
      "h125/outcome_partial_final_state_mse": 0.0075252892729503655,
      "h125/outcome_partial_state_mse": 0.0053977058261048564,
      "h125/outcome_success_episode_count": 3,
      "h125/outcome_success_final_state_mse": 0.007419581701552946,
      "h125/outcome_success_state_mse": 0.0049443513957503574,
      "h125/state_mse": 0.006152814797794118,
      "h20/episode_count": 15,
      "h20/final_state_mse": 0.004728394863652248,
      "h20/outcome_drop_episode_count": 3,
      "h20/outcome_drop_final_state_mse": 0.003882616320077111,
      "h20/outcome_drop_state_mse": 0.002379002485399932,
      "h20/outcome_jam_episode_count": 3,
      "h20/outcome_jam_final_state_mse": 0.004332003932373196,
      "h20/outcome_jam_state_mse": 0.002882675875246135,
      "h20/outcome_miss_episode_count": 3,
      "h20/outcome_miss_final_state_mse": 0.008125320563908496,
      "h20/outcome_miss_state_mse": 0.010572726430456623,
      "h20/outcome_partial_episode_count": 3,
      "h20/outcome_partial_final_state_mse": 0.003638595001759872,
      "h20/outcome_partial_state_mse": 0.00231068009644552,
      "h20/outcome_success_episode_count": 3,
      "h20/outcome_success_final_state_mse": 0.003663437818390092,
      "h20/outcome_success_state_mse": 0.0023304842266381955,
      "h20/state_mse": 0.004095113667008144,
      "h30/episode_count": 15,
      "h30/final_state_mse": 0.0037590089187123418,
      "h30/outcome_drop_episode_count": 3,
      "h30/outcome_drop_final_state_mse": 0.0033561706396878933,
      "h30/outcome_drop_state_mse": 0.00275335504078917,
      "h30/outcome_jam_episode_count": 3,
      "h30/outcome_jam_final_state_mse": 0.0040231808727862785,
      "h30/outcome_jam_state_mse": 0.003281245771836092,
      "h30/outcome_miss_episode_count": 3,
      "h30/outcome_miss_final_state_mse": 0.004556611423788507,
      "h30/outcome_miss_state_mse": 0.00901819844131636,
      "h30/outcome_partial_episode_count": 3,
      "h30/outcome_partial_final_state_mse": 0.0033861498281457067,
      "h30/outcome_partial_state_mse": 0.0026982864003815164,
      "h30/outcome_success_episode_count": 3,
      "h30/outcome_success_final_state_mse": 0.0034729316343669017,
      "h30/outcome_success_state_mse": 0.002718992015115576,
      "h30/state_mse": 0.004094015549470656,
      "h40/episode_count": 15,
      "h40/final_state_mse": 0.004771489099739424,
      "h40/outcome_drop_episode_count": 3,
      "h40/outcome_drop_final_state_mse": 0.0070190693136134175,
      "h40/outcome_drop_state_mse": 0.0032395979158239426,
      "h40/outcome_jam_episode_count": 3,
      "h40/outcome_jam_final_state_mse": 0.0038792960881407746,
      "h40/outcome_jam_state_mse": 0.003444203714919246,
      "h40/outcome_miss_episode_count": 3,
      "h40/outcome_miss_final_state_mse": 0.005436746513142306,
      "h40/outcome_miss_state_mse": 0.007981144836525511,
      "h40/outcome_partial_episode_count": 3,
      "h40/outcome_partial_final_state_mse": 0.0037697378813830854,
      "h40/outcome_partial_state_mse": 0.002891760558084725,
      "h40/outcome_success_episode_count": 3,
      "h40/outcome_success_final_state_mse": 0.0037525957998107463,
      "h40/outcome_success_state_mse": 0.0029116004900215497,
      "h40/state_mse": 0.004093661588781021,
      "h50/episode_count": 15,
      "h50/final_state_mse": 0.005529286503012663,
      "h50/outcome_drop_episode_count": 3,
      "h50/outcome_drop_final_state_mse": 0.0076455891716714,
      "h50/outcome_drop_state_mse": 0.0044068096509945935,
      "h50/outcome_jam_episode_count": 3,
      "h50/outcome_jam_final_state_mse": 0.004554447541439455,
      "h50/outcome_jam_state_mse": 0.0037134426092010698,
      "h50/outcome_miss_episode_count": 3,
      "h50/outcome_miss_final_state_mse": 0.007223823880837634,
      "h50/outcome_miss_state_mse": 0.0077299215279373465,
      "h50/outcome_partial_episode_count": 3,
      "h50/outcome_partial_final_state_mse": 0.004091648689282486,
      "h50/outcome_partial_state_mse": 0.0031334604313170986,
      "h50/outcome_success_episode_count": 3,
      "h50/outcome_success_final_state_mse": 0.0041309227935628955,
      "h50/outcome_success_state_mse": 0.003156389847300411,
      "h50/state_mse": 0.004428004844515931,
      "h75/episode_count": 15,
      "h75/final_state_mse": 0.00817682166504704,
      "h75/outcome_drop_episode_count": 3,
      "h75/outcome_drop_final_state_mse": 0.011304226770899654,
      "h75/outcome_drop_state_mse": 0.00574073899545441,
      "h75/outcome_jam_episode_count": 3,
      "h75/outcome_jam_final_state_mse": 0.007418014839583752,
      "h75/outcome_jam_state_mse": 0.0045888912392078145,
      "h75/outcome_miss_episode_count": 3,
      "h75/outcome_miss_final_state_mse": 0.005648969386527741,
      "h75/outcome_miss_state_mse": 0.0067317096652028865,
      "h75/outcome_partial_episode_count": 3,
      "h75/outcome_partial_final_state_mse": 0.006964856600449755,
      "h75/outcome_partial_state_mse": 0.004149581643231294,
      "h75/outcome_success_episode_count": 3,
      "h75/outcome_success_final_state_mse": 0.009548040971257329,
      "h75/outcome_success_state_mse": 0.004287229425766889,
      "h75/state_mse": 0.00509963065087146,
      "max_requested_horizon": 125,
      "reencode_period": 1,
      "rollout_mode": "periodic_1"
    },
    "periodic_10": {
      "episode_count": 15,
      "h10/episode_count": 15,
      "h10/final_state_mse": 0.003116257362116396,
      "h10/outcome_drop_episode_count": 3,
      "h10/outcome_drop_final_state_mse": 0.00216486054210881,
      "h10/outcome_drop_state_mse": 0.001499697897169325,
      "h10/outcome_jam_episode_count": 3,
      "h10/outcome_jam_final_state_mse": 0.0036327798479522753,
      "h10/outcome_jam_state_mse": 0.0021080297971862593,
      "h10/outcome_miss_episode_count": 3,
      "h10/outcome_miss_final_state_mse": 0.005380951209005966,
      "h10/outcome_miss_state_mse": 0.011494267064761492,
      "h10/outcome_partial_episode_count": 3,
      "h10/outcome_partial_final_state_mse": 0.002200796834978403,
      "h10/outcome_partial_state_mse": 0.0014175041633493761,
      "h10/outcome_success_episode_count": 3,
      "h10/outcome_success_final_state_mse": 0.0022018963799757115,
      "h10/outcome_success_state_mse": 0.0014267896125519197,
      "h10/state_mse": 0.0035892576329848345,
      "h100/episode_count": 15,
      "h100/final_state_mse": 0.0035684224047691994,
      "h100/outcome_drop_episode_count": 3,
      "h100/outcome_drop_final_state_mse": 0.003431197036715115,
      "h100/outcome_drop_state_mse": 0.0026926755593493093,
      "h100/outcome_jam_episode_count": 3,
      "h100/outcome_jam_final_state_mse": 0.004070219212497761,
      "h100/outcome_jam_state_mse": 0.0033183544757319433,
      "h100/outcome_miss_episode_count": 3,
      "h100/outcome_miss_final_state_mse": 0.003466402929203183,
      "h100/outcome_miss_state_mse": 0.003981512730417688,
      "h100/outcome_partial_episode_count": 3,
      "h100/outcome_partial_final_state_mse": 0.0025072451315674127,
      "h100/outcome_partial_state_mse": 0.00235622013316435,
      "h100/outcome_success_episode_count": 3,
      "h100/outcome_success_final_state_mse": 0.004367047470379499,
      "h100/outcome_success_state_mse": 0.0027015602510738995,
      "h100/state_mse": 0.003010064816942402,
      "h125/episode_count": 15,
      "h125/final_state_mse": 0.004139444251465642,
      "h125/outcome_drop_episode_count": 3,
      "h125/outcome_drop_final_state_mse": 0.004788076614632326,
      "h125/outcome_drop_state_mse": 0.00296586519129136,
      "h125/outcome_jam_episode_count": 3,
      "h125/outcome_jam_final_state_mse": 0.004824917690426696,
      "h125/outcome_jam_state_mse": 0.0035267365399528953,
      "h125/outcome_miss_episode_count": 3,
      "h125/outcome_miss_final_state_mse": 0.005083950126872343,
      "h125/outcome_miss_state_mse": 0.004062697566412633,
      "h125/outcome_partial_episode_count": 3,
      "h125/outcome_partial_final_state_mse": 0.0022390044592564403,
      "h125/outcome_partial_state_mse": 0.0023655469059165007,
      "h125/outcome_success_episode_count": 3,
      "h125/outcome_success_final_state_mse": 0.00376127336442081,
      "h125/outcome_success_state_mse": 0.0028708405837514044,
      "h125/state_mse": 0.00315833780126634,
      "h20/episode_count": 15,
      "h20/final_state_mse": 0.003250947029762019,
      "h20/outcome_drop_episode_count": 3,
      "h20/outcome_drop_final_state_mse": 0.0030438323426090815,
      "h20/outcome_drop_state_mse": 0.002045246978211247,
      "h20/outcome_jam_episode_count": 3,
      "h20/outcome_jam_final_state_mse": 0.0033241720273603803,
      "h20/outcome_jam_state_mse": 0.0026489951252158172,
      "h20/outcome_miss_episode_count": 3,
      "h20/outcome_miss_final_state_mse": 0.004184575836642895,
      "h20/outcome_miss_state_mse": 0.008190154873467739,
      "h20/outcome_partial_episode_count": 3,
      "h20/outcome_partial_final_state_mse": 0.0028788503624644934,
      "h20/outcome_partial_state_mse": 0.0019771116426567626,
      "h20/outcome_success_episode_count": 3,
      "h20/outcome_success_final_state_mse": 0.002823304579733244,
      "h20/outcome_success_state_mse": 0.0019764798723794275,
      "h20/state_mse": 0.0033675977918836805,
      "h30/episode_count": 15,
      "h30/final_state_mse": 0.0029686547572316687,
      "h30/outcome_drop_episode_count": 3,
      "h30/outcome_drop_final_state_mse": 0.0028001767357969595,
      "h30/outcome_drop_state_mse": 0.0022628771973071797,
      "h30/outcome_jam_episode_count": 3,
      "h30/outcome_jam_final_state_mse": 0.0031337059449915794,
      "h30/outcome_jam_state_mse": 0.0028582607219421784,
      "h30/outcome_miss_episode_count": 3,
      "h30/outcome_miss_final_state_mse": 0.0034617545947529913,
      "h30/outcome_miss_state_mse": 0.00665646960273028,
      "h30/outcome_partial_episode_count": 3,
      "h30/outcome_partial_final_state_mse": 0.002698018051245633,
      "h30/outcome_partial_state_mse": 0.0021982826438604617,
      "h30/outcome_success_episode_count": 3,
      "h30/outcome_success_final_state_mse": 0.0027496188002474166,
      "h30/outcome_success_state_mse": 0.0021957870662082514,
      "h30/state_mse": 0.0032343357061248978,
      "h40/episode_count": 15,
      "h40/final_state_mse": 0.002712517158657897,
      "h40/outcome_drop_episode_count": 3,
      "h40/outcome_drop_final_state_mse": 0.0024560026678384517,
      "h40/outcome_drop_state_mse": 0.0023621175803390203,
      "h40/outcome_jam_episode_count": 3,
      "h40/outcome_jam_final_state_mse": 0.0030589538559414983,
      "h40/outcome_jam_state_mse": 0.0028967364940767973,
      "h40/outcome_miss_episode_count": 3,
      "h40/outcome_miss_final_state_mse": 0.002431629676055285,
      "h40/outcome_miss_state_mse": 0.005609330632328208,
      "h40/outcome_partial_episode_count": 3,
      "h40/outcome_partial_final_state_mse": 0.0028165113302617293,
      "h40/outcome_partial_state_mse": 0.0022504530116623524,
      "h40/outcome_success_episode_count": 3,
      "h40/outcome_success_final_state_mse": 0.0027994883605857303,
      "h40/outcome_success_state_mse": 0.0022486338817995356,
      "h40/state_mse": 0.0030734542148565156,
      "h50/episode_count": 15,
      "h50/final_state_mse": 0.0027352513830646193,
      "h50/outcome_drop_episode_count": 3,
      "h50/outcome_drop_final_state_mse": 0.0027986998651541918,
      "h50/outcome_drop_state_mse": 0.0024710583530999477,
      "h50/outcome_jam_episode_count": 3,
      "h50/outcome_jam_final_state_mse": 0.0034620674217448514,
      "h50/outcome_jam_state_mse": 0.0029637479158787948,
      "h50/outcome_miss_episode_count": 3,
      "h50/outcome_miss_final_state_mse": 0.0024710614112467546,
      "h50/outcome_miss_state_mse": 0.004984870736115898,
      "h50/outcome_partial_episode_count": 3,
      "h50/outcome_partial_final_state_mse": 0.0024168489172178157,
      "h50/outcome_partial_state_mse": 0.0022870350819008023,
      "h50/outcome_success_episode_count": 3,
      "h50/outcome_success_final_state_mse": 0.0025275800791051653,
      "h50/outcome_success_state_mse": 0.0022913049560746336,
      "h50/state_mse": 0.00299960347094567,
      "h75/episode_count": 15,
      "h75/final_state_mse": 0.004247853335212258,
      "h75/outcome_drop_episode_count": 3,
      "h75/outcome_drop_final_state_mse": 0.003366536466903936,
      "h75/outcome_drop_state_mse": 0.0026071837680791718,
      "h75/outcome_jam_episode_count": 3,
      "h75/outcome_jam_final_state_mse": 0.005159060452498642,
      "h75/outcome_jam_state_mse": 0.0031670738253458393,
      "h75/outcome_miss_episode_count": 3,
      "h75/outcome_miss_final_state_mse": 0.004892838254473568,
      "h75/outcome_miss_state_mse": 0.004266417260263481,
      "h75/outcome_partial_episode_count": 3,
      "h75/outcome_partial_final_state_mse": 0.0032360918965994145,
      "h75/outcome_partial_state_mse": 0.0023846272445711956,
      "h75/outcome_success_episode_count": 3,
      "h75/outcome_success_final_state_mse": 0.004584740043855181,
      "h75/outcome_success_state_mse": 0.002451584053455095,
      "h75/state_mse": 0.002975377168011302,
      "max_requested_horizon": 125,
      "reencode_period": 10,
      "rollout_mode": "periodic_10"
    },
    "periodic_100": {
      "episode_count": 15,
      "h10/episode_count": 15,
      "h10/final_state_mse": 0.003116257362116396,
      "h10/outcome_drop_episode_count": 3,
      "h10/outcome_drop_final_state_mse": 0.00216486054210881,
      "h10/outcome_drop_state_mse": 0.001499697897169325,
      "h10/outcome_jam_episode_count": 3,
      "h10/outcome_jam_final_state_mse": 0.0036327798479522753,
      "h10/outcome_jam_state_mse": 0.0021080297971862593,
      "h10/outcome_miss_episode_count": 3,
      "h10/outcome_miss_final_state_mse": 0.005380951209005966,
      "h10/outcome_miss_state_mse": 0.011494267064761492,
      "h10/outcome_partial_episode_count": 3,
      "h10/outcome_partial_final_state_mse": 0.002200796834978403,
      "h10/outcome_partial_state_mse": 0.0014175041633493761,
      "h10/outcome_success_episode_count": 3,
      "h10/outcome_success_final_state_mse": 0.0022018963799757115,
      "h10/outcome_success_state_mse": 0.0014267896125519197,
      "h10/state_mse": 0.0035892576329848345,
      "h100/episode_count": 15,
      "h100/final_state_mse": 395831.2156862745,
      "h100/outcome_drop_episode_count": 3,
      "h100/outcome_drop_final_state_mse": 275999.42810457514,
      "h100/outcome_drop_state_mse": 11923.613856209151,
      "h100/outcome_jam_episode_count": 3,
      "h100/outcome_jam_final_state_mse": 296419.6535947712,
      "h100/outcome_jam_state_mse": 12779.567320261438,
      "h100/outcome_miss_episode_count": 3,
      "h100/outcome_miss_final_state_mse": 857070.6928104575,
      "h100/outcome_miss_state_mse": 41202.893594771245,
      "h100/outcome_partial_episode_count": 3,
      "h100/outcome_partial_final_state_mse": 272887.47385620914,
      "h100/outcome_partial_state_mse": 11837.678562091503,
      "h100/outcome_success_episode_count": 3,
      "h100/outcome_success_final_state_mse": 276778.7614379085,
      "h100/outcome_success_state_mse": 11974.166666666666,
      "h100/state_mse": 17943.583790849672,
      "h125/episode_count": 15,
      "h125/final_state_mse": 438618.4366013072,
      "h125/outcome_drop_episode_count": 3,
      "h125/outcome_drop_final_state_mse": 199416.23529411765,
      "h125/outcome_drop_state_mse": 18709.018352941177,
      "h125/outcome_jam_episode_count": 3,
      "h125/outcome_jam_final_state_mse": 220081.04248366013,
      "h125/outcome_jam_state_mse": 19775.895843137256,
      "h125/outcome_miss_episode_count": 3,
      "h125/outcome_miss_final_state_mse": 1371529.4379084967,
      "h125/outcome_miss_state_mse": 91448.7265882353,
      "h125/outcome_partial_episode_count": 3,
      "h125/outcome_partial_final_state_mse": 200751.66666666666,
      "h125/outcome_partial_state_mse": 18551.4122875817,
      "h125/outcome_success_episode_count": 3,
      "h125/outcome_success_final_state_mse": 201313.82352941178,
      "h125/outcome_success_state_mse": 18584.219607843137,
      "h125/state_mse": 33413.856209150326,
      "h20/episode_count": 15,
      "h20/final_state_mse": 0.009640410678838593,
      "h20/outcome_drop_episode_count": 3,
      "h20/outcome_drop_final_state_mse": 0.008882882548313514,
      "h20/outcome_drop_state_mse": 0.0034248229335336125,
      "h20/outcome_jam_episode_count": 3,
      "h20/outcome_jam_final_state_mse": 0.008709174745223102,
      "h20/outcome_jam_state_mse": 0.0038371176501504735,
      "h20/outcome_miss_episode_count": 3,
      "h20/outcome_miss_final_state_mse": 0.013362068171594656,
      "h20/outcome_miss_state_mse": 0.010064548916286893,
      "h20/outcome_partial_episode_count": 3,
      "h20/outcome_partial_final_state_mse": 0.008683450860914842,
      "h20/outcome_partial_state_mse": 0.0033268297419828527,
      "h20/outcome_success_episode_count": 3,
      "h20/outcome_success_final_state_mse": 0.00856447950297711,
      "h20/outcome_success_state_mse": 0.0033212827701194613,
      "h20/state_mse": 0.004794920379040288,
      "h30/episode_count": 15,
      "h30/final_state_mse": 0.035003726934295855,
      "h30/outcome_drop_episode_count": 3,
      "h30/outcome_drop_final_state_mse": 0.02903844912846883,
      "h30/outcome_drop_state_mse": 0.008281015934248116,
      "h30/outcome_jam_episode_count": 3,
      "h30/outcome_jam_final_state_mse": 0.029694153592477436,
      "h30/outcome_jam_state_mse": 0.008581278682534211,
      "h30/outcome_miss_episode_count": 3,
      "h30/outcome_miss_final_state_mse": 0.05818888408685821,
      "h30/outcome_miss_state_mse": 0.01761947498861741,
      "h30/outcome_partial_episode_count": 3,
      "h30/outcome_partial_final_state_mse": 0.028943662160362295,
      "h30/outcome_partial_state_mse": 0.008123495376187992,
      "h30/outcome_success_episode_count": 3,
      "h30/outcome_success_final_state_mse": 0.029153483755448285,
      "h30/outcome_success_state_mse": 0.008171585026909324,
      "h30/state_mse": 0.010155369710818355,
      "h40/episode_count": 15,
      "h40/final_state_mse": 0.2796457527509702,
      "h40/outcome_drop_episode_count": 3,
      "h40/outcome_drop_final_state_mse": 0.2115066441055996,
      "h40/outcome_drop_state_mse": 0.02948655676997565,
      "h40/outcome_jam_episode_count": 3,
      "h40/outcome_jam_final_state_mse": 0.24377735923318303,
      "h40/outcome_jam_state_mse": 0.03241768070295745,
      "h40/outcome_miss_episode_count": 3,
      "h40/outcome_miss_final_state_mse": 0.4830862930397582,
      "h40/outcome_miss_state_mse": 0.060803448296839896,
      "h40/outcome_partial_episode_count": 3,
      "h40/outcome_partial_final_state_mse": 0.22975325428582485,
      "h40/outcome_partial_state_mse": 0.03074224665274028,
      "h40/outcome_success_episode_count": 3,
      "h40/outcome_success_final_state_mse": 0.23010516322516147,
      "h40/outcome_success_state_mse": 0.030814290202521032,
      "h40/state_mse": 0.03685284383935866,
      "h50/episode_count": 15,
      "h50/final_state_mse": 4.0016279233047385,
      "h50/outcome_drop_episode_count": 3,
      "h50/outcome_drop_final_state_mse": 2.605802199419807,
      "h50/outcome_drop_state_mse": 0.24841162588082108,
      "h50/outcome_jam_episode_count": 3,
      "h50/outcome_jam_final_state_mse": 2.78676266140408,
      "h50/outcome_jam_state_mse": 0.2652077628740298,
      "h50/outcome_miss_episode_count": 3,
      "h50/outcome_miss_final_state_mse": 9.289439481847426,
      "h50/outcome_miss_state_mse": 0.7837348568984885,
      "h50/outcome_partial_episode_count": 3,
      "h50/outcome_partial_final_state_mse": 2.655518824758093,
      "h50/outcome_partial_state_mse": 0.2529260373583027,
      "h50/outcome_success_episode_count": 3,
      "h50/outcome_success_final_state_mse": 2.6706161748350055,
      "h50/outcome_success_state_mse": 0.25437966739430146,
      "h50/state_mse": 0.36093198529411763,
      "h75/episode_count": 15,
      "h75/final_state_mse": 1072.5339052287582,
      "h75/outcome_drop_episode_count": 3,
      "h75/outcome_drop_final_state_mse": 689.5659817963643,
      "h75/outcome_drop_state_mse": 47.07159449891068,
      "h75/outcome_jam_episode_count": 3,
      "h75/outcome_jam_final_state_mse": 701.5423177083334,
      "h75/outcome_jam_state_mse": 47.936603690087146,
      "h75/outcome_miss_episode_count": 3,
      "h75/outcome_miss_final_state_mse": 2577.1499183006536,
      "h75/outcome_miss_state_mse": 171.2050108932462,
      "h75/outcome_partial_episode_count": 3,
      "h75/outcome_partial_final_state_mse": 696.1658018024918,
      "h75/outcome_partial_state_mse": 47.1516418164488,
      "h75/outcome_success_episode_count": 3,
      "h75/outcome_success_final_state_mse": 698.2455575980392,
      "h75/outcome_success_state_mse": 47.31678342864924,
      "h75/state_mse": 72.1363311546841,
      "max_requested_horizon": 125,
      "reencode_period": 100,
      "rollout_mode": "periodic_100"
    },
    "periodic_2": {
      "episode_count": 15,
      "h10/episode_count": 15,
      "h10/final_state_mse": 0.0027821385003382864,
      "h10/outcome_drop_episode_count": 3,
      "h10/outcome_drop_final_state_mse": 0.0017183436190380769,
      "h10/outcome_drop_state_mse": 0.0014987281334945578,
      "h10/outcome_jam_episode_count": 3,
      "h10/outcome_jam_final_state_mse": 0.002573028352915072,
      "h10/outcome_jam_state_mse": 0.0020149057986689548,
      "h10/outcome_miss_episode_count": 3,
      "h10/outcome_miss_final_state_mse": 0.006313515352267845,
      "h10/outcome_miss_state_mse": 0.011905130062227934,
      "h10/outcome_partial_episode_count": 3,
      "h10/outcome_partial_final_state_mse": 0.0016374351590677024,
      "h10/outcome_partial_state_mse": 0.001385442474309136,
      "h10/outcome_success_episode_count": 3,
      "h10/outcome_success_final_state_mse": 0.0016683693366502624,
      "h10/outcome_success_state_mse": 0.0014048095427307429,
      "h10/state_mse": 0.0036418032178691787,
      "h100/episode_count": 15,
      "h100/final_state_mse": 0.004450317145952213,
      "h100/outcome_drop_episode_count": 3,
      "h100/outcome_drop_final_state_mse": 0.005227888672569998,
      "h100/outcome_drop_state_mse": 0.0040526193730971395,
      "h100/outcome_jam_episode_count": 3,
      "h100/outcome_jam_final_state_mse": 0.0030803604940183803,
      "h100/outcome_jam_state_mse": 0.0033810801287881688,
      "h100/outcome_miss_episode_count": 3,
      "h100/outcome_miss_final_state_mse": 0.006325744579430499,
      "h100/outcome_miss_state_mse": 0.0044057128008674175,
      "h100/outcome_partial_episode_count": 3,
      "h100/outcome_partial_final_state_mse": 0.004620137167911904,
      "h100/outcome_partial_state_mse": 0.0029843415154351127,
      "h100/outcome_success_episode_count": 3,
      "h100/outcome_success_final_state_mse": 0.0029974548158302806,
      "h100/outcome_success_state_mse": 0.0029396716597812626,
      "h100/state_mse": 0.0035526849085988563,
      "h125/episode_count": 15,
      "h125/final_state_mse": 0.007860489764244728,
      "h125/outcome_drop_episode_count": 3,
      "h125/outcome_drop_final_state_mse": 0.005628588469394671,
      "h125/outcome_drop_state_mse": 0.004259642258189083,
      "h125/outcome_jam_episode_count": 3,
      "h125/outcome_jam_final_state_mse": 0.0043282487910557416,
      "h125/outcome_jam_state_mse": 0.0035495969984266494,
      "h125/outcome_miss_episode_count": 3,
      "h125/outcome_miss_final_state_mse": 0.021544857011511435,
      "h125/outcome_miss_state_mse": 0.006430918275920394,
      "h125/outcome_partial_episode_count": 3,
      "h125/outcome_partial_final_state_mse": 0.0039467005655656456,
      "h125/outcome_partial_state_mse": 0.0032163409064797795,
      "h125/outcome_success_episode_count": 3,
      "h125/outcome_success_final_state_mse": 0.003854055128066368,
      "h125/outcome_success_state_mse": 0.003030252892986622,
      "h125/state_mse": 0.004097350515727124,
      "h20/episode_count": 15,
      "h20/final_state_mse": 0.003268736172345729,
      "h20/outcome_drop_episode_count": 3,
      "h20/outcome_drop_final_state_mse": 0.0031392884264194888,
      "h20/outcome_drop_state_mse": 0.0019207738193811154,
      "h20/outcome_jam_episode_count": 3,
      "h20/outcome_jam_final_state_mse": 0.0032067116763856676,
      "h20/outcome_jam_state_mse": 0.002428758845609777,
      "h20/outcome_miss_episode_count": 3,
      "h20/outcome_miss_final_state_mse": 0.004351258131803251,
      "h20/outcome_miss_state_mse": 0.008826116331262526,
      "h20/outcome_partial_episode_count": 3,
      "h20/outcome_partial_final_state_mse": 0.002826135970798193,
      "h20/outcome_partial_state_mse": 0.0018297332174637738,
      "h20/outcome_success_episode_count": 3,
      "h20/outcome_success_final_state_mse": 0.0028202865589288324,
      "h20/outcome_success_state_mse": 0.001854643712635913,
      "h20/state_mse": 0.003372005387848499,
      "h30/episode_count": 15,
      "h30/final_state_mse": 0.0028129777098013686,
      "h30/outcome_drop_episode_count": 3,
      "h30/outcome_drop_final_state_mse": 0.0027169154263010213,
      "h30/outcome_drop_state_mse": 0.002234664825572427,
      "h30/outcome_jam_episode_count": 3,
      "h30/outcome_jam_final_state_mse": 0.003263921227330476,
      "h30/outcome_jam_state_mse": 0.0027616737714779922,
      "h30/outcome_miss_episode_count": 3,
      "h30/outcome_miss_final_state_mse": 0.0025894939412478527,
      "h30/outcome_miss_state_mse": 0.006988444982790479,
      "h30/outcome_partial_episode_count": 3,
      "h30/outcome_partial_final_state_mse": 0.002706458658174752,
      "h30/outcome_partial_state_mse": 0.00215743159416714,
      "h30/outcome_success_episode_count": 3,
      "h30/outcome_success_final_state_mse": 0.002788098687245176,
      "h30/outcome_success_state_mse": 0.0021830259065482613,
      "h30/state_mse": 0.0032650480914479508,
      "h40/episode_count": 15,
      "h40/final_state_mse": 0.0028716336667927262,
      "h40/outcome_drop_episode_count": 3,
      "h40/outcome_drop_final_state_mse": 0.0035211241810150394,
      "h40/outcome_drop_state_mse": 0.0024754744729185416,
      "h40/outcome_jam_episode_count": 3,
      "h40/outcome_jam_final_state_mse": 0.0026889869492817547,
      "h40/outcome_jam_state_mse": 0.0028243013456755992,
      "h40/outcome_miss_episode_count": 3,
      "h40/outcome_miss_final_state_mse": 0.002956807467282987,
      "h40/outcome_miss_state_mse": 0.005991391886293498,
      "h40/outcome_partial_episode_count": 3,
      "h40/outcome_partial_final_state_mse": 0.0026098563293226406,
      "h40/outcome_partial_state_mse": 0.0022592999966315973,
      "h40/outcome_success_episode_count": 3,
      "h40/outcome_success_final_state_mse": 0.002581393796634051,
      "h40/outcome_success_state_mse": 0.0022811164653379155,
      "h40/state_mse": 0.0031663169112859987,
      "h50/episode_count": 15,
      "h50/final_state_mse": 0.0032398644615622128,
      "h50/outcome_drop_episode_count": 3,
      "h50/outcome_drop_final_state_mse": 0.0047436414493454825,
      "h50/outcome_drop_state_mse": 0.0030346445943795,
      "h50/outcome_jam_episode_count": 3,
      "h50/outcome_jam_final_state_mse": 0.0033979972982718276,
      "h50/outcome_jam_state_mse": 0.0029439276651619306,
      "h50/outcome_miss_episode_count": 3,
      "h50/outcome_miss_final_state_mse": 0.00282780046946083,
      "h50/outcome_miss_state_mse": 0.005397202984180326,
      "h50/outcome_partial_episode_count": 3,
      "h50/outcome_partial_final_state_mse": 0.002584538282522189,
      "h50/outcome_partial_state_mse": 0.002347010693518944,
      "h50/outcome_success_episode_count": 3,
      "h50/outcome_success_final_state_mse": 0.0026453459769292596,
      "h50/outcome_success_state_mse": 0.00237051465152915,
      "h50/state_mse": 0.0032186600429559846,
      "h75/episode_count": 15,
      "h75/final_state_mse": 0.005517502703697853,
      "h75/outcome_drop_episode_count": 3,
      "h75/outcome_drop_final_state_mse": 0.0063589651113242105,
      "h75/outcome_drop_state_mse": 0.0038915768791647517,
      "h75/outcome_jam_episode_count": 3,
      "h75/outcome_jam_final_state_mse": 0.005697652502776751,
      "h75/outcome_jam_state_mse": 0.003309356465059168,
      "h75/outcome_miss_episode_count": 3,
      "h75/outcome_miss_final_state_mse": 0.004905221289863773,
      "h75/outcome_miss_state_mse": 0.004623136582717397,
      "h75/outcome_partial_episode_count": 3,
      "h75/outcome_partial_final_state_mse": 0.004544754676959094,
      "h75/outcome_partial_state_mse": 0.0026673183981369784,
      "h75/outcome_success_episode_count": 3,
      "h75/outcome_success_final_state_mse": 0.006080920546273001,
      "h75/outcome_success_state_mse": 0.0027487224171623944,
      "h75/state_mse": 0.0034480222481787855,
      "max_requested_horizon": 125,
      "reencode_period": 2,
      "rollout_mode": "periodic_2"
    },
    "periodic_20": {
      "episode_count": 15,
      "h10/episode_count": 15,
      "h10/final_state_mse": 0.003116257362116396,
      "h10/outcome_drop_episode_count": 3,
      "h10/outcome_drop_final_state_mse": 0.00216486054210881,
      "h10/outcome_drop_state_mse": 0.001499697897169325,
      "h10/outcome_jam_episode_count": 3,
      "h10/outcome_jam_final_state_mse": 0.0036327798479522753,
      "h10/outcome_jam_state_mse": 0.0021080297971862593,
      "h10/outcome_miss_episode_count": 3,
      "h10/outcome_miss_final_state_mse": 0.005380951209005966,
      "h10/outcome_miss_state_mse": 0.011494267064761492,
      "h10/outcome_partial_episode_count": 3,
      "h10/outcome_partial_final_state_mse": 0.002200796834978403,
      "h10/outcome_partial_state_mse": 0.0014175041633493761,
      "h10/outcome_success_episode_count": 3,
      "h10/outcome_success_final_state_mse": 0.0022018963799757115,
      "h10/outcome_success_state_mse": 0.0014267896125519197,
      "h10/state_mse": 0.0035892576329848345,
      "h100/episode_count": 15,
      "h100/final_state_mse": 0.01433103972790288,
      "h100/outcome_drop_episode_count": 3,
      "h100/outcome_drop_final_state_mse": 0.009892210072162105,
      "h100/outcome_drop_state_mse": 0.0055233237322639015,
      "h100/outcome_jam_episode_count": 3,
      "h100/outcome_jam_final_state_mse": 0.015874934352301303,
      "h100/outcome_jam_state_mse": 0.0072761857275869335,
      "h100/outcome_miss_episode_count": 3,
      "h100/outcome_miss_final_state_mse": 0.019120698660806894,
      "h100/outcome_miss_state_mse": 0.0098499657126034,
      "h100/outcome_partial_episode_count": 3,
      "h100/outcome_partial_final_state_mse": 0.01098524511250016,
      "h100/outcome_partial_state_mse": 0.0060664953593335125,
      "h100/outcome_success_episode_count": 3,
      "h100/outcome_success_final_state_mse": 0.015782111610462463,
      "h100/outcome_success_state_mse": 0.006751000896777982,
      "h100/state_mse": 0.007093394161049837,
      "h125/episode_count": 15,
      "h125/final_state_mse": 0.007377077239790773,
      "h125/outcome_drop_episode_count": 3,
      "h125/outcome_drop_final_state_mse": 0.004878251137686711,
      "h125/outcome_drop_state_mse": 0.005837115119485294,
      "h125/outcome_jam_episode_count": 3,
      "h125/outcome_jam_final_state_mse": 0.007121719760832443,
      "h125/outcome_jam_state_mse": 0.007760775696997549,
      "h125/outcome_miss_episode_count": 3,
      "h125/outcome_miss_final_state_mse": 0.01306631226165622,
      "h125/outcome_miss_state_mse": 0.010631566664751839,
      "h125/outcome_partial_episode_count": 3,
      "h125/outcome_partial_final_state_mse": 0.005278237602289985,
      "h125/outcome_partial_state_mse": 0.006048677731183619,
      "h125/outcome_success_episode_count": 3,
      "h125/outcome_success_final_state_mse": 0.006540869186127108,
      "h125/outcome_success_state_mse": 0.007350543452244179,
      "h125/state_mse": 0.007525735932393791,
      "h20/episode_count": 15,
      "h20/final_state_mse": 0.009640410678838593,
      "h20/outcome_drop_episode_count": 3,
      "h20/outcome_drop_final_state_mse": 0.008882882548313514,
      "h20/outcome_drop_state_mse": 0.0034248229335336125,
      "h20/outcome_jam_episode_count": 3,
      "h20/outcome_jam_final_state_mse": 0.008709174745223102,
      "h20/outcome_jam_state_mse": 0.0038371176501504735,
      "h20/outcome_miss_episode_count": 3,
      "h20/outcome_miss_final_state_mse": 0.013362068171594656,
      "h20/outcome_miss_state_mse": 0.010064548916286893,
      "h20/outcome_partial_episode_count": 3,
      "h20/outcome_partial_final_state_mse": 0.008683450860914842,
      "h20/outcome_partial_state_mse": 0.0033268297419828527,
      "h20/outcome_success_episode_count": 3,
      "h20/outcome_success_final_state_mse": 0.00856447950297711,
      "h20/outcome_success_state_mse": 0.0033212827701194613,
      "h20/state_mse": 0.004794920379040288,
      "h30/episode_count": 15,
      "h30/final_state_mse": 0.0048771858215332035,
      "h30/outcome_drop_episode_count": 3,
      "h30/outcome_drop_final_state_mse": 0.004619106699049083,
      "h30/outcome_drop_state_mse": 0.0037967450218782447,
      "h30/outcome_jam_episode_count": 3,
      "h30/outcome_jam_final_state_mse": 0.004719779187557744,
      "h30/outcome_jam_state_mse": 0.004215886805831477,
      "h30/outcome_miss_episode_count": 3,
      "h30/outcome_miss_final_state_mse": 0.006325174975239374,
      "h30/outcome_miss_state_mse": 0.00871254052471751,
      "h30/outcome_partial_episode_count": 3,
      "h30/outcome_partial_final_state_mse": 0.0043266559250993665,
      "h30/outcome_partial_state_mse": 0.003679949733426628,
      "h30/outcome_success_episode_count": 3,
      "h30/outcome_success_final_state_mse": 0.0043952119311476065,
      "h30/outcome_success_state_mse": 0.0036794126163640574,
      "h30/state_mse": 0.004816907163798679,
      "h40/episode_count": 15,
      "h40/final_state_mse": 0.010638306810964946,
      "h40/outcome_drop_episode_count": 3,
      "h40/outcome_drop_final_state_mse": 0.00862284929923762,
      "h40/outcome_drop_state_mse": 0.0045681131821052705,
      "h40/outcome_jam_episode_count": 3,
      "h40/outcome_jam_final_state_mse": 0.010875427255443498,
      "h40/outcome_jam_state_mse": 0.005168896251254612,
      "h40/outcome_miss_episode_count": 3,
      "h40/outcome_miss_final_state_mse": 0.01147405608417162,
      "h40/outcome_miss_state_mse": 0.008795656721576367,
      "h40/outcome_partial_episode_count": 3,
      "h40/outcome_partial_final_state_mse": 0.010975648764691322,
      "h40/outcome_partial_state_mse": 0.004606940504772211,
      "h40/outcome_success_episode_count": 3,
      "h40/outcome_success_final_state_mse": 0.011243553333033144,
      "h40/outcome_success_state_mse": 0.004636629889993107,
      "h40/state_mse": 0.005555247387854881,
      "h50/episode_count": 15,
      "h50/final_state_mse": 0.00557712854123583,
      "h50/outcome_drop_episode_count": 3,
      "h50/outcome_drop_final_state_mse": 0.004846536353522656,
      "h50/outcome_drop_state_mse": 0.00480994854098052,
      "h50/outcome_jam_episode_count": 3,
      "h50/outcome_jam_final_state_mse": 0.006323147808609445,
      "h50/outcome_jam_state_mse": 0.005215272841110728,
      "h50/outcome_miss_episode_count": 3,
      "h50/outcome_miss_final_state_mse": 0.00584280705140307,
      "h50/outcome_miss_state_mse": 0.007876443800583385,
      "h50/outcome_partial_episode_count": 3,
      "h50/outcome_partial_final_state_mse": 0.005359874003463321,
      "h50/outcome_partial_state_mse": 0.0046524098963519325,
      "h50/outcome_success_episode_count": 3,
      "h50/outcome_success_final_state_mse": 0.00551327899877542,
      "h50/outcome_success_state_mse": 0.0046958133597779115,
      "h50/state_mse": 0.0054499778996885215,
      "h75/episode_count": 15,
      "h75/final_state_mse": 0.009241311067070056,
      "h75/outcome_drop_episode_count": 3,
      "h75/outcome_drop_final_state_mse": 0.0057036491975285646,
      "h75/outcome_drop_state_mse": 0.005253876413914633,
      "h75/outcome_jam_episode_count": 3,
      "h75/outcome_jam_final_state_mse": 0.010806349173090816,
      "h75/outcome_jam_state_mse": 0.0061579772849488104,
      "h75/outcome_miss_episode_count": 3,
      "h75/outcome_miss_final_state_mse": 0.01174969727696936,
      "h75/outcome_miss_state_mse": 0.00900499032213797,
      "h75/outcome_partial_episode_count": 3,
      "h75/outcome_partial_final_state_mse": 0.00861625636325163,
      "h75/outcome_partial_state_mse": 0.005440120406140429,
      "h75/outcome_success_episode_count": 3,
      "h75/outcome_success_final_state_mse": 0.009330601863611758,
      "h75/outcome_success_state_mse": 0.005531679623007515,
      "h75/state_mse": 0.006277728311376634,
      "max_requested_horizon": 125,
      "reencode_period": 20,
      "rollout_mode": "periodic_20"
    },
    "periodic_5": {
      "episode_count": 15,
      "h10/episode_count": 15,
      "h10/final_state_mse": 0.002562122718960631,
      "h10/outcome_drop_episode_count": 3,
      "h10/outcome_drop_final_state_mse": 0.0017592314070735882,
      "h10/outcome_drop_state_mse": 0.0014272986479054869,
      "h10/outcome_jam_episode_count": 3,
      "h10/outcome_jam_final_state_mse": 0.002810426884227329,
      "h10/outcome_jam_state_mse": 0.001998036203820721,
      "h10/outcome_miss_episode_count": 3,
      "h10/outcome_miss_final_state_mse": 0.004710071908882241,
      "h10/outcome_miss_state_mse": 0.011392703710817824,
      "h10/outcome_partial_episode_count": 3,
      "h10/outcome_partial_final_state_mse": 0.001744261291486765,
      "h10/outcome_partial_state_mse": 0.0013405132137872034,
      "h10/outcome_success_episode_count": 3,
      "h10/outcome_success_final_state_mse": 0.0017866223466162588,
      "h10/outcome_success_state_mse": 0.0013613425438700158,
      "h10/state_mse": 0.003503978704315385,
      "h100/episode_count": 15,
      "h100/final_state_mse": 0.0029053741031222872,
      "h100/outcome_drop_episode_count": 3,
      "h100/outcome_drop_final_state_mse": 0.0031700866430803064,
      "h100/outcome_drop_state_mse": 0.0026851395376367507,
      "h100/outcome_jam_episode_count": 3,
      "h100/outcome_jam_final_state_mse": 0.0031434243508413726,
      "h100/outcome_jam_state_mse": 0.0030443685818341824,
      "h100/outcome_miss_episode_count": 3,
      "h100/outcome_miss_final_state_mse": 0.002998439753367231,
      "h100/outcome_miss_state_mse": 0.003905369253719554,
      "h100/outcome_partial_episode_count": 3,
      "h100/outcome_partial_final_state_mse": 0.002390776292171354,
      "h100/outcome_partial_state_mse": 0.0021760761348250646,
      "h100/outcome_success_episode_count": 3,
      "h100/outcome_success_final_state_mse": 0.0028241445718247904,
      "h100/outcome_success_state_mse": 0.002365355242311565,
      "h100/state_mse": 0.0028352617251327615,
      "h125/episode_count": 15,
      "h125/final_state_mse": 0.0037079630334392872,
      "h125/outcome_drop_episode_count": 3,
      "h125/outcome_drop_final_state_mse": 0.004332751522656359,
      "h125/outcome_drop_state_mse": 0.002899658751643561,
      "h125/outcome_jam_episode_count": 3,
      "h125/outcome_jam_final_state_mse": 0.004625720623271917,
      "h125/outcome_jam_state_mse": 0.0032593819113338695,
      "h125/outcome_miss_episode_count": 3,
      "h125/outcome_miss_final_state_mse": 0.004089774308251399,
      "h125/outcome_miss_state_mse": 0.003878533656301062,
      "h125/outcome_partial_episode_count": 3,
      "h125/outcome_partial_final_state_mse": 0.0022990379263372984,
      "h125/outcome_partial_state_mse": 0.0022524682337941686,
      "h125/outcome_success_episode_count": 3,
      "h125/outcome_success_final_state_mse": 0.0031925318580047755,
      "h125/outcome_success_state_mse": 0.0024975322648590685,
      "h125/state_mse": 0.0029575147441789217,
      "h20/episode_count": 15,
      "h20/final_state_mse": 0.0026098871542737374,
      "h20/outcome_drop_episode_count": 3,
      "h20/outcome_drop_final_state_mse": 0.0024415965563331556,
      "h20/outcome_drop_state_mse": 0.0017807547952614579,
      "h20/outcome_jam_episode_count": 3,
      "h20/outcome_jam_final_state_mse": 0.002646360814181808,
      "h20/outcome_jam_state_mse": 0.002365567169937433,
      "h20/outcome_miss_episode_count": 3,
      "h20/outcome_miss_final_state_mse": 0.0036229638297573413,
      "h20/outcome_miss_state_mse": 0.008003635655820759,
      "h20/outcome_partial_episode_count": 3,
      "h20/outcome_partial_final_state_mse": 0.0021591883615341063,
      "h20/outcome_partial_state_mse": 0.0017042825424593258,
      "h20/outcome_success_episode_count": 3,
      "h20/outcome_success_final_state_mse": 0.0021793261608656716,
      "h20/outcome_success_state_mse": 0.0017333336515364304,
      "h20/state_mse": 0.00311751471625434,
      "h30/episode_count": 15,
      "h30/final_state_mse": 0.002084052328969918,
      "h30/outcome_drop_episode_count": 3,
      "h30/outcome_drop_final_state_mse": 0.0019544260028530568,
      "h30/outcome_drop_state_mse": 0.0019241564154365224,
      "h30/outcome_jam_episode_count": 3,
      "h30/outcome_jam_final_state_mse": 0.002289870814755072,
      "h30/outcome_jam_state_mse": 0.0025017549269599334,
      "h30/outcome_miss_episode_count": 3,
      "h30/outcome_miss_final_state_mse": 0.0023207274916904426,
      "h30/outcome_miss_state_mse": 0.006340873007680855,
      "h30/outcome_partial_episode_count": 3,
      "h30/outcome_partial_final_state_mse": 0.001902009926590265,
      "h30/outcome_partial_state_mse": 0.0018422252472189776,
      "h30/outcome_success_episode_count": 3,
      "h30/outcome_success_final_state_mse": 0.0019532269950396095,
      "h30/outcome_success_state_mse": 0.001867997646331787,
      "h30/state_mse": 0.0028954014331427015,
      "h40/episode_count": 15,
      "h40/final_state_mse": 0.002034139944836984,
      "h40/outcome_drop_episode_count": 3,
      "h40/outcome_drop_final_state_mse": 0.002052567607047511,
      "h40/outcome_drop_state_mse": 0.0020463278091031743,
      "h40/outcome_jam_episode_count": 3,
      "h40/outcome_jam_final_state_mse": 0.0019733218196170783,
      "h40/outcome_jam_state_mse": 0.002496138857860191,
      "h40/outcome_miss_episode_count": 3,
      "h40/outcome_miss_final_state_mse": 0.002371005762636272,
      "h40/outcome_miss_state_mse": 0.005428574054069768,
      "h40/outcome_partial_episode_count": 3,
      "h40/outcome_partial_final_state_mse": 0.0018842191818882437,
      "h40/outcome_partial_state_mse": 0.0018695710336460788,
      "h40/outcome_success_episode_count": 3,
      "h40/outcome_success_final_state_mse": 0.0018895853286475138,
      "h40/outcome_success_state_mse": 0.001893701837732901,
      "h40/state_mse": 0.0027468627730226204,
      "h50/episode_count": 15,
      "h50/final_state_mse": 0.0023408755757450277,
      "h50/outcome_drop_episode_count": 3,
      "h50/outcome_drop_final_state_mse": 0.002428048625101451,
      "h50/outcome_drop_state_mse": 0.002250631276298972,
      "h50/outcome_jam_episode_count": 3,
      "h50/outcome_jam_final_state_mse": 0.003051291299022101,
      "h50/outcome_jam_state_mse": 0.002570449542375951,
      "h50/outcome_miss_episode_count": 3,
      "h50/outcome_miss_final_state_mse": 0.0022582781860251834,
      "h50/outcome_miss_state_mse": 0.004867587744020949,
      "h50/outcome_partial_episode_count": 3,
      "h50/outcome_partial_final_state_mse": 0.0019403256573318655,
      "h50/outcome_partial_state_mse": 0.0019061072355781505,
      "h50/outcome_success_episode_count": 3,
      "h50/outcome_success_final_state_mse": 0.002026434330379262,
      "h50/outcome_success_state_mse": 0.0019316187403560464,
      "h50/state_mse": 0.002705278982523999,
      "h75/episode_count": 15,
      "h75/final_state_mse": 0.004077922284992692,
      "h75/outcome_drop_episode_count": 3,
      "h75/outcome_drop_final_state_mse": 0.003535236165024876,
      "h75/outcome_drop_state_mse": 0.002556923884971469,
      "h75/outcome_jam_episode_count": 3,
      "h75/outcome_jam_final_state_mse": 0.004820994058855219,
      "h75/outcome_jam_state_mse": 0.002883128081012136,
      "h75/outcome_miss_episode_count": 3,
      "h75/outcome_miss_final_state_mse": 0.0043665155086642,
      "h75/outcome_miss_state_mse": 0.004175684893572772,
      "h75/outcome_partial_episode_count": 3,
      "h75/outcome_partial_final_state_mse": 0.003270797285379148,
      "h75/outcome_partial_state_mse": 0.0021344996433632045,
      "h75/outcome_success_episode_count": 3,
      "h75/outcome_success_final_state_mse": 0.004396066556569018,
      "h75/outcome_success_state_mse": 0.0022071885750963795,
      "h75/state_mse": 0.002791484757965686,
      "max_requested_horizon": 125,
      "reencode_period": 5,
      "rollout_mode": "periodic_5"
    },
    "periodic_50": {
      "episode_count": 15,
      "h10/episode_count": 15,
      "h10/final_state_mse": 0.003116257362116396,
      "h10/outcome_drop_episode_count": 3,
      "h10/outcome_drop_final_state_mse": 0.00216486054210881,
      "h10/outcome_drop_state_mse": 0.001499697897169325,
      "h10/outcome_jam_episode_count": 3,
      "h10/outcome_jam_final_state_mse": 0.0036327798479522753,
      "h10/outcome_jam_state_mse": 0.0021080297971862593,
      "h10/outcome_miss_episode_count": 3,
      "h10/outcome_miss_final_state_mse": 0.005380951209005966,
      "h10/outcome_miss_state_mse": 0.011494267064761492,
      "h10/outcome_partial_episode_count": 3,
      "h10/outcome_partial_final_state_mse": 0.002200796834978403,
      "h10/outcome_partial_state_mse": 0.0014175041633493761,
      "h10/outcome_success_episode_count": 3,
      "h10/outcome_success_final_state_mse": 0.0022018963799757115,
      "h10/outcome_success_state_mse": 0.0014267896125519197,
      "h10/state_mse": 0.0035892576329848345,
      "h100/episode_count": 15,
      "h100/final_state_mse": 1012.5093137254902,
      "h100/outcome_drop_episode_count": 3,
      "h100/outcome_drop_final_state_mse": 809.5947840073529,
      "h100/outcome_drop_state_mse": 37.35135110294117,
      "h100/outcome_jam_episode_count": 3,
      "h100/outcome_jam_final_state_mse": 794.8590558619281,
      "h100/outcome_jam_state_mse": 36.31499540441177,
      "h100/outcome_miss_episode_count": 3,
      "h100/outcome_miss_final_state_mse": 1859.0412581699347,
      "h100/outcome_miss_state_mse": 95.53570465686275,
      "h100/outcome_partial_episode_count": 3,
      "h100/outcome_partial_final_state_mse": 799.6193321078431,
      "h100/outcome_partial_state_mse": 37.04414828431373,
      "h100/outcome_success_episode_count": 3,
      "h100/outcome_success_final_state_mse": 799.4322150735294,
      "h100/outcome_success_state_mse": 36.965273692810456,
      "h100/state_mse": 48.64229411764706,
      "h125/episode_count": 15,
      "h125/final_state_mse": 555.2571895424836,
      "h125/outcome_drop_episode_count": 3,
      "h125/outcome_drop_final_state_mse": 493.43069597630716,
      "h125/outcome_drop_state_mse": 60.48093055555555,
      "h125/outcome_jam_episode_count": 3,
      "h125/outcome_jam_final_state_mse": 470.00031275531046,
      "h125/outcome_jam_state_mse": 58.59015767973856,
      "h125/outcome_miss_episode_count": 3,
      "h125/outcome_miss_final_state_mse": 779.8698427287582,
      "h125/outcome_miss_state_mse": 115.58728921568627,
      "h125/outcome_partial_episode_count": 3,
      "h125/outcome_partial_final_state_mse": 516.5560597937091,
      "h125/outcome_partial_state_mse": 61.3848137254902,
      "h125/outcome_success_episode_count": 3,
      "h125/outcome_success_final_state_mse": 516.429074754902,
      "h125/outcome_success_state_mse": 61.359539215686276,
      "h125/state_mse": 71.48054901960785,
      "h20/episode_count": 15,
      "h20/final_state_mse": 0.009640410678838593,
      "h20/outcome_drop_episode_count": 3,
      "h20/outcome_drop_final_state_mse": 0.008882882548313514,
      "h20/outcome_drop_state_mse": 0.0034248229335336125,
      "h20/outcome_jam_episode_count": 3,
      "h20/outcome_jam_final_state_mse": 0.008709174745223102,
      "h20/outcome_jam_state_mse": 0.0038371176501504735,
      "h20/outcome_miss_episode_count": 3,
      "h20/outcome_miss_final_state_mse": 0.013362068171594656,
      "h20/outcome_miss_state_mse": 0.010064548916286893,
      "h20/outcome_partial_episode_count": 3,
      "h20/outcome_partial_final_state_mse": 0.008683450860914842,
      "h20/outcome_partial_state_mse": 0.0033268297419828527,
      "h20/outcome_success_episode_count": 3,
      "h20/outcome_success_final_state_mse": 0.00856447950297711,
      "h20/outcome_success_state_mse": 0.0033212827701194613,
      "h20/state_mse": 0.004794920379040288,
      "h30/episode_count": 15,
      "h30/final_state_mse": 0.035003726934295855,
      "h30/outcome_drop_episode_count": 3,
      "h30/outcome_drop_final_state_mse": 0.02903844912846883,
      "h30/outcome_drop_state_mse": 0.008281015934248116,
      "h30/outcome_jam_episode_count": 3,
      "h30/outcome_jam_final_state_mse": 0.029694153592477436,
      "h30/outcome_jam_state_mse": 0.008581278682534211,
      "h30/outcome_miss_episode_count": 3,
      "h30/outcome_miss_final_state_mse": 0.05818888408685821,
      "h30/outcome_miss_state_mse": 0.01761947498861741,
      "h30/outcome_partial_episode_count": 3,
      "h30/outcome_partial_final_state_mse": 0.028943662160362295,
      "h30/outcome_partial_state_mse": 0.008123495376187992,
      "h30/outcome_success_episode_count": 3,
      "h30/outcome_success_final_state_mse": 0.029153483755448285,
      "h30/outcome_success_state_mse": 0.008171585026909324,
      "h30/state_mse": 0.010155369710818355,
      "h40/episode_count": 15,
      "h40/final_state_mse": 0.2796457527509702,
      "h40/outcome_drop_episode_count": 3,
      "h40/outcome_drop_final_state_mse": 0.2115066441055996,
      "h40/outcome_drop_state_mse": 0.02948655676997565,
      "h40/outcome_jam_episode_count": 3,
      "h40/outcome_jam_final_state_mse": 0.24377735923318303,
      "h40/outcome_jam_state_mse": 0.03241768070295745,
      "h40/outcome_miss_episode_count": 3,
      "h40/outcome_miss_final_state_mse": 0.4830862930397582,
      "h40/outcome_miss_state_mse": 0.060803448296839896,
      "h40/outcome_partial_episode_count": 3,
      "h40/outcome_partial_final_state_mse": 0.22975325428582485,
      "h40/outcome_partial_state_mse": 0.03074224665274028,
      "h40/outcome_success_episode_count": 3,
      "h40/outcome_success_final_state_mse": 0.23010516322516147,
      "h40/outcome_success_state_mse": 0.030814290202521032,
      "h40/state_mse": 0.03685284383935866,
      "h50/episode_count": 15,
      "h50/final_state_mse": 4.0016279233047385,
      "h50/outcome_drop_episode_count": 3,
      "h50/outcome_drop_final_state_mse": 2.605802199419807,
      "h50/outcome_drop_state_mse": 0.24841162588082108,
      "h50/outcome_jam_episode_count": 3,
      "h50/outcome_jam_final_state_mse": 2.78676266140408,
      "h50/outcome_jam_state_mse": 0.2652077628740298,
      "h50/outcome_miss_episode_count": 3,
      "h50/outcome_miss_final_state_mse": 9.289439481847426,
      "h50/outcome_miss_state_mse": 0.7837348568984885,
      "h50/outcome_partial_episode_count": 3,
      "h50/outcome_partial_final_state_mse": 2.655518824758093,
      "h50/outcome_partial_state_mse": 0.2529260373583027,
      "h50/outcome_success_episode_count": 3,
      "h50/outcome_success_final_state_mse": 2.6706161748350055,
      "h50/outcome_success_state_mse": 0.25437966739430146,
      "h50/state_mse": 0.36093198529411763,
      "h75/episode_count": 15,
      "h75/final_state_mse": 1.8393075980392157,
      "h75/outcome_drop_episode_count": 3,
      "h75/outcome_drop_final_state_mse": 1.9046815859726052,
      "h75/outcome_drop_state_mse": 0.3665255438112745,
      "h75/outcome_jam_episode_count": 3,
      "h75/outcome_jam_final_state_mse": 1.7973202474756178,
      "h75/outcome_jam_state_mse": 0.3628062448937909,
      "h75/outcome_miss_episode_count": 3,
      "h75/outcome_miss_final_state_mse": 1.792939528920292,
      "h75/outcome_miss_state_mse": 0.8183106745302288,
      "h75/outcome_partial_episode_count": 3,
      "h75/outcome_partial_final_state_mse": 1.8487095053679024,
      "h75/outcome_partial_state_mse": 0.35935600596575434,
      "h75/outcome_success_episode_count": 3,
      "h75/outcome_success_final_state_mse": 1.8528865988737617,
      "h75/outcome_success_state_mse": 0.3598850836992783,
      "h75/state_mse": 0.4533767361111111,
      "max_requested_horizon": 125,
      "reencode_period": 50,
      "rollout_mode": "periodic_50"
    }
  },
  "split": "test",
  "support_alignment": {
    "contact_phase": {
      "contact_phase_family_ari": 0.0,
      "contact_phase_family_nmi": 0.0,
      "contact_phase_family_purity": 0.9996668887408394,
      "contact_phase_sample_count": 3002.0,
      "h_contact_phase_given_family": 0.0030002889533867266,
      "h_family_given_contact_phase": 0.0,
      "unique_contact_phase_count": 2.0,
      "unique_family_count": 1.0
    },
    "contact_phase_alignment_available": true,
    "evaluated_state_count": 3017,
    "family_count": 1,
    "mean_family_similarity": 0.6272951364517212,
    "mean_support_size": 248.57507457739476,
    "outcome_alignment_available": true,
    "outcome_state": {
      "h_family_given_outcome": 0.0,
      "h_outcome_given_family": 1.6094379124341005,
      "outcome_family_ari": 0.0,
      "outcome_family_nmi": 0.0,
      "outcome_family_purity": 0.2,
      "outcome_sample_count": 15.0,
      "unique_family_count": 1.0,
      "unique_outcome_count": 5.0
    },
    "status": "ok",
    "unassigned_state_fraction": 0.0,
    "validation_state_count": 2346
  },
  "support_threshold": 0.2
}
{
  "best_periodic_rollout": {
    "episode_count": 15,
    "h10/episode_count": 15,
    "h10/final_state_mse": 0.002357897571488923,
    "h10/outcome_drop_episode_count": 3,
    "h10/outcome_drop_final_state_mse": 0.0016312240531631543,
    "h10/outcome_drop_state_mse": 0.0013983575736775118,
    "h10/outcome_jam_episode_count": 3,
    "h10/outcome_jam_final_state_mse": 0.0026826247865078495,
    "h10/outcome_jam_state_mse": 0.001955114119972279,
    "h10/outcome_miss_episode_count": 3,
    "h10/outcome_miss_final_state_mse": 0.004235347306806278,
    "h10/outcome_miss_state_mse": 0.011012377614289328,
    "h10/outcome_partial_episode_count": 3,
    "h10/outcome_partial_final_state_mse": 0.0016037524720422583,
    "h10/outcome_partial_state_mse": 0.001301773993018406,
    "h10/outcome_success_episode_count": 3,
    "h10/outcome_success_final_state_mse": 0.001636539165880166,
    "h10/outcome_success_state_mse": 0.0013245925015094233,
    "h10/selected_mode": "periodic_5",
    "h10/selected_period": 5,
    "h10/state_mse": 0.003398442985185611,
    "h100/episode_count": 15,
    "h100/final_state_mse": 0.002871835933012121,
    "h100/outcome_drop_episode_count": 3,
    "h100/outcome_drop_final_state_mse": 0.0027453954654191835,
    "h100/outcome_drop_state_mse": 0.002553563772463331,
    "h100/outcome_jam_episode_count": 3,
    "h100/outcome_jam_final_state_mse": 0.0033006132428163018,
    "h100/outcome_jam_state_mse": 0.002994675168804094,
    "h100/outcome_miss_episode_count": 3,
    "h100/outcome_miss_final_state_mse": 0.0029043917318964316,
    "h100/outcome_miss_state_mse": 0.0036813052806978913,
    "h100/outcome_partial_episode_count": 3,
    "h100/outcome_partial_final_state_mse": 0.0026602224976408715,
    "h100/outcome_partial_state_mse": 0.002098842259326012,
    "h100/outcome_success_episode_count": 3,
    "h100/outcome_success_final_state_mse": 0.0027485564594564873,
    "h100/outcome_success_state_mse": 0.0022784759795743655,
    "h100/selected_mode": "periodic_5",
    "h100/selected_period": 5,
    "h100/state_mse": 0.0027213725171058006,
    "h125/episode_count": 15,
    "h125/final_state_mse": 0.0034972920137293197,
    "h125/outcome_drop_episode_count": 3,
    "h125/outcome_drop_final_state_mse": 0.004236978302204531,
    "h125/outcome_drop_state_mse": 0.0027550785338956545,
    "h125/outcome_jam_episode_count": 3,
    "h125/outcome_jam_final_state_mse": 0.004079972558161791,
    "h125/outcome_jam_state_mse": 0.0032241767434512867,
    "h125/outcome_miss_episode_count": 3,
    "h125/outcome_miss_final_state_mse": 0.003750904177139008,
    "h125/outcome_miss_state_mse": 0.0037071736653645835,
    "h125/outcome_partial_episode_count": 3,
    "h125/outcome_partial_final_state_mse": 0.0023133632501745535,
    "h125/outcome_partial_state_mse": 0.0022170096503363714,
    "h125/outcome_success_episode_count": 3,
    "h125/outcome_success_final_state_mse": 0.0031052426088090035,
    "h125/outcome_success_state_mse": 0.0024214637108098446,
    "h125/selected_mode": "periodic_5",
    "h125/selected_period": 5,
    "h125/state_mse": 0.0028649803410947714,
    "h20/episode_count": 15,
    "h20/final_state_mse": 0.002385907702975803,
    "h20/outcome_drop_episode_count": 3,
    "h20/outcome_drop_final_state_mse": 0.002160102128982544,
    "h20/outcome_drop_state_mse": 0.001660368372412289,
    "h20/outcome_jam_episode_count": 3,
    "h20/outcome_jam_final_state_mse": 0.002518007178711735,
    "h20/outcome_jam_state_mse": 0.0022138781796873005,
    "h20/outcome_miss_episode_count": 3,
    "h20/outcome_miss_final_state_mse": 0.0033837972221031688,
    "h20/outcome_miss_state_mse": 0.007624101950452219,
    "h20/outcome_partial_episode_count": 3,
    "h20/outcome_partial_final_state_mse": 0.001911829718772103,
    "h20/outcome_partial_state_mse": 0.0015708185099308786,
    "h20/outcome_success_episode_count": 3,
    "h20/outcome_success_final_state_mse": 0.0019558034106796863,
    "h20/outcome_success_state_mse": 0.0015986195187163508,
    "h20/selected_mode": "periodic_5",
    "h20/selected_period": 5,
    "h20/state_mse": 0.0029335572984483505,
    "h30/episode_count": 15,
    "h30/final_state_mse": 0.001810848323348301,
    "h30/outcome_drop_episode_count": 3,
    "h30/outcome_drop_final_state_mse": 0.001573127907475615,
    "h30/outcome_drop_state_mse": 0.0017524328366863443,
    "h30/outcome_jam_episode_count": 3,
    "h30/outcome_jam_final_state_mse": 0.0020242701071539735,
    "h30/outcome_jam_state_mse": 0.002294238616178758,
    "h30/outcome_miss_episode_count": 3,
    "h30/outcome_miss_final_state_mse": 0.0021893315358099594,
    "h30/outcome_miss_state_mse": 0.006059709561416526,
    "h30/outcome_partial_episode_count": 3,
    "h30/outcome_partial_final_state_mse": 0.0015997254575779234,
    "h30/outcome_partial_state_mse": 0.001659354716864027,
    "h30/outcome_success_episode_count": 3,
    "h30/outcome_success_final_state_mse": 0.0016677863408927046,
    "h30/outcome_success_state_mse": 0.0016840035879014624,
    "h30/selected_mode": "periodic_5",
    "h30/selected_period": 5,
    "h30/state_mse": 0.0026899479884727327,
    "h40/episode_count": 15,
    "h40/final_state_mse": 0.0018358807158625984,
    "h40/outcome_drop_episode_count": 3,
    "h40/outcome_drop_final_state_mse": 0.0019100062743900648,
    "h40/outcome_drop_state_mse": 0.0018805219457040424,
    "h40/outcome_jam_episode_count": 3,
    "h40/outcome_jam_final_state_mse": 0.0017907211155283684,
    "h40/outcome_jam_state_mse": 0.002278079316506978,
    "h40/outcome_miss_episode_count": 3,
    "h40/outcome_miss_final_state_mse": 0.0021076190218426824,
    "h40/outcome_miss_state_mse": 0.005160451948253158,
    "h40/outcome_partial_episode_count": 3,
    "h40/outcome_partial_final_state_mse": 0.0016944516766694635,
    "h40/outcome_partial_state_mse": 0.0016760355506847107,
    "h40/outcome_success_episode_count": 3,
    "h40/outcome_success_final_state_mse": 0.0016766058317586488,
    "h40/outcome_success_state_mse": 0.0016997502520193462,
    "h40/selected_mode": "periodic_5",
    "h40/selected_period": 5,
    "h40/state_mse": 0.002538967755884906,
    "h50/episode_count": 15,
    "h50/final_state_mse": 0.0020966690350202174,
    "h50/outcome_drop_episode_count": 3,
    "h50/outcome_drop_final_state_mse": 0.0021433890401537903,
    "h50/outcome_drop_state_mse": 0.002092361387863658,
    "h50/outcome_jam_episode_count": 3,
    "h50/outcome_jam_final_state_mse": 0.0029703234048450693,
    "h50/outcome_jam_state_mse": 0.002362167383331099,
    "h50/outcome_miss_episode_count": 3,
    "h50/outcome_miss_final_state_mse": 0.0018351115042867224,
    "h50/outcome_miss_state_mse": 0.00456718874912636,
    "h50/outcome_partial_episode_count": 3,
    "h50/outcome_partial_final_state_mse": 0.001732530254943698,
    "h50/outcome_partial_state_mse": 0.0017221036923477074,
    "h50/outcome_success_episode_count": 3,
    "h50/outcome_success_final_state_mse": 0.0018019914334895565,
    "h50/outcome_success_state_mse": 0.0017463584351383782,
    "h50/selected_mode": "periodic_5",
    "h50/selected_period": 5,
    "h50/state_mse": 0.0024980359046287786,
    "h75/episode_count": 15,
    "h75/final_state_mse": 0.003995758567760193,
    "h75/outcome_drop_episode_count": 3,
    "h75/outcome_drop_final_state_mse": 0.0036197990617331337,
    "h75/outcome_drop_state_mse": 0.002434884239645565,
    "h75/outcome_jam_episode_count": 3,
    "h75/outcome_jam_final_state_mse": 0.004720130290081299,
    "h75/outcome_jam_state_mse": 0.002746767031601052,
    "h75/outcome_miss_episode_count": 3,
    "h75/outcome_miss_final_state_mse": 0.004445732467704349,
    "h75/outcome_miss_state_mse": 0.003919909358803743,
    "h75/outcome_partial_episode_count": 3,
    "h75/outcome_partial_final_state_mse": 0.002932391086824579,
    "h75/outcome_partial_state_mse": 0.0020024132572747525,
    "h75/outcome_success_episode_count": 3,
    "h75/outcome_success_final_state_mse": 0.004260740273333842,
    "h75/outcome_success_state_mse": 0.0020849596908669066,
    "h75/selected_mode": "periodic_5",
    "h75/selected_period": 5,
    "h75/state_mse": 0.0026377867987472767,
    "max_requested_horizon": 125,
    "periodic_reencode_periods": [
      1,
      2,
      5,
      10,
      20,
      50,
      100
    ],
    "rollout_mode": "best_periodic"
  },
  "checkpoint": "runs/maniskill_insertion/perturbation_e20_5k_lista_refine_20260604_143125/lista_relu_a0p015_sp3em5_loops1/seed2/checkpoint.pt",
  "checkpoint_step": 1500,
  "dataset": "data/maniskill/perturbation_assessment_seed0_e20/all_setups.npz",
  "device": "cuda",
  "family_jaccard": 0.4,
  "horizons": [
    10,
    20,
    30,
    40,
    50,
    75,
    100,
    125
  ],
  "labels_used_for_training": false,
  "periodic_reencode_periods": [
    1,
    2,
    5,
    10,
    20,
    50,
    100
  ],
  "rollout": {
    "episode_count": 15,
    "h10/episode_count": 15,
    "h10/final_state_mse": 0.0028302317351297616,
    "h10/outcome_drop_episode_count": 3,
    "h10/outcome_drop_final_state_mse": 0.0019852592810696247,
    "h10/outcome_drop_state_mse": 0.0014539727003745784,
    "h10/outcome_jam_episode_count": 3,
    "h10/outcome_jam_final_state_mse": 0.003443885570258097,
    "h10/outcome_jam_state_mse": 0.0020498276535981623,
    "h10/outcome_miss_episode_count": 3,
    "h10/outcome_miss_final_state_mse": 0.004656089579357821,
    "h10/outcome_miss_state_mse": 0.011050955921995873,
    "h10/outcome_partial_episode_count": 3,
    "h10/outcome_partial_final_state_mse": 0.0020326713428777806,
    "h10/outcome_partial_state_mse": 0.0013678177899005366,
    "h10/outcome_success_episode_count": 3,
    "h10/outcome_success_final_state_mse": 0.0020332543386353385,
    "h10/outcome_success_state_mse": 0.0013825993132747076,
    "h10/state_mse": 0.003461034438189338,
    "h100/episode_count": 15,
    "h100/final_state_mse": 354059.96339869284,
    "h100/outcome_drop_episode_count": 3,
    "h100/outcome_drop_final_state_mse": 290030.3954248366,
    "h100/outcome_drop_state_mse": 12546.449673202615,
    "h100/outcome_jam_episode_count": 3,
    "h100/outcome_jam_final_state_mse": 294909.82679738564,
    "h100/outcome_jam_state_mse": 12715.22091503268,
    "h100/outcome_miss_episode_count": 3,
    "h100/outcome_miss_final_state_mse": 607531.6666666666,
    "h100/outcome_miss_state_mse": 29291.042614379086,
    "h100/outcome_partial_episode_count": 3,
    "h100/outcome_partial_final_state_mse": 287862.58496732026,
    "h100/outcome_partial_state_mse": 12503.668496732027,
    "h100/outcome_success_episode_count": 3,
    "h100/outcome_success_final_state_mse": 289965.2287581699,
    "h100/outcome_success_state_mse": 12601.98496732026,
    "h100/state_mse": 15931.673098039215,
    "h125/episode_count": 15,
    "h125/final_state_mse": 237520818.3633987,
    "h125/outcome_drop_episode_count": 3,
    "h125/outcome_drop_final_state_mse": 219080258.92810458,
    "h125/outcome_drop_state_mse": 7284065.43393464,
    "h125/outcome_jam_episode_count": 3,
    "h125/outcome_jam_final_state_mse": 217289353.20261437,
    "h125/outcome_jam_state_mse": 7258384.745411765,
    "h125/outcome_miss_episode_count": 3,
    "h125/outcome_miss_final_state_mse": 321902016.4183006,
    "h125/outcome_miss_state_mse": 11124050.013699347,
    "h125/outcome_partial_episode_count": 3,
    "h125/outcome_partial_final_state_mse": 214320917.751634,
    "h125/outcome_partial_state_mse": 7147511.861542484,
    "h125/outcome_success_episode_count": 3,
    "h125/outcome_success_final_state_mse": 215011466.875817,
    "h125/outcome_success_state_mse": 7181282.712261438,
    "h125/state_mse": 7999058.589281046,
    "h20/episode_count": 15,
    "h20/final_state_mse": 0.008798590516732409,
    "h20/outcome_drop_episode_count": 3,
    "h20/outcome_drop_final_state_mse": 0.008228311838667377,
    "h20/outcome_drop_state_mse": 0.003242181173337051,
    "h20/outcome_jam_episode_count": 3,
    "h20/outcome_jam_final_state_mse": 0.008475950925178777,
    "h20/outcome_jam_state_mse": 0.0036614307780670962,
    "h20/outcome_miss_episode_count": 3,
    "h20/outcome_miss_final_state_mse": 0.011174060355604084,
    "h20/outcome_miss_state_mse": 0.009152433918971642,
    "h20/outcome_partial_episode_count": 3,
    "h20/outcome_partial_final_state_mse": 0.008097027738889059,
    "h20/outcome_partial_state_mse": 0.003139296583100861,
    "h20/outcome_success_episode_count": 3,
    "h20/outcome_success_final_state_mse": 0.008017602066198984,
    "h20/outcome_success_state_mse": 0.0031355718382043776,
    "h20/state_mse": 0.004466182733672896,
    "h30/episode_count": 15,
    "h30/final_state_mse": 0.027853857302198224,
    "h30/outcome_drop_episode_count": 3,
    "h30/outcome_drop_final_state_mse": 0.02179797607309678,
    "h30/outcome_drop_state_mse": 0.007015017278833327,
    "h30/outcome_jam_episode_count": 3,
    "h30/outcome_jam_final_state_mse": 0.022243751030342252,
    "h30/outcome_jam_state_mse": 0.007327100757939623,
    "h30/outcome_miss_episode_count": 3,
    "h30/outcome_miss_final_state_mse": 0.052103154799517465,
    "h30/outcome_miss_state_mse": 0.015513168285095615,
    "h30/outcome_partial_episode_count": 3,
    "h30/outcome_partial_final_state_mse": 0.021439243570651884,
    "h30/outcome_partial_state_mse": 0.0068418338667593235,
    "h30/outcome_success_episode_count": 3,
    "h30/outcome_success_final_state_mse": 0.021685160063450632,
    "h30/outcome_success_state_mse": 0.006884809257158267,
    "h30/state_mse": 0.00871638611770663,
    "h40/episode_count": 15,
    "h40/final_state_mse": 0.1988034516378166,
    "h40/outcome_drop_episode_count": 3,
    "h40/outcome_drop_final_state_mse": 0.14496110467349782,
    "h40/outcome_drop_state_mse": 0.021361913868025238,
    "h40/outcome_jam_episode_count": 3,
    "h40/outcome_jam_final_state_mse": 0.16985454746321135,
    "h40/outcome_jam_state_mse": 0.023434128169140783,
    "h40/outcome_miss_episode_count": 3,
    "h40/outcome_miss_final_state_mse": 0.3494602153503817,
    "h40/outcome_miss_state_mse": 0.04833247864168454,
    "h40/outcome_partial_episode_count": 3,
    "h40/outcome_partial_final_state_mse": 0.1631628578784419,
    "h40/outcome_partial_state_mse": 0.02222563550363179,
    "h40/outcome_success_episode_count": 3,
    "h40/outcome_success_final_state_mse": 0.16657854840646383,
    "h40/outcome_success_state_mse": 0.02249573102963516,
    "h40/state_mse": 0.02756997501148897,
    "h50/episode_count": 15,
    "h50/final_state_mse": 2.9297535615808825,
    "h50/outcome_drop_episode_count": 3,
    "h50/outcome_drop_final_state_mse": 2.014910155651616,
    "h50/outcome_drop_state_mse": 0.1885875946244383,
    "h50/outcome_jam_episode_count": 3,
    "h50/outcome_jam_final_state_mse": 2.1173351013582518,
    "h50/outcome_jam_state_mse": 0.19898437699461294,
    "h50/outcome_miss_episode_count": 3,
    "h50/outcome_miss_final_state_mse": 6.3803306031071285,
    "h50/outcome_miss_state_mse": 0.5402177638633578,
    "h50/outcome_partial_episode_count": 3,
    "h50/outcome_partial_final_state_mse": 2.0635689380122164,
    "h50/outcome_partial_state_mse": 0.19349671008540134,
    "h50/outcome_success_episode_count": 3,
    "h50/outcome_success_final_state_mse": 2.0726234336304508,
    "h50/outcome_success_state_mse": 0.19506998498455372,
    "h50/state_mse": 0.26327129289215684,
    "h75/episode_count": 15,
    "h75/final_state_mse": 865.7883986928105,
    "h75/outcome_drop_episode_count": 3,
    "h75/outcome_drop_final_state_mse": 610.0974264705883,
    "h75/outcome_drop_state_mse": 39.39324788943355,
    "h75/outcome_jam_episode_count": 3,
    "h75/outcome_jam_final_state_mse": 622.4138837826797,
    "h75/outcome_jam_state_mse": 40.20274373638344,
    "h75/outcome_miss_episode_count": 3,
    "h75/outcome_miss_final_state_mse": 1860.8728809232025,
    "h75/outcome_miss_state_mse": 122.46870506535947,
    "h75/outcome_partial_episode_count": 3,
    "h75/outcome_partial_final_state_mse": 616.8466254340278,
    "h75/outcome_partial_state_mse": 39.51299870642701,
    "h75/outcome_success_episode_count": 3,
    "h75/outcome_success_final_state_mse": 618.7109694138072,
    "h75/outcome_success_state_mse": 39.63171738834423,
    "h75/state_mse": 56.241882352941175,
    "max_requested_horizon": 125,
    "reencode_period": null,
    "rollout_mode": "no_reencode"
  },
  "rollout_modes": {
    "no_reencode": {
      "episode_count": 15,
      "h10/episode_count": 15,
      "h10/final_state_mse": 0.0028302317351297616,
      "h10/outcome_drop_episode_count": 3,
      "h10/outcome_drop_final_state_mse": 0.0019852592810696247,
      "h10/outcome_drop_state_mse": 0.0014539727003745784,
      "h10/outcome_jam_episode_count": 3,
      "h10/outcome_jam_final_state_mse": 0.003443885570258097,
      "h10/outcome_jam_state_mse": 0.0020498276535981623,
      "h10/outcome_miss_episode_count": 3,
      "h10/outcome_miss_final_state_mse": 0.004656089579357821,
      "h10/outcome_miss_state_mse": 0.011050955921995873,
      "h10/outcome_partial_episode_count": 3,
      "h10/outcome_partial_final_state_mse": 0.0020326713428777806,
      "h10/outcome_partial_state_mse": 0.0013678177899005366,
      "h10/outcome_success_episode_count": 3,
      "h10/outcome_success_final_state_mse": 0.0020332543386353385,
      "h10/outcome_success_state_mse": 0.0013825993132747076,
      "h10/state_mse": 0.003461034438189338,
      "h100/episode_count": 15,
      "h100/final_state_mse": 354059.96339869284,
      "h100/outcome_drop_episode_count": 3,
      "h100/outcome_drop_final_state_mse": 290030.3954248366,
      "h100/outcome_drop_state_mse": 12546.449673202615,
      "h100/outcome_jam_episode_count": 3,
      "h100/outcome_jam_final_state_mse": 294909.82679738564,
      "h100/outcome_jam_state_mse": 12715.22091503268,
      "h100/outcome_miss_episode_count": 3,
      "h100/outcome_miss_final_state_mse": 607531.6666666666,
      "h100/outcome_miss_state_mse": 29291.042614379086,
      "h100/outcome_partial_episode_count": 3,
      "h100/outcome_partial_final_state_mse": 287862.58496732026,
      "h100/outcome_partial_state_mse": 12503.668496732027,
      "h100/outcome_success_episode_count": 3,
      "h100/outcome_success_final_state_mse": 289965.2287581699,
      "h100/outcome_success_state_mse": 12601.98496732026,
      "h100/state_mse": 15931.673098039215,
      "h125/episode_count": 15,
      "h125/final_state_mse": 237520818.3633987,
      "h125/outcome_drop_episode_count": 3,
      "h125/outcome_drop_final_state_mse": 219080258.92810458,
      "h125/outcome_drop_state_mse": 7284065.43393464,
      "h125/outcome_jam_episode_count": 3,
      "h125/outcome_jam_final_state_mse": 217289353.20261437,
      "h125/outcome_jam_state_mse": 7258384.745411765,
      "h125/outcome_miss_episode_count": 3,
      "h125/outcome_miss_final_state_mse": 321902016.4183006,
      "h125/outcome_miss_state_mse": 11124050.013699347,
      "h125/outcome_partial_episode_count": 3,
      "h125/outcome_partial_final_state_mse": 214320917.751634,
      "h125/outcome_partial_state_mse": 7147511.861542484,
      "h125/outcome_success_episode_count": 3,
      "h125/outcome_success_final_state_mse": 215011466.875817,
      "h125/outcome_success_state_mse": 7181282.712261438,
      "h125/state_mse": 7999058.589281046,
      "h20/episode_count": 15,
      "h20/final_state_mse": 0.008798590516732409,
      "h20/outcome_drop_episode_count": 3,
      "h20/outcome_drop_final_state_mse": 0.008228311838667377,
      "h20/outcome_drop_state_mse": 0.003242181173337051,
      "h20/outcome_jam_episode_count": 3,
      "h20/outcome_jam_final_state_mse": 0.008475950925178777,
      "h20/outcome_jam_state_mse": 0.0036614307780670962,
      "h20/outcome_miss_episode_count": 3,
      "h20/outcome_miss_final_state_mse": 0.011174060355604084,
      "h20/outcome_miss_state_mse": 0.009152433918971642,
      "h20/outcome_partial_episode_count": 3,
      "h20/outcome_partial_final_state_mse": 0.008097027738889059,
      "h20/outcome_partial_state_mse": 0.003139296583100861,
      "h20/outcome_success_episode_count": 3,
      "h20/outcome_success_final_state_mse": 0.008017602066198984,
      "h20/outcome_success_state_mse": 0.0031355718382043776,
      "h20/state_mse": 0.004466182733672896,
      "h30/episode_count": 15,
      "h30/final_state_mse": 0.027853857302198224,
      "h30/outcome_drop_episode_count": 3,
      "h30/outcome_drop_final_state_mse": 0.02179797607309678,
      "h30/outcome_drop_state_mse": 0.007015017278833327,
      "h30/outcome_jam_episode_count": 3,
      "h30/outcome_jam_final_state_mse": 0.022243751030342252,
      "h30/outcome_jam_state_mse": 0.007327100757939623,
      "h30/outcome_miss_episode_count": 3,
      "h30/outcome_miss_final_state_mse": 0.052103154799517465,
      "h30/outcome_miss_state_mse": 0.015513168285095615,
      "h30/outcome_partial_episode_count": 3,
      "h30/outcome_partial_final_state_mse": 0.021439243570651884,
      "h30/outcome_partial_state_mse": 0.0068418338667593235,
      "h30/outcome_success_episode_count": 3,
      "h30/outcome_success_final_state_mse": 0.021685160063450632,
      "h30/outcome_success_state_mse": 0.006884809257158267,
      "h30/state_mse": 0.00871638611770663,
      "h40/episode_count": 15,
      "h40/final_state_mse": 0.1988034516378166,
      "h40/outcome_drop_episode_count": 3,
      "h40/outcome_drop_final_state_mse": 0.14496110467349782,
      "h40/outcome_drop_state_mse": 0.021361913868025238,
      "h40/outcome_jam_episode_count": 3,
      "h40/outcome_jam_final_state_mse": 0.16985454746321135,
      "h40/outcome_jam_state_mse": 0.023434128169140783,
      "h40/outcome_miss_episode_count": 3,
      "h40/outcome_miss_final_state_mse": 0.3494602153503817,
      "h40/outcome_miss_state_mse": 0.04833247864168454,
      "h40/outcome_partial_episode_count": 3,
      "h40/outcome_partial_final_state_mse": 0.1631628578784419,
      "h40/outcome_partial_state_mse": 0.02222563550363179,
      "h40/outcome_success_episode_count": 3,
      "h40/outcome_success_final_state_mse": 0.16657854840646383,
      "h40/outcome_success_state_mse": 0.02249573102963516,
      "h40/state_mse": 0.02756997501148897,
      "h50/episode_count": 15,
      "h50/final_state_mse": 2.9297535615808825,
      "h50/outcome_drop_episode_count": 3,
      "h50/outcome_drop_final_state_mse": 2.014910155651616,
      "h50/outcome_drop_state_mse": 0.1885875946244383,
      "h50/outcome_jam_episode_count": 3,
      "h50/outcome_jam_final_state_mse": 2.1173351013582518,
      "h50/outcome_jam_state_mse": 0.19898437699461294,
      "h50/outcome_miss_episode_count": 3,
      "h50/outcome_miss_final_state_mse": 6.3803306031071285,
      "h50/outcome_miss_state_mse": 0.5402177638633578,
      "h50/outcome_partial_episode_count": 3,
      "h50/outcome_partial_final_state_mse": 2.0635689380122164,
      "h50/outcome_partial_state_mse": 0.19349671008540134,
      "h50/outcome_success_episode_count": 3,
      "h50/outcome_success_final_state_mse": 2.0726234336304508,
      "h50/outcome_success_state_mse": 0.19506998498455372,
      "h50/state_mse": 0.26327129289215684,
      "h75/episode_count": 15,
      "h75/final_state_mse": 865.7883986928105,
      "h75/outcome_drop_episode_count": 3,
      "h75/outcome_drop_final_state_mse": 610.0974264705883,
      "h75/outcome_drop_state_mse": 39.39324788943355,
      "h75/outcome_jam_episode_count": 3,
      "h75/outcome_jam_final_state_mse": 622.4138837826797,
      "h75/outcome_jam_state_mse": 40.20274373638344,
      "h75/outcome_miss_episode_count": 3,
      "h75/outcome_miss_final_state_mse": 1860.8728809232025,
      "h75/outcome_miss_state_mse": 122.46870506535947,
      "h75/outcome_partial_episode_count": 3,
      "h75/outcome_partial_final_state_mse": 616.8466254340278,
      "h75/outcome_partial_state_mse": 39.51299870642701,
      "h75/outcome_success_episode_count": 3,
      "h75/outcome_success_final_state_mse": 618.7109694138072,
      "h75/outcome_success_state_mse": 39.63171738834423,
      "h75/state_mse": 56.241882352941175,
      "max_requested_horizon": 125,
      "reencode_period": null,
      "rollout_mode": "no_reencode"
    },
    "periodic_1": {
      "episode_count": 15,
      "h10/episode_count": 15,
      "h10/final_state_mse": 0.0030734401902342153,
      "h10/outcome_drop_episode_count": 3,
      "h10/outcome_drop_final_state_mse": 0.0017604468012946883,
      "h10/outcome_drop_state_mse": 0.0016671810274809793,
      "h10/outcome_jam_episode_count": 3,
      "h10/outcome_jam_final_state_mse": 0.0025609699534434897,
      "h10/outcome_jam_state_mse": 0.002188378533506705,
      "h10/outcome_miss_episode_count": 3,
      "h10/outcome_miss_final_state_mse": 0.007334569018650678,
      "h10/outcome_miss_state_mse": 0.012462488186904808,
      "h10/outcome_partial_episode_count": 3,
      "h10/outcome_partial_final_state_mse": 0.0018753461978014778,
      "h10/outcome_partial_state_mse": 0.001570699339598612,
      "h10/outcome_success_episode_count": 3,
      "h10/outcome_success_final_state_mse": 0.0018358691260705587,
      "h10/outcome_success_state_mse": 0.0015933689338709016,
      "h10/state_mse": 0.0038964232899784262,
      "h100/episode_count": 15,
      "h100/final_state_mse": 0.008286367678174785,
      "h100/outcome_drop_episode_count": 3,
      "h100/outcome_drop_final_state_mse": 0.006107040431374818,
      "h100/outcome_drop_state_mse": 0.005520368089862899,
      "h100/outcome_jam_episode_count": 3,
      "h100/outcome_jam_final_state_mse": 0.0051359698858136444,
      "h100/outcome_jam_state_mse": 0.004728514789755827,
      "h100/outcome_miss_episode_count": 3,
      "h100/outcome_miss_final_state_mse": 0.01809606754701901,
      "h100/outcome_miss_state_mse": 0.0073280308293361286,
      "h100/outcome_partial_episode_count": 3,
      "h100/outcome_partial_final_state_mse": 0.007871596836576275,
      "h100/outcome_partial_state_mse": 0.0049213158850576364,
      "h100/outcome_success_episode_count": 3,
      "h100/outcome_success_final_state_mse": 0.004221162472675049,
      "h100/outcome_success_state_mse": 0.004904525856566585,
      "h100/state_mse": 0.005480551326976103,
      "h125/episode_count": 15,
      "h125/final_state_mse": 0.009414937761094835,
      "h125/outcome_drop_episode_count": 3,
      "h125/outcome_drop_final_state_mse": 0.008750225301661523,
      "h125/outcome_drop_state_mse": 0.005980418386023029,
      "h125/outcome_jam_episode_count": 3,
      "h125/outcome_jam_final_state_mse": 0.007711488047456429,
      "h125/outcome_jam_state_mse": 0.005208447824116626,
      "h125/outcome_miss_episode_count": 3,
      "h125/outcome_miss_final_state_mse": 0.014211033976155947,
      "h125/outcome_miss_state_mse": 0.008845242169947407,
      "h125/outcome_partial_episode_count": 3,
      "h125/outcome_partial_final_state_mse": 0.007767635574138242,
      "h125/outcome_partial_state_mse": 0.00547837819616779,
      "h125/outcome_success_episode_count": 3,
      "h125/outcome_success_final_state_mse": 0.008634307026083952,
      "h125/outcome_success_state_mse": 0.005297560648201338,
      "h125/state_mse": 0.006162009165645425,
      "h20/episode_count": 15,
      "h20/final_state_mse": 0.004720591563804477,
      "h20/outcome_drop_episode_count": 3,
      "h20/outcome_drop_final_state_mse": 0.003788419408735886,
      "h20/outcome_drop_state_mse": 0.002330219979379691,
      "h20/outcome_jam_episode_count": 3,
      "h20/outcome_jam_final_state_mse": 0.004490011365585078,
      "h20/outcome_jam_state_mse": 0.002768908528720631,
      "h20/outcome_miss_episode_count": 3,
      "h20/outcome_miss_final_state_mse": 0.00791280439086989,
      "h20/outcome_miss_state_mse": 0.010353784000172334,
      "h20/outcome_partial_episode_count": 3,
      "h20/outcome_partial_final_state_mse": 0.0036781715606552324,
      "h20/outcome_partial_state_mse": 0.0022667217877955217,
      "h20/outcome_success_episode_count": 3,
      "h20/outcome_success_final_state_mse": 0.003733550995783089,
      "h20/outcome_success_state_mse": 0.0022762952287212696,
      "h20/state_mse": 0.003999185749128753,
      "h30/episode_count": 15,
      "h30/final_state_mse": 0.0032097928664263555,
      "h30/outcome_drop_episode_count": 3,
      "h30/outcome_drop_final_state_mse": 0.0029258309480021984,
      "h30/outcome_drop_state_mse": 0.0026447755838531293,
      "h30/outcome_jam_episode_count": 3,
      "h30/outcome_jam_final_state_mse": 0.003501829125133215,
      "h30/outcome_jam_state_mse": 0.003107944708763904,
      "h30/outcome_miss_episode_count": 3,
      "h30/outcome_miss_final_state_mse": 0.0037164599482530083,
      "h30/outcome_miss_state_mse": 0.008767585297295731,
      "h30/outcome_partial_episode_count": 3,
      "h30/outcome_partial_final_state_mse": 0.002914926219804614,
      "h30/outcome_partial_state_mse": 0.002586367239359937,
      "h30/outcome_success_episode_count": 3,
      "h30/outcome_success_final_state_mse": 0.0029899182857251634,
      "h30/outcome_success_state_mse": 0.002604154096449642,
      "h30/state_mse": 0.003942165333201423,
      "h40/episode_count": 15,
      "h40/final_state_mse": 0.0046174541797513275,
      "h40/outcome_drop_episode_count": 3,
      "h40/outcome_drop_final_state_mse": 0.0077877999131196465,
      "h40/outcome_drop_state_mse": 0.00320222241426605,
      "h40/outcome_jam_episode_count": 3,
      "h40/outcome_jam_final_state_mse": 0.0035099972015112833,
      "h40/outcome_jam_state_mse": 0.003196589619505639,
      "h40/outcome_miss_episode_count": 3,
      "h40/outcome_miss_final_state_mse": 0.004973299460473404,
      "h40/outcome_miss_state_mse": 0.007572097404330384,
      "h40/outcome_partial_episode_count": 3,
      "h40/outcome_partial_final_state_mse": 0.0034333257601152057,
      "h40/outcome_partial_state_mse": 0.0026915347654055924,
      "h40/outcome_success_episode_count": 3,
      "h40/outcome_success_final_state_mse": 0.003382848612233704,
      "h40/outcome_success_state_mse": 0.0027096084519928577,
      "h40/state_mse": 0.003874410492142821,
      "h50/episode_count": 15,
      "h50/final_state_mse": 0.005154969022164937,
      "h50/outcome_drop_episode_count": 3,
      "h50/outcome_drop_final_state_mse": 0.007209640799784193,
      "h50/outcome_drop_state_mse": 0.004403877382964091,
      "h50/outcome_jam_episode_count": 3,
      "h50/outcome_jam_final_state_mse": 0.004560445745786031,
      "h50/outcome_jam_state_mse": 0.003481559566423005,
      "h50/outcome_miss_episode_count": 3,
      "h50/outcome_miss_final_state_mse": 0.0059149874970803856,
      "h50/outcome_miss_state_mse": 0.007278483771031199,
      "h50/outcome_partial_episode_count": 3,
      "h50/outcome_partial_final_state_mse": 0.004019412437295602,
      "h50/outcome_partial_state_mse": 0.002949671464807847,
      "h50/outcome_success_episode_count": 3,
      "h50/outcome_success_final_state_mse": 0.004070358241305631,
      "h50/outcome_success_state_mse": 0.0029747697418811276,
      "h50/state_mse": 0.004217672510084763,
      "h75/episode_count": 15,
      "h75/final_state_mse": 0.008872520845699934,
      "h75/outcome_drop_episode_count": 3,
      "h75/outcome_drop_final_state_mse": 0.009377145884083766,
      "h75/outcome_drop_state_mse": 0.005266367178856677,
      "h75/outcome_jam_episode_count": 3,
      "h75/outcome_jam_final_state_mse": 0.007795589032515981,
      "h75/outcome_jam_state_mse": 0.004585876049299386,
      "h75/outcome_miss_episode_count": 3,
      "h75/outcome_miss_final_state_mse": 0.0076777831304307076,
      "h75/outcome_miss_state_mse": 0.006411803667321963,
      "h75/outcome_partial_episode_count": 3,
      "h75/outcome_partial_final_state_mse": 0.007814864804542142,
      "h75/outcome_partial_state_mse": 0.0043078319491384335,
      "h75/outcome_success_episode_count": 3,
      "h75/outcome_success_final_state_mse": 0.011697219769939099,
      "h75/outcome_success_state_mse": 0.004526672280172377,
      "h75/state_mse": 0.005019709967320261,
      "max_requested_horizon": 125,
      "reencode_period": 1,
      "rollout_mode": "periodic_1"
    },
    "periodic_10": {
      "episode_count": 15,
      "h10/episode_count": 15,
      "h10/final_state_mse": 0.002830232046788035,
      "h10/outcome_drop_episode_count": 3,
      "h10/outcome_drop_final_state_mse": 0.001985259573249256,
      "h10/outcome_drop_state_mse": 0.0014539727782891467,
      "h10/outcome_jam_episode_count": 3,
      "h10/outcome_jam_final_state_mse": 0.0034438849858988343,
      "h10/outcome_jam_state_mse": 0.0020498275367263094,
      "h10/outcome_miss_episode_count": 3,
      "h10/outcome_miss_final_state_mse": 0.004656089676751031,
      "h10/outcome_miss_state_mse": 0.011050955921995873,
      "h10/outcome_partial_episode_count": 3,
      "h10/outcome_partial_final_state_mse": 0.002032671367226083,
      "h10/outcome_partial_state_mse": 0.0013678177119859684,
      "h10/outcome_success_episode_count": 3,
      "h10/outcome_success_final_state_mse": 0.0020332544847251545,
      "h10/outcome_success_state_mse": 0.0013825992743174236,
      "h10/state_mse": 0.0034610349368425757,
      "h100/episode_count": 15,
      "h100/final_state_mse": 0.003184385860667509,
      "h100/outcome_drop_episode_count": 3,
      "h100/outcome_drop_final_state_mse": 0.0026949535982281553,
      "h100/outcome_drop_state_mse": 0.002482680121278451,
      "h100/outcome_jam_episode_count": 3,
      "h100/outcome_jam_final_state_mse": 0.0038064658349635555,
      "h100/outcome_jam_state_mse": 0.003233585295334361,
      "h100/outcome_miss_episode_count": 3,
      "h100/outcome_miss_final_state_mse": 0.003001625047010534,
      "h100/outcome_miss_state_mse": 0.0037842255012661805,
      "h100/outcome_partial_episode_count": 3,
      "h100/outcome_partial_final_state_mse": 0.002662926863611134,
      "h100/outcome_partial_state_mse": 0.00226879001442903,
      "h100/outcome_success_episode_count": 3,
      "h100/outcome_success_final_state_mse": 0.0037559584951868245,
      "h100/outcome_success_state_mse": 0.0025948143005371095,
      "h100/state_mse": 0.0028728192896624797,
      "h125/episode_count": 15,
      "h125/final_state_mse": 0.004207859787286497,
      "h125/outcome_drop_episode_count": 3,
      "h125/outcome_drop_final_state_mse": 0.004476130544360167,
      "h125/outcome_drop_state_mse": 0.002728972067240796,
      "h125/outcome_jam_episode_count": 3,
      "h125/outcome_jam_final_state_mse": 0.0052781522858376595,
      "h125/outcome_jam_state_mse": 0.0035595631318933825,
      "h125/outcome_miss_episode_count": 3,
      "h125/outcome_miss_final_state_mse": 0.004794479049498739,
      "h125/outcome_miss_state_mse": 0.0038555647407481873,
      "h125/outcome_partial_episode_count": 3,
      "h125/outcome_partial_final_state_mse": 0.0025355631814283483,
      "h125/outcome_partial_state_mse": 0.0023613514619715073,
      "h125/outcome_success_episode_count": 3,
      "h125/outcome_success_final_state_mse": 0.003954974654453253,
      "h125/outcome_success_state_mse": 0.0028690340129378573,
      "h125/state_mse": 0.00307489723754085,
      "h20/episode_count": 15,
      "h20/final_state_mse": 0.003073911105885225,
      "h20/outcome_drop_episode_count": 3,
      "h20/outcome_drop_final_state_mse": 0.0027963373737007963,
      "h20/outcome_drop_state_mse": 0.00193132954874849,
      "h20/outcome_jam_episode_count": 3,
      "h20/outcome_jam_final_state_mse": 0.0032617861733717076,
      "h20/outcome_jam_state_mse": 0.002512209477767446,
      "h20/outcome_miss_episode_count": 3,
      "h20/outcome_miss_final_state_mse": 0.004041633404353086,
      "h20/outcome_miss_state_mse": 0.007831577070398268,
      "h20/outcome_partial_episode_count": 3,
      "h20/outcome_partial_final_state_mse": 0.002641999034904966,
      "h20/outcome_partial_state_mse": 0.0018527508561128104,
      "h20/outcome_success_episode_count": 3,
      "h20/outcome_success_final_state_mse": 0.002627798812646492,
      "h20/outcome_success_state_mse": 0.0018572085433536105,
      "h20/state_mse": 0.0031970150018829145,
      "h30/episode_count": 15,
      "h30/final_state_mse": 0.002722266141106101,
      "h30/outcome_drop_episode_count": 3,
      "h30/outcome_drop_final_state_mse": 0.0024276036598713567,
      "h30/outcome_drop_state_mse": 0.002116317556834169,
      "h30/outcome_jam_episode_count": 3,
      "h30/outcome_jam_final_state_mse": 0.0028193926840436225,
      "h30/outcome_jam_state_mse": 0.0026725177931110323,
      "h30/outcome_miss_episode_count": 3,
      "h30/outcome_miss_final_state_mse": 0.003590884259323669,
      "h30/outcome_miss_state_mse": 0.006436956630033605,
      "h30/outcome_partial_episode_count": 3,
      "h30/outcome_partial_final_state_mse": 0.00234649099068704,
      "h30/outcome_partial_state_mse": 0.0020352044136695614,
      "h30/outcome_success_episode_count": 3,
      "h30/outcome_success_final_state_mse": 0.0024269573828753304,
      "h30/outcome_success_state_mse": 0.002041023385291006,
      "h30/state_mse": 0.0030604037947644337,
      "h40/episode_count": 15,
      "h40/final_state_mse": 0.0023326971951652974,
      "h40/outcome_drop_episode_count": 3,
      "h40/outcome_drop_final_state_mse": 0.0020222851117841557,
      "h40/outcome_drop_state_mse": 0.002219923376257903,
      "h40/outcome_jam_episode_count": 3,
      "h40/outcome_jam_final_state_mse": 0.0025709764727580003,
      "h40/outcome_jam_state_mse": 0.002696404932371152,
      "h40/outcome_miss_episode_count": 3,
      "h40/outcome_miss_final_state_mse": 0.0023350988825162253,
      "h40/outcome_miss_state_mse": 0.005456793386172625,
      "h40/outcome_partial_episode_count": 3,
      "h40/outcome_partial_final_state_mse": 0.0023735226223281784,
      "h40/outcome_partial_state_mse": 0.002082113113278657,
      "h40/outcome_success_episode_count": 3,
      "h40/outcome_success_final_state_mse": 0.0023616033003610723,
      "h40/outcome_success_state_mse": 0.0020912305007573045,
      "h40/state_mse": 0.002909292831919552,
      "h50/episode_count": 15,
      "h50/final_state_mse": 0.002497287825042126,
      "h50/outcome_drop_episode_count": 3,
      "h50/outcome_drop_final_state_mse": 0.0026995654832693487,
      "h50/outcome_drop_state_mse": 0.0023374867283440883,
      "h50/outcome_jam_episode_count": 3,
      "h50/outcome_jam_final_state_mse": 0.0033778982614380082,
      "h50/outcome_jam_state_mse": 0.00276509197708828,
      "h50/outcome_miss_episode_count": 3,
      "h50/outcome_miss_final_state_mse": 0.0021059744400915756,
      "h50/outcome_miss_state_mse": 0.004832983577952666,
      "h50/outcome_partial_episode_count": 3,
      "h50/outcome_partial_final_state_mse": 0.002086384331478792,
      "h50/outcome_partial_state_mse": 0.002119132054397483,
      "h50/outcome_success_episode_count": 3,
      "h50/outcome_success_final_state_mse": 0.0022166160002253413,
      "h50/outcome_success_state_mse": 0.002136713289747051,
      "h50/state_mse": 0.002838281569138072,
      "h75/episode_count": 15,
      "h75/final_state_mse": 0.0041578962911967355,
      "h75/outcome_drop_episode_count": 3,
      "h75/outcome_drop_final_state_mse": 0.003224841641639572,
      "h75/outcome_drop_state_mse": 0.002465321742371536,
      "h75/outcome_jam_episode_count": 3,
      "h75/outcome_jam_final_state_mse": 0.005139274534836314,
      "h75/outcome_jam_state_mse": 0.003002233650689551,
      "h75/outcome_miss_episode_count": 3,
      "h75/outcome_miss_final_state_mse": 0.004792746278195599,
      "h75/outcome_miss_state_mse": 0.0040964793951163364,
      "h75/outcome_partial_episode_count": 3,
      "h75/outcome_partial_final_state_mse": 0.0030315135623894484,
      "h75/outcome_partial_state_mse": 0.0022491418094676566,
      "h75/outcome_success_episode_count": 3,
      "h75/outcome_success_final_state_mse": 0.0046011051710914165,
      "h75/outcome_success_state_mse": 0.0023403267455256844,
      "h75/state_mse": 0.002830700710188589,
      "max_requested_horizon": 125,
      "reencode_period": 10,
      "rollout_mode": "periodic_10"
    },
    "periodic_100": {
      "episode_count": 15,
      "h10/episode_count": 15,
      "h10/final_state_mse": 0.002830232046788035,
      "h10/outcome_drop_episode_count": 3,
      "h10/outcome_drop_final_state_mse": 0.001985259573249256,
      "h10/outcome_drop_state_mse": 0.0014539727782891467,
      "h10/outcome_jam_episode_count": 3,
      "h10/outcome_jam_final_state_mse": 0.0034438849858988343,
      "h10/outcome_jam_state_mse": 0.0020498275367263094,
      "h10/outcome_miss_episode_count": 3,
      "h10/outcome_miss_final_state_mse": 0.004656089676751031,
      "h10/outcome_miss_state_mse": 0.011050955921995873,
      "h10/outcome_partial_episode_count": 3,
      "h10/outcome_partial_final_state_mse": 0.002032671367226083,
      "h10/outcome_partial_state_mse": 0.0013678177119859684,
      "h10/outcome_success_episode_count": 3,
      "h10/outcome_success_final_state_mse": 0.0020332544847251545,
      "h10/outcome_success_state_mse": 0.0013825992743174236,
      "h10/state_mse": 0.0034610349368425757,
      "h100/episode_count": 15,
      "h100/final_state_mse": 354059.96339869284,
      "h100/outcome_drop_episode_count": 3,
      "h100/outcome_drop_final_state_mse": 290030.43137254904,
      "h100/outcome_drop_state_mse": 12546.451111111111,
      "h100/outcome_jam_episode_count": 3,
      "h100/outcome_jam_final_state_mse": 294909.85620915034,
      "h100/outcome_jam_state_mse": 12715.219869281045,
      "h100/outcome_miss_episode_count": 3,
      "h100/outcome_miss_final_state_mse": 607531.6732026144,
      "h100/outcome_miss_state_mse": 29291.041045751634,
      "h100/outcome_partial_episode_count": 3,
      "h100/outcome_partial_final_state_mse": 287862.64705882355,
      "h100/outcome_partial_state_mse": 12503.670065359478,
      "h100/outcome_success_episode_count": 3,
      "h100/outcome_success_final_state_mse": 289965.1405228758,
      "h100/outcome_success_state_mse": 12601.984444444444,
      "h100/state_mse": 15931.673098039215,
      "h125/episode_count": 15,
      "h125/final_state_mse": 286062.26405228756,
      "h125/outcome_drop_episode_count": 3,
      "h125/outcome_drop_final_state_mse": 109765.64705882352,
      "h125/outcome_drop_state_mse": 17244.514300653595,
      "h125/outcome_jam_episode_count": 3,
      "h125/outcome_jam_final_state_mse": 108956.63398692811,
      "h125/outcome_jam_state_mse": 17040.36099346405,
      "h125/outcome_miss_episode_count": 3,
      "h125/outcome_miss_final_state_mse": 995448.2777777778,
      "h125/outcome_miss_state_mse": 72846.2657254902,
      "h125/outcome_partial_episode_count": 3,
      "h125/outcome_partial_final_state_mse": 109226.0408496732,
      "h125/outcome_partial_state_mse": 16899.208993464053,
      "h125/outcome_success_episode_count": 3,
      "h125/outcome_success_final_state_mse": 106914.57843137255,
      "h125/outcome_success_state_mse": 16852.799790849673,
      "h125/state_mse": 28176.630295424835,
      "h20/episode_count": 15,
      "h20/final_state_mse": 0.008798590516732409,
      "h20/outcome_drop_episode_count": 3,
      "h20/outcome_drop_final_state_mse": 0.008228310864735274,
      "h20/outcome_drop_state_mse": 0.0032421812512516196,
      "h20/outcome_jam_episode_count": 3,
      "h20/outcome_jam_final_state_mse": 0.008475950340819514,
      "h20/outcome_jam_state_mse": 0.0036614303495369704,
      "h20/outcome_miss_episode_count": 3,
      "h20/outcome_miss_final_state_mse": 0.011174060160817664,
      "h20/outcome_miss_state_mse": 0.009152434230629915,
      "h20/outcome_partial_episode_count": 3,
      "h20/outcome_partial_final_state_mse": 0.008097026375384113,
      "h20/outcome_partial_state_mse": 0.0031392964467503665,
      "h20/outcome_success_episode_count": 3,
      "h20/outcome_success_final_state_mse": 0.008017600848783855,
      "h20/outcome_success_state_mse": 0.0031355713901956095,
      "h20/state_mse": 0.004466182733672896,
      "h30/episode_count": 15,
      "h30/final_state_mse": 0.027853862288730595,
      "h30/outcome_drop_episode_count": 3,
      "h30/outcome_drop_final_state_mse": 0.02179797841053383,
      "h30/outcome_drop_state_mse": 0.0070150170191181,
      "h30/outcome_jam_episode_count": 3,
      "h30/outcome_jam_final_state_mse": 0.02224376038009045,
      "h30/outcome_jam_state_mse": 0.007327100654053532,
      "h30/outcome_miss_episode_count": 3,
      "h30/outcome_miss_final_state_mse": 0.05210316570755703,
      "h30/outcome_miss_state_mse": 0.015513168285095615,
      "h30/outcome_partial_episode_count": 3,
      "h30/outcome_partial_final_state_mse": 0.021439241817574096,
      "h30/outcome_partial_state_mse": 0.0068418338667593235,
      "h30/outcome_success_episode_count": 3,
      "h30/outcome_success_final_state_mse": 0.021685158115586425,
      "h30/outcome_success_state_mse": 0.006884808322183447,
      "h30/state_mse": 0.00871638611770663,
      "h40/episode_count": 15,
      "h40/final_state_mse": 0.1988034516378166,
      "h40/outcome_drop_episode_count": 3,
      "h40/outcome_drop_final_state_mse": 0.14496106727450503,
      "h40/outcome_drop_state_mse": 0.021361912621392143,
      "h40/outcome_jam_episode_count": 3,
      "h40/outcome_jam_final_state_mse": 0.1698545038310531,
      "h40/outcome_jam_state_mse": 0.023434124740899776,
      "h40/outcome_miss_episode_count": 3,
      "h40/outcome_miss_final_state_mse": 0.34946026521570545,
      "h40/outcome_miss_state_mse": 0.04833248113495073,
      "h40/outcome_partial_episode_count": 3,
      "h40/outcome_partial_final_state_mse": 0.1631628859276865,
      "h40/outcome_partial_state_mse": 0.022225637373581433,
      "h40/outcome_success_episode_count": 3,
      "h40/outcome_success_final_state_mse": 0.16657859827178756,
      "h40/outcome_success_state_mse": 0.02249573383455962,
      "h40/state_mse": 0.02756997700610192,
      "h50/episode_count": 15,
      "h50/final_state_mse": 2.9297535615808825,
      "h50/outcome_drop_episode_count": 3,
      "h50/outcome_drop_final_state_mse": 2.0149096569983787,
      "h50/outcome_drop_state_mse": 0.18858757467830883,
      "h50/outcome_jam_episode_count": 3,
      "h50/outcome_jam_final_state_mse": 2.117335238487892,
      "h50/outcome_jam_state_mse": 0.19898437699461294,
      "h50/outcome_miss_episode_count": 3,
      "h50/outcome_miss_final_state_mse": 6.380331600413603,
      "h50/outcome_miss_state_mse": 0.5402177798202614,
      "h50/outcome_partial_episode_count": 3,
      "h50/outcome_partial_final_state_mse": 2.063568676219267,
      "h50/outcome_partial_state_mse": 0.19349670609617545,
      "h50/outcome_success_episode_count": 3,
      "h50/outcome_success_final_state_mse": 2.072623458563113,
      "h50/outcome_success_state_mse": 0.1950699969522314,
      "h50/state_mse": 0.26327129289215684,
      "h75/episode_count": 15,
      "h75/final_state_mse": 865.7882352941176,
      "h75/outcome_drop_episode_count": 3,
      "h75/outcome_drop_final_state_mse": 610.0975349775326,
      "h75/outcome_drop_state_mse": 39.39325027233115,
      "h75/outcome_jam_episode_count": 3,
      "h75/outcome_jam_final_state_mse": 622.4137305964052,
      "h75/outcome_jam_state_mse": 40.20274441721133,
      "h75/outcome_miss_episode_count": 3,
      "h75/outcome_miss_final_state_mse": 1860.8726766748366,
      "h75/outcome_miss_state_mse": 122.4687091503268,
      "h75/outcome_partial_episode_count": 3,
      "h75/outcome_partial_final_state_mse": 616.8465328839869,
      "h75/outcome_partial_state_mse": 39.51299394063181,
      "h75/outcome_success_episode_count": 3,
      "h75/outcome_success_final_state_mse": 618.7109247344771,
      "h75/outcome_success_state_mse": 39.631719430827886,
      "h75/state_mse": 56.241882352941175,
      "max_requested_horizon": 125,
      "reencode_period": 100,
      "rollout_mode": "periodic_100"
    },
    "periodic_2": {
      "episode_count": 15,
      "h10/episode_count": 15,
      "h10/final_state_mse": 0.0025090678844576567,
      "h10/outcome_drop_episode_count": 3,
      "h10/outcome_drop_final_state_mse": 0.0014515804991223453,
      "h10/outcome_drop_state_mse": 0.0014376854779673558,
      "h10/outcome_jam_episode_count": 3,
      "h10/outcome_jam_final_state_mse": 0.0023533460361505644,
      "h10/outcome_jam_state_mse": 0.0019459233564489027,
      "h10/outcome_miss_episode_count": 3,
      "h10/outcome_miss_final_state_mse": 0.005920352596862644,
      "h10/outcome_miss_state_mse": 0.011555770331738041,
      "h10/outcome_partial_episode_count": 3,
      "h10/outcome_partial_final_state_mse": 0.0014019757752714594,
      "h10/outcome_partial_state_mse": 0.0013228327230690351,
      "h10/outcome_success_episode_count": 3,
      "h10/outcome_success_final_state_mse": 0.0014180843687914555,
      "h10/outcome_success_state_mse": 0.0013420973922692093,
      "h10/state_mse": 0.003520861856298509,
      "h100/episode_count": 15,
      "h100/final_state_mse": 0.0050804035336363546,
      "h100/outcome_drop_episode_count": 3,
      "h100/outcome_drop_final_state_mse": 0.00461415581259073,
      "h100/outcome_drop_state_mse": 0.003958600486805236,
      "h100/outcome_jam_episode_count": 3,
      "h100/outcome_jam_final_state_mse": 0.003472154680030798,
      "h100/outcome_jam_state_mse": 0.0033042423397886987,
      "h100/outcome_miss_episode_count": 3,
      "h100/outcome_miss_final_state_mse": 0.009018188549412621,
      "h100/outcome_miss_state_mse": 0.004373587814031863,
      "h100/outcome_partial_episode_count": 3,
      "h100/outcome_partial_final_state_mse": 0.005305032130160363,
      "h100/outcome_partial_state_mse": 0.003055670526292589,
      "h100/outcome_success_episode_count": 3,
      "h100/outcome_success_final_state_mse": 0.002992486715121986,
      "h100/outcome_success_state_mse": 0.0029488096050187653,
      "h100/state_mse": 0.0035281818863613155,
      "h125/episode_count": 15,
      "h125/final_state_mse": 0.007156039219276578,
      "h125/outcome_drop_episode_count": 3,
      "h125/outcome_drop_final_state_mse": 0.005526446853003471,
      "h125/outcome_drop_state_mse": 0.004180161021114175,
      "h125/outcome_jam_episode_count": 3,
      "h125/outcome_jam_final_state_mse": 0.005219043469896503,
      "h125/outcome_jam_state_mse": 0.0035736897786458333,
      "h125/outcome_miss_episode_count": 3,
      "h125/outcome_miss_final_state_mse": 0.015666138112934585,
      "h125/outcome_miss_state_mse": 0.005791780110278161,
      "h125/outcome_partial_episode_count": 3,
      "h125/outcome_partial_final_state_mse": 0.005165941088028203,
      "h125/outcome_partial_state_mse": 0.003456423291973039,
      "h125/outcome_success_episode_count": 3,
      "h125/outcome_success_final_state_mse": 0.004202625330756693,
      "h125/outcome_success_state_mse": 0.003083814334246068,
      "h125/state_mse": 0.0040171737770629086,
      "h20/episode_count": 15,
      "h20/final_state_mse": 0.002960664150761623,
      "h20/outcome_drop_episode_count": 3,
      "h20/outcome_drop_final_state_mse": 0.0027382197284620572,
      "h20/outcome_drop_state_mse": 0.0017420422017963883,
      "h20/outcome_jam_episode_count": 3,
      "h20/outcome_jam_final_state_mse": 0.003012978124852274,
      "h20/outcome_jam_state_mse": 0.0022246247023538827,
      "h20/outcome_miss_episode_count": 3,
      "h20/outcome_miss_final_state_mse": 0.004076543586706024,
      "h20/outcome_miss_state_mse": 0.008477313378277947,
      "h20/outcome_partial_episode_count": 3,
      "h20/outcome_partial_final_state_mse": 0.0024796166256362316,
      "h20/outcome_partial_state_mse": 0.001645316368614147,
      "h20/outcome_success_episode_count": 3,
      "h20/outcome_success_final_state_mse": 0.0024959625907583173,
      "h20/outcome_success_state_mse": 0.0016695626031339558,
      "h20/state_mse": 0.0031517716950061276,
      "h30/episode_count": 15,
      "h30/final_state_mse": 0.002439044815262938,
      "h30/outcome_drop_episode_count": 3,
      "h30/outcome_drop_final_state_mse": 0.002345258041339762,
      "h30/outcome_drop_state_mse": 0.0019999043873971845,
      "h30/outcome_jam_episode_count": 3,
      "h30/outcome_jam_final_state_mse": 0.0028803573763058854,
      "h30/outcome_jam_state_mse": 0.002499400764249249,
      "h30/outcome_miss_episode_count": 3,
      "h30/outcome_miss_final_state_mse": 0.0022695438534605736,
      "h30/outcome_miss_state_mse": 0.006687360547466735,
      "h30/outcome_partial_episode_count": 3,
      "h30/outcome_partial_final_state_mse": 0.002314606608421195,
      "h30/outcome_partial_state_mse": 0.001915267402050542,
      "h30/outcome_success_episode_count": 3,
      "h30/outcome_success_final_state_mse": 0.0023854584767927533,
      "h30/outcome_success_state_mse": 0.0019403289865564416,
      "h30/state_mse": 0.0030084524383212487,
      "h40/episode_count": 15,
      "h40/final_state_mse": 0.002672039605433645,
      "h40/outcome_drop_episode_count": 3,
      "h40/outcome_drop_final_state_mse": 0.003559904209539002,
      "h40/outcome_drop_state_mse": 0.002263453505397622,
      "h40/outcome_jam_episode_count": 3,
      "h40/outcome_jam_final_state_mse": 0.0025245283359016466,
      "h40/outcome_jam_state_mse": 0.0025560006207110833,
      "h40/outcome_miss_episode_count": 3,
      "h40/outcome_miss_final_state_mse": 0.0024820363599490497,
      "h40/outcome_miss_state_mse": 0.005639336155910118,
      "h40/outcome_partial_episode_count": 3,
      "h40/outcome_partial_final_state_mse": 0.002417503131760491,
      "h40/outcome_partial_state_mse": 0.001998644911385829,
      "h40/outcome_success_episode_count": 3,
      "h40/outcome_success_final_state_mse": 0.002376224772602904,
      "h40/outcome_success_state_mse": 0.0020205883613598893,
      "h40/state_mse": 0.0028956045512280432,
      "h50/episode_count": 15,
      "h50/final_state_mse": 0.0030319940030964373,
      "h50/outcome_drop_episode_count": 3,
      "h50/outcome_drop_final_state_mse": 0.0048811847672742955,
      "h50/outcome_drop_state_mse": 0.0029096920661676943,
      "h50/outcome_jam_episode_count": 3,
      "h50/outcome_jam_final_state_mse": 0.0032841989320088055,
      "h50/outcome_jam_state_mse": 0.002689688127804426,
      "h50/outcome_miss_episode_count": 3,
      "h50/outcome_miss_final_state_mse": 0.0024236315021327897,
      "h50/outcome_miss_state_mse": 0.005025125017353133,
      "h50/outcome_partial_episode_count": 3,
      "h50/outcome_partial_final_state_mse": 0.002268540362517039,
      "h50/outcome_partial_state_mse": 0.0020993408502316944,
      "h50/outcome_success_episode_count": 3,
      "h50/outcome_success_final_state_mse": 0.002302414816773795,
      "h50/outcome_success_state_mse": 0.0021227463553933536,
      "h50/state_mse": 0.0029693184646905637,
      "h75/episode_count": 15,
      "h75/final_state_mse": 0.005761584113625919,
      "h75/outcome_drop_episode_count": 3,
      "h75/outcome_drop_final_state_mse": 0.006706107286066791,
      "h75/outcome_drop_state_mse": 0.0038845989750880823,
      "h75/outcome_jam_episode_count": 3,
      "h75/outcome_jam_final_state_mse": 0.005484357086661594,
      "h75/outcome_jam_state_mse": 0.003152683731777216,
      "h75/outcome_miss_episode_count": 3,
      "h75/outcome_miss_final_state_mse": 0.005126506723220053,
      "h75/outcome_miss_state_mse": 0.0043960400084784345,
      "h75/outcome_partial_episode_count": 3,
      "h75/outcome_partial_final_state_mse": 0.004798672849835913,
      "h75/outcome_partial_state_mse": 0.0025887233759063523,
      "h75/outcome_success_episode_count": 3,
      "h75/outcome_success_final_state_mse": 0.006692275891896166,
      "h75/outcome_success_state_mse": 0.0026875612263066576,
      "h75/state_mse": 0.0033419213388480393,
      "max_requested_horizon": 125,
      "reencode_period": 2,
      "rollout_mode": "periodic_2"
    },
    "periodic_20": {
      "episode_count": 15,
      "h10/episode_count": 15,
      "h10/final_state_mse": 0.002830232046788035,
      "h10/outcome_drop_episode_count": 3,
      "h10/outcome_drop_final_state_mse": 0.001985259573249256,
      "h10/outcome_drop_state_mse": 0.0014539727782891467,
      "h10/outcome_jam_episode_count": 3,
      "h10/outcome_jam_final_state_mse": 0.0034438849858988343,
      "h10/outcome_jam_state_mse": 0.0020498275367263094,
      "h10/outcome_miss_episode_count": 3,
      "h10/outcome_miss_final_state_mse": 0.004656089676751031,
      "h10/outcome_miss_state_mse": 0.011050955921995873,
      "h10/outcome_partial_episode_count": 3,
      "h10/outcome_partial_final_state_mse": 0.002032671367226083,
      "h10/outcome_partial_state_mse": 0.0013678177119859684,
      "h10/outcome_success_episode_count": 3,
      "h10/outcome_success_final_state_mse": 0.0020332544847251545,
      "h10/outcome_success_state_mse": 0.0013825992743174236,
      "h10/state_mse": 0.0034610349368425757,
      "h100/episode_count": 15,
      "h100/final_state_mse": 0.015097368776408675,
      "h100/outcome_drop_episode_count": 3,
      "h100/outcome_drop_final_state_mse": 0.00974064110930449,
      "h100/outcome_drop_state_mse": 0.005408860374899471,
      "h100/outcome_jam_episode_count": 3,
      "h100/outcome_jam_final_state_mse": 0.017731182325899212,
      "h100/outcome_jam_state_mse": 0.007272476620144314,
      "h100/outcome_miss_episode_count": 3,
      "h100/outcome_miss_final_state_mse": 0.0173121250532811,
      "h100/outcome_miss_state_mse": 0.00994199964735243,
      "h100/outcome_partial_episode_count": 3,
      "h100/outcome_partial_final_state_mse": 0.012853780213524313,
      "h100/outcome_partial_state_mse": 0.006170431648204529,
      "h100/outcome_success_episode_count": 3,
      "h100/outcome_success_final_state_mse": 0.01784911615396637,
      "h100/outcome_success_state_mse": 0.006965714872272965,
      "h100/state_mse": 0.007151896956699346,
      "h125/episode_count": 15,
      "h125/final_state_mse": 0.007725713143940845,
      "h125/outcome_drop_episode_count": 3,
      "h125/outcome_drop_final_state_mse": 0.0045810118317604065,
      "h125/outcome_drop_state_mse": 0.005725004807017208,
      "h125/outcome_jam_episode_count": 3,
      "h125/outcome_jam_final_state_mse": 0.00735793355243658,
      "h125/outcome_jam_state_mse": 0.0077764530555874695,
      "h125/outcome_miss_episode_count": 3,
      "h125/outcome_miss_final_state_mse": 0.012846315023945827,
      "h125/outcome_miss_state_mse": 0.010420390808504392,
      "h125/outcome_partial_episode_count": 3,
      "h125/outcome_partial_final_state_mse": 0.006891909572813246,
      "h125/outcome_partial_state_mse": 0.006473445717805351,
      "h125/outcome_success_episode_count": 3,
      "h125/outcome_success_final_state_mse": 0.006951398076185214,
      "h125/outcome_success_state_mse": 0.007547419130412581,
      "h125/state_mse": 0.0075885429432189545,
      "h20/episode_count": 15,
      "h20/final_state_mse": 0.008798590516732409,
      "h20/outcome_drop_episode_count": 3,
      "h20/outcome_drop_final_state_mse": 0.008228310864735274,
      "h20/outcome_drop_state_mse": 0.0032421812512516196,
      "h20/outcome_jam_episode_count": 3,
      "h20/outcome_jam_final_state_mse": 0.008475950340819514,
      "h20/outcome_jam_state_mse": 0.0036614303495369704,
      "h20/outcome_miss_episode_count": 3,
      "h20/outcome_miss_final_state_mse": 0.011174060160817664,
      "h20/outcome_miss_state_mse": 0.009152434230629915,
      "h20/outcome_partial_episode_count": 3,
      "h20/outcome_partial_final_state_mse": 0.008097026375384113,
      "h20/outcome_partial_state_mse": 0.0031392964467503665,
      "h20/outcome_success_episode_count": 3,
      "h20/outcome_success_final_state_mse": 0.008017600848783855,
      "h20/outcome_success_state_mse": 0.0031355713901956095,
      "h20/state_mse": 0.004466182733672896,
      "h30/episode_count": 15,
      "h30/final_state_mse": 0.005312915876799939,
      "h30/outcome_drop_episode_count": 3,
      "h30/outcome_drop_final_state_mse": 0.004849164850182003,
      "h30/outcome_drop_state_mse": 0.0036594951334602173,
      "h30/outcome_jam_episode_count": 3,
      "h30/outcome_jam_final_state_mse": 0.004932520533698836,
      "h30/outcome_jam_state_mse": 0.004057067567746364,
      "h30/outcome_miss_episode_count": 3,
      "h30/outcome_miss_final_state_mse": 0.007532051770515691,
      "h30/outcome_miss_state_mse": 0.008195150288101895,
      "h30/outcome_partial_episode_count": 3,
      "h30/outcome_partial_final_state_mse": 0.004573964215571585,
      "h30/outcome_partial_state_mse": 0.0035285857508125388,
      "h30/outcome_success_episode_count": 3,
      "h30/outcome_success_final_state_mse": 0.004676876942706264,
      "h30/outcome_success_state_mse": 0.00353765259121498,
      "h30/state_mse": 0.004595590229907067,
      "h40/episode_count": 15,
      "h40/final_state_mse": 0.013838008805817249,
      "h40/outcome_drop_episode_count": 3,
      "h40/outcome_drop_final_state_mse": 0.010344414150013644,
      "h40/outcome_drop_state_mse": 0.0047243002972571675,
      "h40/outcome_jam_episode_count": 3,
      "h40/outcome_jam_final_state_mse": 0.014176711050513524,
      "h40/outcome_jam_state_mse": 0.005422989761128145,
      "h40/outcome_miss_episode_count": 3,
      "h40/outcome_miss_final_state_mse": 0.015100333328340567,
      "h40/outcome_miss_state_mse": 0.008999429497064329,
      "h40/outcome_partial_episode_count": 3,
      "h40/outcome_partial_final_state_mse": 0.01459266488848169,
      "h40/outcome_partial_state_mse": 0.00491094051622877,
      "h40/outcome_success_episode_count": 3,
      "h40/outcome_success_final_state_mse": 0.014975926260543025,
      "h40/outcome_success_state_mse": 0.0049701385638293094,
      "h40/state_mse": 0.0058055598439733964,
      "h50/episode_count": 15,
      "h50/final_state_mse": 0.0057159112169851665,
      "h50/outcome_drop_episode_count": 3,
      "h50/outcome_drop_final_state_mse": 0.005066075015301798,
      "h50/outcome_drop_state_mse": 0.004998491947946985,
      "h50/outcome_jam_episode_count": 3,
      "h50/outcome_jam_final_state_mse": 0.006397013424658308,
      "h50/outcome_jam_state_mse": 0.005491844626034008,
      "h50/outcome_miss_episode_count": 3,
      "h50/outcome_miss_final_state_mse": 0.005968154840220034,
      "h50/outcome_miss_state_mse": 0.00823905520968967,
      "h50/outcome_partial_episode_count": 3,
      "h50/outcome_partial_final_state_mse": 0.0054853259056222205,
      "h50/outcome_partial_state_mse": 0.0049857153923682914,
      "h50/outcome_success_episode_count": 3,
      "h50/outcome_success_final_state_mse": 0.005662985146045685,
      "h50/outcome_success_state_mse": 0.005058762419457529,
      "h50/state_mse": 0.005754773906632966,
      "h75/episode_count": 15,
      "h75/final_state_mse": 0.009180766460942288,
      "h75/outcome_drop_episode_count": 3,
      "h75/outcome_drop_final_state_mse": 0.005709602065335691,
      "h75/outcome_drop_state_mse": 0.00523655926739728,
      "h75/outcome_jam_episode_count": 3,
      "h75/outcome_jam_final_state_mse": 0.01004057733062046,
      "h75/outcome_jam_state_mse": 0.00619622091322423,
      "h75/outcome_miss_episode_count": 3,
      "h75/outcome_miss_final_state_mse": 0.013482228213665532,
      "h75/outcome_miss_state_mse": 0.009161149899684267,
      "h75/outcome_partial_episode_count": 3,
      "h75/outcome_partial_final_state_mse": 0.007887224940692677,
      "h75/outcome_partial_state_mse": 0.00561624223630153,
      "h75/outcome_success_episode_count": 3,
      "h75/outcome_success_final_state_mse": 0.00878419848828534,
      "h75/outcome_success_state_mse": 0.005724886892148353,
      "h75/state_mse": 0.006387011825129357,
      "max_requested_horizon": 125,
      "reencode_period": 20,
      "rollout_mode": "periodic_20"
    },
    "periodic_5": {
      "episode_count": 15,
      "h10/episode_count": 15,
      "h10/final_state_mse": 0.002357897571488923,
      "h10/outcome_drop_episode_count": 3,
      "h10/outcome_drop_final_state_mse": 0.0016312240531631543,
      "h10/outcome_drop_state_mse": 0.0013983575736775118,
      "h10/outcome_jam_episode_count": 3,
      "h10/outcome_jam_final_state_mse": 0.0026826247865078495,
      "h10/outcome_jam_state_mse": 0.001955114119972279,
      "h10/outcome_miss_episode_count": 3,
      "h10/outcome_miss_final_state_mse": 0.004235347306806278,
      "h10/outcome_miss_state_mse": 0.011012377614289328,
      "h10/outcome_partial_episode_count": 3,
      "h10/outcome_partial_final_state_mse": 0.0016037524720422583,
      "h10/outcome_partial_state_mse": 0.001301773993018406,
      "h10/outcome_success_episode_count": 3,
      "h10/outcome_success_final_state_mse": 0.001636539165880166,
      "h10/outcome_success_state_mse": 0.0013245925015094233,
      "h10/state_mse": 0.003398442985185611,
      "h100/episode_count": 15,
      "h100/final_state_mse": 0.002871835933012121,
      "h100/outcome_drop_episode_count": 3,
      "h100/outcome_drop_final_state_mse": 0.0027453954654191835,
      "h100/outcome_drop_state_mse": 0.002553563772463331,
      "h100/outcome_jam_episode_count": 3,
      "h100/outcome_jam_final_state_mse": 0.0033006132428163018,
      "h100/outcome_jam_state_mse": 0.002994675168804094,
      "h100/outcome_miss_episode_count": 3,
      "h100/outcome_miss_final_state_mse": 0.0029043917318964316,
      "h100/outcome_miss_state_mse": 0.0036813052806978913,
      "h100/outcome_partial_episode_count": 3,
      "h100/outcome_partial_final_state_mse": 0.0026602224976408715,
      "h100/outcome_partial_state_mse": 0.002098842259326012,
      "h100/outcome_success_episode_count": 3,
      "h100/outcome_success_final_state_mse": 0.0027485564594564873,
      "h100/outcome_success_state_mse": 0.0022784759795743655,
      "h100/state_mse": 0.0027213725171058006,
      "h125/episode_count": 15,
      "h125/final_state_mse": 0.0034972920137293197,
      "h125/outcome_drop_episode_count": 3,
      "h125/outcome_drop_final_state_mse": 0.004236978302204531,
      "h125/outcome_drop_state_mse": 0.0027550785338956545,
      "h125/outcome_jam_episode_count": 3,
      "h125/outcome_jam_final_state_mse": 0.004079972558161791,
      "h125/outcome_jam_state_mse": 0.0032241767434512867,
      "h125/outcome_miss_episode_count": 3,
      "h125/outcome_miss_final_state_mse": 0.003750904177139008,
      "h125/outcome_miss_state_mse": 0.0037071736653645835,
      "h125/outcome_partial_episode_count": 3,
      "h125/outcome_partial_final_state_mse": 0.0023133632501745535,
      "h125/outcome_partial_state_mse": 0.0022170096503363714,
      "h125/outcome_success_episode_count": 3,
      "h125/outcome_success_final_state_mse": 0.0031052426088090035,
      "h125/outcome_success_state_mse": 0.0024214637108098446,
      "h125/state_mse": 0.0028649803410947714,
      "h20/episode_count": 15,
      "h20/final_state_mse": 0.002385907702975803,
      "h20/outcome_drop_episode_count": 3,
      "h20/outcome_drop_final_state_mse": 0.002160102128982544,
      "h20/outcome_drop_state_mse": 0.001660368372412289,
      "h20/outcome_jam_episode_count": 3,
      "h20/outcome_jam_final_state_mse": 0.002518007178711735,
      "h20/outcome_jam_state_mse": 0.0022138781796873005,
      "h20/outcome_miss_episode_count": 3,
      "h20/outcome_miss_final_state_mse": 0.0033837972221031688,
      "h20/outcome_miss_state_mse": 0.007624101950452219,
      "h20/outcome_partial_episode_count": 3,
      "h20/outcome_partial_final_state_mse": 0.001911829718772103,
      "h20/outcome_partial_state_mse": 0.0015708185099308786,
      "h20/outcome_success_episode_count": 3,
      "h20/outcome_success_final_state_mse": 0.0019558034106796863,
      "h20/outcome_success_state_mse": 0.0015986195187163508,
      "h20/state_mse": 0.0029335572984483505,
      "h30/episode_count": 15,
      "h30/final_state_mse": 0.001810848323348301,
      "h30/outcome_drop_episode_count": 3,
      "h30/outcome_drop_final_state_mse": 0.001573127907475615,
      "h30/outcome_drop_state_mse": 0.0017524328366863443,
      "h30/outcome_jam_episode_count": 3,
      "h30/outcome_jam_final_state_mse": 0.0020242701071539735,
      "h30/outcome_jam_state_mse": 0.002294238616178758,
      "h30/outcome_miss_episode_count": 3,
      "h30/outcome_miss_final_state_mse": 0.0021893315358099594,
      "h30/outcome_miss_state_mse": 0.006059709561416526,
      "h30/outcome_partial_episode_count": 3,
      "h30/outcome_partial_final_state_mse": 0.0015997254575779234,
      "h30/outcome_partial_state_mse": 0.001659354716864027,
      "h30/outcome_success_episode_count": 3,
      "h30/outcome_success_final_state_mse": 0.0016677863408927046,
      "h30/outcome_success_state_mse": 0.0016840035879014624,
      "h30/state_mse": 0.0026899479884727327,
      "h40/episode_count": 15,
      "h40/final_state_mse": 0.0018358807158625984,
      "h40/outcome_drop_episode_count": 3,
      "h40/outcome_drop_final_state_mse": 0.0019100062743900648,
      "h40/outcome_drop_state_mse": 0.0018805219457040424,
      "h40/outcome_jam_episode_count": 3,
      "h40/outcome_jam_final_state_mse": 0.0017907211155283684,
      "h40/outcome_jam_state_mse": 0.002278079316506978,
      "h40/outcome_miss_episode_count": 3,
      "h40/outcome_miss_final_state_mse": 0.0021076190218426824,
      "h40/outcome_miss_state_mse": 0.005160451948253158,
      "h40/outcome_partial_episode_count": 3,
      "h40/outcome_partial_final_state_mse": 0.0016944516766694635,
      "h40/outcome_partial_state_mse": 0.0016760355506847107,
      "h40/outcome_success_episode_count": 3,
      "h40/outcome_success_final_state_mse": 0.0016766058317586488,
      "h40/outcome_success_state_mse": 0.0016997502520193462,
      "h40/state_mse": 0.002538967755884906,
      "h50/episode_count": 15,
      "h50/final_state_mse": 0.0020966690350202174,
      "h50/outcome_drop_episode_count": 3,
      "h50/outcome_drop_final_state_mse": 0.0021433890401537903,
      "h50/outcome_drop_state_mse": 0.002092361387863658,
      "h50/outcome_jam_episode_count": 3,
      "h50/outcome_jam_final_state_mse": 0.0029703234048450693,
      "h50/outcome_jam_state_mse": 0.002362167383331099,
      "h50/outcome_miss_episode_count": 3,
      "h50/outcome_miss_final_state_mse": 0.0018351115042867224,
      "h50/outcome_miss_state_mse": 0.00456718874912636,
      "h50/outcome_partial_episode_count": 3,
      "h50/outcome_partial_final_state_mse": 0.001732530254943698,
      "h50/outcome_partial_state_mse": 0.0017221036923477074,
      "h50/outcome_success_episode_count": 3,
      "h50/outcome_success_final_state_mse": 0.0018019914334895565,
      "h50/outcome_success_state_mse": 0.0017463584351383782,
      "h50/state_mse": 0.0024980359046287786,
      "h75/episode_count": 15,
      "h75/final_state_mse": 0.003995758567760193,
      "h75/outcome_drop_episode_count": 3,
      "h75/outcome_drop_final_state_mse": 0.0036197990617331337,
      "h75/outcome_drop_state_mse": 0.002434884239645565,
      "h75/outcome_jam_episode_count": 3,
      "h75/outcome_jam_final_state_mse": 0.004720130290081299,
      "h75/outcome_jam_state_mse": 0.002746767031601052,
      "h75/outcome_miss_episode_count": 3,
      "h75/outcome_miss_final_state_mse": 0.004445732467704349,
      "h75/outcome_miss_state_mse": 0.003919909358803743,
      "h75/outcome_partial_episode_count": 3,
      "h75/outcome_partial_final_state_mse": 0.002932391086824579,
      "h75/outcome_partial_state_mse": 0.0020024132572747525,
      "h75/outcome_success_episode_count": 3,
      "h75/outcome_success_final_state_mse": 0.004260740273333842,
      "h75/outcome_success_state_mse": 0.0020849596908669066,
      "h75/state_mse": 0.0026377867987472767,
      "max_requested_horizon": 125,
      "reencode_period": 5,
      "rollout_mode": "periodic_5"
    },
    "periodic_50": {
      "episode_count": 15,
      "h10/episode_count": 15,
      "h10/final_state_mse": 0.002830232046788035,
      "h10/outcome_drop_episode_count": 3,
      "h10/outcome_drop_final_state_mse": 0.001985259573249256,
      "h10/outcome_drop_state_mse": 0.0014539727782891467,
      "h10/outcome_jam_episode_count": 3,
      "h10/outcome_jam_final_state_mse": 0.0034438849858988343,
      "h10/outcome_jam_state_mse": 0.0020498275367263094,
      "h10/outcome_miss_episode_count": 3,
      "h10/outcome_miss_final_state_mse": 0.004656089676751031,
      "h10/outcome_miss_state_mse": 0.011050955921995873,
      "h10/outcome_partial_episode_count": 3,
      "h10/outcome_partial_final_state_mse": 0.002032671367226083,
      "h10/outcome_partial_state_mse": 0.0013678177119859684,
      "h10/outcome_success_episode_count": 3,
      "h10/outcome_success_final_state_mse": 0.0020332544847251545,
      "h10/outcome_success_state_mse": 0.0013825992743174236,
      "h10/state_mse": 0.0034610349368425757,
      "h100/episode_count": 15,
      "h100/final_state_mse": 810.4446895424836,
      "h100/outcome_drop_episode_count": 3,
      "h100/outcome_drop_final_state_mse": 892.4440870098039,
      "h100/outcome_drop_state_mse": 43.22078227124183,
      "h100/outcome_jam_episode_count": 3,
      "h100/outcome_jam_final_state_mse": 839.8822125204248,
      "h100/outcome_jam_state_mse": 40.70695210375817,
      "h100/outcome_miss_episode_count": 3,
      "h100/outcome_miss_final_state_mse": 664.6086601307189,
      "h100/outcome_miss_state_mse": 36.164573631535944,
      "h100/outcome_partial_episode_count": 3,
      "h100/outcome_partial_final_state_mse": 823.8825444240196,
      "h100/outcome_partial_state_mse": 40.334073733660134,
      "h100/outcome_success_episode_count": 3,
      "h100/outcome_success_final_state_mse": 831.4057202308006,
      "h100/outcome_success_state_mse": 40.725121017156866,
      "h100/state_mse": 40.230300653594774,
      "h125/episode_count": 15,
      "h125/final_state_mse": 395.0652777777778,
      "h125/outcome_drop_episode_count": 3,
      "h125/outcome_drop_final_state_mse": 379.920330371732,
      "h125/outcome_drop_state_mse": 64.81501715686275,
      "h125/outcome_jam_episode_count": 3,
      "h125/outcome_jam_final_state_mse": 389.87851051879085,
      "h125/outcome_jam_state_mse": 62.93147549019608,
      "h125/outcome_miss_episode_count": 3,
      "h125/outcome_miss_final_state_mse": 401.4236621732026,
      "h125/outcome_miss_state_mse": 47.857293300653595,
      "h125/outcome_partial_episode_count": 3,
      "h125/outcome_partial_final_state_mse": 399.28168402777777,
      "h125/outcome_partial_state_mse": 63.446636437908495,
      "h125/outcome_success_episode_count": 3,
      "h125/outcome_success_final_state_mse": 404.8219784007353,
      "h125/outcome_success_state_mse": 64.2070024509804,
      "h125/state_mse": 60.65148235294118,
      "h20/episode_count": 15,
      "h20/final_state_mse": 0.008798590516732409,
      "h20/outcome_drop_episode_count": 3,
      "h20/outcome_drop_final_state_mse": 0.008228310864735274,
      "h20/outcome_drop_state_mse": 0.0032421812512516196,
      "h20/outcome_jam_episode_count": 3,
      "h20/outcome_jam_final_state_mse": 0.008475950340819514,
      "h20/outcome_jam_state_mse": 0.0036614303495369704,
      "h20/outcome_miss_episode_count": 3,
      "h20/outcome_miss_final_state_mse": 0.011174060160817664,
      "h20/outcome_miss_state_mse": 0.009152434230629915,
      "h20/outcome_partial_episode_count": 3,
      "h20/outcome_partial_final_state_mse": 0.008097026375384113,
      "h20/outcome_partial_state_mse": 0.0031392964467503665,
      "h20/outcome_success_episode_count": 3,
      "h20/outcome_success_final_state_mse": 0.008017600848783855,
      "h20/outcome_success_state_mse": 0.0031355713901956095,
      "h20/state_mse": 0.004466182733672896,
      "h30/episode_count": 15,
      "h30/final_state_mse": 0.027853862288730595,
      "h30/outcome_drop_episode_count": 3,
      "h30/outcome_drop_final_state_mse": 0.02179797841053383,
      "h30/outcome_drop_state_mse": 0.0070150170191181,
      "h30/outcome_jam_episode_count": 3,
      "h30/outcome_jam_final_state_mse": 0.02224376038009045,
      "h30/outcome_jam_state_mse": 0.007327100654053532,
      "h30/outcome_miss_episode_count": 3,
      "h30/outcome_miss_final_state_mse": 0.05210316570755703,
      "h30/outcome_miss_state_mse": 0.015513168285095615,
      "h30/outcome_partial_episode_count": 3,
      "h30/outcome_partial_final_state_mse": 0.021439241817574096,
      "h30/outcome_partial_state_mse": 0.0068418338667593235,
      "h30/outcome_success_episode_count": 3,
      "h30/outcome_success_final_state_mse": 0.021685158115586425,
      "h30/outcome_success_state_mse": 0.006884808322183447,
      "h30/state_mse": 0.00871638611770663,
      "h40/episode_count": 15,
      "h40/final_state_mse": 0.1988034516378166,
      "h40/outcome_drop_episode_count": 3,
      "h40/outcome_drop_final_state_mse": 0.14496106727450503,
      "h40/outcome_drop_state_mse": 0.021361912621392143,
      "h40/outcome_jam_episode_count": 3,
      "h40/outcome_jam_final_state_mse": 0.1698545038310531,
      "h40/outcome_jam_state_mse": 0.023434124740899776,
      "h40/outcome_miss_episode_count": 3,
      "h40/outcome_miss_final_state_mse": 0.34946026521570545,
      "h40/outcome_miss_state_mse": 0.04833248113495073,
      "h40/outcome_partial_episode_count": 3,
      "h40/outcome_partial_final_state_mse": 0.1631628859276865,
      "h40/outcome_partial_state_mse": 0.022225637373581433,
      "h40/outcome_success_episode_count": 3,
      "h40/outcome_success_final_state_mse": 0.16657859827178756,
      "h40/outcome_success_state_mse": 0.02249573383455962,
      "h40/state_mse": 0.02756997700610192,
      "h50/episode_count": 15,
      "h50/final_state_mse": 2.9297535615808825,
      "h50/outcome_drop_episode_count": 3,
      "h50/outcome_drop_final_state_mse": 2.0149096569983787,
      "h50/outcome_drop_state_mse": 0.18858757467830883,
      "h50/outcome_jam_episode_count": 3,
      "h50/outcome_jam_final_state_mse": 2.117335238487892,
      "h50/outcome_jam_state_mse": 0.19898437699461294,
      "h50/outcome_miss_episode_count": 3,
      "h50/outcome_miss_final_state_mse": 6.380331600413603,
      "h50/outcome_miss_state_mse": 0.5402177798202614,
      "h50/outcome_partial_episode_count": 3,
      "h50/outcome_partial_final_state_mse": 2.063568676219267,
      "h50/outcome_partial_state_mse": 0.19349670609617545,
      "h50/outcome_success_episode_count": 3,
      "h50/outcome_success_final_state_mse": 2.072623458563113,
      "h50/outcome_success_state_mse": 0.1950699969522314,
      "h50/state_mse": 0.26327129289215684,
      "h75/episode_count": 15,
      "h75/final_state_mse": 2.061968475541258,
      "h75/outcome_drop_episode_count": 3,
      "h75/outcome_drop_final_state_mse": 2.337006562675526,
      "h75/outcome_drop_state_mse": 0.3454693297674973,
      "h75/outcome_jam_episode_count": 3,
      "h75/outcome_jam_final_state_mse": 2.20025300667956,
      "h75/outcome_jam_state_mse": 0.34259510314542485,
      "h75/outcome_miss_episode_count": 3,
      "h75/outcome_miss_final_state_mse": 1.197603013780382,
      "h75/outcome_miss_state_mse": 0.5745838226783769,
      "h75/outcome_partial_episode_count": 3,
      "h75/outcome_partial_final_state_mse": 2.2710084852829477,
      "h75/outcome_partial_state_mse": 0.3449296513310185,
      "h75/outcome_success_episode_count": 3,
      "h75/outcome_success_final_state_mse": 2.303970985163271,
      "h75/outcome_success_state_mse": 0.34771974783837145,
      "h75/state_mse": 0.39105950435729847,
      "max_requested_horizon": 125,
      "reencode_period": 50,
      "rollout_mode": "periodic_50"
    }
  },
  "split": "test",
  "support_alignment": {
    "contact_phase": {
      "contact_phase_family_ari": 0.0,
      "contact_phase_family_nmi": 0.0,
      "contact_phase_family_purity": 0.9996668887408394,
      "contact_phase_sample_count": 3002.0,
      "h_contact_phase_given_family": 0.0030002889533867266,
      "h_family_given_contact_phase": 0.0,
      "unique_contact_phase_count": 2.0,
      "unique_family_count": 1.0
    },
    "contact_phase_alignment_available": true,
    "evaluated_state_count": 3017,
    "family_count": 1,
    "mean_family_similarity": 0.6252198815345764,
    "mean_support_size": 249.32847199204508,
    "outcome_alignment_available": true,
    "outcome_state": {
      "h_family_given_outcome": 0.0,
      "h_outcome_given_family": 1.6094379124341005,
      "outcome_family_ari": 0.0,
      "outcome_family_nmi": 0.0,
      "outcome_family_purity": 0.2,
      "outcome_sample_count": 15.0,
      "unique_family_count": 1.0,
      "unique_outcome_count": 5.0
    },
    "status": "ok",
    "unassigned_state_fraction": 0.0,
    "validation_state_count": 2346
  },
  "support_threshold": 0.2
}
{
  "best_periodic_rollout": {
    "episode_count": 15,
    "h10/episode_count": 15,
    "h10/final_state_mse": 0.0025154210383595984,
    "h10/outcome_drop_episode_count": 3,
    "h10/outcome_drop_final_state_mse": 0.0017606322136190203,
    "h10/outcome_drop_state_mse": 0.001474985772488164,
    "h10/outcome_jam_episode_count": 3,
    "h10/outcome_jam_final_state_mse": 0.002860449546692418,
    "h10/outcome_jam_state_mse": 0.002033657926359987,
    "h10/outcome_miss_episode_count": 3,
    "h10/outcome_miss_final_state_mse": 0.004407056990791769,
    "h10/outcome_miss_state_mse": 0.011003877134884104,
    "h10/outcome_partial_episode_count": 3,
    "h10/outcome_partial_final_state_mse": 0.001758043526434431,
    "h10/outcome_partial_state_mse": 0.0013839452874426748,
    "h10/outcome_success_episode_count": 3,
    "h10/outcome_success_final_state_mse": 0.001790922914260353,
    "h10/outcome_success_state_mse": 0.0014033898419024897,
    "h10/selected_mode": "periodic_5",
    "h10/selected_period": 5,
    "h10/state_mse": 0.0034599713094873364,
    "h100/episode_count": 15,
    "h100/final_state_mse": 0.0027154959884344364,
    "h100/outcome_drop_episode_count": 3,
    "h100/outcome_drop_final_state_mse": 0.0028870402792699978,
    "h100/outcome_drop_state_mse": 0.0025534934000252117,
    "h100/outcome_jam_episode_count": 3,
    "h100/outcome_jam_final_state_mse": 0.002987659858917099,
    "h100/outcome_jam_state_mse": 0.0029582307229634205,
    "h100/outcome_miss_episode_count": 3,
    "h100/outcome_miss_final_state_mse": 0.0025740968538265603,
    "h100/outcome_miss_state_mse": 0.00362309748830359,
    "h100/outcome_partial_episode_count": 3,
    "h100/outcome_partial_final_state_mse": 0.0023133428462969712,
    "h100/outcome_partial_state_mse": 0.0021063244888205935,
    "h100/outcome_success_episode_count": 3,
    "h100/outcome_success_final_state_mse": 0.0028153395925471984,
    "h100/outcome_success_state_mse": 0.0023142820557737662,
    "h100/selected_mode": "periodic_5",
    "h100/selected_period": 5,
    "h100/state_mse": 0.0027110853008195466,
    "h125/episode_count": 15,
    "h125/final_state_mse": 0.0036435900170818654,
    "h125/outcome_drop_episode_count": 3,
    "h125/outcome_drop_final_state_mse": 0.004198068789407319,
    "h125/outcome_drop_state_mse": 0.0027628166846979676,
    "h125/outcome_jam_episode_count": 3,
    "h125/outcome_jam_final_state_mse": 0.004209369128825618,
    "h125/outcome_jam_state_mse": 0.0031483987047781353,
    "h125/outcome_miss_episode_count": 3,
    "h125/outcome_miss_final_state_mse": 0.004306663436437744,
    "h125/outcome_miss_state_mse": 0.0036449984880833845,
    "h125/outcome_partial_episode_count": 3,
    "h125/outcome_partial_final_state_mse": 0.0022285955111964856,
    "h125/outcome_partial_state_mse": 0.002181639278636259,
    "h125/outcome_success_episode_count": 3,
    "h125/outcome_success_final_state_mse": 0.003275253268238766,
    "h125/outcome_success_state_mse": 0.002460832084705627,
    "h125/selected_mode": "periodic_5",
    "h125/selected_period": 5,
    "h125/state_mse": 0.002839736838745915,
    "h20/episode_count": 15,
    "h20/final_state_mse": 0.002450153874415977,
    "h20/outcome_drop_episode_count": 3,
    "h20/outcome_drop_final_state_mse": 0.0023246588416738446,
    "h20/outcome_drop_state_mse": 0.0017875531919641433,
    "h20/outcome_jam_episode_count": 3,
    "h20/outcome_jam_final_state_mse": 0.0025692548529774534,
    "h20/outcome_jam_state_mse": 0.002350209702074138,
    "h20/outcome_miss_episode_count": 3,
    "h20/outcome_miss_final_state_mse": 0.0032351098808587764,
    "h20/outcome_miss_state_mse": 0.0075574480630213915,
    "h20/outcome_partial_episode_count": 3,
    "h20/outcome_partial_final_state_mse": 0.002045493159029219,
    "h20/outcome_partial_state_mse": 0.0017060448141659008,
    "h20/outcome_success_episode_count": 3,
    "h20/outcome_success_final_state_mse": 0.002076254025393841,
    "h20/outcome_success_state_mse": 0.001729533095764958,
    "h20/selected_mode": "periodic_5",
    "h20/selected_period": 5,
    "h20/state_mse": 0.003026157453948376,
    "h30/episode_count": 15,
    "h30/final_state_mse": 0.0019052742353451797,
    "h30/outcome_drop_episode_count": 3,
    "h30/outcome_drop_final_state_mse": 0.0017221673251756656,
    "h30/outcome_drop_state_mse": 0.00188615218226946,
    "h30/outcome_jam_episode_count": 3,
    "h30/outcome_jam_final_state_mse": 0.002141546628444023,
    "h30/outcome_jam_state_mse": 0.0024286428048460053,
    "h30/outcome_miss_episode_count": 3,
    "h30/outcome_miss_final_state_mse": 0.002079210980655321,
    "h30/outcome_miss_state_mse": 0.005944886550404667,
    "h30/outcome_partial_episode_count": 3,
    "h30/outcome_partial_final_state_mse": 0.0017530608167445737,
    "h30/outcome_partial_state_mse": 0.0018024729747398228,
    "h30/outcome_success_episode_count": 3,
    "h30/outcome_success_final_state_mse": 0.0018303848413470524,
    "h30/outcome_success_state_mse": 0.00182393594504961,
    "h30/selected_mode": "periodic_5",
    "h30/selected_period": 5,
    "h30/state_mse": 0.00277721812262774,
    "h40/episode_count": 15,
    "h40/final_state_mse": 0.001881021767659904,
    "h40/outcome_drop_episode_count": 3,
    "h40/outcome_drop_final_state_mse": 0.0019014008538006178,
    "h40/outcome_drop_state_mse": 0.0019817856791751838,
    "h40/outcome_jam_episode_count": 3,
    "h40/outcome_jam_final_state_mse": 0.0018630451918427461,
    "h40/outcome_jam_state_mse": 0.002420739956151426,
    "h40/outcome_miss_episode_count": 3,
    "h40/outcome_miss_final_state_mse": 0.002061946183637856,
    "h40/outcome_miss_state_mse": 0.0050666604945862215,
    "h40/outcome_partial_episode_count": 3,
    "h40/outcome_partial_final_state_mse": 0.0017907062387154773,
    "h40/outcome_partial_state_mse": 0.0018243566058040444,
    "h40/outcome_success_episode_count": 3,
    "h40/outcome_success_final_state_mse": 0.0017880101998647053,
    "h40/outcome_success_state_mse": 0.0018466387698852938,
    "h40/selected_mode": "periodic_5",
    "h40/selected_period": 5,
    "h40/state_mse": 0.002628036199831495,
    "h50/episode_count": 15,
    "h50/final_state_mse": 0.00219219463323456,
    "h50/outcome_drop_episode_count": 3,
    "h50/outcome_drop_final_state_mse": 0.0022230221116854476,
    "h50/outcome_drop_state_mse": 0.0021663368449491615,
    "h50/outcome_jam_episode_count": 3,
    "h50/outcome_jam_final_state_mse": 0.0030353237795673945,
    "h50/outcome_jam_state_mse": 0.002494562809763391,
    "h50/outcome_miss_episode_count": 3,
    "h50/outcome_miss_final_state_mse": 0.001966283991445903,
    "h50/outcome_miss_state_mse": 0.0045220975314869604,
    "h50/outcome_partial_episode_count": 3,
    "h50/outcome_partial_final_state_mse": 0.0018264972939600352,
    "h50/outcome_partial_state_mse": 0.0018572695115033318,
    "h50/outcome_success_episode_count": 3,
    "h50/outcome_success_final_state_mse": 0.0019098452590649423,
    "h50/outcome_success_state_mse": 0.0018818212646284913,
    "h50/selected_mode": "periodic_5",
    "h50/selected_period": 5,
    "h50/state_mse": 0.0025844176049325982,
    "h75/episode_count": 15,
    "h75/final_state_mse": 0.003906009399812985,
    "h75/outcome_drop_episode_count": 3,
    "h75/outcome_drop_final_state_mse": 0.0034563613970295276,
    "h75/outcome_drop_state_mse": 0.00244069537825574,
    "h75/outcome_jam_episode_count": 3,
    "h75/outcome_jam_final_state_mse": 0.004743177857663896,
    "h75/outcome_jam_state_mse": 0.0028131739298502606,
    "h75/outcome_miss_episode_count": 3,
    "h75/outcome_miss_final_state_mse": 0.00413616006475648,
    "h75/outcome_miss_state_mse": 0.003908395455553641,
    "h75/outcome_partial_episode_count": 3,
    "h75/outcome_partial_final_state_mse": 0.0030526788600909165,
    "h75/outcome_partial_state_mse": 0.0020712328476583776,
    "h75/outcome_success_episode_count": 3,
    "h75/outcome_success_final_state_mse": 0.004141668916917315,
    "h75/outcome_success_state_mse": 0.002142926966183066,
    "h75/selected_mode": "periodic_5",
    "h75/selected_period": 5,
    "h75/state_mse": 0.002675284990298203,
    "max_requested_horizon": 125,
    "periodic_reencode_periods": [
      1,
      2,
      5,
      10,
      20,
      50,
      100
    ],
    "rollout_mode": "best_periodic"
  },
  "checkpoint": "runs/maniskill_insertion/perturbation_e20_5k_lista_refine_20260604_143125/lista_relu_a0p015_sp1em3_loops1/seed2/checkpoint.pt",
  "checkpoint_step": 1500,
  "dataset": "data/maniskill/perturbation_assessment_seed0_e20/all_setups.npz",
  "device": "cuda",
  "family_jaccard": 0.4,
  "horizons": [
    10,
    20,
    30,
    40,
    50,
    75,
    100,
    125
  ],
  "labels_used_for_training": false,
  "periodic_reencode_periods": [
    1,
    2,
    5,
    10,
    20,
    50,
    100
  ],
  "rollout": {
    "episode_count": 15,
    "h10/episode_count": 15,
    "h10/final_state_mse": 0.0030374028324301728,
    "h10/outcome_drop_episode_count": 3,
    "h10/outcome_drop_final_state_mse": 0.0022161627078757565,
    "h10/outcome_drop_state_mse": 0.001536562357073516,
    "h10/outcome_jam_episode_count": 3,
    "h10/outcome_jam_final_state_mse": 0.0036927486459414163,
    "h10/outcome_jam_state_mse": 0.0021323801255693623,
    "h10/outcome_miss_episode_count": 3,
    "h10/outcome_miss_final_state_mse": 0.004784927648656508,
    "h10/outcome_miss_state_mse": 0.010972702425289778,
    "h10/outcome_partial_episode_count": 3,
    "h10/outcome_partial_final_state_mse": 0.0022477666098697515,
    "h10/outcome_partial_state_mse": 0.0014477002075295043,
    "h10/outcome_success_episode_count": 3,
    "h10/outcome_success_final_state_mse": 0.002245409718525955,
    "h10/outcome_success_state_mse": 0.0014584628390330895,
    "h10/state_mse": 0.003509561376633987,
    "h100/episode_count": 15,
    "h100/final_state_mse": 366777.13986928103,
    "h100/outcome_drop_episode_count": 3,
    "h100/outcome_drop_final_state_mse": 284070.75163398695,
    "h100/outcome_drop_state_mse": 12563.391633986928,
    "h100/outcome_jam_episode_count": 3,
    "h100/outcome_jam_final_state_mse": 306976.55555555556,
    "h100/outcome_jam_state_mse": 13509.572026143791,
    "h100/outcome_miss_episode_count": 3,
    "h100/outcome_miss_final_state_mse": 671388.522875817,
    "h100/outcome_miss_state_mse": 32896.609150326796,
    "h100/outcome_partial_episode_count": 3,
    "h100/outcome_partial_final_state_mse": 284447.9411764706,
    "h100/outcome_partial_state_mse": 12588.078692810457,
    "h100/outcome_success_episode_count": 3,
    "h100/outcome_success_final_state_mse": 287001.862745098,
    "h100/outcome_success_state_mse": 12689.451241830066,
    "h100/state_mse": 16849.4197124183,
    "h125/episode_count": 15,
    "h125/final_state_mse": 307495511.675817,
    "h125/outcome_drop_episode_count": 3,
    "h125/outcome_drop_final_state_mse": 296682609.7777778,
    "h125/outcome_drop_state_mse": 9201743.349960783,
    "h125/outcome_jam_episode_count": 3,
    "h125/outcome_jam_final_state_mse": 293648209.9869281,
    "h125/outcome_jam_state_mse": 9284436.71759477,
    "h125/outcome_miss_episode_count": 3,
    "h125/outcome_miss_final_state_mse": 366146553.3071895,
    "h125/outcome_miss_state_mse": 12539997.699346405,
    "h125/outcome_partial_episode_count": 3,
    "h125/outcome_partial_final_state_mse": 289676465.3594771,
    "h125/outcome_partial_state_mse": 9085064.212078432,
    "h125/outcome_success_episode_count": 3,
    "h125/outcome_success_final_state_mse": 291323857.1503268,
    "h125/outcome_success_state_mse": 9122777.82420915,
    "h125/state_mse": 9846803.703633986,
    "h20/episode_count": 15,
    "h20/final_state_mse": 0.010195886699202792,
    "h20/outcome_drop_episode_count": 3,
    "h20/outcome_drop_final_state_mse": 0.009277553437582029,
    "h20/outcome_drop_state_mse": 0.0037083474639194466,
    "h20/outcome_jam_episode_count": 3,
    "h20/outcome_jam_final_state_mse": 0.009492380556717417,
    "h20/outcome_jam_state_mse": 0.0041181239037731895,
    "h20/outcome_miss_episode_count": 3,
    "h20/outcome_miss_final_state_mse": 0.013999198581658158,
    "h20/outcome_miss_state_mse": 0.0097402934155433,
    "h20/outcome_partial_episode_count": 3,
    "h20/outcome_partial_final_state_mse": 0.00913474470182182,
    "h20/outcome_partial_state_mse": 0.0036046493481966405,
    "h20/outcome_success_episode_count": 3,
    "h20/outcome_success_final_state_mse": 0.009075557094773435,
    "h20/outcome_success_state_mse": 0.0036038261223462673,
    "h20/state_mse": 0.004955048405267054,
    "h30/episode_count": 15,
    "h30/final_state_mse": 0.029374632492564084,
    "h30/outcome_drop_episode_count": 3,
    "h30/outcome_drop_final_state_mse": 0.023131060054878784,
    "h30/outcome_drop_state_mse": 0.0077841102167931515,
    "h30/outcome_jam_episode_count": 3,
    "h30/outcome_jam_final_state_mse": 0.02380761757395626,
    "h30/outcome_jam_state_mse": 0.008114874596689262,
    "h30/outcome_miss_episode_count": 3,
    "h30/outcome_miss_final_state_mse": 0.05429375872892492,
    "h30/outcome_miss_state_mse": 0.017200413872213924,
    "h30/outcome_partial_episode_count": 3,
    "h30/outcome_partial_final_state_mse": 0.02274817734761955,
    "h30/outcome_partial_state_mse": 0.007582060392126278,
    "h30/outcome_success_episode_count": 3,
    "h30/outcome_success_final_state_mse": 0.022892549536586586,
    "h30/outcome_success_state_mse": 0.007626266624932715,
    "h30/state_mse": 0.009661544766561139,
    "h40/episode_count": 15,
    "h40/final_state_mse": 0.23289290284798816,
    "h40/outcome_drop_episode_count": 3,
    "h40/outcome_drop_final_state_mse": 0.15714209999134338,
    "h40/outcome_drop_state_mse": 0.023113050647810395,
    "h40/outcome_jam_episode_count": 3,
    "h40/outcome_jam_final_state_mse": 0.1737197801178577,
    "h40/outcome_jam_state_mse": 0.024679230708701937,
    "h40/outcome_miss_episode_count": 3,
    "h40/outcome_miss_final_state_mse": 0.4973025477789586,
    "h40/outcome_miss_state_mse": 0.058247672186957464,
    "h40/outcome_partial_episode_count": 3,
    "h40/outcome_partial_final_state_mse": 0.16657799365473727,
    "h40/outcome_partial_state_mse": 0.023415986229391658,
    "h40/outcome_success_episode_count": 3,
    "h40/outcome_success_final_state_mse": 0.16972213944578482,
    "h40/outcome_success_state_mse": 0.023753987418280706,
    "h40/state_mse": 0.030641986123876634,
    "h50/episode_count": 15,
    "h50/final_state_mse": 3.6766199448529413,
    "h50/outcome_drop_episode_count": 3,
    "h50/outcome_drop_final_state_mse": 2.075473760467729,
    "h50/outcome_drop_state_mse": 0.19827372631995507,
    "h50/outcome_jam_episode_count": 3,
    "h50/outcome_jam_final_state_mse": 2.162444345312181,
    "h50/outcome_jam_state_mse": 0.20627023734298408,
    "h50/outcome_miss_episode_count": 3,
    "h50/outcome_miss_final_state_mse": 9.99049816256255,
    "h50/outcome_miss_state_mse": 0.8268792604932598,
    "h50/outcome_partial_episode_count": 3,
    "h50/outcome_partial_final_state_mse": 2.065933676326976,
    "h50/outcome_partial_state_mse": 0.1970230401731005,
    "h50/outcome_success_episode_count": 3,
    "h50/outcome_success_final_state_mse": 2.0887495552013124,
    "h50/outcome_success_state_mse": 0.19975346185023488,
    "h50/state_mse": 0.3256399356617647,
    "h75/episode_count": 15,
    "h75/final_state_mse": 1048.9372549019608,
    "h75/outcome_drop_episode_count": 3,
    "h75/outcome_drop_final_state_mse": 697.0648935355392,
    "h75/outcome_drop_state_mse": 43.88376770152505,
    "h75/outcome_jam_episode_count": 3,
    "h75/outcome_jam_final_state_mse": 706.2572189031863,
    "h75/outcome_jam_state_mse": 43.90593171296296,
    "h75/outcome_miss_episode_count": 3,
    "h75/outcome_miss_final_state_mse": 2451.0952308006536,
    "h75/outcome_miss_state_mse": 167.83798338779957,
    "h75/outcome_partial_episode_count": 3,
    "h75/outcome_partial_final_state_mse": 693.2692440257352,
    "h75/outcome_partial_state_mse": 43.22287819989107,
    "h75/outcome_success_episode_count": 3,
    "h75/outcome_success_final_state_mse": 696.9996553308823,
    "h75/outcome_success_state_mse": 43.46013922930283,
    "h75/state_mse": 68.4621394335512,
    "max_requested_horizon": 125,
    "reencode_period": null,
    "rollout_mode": "no_reencode"
  },
  "rollout_modes": {
    "no_reencode": {
      "episode_count": 15,
      "h10/episode_count": 15,
      "h10/final_state_mse": 0.0030374028324301728,
      "h10/outcome_drop_episode_count": 3,
      "h10/outcome_drop_final_state_mse": 0.0022161627078757565,
      "h10/outcome_drop_state_mse": 0.001536562357073516,
      "h10/outcome_jam_episode_count": 3,
      "h10/outcome_jam_final_state_mse": 0.0036927486459414163,
      "h10/outcome_jam_state_mse": 0.0021323801255693623,
      "h10/outcome_miss_episode_count": 3,
      "h10/outcome_miss_final_state_mse": 0.004784927648656508,
      "h10/outcome_miss_state_mse": 0.010972702425289778,
      "h10/outcome_partial_episode_count": 3,
      "h10/outcome_partial_final_state_mse": 0.0022477666098697515,
      "h10/outcome_partial_state_mse": 0.0014477002075295043,
      "h10/outcome_success_episode_count": 3,
      "h10/outcome_success_final_state_mse": 0.002245409718525955,
      "h10/outcome_success_state_mse": 0.0014584628390330895,
      "h10/state_mse": 0.003509561376633987,
      "h100/episode_count": 15,
      "h100/final_state_mse": 366777.13986928103,
      "h100/outcome_drop_episode_count": 3,
      "h100/outcome_drop_final_state_mse": 284070.75163398695,
      "h100/outcome_drop_state_mse": 12563.391633986928,
      "h100/outcome_jam_episode_count": 3,
      "h100/outcome_jam_final_state_mse": 306976.55555555556,
      "h100/outcome_jam_state_mse": 13509.572026143791,
      "h100/outcome_miss_episode_count": 3,
      "h100/outcome_miss_final_state_mse": 671388.522875817,
      "h100/outcome_miss_state_mse": 32896.609150326796,
      "h100/outcome_partial_episode_count": 3,
      "h100/outcome_partial_final_state_mse": 284447.9411764706,
      "h100/outcome_partial_state_mse": 12588.078692810457,
      "h100/outcome_success_episode_count": 3,
      "h100/outcome_success_final_state_mse": 287001.862745098,
      "h100/outcome_success_state_mse": 12689.451241830066,
      "h100/state_mse": 16849.4197124183,
      "h125/episode_count": 15,
      "h125/final_state_mse": 307495511.675817,
      "h125/outcome_drop_episode_count": 3,
      "h125/outcome_drop_final_state_mse": 296682609.7777778,
      "h125/outcome_drop_state_mse": 9201743.349960783,
      "h125/outcome_jam_episode_count": 3,
      "h125/outcome_jam_final_state_mse": 293648209.9869281,
      "h125/outcome_jam_state_mse": 9284436.71759477,
      "h125/outcome_miss_episode_count": 3,
      "h125/outcome_miss_final_state_mse": 366146553.3071895,
      "h125/outcome_miss_state_mse": 12539997.699346405,
      "h125/outcome_partial_episode_count": 3,
      "h125/outcome_partial_final_state_mse": 289676465.3594771,
      "h125/outcome_partial_state_mse": 9085064.212078432,
      "h125/outcome_success_episode_count": 3,
      "h125/outcome_success_final_state_mse": 291323857.1503268,
      "h125/outcome_success_state_mse": 9122777.82420915,
      "h125/state_mse": 9846803.703633986,
      "h20/episode_count": 15,
      "h20/final_state_mse": 0.010195886699202792,
      "h20/outcome_drop_episode_count": 3,
      "h20/outcome_drop_final_state_mse": 0.009277553437582029,
      "h20/outcome_drop_state_mse": 0.0037083474639194466,
      "h20/outcome_jam_episode_count": 3,
      "h20/outcome_jam_final_state_mse": 0.009492380556717417,
      "h20/outcome_jam_state_mse": 0.0041181239037731895,
      "h20/outcome_miss_episode_count": 3,
      "h20/outcome_miss_final_state_mse": 0.013999198581658158,
      "h20/outcome_miss_state_mse": 0.0097402934155433,
      "h20/outcome_partial_episode_count": 3,
      "h20/outcome_partial_final_state_mse": 0.00913474470182182,
      "h20/outcome_partial_state_mse": 0.0036046493481966405,
      "h20/outcome_success_episode_count": 3,
      "h20/outcome_success_final_state_mse": 0.009075557094773435,
      "h20/outcome_success_state_mse": 0.0036038261223462673,
      "h20/state_mse": 0.004955048405267054,
      "h30/episode_count": 15,
      "h30/final_state_mse": 0.029374632492564084,
      "h30/outcome_drop_episode_count": 3,
      "h30/outcome_drop_final_state_mse": 0.023131060054878784,
      "h30/outcome_drop_state_mse": 0.0077841102167931515,
      "h30/outcome_jam_episode_count": 3,
      "h30/outcome_jam_final_state_mse": 0.02380761757395626,
      "h30/outcome_jam_state_mse": 0.008114874596689262,
      "h30/outcome_miss_episode_count": 3,
      "h30/outcome_miss_final_state_mse": 0.05429375872892492,
      "h30/outcome_miss_state_mse": 0.017200413872213924,
      "h30/outcome_partial_episode_count": 3,
      "h30/outcome_partial_final_state_mse": 0.02274817734761955,
      "h30/outcome_partial_state_mse": 0.007582060392126278,
      "h30/outcome_success_episode_count": 3,
      "h30/outcome_success_final_state_mse": 0.022892549536586586,
      "h30/outcome_success_state_mse": 0.007626266624932715,
      "h30/state_mse": 0.009661544766561139,
      "h40/episode_count": 15,
      "h40/final_state_mse": 0.23289290284798816,
      "h40/outcome_drop_episode_count": 3,
      "h40/outcome_drop_final_state_mse": 0.15714209999134338,
      "h40/outcome_drop_state_mse": 0.023113050647810395,
      "h40/outcome_jam_episode_count": 3,
      "h40/outcome_jam_final_state_mse": 0.1737197801178577,
      "h40/outcome_jam_state_mse": 0.024679230708701937,
      "h40/outcome_miss_episode_count": 3,
      "h40/outcome_miss_final_state_mse": 0.4973025477789586,
      "h40/outcome_miss_state_mse": 0.058247672186957464,
      "h40/outcome_partial_episode_count": 3,
      "h40/outcome_partial_final_state_mse": 0.16657799365473727,
      "h40/outcome_partial_state_mse": 0.023415986229391658,
      "h40/outcome_success_episode_count": 3,
      "h40/outcome_success_final_state_mse": 0.16972213944578482,
      "h40/outcome_success_state_mse": 0.023753987418280706,
      "h40/state_mse": 0.030641986123876634,
      "h50/episode_count": 15,
      "h50/final_state_mse": 3.6766199448529413,
      "h50/outcome_drop_episode_count": 3,
      "h50/outcome_drop_final_state_mse": 2.075473760467729,
      "h50/outcome_drop_state_mse": 0.19827372631995507,
      "h50/outcome_jam_episode_count": 3,
      "h50/outcome_jam_final_state_mse": 2.162444345312181,
      "h50/outcome_jam_state_mse": 0.20627023734298408,
      "h50/outcome_miss_episode_count": 3,
      "h50/outcome_miss_final_state_mse": 9.99049816256255,
      "h50/outcome_miss_state_mse": 0.8268792604932598,
      "h50/outcome_partial_episode_count": 3,
      "h50/outcome_partial_final_state_mse": 2.065933676326976,
      "h50/outcome_partial_state_mse": 0.1970230401731005,
      "h50/outcome_success_episode_count": 3,
      "h50/outcome_success_final_state_mse": 2.0887495552013124,
      "h50/outcome_success_state_mse": 0.19975346185023488,
      "h50/state_mse": 0.3256399356617647,
      "h75/episode_count": 15,
      "h75/final_state_mse": 1048.9372549019608,
      "h75/outcome_drop_episode_count": 3,
      "h75/outcome_drop_final_state_mse": 697.0648935355392,
      "h75/outcome_drop_state_mse": 43.88376770152505,
      "h75/outcome_jam_episode_count": 3,
      "h75/outcome_jam_final_state_mse": 706.2572189031863,
      "h75/outcome_jam_state_mse": 43.90593171296296,
      "h75/outcome_miss_episode_count": 3,
      "h75/outcome_miss_final_state_mse": 2451.0952308006536,
      "h75/outcome_miss_state_mse": 167.83798338779957,
      "h75/outcome_partial_episode_count": 3,
      "h75/outcome_partial_final_state_mse": 693.2692440257352,
      "h75/outcome_partial_state_mse": 43.22287819989107,
      "h75/outcome_success_episode_count": 3,
      "h75/outcome_success_final_state_mse": 696.9996553308823,
      "h75/outcome_success_state_mse": 43.46013922930283,
      "h75/state_mse": 68.4621394335512,
      "max_requested_horizon": 125,
      "reencode_period": null,
      "rollout_mode": "no_reencode"
    },
    "periodic_1": {
      "episode_count": 15,
      "h10/episode_count": 15,
      "h10/final_state_mse": 0.0029750104043997972,
      "h10/outcome_drop_episode_count": 3,
      "h10/outcome_drop_final_state_mse": 0.0018521716538207984,
      "h10/outcome_drop_state_mse": 0.0017133592780119453,
      "h10/outcome_jam_episode_count": 3,
      "h10/outcome_jam_final_state_mse": 0.0025360549197477452,
      "h10/outcome_jam_state_mse": 0.002228256689956765,
      "h10/outcome_miss_episode_count": 3,
      "h10/outcome_miss_final_state_mse": 0.006639338201946682,
      "h10/outcome_miss_state_mse": 0.011971800935034659,
      "h10/outcome_partial_episode_count": 3,
      "h10/outcome_partial_final_state_mse": 0.0019178755727468752,
      "h10/outcome_partial_state_mse": 0.0016165603025286805,
      "h10/outcome_success_episode_count": 3,
      "h10/outcome_success_final_state_mse": 0.0019296115763436734,
      "h10/outcome_success_state_mse": 0.001635540778340857,
      "h10/state_mse": 0.003833103553921569,
      "h100/episode_count": 15,
      "h100/final_state_mse": 0.006186537649117264,
      "h100/outcome_drop_episode_count": 3,
      "h100/outcome_drop_final_state_mse": 0.006484861467398849,
      "h100/outcome_drop_state_mse": 0.005915399189868004,
      "h100/outcome_jam_episode_count": 3,
      "h100/outcome_jam_final_state_mse": 0.004407489124466391,
      "h100/outcome_jam_state_mse": 0.004377651463926228,
      "h100/outcome_miss_episode_count": 3,
      "h100/outcome_miss_final_state_mse": 0.007867550733042699,
      "h100/outcome_miss_state_mse": 0.005831167432996962,
      "h100/outcome_partial_episode_count": 3,
      "h100/outcome_partial_final_state_mse": 0.009119637359201519,
      "h100/outcome_partial_state_mse": 0.00463503407497032,
      "h100/outcome_success_episode_count": 3,
      "h100/outcome_success_final_state_mse": 0.003053149756263284,
      "h100/outcome_success_state_mse": 0.004142244064729977,
      "h100/state_mse": 0.004980299207899306,
      "h125/episode_count": 15,
      "h125/final_state_mse": 0.008528587241577946,
      "h125/outcome_drop_episode_count": 3,
      "h125/outcome_drop_final_state_mse": 0.006220518179189146,
      "h125/outcome_drop_state_mse": 0.006012999391244128,
      "h125/outcome_jam_episode_count": 3,
      "h125/outcome_jam_final_state_mse": 0.005550900900286007,
      "h125/outcome_jam_state_mse": 0.0045670649709265215,
      "h125/outcome_miss_episode_count": 3,
      "h125/outcome_miss_final_state_mse": 0.014448298737893696,
      "h125/outcome_miss_state_mse": 0.006898405685923458,
      "h125/outcome_partial_episode_count": 3,
      "h125/outcome_partial_final_state_mse": 0.008425628048142576,
      "h125/outcome_partial_state_mse": 0.0054852610569374235,
      "h125/outcome_success_episode_count": 3,
      "h125/outcome_success_final_state_mse": 0.007997595017252404,
      "h125/outcome_success_state_mse": 0.0044609243355545345,
      "h125/state_mse": 0.0054849309385212415,
      "h20/episode_count": 15,
      "h20/final_state_mse": 0.004820682799894047,
      "h20/outcome_drop_episode_count": 3,
      "h20/outcome_drop_final_state_mse": 0.0039262251283218655,
      "h20/outcome_drop_state_mse": 0.0023502171429154142,
      "h20/outcome_jam_episode_count": 3,
      "h20/outcome_jam_final_state_mse": 0.00415379802385966,
      "h20/outcome_jam_state_mse": 0.002809612384808609,
      "h20/outcome_miss_episode_count": 3,
      "h20/outcome_miss_final_state_mse": 0.008625573484726201,
      "h20/outcome_miss_state_mse": 0.01027338816449533,
      "h20/outcome_partial_episode_count": 3,
      "h20/outcome_partial_final_state_mse": 0.003683554775574628,
      "h20/outcome_partial_state_mse": 0.0022932807604471844,
      "h20/outcome_success_episode_count": 3,
      "h20/outcome_success_final_state_mse": 0.0037142624165497572,
      "h20/outcome_success_state_mse": 0.0023153703976300805,
      "h20/state_mse": 0.004008373933679917,
      "h30/episode_count": 15,
      "h30/final_state_mse": 0.0038738163468105343,
      "h30/outcome_drop_episode_count": 3,
      "h30/outcome_drop_final_state_mse": 0.0035162696894866967,
      "h30/outcome_drop_state_mse": 0.0028103771812256124,
      "h30/outcome_jam_episode_count": 3,
      "h30/outcome_jam_final_state_mse": 0.0042981264345786155,
      "h30/outcome_jam_state_mse": 0.003262226254332299,
      "h30/outcome_miss_episode_count": 3,
      "h30/outcome_miss_final_state_mse": 0.0039542744946635625,
      "h30/outcome_miss_state_mse": 0.00874135946136674,
      "h30/outcome_partial_episode_count": 3,
      "h30/outcome_partial_final_state_mse": 0.0037437830534246233,
      "h30/outcome_partial_state_mse": 0.002777209780574624,
      "h30/outcome_success_episode_count": 3,
      "h30/outcome_success_final_state_mse": 0.003856627623629726,
      "h30/outcome_success_state_mse": 0.0028003565366491513,
      "h30/state_mse": 0.004078305977881604,
      "h40/episode_count": 15,
      "h40/final_state_mse": 0.0048352970796472884,
      "h40/outcome_drop_episode_count": 3,
      "h40/outcome_drop_final_state_mse": 0.007675339973050785,
      "h40/outcome_drop_state_mse": 0.0033529141369987936,
      "h40/outcome_jam_episode_count": 3,
      "h40/outcome_jam_final_state_mse": 0.0037318721316219154,
      "h40/outcome_jam_state_mse": 0.0034026655106762656,
      "h40/outcome_miss_episode_count": 3,
      "h40/outcome_miss_final_state_mse": 0.005313224652234246,
      "h40/outcome_miss_state_mse": 0.00770520306880178,
      "h40/outcome_partial_episode_count": 3,
      "h40/outcome_partial_final_state_mse": 0.003774026688797022,
      "h40/outcome_partial_state_mse": 0.0029665306113124674,
      "h40/outcome_success_episode_count": 3,
      "h40/outcome_success_final_state_mse": 0.003682020929903766,
      "h40/outcome_success_state_mse": 0.0029873393719492395,
      "h40/state_mse": 0.004082930321786918,
      "h50/episode_count": 15,
      "h50/final_state_mse": 0.005282885732214435,
      "h50/outcome_drop_episode_count": 3,
      "h50/outcome_drop_final_state_mse": 0.0074453053910747856,
      "h50/outcome_drop_state_mse": 0.004473762574538686,
      "h50/outcome_jam_episode_count": 3,
      "h50/outcome_jam_final_state_mse": 0.0041931980575611386,
      "h50/outcome_jam_state_mse": 0.003636239806031869,
      "h50/outcome_miss_episode_count": 3,
      "h50/outcome_miss_final_state_mse": 0.007440924254897373,
      "h50/outcome_miss_state_mse": 0.007503780664182177,
      "h50/outcome_partial_episode_count": 3,
      "h50/outcome_partial_final_state_mse": 0.0036557111767382402,
      "h50/outcome_partial_state_mse": 0.0031480115379383363,
      "h50/outcome_success_episode_count": 3,
      "h50/outcome_success_final_state_mse": 0.0036792885633855086,
      "h50/outcome_success_state_mse": 0.0031724374746185504,
      "h50/state_mse": 0.004386846405228758,
      "h75/episode_count": 15,
      "h75/final_state_mse": 0.007176491481805938,
      "h75/outcome_drop_episode_count": 3,
      "h75/outcome_drop_final_state_mse": 0.010419840906180587,
      "h75/outcome_drop_state_mse": 0.005569581341379868,
      "h75/outcome_jam_episode_count": 3,
      "h75/outcome_jam_final_state_mse": 0.006285184349109924,
      "h75/outcome_jam_state_mse": 0.004309121674182368,
      "h75/outcome_miss_episode_count": 3,
      "h75/outcome_miss_final_state_mse": 0.004463448682252099,
      "h75/outcome_miss_state_mse": 0.006169083040524152,
      "h75/outcome_partial_episode_count": 3,
      "h75/outcome_partial_final_state_mse": 0.006250834932514266,
      "h75/outcome_partial_state_mse": 0.003991946052102482,
      "h75/outcome_success_episode_count": 3,
      "h75/outcome_success_final_state_mse": 0.008463146250232373,
      "h75/outcome_success_state_mse": 0.004113121946912445,
      "h75/state_mse": 0.004830570661424292,
      "max_requested_horizon": 125,
      "reencode_period": 1,
      "rollout_mode": "periodic_1"
    },
    "periodic_10": {
      "episode_count": 15,
      "h10/episode_count": 15,
      "h10/final_state_mse": 0.003037403455746719,
      "h10/outcome_drop_episode_count": 3,
      "h10/outcome_drop_final_state_mse": 0.0022161630000553877,
      "h10/outcome_drop_state_mse": 0.0015365625713385787,
      "h10/outcome_jam_episode_count": 3,
      "h10/outcome_jam_final_state_mse": 0.003692747672009312,
      "h10/outcome_jam_state_mse": 0.002132380203483931,
      "h10/outcome_miss_episode_count": 3,
      "h10/outcome_miss_final_state_mse": 0.004784928427802192,
      "h10/outcome_miss_state_mse": 0.010972701490314957,
      "h10/outcome_partial_episode_count": 3,
      "h10/outcome_partial_final_state_mse": 0.002247766792482021,
      "h10/outcome_partial_state_mse": 0.001447700402315925,
      "h10/outcome_success_episode_count": 3,
      "h10/outcome_success_final_state_mse": 0.0022454100594021917,
      "h10/outcome_success_state_mse": 0.001458462761118521,
      "h10/state_mse": 0.003509561376633987,
      "h100/episode_count": 15,
      "h100/final_state_mse": 0.003425887986725452,
      "h100/outcome_drop_episode_count": 3,
      "h100/outcome_drop_final_state_mse": 0.002898346949246974,
      "h100/outcome_drop_state_mse": 0.0025691445980196683,
      "h100/outcome_jam_episode_count": 3,
      "h100/outcome_jam_final_state_mse": 0.004235652975397172,
      "h100/outcome_jam_state_mse": 0.0033501982221416397,
      "h100/outcome_miss_episode_count": 3,
      "h100/outcome_miss_final_state_mse": 0.0027460959904334124,
      "h100/outcome_miss_state_mse": 0.0035970689736160577,
      "h100/outcome_partial_episode_count": 3,
      "h100/outcome_partial_final_state_mse": 0.0028464175712049396,
      "h100/outcome_partial_state_mse": 0.0023642747542437386,
      "h100/outcome_success_episode_count": 3,
      "h100/outcome_success_final_state_mse": 0.004402924791660184,
      "h100/outcome_success_state_mse": 0.0026954893972359452,
      "h100/state_mse": 0.0029152351329529208,
      "h125/episode_count": 15,
      "h125/final_state_mse": 0.0038771211711409823,
      "h125/outcome_drop_episode_count": 3,
      "h125/outcome_drop_final_state_mse": 0.004049091849451751,
      "h125/outcome_drop_state_mse": 0.0027641104903875615,
      "h125/outcome_jam_episode_count": 3,
      "h125/outcome_jam_final_state_mse": 0.0047216667653688415,
      "h125/outcome_jam_state_mse": 0.0035509141909530737,
      "h125/outcome_miss_episode_count": 3,
      "h125/outcome_miss_final_state_mse": 0.004092768589460772,
      "h125/outcome_miss_state_mse": 0.003591677048627068,
      "h125/outcome_partial_episode_count": 3,
      "h125/outcome_partial_final_state_mse": 0.0026132247708981335,
      "h125/outcome_partial_state_mse": 0.002449893328099469,
      "h125/outcome_success_episode_count": 3,
      "h125/outcome_success_final_state_mse": 0.003908853417907665,
      "h125/outcome_success_state_mse": 0.0028841260024924683,
      "h125/state_mse": 0.00304814453125,
      "h20/episode_count": 15,
      "h20/final_state_mse": 0.0032432911442775354,
      "h20/outcome_drop_episode_count": 3,
      "h20/outcome_drop_final_state_mse": 0.003112246349356533,
      "h20/outcome_drop_state_mse": 0.0021126494688146254,
      "h20/outcome_jam_episode_count": 3,
      "h20/outcome_jam_final_state_mse": 0.0035511036129558787,
      "h20/outcome_jam_state_mse": 0.0027385093807394986,
      "h20/outcome_miss_episode_count": 3,
      "h20/outcome_miss_final_state_mse": 0.0036934120397941737,
      "h20/outcome_miss_state_mse": 0.007662647534040065,
      "h20/outcome_partial_episode_count": 3,
      "h20/outcome_partial_final_state_mse": 0.0029489434768561443,
      "h20/outcome_partial_state_mse": 0.0020485975383933075,
      "h20/outcome_success_episode_count": 3,
      "h20/outcome_success_final_state_mse": 0.0029107496580656838,
      "h20/outcome_success_state_mse": 0.0020458742684009027,
      "h20/state_mse": 0.003321655871821385,
      "h30/episode_count": 15,
      "h30/final_state_mse": 0.002749734143026514,
      "h30/outcome_drop_episode_count": 3,
      "h30/outcome_drop_final_state_mse": 0.002629607745440178,
      "h30/outcome_drop_state_mse": 0.002334403394354195,
      "h30/outcome_jam_episode_count": 3,
      "h30/outcome_jam_final_state_mse": 0.0029724426567554474,
      "h30/outcome_jam_state_mse": 0.0029300440370646956,
      "h30/outcome_miss_episode_count": 3,
      "h30/outcome_miss_final_state_mse": 0.002981988384443171,
      "h30/outcome_miss_state_mse": 0.006149263527398536,
      "h30/outcome_partial_episode_count": 3,
      "h30/outcome_partial_final_state_mse": 0.0025344798767488767,
      "h30/outcome_partial_state_mse": 0.0022635029292054683,
      "h30/outcome_success_episode_count": 3,
      "h30/outcome_success_final_state_mse": 0.0026301516621720557,
      "h30/outcome_success_state_mse": 0.00226403378713105,
      "h30/state_mse": 0.003188249509059266,
      "h40/episode_count": 15,
      "h40/final_state_mse": 0.0026219810535705167,
      "h40/outcome_drop_episode_count": 3,
      "h40/outcome_drop_final_state_mse": 0.002279704643620385,
      "h40/outcome_drop_state_mse": 0.0024091837063334345,
      "h40/outcome_jam_episode_count": 3,
      "h40/outcome_jam_final_state_mse": 0.0030378354287225436,
      "h40/outcome_jam_state_mse": 0.0029606204796460717,
      "h40/outcome_miss_episode_count": 3,
      "h40/outcome_miss_final_state_mse": 0.002256524036912357,
      "h40/outcome_miss_state_mse": 0.0051831917825088,
      "h40/outcome_partial_episode_count": 3,
      "h40/outcome_partial_final_state_mse": 0.0027837332557229433,
      "h40/outcome_partial_state_mse": 0.0023057321123048373,
      "h40/outcome_success_episode_count": 3,
      "h40/outcome_success_final_state_mse": 0.002752107294166789,
      "h40/outcome_success_state_mse": 0.0023092484552096697,
      "h40/state_mse": 0.003033595365636489,
      "h50/episode_count": 15,
      "h50/final_state_mse": 0.002750432257558785,
      "h50/outcome_drop_episode_count": 3,
      "h50/outcome_drop_final_state_mse": 0.002915918583573859,
      "h50/outcome_drop_state_mse": 0.002509875422209696,
      "h50/outcome_jam_episode_count": 3,
      "h50/outcome_jam_final_state_mse": 0.003686185901850657,
      "h50/outcome_jam_state_mse": 0.00301643514944837,
      "h50/outcome_miss_episode_count": 3,
      "h50/outcome_miss_final_state_mse": 0.002324397803521624,
      "h50/outcome_miss_state_mse": 0.004589895983926611,
      "h50/outcome_partial_episode_count": 3,
      "h50/outcome_partial_final_state_mse": 0.002352852690843196,
      "h50/outcome_partial_state_mse": 0.002326655761868346,
      "h50/outcome_success_episode_count": 3,
      "h50/outcome_success_final_state_mse": 0.0024728069654087613,
      "h50/outcome_success_state_mse": 0.0023357638190774355,
      "h50/state_mse": 0.002955725177440768,
      "h75/episode_count": 15,
      "h75/final_state_mse": 0.0038886537738874846,
      "h75/outcome_drop_episode_count": 3,
      "h75/outcome_drop_final_state_mse": 0.0031073775653745615,
      "h75/outcome_drop_state_mse": 0.0025604415095709506,
      "h75/outcome_jam_episode_count": 3,
      "h75/outcome_jam_final_state_mse": 0.004918598661235734,
      "h75/outcome_jam_state_mse": 0.0031607247645558875,
      "h75/outcome_miss_episode_count": 3,
      "h75/outcome_miss_final_state_mse": 0.004401729436092128,
      "h75/outcome_miss_state_mse": 0.00394434203769127,
      "h75/outcome_partial_episode_count": 3,
      "h75/outcome_partial_final_state_mse": 0.0029543794058506786,
      "h75/outcome_partial_state_mse": 0.002363510734375266,
      "h75/outcome_success_episode_count": 3,
      "h75/outcome_success_final_state_mse": 0.004061185602658715,
      "h75/outcome_success_state_mse": 0.002423296951260702,
      "h75/state_mse": 0.0028904633033769063,
      "max_requested_horizon": 125,
      "reencode_period": 10,
      "rollout_mode": "periodic_10"
    },
    "periodic_100": {
      "episode_count": 15,
      "h10/episode_count": 15,
      "h10/final_state_mse": 0.003037403455746719,
      "h10/outcome_drop_episode_count": 3,
      "h10/outcome_drop_final_state_mse": 0.0022161630000553877,
      "h10/outcome_drop_state_mse": 0.0015365625713385787,
      "h10/outcome_jam_episode_count": 3,
      "h10/outcome_jam_final_state_mse": 0.003692747672009312,
      "h10/outcome_jam_state_mse": 0.002132380203483931,
      "h10/outcome_miss_episode_count": 3,
      "h10/outcome_miss_final_state_mse": 0.004784928427802192,
      "h10/outcome_miss_state_mse": 0.010972701490314957,
      "h10/outcome_partial_episode_count": 3,
      "h10/outcome_partial_final_state_mse": 0.002247766792482021,
      "h10/outcome_partial_state_mse": 0.001447700402315925,
      "h10/outcome_success_episode_count": 3,
      "h10/outcome_success_final_state_mse": 0.0022454100594021917,
      "h10/outcome_success_state_mse": 0.001458462761118521,
      "h10/state_mse": 0.003509561376633987,
      "h100/episode_count": 15,
      "h100/final_state_mse": 366777.1816993464,
      "h100/outcome_drop_episode_count": 3,
      "h100/outcome_drop_final_state_mse": 284070.92810457514,
      "h100/outcome_drop_state_mse": 12563.391111111112,
      "h100/outcome_jam_episode_count": 3,
      "h100/outcome_jam_final_state_mse": 306976.5294117647,
      "h100/outcome_jam_state_mse": 13509.57045751634,
      "h100/outcome_miss_episode_count": 3,
      "h100/outcome_miss_final_state_mse": 671388.6405228758,
      "h100/outcome_miss_state_mse": 32896.61124183006,
      "h100/outcome_partial_episode_count": 3,
      "h100/outcome_partial_final_state_mse": 284448.03921568627,
      "h100/outcome_partial_state_mse": 12588.078954248365,
      "h100/outcome_success_episode_count": 3,
      "h100/outcome_success_final_state_mse": 287001.862745098,
      "h100/outcome_success_state_mse": 12689.451241830066,
      "h100/state_mse": 16849.4197124183,
      "h125/episode_count": 15,
      "h125/final_state_mse": 735701.3333333334,
      "h125/outcome_drop_episode_count": 3,
      "h125/outcome_drop_final_state_mse": 180046.0702614379,
      "h125/outcome_drop_state_mse": 20245.262222222223,
      "h125/outcome_jam_episode_count": 3,
      "h125/outcome_jam_final_state_mse": 192318.98039215687,
      "h125/outcome_jam_state_mse": 21187.6885751634,
      "h125/outcome_miss_episode_count": 3,
      "h125/outcome_miss_final_state_mse": 2941241.529411765,
      "h125/outcome_miss_state_mse": 133509.13338562092,
      "h125/outcome_partial_episode_count": 3,
      "h125/outcome_partial_final_state_mse": 183267.66666666666,
      "h125/outcome_partial_state_mse": 20275.47900653595,
      "h125/outcome_success_episode_count": 3,
      "h125/outcome_success_final_state_mse": 181632.56699346405,
      "h125/outcome_success_state_mse": 20288.67388235294,
      "h125/state_mse": 43101.2469124183,
      "h20/episode_count": 15,
      "h20/final_state_mse": 0.010195888569152434,
      "h20/outcome_drop_episode_count": 3,
      "h20/outcome_drop_final_state_mse": 0.009277554119334501,
      "h20/outcome_drop_state_mse": 0.0037083476976631515,
      "h20/outcome_jam_episode_count": 3,
      "h20/outcome_jam_final_state_mse": 0.009492382309795206,
      "h20/outcome_jam_state_mse": 0.0041181239037731895,
      "h20/outcome_miss_episode_count": 3,
      "h20/outcome_miss_final_state_mse": 0.013999200139949524,
      "h20/outcome_miss_state_mse": 0.009740294506347258,
      "h20/outcome_partial_episode_count": 3,
      "h20/outcome_partial_final_state_mse": 0.009134746162719976,
      "h20/outcome_partial_state_mse": 0.0036046495429830614,
      "h20/outcome_success_episode_count": 3,
      "h20/outcome_success_final_state_mse": 0.009075558360885172,
      "h20/outcome_success_state_mse": 0.003603826083388983,
      "h20/state_mse": 0.004955048405267054,
      "h30/episode_count": 15,
      "h30/final_state_mse": 0.02937463498583027,
      "h30/outcome_drop_episode_count": 3,
      "h30/outcome_drop_final_state_mse": 0.023131060834024466,
      "h30/outcome_drop_state_mse": 0.007784110009020969,
      "h30/outcome_jam_episode_count": 3,
      "h30/outcome_jam_final_state_mse": 0.0238076179635291,
      "h30/outcome_jam_state_mse": 0.008114874908347535,
      "h30/outcome_miss_episode_count": 3,
      "h30/outcome_miss_final_state_mse": 0.05429376807867312,
      "h30/outcome_miss_state_mse": 0.017200413872213924,
      "h30/outcome_partial_episode_count": 3,
      "h30/outcome_partial_final_state_mse": 0.022748179295483756,
      "h30/outcome_partial_state_mse": 0.00758206049601237,
      "h30/outcome_success_episode_count": 3,
      "h30/outcome_success_final_state_mse": 0.022892554211460688,
      "h30/outcome_success_state_mse": 0.007626266728818806,
      "h30/state_mse": 0.009661545431432121,
      "h40/episode_count": 15,
      "h40/final_state_mse": 0.23289292279411763,
      "h40/outcome_drop_episode_count": 3,
      "h40/outcome_drop_final_state_mse": 0.15714207817526424,
      "h40/outcome_drop_state_mse": 0.023113050647810395,
      "h40/outcome_jam_episode_count": 3,
      "h40/outcome_jam_final_state_mse": 0.17371981751685048,
      "h40/outcome_jam_state_mse": 0.024679230708701937,
      "h40/outcome_miss_episode_count": 3,
      "h40/outcome_miss_final_state_mse": 0.49730253531262764,
      "h40/outcome_miss_state_mse": 0.058247672186957464,
      "h40/outcome_partial_episode_count": 3,
      "h40/outcome_partial_final_state_mse": 0.16657798118840636,
      "h40/outcome_partial_state_mse": 0.02341598467110029,
      "h40/outcome_success_episode_count": 3,
      "h40/outcome_success_final_state_mse": 0.1697221550286985,
      "h40/outcome_success_state_mse": 0.023753986171647614,
      "h40/state_mse": 0.030641988118489585,
      "h50/episode_count": 15,
      "h50/final_state_mse": 3.6766202639910133,
      "h50/outcome_drop_episode_count": 3,
      "h50/outcome_drop_final_state_mse": 2.0754737355350668,
      "h50/outcome_drop_state_mse": 0.19827375424453636,
      "h50/outcome_jam_episode_count": 3,
      "h50/outcome_jam_final_state_mse": 2.1624442455815336,
      "h50/outcome_jam_state_mse": 0.20627024133220997,
      "h50/outcome_miss_episode_count": 3,
      "h50/outcome_miss_final_state_mse": 9.990499459060969,
      "h50/outcome_miss_state_mse": 0.8268792445363562,
      "h50/outcome_partial_episode_count": 3,
      "h50/outcome_partial_final_state_mse": 2.065933501798343,
      "h50/outcome_partial_state_mse": 0.1970230361838746,
      "h50/outcome_success_episode_count": 3,
      "h50/outcome_success_final_state_mse": 2.088749804527931,
      "h50/outcome_success_state_mse": 0.19975347381791259,
      "h50/state_mse": 0.32563996119281047,
      "h75/episode_count": 15,
      "h75/final_state_mse": 1048.9373366013072,
      "h75/outcome_drop_episode_count": 3,
      "h75/outcome_drop_final_state_mse": 697.065065870098,
      "h75/outcome_drop_state_mse": 43.88377246732026,
      "h75/outcome_jam_episode_count": 3,
      "h75/outcome_jam_final_state_mse": 706.2572125204248,
      "h75/outcome_jam_state_mse": 43.905928649237474,
      "h75/outcome_miss_episode_count": 3,
      "h75/outcome_miss_final_state_mse": 2451.0957414215686,
      "h75/outcome_miss_state_mse": 167.83798202614378,
      "h75/outcome_partial_episode_count": 3,
      "h75/outcome_partial_final_state_mse": 693.2690972222222,
      "h75/outcome_partial_state_mse": 43.22287343409586,
      "h75/outcome_success_episode_count": 3,
      "h75/outcome_success_final_state_mse": 696.9997829861111,
      "h75/outcome_success_state_mse": 43.46014195261438,
      "h75/state_mse": 68.4621394335512,
      "max_requested_horizon": 125,
      "reencode_period": 100,
      "rollout_mode": "periodic_100"
    },
    "periodic_2": {
      "episode_count": 15,
      "h10/episode_count": 15,
      "h10/final_state_mse": 0.002646405400793537,
      "h10/outcome_drop_episode_count": 3,
      "h10/outcome_drop_final_state_mse": 0.0017274769838728937,
      "h10/outcome_drop_state_mse": 0.0015632239042543898,
      "h10/outcome_jam_episode_count": 3,
      "h10/outcome_jam_final_state_mse": 0.002573117272916183,
      "h10/outcome_jam_state_mse": 0.0020581668498469334,
      "h10/outcome_miss_episode_count": 3,
      "h10/outcome_miss_final_state_mse": 0.005583921386525522,
      "h10/outcome_miss_state_mse": 0.011377150248857885,
      "h10/outcome_partial_episode_count": 3,
      "h10/outcome_partial_final_state_mse": 0.0016598113952508938,
      "h10/outcome_partial_state_mse": 0.0014434302943983888,
      "h10/outcome_success_episode_count": 3,
      "h10/outcome_success_final_state_mse": 0.0016876994297395345,
      "h10/outcome_success_state_mse": 0.001459319470754636,
      "h10/state_mse": 0.003580258438010621,
      "h100/episode_count": 15,
      "h100/final_state_mse": 0.003965342590232301,
      "h100/outcome_drop_episode_count": 3,
      "h100/outcome_drop_final_state_mse": 0.004722232619921367,
      "h100/outcome_drop_state_mse": 0.003912581462486117,
      "h100/outcome_jam_episode_count": 3,
      "h100/outcome_jam_final_state_mse": 0.0032781375681652744,
      "h100/outcome_jam_state_mse": 0.003297687355988945,
      "h100/outcome_miss_episode_count": 3,
      "h100/outcome_miss_final_state_mse": 0.0040010816715901195,
      "h100/outcome_miss_state_mse": 0.003993481031430313,
      "h100/outcome_partial_episode_count": 3,
      "h100/outcome_partial_final_state_mse": 0.004725563419021033,
      "h100/outcome_partial_state_mse": 0.0028493803311017605,
      "h100/outcome_success_episode_count": 3,
      "h100/outcome_success_final_state_mse": 0.0030996977211603153,
      "h100/outcome_success_state_mse": 0.0028073951309802486,
      "h100/state_mse": 0.0033721050187653185,
      "h125/episode_count": 15,
      "h125/final_state_mse": 0.006592716890222886,
      "h125/outcome_drop_episode_count": 3,
      "h125/outcome_drop_final_state_mse": 0.005289769883638893,
      "h125/outcome_drop_state_mse": 0.004045229843239379,
      "h125/outcome_jam_episode_count": 3,
      "h125/outcome_jam_final_state_mse": 0.005364588175723755,
      "h125/outcome_jam_state_mse": 0.003542370066923254,
      "h125/outcome_miss_episode_count": 3,
      "h125/outcome_miss_final_state_mse": 0.012989968012750538,
      "h125/outcome_miss_state_mse": 0.00471248661614711,
      "h125/outcome_partial_episode_count": 3,
      "h125/outcome_partial_final_state_mse": 0.0047975689951890435,
      "h125/outcome_partial_state_mse": 0.0032177263147690717,
      "h125/outcome_success_episode_count": 3,
      "h125/outcome_success_final_state_mse": 0.004521686364622677,
      "h125/outcome_success_state_mse": 0.0029907545700571894,
      "h125/state_mse": 0.0037017134523080067,
      "h20/episode_count": 15,
      "h20/final_state_mse": 0.002980940014708276,
      "h20/outcome_drop_episode_count": 3,
      "h20/outcome_drop_final_state_mse": 0.0029135470589001975,
      "h20/outcome_drop_state_mse": 0.0018949645407059614,
      "h20/outcome_jam_episode_count": 3,
      "h20/outcome_jam_final_state_mse": 0.003030197293150659,
      "h20/outcome_jam_state_mse": 0.002398959600847531,
      "h20/outcome_miss_episode_count": 3,
      "h20/outcome_miss_final_state_mse": 0.003698437042485655,
      "h20/outcome_miss_state_mse": 0.008175026669221767,
      "h20/outcome_partial_episode_count": 3,
      "h20/outcome_partial_final_state_mse": 0.0026303762265669755,
      "h20/outcome_partial_state_mse": 0.0018087516812717213,
      "h20/outcome_success_episode_count": 3,
      "h20/outcome_success_final_state_mse": 0.002632142281999775,
      "h20/outcome_success_state_mse": 0.001830337951385897,
      "h20/state_mse": 0.0032216080808951187,
      "h30/episode_count": 15,
      "h30/final_state_mse": 0.002652700274598365,
      "h30/outcome_drop_episode_count": 3,
      "h30/outcome_drop_final_state_mse": 0.0025313164235330095,
      "h30/outcome_drop_state_mse": 0.002157276414318542,
      "h30/outcome_jam_episode_count": 3,
      "h30/outcome_jam_final_state_mse": 0.0031701121601014357,
      "h30/outcome_jam_state_mse": 0.0026820942207618995,
      "h30/outcome_miss_episode_count": 3,
      "h30/outcome_miss_final_state_mse": 0.002367537882592943,
      "h30/outcome_miss_state_mse": 0.006379076182712397,
      "h30/outcome_partial_episode_count": 3,
      "h30/outcome_partial_final_state_mse": 0.0025573729300031474,
      "h30/outcome_partial_state_mse": 0.0020883428764758806,
      "h30/outcome_success_episode_count": 3,
      "h30/outcome_success_final_state_mse": 0.002637161733278262,
      "h30/outcome_success_state_mse": 0.0021115538601262375,
      "h30/state_mse": 0.0030836686277701184,
      "h40/episode_count": 15,
      "h40/final_state_mse": 0.002813312119128657,
      "h40/outcome_drop_episode_count": 3,
      "h40/outcome_drop_final_state_mse": 0.003511510643304563,
      "h40/outcome_drop_state_mse": 0.002384108577678406,
      "h40/outcome_jam_episode_count": 3,
      "h40/outcome_jam_final_state_mse": 0.0026541779341261373,
      "h40/outcome_jam_state_mse": 0.0027443417147094127,
      "h40/outcome_miss_episode_count": 3,
      "h40/outcome_miss_final_state_mse": 0.0027472157201735804,
      "h40/outcome_miss_state_mse": 0.005497993986591015,
      "h40/outcome_partial_episode_count": 3,
      "h40/outcome_partial_final_state_mse": 0.002596885014593212,
      "h40/outcome_partial_state_mse": 0.002183627458958844,
      "h40/outcome_success_episode_count": 3,
      "h40/outcome_success_final_state_mse": 0.0025567706503899267,
      "h40/outcome_success_state_mse": 0.0022040703327827205,
      "h40/state_mse": 0.003002828460892821,
      "h50/episode_count": 15,
      "h50/final_state_mse": 0.0030773571114134945,
      "h50/outcome_drop_episode_count": 3,
      "h50/outcome_drop_final_state_mse": 0.004665151725407519,
      "h50/outcome_drop_state_mse": 0.0029613876966089986,
      "h50/outcome_jam_episode_count": 3,
      "h50/outcome_jam_final_state_mse": 0.003304530738615522,
      "h50/outcome_jam_state_mse": 0.0028799824932821435,
      "h50/outcome_miss_episode_count": 3,
      "h50/outcome_miss_final_state_mse": 0.002483432978586434,
      "h50/outcome_miss_state_mse": 0.004934980230393753,
      "h50/outcome_partial_episode_count": 3,
      "h50/outcome_partial_final_state_mse": 0.0024427228601150265,
      "h50/outcome_partial_state_mse": 0.002284473656049741,
      "h50/outcome_success_episode_count": 3,
      "h50/outcome_success_final_state_mse": 0.002490946231714261,
      "h50/outcome_success_state_mse": 0.002309101516125249,
      "h50/state_mse": 0.0030739851808236317,
      "h75/episode_count": 15,
      "h75/final_state_mse": 0.005112529580110039,
      "h75/outcome_drop_episode_count": 3,
      "h75/outcome_drop_final_state_mse": 0.005992781979585785,
      "h75/outcome_drop_state_mse": 0.0037591877690068,
      "h75/outcome_jam_episode_count": 3,
      "h75/outcome_jam_final_state_mse": 0.005304363623164059,
      "h75/outcome_jam_state_mse": 0.003228339026955997,
      "h75/outcome_miss_episode_count": 3,
      "h75/outcome_miss_final_state_mse": 0.0049476774007666344,
      "h75/outcome_miss_state_mse": 0.004239026071718835,
      "h75/outcome_partial_episode_count": 3,
      "h75/outcome_partial_final_state_mse": 0.004010449047961266,
      "h75/outcome_partial_state_mse": 0.002524360623494732,
      "h75/outcome_success_episode_count": 3,
      "h75/outcome_success_final_state_mse": 0.005307375362106398,
      "h75/outcome_success_state_mse": 0.0026008166311093663,
      "h75/state_mse": 0.003270345849928513,
      "max_requested_horizon": 125,
      "reencode_period": 2,
      "rollout_mode": "periodic_2"
    },
    "periodic_20": {
      "episode_count": 15,
      "h10/episode_count": 15,
      "h10/final_state_mse": 0.003037403455746719,
      "h10/outcome_drop_episode_count": 3,
      "h10/outcome_drop_final_state_mse": 0.0022161630000553877,
      "h10/outcome_drop_state_mse": 0.0015365625713385787,
      "h10/outcome_jam_episode_count": 3,
      "h10/outcome_jam_final_state_mse": 0.003692747672009312,
      "h10/outcome_jam_state_mse": 0.002132380203483931,
      "h10/outcome_miss_episode_count": 3,
      "h10/outcome_miss_final_state_mse": 0.004784928427802192,
      "h10/outcome_miss_state_mse": 0.010972701490314957,
      "h10/outcome_partial_episode_count": 3,
      "h10/outcome_partial_final_state_mse": 0.002247766792482021,
      "h10/outcome_partial_state_mse": 0.001447700402315925,
      "h10/outcome_success_episode_count": 3,
      "h10/outcome_success_final_state_mse": 0.0022454100594021917,
      "h10/outcome_success_state_mse": 0.001458462761118521,
      "h10/state_mse": 0.003509561376633987,
      "h100/episode_count": 15,
      "h100/final_state_mse": 0.020458430869906556,
      "h100/outcome_drop_episode_count": 3,
      "h100/outcome_drop_final_state_mse": 0.01338850477941675,
      "h100/outcome_drop_state_mse": 0.006691538243511923,
      "h100/outcome_jam_episode_count": 3,
      "h100/outcome_jam_final_state_mse": 0.024617138251759648,
      "h100/outcome_jam_state_mse": 0.009214656056921466,
      "h100/outcome_miss_episode_count": 3,
      "h100/outcome_miss_final_state_mse": 0.024348191965639202,
      "h100/outcome_miss_state_mse": 0.012741287580502579,
      "h100/outcome_partial_episode_count": 3,
      "h100/outcome_partial_final_state_mse": 0.017882452486387264,
      "h100/outcome_partial_state_mse": 0.007858708325554343,
      "h100/outcome_success_episode_count": 3,
      "h100/outcome_success_final_state_mse": 0.022055864723679288,
      "h100/outcome_success_state_mse": 0.0086025420045541,
      "h100/state_mse": 0.009021746068218954,
      "h125/episode_count": 15,
      "h125/final_state_mse": 0.010313732172149459,
      "h125/outcome_drop_episode_count": 3,
      "h125/outcome_drop_final_state_mse": 0.004690796526428921,
      "h125/outcome_drop_state_mse": 0.006801153943429585,
      "h125/outcome_jam_episode_count": 3,
      "h125/outcome_jam_final_state_mse": 0.01099738147523668,
      "h125/outcome_jam_state_mse": 0.010062207988664215,
      "h125/outcome_miss_episode_count": 3,
      "h125/outcome_miss_final_state_mse": 0.016575443199257446,
      "h125/outcome_miss_state_mse": 0.013628660114762051,
      "h125/outcome_partial_episode_count": 3,
      "h125/outcome_partial_final_state_mse": 0.010791073827182545,
      "h125/outcome_partial_state_mse": 0.008599503261591094,
      "h125/outcome_success_episode_count": 3,
      "h125/outcome_success_final_state_mse": 0.008513965150889228,
      "h125/outcome_success_state_mse": 0.009403589684978808,
      "h125/state_mse": 0.0096990234375,
      "h20/episode_count": 15,
      "h20/final_state_mse": 0.010195888569152434,
      "h20/outcome_drop_episode_count": 3,
      "h20/outcome_drop_final_state_mse": 0.009277554119334501,
      "h20/outcome_drop_state_mse": 0.0037083476976631515,
      "h20/outcome_jam_episode_count": 3,
      "h20/outcome_jam_final_state_mse": 0.009492382309795206,
      "h20/outcome_jam_state_mse": 0.0041181239037731895,
      "h20/outcome_miss_episode_count": 3,
      "h20/outcome_miss_final_state_mse": 0.013999200139949524,
      "h20/outcome_miss_state_mse": 0.009740294506347258,
      "h20/outcome_partial_episode_count": 3,
      "h20/outcome_partial_final_state_mse": 0.009134746162719976,
      "h20/outcome_partial_state_mse": 0.0036046495429830614,
      "h20/outcome_success_episode_count": 3,
      "h20/outcome_success_final_state_mse": 0.009075558360885172,
      "h20/outcome_success_state_mse": 0.003603826083388983,
      "h20/state_mse": 0.004955048405267054,
      "h30/episode_count": 15,
      "h30/final_state_mse": 0.004906379163654801,
      "h30/outcome_drop_episode_count": 3,
      "h30/outcome_drop_final_state_mse": 0.0046068906686664406,
      "h30/outcome_drop_state_mse": 0.0039702106405187535,
      "h30/outcome_jam_episode_count": 3,
      "h30/outcome_jam_final_state_mse": 0.0047621040367612655,
      "h30/outcome_jam_state_mse": 0.004371507962544759,
      "h30/outcome_miss_episode_count": 3,
      "h30/outcome_miss_final_state_mse": 0.006339489537126878,
      "h30/outcome_miss_state_mse": 0.008473093784972213,
      "h30/outcome_partial_episode_count": 3,
      "h30/outcome_partial_final_state_mse": 0.004358828506048988,
      "h30/outcome_partial_state_mse": 0.003852924490286634,
      "h30/outcome_success_episode_count": 3,
      "h30/outcome_success_final_state_mse": 0.0044645817061654885,
      "h30/outcome_success_state_mse": 0.00386125176560645,
      "h30/state_mse": 0.004905798087192777,
      "h40/episode_count": 15,
      "h40/final_state_mse": 0.01352484210643893,
      "h40/outcome_drop_episode_count": 3,
      "h40/outcome_drop_final_state_mse": 0.010104836883887747,
      "h40/outcome_drop_state_mse": 0.00484225512330049,
      "h40/outcome_jam_episode_count": 3,
      "h40/outcome_jam_final_state_mse": 0.013613935194763482,
      "h40/outcome_jam_state_mse": 0.0055585809782439585,
      "h40/outcome_miss_episode_count": 3,
      "h40/outcome_miss_final_state_mse": 0.016765547344108032,
      "h40/outcome_miss_state_mse": 0.009161886826060176,
      "h40/outcome_partial_episode_count": 3,
      "h40/outcome_partial_final_state_mse": 0.013435777301102682,
      "h40/outcome_partial_state_mse": 0.004991089128980449,
      "h40/outcome_success_episode_count": 3,
      "h40/outcome_success_final_state_mse": 0.013704114100512336,
      "h40/outcome_success_state_mse": 0.005034159211551442,
      "h40/state_mse": 0.00591759426141876,
      "h50/episode_count": 15,
      "h50/final_state_mse": 0.007298798654593673,
      "h50/outcome_drop_episode_count": 3,
      "h50/outcome_drop_final_state_mse": 0.00550016342035306,
      "h50/outcome_drop_state_mse": 0.005157577788907718,
      "h50/outcome_jam_episode_count": 3,
      "h50/outcome_jam_final_state_mse": 0.008012912242241155,
      "h50/outcome_jam_state_mse": 0.005746440700456208,
      "h50/outcome_miss_episode_count": 3,
      "h50/outcome_miss_final_state_mse": 0.008976917056476368,
      "h50/outcome_miss_state_mse": 0.008572900061513863,
      "h50/outcome_partial_episode_count": 3,
      "h50/outcome_partial_final_state_mse": 0.006922366255833433,
      "h50/outcome_partial_state_mse": 0.005176504546520757,
      "h50/outcome_success_episode_count": 3,
      "h50/outcome_success_final_state_mse": 0.007081634322412653,
      "h50/outcome_success_state_mse": 0.005230430652892667,
      "h50/state_mse": 0.005976771136514502,
      "h75/episode_count": 15,
      "h75/final_state_mse": 0.01174518236147812,
      "h75/outcome_drop_episode_count": 3,
      "h75/outcome_drop_final_state_mse": 0.007000916144427131,
      "h75/outcome_drop_state_mse": 0.006273796979118796,
      "h75/outcome_jam_episode_count": 3,
      "h75/outcome_jam_final_state_mse": 0.01263561007244135,
      "h75/outcome_jam_state_mse": 0.007370218098293462,
      "h75/outcome_miss_episode_count": 3,
      "h75/outcome_miss_final_state_mse": 0.018251905643862056,
      "h75/outcome_miss_state_mse": 0.011236135777824586,
      "h75/outcome_partial_episode_count": 3,
      "h75/outcome_partial_final_state_mse": 0.010186074021594976,
      "h75/outcome_partial_state_mse": 0.006661221207097205,
      "h75/outcome_success_episode_count": 3,
      "h75/outcome_success_final_state_mse": 0.010651406509424347,
      "h75/outcome_success_state_mse": 0.00673130475877417,
      "h75/state_mse": 0.007654535696657135,
      "max_requested_horizon": 125,
      "reencode_period": 20,
      "rollout_mode": "periodic_20"
    },
    "periodic_5": {
      "episode_count": 15,
      "h10/episode_count": 15,
      "h10/final_state_mse": 0.0025154210383595984,
      "h10/outcome_drop_episode_count": 3,
      "h10/outcome_drop_final_state_mse": 0.0017606322136190203,
      "h10/outcome_drop_state_mse": 0.001474985772488164,
      "h10/outcome_jam_episode_count": 3,
      "h10/outcome_jam_final_state_mse": 0.002860449546692418,
      "h10/outcome_jam_state_mse": 0.002033657926359987,
      "h10/outcome_miss_episode_count": 3,
      "h10/outcome_miss_final_state_mse": 0.004407056990791769,
      "h10/outcome_miss_state_mse": 0.011003877134884104,
      "h10/outcome_partial_episode_count": 3,
      "h10/outcome_partial_final_state_mse": 0.001758043526434431,
      "h10/outcome_partial_state_mse": 0.0013839452874426748,
      "h10/outcome_success_episode_count": 3,
      "h10/outcome_success_final_state_mse": 0.001790922914260353,
      "h10/outcome_success_state_mse": 0.0014033898419024897,
      "h10/state_mse": 0.0034599713094873364,
      "h100/episode_count": 15,
      "h100/final_state_mse": 0.0027154959884344364,
      "h100/outcome_drop_episode_count": 3,
      "h100/outcome_drop_final_state_mse": 0.0028870402792699978,
      "h100/outcome_drop_state_mse": 0.0025534934000252117,
      "h100/outcome_jam_episode_count": 3,
      "h100/outcome_jam_final_state_mse": 0.002987659858917099,
      "h100/outcome_jam_state_mse": 0.0029582307229634205,
      "h100/outcome_miss_episode_count": 3,
      "h100/outcome_miss_final_state_mse": 0.0025740968538265603,
      "h100/outcome_miss_state_mse": 0.00362309748830359,
      "h100/outcome_partial_episode_count": 3,
      "h100/outcome_partial_final_state_mse": 0.0023133428462969712,
      "h100/outcome_partial_state_mse": 0.0021063244888205935,
      "h100/outcome_success_episode_count": 3,
      "h100/outcome_success_final_state_mse": 0.0028153395925471984,
      "h100/outcome_success_state_mse": 0.0023142820557737662,
      "h100/state_mse": 0.0027110853008195466,
      "h125/episode_count": 15,
      "h125/final_state_mse": 0.0036435900170818654,
      "h125/outcome_drop_episode_count": 3,
      "h125/outcome_drop_final_state_mse": 0.004198068789407319,
      "h125/outcome_drop_state_mse": 0.0027628166846979676,
      "h125/outcome_jam_episode_count": 3,
      "h125/outcome_jam_final_state_mse": 0.004209369128825618,
      "h125/outcome_jam_state_mse": 0.0031483987047781353,
      "h125/outcome_miss_episode_count": 3,
      "h125/outcome_miss_final_state_mse": 0.004306663436437744,
      "h125/outcome_miss_state_mse": 0.0036449984880833845,
      "h125/outcome_partial_episode_count": 3,
      "h125/outcome_partial_final_state_mse": 0.0022285955111964856,
      "h125/outcome_partial_state_mse": 0.002181639278636259,
      "h125/outcome_success_episode_count": 3,
      "h125/outcome_success_final_state_mse": 0.003275253268238766,
      "h125/outcome_success_state_mse": 0.002460832084705627,
      "h125/state_mse": 0.002839736838745915,
      "h20/episode_count": 15,
      "h20/final_state_mse": 0.002450153874415977,
      "h20/outcome_drop_episode_count": 3,
      "h20/outcome_drop_final_state_mse": 0.0023246588416738446,
      "h20/outcome_drop_state_mse": 0.0017875531919641433,
      "h20/outcome_jam_episode_count": 3,
      "h20/outcome_jam_final_state_mse": 0.0025692548529774534,
      "h20/outcome_jam_state_mse": 0.002350209702074138,
      "h20/outcome_miss_episode_count": 3,
      "h20/outcome_miss_final_state_mse": 0.0032351098808587764,
      "h20/outcome_miss_state_mse": 0.0075574480630213915,
      "h20/outcome_partial_episode_count": 3,
      "h20/outcome_partial_final_state_mse": 0.002045493159029219,
      "h20/outcome_partial_state_mse": 0.0017060448141659008,
      "h20/outcome_success_episode_count": 3,
      "h20/outcome_success_final_state_mse": 0.002076254025393841,
      "h20/outcome_success_state_mse": 0.001729533095764958,
      "h20/state_mse": 0.003026157453948376,
      "h30/episode_count": 15,
      "h30/final_state_mse": 0.0019052742353451797,
      "h30/outcome_drop_episode_count": 3,
      "h30/outcome_drop_final_state_mse": 0.0017221673251756656,
      "h30/outcome_drop_state_mse": 0.00188615218226946,
      "h30/outcome_jam_episode_count": 3,
      "h30/outcome_jam_final_state_mse": 0.002141546628444023,
      "h30/outcome_jam_state_mse": 0.0024286428048460053,
      "h30/outcome_miss_episode_count": 3,
      "h30/outcome_miss_final_state_mse": 0.002079210980655321,
      "h30/outcome_miss_state_mse": 0.005944886550404667,
      "h30/outcome_partial_episode_count": 3,
      "h30/outcome_partial_final_state_mse": 0.0017530608167445737,
      "h30/outcome_partial_state_mse": 0.0018024729747398228,
      "h30/outcome_success_episode_count": 3,
      "h30/outcome_success_final_state_mse": 0.0018303848413470524,
      "h30/outcome_success_state_mse": 0.00182393594504961,
      "h30/state_mse": 0.00277721812262774,
      "h40/episode_count": 15,
      "h40/final_state_mse": 0.001881021767659904,
      "h40/outcome_drop_episode_count": 3,
      "h40/outcome_drop_final_state_mse": 0.0019014008538006178,
      "h40/outcome_drop_state_mse": 0.0019817856791751838,
      "h40/outcome_jam_episode_count": 3,
      "h40/outcome_jam_final_state_mse": 0.0018630451918427461,
      "h40/outcome_jam_state_mse": 0.002420739956151426,
      "h40/outcome_miss_episode_count": 3,
      "h40/outcome_miss_final_state_mse": 0.002061946183637856,
      "h40/outcome_miss_state_mse": 0.0050666604945862215,
      "h40/outcome_partial_episode_count": 3,
      "h40/outcome_partial_final_state_mse": 0.0017907062387154773,
      "h40/outcome_partial_state_mse": 0.0018243566058040444,
      "h40/outcome_success_episode_count": 3,
      "h40/outcome_success_final_state_mse": 0.0017880101998647053,
      "h40/outcome_success_state_mse": 0.0018466387698852938,
      "h40/state_mse": 0.002628036199831495,
      "h50/episode_count": 15,
      "h50/final_state_mse": 0.00219219463323456,
      "h50/outcome_drop_episode_count": 3,
      "h50/outcome_drop_final_state_mse": 0.0022230221116854476,
      "h50/outcome_drop_state_mse": 0.0021663368449491615,
      "h50/outcome_jam_episode_count": 3,
      "h50/outcome_jam_final_state_mse": 0.0030353237795673945,
      "h50/outcome_jam_state_mse": 0.002494562809763391,
      "h50/outcome_miss_episode_count": 3,
      "h50/outcome_miss_final_state_mse": 0.001966283991445903,
      "h50/outcome_miss_state_mse": 0.0045220975314869604,
      "h50/outcome_partial_episode_count": 3,
      "h50/outcome_partial_final_state_mse": 0.0018264972939600352,
      "h50/outcome_partial_state_mse": 0.0018572695115033318,
      "h50/outcome_success_episode_count": 3,
      "h50/outcome_success_final_state_mse": 0.0019098452590649423,
      "h50/outcome_success_state_mse": 0.0018818212646284913,
      "h50/state_mse": 0.0025844176049325982,
      "h75/episode_count": 15,
      "h75/final_state_mse": 0.003906009399812985,
      "h75/outcome_drop_episode_count": 3,
      "h75/outcome_drop_final_state_mse": 0.0034563613970295276,
      "h75/outcome_drop_state_mse": 0.00244069537825574,
      "h75/outcome_jam_episode_count": 3,
      "h75/outcome_jam_final_state_mse": 0.004743177857663896,
      "h75/outcome_jam_state_mse": 0.0028131739298502606,
      "h75/outcome_miss_episode_count": 3,
      "h75/outcome_miss_final_state_mse": 0.00413616006475648,
      "h75/outcome_miss_state_mse": 0.003908395455553641,
      "h75/outcome_partial_episode_count": 3,
      "h75/outcome_partial_final_state_mse": 0.0030526788600909165,
      "h75/outcome_partial_state_mse": 0.0020712328476583776,
      "h75/outcome_success_episode_count": 3,
      "h75/outcome_success_final_state_mse": 0.004141668916917315,
      "h75/outcome_success_state_mse": 0.002142926966183066,
      "h75/state_mse": 0.002675284990298203,
      "max_requested_horizon": 125,
      "reencode_period": 5,
      "rollout_mode": "periodic_5"
    },
    "periodic_50": {
      "episode_count": 15,
      "h10/episode_count": 15,
      "h10/final_state_mse": 0.003037403455746719,
      "h10/outcome_drop_episode_count": 3,
      "h10/outcome_drop_final_state_mse": 0.0022161630000553877,
      "h10/outcome_drop_state_mse": 0.0015365625713385787,
      "h10/outcome_jam_episode_count": 3,
      "h10/outcome_jam_final_state_mse": 0.003692747672009312,
      "h10/outcome_jam_state_mse": 0.002132380203483931,
      "h10/outcome_miss_episode_count": 3,
      "h10/outcome_miss_final_state_mse": 0.004784928427802192,
      "h10/outcome_miss_state_mse": 0.010972701490314957,
      "h10/outcome_partial_episode_count": 3,
      "h10/outcome_partial_final_state_mse": 0.002247766792482021,
      "h10/outcome_partial_state_mse": 0.001447700402315925,
      "h10/outcome_success_episode_count": 3,
      "h10/outcome_success_final_state_mse": 0.0022454100594021917,
      "h10/outcome_success_state_mse": 0.001458462761118521,
      "h10/state_mse": 0.003509561376633987,
      "h100/episode_count": 15,
      "h100/final_state_mse": 846.0470588235294,
      "h100/outcome_drop_episode_count": 3,
      "h100/outcome_drop_final_state_mse": 769.5497472426471,
      "h100/outcome_drop_state_mse": 36.119319852941175,
      "h100/outcome_jam_episode_count": 3,
      "h100/outcome_jam_final_state_mse": 708.0698529411765,
      "h100/outcome_jam_state_mse": 32.68250816993464,
      "h100/outcome_miss_episode_count": 3,
      "h100/outcome_miss_final_state_mse": 1333.8613664215686,
      "h100/outcome_miss_state_mse": 75.76327308006536,
      "h100/outcome_partial_episode_count": 3,
      "h100/outcome_partial_final_state_mse": 700.8681066176471,
      "h100/outcome_partial_state_mse": 32.73464409722222,
      "h100/outcome_success_episode_count": 3,
      "h100/outcome_success_final_state_mse": 717.8861570669935,
      "h100/outcome_success_state_mse": 33.47103400735294,
      "h100/state_mse": 42.154153594771245,
      "h125/episode_count": 15,
      "h125/final_state_mse": 705.1360294117648,
      "h125/outcome_drop_episode_count": 3,
      "h125/outcome_drop_final_state_mse": 650.3251889297386,
      "h125/outcome_drop_state_mse": 59.8447205882353,
      "h125/outcome_jam_episode_count": 3,
      "h125/outcome_jam_final_state_mse": 641.1293913398692,
      "h125/outcome_jam_state_mse": 56.572075163398694,
      "h125/outcome_miss_episode_count": 3,
      "h125/outcome_miss_final_state_mse": 937.3146446078431,
      "h125/outcome_miss_state_mse": 107.46056862745098,
      "h125/outcome_partial_episode_count": 3,
      "h125/outcome_partial_final_state_mse": 646.008948631536,
      "h125/outcome_partial_state_mse": 57.17648202614379,
      "h125/outcome_success_episode_count": 3,
      "h125/outcome_success_final_state_mse": 650.9017820669935,
      "h125/outcome_success_state_mse": 58.18390849673202,
      "h125/state_mse": 67.84753986928105,
      "h20/episode_count": 15,
      "h20/final_state_mse": 0.010195888569152434,
      "h20/outcome_drop_episode_count": 3,
      "h20/outcome_drop_final_state_mse": 0.009277554119334501,
      "h20/outcome_drop_state_mse": 0.0037083476976631515,
      "h20/outcome_jam_episode_count": 3,
      "h20/outcome_jam_final_state_mse": 0.009492382309795206,
      "h20/outcome_jam_state_mse": 0.0041181239037731895,
      "h20/outcome_miss_episode_count": 3,
      "h20/outcome_miss_final_state_mse": 0.013999200139949524,
      "h20/outcome_miss_state_mse": 0.009740294506347258,
      "h20/outcome_partial_episode_count": 3,
      "h20/outcome_partial_final_state_mse": 0.009134746162719976,
      "h20/outcome_partial_state_mse": 0.0036046495429830614,
      "h20/outcome_success_episode_count": 3,
      "h20/outcome_success_final_state_mse": 0.009075558360885172,
      "h20/outcome_success_state_mse": 0.003603826083388983,
      "h20/state_mse": 0.004955048405267054,
      "h30/episode_count": 15,
      "h30/final_state_mse": 0.02937463498583027,
      "h30/outcome_drop_episode_count": 3,
      "h30/outcome_drop_final_state_mse": 0.023131060834024466,
      "h30/outcome_drop_state_mse": 0.007784110009020969,
      "h30/outcome_jam_episode_count": 3,
      "h30/outcome_jam_final_state_mse": 0.0238076179635291,
      "h30/outcome_jam_state_mse": 0.008114874908347535,
      "h30/outcome_miss_episode_count": 3,
      "h30/outcome_miss_final_state_mse": 0.05429376807867312,
      "h30/outcome_miss_state_mse": 0.017200413872213924,
      "h30/outcome_partial_episode_count": 3,
      "h30/outcome_partial_final_state_mse": 0.022748179295483756,
      "h30/outcome_partial_state_mse": 0.00758206049601237,
      "h30/outcome_success_episode_count": 3,
      "h30/outcome_success_final_state_mse": 0.022892554211460688,
      "h30/outcome_success_state_mse": 0.007626266728818806,
      "h30/state_mse": 0.009661545431432121,
      "h40/episode_count": 15,
      "h40/final_state_mse": 0.23289292279411763,
      "h40/outcome_drop_episode_count": 3,
      "h40/outcome_drop_final_state_mse": 0.15714207817526424,
      "h40/outcome_drop_state_mse": 0.023113050647810395,
      "h40/outcome_jam_episode_count": 3,
      "h40/outcome_jam_final_state_mse": 0.17371981751685048,
      "h40/outcome_jam_state_mse": 0.024679230708701937,
      "h40/outcome_miss_episode_count": 3,
      "h40/outcome_miss_final_state_mse": 0.49730253531262764,
      "h40/outcome_miss_state_mse": 0.058247672186957464,
      "h40/outcome_partial_episode_count": 3,
      "h40/outcome_partial_final_state_mse": 0.16657798118840636,
      "h40/outcome_partial_state_mse": 0.02341598467110029,
      "h40/outcome_success_episode_count": 3,
      "h40/outcome_success_final_state_mse": 0.1697221550286985,
      "h40/outcome_success_state_mse": 0.023753986171647614,
      "h40/state_mse": 0.030641988118489585,
      "h50/episode_count": 15,
      "h50/final_state_mse": 3.6766202639910133,
      "h50/outcome_drop_episode_count": 3,
      "h50/outcome_drop_final_state_mse": 2.0754737355350668,
      "h50/outcome_drop_state_mse": 0.19827375424453636,
      "h50/outcome_jam_episode_count": 3,
      "h50/outcome_jam_final_state_mse": 2.1624442455815336,
      "h50/outcome_jam_state_mse": 0.20627024133220997,
      "h50/outcome_miss_episode_count": 3,
      "h50/outcome_miss_final_state_mse": 9.990499459060969,
      "h50/outcome_miss_state_mse": 0.8268792445363562,
      "h50/outcome_partial_episode_count": 3,
      "h50/outcome_partial_final_state_mse": 2.065933501798343,
      "h50/outcome_partial_state_mse": 0.1970230361838746,
      "h50/outcome_success_episode_count": 3,
      "h50/outcome_success_final_state_mse": 2.088749804527931,
      "h50/outcome_success_state_mse": 0.19975347381791259,
      "h50/state_mse": 0.32563996119281047,
      "h75/episode_count": 15,
      "h75/final_state_mse": 2.1851876851000815,
      "h75/outcome_drop_episode_count": 3,
      "h75/outcome_drop_final_state_mse": 2.355325337328942,
      "h75/outcome_drop_state_mse": 0.3150639020799292,
      "h75/outcome_jam_episode_count": 3,
      "h75/outcome_jam_final_state_mse": 2.1178372451682494,
      "h75/outcome_jam_state_mse": 0.29792530998944716,
      "h75/outcome_miss_episode_count": 3,
      "h75/outcome_miss_final_state_mse": 2.0286980423272825,
      "h75/outcome_miss_state_mse": 0.8641171257999728,
      "h75/outcome_partial_episode_count": 3,
      "h75/outcome_partial_final_state_mse": 2.1923534916896448,
      "h75/outcome_partial_state_mse": 0.2966318965737337,
      "h75/outcome_success_episode_count": 3,
      "h75/outcome_success_final_state_mse": 2.231723710602405,
      "h75/outcome_success_state_mse": 0.29943812019165306,
      "h75/state_mse": 0.41463524645969496,
      "max_requested_horizon": 125,
      "reencode_period": 50,
      "rollout_mode": "periodic_50"
    }
  },
  "split": "test",
  "support_alignment": {
    "contact_phase": {
      "contact_phase_family_ari": 0.0,
      "contact_phase_family_nmi": 0.0,
      "contact_phase_family_purity": 0.9996668887408394,
      "contact_phase_sample_count": 3002.0,
      "h_contact_phase_given_family": 0.0030002889533867266,
      "h_family_given_contact_phase": 0.0,
      "unique_contact_phase_count": 2.0,
      "unique_family_count": 1.0
    },
    "contact_phase_alignment_available": true,
    "evaluated_state_count": 3017,
    "family_count": 1,
    "mean_family_similarity": 0.5867459177970886,
    "mean_support_size": 240.27775936360624,
    "outcome_alignment_available": true,
    "outcome_state": {
      "h_family_given_outcome": 0.0,
      "h_outcome_given_family": 1.6094379124341005,
      "outcome_family_ari": 0.0,
      "outcome_family_nmi": 0.0,
      "outcome_family_purity": 0.2,
      "outcome_sample_count": 15.0,
      "unique_family_count": 1.0,
      "unique_outcome_count": 5.0
    },
    "status": "ok",
    "unassigned_state_fraction": 0.0,
    "validation_state_count": 2346
  },
  "support_threshold": 0.2
}
summary=runs/maniskill_insertion/perturbation_e20_5k_lista_refine_20260604_143125/lista_relu_a0p015_sp1em4_loops1/seed2/eval_test_periodic/metrics_summary.json
summary=runs/maniskill_insertion/perturbation_e20_5k_lista_refine_20260604_143125/lista_relu_a0p015_sp1em3_loops1/seed2/eval_test_periodic/metrics_summary.json
summary=runs/maniskill_insertion/perturbation_e20_5k_lista_refine_20260604_143125/lista_relu_a0p015_sp3em4_loops1/seed2/eval_test_periodic/metrics_summary.json
summary=runs/maniskill_insertion/perturbation_e20_5k_lista_refine_20260604_143125/lista_relu_a0p015_sp3em5_loops1/seed2/eval_test_periodic/metrics_summary.json
end_time=Thu Jun  4 15:27:44 EDT 2026

======== GPU REPORT ========

==============NVSMI LOG==============

Timestamp                                 : Thu Jun  4 15:27:44 2026
Driver Version                            : 580.95.05
CUDA Version                              : 13.0

Attached GPUs                             : 1
GPU 00000000:CA:00.0
    Accounting Mode                       : Enabled
    Accounting Mode Buffer Size           : 4000
    Accounted Processes
        Process ID                        : 4051294
            GPU Utilization               : 20 %
            Memory Utilization            : 5 %
            Max memory usage              : 664 MiB
            Time                          : 58397 ms
            Is Running                    : 0
        Process ID                        : 4051290
            GPU Utilization               : 23 %
            Memory Utilization            : 6 %
            Max memory usage              : 664 MiB
            Time                          : 58424 ms
            Is Running                    : 0
        Process ID                        : 4051291
            GPU Utilization               : 21 %
            Memory Utilization            : 5 %
            Max memory usage              : 664 MiB
            Time                          : 58441 ms
            Is Running                    : 0
        Process ID                        : 4051289
            GPU Utilization               : 21 %
            Memory Utilization            : 5 %
            Max memory usage              : 664 MiB
            Time                          : 58481 ms
            Is Running                    : 0
        Process ID                        : 4051586
            GPU Utilization               : 9 %
            Memory Utilization            : 0 %
            Max memory usage              : 538 MiB
            Time                          : 2136 ms
            Is Running                    : 0
        Process ID                        : 4051581
            GPU Utilization               : 15 %
            Memory Utilization            : 0 %
            Max memory usage              : 538 MiB
            Time                          : 2182 ms
            Is Running                    : 0
        Process ID                        : 4051577
            GPU Utilization               : 0 %
            Memory Utilization            : 0 %
            Max memory usage              : 538 MiB
            Time                          : 2164 ms
            Is Running                    : 0
        Process ID                        : 4051584
            GPU Utilization               : 9 %
            Memory Utilization            : 0 %
            Max memory usage              : 538 MiB
            Time                          : 2224 ms
            Is Running                    : 0

Thu Jun  4 15:27:44 2026       
+-----------------------------------------------------------------------------------------+
| NVIDIA-SMI 580.95.05              Driver Version: 580.95.05      CUDA Version: 13.0     |
+-----------------------------------------+------------------------+----------------------+
| GPU  Name                 Persistence-M | Bus-Id          Disp.A | Volatile Uncorr. ECC |
| Fan  Temp   Perf          Pwr:Usage/Cap |           Memory-Usage | GPU-Util  Compute M. |
|                                         |                        |               MIG M. |
|=========================================+========================+======================|
|   0  NVIDIA L40S                    On  |   00000000:CA:00.0 Off |                    0 |
| N/A   42C    P0            108W /  325W |       0MiB /  46068MiB |     43%      Default |
|                                         |                        |                  N/A |
+-----------------------------------------+------------------------+----------------------+

+-----------------------------------------------------------------------------------------+
| Processes:                                                                              |
|  GPU   GI   CI              PID   Type   Process name                        GPU Memory |
|        ID   ID                                                               Usage      |
|=========================================================================================|
|  No running processes found                                                             |
+-----------------------------------------------------------------------------------------+
