=============================================
ManiSkill 5k packed tuning GPU context
date=2026-06-04T16:02:43-0400
host=cn-a011.server.mila.quebec
slurm_job_id=9737892
slurm_array_task_id=11
slurm_nodelist=cn-a011
slurm_job_gpus=6
slurm_step_gpus=
slurm_gpus=
slurm_gpus_on_node=1
slurm_cpus_per_task=8
cuda_visible_devices=0
cuda_device_order=
GPU 0: Quadro RTX 8000 (UUID: GPU-d0d6e6f3-97c9-7abf-933b-50a1959a6bb9)
index, uuid, name, driver_version, memory.total [MiB]
0, GPU-d0d6e6f3-97c9-7abf-933b-50a1959a6bb9, Quadro RTX 8000, 580.95.05, 46080 MiB
=============================================
date=Thu Jun  4 16:02:43 EDT 2026
host=cn-a011.server.mila.quebec
commit=b5ea99e
slurm_job_id=9737892
slurm_array_task_id=11
task_set=lista_forecast_optimizer_refine
task_count=141
start_task=44
pack_size=4
pack_concurrency=4
packed_task_threads=2
dataset=data/maniskill/perturbation_assessment_seed0_e20/all_setups.npz
run_root=runs/maniskill_insertion/perturbation_e20_5k_lista_optimizer_refine_20260604_155050
num_steps=5000
batch_size=512
sequence_length=10
z_dim=320
hidden_dim=256
horizons=10,20,30,40,50,75,100,125
periodic_reencode_periods=1,2,5,10,20,50,100
cuda_visible_devices=0
----- task 44/141: lista_relu_a0p01_sp1em4_loops2_lr7em4_wd1em4_k0 seed0 -----
encoder_kind=lista activation=relu alpha=0.01 sparsity=1e-4 loops=2
weights pred=1.0 rec=0.1 latent=0.1 k=0
optimizer lr=7e-4 weight_decay=1e-4
run_dir=runs/maniskill_insertion/perturbation_e20_5k_lista_optimizer_refine_20260604_155050/lista_relu_a0p01_sp1em4_loops2_lr7em4_wd1em4_k0/seed0
----- task 47/141: dense_tanh_sp0 seed1 -----
encoder_kind=dense activation=tanh alpha=0.05 sparsity=0 loops=2
weights pred=1.0 rec=0.1 latent=0.1 k=1e-4
optimizer lr=3e-4 weight_decay=1e-4
run_dir=runs/maniskill_insertion/perturbation_e20_5k_lista_optimizer_refine_20260604_155050/dense_tanh_sp0/seed1
----- task 45/141: lista_relu_a0p01_sp1em4_loops2_lr7em4_wd1em4_k1em5 seed0 -----
encoder_kind=lista activation=relu alpha=0.01 sparsity=1e-4 loops=2
weights pred=1.0 rec=0.1 latent=0.1 k=1e-5
optimizer lr=7e-4 weight_decay=1e-4
run_dir=runs/maniskill_insertion/perturbation_e20_5k_lista_optimizer_refine_20260604_155050/lista_relu_a0p01_sp1em4_loops2_lr7em4_wd1em4_k1em5/seed0
----- task 46/141: lista_relu_a0p01_sp1em4_loops2_lr7em4_wd1em4_k1em4 seed0 -----
encoder_kind=lista activation=relu alpha=0.01 sparsity=1e-4 loops=2
weights pred=1.0 rec=0.1 latent=0.1 k=1e-4
optimizer lr=7e-4 weight_decay=1e-4
run_dir=runs/maniskill_insertion/perturbation_e20_5k_lista_optimizer_refine_20260604_155050/lista_relu_a0p01_sp1em4_loops2_lr7em4_wd1em4_k1em4/seed0
step=0 loss=1.441683 pred=0.965745 val_mse=0.701764
step=0 loss=1.408972 pred=0.984781 val_mse=0.744667
step=0 loss=1.408972 pred=0.984781 val_mse=0.744667
step=0 loss=1.408972 pred=0.984781 val_mse=0.744667
step=500 loss=0.062213 pred=0.056449 val_mse=0.095522
step=500 loss=0.043253 pred=0.038055 val_mse=0.120832
step=500 loss=0.043253 pred=0.038055 val_mse=0.120832
step=500 loss=0.043253 pred=0.038055 val_mse=0.120832
step=1000 loss=0.029522 pred=0.026649 val_mse=0.148400
step=1000 loss=0.027000 pred=0.023883 val_mse=0.219095
step=1000 loss=0.027000 pred=0.023883 val_mse=0.219095
step=1000 loss=0.027000 pred=0.023883 val_mse=0.219095
step=1500 loss=0.029800 pred=0.027111 val_mse=0.094476
step=1500 loss=0.021035 pred=0.018749 val_mse=0.228197
step=1500 loss=0.021035 pred=0.018749 val_mse=0.228197
step=1500 loss=0.021035 pred=0.018749 val_mse=0.228197
step=2000 loss=0.021646 pred=0.019603 val_mse=0.137814
step=2000 loss=0.016252 pred=0.014218 val_mse=0.186039
step=2000 loss=0.016252 pred=0.014218 val_mse=0.186039
step=2000 loss=0.016252 pred=0.014218 val_mse=0.186039
step=2500 loss=0.015275 pred=0.013500 val_mse=0.124760
step=2500 loss=0.015653 pred=0.013898 val_mse=0.107265
step=2500 loss=0.015653 pred=0.013898 val_mse=0.107265
step=2500 loss=0.015653 pred=0.013898 val_mse=0.107265
step=3000 loss=0.017381 pred=0.015794 val_mse=0.132278
step=3000 loss=0.011172 pred=0.009612 val_mse=0.134218
step=3000 loss=0.011172 pred=0.009612 val_mse=0.134218
step=3000 loss=0.011172 pred=0.009612 val_mse=0.134218
step=3500 loss=0.012095 pred=0.010760 val_mse=0.184059
step=3500 loss=0.011699 pred=0.010180 val_mse=0.118470
step=3500 loss=0.011699 pred=0.010180 val_mse=0.118470
step=3500 loss=0.011699 pred=0.010180 val_mse=0.118470
step=4000 loss=0.011304 pred=0.010026 val_mse=0.071100
step=4000 loss=0.010952 pred=0.009702 val_mse=0.200636
step=4000 loss=0.010952 pred=0.009702 val_mse=0.200636
step=4000 loss=0.010952 pred=0.009702 val_mse=0.200636
step=4500 loss=0.010416 pred=0.009332 val_mse=0.151151
step=4500 loss=0.006760 pred=0.005707 val_mse=0.196681
step=4500 loss=0.006760 pred=0.005707 val_mse=0.196681
step=4500 loss=0.006760 pred=0.005707 val_mse=0.196681
step=4999 loss=0.010404 pred=0.009219 val_mse=0.137929
run_dir=runs/maniskill_insertion/perturbation_e20_5k_lista_optimizer_refine_20260604_155050/dense_tanh_sp0/seed1
step=4999 loss=0.010322 pred=0.009198 val_mse=0.186140
run_dir=runs/maniskill_insertion/perturbation_e20_5k_lista_optimizer_refine_20260604_155050/lista_relu_a0p01_sp1em4_loops2_lr7em4_wd1em4_k0/seed0
step=4999 loss=0.010322 pred=0.009198 val_mse=0.186140
run_dir=runs/maniskill_insertion/perturbation_e20_5k_lista_optimizer_refine_20260604_155050/lista_relu_a0p01_sp1em4_loops2_lr7em4_wd1em4_k1em5/seed0
step=4999 loss=0.010322 pred=0.009198 val_mse=0.186140
run_dir=runs/maniskill_insertion/perturbation_e20_5k_lista_optimizer_refine_20260604_155050/lista_relu_a0p01_sp1em4_loops2_lr7em4_wd1em4_k1em4/seed0
{
  "best_periodic_rollout": {
    "episode_count": 15,
    "h10/episode_count": 15,
    "h10/final_state_mse": 0.0015295856139239143,
    "h10/outcome_drop_episode_count": 3,
    "h10/outcome_drop_final_state_mse": 0.0011113361498109656,
    "h10/outcome_drop_state_mse": 0.0011798007425919078,
    "h10/outcome_jam_episode_count": 3,
    "h10/outcome_jam_final_state_mse": 0.0015243350777750702,
    "h10/outcome_jam_state_mse": 0.0013875234750361225,
    "h10/outcome_miss_episode_count": 3,
    "h10/outcome_miss_final_state_mse": 0.0027583142121632895,
    "h10/outcome_miss_state_mse": 0.007237803156858956,
    "h10/outcome_partial_episode_count": 3,
    "h10/outcome_partial_final_state_mse": 0.001130379760771795,
    "h10/outcome_partial_state_mse": 0.0011753518207400452,
    "h10/outcome_success_episode_count": 3,
    "h10/outcome_success_final_state_mse": 0.0011235631612780826,
    "h10/outcome_success_state_mse": 0.0011709098138061225,
    "h10/selected_mode": "periodic_10",
    "h10/selected_period": 10,
    "h10/state_mse": 0.002430277805702359,
    "h100/episode_count": 15,
    "h100/final_state_mse": 0.004796669529933555,
    "h100/outcome_drop_episode_count": 3,
    "h100/outcome_drop_final_state_mse": 0.0069954687960786755,
    "h100/outcome_drop_state_mse": 0.003953618940964244,
    "h100/outcome_jam_episode_count": 3,
    "h100/outcome_jam_final_state_mse": 0.004315254101955813,
    "h100/outcome_jam_state_mse": 0.0032751523435505386,
    "h100/outcome_miss_episode_count": 3,
    "h100/outcome_miss_final_state_mse": 0.0044668261570478575,
    "h100/outcome_miss_state_mse": 0.0030466979781007455,
    "h100/outcome_partial_episode_count": 3,
    "h100/outcome_partial_final_state_mse": 0.004182312418432797,
    "h100/outcome_partial_state_mse": 0.003148145519830043,
    "h100/outcome_success_episode_count": 3,
    "h100/outcome_success_final_state_mse": 0.004023486833556805,
    "h100/outcome_success_state_mse": 0.003166750022788453,
    "h100/selected_mode": "periodic_10",
    "h100/selected_period": 10,
    "h100/state_mse": 0.0033180729485804738,
    "h125/episode_count": 15,
    "h125/final_state_mse": 0.004882369321935317,
    "h125/outcome_drop_episode_count": 3,
    "h125/outcome_drop_final_state_mse": 0.007365345565322178,
    "h125/outcome_drop_state_mse": 0.004748497607661229,
    "h125/outcome_jam_episode_count": 3,
    "h125/outcome_jam_final_state_mse": 0.002547695258863611,
    "h125/outcome_jam_state_mse": 0.003421319300832312,
    "h125/outcome_miss_episode_count": 3,
    "h125/outcome_miss_final_state_mse": 0.006178331823130838,
    "h125/outcome_miss_state_mse": 0.0035398665284798814,
    "h125/outcome_partial_episode_count": 3,
    "h125/outcome_partial_final_state_mse": 0.005539007728395899,
    "h125/outcome_partial_state_mse": 0.003684447743534263,
    "h125/outcome_success_episode_count": 3,
    "h125/outcome_success_final_state_mse": 0.0027814664287504807,
    "h125/outcome_success_state_mse": 0.00336949441947189,
    "h125/selected_mode": "periodic_10",
    "h125/selected_period": 10,
    "h125/state_mse": 0.003752725439133987,
    "h20/episode_count": 15,
    "h20/final_state_mse": 0.001529078857571471,
    "h20/outcome_drop_episode_count": 3,
    "h20/outcome_drop_final_state_mse": 0.0014948298046791476,
    "h20/outcome_drop_state_mse": 0.0012748279797485452,
    "h20/outcome_jam_episode_count": 3,
    "h20/outcome_jam_final_state_mse": 0.001700679558554506,
    "h20/outcome_jam_state_mse": 0.001406238612785838,
    "h20/outcome_miss_episode_count": 3,
    "h20/outcome_miss_final_state_mse": 0.0014238217541205338,
    "h20/outcome_miss_state_mse": 0.004619992792216781,
    "h20/outcome_partial_episode_count": 3,
    "h20/outcome_partial_final_state_mse": 0.0014912294820438024,
    "h20/outcome_partial_state_mse": 0.0012572824175840888,
    "h20/outcome_success_episode_count": 3,
    "h20/outcome_success_final_state_mse": 0.0015348338102008782,
    "h20/outcome_success_state_mse": 0.00125752214123221,
    "h20/selected_mode": "periodic_10",
    "h20/selected_period": 10,
    "h20/state_mse": 0.001963172738069023,
    "h30/episode_count": 15,
    "h30/final_state_mse": 0.0017277614743101831,
    "h30/outcome_drop_episode_count": 3,
    "h30/outcome_drop_final_state_mse": 0.0017373145503156325,
    "h30/outcome_drop_state_mse": 0.0014613085972197955,
    "h30/outcome_jam_episode_count": 3,
    "h30/outcome_jam_final_state_mse": 0.0019321463563862968,
    "h30/outcome_jam_state_mse": 0.0016040944325897949,
    "h30/outcome_miss_episode_count": 3,
    "h30/outcome_miss_final_state_mse": 0.0014794660257358178,
    "h30/outcome_miss_state_mse": 0.003557364457572987,
    "h30/outcome_partial_episode_count": 3,
    "h30/outcome_partial_final_state_mse": 0.0017428353574930452,
    "h30/outcome_partial_state_mse": 0.0014415509820244151,
    "h30/outcome_success_episode_count": 3,
    "h30/outcome_success_final_state_mse": 0.0017470457877208983,
    "h30/outcome_success_state_mse": 0.0014449118009579728,
    "h30/selected_mode": "periodic_10",
    "h30/selected_period": 10,
    "h30/state_mse": 0.0019018459943384905,
    "h40/episode_count": 15,
    "h40/final_state_mse": 0.0017807940252466139,
    "h40/outcome_drop_episode_count": 3,
    "h40/outcome_drop_final_state_mse": 0.001952268962377037,
    "h40/outcome_drop_state_mse": 0.0015426151892718146,
    "h40/outcome_jam_episode_count": 3,
    "h40/outcome_jam_final_state_mse": 0.0018564733901834177,
    "h40/outcome_jam_state_mse": 0.0016958138521979836,
    "h40/outcome_miss_episode_count": 3,
    "h40/outcome_miss_final_state_mse": 0.0013483530580023534,
    "h40/outcome_miss_state_mse": 0.0030077543134003682,
    "h40/outcome_partial_episode_count": 3,
    "h40/outcome_partial_final_state_mse": 0.0019045268836753821,
    "h40/outcome_partial_state_mse": 0.001521506184845968,
    "h40/outcome_success_episode_count": 3,
    "h40/outcome_success_final_state_mse": 0.0018423476980792151,
    "h40/outcome_success_state_mse": 0.001524172655118057,
    "h40/selected_mode": "periodic_10",
    "h40/selected_period": 10,
    "h40/state_mse": 0.0018583724078010111,
    "h50/episode_count": 15,
    "h50/final_state_mse": 0.0024013489679573408,
    "h50/outcome_drop_episode_count": 3,
    "h50/outcome_drop_final_state_mse": 0.0027479509415190206,
    "h50/outcome_drop_state_mse": 0.0017551261303471585,
    "h50/outcome_jam_episode_count": 3,
    "h50/outcome_jam_final_state_mse": 0.0025064687372422685,
    "h50/outcome_jam_state_mse": 0.0018148344949959151,
    "h50/outcome_miss_episode_count": 3,
    "h50/outcome_miss_final_state_mse": 0.0017501835778258206,
    "h50/outcome_miss_state_mse": 0.0027163758620717166,
    "h50/outcome_partial_episode_count": 3,
    "h50/outcome_partial_final_state_mse": 0.00252497188893019,
    "h50/outcome_partial_state_mse": 0.0016604873557495914,
    "h50/outcome_success_episode_count": 3,
    "h50/outcome_success_final_state_mse": 0.002477170619504904,
    "h50/outcome_success_state_mse": 0.0016507070204790902,
    "h50/selected_mode": "periodic_10",
    "h50/selected_period": 10,
    "h50/state_mse": 0.0019195059982000612,
    "h75/episode_count": 15,
    "h75/final_state_mse": 0.004773840561411739,
    "h75/outcome_drop_episode_count": 3,
    "h75/outcome_drop_final_state_mse": 0.004571405476799198,
    "h75/outcome_drop_state_mse": 0.002701649800884438,
    "h75/outcome_jam_episode_count": 3,
    "h75/outcome_jam_final_state_mse": 0.005334165458585702,
    "h75/outcome_jam_state_mse": 0.002754009512774565,
    "h75/outcome_miss_episode_count": 3,
    "h75/outcome_miss_final_state_mse": 0.0029593596563619725,
    "h75/outcome_miss_state_mse": 0.002647392505654063,
    "h75/outcome_partial_episode_count": 3,
    "h75/outcome_partial_final_state_mse": 0.005445500604467454,
    "h75/outcome_partial_state_mse": 0.0025641858967301112,
    "h75/outcome_success_episode_count": 3,
    "h75/outcome_success_final_state_mse": 0.005558773485663669,
    "h75/outcome_success_state_mse": 0.002530818847789224,
    "h75/selected_mode": "periodic_10",
    "h75/selected_period": 10,
    "h75/state_mse": 0.002639611470673339,
    "max_requested_horizon": 125,
    "periodic_reencode_periods": [
      1,
      2,
      5,
      10,
      20,
      50,
      100
    ],
    "rollout_mode": "best_periodic"
  },
  "checkpoint": "runs/maniskill_insertion/perturbation_e20_5k_lista_optimizer_refine_20260604_155050/dense_tanh_sp0/seed1/checkpoint.pt",
  "checkpoint_step": 4000,
  "dataset": "data/maniskill/perturbation_assessment_seed0_e20/all_setups.npz",
  "device": "cuda",
  "family_jaccard": 0.4,
  "horizons": [
    10,
    20,
    30,
    40,
    50,
    75,
    100,
    125
  ],
  "labels_used_for_training": false,
  "periodic_reencode_periods": [
    1,
    2,
    5,
    10,
    20,
    50,
    100
  ],
  "rollout": {
    "episode_count": 15,
    "h10/episode_count": 15,
    "h10/final_state_mse": 0.0015295856139239143,
    "h10/outcome_drop_episode_count": 3,
    "h10/outcome_drop_final_state_mse": 0.0011113362593783273,
    "h10/outcome_drop_state_mse": 0.0011798006841559816,
    "h10/outcome_jam_episode_count": 3,
    "h10/outcome_jam_final_state_mse": 0.0015243350534267675,
    "h10/outcome_jam_state_mse": 0.0013875234555574803,
    "h10/outcome_miss_episode_count": 3,
    "h10/outcome_miss_final_state_mse": 0.0027583133356243955,
    "h10/outcome_miss_state_mse": 0.007237803390602661,
    "h10/outcome_partial_episode_count": 3,
    "h10/outcome_partial_final_state_mse": 0.0011303803086086036,
    "h10/outcome_partial_state_mse": 0.0011753518596973294,
    "h10/outcome_success_episode_count": 3,
    "h10/outcome_success_final_state_mse": 0.0011235633560645036,
    "h10/outcome_success_state_mse": 0.0011709098332847645,
    "h10/state_mse": 0.0024302780550289776,
    "h100/episode_count": 15,
    "h100/final_state_mse": 0.0825814839282067,
    "h100/outcome_drop_episode_count": 3,
    "h100/outcome_drop_final_state_mse": 0.07513201236724854,
    "h100/outcome_drop_state_mse": 0.06860392850988052,
    "h100/outcome_jam_episode_count": 3,
    "h100/outcome_jam_final_state_mse": 0.09612736670799504,
    "h100/outcome_jam_state_mse": 0.07793654099009395,
    "h100/outcome_miss_episode_count": 3,
    "h100/outcome_miss_final_state_mse": 0.07025350230971193,
    "h100/outcome_miss_state_mse": 0.0675344908471201,
    "h100/outcome_partial_episode_count": 3,
    "h100/outcome_partial_final_state_mse": 0.09015202366448695,
    "h100/outcome_partial_state_mse": 0.08043694190729678,
    "h100/outcome_success_episode_count": 3,
    "h100/outcome_success_final_state_mse": 0.0812424927755119,
    "h100/outcome_success_state_mse": 0.07769740285437092,
    "h100/state_mse": 0.07444185942606209,
    "h125/episode_count": 15,
    "h125/final_state_mse": 0.049918290680530025,
    "h125/outcome_drop_episode_count": 3,
    "h125/outcome_drop_final_state_mse": 0.03632896437364466,
    "h125/outcome_drop_state_mse": 0.06686964326746324,
    "h125/outcome_jam_episode_count": 3,
    "h125/outcome_jam_final_state_mse": 0.041760753961949566,
    "h125/outcome_jam_state_mse": 0.07568796594158497,
    "h125/outcome_miss_episode_count": 3,
    "h125/outcome_miss_final_state_mse": 0.05791777489232082,
    "h125/outcome_miss_state_mse": 0.06579238472732843,
    "h125/outcome_partial_episode_count": 3,
    "h125/outcome_partial_final_state_mse": 0.07360449725506353,
    "h125/outcome_partial_state_mse": 0.08206932955473856,
    "h125/outcome_success_episode_count": 3,
    "h125/outcome_success_final_state_mse": 0.039979463309244394,
    "h125/outcome_success_state_mse": 0.07476137088950163,
    "h125/state_mse": 0.07303613664215686,
    "h20/episode_count": 15,
    "h20/final_state_mse": 0.004431247087865094,
    "h20/outcome_drop_episode_count": 3,
    "h20/outcome_drop_final_state_mse": 0.004128685330643374,
    "h20/outcome_drop_state_mse": 0.001878618103226805,
    "h20/outcome_jam_episode_count": 3,
    "h20/outcome_jam_final_state_mse": 0.0045878486890418855,
    "h20/outcome_jam_state_mse": 0.002002656576680202,
    "h20/outcome_miss_episode_count": 3,
    "h20/outcome_miss_final_state_mse": 0.004855262249513389,
    "h20/outcome_miss_state_mse": 0.005369297897114473,
    "h20/outcome_partial_episode_count": 3,
    "h20/outcome_partial_final_state_mse": 0.004252194140861237,
    "h20/outcome_partial_state_mse": 0.0018470713905259675,
    "h20/outcome_success_episode_count": 3,
    "h20/outcome_success_final_state_mse": 0.004332245029265585,
    "h20/outcome_success_state_mse": 0.0018441344008726232,
    "h20/state_mse": 0.0025883556191438166,
    "h30/episode_count": 15,
    "h30/final_state_mse": 0.024165568632238052,
    "h30/outcome_drop_episode_count": 3,
    "h30/outcome_drop_final_state_mse": 0.02249526159436095,
    "h30/outcome_drop_state_mse": 0.005281764801291339,
    "h30/outcome_jam_episode_count": 3,
    "h30/outcome_jam_final_state_mse": 0.023572661128698612,
    "h30/outcome_jam_state_mse": 0.005450030713299521,
    "h30/outcome_miss_episode_count": 3,
    "h30/outcome_miss_final_state_mse": 0.029745149456597623,
    "h30/outcome_miss_state_mse": 0.008749343730785229,
    "h30/outcome_partial_episode_count": 3,
    "h30/outcome_partial_final_state_mse": 0.02244533822427388,
    "h30/outcome_partial_state_mse": 0.005230013945004,
    "h30/outcome_success_episode_count": 3,
    "h30/outcome_success_final_state_mse": 0.022569438211278978,
    "h30/outcome_success_state_mse": 0.005237508287616805,
    "h30/state_mse": 0.005989732264433551,
    "h40/episode_count": 15,
    "h40/final_state_mse": 0.06977875653435202,
    "h40/outcome_drop_episode_count": 3,
    "h40/outcome_drop_final_state_mse": 0.05436595904281716,
    "h40/outcome_drop_state_mse": 0.013758095572976504,
    "h40/outcome_jam_episode_count": 3,
    "h40/outcome_jam_final_state_mse": 0.0753328940447639,
    "h40/outcome_jam_state_mse": 0.015542804493623621,
    "h40/outcome_miss_episode_count": 3,
    "h40/outcome_miss_final_state_mse": 0.06827772832384296,
    "h40/outcome_miss_state_mse": 0.0190614008436016,
    "h40/outcome_partial_episode_count": 3,
    "h40/outcome_partial_final_state_mse": 0.075859797546287,
    "h40/outcome_partial_state_mse": 0.015387299793218475,
    "h40/outcome_success_episode_count": 3,
    "h40/outcome_success_final_state_mse": 0.07505741462208866,
    "h40/outcome_success_state_mse": 0.01531633239945555,
    "h40/state_mse": 0.01581318674523846,
    "h50/episode_count": 15,
    "h50/final_state_mse": 0.11004390342562806,
    "h50/outcome_drop_episode_count": 3,
    "h50/outcome_drop_final_state_mse": 0.10878654243120181,
    "h50/outcome_drop_state_mse": 0.029305687200010214,
    "h50/outcome_jam_episode_count": 3,
    "h50/outcome_jam_final_state_mse": 0.11049220297071669,
    "h50/outcome_jam_state_mse": 0.032555238811019196,
    "h50/outcome_miss_episode_count": 3,
    "h50/outcome_miss_final_state_mse": 0.09642509697309506,
    "h50/outcome_miss_state_mse": 0.03138837826797385,
    "h50/outcome_partial_episode_count": 3,
    "h50/outcome_partial_final_state_mse": 0.11651978305741853,
    "h50/outcome_partial_state_mse": 0.0330005590900097,
    "h50/outcome_success_episode_count": 3,
    "h50/outcome_success_final_state_mse": 0.11799587299621184,
    "h50/outcome_success_state_mse": 0.03309010125453176,
    "h50/state_mse": 0.03186799491932189,
    "h75/episode_count": 15,
    "h75/final_state_mse": 0.10927534913705066,
    "h75/outcome_drop_episode_count": 3,
    "h75/outcome_drop_final_state_mse": 0.11614334037880493,
    "h75/outcome_drop_state_mse": 0.056327961441738156,
    "h75/outcome_jam_episode_count": 3,
    "h75/outcome_jam_final_state_mse": 0.11043112885718252,
    "h75/outcome_jam_state_mse": 0.06830618931057666,
    "h75/outcome_miss_episode_count": 3,
    "h75/outcome_miss_final_state_mse": 0.09964385063819636,
    "h75/outcome_miss_state_mse": 0.060583363119553375,
    "h75/outcome_partial_episode_count": 3,
    "h75/outcome_partial_final_state_mse": 0.11812139024921492,
    "h75/outcome_partial_state_mse": 0.06838851762493192,
    "h75/outcome_success_episode_count": 3,
    "h75/outcome_success_final_state_mse": 0.10203701842064951,
    "h75/outcome_success_state_mse": 0.0684047457958878,
    "h75/state_mse": 0.06440215226715686,
    "max_requested_horizon": 125,
    "reencode_period": null,
    "rollout_mode": "no_reencode"
  },
  "rollout_modes": {
    "no_reencode": {
      "episode_count": 15,
      "h10/episode_count": 15,
      "h10/final_state_mse": 0.0015295856139239143,
      "h10/outcome_drop_episode_count": 3,
      "h10/outcome_drop_final_state_mse": 0.0011113362593783273,
      "h10/outcome_drop_state_mse": 0.0011798006841559816,
      "h10/outcome_jam_episode_count": 3,
      "h10/outcome_jam_final_state_mse": 0.0015243350534267675,
      "h10/outcome_jam_state_mse": 0.0013875234555574803,
      "h10/outcome_miss_episode_count": 3,
      "h10/outcome_miss_final_state_mse": 0.0027583133356243955,
      "h10/outcome_miss_state_mse": 0.007237803390602661,
      "h10/outcome_partial_episode_count": 3,
      "h10/outcome_partial_final_state_mse": 0.0011303803086086036,
      "h10/outcome_partial_state_mse": 0.0011753518596973294,
      "h10/outcome_success_episode_count": 3,
      "h10/outcome_success_final_state_mse": 0.0011235633560645036,
      "h10/outcome_success_state_mse": 0.0011709098332847645,
      "h10/state_mse": 0.0024302780550289776,
      "h100/episode_count": 15,
      "h100/final_state_mse": 0.0825814839282067,
      "h100/outcome_drop_episode_count": 3,
      "h100/outcome_drop_final_state_mse": 0.07513201236724854,
      "h100/outcome_drop_state_mse": 0.06860392850988052,
      "h100/outcome_jam_episode_count": 3,
      "h100/outcome_jam_final_state_mse": 0.09612736670799504,
      "h100/outcome_jam_state_mse": 0.07793654099009395,
      "h100/outcome_miss_episode_count": 3,
      "h100/outcome_miss_final_state_mse": 0.07025350230971193,
      "h100/outcome_miss_state_mse": 0.0675344908471201,
      "h100/outcome_partial_episode_count": 3,
      "h100/outcome_partial_final_state_mse": 0.09015202366448695,
      "h100/outcome_partial_state_mse": 0.08043694190729678,
      "h100/outcome_success_episode_count": 3,
      "h100/outcome_success_final_state_mse": 0.0812424927755119,
      "h100/outcome_success_state_mse": 0.07769740285437092,
      "h100/state_mse": 0.07444185942606209,
      "h125/episode_count": 15,
      "h125/final_state_mse": 0.049918290680530025,
      "h125/outcome_drop_episode_count": 3,
      "h125/outcome_drop_final_state_mse": 0.03632896437364466,
      "h125/outcome_drop_state_mse": 0.06686964326746324,
      "h125/outcome_jam_episode_count": 3,
      "h125/outcome_jam_final_state_mse": 0.041760753961949566,
      "h125/outcome_jam_state_mse": 0.07568796594158497,
      "h125/outcome_miss_episode_count": 3,
      "h125/outcome_miss_final_state_mse": 0.05791777489232082,
      "h125/outcome_miss_state_mse": 0.06579238472732843,
      "h125/outcome_partial_episode_count": 3,
      "h125/outcome_partial_final_state_mse": 0.07360449725506353,
      "h125/outcome_partial_state_mse": 0.08206932955473856,
      "h125/outcome_success_episode_count": 3,
      "h125/outcome_success_final_state_mse": 0.039979463309244394,
      "h125/outcome_success_state_mse": 0.07476137088950163,
      "h125/state_mse": 0.07303613664215686,
      "h20/episode_count": 15,
      "h20/final_state_mse": 0.004431247087865094,
      "h20/outcome_drop_episode_count": 3,
      "h20/outcome_drop_final_state_mse": 0.004128685330643374,
      "h20/outcome_drop_state_mse": 0.001878618103226805,
      "h20/outcome_jam_episode_count": 3,
      "h20/outcome_jam_final_state_mse": 0.0045878486890418855,
      "h20/outcome_jam_state_mse": 0.002002656576680202,
      "h20/outcome_miss_episode_count": 3,
      "h20/outcome_miss_final_state_mse": 0.004855262249513389,
      "h20/outcome_miss_state_mse": 0.005369297897114473,
      "h20/outcome_partial_episode_count": 3,
      "h20/outcome_partial_final_state_mse": 0.004252194140861237,
      "h20/outcome_partial_state_mse": 0.0018470713905259675,
      "h20/outcome_success_episode_count": 3,
      "h20/outcome_success_final_state_mse": 0.004332245029265585,
      "h20/outcome_success_state_mse": 0.0018441344008726232,
      "h20/state_mse": 0.0025883556191438166,
      "h30/episode_count": 15,
      "h30/final_state_mse": 0.024165568632238052,
      "h30/outcome_drop_episode_count": 3,
      "h30/outcome_drop_final_state_mse": 0.02249526159436095,
      "h30/outcome_drop_state_mse": 0.005281764801291339,
      "h30/outcome_jam_episode_count": 3,
      "h30/outcome_jam_final_state_mse": 0.023572661128698612,
      "h30/outcome_jam_state_mse": 0.005450030713299521,
      "h30/outcome_miss_episode_count": 3,
      "h30/outcome_miss_final_state_mse": 0.029745149456597623,
      "h30/outcome_miss_state_mse": 0.008749343730785229,
      "h30/outcome_partial_episode_count": 3,
      "h30/outcome_partial_final_state_mse": 0.02244533822427388,
      "h30/outcome_partial_state_mse": 0.005230013945004,
      "h30/outcome_success_episode_count": 3,
      "h30/outcome_success_final_state_mse": 0.022569438211278978,
      "h30/outcome_success_state_mse": 0.005237508287616805,
      "h30/state_mse": 0.005989732264433551,
      "h40/episode_count": 15,
      "h40/final_state_mse": 0.06977875653435202,
      "h40/outcome_drop_episode_count": 3,
      "h40/outcome_drop_final_state_mse": 0.05436595904281716,
      "h40/outcome_drop_state_mse": 0.013758095572976504,
      "h40/outcome_jam_episode_count": 3,
      "h40/outcome_jam_final_state_mse": 0.0753328940447639,
      "h40/outcome_jam_state_mse": 0.015542804493623621,
      "h40/outcome_miss_episode_count": 3,
      "h40/outcome_miss_final_state_mse": 0.06827772832384296,
      "h40/outcome_miss_state_mse": 0.0190614008436016,
      "h40/outcome_partial_episode_count": 3,
      "h40/outcome_partial_final_state_mse": 0.075859797546287,
      "h40/outcome_partial_state_mse": 0.015387299793218475,
      "h40/outcome_success_episode_count": 3,
      "h40/outcome_success_final_state_mse": 0.07505741462208866,
      "h40/outcome_success_state_mse": 0.01531633239945555,
      "h40/state_mse": 0.01581318674523846,
      "h50/episode_count": 15,
      "h50/final_state_mse": 0.11004390342562806,
      "h50/outcome_drop_episode_count": 3,
      "h50/outcome_drop_final_state_mse": 0.10878654243120181,
      "h50/outcome_drop_state_mse": 0.029305687200010214,
      "h50/outcome_jam_episode_count": 3,
      "h50/outcome_jam_final_state_mse": 0.11049220297071669,
      "h50/outcome_jam_state_mse": 0.032555238811019196,
      "h50/outcome_miss_episode_count": 3,
      "h50/outcome_miss_final_state_mse": 0.09642509697309506,
      "h50/outcome_miss_state_mse": 0.03138837826797385,
      "h50/outcome_partial_episode_count": 3,
      "h50/outcome_partial_final_state_mse": 0.11651978305741853,
      "h50/outcome_partial_state_mse": 0.0330005590900097,
      "h50/outcome_success_episode_count": 3,
      "h50/outcome_success_final_state_mse": 0.11799587299621184,
      "h50/outcome_success_state_mse": 0.03309010125453176,
      "h50/state_mse": 0.03186799491932189,
      "h75/episode_count": 15,
      "h75/final_state_mse": 0.10927534913705066,
      "h75/outcome_drop_episode_count": 3,
      "h75/outcome_drop_final_state_mse": 0.11614334037880493,
      "h75/outcome_drop_state_mse": 0.056327961441738156,
      "h75/outcome_jam_episode_count": 3,
      "h75/outcome_jam_final_state_mse": 0.11043112885718252,
      "h75/outcome_jam_state_mse": 0.06830618931057666,
      "h75/outcome_miss_episode_count": 3,
      "h75/outcome_miss_final_state_mse": 0.09964385063819636,
      "h75/outcome_miss_state_mse": 0.060583363119553375,
      "h75/outcome_partial_episode_count": 3,
      "h75/outcome_partial_final_state_mse": 0.11812139024921492,
      "h75/outcome_partial_state_mse": 0.06838851762493192,
      "h75/outcome_success_episode_count": 3,
      "h75/outcome_success_final_state_mse": 0.10203701842064951,
      "h75/outcome_success_state_mse": 0.0684047457958878,
      "h75/state_mse": 0.06440215226715686,
      "max_requested_horizon": 125,
      "reencode_period": null,
      "rollout_mode": "no_reencode"
    },
    "periodic_1": {
      "episode_count": 15,
      "h10/episode_count": 15,
      "h10/final_state_mse": 0.005888310600729549,
      "h10/outcome_drop_episode_count": 3,
      "h10/outcome_drop_final_state_mse": 0.005781707615634195,
      "h10/outcome_drop_state_mse": 0.004717448723861595,
      "h10/outcome_jam_episode_count": 3,
      "h10/outcome_jam_final_state_mse": 0.005524840425042545,
      "h10/outcome_jam_state_mse": 0.004651287022758932,
      "h10/outcome_miss_episode_count": 3,
      "h10/outcome_miss_final_state_mse": 0.006689283582899306,
      "h10/outcome_miss_state_mse": 0.011965910437839483,
      "h10/outcome_partial_episode_count": 3,
      "h10/outcome_partial_final_state_mse": 0.005794067787968256,
      "h10/outcome_partial_state_mse": 0.004700357617895588,
      "h10/outcome_success_episode_count": 3,
      "h10/outcome_success_final_state_mse": 0.005651651157273186,
      "h10/outcome_success_state_mse": 0.004627786041085237,
      "h10/state_mse": 0.006132557688195721,
      "h100/episode_count": 15,
      "h100/final_state_mse": 0.03233817605411305,
      "h100/outcome_drop_episode_count": 3,
      "h100/outcome_drop_final_state_mse": 0.05908783354790382,
      "h100/outcome_drop_state_mse": 0.03308602476431653,
      "h100/outcome_jam_episode_count": 3,
      "h100/outcome_jam_final_state_mse": 0.025073154689439762,
      "h100/outcome_jam_state_mse": 0.015915114957522722,
      "h100/outcome_miss_episode_count": 3,
      "h100/outcome_miss_final_state_mse": 0.02335504690806071,
      "h100/outcome_miss_state_mse": 0.01521665411057815,
      "h100/outcome_partial_episode_count": 3,
      "h100/outcome_partial_final_state_mse": 0.02605720828561222,
      "h100/outcome_partial_state_mse": 0.018736802144767414,
      "h100/outcome_success_episode_count": 3,
      "h100/outcome_success_final_state_mse": 0.0281176308011697,
      "h100/outcome_success_state_mse": 0.017882515402401194,
      "h100/state_mse": 0.020167423023897058,
      "h125/episode_count": 15,
      "h125/final_state_mse": 0.028073337031345742,
      "h125/outcome_drop_episode_count": 3,
      "h125/outcome_drop_final_state_mse": 0.023631629990596398,
      "h125/outcome_drop_state_mse": 0.0350036461524714,
      "h125/outcome_jam_episode_count": 3,
      "h125/outcome_jam_final_state_mse": 0.01646979455075233,
      "h125/outcome_jam_state_mse": 0.016794161129621118,
      "h125/outcome_miss_episode_count": 3,
      "h125/outcome_miss_final_state_mse": 0.042389290784698684,
      "h125/outcome_miss_state_mse": 0.017968860900479982,
      "h125/outcome_partial_episode_count": 3,
      "h125/outcome_partial_final_state_mse": 0.04322511269376169,
      "h125/outcome_partial_state_mse": 0.021573568506178514,
      "h125/outcome_success_episode_count": 3,
      "h125/outcome_success_final_state_mse": 0.014650857331706029,
      "h125/outcome_success_state_mse": 0.019316887350643384,
      "h125/state_mse": 0.022131426164215685,
      "h20/episode_count": 15,
      "h20/final_state_mse": 0.010057479260014553,
      "h20/outcome_drop_episode_count": 3,
      "h20/outcome_drop_final_state_mse": 0.009260559978048786,
      "h20/outcome_drop_state_mse": 0.005612618860855601,
      "h20/outcome_jam_episode_count": 3,
      "h20/outcome_jam_final_state_mse": 0.009705153263472264,
      "h20/outcome_jam_state_mse": 0.005943707858814913,
      "h20/outcome_miss_episode_count": 3,
      "h20/outcome_miss_final_state_mse": 0.012549257940716214,
      "h20/outcome_miss_state_mse": 0.010165314892538233,
      "h20/outcome_partial_episode_count": 3,
      "h20/outcome_partial_final_state_mse": 0.009290288671169405,
      "h20/outcome_partial_state_mse": 0.005672425382277545,
      "h20/outcome_success_episode_count": 3,
      "h20/outcome_success_final_state_mse": 0.00948213771277783,
      "h20/outcome_success_state_mse": 0.0056412401542164925,
      "h20/state_mse": 0.006607061647901348,
      "h30/episode_count": 15,
      "h30/final_state_mse": 0.016049395043865527,
      "h30/outcome_drop_episode_count": 3,
      "h30/outcome_drop_final_state_mse": 0.018677225689482845,
      "h30/outcome_drop_state_mse": 0.0082527268686066,
      "h30/outcome_jam_episode_count": 3,
      "h30/outcome_jam_final_state_mse": 0.013936391940303878,
      "h30/outcome_jam_state_mse": 0.008015861802111524,
      "h30/outcome_miss_episode_count": 3,
      "h30/outcome_miss_final_state_mse": 0.017158835541968252,
      "h30/outcome_miss_state_mse": 0.01165244854613327,
      "h30/outcome_partial_episode_count": 3,
      "h30/outcome_partial_final_state_mse": 0.015347661730510737,
      "h30/outcome_partial_state_mse": 0.007967894581148566,
      "h30/outcome_success_episode_count": 3,
      "h30/outcome_success_final_state_mse": 0.015126858271804511,
      "h30/outcome_success_state_mse": 0.007989009325280948,
      "h30/state_mse": 0.008775587559785199,
      "h40/episode_count": 15,
      "h40/final_state_mse": 0.020331594679090712,
      "h40/outcome_drop_episode_count": 3,
      "h40/outcome_drop_final_state_mse": 0.02089717964720882,
      "h40/outcome_drop_state_mse": 0.011032383738000409,
      "h40/outcome_jam_episode_count": 3,
      "h40/outcome_jam_final_state_mse": 0.021989659351461074,
      "h40/outcome_jam_state_mse": 0.010839697738098942,
      "h40/outcome_miss_episode_count": 3,
      "h40/outcome_miss_final_state_mse": 0.015972680905286002,
      "h40/outcome_miss_state_mse": 0.0134270255082573,
      "h40/outcome_partial_episode_count": 3,
      "h40/outcome_partial_final_state_mse": 0.02117673984540054,
      "h40/outcome_partial_state_mse": 0.010713647393619312,
      "h40/outcome_success_episode_count": 3,
      "h40/outcome_success_final_state_mse": 0.02162171364609712,
      "h40/outcome_success_state_mse": 0.010748481438830008,
      "h40/state_mse": 0.011352247849009395,
      "h50/episode_count": 15,
      "h50/final_state_mse": 0.0271961611080793,
      "h50/outcome_drop_episode_count": 3,
      "h50/outcome_drop_final_state_mse": 0.04352344757591198,
      "h50/outcome_drop_state_mse": 0.014985751482396344,
      "h50/outcome_jam_episode_count": 3,
      "h50/outcome_jam_final_state_mse": 0.02507325052435881,
      "h50/outcome_jam_state_mse": 0.013650786455939798,
      "h50/outcome_miss_episode_count": 3,
      "h50/outcome_miss_final_state_mse": 0.013031305051317402,
      "h50/outcome_miss_state_mse": 0.01345436694575291,
      "h50/outcome_partial_episode_count": 3,
      "h50/outcome_partial_final_state_mse": 0.027345266412286198,
      "h50/outcome_partial_state_mse": 0.013515071993559793,
      "h50/outcome_success_episode_count": 3,
      "h50/outcome_success_final_state_mse": 0.027007530717288748,
      "h50/outcome_success_state_mse": 0.013568763982236776,
      "h50/state_mse": 0.013834948171977125,
      "h75/episode_count": 15,
      "h75/final_state_mse": 0.025548518561070262,
      "h75/outcome_drop_episode_count": 3,
      "h75/outcome_drop_final_state_mse": 0.047572707428651696,
      "h75/outcome_drop_state_mse": 0.02646473072193287,
      "h75/outcome_jam_episode_count": 3,
      "h75/outcome_jam_final_state_mse": 0.017629761321871888,
      "h75/outcome_jam_state_mse": 0.01627570490951372,
      "h75/outcome_miss_episode_count": 3,
      "h75/outcome_miss_final_state_mse": 0.014903603036419239,
      "h75/outcome_miss_state_mse": 0.014461640168898506,
      "h75/outcome_partial_episode_count": 3,
      "h75/outcome_partial_final_state_mse": 0.024373758462519428,
      "h75/outcome_partial_state_mse": 0.016815357083588642,
      "h75/outcome_success_episode_count": 3,
      "h75/outcome_success_final_state_mse": 0.02326275671229643,
      "h75/outcome_success_state_mse": 0.016464975062019164,
      "h75/state_mse": 0.018096481821895424,
      "max_requested_horizon": 125,
      "reencode_period": 1,
      "rollout_mode": "periodic_1"
    },
    "periodic_10": {
      "episode_count": 15,
      "h10/episode_count": 15,
      "h10/final_state_mse": 0.0015295856139239143,
      "h10/outcome_drop_episode_count": 3,
      "h10/outcome_drop_final_state_mse": 0.0011113361498109656,
      "h10/outcome_drop_state_mse": 0.0011798007425919078,
      "h10/outcome_jam_episode_count": 3,
      "h10/outcome_jam_final_state_mse": 0.0015243350777750702,
      "h10/outcome_jam_state_mse": 0.0013875234750361225,
      "h10/outcome_miss_episode_count": 3,
      "h10/outcome_miss_final_state_mse": 0.0027583142121632895,
      "h10/outcome_miss_state_mse": 0.007237803156858956,
      "h10/outcome_partial_episode_count": 3,
      "h10/outcome_partial_final_state_mse": 0.001130379760771795,
      "h10/outcome_partial_state_mse": 0.0011753518207400452,
      "h10/outcome_success_episode_count": 3,
      "h10/outcome_success_final_state_mse": 0.0011235631612780826,
      "h10/outcome_success_state_mse": 0.0011709098138061225,
      "h10/state_mse": 0.002430277805702359,
      "h100/episode_count": 15,
      "h100/final_state_mse": 0.004796669529933555,
      "h100/outcome_drop_episode_count": 3,
      "h100/outcome_drop_final_state_mse": 0.0069954687960786755,
      "h100/outcome_drop_state_mse": 0.003953618940964244,
      "h100/outcome_jam_episode_count": 3,
      "h100/outcome_jam_final_state_mse": 0.004315254101955813,
      "h100/outcome_jam_state_mse": 0.0032751523435505386,
      "h100/outcome_miss_episode_count": 3,
      "h100/outcome_miss_final_state_mse": 0.0044668261570478575,
      "h100/outcome_miss_state_mse": 0.0030466979781007455,
      "h100/outcome_partial_episode_count": 3,
      "h100/outcome_partial_final_state_mse": 0.004182312418432797,
      "h100/outcome_partial_state_mse": 0.003148145519830043,
      "h100/outcome_success_episode_count": 3,
      "h100/outcome_success_final_state_mse": 0.004023486833556805,
      "h100/outcome_success_state_mse": 0.003166750022788453,
      "h100/state_mse": 0.0033180729485804738,
      "h125/episode_count": 15,
      "h125/final_state_mse": 0.004882369321935317,
      "h125/outcome_drop_episode_count": 3,
      "h125/outcome_drop_final_state_mse": 0.007365345565322178,
      "h125/outcome_drop_state_mse": 0.004748497607661229,
      "h125/outcome_jam_episode_count": 3,
      "h125/outcome_jam_final_state_mse": 0.002547695258863611,
      "h125/outcome_jam_state_mse": 0.003421319300832312,
      "h125/outcome_miss_episode_count": 3,
      "h125/outcome_miss_final_state_mse": 0.006178331823130838,
      "h125/outcome_miss_state_mse": 0.0035398665284798814,
      "h125/outcome_partial_episode_count": 3,
      "h125/outcome_partial_final_state_mse": 0.005539007728395899,
      "h125/outcome_partial_state_mse": 0.003684447743534263,
      "h125/outcome_success_episode_count": 3,
      "h125/outcome_success_final_state_mse": 0.0027814664287504807,
      "h125/outcome_success_state_mse": 0.00336949441947189,
      "h125/state_mse": 0.003752725439133987,
      "h20/episode_count": 15,
      "h20/final_state_mse": 0.001529078857571471,
      "h20/outcome_drop_episode_count": 3,
      "h20/outcome_drop_final_state_mse": 0.0014948298046791476,
      "h20/outcome_drop_state_mse": 0.0012748279797485452,
      "h20/outcome_jam_episode_count": 3,
      "h20/outcome_jam_final_state_mse": 0.001700679558554506,
      "h20/outcome_jam_state_mse": 0.001406238612785838,
      "h20/outcome_miss_episode_count": 3,
      "h20/outcome_miss_final_state_mse": 0.0014238217541205338,
      "h20/outcome_miss_state_mse": 0.004619992792216781,
      "h20/outcome_partial_episode_count": 3,
      "h20/outcome_partial_final_state_mse": 0.0014912294820438024,
      "h20/outcome_partial_state_mse": 0.0012572824175840888,
      "h20/outcome_success_episode_count": 3,
      "h20/outcome_success_final_state_mse": 0.0015348338102008782,
      "h20/outcome_success_state_mse": 0.00125752214123221,
      "h20/state_mse": 0.001963172738069023,
      "h30/episode_count": 15,
      "h30/final_state_mse": 0.0017277614743101831,
      "h30/outcome_drop_episode_count": 3,
      "h30/outcome_drop_final_state_mse": 0.0017373145503156325,
      "h30/outcome_drop_state_mse": 0.0014613085972197955,
      "h30/outcome_jam_episode_count": 3,
      "h30/outcome_jam_final_state_mse": 0.0019321463563862968,
      "h30/outcome_jam_state_mse": 0.0016040944325897949,
      "h30/outcome_miss_episode_count": 3,
      "h30/outcome_miss_final_state_mse": 0.0014794660257358178,
      "h30/outcome_miss_state_mse": 0.003557364457572987,
      "h30/outcome_partial_episode_count": 3,
      "h30/outcome_partial_final_state_mse": 0.0017428353574930452,
      "h30/outcome_partial_state_mse": 0.0014415509820244151,
      "h30/outcome_success_episode_count": 3,
      "h30/outcome_success_final_state_mse": 0.0017470457877208983,
      "h30/outcome_success_state_mse": 0.0014449118009579728,
      "h30/state_mse": 0.0019018459943384905,
      "h40/episode_count": 15,
      "h40/final_state_mse": 0.0017807940252466139,
      "h40/outcome_drop_episode_count": 3,
      "h40/outcome_drop_final_state_mse": 0.001952268962377037,
      "h40/outcome_drop_state_mse": 0.0015426151892718146,
      "h40/outcome_jam_episode_count": 3,
      "h40/outcome_jam_final_state_mse": 0.0018564733901834177,
      "h40/outcome_jam_state_mse": 0.0016958138521979836,
      "h40/outcome_miss_episode_count": 3,
      "h40/outcome_miss_final_state_mse": 0.0013483530580023534,
      "h40/outcome_miss_state_mse": 0.0030077543134003682,
      "h40/outcome_partial_episode_count": 3,
      "h40/outcome_partial_final_state_mse": 0.0019045268836753821,
      "h40/outcome_partial_state_mse": 0.001521506184845968,
      "h40/outcome_success_episode_count": 3,
      "h40/outcome_success_final_state_mse": 0.0018423476980792151,
      "h40/outcome_success_state_mse": 0.001524172655118057,
      "h40/state_mse": 0.0018583724078010111,
      "h50/episode_count": 15,
      "h50/final_state_mse": 0.0024013489679573408,
      "h50/outcome_drop_episode_count": 3,
      "h50/outcome_drop_final_state_mse": 0.0027479509415190206,
      "h50/outcome_drop_state_mse": 0.0017551261303471585,
      "h50/outcome_jam_episode_count": 3,
      "h50/outcome_jam_final_state_mse": 0.0025064687372422685,
      "h50/outcome_jam_state_mse": 0.0018148344949959151,
      "h50/outcome_miss_episode_count": 3,
      "h50/outcome_miss_final_state_mse": 0.0017501835778258206,
      "h50/outcome_miss_state_mse": 0.0027163758620717166,
      "h50/outcome_partial_episode_count": 3,
      "h50/outcome_partial_final_state_mse": 0.00252497188893019,
      "h50/outcome_partial_state_mse": 0.0016604873557495914,
      "h50/outcome_success_episode_count": 3,
      "h50/outcome_success_final_state_mse": 0.002477170619504904,
      "h50/outcome_success_state_mse": 0.0016507070204790902,
      "h50/state_mse": 0.0019195059982000612,
      "h75/episode_count": 15,
      "h75/final_state_mse": 0.004773840561411739,
      "h75/outcome_drop_episode_count": 3,
      "h75/outcome_drop_final_state_mse": 0.004571405476799198,
      "h75/outcome_drop_state_mse": 0.002701649800884438,
      "h75/outcome_jam_episode_count": 3,
      "h75/outcome_jam_final_state_mse": 0.005334165458585702,
      "h75/outcome_jam_state_mse": 0.002754009512774565,
      "h75/outcome_miss_episode_count": 3,
      "h75/outcome_miss_final_state_mse": 0.0029593596563619725,
      "h75/outcome_miss_state_mse": 0.002647392505654063,
      "h75/outcome_partial_episode_count": 3,
      "h75/outcome_partial_final_state_mse": 0.005445500604467454,
      "h75/outcome_partial_state_mse": 0.0025641858967301112,
      "h75/outcome_success_episode_count": 3,
      "h75/outcome_success_final_state_mse": 0.005558773485663669,
      "h75/outcome_success_state_mse": 0.002530818847789224,
      "h75/state_mse": 0.002639611470673339,
      "max_requested_horizon": 125,
      "reencode_period": 10,
      "rollout_mode": "periodic_10"
    },
    "periodic_100": {
      "episode_count": 15,
      "h10/episode_count": 15,
      "h10/final_state_mse": 0.0015295856139239143,
      "h10/outcome_drop_episode_count": 3,
      "h10/outcome_drop_final_state_mse": 0.0011113361498109656,
      "h10/outcome_drop_state_mse": 0.0011798007425919078,
      "h10/outcome_jam_episode_count": 3,
      "h10/outcome_jam_final_state_mse": 0.0015243350777750702,
      "h10/outcome_jam_state_mse": 0.0013875234750361225,
      "h10/outcome_miss_episode_count": 3,
      "h10/outcome_miss_final_state_mse": 0.0027583142121632895,
      "h10/outcome_miss_state_mse": 0.007237803156858956,
      "h10/outcome_partial_episode_count": 3,
      "h10/outcome_partial_final_state_mse": 0.001130379760771795,
      "h10/outcome_partial_state_mse": 0.0011753518207400452,
      "h10/outcome_success_episode_count": 3,
      "h10/outcome_success_final_state_mse": 0.0011235631612780826,
      "h10/outcome_success_state_mse": 0.0011709098138061225,
      "h10/state_mse": 0.002430277805702359,
      "h100/episode_count": 15,
      "h100/final_state_mse": 0.08258149390127145,
      "h100/outcome_drop_episode_count": 3,
      "h100/outcome_drop_final_state_mse": 0.0751320353520462,
      "h100/outcome_drop_state_mse": 0.06860393050449347,
      "h100/outcome_jam_episode_count": 3,
      "h100/outcome_jam_final_state_mse": 0.09612736982457779,
      "h100/outcome_jam_state_mse": 0.07793654497931986,
      "h100/outcome_miss_episode_count": 3,
      "h100/outcome_miss_final_state_mse": 0.07025351010116876,
      "h100/outcome_miss_state_mse": 0.0675344988255719,
      "h100/outcome_partial_episode_count": 3,
      "h100/outcome_partial_final_state_mse": 0.09015203924740062,
      "h100/outcome_partial_state_mse": 0.08043694589652267,
      "h100/outcome_success_episode_count": 3,
      "h100/outcome_success_final_state_mse": 0.08124250835842556,
      "h100/outcome_success_state_mse": 0.07769740883820976,
      "h100/state_mse": 0.07444186580882353,
      "h125/episode_count": 15,
      "h125/final_state_mse": 0.02060721902286305,
      "h125/outcome_drop_episode_count": 3,
      "h125/outcome_drop_final_state_mse": 0.015142644542494631,
      "h125/outcome_drop_state_mse": 0.05922061217064951,
      "h125/outcome_jam_episode_count": 3,
      "h125/outcome_jam_final_state_mse": 0.01886862243702209,
      "h125/outcome_jam_state_mse": 0.06732287198733661,
      "h125/outcome_miss_episode_count": 3,
      "h125/outcome_miss_final_state_mse": 0.025209566736532973,
      "h125/outcome_miss_state_mse": 0.05919735817504085,
      "h125/outcome_partial_episode_count": 3,
      "h125/outcome_partial_final_state_mse": 0.0238264658871819,
      "h125/outcome_partial_state_mse": 0.06922748161764705,
      "h125/outcome_success_episode_count": 3,
      "h125/outcome_success_final_state_mse": 0.01998880174424913,
      "h125/outcome_success_state_mse": 0.06673999502144608,
      "h125/state_mse": 0.06434166156045752,
      "h20/episode_count": 15,
      "h20/final_state_mse": 0.004431247087865094,
      "h20/outcome_drop_episode_count": 3,
      "h20/outcome_drop_final_state_mse": 0.0041286858176094255,
      "h20/outcome_drop_state_mse": 0.0018786182785345837,
      "h20/outcome_jam_episode_count": 3,
      "h20/outcome_jam_final_state_mse": 0.004587849029918122,
      "h20/outcome_jam_state_mse": 0.002002656537722918,
      "h20/outcome_miss_episode_count": 3,
      "h20/outcome_miss_final_state_mse": 0.004855261275581285,
      "h20/outcome_miss_state_mse": 0.005369298208772746,
      "h20/outcome_partial_episode_count": 3,
      "h20/outcome_partial_final_state_mse": 0.004252194968703525,
      "h20/outcome_partial_state_mse": 0.0018470712346968308,
      "h20/outcome_success_episode_count": 3,
      "h20/outcome_success_final_state_mse": 0.004332244980568979,
      "h20/outcome_success_state_mse": 0.001844134322958055,
      "h20/state_mse": 0.0025883556191438166,
      "h30/episode_count": 15,
      "h30/final_state_mse": 0.02416557112550424,
      "h30/outcome_drop_episode_count": 3,
      "h30/outcome_drop_final_state_mse": 0.02249526198393379,
      "h30/outcome_drop_state_mse": 0.0052817650090635215,
      "h30/outcome_jam_episode_count": 3,
      "h30/outcome_jam_final_state_mse": 0.023572666582718393,
      "h30/outcome_jam_state_mse": 0.005450031024957794,
      "h30/outcome_miss_episode_count": 3,
      "h30/outcome_miss_final_state_mse": 0.029745149456597623,
      "h30/outcome_miss_state_mse": 0.008749344146329593,
      "h30/outcome_partial_episode_count": 3,
      "h30/outcome_partial_final_state_mse": 0.02244533822427388,
      "h30/outcome_partial_state_mse": 0.005230013945004,
      "h30/outcome_success_episode_count": 3,
      "h30/outcome_success_final_state_mse": 0.022569439379997502,
      "h30/outcome_success_state_mse": 0.005237508079844622,
      "h30/state_mse": 0.005989732264433551,
      "h40/episode_count": 15,
      "h40/final_state_mse": 0.0697787615208844,
      "h40/outcome_drop_episode_count": 3,
      "h40/outcome_drop_final_state_mse": 0.054365957484525794,
      "h40/outcome_drop_state_mse": 0.013758095884634778,
      "h40/outcome_jam_episode_count": 3,
      "h40/outcome_jam_final_state_mse": 0.0753328800201416,
      "h40/outcome_jam_state_mse": 0.015542804181965348,
      "h40/outcome_miss_episode_count": 3,
      "h40/outcome_miss_final_state_mse": 0.06827773299871706,
      "h40/outcome_miss_state_mse": 0.01906140271355124,
      "h40/outcome_partial_episode_count": 3,
      "h40/outcome_partial_final_state_mse": 0.07585980689603519,
      "h40/outcome_partial_state_mse": 0.015387301039851569,
      "h40/outcome_success_episode_count": 3,
      "h40/outcome_success_final_state_mse": 0.07505741929696276,
      "h40/outcome_success_state_mse": 0.015316331152822457,
      "h40/state_mse": 0.01581318674523846,
      "h50/episode_count": 15,
      "h50/final_state_mse": 0.11004389345256332,
      "h50/outcome_drop_episode_count": 3,
      "h50/outcome_drop_final_state_mse": 0.10878654243120181,
      "h50/outcome_drop_state_mse": 0.029305687200010214,
      "h50/outcome_jam_episode_count": 3,
      "h50/outcome_jam_final_state_mse": 0.11049221076217353,
      "h50/outcome_jam_state_mse": 0.03255523980832568,
      "h50/outcome_miss_episode_count": 3,
      "h50/outcome_miss_final_state_mse": 0.09642509385651234,
      "h50/outcome_miss_state_mse": 0.03138837727066738,
      "h50/outcome_partial_episode_count": 3,
      "h50/outcome_partial_final_state_mse": 0.11651976279963076,
      "h50/outcome_partial_state_mse": 0.033000561084622654,
      "h50/outcome_success_episode_count": 3,
      "h50/outcome_success_final_state_mse": 0.11799587922937729,
      "h50/outcome_success_state_mse": 0.03309009925991881,
      "h50/state_mse": 0.03186799172794118,
      "h75/episode_count": 15,
      "h75/final_state_mse": 0.10927534913705066,
      "h75/outcome_drop_episode_count": 3,
      "h75/outcome_drop_final_state_mse": 0.11614334193709629,
      "h75/outcome_drop_state_mse": 0.056327960111996186,
      "h75/outcome_jam_episode_count": 3,
      "h75/outcome_jam_final_state_mse": 0.11043114444009619,
      "h75/outcome_jam_state_mse": 0.06830619064031863,
      "h75/outcome_miss_episode_count": 3,
      "h75/outcome_miss_final_state_mse": 0.09964383193869995,
      "h75/outcome_miss_state_mse": 0.060583360460069444,
      "h75/outcome_partial_episode_count": 3,
      "h75/outcome_partial_final_state_mse": 0.11812141829845953,
      "h75/outcome_partial_state_mse": 0.06838851762493192,
      "h75/outcome_success_episode_count": 3,
      "h75/outcome_success_final_state_mse": 0.10203700595431858,
      "h75/outcome_success_state_mse": 0.06840474712562977,
      "h75/state_mse": 0.06440215652233115,
      "max_requested_horizon": 125,
      "reencode_period": 100,
      "rollout_mode": "periodic_100"
    },
    "periodic_2": {
      "episode_count": 15,
      "h10/episode_count": 15,
      "h10/final_state_mse": 0.002841538697286369,
      "h10/outcome_drop_episode_count": 3,
      "h10/outcome_drop_final_state_mse": 0.002259819823152879,
      "h10/outcome_drop_state_mse": 0.0022675586681739955,
      "h10/outcome_jam_episode_count": 3,
      "h10/outcome_jam_final_state_mse": 0.0025997395121973325,
      "h10/outcome_jam_state_mse": 0.0024883109759661105,
      "h10/outcome_miss_episode_count": 3,
      "h10/outcome_miss_final_state_mse": 0.004738272502531413,
      "h10/outcome_miss_state_mse": 0.009603223379920511,
      "h10/outcome_partial_episode_count": 3,
      "h10/outcome_partial_final_state_mse": 0.0023160013157168245,
      "h10/outcome_partial_state_mse": 0.002293009695663951,
      "h10/outcome_success_episode_count": 3,
      "h10/outcome_success_final_state_mse": 0.0022938601136986724,
      "h10/outcome_success_state_mse": 0.0022863982160106983,
      "h10/state_mse": 0.0037877001793555965,
      "h100/episode_count": 15,
      "h100/final_state_mse": 0.009297954334932215,
      "h100/outcome_drop_episode_count": 3,
      "h100/outcome_drop_final_state_mse": 0.012480582189715766,
      "h100/outcome_drop_state_mse": 0.006795813616584329,
      "h100/outcome_jam_episode_count": 3,
      "h100/outcome_jam_final_state_mse": 0.010675445491192388,
      "h100/outcome_jam_state_mse": 0.006053979100744709,
      "h100/outcome_miss_episode_count": 3,
      "h100/outcome_miss_final_state_mse": 0.010961828083773844,
      "h100/outcome_miss_state_mse": 0.005853682125315947,
      "h100/outcome_partial_episode_count": 3,
      "h100/outcome_partial_final_state_mse": 0.006220337417390611,
      "h100/outcome_partial_state_mse": 0.005612493901470907,
      "h100/outcome_success_episode_count": 3,
      "h100/outcome_success_final_state_mse": 0.00615157917434094,
      "h100/outcome_success_state_mse": 0.005784824595731848,
      "h100/state_mse": 0.006020159154156454,
      "h125/episode_count": 15,
      "h125/final_state_mse": 0.013498727636399612,
      "h125/outcome_drop_episode_count": 3,
      "h125/outcome_drop_final_state_mse": 0.014636044603547239,
      "h125/outcome_drop_state_mse": 0.008397540023903442,
      "h125/outcome_jam_episode_count": 3,
      "h125/outcome_jam_final_state_mse": 0.014474932080000833,
      "h125/outcome_jam_state_mse": 0.007161377451778237,
      "h125/outcome_miss_episode_count": 3,
      "h125/outcome_miss_final_state_mse": 0.019244356482636695,
      "h125/outcome_miss_state_mse": 0.00773357326532501,
      "h125/outcome_partial_episode_count": 3,
      "h125/outcome_partial_final_state_mse": 0.008507970306608412,
      "h125/outcome_partial_state_mse": 0.006058281792534722,
      "h125/outcome_success_episode_count": 3,
      "h125/outcome_success_final_state_mse": 0.010630330618690042,
      "h125/outcome_success_state_mse": 0.006454953661151961,
      "h125/state_mse": 0.007161145578022876,
      "h20/episode_count": 15,
      "h20/final_state_mse": 0.003623124041588478,
      "h20/outcome_drop_episode_count": 3,
      "h20/outcome_drop_final_state_mse": 0.0036785883548992133,
      "h20/outcome_drop_state_mse": 0.002829435526155958,
      "h20/outcome_jam_episode_count": 3,
      "h20/outcome_jam_final_state_mse": 0.003757117863963632,
      "h20/outcome_jam_state_mse": 0.0028914937786027497,
      "h20/outcome_miss_episode_count": 3,
      "h20/outcome_miss_final_state_mse": 0.003338897052933188,
      "h20/outcome_miss_state_mse": 0.006980973599003811,
      "h20/outcome_partial_episode_count": 3,
      "h20/outcome_partial_final_state_mse": 0.0036424112086202586,
      "h20/outcome_partial_state_mse": 0.0028182940155852074,
      "h20/outcome_success_episode_count": 3,
      "h20/outcome_success_final_state_mse": 0.003698606506671781,
      "h20/outcome_success_state_mse": 0.002803503298291973,
      "h20/state_mse": 0.0036647400201535694,
      "h30/episode_count": 15,
      "h30/final_state_mse": 0.004257507885203642,
      "h30/outcome_drop_episode_count": 3,
      "h30/outcome_drop_final_state_mse": 0.004734440907543781,
      "h30/outcome_drop_state_mse": 0.0034363091121831493,
      "h30/outcome_jam_episode_count": 3,
      "h30/outcome_jam_final_state_mse": 0.004934362239307827,
      "h30/outcome_jam_state_mse": 0.003480486412713211,
      "h30/outcome_miss_episode_count": 3,
      "h30/outcome_miss_final_state_mse": 0.0027473184213139654,
      "h30/outcome_miss_state_mse": 0.005723085174892982,
      "h30/outcome_partial_episode_count": 3,
      "h30/outcome_partial_final_state_mse": 0.004474882109492433,
      "h30/outcome_partial_state_mse": 0.0033994333416807886,
      "h30/outcome_success_episode_count": 3,
      "h30/outcome_success_final_state_mse": 0.004396536235326256,
      "h30/outcome_success_state_mse": 0.003408138736400729,
      "h30/state_mse": 0.0038894905971286085,
      "h40/episode_count": 15,
      "h40/final_state_mse": 0.0043626408171809575,
      "h40/outcome_drop_episode_count": 3,
      "h40/outcome_drop_final_state_mse": 0.004329727098248364,
      "h40/outcome_drop_state_mse": 0.003821400100109624,
      "h40/outcome_jam_episode_count": 3,
      "h40/outcome_jam_final_state_mse": 0.005052592629700705,
      "h40/outcome_jam_state_mse": 0.003997763387517991,
      "h40/outcome_miss_episode_count": 3,
      "h40/outcome_miss_final_state_mse": 0.0031465765064448313,
      "h40/outcome_miss_state_mse": 0.005088233012779086,
      "h40/outcome_partial_episode_count": 3,
      "h40/outcome_partial_final_state_mse": 0.004590509081977645,
      "h40/outcome_partial_state_mse": 0.003859623896530251,
      "h40/outcome_success_episode_count": 3,
      "h40/outcome_success_final_state_mse": 0.004693798087780771,
      "h40/outcome_success_state_mse": 0.003872166038338655,
      "h40/state_mse": 0.00412783753638174,
      "h50/episode_count": 15,
      "h50/final_state_mse": 0.005089260550106273,
      "h50/outcome_drop_episode_count": 3,
      "h50/outcome_drop_final_state_mse": 0.005829776229422077,
      "h50/outcome_drop_state_mse": 0.0042229984009187985,
      "h50/outcome_jam_episode_count": 3,
      "h50/outcome_jam_final_state_mse": 0.004761934962147981,
      "h50/outcome_jam_state_mse": 0.004254123775008457,
      "h50/outcome_miss_episode_count": 3,
      "h50/outcome_miss_final_state_mse": 0.003925629885368098,
      "h50/outcome_miss_state_mse": 0.004861875795850567,
      "h50/outcome_partial_episode_count": 3,
      "h50/outcome_partial_final_state_mse": 0.005490888080565758,
      "h50/outcome_partial_state_mse": 0.0041628325219247855,
      "h50/outcome_success_episode_count": 3,
      "h50/outcome_success_final_state_mse": 0.005438075248712029,
      "h50/outcome_success_state_mse": 0.004180002274856069,
      "h50/state_mse": 0.004336366341784109,
      "h75/episode_count": 15,
      "h75/final_state_mse": 0.00830323587056079,
      "h75/outcome_drop_episode_count": 3,
      "h75/outcome_drop_final_state_mse": 0.00948616570117427,
      "h75/outcome_drop_state_mse": 0.0050920871244276794,
      "h75/outcome_jam_episode_count": 3,
      "h75/outcome_jam_final_state_mse": 0.00914543613888859,
      "h75/outcome_jam_state_mse": 0.005590287750842525,
      "h75/outcome_miss_episode_count": 3,
      "h75/outcome_miss_final_state_mse": 0.005255054609448302,
      "h75/outcome_miss_state_mse": 0.004766343808641621,
      "h75/outcome_partial_episode_count": 3,
      "h75/outcome_partial_final_state_mse": 0.008701175840851528,
      "h75/outcome_partial_state_mse": 0.005440696599956172,
      "h75/outcome_success_episode_count": 3,
      "h75/outcome_success_final_state_mse": 0.008928343556285684,
      "h75/outcome_success_state_mse": 0.005483011898132191,
      "h75/state_mse": 0.005274484804772604,
      "max_requested_horizon": 125,
      "reencode_period": 2,
      "rollout_mode": "periodic_2"
    },
    "periodic_20": {
      "episode_count": 15,
      "h10/episode_count": 15,
      "h10/final_state_mse": 0.0015295856139239143,
      "h10/outcome_drop_episode_count": 3,
      "h10/outcome_drop_final_state_mse": 0.0011113361498109656,
      "h10/outcome_drop_state_mse": 0.0011798007425919078,
      "h10/outcome_jam_episode_count": 3,
      "h10/outcome_jam_final_state_mse": 0.0015243350777750702,
      "h10/outcome_jam_state_mse": 0.0013875234750361225,
      "h10/outcome_miss_episode_count": 3,
      "h10/outcome_miss_final_state_mse": 0.0027583142121632895,
      "h10/outcome_miss_state_mse": 0.007237803156858956,
      "h10/outcome_partial_episode_count": 3,
      "h10/outcome_partial_final_state_mse": 0.001130379760771795,
      "h10/outcome_partial_state_mse": 0.0011753518207400452,
      "h10/outcome_success_episode_count": 3,
      "h10/outcome_success_final_state_mse": 0.0011235631612780826,
      "h10/outcome_success_state_mse": 0.0011709098138061225,
      "h10/state_mse": 0.002430277805702359,
      "h100/episode_count": 15,
      "h100/final_state_mse": 0.011015284918492137,
      "h100/outcome_drop_episode_count": 3,
      "h100/outcome_drop_final_state_mse": 0.006243184501049565,
      "h100/outcome_drop_state_mse": 0.004448048834707223,
      "h100/outcome_jam_episode_count": 3,
      "h100/outcome_jam_final_state_mse": 0.009474801861382777,
      "h100/outcome_jam_state_mse": 0.004821399613922718,
      "h100/outcome_miss_episode_count": 3,
      "h100/outcome_miss_final_state_mse": 0.022233062709858215,
      "h100/outcome_miss_state_mse": 0.008268183165905522,
      "h100/outcome_partial_episode_count": 3,
      "h100/outcome_partial_final_state_mse": 0.0077096630934796306,
      "h100/outcome_partial_state_mse": 0.004640056385713465,
      "h100/outcome_success_episode_count": 3,
      "h100/outcome_success_final_state_mse": 0.009415715445880017,
      "h100/outcome_success_state_mse": 0.005002110549827027,
      "h100/state_mse": 0.005435959759880515,
      "h125/episode_count": 15,
      "h125/final_state_mse": 0.006307550816754111,
      "h125/outcome_drop_episode_count": 3,
      "h125/outcome_drop_final_state_mse": 0.002879804913319793,
      "h125/outcome_drop_state_mse": 0.004406145881204044,
      "h125/outcome_jam_episode_count": 3,
      "h125/outcome_jam_final_state_mse": 0.007206786302180072,
      "h125/outcome_jam_state_mse": 0.005434817843967014,
      "h125/outcome_miss_episode_count": 3,
      "h125/outcome_miss_final_state_mse": 0.010001283552911546,
      "h125/outcome_miss_state_mse": 0.009132176218469158,
      "h125/outcome_partial_episode_count": 3,
      "h125/outcome_partial_final_state_mse": 0.0053292181756761335,
      "h125/outcome_partial_state_mse": 0.0052204855127272265,
      "h125/outcome_success_episode_count": 3,
      "h125/outcome_success_final_state_mse": 0.006120660920548283,
      "h125/outcome_success_state_mse": 0.005580401451759089,
      "h125/state_mse": 0.0059548049428104575,
      "h20/episode_count": 15,
      "h20/final_state_mse": 0.004431247087865094,
      "h20/outcome_drop_episode_count": 3,
      "h20/outcome_drop_final_state_mse": 0.0041286858176094255,
      "h20/outcome_drop_state_mse": 0.0018786182785345837,
      "h20/outcome_jam_episode_count": 3,
      "h20/outcome_jam_final_state_mse": 0.004587849029918122,
      "h20/outcome_jam_state_mse": 0.002002656537722918,
      "h20/outcome_miss_episode_count": 3,
      "h20/outcome_miss_final_state_mse": 0.004855261275581285,
      "h20/outcome_miss_state_mse": 0.005369298208772746,
      "h20/outcome_partial_episode_count": 3,
      "h20/outcome_partial_final_state_mse": 0.004252194968703525,
      "h20/outcome_partial_state_mse": 0.0018470712346968308,
      "h20/outcome_success_episode_count": 3,
      "h20/outcome_success_final_state_mse": 0.004332244980568979,
      "h20/outcome_success_state_mse": 0.001844134322958055,
      "h20/state_mse": 0.0025883556191438166,
      "h30/episode_count": 15,
      "h30/final_state_mse": 0.002349370601130467,
      "h30/outcome_drop_episode_count": 3,
      "h30/outcome_drop_final_state_mse": 0.001977370601463941,
      "h30/outcome_drop_state_mse": 0.0019794964842287286,
      "h30/outcome_jam_episode_count": 3,
      "h30/outcome_jam_final_state_mse": 0.0021579015780897703,
      "h30/outcome_jam_state_mse": 0.0021310050503101224,
      "h30/outcome_miss_episode_count": 3,
      "h30/outcome_miss_final_state_mse": 0.0036916938287759916,
      "h30/outcome_miss_state_mse": 0.004548101799160827,
      "h30/outcome_partial_episode_count": 3,
      "h30/outcome_partial_final_state_mse": 0.0019514010427824032,
      "h30/outcome_partial_state_mse": 0.0019492764358686725,
      "h30/outcome_success_episode_count": 3,
      "h30/outcome_success_final_state_mse": 0.001968485394529268,
      "h30/outcome_success_state_mse": 0.00195996597701428,
      "h30/state_mse": 0.0025135693518944036,
      "h40/episode_count": 15,
      "h40/final_state_mse": 0.0071523454454210066,
      "h40/outcome_drop_episode_count": 3,
      "h40/outcome_drop_final_state_mse": 0.0056193716385785275,
      "h40/outcome_drop_state_mse": 0.0023330790155074175,
      "h40/outcome_jam_episode_count": 3,
      "h40/outcome_jam_final_state_mse": 0.0050982379056269825,
      "h40/outcome_jam_state_mse": 0.0024587420856251436,
      "h40/outcome_miss_episode_count": 3,
      "h40/outcome_miss_final_state_mse": 0.015145869036905126,
      "h40/outcome_miss_state_mse": 0.005679236206353879,
      "h40/outcome_partial_episode_count": 3,
      "h40/outcome_partial_final_state_mse": 0.004953302296937681,
      "h40/outcome_partial_state_mse": 0.002261034842410119,
      "h40/outcome_success_episode_count": 3,
      "h40/outcome_success_final_state_mse": 0.004944944011619668,
      "h40/outcome_success_state_mse": 0.0022759122396606244,
      "h40/state_mse": 0.0030016005272958794,
      "h50/episode_count": 15,
      "h50/final_state_mse": 0.004002105800154941,
      "h50/outcome_drop_episode_count": 3,
      "h50/outcome_drop_final_state_mse": 0.004088444696142782,
      "h50/outcome_drop_state_mse": 0.0027144275927076154,
      "h50/outcome_jam_episode_count": 3,
      "h50/outcome_jam_final_state_mse": 0.003602581816950655,
      "h50/outcome_jam_state_mse": 0.0027501431010127845,
      "h50/outcome_miss_episode_count": 3,
      "h50/outcome_miss_final_state_mse": 0.0046927954246795255,
      "h50/outcome_miss_state_mse": 0.0057372379926295064,
      "h50/outcome_partial_episode_count": 3,
      "h50/outcome_partial_final_state_mse": 0.0037953923243323182,
      "h50/outcome_partial_state_mse": 0.002610985500360626,
      "h50/outcome_success_episode_count": 3,
      "h50/outcome_success_final_state_mse": 0.00383131430039998,
      "h50/outcome_success_state_mse": 0.0026297377916722517,
      "h50/state_mse": 0.003288506401909722,
      "h75/episode_count": 15,
      "h75/final_state_mse": 0.005605361040900736,
      "h75/outcome_drop_episode_count": 3,
      "h75/outcome_drop_final_state_mse": 0.005890010180426579,
      "h75/outcome_drop_state_mse": 0.0037518022159086072,
      "h75/outcome_jam_episode_count": 3,
      "h75/outcome_jam_final_state_mse": 0.004698357599623063,
      "h75/outcome_jam_state_mse": 0.00382847260286086,
      "h75/outcome_miss_episode_count": 3,
      "h75/outcome_miss_final_state_mse": 0.007489067374491224,
      "h75/outcome_miss_state_mse": 0.0058406698521965205,
      "h75/outcome_partial_episode_count": 3,
      "h75/outcome_partial_final_state_mse": 0.0050213599419282155,
      "h75/outcome_partial_state_mse": 0.003907553811997889,
      "h75/outcome_success_episode_count": 3,
      "h75/outcome_success_final_state_mse": 0.004928012153292014,
      "h75/outcome_success_state_mse": 0.003977635618388523,
      "h75/state_mse": 0.004261226479524101,
      "max_requested_horizon": 125,
      "reencode_period": 20,
      "rollout_mode": "periodic_20"
    },
    "periodic_5": {
      "episode_count": 15,
      "h10/episode_count": 15,
      "h10/final_state_mse": 0.0014666318893432617,
      "h10/outcome_drop_episode_count": 3,
      "h10/outcome_drop_final_state_mse": 0.0009740678337859173,
      "h10/outcome_drop_state_mse": 0.001347617366734673,
      "h10/outcome_jam_episode_count": 3,
      "h10/outcome_jam_final_state_mse": 0.0013157923894575219,
      "h10/outcome_jam_state_mse": 0.0015350771885292204,
      "h10/outcome_miss_episode_count": 3,
      "h10/outcome_miss_final_state_mse": 0.00306222636520473,
      "h10/outcome_miss_state_mse": 0.007922154937694275,
      "h10/outcome_partial_episode_count": 3,
      "h10/outcome_partial_final_state_mse": 0.0009898616950593743,
      "h10/outcome_partial_state_mse": 0.0013490587278129228,
      "h10/outcome_success_episode_count": 3,
      "h10/outcome_success_final_state_mse": 0.0009912109440740418,
      "h10/outcome_success_state_mse": 0.001350598845606536,
      "h10/state_mse": 0.0027009014054840685,
      "h100/episode_count": 15,
      "h100/final_state_mse": 0.005518873376783982,
      "h100/outcome_drop_episode_count": 3,
      "h100/outcome_drop_final_state_mse": 0.009096258411220476,
      "h100/outcome_drop_state_mse": 0.00421032020469117,
      "h100/outcome_jam_episode_count": 3,
      "h100/outcome_jam_final_state_mse": 0.004734043445852067,
      "h100/outcome_jam_state_mse": 0.003965542986502055,
      "h100/outcome_miss_episode_count": 3,
      "h100/outcome_miss_final_state_mse": 0.005067125547165964,
      "h100/outcome_miss_state_mse": 0.0035054819568309907,
      "h100/outcome_partial_episode_count": 3,
      "h100/outcome_partial_final_state_mse": 0.0043913466868057745,
      "h100/outcome_partial_state_mse": 0.0034744301340938395,
      "h100/outcome_success_episode_count": 3,
      "h100/outcome_success_final_state_mse": 0.004305591721550312,
      "h100/outcome_success_state_mse": 0.003549566144257589,
      "h100/state_mse": 0.003741068123212827,
      "h125/episode_count": 15,
      "h125/final_state_mse": 0.00596968582253051,
      "h125/outcome_drop_episode_count": 3,
      "h125/outcome_drop_final_state_mse": 0.010822418955416462,
      "h125/outcome_drop_state_mse": 0.005551295610814313,
      "h125/outcome_jam_episode_count": 3,
      "h125/outcome_jam_final_state_mse": 0.0036503074605480517,
      "h125/outcome_jam_state_mse": 0.004265401104696436,
      "h125/outcome_miss_episode_count": 3,
      "h125/outcome_miss_final_state_mse": 0.00469760888931798,
      "h125/outcome_miss_state_mse": 0.003919384626002094,
      "h125/outcome_partial_episode_count": 3,
      "h125/outcome_partial_final_state_mse": 0.006234123621111602,
      "h125/outcome_partial_state_mse": 0.0040783533831827,
      "h125/outcome_success_episode_count": 3,
      "h125/outcome_success_final_state_mse": 0.004443973935897055,
      "h125/outcome_success_state_mse": 0.00407240105921926,
      "h125/state_mse": 0.004377367685355392,
      "h20/episode_count": 15,
      "h20/final_state_mse": 0.0016599549187554254,
      "h20/outcome_drop_episode_count": 3,
      "h20/outcome_drop_final_state_mse": 0.0017517763950855904,
      "h20/outcome_drop_state_mse": 0.0015171148029028201,
      "h20/outcome_jam_episode_count": 3,
      "h20/outcome_jam_final_state_mse": 0.0017808841821414971,
      "h20/outcome_jam_state_mse": 0.0016312253046659084,
      "h20/outcome_miss_episode_count": 3,
      "h20/outcome_miss_final_state_mse": 0.0014961440286605187,
      "h20/outcome_miss_state_mse": 0.005119288746827568,
      "h20/outcome_partial_episode_count": 3,
      "h20/outcome_partial_final_state_mse": 0.0016383353279891357,
      "h20/outcome_partial_state_mse": 0.0014778425880506926,
      "h20/outcome_success_episode_count": 3,
      "h20/outcome_success_final_state_mse": 0.0016326344407656614,
      "h20/outcome_success_state_mse": 0.0014652983230703017,
      "h20/state_mse": 0.0022421538907718033,
      "h30/episode_count": 15,
      "h30/final_state_mse": 0.0018028293559753817,
      "h30/outcome_drop_episode_count": 3,
      "h30/outcome_drop_final_state_mse": 0.001912505311124465,
      "h30/outcome_drop_state_mse": 0.0018169713176153844,
      "h30/outcome_jam_episode_count": 3,
      "h30/outcome_jam_final_state_mse": 0.0021008736411340877,
      "h30/outcome_jam_state_mse": 0.0019295790616203757,
      "h30/outcome_miss_episode_count": 3,
      "h30/outcome_miss_final_state_mse": 0.0013778469482668085,
      "h30/outcome_miss_state_mse": 0.0040041434219460085,
      "h30/outcome_partial_episode_count": 3,
      "h30/outcome_partial_final_state_mse": 0.0018144955895110673,
      "h30/outcome_partial_state_mse": 0.0017479864081006685,
      "h30/outcome_success_episode_count": 3,
      "h30/outcome_success_final_state_mse": 0.0018084246202621584,
      "h30/outcome_success_state_mse": 0.0017372841928519455,
      "h30/state_mse": 0.0022471927817350897,
      "h40/episode_count": 15,
      "h40/final_state_mse": 0.001985662123736213,
      "h40/outcome_drop_episode_count": 3,
      "h40/outcome_drop_final_state_mse": 0.00208583953820802,
      "h40/outcome_drop_state_mse": 0.0019504043401456347,
      "h40/outcome_jam_episode_count": 3,
      "h40/outcome_jam_final_state_mse": 0.002212114461691551,
      "h40/outcome_jam_state_mse": 0.002074280244852203,
      "h40/outcome_miss_episode_count": 3,
      "h40/outcome_miss_final_state_mse": 0.0015895434965689976,
      "h40/outcome_miss_state_mse": 0.003447921291675443,
      "h40/outcome_partial_episode_count": 3,
      "h40/outcome_partial_final_state_mse": 0.002000552011665955,
      "h40/outcome_partial_state_mse": 0.0018711769502926497,
      "h40/outcome_success_episode_count": 3,
      "h40/outcome_success_final_state_mse": 0.0020402612444622064,
      "h40/outcome_success_state_mse": 0.0018657262808357189,
      "h40/state_mse": 0.00224190182156033,
      "h50/episode_count": 15,
      "h50/final_state_mse": 0.002634385052849265,
      "h50/outcome_drop_episode_count": 3,
      "h50/outcome_drop_final_state_mse": 0.002832376635542103,
      "h50/outcome_drop_state_mse": 0.002181528159995484,
      "h50/outcome_jam_episode_count": 3,
      "h50/outcome_jam_final_state_mse": 0.002962279456113678,
      "h50/outcome_jam_state_mse": 0.0023395696340822707,
      "h50/outcome_miss_episode_count": 3,
      "h50/outcome_miss_final_state_mse": 0.0018965193356563841,
      "h50/outcome_miss_state_mse": 0.003149047739365522,
      "h50/outcome_partial_episode_count": 3,
      "h50/outcome_partial_final_state_mse": 0.002768262125113431,
      "h50/outcome_partial_state_mse": 0.0020979215896207524,
      "h50/outcome_success_episode_count": 3,
      "h50/outcome_success_final_state_mse": 0.00271248727355128,
      "h50/outcome_success_state_mse": 0.002089761487798753,
      "h50/state_mse": 0.0023715656754238154,
      "h75/episode_count": 15,
      "h75/final_state_mse": 0.004215501024832134,
      "h75/outcome_drop_episode_count": 3,
      "h75/outcome_drop_final_state_mse": 0.0033809784434589685,
      "h75/outcome_drop_state_mse": 0.002830743083247432,
      "h75/outcome_jam_episode_count": 3,
      "h75/outcome_jam_final_state_mse": 0.004978189476175246,
      "h75/outcome_jam_state_mse": 0.0034497556499406405,
      "h75/outcome_miss_episode_count": 3,
      "h75/outcome_miss_final_state_mse": 0.002989904845462126,
      "h75/outcome_miss_state_mse": 0.003018326769726988,
      "h75/outcome_partial_episode_count": 3,
      "h75/outcome_partial_final_state_mse": 0.004768543383654426,
      "h75/outcome_partial_state_mse": 0.003043476553524242,
      "h75/outcome_success_episode_count": 3,
      "h75/outcome_success_final_state_mse": 0.00495988831800573,
      "h75/outcome_success_state_mse": 0.0030338342620916097,
      "h75/state_mse": 0.0030752272263071894,
      "max_requested_horizon": 125,
      "reencode_period": 5,
      "rollout_mode": "periodic_5"
    },
    "periodic_50": {
      "episode_count": 15,
      "h10/episode_count": 15,
      "h10/final_state_mse": 0.0015295856139239143,
      "h10/outcome_drop_episode_count": 3,
      "h10/outcome_drop_final_state_mse": 0.0011113361498109656,
      "h10/outcome_drop_state_mse": 0.0011798007425919078,
      "h10/outcome_jam_episode_count": 3,
      "h10/outcome_jam_final_state_mse": 0.0015243350777750702,
      "h10/outcome_jam_state_mse": 0.0013875234750361225,
      "h10/outcome_miss_episode_count": 3,
      "h10/outcome_miss_final_state_mse": 0.0027583142121632895,
      "h10/outcome_miss_state_mse": 0.007237803156858956,
      "h10/outcome_partial_episode_count": 3,
      "h10/outcome_partial_final_state_mse": 0.001130379760771795,
      "h10/outcome_partial_state_mse": 0.0011753518207400452,
      "h10/outcome_success_episode_count": 3,
      "h10/outcome_success_final_state_mse": 0.0011235631612780826,
      "h10/outcome_success_state_mse": 0.0011709098138061225,
      "h10/state_mse": 0.002430277805702359,
      "h100/episode_count": 15,
      "h100/final_state_mse": 0.06765371085771549,
      "h100/outcome_drop_episode_count": 3,
      "h100/outcome_drop_final_state_mse": 0.05914104530234742,
      "h100/outcome_drop_state_mse": 0.03977878944546569,
      "h100/outcome_jam_episode_count": 3,
      "h100/outcome_jam_final_state_mse": 0.06358304873011471,
      "h100/outcome_jam_state_mse": 0.039737724354064544,
      "h100/outcome_miss_episode_count": 3,
      "h100/outcome_miss_final_state_mse": 0.08439713677549673,
      "h100/outcome_miss_state_mse": 0.04017267862955729,
      "h100/outcome_partial_episode_count": 3,
      "h100/outcome_partial_final_state_mse": 0.07319404720480925,
      "h100/outcome_partial_state_mse": 0.040880388247421365,
      "h100/outcome_success_episode_count": 3,
      "h100/outcome_success_final_state_mse": 0.0579532782236735,
      "h100/outcome_success_state_mse": 0.04050082836275786,
      "h100/state_mse": 0.04021408101000817,
      "h125/episode_count": 15,
      "h125/final_state_mse": 0.020295548283196744,
      "h125/outcome_drop_episode_count": 3,
      "h125/outcome_drop_final_state_mse": 0.01629346063713622,
      "h125/outcome_drop_state_mse": 0.03671615700316585,
      "h125/outcome_jam_episode_count": 3,
      "h125/outcome_jam_final_state_mse": 0.011752532782897451,
      "h125/outcome_jam_state_mse": 0.035963093277675655,
      "h125/outcome_miss_episode_count": 3,
      "h125/outcome_miss_final_state_mse": 0.024536010486627714,
      "h125/outcome_miss_state_mse": 0.03896175928053513,
      "h125/outcome_partial_episode_count": 3,
      "h125/outcome_partial_final_state_mse": 0.03459351280935449,
      "h125/outcome_partial_state_mse": 0.03851880201950572,
      "h125/outcome_success_episode_count": 3,
      "h125/outcome_success_final_state_mse": 0.014302224894754247,
      "h125/outcome_success_state_mse": 0.03596386240042892,
      "h125/state_mse": 0.03722473192401961,
      "h20/episode_count": 15,
      "h20/final_state_mse": 0.004431247087865094,
      "h20/outcome_drop_episode_count": 3,
      "h20/outcome_drop_final_state_mse": 0.0041286858176094255,
      "h20/outcome_drop_state_mse": 0.0018786182785345837,
      "h20/outcome_jam_episode_count": 3,
      "h20/outcome_jam_final_state_mse": 0.004587849029918122,
      "h20/outcome_jam_state_mse": 0.002002656537722918,
      "h20/outcome_miss_episode_count": 3,
      "h20/outcome_miss_final_state_mse": 0.004855261275581285,
      "h20/outcome_miss_state_mse": 0.005369298208772746,
      "h20/outcome_partial_episode_count": 3,
      "h20/outcome_partial_final_state_mse": 0.004252194968703525,
      "h20/outcome_partial_state_mse": 0.0018470712346968308,
      "h20/outcome_success_episode_count": 3,
      "h20/outcome_success_final_state_mse": 0.004332244980568979,
      "h20/outcome_success_state_mse": 0.001844134322958055,
      "h20/state_mse": 0.0025883556191438166,
      "h30/episode_count": 15,
      "h30/final_state_mse": 0.02416557112550424,
      "h30/outcome_drop_episode_count": 3,
      "h30/outcome_drop_final_state_mse": 0.02249526198393379,
      "h30/outcome_drop_state_mse": 0.0052817650090635215,
      "h30/outcome_jam_episode_count": 3,
      "h30/outcome_jam_final_state_mse": 0.023572666582718393,
      "h30/outcome_jam_state_mse": 0.005450031024957794,
      "h30/outcome_miss_episode_count": 3,
      "h30/outcome_miss_final_state_mse": 0.029745149456597623,
      "h30/outcome_miss_state_mse": 0.008749344146329593,
      "h30/outcome_partial_episode_count": 3,
      "h30/outcome_partial_final_state_mse": 0.02244533822427388,
      "h30/outcome_partial_state_mse": 0.005230013945004,
      "h30/outcome_success_episode_count": 3,
      "h30/outcome_success_final_state_mse": 0.022569439379997502,
      "h30/outcome_success_state_mse": 0.005237508079844622,
      "h30/state_mse": 0.005989732264433551,
      "h40/episode_count": 15,
      "h40/final_state_mse": 0.0697787615208844,
      "h40/outcome_drop_episode_count": 3,
      "h40/outcome_drop_final_state_mse": 0.054365957484525794,
      "h40/outcome_drop_state_mse": 0.013758095884634778,
      "h40/outcome_jam_episode_count": 3,
      "h40/outcome_jam_final_state_mse": 0.0753328800201416,
      "h40/outcome_jam_state_mse": 0.015542804181965348,
      "h40/outcome_miss_episode_count": 3,
      "h40/outcome_miss_final_state_mse": 0.06827773299871706,
      "h40/outcome_miss_state_mse": 0.01906140271355124,
      "h40/outcome_partial_episode_count": 3,
      "h40/outcome_partial_final_state_mse": 0.07585980689603519,
      "h40/outcome_partial_state_mse": 0.015387301039851569,
      "h40/outcome_success_episode_count": 3,
      "h40/outcome_success_final_state_mse": 0.07505741929696276,
      "h40/outcome_success_state_mse": 0.015316331152822457,
      "h40/state_mse": 0.01581318674523846,
      "h50/episode_count": 15,
      "h50/final_state_mse": 0.11004389345256332,
      "h50/outcome_drop_episode_count": 3,
      "h50/outcome_drop_final_state_mse": 0.10878654243120181,
      "h50/outcome_drop_state_mse": 0.029305687200010214,
      "h50/outcome_jam_episode_count": 3,
      "h50/outcome_jam_final_state_mse": 0.11049221076217353,
      "h50/outcome_jam_state_mse": 0.03255523980832568,
      "h50/outcome_miss_episode_count": 3,
      "h50/outcome_miss_final_state_mse": 0.09642509385651234,
      "h50/outcome_miss_state_mse": 0.03138837727066738,
      "h50/outcome_partial_episode_count": 3,
      "h50/outcome_partial_final_state_mse": 0.11651976279963076,
      "h50/outcome_partial_state_mse": 0.033000561084622654,
      "h50/outcome_success_episode_count": 3,
      "h50/outcome_success_final_state_mse": 0.11799587922937729,
      "h50/outcome_success_state_mse": 0.03309009925991881,
      "h50/state_mse": 0.03186799172794118,
      "h75/episode_count": 15,
      "h75/final_state_mse": 0.03688937168495328,
      "h75/outcome_drop_episode_count": 3,
      "h75/outcome_drop_final_state_mse": 0.03844556777305853,
      "h75/outcome_drop_state_mse": 0.031049024128965822,
      "h75/outcome_jam_episode_count": 3,
      "h75/outcome_jam_final_state_mse": 0.03434285229327632,
      "h75/outcome_jam_state_mse": 0.033514754683883104,
      "h75/outcome_miss_episode_count": 3,
      "h75/outcome_miss_final_state_mse": 0.044069519229963716,
      "h75/outcome_miss_state_mse": 0.03175885834205644,
      "h75/outcome_partial_episode_count": 3,
      "h75/outcome_partial_final_state_mse": 0.033456352801104774,
      "h75/outcome_partial_state_mse": 0.03394896064708435,
      "h75/outcome_success_episode_count": 3,
      "h75/outcome_success_final_state_mse": 0.034132568664800106,
      "h75/outcome_success_state_mse": 0.034285893990842864,
      "h75/state_mse": 0.032911498757489104,
      "max_requested_horizon": 125,
      "reencode_period": 50,
      "rollout_mode": "periodic_50"
    }
  },
  "split": "test",
  "support_alignment": {
    "contact_phase": {
      "contact_phase_family_ari": 0.00095864383352264,
      "contact_phase_family_nmi": 0.015172003606073367,
      "contact_phase_family_purity": 0.9996668887408394,
      "contact_phase_sample_count": 3002.0,
      "h_contact_phase_given_family": 0.0021070769644503744,
      "h_family_given_contact_phase": 1.1543146337913974,
      "unique_contact_phase_count": 2.0,
      "unique_family_count": 7.0
    },
    "contact_phase_alignment_available": true,
    "evaluated_state_count": 3017,
    "family_count": 7,
    "mean_family_similarity": 0.4597229063510895,
    "mean_support_size": 193.63142194232682,
    "outcome_alignment_available": true,
    "outcome_state": {
      "h_family_given_outcome": 0.2546056673179251,
      "h_outcome_given_family": 1.4713691125244732,
      "outcome_family_ari": -0.008,
      "outcome_family_nmi": 0.1736769183838662,
      "outcome_family_purity": 0.26666666666666666,
      "outcome_sample_count": 15.0,
      "unique_family_count": 2.0,
      "unique_outcome_count": 5.0
    },
    "status": "ok",
    "unassigned_state_fraction": 0.0,
    "validation_state_count": 2346
  },
  "support_threshold": 0.2
}
{
  "best_periodic_rollout": {
    "episode_count": 15,
    "h10/episode_count": 15,
    "h10/final_state_mse": 0.0017906640869340086,
    "h10/outcome_drop_episode_count": 3,
    "h10/outcome_drop_final_state_mse": 0.0011879432386432598,
    "h10/outcome_drop_state_mse": 0.0015287611609190897,
    "h10/outcome_jam_episode_count": 3,
    "h10/outcome_jam_final_state_mse": 0.0015973959580745573,
    "h10/outcome_jam_state_mse": 0.0017719323339025958,
    "h10/outcome_miss_episode_count": 3,
    "h10/outcome_miss_final_state_mse": 0.003916865129486408,
    "h10/outcome_miss_state_mse": 0.008608840259851194,
    "h10/outcome_partial_episode_count": 3,
    "h10/outcome_partial_final_state_mse": 0.0011371540672638837,
    "h10/outcome_partial_state_mse": 0.0014906275895685932,
    "h10/outcome_success_episode_count": 3,
    "h10/outcome_success_final_state_mse": 0.0011139629664374334,
    "h10/outcome_success_state_mse": 0.001488971904991499,
    "h10/selected_mode": "periodic_5",
    "h10/selected_period": 5,
    "h10/state_mse": 0.0029778267355526195,
    "h100/episode_count": 15,
    "h100/final_state_mse": 0.0025371936411639445,
    "h100/outcome_drop_episode_count": 3,
    "h100/outcome_drop_final_state_mse": 0.002790860490861282,
    "h100/outcome_drop_state_mse": 0.0019457662495133143,
    "h100/outcome_jam_episode_count": 3,
    "h100/outcome_jam_final_state_mse": 0.0025677587228273256,
    "h100/outcome_jam_state_mse": 0.0021876629349453,
    "h100/outcome_miss_episode_count": 3,
    "h100/outcome_miss_final_state_mse": 0.003861146912076115,
    "h100/outcome_miss_state_mse": 0.0029730828603108726,
    "h100/outcome_partial_episode_count": 3,
    "h100/outcome_partial_final_state_mse": 0.001927399508703768,
    "h100/outcome_partial_state_mse": 0.0017232062458212858,
    "h100/outcome_success_episode_count": 3,
    "h100/outcome_success_final_state_mse": 0.0015388024496097192,
    "h100/outcome_success_state_mse": 0.0017945820365855897,
    "h100/selected_mode": "periodic_10",
    "h100/selected_period": 10,
    "h100/state_mse": 0.0021248601776322506,
    "h125/episode_count": 15,
    "h125/final_state_mse": 0.005058873556797801,
    "h125/outcome_drop_episode_count": 3,
    "h125/outcome_drop_final_state_mse": 0.0049841699549575255,
    "h125/outcome_drop_state_mse": 0.002534706863702512,
    "h125/outcome_jam_episode_count": 3,
    "h125/outcome_jam_final_state_mse": 0.004026946289087433,
    "h125/outcome_jam_state_mse": 0.002527947718801062,
    "h125/outcome_miss_episode_count": 3,
    "h125/outcome_miss_final_state_mse": 0.01184297913040211,
    "h125/outcome_miss_state_mse": 0.004475975335813036,
    "h125/outcome_partial_episode_count": 3,
    "h125/outcome_partial_final_state_mse": 0.0016345232116435867,
    "h125/outcome_partial_state_mse": 0.0017467185874390446,
    "h125/outcome_success_episode_count": 3,
    "h125/outcome_success_final_state_mse": 0.0028057479196124608,
    "h125/outcome_success_state_mse": 0.0019157369027729906,
    "h125/selected_mode": "periodic_10",
    "h125/selected_period": 10,
    "h125/state_mse": 0.002640217141544118,
    "h20/episode_count": 15,
    "h20/final_state_mse": 0.0012929460581611184,
    "h20/outcome_drop_episode_count": 3,
    "h20/outcome_drop_final_state_mse": 0.0012753518066959443,
    "h20/outcome_drop_state_mse": 0.00145802978986229,
    "h20/outcome_jam_episode_count": 3,
    "h20/outcome_jam_final_state_mse": 0.0013291654877023759,
    "h20/outcome_jam_state_mse": 0.0016637211921168309,
    "h20/outcome_miss_episode_count": 3,
    "h20/outcome_miss_final_state_mse": 0.0015334717296307382,
    "h20/outcome_miss_state_mse": 0.005766456734900381,
    "h20/outcome_partial_episode_count": 3,
    "h20/outcome_partial_final_state_mse": 0.0011424191929156485,
    "h20/outcome_partial_state_mse": 0.001422145280962676,
    "h20/outcome_success_episode_count": 3,
    "h20/outcome_success_final_state_mse": 0.0011843221103833392,
    "h20/outcome_success_state_mse": 0.0014320210498922012,
    "h20/selected_mode": "periodic_10",
    "h20/selected_period": 10,
    "h20/state_mse": 0.002348474739423764,
    "h30/episode_count": 15,
    "h30/final_state_mse": 0.0013642666386623008,
    "h30/outcome_drop_episode_count": 3,
    "h30/outcome_drop_final_state_mse": 0.0013747917963009254,
    "h30/outcome_drop_state_mse": 0.0014947553865270677,
    "h30/outcome_jam_episode_count": 3,
    "h30/outcome_jam_final_state_mse": 0.0015155786246645684,
    "h30/outcome_jam_state_mse": 0.0016859061058310382,
    "h30/outcome_miss_episode_count": 3,
    "h30/outcome_miss_final_state_mse": 0.001226915399623073,
    "h30/outcome_miss_state_mse": 0.004350107687490958,
    "h30/outcome_partial_episode_count": 3,
    "h30/outcome_partial_final_state_mse": 0.0013302786677491431,
    "h30/outcome_partial_state_mse": 0.0014575261955427448,
    "h30/outcome_success_episode_count": 3,
    "h30/outcome_success_final_state_mse": 0.0013737686075805838,
    "h30/outcome_success_state_mse": 0.001468408627188024,
    "h30/selected_mode": "periodic_10",
    "h30/selected_period": 10,
    "h30/state_mse": 0.0020913407070184847,
    "h40/episode_count": 15,
    "h40/final_state_mse": 0.0015226594762864456,
    "h40/outcome_drop_episode_count": 3,
    "h40/outcome_drop_final_state_mse": 0.00164132981615908,
    "h40/outcome_drop_state_mse": 0.0015457702812805675,
    "h40/outcome_jam_episode_count": 3,
    "h40/outcome_jam_final_state_mse": 0.0015918652898345897,
    "h40/outcome_jam_state_mse": 0.0017441107167137993,
    "h40/outcome_miss_episode_count": 3,
    "h40/outcome_miss_final_state_mse": 0.0016052815941424152,
    "h40/outcome_miss_state_mse": 0.00367993217667723,
    "h40/outcome_partial_episode_count": 3,
    "h40/outcome_partial_final_state_mse": 0.0013702671512279634,
    "h40/outcome_partial_state_mse": 0.0014849942494062037,
    "h40/outcome_success_episode_count": 3,
    "h40/outcome_success_final_state_mse": 0.0014045537492029028,
    "h40/outcome_success_state_mse": 0.0014955310650121153,
    "h40/selected_mode": "periodic_10",
    "h40/selected_period": 10,
    "h40/state_mse": 0.001990067725088082,
    "h50/episode_count": 15,
    "h50/final_state_mse": 0.0016897360483805338,
    "h50/outcome_drop_episode_count": 3,
    "h50/outcome_drop_final_state_mse": 0.0015811385233807408,
    "h50/outcome_drop_state_mse": 0.0016005743251127356,
    "h50/outcome_jam_episode_count": 3,
    "h50/outcome_jam_final_state_mse": 0.0019096203050971811,
    "h50/outcome_jam_state_mse": 0.0018345255321926541,
    "h50/outcome_miss_episode_count": 3,
    "h50/outcome_miss_final_state_mse": 0.001651083259216321,
    "h50/outcome_miss_state_mse": 0.003312325508765925,
    "h50/outcome_partial_episode_count": 3,
    "h50/outcome_partial_final_state_mse": 0.0016303967708855673,
    "h50/outcome_partial_state_mse": 0.0015450343587040123,
    "h50/outcome_success_episode_count": 3,
    "h50/outcome_success_final_state_mse": 0.0016764414320194643,
    "h50/outcome_success_state_mse": 0.0015616969501270968,
    "h50/selected_mode": "periodic_10",
    "h50/selected_period": 10,
    "h50/state_mse": 0.001970831378612643,
    "h75/episode_count": 15,
    "h75/final_state_mse": 0.0028093749401616117,
    "h75/outcome_drop_episode_count": 3,
    "h75/outcome_drop_final_state_mse": 0.002078343986296186,
    "h75/outcome_drop_state_mse": 0.0016864495080021213,
    "h75/outcome_jam_episode_count": 3,
    "h75/outcome_jam_final_state_mse": 0.002913820100765602,
    "h75/outcome_jam_state_mse": 0.0020552239179091776,
    "h75/outcome_miss_episode_count": 3,
    "h75/outcome_miss_final_state_mse": 0.003367859407577639,
    "h75/outcome_miss_state_mse": 0.0029229272580614278,
    "h75/outcome_partial_episode_count": 3,
    "h75/outcome_partial_final_state_mse": 0.0026678247681630202,
    "h75/outcome_partial_state_mse": 0.0016975455813937716,
    "h75/outcome_success_episode_count": 3,
    "h75/outcome_success_final_state_mse": 0.0030190252205904793,
    "h75/outcome_success_state_mse": 0.001728939937350537,
    "h75/selected_mode": "periodic_10",
    "h75/selected_period": 10,
    "h75/state_mse": 0.002018217198988971,
    "max_requested_horizon": 125,
    "periodic_reencode_periods": [
      1,
      2,
      5,
      10,
      20,
      50,
      100
    ],
    "rollout_mode": "best_periodic"
  },
  "checkpoint": "runs/maniskill_insertion/perturbation_e20_5k_lista_optimizer_refine_20260604_155050/lista_relu_a0p01_sp1em4_loops2_lr7em4_wd1em4_k1em5/seed0/checkpoint.pt",
  "checkpoint_step": 2500,
  "dataset": "data/maniskill/perturbation_assessment_seed0_e20/all_setups.npz",
  "device": "cuda",
  "family_jaccard": 0.4,
  "horizons": [
    10,
    20,
    30,
    40,
    50,
    75,
    100,
    125
  ],
  "labels_used_for_training": false,
  "periodic_reencode_periods": [
    1,
    2,
    5,
    10,
    20,
    50,
    100
  ],
  "rollout": {
    "episode_count": 15,
    "h10/episode_count": 15,
    "h10/final_state_mse": 0.0027578852535073274,
    "h10/outcome_drop_episode_count": 3,
    "h10/outcome_drop_final_state_mse": 0.002042474018202888,
    "h10/outcome_drop_state_mse": 0.0016013227257074094,
    "h10/outcome_jam_episode_count": 3,
    "h10/outcome_jam_final_state_mse": 0.0024084700575841018,
    "h10/outcome_jam_state_mse": 0.0018081370132421357,
    "h10/outcome_miss_episode_count": 3,
    "h10/outcome_miss_final_state_mse": 0.005252817292618596,
    "h10/outcome_miss_state_mse": 0.009041096182430491,
    "h10/outcome_partial_episode_count": 3,
    "h10/outcome_partial_final_state_mse": 0.0020531227483468898,
    "h10/outcome_partial_state_mse": 0.001570666654437196,
    "h10/outcome_success_episode_count": 3,
    "h10/outcome_success_final_state_mse": 0.002032541371638479,
    "h10/outcome_success_state_mse": 0.0015744824035494936,
    "h10/state_mse": 0.0031191410737879135,
    "h100/episode_count": 15,
    "h100/final_state_mse": 283.29665032679736,
    "h100/outcome_drop_episode_count": 3,
    "h100/outcome_drop_final_state_mse": 198.15636169832516,
    "h100/outcome_drop_state_mse": 13.066700367647059,
    "h100/outcome_jam_episode_count": 3,
    "h100/outcome_jam_final_state_mse": 203.2894678053513,
    "h100/outcome_jam_state_mse": 13.433613664215686,
    "h100/outcome_miss_episode_count": 3,
    "h100/outcome_miss_final_state_mse": 618.4910705167483,
    "h100/outcome_miss_state_mse": 38.53099022160948,
    "h100/outcome_partial_episode_count": 3,
    "h100/outcome_partial_final_state_mse": 198.33975439133988,
    "h100/outcome_partial_state_mse": 13.023591962826798,
    "h100/outcome_success_episode_count": 3,
    "h100/outcome_success_final_state_mse": 198.20656849979576,
    "h100/outcome_success_state_mse": 13.06072891135621,
    "h100/state_mse": 18.223124183006536,
    "h125/episode_count": 15,
    "h125/final_state_mse": 13625.118954248366,
    "h125/outcome_drop_episode_count": 3,
    "h125/outcome_drop_final_state_mse": 10601.059563929739,
    "h125/outcome_drop_state_mse": 539.958545751634,
    "h125/outcome_jam_episode_count": 3,
    "h125/outcome_jam_final_state_mse": 10426.188674428104,
    "h125/outcome_jam_state_mse": 538.347794117647,
    "h125/outcome_miss_episode_count": 3,
    "h125/outcome_miss_final_state_mse": 26858.239379084967,
    "h125/outcome_miss_state_mse": 1508.2163529411764,
    "h125/outcome_partial_episode_count": 3,
    "h125/outcome_partial_final_state_mse": 10044.1006689134,
    "h125/outcome_partial_state_mse": 519.4836111111111,
    "h125/outcome_success_episode_count": 3,
    "h125/outcome_success_final_state_mse": 10196.00119995915,
    "h125/outcome_success_state_mse": 525.5511503267974,
    "h125/state_mse": 726.31157124183,
    "h20/episode_count": 15,
    "h20/final_state_mse": 0.007530571432674632,
    "h20/outcome_drop_episode_count": 3,
    "h20/outcome_drop_final_state_mse": 0.007346529635339001,
    "h20/outcome_drop_state_mse": 0.0035201990916058907,
    "h20/outcome_jam_episode_count": 3,
    "h20/outcome_jam_final_state_mse": 0.00786236055146635,
    "h20/outcome_jam_state_mse": 0.0036745510849298217,
    "h20/outcome_miss_episode_count": 3,
    "h20/outcome_miss_final_state_mse": 0.0074337118006999195,
    "h20/outcome_miss_state_mse": 0.007764318877575444,
    "h20/outcome_partial_episode_count": 3,
    "h20/outcome_partial_final_state_mse": 0.007459470697867325,
    "h20/outcome_partial_state_mse": 0.0034577803674087026,
    "h20/outcome_success_episode_count": 3,
    "h20/outcome_success_final_state_mse": 0.00755078535453946,
    "h20/outcome_success_state_mse": 0.0034651036356009688,
    "h20/state_mse": 0.0043763907438789315,
    "h30/episode_count": 15,
    "h30/final_state_mse": 0.008801700866300296,
    "h30/outcome_drop_episode_count": 3,
    "h30/outcome_drop_final_state_mse": 0.007338894543304942,
    "h30/outcome_drop_state_mse": 0.0047277671838897506,
    "h30/outcome_jam_episode_count": 3,
    "h30/outcome_jam_final_state_mse": 0.0076593806346257525,
    "h30/outcome_jam_state_mse": 0.004985066384791289,
    "h30/outcome_miss_episode_count": 3,
    "h30/outcome_miss_final_state_mse": 0.01418960484024746,
    "h30/outcome_miss_state_mse": 0.008546661135937394,
    "h30/outcome_partial_episode_count": 3,
    "h30/outcome_partial_final_state_mse": 0.007391297934102077,
    "h30/outcome_partial_state_mse": 0.004690982521489295,
    "h30/outcome_success_episode_count": 3,
    "h30/outcome_success_final_state_mse": 0.007429331346274981,
    "h30/outcome_success_state_mse": 0.004694579889052314,
    "h30/state_mse": 0.005529011246425654,
    "h40/episode_count": 15,
    "h40/final_state_mse": 0.02743120629803028,
    "h40/outcome_drop_episode_count": 3,
    "h40/outcome_drop_final_state_mse": 0.021181463805678622,
    "h40/outcome_drop_state_mse": 0.007191363580865797,
    "h40/outcome_jam_episode_count": 3,
    "h40/outcome_jam_final_state_mse": 0.021758964638304866,
    "h40/outcome_jam_state_mse": 0.007273141854728748,
    "h40/outcome_miss_episode_count": 3,
    "h40/outcome_miss_final_state_mse": 0.0503613364462759,
    "h40/outcome_miss_state_mse": 0.014196479865928101,
    "h40/outcome_partial_episode_count": 3,
    "h40/outcome_partial_final_state_mse": 0.02185874476152308,
    "h40/outcome_partial_state_mse": 0.006857191269693811,
    "h40/outcome_success_episode_count": 3,
    "h40/outcome_success_final_state_mse": 0.021995517163494835,
    "h40/outcome_success_state_mse": 0.006895334736194486,
    "h40/state_mse": 0.008482702915964563,
    "h50/episode_count": 15,
    "h50/final_state_mse": 0.08715796377144608,
    "h50/outcome_drop_episode_count": 3,
    "h50/outcome_drop_final_state_mse": 0.06933270716199688,
    "h50/outcome_drop_state_mse": 0.014043133804221558,
    "h50/outcome_jam_episode_count": 3,
    "h50/outcome_jam_final_state_mse": 0.08237158239277359,
    "h50/outcome_jam_state_mse": 0.016133457757289114,
    "h50/outcome_miss_episode_count": 3,
    "h50/outcome_miss_final_state_mse": 0.12662199743432936,
    "h50/outcome_miss_state_mse": 0.02875055599835963,
    "h50/outcome_partial_episode_count": 3,
    "h50/outcome_partial_final_state_mse": 0.07800640000237359,
    "h50/outcome_partial_state_mse": 0.015157413108676087,
    "h50/outcome_success_episode_count": 3,
    "h50/outcome_success_final_state_mse": 0.0794571303074656,
    "h50/outcome_success_state_mse": 0.015326406690809462,
    "h50/state_mse": 0.017882193372140524,
    "h75/episode_count": 15,
    "h75/final_state_mse": 2.396306934232026,
    "h75/outcome_drop_episode_count": 3,
    "h75/outcome_drop_final_state_mse": 1.7908564299539802,
    "h75/outcome_drop_state_mse": 0.14865600851885893,
    "h75/outcome_jam_episode_count": 3,
    "h75/outcome_jam_final_state_mse": 1.9928730734033522,
    "h75/outcome_jam_state_mse": 0.16894439763752722,
    "h75/outcome_miss_episode_count": 3,
    "h75/outcome_miss_final_state_mse": 4.2724019094230306,
    "h75/outcome_miss_state_mse": 0.31652465554364106,
    "h75/outcome_partial_episode_count": 3,
    "h75/outcome_partial_final_state_mse": 1.940147000979754,
    "h75/outcome_partial_state_mse": 0.16311801353570943,
    "h75/outcome_success_episode_count": 3,
    "h75/outcome_success_final_state_mse": 1.985255721347784,
    "h75/outcome_success_state_mse": 0.1664831223830678,
    "h75/state_mse": 0.1927452512254902,
    "max_requested_horizon": 125,
    "reencode_period": null,
    "rollout_mode": "no_reencode"
  },
  "rollout_modes": {
    "no_reencode": {
      "episode_count": 15,
      "h10/episode_count": 15,
      "h10/final_state_mse": 0.0027578852535073274,
      "h10/outcome_drop_episode_count": 3,
      "h10/outcome_drop_final_state_mse": 0.002042474018202888,
      "h10/outcome_drop_state_mse": 0.0016013227257074094,
      "h10/outcome_jam_episode_count": 3,
      "h10/outcome_jam_final_state_mse": 0.0024084700575841018,
      "h10/outcome_jam_state_mse": 0.0018081370132421357,
      "h10/outcome_miss_episode_count": 3,
      "h10/outcome_miss_final_state_mse": 0.005252817292618596,
      "h10/outcome_miss_state_mse": 0.009041096182430491,
      "h10/outcome_partial_episode_count": 3,
      "h10/outcome_partial_final_state_mse": 0.0020531227483468898,
      "h10/outcome_partial_state_mse": 0.001570666654437196,
      "h10/outcome_success_episode_count": 3,
      "h10/outcome_success_final_state_mse": 0.002032541371638479,
      "h10/outcome_success_state_mse": 0.0015744824035494936,
      "h10/state_mse": 0.0031191410737879135,
      "h100/episode_count": 15,
      "h100/final_state_mse": 283.29665032679736,
      "h100/outcome_drop_episode_count": 3,
      "h100/outcome_drop_final_state_mse": 198.15636169832516,
      "h100/outcome_drop_state_mse": 13.066700367647059,
      "h100/outcome_jam_episode_count": 3,
      "h100/outcome_jam_final_state_mse": 203.2894678053513,
      "h100/outcome_jam_state_mse": 13.433613664215686,
      "h100/outcome_miss_episode_count": 3,
      "h100/outcome_miss_final_state_mse": 618.4910705167483,
      "h100/outcome_miss_state_mse": 38.53099022160948,
      "h100/outcome_partial_episode_count": 3,
      "h100/outcome_partial_final_state_mse": 198.33975439133988,
      "h100/outcome_partial_state_mse": 13.023591962826798,
      "h100/outcome_success_episode_count": 3,
      "h100/outcome_success_final_state_mse": 198.20656849979576,
      "h100/outcome_success_state_mse": 13.06072891135621,
      "h100/state_mse": 18.223124183006536,
      "h125/episode_count": 15,
      "h125/final_state_mse": 13625.118954248366,
      "h125/outcome_drop_episode_count": 3,
      "h125/outcome_drop_final_state_mse": 10601.059563929739,
      "h125/outcome_drop_state_mse": 539.958545751634,
      "h125/outcome_jam_episode_count": 3,
      "h125/outcome_jam_final_state_mse": 10426.188674428104,
      "h125/outcome_jam_state_mse": 538.347794117647,
      "h125/outcome_miss_episode_count": 3,
      "h125/outcome_miss_final_state_mse": 26858.239379084967,
      "h125/outcome_miss_state_mse": 1508.2163529411764,
      "h125/outcome_partial_episode_count": 3,
      "h125/outcome_partial_final_state_mse": 10044.1006689134,
      "h125/outcome_partial_state_mse": 519.4836111111111,
      "h125/outcome_success_episode_count": 3,
      "h125/outcome_success_final_state_mse": 10196.00119995915,
      "h125/outcome_success_state_mse": 525.5511503267974,
      "h125/state_mse": 726.31157124183,
      "h20/episode_count": 15,
      "h20/final_state_mse": 0.007530571432674632,
      "h20/outcome_drop_episode_count": 3,
      "h20/outcome_drop_final_state_mse": 0.007346529635339001,
      "h20/outcome_drop_state_mse": 0.0035201990916058907,
      "h20/outcome_jam_episode_count": 3,
      "h20/outcome_jam_final_state_mse": 0.00786236055146635,
      "h20/outcome_jam_state_mse": 0.0036745510849298217,
      "h20/outcome_miss_episode_count": 3,
      "h20/outcome_miss_final_state_mse": 0.0074337118006999195,
      "h20/outcome_miss_state_mse": 0.007764318877575444,
      "h20/outcome_partial_episode_count": 3,
      "h20/outcome_partial_final_state_mse": 0.007459470697867325,
      "h20/outcome_partial_state_mse": 0.0034577803674087026,
      "h20/outcome_success_episode_count": 3,
      "h20/outcome_success_final_state_mse": 0.00755078535453946,
      "h20/outcome_success_state_mse": 0.0034651036356009688,
      "h20/state_mse": 0.0043763907438789315,
      "h30/episode_count": 15,
      "h30/final_state_mse": 0.008801700866300296,
      "h30/outcome_drop_episode_count": 3,
      "h30/outcome_drop_final_state_mse": 0.007338894543304942,
      "h30/outcome_drop_state_mse": 0.0047277671838897506,
      "h30/outcome_jam_episode_count": 3,
      "h30/outcome_jam_final_state_mse": 0.0076593806346257525,
      "h30/outcome_jam_state_mse": 0.004985066384791289,
      "h30/outcome_miss_episode_count": 3,
      "h30/outcome_miss_final_state_mse": 0.01418960484024746,
      "h30/outcome_miss_state_mse": 0.008546661135937394,
      "h30/outcome_partial_episode_count": 3,
      "h30/outcome_partial_final_state_mse": 0.007391297934102077,
      "h30/outcome_partial_state_mse": 0.004690982521489295,
      "h30/outcome_success_episode_count": 3,
      "h30/outcome_success_final_state_mse": 0.007429331346274981,
      "h30/outcome_success_state_mse": 0.004694579889052314,
      "h30/state_mse": 0.005529011246425654,
      "h40/episode_count": 15,
      "h40/final_state_mse": 0.02743120629803028,
      "h40/outcome_drop_episode_count": 3,
      "h40/outcome_drop_final_state_mse": 0.021181463805678622,
      "h40/outcome_drop_state_mse": 0.007191363580865797,
      "h40/outcome_jam_episode_count": 3,
      "h40/outcome_jam_final_state_mse": 0.021758964638304866,
      "h40/outcome_jam_state_mse": 0.007273141854728748,
      "h40/outcome_miss_episode_count": 3,
      "h40/outcome_miss_final_state_mse": 0.0503613364462759,
      "h40/outcome_miss_state_mse": 0.014196479865928101,
      "h40/outcome_partial_episode_count": 3,
      "h40/outcome_partial_final_state_mse": 0.02185874476152308,
      "h40/outcome_partial_state_mse": 0.006857191269693811,
      "h40/outcome_success_episode_count": 3,
      "h40/outcome_success_final_state_mse": 0.021995517163494835,
      "h40/outcome_success_state_mse": 0.006895334736194486,
      "h40/state_mse": 0.008482702915964563,
      "h50/episode_count": 15,
      "h50/final_state_mse": 0.08715796377144608,
      "h50/outcome_drop_episode_count": 3,
      "h50/outcome_drop_final_state_mse": 0.06933270716199688,
      "h50/outcome_drop_state_mse": 0.014043133804221558,
      "h50/outcome_jam_episode_count": 3,
      "h50/outcome_jam_final_state_mse": 0.08237158239277359,
      "h50/outcome_jam_state_mse": 0.016133457757289114,
      "h50/outcome_miss_episode_count": 3,
      "h50/outcome_miss_final_state_mse": 0.12662199743432936,
      "h50/outcome_miss_state_mse": 0.02875055599835963,
      "h50/outcome_partial_episode_count": 3,
      "h50/outcome_partial_final_state_mse": 0.07800640000237359,
      "h50/outcome_partial_state_mse": 0.015157413108676087,
      "h50/outcome_success_episode_count": 3,
      "h50/outcome_success_final_state_mse": 0.0794571303074656,
      "h50/outcome_success_state_mse": 0.015326406690809462,
      "h50/state_mse": 0.017882193372140524,
      "h75/episode_count": 15,
      "h75/final_state_mse": 2.396306934232026,
      "h75/outcome_drop_episode_count": 3,
      "h75/outcome_drop_final_state_mse": 1.7908564299539802,
      "h75/outcome_drop_state_mse": 0.14865600851885893,
      "h75/outcome_jam_episode_count": 3,
      "h75/outcome_jam_final_state_mse": 1.9928730734033522,
      "h75/outcome_jam_state_mse": 0.16894439763752722,
      "h75/outcome_miss_episode_count": 3,
      "h75/outcome_miss_final_state_mse": 4.2724019094230306,
      "h75/outcome_miss_state_mse": 0.31652465554364106,
      "h75/outcome_partial_episode_count": 3,
      "h75/outcome_partial_final_state_mse": 1.940147000979754,
      "h75/outcome_partial_state_mse": 0.16311801353570943,
      "h75/outcome_success_episode_count": 3,
      "h75/outcome_success_final_state_mse": 1.985255721347784,
      "h75/outcome_success_state_mse": 0.1664831223830678,
      "h75/state_mse": 0.1927452512254902,
      "max_requested_horizon": 125,
      "reencode_period": null,
      "rollout_mode": "no_reencode"
    },
    "periodic_1": {
      "episode_count": 15,
      "h10/episode_count": 15,
      "h10/final_state_mse": 0.0035496705497791567,
      "h10/outcome_drop_episode_count": 3,
      "h10/outcome_drop_final_state_mse": 0.002980222572493397,
      "h10/outcome_drop_state_mse": 0.0023168591112872356,
      "h10/outcome_jam_episode_count": 3,
      "h10/outcome_jam_final_state_mse": 0.0034674113628521464,
      "h10/outcome_jam_state_mse": 0.0026373686354144725,
      "h10/outcome_miss_episode_count": 3,
      "h10/outcome_miss_final_state_mse": 0.005236518149282418,
      "h10/outcome_miss_state_mse": 0.008900757396922391,
      "h10/outcome_partial_episode_count": 3,
      "h10/outcome_partial_final_state_mse": 0.0030464513190821105,
      "h10/outcome_partial_state_mse": 0.002278222133910734,
      "h10/outcome_success_episode_count": 3,
      "h10/outcome_success_final_state_mse": 0.0030177486877815394,
      "h10/outcome_success_state_mse": 0.0022933207306207394,
      "h10/state_mse": 0.0036853054769678054,
      "h100/episode_count": 15,
      "h100/final_state_mse": 0.0056802462908177595,
      "h100/outcome_drop_episode_count": 3,
      "h100/outcome_drop_final_state_mse": 0.005658977756313249,
      "h100/outcome_drop_state_mse": 0.0042814814499001095,
      "h100/outcome_jam_episode_count": 3,
      "h100/outcome_jam_final_state_mse": 0.007700491672247843,
      "h100/outcome_jam_state_mse": 0.004553101732839946,
      "h100/outcome_miss_episode_count": 3,
      "h100/outcome_miss_final_state_mse": 0.007294163107872009,
      "h100/outcome_miss_state_mse": 0.007683599634108201,
      "h100/outcome_partial_episode_count": 3,
      "h100/outcome_partial_final_state_mse": 0.00352571154731551,
      "h100/outcome_partial_state_mse": 0.004024135988522199,
      "h100/outcome_success_episode_count": 3,
      "h100/outcome_success_final_state_mse": 0.004221887126857159,
      "h100/outcome_success_state_mse": 0.004462179296156939,
      "h100/state_mse": 0.005000899570440155,
      "h125/episode_count": 15,
      "h125/final_state_mse": 0.013166706858117596,
      "h125/outcome_drop_episode_count": 3,
      "h125/outcome_drop_final_state_mse": 0.011081696530572728,
      "h125/outcome_drop_state_mse": 0.0050548704060074555,
      "h125/outcome_jam_episode_count": 3,
      "h125/outcome_jam_final_state_mse": 0.01572058091755786,
      "h125/outcome_jam_state_mse": 0.005760367399726818,
      "h125/outcome_miss_episode_count": 3,
      "h125/outcome_miss_final_state_mse": 0.023643724912521886,
      "h125/outcome_miss_state_mse": 0.009537223865783293,
      "h125/outcome_partial_episode_count": 3,
      "h125/outcome_partial_final_state_mse": 0.004296687011625252,
      "h125/outcome_partial_state_mse": 0.00402318961947572,
      "h125/outcome_success_episode_count": 3,
      "h125/outcome_success_final_state_mse": 0.011090843165232464,
      "h125/outcome_success_state_mse": 0.005186118331609988,
      "h125/state_mse": 0.005912353196486928,
      "h20/episode_count": 15,
      "h20/final_state_mse": 0.007351724462571487,
      "h20/outcome_drop_episode_count": 3,
      "h20/outcome_drop_final_state_mse": 0.0034733501816886702,
      "h20/outcome_drop_state_mse": 0.0026923334676455827,
      "h20/outcome_jam_episode_count": 3,
      "h20/outcome_jam_final_state_mse": 0.00387949106934803,
      "h20/outcome_jam_state_mse": 0.0031361254601696737,
      "h20/outcome_miss_episode_count": 3,
      "h20/outcome_miss_final_state_mse": 0.023067594499759425,
      "h20/outcome_miss_state_mse": 0.010315995122872146,
      "h20/outcome_partial_episode_count": 3,
      "h20/outcome_partial_final_state_mse": 0.0031823282148323805,
      "h20/outcome_partial_state_mse": 0.0026296277061786527,
      "h20/outcome_success_episode_count": 3,
      "h20/outcome_success_final_state_mse": 0.003155856983723983,
      "h20/outcome_success_state_mse": 0.0026358691305896037,
      "h20/state_mse": 0.0042819902008655025,
      "h30/episode_count": 15,
      "h30/final_state_mse": 0.0043554848315669045,
      "h30/outcome_drop_episode_count": 3,
      "h30/outcome_drop_final_state_mse": 0.002755239946779862,
      "h30/outcome_drop_state_mse": 0.0027542809515477265,
      "h30/outcome_jam_episode_count": 3,
      "h30/outcome_jam_final_state_mse": 0.002571418808371413,
      "h30/outcome_jam_state_mse": 0.0031888127067250106,
      "h30/outcome_miss_episode_count": 3,
      "h30/outcome_miss_final_state_mse": 0.01102845468162711,
      "h30/outcome_miss_state_mse": 0.01195174593291771,
      "h30/outcome_partial_episode_count": 3,
      "h30/outcome_partial_final_state_mse": 0.0026879063229155696,
      "h30/outcome_partial_state_mse": 0.0027139515398894,
      "h30/outcome_success_episode_count": 3,
      "h30/outcome_success_final_state_mse": 0.002734403667691486,
      "h30/outcome_success_state_mse": 0.002710873343066712,
      "h30/state_mse": 0.0046639329831324895,
      "h40/episode_count": 15,
      "h40/final_state_mse": 0.004798308229134753,
      "h40/outcome_drop_episode_count": 3,
      "h40/outcome_drop_final_state_mse": 0.004594148276678098,
      "h40/outcome_drop_state_mse": 0.0029508935859779905,
      "h40/outcome_jam_episode_count": 3,
      "h40/outcome_jam_final_state_mse": 0.004078751977752237,
      "h40/outcome_jam_state_mse": 0.0032529733928979613,
      "h40/outcome_miss_episode_count": 3,
      "h40/outcome_miss_final_state_mse": 0.0056835933058869605,
      "h40/outcome_miss_state_mse": 0.010820210213754691,
      "h40/outcome_partial_episode_count": 3,
      "h40/outcome_partial_final_state_mse": 0.004781890149210014,
      "h40/outcome_partial_state_mse": 0.0029088359642652126,
      "h40/outcome_success_episode_count": 3,
      "h40/outcome_success_final_state_mse": 0.004853157923112508,
      "h40/outcome_success_state_mse": 0.0029048736578498793,
      "h40/state_mse": 0.004567557440863715,
      "h50/episode_count": 15,
      "h50/final_state_mse": 0.005207733391157163,
      "h50/outcome_drop_episode_count": 3,
      "h50/outcome_drop_final_state_mse": 0.004479843027451459,
      "h50/outcome_drop_state_mse": 0.0032201834909277023,
      "h50/outcome_jam_episode_count": 3,
      "h50/outcome_jam_final_state_mse": 0.005033500346482969,
      "h50/outcome_jam_state_mse": 0.0035792754054848664,
      "h50/outcome_miss_episode_count": 3,
      "h50/outcome_miss_final_state_mse": 0.005846076444083569,
      "h50/outcome_miss_state_mse": 0.009829249039194942,
      "h50/outcome_partial_episode_count": 3,
      "h50/outcome_partial_final_state_mse": 0.005280709734150008,
      "h50/outcome_partial_state_mse": 0.0034187368006488076,
      "h50/outcome_success_episode_count": 3,
      "h50/outcome_success_final_state_mse": 0.00539853759840423,
      "h50/outcome_success_state_mse": 0.003433408924177581,
      "h50/state_mse": 0.004696170981413399,
      "h75/episode_count": 15,
      "h75/final_state_mse": 0.0059040748995114,
      "h75/outcome_drop_episode_count": 3,
      "h75/outcome_drop_final_state_mse": 0.005224588941904454,
      "h75/outcome_drop_state_mse": 0.0035941539922311155,
      "h75/outcome_jam_episode_count": 3,
      "h75/outcome_jam_final_state_mse": 0.004762111049072415,
      "h75/outcome_jam_state_mse": 0.004314170288883782,
      "h75/outcome_miss_episode_count": 3,
      "h75/outcome_miss_final_state_mse": 0.003731716838147905,
      "h75/outcome_miss_state_mse": 0.008319656106121918,
      "h75/outcome_partial_episode_count": 3,
      "h75/outcome_partial_final_state_mse": 0.007461093220056272,
      "h75/outcome_partial_state_mse": 0.004220747106215533,
      "h75/outcome_success_episode_count": 3,
      "h75/outcome_success_final_state_mse": 0.008340864594465766,
      "h75/outcome_success_state_mse": 0.004269803780615979,
      "h75/state_mse": 0.0049437056398080065,
      "max_requested_horizon": 125,
      "reencode_period": 1,
      "rollout_mode": "periodic_1"
    },
    "periodic_10": {
      "episode_count": 15,
      "h10/episode_count": 15,
      "h10/final_state_mse": 0.002757884941849054,
      "h10/outcome_drop_episode_count": 3,
      "h10/outcome_drop_final_state_mse": 0.0020424732147089016,
      "h10/outcome_drop_state_mse": 0.0016013227257074094,
      "h10/outcome_jam_episode_count": 3,
      "h10/outcome_jam_final_state_mse": 0.002408469814101076,
      "h10/outcome_jam_state_mse": 0.0018081369742848515,
      "h10/outcome_miss_episode_count": 3,
      "h10/outcome_miss_final_state_mse": 0.005252817633494832,
      "h10/outcome_miss_state_mse": 0.009041096338259629,
      "h10/outcome_partial_episode_count": 3,
      "h10/outcome_partial_final_state_mse": 0.002053122797043495,
      "h10/outcome_partial_state_mse": 0.0015706663427789227,
      "h10/outcome_success_episode_count": 3,
      "h10/outcome_success_final_state_mse": 0.002032542053390952,
      "h10/outcome_success_state_mse": 0.0015744825983359143,
      "h10/state_mse": 0.0031191410737879135,
      "h100/episode_count": 15,
      "h100/final_state_mse": 0.0025371936411639445,
      "h100/outcome_drop_episode_count": 3,
      "h100/outcome_drop_final_state_mse": 0.002790860490861282,
      "h100/outcome_drop_state_mse": 0.0019457662495133143,
      "h100/outcome_jam_episode_count": 3,
      "h100/outcome_jam_final_state_mse": 0.0025677587228273256,
      "h100/outcome_jam_state_mse": 0.0021876629349453,
      "h100/outcome_miss_episode_count": 3,
      "h100/outcome_miss_final_state_mse": 0.003861146912076115,
      "h100/outcome_miss_state_mse": 0.0029730828603108726,
      "h100/outcome_partial_episode_count": 3,
      "h100/outcome_partial_final_state_mse": 0.001927399508703768,
      "h100/outcome_partial_state_mse": 0.0017232062458212858,
      "h100/outcome_success_episode_count": 3,
      "h100/outcome_success_final_state_mse": 0.0015388024496097192,
      "h100/outcome_success_state_mse": 0.0017945820365855897,
      "h100/state_mse": 0.0021248601776322506,
      "h125/episode_count": 15,
      "h125/final_state_mse": 0.005058873556797801,
      "h125/outcome_drop_episode_count": 3,
      "h125/outcome_drop_final_state_mse": 0.0049841699549575255,
      "h125/outcome_drop_state_mse": 0.002534706863702512,
      "h125/outcome_jam_episode_count": 3,
      "h125/outcome_jam_final_state_mse": 0.004026946289087433,
      "h125/outcome_jam_state_mse": 0.002527947718801062,
      "h125/outcome_miss_episode_count": 3,
      "h125/outcome_miss_final_state_mse": 0.01184297913040211,
      "h125/outcome_miss_state_mse": 0.004475975335813036,
      "h125/outcome_partial_episode_count": 3,
      "h125/outcome_partial_final_state_mse": 0.0016345232116435867,
      "h125/outcome_partial_state_mse": 0.0017467185874390446,
      "h125/outcome_success_episode_count": 3,
      "h125/outcome_success_final_state_mse": 0.0028057479196124608,
      "h125/outcome_success_state_mse": 0.0019157369027729906,
      "h125/state_mse": 0.002640217141544118,
      "h20/episode_count": 15,
      "h20/final_state_mse": 0.0012929460581611184,
      "h20/outcome_drop_episode_count": 3,
      "h20/outcome_drop_final_state_mse": 0.0012753518066959443,
      "h20/outcome_drop_state_mse": 0.00145802978986229,
      "h20/outcome_jam_episode_count": 3,
      "h20/outcome_jam_final_state_mse": 0.0013291654877023759,
      "h20/outcome_jam_state_mse": 0.0016637211921168309,
      "h20/outcome_miss_episode_count": 3,
      "h20/outcome_miss_final_state_mse": 0.0015334717296307382,
      "h20/outcome_miss_state_mse": 0.005766456734900381,
      "h20/outcome_partial_episode_count": 3,
      "h20/outcome_partial_final_state_mse": 0.0011424191929156485,
      "h20/outcome_partial_state_mse": 0.001422145280962676,
      "h20/outcome_success_episode_count": 3,
      "h20/outcome_success_final_state_mse": 0.0011843221103833392,
      "h20/outcome_success_state_mse": 0.0014320210498922012,
      "h20/state_mse": 0.002348474739423764,
      "h30/episode_count": 15,
      "h30/final_state_mse": 0.0013642666386623008,
      "h30/outcome_drop_episode_count": 3,
      "h30/outcome_drop_final_state_mse": 0.0013747917963009254,
      "h30/outcome_drop_state_mse": 0.0014947553865270677,
      "h30/outcome_jam_episode_count": 3,
      "h30/outcome_jam_final_state_mse": 0.0015155786246645684,
      "h30/outcome_jam_state_mse": 0.0016859061058310382,
      "h30/outcome_miss_episode_count": 3,
      "h30/outcome_miss_final_state_mse": 0.001226915399623073,
      "h30/outcome_miss_state_mse": 0.004350107687490958,
      "h30/outcome_partial_episode_count": 3,
      "h30/outcome_partial_final_state_mse": 0.0013302786677491431,
      "h30/outcome_partial_state_mse": 0.0014575261955427448,
      "h30/outcome_success_episode_count": 3,
      "h30/outcome_success_final_state_mse": 0.0013737686075805838,
      "h30/outcome_success_state_mse": 0.001468408627188024,
      "h30/state_mse": 0.0020913407070184847,
      "h40/episode_count": 15,
      "h40/final_state_mse": 0.0015226594762864456,
      "h40/outcome_drop_episode_count": 3,
      "h40/outcome_drop_final_state_mse": 0.00164132981615908,
      "h40/outcome_drop_state_mse": 0.0015457702812805675,
      "h40/outcome_jam_episode_count": 3,
      "h40/outcome_jam_final_state_mse": 0.0015918652898345897,
      "h40/outcome_jam_state_mse": 0.0017441107167137993,
      "h40/outcome_miss_episode_count": 3,
      "h40/outcome_miss_final_state_mse": 0.0016052815941424152,
      "h40/outcome_miss_state_mse": 0.00367993217667723,
      "h40/outcome_partial_episode_count": 3,
      "h40/outcome_partial_final_state_mse": 0.0013702671512279634,
      "h40/outcome_partial_state_mse": 0.0014849942494062037,
      "h40/outcome_success_episode_count": 3,
      "h40/outcome_success_final_state_mse": 0.0014045537492029028,
      "h40/outcome_success_state_mse": 0.0014955310650121153,
      "h40/state_mse": 0.001990067725088082,
      "h50/episode_count": 15,
      "h50/final_state_mse": 0.0016897360483805338,
      "h50/outcome_drop_episode_count": 3,
      "h50/outcome_drop_final_state_mse": 0.0015811385233807408,
      "h50/outcome_drop_state_mse": 0.0016005743251127356,
      "h50/outcome_jam_episode_count": 3,
      "h50/outcome_jam_final_state_mse": 0.0019096203050971811,
      "h50/outcome_jam_state_mse": 0.0018345255321926541,
      "h50/outcome_miss_episode_count": 3,
      "h50/outcome_miss_final_state_mse": 0.001651083259216321,
      "h50/outcome_miss_state_mse": 0.003312325508765925,
      "h50/outcome_partial_episode_count": 3,
      "h50/outcome_partial_final_state_mse": 0.0016303967708855673,
      "h50/outcome_partial_state_mse": 0.0015450343587040123,
      "h50/outcome_success_episode_count": 3,
      "h50/outcome_success_final_state_mse": 0.0016764414320194643,
      "h50/outcome_success_state_mse": 0.0015616969501270968,
      "h50/state_mse": 0.001970831378612643,
      "h75/episode_count": 15,
      "h75/final_state_mse": 0.0028093749401616117,
      "h75/outcome_drop_episode_count": 3,
      "h75/outcome_drop_final_state_mse": 0.002078343986296186,
      "h75/outcome_drop_state_mse": 0.0016864495080021213,
      "h75/outcome_jam_episode_count": 3,
      "h75/outcome_jam_final_state_mse": 0.002913820100765602,
      "h75/outcome_jam_state_mse": 0.0020552239179091776,
      "h75/outcome_miss_episode_count": 3,
      "h75/outcome_miss_final_state_mse": 0.003367859407577639,
      "h75/outcome_miss_state_mse": 0.0029229272580614278,
      "h75/outcome_partial_episode_count": 3,
      "h75/outcome_partial_final_state_mse": 0.0026678247681630202,
      "h75/outcome_partial_state_mse": 0.0016975455813937716,
      "h75/outcome_success_episode_count": 3,
      "h75/outcome_success_final_state_mse": 0.0030190252205904793,
      "h75/outcome_success_state_mse": 0.001728939937350537,
      "h75/state_mse": 0.002018217198988971,
      "max_requested_horizon": 125,
      "reencode_period": 10,
      "rollout_mode": "periodic_10"
    },
    "periodic_100": {
      "episode_count": 15,
      "h10/episode_count": 15,
      "h10/final_state_mse": 0.002757884941849054,
      "h10/outcome_drop_episode_count": 3,
      "h10/outcome_drop_final_state_mse": 0.0020424732147089016,
      "h10/outcome_drop_state_mse": 0.0016013227257074094,
      "h10/outcome_jam_episode_count": 3,
      "h10/outcome_jam_final_state_mse": 0.002408469814101076,
      "h10/outcome_jam_state_mse": 0.0018081369742848515,
      "h10/outcome_miss_episode_count": 3,
      "h10/outcome_miss_final_state_mse": 0.005252817633494832,
      "h10/outcome_miss_state_mse": 0.009041096338259629,
      "h10/outcome_partial_episode_count": 3,
      "h10/outcome_partial_final_state_mse": 0.002053122797043495,
      "h10/outcome_partial_state_mse": 0.0015706663427789227,
      "h10/outcome_success_episode_count": 3,
      "h10/outcome_success_final_state_mse": 0.002032542053390952,
      "h10/outcome_success_state_mse": 0.0015744825983359143,
      "h10/state_mse": 0.0031191410737879135,
      "h100/episode_count": 15,
      "h100/final_state_mse": 283.296670751634,
      "h100/outcome_drop_episode_count": 3,
      "h100/outcome_drop_final_state_mse": 198.15640956903596,
      "h100/outcome_drop_state_mse": 13.06670215482026,
      "h100/outcome_jam_episode_count": 3,
      "h100/outcome_jam_final_state_mse": 203.28947737949346,
      "h100/outcome_jam_state_mse": 13.433612898284315,
      "h100/outcome_miss_episode_count": 3,
      "h100/outcome_miss_final_state_mse": 618.4910417943219,
      "h100/outcome_miss_state_mse": 38.53099009395425,
      "h100/outcome_partial_episode_count": 3,
      "h100/outcome_partial_final_state_mse": 198.33983098447712,
      "h100/outcome_partial_state_mse": 13.023593239379085,
      "h100/outcome_success_episode_count": 3,
      "h100/outcome_success_final_state_mse": 198.2065940308415,
      "h100/outcome_success_state_mse": 13.060730443218954,
      "h100/state_mse": 18.223124183006536,
      "h125/episode_count": 15,
      "h125/final_state_mse": 110.98063725490196,
      "h125/outcome_drop_episode_count": 3,
      "h125/outcome_drop_final_state_mse": 48.44696483736724,
      "h125/outcome_drop_state_mse": 19.255205065359476,
      "h125/outcome_jam_episode_count": 3,
      "h125/outcome_jam_final_state_mse": 51.31704532398897,
      "h125/outcome_jam_state_mse": 19.800296568627452,
      "h125/outcome_miss_episode_count": 3,
      "h125/outcome_miss_final_state_mse": 351.6384117774714,
      "h125/outcome_miss_state_mse": 72.76320424836601,
      "h125/outcome_partial_episode_count": 3,
      "h125/outcome_partial_final_state_mse": 52.85724555121528,
      "h125/outcome_partial_state_mse": 19.68393137254902,
      "h125/outcome_success_episode_count": 3,
      "h125/outcome_success_final_state_mse": 50.64353713490605,
      "h125/outcome_success_state_mse": 19.50666544117647,
      "h125/state_mse": 30.201858823529413,
      "h20/episode_count": 15,
      "h20/final_state_mse": 0.007530570186041539,
      "h20/outcome_drop_episode_count": 3,
      "h20/outcome_drop_final_state_mse": 0.007346529684035607,
      "h20/outcome_drop_state_mse": 0.003520199169520459,
      "h20/outcome_jam_episode_count": 3,
      "h20/outcome_jam_final_state_mse": 0.007862358798388562,
      "h20/outcome_jam_state_mse": 0.0036745508511861163,
      "h20/outcome_miss_episode_count": 3,
      "h20/outcome_miss_final_state_mse": 0.007433713456384497,
      "h20/outcome_miss_state_mse": 0.007764319189233718,
      "h20/outcome_partial_episode_count": 3,
      "h20/outcome_partial_final_state_mse": 0.00745946850652009,
      "h20/outcome_partial_state_mse": 0.0034577801336649976,
      "h20/outcome_success_episode_count": 3,
      "h20/outcome_success_final_state_mse": 0.007550782043170306,
      "h20/outcome_success_state_mse": 0.0034651040641310946,
      "h20/state_mse": 0.0043763907438789315,
      "h30/episode_count": 15,
      "h30/final_state_mse": 0.008801701489616842,
      "h30/outcome_drop_episode_count": 3,
      "h30/outcome_drop_final_state_mse": 0.0073388944459117315,
      "h30/outcome_drop_state_mse": 0.004727766820288431,
      "h30/outcome_jam_episode_count": 3,
      "h30/outcome_jam_final_state_mse": 0.007659378784154755,
      "h30/outcome_jam_state_mse": 0.004985066436734334,
      "h30/outcome_miss_episode_count": 3,
      "h30/outcome_miss_final_state_mse": 0.01418960484024746,
      "h30/outcome_miss_state_mse": 0.008546661239823485,
      "h30/outcome_partial_episode_count": 3,
      "h30/outcome_partial_final_state_mse": 0.007391295499271817,
      "h30/outcome_partial_state_mse": 0.004690982209831022,
      "h30/outcome_success_episode_count": 3,
      "h30/outcome_success_final_state_mse": 0.007429331735847822,
      "h30/outcome_success_state_mse": 0.004694580252653633,
      "h30/state_mse": 0.005529011246425654,
      "h40/episode_count": 15,
      "h40/final_state_mse": 0.027431201311497906,
      "h40/outcome_drop_episode_count": 3,
      "h40/outcome_drop_final_state_mse": 0.021181468480552725,
      "h40/outcome_drop_state_mse": 0.0071913630354638195,
      "h40/outcome_jam_episode_count": 3,
      "h40/outcome_jam_final_state_mse": 0.021758955288556665,
      "h40/outcome_jam_state_mse": 0.00727314084183936,
      "h40/outcome_miss_episode_count": 3,
      "h40/outcome_miss_final_state_mse": 0.050361328265246225,
      "h40/outcome_miss_state_mse": 0.014196480956732057,
      "h40/outcome_partial_episode_count": 3,
      "h40/outcome_partial_final_state_mse": 0.021858731516046462,
      "h40/outcome_partial_state_mse": 0.006857190880120969,
      "h40/outcome_success_episode_count": 3,
      "h40/outcome_success_final_state_mse": 0.021995526513243033,
      "h40/outcome_success_state_mse": 0.006895334736194486,
      "h40/state_mse": 0.008482701918658088,
      "h50/episode_count": 15,
      "h50/final_state_mse": 0.08715796377144608,
      "h50/outcome_drop_episode_count": 3,
      "h50/outcome_drop_final_state_mse": 0.06933270248712278,
      "h50/outcome_drop_state_mse": 0.014043134302874795,
      "h50/outcome_jam_episode_count": 3,
      "h50/outcome_jam_final_state_mse": 0.08237157771789949,
      "h50/outcome_jam_state_mse": 0.0161334562613294,
      "h50/outcome_miss_episode_count": 3,
      "h50/outcome_miss_final_state_mse": 0.12662202548357396,
      "h50/outcome_miss_state_mse": 0.028750557494319342,
      "h50/outcome_partial_episode_count": 3,
      "h50/outcome_partial_final_state_mse": 0.07800641091041316,
      "h50/outcome_partial_state_mse": 0.015157411363389757,
      "h50/outcome_success_episode_count": 3,
      "h50/outcome_success_final_state_mse": 0.07945712407430013,
      "h50/outcome_success_state_mse": 0.015326406192156224,
      "h50/state_mse": 0.017882193372140524,
      "h75/episode_count": 15,
      "h75/final_state_mse": 2.3963062959558825,
      "h75/outcome_drop_episode_count": 3,
      "h75/outcome_drop_final_state_mse": 1.790856330223333,
      "h75/outcome_drop_state_mse": 0.14865599522143927,
      "h75/outcome_jam_episode_count": 3,
      "h75/outcome_jam_final_state_mse": 1.9928731980666616,
      "h75/outcome_jam_state_mse": 0.16894439231855937,
      "h75/outcome_miss_episode_count": 3,
      "h75/outcome_miss_final_state_mse": 4.272400101805045,
      "h75/outcome_miss_state_mse": 0.31652466086260894,
      "h75/outcome_partial_episode_count": 3,
      "h75/outcome_partial_final_state_mse": 1.940146626989826,
      "h75/outcome_partial_state_mse": 0.1631180055572576,
      "h75/outcome_success_episode_count": 3,
      "h75/outcome_success_final_state_mse": 1.9852549235026042,
      "h75/outcome_success_state_mse": 0.16648310110719636,
      "h75/state_mse": 0.19274523420479303,
      "max_requested_horizon": 125,
      "reencode_period": 100,
      "rollout_mode": "periodic_100"
    },
    "periodic_2": {
      "episode_count": 15,
      "h10/episode_count": 15,
      "h10/final_state_mse": 0.0018860086116915436,
      "h10/outcome_drop_episode_count": 3,
      "h10/outcome_drop_final_state_mse": 0.0014429230705585356,
      "h10/outcome_drop_state_mse": 0.0016249983528860254,
      "h10/outcome_jam_episode_count": 3,
      "h10/outcome_jam_final_state_mse": 0.0016950139033249001,
      "h10/outcome_jam_state_mse": 0.0018794667487050973,
      "h10/outcome_miss_episode_count": 3,
      "h10/outcome_miss_final_state_mse": 0.003368017087185305,
      "h10/outcome_miss_state_mse": 0.00844464972128276,
      "h10/outcome_partial_episode_count": 3,
      "h10/outcome_partial_final_state_mse": 0.0014690103289348626,
      "h10/outcome_partial_state_mse": 0.0015787266827876271,
      "h10/outcome_success_episode_count": 3,
      "h10/outcome_success_final_state_mse": 0.0014550788145439298,
      "h10/outcome_success_state_mse": 0.0015894114581588047,
      "h10/state_mse": 0.003023450265522876,
      "h100/episode_count": 15,
      "h100/final_state_mse": 0.0047678349064845665,
      "h100/outcome_drop_episode_count": 3,
      "h100/outcome_drop_final_state_mse": 0.0032069247240334555,
      "h100/outcome_drop_state_mse": 0.0028545053644117965,
      "h100/outcome_jam_episode_count": 3,
      "h100/outcome_jam_final_state_mse": 0.004378990702379763,
      "h100/outcome_jam_state_mse": 0.0032844555300045636,
      "h100/outcome_miss_episode_count": 3,
      "h100/outcome_miss_final_state_mse": 0.011669506921487697,
      "h100/outcome_miss_state_mse": 0.004683888254601971,
      "h100/outcome_partial_episode_count": 3,
      "h100/outcome_partial_final_state_mse": 0.0019742781235501656,
      "h100/outcome_partial_state_mse": 0.0024148850659139794,
      "h100/outcome_success_episode_count": 3,
      "h100/outcome_success_final_state_mse": 0.0026094736227023057,
      "h100/outcome_success_state_mse": 0.0026054607341492097,
      "h100/state_mse": 0.003168639139412275,
      "h125/episode_count": 15,
      "h125/final_state_mse": 0.007941143185484643,
      "h125/outcome_drop_episode_count": 3,
      "h125/outcome_drop_final_state_mse": 0.006468189941122641,
      "h125/outcome_drop_state_mse": 0.003537349725860396,
      "h125/outcome_jam_episode_count": 3,
      "h125/outcome_jam_final_state_mse": 0.01090900726567686,
      "h125/outcome_jam_state_mse": 0.0045243876338784215,
      "h125/outcome_miss_episode_count": 3,
      "h125/outcome_miss_final_state_mse": 0.012932007487108505,
      "h125/outcome_miss_state_mse": 0.006421370063731873,
      "h125/outcome_partial_episode_count": 3,
      "h125/outcome_partial_final_state_mse": 0.00231562459877893,
      "h125/outcome_partial_state_mse": 0.002328081068649791,
      "h125/outcome_success_episode_count": 3,
      "h125/outcome_success_final_state_mse": 0.007080886099073622,
      "h125/outcome_success_state_mse": 0.003265218198688981,
      "h125/state_mse": 0.004015281288296569,
      "h20/episode_count": 15,
      "h20/final_state_mse": 0.0026348625133240143,
      "h20/outcome_drop_episode_count": 3,
      "h20/outcome_drop_final_state_mse": 0.0026955405384107354,
      "h20/outcome_drop_state_mse": 0.0018780009808883169,
      "h20/outcome_jam_episode_count": 3,
      "h20/outcome_jam_final_state_mse": 0.002651180901558571,
      "h20/outcome_jam_state_mse": 0.0021285941398221683,
      "h20/outcome_miss_episode_count": 3,
      "h20/outcome_miss_final_state_mse": 0.003016109706140032,
      "h20/outcome_miss_state_mse": 0.00585778414034376,
      "h20/outcome_partial_episode_count": 3,
      "h20/outcome_partial_final_state_mse": 0.0024045520504705265,
      "h20/outcome_partial_state_mse": 0.0018237030584048602,
      "h20/outcome_success_episode_count": 3,
      "h20/outcome_success_final_state_mse": 0.0024069296622198392,
      "h20/outcome_success_state_mse": 0.0018356503224840352,
      "h20/state_mse": 0.0027047465205971713,
      "h30/episode_count": 15,
      "h30/final_state_mse": 0.0023335999133540135,
      "h30/outcome_drop_episode_count": 3,
      "h30/outcome_drop_final_state_mse": 0.0022281935207204883,
      "h30/outcome_drop_state_mse": 0.0020836148646402462,
      "h30/outcome_jam_episode_count": 3,
      "h30/outcome_jam_final_state_mse": 0.0022896408937335792,
      "h30/outcome_jam_state_mse": 0.0023187052969839057,
      "h30/outcome_miss_episode_count": 3,
      "h30/outcome_miss_final_state_mse": 0.003062001386888666,
      "h30/outcome_miss_state_mse": 0.004995952452449757,
      "h30/outcome_partial_episode_count": 3,
      "h30/outcome_partial_final_state_mse": 0.0020403540601917343,
      "h30/outcome_partial_state_mse": 0.0020110867901305487,
      "h30/outcome_success_episode_count": 3,
      "h30/outcome_success_final_state_mse": 0.0020478093887076657,
      "h30/outcome_success_state_mse": 0.0020214990333274558,
      "h30/state_mse": 0.0026861716875063828,
      "h40/episode_count": 15,
      "h40/final_state_mse": 0.0029553762448379416,
      "h40/outcome_drop_episode_count": 3,
      "h40/outcome_drop_final_state_mse": 0.002986974429850485,
      "h40/outcome_drop_state_mse": 0.0022229687840330833,
      "h40/outcome_jam_episode_count": 3,
      "h40/outcome_jam_final_state_mse": 0.0027762496588276883,
      "h40/outcome_jam_state_mse": 0.0024175932594374112,
      "h40/outcome_miss_episode_count": 3,
      "h40/outcome_miss_final_state_mse": 0.003549894476248548,
      "h40/outcome_miss_state_mse": 0.0046498122558095096,
      "h40/outcome_partial_episode_count": 3,
      "h40/outcome_partial_final_state_mse": 0.00270425981166316,
      "h40/outcome_partial_state_mse": 0.002128774979535271,
      "h40/outcome_success_episode_count": 3,
      "h40/outcome_success_final_state_mse": 0.002759501824971118,
      "h40/outcome_success_state_mse": 0.0021353883291381636,
      "h40/state_mse": 0.002710907381344465,
      "h50/episode_count": 15,
      "h50/final_state_mse": 0.0030951743032418045,
      "h50/outcome_drop_episode_count": 3,
      "h50/outcome_drop_final_state_mse": 0.002645216346566194,
      "h50/outcome_drop_state_mse": 0.002348070019990011,
      "h50/outcome_jam_episode_count": 3,
      "h50/outcome_jam_final_state_mse": 0.002872712764085508,
      "h50/outcome_jam_state_mse": 0.002600819207484426,
      "h50/outcome_miss_episode_count": 3,
      "h50/outcome_miss_final_state_mse": 0.004035721612132452,
      "h50/outcome_miss_state_mse": 0.004553390702390982,
      "h50/outcome_partial_episode_count": 3,
      "h50/outcome_partial_final_state_mse": 0.002905058071893804,
      "h50/outcome_partial_state_mse": 0.0023354937671835906,
      "h50/outcome_success_episode_count": 3,
      "h50/outcome_success_final_state_mse": 0.0030171627702276693,
      "h50/outcome_success_state_mse": 0.002349005742789873,
      "h50/state_mse": 0.0028373558692682804,
      "h75/episode_count": 15,
      "h75/final_state_mse": 0.0037633409687117033,
      "h75/outcome_drop_episode_count": 3,
      "h75/outcome_drop_final_state_mse": 0.004167333634850247,
      "h75/outcome_drop_state_mse": 0.0026049639716387313,
      "h75/outcome_jam_episode_count": 3,
      "h75/outcome_jam_final_state_mse": 0.004182142662067039,
      "h75/outcome_jam_state_mse": 0.0028183072324931492,
      "h75/outcome_miss_episode_count": 3,
      "h75/outcome_miss_final_state_mse": 0.003511594206679101,
      "h75/outcome_miss_state_mse": 0.004220788494434232,
      "h75/outcome_partial_episode_count": 3,
      "h75/outcome_partial_final_state_mse": 0.003113438588341856,
      "h75/outcome_partial_state_mse": 0.0024032287763873996,
      "h75/outcome_success_episode_count": 3,
      "h75/outcome_success_final_state_mse": 0.003842194582901749,
      "h75/outcome_success_state_mse": 0.00244141372979856,
      "h75/state_mse": 0.002897740715209695,
      "max_requested_horizon": 125,
      "reencode_period": 2,
      "rollout_mode": "periodic_2"
    },
    "periodic_20": {
      "episode_count": 15,
      "h10/episode_count": 15,
      "h10/final_state_mse": 0.002757884941849054,
      "h10/outcome_drop_episode_count": 3,
      "h10/outcome_drop_final_state_mse": 0.0020424732147089016,
      "h10/outcome_drop_state_mse": 0.0016013227257074094,
      "h10/outcome_jam_episode_count": 3,
      "h10/outcome_jam_final_state_mse": 0.002408469814101076,
      "h10/outcome_jam_state_mse": 0.0018081369742848515,
      "h10/outcome_miss_episode_count": 3,
      "h10/outcome_miss_final_state_mse": 0.005252817633494832,
      "h10/outcome_miss_state_mse": 0.009041096338259629,
      "h10/outcome_partial_episode_count": 3,
      "h10/outcome_partial_final_state_mse": 0.002053122797043495,
      "h10/outcome_partial_state_mse": 0.0015706663427789227,
      "h10/outcome_success_episode_count": 3,
      "h10/outcome_success_final_state_mse": 0.002032542053390952,
      "h10/outcome_success_state_mse": 0.0015744825983359143,
      "h10/state_mse": 0.0031191410737879135,
      "h100/episode_count": 15,
      "h100/final_state_mse": 0.0027203497543833613,
      "h100/outcome_drop_episode_count": 3,
      "h100/outcome_drop_final_state_mse": 0.0024455529607199378,
      "h100/outcome_drop_state_mse": 0.0023037493774314332,
      "h100/outcome_jam_episode_count": 3,
      "h100/outcome_jam_final_state_mse": 0.0031923317636539735,
      "h100/outcome_jam_state_mse": 0.0028123538946014603,
      "h100/outcome_miss_episode_count": 3,
      "h100/outcome_miss_final_state_mse": 0.0034988898467394262,
      "h100/outcome_miss_state_mse": 0.003346245709587546,
      "h100/outcome_partial_episode_count": 3,
      "h100/outcome_partial_final_state_mse": 0.0018757844672483556,
      "h100/outcome_partial_state_mse": 0.0020699533761716358,
      "h100/outcome_success_episode_count": 3,
      "h100/outcome_success_final_state_mse": 0.002589191048363455,
      "h100/outcome_success_state_mse": 0.002353204091389974,
      "h100/state_mse": 0.0025771011651731005,
      "h125/episode_count": 15,
      "h125/final_state_mse": 0.007138359468746808,
      "h125/outcome_drop_episode_count": 3,
      "h125/outcome_drop_final_state_mse": 0.004079602512658811,
      "h125/outcome_drop_state_mse": 0.0025041192746629902,
      "h125/outcome_jam_episode_count": 3,
      "h125/outcome_jam_final_state_mse": 0.004576381515054142,
      "h125/outcome_jam_state_mse": 0.0029785823946684793,
      "h125/outcome_miss_episode_count": 3,
      "h125/outcome_miss_final_state_mse": 0.022725139300223268,
      "h125/outcome_miss_state_mse": 0.004933392892476001,
      "h125/outcome_partial_episode_count": 3,
      "h125/outcome_partial_final_state_mse": 0.0017627942698453765,
      "h125/outcome_partial_state_mse": 0.0020361651002971173,
      "h125/outcome_success_episode_count": 3,
      "h125/outcome_success_final_state_mse": 0.002547881912951376,
      "h125/outcome_success_state_mse": 0.002395158505907246,
      "h125/state_mse": 0.0029694836984272876,
      "h20/episode_count": 15,
      "h20/final_state_mse": 0.007530570186041539,
      "h20/outcome_drop_episode_count": 3,
      "h20/outcome_drop_final_state_mse": 0.007346529684035607,
      "h20/outcome_drop_state_mse": 0.003520199169520459,
      "h20/outcome_jam_episode_count": 3,
      "h20/outcome_jam_final_state_mse": 0.007862358798388562,
      "h20/outcome_jam_state_mse": 0.0036745508511861163,
      "h20/outcome_miss_episode_count": 3,
      "h20/outcome_miss_final_state_mse": 0.007433713456384497,
      "h20/outcome_miss_state_mse": 0.007764319189233718,
      "h20/outcome_partial_episode_count": 3,
      "h20/outcome_partial_final_state_mse": 0.00745946850652009,
      "h20/outcome_partial_state_mse": 0.0034577801336649976,
      "h20/outcome_success_episode_count": 3,
      "h20/outcome_success_final_state_mse": 0.007550782043170306,
      "h20/outcome_success_state_mse": 0.0034651040641310946,
      "h20/state_mse": 0.0043763907438789315,
      "h30/episode_count": 15,
      "h30/final_state_mse": 0.0013150124768026513,
      "h30/outcome_drop_episode_count": 3,
      "h30/outcome_drop_final_state_mse": 0.0012990923878414178,
      "h30/outcome_drop_state_mse": 0.002923976517970266,
      "h30/outcome_jam_episode_count": 3,
      "h30/outcome_jam_final_state_mse": 0.0014791610875940012,
      "h30/outcome_jam_state_mse": 0.0030863014960860373,
      "h30/outcome_miss_episode_count": 3,
      "h30/outcome_miss_final_state_mse": 0.0012980033856591368,
      "h30/outcome_miss_state_mse": 0.0057834724974788095,
      "h30/outcome_partial_episode_count": 3,
      "h30/outcome_partial_final_state_mse": 0.0012307952529464672,
      "h30/outcome_partial_state_mse": 0.0028594144548985435,
      "h30/outcome_success_episode_count": 3,
      "h30/outcome_success_final_state_mse": 0.0012680106595450756,
      "h30/outcome_success_state_mse": 0.002867168019280195,
      "h30/state_mse": 0.0035040668828295206,
      "h40/episode_count": 15,
      "h40/final_state_mse": 0.0018971600563697565,
      "h40/outcome_drop_episode_count": 3,
      "h40/outcome_drop_final_state_mse": 0.0017387539732689951,
      "h40/outcome_drop_state_mse": 0.0025526157391616722,
      "h40/outcome_jam_episode_count": 3,
      "h40/outcome_jam_final_state_mse": 0.0015529743060956594,
      "h40/outcome_jam_state_mse": 0.00270702912916545,
      "h40/outcome_miss_episode_count": 3,
      "h40/outcome_miss_final_state_mse": 0.0032981749064002943,
      "h40/outcome_miss_state_mse": 0.004810389038784052,
      "h40/outcome_partial_episode_count": 3,
      "h40/outcome_partial_final_state_mse": 0.0014447197561560114,
      "h40/outcome_partial_state_mse": 0.0024566472355836357,
      "h40/outcome_success_episode_count": 3,
      "h40/outcome_success_final_state_mse": 0.001451177705152362,
      "h40/outcome_success_state_mse": 0.002470848412295572,
      "h40/state_mse": 0.002999505934372447,
      "h50/episode_count": 15,
      "h50/final_state_mse": 0.001606655744166156,
      "h50/outcome_drop_episode_count": 3,
      "h50/outcome_drop_final_state_mse": 0.0015969746593945946,
      "h50/outcome_drop_state_mse": 0.0024128986807430493,
      "h50/outcome_jam_episode_count": 3,
      "h50/outcome_jam_final_state_mse": 0.0018724532542275447,
      "h50/outcome_jam_state_mse": 0.00258070677713631,
      "h50/outcome_miss_episode_count": 3,
      "h50/outcome_miss_final_state_mse": 0.001576066504116931,
      "h50/outcome_miss_state_mse": 0.004207643995098039,
      "h50/outcome_partial_episode_count": 3,
      "h50/outcome_partial_final_state_mse": 0.0014802712971478506,
      "h50/outcome_partial_state_mse": 0.0022949035806593553,
      "h50/outcome_success_episode_count": 3,
      "h50/outcome_success_final_state_mse": 0.0015075127624608333,
      "h50/outcome_success_state_mse": 0.002313089807049122,
      "h50/state_mse": 0.0027618483998417074,
      "h75/episode_count": 15,
      "h75/final_state_mse": 0.002937112446703942,
      "h75/outcome_drop_episode_count": 3,
      "h75/outcome_drop_final_state_mse": 0.0021987763641316905,
      "h75/outcome_drop_state_mse": 0.0022613014686601093,
      "h75/outcome_jam_episode_count": 3,
      "h75/outcome_jam_final_state_mse": 0.0031207072384217206,
      "h75/outcome_jam_state_mse": 0.0026027216111393016,
      "h75/outcome_miss_episode_count": 3,
      "h75/outcome_miss_final_state_mse": 0.0033535294332145867,
      "h75/outcome_miss_state_mse": 0.003482666846713729,
      "h75/outcome_partial_episode_count": 3,
      "h75/outcome_partial_final_state_mse": 0.002776034858102113,
      "h75/outcome_partial_state_mse": 0.0021782539301188684,
      "h75/outcome_success_episode_count": 3,
      "h75/outcome_success_final_state_mse": 0.003236513998773363,
      "h75/outcome_success_state_mse": 0.0022163176692389197,
      "h75/state_mse": 0.002548252346728622,
      "max_requested_horizon": 125,
      "reencode_period": 20,
      "rollout_mode": "periodic_20"
    },
    "periodic_5": {
      "episode_count": 15,
      "h10/episode_count": 15,
      "h10/final_state_mse": 0.0017906640869340086,
      "h10/outcome_drop_episode_count": 3,
      "h10/outcome_drop_final_state_mse": 0.0011879432386432598,
      "h10/outcome_drop_state_mse": 0.0015287611609190897,
      "h10/outcome_jam_episode_count": 3,
      "h10/outcome_jam_final_state_mse": 0.0015973959580745573,
      "h10/outcome_jam_state_mse": 0.0017719323339025958,
      "h10/outcome_miss_episode_count": 3,
      "h10/outcome_miss_final_state_mse": 0.003916865129486408,
      "h10/outcome_miss_state_mse": 0.008608840259851194,
      "h10/outcome_partial_episode_count": 3,
      "h10/outcome_partial_final_state_mse": 0.0011371540672638837,
      "h10/outcome_partial_state_mse": 0.0014906275895685932,
      "h10/outcome_success_episode_count": 3,
      "h10/outcome_success_final_state_mse": 0.0011139629664374334,
      "h10/outcome_success_state_mse": 0.001488971904991499,
      "h10/state_mse": 0.0029778267355526195,
      "h100/episode_count": 15,
      "h100/final_state_mse": 0.004023011525472005,
      "h100/outcome_drop_episode_count": 3,
      "h100/outcome_drop_final_state_mse": 0.002694317109249776,
      "h100/outcome_drop_state_mse": 0.0022845776252497256,
      "h100/outcome_jam_episode_count": 3,
      "h100/outcome_jam_final_state_mse": 0.005169540935871648,
      "h100/outcome_jam_state_mse": 0.002622859213087294,
      "h100/outcome_miss_episode_count": 3,
      "h100/outcome_miss_final_state_mse": 0.0087684625211884,
      "h100/outcome_miss_state_mse": 0.003292927336848639,
      "h100/outcome_partial_episode_count": 3,
      "h100/outcome_partial_final_state_mse": 0.0017999146206706179,
      "h100/outcome_partial_state_mse": 0.001908800337049696,
      "h100/outcome_success_episode_count": 3,
      "h100/outcome_success_final_state_mse": 0.0016828202246840483,
      "h100/outcome_success_state_mse": 0.00205313370897879,
      "h100/state_mse": 0.0024324596130770016,
      "h125/episode_count": 15,
      "h125/final_state_mse": 0.0058320400761623006,
      "h125/outcome_drop_episode_count": 3,
      "h125/outcome_drop_final_state_mse": 0.005019825122325249,
      "h125/outcome_drop_state_mse": 0.002844527799319598,
      "h125/outcome_jam_episode_count": 3,
      "h125/outcome_jam_final_state_mse": 0.006830529790688184,
      "h125/outcome_jam_state_mse": 0.0031571943495008682,
      "h125/outcome_miss_episode_count": 3,
      "h125/outcome_miss_final_state_mse": 0.010543380663091061,
      "h125/outcome_miss_state_mse": 0.0051801628162658295,
      "h125/outcome_partial_episode_count": 3,
      "h125/outcome_partial_final_state_mse": 0.0014953692169750437,
      "h125/outcome_partial_state_mse": 0.0018652389875424454,
      "h125/outcome_success_episode_count": 3,
      "h125/outcome_success_final_state_mse": 0.005271096439922557,
      "h125/outcome_success_state_mse": 0.002465145883996502,
      "h125/state_mse": 0.0031024538526348037,
      "h20/episode_count": 15,
      "h20/final_state_mse": 0.0016112767013848996,
      "h20/outcome_drop_episode_count": 3,
      "h20/outcome_drop_final_state_mse": 0.0018244221368256736,
      "h20/outcome_drop_state_mse": 0.0015378857749739504,
      "h20/outcome_jam_episode_count": 3,
      "h20/outcome_jam_final_state_mse": 0.0014265344715585896,
      "h20/outcome_jam_state_mse": 0.0017245690807018404,
      "h20/outcome_miss_episode_count": 3,
      "h20/outcome_miss_final_state_mse": 0.0016596575626750397,
      "h20/outcome_miss_state_mse": 0.005536724928936927,
      "h20/outcome_partial_episode_count": 3,
      "h20/outcome_partial_final_state_mse": 0.0015778394744676702,
      "h20/outcome_partial_state_mse": 0.0015014981132706786,
      "h20/outcome_success_episode_count": 3,
      "h20/outcome_success_final_state_mse": 0.0015679302509703668,
      "h20/outcome_success_state_mse": 0.0015116864170124328,
      "h20/state_mse": 0.0023624729331022773,
      "h30/episode_count": 15,
      "h30/final_state_mse": 0.0016213223825093188,
      "h30/outcome_drop_episode_count": 3,
      "h30/outcome_drop_final_state_mse": 0.0016675611434419171,
      "h30/outcome_drop_state_mse": 0.0016774373116836049,
      "h30/outcome_jam_episode_count": 3,
      "h30/outcome_jam_final_state_mse": 0.0017529574582000184,
      "h30/outcome_jam_state_mse": 0.0018294983180260087,
      "h30/outcome_miss_episode_count": 3,
      "h30/outcome_miss_final_state_mse": 0.0015133798511978848,
      "h30/outcome_miss_state_mse": 0.00427672650040105,
      "h30/outcome_partial_episode_count": 3,
      "h30/outcome_partial_final_state_mse": 0.0015702888223470427,
      "h30/outcome_partial_state_mse": 0.00163879160787545,
      "h30/outcome_success_episode_count": 3,
      "h30/outcome_success_final_state_mse": 0.0016024253191122043,
      "h30/outcome_success_state_mse": 0.0016476726739754605,
      "h30/state_mse": 0.002214025360306883,
      "h40/episode_count": 15,
      "h40/final_state_mse": 0.0018053673451242883,
      "h40/outcome_drop_episode_count": 3,
      "h40/outcome_drop_final_state_mse": 0.0019394923366752325,
      "h40/outcome_drop_state_mse": 0.001758611825556537,
      "h40/outcome_jam_episode_count": 3,
      "h40/outcome_jam_final_state_mse": 0.0018683298691815021,
      "h40/outcome_jam_state_mse": 0.001923754752851,
      "h40/outcome_miss_episode_count": 3,
      "h40/outcome_miss_final_state_mse": 0.0018665155067163356,
      "h40/outcome_miss_state_mse": 0.0036964234962962032,
      "h40/outcome_partial_episode_count": 3,
      "h40/outcome_partial_final_state_mse": 0.0016463603702635548,
      "h40/outcome_partial_state_mse": 0.0016931753142986421,
      "h40/outcome_success_episode_count": 3,
      "h40/outcome_success_final_state_mse": 0.0017061381801670673,
      "h40/outcome_success_state_mse": 0.0017046649471607084,
      "h40/state_mse": 0.0021553261451471863,
      "h50/episode_count": 15,
      "h50/final_state_mse": 0.0019882275388131733,
      "h50/outcome_drop_episode_count": 3,
      "h50/outcome_drop_final_state_mse": 0.00174983512926725,
      "h50/outcome_drop_state_mse": 0.0018224192600624235,
      "h50/outcome_jam_episode_count": 3,
      "h50/outcome_jam_final_state_mse": 0.0022859921544985053,
      "h50/outcome_jam_state_mse": 0.002047254431481455,
      "h50/outcome_miss_episode_count": 3,
      "h50/outcome_miss_final_state_mse": 0.002029893712864982,
      "h50/outcome_miss_state_mse": 0.0033967329162398197,
      "h50/outcome_partial_episode_count": 3,
      "h50/outcome_partial_final_state_mse": 0.001911722561892341,
      "h50/outcome_partial_state_mse": 0.001771308830360961,
      "h50/outcome_success_episode_count": 3,
      "h50/outcome_success_final_state_mse": 0.0019636939407563676,
      "h50/outcome_success_state_mse": 0.0017866264605054668,
      "h50/state_mse": 0.002164868323631536,
      "h75/episode_count": 15,
      "h75/final_state_mse": 0.003055682525136112,
      "h75/outcome_drop_episode_count": 3,
      "h75/outcome_drop_final_state_mse": 0.0025575868541898293,
      "h75/outcome_drop_state_mse": 0.001983757060597405,
      "h75/outcome_jam_episode_count": 3,
      "h75/outcome_jam_final_state_mse": 0.003272050833390429,
      "h75/outcome_jam_state_mse": 0.0022859892086785345,
      "h75/outcome_miss_episode_count": 3,
      "h75/outcome_miss_final_state_mse": 0.0029639145176784663,
      "h75/outcome_miss_state_mse": 0.0030416520228832636,
      "h75/outcome_partial_episode_count": 3,
      "h75/outcome_partial_final_state_mse": 0.0029233371705011603,
      "h75/outcome_partial_state_mse": 0.0019111405166925169,
      "h75/outcome_success_episode_count": 3,
      "h75/outcome_success_final_state_mse": 0.003561522543819901,
      "h75/outcome_success_state_mse": 0.001955838587808713,
      "h75/state_mse": 0.0022356752216945806,
      "max_requested_horizon": 125,
      "reencode_period": 5,
      "rollout_mode": "periodic_5"
    },
    "periodic_50": {
      "episode_count": 15,
      "h10/episode_count": 15,
      "h10/final_state_mse": 0.002757884941849054,
      "h10/outcome_drop_episode_count": 3,
      "h10/outcome_drop_final_state_mse": 0.0020424732147089016,
      "h10/outcome_drop_state_mse": 0.0016013227257074094,
      "h10/outcome_jam_episode_count": 3,
      "h10/outcome_jam_final_state_mse": 0.002408469814101076,
      "h10/outcome_jam_state_mse": 0.0018081369742848515,
      "h10/outcome_miss_episode_count": 3,
      "h10/outcome_miss_final_state_mse": 0.005252817633494832,
      "h10/outcome_miss_state_mse": 0.009041096338259629,
      "h10/outcome_partial_episode_count": 3,
      "h10/outcome_partial_final_state_mse": 0.002053122797043495,
      "h10/outcome_partial_state_mse": 0.0015706663427789227,
      "h10/outcome_success_episode_count": 3,
      "h10/outcome_success_final_state_mse": 0.002032542053390952,
      "h10/outcome_success_state_mse": 0.0015744825983359143,
      "h10/state_mse": 0.0031191410737879135,
      "h100/episode_count": 15,
      "h100/final_state_mse": 0.39754056244893793,
      "h100/outcome_drop_episode_count": 3,
      "h100/outcome_drop_final_state_mse": 0.22182088116415186,
      "h100/outcome_drop_state_mse": 0.030424255171632456,
      "h100/outcome_jam_episode_count": 3,
      "h100/outcome_jam_final_state_mse": 0.3260142133126851,
      "h100/outcome_jam_state_mse": 0.03979350071327359,
      "h100/outcome_miss_episode_count": 3,
      "h100/outcome_miss_final_state_mse": 0.7804599836760876,
      "h100/outcome_miss_state_mse": 0.0924134996202257,
      "h100/outcome_partial_episode_count": 3,
      "h100/outcome_partial_final_state_mse": 0.31916005003686043,
      "h100/outcome_partial_state_mse": 0.03754305372051164,
      "h100/outcome_success_episode_count": 3,
      "h100/outcome_success_final_state_mse": 0.34024783053429297,
      "h100/outcome_success_state_mse": 0.03977718378204146,
      "h100/state_mse": 0.04799029820261438,
      "h125/episode_count": 15,
      "h125/final_state_mse": 0.13380236656837213,
      "h125/outcome_drop_episode_count": 3,
      "h125/outcome_drop_final_state_mse": 0.05225397480858697,
      "h125/outcome_drop_state_mse": 0.03384204141454759,
      "h125/outcome_jam_episode_count": 3,
      "h125/outcome_jam_final_state_mse": 0.09481924733305289,
      "h125/outcome_jam_state_mse": 0.046638441297743055,
      "h125/outcome_miss_episode_count": 3,
      "h125/outcome_miss_final_state_mse": 0.348321763518589,
      "h125/outcome_miss_state_mse": 0.12431801949295343,
      "h125/outcome_partial_episode_count": 3,
      "h125/outcome_partial_final_state_mse": 0.09324831822339226,
      "h125/outcome_partial_state_mse": 0.044392114576950574,
      "h125/outcome_success_episode_count": 3,
      "h125/outcome_success_final_state_mse": 0.08036858271929173,
      "h125/outcome_success_state_mse": 0.0463446675219567,
      "h125/state_mse": 0.059107046568627454,
      "h20/episode_count": 15,
      "h20/final_state_mse": 0.007530570186041539,
      "h20/outcome_drop_episode_count": 3,
      "h20/outcome_drop_final_state_mse": 0.007346529684035607,
      "h20/outcome_drop_state_mse": 0.003520199169520459,
      "h20/outcome_jam_episode_count": 3,
      "h20/outcome_jam_final_state_mse": 0.007862358798388562,
      "h20/outcome_jam_state_mse": 0.0036745508511861163,
      "h20/outcome_miss_episode_count": 3,
      "h20/outcome_miss_final_state_mse": 0.007433713456384497,
      "h20/outcome_miss_state_mse": 0.007764319189233718,
      "h20/outcome_partial_episode_count": 3,
      "h20/outcome_partial_final_state_mse": 0.00745946850652009,
      "h20/outcome_partial_state_mse": 0.0034577801336649976,
      "h20/outcome_success_episode_count": 3,
      "h20/outcome_success_final_state_mse": 0.007550782043170306,
      "h20/outcome_success_state_mse": 0.0034651040641310946,
      "h20/state_mse": 0.0043763907438789315,
      "h30/episode_count": 15,
      "h30/final_state_mse": 0.008801701489616842,
      "h30/outcome_drop_episode_count": 3,
      "h30/outcome_drop_final_state_mse": 0.0073388944459117315,
      "h30/outcome_drop_state_mse": 0.004727766820288431,
      "h30/outcome_jam_episode_count": 3,
      "h30/outcome_jam_final_state_mse": 0.007659378784154755,
      "h30/outcome_jam_state_mse": 0.004985066436734334,
      "h30/outcome_miss_episode_count": 3,
      "h30/outcome_miss_final_state_mse": 0.01418960484024746,
      "h30/outcome_miss_state_mse": 0.008546661239823485,
      "h30/outcome_partial_episode_count": 3,
      "h30/outcome_partial_final_state_mse": 0.007391295499271817,
      "h30/outcome_partial_state_mse": 0.004690982209831022,
      "h30/outcome_success_episode_count": 3,
      "h30/outcome_success_final_state_mse": 0.007429331735847822,
      "h30/outcome_success_state_mse": 0.004694580252653633,
      "h30/state_mse": 0.005529011246425654,
      "h40/episode_count": 15,
      "h40/final_state_mse": 0.027431201311497906,
      "h40/outcome_drop_episode_count": 3,
      "h40/outcome_drop_final_state_mse": 0.021181468480552725,
      "h40/outcome_drop_state_mse": 0.0071913630354638195,
      "h40/outcome_jam_episode_count": 3,
      "h40/outcome_jam_final_state_mse": 0.021758955288556665,
      "h40/outcome_jam_state_mse": 0.00727314084183936,
      "h40/outcome_miss_episode_count": 3,
      "h40/outcome_miss_final_state_mse": 0.050361328265246225,
      "h40/outcome_miss_state_mse": 0.014196480956732057,
      "h40/outcome_partial_episode_count": 3,
      "h40/outcome_partial_final_state_mse": 0.021858731516046462,
      "h40/outcome_partial_state_mse": 0.006857190880120969,
      "h40/outcome_success_episode_count": 3,
      "h40/outcome_success_final_state_mse": 0.021995526513243033,
      "h40/outcome_success_state_mse": 0.006895334736194486,
      "h40/state_mse": 0.008482701918658088,
      "h50/episode_count": 15,
      "h50/final_state_mse": 0.08715796377144608,
      "h50/outcome_drop_episode_count": 3,
      "h50/outcome_drop_final_state_mse": 0.06933270248712278,
      "h50/outcome_drop_state_mse": 0.014043134302874795,
      "h50/outcome_jam_episode_count": 3,
      "h50/outcome_jam_final_state_mse": 0.08237157771789949,
      "h50/outcome_jam_state_mse": 0.0161334562613294,
      "h50/outcome_miss_episode_count": 3,
      "h50/outcome_miss_final_state_mse": 0.12662202548357396,
      "h50/outcome_miss_state_mse": 0.028750557494319342,
      "h50/outcome_partial_episode_count": 3,
      "h50/outcome_partial_final_state_mse": 0.07800641091041316,
      "h50/outcome_partial_state_mse": 0.015157411363389757,
      "h50/outcome_success_episode_count": 3,
      "h50/outcome_success_final_state_mse": 0.07945712407430013,
      "h50/outcome_success_state_mse": 0.015326406192156224,
      "h50/state_mse": 0.017882193372140524,
      "h75/episode_count": 15,
      "h75/final_state_mse": 0.02217323702145246,
      "h75/outcome_drop_episode_count": 3,
      "h75/outcome_drop_final_state_mse": 0.013278648354648764,
      "h75/outcome_drop_state_mse": 0.012361016366996018,
      "h75/outcome_jam_episode_count": 3,
      "h75/outcome_jam_final_state_mse": 0.016236374970355065,
      "h75/outcome_jam_state_mse": 0.015368032019122754,
      "h75/outcome_miss_episode_count": 3,
      "h75/outcome_miss_final_state_mse": 0.04843362600974787,
      "h75/outcome_miss_state_mse": 0.028293441406781895,
      "h75/outcome_partial_episode_count": 3,
      "h75/outcome_partial_final_state_mse": 0.015683229452644297,
      "h75/outcome_partial_state_mse": 0.01428745311329827,
      "h75/outcome_success_episode_count": 3,
      "h75/outcome_success_final_state_mse": 0.017234303787642836,
      "h75/outcome_success_state_mse": 0.01446126002891391,
      "h75/state_mse": 0.016954239855664487,
      "max_requested_horizon": 125,
      "reencode_period": 50,
      "rollout_mode": "periodic_50"
    }
  },
  "split": "test",
  "support_alignment": {
    "contact_phase": {
      "contact_phase_family_ari": 0.0002801674875112323,
      "contact_phase_family_nmi": 0.01477874249971343,
      "contact_phase_family_purity": 0.9996668887408394,
      "contact_phase_sample_count": 3002.0,
      "h_contact_phase_given_family": 0.0018818065475806774,
      "h_family_given_contact_phase": 1.9079445430156283,
      "unique_contact_phase_count": 2.0,
      "unique_family_count": 12.0
    },
    "contact_phase_alignment_available": true,
    "evaluated_state_count": 3017,
    "family_count": 14,
    "mean_family_similarity": 0.46831873059272766,
    "mean_support_size": 197.60092807424593,
    "outcome_alignment_available": true,
    "outcome_state": {
      "h_family_given_outcome": 0.8213534164441314,
      "h_outcome_given_family": 1.1673118348132014,
      "outcome_family_ari": -0.07692307692307693,
      "outcome_family_nmi": 0.3100451332788128,
      "outcome_family_purity": 0.4666666666666667,
      "outcome_sample_count": 15.0,
      "unique_family_count": 5.0,
      "unique_outcome_count": 5.0
    },
    "status": "ok",
    "unassigned_state_fraction": 0.0,
    "validation_state_count": 2346
  },
  "support_threshold": 0.2
}
{
  "best_periodic_rollout": {
    "episode_count": 15,
    "h10/episode_count": 15,
    "h10/final_state_mse": 0.0017906640869340086,
    "h10/outcome_drop_episode_count": 3,
    "h10/outcome_drop_final_state_mse": 0.0011879432386432598,
    "h10/outcome_drop_state_mse": 0.0015287611609190897,
    "h10/outcome_jam_episode_count": 3,
    "h10/outcome_jam_final_state_mse": 0.0015973959580745573,
    "h10/outcome_jam_state_mse": 0.0017719323339025958,
    "h10/outcome_miss_episode_count": 3,
    "h10/outcome_miss_final_state_mse": 0.003916865129486408,
    "h10/outcome_miss_state_mse": 0.008608840259851194,
    "h10/outcome_partial_episode_count": 3,
    "h10/outcome_partial_final_state_mse": 0.0011371540672638837,
    "h10/outcome_partial_state_mse": 0.0014906275895685932,
    "h10/outcome_success_episode_count": 3,
    "h10/outcome_success_final_state_mse": 0.0011139629664374334,
    "h10/outcome_success_state_mse": 0.001488971904991499,
    "h10/selected_mode": "periodic_5",
    "h10/selected_period": 5,
    "h10/state_mse": 0.0029778267355526195,
    "h100/episode_count": 15,
    "h100/final_state_mse": 0.0025371936411639445,
    "h100/outcome_drop_episode_count": 3,
    "h100/outcome_drop_final_state_mse": 0.002790860490861282,
    "h100/outcome_drop_state_mse": 0.0019457662495133143,
    "h100/outcome_jam_episode_count": 3,
    "h100/outcome_jam_final_state_mse": 0.0025677587228273256,
    "h100/outcome_jam_state_mse": 0.0021876629349453,
    "h100/outcome_miss_episode_count": 3,
    "h100/outcome_miss_final_state_mse": 0.003861146912076115,
    "h100/outcome_miss_state_mse": 0.0029730828603108726,
    "h100/outcome_partial_episode_count": 3,
    "h100/outcome_partial_final_state_mse": 0.001927399508703768,
    "h100/outcome_partial_state_mse": 0.0017232062458212858,
    "h100/outcome_success_episode_count": 3,
    "h100/outcome_success_final_state_mse": 0.0015388024496097192,
    "h100/outcome_success_state_mse": 0.0017945820365855897,
    "h100/selected_mode": "periodic_10",
    "h100/selected_period": 10,
    "h100/state_mse": 0.0021248601776322506,
    "h125/episode_count": 15,
    "h125/final_state_mse": 0.005058873556797801,
    "h125/outcome_drop_episode_count": 3,
    "h125/outcome_drop_final_state_mse": 0.0049841699549575255,
    "h125/outcome_drop_state_mse": 0.002534706863702512,
    "h125/outcome_jam_episode_count": 3,
    "h125/outcome_jam_final_state_mse": 0.004026946289087433,
    "h125/outcome_jam_state_mse": 0.002527947718801062,
    "h125/outcome_miss_episode_count": 3,
    "h125/outcome_miss_final_state_mse": 0.01184297913040211,
    "h125/outcome_miss_state_mse": 0.004475975335813036,
    "h125/outcome_partial_episode_count": 3,
    "h125/outcome_partial_final_state_mse": 0.0016345232116435867,
    "h125/outcome_partial_state_mse": 0.0017467185874390446,
    "h125/outcome_success_episode_count": 3,
    "h125/outcome_success_final_state_mse": 0.0028057479196124608,
    "h125/outcome_success_state_mse": 0.0019157369027729906,
    "h125/selected_mode": "periodic_10",
    "h125/selected_period": 10,
    "h125/state_mse": 0.002640217141544118,
    "h20/episode_count": 15,
    "h20/final_state_mse": 0.0012929460581611184,
    "h20/outcome_drop_episode_count": 3,
    "h20/outcome_drop_final_state_mse": 0.0012753518066959443,
    "h20/outcome_drop_state_mse": 0.00145802978986229,
    "h20/outcome_jam_episode_count": 3,
    "h20/outcome_jam_final_state_mse": 0.0013291654877023759,
    "h20/outcome_jam_state_mse": 0.0016637211921168309,
    "h20/outcome_miss_episode_count": 3,
    "h20/outcome_miss_final_state_mse": 0.0015334717296307382,
    "h20/outcome_miss_state_mse": 0.005766456734900381,
    "h20/outcome_partial_episode_count": 3,
    "h20/outcome_partial_final_state_mse": 0.0011424191929156485,
    "h20/outcome_partial_state_mse": 0.001422145280962676,
    "h20/outcome_success_episode_count": 3,
    "h20/outcome_success_final_state_mse": 0.0011843221103833392,
    "h20/outcome_success_state_mse": 0.0014320210498922012,
    "h20/selected_mode": "periodic_10",
    "h20/selected_period": 10,
    "h20/state_mse": 0.002348474739423764,
    "h30/episode_count": 15,
    "h30/final_state_mse": 0.0013642666386623008,
    "h30/outcome_drop_episode_count": 3,
    "h30/outcome_drop_final_state_mse": 0.0013747917963009254,
    "h30/outcome_drop_state_mse": 0.0014947553865270677,
    "h30/outcome_jam_episode_count": 3,
    "h30/outcome_jam_final_state_mse": 0.0015155786246645684,
    "h30/outcome_jam_state_mse": 0.0016859061058310382,
    "h30/outcome_miss_episode_count": 3,
    "h30/outcome_miss_final_state_mse": 0.001226915399623073,
    "h30/outcome_miss_state_mse": 0.004350107687490958,
    "h30/outcome_partial_episode_count": 3,
    "h30/outcome_partial_final_state_mse": 0.0013302786677491431,
    "h30/outcome_partial_state_mse": 0.0014575261955427448,
    "h30/outcome_success_episode_count": 3,
    "h30/outcome_success_final_state_mse": 0.0013737686075805838,
    "h30/outcome_success_state_mse": 0.001468408627188024,
    "h30/selected_mode": "periodic_10",
    "h30/selected_period": 10,
    "h30/state_mse": 0.0020913407070184847,
    "h40/episode_count": 15,
    "h40/final_state_mse": 0.0015226594762864456,
    "h40/outcome_drop_episode_count": 3,
    "h40/outcome_drop_final_state_mse": 0.00164132981615908,
    "h40/outcome_drop_state_mse": 0.0015457702812805675,
    "h40/outcome_jam_episode_count": 3,
    "h40/outcome_jam_final_state_mse": 0.0015918652898345897,
    "h40/outcome_jam_state_mse": 0.0017441107167137993,
    "h40/outcome_miss_episode_count": 3,
    "h40/outcome_miss_final_state_mse": 0.0016052815941424152,
    "h40/outcome_miss_state_mse": 0.00367993217667723,
    "h40/outcome_partial_episode_count": 3,
    "h40/outcome_partial_final_state_mse": 0.0013702671512279634,
    "h40/outcome_partial_state_mse": 0.0014849942494062037,
    "h40/outcome_success_episode_count": 3,
    "h40/outcome_success_final_state_mse": 0.0014045537492029028,
    "h40/outcome_success_state_mse": 0.0014955310650121153,
    "h40/selected_mode": "periodic_10",
    "h40/selected_period": 10,
    "h40/state_mse": 0.001990067725088082,
    "h50/episode_count": 15,
    "h50/final_state_mse": 0.0016897360483805338,
    "h50/outcome_drop_episode_count": 3,
    "h50/outcome_drop_final_state_mse": 0.0015811385233807408,
    "h50/outcome_drop_state_mse": 0.0016005743251127356,
    "h50/outcome_jam_episode_count": 3,
    "h50/outcome_jam_final_state_mse": 0.0019096203050971811,
    "h50/outcome_jam_state_mse": 0.0018345255321926541,
    "h50/outcome_miss_episode_count": 3,
    "h50/outcome_miss_final_state_mse": 0.001651083259216321,
    "h50/outcome_miss_state_mse": 0.003312325508765925,
    "h50/outcome_partial_episode_count": 3,
    "h50/outcome_partial_final_state_mse": 0.0016303967708855673,
    "h50/outcome_partial_state_mse": 0.0015450343587040123,
    "h50/outcome_success_episode_count": 3,
    "h50/outcome_success_final_state_mse": 0.0016764414320194643,
    "h50/outcome_success_state_mse": 0.0015616969501270968,
    "h50/selected_mode": "periodic_10",
    "h50/selected_period": 10,
    "h50/state_mse": 0.001970831378612643,
    "h75/episode_count": 15,
    "h75/final_state_mse": 0.0028093749401616117,
    "h75/outcome_drop_episode_count": 3,
    "h75/outcome_drop_final_state_mse": 0.002078343986296186,
    "h75/outcome_drop_state_mse": 0.0016864495080021213,
    "h75/outcome_jam_episode_count": 3,
    "h75/outcome_jam_final_state_mse": 0.002913820100765602,
    "h75/outcome_jam_state_mse": 0.0020552239179091776,
    "h75/outcome_miss_episode_count": 3,
    "h75/outcome_miss_final_state_mse": 0.003367859407577639,
    "h75/outcome_miss_state_mse": 0.0029229272580614278,
    "h75/outcome_partial_episode_count": 3,
    "h75/outcome_partial_final_state_mse": 0.0026678247681630202,
    "h75/outcome_partial_state_mse": 0.0016975455813937716,
    "h75/outcome_success_episode_count": 3,
    "h75/outcome_success_final_state_mse": 0.0030190252205904793,
    "h75/outcome_success_state_mse": 0.001728939937350537,
    "h75/selected_mode": "periodic_10",
    "h75/selected_period": 10,
    "h75/state_mse": 0.002018217198988971,
    "max_requested_horizon": 125,
    "periodic_reencode_periods": [
      1,
      2,
      5,
      10,
      20,
      50,
      100
    ],
    "rollout_mode": "best_periodic"
  },
  "checkpoint": "runs/maniskill_insertion/perturbation_e20_5k_lista_optimizer_refine_20260604_155050/lista_relu_a0p01_sp1em4_loops2_lr7em4_wd1em4_k0/seed0/checkpoint.pt",
  "checkpoint_step": 2500,
  "dataset": "data/maniskill/perturbation_assessment_seed0_e20/all_setups.npz",
  "device": "cuda",
  "family_jaccard": 0.4,
  "horizons": [
    10,
    20,
    30,
    40,
    50,
    75,
    100,
    125
  ],
  "labels_used_for_training": false,
  "periodic_reencode_periods": [
    1,
    2,
    5,
    10,
    20,
    50,
    100
  ],
  "rollout": {
    "episode_count": 15,
    "h10/episode_count": 15,
    "h10/final_state_mse": 0.0027578852535073274,
    "h10/outcome_drop_episode_count": 3,
    "h10/outcome_drop_final_state_mse": 0.002042474018202888,
    "h10/outcome_drop_state_mse": 0.0016013227257074094,
    "h10/outcome_jam_episode_count": 3,
    "h10/outcome_jam_final_state_mse": 0.0024084700575841018,
    "h10/outcome_jam_state_mse": 0.0018081370132421357,
    "h10/outcome_miss_episode_count": 3,
    "h10/outcome_miss_final_state_mse": 0.005252817292618596,
    "h10/outcome_miss_state_mse": 0.009041096182430491,
    "h10/outcome_partial_episode_count": 3,
    "h10/outcome_partial_final_state_mse": 0.0020531227483468898,
    "h10/outcome_partial_state_mse": 0.001570666654437196,
    "h10/outcome_success_episode_count": 3,
    "h10/outcome_success_final_state_mse": 0.002032541371638479,
    "h10/outcome_success_state_mse": 0.0015744824035494936,
    "h10/state_mse": 0.0031191410737879135,
    "h100/episode_count": 15,
    "h100/final_state_mse": 283.29665032679736,
    "h100/outcome_drop_episode_count": 3,
    "h100/outcome_drop_final_state_mse": 198.15636169832516,
    "h100/outcome_drop_state_mse": 13.066700367647059,
    "h100/outcome_jam_episode_count": 3,
    "h100/outcome_jam_final_state_mse": 203.2894678053513,
    "h100/outcome_jam_state_mse": 13.433613664215686,
    "h100/outcome_miss_episode_count": 3,
    "h100/outcome_miss_final_state_mse": 618.4910705167483,
    "h100/outcome_miss_state_mse": 38.53099022160948,
    "h100/outcome_partial_episode_count": 3,
    "h100/outcome_partial_final_state_mse": 198.33975439133988,
    "h100/outcome_partial_state_mse": 13.023591962826798,
    "h100/outcome_success_episode_count": 3,
    "h100/outcome_success_final_state_mse": 198.20656849979576,
    "h100/outcome_success_state_mse": 13.06072891135621,
    "h100/state_mse": 18.223124183006536,
    "h125/episode_count": 15,
    "h125/final_state_mse": 13625.118954248366,
    "h125/outcome_drop_episode_count": 3,
    "h125/outcome_drop_final_state_mse": 10601.059563929739,
    "h125/outcome_drop_state_mse": 539.958545751634,
    "h125/outcome_jam_episode_count": 3,
    "h125/outcome_jam_final_state_mse": 10426.188674428104,
    "h125/outcome_jam_state_mse": 538.347794117647,
    "h125/outcome_miss_episode_count": 3,
    "h125/outcome_miss_final_state_mse": 26858.239379084967,
    "h125/outcome_miss_state_mse": 1508.2163529411764,
    "h125/outcome_partial_episode_count": 3,
    "h125/outcome_partial_final_state_mse": 10044.1006689134,
    "h125/outcome_partial_state_mse": 519.4836111111111,
    "h125/outcome_success_episode_count": 3,
    "h125/outcome_success_final_state_mse": 10196.00119995915,
    "h125/outcome_success_state_mse": 525.5511503267974,
    "h125/state_mse": 726.31157124183,
    "h20/episode_count": 15,
    "h20/final_state_mse": 0.007530571432674632,
    "h20/outcome_drop_episode_count": 3,
    "h20/outcome_drop_final_state_mse": 0.007346529635339001,
    "h20/outcome_drop_state_mse": 0.0035201990916058907,
    "h20/outcome_jam_episode_count": 3,
    "h20/outcome_jam_final_state_mse": 0.00786236055146635,
    "h20/outcome_jam_state_mse": 0.0036745510849298217,
    "h20/outcome_miss_episode_count": 3,
    "h20/outcome_miss_final_state_mse": 0.0074337118006999195,
    "h20/outcome_miss_state_mse": 0.007764318877575444,
    "h20/outcome_partial_episode_count": 3,
    "h20/outcome_partial_final_state_mse": 0.007459470697867325,
    "h20/outcome_partial_state_mse": 0.0034577803674087026,
    "h20/outcome_success_episode_count": 3,
    "h20/outcome_success_final_state_mse": 0.00755078535453946,
    "h20/outcome_success_state_mse": 0.0034651036356009688,
    "h20/state_mse": 0.0043763907438789315,
    "h30/episode_count": 15,
    "h30/final_state_mse": 0.008801700866300296,
    "h30/outcome_drop_episode_count": 3,
    "h30/outcome_drop_final_state_mse": 0.007338894543304942,
    "h30/outcome_drop_state_mse": 0.0047277671838897506,
    "h30/outcome_jam_episode_count": 3,
    "h30/outcome_jam_final_state_mse": 0.0076593806346257525,
    "h30/outcome_jam_state_mse": 0.004985066384791289,
    "h30/outcome_miss_episode_count": 3,
    "h30/outcome_miss_final_state_mse": 0.01418960484024746,
    "h30/outcome_miss_state_mse": 0.008546661135937394,
    "h30/outcome_partial_episode_count": 3,
    "h30/outcome_partial_final_state_mse": 0.007391297934102077,
    "h30/outcome_partial_state_mse": 0.004690982521489295,
    "h30/outcome_success_episode_count": 3,
    "h30/outcome_success_final_state_mse": 0.007429331346274981,
    "h30/outcome_success_state_mse": 0.004694579889052314,
    "h30/state_mse": 0.005529011246425654,
    "h40/episode_count": 15,
    "h40/final_state_mse": 0.02743120629803028,
    "h40/outcome_drop_episode_count": 3,
    "h40/outcome_drop_final_state_mse": 0.021181463805678622,
    "h40/outcome_drop_state_mse": 0.007191363580865797,
    "h40/outcome_jam_episode_count": 3,
    "h40/outcome_jam_final_state_mse": 0.021758964638304866,
    "h40/outcome_jam_state_mse": 0.007273141854728748,
    "h40/outcome_miss_episode_count": 3,
    "h40/outcome_miss_final_state_mse": 0.0503613364462759,
    "h40/outcome_miss_state_mse": 0.014196479865928101,
    "h40/outcome_partial_episode_count": 3,
    "h40/outcome_partial_final_state_mse": 0.02185874476152308,
    "h40/outcome_partial_state_mse": 0.006857191269693811,
    "h40/outcome_success_episode_count": 3,
    "h40/outcome_success_final_state_mse": 0.021995517163494835,
    "h40/outcome_success_state_mse": 0.006895334736194486,
    "h40/state_mse": 0.008482702915964563,
    "h50/episode_count": 15,
    "h50/final_state_mse": 0.08715796377144608,
    "h50/outcome_drop_episode_count": 3,
    "h50/outcome_drop_final_state_mse": 0.06933270716199688,
    "h50/outcome_drop_state_mse": 0.014043133804221558,
    "h50/outcome_jam_episode_count": 3,
    "h50/outcome_jam_final_state_mse": 0.08237158239277359,
    "h50/outcome_jam_state_mse": 0.016133457757289114,
    "h50/outcome_miss_episode_count": 3,
    "h50/outcome_miss_final_state_mse": 0.12662199743432936,
    "h50/outcome_miss_state_mse": 0.02875055599835963,
    "h50/outcome_partial_episode_count": 3,
    "h50/outcome_partial_final_state_mse": 0.07800640000237359,
    "h50/outcome_partial_state_mse": 0.015157413108676087,
    "h50/outcome_success_episode_count": 3,
    "h50/outcome_success_final_state_mse": 0.0794571303074656,
    "h50/outcome_success_state_mse": 0.015326406690809462,
    "h50/state_mse": 0.017882193372140524,
    "h75/episode_count": 15,
    "h75/final_state_mse": 2.396306934232026,
    "h75/outcome_drop_episode_count": 3,
    "h75/outcome_drop_final_state_mse": 1.7908564299539802,
    "h75/outcome_drop_state_mse": 0.14865600851885893,
    "h75/outcome_jam_episode_count": 3,
    "h75/outcome_jam_final_state_mse": 1.9928730734033522,
    "h75/outcome_jam_state_mse": 0.16894439763752722,
    "h75/outcome_miss_episode_count": 3,
    "h75/outcome_miss_final_state_mse": 4.2724019094230306,
    "h75/outcome_miss_state_mse": 0.31652465554364106,
    "h75/outcome_partial_episode_count": 3,
    "h75/outcome_partial_final_state_mse": 1.940147000979754,
    "h75/outcome_partial_state_mse": 0.16311801353570943,
    "h75/outcome_success_episode_count": 3,
    "h75/outcome_success_final_state_mse": 1.985255721347784,
    "h75/outcome_success_state_mse": 0.1664831223830678,
    "h75/state_mse": 0.1927452512254902,
    "max_requested_horizon": 125,
    "reencode_period": null,
    "rollout_mode": "no_reencode"
  },
  "rollout_modes": {
    "no_reencode": {
      "episode_count": 15,
      "h10/episode_count": 15,
      "h10/final_state_mse": 0.0027578852535073274,
      "h10/outcome_drop_episode_count": 3,
      "h10/outcome_drop_final_state_mse": 0.002042474018202888,
      "h10/outcome_drop_state_mse": 0.0016013227257074094,
      "h10/outcome_jam_episode_count": 3,
      "h10/outcome_jam_final_state_mse": 0.0024084700575841018,
      "h10/outcome_jam_state_mse": 0.0018081370132421357,
      "h10/outcome_miss_episode_count": 3,
      "h10/outcome_miss_final_state_mse": 0.005252817292618596,
      "h10/outcome_miss_state_mse": 0.009041096182430491,
      "h10/outcome_partial_episode_count": 3,
      "h10/outcome_partial_final_state_mse": 0.0020531227483468898,
      "h10/outcome_partial_state_mse": 0.001570666654437196,
      "h10/outcome_success_episode_count": 3,
      "h10/outcome_success_final_state_mse": 0.002032541371638479,
      "h10/outcome_success_state_mse": 0.0015744824035494936,
      "h10/state_mse": 0.0031191410737879135,
      "h100/episode_count": 15,
      "h100/final_state_mse": 283.29665032679736,
      "h100/outcome_drop_episode_count": 3,
      "h100/outcome_drop_final_state_mse": 198.15636169832516,
      "h100/outcome_drop_state_mse": 13.066700367647059,
      "h100/outcome_jam_episode_count": 3,
      "h100/outcome_jam_final_state_mse": 203.2894678053513,
      "h100/outcome_jam_state_mse": 13.433613664215686,
      "h100/outcome_miss_episode_count": 3,
      "h100/outcome_miss_final_state_mse": 618.4910705167483,
      "h100/outcome_miss_state_mse": 38.53099022160948,
      "h100/outcome_partial_episode_count": 3,
      "h100/outcome_partial_final_state_mse": 198.33975439133988,
      "h100/outcome_partial_state_mse": 13.023591962826798,
      "h100/outcome_success_episode_count": 3,
      "h100/outcome_success_final_state_mse": 198.20656849979576,
      "h100/outcome_success_state_mse": 13.06072891135621,
      "h100/state_mse": 18.223124183006536,
      "h125/episode_count": 15,
      "h125/final_state_mse": 13625.118954248366,
      "h125/outcome_drop_episode_count": 3,
      "h125/outcome_drop_final_state_mse": 10601.059563929739,
      "h125/outcome_drop_state_mse": 539.958545751634,
      "h125/outcome_jam_episode_count": 3,
      "h125/outcome_jam_final_state_mse": 10426.188674428104,
      "h125/outcome_jam_state_mse": 538.347794117647,
      "h125/outcome_miss_episode_count": 3,
      "h125/outcome_miss_final_state_mse": 26858.239379084967,
      "h125/outcome_miss_state_mse": 1508.2163529411764,
      "h125/outcome_partial_episode_count": 3,
      "h125/outcome_partial_final_state_mse": 10044.1006689134,
      "h125/outcome_partial_state_mse": 519.4836111111111,
      "h125/outcome_success_episode_count": 3,
      "h125/outcome_success_final_state_mse": 10196.00119995915,
      "h125/outcome_success_state_mse": 525.5511503267974,
      "h125/state_mse": 726.31157124183,
      "h20/episode_count": 15,
      "h20/final_state_mse": 0.007530571432674632,
      "h20/outcome_drop_episode_count": 3,
      "h20/outcome_drop_final_state_mse": 0.007346529635339001,
      "h20/outcome_drop_state_mse": 0.0035201990916058907,
      "h20/outcome_jam_episode_count": 3,
      "h20/outcome_jam_final_state_mse": 0.00786236055146635,
      "h20/outcome_jam_state_mse": 0.0036745510849298217,
      "h20/outcome_miss_episode_count": 3,
      "h20/outcome_miss_final_state_mse": 0.0074337118006999195,
      "h20/outcome_miss_state_mse": 0.007764318877575444,
      "h20/outcome_partial_episode_count": 3,
      "h20/outcome_partial_final_state_mse": 0.007459470697867325,
      "h20/outcome_partial_state_mse": 0.0034577803674087026,
      "h20/outcome_success_episode_count": 3,
      "h20/outcome_success_final_state_mse": 0.00755078535453946,
      "h20/outcome_success_state_mse": 0.0034651036356009688,
      "h20/state_mse": 0.0043763907438789315,
      "h30/episode_count": 15,
      "h30/final_state_mse": 0.008801700866300296,
      "h30/outcome_drop_episode_count": 3,
      "h30/outcome_drop_final_state_mse": 0.007338894543304942,
      "h30/outcome_drop_state_mse": 0.0047277671838897506,
      "h30/outcome_jam_episode_count": 3,
      "h30/outcome_jam_final_state_mse": 0.0076593806346257525,
      "h30/outcome_jam_state_mse": 0.004985066384791289,
      "h30/outcome_miss_episode_count": 3,
      "h30/outcome_miss_final_state_mse": 0.01418960484024746,
      "h30/outcome_miss_state_mse": 0.008546661135937394,
      "h30/outcome_partial_episode_count": 3,
      "h30/outcome_partial_final_state_mse": 0.007391297934102077,
      "h30/outcome_partial_state_mse": 0.004690982521489295,
      "h30/outcome_success_episode_count": 3,
      "h30/outcome_success_final_state_mse": 0.007429331346274981,
      "h30/outcome_success_state_mse": 0.004694579889052314,
      "h30/state_mse": 0.005529011246425654,
      "h40/episode_count": 15,
      "h40/final_state_mse": 0.02743120629803028,
      "h40/outcome_drop_episode_count": 3,
      "h40/outcome_drop_final_state_mse": 0.021181463805678622,
      "h40/outcome_drop_state_mse": 0.007191363580865797,
      "h40/outcome_jam_episode_count": 3,
      "h40/outcome_jam_final_state_mse": 0.021758964638304866,
      "h40/outcome_jam_state_mse": 0.007273141854728748,
      "h40/outcome_miss_episode_count": 3,
      "h40/outcome_miss_final_state_mse": 0.0503613364462759,
      "h40/outcome_miss_state_mse": 0.014196479865928101,
      "h40/outcome_partial_episode_count": 3,
      "h40/outcome_partial_final_state_mse": 0.02185874476152308,
      "h40/outcome_partial_state_mse": 0.006857191269693811,
      "h40/outcome_success_episode_count": 3,
      "h40/outcome_success_final_state_mse": 0.021995517163494835,
      "h40/outcome_success_state_mse": 0.006895334736194486,
      "h40/state_mse": 0.008482702915964563,
      "h50/episode_count": 15,
      "h50/final_state_mse": 0.08715796377144608,
      "h50/outcome_drop_episode_count": 3,
      "h50/outcome_drop_final_state_mse": 0.06933270716199688,
      "h50/outcome_drop_state_mse": 0.014043133804221558,
      "h50/outcome_jam_episode_count": 3,
      "h50/outcome_jam_final_state_mse": 0.08237158239277359,
      "h50/outcome_jam_state_mse": 0.016133457757289114,
      "h50/outcome_miss_episode_count": 3,
      "h50/outcome_miss_final_state_mse": 0.12662199743432936,
      "h50/outcome_miss_state_mse": 0.02875055599835963,
      "h50/outcome_partial_episode_count": 3,
      "h50/outcome_partial_final_state_mse": 0.07800640000237359,
      "h50/outcome_partial_state_mse": 0.015157413108676087,
      "h50/outcome_success_episode_count": 3,
      "h50/outcome_success_final_state_mse": 0.0794571303074656,
      "h50/outcome_success_state_mse": 0.015326406690809462,
      "h50/state_mse": 0.017882193372140524,
      "h75/episode_count": 15,
      "h75/final_state_mse": 2.396306934232026,
      "h75/outcome_drop_episode_count": 3,
      "h75/outcome_drop_final_state_mse": 1.7908564299539802,
      "h75/outcome_drop_state_mse": 0.14865600851885893,
      "h75/outcome_jam_episode_count": 3,
      "h75/outcome_jam_final_state_mse": 1.9928730734033522,
      "h75/outcome_jam_state_mse": 0.16894439763752722,
      "h75/outcome_miss_episode_count": 3,
      "h75/outcome_miss_final_state_mse": 4.2724019094230306,
      "h75/outcome_miss_state_mse": 0.31652465554364106,
      "h75/outcome_partial_episode_count": 3,
      "h75/outcome_partial_final_state_mse": 1.940147000979754,
      "h75/outcome_partial_state_mse": 0.16311801353570943,
      "h75/outcome_success_episode_count": 3,
      "h75/outcome_success_final_state_mse": 1.985255721347784,
      "h75/outcome_success_state_mse": 0.1664831223830678,
      "h75/state_mse": 0.1927452512254902,
      "max_requested_horizon": 125,
      "reencode_period": null,
      "rollout_mode": "no_reencode"
    },
    "periodic_1": {
      "episode_count": 15,
      "h10/episode_count": 15,
      "h10/final_state_mse": 0.0035496705497791567,
      "h10/outcome_drop_episode_count": 3,
      "h10/outcome_drop_final_state_mse": 0.002980222572493397,
      "h10/outcome_drop_state_mse": 0.0023168591112872356,
      "h10/outcome_jam_episode_count": 3,
      "h10/outcome_jam_final_state_mse": 0.0034674113628521464,
      "h10/outcome_jam_state_mse": 0.0026373686354144725,
      "h10/outcome_miss_episode_count": 3,
      "h10/outcome_miss_final_state_mse": 0.005236518149282418,
      "h10/outcome_miss_state_mse": 0.008900757396922391,
      "h10/outcome_partial_episode_count": 3,
      "h10/outcome_partial_final_state_mse": 0.0030464513190821105,
      "h10/outcome_partial_state_mse": 0.002278222133910734,
      "h10/outcome_success_episode_count": 3,
      "h10/outcome_success_final_state_mse": 0.0030177486877815394,
      "h10/outcome_success_state_mse": 0.0022933207306207394,
      "h10/state_mse": 0.0036853054769678054,
      "h100/episode_count": 15,
      "h100/final_state_mse": 0.0056802462908177595,
      "h100/outcome_drop_episode_count": 3,
      "h100/outcome_drop_final_state_mse": 0.005658977756313249,
      "h100/outcome_drop_state_mse": 0.0042814814499001095,
      "h100/outcome_jam_episode_count": 3,
      "h100/outcome_jam_final_state_mse": 0.007700491672247843,
      "h100/outcome_jam_state_mse": 0.004553101732839946,
      "h100/outcome_miss_episode_count": 3,
      "h100/outcome_miss_final_state_mse": 0.007294163107872009,
      "h100/outcome_miss_state_mse": 0.007683599634108201,
      "h100/outcome_partial_episode_count": 3,
      "h100/outcome_partial_final_state_mse": 0.00352571154731551,
      "h100/outcome_partial_state_mse": 0.004024135988522199,
      "h100/outcome_success_episode_count": 3,
      "h100/outcome_success_final_state_mse": 0.004221887126857159,
      "h100/outcome_success_state_mse": 0.004462179296156939,
      "h100/state_mse": 0.005000899570440155,
      "h125/episode_count": 15,
      "h125/final_state_mse": 0.013166706858117596,
      "h125/outcome_drop_episode_count": 3,
      "h125/outcome_drop_final_state_mse": 0.011081696530572728,
      "h125/outcome_drop_state_mse": 0.0050548704060074555,
      "h125/outcome_jam_episode_count": 3,
      "h125/outcome_jam_final_state_mse": 0.01572058091755786,
      "h125/outcome_jam_state_mse": 0.005760367399726818,
      "h125/outcome_miss_episode_count": 3,
      "h125/outcome_miss_final_state_mse": 0.023643724912521886,
      "h125/outcome_miss_state_mse": 0.009537223865783293,
      "h125/outcome_partial_episode_count": 3,
      "h125/outcome_partial_final_state_mse": 0.004296687011625252,
      "h125/outcome_partial_state_mse": 0.00402318961947572,
      "h125/outcome_success_episode_count": 3,
      "h125/outcome_success_final_state_mse": 0.011090843165232464,
      "h125/outcome_success_state_mse": 0.005186118331609988,
      "h125/state_mse": 0.005912353196486928,
      "h20/episode_count": 15,
      "h20/final_state_mse": 0.007351724462571487,
      "h20/outcome_drop_episode_count": 3,
      "h20/outcome_drop_final_state_mse": 0.0034733501816886702,
      "h20/outcome_drop_state_mse": 0.0026923334676455827,
      "h20/outcome_jam_episode_count": 3,
      "h20/outcome_jam_final_state_mse": 0.00387949106934803,
      "h20/outcome_jam_state_mse": 0.0031361254601696737,
      "h20/outcome_miss_episode_count": 3,
      "h20/outcome_miss_final_state_mse": 0.023067594499759425,
      "h20/outcome_miss_state_mse": 0.010315995122872146,
      "h20/outcome_partial_episode_count": 3,
      "h20/outcome_partial_final_state_mse": 0.0031823282148323805,
      "h20/outcome_partial_state_mse": 0.0026296277061786527,
      "h20/outcome_success_episode_count": 3,
      "h20/outcome_success_final_state_mse": 0.003155856983723983,
      "h20/outcome_success_state_mse": 0.0026358691305896037,
      "h20/state_mse": 0.0042819902008655025,
      "h30/episode_count": 15,
      "h30/final_state_mse": 0.0043554848315669045,
      "h30/outcome_drop_episode_count": 3,
      "h30/outcome_drop_final_state_mse": 0.002755239946779862,
      "h30/outcome_drop_state_mse": 0.0027542809515477265,
      "h30/outcome_jam_episode_count": 3,
      "h30/outcome_jam_final_state_mse": 0.002571418808371413,
      "h30/outcome_jam_state_mse": 0.0031888127067250106,
      "h30/outcome_miss_episode_count": 3,
      "h30/outcome_miss_final_state_mse": 0.01102845468162711,
      "h30/outcome_miss_state_mse": 0.01195174593291771,
      "h30/outcome_partial_episode_count": 3,
      "h30/outcome_partial_final_state_mse": 0.0026879063229155696,
      "h30/outcome_partial_state_mse": 0.0027139515398894,
      "h30/outcome_success_episode_count": 3,
      "h30/outcome_success_final_state_mse": 0.002734403667691486,
      "h30/outcome_success_state_mse": 0.002710873343066712,
      "h30/state_mse": 0.0046639329831324895,
      "h40/episode_count": 15,
      "h40/final_state_mse": 0.004798308229134753,
      "h40/outcome_drop_episode_count": 3,
      "h40/outcome_drop_final_state_mse": 0.004594148276678098,
      "h40/outcome_drop_state_mse": 0.0029508935859779905,
      "h40/outcome_jam_episode_count": 3,
      "h40/outcome_jam_final_state_mse": 0.004078751977752237,
      "h40/outcome_jam_state_mse": 0.0032529733928979613,
      "h40/outcome_miss_episode_count": 3,
      "h40/outcome_miss_final_state_mse": 0.0056835933058869605,
      "h40/outcome_miss_state_mse": 0.010820210213754691,
      "h40/outcome_partial_episode_count": 3,
      "h40/outcome_partial_final_state_mse": 0.004781890149210014,
      "h40/outcome_partial_state_mse": 0.0029088359642652126,
      "h40/outcome_success_episode_count": 3,
      "h40/outcome_success_final_state_mse": 0.004853157923112508,
      "h40/outcome_success_state_mse": 0.0029048736578498793,
      "h40/state_mse": 0.004567557440863715,
      "h50/episode_count": 15,
      "h50/final_state_mse": 0.005207733391157163,
      "h50/outcome_drop_episode_count": 3,
      "h50/outcome_drop_final_state_mse": 0.004479843027451459,
      "h50/outcome_drop_state_mse": 0.0032201834909277023,
      "h50/outcome_jam_episode_count": 3,
      "h50/outcome_jam_final_state_mse": 0.005033500346482969,
      "h50/outcome_jam_state_mse": 0.0035792754054848664,
      "h50/outcome_miss_episode_count": 3,
      "h50/outcome_miss_final_state_mse": 0.005846076444083569,
      "h50/outcome_miss_state_mse": 0.009829249039194942,
      "h50/outcome_partial_episode_count": 3,
      "h50/outcome_partial_final_state_mse": 0.005280709734150008,
      "h50/outcome_partial_state_mse": 0.0034187368006488076,
      "h50/outcome_success_episode_count": 3,
      "h50/outcome_success_final_state_mse": 0.00539853759840423,
      "h50/outcome_success_state_mse": 0.003433408924177581,
      "h50/state_mse": 0.004696170981413399,
      "h75/episode_count": 15,
      "h75/final_state_mse": 0.0059040748995114,
      "h75/outcome_drop_episode_count": 3,
      "h75/outcome_drop_final_state_mse": 0.005224588941904454,
      "h75/outcome_drop_state_mse": 0.0035941539922311155,
      "h75/outcome_jam_episode_count": 3,
      "h75/outcome_jam_final_state_mse": 0.004762111049072415,
      "h75/outcome_jam_state_mse": 0.004314170288883782,
      "h75/outcome_miss_episode_count": 3,
      "h75/outcome_miss_final_state_mse": 0.003731716838147905,
      "h75/outcome_miss_state_mse": 0.008319656106121918,
      "h75/outcome_partial_episode_count": 3,
      "h75/outcome_partial_final_state_mse": 0.007461093220056272,
      "h75/outcome_partial_state_mse": 0.004220747106215533,
      "h75/outcome_success_episode_count": 3,
      "h75/outcome_success_final_state_mse": 0.008340864594465766,
      "h75/outcome_success_state_mse": 0.004269803780615979,
      "h75/state_mse": 0.0049437056398080065,
      "max_requested_horizon": 125,
      "reencode_period": 1,
      "rollout_mode": "periodic_1"
    },
    "periodic_10": {
      "episode_count": 15,
      "h10/episode_count": 15,
      "h10/final_state_mse": 0.002757884941849054,
      "h10/outcome_drop_episode_count": 3,
      "h10/outcome_drop_final_state_mse": 0.0020424732147089016,
      "h10/outcome_drop_state_mse": 0.0016013227257074094,
      "h10/outcome_jam_episode_count": 3,
      "h10/outcome_jam_final_state_mse": 0.002408469814101076,
      "h10/outcome_jam_state_mse": 0.0018081369742848515,
      "h10/outcome_miss_episode_count": 3,
      "h10/outcome_miss_final_state_mse": 0.005252817633494832,
      "h10/outcome_miss_state_mse": 0.009041096338259629,
      "h10/outcome_partial_episode_count": 3,
      "h10/outcome_partial_final_state_mse": 0.002053122797043495,
      "h10/outcome_partial_state_mse": 0.0015706663427789227,
      "h10/outcome_success_episode_count": 3,
      "h10/outcome_success_final_state_mse": 0.002032542053390952,
      "h10/outcome_success_state_mse": 0.0015744825983359143,
      "h10/state_mse": 0.0031191410737879135,
      "h100/episode_count": 15,
      "h100/final_state_mse": 0.0025371936411639445,
      "h100/outcome_drop_episode_count": 3,
      "h100/outcome_drop_final_state_mse": 0.002790860490861282,
      "h100/outcome_drop_state_mse": 0.0019457662495133143,
      "h100/outcome_jam_episode_count": 3,
      "h100/outcome_jam_final_state_mse": 0.0025677587228273256,
      "h100/outcome_jam_state_mse": 0.0021876629349453,
      "h100/outcome_miss_episode_count": 3,
      "h100/outcome_miss_final_state_mse": 0.003861146912076115,
      "h100/outcome_miss_state_mse": 0.0029730828603108726,
      "h100/outcome_partial_episode_count": 3,
      "h100/outcome_partial_final_state_mse": 0.001927399508703768,
      "h100/outcome_partial_state_mse": 0.0017232062458212858,
      "h100/outcome_success_episode_count": 3,
      "h100/outcome_success_final_state_mse": 0.0015388024496097192,
      "h100/outcome_success_state_mse": 0.0017945820365855897,
      "h100/state_mse": 0.0021248601776322506,
      "h125/episode_count": 15,
      "h125/final_state_mse": 0.005058873556797801,
      "h125/outcome_drop_episode_count": 3,
      "h125/outcome_drop_final_state_mse": 0.0049841699549575255,
      "h125/outcome_drop_state_mse": 0.002534706863702512,
      "h125/outcome_jam_episode_count": 3,
      "h125/outcome_jam_final_state_mse": 0.004026946289087433,
      "h125/outcome_jam_state_mse": 0.002527947718801062,
      "h125/outcome_miss_episode_count": 3,
      "h125/outcome_miss_final_state_mse": 0.01184297913040211,
      "h125/outcome_miss_state_mse": 0.004475975335813036,
      "h125/outcome_partial_episode_count": 3,
      "h125/outcome_partial_final_state_mse": 0.0016345232116435867,
      "h125/outcome_partial_state_mse": 0.0017467185874390446,
      "h125/outcome_success_episode_count": 3,
      "h125/outcome_success_final_state_mse": 0.0028057479196124608,
      "h125/outcome_success_state_mse": 0.0019157369027729906,
      "h125/state_mse": 0.002640217141544118,
      "h20/episode_count": 15,
      "h20/final_state_mse": 0.0012929460581611184,
      "h20/outcome_drop_episode_count": 3,
      "h20/outcome_drop_final_state_mse": 0.0012753518066959443,
      "h20/outcome_drop_state_mse": 0.00145802978986229,
      "h20/outcome_jam_episode_count": 3,
      "h20/outcome_jam_final_state_mse": 0.0013291654877023759,
      "h20/outcome_jam_state_mse": 0.0016637211921168309,
      "h20/outcome_miss_episode_count": 3,
      "h20/outcome_miss_final_state_mse": 0.0015334717296307382,
      "h20/outcome_miss_state_mse": 0.005766456734900381,
      "h20/outcome_partial_episode_count": 3,
      "h20/outcome_partial_final_state_mse": 0.0011424191929156485,
      "h20/outcome_partial_state_mse": 0.001422145280962676,
      "h20/outcome_success_episode_count": 3,
      "h20/outcome_success_final_state_mse": 0.0011843221103833392,
      "h20/outcome_success_state_mse": 0.0014320210498922012,
      "h20/state_mse": 0.002348474739423764,
      "h30/episode_count": 15,
      "h30/final_state_mse": 0.0013642666386623008,
      "h30/outcome_drop_episode_count": 3,
      "h30/outcome_drop_final_state_mse": 0.0013747917963009254,
      "h30/outcome_drop_state_mse": 0.0014947553865270677,
      "h30/outcome_jam_episode_count": 3,
      "h30/outcome_jam_final_state_mse": 0.0015155786246645684,
      "h30/outcome_jam_state_mse": 0.0016859061058310382,
      "h30/outcome_miss_episode_count": 3,
      "h30/outcome_miss_final_state_mse": 0.001226915399623073,
      "h30/outcome_miss_state_mse": 0.004350107687490958,
      "h30/outcome_partial_episode_count": 3,
      "h30/outcome_partial_final_state_mse": 0.0013302786677491431,
      "h30/outcome_partial_state_mse": 0.0014575261955427448,
      "h30/outcome_success_episode_count": 3,
      "h30/outcome_success_final_state_mse": 0.0013737686075805838,
      "h30/outcome_success_state_mse": 0.001468408627188024,
      "h30/state_mse": 0.0020913407070184847,
      "h40/episode_count": 15,
      "h40/final_state_mse": 0.0015226594762864456,
      "h40/outcome_drop_episode_count": 3,
      "h40/outcome_drop_final_state_mse": 0.00164132981615908,
      "h40/outcome_drop_state_mse": 0.0015457702812805675,
      "h40/outcome_jam_episode_count": 3,
      "h40/outcome_jam_final_state_mse": 0.0015918652898345897,
      "h40/outcome_jam_state_mse": 0.0017441107167137993,
      "h40/outcome_miss_episode_count": 3,
      "h40/outcome_miss_final_state_mse": 0.0016052815941424152,
      "h40/outcome_miss_state_mse": 0.00367993217667723,
      "h40/outcome_partial_episode_count": 3,
      "h40/outcome_partial_final_state_mse": 0.0013702671512279634,
      "h40/outcome_partial_state_mse": 0.0014849942494062037,
      "h40/outcome_success_episode_count": 3,
      "h40/outcome_success_final_state_mse": 0.0014045537492029028,
      "h40/outcome_success_state_mse": 0.0014955310650121153,
      "h40/state_mse": 0.001990067725088082,
      "h50/episode_count": 15,
      "h50/final_state_mse": 0.0016897360483805338,
      "h50/outcome_drop_episode_count": 3,
      "h50/outcome_drop_final_state_mse": 0.0015811385233807408,
      "h50/outcome_drop_state_mse": 0.0016005743251127356,
      "h50/outcome_jam_episode_count": 3,
      "h50/outcome_jam_final_state_mse": 0.0019096203050971811,
      "h50/outcome_jam_state_mse": 0.0018345255321926541,
      "h50/outcome_miss_episode_count": 3,
      "h50/outcome_miss_final_state_mse": 0.001651083259216321,
      "h50/outcome_miss_state_mse": 0.003312325508765925,
      "h50/outcome_partial_episode_count": 3,
      "h50/outcome_partial_final_state_mse": 0.0016303967708855673,
      "h50/outcome_partial_state_mse": 0.0015450343587040123,
      "h50/outcome_success_episode_count": 3,
      "h50/outcome_success_final_state_mse": 0.0016764414320194643,
      "h50/outcome_success_state_mse": 0.0015616969501270968,
      "h50/state_mse": 0.001970831378612643,
      "h75/episode_count": 15,
      "h75/final_state_mse": 0.0028093749401616117,
      "h75/outcome_drop_episode_count": 3,
      "h75/outcome_drop_final_state_mse": 0.002078343986296186,
      "h75/outcome_drop_state_mse": 0.0016864495080021213,
      "h75/outcome_jam_episode_count": 3,
      "h75/outcome_jam_final_state_mse": 0.002913820100765602,
      "h75/outcome_jam_state_mse": 0.0020552239179091776,
      "h75/outcome_miss_episode_count": 3,
      "h75/outcome_miss_final_state_mse": 0.003367859407577639,
      "h75/outcome_miss_state_mse": 0.0029229272580614278,
      "h75/outcome_partial_episode_count": 3,
      "h75/outcome_partial_final_state_mse": 0.0026678247681630202,
      "h75/outcome_partial_state_mse": 0.0016975455813937716,
      "h75/outcome_success_episode_count": 3,
      "h75/outcome_success_final_state_mse": 0.0030190252205904793,
      "h75/outcome_success_state_mse": 0.001728939937350537,
      "h75/state_mse": 0.002018217198988971,
      "max_requested_horizon": 125,
      "reencode_period": 10,
      "rollout_mode": "periodic_10"
    },
    "periodic_100": {
      "episode_count": 15,
      "h10/episode_count": 15,
      "h10/final_state_mse": 0.002757884941849054,
      "h10/outcome_drop_episode_count": 3,
      "h10/outcome_drop_final_state_mse": 0.0020424732147089016,
      "h10/outcome_drop_state_mse": 0.0016013227257074094,
      "h10/outcome_jam_episode_count": 3,
      "h10/outcome_jam_final_state_mse": 0.002408469814101076,
      "h10/outcome_jam_state_mse": 0.0018081369742848515,
      "h10/outcome_miss_episode_count": 3,
      "h10/outcome_miss_final_state_mse": 0.005252817633494832,
      "h10/outcome_miss_state_mse": 0.009041096338259629,
      "h10/outcome_partial_episode_count": 3,
      "h10/outcome_partial_final_state_mse": 0.002053122797043495,
      "h10/outcome_partial_state_mse": 0.0015706663427789227,
      "h10/outcome_success_episode_count": 3,
      "h10/outcome_success_final_state_mse": 0.002032542053390952,
      "h10/outcome_success_state_mse": 0.0015744825983359143,
      "h10/state_mse": 0.0031191410737879135,
      "h100/episode_count": 15,
      "h100/final_state_mse": 283.296670751634,
      "h100/outcome_drop_episode_count": 3,
      "h100/outcome_drop_final_state_mse": 198.15640956903596,
      "h100/outcome_drop_state_mse": 13.06670215482026,
      "h100/outcome_jam_episode_count": 3,
      "h100/outcome_jam_final_state_mse": 203.28947737949346,
      "h100/outcome_jam_state_mse": 13.433612898284315,
      "h100/outcome_miss_episode_count": 3,
      "h100/outcome_miss_final_state_mse": 618.4910417943219,
      "h100/outcome_miss_state_mse": 38.53099009395425,
      "h100/outcome_partial_episode_count": 3,
      "h100/outcome_partial_final_state_mse": 198.33983098447712,
      "h100/outcome_partial_state_mse": 13.023593239379085,
      "h100/outcome_success_episode_count": 3,
      "h100/outcome_success_final_state_mse": 198.2065940308415,
      "h100/outcome_success_state_mse": 13.060730443218954,
      "h100/state_mse": 18.223124183006536,
      "h125/episode_count": 15,
      "h125/final_state_mse": 110.98063725490196,
      "h125/outcome_drop_episode_count": 3,
      "h125/outcome_drop_final_state_mse": 48.44696483736724,
      "h125/outcome_drop_state_mse": 19.255205065359476,
      "h125/outcome_jam_episode_count": 3,
      "h125/outcome_jam_final_state_mse": 51.31704532398897,
      "h125/outcome_jam_state_mse": 19.800296568627452,
      "h125/outcome_miss_episode_count": 3,
      "h125/outcome_miss_final_state_mse": 351.6384117774714,
      "h125/outcome_miss_state_mse": 72.76320424836601,
      "h125/outcome_partial_episode_count": 3,
      "h125/outcome_partial_final_state_mse": 52.85724555121528,
      "h125/outcome_partial_state_mse": 19.68393137254902,
      "h125/outcome_success_episode_count": 3,
      "h125/outcome_success_final_state_mse": 50.64353713490605,
      "h125/outcome_success_state_mse": 19.50666544117647,
      "h125/state_mse": 30.201858823529413,
      "h20/episode_count": 15,
      "h20/final_state_mse": 0.007530570186041539,
      "h20/outcome_drop_episode_count": 3,
      "h20/outcome_drop_final_state_mse": 0.007346529684035607,
      "h20/outcome_drop_state_mse": 0.003520199169520459,
      "h20/outcome_jam_episode_count": 3,
      "h20/outcome_jam_final_state_mse": 0.007862358798388562,
      "h20/outcome_jam_state_mse": 0.0036745508511861163,
      "h20/outcome_miss_episode_count": 3,
      "h20/outcome_miss_final_state_mse": 0.007433713456384497,
      "h20/outcome_miss_state_mse": 0.007764319189233718,
      "h20/outcome_partial_episode_count": 3,
      "h20/outcome_partial_final_state_mse": 0.00745946850652009,
      "h20/outcome_partial_state_mse": 0.0034577801336649976,
      "h20/outcome_success_episode_count": 3,
      "h20/outcome_success_final_state_mse": 0.007550782043170306,
      "h20/outcome_success_state_mse": 0.0034651040641310946,
      "h20/state_mse": 0.0043763907438789315,
      "h30/episode_count": 15,
      "h30/final_state_mse": 0.008801701489616842,
      "h30/outcome_drop_episode_count": 3,
      "h30/outcome_drop_final_state_mse": 0.0073388944459117315,
      "h30/outcome_drop_state_mse": 0.004727766820288431,
      "h30/outcome_jam_episode_count": 3,
      "h30/outcome_jam_final_state_mse": 0.007659378784154755,
      "h30/outcome_jam_state_mse": 0.004985066436734334,
      "h30/outcome_miss_episode_count": 3,
      "h30/outcome_miss_final_state_mse": 0.01418960484024746,
      "h30/outcome_miss_state_mse": 0.008546661239823485,
      "h30/outcome_partial_episode_count": 3,
      "h30/outcome_partial_final_state_mse": 0.007391295499271817,
      "h30/outcome_partial_state_mse": 0.004690982209831022,
      "h30/outcome_success_episode_count": 3,
      "h30/outcome_success_final_state_mse": 0.007429331735847822,
      "h30/outcome_success_state_mse": 0.004694580252653633,
      "h30/state_mse": 0.005529011246425654,
      "h40/episode_count": 15,
      "h40/final_state_mse": 0.027431201311497906,
      "h40/outcome_drop_episode_count": 3,
      "h40/outcome_drop_final_state_mse": 0.021181468480552725,
      "h40/outcome_drop_state_mse": 0.0071913630354638195,
      "h40/outcome_jam_episode_count": 3,
      "h40/outcome_jam_final_state_mse": 0.021758955288556665,
      "h40/outcome_jam_state_mse": 0.00727314084183936,
      "h40/outcome_miss_episode_count": 3,
      "h40/outcome_miss_final_state_mse": 0.050361328265246225,
      "h40/outcome_miss_state_mse": 0.014196480956732057,
      "h40/outcome_partial_episode_count": 3,
      "h40/outcome_partial_final_state_mse": 0.021858731516046462,
      "h40/outcome_partial_state_mse": 0.006857190880120969,
      "h40/outcome_success_episode_count": 3,
      "h40/outcome_success_final_state_mse": 0.021995526513243033,
      "h40/outcome_success_state_mse": 0.006895334736194486,
      "h40/state_mse": 0.008482701918658088,
      "h50/episode_count": 15,
      "h50/final_state_mse": 0.08715796377144608,
      "h50/outcome_drop_episode_count": 3,
      "h50/outcome_drop_final_state_mse": 0.06933270248712278,
      "h50/outcome_drop_state_mse": 0.014043134302874795,
      "h50/outcome_jam_episode_count": 3,
      "h50/outcome_jam_final_state_mse": 0.08237157771789949,
      "h50/outcome_jam_state_mse": 0.0161334562613294,
      "h50/outcome_miss_episode_count": 3,
      "h50/outcome_miss_final_state_mse": 0.12662202548357396,
      "h50/outcome_miss_state_mse": 0.028750557494319342,
      "h50/outcome_partial_episode_count": 3,
      "h50/outcome_partial_final_state_mse": 0.07800641091041316,
      "h50/outcome_partial_state_mse": 0.015157411363389757,
      "h50/outcome_success_episode_count": 3,
      "h50/outcome_success_final_state_mse": 0.07945712407430013,
      "h50/outcome_success_state_mse": 0.015326406192156224,
      "h50/state_mse": 0.017882193372140524,
      "h75/episode_count": 15,
      "h75/final_state_mse": 2.3963062959558825,
      "h75/outcome_drop_episode_count": 3,
      "h75/outcome_drop_final_state_mse": 1.790856330223333,
      "h75/outcome_drop_state_mse": 0.14865599522143927,
      "h75/outcome_jam_episode_count": 3,
      "h75/outcome_jam_final_state_mse": 1.9928731980666616,
      "h75/outcome_jam_state_mse": 0.16894439231855937,
      "h75/outcome_miss_episode_count": 3,
      "h75/outcome_miss_final_state_mse": 4.272400101805045,
      "h75/outcome_miss_state_mse": 0.31652466086260894,
      "h75/outcome_partial_episode_count": 3,
      "h75/outcome_partial_final_state_mse": 1.940146626989826,
      "h75/outcome_partial_state_mse": 0.1631180055572576,
      "h75/outcome_success_episode_count": 3,
      "h75/outcome_success_final_state_mse": 1.9852549235026042,
      "h75/outcome_success_state_mse": 0.16648310110719636,
      "h75/state_mse": 0.19274523420479303,
      "max_requested_horizon": 125,
      "reencode_period": 100,
      "rollout_mode": "periodic_100"
    },
    "periodic_2": {
      "episode_count": 15,
      "h10/episode_count": 15,
      "h10/final_state_mse": 0.0018860086116915436,
      "h10/outcome_drop_episode_count": 3,
      "h10/outcome_drop_final_state_mse": 0.0014429230705585356,
      "h10/outcome_drop_state_mse": 0.0016249983528860254,
      "h10/outcome_jam_episode_count": 3,
      "h10/outcome_jam_final_state_mse": 0.0016950139033249001,
      "h10/outcome_jam_state_mse": 0.0018794667487050973,
      "h10/outcome_miss_episode_count": 3,
      "h10/outcome_miss_final_state_mse": 0.003368017087185305,
      "h10/outcome_miss_state_mse": 0.00844464972128276,
      "h10/outcome_partial_episode_count": 3,
      "h10/outcome_partial_final_state_mse": 0.0014690103289348626,
      "h10/outcome_partial_state_mse": 0.0015787266827876271,
      "h10/outcome_success_episode_count": 3,
      "h10/outcome_success_final_state_mse": 0.0014550788145439298,
      "h10/outcome_success_state_mse": 0.0015894114581588047,
      "h10/state_mse": 0.003023450265522876,
      "h100/episode_count": 15,
      "h100/final_state_mse": 0.0047678349064845665,
      "h100/outcome_drop_episode_count": 3,
      "h100/outcome_drop_final_state_mse": 0.0032069247240334555,
      "h100/outcome_drop_state_mse": 0.0028545053644117965,
      "h100/outcome_jam_episode_count": 3,
      "h100/outcome_jam_final_state_mse": 0.004378990702379763,
      "h100/outcome_jam_state_mse": 0.0032844555300045636,
      "h100/outcome_miss_episode_count": 3,
      "h100/outcome_miss_final_state_mse": 0.011669506921487697,
      "h100/outcome_miss_state_mse": 0.004683888254601971,
      "h100/outcome_partial_episode_count": 3,
      "h100/outcome_partial_final_state_mse": 0.0019742781235501656,
      "h100/outcome_partial_state_mse": 0.0024148850659139794,
      "h100/outcome_success_episode_count": 3,
      "h100/outcome_success_final_state_mse": 0.0026094736227023057,
      "h100/outcome_success_state_mse": 0.0026054607341492097,
      "h100/state_mse": 0.003168639139412275,
      "h125/episode_count": 15,
      "h125/final_state_mse": 0.007941143185484643,
      "h125/outcome_drop_episode_count": 3,
      "h125/outcome_drop_final_state_mse": 0.006468189941122641,
      "h125/outcome_drop_state_mse": 0.003537349725860396,
      "h125/outcome_jam_episode_count": 3,
      "h125/outcome_jam_final_state_mse": 0.01090900726567686,
      "h125/outcome_jam_state_mse": 0.0045243876338784215,
      "h125/outcome_miss_episode_count": 3,
      "h125/outcome_miss_final_state_mse": 0.012932007487108505,
      "h125/outcome_miss_state_mse": 0.006421370063731873,
      "h125/outcome_partial_episode_count": 3,
      "h125/outcome_partial_final_state_mse": 0.00231562459877893,
      "h125/outcome_partial_state_mse": 0.002328081068649791,
      "h125/outcome_success_episode_count": 3,
      "h125/outcome_success_final_state_mse": 0.007080886099073622,
      "h125/outcome_success_state_mse": 0.003265218198688981,
      "h125/state_mse": 0.004015281288296569,
      "h20/episode_count": 15,
      "h20/final_state_mse": 0.0026348625133240143,
      "h20/outcome_drop_episode_count": 3,
      "h20/outcome_drop_final_state_mse": 0.0026955405384107354,
      "h20/outcome_drop_state_mse": 0.0018780009808883169,
      "h20/outcome_jam_episode_count": 3,
      "h20/outcome_jam_final_state_mse": 0.002651180901558571,
      "h20/outcome_jam_state_mse": 0.0021285941398221683,
      "h20/outcome_miss_episode_count": 3,
      "h20/outcome_miss_final_state_mse": 0.003016109706140032,
      "h20/outcome_miss_state_mse": 0.00585778414034376,
      "h20/outcome_partial_episode_count": 3,
      "h20/outcome_partial_final_state_mse": 0.0024045520504705265,
      "h20/outcome_partial_state_mse": 0.0018237030584048602,
      "h20/outcome_success_episode_count": 3,
      "h20/outcome_success_final_state_mse": 0.0024069296622198392,
      "h20/outcome_success_state_mse": 0.0018356503224840352,
      "h20/state_mse": 0.0027047465205971713,
      "h30/episode_count": 15,
      "h30/final_state_mse": 0.0023335999133540135,
      "h30/outcome_drop_episode_count": 3,
      "h30/outcome_drop_final_state_mse": 0.0022281935207204883,
      "h30/outcome_drop_state_mse": 0.0020836148646402462,
      "h30/outcome_jam_episode_count": 3,
      "h30/outcome_jam_final_state_mse": 0.0022896408937335792,
      "h30/outcome_jam_state_mse": 0.0023187052969839057,
      "h30/outcome_miss_episode_count": 3,
      "h30/outcome_miss_final_state_mse": 0.003062001386888666,
      "h30/outcome_miss_state_mse": 0.004995952452449757,
      "h30/outcome_partial_episode_count": 3,
      "h30/outcome_partial_final_state_mse": 0.0020403540601917343,
      "h30/outcome_partial_state_mse": 0.0020110867901305487,
      "h30/outcome_success_episode_count": 3,
      "h30/outcome_success_final_state_mse": 0.0020478093887076657,
      "h30/outcome_success_state_mse": 0.0020214990333274558,
      "h30/state_mse": 0.0026861716875063828,
      "h40/episode_count": 15,
      "h40/final_state_mse": 0.0029553762448379416,
      "h40/outcome_drop_episode_count": 3,
      "h40/outcome_drop_final_state_mse": 0.002986974429850485,
      "h40/outcome_drop_state_mse": 0.0022229687840330833,
      "h40/outcome_jam_episode_count": 3,
      "h40/outcome_jam_final_state_mse": 0.0027762496588276883,
      "h40/outcome_jam_state_mse": 0.0024175932594374112,
      "h40/outcome_miss_episode_count": 3,
      "h40/outcome_miss_final_state_mse": 0.003549894476248548,
      "h40/outcome_miss_state_mse": 0.0046498122558095096,
      "h40/outcome_partial_episode_count": 3,
      "h40/outcome_partial_final_state_mse": 0.00270425981166316,
      "h40/outcome_partial_state_mse": 0.002128774979535271,
      "h40/outcome_success_episode_count": 3,
      "h40/outcome_success_final_state_mse": 0.002759501824971118,
      "h40/outcome_success_state_mse": 0.0021353883291381636,
      "h40/state_mse": 0.002710907381344465,
      "h50/episode_count": 15,
      "h50/final_state_mse": 0.0030951743032418045,
      "h50/outcome_drop_episode_count": 3,
      "h50/outcome_drop_final_state_mse": 0.002645216346566194,
      "h50/outcome_drop_state_mse": 0.002348070019990011,
      "h50/outcome_jam_episode_count": 3,
      "h50/outcome_jam_final_state_mse": 0.002872712764085508,
      "h50/outcome_jam_state_mse": 0.002600819207484426,
      "h50/outcome_miss_episode_count": 3,
      "h50/outcome_miss_final_state_mse": 0.004035721612132452,
      "h50/outcome_miss_state_mse": 0.004553390702390982,
      "h50/outcome_partial_episode_count": 3,
      "h50/outcome_partial_final_state_mse": 0.002905058071893804,
      "h50/outcome_partial_state_mse": 0.0023354937671835906,
      "h50/outcome_success_episode_count": 3,
      "h50/outcome_success_final_state_mse": 0.0030171627702276693,
      "h50/outcome_success_state_mse": 0.002349005742789873,
      "h50/state_mse": 0.0028373558692682804,
      "h75/episode_count": 15,
      "h75/final_state_mse": 0.0037633409687117033,
      "h75/outcome_drop_episode_count": 3,
      "h75/outcome_drop_final_state_mse": 0.004167333634850247,
      "h75/outcome_drop_state_mse": 0.0026049639716387313,
      "h75/outcome_jam_episode_count": 3,
      "h75/outcome_jam_final_state_mse": 0.004182142662067039,
      "h75/outcome_jam_state_mse": 0.0028183072324931492,
      "h75/outcome_miss_episode_count": 3,
      "h75/outcome_miss_final_state_mse": 0.003511594206679101,
      "h75/outcome_miss_state_mse": 0.004220788494434232,
      "h75/outcome_partial_episode_count": 3,
      "h75/outcome_partial_final_state_mse": 0.003113438588341856,
      "h75/outcome_partial_state_mse": 0.0024032287763873996,
      "h75/outcome_success_episode_count": 3,
      "h75/outcome_success_final_state_mse": 0.003842194582901749,
      "h75/outcome_success_state_mse": 0.00244141372979856,
      "h75/state_mse": 0.002897740715209695,
      "max_requested_horizon": 125,
      "reencode_period": 2,
      "rollout_mode": "periodic_2"
    },
    "periodic_20": {
      "episode_count": 15,
      "h10/episode_count": 15,
      "h10/final_state_mse": 0.002757884941849054,
      "h10/outcome_drop_episode_count": 3,
      "h10/outcome_drop_final_state_mse": 0.0020424732147089016,
      "h10/outcome_drop_state_mse": 0.0016013227257074094,
      "h10/outcome_jam_episode_count": 3,
      "h10/outcome_jam_final_state_mse": 0.002408469814101076,
      "h10/outcome_jam_state_mse": 0.0018081369742848515,
      "h10/outcome_miss_episode_count": 3,
      "h10/outcome_miss_final_state_mse": 0.005252817633494832,
      "h10/outcome_miss_state_mse": 0.009041096338259629,
      "h10/outcome_partial_episode_count": 3,
      "h10/outcome_partial_final_state_mse": 0.002053122797043495,
      "h10/outcome_partial_state_mse": 0.0015706663427789227,
      "h10/outcome_success_episode_count": 3,
      "h10/outcome_success_final_state_mse": 0.002032542053390952,
      "h10/outcome_success_state_mse": 0.0015744825983359143,
      "h10/state_mse": 0.0031191410737879135,
      "h100/episode_count": 15,
      "h100/final_state_mse": 0.0027203497543833613,
      "h100/outcome_drop_episode_count": 3,
      "h100/outcome_drop_final_state_mse": 0.0024455529607199378,
      "h100/outcome_drop_state_mse": 0.0023037493774314332,
      "h100/outcome_jam_episode_count": 3,
      "h100/outcome_jam_final_state_mse": 0.0031923317636539735,
      "h100/outcome_jam_state_mse": 0.0028123538946014603,
      "h100/outcome_miss_episode_count": 3,
      "h100/outcome_miss_final_state_mse": 0.0034988898467394262,
      "h100/outcome_miss_state_mse": 0.003346245709587546,
      "h100/outcome_partial_episode_count": 3,
      "h100/outcome_partial_final_state_mse": 0.0018757844672483556,
      "h100/outcome_partial_state_mse": 0.0020699533761716358,
      "h100/outcome_success_episode_count": 3,
      "h100/outcome_success_final_state_mse": 0.002589191048363455,
      "h100/outcome_success_state_mse": 0.002353204091389974,
      "h100/state_mse": 0.0025771011651731005,
      "h125/episode_count": 15,
      "h125/final_state_mse": 0.007138359468746808,
      "h125/outcome_drop_episode_count": 3,
      "h125/outcome_drop_final_state_mse": 0.004079602512658811,
      "h125/outcome_drop_state_mse": 0.0025041192746629902,
      "h125/outcome_jam_episode_count": 3,
      "h125/outcome_jam_final_state_mse": 0.004576381515054142,
      "h125/outcome_jam_state_mse": 0.0029785823946684793,
      "h125/outcome_miss_episode_count": 3,
      "h125/outcome_miss_final_state_mse": 0.022725139300223268,
      "h125/outcome_miss_state_mse": 0.004933392892476001,
      "h125/outcome_partial_episode_count": 3,
      "h125/outcome_partial_final_state_mse": 0.0017627942698453765,
      "h125/outcome_partial_state_mse": 0.0020361651002971173,
      "h125/outcome_success_episode_count": 3,
      "h125/outcome_success_final_state_mse": 0.002547881912951376,
      "h125/outcome_success_state_mse": 0.002395158505907246,
      "h125/state_mse": 0.0029694836984272876,
      "h20/episode_count": 15,
      "h20/final_state_mse": 0.007530570186041539,
      "h20/outcome_drop_episode_count": 3,
      "h20/outcome_drop_final_state_mse": 0.007346529684035607,
      "h20/outcome_drop_state_mse": 0.003520199169520459,
      "h20/outcome_jam_episode_count": 3,
      "h20/outcome_jam_final_state_mse": 0.007862358798388562,
      "h20/outcome_jam_state_mse": 0.0036745508511861163,
      "h20/outcome_miss_episode_count": 3,
      "h20/outcome_miss_final_state_mse": 0.007433713456384497,
      "h20/outcome_miss_state_mse": 0.007764319189233718,
      "h20/outcome_partial_episode_count": 3,
      "h20/outcome_partial_final_state_mse": 0.00745946850652009,
      "h20/outcome_partial_state_mse": 0.0034577801336649976,
      "h20/outcome_success_episode_count": 3,
      "h20/outcome_success_final_state_mse": 0.007550782043170306,
      "h20/outcome_success_state_mse": 0.0034651040641310946,
      "h20/state_mse": 0.0043763907438789315,
      "h30/episode_count": 15,
      "h30/final_state_mse": 0.0013150124768026513,
      "h30/outcome_drop_episode_count": 3,
      "h30/outcome_drop_final_state_mse": 0.0012990923878414178,
      "h30/outcome_drop_state_mse": 0.002923976517970266,
      "h30/outcome_jam_episode_count": 3,
      "h30/outcome_jam_final_state_mse": 0.0014791610875940012,
      "h30/outcome_jam_state_mse": 0.0030863014960860373,
      "h30/outcome_miss_episode_count": 3,
      "h30/outcome_miss_final_state_mse": 0.0012980033856591368,
      "h30/outcome_miss_state_mse": 0.0057834724974788095,
      "h30/outcome_partial_episode_count": 3,
      "h30/outcome_partial_final_state_mse": 0.0012307952529464672,
      "h30/outcome_partial_state_mse": 0.0028594144548985435,
      "h30/outcome_success_episode_count": 3,
      "h30/outcome_success_final_state_mse": 0.0012680106595450756,
      "h30/outcome_success_state_mse": 0.002867168019280195,
      "h30/state_mse": 0.0035040668828295206,
      "h40/episode_count": 15,
      "h40/final_state_mse": 0.0018971600563697565,
      "h40/outcome_drop_episode_count": 3,
      "h40/outcome_drop_final_state_mse": 0.0017387539732689951,
      "h40/outcome_drop_state_mse": 0.0025526157391616722,
      "h40/outcome_jam_episode_count": 3,
      "h40/outcome_jam_final_state_mse": 0.0015529743060956594,
      "h40/outcome_jam_state_mse": 0.00270702912916545,
      "h40/outcome_miss_episode_count": 3,
      "h40/outcome_miss_final_state_mse": 0.0032981749064002943,
      "h40/outcome_miss_state_mse": 0.004810389038784052,
      "h40/outcome_partial_episode_count": 3,
      "h40/outcome_partial_final_state_mse": 0.0014447197561560114,
      "h40/outcome_partial_state_mse": 0.0024566472355836357,
      "h40/outcome_success_episode_count": 3,
      "h40/outcome_success_final_state_mse": 0.001451177705152362,
      "h40/outcome_success_state_mse": 0.002470848412295572,
      "h40/state_mse": 0.002999505934372447,
      "h50/episode_count": 15,
      "h50/final_state_mse": 0.001606655744166156,
      "h50/outcome_drop_episode_count": 3,
      "h50/outcome_drop_final_state_mse": 0.0015969746593945946,
      "h50/outcome_drop_state_mse": 0.0024128986807430493,
      "h50/outcome_jam_episode_count": 3,
      "h50/outcome_jam_final_state_mse": 0.0018724532542275447,
      "h50/outcome_jam_state_mse": 0.00258070677713631,
      "h50/outcome_miss_episode_count": 3,
      "h50/outcome_miss_final_state_mse": 0.001576066504116931,
      "h50/outcome_miss_state_mse": 0.004207643995098039,
      "h50/outcome_partial_episode_count": 3,
      "h50/outcome_partial_final_state_mse": 0.0014802712971478506,
      "h50/outcome_partial_state_mse": 0.0022949035806593553,
      "h50/outcome_success_episode_count": 3,
      "h50/outcome_success_final_state_mse": 0.0015075127624608333,
      "h50/outcome_success_state_mse": 0.002313089807049122,
      "h50/state_mse": 0.0027618483998417074,
      "h75/episode_count": 15,
      "h75/final_state_mse": 0.002937112446703942,
      "h75/outcome_drop_episode_count": 3,
      "h75/outcome_drop_final_state_mse": 0.0021987763641316905,
      "h75/outcome_drop_state_mse": 0.0022613014686601093,
      "h75/outcome_jam_episode_count": 3,
      "h75/outcome_jam_final_state_mse": 0.0031207072384217206,
      "h75/outcome_jam_state_mse": 0.0026027216111393016,
      "h75/outcome_miss_episode_count": 3,
      "h75/outcome_miss_final_state_mse": 0.0033535294332145867,
      "h75/outcome_miss_state_mse": 0.003482666846713729,
      "h75/outcome_partial_episode_count": 3,
      "h75/outcome_partial_final_state_mse": 0.002776034858102113,
      "h75/outcome_partial_state_mse": 0.0021782539301188684,
      "h75/outcome_success_episode_count": 3,
      "h75/outcome_success_final_state_mse": 0.003236513998773363,
      "h75/outcome_success_state_mse": 0.0022163176692389197,
      "h75/state_mse": 0.002548252346728622,
      "max_requested_horizon": 125,
      "reencode_period": 20,
      "rollout_mode": "periodic_20"
    },
    "periodic_5": {
      "episode_count": 15,
      "h10/episode_count": 15,
      "h10/final_state_mse": 0.0017906640869340086,
      "h10/outcome_drop_episode_count": 3,
      "h10/outcome_drop_final_state_mse": 0.0011879432386432598,
      "h10/outcome_drop_state_mse": 0.0015287611609190897,
      "h10/outcome_jam_episode_count": 3,
      "h10/outcome_jam_final_state_mse": 0.0015973959580745573,
      "h10/outcome_jam_state_mse": 0.0017719323339025958,
      "h10/outcome_miss_episode_count": 3,
      "h10/outcome_miss_final_state_mse": 0.003916865129486408,
      "h10/outcome_miss_state_mse": 0.008608840259851194,
      "h10/outcome_partial_episode_count": 3,
      "h10/outcome_partial_final_state_mse": 0.0011371540672638837,
      "h10/outcome_partial_state_mse": 0.0014906275895685932,
      "h10/outcome_success_episode_count": 3,
      "h10/outcome_success_final_state_mse": 0.0011139629664374334,
      "h10/outcome_success_state_mse": 0.001488971904991499,
      "h10/state_mse": 0.0029778267355526195,
      "h100/episode_count": 15,
      "h100/final_state_mse": 0.004023011525472005,
      "h100/outcome_drop_episode_count": 3,
      "h100/outcome_drop_final_state_mse": 0.002694317109249776,
      "h100/outcome_drop_state_mse": 0.0022845776252497256,
      "h100/outcome_jam_episode_count": 3,
      "h100/outcome_jam_final_state_mse": 0.005169540935871648,
      "h100/outcome_jam_state_mse": 0.002622859213087294,
      "h100/outcome_miss_episode_count": 3,
      "h100/outcome_miss_final_state_mse": 0.0087684625211884,
      "h100/outcome_miss_state_mse": 0.003292927336848639,
      "h100/outcome_partial_episode_count": 3,
      "h100/outcome_partial_final_state_mse": 0.0017999146206706179,
      "h100/outcome_partial_state_mse": 0.001908800337049696,
      "h100/outcome_success_episode_count": 3,
      "h100/outcome_success_final_state_mse": 0.0016828202246840483,
      "h100/outcome_success_state_mse": 0.00205313370897879,
      "h100/state_mse": 0.0024324596130770016,
      "h125/episode_count": 15,
      "h125/final_state_mse": 0.0058320400761623006,
      "h125/outcome_drop_episode_count": 3,
      "h125/outcome_drop_final_state_mse": 0.005019825122325249,
      "h125/outcome_drop_state_mse": 0.002844527799319598,
      "h125/outcome_jam_episode_count": 3,
      "h125/outcome_jam_final_state_mse": 0.006830529790688184,
      "h125/outcome_jam_state_mse": 0.0031571943495008682,
      "h125/outcome_miss_episode_count": 3,
      "h125/outcome_miss_final_state_mse": 0.010543380663091061,
      "h125/outcome_miss_state_mse": 0.0051801628162658295,
      "h125/outcome_partial_episode_count": 3,
      "h125/outcome_partial_final_state_mse": 0.0014953692169750437,
      "h125/outcome_partial_state_mse": 0.0018652389875424454,
      "h125/outcome_success_episode_count": 3,
      "h125/outcome_success_final_state_mse": 0.005271096439922557,
      "h125/outcome_success_state_mse": 0.002465145883996502,
      "h125/state_mse": 0.0031024538526348037,
      "h20/episode_count": 15,
      "h20/final_state_mse": 0.0016112767013848996,
      "h20/outcome_drop_episode_count": 3,
      "h20/outcome_drop_final_state_mse": 0.0018244221368256736,
      "h20/outcome_drop_state_mse": 0.0015378857749739504,
      "h20/outcome_jam_episode_count": 3,
      "h20/outcome_jam_final_state_mse": 0.0014265344715585896,
      "h20/outcome_jam_state_mse": 0.0017245690807018404,
      "h20/outcome_miss_episode_count": 3,
      "h20/outcome_miss_final_state_mse": 0.0016596575626750397,
      "h20/outcome_miss_state_mse": 0.005536724928936927,
      "h20/outcome_partial_episode_count": 3,
      "h20/outcome_partial_final_state_mse": 0.0015778394744676702,
      "h20/outcome_partial_state_mse": 0.0015014981132706786,
      "h20/outcome_success_episode_count": 3,
      "h20/outcome_success_final_state_mse": 0.0015679302509703668,
      "h20/outcome_success_state_mse": 0.0015116864170124328,
      "h20/state_mse": 0.0023624729331022773,
      "h30/episode_count": 15,
      "h30/final_state_mse": 0.0016213223825093188,
      "h30/outcome_drop_episode_count": 3,
      "h30/outcome_drop_final_state_mse": 0.0016675611434419171,
      "h30/outcome_drop_state_mse": 0.0016774373116836049,
      "h30/outcome_jam_episode_count": 3,
      "h30/outcome_jam_final_state_mse": 0.0017529574582000184,
      "h30/outcome_jam_state_mse": 0.0018294983180260087,
      "h30/outcome_miss_episode_count": 3,
      "h30/outcome_miss_final_state_mse": 0.0015133798511978848,
      "h30/outcome_miss_state_mse": 0.00427672650040105,
      "h30/outcome_partial_episode_count": 3,
      "h30/outcome_partial_final_state_mse": 0.0015702888223470427,
      "h30/outcome_partial_state_mse": 0.00163879160787545,
      "h30/outcome_success_episode_count": 3,
      "h30/outcome_success_final_state_mse": 0.0016024253191122043,
      "h30/outcome_success_state_mse": 0.0016476726739754605,
      "h30/state_mse": 0.002214025360306883,
      "h40/episode_count": 15,
      "h40/final_state_mse": 0.0018053673451242883,
      "h40/outcome_drop_episode_count": 3,
      "h40/outcome_drop_final_state_mse": 0.0019394923366752325,
      "h40/outcome_drop_state_mse": 0.001758611825556537,
      "h40/outcome_jam_episode_count": 3,
      "h40/outcome_jam_final_state_mse": 0.0018683298691815021,
      "h40/outcome_jam_state_mse": 0.001923754752851,
      "h40/outcome_miss_episode_count": 3,
      "h40/outcome_miss_final_state_mse": 0.0018665155067163356,
      "h40/outcome_miss_state_mse": 0.0036964234962962032,
      "h40/outcome_partial_episode_count": 3,
      "h40/outcome_partial_final_state_mse": 0.0016463603702635548,
      "h40/outcome_partial_state_mse": 0.0016931753142986421,
      "h40/outcome_success_episode_count": 3,
      "h40/outcome_success_final_state_mse": 0.0017061381801670673,
      "h40/outcome_success_state_mse": 0.0017046649471607084,
      "h40/state_mse": 0.0021553261451471863,
      "h50/episode_count": 15,
      "h50/final_state_mse": 0.0019882275388131733,
      "h50/outcome_drop_episode_count": 3,
      "h50/outcome_drop_final_state_mse": 0.00174983512926725,
      "h50/outcome_drop_state_mse": 0.0018224192600624235,
      "h50/outcome_jam_episode_count": 3,
      "h50/outcome_jam_final_state_mse": 0.0022859921544985053,
      "h50/outcome_jam_state_mse": 0.002047254431481455,
      "h50/outcome_miss_episode_count": 3,
      "h50/outcome_miss_final_state_mse": 0.002029893712864982,
      "h50/outcome_miss_state_mse": 0.0033967329162398197,
      "h50/outcome_partial_episode_count": 3,
      "h50/outcome_partial_final_state_mse": 0.001911722561892341,
      "h50/outcome_partial_state_mse": 0.001771308830360961,
      "h50/outcome_success_episode_count": 3,
      "h50/outcome_success_final_state_mse": 0.0019636939407563676,
      "h50/outcome_success_state_mse": 0.0017866264605054668,
      "h50/state_mse": 0.002164868323631536,
      "h75/episode_count": 15,
      "h75/final_state_mse": 0.003055682525136112,
      "h75/outcome_drop_episode_count": 3,
      "h75/outcome_drop_final_state_mse": 0.0025575868541898293,
      "h75/outcome_drop_state_mse": 0.001983757060597405,
      "h75/outcome_jam_episode_count": 3,
      "h75/outcome_jam_final_state_mse": 0.003272050833390429,
      "h75/outcome_jam_state_mse": 0.0022859892086785345,
      "h75/outcome_miss_episode_count": 3,
      "h75/outcome_miss_final_state_mse": 0.0029639145176784663,
      "h75/outcome_miss_state_mse": 0.0030416520228832636,
      "h75/outcome_partial_episode_count": 3,
      "h75/outcome_partial_final_state_mse": 0.0029233371705011603,
      "h75/outcome_partial_state_mse": 0.0019111405166925169,
      "h75/outcome_success_episode_count": 3,
      "h75/outcome_success_final_state_mse": 0.003561522543819901,
      "h75/outcome_success_state_mse": 0.001955838587808713,
      "h75/state_mse": 0.0022356752216945806,
      "max_requested_horizon": 125,
      "reencode_period": 5,
      "rollout_mode": "periodic_5"
    },
    "periodic_50": {
      "episode_count": 15,
      "h10/episode_count": 15,
      "h10/final_state_mse": 0.002757884941849054,
      "h10/outcome_drop_episode_count": 3,
      "h10/outcome_drop_final_state_mse": 0.0020424732147089016,
      "h10/outcome_drop_state_mse": 0.0016013227257074094,
      "h10/outcome_jam_episode_count": 3,
      "h10/outcome_jam_final_state_mse": 0.002408469814101076,
      "h10/outcome_jam_state_mse": 0.0018081369742848515,
      "h10/outcome_miss_episode_count": 3,
      "h10/outcome_miss_final_state_mse": 0.005252817633494832,
      "h10/outcome_miss_state_mse": 0.009041096338259629,
      "h10/outcome_partial_episode_count": 3,
      "h10/outcome_partial_final_state_mse": 0.002053122797043495,
      "h10/outcome_partial_state_mse": 0.0015706663427789227,
      "h10/outcome_success_episode_count": 3,
      "h10/outcome_success_final_state_mse": 0.002032542053390952,
      "h10/outcome_success_state_mse": 0.0015744825983359143,
      "h10/state_mse": 0.0031191410737879135,
      "h100/episode_count": 15,
      "h100/final_state_mse": 0.39754056244893793,
      "h100/outcome_drop_episode_count": 3,
      "h100/outcome_drop_final_state_mse": 0.22182088116415186,
      "h100/outcome_drop_state_mse": 0.030424255171632456,
      "h100/outcome_jam_episode_count": 3,
      "h100/outcome_jam_final_state_mse": 0.3260142133126851,
      "h100/outcome_jam_state_mse": 0.03979350071327359,
      "h100/outcome_miss_episode_count": 3,
      "h100/outcome_miss_final_state_mse": 0.7804599836760876,
      "h100/outcome_miss_state_mse": 0.0924134996202257,
      "h100/outcome_partial_episode_count": 3,
      "h100/outcome_partial_final_state_mse": 0.31916005003686043,
      "h100/outcome_partial_state_mse": 0.03754305372051164,
      "h100/outcome_success_episode_count": 3,
      "h100/outcome_success_final_state_mse": 0.34024783053429297,
      "h100/outcome_success_state_mse": 0.03977718378204146,
      "h100/state_mse": 0.04799029820261438,
      "h125/episode_count": 15,
      "h125/final_state_mse": 0.13380236656837213,
      "h125/outcome_drop_episode_count": 3,
      "h125/outcome_drop_final_state_mse": 0.05225397480858697,
      "h125/outcome_drop_state_mse": 0.03384204141454759,
      "h125/outcome_jam_episode_count": 3,
      "h125/outcome_jam_final_state_mse": 0.09481924733305289,
      "h125/outcome_jam_state_mse": 0.046638441297743055,
      "h125/outcome_miss_episode_count": 3,
      "h125/outcome_miss_final_state_mse": 0.348321763518589,
      "h125/outcome_miss_state_mse": 0.12431801949295343,
      "h125/outcome_partial_episode_count": 3,
      "h125/outcome_partial_final_state_mse": 0.09324831822339226,
      "h125/outcome_partial_state_mse": 0.044392114576950574,
      "h125/outcome_success_episode_count": 3,
      "h125/outcome_success_final_state_mse": 0.08036858271929173,
      "h125/outcome_success_state_mse": 0.0463446675219567,
      "h125/state_mse": 0.059107046568627454,
      "h20/episode_count": 15,
      "h20/final_state_mse": 0.007530570186041539,
      "h20/outcome_drop_episode_count": 3,
      "h20/outcome_drop_final_state_mse": 0.007346529684035607,
      "h20/outcome_drop_state_mse": 0.003520199169520459,
      "h20/outcome_jam_episode_count": 3,
      "h20/outcome_jam_final_state_mse": 0.007862358798388562,
      "h20/outcome_jam_state_mse": 0.0036745508511861163,
      "h20/outcome_miss_episode_count": 3,
      "h20/outcome_miss_final_state_mse": 0.007433713456384497,
      "h20/outcome_miss_state_mse": 0.007764319189233718,
      "h20/outcome_partial_episode_count": 3,
      "h20/outcome_partial_final_state_mse": 0.00745946850652009,
      "h20/outcome_partial_state_mse": 0.0034577801336649976,
      "h20/outcome_success_episode_count": 3,
      "h20/outcome_success_final_state_mse": 0.007550782043170306,
      "h20/outcome_success_state_mse": 0.0034651040641310946,
      "h20/state_mse": 0.0043763907438789315,
      "h30/episode_count": 15,
      "h30/final_state_mse": 0.008801701489616842,
      "h30/outcome_drop_episode_count": 3,
      "h30/outcome_drop_final_state_mse": 0.0073388944459117315,
      "h30/outcome_drop_state_mse": 0.004727766820288431,
      "h30/outcome_jam_episode_count": 3,
      "h30/outcome_jam_final_state_mse": 0.007659378784154755,
      "h30/outcome_jam_state_mse": 0.004985066436734334,
      "h30/outcome_miss_episode_count": 3,
      "h30/outcome_miss_final_state_mse": 0.01418960484024746,
      "h30/outcome_miss_state_mse": 0.008546661239823485,
      "h30/outcome_partial_episode_count": 3,
      "h30/outcome_partial_final_state_mse": 0.007391295499271817,
      "h30/outcome_partial_state_mse": 0.004690982209831022,
      "h30/outcome_success_episode_count": 3,
      "h30/outcome_success_final_state_mse": 0.007429331735847822,
      "h30/outcome_success_state_mse": 0.004694580252653633,
      "h30/state_mse": 0.005529011246425654,
      "h40/episode_count": 15,
      "h40/final_state_mse": 0.027431201311497906,
      "h40/outcome_drop_episode_count": 3,
      "h40/outcome_drop_final_state_mse": 0.021181468480552725,
      "h40/outcome_drop_state_mse": 0.0071913630354638195,
      "h40/outcome_jam_episode_count": 3,
      "h40/outcome_jam_final_state_mse": 0.021758955288556665,
      "h40/outcome_jam_state_mse": 0.00727314084183936,
      "h40/outcome_miss_episode_count": 3,
      "h40/outcome_miss_final_state_mse": 0.050361328265246225,
      "h40/outcome_miss_state_mse": 0.014196480956732057,
      "h40/outcome_partial_episode_count": 3,
      "h40/outcome_partial_final_state_mse": 0.021858731516046462,
      "h40/outcome_partial_state_mse": 0.006857190880120969,
      "h40/outcome_success_episode_count": 3,
      "h40/outcome_success_final_state_mse": 0.021995526513243033,
      "h40/outcome_success_state_mse": 0.006895334736194486,
      "h40/state_mse": 0.008482701918658088,
      "h50/episode_count": 15,
      "h50/final_state_mse": 0.08715796377144608,
      "h50/outcome_drop_episode_count": 3,
      "h50/outcome_drop_final_state_mse": 0.06933270248712278,
      "h50/outcome_drop_state_mse": 0.014043134302874795,
      "h50/outcome_jam_episode_count": 3,
      "h50/outcome_jam_final_state_mse": 0.08237157771789949,
      "h50/outcome_jam_state_mse": 0.0161334562613294,
      "h50/outcome_miss_episode_count": 3,
      "h50/outcome_miss_final_state_mse": 0.12662202548357396,
      "h50/outcome_miss_state_mse": 0.028750557494319342,
      "h50/outcome_partial_episode_count": 3,
      "h50/outcome_partial_final_state_mse": 0.07800641091041316,
      "h50/outcome_partial_state_mse": 0.015157411363389757,
      "h50/outcome_success_episode_count": 3,
      "h50/outcome_success_final_state_mse": 0.07945712407430013,
      "h50/outcome_success_state_mse": 0.015326406192156224,
      "h50/state_mse": 0.017882193372140524,
      "h75/episode_count": 15,
      "h75/final_state_mse": 0.02217323702145246,
      "h75/outcome_drop_episode_count": 3,
      "h75/outcome_drop_final_state_mse": 0.013278648354648764,
      "h75/outcome_drop_state_mse": 0.012361016366996018,
      "h75/outcome_jam_episode_count": 3,
      "h75/outcome_jam_final_state_mse": 0.016236374970355065,
      "h75/outcome_jam_state_mse": 0.015368032019122754,
      "h75/outcome_miss_episode_count": 3,
      "h75/outcome_miss_final_state_mse": 0.04843362600974787,
      "h75/outcome_miss_state_mse": 0.028293441406781895,
      "h75/outcome_partial_episode_count": 3,
      "h75/outcome_partial_final_state_mse": 0.015683229452644297,
      "h75/outcome_partial_state_mse": 0.01428745311329827,
      "h75/outcome_success_episode_count": 3,
      "h75/outcome_success_final_state_mse": 0.017234303787642836,
      "h75/outcome_success_state_mse": 0.01446126002891391,
      "h75/state_mse": 0.016954239855664487,
      "max_requested_horizon": 125,
      "reencode_period": 50,
      "rollout_mode": "periodic_50"
    }
  },
  "split": "test",
  "support_alignment": {
    "contact_phase": {
      "contact_phase_family_ari": 0.0002801674875112323,
      "contact_phase_family_nmi": 0.01477874249971343,
      "contact_phase_family_purity": 0.9996668887408394,
      "contact_phase_sample_count": 3002.0,
      "h_contact_phase_given_family": 0.0018818065475806774,
      "h_family_given_contact_phase": 1.9079445430156283,
      "unique_contact_phase_count": 2.0,
      "unique_family_count": 12.0
    },
    "contact_phase_alignment_available": true,
    "evaluated_state_count": 3017,
    "family_count": 14,
    "mean_family_similarity": 0.46831873059272766,
    "mean_support_size": 197.60092807424593,
    "outcome_alignment_available": true,
    "outcome_state": {
      "h_family_given_outcome": 0.8213534164441314,
      "h_outcome_given_family": 1.1673118348132014,
      "outcome_family_ari": -0.07692307692307693,
      "outcome_family_nmi": 0.3100451332788128,
      "outcome_family_purity": 0.4666666666666667,
      "outcome_sample_count": 15.0,
      "unique_family_count": 5.0,
      "unique_outcome_count": 5.0
    },
    "status": "ok",
    "unassigned_state_fraction": 0.0,
    "validation_state_count": 2346
  },
  "support_threshold": 0.2
}
{
  "best_periodic_rollout": {
    "episode_count": 15,
    "h10/episode_count": 15,
    "h10/final_state_mse": 0.0017906640869340086,
    "h10/outcome_drop_episode_count": 3,
    "h10/outcome_drop_final_state_mse": 0.0011879432386432598,
    "h10/outcome_drop_state_mse": 0.0015287611609190897,
    "h10/outcome_jam_episode_count": 3,
    "h10/outcome_jam_final_state_mse": 0.0015973959580745573,
    "h10/outcome_jam_state_mse": 0.0017719323339025958,
    "h10/outcome_miss_episode_count": 3,
    "h10/outcome_miss_final_state_mse": 0.003916865129486408,
    "h10/outcome_miss_state_mse": 0.008608840259851194,
    "h10/outcome_partial_episode_count": 3,
    "h10/outcome_partial_final_state_mse": 0.0011371540672638837,
    "h10/outcome_partial_state_mse": 0.0014906275895685932,
    "h10/outcome_success_episode_count": 3,
    "h10/outcome_success_final_state_mse": 0.0011139629664374334,
    "h10/outcome_success_state_mse": 0.001488971904991499,
    "h10/selected_mode": "periodic_5",
    "h10/selected_period": 5,
    "h10/state_mse": 0.0029778267355526195,
    "h100/episode_count": 15,
    "h100/final_state_mse": 0.0025371936411639445,
    "h100/outcome_drop_episode_count": 3,
    "h100/outcome_drop_final_state_mse": 0.002790860490861282,
    "h100/outcome_drop_state_mse": 0.0019457662495133143,
    "h100/outcome_jam_episode_count": 3,
    "h100/outcome_jam_final_state_mse": 0.0025677587228273256,
    "h100/outcome_jam_state_mse": 0.0021876629349453,
    "h100/outcome_miss_episode_count": 3,
    "h100/outcome_miss_final_state_mse": 0.003861146912076115,
    "h100/outcome_miss_state_mse": 0.0029730828603108726,
    "h100/outcome_partial_episode_count": 3,
    "h100/outcome_partial_final_state_mse": 0.001927399508703768,
    "h100/outcome_partial_state_mse": 0.0017232062458212858,
    "h100/outcome_success_episode_count": 3,
    "h100/outcome_success_final_state_mse": 0.0015388024496097192,
    "h100/outcome_success_state_mse": 0.0017945820365855897,
    "h100/selected_mode": "periodic_10",
    "h100/selected_period": 10,
    "h100/state_mse": 0.0021248601776322506,
    "h125/episode_count": 15,
    "h125/final_state_mse": 0.005058873556797801,
    "h125/outcome_drop_episode_count": 3,
    "h125/outcome_drop_final_state_mse": 0.0049841699549575255,
    "h125/outcome_drop_state_mse": 0.002534706863702512,
    "h125/outcome_jam_episode_count": 3,
    "h125/outcome_jam_final_state_mse": 0.004026946289087433,
    "h125/outcome_jam_state_mse": 0.002527947718801062,
    "h125/outcome_miss_episode_count": 3,
    "h125/outcome_miss_final_state_mse": 0.01184297913040211,
    "h125/outcome_miss_state_mse": 0.004475975335813036,
    "h125/outcome_partial_episode_count": 3,
    "h125/outcome_partial_final_state_mse": 0.0016345232116435867,
    "h125/outcome_partial_state_mse": 0.0017467185874390446,
    "h125/outcome_success_episode_count": 3,
    "h125/outcome_success_final_state_mse": 0.0028057479196124608,
    "h125/outcome_success_state_mse": 0.0019157369027729906,
    "h125/selected_mode": "periodic_10",
    "h125/selected_period": 10,
    "h125/state_mse": 0.002640217141544118,
    "h20/episode_count": 15,
    "h20/final_state_mse": 0.0012929460581611184,
    "h20/outcome_drop_episode_count": 3,
    "h20/outcome_drop_final_state_mse": 0.0012753518066959443,
    "h20/outcome_drop_state_mse": 0.00145802978986229,
    "h20/outcome_jam_episode_count": 3,
    "h20/outcome_jam_final_state_mse": 0.0013291654877023759,
    "h20/outcome_jam_state_mse": 0.0016637211921168309,
    "h20/outcome_miss_episode_count": 3,
    "h20/outcome_miss_final_state_mse": 0.0015334717296307382,
    "h20/outcome_miss_state_mse": 0.005766456734900381,
    "h20/outcome_partial_episode_count": 3,
    "h20/outcome_partial_final_state_mse": 0.0011424191929156485,
    "h20/outcome_partial_state_mse": 0.001422145280962676,
    "h20/outcome_success_episode_count": 3,
    "h20/outcome_success_final_state_mse": 0.0011843221103833392,
    "h20/outcome_success_state_mse": 0.0014320210498922012,
    "h20/selected_mode": "periodic_10",
    "h20/selected_period": 10,
    "h20/state_mse": 0.002348474739423764,
    "h30/episode_count": 15,
    "h30/final_state_mse": 0.0013642666386623008,
    "h30/outcome_drop_episode_count": 3,
    "h30/outcome_drop_final_state_mse": 0.0013747917963009254,
    "h30/outcome_drop_state_mse": 0.0014947553865270677,
    "h30/outcome_jam_episode_count": 3,
    "h30/outcome_jam_final_state_mse": 0.0015155786246645684,
    "h30/outcome_jam_state_mse": 0.0016859061058310382,
    "h30/outcome_miss_episode_count": 3,
    "h30/outcome_miss_final_state_mse": 0.001226915399623073,
    "h30/outcome_miss_state_mse": 0.004350107687490958,
    "h30/outcome_partial_episode_count": 3,
    "h30/outcome_partial_final_state_mse": 0.0013302786677491431,
    "h30/outcome_partial_state_mse": 0.0014575261955427448,
    "h30/outcome_success_episode_count": 3,
    "h30/outcome_success_final_state_mse": 0.0013737686075805838,
    "h30/outcome_success_state_mse": 0.001468408627188024,
    "h30/selected_mode": "periodic_10",
    "h30/selected_period": 10,
    "h30/state_mse": 0.0020913407070184847,
    "h40/episode_count": 15,
    "h40/final_state_mse": 0.0015226594762864456,
    "h40/outcome_drop_episode_count": 3,
    "h40/outcome_drop_final_state_mse": 0.00164132981615908,
    "h40/outcome_drop_state_mse": 0.0015457702812805675,
    "h40/outcome_jam_episode_count": 3,
    "h40/outcome_jam_final_state_mse": 0.0015918652898345897,
    "h40/outcome_jam_state_mse": 0.0017441107167137993,
    "h40/outcome_miss_episode_count": 3,
    "h40/outcome_miss_final_state_mse": 0.0016052815941424152,
    "h40/outcome_miss_state_mse": 0.00367993217667723,
    "h40/outcome_partial_episode_count": 3,
    "h40/outcome_partial_final_state_mse": 0.0013702671512279634,
    "h40/outcome_partial_state_mse": 0.0014849942494062037,
    "h40/outcome_success_episode_count": 3,
    "h40/outcome_success_final_state_mse": 0.0014045537492029028,
    "h40/outcome_success_state_mse": 0.0014955310650121153,
    "h40/selected_mode": "periodic_10",
    "h40/selected_period": 10,
    "h40/state_mse": 0.001990067725088082,
    "h50/episode_count": 15,
    "h50/final_state_mse": 0.0016897360483805338,
    "h50/outcome_drop_episode_count": 3,
    "h50/outcome_drop_final_state_mse": 0.0015811385233807408,
    "h50/outcome_drop_state_mse": 0.0016005743251127356,
    "h50/outcome_jam_episode_count": 3,
    "h50/outcome_jam_final_state_mse": 0.0019096203050971811,
    "h50/outcome_jam_state_mse": 0.0018345255321926541,
    "h50/outcome_miss_episode_count": 3,
    "h50/outcome_miss_final_state_mse": 0.001651083259216321,
    "h50/outcome_miss_state_mse": 0.003312325508765925,
    "h50/outcome_partial_episode_count": 3,
    "h50/outcome_partial_final_state_mse": 0.0016303967708855673,
    "h50/outcome_partial_state_mse": 0.0015450343587040123,
    "h50/outcome_success_episode_count": 3,
    "h50/outcome_success_final_state_mse": 0.0016764414320194643,
    "h50/outcome_success_state_mse": 0.0015616969501270968,
    "h50/selected_mode": "periodic_10",
    "h50/selected_period": 10,
    "h50/state_mse": 0.001970831378612643,
    "h75/episode_count": 15,
    "h75/final_state_mse": 0.0028093749401616117,
    "h75/outcome_drop_episode_count": 3,
    "h75/outcome_drop_final_state_mse": 0.002078343986296186,
    "h75/outcome_drop_state_mse": 0.0016864495080021213,
    "h75/outcome_jam_episode_count": 3,
    "h75/outcome_jam_final_state_mse": 0.002913820100765602,
    "h75/outcome_jam_state_mse": 0.0020552239179091776,
    "h75/outcome_miss_episode_count": 3,
    "h75/outcome_miss_final_state_mse": 0.003367859407577639,
    "h75/outcome_miss_state_mse": 0.0029229272580614278,
    "h75/outcome_partial_episode_count": 3,
    "h75/outcome_partial_final_state_mse": 0.0026678247681630202,
    "h75/outcome_partial_state_mse": 0.0016975455813937716,
    "h75/outcome_success_episode_count": 3,
    "h75/outcome_success_final_state_mse": 0.0030190252205904793,
    "h75/outcome_success_state_mse": 0.001728939937350537,
    "h75/selected_mode": "periodic_10",
    "h75/selected_period": 10,
    "h75/state_mse": 0.002018217198988971,
    "max_requested_horizon": 125,
    "periodic_reencode_periods": [
      1,
      2,
      5,
      10,
      20,
      50,
      100
    ],
    "rollout_mode": "best_periodic"
  },
  "checkpoint": "runs/maniskill_insertion/perturbation_e20_5k_lista_optimizer_refine_20260604_155050/lista_relu_a0p01_sp1em4_loops2_lr7em4_wd1em4_k1em4/seed0/checkpoint.pt",
  "checkpoint_step": 2500,
  "dataset": "data/maniskill/perturbation_assessment_seed0_e20/all_setups.npz",
  "device": "cuda",
  "family_jaccard": 0.4,
  "horizons": [
    10,
    20,
    30,
    40,
    50,
    75,
    100,
    125
  ],
  "labels_used_for_training": false,
  "periodic_reencode_periods": [
    1,
    2,
    5,
    10,
    20,
    50,
    100
  ],
  "rollout": {
    "episode_count": 15,
    "h10/episode_count": 15,
    "h10/final_state_mse": 0.0027578852535073274,
    "h10/outcome_drop_episode_count": 3,
    "h10/outcome_drop_final_state_mse": 0.002042474018202888,
    "h10/outcome_drop_state_mse": 0.0016013227257074094,
    "h10/outcome_jam_episode_count": 3,
    "h10/outcome_jam_final_state_mse": 0.0024084700575841018,
    "h10/outcome_jam_state_mse": 0.0018081370132421357,
    "h10/outcome_miss_episode_count": 3,
    "h10/outcome_miss_final_state_mse": 0.005252817292618596,
    "h10/outcome_miss_state_mse": 0.009041096182430491,
    "h10/outcome_partial_episode_count": 3,
    "h10/outcome_partial_final_state_mse": 0.0020531227483468898,
    "h10/outcome_partial_state_mse": 0.001570666654437196,
    "h10/outcome_success_episode_count": 3,
    "h10/outcome_success_final_state_mse": 0.002032541371638479,
    "h10/outcome_success_state_mse": 0.0015744824035494936,
    "h10/state_mse": 0.0031191410737879135,
    "h100/episode_count": 15,
    "h100/final_state_mse": 283.29665032679736,
    "h100/outcome_drop_episode_count": 3,
    "h100/outcome_drop_final_state_mse": 198.15636169832516,
    "h100/outcome_drop_state_mse": 13.066700367647059,
    "h100/outcome_jam_episode_count": 3,
    "h100/outcome_jam_final_state_mse": 203.2894678053513,
    "h100/outcome_jam_state_mse": 13.433613664215686,
    "h100/outcome_miss_episode_count": 3,
    "h100/outcome_miss_final_state_mse": 618.4910705167483,
    "h100/outcome_miss_state_mse": 38.53099022160948,
    "h100/outcome_partial_episode_count": 3,
    "h100/outcome_partial_final_state_mse": 198.33975439133988,
    "h100/outcome_partial_state_mse": 13.023591962826798,
    "h100/outcome_success_episode_count": 3,
    "h100/outcome_success_final_state_mse": 198.20656849979576,
    "h100/outcome_success_state_mse": 13.06072891135621,
    "h100/state_mse": 18.223124183006536,
    "h125/episode_count": 15,
    "h125/final_state_mse": 13625.118954248366,
    "h125/outcome_drop_episode_count": 3,
    "h125/outcome_drop_final_state_mse": 10601.059563929739,
    "h125/outcome_drop_state_mse": 539.958545751634,
    "h125/outcome_jam_episode_count": 3,
    "h125/outcome_jam_final_state_mse": 10426.188674428104,
    "h125/outcome_jam_state_mse": 538.347794117647,
    "h125/outcome_miss_episode_count": 3,
    "h125/outcome_miss_final_state_mse": 26858.239379084967,
    "h125/outcome_miss_state_mse": 1508.2163529411764,
    "h125/outcome_partial_episode_count": 3,
    "h125/outcome_partial_final_state_mse": 10044.1006689134,
    "h125/outcome_partial_state_mse": 519.4836111111111,
    "h125/outcome_success_episode_count": 3,
    "h125/outcome_success_final_state_mse": 10196.00119995915,
    "h125/outcome_success_state_mse": 525.5511503267974,
    "h125/state_mse": 726.31157124183,
    "h20/episode_count": 15,
    "h20/final_state_mse": 0.007530571432674632,
    "h20/outcome_drop_episode_count": 3,
    "h20/outcome_drop_final_state_mse": 0.007346529635339001,
    "h20/outcome_drop_state_mse": 0.0035201990916058907,
    "h20/outcome_jam_episode_count": 3,
    "h20/outcome_jam_final_state_mse": 0.00786236055146635,
    "h20/outcome_jam_state_mse": 0.0036745510849298217,
    "h20/outcome_miss_episode_count": 3,
    "h20/outcome_miss_final_state_mse": 0.0074337118006999195,
    "h20/outcome_miss_state_mse": 0.007764318877575444,
    "h20/outcome_partial_episode_count": 3,
    "h20/outcome_partial_final_state_mse": 0.007459470697867325,
    "h20/outcome_partial_state_mse": 0.0034577803674087026,
    "h20/outcome_success_episode_count": 3,
    "h20/outcome_success_final_state_mse": 0.00755078535453946,
    "h20/outcome_success_state_mse": 0.0034651036356009688,
    "h20/state_mse": 0.0043763907438789315,
    "h30/episode_count": 15,
    "h30/final_state_mse": 0.008801700866300296,
    "h30/outcome_drop_episode_count": 3,
    "h30/outcome_drop_final_state_mse": 0.007338894543304942,
    "h30/outcome_drop_state_mse": 0.0047277671838897506,
    "h30/outcome_jam_episode_count": 3,
    "h30/outcome_jam_final_state_mse": 0.0076593806346257525,
    "h30/outcome_jam_state_mse": 0.004985066384791289,
    "h30/outcome_miss_episode_count": 3,
    "h30/outcome_miss_final_state_mse": 0.01418960484024746,
    "h30/outcome_miss_state_mse": 0.008546661135937394,
    "h30/outcome_partial_episode_count": 3,
    "h30/outcome_partial_final_state_mse": 0.007391297934102077,
    "h30/outcome_partial_state_mse": 0.004690982521489295,
    "h30/outcome_success_episode_count": 3,
    "h30/outcome_success_final_state_mse": 0.007429331346274981,
    "h30/outcome_success_state_mse": 0.004694579889052314,
    "h30/state_mse": 0.005529011246425654,
    "h40/episode_count": 15,
    "h40/final_state_mse": 0.02743120629803028,
    "h40/outcome_drop_episode_count": 3,
    "h40/outcome_drop_final_state_mse": 0.021181463805678622,
    "h40/outcome_drop_state_mse": 0.007191363580865797,
    "h40/outcome_jam_episode_count": 3,
    "h40/outcome_jam_final_state_mse": 0.021758964638304866,
    "h40/outcome_jam_state_mse": 0.007273141854728748,
    "h40/outcome_miss_episode_count": 3,
    "h40/outcome_miss_final_state_mse": 0.0503613364462759,
    "h40/outcome_miss_state_mse": 0.014196479865928101,
    "h40/outcome_partial_episode_count": 3,
    "h40/outcome_partial_final_state_mse": 0.02185874476152308,
    "h40/outcome_partial_state_mse": 0.006857191269693811,
    "h40/outcome_success_episode_count": 3,
    "h40/outcome_success_final_state_mse": 0.021995517163494835,
    "h40/outcome_success_state_mse": 0.006895334736194486,
    "h40/state_mse": 0.008482702915964563,
    "h50/episode_count": 15,
    "h50/final_state_mse": 0.08715796377144608,
    "h50/outcome_drop_episode_count": 3,
    "h50/outcome_drop_final_state_mse": 0.06933270716199688,
    "h50/outcome_drop_state_mse": 0.014043133804221558,
    "h50/outcome_jam_episode_count": 3,
    "h50/outcome_jam_final_state_mse": 0.08237158239277359,
    "h50/outcome_jam_state_mse": 0.016133457757289114,
    "h50/outcome_miss_episode_count": 3,
    "h50/outcome_miss_final_state_mse": 0.12662199743432936,
    "h50/outcome_miss_state_mse": 0.02875055599835963,
    "h50/outcome_partial_episode_count": 3,
    "h50/outcome_partial_final_state_mse": 0.07800640000237359,
    "h50/outcome_partial_state_mse": 0.015157413108676087,
    "h50/outcome_success_episode_count": 3,
    "h50/outcome_success_final_state_mse": 0.0794571303074656,
    "h50/outcome_success_state_mse": 0.015326406690809462,
    "h50/state_mse": 0.017882193372140524,
    "h75/episode_count": 15,
    "h75/final_state_mse": 2.396306934232026,
    "h75/outcome_drop_episode_count": 3,
    "h75/outcome_drop_final_state_mse": 1.7908564299539802,
    "h75/outcome_drop_state_mse": 0.14865600851885893,
    "h75/outcome_jam_episode_count": 3,
    "h75/outcome_jam_final_state_mse": 1.9928730734033522,
    "h75/outcome_jam_state_mse": 0.16894439763752722,
    "h75/outcome_miss_episode_count": 3,
    "h75/outcome_miss_final_state_mse": 4.2724019094230306,
    "h75/outcome_miss_state_mse": 0.31652465554364106,
    "h75/outcome_partial_episode_count": 3,
    "h75/outcome_partial_final_state_mse": 1.940147000979754,
    "h75/outcome_partial_state_mse": 0.16311801353570943,
    "h75/outcome_success_episode_count": 3,
    "h75/outcome_success_final_state_mse": 1.985255721347784,
    "h75/outcome_success_state_mse": 0.1664831223830678,
    "h75/state_mse": 0.1927452512254902,
    "max_requested_horizon": 125,
    "reencode_period": null,
    "rollout_mode": "no_reencode"
  },
  "rollout_modes": {
    "no_reencode": {
      "episode_count": 15,
      "h10/episode_count": 15,
      "h10/final_state_mse": 0.0027578852535073274,
      "h10/outcome_drop_episode_count": 3,
      "h10/outcome_drop_final_state_mse": 0.002042474018202888,
      "h10/outcome_drop_state_mse": 0.0016013227257074094,
      "h10/outcome_jam_episode_count": 3,
      "h10/outcome_jam_final_state_mse": 0.0024084700575841018,
      "h10/outcome_jam_state_mse": 0.0018081370132421357,
      "h10/outcome_miss_episode_count": 3,
      "h10/outcome_miss_final_state_mse": 0.005252817292618596,
      "h10/outcome_miss_state_mse": 0.009041096182430491,
      "h10/outcome_partial_episode_count": 3,
      "h10/outcome_partial_final_state_mse": 0.0020531227483468898,
      "h10/outcome_partial_state_mse": 0.001570666654437196,
      "h10/outcome_success_episode_count": 3,
      "h10/outcome_success_final_state_mse": 0.002032541371638479,
      "h10/outcome_success_state_mse": 0.0015744824035494936,
      "h10/state_mse": 0.0031191410737879135,
      "h100/episode_count": 15,
      "h100/final_state_mse": 283.29665032679736,
      "h100/outcome_drop_episode_count": 3,
      "h100/outcome_drop_final_state_mse": 198.15636169832516,
      "h100/outcome_drop_state_mse": 13.066700367647059,
      "h100/outcome_jam_episode_count": 3,
      "h100/outcome_jam_final_state_mse": 203.2894678053513,
      "h100/outcome_jam_state_mse": 13.433613664215686,
      "h100/outcome_miss_episode_count": 3,
      "h100/outcome_miss_final_state_mse": 618.4910705167483,
      "h100/outcome_miss_state_mse": 38.53099022160948,
      "h100/outcome_partial_episode_count": 3,
      "h100/outcome_partial_final_state_mse": 198.33975439133988,
      "h100/outcome_partial_state_mse": 13.023591962826798,
      "h100/outcome_success_episode_count": 3,
      "h100/outcome_success_final_state_mse": 198.20656849979576,
      "h100/outcome_success_state_mse": 13.06072891135621,
      "h100/state_mse": 18.223124183006536,
      "h125/episode_count": 15,
      "h125/final_state_mse": 13625.118954248366,
      "h125/outcome_drop_episode_count": 3,
      "h125/outcome_drop_final_state_mse": 10601.059563929739,
      "h125/outcome_drop_state_mse": 539.958545751634,
      "h125/outcome_jam_episode_count": 3,
      "h125/outcome_jam_final_state_mse": 10426.188674428104,
      "h125/outcome_jam_state_mse": 538.347794117647,
      "h125/outcome_miss_episode_count": 3,
      "h125/outcome_miss_final_state_mse": 26858.239379084967,
      "h125/outcome_miss_state_mse": 1508.2163529411764,
      "h125/outcome_partial_episode_count": 3,
      "h125/outcome_partial_final_state_mse": 10044.1006689134,
      "h125/outcome_partial_state_mse": 519.4836111111111,
      "h125/outcome_success_episode_count": 3,
      "h125/outcome_success_final_state_mse": 10196.00119995915,
      "h125/outcome_success_state_mse": 525.5511503267974,
      "h125/state_mse": 726.31157124183,
      "h20/episode_count": 15,
      "h20/final_state_mse": 0.007530571432674632,
      "h20/outcome_drop_episode_count": 3,
      "h20/outcome_drop_final_state_mse": 0.007346529635339001,
      "h20/outcome_drop_state_mse": 0.0035201990916058907,
      "h20/outcome_jam_episode_count": 3,
      "h20/outcome_jam_final_state_mse": 0.00786236055146635,
      "h20/outcome_jam_state_mse": 0.0036745510849298217,
      "h20/outcome_miss_episode_count": 3,
      "h20/outcome_miss_final_state_mse": 0.0074337118006999195,
      "h20/outcome_miss_state_mse": 0.007764318877575444,
      "h20/outcome_partial_episode_count": 3,
      "h20/outcome_partial_final_state_mse": 0.007459470697867325,
      "h20/outcome_partial_state_mse": 0.0034577803674087026,
      "h20/outcome_success_episode_count": 3,
      "h20/outcome_success_final_state_mse": 0.00755078535453946,
      "h20/outcome_success_state_mse": 0.0034651036356009688,
      "h20/state_mse": 0.0043763907438789315,
      "h30/episode_count": 15,
      "h30/final_state_mse": 0.008801700866300296,
      "h30/outcome_drop_episode_count": 3,
      "h30/outcome_drop_final_state_mse": 0.007338894543304942,
      "h30/outcome_drop_state_mse": 0.0047277671838897506,
      "h30/outcome_jam_episode_count": 3,
      "h30/outcome_jam_final_state_mse": 0.0076593806346257525,
      "h30/outcome_jam_state_mse": 0.004985066384791289,
      "h30/outcome_miss_episode_count": 3,
      "h30/outcome_miss_final_state_mse": 0.01418960484024746,
      "h30/outcome_miss_state_mse": 0.008546661135937394,
      "h30/outcome_partial_episode_count": 3,
      "h30/outcome_partial_final_state_mse": 0.007391297934102077,
      "h30/outcome_partial_state_mse": 0.004690982521489295,
      "h30/outcome_success_episode_count": 3,
      "h30/outcome_success_final_state_mse": 0.007429331346274981,
      "h30/outcome_success_state_mse": 0.004694579889052314,
      "h30/state_mse": 0.005529011246425654,
      "h40/episode_count": 15,
      "h40/final_state_mse": 0.02743120629803028,
      "h40/outcome_drop_episode_count": 3,
      "h40/outcome_drop_final_state_mse": 0.021181463805678622,
      "h40/outcome_drop_state_mse": 0.007191363580865797,
      "h40/outcome_jam_episode_count": 3,
      "h40/outcome_jam_final_state_mse": 0.021758964638304866,
      "h40/outcome_jam_state_mse": 0.007273141854728748,
      "h40/outcome_miss_episode_count": 3,
      "h40/outcome_miss_final_state_mse": 0.0503613364462759,
      "h40/outcome_miss_state_mse": 0.014196479865928101,
      "h40/outcome_partial_episode_count": 3,
      "h40/outcome_partial_final_state_mse": 0.02185874476152308,
      "h40/outcome_partial_state_mse": 0.006857191269693811,
      "h40/outcome_success_episode_count": 3,
      "h40/outcome_success_final_state_mse": 0.021995517163494835,
      "h40/outcome_success_state_mse": 0.006895334736194486,
      "h40/state_mse": 0.008482702915964563,
      "h50/episode_count": 15,
      "h50/final_state_mse": 0.08715796377144608,
      "h50/outcome_drop_episode_count": 3,
      "h50/outcome_drop_final_state_mse": 0.06933270716199688,
      "h50/outcome_drop_state_mse": 0.014043133804221558,
      "h50/outcome_jam_episode_count": 3,
      "h50/outcome_jam_final_state_mse": 0.08237158239277359,
      "h50/outcome_jam_state_mse": 0.016133457757289114,
      "h50/outcome_miss_episode_count": 3,
      "h50/outcome_miss_final_state_mse": 0.12662199743432936,
      "h50/outcome_miss_state_mse": 0.02875055599835963,
      "h50/outcome_partial_episode_count": 3,
      "h50/outcome_partial_final_state_mse": 0.07800640000237359,
      "h50/outcome_partial_state_mse": 0.015157413108676087,
      "h50/outcome_success_episode_count": 3,
      "h50/outcome_success_final_state_mse": 0.0794571303074656,
      "h50/outcome_success_state_mse": 0.015326406690809462,
      "h50/state_mse": 0.017882193372140524,
      "h75/episode_count": 15,
      "h75/final_state_mse": 2.396306934232026,
      "h75/outcome_drop_episode_count": 3,
      "h75/outcome_drop_final_state_mse": 1.7908564299539802,
      "h75/outcome_drop_state_mse": 0.14865600851885893,
      "h75/outcome_jam_episode_count": 3,
      "h75/outcome_jam_final_state_mse": 1.9928730734033522,
      "h75/outcome_jam_state_mse": 0.16894439763752722,
      "h75/outcome_miss_episode_count": 3,
      "h75/outcome_miss_final_state_mse": 4.2724019094230306,
      "h75/outcome_miss_state_mse": 0.31652465554364106,
      "h75/outcome_partial_episode_count": 3,
      "h75/outcome_partial_final_state_mse": 1.940147000979754,
      "h75/outcome_partial_state_mse": 0.16311801353570943,
      "h75/outcome_success_episode_count": 3,
      "h75/outcome_success_final_state_mse": 1.985255721347784,
      "h75/outcome_success_state_mse": 0.1664831223830678,
      "h75/state_mse": 0.1927452512254902,
      "max_requested_horizon": 125,
      "reencode_period": null,
      "rollout_mode": "no_reencode"
    },
    "periodic_1": {
      "episode_count": 15,
      "h10/episode_count": 15,
      "h10/final_state_mse": 0.0035496705497791567,
      "h10/outcome_drop_episode_count": 3,
      "h10/outcome_drop_final_state_mse": 0.002980222572493397,
      "h10/outcome_drop_state_mse": 0.0023168591112872356,
      "h10/outcome_jam_episode_count": 3,
      "h10/outcome_jam_final_state_mse": 0.0034674113628521464,
      "h10/outcome_jam_state_mse": 0.0026373686354144725,
      "h10/outcome_miss_episode_count": 3,
      "h10/outcome_miss_final_state_mse": 0.005236518149282418,
      "h10/outcome_miss_state_mse": 0.008900757396922391,
      "h10/outcome_partial_episode_count": 3,
      "h10/outcome_partial_final_state_mse": 0.0030464513190821105,
      "h10/outcome_partial_state_mse": 0.002278222133910734,
      "h10/outcome_success_episode_count": 3,
      "h10/outcome_success_final_state_mse": 0.0030177486877815394,
      "h10/outcome_success_state_mse": 0.0022933207306207394,
      "h10/state_mse": 0.0036853054769678054,
      "h100/episode_count": 15,
      "h100/final_state_mse": 0.0056802462908177595,
      "h100/outcome_drop_episode_count": 3,
      "h100/outcome_drop_final_state_mse": 0.005658977756313249,
      "h100/outcome_drop_state_mse": 0.0042814814499001095,
      "h100/outcome_jam_episode_count": 3,
      "h100/outcome_jam_final_state_mse": 0.007700491672247843,
      "h100/outcome_jam_state_mse": 0.004553101732839946,
      "h100/outcome_miss_episode_count": 3,
      "h100/outcome_miss_final_state_mse": 0.007294163107872009,
      "h100/outcome_miss_state_mse": 0.007683599634108201,
      "h100/outcome_partial_episode_count": 3,
      "h100/outcome_partial_final_state_mse": 0.00352571154731551,
      "h100/outcome_partial_state_mse": 0.004024135988522199,
      "h100/outcome_success_episode_count": 3,
      "h100/outcome_success_final_state_mse": 0.004221887126857159,
      "h100/outcome_success_state_mse": 0.004462179296156939,
      "h100/state_mse": 0.005000899570440155,
      "h125/episode_count": 15,
      "h125/final_state_mse": 0.013166706858117596,
      "h125/outcome_drop_episode_count": 3,
      "h125/outcome_drop_final_state_mse": 0.011081696530572728,
      "h125/outcome_drop_state_mse": 0.0050548704060074555,
      "h125/outcome_jam_episode_count": 3,
      "h125/outcome_jam_final_state_mse": 0.01572058091755786,
      "h125/outcome_jam_state_mse": 0.005760367399726818,
      "h125/outcome_miss_episode_count": 3,
      "h125/outcome_miss_final_state_mse": 0.023643724912521886,
      "h125/outcome_miss_state_mse": 0.009537223865783293,
      "h125/outcome_partial_episode_count": 3,
      "h125/outcome_partial_final_state_mse": 0.004296687011625252,
      "h125/outcome_partial_state_mse": 0.00402318961947572,
      "h125/outcome_success_episode_count": 3,
      "h125/outcome_success_final_state_mse": 0.011090843165232464,
      "h125/outcome_success_state_mse": 0.005186118331609988,
      "h125/state_mse": 0.005912353196486928,
      "h20/episode_count": 15,
      "h20/final_state_mse": 0.007351724462571487,
      "h20/outcome_drop_episode_count": 3,
      "h20/outcome_drop_final_state_mse": 0.0034733501816886702,
      "h20/outcome_drop_state_mse": 0.0026923334676455827,
      "h20/outcome_jam_episode_count": 3,
      "h20/outcome_jam_final_state_mse": 0.00387949106934803,
      "h20/outcome_jam_state_mse": 0.0031361254601696737,
      "h20/outcome_miss_episode_count": 3,
      "h20/outcome_miss_final_state_mse": 0.023067594499759425,
      "h20/outcome_miss_state_mse": 0.010315995122872146,
      "h20/outcome_partial_episode_count": 3,
      "h20/outcome_partial_final_state_mse": 0.0031823282148323805,
      "h20/outcome_partial_state_mse": 0.0026296277061786527,
      "h20/outcome_success_episode_count": 3,
      "h20/outcome_success_final_state_mse": 0.003155856983723983,
      "h20/outcome_success_state_mse": 0.0026358691305896037,
      "h20/state_mse": 0.0042819902008655025,
      "h30/episode_count": 15,
      "h30/final_state_mse": 0.0043554848315669045,
      "h30/outcome_drop_episode_count": 3,
      "h30/outcome_drop_final_state_mse": 0.002755239946779862,
      "h30/outcome_drop_state_mse": 0.0027542809515477265,
      "h30/outcome_jam_episode_count": 3,
      "h30/outcome_jam_final_state_mse": 0.002571418808371413,
      "h30/outcome_jam_state_mse": 0.0031888127067250106,
      "h30/outcome_miss_episode_count": 3,
      "h30/outcome_miss_final_state_mse": 0.01102845468162711,
      "h30/outcome_miss_state_mse": 0.01195174593291771,
      "h30/outcome_partial_episode_count": 3,
      "h30/outcome_partial_final_state_mse": 0.0026879063229155696,
      "h30/outcome_partial_state_mse": 0.0027139515398894,
      "h30/outcome_success_episode_count": 3,
      "h30/outcome_success_final_state_mse": 0.002734403667691486,
      "h30/outcome_success_state_mse": 0.002710873343066712,
      "h30/state_mse": 0.0046639329831324895,
      "h40/episode_count": 15,
      "h40/final_state_mse": 0.004798308229134753,
      "h40/outcome_drop_episode_count": 3,
      "h40/outcome_drop_final_state_mse": 0.004594148276678098,
      "h40/outcome_drop_state_mse": 0.0029508935859779905,
      "h40/outcome_jam_episode_count": 3,
      "h40/outcome_jam_final_state_mse": 0.004078751977752237,
      "h40/outcome_jam_state_mse": 0.0032529733928979613,
      "h40/outcome_miss_episode_count": 3,
      "h40/outcome_miss_final_state_mse": 0.0056835933058869605,
      "h40/outcome_miss_state_mse": 0.010820210213754691,
      "h40/outcome_partial_episode_count": 3,
      "h40/outcome_partial_final_state_mse": 0.004781890149210014,
      "h40/outcome_partial_state_mse": 0.0029088359642652126,
      "h40/outcome_success_episode_count": 3,
      "h40/outcome_success_final_state_mse": 0.004853157923112508,
      "h40/outcome_success_state_mse": 0.0029048736578498793,
      "h40/state_mse": 0.004567557440863715,
      "h50/episode_count": 15,
      "h50/final_state_mse": 0.005207733391157163,
      "h50/outcome_drop_episode_count": 3,
      "h50/outcome_drop_final_state_mse": 0.004479843027451459,
      "h50/outcome_drop_state_mse": 0.0032201834909277023,
      "h50/outcome_jam_episode_count": 3,
      "h50/outcome_jam_final_state_mse": 0.005033500346482969,
      "h50/outcome_jam_state_mse": 0.0035792754054848664,
      "h50/outcome_miss_episode_count": 3,
      "h50/outcome_miss_final_state_mse": 0.005846076444083569,
      "h50/outcome_miss_state_mse": 0.009829249039194942,
      "h50/outcome_partial_episode_count": 3,
      "h50/outcome_partial_final_state_mse": 0.005280709734150008,
      "h50/outcome_partial_state_mse": 0.0034187368006488076,
      "h50/outcome_success_episode_count": 3,
      "h50/outcome_success_final_state_mse": 0.00539853759840423,
      "h50/outcome_success_state_mse": 0.003433408924177581,
      "h50/state_mse": 0.004696170981413399,
      "h75/episode_count": 15,
      "h75/final_state_mse": 0.0059040748995114,
      "h75/outcome_drop_episode_count": 3,
      "h75/outcome_drop_final_state_mse": 0.005224588941904454,
      "h75/outcome_drop_state_mse": 0.0035941539922311155,
      "h75/outcome_jam_episode_count": 3,
      "h75/outcome_jam_final_state_mse": 0.004762111049072415,
      "h75/outcome_jam_state_mse": 0.004314170288883782,
      "h75/outcome_miss_episode_count": 3,
      "h75/outcome_miss_final_state_mse": 0.003731716838147905,
      "h75/outcome_miss_state_mse": 0.008319656106121918,
      "h75/outcome_partial_episode_count": 3,
      "h75/outcome_partial_final_state_mse": 0.007461093220056272,
      "h75/outcome_partial_state_mse": 0.004220747106215533,
      "h75/outcome_success_episode_count": 3,
      "h75/outcome_success_final_state_mse": 0.008340864594465766,
      "h75/outcome_success_state_mse": 0.004269803780615979,
      "h75/state_mse": 0.0049437056398080065,
      "max_requested_horizon": 125,
      "reencode_period": 1,
      "rollout_mode": "periodic_1"
    },
    "periodic_10": {
      "episode_count": 15,
      "h10/episode_count": 15,
      "h10/final_state_mse": 0.002757884941849054,
      "h10/outcome_drop_episode_count": 3,
      "h10/outcome_drop_final_state_mse": 0.0020424732147089016,
      "h10/outcome_drop_state_mse": 0.0016013227257074094,
      "h10/outcome_jam_episode_count": 3,
      "h10/outcome_jam_final_state_mse": 0.002408469814101076,
      "h10/outcome_jam_state_mse": 0.0018081369742848515,
      "h10/outcome_miss_episode_count": 3,
      "h10/outcome_miss_final_state_mse": 0.005252817633494832,
      "h10/outcome_miss_state_mse": 0.009041096338259629,
      "h10/outcome_partial_episode_count": 3,
      "h10/outcome_partial_final_state_mse": 0.002053122797043495,
      "h10/outcome_partial_state_mse": 0.0015706663427789227,
      "h10/outcome_success_episode_count": 3,
      "h10/outcome_success_final_state_mse": 0.002032542053390952,
      "h10/outcome_success_state_mse": 0.0015744825983359143,
      "h10/state_mse": 0.0031191410737879135,
      "h100/episode_count": 15,
      "h100/final_state_mse": 0.0025371936411639445,
      "h100/outcome_drop_episode_count": 3,
      "h100/outcome_drop_final_state_mse": 0.002790860490861282,
      "h100/outcome_drop_state_mse": 0.0019457662495133143,
      "h100/outcome_jam_episode_count": 3,
      "h100/outcome_jam_final_state_mse": 0.0025677587228273256,
      "h100/outcome_jam_state_mse": 0.0021876629349453,
      "h100/outcome_miss_episode_count": 3,
      "h100/outcome_miss_final_state_mse": 0.003861146912076115,
      "h100/outcome_miss_state_mse": 0.0029730828603108726,
      "h100/outcome_partial_episode_count": 3,
      "h100/outcome_partial_final_state_mse": 0.001927399508703768,
      "h100/outcome_partial_state_mse": 0.0017232062458212858,
      "h100/outcome_success_episode_count": 3,
      "h100/outcome_success_final_state_mse": 0.0015388024496097192,
      "h100/outcome_success_state_mse": 0.0017945820365855897,
      "h100/state_mse": 0.0021248601776322506,
      "h125/episode_count": 15,
      "h125/final_state_mse": 0.005058873556797801,
      "h125/outcome_drop_episode_count": 3,
      "h125/outcome_drop_final_state_mse": 0.0049841699549575255,
      "h125/outcome_drop_state_mse": 0.002534706863702512,
      "h125/outcome_jam_episode_count": 3,
      "h125/outcome_jam_final_state_mse": 0.004026946289087433,
      "h125/outcome_jam_state_mse": 0.002527947718801062,
      "h125/outcome_miss_episode_count": 3,
      "h125/outcome_miss_final_state_mse": 0.01184297913040211,
      "h125/outcome_miss_state_mse": 0.004475975335813036,
      "h125/outcome_partial_episode_count": 3,
      "h125/outcome_partial_final_state_mse": 0.0016345232116435867,
      "h125/outcome_partial_state_mse": 0.0017467185874390446,
      "h125/outcome_success_episode_count": 3,
      "h125/outcome_success_final_state_mse": 0.0028057479196124608,
      "h125/outcome_success_state_mse": 0.0019157369027729906,
      "h125/state_mse": 0.002640217141544118,
      "h20/episode_count": 15,
      "h20/final_state_mse": 0.0012929460581611184,
      "h20/outcome_drop_episode_count": 3,
      "h20/outcome_drop_final_state_mse": 0.0012753518066959443,
      "h20/outcome_drop_state_mse": 0.00145802978986229,
      "h20/outcome_jam_episode_count": 3,
      "h20/outcome_jam_final_state_mse": 0.0013291654877023759,
      "h20/outcome_jam_state_mse": 0.0016637211921168309,
      "h20/outcome_miss_episode_count": 3,
      "h20/outcome_miss_final_state_mse": 0.0015334717296307382,
      "h20/outcome_miss_state_mse": 0.005766456734900381,
      "h20/outcome_partial_episode_count": 3,
      "h20/outcome_partial_final_state_mse": 0.0011424191929156485,
      "h20/outcome_partial_state_mse": 0.001422145280962676,
      "h20/outcome_success_episode_count": 3,
      "h20/outcome_success_final_state_mse": 0.0011843221103833392,
      "h20/outcome_success_state_mse": 0.0014320210498922012,
      "h20/state_mse": 0.002348474739423764,
      "h30/episode_count": 15,
      "h30/final_state_mse": 0.0013642666386623008,
      "h30/outcome_drop_episode_count": 3,
      "h30/outcome_drop_final_state_mse": 0.0013747917963009254,
      "h30/outcome_drop_state_mse": 0.0014947553865270677,
      "h30/outcome_jam_episode_count": 3,
      "h30/outcome_jam_final_state_mse": 0.0015155786246645684,
      "h30/outcome_jam_state_mse": 0.0016859061058310382,
      "h30/outcome_miss_episode_count": 3,
      "h30/outcome_miss_final_state_mse": 0.001226915399623073,
      "h30/outcome_miss_state_mse": 0.004350107687490958,
      "h30/outcome_partial_episode_count": 3,
      "h30/outcome_partial_final_state_mse": 0.0013302786677491431,
      "h30/outcome_partial_state_mse": 0.0014575261955427448,
      "h30/outcome_success_episode_count": 3,
      "h30/outcome_success_final_state_mse": 0.0013737686075805838,
      "h30/outcome_success_state_mse": 0.001468408627188024,
      "h30/state_mse": 0.0020913407070184847,
      "h40/episode_count": 15,
      "h40/final_state_mse": 0.0015226594762864456,
      "h40/outcome_drop_episode_count": 3,
      "h40/outcome_drop_final_state_mse": 0.00164132981615908,
      "h40/outcome_drop_state_mse": 0.0015457702812805675,
      "h40/outcome_jam_episode_count": 3,
      "h40/outcome_jam_final_state_mse": 0.0015918652898345897,
      "h40/outcome_jam_state_mse": 0.0017441107167137993,
      "h40/outcome_miss_episode_count": 3,
      "h40/outcome_miss_final_state_mse": 0.0016052815941424152,
      "h40/outcome_miss_state_mse": 0.00367993217667723,
      "h40/outcome_partial_episode_count": 3,
      "h40/outcome_partial_final_state_mse": 0.0013702671512279634,
      "h40/outcome_partial_state_mse": 0.0014849942494062037,
      "h40/outcome_success_episode_count": 3,
      "h40/outcome_success_final_state_mse": 0.0014045537492029028,
      "h40/outcome_success_state_mse": 0.0014955310650121153,
      "h40/state_mse": 0.001990067725088082,
      "h50/episode_count": 15,
      "h50/final_state_mse": 0.0016897360483805338,
      "h50/outcome_drop_episode_count": 3,
      "h50/outcome_drop_final_state_mse": 0.0015811385233807408,
      "h50/outcome_drop_state_mse": 0.0016005743251127356,
      "h50/outcome_jam_episode_count": 3,
      "h50/outcome_jam_final_state_mse": 0.0019096203050971811,
      "h50/outcome_jam_state_mse": 0.0018345255321926541,
      "h50/outcome_miss_episode_count": 3,
      "h50/outcome_miss_final_state_mse": 0.001651083259216321,
      "h50/outcome_miss_state_mse": 0.003312325508765925,
      "h50/outcome_partial_episode_count": 3,
      "h50/outcome_partial_final_state_mse": 0.0016303967708855673,
      "h50/outcome_partial_state_mse": 0.0015450343587040123,
      "h50/outcome_success_episode_count": 3,
      "h50/outcome_success_final_state_mse": 0.0016764414320194643,
      "h50/outcome_success_state_mse": 0.0015616969501270968,
      "h50/state_mse": 0.001970831378612643,
      "h75/episode_count": 15,
      "h75/final_state_mse": 0.0028093749401616117,
      "h75/outcome_drop_episode_count": 3,
      "h75/outcome_drop_final_state_mse": 0.002078343986296186,
      "h75/outcome_drop_state_mse": 0.0016864495080021213,
      "h75/outcome_jam_episode_count": 3,
      "h75/outcome_jam_final_state_mse": 0.002913820100765602,
      "h75/outcome_jam_state_mse": 0.0020552239179091776,
      "h75/outcome_miss_episode_count": 3,
      "h75/outcome_miss_final_state_mse": 0.003367859407577639,
      "h75/outcome_miss_state_mse": 0.0029229272580614278,
      "h75/outcome_partial_episode_count": 3,
      "h75/outcome_partial_final_state_mse": 0.0026678247681630202,
      "h75/outcome_partial_state_mse": 0.0016975455813937716,
      "h75/outcome_success_episode_count": 3,
      "h75/outcome_success_final_state_mse": 0.0030190252205904793,
      "h75/outcome_success_state_mse": 0.001728939937350537,
      "h75/state_mse": 0.002018217198988971,
      "max_requested_horizon": 125,
      "reencode_period": 10,
      "rollout_mode": "periodic_10"
    },
    "periodic_100": {
      "episode_count": 15,
      "h10/episode_count": 15,
      "h10/final_state_mse": 0.002757884941849054,
      "h10/outcome_drop_episode_count": 3,
      "h10/outcome_drop_final_state_mse": 0.0020424732147089016,
      "h10/outcome_drop_state_mse": 0.0016013227257074094,
      "h10/outcome_jam_episode_count": 3,
      "h10/outcome_jam_final_state_mse": 0.002408469814101076,
      "h10/outcome_jam_state_mse": 0.0018081369742848515,
      "h10/outcome_miss_episode_count": 3,
      "h10/outcome_miss_final_state_mse": 0.005252817633494832,
      "h10/outcome_miss_state_mse": 0.009041096338259629,
      "h10/outcome_partial_episode_count": 3,
      "h10/outcome_partial_final_state_mse": 0.002053122797043495,
      "h10/outcome_partial_state_mse": 0.0015706663427789227,
      "h10/outcome_success_episode_count": 3,
      "h10/outcome_success_final_state_mse": 0.002032542053390952,
      "h10/outcome_success_state_mse": 0.0015744825983359143,
      "h10/state_mse": 0.0031191410737879135,
      "h100/episode_count": 15,
      "h100/final_state_mse": 283.296670751634,
      "h100/outcome_drop_episode_count": 3,
      "h100/outcome_drop_final_state_mse": 198.15640956903596,
      "h100/outcome_drop_state_mse": 13.06670215482026,
      "h100/outcome_jam_episode_count": 3,
      "h100/outcome_jam_final_state_mse": 203.28947737949346,
      "h100/outcome_jam_state_mse": 13.433612898284315,
      "h100/outcome_miss_episode_count": 3,
      "h100/outcome_miss_final_state_mse": 618.4910417943219,
      "h100/outcome_miss_state_mse": 38.53099009395425,
      "h100/outcome_partial_episode_count": 3,
      "h100/outcome_partial_final_state_mse": 198.33983098447712,
      "h100/outcome_partial_state_mse": 13.023593239379085,
      "h100/outcome_success_episode_count": 3,
      "h100/outcome_success_final_state_mse": 198.2065940308415,
      "h100/outcome_success_state_mse": 13.060730443218954,
      "h100/state_mse": 18.223124183006536,
      "h125/episode_count": 15,
      "h125/final_state_mse": 110.98063725490196,
      "h125/outcome_drop_episode_count": 3,
      "h125/outcome_drop_final_state_mse": 48.44696483736724,
      "h125/outcome_drop_state_mse": 19.255205065359476,
      "h125/outcome_jam_episode_count": 3,
      "h125/outcome_jam_final_state_mse": 51.31704532398897,
      "h125/outcome_jam_state_mse": 19.800296568627452,
      "h125/outcome_miss_episode_count": 3,
      "h125/outcome_miss_final_state_mse": 351.6384117774714,
      "h125/outcome_miss_state_mse": 72.76320424836601,
      "h125/outcome_partial_episode_count": 3,
      "h125/outcome_partial_final_state_mse": 52.85724555121528,
      "h125/outcome_partial_state_mse": 19.68393137254902,
      "h125/outcome_success_episode_count": 3,
      "h125/outcome_success_final_state_mse": 50.64353713490605,
      "h125/outcome_success_state_mse": 19.50666544117647,
      "h125/state_mse": 30.201858823529413,
      "h20/episode_count": 15,
      "h20/final_state_mse": 0.007530570186041539,
      "h20/outcome_drop_episode_count": 3,
      "h20/outcome_drop_final_state_mse": 0.007346529684035607,
      "h20/outcome_drop_state_mse": 0.003520199169520459,
      "h20/outcome_jam_episode_count": 3,
      "h20/outcome_jam_final_state_mse": 0.007862358798388562,
      "h20/outcome_jam_state_mse": 0.0036745508511861163,
      "h20/outcome_miss_episode_count": 3,
      "h20/outcome_miss_final_state_mse": 0.007433713456384497,
      "h20/outcome_miss_state_mse": 0.007764319189233718,
      "h20/outcome_partial_episode_count": 3,
      "h20/outcome_partial_final_state_mse": 0.00745946850652009,
      "h20/outcome_partial_state_mse": 0.0034577801336649976,
      "h20/outcome_success_episode_count": 3,
      "h20/outcome_success_final_state_mse": 0.007550782043170306,
      "h20/outcome_success_state_mse": 0.0034651040641310946,
      "h20/state_mse": 0.0043763907438789315,
      "h30/episode_count": 15,
      "h30/final_state_mse": 0.008801701489616842,
      "h30/outcome_drop_episode_count": 3,
      "h30/outcome_drop_final_state_mse": 0.0073388944459117315,
      "h30/outcome_drop_state_mse": 0.004727766820288431,
      "h30/outcome_jam_episode_count": 3,
      "h30/outcome_jam_final_state_mse": 0.007659378784154755,
      "h30/outcome_jam_state_mse": 0.004985066436734334,
      "h30/outcome_miss_episode_count": 3,
      "h30/outcome_miss_final_state_mse": 0.01418960484024746,
      "h30/outcome_miss_state_mse": 0.008546661239823485,
      "h30/outcome_partial_episode_count": 3,
      "h30/outcome_partial_final_state_mse": 0.007391295499271817,
      "h30/outcome_partial_state_mse": 0.004690982209831022,
      "h30/outcome_success_episode_count": 3,
      "h30/outcome_success_final_state_mse": 0.007429331735847822,
      "h30/outcome_success_state_mse": 0.004694580252653633,
      "h30/state_mse": 0.005529011246425654,
      "h40/episode_count": 15,
      "h40/final_state_mse": 0.027431201311497906,
      "h40/outcome_drop_episode_count": 3,
      "h40/outcome_drop_final_state_mse": 0.021181468480552725,
      "h40/outcome_drop_state_mse": 0.0071913630354638195,
      "h40/outcome_jam_episode_count": 3,
      "h40/outcome_jam_final_state_mse": 0.021758955288556665,
      "h40/outcome_jam_state_mse": 0.00727314084183936,
      "h40/outcome_miss_episode_count": 3,
      "h40/outcome_miss_final_state_mse": 0.050361328265246225,
      "h40/outcome_miss_state_mse": 0.014196480956732057,
      "h40/outcome_partial_episode_count": 3,
      "h40/outcome_partial_final_state_mse": 0.021858731516046462,
      "h40/outcome_partial_state_mse": 0.006857190880120969,
      "h40/outcome_success_episode_count": 3,
      "h40/outcome_success_final_state_mse": 0.021995526513243033,
      "h40/outcome_success_state_mse": 0.006895334736194486,
      "h40/state_mse": 0.008482701918658088,
      "h50/episode_count": 15,
      "h50/final_state_mse": 0.08715796377144608,
      "h50/outcome_drop_episode_count": 3,
      "h50/outcome_drop_final_state_mse": 0.06933270248712278,
      "h50/outcome_drop_state_mse": 0.014043134302874795,
      "h50/outcome_jam_episode_count": 3,
      "h50/outcome_jam_final_state_mse": 0.08237157771789949,
      "h50/outcome_jam_state_mse": 0.0161334562613294,
      "h50/outcome_miss_episode_count": 3,
      "h50/outcome_miss_final_state_mse": 0.12662202548357396,
      "h50/outcome_miss_state_mse": 0.028750557494319342,
      "h50/outcome_partial_episode_count": 3,
      "h50/outcome_partial_final_state_mse": 0.07800641091041316,
      "h50/outcome_partial_state_mse": 0.015157411363389757,
      "h50/outcome_success_episode_count": 3,
      "h50/outcome_success_final_state_mse": 0.07945712407430013,
      "h50/outcome_success_state_mse": 0.015326406192156224,
      "h50/state_mse": 0.017882193372140524,
      "h75/episode_count": 15,
      "h75/final_state_mse": 2.3963062959558825,
      "h75/outcome_drop_episode_count": 3,
      "h75/outcome_drop_final_state_mse": 1.790856330223333,
      "h75/outcome_drop_state_mse": 0.14865599522143927,
      "h75/outcome_jam_episode_count": 3,
      "h75/outcome_jam_final_state_mse": 1.9928731980666616,
      "h75/outcome_jam_state_mse": 0.16894439231855937,
      "h75/outcome_miss_episode_count": 3,
      "h75/outcome_miss_final_state_mse": 4.272400101805045,
      "h75/outcome_miss_state_mse": 0.31652466086260894,
      "h75/outcome_partial_episode_count": 3,
      "h75/outcome_partial_final_state_mse": 1.940146626989826,
      "h75/outcome_partial_state_mse": 0.1631180055572576,
      "h75/outcome_success_episode_count": 3,
      "h75/outcome_success_final_state_mse": 1.9852549235026042,
      "h75/outcome_success_state_mse": 0.16648310110719636,
      "h75/state_mse": 0.19274523420479303,
      "max_requested_horizon": 125,
      "reencode_period": 100,
      "rollout_mode": "periodic_100"
    },
    "periodic_2": {
      "episode_count": 15,
      "h10/episode_count": 15,
      "h10/final_state_mse": 0.0018860086116915436,
      "h10/outcome_drop_episode_count": 3,
      "h10/outcome_drop_final_state_mse": 0.0014429230705585356,
      "h10/outcome_drop_state_mse": 0.0016249983528860254,
      "h10/outcome_jam_episode_count": 3,
      "h10/outcome_jam_final_state_mse": 0.0016950139033249001,
      "h10/outcome_jam_state_mse": 0.0018794667487050973,
      "h10/outcome_miss_episode_count": 3,
      "h10/outcome_miss_final_state_mse": 0.003368017087185305,
      "h10/outcome_miss_state_mse": 0.00844464972128276,
      "h10/outcome_partial_episode_count": 3,
      "h10/outcome_partial_final_state_mse": 0.0014690103289348626,
      "h10/outcome_partial_state_mse": 0.0015787266827876271,
      "h10/outcome_success_episode_count": 3,
      "h10/outcome_success_final_state_mse": 0.0014550788145439298,
      "h10/outcome_success_state_mse": 0.0015894114581588047,
      "h10/state_mse": 0.003023450265522876,
      "h100/episode_count": 15,
      "h100/final_state_mse": 0.0047678349064845665,
      "h100/outcome_drop_episode_count": 3,
      "h100/outcome_drop_final_state_mse": 0.0032069247240334555,
      "h100/outcome_drop_state_mse": 0.0028545053644117965,
      "h100/outcome_jam_episode_count": 3,
      "h100/outcome_jam_final_state_mse": 0.004378990702379763,
      "h100/outcome_jam_state_mse": 0.0032844555300045636,
      "h100/outcome_miss_episode_count": 3,
      "h100/outcome_miss_final_state_mse": 0.011669506921487697,
      "h100/outcome_miss_state_mse": 0.004683888254601971,
      "h100/outcome_partial_episode_count": 3,
      "h100/outcome_partial_final_state_mse": 0.0019742781235501656,
      "h100/outcome_partial_state_mse": 0.0024148850659139794,
      "h100/outcome_success_episode_count": 3,
      "h100/outcome_success_final_state_mse": 0.0026094736227023057,
      "h100/outcome_success_state_mse": 0.0026054607341492097,
      "h100/state_mse": 0.003168639139412275,
      "h125/episode_count": 15,
      "h125/final_state_mse": 0.007941143185484643,
      "h125/outcome_drop_episode_count": 3,
      "h125/outcome_drop_final_state_mse": 0.006468189941122641,
      "h125/outcome_drop_state_mse": 0.003537349725860396,
      "h125/outcome_jam_episode_count": 3,
      "h125/outcome_jam_final_state_mse": 0.01090900726567686,
      "h125/outcome_jam_state_mse": 0.0045243876338784215,
      "h125/outcome_miss_episode_count": 3,
      "h125/outcome_miss_final_state_mse": 0.012932007487108505,
      "h125/outcome_miss_state_mse": 0.006421370063731873,
      "h125/outcome_partial_episode_count": 3,
      "h125/outcome_partial_final_state_mse": 0.00231562459877893,
      "h125/outcome_partial_state_mse": 0.002328081068649791,
      "h125/outcome_success_episode_count": 3,
      "h125/outcome_success_final_state_mse": 0.007080886099073622,
      "h125/outcome_success_state_mse": 0.003265218198688981,
      "h125/state_mse": 0.004015281288296569,
      "h20/episode_count": 15,
      "h20/final_state_mse": 0.0026348625133240143,
      "h20/outcome_drop_episode_count": 3,
      "h20/outcome_drop_final_state_mse": 0.0026955405384107354,
      "h20/outcome_drop_state_mse": 0.0018780009808883169,
      "h20/outcome_jam_episode_count": 3,
      "h20/outcome_jam_final_state_mse": 0.002651180901558571,
      "h20/outcome_jam_state_mse": 0.0021285941398221683,
      "h20/outcome_miss_episode_count": 3,
      "h20/outcome_miss_final_state_mse": 0.003016109706140032,
      "h20/outcome_miss_state_mse": 0.00585778414034376,
      "h20/outcome_partial_episode_count": 3,
      "h20/outcome_partial_final_state_mse": 0.0024045520504705265,
      "h20/outcome_partial_state_mse": 0.0018237030584048602,
      "h20/outcome_success_episode_count": 3,
      "h20/outcome_success_final_state_mse": 0.0024069296622198392,
      "h20/outcome_success_state_mse": 0.0018356503224840352,
      "h20/state_mse": 0.0027047465205971713,
      "h30/episode_count": 15,
      "h30/final_state_mse": 0.0023335999133540135,
      "h30/outcome_drop_episode_count": 3,
      "h30/outcome_drop_final_state_mse": 0.0022281935207204883,
      "h30/outcome_drop_state_mse": 0.0020836148646402462,
      "h30/outcome_jam_episode_count": 3,
      "h30/outcome_jam_final_state_mse": 0.0022896408937335792,
      "h30/outcome_jam_state_mse": 0.0023187052969839057,
      "h30/outcome_miss_episode_count": 3,
      "h30/outcome_miss_final_state_mse": 0.003062001386888666,
      "h30/outcome_miss_state_mse": 0.004995952452449757,
      "h30/outcome_partial_episode_count": 3,
      "h30/outcome_partial_final_state_mse": 0.0020403540601917343,
      "h30/outcome_partial_state_mse": 0.0020110867901305487,
      "h30/outcome_success_episode_count": 3,
      "h30/outcome_success_final_state_mse": 0.0020478093887076657,
      "h30/outcome_success_state_mse": 0.0020214990333274558,
      "h30/state_mse": 0.0026861716875063828,
      "h40/episode_count": 15,
      "h40/final_state_mse": 0.0029553762448379416,
      "h40/outcome_drop_episode_count": 3,
      "h40/outcome_drop_final_state_mse": 0.002986974429850485,
      "h40/outcome_drop_state_mse": 0.0022229687840330833,
      "h40/outcome_jam_episode_count": 3,
      "h40/outcome_jam_final_state_mse": 0.0027762496588276883,
      "h40/outcome_jam_state_mse": 0.0024175932594374112,
      "h40/outcome_miss_episode_count": 3,
      "h40/outcome_miss_final_state_mse": 0.003549894476248548,
      "h40/outcome_miss_state_mse": 0.0046498122558095096,
      "h40/outcome_partial_episode_count": 3,
      "h40/outcome_partial_final_state_mse": 0.00270425981166316,
      "h40/outcome_partial_state_mse": 0.002128774979535271,
      "h40/outcome_success_episode_count": 3,
      "h40/outcome_success_final_state_mse": 0.002759501824971118,
      "h40/outcome_success_state_mse": 0.0021353883291381636,
      "h40/state_mse": 0.002710907381344465,
      "h50/episode_count": 15,
      "h50/final_state_mse": 0.0030951743032418045,
      "h50/outcome_drop_episode_count": 3,
      "h50/outcome_drop_final_state_mse": 0.002645216346566194,
      "h50/outcome_drop_state_mse": 0.002348070019990011,
      "h50/outcome_jam_episode_count": 3,
      "h50/outcome_jam_final_state_mse": 0.002872712764085508,
      "h50/outcome_jam_state_mse": 0.002600819207484426,
      "h50/outcome_miss_episode_count": 3,
      "h50/outcome_miss_final_state_mse": 0.004035721612132452,
      "h50/outcome_miss_state_mse": 0.004553390702390982,
      "h50/outcome_partial_episode_count": 3,
      "h50/outcome_partial_final_state_mse": 0.002905058071893804,
      "h50/outcome_partial_state_mse": 0.0023354937671835906,
      "h50/outcome_success_episode_count": 3,
      "h50/outcome_success_final_state_mse": 0.0030171627702276693,
      "h50/outcome_success_state_mse": 0.002349005742789873,
      "h50/state_mse": 0.0028373558692682804,
      "h75/episode_count": 15,
      "h75/final_state_mse": 0.0037633409687117033,
      "h75/outcome_drop_episode_count": 3,
      "h75/outcome_drop_final_state_mse": 0.004167333634850247,
      "h75/outcome_drop_state_mse": 0.0026049639716387313,
      "h75/outcome_jam_episode_count": 3,
      "h75/outcome_jam_final_state_mse": 0.004182142662067039,
      "h75/outcome_jam_state_mse": 0.0028183072324931492,
      "h75/outcome_miss_episode_count": 3,
      "h75/outcome_miss_final_state_mse": 0.003511594206679101,
      "h75/outcome_miss_state_mse": 0.004220788494434232,
      "h75/outcome_partial_episode_count": 3,
      "h75/outcome_partial_final_state_mse": 0.003113438588341856,
      "h75/outcome_partial_state_mse": 0.0024032287763873996,
      "h75/outcome_success_episode_count": 3,
      "h75/outcome_success_final_state_mse": 0.003842194582901749,
      "h75/outcome_success_state_mse": 0.00244141372979856,
      "h75/state_mse": 0.002897740715209695,
      "max_requested_horizon": 125,
      "reencode_period": 2,
      "rollout_mode": "periodic_2"
    },
    "periodic_20": {
      "episode_count": 15,
      "h10/episode_count": 15,
      "h10/final_state_mse": 0.002757884941849054,
      "h10/outcome_drop_episode_count": 3,
      "h10/outcome_drop_final_state_mse": 0.0020424732147089016,
      "h10/outcome_drop_state_mse": 0.0016013227257074094,
      "h10/outcome_jam_episode_count": 3,
      "h10/outcome_jam_final_state_mse": 0.002408469814101076,
      "h10/outcome_jam_state_mse": 0.0018081369742848515,
      "h10/outcome_miss_episode_count": 3,
      "h10/outcome_miss_final_state_mse": 0.005252817633494832,
      "h10/outcome_miss_state_mse": 0.009041096338259629,
      "h10/outcome_partial_episode_count": 3,
      "h10/outcome_partial_final_state_mse": 0.002053122797043495,
      "h10/outcome_partial_state_mse": 0.0015706663427789227,
      "h10/outcome_success_episode_count": 3,
      "h10/outcome_success_final_state_mse": 0.002032542053390952,
      "h10/outcome_success_state_mse": 0.0015744825983359143,
      "h10/state_mse": 0.0031191410737879135,
      "h100/episode_count": 15,
      "h100/final_state_mse": 0.0027203497543833613,
      "h100/outcome_drop_episode_count": 3,
      "h100/outcome_drop_final_state_mse": 0.0024455529607199378,
      "h100/outcome_drop_state_mse": 0.0023037493774314332,
      "h100/outcome_jam_episode_count": 3,
      "h100/outcome_jam_final_state_mse": 0.0031923317636539735,
      "h100/outcome_jam_state_mse": 0.0028123538946014603,
      "h100/outcome_miss_episode_count": 3,
      "h100/outcome_miss_final_state_mse": 0.0034988898467394262,
      "h100/outcome_miss_state_mse": 0.003346245709587546,
      "h100/outcome_partial_episode_count": 3,
      "h100/outcome_partial_final_state_mse": 0.0018757844672483556,
      "h100/outcome_partial_state_mse": 0.0020699533761716358,
      "h100/outcome_success_episode_count": 3,
      "h100/outcome_success_final_state_mse": 0.002589191048363455,
      "h100/outcome_success_state_mse": 0.002353204091389974,
      "h100/state_mse": 0.0025771011651731005,
      "h125/episode_count": 15,
      "h125/final_state_mse": 0.007138359468746808,
      "h125/outcome_drop_episode_count": 3,
      "h125/outcome_drop_final_state_mse": 0.004079602512658811,
      "h125/outcome_drop_state_mse": 0.0025041192746629902,
      "h125/outcome_jam_episode_count": 3,
      "h125/outcome_jam_final_state_mse": 0.004576381515054142,
      "h125/outcome_jam_state_mse": 0.0029785823946684793,
      "h125/outcome_miss_episode_count": 3,
      "h125/outcome_miss_final_state_mse": 0.022725139300223268,
      "h125/outcome_miss_state_mse": 0.004933392892476001,
      "h125/outcome_partial_episode_count": 3,
      "h125/outcome_partial_final_state_mse": 0.0017627942698453765,
      "h125/outcome_partial_state_mse": 0.0020361651002971173,
      "h125/outcome_success_episode_count": 3,
      "h125/outcome_success_final_state_mse": 0.002547881912951376,
      "h125/outcome_success_state_mse": 0.002395158505907246,
      "h125/state_mse": 0.0029694836984272876,
      "h20/episode_count": 15,
      "h20/final_state_mse": 0.007530570186041539,
      "h20/outcome_drop_episode_count": 3,
      "h20/outcome_drop_final_state_mse": 0.007346529684035607,
      "h20/outcome_drop_state_mse": 0.003520199169520459,
      "h20/outcome_jam_episode_count": 3,
      "h20/outcome_jam_final_state_mse": 0.007862358798388562,
      "h20/outcome_jam_state_mse": 0.0036745508511861163,
      "h20/outcome_miss_episode_count": 3,
      "h20/outcome_miss_final_state_mse": 0.007433713456384497,
      "h20/outcome_miss_state_mse": 0.007764319189233718,
      "h20/outcome_partial_episode_count": 3,
      "h20/outcome_partial_final_state_mse": 0.00745946850652009,
      "h20/outcome_partial_state_mse": 0.0034577801336649976,
      "h20/outcome_success_episode_count": 3,
      "h20/outcome_success_final_state_mse": 0.007550782043170306,
      "h20/outcome_success_state_mse": 0.0034651040641310946,
      "h20/state_mse": 0.0043763907438789315,
      "h30/episode_count": 15,
      "h30/final_state_mse": 0.0013150124768026513,
      "h30/outcome_drop_episode_count": 3,
      "h30/outcome_drop_final_state_mse": 0.0012990923878414178,
      "h30/outcome_drop_state_mse": 0.002923976517970266,
      "h30/outcome_jam_episode_count": 3,
      "h30/outcome_jam_final_state_mse": 0.0014791610875940012,
      "h30/outcome_jam_state_mse": 0.0030863014960860373,
      "h30/outcome_miss_episode_count": 3,
      "h30/outcome_miss_final_state_mse": 0.0012980033856591368,
      "h30/outcome_miss_state_mse": 0.0057834724974788095,
      "h30/outcome_partial_episode_count": 3,
      "h30/outcome_partial_final_state_mse": 0.0012307952529464672,
      "h30/outcome_partial_state_mse": 0.0028594144548985435,
      "h30/outcome_success_episode_count": 3,
      "h30/outcome_success_final_state_mse": 0.0012680106595450756,
      "h30/outcome_success_state_mse": 0.002867168019280195,
      "h30/state_mse": 0.0035040668828295206,
      "h40/episode_count": 15,
      "h40/final_state_mse": 0.0018971600563697565,
      "h40/outcome_drop_episode_count": 3,
      "h40/outcome_drop_final_state_mse": 0.0017387539732689951,
      "h40/outcome_drop_state_mse": 0.0025526157391616722,
      "h40/outcome_jam_episode_count": 3,
      "h40/outcome_jam_final_state_mse": 0.0015529743060956594,
      "h40/outcome_jam_state_mse": 0.00270702912916545,
      "h40/outcome_miss_episode_count": 3,
      "h40/outcome_miss_final_state_mse": 0.0032981749064002943,
      "h40/outcome_miss_state_mse": 0.004810389038784052,
      "h40/outcome_partial_episode_count": 3,
      "h40/outcome_partial_final_state_mse": 0.0014447197561560114,
      "h40/outcome_partial_state_mse": 0.0024566472355836357,
      "h40/outcome_success_episode_count": 3,
      "h40/outcome_success_final_state_mse": 0.001451177705152362,
      "h40/outcome_success_state_mse": 0.002470848412295572,
      "h40/state_mse": 0.002999505934372447,
      "h50/episode_count": 15,
      "h50/final_state_mse": 0.001606655744166156,
      "h50/outcome_drop_episode_count": 3,
      "h50/outcome_drop_final_state_mse": 0.0015969746593945946,
      "h50/outcome_drop_state_mse": 0.0024128986807430493,
      "h50/outcome_jam_episode_count": 3,
      "h50/outcome_jam_final_state_mse": 0.0018724532542275447,
      "h50/outcome_jam_state_mse": 0.00258070677713631,
      "h50/outcome_miss_episode_count": 3,
      "h50/outcome_miss_final_state_mse": 0.001576066504116931,
      "h50/outcome_miss_state_mse": 0.004207643995098039,
      "h50/outcome_partial_episode_count": 3,
      "h50/outcome_partial_final_state_mse": 0.0014802712971478506,
      "h50/outcome_partial_state_mse": 0.0022949035806593553,
      "h50/outcome_success_episode_count": 3,
      "h50/outcome_success_final_state_mse": 0.0015075127624608333,
      "h50/outcome_success_state_mse": 0.002313089807049122,
      "h50/state_mse": 0.0027618483998417074,
      "h75/episode_count": 15,
      "h75/final_state_mse": 0.002937112446703942,
      "h75/outcome_drop_episode_count": 3,
      "h75/outcome_drop_final_state_mse": 0.0021987763641316905,
      "h75/outcome_drop_state_mse": 0.0022613014686601093,
      "h75/outcome_jam_episode_count": 3,
      "h75/outcome_jam_final_state_mse": 0.0031207072384217206,
      "h75/outcome_jam_state_mse": 0.0026027216111393016,
      "h75/outcome_miss_episode_count": 3,
      "h75/outcome_miss_final_state_mse": 0.0033535294332145867,
      "h75/outcome_miss_state_mse": 0.003482666846713729,
      "h75/outcome_partial_episode_count": 3,
      "h75/outcome_partial_final_state_mse": 0.002776034858102113,
      "h75/outcome_partial_state_mse": 0.0021782539301188684,
      "h75/outcome_success_episode_count": 3,
      "h75/outcome_success_final_state_mse": 0.003236513998773363,
      "h75/outcome_success_state_mse": 0.0022163176692389197,
      "h75/state_mse": 0.002548252346728622,
      "max_requested_horizon": 125,
      "reencode_period": 20,
      "rollout_mode": "periodic_20"
    },
    "periodic_5": {
      "episode_count": 15,
      "h10/episode_count": 15,
      "h10/final_state_mse": 0.0017906640869340086,
      "h10/outcome_drop_episode_count": 3,
      "h10/outcome_drop_final_state_mse": 0.0011879432386432598,
      "h10/outcome_drop_state_mse": 0.0015287611609190897,
      "h10/outcome_jam_episode_count": 3,
      "h10/outcome_jam_final_state_mse": 0.0015973959580745573,
      "h10/outcome_jam_state_mse": 0.0017719323339025958,
      "h10/outcome_miss_episode_count": 3,
      "h10/outcome_miss_final_state_mse": 0.003916865129486408,
      "h10/outcome_miss_state_mse": 0.008608840259851194,
      "h10/outcome_partial_episode_count": 3,
      "h10/outcome_partial_final_state_mse": 0.0011371540672638837,
      "h10/outcome_partial_state_mse": 0.0014906275895685932,
      "h10/outcome_success_episode_count": 3,
      "h10/outcome_success_final_state_mse": 0.0011139629664374334,
      "h10/outcome_success_state_mse": 0.001488971904991499,
      "h10/state_mse": 0.0029778267355526195,
      "h100/episode_count": 15,
      "h100/final_state_mse": 0.004023011525472005,
      "h100/outcome_drop_episode_count": 3,
      "h100/outcome_drop_final_state_mse": 0.002694317109249776,
      "h100/outcome_drop_state_mse": 0.0022845776252497256,
      "h100/outcome_jam_episode_count": 3,
      "h100/outcome_jam_final_state_mse": 0.005169540935871648,
      "h100/outcome_jam_state_mse": 0.002622859213087294,
      "h100/outcome_miss_episode_count": 3,
      "h100/outcome_miss_final_state_mse": 0.0087684625211884,
      "h100/outcome_miss_state_mse": 0.003292927336848639,
      "h100/outcome_partial_episode_count": 3,
      "h100/outcome_partial_final_state_mse": 0.0017999146206706179,
      "h100/outcome_partial_state_mse": 0.001908800337049696,
      "h100/outcome_success_episode_count": 3,
      "h100/outcome_success_final_state_mse": 0.0016828202246840483,
      "h100/outcome_success_state_mse": 0.00205313370897879,
      "h100/state_mse": 0.0024324596130770016,
      "h125/episode_count": 15,
      "h125/final_state_mse": 0.0058320400761623006,
      "h125/outcome_drop_episode_count": 3,
      "h125/outcome_drop_final_state_mse": 0.005019825122325249,
      "h125/outcome_drop_state_mse": 0.002844527799319598,
      "h125/outcome_jam_episode_count": 3,
      "h125/outcome_jam_final_state_mse": 0.006830529790688184,
      "h125/outcome_jam_state_mse": 0.0031571943495008682,
      "h125/outcome_miss_episode_count": 3,
      "h125/outcome_miss_final_state_mse": 0.010543380663091061,
      "h125/outcome_miss_state_mse": 0.0051801628162658295,
      "h125/outcome_partial_episode_count": 3,
      "h125/outcome_partial_final_state_mse": 0.0014953692169750437,
      "h125/outcome_partial_state_mse": 0.0018652389875424454,
      "h125/outcome_success_episode_count": 3,
      "h125/outcome_success_final_state_mse": 0.005271096439922557,
      "h125/outcome_success_state_mse": 0.002465145883996502,
      "h125/state_mse": 0.0031024538526348037,
      "h20/episode_count": 15,
      "h20/final_state_mse": 0.0016112767013848996,
      "h20/outcome_drop_episode_count": 3,
      "h20/outcome_drop_final_state_mse": 0.0018244221368256736,
      "h20/outcome_drop_state_mse": 0.0015378857749739504,
      "h20/outcome_jam_episode_count": 3,
      "h20/outcome_jam_final_state_mse": 0.0014265344715585896,
      "h20/outcome_jam_state_mse": 0.0017245690807018404,
      "h20/outcome_miss_episode_count": 3,
      "h20/outcome_miss_final_state_mse": 0.0016596575626750397,
      "h20/outcome_miss_state_mse": 0.005536724928936927,
      "h20/outcome_partial_episode_count": 3,
      "h20/outcome_partial_final_state_mse": 0.0015778394744676702,
      "h20/outcome_partial_state_mse": 0.0015014981132706786,
      "h20/outcome_success_episode_count": 3,
      "h20/outcome_success_final_state_mse": 0.0015679302509703668,
      "h20/outcome_success_state_mse": 0.0015116864170124328,
      "h20/state_mse": 0.0023624729331022773,
      "h30/episode_count": 15,
      "h30/final_state_mse": 0.0016213223825093188,
      "h30/outcome_drop_episode_count": 3,
      "h30/outcome_drop_final_state_mse": 0.0016675611434419171,
      "h30/outcome_drop_state_mse": 0.0016774373116836049,
      "h30/outcome_jam_episode_count": 3,
      "h30/outcome_jam_final_state_mse": 0.0017529574582000184,
      "h30/outcome_jam_state_mse": 0.0018294983180260087,
      "h30/outcome_miss_episode_count": 3,
      "h30/outcome_miss_final_state_mse": 0.0015133798511978848,
      "h30/outcome_miss_state_mse": 0.00427672650040105,
      "h30/outcome_partial_episode_count": 3,
      "h30/outcome_partial_final_state_mse": 0.0015702888223470427,
      "h30/outcome_partial_state_mse": 0.00163879160787545,
      "h30/outcome_success_episode_count": 3,
      "h30/outcome_success_final_state_mse": 0.0016024253191122043,
      "h30/outcome_success_state_mse": 0.0016476726739754605,
      "h30/state_mse": 0.002214025360306883,
      "h40/episode_count": 15,
      "h40/final_state_mse": 0.0018053673451242883,
      "h40/outcome_drop_episode_count": 3,
      "h40/outcome_drop_final_state_mse": 0.0019394923366752325,
      "h40/outcome_drop_state_mse": 0.001758611825556537,
      "h40/outcome_jam_episode_count": 3,
      "h40/outcome_jam_final_state_mse": 0.0018683298691815021,
      "h40/outcome_jam_state_mse": 0.001923754752851,
      "h40/outcome_miss_episode_count": 3,
      "h40/outcome_miss_final_state_mse": 0.0018665155067163356,
      "h40/outcome_miss_state_mse": 0.0036964234962962032,
      "h40/outcome_partial_episode_count": 3,
      "h40/outcome_partial_final_state_mse": 0.0016463603702635548,
      "h40/outcome_partial_state_mse": 0.0016931753142986421,
      "h40/outcome_success_episode_count": 3,
      "h40/outcome_success_final_state_mse": 0.0017061381801670673,
      "h40/outcome_success_state_mse": 0.0017046649471607084,
      "h40/state_mse": 0.0021553261451471863,
      "h50/episode_count": 15,
      "h50/final_state_mse": 0.0019882275388131733,
      "h50/outcome_drop_episode_count": 3,
      "h50/outcome_drop_final_state_mse": 0.00174983512926725,
      "h50/outcome_drop_state_mse": 0.0018224192600624235,
      "h50/outcome_jam_episode_count": 3,
      "h50/outcome_jam_final_state_mse": 0.0022859921544985053,
      "h50/outcome_jam_state_mse": 0.002047254431481455,
      "h50/outcome_miss_episode_count": 3,
      "h50/outcome_miss_final_state_mse": 0.002029893712864982,
      "h50/outcome_miss_state_mse": 0.0033967329162398197,
      "h50/outcome_partial_episode_count": 3,
      "h50/outcome_partial_final_state_mse": 0.001911722561892341,
      "h50/outcome_partial_state_mse": 0.001771308830360961,
      "h50/outcome_success_episode_count": 3,
      "h50/outcome_success_final_state_mse": 0.0019636939407563676,
      "h50/outcome_success_state_mse": 0.0017866264605054668,
      "h50/state_mse": 0.002164868323631536,
      "h75/episode_count": 15,
      "h75/final_state_mse": 0.003055682525136112,
      "h75/outcome_drop_episode_count": 3,
      "h75/outcome_drop_final_state_mse": 0.0025575868541898293,
      "h75/outcome_drop_state_mse": 0.001983757060597405,
      "h75/outcome_jam_episode_count": 3,
      "h75/outcome_jam_final_state_mse": 0.003272050833390429,
      "h75/outcome_jam_state_mse": 0.0022859892086785345,
      "h75/outcome_miss_episode_count": 3,
      "h75/outcome_miss_final_state_mse": 0.0029639145176784663,
      "h75/outcome_miss_state_mse": 0.0030416520228832636,
      "h75/outcome_partial_episode_count": 3,
      "h75/outcome_partial_final_state_mse": 0.0029233371705011603,
      "h75/outcome_partial_state_mse": 0.0019111405166925169,
      "h75/outcome_success_episode_count": 3,
      "h75/outcome_success_final_state_mse": 0.003561522543819901,
      "h75/outcome_success_state_mse": 0.001955838587808713,
      "h75/state_mse": 0.0022356752216945806,
      "max_requested_horizon": 125,
      "reencode_period": 5,
      "rollout_mode": "periodic_5"
    },
    "periodic_50": {
      "episode_count": 15,
      "h10/episode_count": 15,
      "h10/final_state_mse": 0.002757884941849054,
      "h10/outcome_drop_episode_count": 3,
      "h10/outcome_drop_final_state_mse": 0.0020424732147089016,
      "h10/outcome_drop_state_mse": 0.0016013227257074094,
      "h10/outcome_jam_episode_count": 3,
      "h10/outcome_jam_final_state_mse": 0.002408469814101076,
      "h10/outcome_jam_state_mse": 0.0018081369742848515,
      "h10/outcome_miss_episode_count": 3,
      "h10/outcome_miss_final_state_mse": 0.005252817633494832,
      "h10/outcome_miss_state_mse": 0.009041096338259629,
      "h10/outcome_partial_episode_count": 3,
      "h10/outcome_partial_final_state_mse": 0.002053122797043495,
      "h10/outcome_partial_state_mse": 0.0015706663427789227,
      "h10/outcome_success_episode_count": 3,
      "h10/outcome_success_final_state_mse": 0.002032542053390952,
      "h10/outcome_success_state_mse": 0.0015744825983359143,
      "h10/state_mse": 0.0031191410737879135,
      "h100/episode_count": 15,
      "h100/final_state_mse": 0.39754056244893793,
      "h100/outcome_drop_episode_count": 3,
      "h100/outcome_drop_final_state_mse": 0.22182088116415186,
      "h100/outcome_drop_state_mse": 0.030424255171632456,
      "h100/outcome_jam_episode_count": 3,
      "h100/outcome_jam_final_state_mse": 0.3260142133126851,
      "h100/outcome_jam_state_mse": 0.03979350071327359,
      "h100/outcome_miss_episode_count": 3,
      "h100/outcome_miss_final_state_mse": 0.7804599836760876,
      "h100/outcome_miss_state_mse": 0.0924134996202257,
      "h100/outcome_partial_episode_count": 3,
      "h100/outcome_partial_final_state_mse": 0.31916005003686043,
      "h100/outcome_partial_state_mse": 0.03754305372051164,
      "h100/outcome_success_episode_count": 3,
      "h100/outcome_success_final_state_mse": 0.34024783053429297,
      "h100/outcome_success_state_mse": 0.03977718378204146,
      "h100/state_mse": 0.04799029820261438,
      "h125/episode_count": 15,
      "h125/final_state_mse": 0.13380236656837213,
      "h125/outcome_drop_episode_count": 3,
      "h125/outcome_drop_final_state_mse": 0.05225397480858697,
      "h125/outcome_drop_state_mse": 0.03384204141454759,
      "h125/outcome_jam_episode_count": 3,
      "h125/outcome_jam_final_state_mse": 0.09481924733305289,
      "h125/outcome_jam_state_mse": 0.046638441297743055,
      "h125/outcome_miss_episode_count": 3,
      "h125/outcome_miss_final_state_mse": 0.348321763518589,
      "h125/outcome_miss_state_mse": 0.12431801949295343,
      "h125/outcome_partial_episode_count": 3,
      "h125/outcome_partial_final_state_mse": 0.09324831822339226,
      "h125/outcome_partial_state_mse": 0.044392114576950574,
      "h125/outcome_success_episode_count": 3,
      "h125/outcome_success_final_state_mse": 0.08036858271929173,
      "h125/outcome_success_state_mse": 0.0463446675219567,
      "h125/state_mse": 0.059107046568627454,
      "h20/episode_count": 15,
      "h20/final_state_mse": 0.007530570186041539,
      "h20/outcome_drop_episode_count": 3,
      "h20/outcome_drop_final_state_mse": 0.007346529684035607,
      "h20/outcome_drop_state_mse": 0.003520199169520459,
      "h20/outcome_jam_episode_count": 3,
      "h20/outcome_jam_final_state_mse": 0.007862358798388562,
      "h20/outcome_jam_state_mse": 0.0036745508511861163,
      "h20/outcome_miss_episode_count": 3,
      "h20/outcome_miss_final_state_mse": 0.007433713456384497,
      "h20/outcome_miss_state_mse": 0.007764319189233718,
      "h20/outcome_partial_episode_count": 3,
      "h20/outcome_partial_final_state_mse": 0.00745946850652009,
      "h20/outcome_partial_state_mse": 0.0034577801336649976,
      "h20/outcome_success_episode_count": 3,
      "h20/outcome_success_final_state_mse": 0.007550782043170306,
      "h20/outcome_success_state_mse": 0.0034651040641310946,
      "h20/state_mse": 0.0043763907438789315,
      "h30/episode_count": 15,
      "h30/final_state_mse": 0.008801701489616842,
      "h30/outcome_drop_episode_count": 3,
      "h30/outcome_drop_final_state_mse": 0.0073388944459117315,
      "h30/outcome_drop_state_mse": 0.004727766820288431,
      "h30/outcome_jam_episode_count": 3,
      "h30/outcome_jam_final_state_mse": 0.007659378784154755,
      "h30/outcome_jam_state_mse": 0.004985066436734334,
      "h30/outcome_miss_episode_count": 3,
      "h30/outcome_miss_final_state_mse": 0.01418960484024746,
      "h30/outcome_miss_state_mse": 0.008546661239823485,
      "h30/outcome_partial_episode_count": 3,
      "h30/outcome_partial_final_state_mse": 0.007391295499271817,
      "h30/outcome_partial_state_mse": 0.004690982209831022,
      "h30/outcome_success_episode_count": 3,
      "h30/outcome_success_final_state_mse": 0.007429331735847822,
      "h30/outcome_success_state_mse": 0.004694580252653633,
      "h30/state_mse": 0.005529011246425654,
      "h40/episode_count": 15,
      "h40/final_state_mse": 0.027431201311497906,
      "h40/outcome_drop_episode_count": 3,
      "h40/outcome_drop_final_state_mse": 0.021181468480552725,
      "h40/outcome_drop_state_mse": 0.0071913630354638195,
      "h40/outcome_jam_episode_count": 3,
      "h40/outcome_jam_final_state_mse": 0.021758955288556665,
      "h40/outcome_jam_state_mse": 0.00727314084183936,
      "h40/outcome_miss_episode_count": 3,
      "h40/outcome_miss_final_state_mse": 0.050361328265246225,
      "h40/outcome_miss_state_mse": 0.014196480956732057,
      "h40/outcome_partial_episode_count": 3,
      "h40/outcome_partial_final_state_mse": 0.021858731516046462,
      "h40/outcome_partial_state_mse": 0.006857190880120969,
      "h40/outcome_success_episode_count": 3,
      "h40/outcome_success_final_state_mse": 0.021995526513243033,
      "h40/outcome_success_state_mse": 0.006895334736194486,
      "h40/state_mse": 0.008482701918658088,
      "h50/episode_count": 15,
      "h50/final_state_mse": 0.08715796377144608,
      "h50/outcome_drop_episode_count": 3,
      "h50/outcome_drop_final_state_mse": 0.06933270248712278,
      "h50/outcome_drop_state_mse": 0.014043134302874795,
      "h50/outcome_jam_episode_count": 3,
      "h50/outcome_jam_final_state_mse": 0.08237157771789949,
      "h50/outcome_jam_state_mse": 0.0161334562613294,
      "h50/outcome_miss_episode_count": 3,
      "h50/outcome_miss_final_state_mse": 0.12662202548357396,
      "h50/outcome_miss_state_mse": 0.028750557494319342,
      "h50/outcome_partial_episode_count": 3,
      "h50/outcome_partial_final_state_mse": 0.07800641091041316,
      "h50/outcome_partial_state_mse": 0.015157411363389757,
      "h50/outcome_success_episode_count": 3,
      "h50/outcome_success_final_state_mse": 0.07945712407430013,
      "h50/outcome_success_state_mse": 0.015326406192156224,
      "h50/state_mse": 0.017882193372140524,
      "h75/episode_count": 15,
      "h75/final_state_mse": 0.02217323702145246,
      "h75/outcome_drop_episode_count": 3,
      "h75/outcome_drop_final_state_mse": 0.013278648354648764,
      "h75/outcome_drop_state_mse": 0.012361016366996018,
      "h75/outcome_jam_episode_count": 3,
      "h75/outcome_jam_final_state_mse": 0.016236374970355065,
      "h75/outcome_jam_state_mse": 0.015368032019122754,
      "h75/outcome_miss_episode_count": 3,
      "h75/outcome_miss_final_state_mse": 0.04843362600974787,
      "h75/outcome_miss_state_mse": 0.028293441406781895,
      "h75/outcome_partial_episode_count": 3,
      "h75/outcome_partial_final_state_mse": 0.015683229452644297,
      "h75/outcome_partial_state_mse": 0.01428745311329827,
      "h75/outcome_success_episode_count": 3,
      "h75/outcome_success_final_state_mse": 0.017234303787642836,
      "h75/outcome_success_state_mse": 0.01446126002891391,
      "h75/state_mse": 0.016954239855664487,
      "max_requested_horizon": 125,
      "reencode_period": 50,
      "rollout_mode": "periodic_50"
    }
  },
  "split": "test",
  "support_alignment": {
    "contact_phase": {
      "contact_phase_family_ari": 0.0002801674875112323,
      "contact_phase_family_nmi": 0.01477874249971343,
      "contact_phase_family_purity": 0.9996668887408394,
      "contact_phase_sample_count": 3002.0,
      "h_contact_phase_given_family": 0.0018818065475806774,
      "h_family_given_contact_phase": 1.9079445430156283,
      "unique_contact_phase_count": 2.0,
      "unique_family_count": 12.0
    },
    "contact_phase_alignment_available": true,
    "evaluated_state_count": 3017,
    "family_count": 14,
    "mean_family_similarity": 0.46831873059272766,
    "mean_support_size": 197.60092807424593,
    "outcome_alignment_available": true,
    "outcome_state": {
      "h_family_given_outcome": 0.8213534164441314,
      "h_outcome_given_family": 1.1673118348132014,
      "outcome_family_ari": -0.07692307692307693,
      "outcome_family_nmi": 0.3100451332788128,
      "outcome_family_purity": 0.4666666666666667,
      "outcome_sample_count": 15.0,
      "unique_family_count": 5.0,
      "unique_outcome_count": 5.0
    },
    "status": "ok",
    "unassigned_state_fraction": 0.0,
    "validation_state_count": 2346
  },
  "support_threshold": 0.2
}
summary=runs/maniskill_insertion/perturbation_e20_5k_lista_optimizer_refine_20260604_155050/dense_tanh_sp0/seed1/eval_test_periodic/metrics_summary.json
summary=runs/maniskill_insertion/perturbation_e20_5k_lista_optimizer_refine_20260604_155050/lista_relu_a0p01_sp1em4_loops2_lr7em4_wd1em4_k0/seed0/eval_test_periodic/metrics_summary.json
summary=runs/maniskill_insertion/perturbation_e20_5k_lista_optimizer_refine_20260604_155050/lista_relu_a0p01_sp1em4_loops2_lr7em4_wd1em4_k1em5/seed0/eval_test_periodic/metrics_summary.json
summary=runs/maniskill_insertion/perturbation_e20_5k_lista_optimizer_refine_20260604_155050/lista_relu_a0p01_sp1em4_loops2_lr7em4_wd1em4_k1em4/seed0/eval_test_periodic/metrics_summary.json
end_time=Thu Jun  4 16:05:04 EDT 2026

======== GPU REPORT ========

==============NVSMI LOG==============

Timestamp                                 : Thu Jun  4 16:05:04 2026
Driver Version                            : 580.95.05
CUDA Version                              : 13.0

Attached GPUs                             : 1
GPU 00000000:B1:00.0
    Accounting Mode                       : Enabled
    Accounting Mode Buffer Size           : 4000
    Accounted Processes
        Process ID                        : 1171389
            GPU Utilization               : 22 %
            Memory Utilization            : 10 %
            Max memory usage              : 380 MiB
            Time                          : 120725 ms
            Is Running                    : 0
        Process ID                        : 1171390
            GPU Utilization               : 27 %
            Memory Utilization            : 12 %
            Max memory usage              : 380 MiB
            Time                          : 120774 ms
            Is Running                    : 0
        Process ID                        : 1171391
            GPU Utilization               : 18 %
            Memory Utilization            : 8 %
            Max memory usage              : 348 MiB
            Time                          : 120811 ms
            Is Running                    : 0
        Process ID                        : 1171394
            GPU Utilization               : 25 %
            Memory Utilization            : 11 %
            Max memory usage              : 380 MiB
            Time                          : 120886 ms
            Is Running                    : 0
        Process ID                        : 1172214
            GPU Utilization               : 2 %
            Memory Utilization            : 0 %
            Max memory usage              : 232 MiB
            Time                          : 2970 ms
            Is Running                    : 0
        Process ID                        : 1172207
            GPU Utilization               : 13 %
            Memory Utilization            : 0 %
            Max memory usage              : 234 MiB
            Time                          : 3101 ms
            Is Running                    : 0
        Process ID                        : 1172211
            GPU Utilization               : 22 %
            Memory Utilization            : 0 %
            Max memory usage              : 234 MiB
            Time                          : 3169 ms
            Is Running                    : 0
        Process ID                        : 1172219
            GPU Utilization               : 0 %
            Memory Utilization            : 0 %
            Max memory usage              : 234 MiB
            Time                          : 3163 ms
            Is Running                    : 0

Thu Jun  4 16:05:04 2026       
+-----------------------------------------------------------------------------------------+
| NVIDIA-SMI 580.95.05              Driver Version: 580.95.05      CUDA Version: 13.0     |
+-----------------------------------------+------------------------+----------------------+
| GPU  Name                 Persistence-M | Bus-Id          Disp.A | Volatile Uncorr. ECC |
| Fan  Temp   Perf          Pwr:Usage/Cap |           Memory-Usage | GPU-Util  Compute M. |
|                                         |                        |               MIG M. |
|=========================================+========================+======================|
|   0  Quadro RTX 8000                On  |   00000000:B1:00.0 Off |                    0 |
| 57%   64C    P2            141W /  260W |       1MiB /  46080MiB |      7%      Default |
|                                         |                        |                  N/A |
+-----------------------------------------+------------------------+----------------------+

+-----------------------------------------------------------------------------------------+
| Processes:                                                                              |
|  GPU   GI   CI              PID   Type   Process name                        GPU Memory |
|        ID   ID                                                               Usage      |
|=========================================================================================|
|  No running processes found                                                             |
+-----------------------------------------------------------------------------------------+
