=============================================
ManiSkill 5k packed tuning GPU context
date=2026-06-04T15:05:16-0400
host=cn-l079.server.mila.quebec
slurm_job_id=9736794
slurm_array_task_id=18
slurm_nodelist=cn-l079
slurm_job_gpus=2
slurm_step_gpus=
slurm_gpus=
slurm_gpus_on_node=1
slurm_cpus_per_task=8
cuda_visible_devices=0
cuda_device_order=
GPU 0: NVIDIA L40S (UUID: GPU-f61f8001-6246-cb1a-d1f6-49a2caed5865)
index, uuid, name, driver_version, memory.total [MiB]
0, GPU-f61f8001-6246-cb1a-d1f6-49a2caed5865, NVIDIA L40S, 580.95.05, 46068 MiB
=============================================
date=Thu Jun  4 15:05:16 EDT 2026
host=cn-l079.server.mila.quebec
commit=b5ea99e
slurm_job_id=9736794
slurm_array_task_id=18
task_set=lista_forecast_refine
task_count=231
start_task=72
pack_size=4
pack_concurrency=4
packed_task_threads=2
dataset=data/maniskill/perturbation_assessment_seed0_e20/all_setups.npz
run_root=runs/maniskill_insertion/perturbation_e20_5k_lista_refine_20260604_143125
num_steps=5000
batch_size=512
sequence_length=10
z_dim=320
hidden_dim=256
horizons=10,20,30,40,50,75,100,125
periodic_reencode_periods=1,2,5,10,20,50,100
cuda_visible_devices=0
----- task 75/231: lista_relu_a0p02_sp3em4_loops3 seed0 -----
encoder_kind=lista activation=relu alpha=0.02 sparsity=3e-4 loops=3
weights pred=1.0 rec=0.1 latent=0.1 k=1e-4
run_dir=runs/maniskill_insertion/perturbation_e20_5k_lista_refine_20260604_143125/lista_relu_a0p02_sp3em4_loops3/seed0
----- task 72/231: lista_relu_a0p02_sp1em5_loops3 seed0 -----
encoder_kind=lista activation=relu alpha=0.02 sparsity=1e-5 loops=3
weights pred=1.0 rec=0.1 latent=0.1 k=1e-4
run_dir=runs/maniskill_insertion/perturbation_e20_5k_lista_refine_20260604_143125/lista_relu_a0p02_sp1em5_loops3/seed0
----- task 73/231: lista_relu_a0p02_sp3em5_loops3 seed0 -----
encoder_kind=lista activation=relu alpha=0.02 sparsity=3e-5 loops=3
weights pred=1.0 rec=0.1 latent=0.1 k=1e-4
run_dir=runs/maniskill_insertion/perturbation_e20_5k_lista_refine_20260604_143125/lista_relu_a0p02_sp3em5_loops3/seed0
----- task 74/231: lista_relu_a0p02_sp1em4_loops3 seed0 -----
encoder_kind=lista activation=relu alpha=0.02 sparsity=1e-4 loops=3
weights pred=1.0 rec=0.1 latent=0.1 k=1e-4
run_dir=runs/maniskill_insertion/perturbation_e20_5k_lista_refine_20260604_143125/lista_relu_a0p02_sp1em4_loops3/seed0
step=0 loss=1.408701 pred=0.984878 val_mse=0.758523
step=0 loss=1.408720 pred=0.984878 val_mse=0.758522
step=0 loss=1.408707 pred=0.984878 val_mse=0.758523
step=0 loss=1.408702 pred=0.984878 val_mse=0.758523
step=500 loss=0.060135 pred=0.051215 val_mse=0.123242
step=500 loss=0.059565 pred=0.050651 val_mse=0.123057
step=500 loss=0.059716 pred=0.050723 val_mse=0.121701
step=500 loss=0.059928 pred=0.051013 val_mse=0.123188
step=1000 loss=0.047168 pred=0.041289 val_mse=0.210676
step=1000 loss=0.047280 pred=0.041280 val_mse=0.211152
step=1000 loss=0.047519 pred=0.041599 val_mse=0.210688
step=1000 loss=0.047344 pred=0.041421 val_mse=0.210759
step=1500 loss=0.037078 pred=0.032868 val_mse=0.232391
step=1500 loss=0.037681 pred=0.033352 val_mse=0.233882
step=1500 loss=0.038130 pred=0.033872 val_mse=0.232660
step=1500 loss=0.037685 pred=0.033443 val_mse=0.235836
step=2000 loss=0.027090 pred=0.023763 val_mse=0.185652
step=2000 loss=0.027019 pred=0.023697 val_mse=0.186422
step=2000 loss=0.027756 pred=0.024331 val_mse=0.189506
step=2000 loss=0.026996 pred=0.023645 val_mse=0.188004
step=2500 loss=0.025438 pred=0.022614 val_mse=0.106526
step=2500 loss=0.025066 pred=0.022262 val_mse=0.106312
step=2500 loss=0.024877 pred=0.022004 val_mse=0.110124
step=2500 loss=0.024753 pred=0.021946 val_mse=0.108823
step=3000 loss=0.019184 pred=0.016605 val_mse=0.138180
step=3000 loss=0.018829 pred=0.016333 val_mse=0.137098
step=3000 loss=0.019499 pred=0.016986 val_mse=0.137461
step=3000 loss=0.019227 pred=0.016702 val_mse=0.137985
step=3500 loss=0.018300 pred=0.016000 val_mse=0.114201
step=3500 loss=0.018665 pred=0.016355 val_mse=0.115206
step=3500 loss=0.019440 pred=0.017027 val_mse=0.115376
step=3500 loss=0.018147 pred=0.015834 val_mse=0.115777
step=4000 loss=0.018044 pred=0.016021 val_mse=0.200847
step=4000 loss=0.018233 pred=0.016287 val_mse=0.200216
step=4000 loss=0.018238 pred=0.016292 val_mse=0.202455
step=4000 loss=0.017927 pred=0.015968 val_mse=0.202118
step=4500 loss=0.011941 pred=0.010225 val_mse=0.195997
step=4500 loss=0.012358 pred=0.010567 val_mse=0.198449
step=4500 loss=0.012212 pred=0.010482 val_mse=0.201825
step=4500 loss=0.011826 pred=0.010099 val_mse=0.200855
step=4999 loss=0.016045 pred=0.014353 val_mse=0.181633
step=4999 loss=0.015799 pred=0.014131 val_mse=0.184113
step=4999 loss=0.015511 pred=0.013754 val_mse=0.181895
step=4999 loss=0.016043 pred=0.014347 val_mse=0.187313
run_dir=runs/maniskill_insertion/perturbation_e20_5k_lista_refine_20260604_143125/lista_relu_a0p02_sp3em5_loops3/seed0
run_dir=runs/maniskill_insertion/perturbation_e20_5k_lista_refine_20260604_143125/lista_relu_a0p02_sp3em4_loops3/seed0
run_dir=runs/maniskill_insertion/perturbation_e20_5k_lista_refine_20260604_143125/lista_relu_a0p02_sp1em5_loops3/seed0
run_dir=runs/maniskill_insertion/perturbation_e20_5k_lista_refine_20260604_143125/lista_relu_a0p02_sp1em4_loops3/seed0
{
  "best_periodic_rollout": {
    "episode_count": 15,
    "h10/episode_count": 15,
    "h10/final_state_mse": 0.002487833359662224,
    "h10/outcome_drop_episode_count": 3,
    "h10/outcome_drop_final_state_mse": 0.0017441065336754118,
    "h10/outcome_drop_state_mse": 0.0015869656029869528,
    "h10/outcome_jam_episode_count": 3,
    "h10/outcome_jam_final_state_mse": 0.0026598944529598835,
    "h10/outcome_jam_state_mse": 0.0020223843505959107,
    "h10/outcome_miss_episode_count": 3,
    "h10/outcome_miss_final_state_mse": 0.004537363165344288,
    "h10/outcome_miss_state_mse": 0.010498330639857872,
    "h10/outcome_partial_episode_count": 3,
    "h10/outcome_partial_final_state_mse": 0.0017455434244053037,
    "h10/outcome_partial_state_mse": 0.0015134091860328624,
    "h10/outcome_success_episode_count": 3,
    "h10/outcome_success_final_state_mse": 0.001752259903678707,
    "h10/outcome_success_state_mse": 0.0015135007356506546,
    "h10/selected_mode": "periodic_10",
    "h10/selected_period": 10,
    "h10/state_mse": 0.00342691807965048,
    "h100/episode_count": 15,
    "h100/final_state_mse": 0.0033185298146765217,
    "h100/outcome_drop_episode_count": 3,
    "h100/outcome_drop_final_state_mse": 0.00252609398045571,
    "h100/outcome_drop_state_mse": 0.0020241818396873725,
    "h100/outcome_jam_episode_count": 3,
    "h100/outcome_jam_final_state_mse": 0.004493301503019395,
    "h100/outcome_jam_state_mse": 0.002649401745765038,
    "h100/outcome_miss_episode_count": 3,
    "h100/outcome_miss_final_state_mse": 0.004851270467042923,
    "h100/outcome_miss_state_mse": 0.003419007881014955,
    "h100/outcome_partial_episode_count": 3,
    "h100/outcome_partial_final_state_mse": 0.0016992013487550947,
    "h100/outcome_partial_state_mse": 0.0017572488036810183,
    "h100/outcome_success_episode_count": 3,
    "h100/outcome_success_final_state_mse": 0.0030227826019517735,
    "h100/outcome_success_state_mse": 0.0021121729121488684,
    "h100/selected_mode": "periodic_10",
    "h100/selected_period": 10,
    "h100/state_mse": 0.0023924023995991624,
    "h125/episode_count": 15,
    "h125/final_state_mse": 0.007412507798936632,
    "h125/outcome_drop_episode_count": 3,
    "h125/outcome_drop_final_state_mse": 0.006313428282737732,
    "h125/outcome_drop_state_mse": 0.0026183861626519096,
    "h125/outcome_jam_episode_count": 3,
    "h125/outcome_jam_final_state_mse": 0.010254606117610058,
    "h125/outcome_jam_state_mse": 0.003505431231330423,
    "h125/outcome_miss_episode_count": 3,
    "h125/outcome_miss_final_state_mse": 0.011663751177538454,
    "h125/outcome_miss_state_mse": 0.004280002868253421,
    "h125/outcome_partial_episode_count": 3,
    "h125/outcome_partial_final_state_mse": 0.0017452590118825825,
    "h125/outcome_partial_state_mse": 0.001755150364894493,
    "h125/outcome_success_episode_count": 3,
    "h125/outcome_success_final_state_mse": 0.007085496401475146,
    "h125/outcome_success_state_mse": 0.0026389829598221126,
    "h125/selected_mode": "periodic_10",
    "h125/selected_period": 10,
    "h125/state_mse": 0.0029595904181985294,
    "h20/episode_count": 15,
    "h20/final_state_mse": 0.002088726579753402,
    "h20/outcome_drop_episode_count": 3,
    "h20/outcome_drop_final_state_mse": 0.0018601481577539755,
    "h20/outcome_drop_state_mse": 0.0017292004005581725,
    "h20/outcome_jam_episode_count": 3,
    "h20/outcome_jam_final_state_mse": 0.002121568213101306,
    "h20/outcome_jam_state_mse": 0.0021170320853688357,
    "h20/outcome_miss_episode_count": 3,
    "h20/outcome_miss_final_state_mse": 0.0029400408852334114,
    "h20/outcome_miss_state_mse": 0.007404039731991836,
    "h20/outcome_partial_episode_count": 3,
    "h20/outcome_partial_final_state_mse": 0.0017388676311455521,
    "h20/outcome_partial_state_mse": 0.0016429751527075674,
    "h20/outcome_success_episode_count": 3,
    "h20/outcome_success_final_state_mse": 0.0017830081576225803,
    "h20/outcome_success_state_mse": 0.0016573102061265435,
    "h20/selected_mode": "periodic_10",
    "h20/selected_period": 10,
    "h20/state_mse": 0.0029101113712086397,
    "h30/episode_count": 15,
    "h30/final_state_mse": 0.0014759855332717397,
    "h30/outcome_drop_episode_count": 3,
    "h30/outcome_drop_final_state_mse": 0.001569764384257248,
    "h30/outcome_drop_state_mse": 0.0017244776869131848,
    "h30/outcome_jam_episode_count": 3,
    "h30/outcome_jam_final_state_mse": 0.0015594175974138421,
    "h30/outcome_jam_state_mse": 0.002064610878107075,
    "h30/outcome_miss_episode_count": 3,
    "h30/outcome_miss_final_state_mse": 0.001418203407642888,
    "h30/outcome_miss_state_mse": 0.005576754239649554,
    "h30/outcome_partial_episode_count": 3,
    "h30/outcome_partial_final_state_mse": 0.0013876842225299163,
    "h30/outcome_partial_state_mse": 0.001632565402776847,
    "h30/outcome_success_episode_count": 3,
    "h30/outcome_success_final_state_mse": 0.0014448584927842507,
    "h30/outcome_success_state_mse": 0.0016506942269069696,
    "h30/selected_mode": "periodic_10",
    "h30/selected_period": 10,
    "h30/state_mse": 0.0025298204608992033,
    "h40/episode_count": 15,
    "h40/final_state_mse": 0.0015095408445869396,
    "h40/outcome_drop_episode_count": 3,
    "h40/outcome_drop_final_state_mse": 0.001473717464535844,
    "h40/outcome_drop_state_mse": 0.0017893617449243084,
    "h40/outcome_jam_episode_count": 3,
    "h40/outcome_jam_final_state_mse": 0.0015707655621120353,
    "h40/outcome_jam_state_mse": 0.0020384029625288022,
    "h40/outcome_miss_episode_count": 3,
    "h40/outcome_miss_final_state_mse": 0.0016384530398580763,
    "h40/outcome_miss_state_mse": 0.004644761054344426,
    "h40/outcome_partial_episode_count": 3,
    "h40/outcome_partial_final_state_mse": 0.0013865511255716186,
    "h40/outcome_partial_state_mse": 0.001607114602537716,
    "h40/outcome_success_episode_count": 3,
    "h40/outcome_success_final_state_mse": 0.0014782169578122157,
    "h40/outcome_success_state_mse": 0.00163262087145662,
    "h40/selected_mode": "periodic_10",
    "h40/selected_period": 10,
    "h40/state_mse": 0.0023424522549498313,
    "h50/episode_count": 15,
    "h50/final_state_mse": 0.0017333607268489265,
    "h50/outcome_drop_episode_count": 3,
    "h50/outcome_drop_final_state_mse": 0.001350198841952031,
    "h50/outcome_drop_state_mse": 0.0018234350790385326,
    "h50/outcome_jam_episode_count": 3,
    "h50/outcome_jam_final_state_mse": 0.0023145516421280653,
    "h50/outcome_jam_state_mse": 0.0021504333284166123,
    "h50/outcome_miss_episode_count": 3,
    "h50/outcome_miss_final_state_mse": 0.001746491255129085,
    "h50/outcome_miss_state_mse": 0.004122171027987611,
    "h50/outcome_partial_episode_count": 3,
    "h50/outcome_partial_final_state_mse": 0.0016039161900289697,
    "h50/outcome_partial_state_mse": 0.0016928479250739603,
    "h50/outcome_success_episode_count": 3,
    "h50/outcome_success_final_state_mse": 0.0016516461189276252,
    "h50/outcome_success_state_mse": 0.0017225415098900889,
    "h50/selected_mode": "periodic_10",
    "h50/selected_period": 10,
    "h50/state_mse": 0.002302285587086397,
    "h75/episode_count": 15,
    "h75/final_state_mse": 0.003280363519207325,
    "h75/outcome_drop_episode_count": 3,
    "h75/outcome_drop_final_state_mse": 0.002490889573214101,
    "h75/outcome_drop_state_mse": 0.0018301397419183602,
    "h75/outcome_jam_episode_count": 3,
    "h75/outcome_jam_final_state_mse": 0.0034599329034487405,
    "h75/outcome_jam_state_mse": 0.0023314870780329817,
    "h75/outcome_miss_episode_count": 3,
    "h75/outcome_miss_final_state_mse": 0.004370481408888998,
    "h75/outcome_miss_state_mse": 0.0034859090900628913,
    "h75/outcome_partial_episode_count": 3,
    "h75/outcome_partial_final_state_mse": 0.0026347644237521427,
    "h75/outcome_partial_state_mse": 0.0017958428293531497,
    "h75/outcome_success_episode_count": 3,
    "h75/outcome_success_final_state_mse": 0.0034457496519571815,
    "h75/outcome_success_state_mse": 0.0018585498867990664,
    "h75/selected_mode": "periodic_10",
    "h75/selected_period": 10,
    "h75/state_mse": 0.00226038581665305,
    "max_requested_horizon": 125,
    "periodic_reencode_periods": [
      1,
      2,
      5,
      10,
      20,
      50,
      100
    ],
    "rollout_mode": "best_periodic"
  },
  "checkpoint": "runs/maniskill_insertion/perturbation_e20_5k_lista_refine_20260604_143125/lista_relu_a0p02_sp1em4_loops3/seed0/checkpoint.pt",
  "checkpoint_step": 2500,
  "dataset": "data/maniskill/perturbation_assessment_seed0_e20/all_setups.npz",
  "device": "cuda",
  "family_jaccard": 0.4,
  "horizons": [
    10,
    20,
    30,
    40,
    50,
    75,
    100,
    125
  ],
  "labels_used_for_training": false,
  "periodic_reencode_periods": [
    1,
    2,
    5,
    10,
    20,
    50,
    100
  ],
  "rollout": {
    "episode_count": 15,
    "h10/episode_count": 15,
    "h10/final_state_mse": 0.0024878338271496344,
    "h10/outcome_drop_episode_count": 3,
    "h10/outcome_drop_final_state_mse": 0.0017441071910795822,
    "h10/outcome_drop_state_mse": 0.001586965408200532,
    "h10/outcome_jam_episode_count": 3,
    "h10/outcome_jam_final_state_mse": 0.002659896084296158,
    "h10/outcome_jam_state_mse": 0.002022384506425047,
    "h10/outcome_miss_episode_count": 3,
    "h10/outcome_miss_final_state_mse": 0.004537363067951078,
    "h10/outcome_miss_state_mse": 0.010498330484028736,
    "h10/outcome_partial_episode_count": 3,
    "h10/outcome_partial_final_state_mse": 0.0017455425235181072,
    "h10/outcome_partial_state_mse": 0.0015134088743745892,
    "h10/outcome_success_episode_count": 3,
    "h10/outcome_success_final_state_mse": 0.001752260707172693,
    "h10/outcome_success_state_mse": 0.0015135007356506546,
    "h10/state_mse": 0.003426917830323861,
    "h100/episode_count": 15,
    "h100/final_state_mse": 138208.6274509804,
    "h100/outcome_drop_episode_count": 3,
    "h100/outcome_drop_final_state_mse": 146400.87949346405,
    "h100/outcome_drop_state_mse": 6864.94612745098,
    "h100/outcome_jam_episode_count": 3,
    "h100/outcome_jam_final_state_mse": 160645.99714052287,
    "h100/outcome_jam_state_mse": 7480.399411764706,
    "h100/outcome_miss_episode_count": 3,
    "h100/outcome_miss_final_state_mse": 64554.933006535946,
    "h100/outcome_miss_state_mse": 3291.6511764705883,
    "h100/outcome_partial_episode_count": 3,
    "h100/outcome_partial_final_state_mse": 161031.2228349673,
    "h100/outcome_partial_state_mse": 7566.058382352941,
    "h100/outcome_success_episode_count": 3,
    "h100/outcome_success_final_state_mse": 158410.02124183008,
    "h100/outcome_success_state_mse": 7422.990964052287,
    "h100/state_mse": 6525.209516339869,
    "h125/episode_count": 15,
    "h125/final_state_mse": 48166636.25620915,
    "h125/outcome_drop_episode_count": 3,
    "h125/outcome_drop_final_state_mse": 54365996.44444445,
    "h125/outcome_drop_state_mse": 2103734.2151111113,
    "h125/outcome_jam_episode_count": 3,
    "h125/outcome_jam_final_state_mse": 60053003.81699347,
    "h125/outcome_jam_state_mse": 2322993.4347712416,
    "h125/outcome_miss_episode_count": 3,
    "h125/outcome_miss_final_state_mse": 11023433.411764706,
    "h125/outcome_miss_state_mse": 489266.0889934641,
    "h125/outcome_partial_episode_count": 3,
    "h125/outcome_partial_final_state_mse": 57762894.79738562,
    "h125/outcome_partial_state_mse": 2251742.271581699,
    "h125/outcome_success_episode_count": 3,
    "h125/outcome_success_final_state_mse": 57627859.50326797,
    "h125/outcome_success_state_mse": 2241550.5735947713,
    "h125/state_mse": 1881857.244862745,
    "h20/episode_count": 15,
    "h20/final_state_mse": 0.00855456582861009,
    "h20/outcome_drop_episode_count": 3,
    "h20/outcome_drop_final_state_mse": 0.008992927331550448,
    "h20/outcome_drop_state_mse": 0.003047415945265028,
    "h20/outcome_jam_episode_count": 3,
    "h20/outcome_jam_final_state_mse": 0.00942847522255642,
    "h20/outcome_jam_state_mse": 0.0034165020082511156,
    "h20/outcome_miss_episode_count": 3,
    "h20/outcome_miss_final_state_mse": 0.006334357401903938,
    "h20/outcome_miss_state_mse": 0.0074544965831282875,
    "h20/outcome_partial_episode_count": 3,
    "h20/outcome_partial_final_state_mse": 0.009006308379516104,
    "h20/outcome_partial_state_mse": 0.0029618953567704344,
    "h20/outcome_success_episode_count": 3,
    "h20/outcome_success_final_state_mse": 0.009010761781455644,
    "h20/outcome_success_state_mse": 0.0029520386184742247,
    "h20/state_mse": 0.0039664698582069545,
    "h30/episode_count": 15,
    "h30/final_state_mse": 0.05173084533292484,
    "h30/outcome_drop_episode_count": 3,
    "h30/outcome_drop_final_state_mse": 0.050760559007233266,
    "h30/outcome_drop_state_mse": 0.01075975422246264,
    "h30/outcome_jam_episode_count": 3,
    "h30/outcome_jam_final_state_mse": 0.05171465717889125,
    "h30/outcome_jam_state_mse": 0.01129838760641925,
    "h30/outcome_miss_episode_count": 3,
    "h30/outcome_miss_final_state_mse": 0.05227295635572446,
    "h30/outcome_miss_state_mse": 0.012482720834237558,
    "h30/outcome_partial_episode_count": 3,
    "h30/outcome_partial_final_state_mse": 0.05210665939680112,
    "h30/outcome_partial_state_mse": 0.010806454552544488,
    "h30/outcome_success_episode_count": 3,
    "h30/outcome_success_final_state_mse": 0.05179940407572229,
    "h30/outcome_success_state_mse": 0.0107018437520611,
    "h30/state_mse": 0.011209832484426063,
    "h40/episode_count": 15,
    "h40/final_state_mse": 0.34726690155228757,
    "h40/outcome_drop_episode_count": 3,
    "h40/outcome_drop_final_state_mse": 0.2967080851785498,
    "h40/outcome_drop_state_mse": 0.04621601728052875,
    "h40/outcome_jam_episode_count": 3,
    "h40/outcome_jam_final_state_mse": 0.32843876508326314,
    "h40/outcome_jam_state_mse": 0.04915922576305913,
    "h40/outcome_miss_episode_count": 3,
    "h40/outcome_miss_final_state_mse": 0.4901224553974625,
    "h40/outcome_miss_state_mse": 0.06610139086355571,
    "h40/outcome_partial_episode_count": 3,
    "h40/outcome_partial_final_state_mse": 0.312899159450157,
    "h40/outcome_partial_state_mse": 0.04730018042271433,
    "h40/outcome_success_episode_count": 3,
    "h40/outcome_success_final_state_mse": 0.3081660925173292,
    "h40/outcome_success_state_mse": 0.0466563592549243,
    "h40/state_mse": 0.051086633220996734,
    "h50/episode_count": 15,
    "h50/final_state_mse": 2.1908685023488563,
    "h50/outcome_drop_episode_count": 3,
    "h50/outcome_drop_final_state_mse": 2.1057938220454195,
    "h50/outcome_drop_state_mse": 0.23974199282577616,
    "h50/outcome_jam_episode_count": 3,
    "h50/outcome_jam_final_state_mse": 2.255027172612209,
    "h50/outcome_jam_state_mse": 0.2571822501787173,
    "h50/outcome_miss_episode_count": 3,
    "h50/outcome_miss_final_state_mse": 2.5374717213749105,
    "h50/outcome_miss_state_mse": 0.3324562661164726,
    "h50/outcome_partial_episode_count": 3,
    "h50/outcome_partial_final_state_mse": 2.048262178508285,
    "h50/outcome_partial_state_mse": 0.23899542316112643,
    "h50/outcome_success_episode_count": 3,
    "h50/outcome_success_final_state_mse": 2.0077878665300757,
    "h50/outcome_success_state_mse": 0.2348814781039369,
    "h50/state_mse": 0.2606514501633987,
    "h75/episode_count": 15,
    "h75/final_state_mse": 377.6530637254902,
    "h75/outcome_drop_episode_count": 3,
    "h75/outcome_drop_final_state_mse": 383.38257394429127,
    "h75/outcome_drop_state_mse": 24.832106970826526,
    "h75/outcome_jam_episode_count": 3,
    "h75/outcome_jam_final_state_mse": 406.3660330180249,
    "h75/outcome_jam_state_mse": 26.5275303393927,
    "h75/outcome_miss_episode_count": 3,
    "h75/outcome_miss_final_state_mse": 254.9553142871732,
    "h75/outcome_miss_state_mse": 18.289322916666666,
    "h75/outcome_partial_episode_count": 3,
    "h75/outcome_partial_final_state_mse": 429.5568863613154,
    "h75/outcome_partial_state_mse": 27.70545392071759,
    "h75/outcome_success_episode_count": 3,
    "h75/outcome_success_final_state_mse": 414.0044611513225,
    "h75/outcome_success_state_mse": 26.690492791734748,
    "h75/state_mse": 24.808984749455337,
    "max_requested_horizon": 125,
    "reencode_period": null,
    "rollout_mode": "no_reencode"
  },
  "rollout_modes": {
    "no_reencode": {
      "episode_count": 15,
      "h10/episode_count": 15,
      "h10/final_state_mse": 0.0024878338271496344,
      "h10/outcome_drop_episode_count": 3,
      "h10/outcome_drop_final_state_mse": 0.0017441071910795822,
      "h10/outcome_drop_state_mse": 0.001586965408200532,
      "h10/outcome_jam_episode_count": 3,
      "h10/outcome_jam_final_state_mse": 0.002659896084296158,
      "h10/outcome_jam_state_mse": 0.002022384506425047,
      "h10/outcome_miss_episode_count": 3,
      "h10/outcome_miss_final_state_mse": 0.004537363067951078,
      "h10/outcome_miss_state_mse": 0.010498330484028736,
      "h10/outcome_partial_episode_count": 3,
      "h10/outcome_partial_final_state_mse": 0.0017455425235181072,
      "h10/outcome_partial_state_mse": 0.0015134088743745892,
      "h10/outcome_success_episode_count": 3,
      "h10/outcome_success_final_state_mse": 0.001752260707172693,
      "h10/outcome_success_state_mse": 0.0015135007356506546,
      "h10/state_mse": 0.003426917830323861,
      "h100/episode_count": 15,
      "h100/final_state_mse": 138208.6274509804,
      "h100/outcome_drop_episode_count": 3,
      "h100/outcome_drop_final_state_mse": 146400.87949346405,
      "h100/outcome_drop_state_mse": 6864.94612745098,
      "h100/outcome_jam_episode_count": 3,
      "h100/outcome_jam_final_state_mse": 160645.99714052287,
      "h100/outcome_jam_state_mse": 7480.399411764706,
      "h100/outcome_miss_episode_count": 3,
      "h100/outcome_miss_final_state_mse": 64554.933006535946,
      "h100/outcome_miss_state_mse": 3291.6511764705883,
      "h100/outcome_partial_episode_count": 3,
      "h100/outcome_partial_final_state_mse": 161031.2228349673,
      "h100/outcome_partial_state_mse": 7566.058382352941,
      "h100/outcome_success_episode_count": 3,
      "h100/outcome_success_final_state_mse": 158410.02124183008,
      "h100/outcome_success_state_mse": 7422.990964052287,
      "h100/state_mse": 6525.209516339869,
      "h125/episode_count": 15,
      "h125/final_state_mse": 48166636.25620915,
      "h125/outcome_drop_episode_count": 3,
      "h125/outcome_drop_final_state_mse": 54365996.44444445,
      "h125/outcome_drop_state_mse": 2103734.2151111113,
      "h125/outcome_jam_episode_count": 3,
      "h125/outcome_jam_final_state_mse": 60053003.81699347,
      "h125/outcome_jam_state_mse": 2322993.4347712416,
      "h125/outcome_miss_episode_count": 3,
      "h125/outcome_miss_final_state_mse": 11023433.411764706,
      "h125/outcome_miss_state_mse": 489266.0889934641,
      "h125/outcome_partial_episode_count": 3,
      "h125/outcome_partial_final_state_mse": 57762894.79738562,
      "h125/outcome_partial_state_mse": 2251742.271581699,
      "h125/outcome_success_episode_count": 3,
      "h125/outcome_success_final_state_mse": 57627859.50326797,
      "h125/outcome_success_state_mse": 2241550.5735947713,
      "h125/state_mse": 1881857.244862745,
      "h20/episode_count": 15,
      "h20/final_state_mse": 0.00855456582861009,
      "h20/outcome_drop_episode_count": 3,
      "h20/outcome_drop_final_state_mse": 0.008992927331550448,
      "h20/outcome_drop_state_mse": 0.003047415945265028,
      "h20/outcome_jam_episode_count": 3,
      "h20/outcome_jam_final_state_mse": 0.00942847522255642,
      "h20/outcome_jam_state_mse": 0.0034165020082511156,
      "h20/outcome_miss_episode_count": 3,
      "h20/outcome_miss_final_state_mse": 0.006334357401903938,
      "h20/outcome_miss_state_mse": 0.0074544965831282875,
      "h20/outcome_partial_episode_count": 3,
      "h20/outcome_partial_final_state_mse": 0.009006308379516104,
      "h20/outcome_partial_state_mse": 0.0029618953567704344,
      "h20/outcome_success_episode_count": 3,
      "h20/outcome_success_final_state_mse": 0.009010761781455644,
      "h20/outcome_success_state_mse": 0.0029520386184742247,
      "h20/state_mse": 0.0039664698582069545,
      "h30/episode_count": 15,
      "h30/final_state_mse": 0.05173084533292484,
      "h30/outcome_drop_episode_count": 3,
      "h30/outcome_drop_final_state_mse": 0.050760559007233266,
      "h30/outcome_drop_state_mse": 0.01075975422246264,
      "h30/outcome_jam_episode_count": 3,
      "h30/outcome_jam_final_state_mse": 0.05171465717889125,
      "h30/outcome_jam_state_mse": 0.01129838760641925,
      "h30/outcome_miss_episode_count": 3,
      "h30/outcome_miss_final_state_mse": 0.05227295635572446,
      "h30/outcome_miss_state_mse": 0.012482720834237558,
      "h30/outcome_partial_episode_count": 3,
      "h30/outcome_partial_final_state_mse": 0.05210665939680112,
      "h30/outcome_partial_state_mse": 0.010806454552544488,
      "h30/outcome_success_episode_count": 3,
      "h30/outcome_success_final_state_mse": 0.05179940407572229,
      "h30/outcome_success_state_mse": 0.0107018437520611,
      "h30/state_mse": 0.011209832484426063,
      "h40/episode_count": 15,
      "h40/final_state_mse": 0.34726690155228757,
      "h40/outcome_drop_episode_count": 3,
      "h40/outcome_drop_final_state_mse": 0.2967080851785498,
      "h40/outcome_drop_state_mse": 0.04621601728052875,
      "h40/outcome_jam_episode_count": 3,
      "h40/outcome_jam_final_state_mse": 0.32843876508326314,
      "h40/outcome_jam_state_mse": 0.04915922576305913,
      "h40/outcome_miss_episode_count": 3,
      "h40/outcome_miss_final_state_mse": 0.4901224553974625,
      "h40/outcome_miss_state_mse": 0.06610139086355571,
      "h40/outcome_partial_episode_count": 3,
      "h40/outcome_partial_final_state_mse": 0.312899159450157,
      "h40/outcome_partial_state_mse": 0.04730018042271433,
      "h40/outcome_success_episode_count": 3,
      "h40/outcome_success_final_state_mse": 0.3081660925173292,
      "h40/outcome_success_state_mse": 0.0466563592549243,
      "h40/state_mse": 0.051086633220996734,
      "h50/episode_count": 15,
      "h50/final_state_mse": 2.1908685023488563,
      "h50/outcome_drop_episode_count": 3,
      "h50/outcome_drop_final_state_mse": 2.1057938220454195,
      "h50/outcome_drop_state_mse": 0.23974199282577616,
      "h50/outcome_jam_episode_count": 3,
      "h50/outcome_jam_final_state_mse": 2.255027172612209,
      "h50/outcome_jam_state_mse": 0.2571822501787173,
      "h50/outcome_miss_episode_count": 3,
      "h50/outcome_miss_final_state_mse": 2.5374717213749105,
      "h50/outcome_miss_state_mse": 0.3324562661164726,
      "h50/outcome_partial_episode_count": 3,
      "h50/outcome_partial_final_state_mse": 2.048262178508285,
      "h50/outcome_partial_state_mse": 0.23899542316112643,
      "h50/outcome_success_episode_count": 3,
      "h50/outcome_success_final_state_mse": 2.0077878665300757,
      "h50/outcome_success_state_mse": 0.2348814781039369,
      "h50/state_mse": 0.2606514501633987,
      "h75/episode_count": 15,
      "h75/final_state_mse": 377.6530637254902,
      "h75/outcome_drop_episode_count": 3,
      "h75/outcome_drop_final_state_mse": 383.38257394429127,
      "h75/outcome_drop_state_mse": 24.832106970826526,
      "h75/outcome_jam_episode_count": 3,
      "h75/outcome_jam_final_state_mse": 406.3660330180249,
      "h75/outcome_jam_state_mse": 26.5275303393927,
      "h75/outcome_miss_episode_count": 3,
      "h75/outcome_miss_final_state_mse": 254.9553142871732,
      "h75/outcome_miss_state_mse": 18.289322916666666,
      "h75/outcome_partial_episode_count": 3,
      "h75/outcome_partial_final_state_mse": 429.5568863613154,
      "h75/outcome_partial_state_mse": 27.70545392071759,
      "h75/outcome_success_episode_count": 3,
      "h75/outcome_success_final_state_mse": 414.0044611513225,
      "h75/outcome_success_state_mse": 26.690492791734748,
      "h75/state_mse": 24.808984749455337,
      "max_requested_horizon": 125,
      "reencode_period": null,
      "rollout_mode": "no_reencode"
    },
    "periodic_1": {
      "episode_count": 15,
      "h10/episode_count": 15,
      "h10/final_state_mse": 0.0033231679131002986,
      "h10/outcome_drop_episode_count": 3,
      "h10/outcome_drop_final_state_mse": 0.002553270143621108,
      "h10/outcome_drop_state_mse": 0.0025557198555640924,
      "h10/outcome_jam_episode_count": 3,
      "h10/outcome_jam_final_state_mse": 0.0030136072362949647,
      "h10/outcome_jam_state_mse": 0.0028497659303004445,
      "h10/outcome_miss_episode_count": 3,
      "h10/outcome_miss_final_state_mse": 0.006304540665321101,
      "h10/outcome_miss_state_mse": 0.010830987980163175,
      "h10/outcome_partial_episode_count": 3,
      "h10/outcome_partial_final_state_mse": 0.0023536676772279675,
      "h10/outcome_partial_state_mse": 0.0024316186219259027,
      "h10/outcome_success_episode_count": 3,
      "h10/outcome_success_final_state_mse": 0.002390754670878641,
      "h10/outcome_success_state_mse": 0.002457493582582162,
      "h10/state_mse": 0.004225117303187551,
      "h100/episode_count": 15,
      "h100/final_state_mse": 0.00748093299616396,
      "h100/outcome_drop_episode_count": 3,
      "h100/outcome_drop_final_state_mse": 0.012125106321440803,
      "h100/outcome_drop_state_mse": 0.01155836043015025,
      "h100/outcome_jam_episode_count": 3,
      "h100/outcome_jam_final_state_mse": 0.007735460704448176,
      "h100/outcome_jam_state_mse": 0.006819845960031148,
      "h100/outcome_miss_episode_count": 3,
      "h100/outcome_miss_final_state_mse": 0.007813495163824045,
      "h100/outcome_miss_state_mse": 0.005859425114650352,
      "h100/outcome_partial_episode_count": 3,
      "h100/outcome_partial_final_state_mse": 0.004197943736525143,
      "h100/outcome_partial_state_mse": 0.006131289737676483,
      "h100/outcome_success_episode_count": 3,
      "h100/outcome_success_final_state_mse": 0.005532659736334109,
      "h100/outcome_success_state_mse": 0.0063662876802332265,
      "h100/state_mse": 0.007347042707056781,
      "h125/episode_count": 15,
      "h125/final_state_mse": 0.008050199271806705,
      "h125/outcome_drop_episode_count": 3,
      "h125/outcome_drop_final_state_mse": 0.013919031210974151,
      "h125/outcome_drop_state_mse": 0.012204121508629493,
      "h125/outcome_jam_episode_count": 3,
      "h125/outcome_jam_final_state_mse": 0.009078656341515336,
      "h125/outcome_jam_state_mse": 0.007140901852277369,
      "h125/outcome_miss_episode_count": 3,
      "h125/outcome_miss_final_state_mse": 0.005616544703252954,
      "h125/outcome_miss_state_mse": 0.006401288400288501,
      "h125/outcome_partial_episode_count": 3,
      "h125/outcome_partial_final_state_mse": 0.0034633391335898754,
      "h125/outcome_partial_state_mse": 0.005619079789305045,
      "h125/outcome_success_episode_count": 3,
      "h125/outcome_success_final_state_mse": 0.008173421317455815,
      "h125/outcome_success_state_mse": 0.006524068196614583,
      "h125/state_mse": 0.0075778926674836605,
      "h20/episode_count": 15,
      "h20/final_state_mse": 0.0038648390302471088,
      "h20/outcome_drop_episode_count": 3,
      "h20/outcome_drop_final_state_mse": 0.0036931010632733114,
      "h20/outcome_drop_state_mse": 0.0027197207500732025,
      "h20/outcome_jam_episode_count": 3,
      "h20/outcome_jam_final_state_mse": 0.0026865093390536464,
      "h20/outcome_jam_state_mse": 0.002990585838268006,
      "h20/outcome_miss_episode_count": 3,
      "h20/outcome_miss_final_state_mse": 0.006458274776639502,
      "h20/outcome_miss_state_mse": 0.00878305902668074,
      "h20/outcome_partial_episode_count": 3,
      "h20/outcome_partial_final_state_mse": 0.0032618310472934077,
      "h20/outcome_partial_state_mse": 0.0025950507400861753,
      "h20/outcome_success_episode_count": 3,
      "h20/outcome_success_final_state_mse": 0.003224480629356858,
      "h20/outcome_success_state_mse": 0.0026183180559694375,
      "h20/state_mse": 0.0039413469601300806,
      "h30/episode_count": 15,
      "h30/final_state_mse": 0.003771802490832759,
      "h30/outcome_drop_episode_count": 3,
      "h30/outcome_drop_final_state_mse": 0.0035694736281251596,
      "h30/outcome_drop_state_mse": 0.0028890812319088605,
      "h30/outcome_jam_episode_count": 3,
      "h30/outcome_jam_final_state_mse": 0.003515755721167022,
      "h30/outcome_jam_state_mse": 0.003108878956381272,
      "h30/outcome_miss_episode_count": 3,
      "h30/outcome_miss_final_state_mse": 0.005101354585753547,
      "h30/outcome_miss_state_mse": 0.007686672958673216,
      "h30/outcome_partial_episode_count": 3,
      "h30/outcome_partial_final_state_mse": 0.003288956103371639,
      "h30/outcome_partial_state_mse": 0.00276015563208553,
      "h30/outcome_success_episode_count": 3,
      "h30/outcome_success_final_state_mse": 0.003383471928780375,
      "h30/outcome_success_state_mse": 0.002791505493629472,
      "h30/state_mse": 0.003847258657152097,
      "h40/episode_count": 15,
      "h40/final_state_mse": 0.005203074411629072,
      "h40/outcome_drop_episode_count": 3,
      "h40/outcome_drop_final_state_mse": 0.0052649056405023814,
      "h40/outcome_drop_state_mse": 0.0032695956479490192,
      "h40/outcome_jam_episode_count": 3,
      "h40/outcome_jam_final_state_mse": 0.005742050463857214,
      "h40/outcome_jam_state_mse": 0.003421822170806087,
      "h40/outcome_miss_episode_count": 3,
      "h40/outcome_miss_final_state_mse": 0.003873833546451494,
      "h40/outcome_miss_state_mse": 0.006805847517026016,
      "h40/outcome_partial_episode_count": 3,
      "h40/outcome_partial_final_state_mse": 0.005553810814626856,
      "h40/outcome_partial_state_mse": 0.0030705718433155734,
      "h40/outcome_success_episode_count": 3,
      "h40/outcome_success_final_state_mse": 0.005580773832751256,
      "h40/outcome_success_state_mse": 0.0030943163859298807,
      "h40/state_mse": 0.003932430541593265,
      "h50/episode_count": 15,
      "h50/final_state_mse": 0.011701042823542177,
      "h50/outcome_drop_episode_count": 3,
      "h50/outcome_drop_final_state_mse": 0.014739085743629855,
      "h50/outcome_drop_state_mse": 0.004567776785956489,
      "h50/outcome_jam_episode_count": 3,
      "h50/outcome_jam_final_state_mse": 0.012307323271932166,
      "h50/outcome_jam_state_mse": 0.004808761995602278,
      "h50/outcome_miss_episode_count": 3,
      "h50/outcome_miss_final_state_mse": 0.0026271546296044892,
      "h50/outcome_miss_state_mse": 0.006072333591436249,
      "h50/outcome_partial_episode_count": 3,
      "h50/outcome_partial_final_state_mse": 0.01440645588768853,
      "h50/outcome_partial_state_mse": 0.004437096290339052,
      "h50/outcome_success_episode_count": 3,
      "h50/outcome_success_final_state_mse": 0.014425190640430824,
      "h50/outcome_success_state_mse": 0.004460988761552798,
      "h50/state_mse": 0.004869391547309028,
      "h75/episode_count": 15,
      "h75/final_state_mse": 0.010781233295116549,
      "h75/outcome_drop_episode_count": 3,
      "h75/outcome_drop_final_state_mse": 0.023597856167874305,
      "h75/outcome_drop_state_mse": 0.009714858609866473,
      "h75/outcome_jam_episode_count": 3,
      "h75/outcome_jam_final_state_mse": 0.007701571762951371,
      "h75/outcome_jam_state_mse": 0.0069072952769161046,
      "h75/outcome_miss_episode_count": 3,
      "h75/outcome_miss_final_state_mse": 0.007987937603900635,
      "h75/outcome_miss_state_mse": 0.0055264910529641545,
      "h75/outcome_partial_episode_count": 3,
      "h75/outcome_partial_final_state_mse": 0.006165470367942761,
      "h75/outcome_partial_state_mse": 0.006671778361002604,
      "h75/outcome_success_episode_count": 3,
      "h75/outcome_success_final_state_mse": 0.00845333388428283,
      "h75/outcome_success_state_mse": 0.0067728229597503065,
      "h75/state_mse": 0.007118649684266068,
      "max_requested_horizon": 125,
      "reencode_period": 1,
      "rollout_mode": "periodic_1"
    },
    "periodic_10": {
      "episode_count": 15,
      "h10/episode_count": 15,
      "h10/final_state_mse": 0.002487833359662224,
      "h10/outcome_drop_episode_count": 3,
      "h10/outcome_drop_final_state_mse": 0.0017441065336754118,
      "h10/outcome_drop_state_mse": 0.0015869656029869528,
      "h10/outcome_jam_episode_count": 3,
      "h10/outcome_jam_final_state_mse": 0.0026598944529598835,
      "h10/outcome_jam_state_mse": 0.0020223843505959107,
      "h10/outcome_miss_episode_count": 3,
      "h10/outcome_miss_final_state_mse": 0.004537363165344288,
      "h10/outcome_miss_state_mse": 0.010498330639857872,
      "h10/outcome_partial_episode_count": 3,
      "h10/outcome_partial_final_state_mse": 0.0017455434244053037,
      "h10/outcome_partial_state_mse": 0.0015134091860328624,
      "h10/outcome_success_episode_count": 3,
      "h10/outcome_success_final_state_mse": 0.001752259903678707,
      "h10/outcome_success_state_mse": 0.0015135007356506546,
      "h10/state_mse": 0.00342691807965048,
      "h100/episode_count": 15,
      "h100/final_state_mse": 0.0033185298146765217,
      "h100/outcome_drop_episode_count": 3,
      "h100/outcome_drop_final_state_mse": 0.00252609398045571,
      "h100/outcome_drop_state_mse": 0.0020241818396873725,
      "h100/outcome_jam_episode_count": 3,
      "h100/outcome_jam_final_state_mse": 0.004493301503019395,
      "h100/outcome_jam_state_mse": 0.002649401745765038,
      "h100/outcome_miss_episode_count": 3,
      "h100/outcome_miss_final_state_mse": 0.004851270467042923,
      "h100/outcome_miss_state_mse": 0.003419007881014955,
      "h100/outcome_partial_episode_count": 3,
      "h100/outcome_partial_final_state_mse": 0.0016992013487550947,
      "h100/outcome_partial_state_mse": 0.0017572488036810183,
      "h100/outcome_success_episode_count": 3,
      "h100/outcome_success_final_state_mse": 0.0030227826019517735,
      "h100/outcome_success_state_mse": 0.0021121729121488684,
      "h100/state_mse": 0.0023924023995991624,
      "h125/episode_count": 15,
      "h125/final_state_mse": 0.007412507798936632,
      "h125/outcome_drop_episode_count": 3,
      "h125/outcome_drop_final_state_mse": 0.006313428282737732,
      "h125/outcome_drop_state_mse": 0.0026183861626519096,
      "h125/outcome_jam_episode_count": 3,
      "h125/outcome_jam_final_state_mse": 0.010254606117610058,
      "h125/outcome_jam_state_mse": 0.003505431231330423,
      "h125/outcome_miss_episode_count": 3,
      "h125/outcome_miss_final_state_mse": 0.011663751177538454,
      "h125/outcome_miss_state_mse": 0.004280002868253421,
      "h125/outcome_partial_episode_count": 3,
      "h125/outcome_partial_final_state_mse": 0.0017452590118825825,
      "h125/outcome_partial_state_mse": 0.001755150364894493,
      "h125/outcome_success_episode_count": 3,
      "h125/outcome_success_final_state_mse": 0.007085496401475146,
      "h125/outcome_success_state_mse": 0.0026389829598221126,
      "h125/state_mse": 0.0029595904181985294,
      "h20/episode_count": 15,
      "h20/final_state_mse": 0.002088726579753402,
      "h20/outcome_drop_episode_count": 3,
      "h20/outcome_drop_final_state_mse": 0.0018601481577539755,
      "h20/outcome_drop_state_mse": 0.0017292004005581725,
      "h20/outcome_jam_episode_count": 3,
      "h20/outcome_jam_final_state_mse": 0.002121568213101306,
      "h20/outcome_jam_state_mse": 0.0021170320853688357,
      "h20/outcome_miss_episode_count": 3,
      "h20/outcome_miss_final_state_mse": 0.0029400408852334114,
      "h20/outcome_miss_state_mse": 0.007404039731991836,
      "h20/outcome_partial_episode_count": 3,
      "h20/outcome_partial_final_state_mse": 0.0017388676311455521,
      "h20/outcome_partial_state_mse": 0.0016429751527075674,
      "h20/outcome_success_episode_count": 3,
      "h20/outcome_success_final_state_mse": 0.0017830081576225803,
      "h20/outcome_success_state_mse": 0.0016573102061265435,
      "h20/state_mse": 0.0029101113712086397,
      "h30/episode_count": 15,
      "h30/final_state_mse": 0.0014759855332717397,
      "h30/outcome_drop_episode_count": 3,
      "h30/outcome_drop_final_state_mse": 0.001569764384257248,
      "h30/outcome_drop_state_mse": 0.0017244776869131848,
      "h30/outcome_jam_episode_count": 3,
      "h30/outcome_jam_final_state_mse": 0.0015594175974138421,
      "h30/outcome_jam_state_mse": 0.002064610878107075,
      "h30/outcome_miss_episode_count": 3,
      "h30/outcome_miss_final_state_mse": 0.001418203407642888,
      "h30/outcome_miss_state_mse": 0.005576754239649554,
      "h30/outcome_partial_episode_count": 3,
      "h30/outcome_partial_final_state_mse": 0.0013876842225299163,
      "h30/outcome_partial_state_mse": 0.001632565402776847,
      "h30/outcome_success_episode_count": 3,
      "h30/outcome_success_final_state_mse": 0.0014448584927842507,
      "h30/outcome_success_state_mse": 0.0016506942269069696,
      "h30/state_mse": 0.0025298204608992033,
      "h40/episode_count": 15,
      "h40/final_state_mse": 0.0015095408445869396,
      "h40/outcome_drop_episode_count": 3,
      "h40/outcome_drop_final_state_mse": 0.001473717464535844,
      "h40/outcome_drop_state_mse": 0.0017893617449243084,
      "h40/outcome_jam_episode_count": 3,
      "h40/outcome_jam_final_state_mse": 0.0015707655621120353,
      "h40/outcome_jam_state_mse": 0.0020384029625288022,
      "h40/outcome_miss_episode_count": 3,
      "h40/outcome_miss_final_state_mse": 0.0016384530398580763,
      "h40/outcome_miss_state_mse": 0.004644761054344426,
      "h40/outcome_partial_episode_count": 3,
      "h40/outcome_partial_final_state_mse": 0.0013865511255716186,
      "h40/outcome_partial_state_mse": 0.001607114602537716,
      "h40/outcome_success_episode_count": 3,
      "h40/outcome_success_final_state_mse": 0.0014782169578122157,
      "h40/outcome_success_state_mse": 0.00163262087145662,
      "h40/state_mse": 0.0023424522549498313,
      "h50/episode_count": 15,
      "h50/final_state_mse": 0.0017333607268489265,
      "h50/outcome_drop_episode_count": 3,
      "h50/outcome_drop_final_state_mse": 0.001350198841952031,
      "h50/outcome_drop_state_mse": 0.0018234350790385326,
      "h50/outcome_jam_episode_count": 3,
      "h50/outcome_jam_final_state_mse": 0.0023145516421280653,
      "h50/outcome_jam_state_mse": 0.0021504333284166123,
      "h50/outcome_miss_episode_count": 3,
      "h50/outcome_miss_final_state_mse": 0.001746491255129085,
      "h50/outcome_miss_state_mse": 0.004122171027987611,
      "h50/outcome_partial_episode_count": 3,
      "h50/outcome_partial_final_state_mse": 0.0016039161900289697,
      "h50/outcome_partial_state_mse": 0.0016928479250739603,
      "h50/outcome_success_episode_count": 3,
      "h50/outcome_success_final_state_mse": 0.0016516461189276252,
      "h50/outcome_success_state_mse": 0.0017225415098900889,
      "h50/state_mse": 0.002302285587086397,
      "h75/episode_count": 15,
      "h75/final_state_mse": 0.003280363519207325,
      "h75/outcome_drop_episode_count": 3,
      "h75/outcome_drop_final_state_mse": 0.002490889573214101,
      "h75/outcome_drop_state_mse": 0.0018301397419183602,
      "h75/outcome_jam_episode_count": 3,
      "h75/outcome_jam_final_state_mse": 0.0034599329034487405,
      "h75/outcome_jam_state_mse": 0.0023314870780329817,
      "h75/outcome_miss_episode_count": 3,
      "h75/outcome_miss_final_state_mse": 0.004370481408888998,
      "h75/outcome_miss_state_mse": 0.0034859090900628913,
      "h75/outcome_partial_episode_count": 3,
      "h75/outcome_partial_final_state_mse": 0.0026347644237521427,
      "h75/outcome_partial_state_mse": 0.0017958428293531497,
      "h75/outcome_success_episode_count": 3,
      "h75/outcome_success_final_state_mse": 0.0034457496519571815,
      "h75/outcome_success_state_mse": 0.0018585498867990664,
      "h75/state_mse": 0.00226038581665305,
      "max_requested_horizon": 125,
      "reencode_period": 10,
      "rollout_mode": "periodic_10"
    },
    "periodic_100": {
      "episode_count": 15,
      "h10/episode_count": 15,
      "h10/final_state_mse": 0.002487833359662224,
      "h10/outcome_drop_episode_count": 3,
      "h10/outcome_drop_final_state_mse": 0.0017441065336754118,
      "h10/outcome_drop_state_mse": 0.0015869656029869528,
      "h10/outcome_jam_episode_count": 3,
      "h10/outcome_jam_final_state_mse": 0.0026598944529598835,
      "h10/outcome_jam_state_mse": 0.0020223843505959107,
      "h10/outcome_miss_episode_count": 3,
      "h10/outcome_miss_final_state_mse": 0.004537363165344288,
      "h10/outcome_miss_state_mse": 0.010498330639857872,
      "h10/outcome_partial_episode_count": 3,
      "h10/outcome_partial_final_state_mse": 0.0017455434244053037,
      "h10/outcome_partial_state_mse": 0.0015134091860328624,
      "h10/outcome_success_episode_count": 3,
      "h10/outcome_success_final_state_mse": 0.001752259903678707,
      "h10/outcome_success_state_mse": 0.0015135007356506546,
      "h10/state_mse": 0.00342691807965048,
      "h100/episode_count": 15,
      "h100/final_state_mse": 138208.6274509804,
      "h100/outcome_drop_episode_count": 3,
      "h100/outcome_drop_final_state_mse": 146400.8607026144,
      "h100/outcome_drop_state_mse": 6864.9463235294115,
      "h100/outcome_jam_episode_count": 3,
      "h100/outcome_jam_final_state_mse": 160646.00040849674,
      "h100/outcome_jam_state_mse": 7480.400653594771,
      "h100/outcome_miss_episode_count": 3,
      "h100/outcome_miss_final_state_mse": 64554.93137254902,
      "h100/outcome_miss_state_mse": 3291.6515359477125,
      "h100/outcome_partial_episode_count": 3,
      "h100/outcome_partial_final_state_mse": 161031.1899509804,
      "h100/outcome_partial_state_mse": 7566.058431372549,
      "h100/outcome_success_episode_count": 3,
      "h100/outcome_success_final_state_mse": 158410.0473856209,
      "h100/outcome_success_state_mse": 7422.990833333333,
      "h100/state_mse": 6525.209934640523,
      "h125/episode_count": 15,
      "h125/final_state_mse": 38766.248366013075,
      "h125/outcome_drop_episode_count": 3,
      "h125/outcome_drop_final_state_mse": 38359.515522875816,
      "h125/outcome_drop_state_mse": 9012.605333333333,
      "h125/outcome_jam_episode_count": 3,
      "h125/outcome_jam_final_state_mse": 41405.40665849673,
      "h125/outcome_jam_state_mse": 9844.536235294117,
      "h125/outcome_miss_episode_count": 3,
      "h125/outcome_miss_final_state_mse": 30214.285130718956,
      "h125/outcome_miss_state_mse": 5675.187764705883,
      "h125/outcome_partial_episode_count": 3,
      "h125/outcome_partial_final_state_mse": 42133.13316993464,
      "h125/outcome_partial_state_mse": 9953.64431372549,
      "h125/outcome_success_episode_count": 3,
      "h125/outcome_success_final_state_mse": 41718.88664215686,
      "h125/outcome_success_state_mse": 9783.094013071895,
      "h125/state_mse": 8853.813877124183,
      "h20/episode_count": 15,
      "h20/final_state_mse": 0.00855456582861009,
      "h20/outcome_drop_episode_count": 3,
      "h20/outcome_drop_final_state_mse": 0.008992925968045502,
      "h20/outcome_drop_state_mse": 0.0030474157504786076,
      "h20/outcome_jam_episode_count": 3,
      "h20/outcome_jam_final_state_mse": 0.009428472495546528,
      "h20/outcome_jam_state_mse": 0.003416501696592842,
      "h20/outcome_miss_episode_count": 3,
      "h20/outcome_miss_final_state_mse": 0.006334358375836042,
      "h20/outcome_miss_state_mse": 0.0074544968947865605,
      "h20/outcome_partial_episode_count": 3,
      "h20/outcome_partial_final_state_mse": 0.009006309158661786,
      "h20/outcome_partial_state_mse": 0.0029618951230267294,
      "h20/outcome_success_episode_count": 3,
      "h20/outcome_success_final_state_mse": 0.009010762950174169,
      "h20/outcome_success_state_mse": 0.0029520387743033616,
      "h20/state_mse": 0.003966469359553717,
      "h30/episode_count": 15,
      "h30/final_state_mse": 0.05173084533292484,
      "h30/outcome_drop_episode_count": 3,
      "h30/outcome_drop_final_state_mse": 0.05076057303185556,
      "h30/outcome_drop_state_mse": 0.010759753806918276,
      "h30/outcome_jam_episode_count": 3,
      "h30/outcome_jam_final_state_mse": 0.05171465328316283,
      "h30/outcome_jam_state_mse": 0.011298387398647067,
      "h30/outcome_miss_episode_count": 3,
      "h30/outcome_miss_final_state_mse": 0.052272952459996046,
      "h30/outcome_miss_state_mse": 0.012482720418693194,
      "h30/outcome_partial_episode_count": 3,
      "h30/outcome_partial_final_state_mse": 0.052106657838509755,
      "h30/outcome_partial_state_mse": 0.010806454552544488,
      "h30/outcome_success_episode_count": 3,
      "h30/outcome_success_final_state_mse": 0.05179939784255682,
      "h30/outcome_success_state_mse": 0.010701843336516735,
      "h30/state_mse": 0.011209832484426063,
      "h40/episode_count": 15,
      "h40/final_state_mse": 0.34726690155228757,
      "h40/outcome_drop_episode_count": 3,
      "h40/outcome_drop_final_state_mse": 0.29670807271221883,
      "h40/outcome_drop_state_mse": 0.046216019773794935,
      "h40/outcome_jam_episode_count": 3,
      "h40/outcome_jam_final_state_mse": 0.32843874638376674,
      "h40/outcome_jam_state_mse": 0.04915922389310949,
      "h40/outcome_miss_episode_count": 3,
      "h40/outcome_miss_final_state_mse": 0.49012253019544816,
      "h40/outcome_miss_state_mse": 0.06610139460345499,
      "h40/outcome_partial_episode_count": 3,
      "h40/outcome_partial_final_state_mse": 0.31289911581799873,
      "h40/outcome_partial_state_mse": 0.04730018104603088,
      "h40/outcome_success_episode_count": 3,
      "h40/outcome_success_final_state_mse": 0.308165989670099,
      "h40/outcome_success_state_mse": 0.046656354268391924,
      "h40/state_mse": 0.051086633220996734,
      "h50/episode_count": 15,
      "h50/final_state_mse": 2.1908685023488563,
      "h50/outcome_drop_episode_count": 3,
      "h50/outcome_drop_final_state_mse": 2.105794133703693,
      "h50/outcome_drop_state_mse": 0.2397419948203891,
      "h50/outcome_jam_episode_count": 3,
      "h50/outcome_jam_final_state_mse": 2.255027122746885,
      "h50/outcome_jam_state_mse": 0.25718223422181374,
      "h50/outcome_miss_episode_count": 3,
      "h50/outcome_miss_final_state_mse": 2.5374715967116015,
      "h50/outcome_miss_state_mse": 0.3324562701056985,
      "h50/outcome_partial_episode_count": 3,
      "h50/outcome_partial_final_state_mse": 2.0482618543836804,
      "h50/outcome_partial_state_mse": 0.23899542116651348,
      "h50/outcome_success_episode_count": 3,
      "h50/outcome_success_final_state_mse": 2.007788165722018,
      "h50/outcome_success_state_mse": 0.234881474114711,
      "h50/state_mse": 0.26065147569444447,
      "h75/episode_count": 15,
      "h75/final_state_mse": 377.6530637254902,
      "h75/outcome_drop_episode_count": 3,
      "h75/outcome_drop_final_state_mse": 383.38257434321383,
      "h75/outcome_drop_state_mse": 24.8321083324823,
      "h75/outcome_jam_episode_count": 3,
      "h75/outcome_jam_final_state_mse": 406.3660114762051,
      "h75/outcome_jam_state_mse": 26.52752757352941,
      "h75/outcome_miss_episode_count": 3,
      "h75/outcome_miss_final_state_mse": 254.95531747855392,
      "h75/outcome_miss_state_mse": 18.289323001770153,
      "h75/outcome_partial_episode_count": 3,
      "h75/outcome_partial_final_state_mse": 429.55676229638993,
      "h75/outcome_partial_state_mse": 27.705453856889978,
      "h75/outcome_success_episode_count": 3,
      "h75/outcome_success_final_state_mse": 414.0044858845231,
      "h75/outcome_success_state_mse": 26.690492791734748,
      "h75/state_mse": 24.808986928104574,
      "max_requested_horizon": 125,
      "reencode_period": 100,
      "rollout_mode": "periodic_100"
    },
    "periodic_2": {
      "episode_count": 15,
      "h10/episode_count": 15,
      "h10/final_state_mse": 0.002618011150484771,
      "h10/outcome_drop_episode_count": 3,
      "h10/outcome_drop_final_state_mse": 0.00208046048684837,
      "h10/outcome_drop_state_mse": 0.002145522715998631,
      "h10/outcome_jam_episode_count": 3,
      "h10/outcome_jam_final_state_mse": 0.0025255397643918305,
      "h10/outcome_jam_state_mse": 0.002559573432199316,
      "h10/outcome_miss_episode_count": 3,
      "h10/outcome_miss_final_state_mse": 0.004541656842418746,
      "h10/outcome_miss_state_mse": 0.009652917525347542,
      "h10/outcome_partial_episode_count": 3,
      "h10/outcome_partial_final_state_mse": 0.0019391632693655351,
      "h10/outcome_partial_state_mse": 0.0020344075034646426,
      "h10/outcome_success_episode_count": 3,
      "h10/outcome_success_final_state_mse": 0.0020032346589502945,
      "h10/outcome_success_state_mse": 0.002050285323772555,
      "h10/state_mse": 0.0036885412378248827,
      "h100/episode_count": 15,
      "h100/final_state_mse": 0.003918016346451504,
      "h100/outcome_drop_episode_count": 3,
      "h100/outcome_drop_final_state_mse": 0.005013644987461614,
      "h100/outcome_drop_state_mse": 0.002762620776307349,
      "h100/outcome_jam_episode_count": 3,
      "h100/outcome_jam_final_state_mse": 0.003829720070938659,
      "h100/outcome_jam_state_mse": 0.003493732439926247,
      "h100/outcome_miss_episode_count": 3,
      "h100/outcome_miss_final_state_mse": 0.00366169155812731,
      "h100/outcome_miss_state_mse": 0.004188121658524656,
      "h100/outcome_partial_episode_count": 3,
      "h100/outcome_partial_final_state_mse": 0.0034036237527342405,
      "h100/outcome_partial_state_mse": 0.002746034198337131,
      "h100/outcome_success_episode_count": 3,
      "h100/outcome_success_final_state_mse": 0.0036814002429737766,
      "h100/outcome_success_state_mse": 0.0030248091890921,
      "h100/state_mse": 0.003243063932929943,
      "h125/episode_count": 15,
      "h125/final_state_mse": 0.006616930868111405,
      "h125/outcome_drop_episode_count": 3,
      "h125/outcome_drop_final_state_mse": 0.007898558150319493,
      "h125/outcome_drop_state_mse": 0.003752624362122779,
      "h125/outcome_jam_episode_count": 3,
      "h125/outcome_jam_final_state_mse": 0.005847713818737105,
      "h125/outcome_jam_state_mse": 0.0038673589369829964,
      "h125/outcome_miss_episode_count": 3,
      "h125/outcome_miss_final_state_mse": 0.010870229331106922,
      "h125/outcome_miss_state_mse": 0.004888119566674326,
      "h125/outcome_partial_episode_count": 3,
      "h125/outcome_partial_final_state_mse": 0.0033156900039685317,
      "h125/outcome_partial_state_mse": 0.002849913603340099,
      "h125/outcome_success_episode_count": 3,
      "h125/outcome_success_final_state_mse": 0.005152462354672501,
      "h125/outcome_success_state_mse": 0.003277339461582159,
      "h125/state_mse": 0.0037270715252246734,
      "h20/episode_count": 15,
      "h20/final_state_mse": 0.002399020101509842,
      "h20/outcome_drop_episode_count": 3,
      "h20/outcome_drop_final_state_mse": 0.002069452010533389,
      "h20/outcome_drop_state_mse": 0.0020958422056210585,
      "h20/outcome_jam_episode_count": 3,
      "h20/outcome_jam_final_state_mse": 0.00208030295333052,
      "h20/outcome_jam_state_mse": 0.0024916696003059935,
      "h20/outcome_miss_episode_count": 3,
      "h20/outcome_miss_final_state_mse": 0.0041269865008740645,
      "h20/outcome_miss_state_mse": 0.007143792919084137,
      "h20/outcome_partial_episode_count": 3,
      "h20/outcome_partial_final_state_mse": 0.001829843602928461,
      "h20/outcome_partial_state_mse": 0.0019896838789671854,
      "h20/outcome_success_episode_count": 3,
      "h20/outcome_success_final_state_mse": 0.0018885153668378692,
      "h20/outcome_success_state_mse": 0.0020188893757614435,
      "h20/state_mse": 0.003147975447910284,
      "h30/episode_count": 15,
      "h30/final_state_mse": 0.002231791596007503,
      "h30/outcome_drop_episode_count": 3,
      "h30/outcome_drop_final_state_mse": 0.001846405854022581,
      "h30/outcome_drop_state_mse": 0.002041978046525278,
      "h30/outcome_jam_episode_count": 3,
      "h30/outcome_jam_final_state_mse": 0.002093781613641315,
      "h30/outcome_jam_state_mse": 0.0024170386765257727,
      "h30/outcome_miss_episode_count": 3,
      "h30/outcome_miss_final_state_mse": 0.0037212582195506375,
      "h30/outcome_miss_state_mse": 0.0060851303840254905,
      "h30/outcome_partial_episode_count": 3,
      "h30/outcome_partial_final_state_mse": 0.0017058878309196895,
      "h30/outcome_partial_state_mse": 0.0019239511105489627,
      "h30/outcome_success_episode_count": 3,
      "h30/outcome_success_final_state_mse": 0.0017916246079931072,
      "h30/outcome_success_state_mse": 0.0019585532820042962,
      "h30/state_mse": 0.00288533029992596,
      "h40/episode_count": 15,
      "h40/final_state_mse": 0.0024197257422154247,
      "h40/outcome_drop_episode_count": 3,
      "h40/outcome_drop_final_state_mse": 0.0023166960458350337,
      "h40/outcome_drop_state_mse": 0.0021494087050942814,
      "h40/outcome_jam_episode_count": 3,
      "h40/outcome_jam_final_state_mse": 0.0022571986309843127,
      "h40/outcome_jam_state_mse": 0.0024242195818159314,
      "h40/outcome_miss_episode_count": 3,
      "h40/outcome_miss_final_state_mse": 0.0027520749596209306,
      "h40/outcome_miss_state_mse": 0.00538335033491546,
      "h40/outcome_partial_episode_count": 3,
      "h40/outcome_partial_final_state_mse": 0.002390609554995119,
      "h40/outcome_partial_state_mse": 0.0019793045092252343,
      "h40/outcome_success_episode_count": 3,
      "h40/outcome_success_final_state_mse": 0.0023820500796526865,
      "h40/outcome_success_state_mse": 0.002005881499620824,
      "h40/state_mse": 0.0027884327508265676,
      "h50/episode_count": 15,
      "h50/final_state_mse": 0.002868557599634906,
      "h50/outcome_drop_episode_count": 3,
      "h50/outcome_drop_final_state_mse": 0.002137153634643243,
      "h50/outcome_drop_state_mse": 0.0022240610683665557,
      "h50/outcome_jam_episode_count": 3,
      "h50/outcome_jam_final_state_mse": 0.0030316260515474806,
      "h50/outcome_jam_state_mse": 0.002642238467347388,
      "h50/outcome_miss_episode_count": 3,
      "h50/outcome_miss_final_state_mse": 0.002091267870532142,
      "h50/outcome_miss_state_mse": 0.0048172501956715305,
      "h50/outcome_partial_episode_count": 3,
      "h50/outcome_partial_final_state_mse": 0.003461092223528943,
      "h50/outcome_partial_state_mse": 0.0022116853676590266,
      "h50/outcome_success_episode_count": 3,
      "h50/outcome_success_final_state_mse": 0.003621649362292944,
      "h50/outcome_success_state_mse": 0.0022383001115587023,
      "h50/state_mse": 0.0028267072291156044,
      "h75/episode_count": 15,
      "h75/final_state_mse": 0.005237966425278608,
      "h75/outcome_drop_episode_count": 3,
      "h75/outcome_drop_final_state_mse": 0.004715332408356511,
      "h75/outcome_drop_state_mse": 0.002439948104825155,
      "h75/outcome_jam_episode_count": 3,
      "h75/outcome_jam_final_state_mse": 0.005602661106321547,
      "h75/outcome_jam_state_mse": 0.00316350076712814,
      "h75/outcome_miss_episode_count": 3,
      "h75/outcome_miss_final_state_mse": 0.006907243792917214,
      "h75/outcome_miss_state_mse": 0.0042848178971566925,
      "h75/outcome_partial_episode_count": 3,
      "h75/outcome_partial_final_state_mse": 0.003730705555747537,
      "h75/outcome_partial_state_mse": 0.0026348781793465543,
      "h75/outcome_success_episode_count": 3,
      "h75/outcome_success_final_state_mse": 0.005233889993499307,
      "h75/outcome_success_state_mse": 0.0027111119953895186,
      "h75/state_mse": 0.003046851064644608,
      "max_requested_horizon": 125,
      "reencode_period": 2,
      "rollout_mode": "periodic_2"
    },
    "periodic_20": {
      "episode_count": 15,
      "h10/episode_count": 15,
      "h10/final_state_mse": 0.002487833359662224,
      "h10/outcome_drop_episode_count": 3,
      "h10/outcome_drop_final_state_mse": 0.0017441065336754118,
      "h10/outcome_drop_state_mse": 0.0015869656029869528,
      "h10/outcome_jam_episode_count": 3,
      "h10/outcome_jam_final_state_mse": 0.0026598944529598835,
      "h10/outcome_jam_state_mse": 0.0020223843505959107,
      "h10/outcome_miss_episode_count": 3,
      "h10/outcome_miss_final_state_mse": 0.004537363165344288,
      "h10/outcome_miss_state_mse": 0.010498330639857872,
      "h10/outcome_partial_episode_count": 3,
      "h10/outcome_partial_final_state_mse": 0.0017455434244053037,
      "h10/outcome_partial_state_mse": 0.0015134091860328624,
      "h10/outcome_success_episode_count": 3,
      "h10/outcome_success_final_state_mse": 0.001752259903678707,
      "h10/outcome_success_state_mse": 0.0015135007356506546,
      "h10/state_mse": 0.00342691807965048,
      "h100/episode_count": 15,
      "h100/final_state_mse": 0.007248541888068704,
      "h100/outcome_drop_episode_count": 3,
      "h100/outcome_drop_final_state_mse": 0.00881691734775219,
      "h100/outcome_drop_state_mse": 0.003529976489497166,
      "h100/outcome_jam_episode_count": 3,
      "h100/outcome_jam_final_state_mse": 0.005755861015880809,
      "h100/outcome_jam_state_mse": 0.0035390623878030214,
      "h100/outcome_miss_episode_count": 3,
      "h100/outcome_miss_final_state_mse": 0.010205121309149499,
      "h100/outcome_miss_state_mse": 0.005298609764747371,
      "h100/outcome_partial_episode_count": 3,
      "h100/outcome_partial_final_state_mse": 0.007448937816947114,
      "h100/outcome_partial_state_mse": 0.0033463840235292523,
      "h100/outcome_success_episode_count": 3,
      "h100/outcome_success_final_state_mse": 0.0040158738497815104,
      "h100/outcome_success_state_mse": 0.0031999025781170214,
      "h100/state_mse": 0.0037827866498161763,
      "h125/episode_count": 15,
      "h125/final_state_mse": 0.00683285956289254,
      "h125/outcome_drop_episode_count": 3,
      "h125/outcome_drop_final_state_mse": 0.00759225820793825,
      "h125/outcome_drop_state_mse": 0.0043053547977622035,
      "h125/outcome_jam_episode_count": 3,
      "h125/outcome_jam_final_state_mse": 0.009589799673728694,
      "h125/outcome_jam_state_mse": 0.0044350574967128775,
      "h125/outcome_miss_episode_count": 3,
      "h125/outcome_miss_final_state_mse": 0.007062366731416166,
      "h125/outcome_miss_state_mse": 0.0059587161992889605,
      "h125/outcome_partial_episode_count": 3,
      "h125/outcome_partial_final_state_mse": 0.002540122595877429,
      "h125/outcome_partial_state_mse": 0.0034135503831252555,
      "h125/outcome_success_episode_count": 3,
      "h125/outcome_success_final_state_mse": 0.007379751871613895,
      "h125/outcome_success_state_mse": 0.003832560919468699,
      "h125/state_mse": 0.004389048138786765,
      "h20/episode_count": 15,
      "h20/final_state_mse": 0.00855456582861009,
      "h20/outcome_drop_episode_count": 3,
      "h20/outcome_drop_final_state_mse": 0.008992925968045502,
      "h20/outcome_drop_state_mse": 0.0030474157504786076,
      "h20/outcome_jam_episode_count": 3,
      "h20/outcome_jam_final_state_mse": 0.009428472495546528,
      "h20/outcome_jam_state_mse": 0.003416501696592842,
      "h20/outcome_miss_episode_count": 3,
      "h20/outcome_miss_final_state_mse": 0.006334358375836042,
      "h20/outcome_miss_state_mse": 0.0074544968947865605,
      "h20/outcome_partial_episode_count": 3,
      "h20/outcome_partial_final_state_mse": 0.009006309158661786,
      "h20/outcome_partial_state_mse": 0.0029618951230267294,
      "h20/outcome_success_episode_count": 3,
      "h20/outcome_success_final_state_mse": 0.009010762950174169,
      "h20/outcome_success_state_mse": 0.0029520387743033616,
      "h20/state_mse": 0.003966469359553717,
      "h30/episode_count": 15,
      "h30/final_state_mse": 0.0021912668265548405,
      "h30/outcome_drop_episode_count": 3,
      "h30/outcome_drop_final_state_mse": 0.002376644634733013,
      "h30/outcome_drop_state_mse": 0.0028465577979492986,
      "h30/outcome_jam_episode_count": 3,
      "h30/outcome_jam_final_state_mse": 0.0022090890633514504,
      "h30/outcome_jam_state_mse": 0.003161723940980201,
      "h30/outcome_miss_episode_count": 3,
      "h30/outcome_miss_final_state_mse": 0.0019896109314525828,
      "h30/outcome_miss_state_mse": 0.005798100594082169,
      "h30/outcome_partial_episode_count": 3,
      "h30/outcome_partial_final_state_mse": 0.0021844929437232173,
      "h30/outcome_partial_state_mse": 0.0027510617033848317,
      "h30/outcome_success_episode_count": 3,
      "h30/outcome_success_final_state_mse": 0.0021964962673343084,
      "h30/outcome_success_state_mse": 0.002750239444973682,
      "h30/state_mse": 0.003461536748217082,
      "h40/episode_count": 15,
      "h40/final_state_mse": 0.008206010955611085,
      "h40/outcome_drop_episode_count": 3,
      "h40/outcome_drop_final_state_mse": 0.00949707685732374,
      "h40/outcome_drop_state_mse": 0.0032816976503609054,
      "h40/outcome_jam_episode_count": 3,
      "h40/outcome_jam_final_state_mse": 0.0085778711668027,
      "h40/outcome_jam_state_mse": 0.0034949417986900977,
      "h40/outcome_miss_episode_count": 3,
      "h40/outcome_miss_final_state_mse": 0.007363854475270689,
      "h40/outcome_miss_state_mse": 0.0053069331287558565,
      "h40/outcome_partial_episode_count": 3,
      "h40/outcome_partial_final_state_mse": 0.007830248451700397,
      "h40/outcome_partial_state_mse": 0.0030361285396650725,
      "h40/outcome_success_episode_count": 3,
      "h40/outcome_success_final_state_mse": 0.007761002171273325,
      "h40/outcome_success_state_mse": 0.003034231242011575,
      "h40/state_mse": 0.0036307864718967014,
      "h50/episode_count": 15,
      "h50/final_state_mse": 0.002108253840527503,
      "h50/outcome_drop_episode_count": 3,
      "h50/outcome_drop_final_state_mse": 0.002043046592886931,
      "h50/outcome_drop_state_mse": 0.00310652090833078,
      "h50/outcome_jam_episode_count": 3,
      "h50/outcome_jam_final_state_mse": 0.002642240156145657,
      "h50/outcome_jam_state_mse": 0.0033462275087443832,
      "h50/outcome_miss_episode_count": 3,
      "h50/outcome_miss_final_state_mse": 0.0019070583523488512,
      "h50/outcome_miss_state_mse": 0.004654976838554432,
      "h50/outcome_partial_episode_count": 3,
      "h50/outcome_partial_final_state_mse": 0.0019544073277049595,
      "h50/outcome_partial_state_mse": 0.0028562585668626176,
      "h50/outcome_success_episode_count": 3,
      "h50/outcome_success_final_state_mse": 0.001994516773551118,
      "h50/outcome_success_state_mse": 0.0028666792352215137,
      "h50/state_mse": 0.003366132748672386,
      "h75/episode_count": 15,
      "h75/final_state_mse": 0.005687588959737541,
      "h75/outcome_drop_episode_count": 3,
      "h75/outcome_drop_final_state_mse": 0.004623101671147191,
      "h75/outcome_drop_state_mse": 0.003046303792716631,
      "h75/outcome_jam_episode_count": 3,
      "h75/outcome_jam_final_state_mse": 0.004541504032471601,
      "h75/outcome_jam_state_mse": 0.0033888270392656845,
      "h75/outcome_miss_episode_count": 3,
      "h75/outcome_miss_final_state_mse": 0.007301375708159278,
      "h75/outcome_miss_state_mse": 0.0043502160199067694,
      "h75/outcome_partial_episode_count": 3,
      "h75/outcome_partial_final_state_mse": 0.0060433000813122665,
      "h75/outcome_partial_state_mse": 0.00298998373526114,
      "h75/outcome_success_episode_count": 3,
      "h75/outcome_success_final_state_mse": 0.005928665350854787,
      "h75/outcome_success_state_mse": 0.003000091187055334,
      "h75/state_mse": 0.003355084454571759,
      "max_requested_horizon": 125,
      "reencode_period": 20,
      "rollout_mode": "periodic_20"
    },
    "periodic_5": {
      "episode_count": 15,
      "h10/episode_count": 15,
      "h10/final_state_mse": 0.002473303383471919,
      "h10/outcome_drop_episode_count": 3,
      "h10/outcome_drop_final_state_mse": 0.0017185665520967222,
      "h10/outcome_drop_state_mse": 0.001748734712600708,
      "h10/outcome_jam_episode_count": 3,
      "h10/outcome_jam_final_state_mse": 0.0023778517261829253,
      "h10/outcome_jam_state_mse": 0.0021790839877783084,
      "h10/outcome_miss_episode_count": 3,
      "h10/outcome_miss_final_state_mse": 0.005021780534507403,
      "h10/outcome_miss_state_mse": 0.010728368572160309,
      "h10/outcome_partial_episode_count": 3,
      "h10/outcome_partial_final_state_mse": 0.0016178850060194925,
      "h10/outcome_partial_state_mse": 0.0016635399628308863,
      "h10/outcome_success_episode_count": 3,
      "h10/outcome_success_final_state_mse": 0.0016304319541828305,
      "h10/outcome_success_state_mse": 0.0016626452698427089,
      "h10/state_mse": 0.0035964746412888073,
      "h100/episode_count": 15,
      "h100/final_state_mse": 0.0031134717604693243,
      "h100/outcome_drop_episode_count": 3,
      "h100/outcome_drop_final_state_mse": 0.0026443116610346275,
      "h100/outcome_drop_state_mse": 0.002169781416849373,
      "h100/outcome_jam_episode_count": 3,
      "h100/outcome_jam_final_state_mse": 0.0038304216185815975,
      "h100/outcome_jam_state_mse": 0.002892185348311281,
      "h100/outcome_miss_episode_count": 3,
      "h100/outcome_miss_final_state_mse": 0.0038359448605892704,
      "h100/outcome_miss_state_mse": 0.003588797750036701,
      "h100/outcome_partial_episode_count": 3,
      "h100/outcome_partial_final_state_mse": 0.0021310373410290363,
      "h100/outcome_partial_state_mse": 0.002009904400195951,
      "h100/outcome_success_episode_count": 3,
      "h100/outcome_success_final_state_mse": 0.003125642249786776,
      "h100/outcome_success_state_mse": 0.0023248496086768853,
      "h100/state_mse": 0.002597103742213031,
      "h125/episode_count": 15,
      "h125/final_state_mse": 0.005675085229811325,
      "h125/outcome_drop_episode_count": 3,
      "h125/outcome_drop_final_state_mse": 0.004098805093687344,
      "h125/outcome_drop_state_mse": 0.0025977357353260313,
      "h125/outcome_jam_episode_count": 3,
      "h125/outcome_jam_final_state_mse": 0.005949400998408499,
      "h125/outcome_jam_state_mse": 0.003329494900173611,
      "h125/outcome_miss_episode_count": 3,
      "h125/outcome_miss_final_state_mse": 0.011307959463082108,
      "h125/outcome_miss_state_mse": 0.004497650645137612,
      "h125/outcome_partial_episode_count": 3,
      "h125/outcome_partial_final_state_mse": 0.002101278723844516,
      "h125/outcome_partial_state_mse": 0.0020493041643130233,
      "h125/outcome_success_episode_count": 3,
      "h125/outcome_success_final_state_mse": 0.004917978656058218,
      "h125/outcome_success_state_mse": 0.0026951261532852074,
      "h125/state_mse": 0.003033862145118464,
      "h20/episode_count": 15,
      "h20/final_state_mse": 0.0018753179537704568,
      "h20/outcome_drop_episode_count": 3,
      "h20/outcome_drop_final_state_mse": 0.0017848475988394294,
      "h20/outcome_drop_state_mse": 0.0017824358799878289,
      "h20/outcome_jam_episode_count": 3,
      "h20/outcome_jam_final_state_mse": 0.0017256166274641075,
      "h20/outcome_jam_state_mse": 0.0021651394616544637,
      "h20/outcome_miss_episode_count": 3,
      "h20/outcome_miss_final_state_mse": 0.002632715441043081,
      "h20/outcome_miss_state_mse": 0.007467364018259485,
      "h20/outcome_partial_episode_count": 3,
      "h20/outcome_partial_final_state_mse": 0.0015976704121415132,
      "h20/outcome_partial_state_mse": 0.0016973205251631393,
      "h20/outcome_success_episode_count": 3,
      "h20/outcome_success_final_state_mse": 0.0016357394458811267,
      "h20/outcome_success_state_mse": 0.0017196041890998291,
      "h20/state_mse": 0.0029663729200176164,
      "h30/episode_count": 15,
      "h30/final_state_mse": 0.0015667307610605277,
      "h30/outcome_drop_episode_count": 3,
      "h30/outcome_drop_final_state_mse": 0.0015652480663037767,
      "h30/outcome_drop_state_mse": 0.00178993794912866,
      "h30/outcome_jam_episode_count": 3,
      "h30/outcome_jam_final_state_mse": 0.0016181132957047107,
      "h30/outcome_jam_state_mse": 0.002128175089302146,
      "h30/outcome_miss_episode_count": 3,
      "h30/outcome_miss_final_state_mse": 0.0017622831502771066,
      "h30/outcome_miss_state_mse": 0.005724160603708172,
      "h30/outcome_partial_episode_count": 3,
      "h30/outcome_partial_final_state_mse": 0.0014057461586263445,
      "h30/outcome_partial_state_mse": 0.001691788110338265,
      "h30/outcome_success_episode_count": 3,
      "h30/outcome_success_final_state_mse": 0.001482262842211069,
      "h30/outcome_success_state_mse": 0.001717037988384305,
      "h30/state_mse": 0.0026102199845324412,
      "h40/episode_count": 15,
      "h40/final_state_mse": 0.0018189760594586142,
      "h40/outcome_drop_episode_count": 3,
      "h40/outcome_drop_final_state_mse": 0.0019201331960609536,
      "h40/outcome_drop_state_mse": 0.0019083294603559706,
      "h40/outcome_jam_episode_count": 3,
      "h40/outcome_jam_final_state_mse": 0.0017701554921717426,
      "h40/outcome_jam_state_mse": 0.002159693934559043,
      "h40/outcome_miss_episode_count": 3,
      "h40/outcome_miss_final_state_mse": 0.0019050929817109325,
      "h40/outcome_miss_state_mse": 0.004849499113419477,
      "h40/outcome_partial_episode_count": 3,
      "h40/outcome_partial_final_state_mse": 0.001721395386589898,
      "h40/outcome_partial_state_mse": 0.0017198467176724104,
      "h40/outcome_success_episode_count": 3,
      "h40/outcome_success_final_state_mse": 0.0017781025590070713,
      "h40/outcome_success_state_mse": 0.001746521276586196,
      "h40/state_mse": 0.0024767782173904717,
      "h50/episode_count": 15,
      "h50/final_state_mse": 0.0019745284435795803,
      "h50/outcome_drop_episode_count": 3,
      "h50/outcome_drop_final_state_mse": 0.0016421323605612212,
      "h50/outcome_drop_state_mse": 0.0019810243369707096,
      "h50/outcome_jam_episode_count": 3,
      "h50/outcome_jam_final_state_mse": 0.002310046792225121,
      "h50/outcome_jam_state_mse": 0.002333384682150448,
      "h50/outcome_miss_episode_count": 3,
      "h50/outcome_miss_final_state_mse": 0.0018770610000572953,
      "h50/outcome_miss_state_mse": 0.004330178803088619,
      "h50/outcome_partial_episode_count": 3,
      "h50/outcome_partial_final_state_mse": 0.0019946824150537355,
      "h50/outcome_partial_state_mse": 0.0018573628843220231,
      "h50/outcome_success_episode_count": 3,
      "h50/outcome_success_final_state_mse": 0.002048719260427687,
      "h50/outcome_success_state_mse": 0.0018848723991244448,
      "h50/state_mse": 0.0024773647333282273,
      "h75/episode_count": 15,
      "h75/final_state_mse": 0.0034402685227736926,
      "h75/outcome_drop_episode_count": 3,
      "h75/outcome_drop_final_state_mse": 0.0024751928068843542,
      "h75/outcome_drop_state_mse": 0.001983546338050194,
      "h75/outcome_jam_episode_count": 3,
      "h75/outcome_jam_final_state_mse": 0.0038468237308894888,
      "h75/outcome_jam_state_mse": 0.002586386686836193,
      "h75/outcome_miss_episode_count": 3,
      "h75/outcome_miss_final_state_mse": 0.004348785366887361,
      "h75/outcome_miss_state_mse": 0.0036901823887378303,
      "h75/outcome_partial_episode_count": 3,
      "h75/outcome_partial_final_state_mse": 0.002878206155074188,
      "h75/outcome_partial_state_mse": 0.002007316680775229,
      "h75/outcome_success_episode_count": 3,
      "h75/outcome_success_final_state_mse": 0.0036523344323915593,
      "h75/outcome_success_state_mse": 0.0020613389441130727,
      "h75/state_mse": 0.002465754357298475,
      "max_requested_horizon": 125,
      "reencode_period": 5,
      "rollout_mode": "periodic_5"
    },
    "periodic_50": {
      "episode_count": 15,
      "h10/episode_count": 15,
      "h10/final_state_mse": 0.002487833359662224,
      "h10/outcome_drop_episode_count": 3,
      "h10/outcome_drop_final_state_mse": 0.0017441065336754118,
      "h10/outcome_drop_state_mse": 0.0015869656029869528,
      "h10/outcome_jam_episode_count": 3,
      "h10/outcome_jam_final_state_mse": 0.0026598944529598835,
      "h10/outcome_jam_state_mse": 0.0020223843505959107,
      "h10/outcome_miss_episode_count": 3,
      "h10/outcome_miss_final_state_mse": 0.004537363165344288,
      "h10/outcome_miss_state_mse": 0.010498330639857872,
      "h10/outcome_partial_episode_count": 3,
      "h10/outcome_partial_final_state_mse": 0.0017455434244053037,
      "h10/outcome_partial_state_mse": 0.0015134091860328624,
      "h10/outcome_success_episode_count": 3,
      "h10/outcome_success_final_state_mse": 0.001752259903678707,
      "h10/outcome_success_state_mse": 0.0015135007356506546,
      "h10/state_mse": 0.00342691807965048,
      "h100/episode_count": 15,
      "h100/final_state_mse": 58.80243055555555,
      "h100/outcome_drop_episode_count": 3,
      "h100/outcome_drop_final_state_mse": 55.375129250919116,
      "h100/outcome_drop_state_mse": 2.442360760059232,
      "h100/outcome_jam_episode_count": 3,
      "h100/outcome_jam_final_state_mse": 62.43142999387255,
      "h100/outcome_jam_state_mse": 2.743182093801062,
      "h100/outcome_miss_episode_count": 3,
      "h100/outcome_miss_final_state_mse": 57.10542247497958,
      "h100/outcome_miss_state_mse": 2.540326159109477,
      "h100/outcome_partial_episode_count": 3,
      "h100/outcome_partial_final_state_mse": 59.977407617506636,
      "h100/outcome_partial_state_mse": 2.622338787402982,
      "h100/outcome_success_episode_count": 3,
      "h100/outcome_success_final_state_mse": 59.12277600656148,
      "h100/outcome_success_state_mse": 2.573644540824142,
      "h100/state_mse": 2.5843705065359477,
      "h125/episode_count": 15,
      "h125/final_state_mse": 87.01462418300653,
      "h125/outcome_drop_episode_count": 3,
      "h125/outcome_drop_final_state_mse": 88.42128878325418,
      "h125/outcome_drop_state_mse": 6.3371712111928105,
      "h125/outcome_jam_episode_count": 3,
      "h125/outcome_jam_final_state_mse": 103.42095259124157,
      "h125/outcome_jam_state_mse": 7.174428053513072,
      "h125/outcome_miss_episode_count": 3,
      "h125/outcome_miss_final_state_mse": 64.96590967116013,
      "h125/outcome_miss_state_mse": 5.973099417892157,
      "h125/outcome_partial_episode_count": 3,
      "h125/outcome_partial_final_state_mse": 89.06172319798688,
      "h125/outcome_partial_state_mse": 6.488938929738562,
      "h125/outcome_success_episode_count": 3,
      "h125/outcome_success_final_state_mse": 89.20326881159365,
      "h125/outcome_success_state_mse": 6.4579354575163395,
      "h125/state_mse": 6.486315032679738,
      "h20/episode_count": 15,
      "h20/final_state_mse": 0.00855456582861009,
      "h20/outcome_drop_episode_count": 3,
      "h20/outcome_drop_final_state_mse": 0.008992925968045502,
      "h20/outcome_drop_state_mse": 0.0030474157504786076,
      "h20/outcome_jam_episode_count": 3,
      "h20/outcome_jam_final_state_mse": 0.009428472495546528,
      "h20/outcome_jam_state_mse": 0.003416501696592842,
      "h20/outcome_miss_episode_count": 3,
      "h20/outcome_miss_final_state_mse": 0.006334358375836042,
      "h20/outcome_miss_state_mse": 0.0074544968947865605,
      "h20/outcome_partial_episode_count": 3,
      "h20/outcome_partial_final_state_mse": 0.009006309158661786,
      "h20/outcome_partial_state_mse": 0.0029618951230267294,
      "h20/outcome_success_episode_count": 3,
      "h20/outcome_success_final_state_mse": 0.009010762950174169,
      "h20/outcome_success_state_mse": 0.0029520387743033616,
      "h20/state_mse": 0.003966469359553717,
      "h30/episode_count": 15,
      "h30/final_state_mse": 0.05173084533292484,
      "h30/outcome_drop_episode_count": 3,
      "h30/outcome_drop_final_state_mse": 0.05076057303185556,
      "h30/outcome_drop_state_mse": 0.010759753806918276,
      "h30/outcome_jam_episode_count": 3,
      "h30/outcome_jam_final_state_mse": 0.05171465328316283,
      "h30/outcome_jam_state_mse": 0.011298387398647067,
      "h30/outcome_miss_episode_count": 3,
      "h30/outcome_miss_final_state_mse": 0.052272952459996046,
      "h30/outcome_miss_state_mse": 0.012482720418693194,
      "h30/outcome_partial_episode_count": 3,
      "h30/outcome_partial_final_state_mse": 0.052106657838509755,
      "h30/outcome_partial_state_mse": 0.010806454552544488,
      "h30/outcome_success_episode_count": 3,
      "h30/outcome_success_final_state_mse": 0.05179939784255682,
      "h30/outcome_success_state_mse": 0.010701843336516735,
      "h30/state_mse": 0.011209832484426063,
      "h40/episode_count": 15,
      "h40/final_state_mse": 0.34726690155228757,
      "h40/outcome_drop_episode_count": 3,
      "h40/outcome_drop_final_state_mse": 0.29670807271221883,
      "h40/outcome_drop_state_mse": 0.046216019773794935,
      "h40/outcome_jam_episode_count": 3,
      "h40/outcome_jam_final_state_mse": 0.32843874638376674,
      "h40/outcome_jam_state_mse": 0.04915922389310949,
      "h40/outcome_miss_episode_count": 3,
      "h40/outcome_miss_final_state_mse": 0.49012253019544816,
      "h40/outcome_miss_state_mse": 0.06610139460345499,
      "h40/outcome_partial_episode_count": 3,
      "h40/outcome_partial_final_state_mse": 0.31289911581799873,
      "h40/outcome_partial_state_mse": 0.04730018104603088,
      "h40/outcome_success_episode_count": 3,
      "h40/outcome_success_final_state_mse": 0.308165989670099,
      "h40/outcome_success_state_mse": 0.046656354268391924,
      "h40/state_mse": 0.051086633220996734,
      "h50/episode_count": 15,
      "h50/final_state_mse": 2.1908685023488563,
      "h50/outcome_drop_episode_count": 3,
      "h50/outcome_drop_final_state_mse": 2.105794133703693,
      "h50/outcome_drop_state_mse": 0.2397419948203891,
      "h50/outcome_jam_episode_count": 3,
      "h50/outcome_jam_final_state_mse": 2.255027122746885,
      "h50/outcome_jam_state_mse": 0.25718223422181374,
      "h50/outcome_miss_episode_count": 3,
      "h50/outcome_miss_final_state_mse": 2.5374715967116015,
      "h50/outcome_miss_state_mse": 0.3324562701056985,
      "h50/outcome_partial_episode_count": 3,
      "h50/outcome_partial_final_state_mse": 2.0482618543836804,
      "h50/outcome_partial_state_mse": 0.23899542116651348,
      "h50/outcome_success_episode_count": 3,
      "h50/outcome_success_final_state_mse": 2.007788165722018,
      "h50/outcome_success_state_mse": 0.234881474114711,
      "h50/state_mse": 0.26065147569444447,
      "h75/episode_count": 15,
      "h75/final_state_mse": 0.3924854951746323,
      "h75/outcome_drop_episode_count": 3,
      "h75/outcome_drop_final_state_mse": 0.3632578319973416,
      "h75/outcome_drop_state_mse": 0.23635291404973446,
      "h75/outcome_jam_episode_count": 3,
      "h75/outcome_jam_final_state_mse": 0.37641408085043915,
      "h75/outcome_jam_state_mse": 0.24892532647824755,
      "h75/outcome_miss_episode_count": 3,
      "h75/outcome_miss_final_state_mse": 0.3991176006840725,
      "h75/outcome_miss_state_mse": 0.31355180993838505,
      "h75/outcome_partial_episode_count": 3,
      "h75/outcome_partial_final_state_mse": 0.40860796286389717,
      "h75/outcome_partial_state_mse": 0.23345050753591368,
      "h75/outcome_success_episode_count": 3,
      "h75/outcome_success_final_state_mse": 0.41503019893870635,
      "h75/outcome_success_state_mse": 0.22982700322967728,
      "h75/state_mse": 0.25242148352396515,
      "max_requested_horizon": 125,
      "reencode_period": 50,
      "rollout_mode": "periodic_50"
    }
  },
  "split": "test",
  "support_alignment": {
    "contact_phase": {
      "contact_phase_family_ari": 0.0,
      "contact_phase_family_nmi": 0.0,
      "contact_phase_family_purity": 0.9996668887408394,
      "contact_phase_sample_count": 3002.0,
      "h_contact_phase_given_family": 0.0030002889533867266,
      "h_family_given_contact_phase": 0.0,
      "unique_contact_phase_count": 2.0,
      "unique_family_count": 1.0
    },
    "contact_phase_alignment_available": true,
    "evaluated_state_count": 3017,
    "family_count": 1,
    "mean_family_similarity": 0.5784661769866943,
    "mean_support_size": 236.58932714617168,
    "outcome_alignment_available": true,
    "outcome_state": {
      "h_family_given_outcome": 0.0,
      "h_outcome_given_family": 1.6094379124341005,
      "outcome_family_ari": 0.0,
      "outcome_family_nmi": 0.0,
      "outcome_family_purity": 0.2,
      "outcome_sample_count": 15.0,
      "unique_family_count": 1.0,
      "unique_outcome_count": 5.0
    },
    "status": "ok",
    "unassigned_state_fraction": 0.0,
    "validation_state_count": 2346
  },
  "support_threshold": 0.2
}
{
  "best_periodic_rollout": {
    "episode_count": 15,
    "h10/episode_count": 15,
    "h10/final_state_mse": 0.0019527801501205543,
    "h10/outcome_drop_episode_count": 3,
    "h10/outcome_drop_final_state_mse": 0.001339096052486912,
    "h10/outcome_drop_state_mse": 0.0013455256137972563,
    "h10/outcome_jam_episode_count": 3,
    "h10/outcome_jam_final_state_mse": 0.0022393060860291026,
    "h10/outcome_jam_state_mse": 0.0017737055136487375,
    "h10/outcome_miss_episode_count": 3,
    "h10/outcome_miss_final_state_mse": 0.003528251172670352,
    "h10/outcome_miss_state_mse": 0.009828838180093204,
    "h10/outcome_partial_episode_count": 3,
    "h10/outcome_partial_final_state_mse": 0.0013217633845759374,
    "h10/outcome_partial_state_mse": 0.0012728714280658298,
    "h10/outcome_success_episode_count": 3,
    "h10/outcome_success_final_state_mse": 0.0013354844322391584,
    "h10/outcome_success_state_mse": 0.0012756946819280487,
    "h10/selected_mode": "periodic_10",
    "h10/selected_period": 10,
    "h10/state_mse": 0.003099327087402344,
    "h100/episode_count": 15,
    "h100/final_state_mse": 0.0033591840781417547,
    "h100/outcome_drop_episode_count": 3,
    "h100/outcome_drop_final_state_mse": 0.0023500951481800455,
    "h100/outcome_drop_state_mse": 0.001908329483730341,
    "h100/outcome_jam_episode_count": 3,
    "h100/outcome_jam_final_state_mse": 0.0044526618485357244,
    "h100/outcome_jam_state_mse": 0.0025620487312865412,
    "h100/outcome_miss_episode_count": 3,
    "h100/outcome_miss_final_state_mse": 0.005372143210538851,
    "h100/outcome_miss_state_mse": 0.003313511430827621,
    "h100/outcome_partial_episode_count": 3,
    "h100/outcome_partial_final_state_mse": 0.0016590736660302855,
    "h100/outcome_partial_state_mse": 0.0016925051009732913,
    "h100/outcome_success_episode_count": 3,
    "h100/outcome_success_final_state_mse": 0.0029619475644008784,
    "h100/outcome_success_state_mse": 0.002004839766259287,
    "h100/selected_mode": "periodic_10",
    "h100/selected_period": 10,
    "h100/state_mse": 0.002296246896382251,
    "h125/episode_count": 15,
    "h125/final_state_mse": 0.0069743337194904005,
    "h125/outcome_drop_episode_count": 3,
    "h125/outcome_drop_final_state_mse": 0.005898755068093344,
    "h125/outcome_drop_state_mse": 0.0024934158325195313,
    "h125/outcome_jam_episode_count": 3,
    "h125/outcome_jam_final_state_mse": 0.009469496049717361,
    "h125/outcome_jam_state_mse": 0.0034115669400084253,
    "h125/outcome_miss_episode_count": 3,
    "h125/outcome_miss_final_state_mse": 0.01103577638665835,
    "h125/outcome_miss_state_mse": 0.004261258792253881,
    "h125/outcome_partial_episode_count": 3,
    "h125/outcome_partial_final_state_mse": 0.0016394058619838914,
    "h125/outcome_partial_state_mse": 0.0016852636898265167,
    "h125/outcome_success_episode_count": 3,
    "h125/outcome_success_final_state_mse": 0.006828236813638725,
    "h125/outcome_success_state_mse": 0.0025387667736975973,
    "h125/selected_mode": "periodic_10",
    "h125/selected_period": 10,
    "h125/state_mse": 0.002878054789624183,
    "h20/episode_count": 15,
    "h20/final_state_mse": 0.0016567544999465443,
    "h20/outcome_drop_episode_count": 3,
    "h20/outcome_drop_final_state_mse": 0.0014970036941805696,
    "h20/outcome_drop_state_mse": 0.0014818455658706965,
    "h20/outcome_jam_episode_count": 3,
    "h20/outcome_jam_final_state_mse": 0.0016222486601156346,
    "h20/outcome_jam_state_mse": 0.0018392610394097621,
    "h20/outcome_miss_episode_count": 3,
    "h20/outcome_miss_final_state_mse": 0.0023704925978105832,
    "h20/outcome_miss_state_mse": 0.006679500785528445,
    "h20/outcome_partial_episode_count": 3,
    "h20/outcome_partial_final_state_mse": 0.0013756005251719281,
    "h20/outcome_partial_state_mse": 0.0014007149763356627,
    "h20/outcome_success_episode_count": 3,
    "h20/outcome_success_final_state_mse": 0.0014184272172404271,
    "h20/outcome_success_state_mse": 0.0014172805680169,
    "h20/selected_mode": "periodic_10",
    "h20/selected_period": 10,
    "h20/state_mse": 0.002563720653259676,
    "h30/episode_count": 15,
    "h30/final_state_mse": 0.0012052957528556874,
    "h30/outcome_drop_episode_count": 3,
    "h30/outcome_drop_final_state_mse": 0.001223580558705174,
    "h30/outcome_drop_state_mse": 0.0014786790918420861,
    "h30/outcome_jam_episode_count": 3,
    "h30/outcome_jam_final_state_mse": 0.0013959130235746795,
    "h30/outcome_jam_state_mse": 0.0018162432838888729,
    "h30/outcome_miss_episode_count": 3,
    "h30/outcome_miss_final_state_mse": 0.0011654531984936958,
    "h30/outcome_miss_state_mse": 0.0050143599250477644,
    "h30/outcome_partial_episode_count": 3,
    "h30/outcome_partial_final_state_mse": 0.001093146920788522,
    "h30/outcome_partial_state_mse": 0.001396898999972541,
    "h30/outcome_success_episode_count": 3,
    "h30/outcome_success_final_state_mse": 0.0011483852575027865,
    "h30/outcome_success_state_mse": 0.0014128154139633013,
    "h30/selected_mode": "periodic_10",
    "h30/selected_period": 10,
    "h30/state_mse": 0.0022237992961941723,
    "h40/episode_count": 15,
    "h40/final_state_mse": 0.00147504557191936,
    "h40/outcome_drop_episode_count": 3,
    "h40/outcome_drop_final_state_mse": 0.0015203740959073982,
    "h40/outcome_drop_state_mse": 0.0016282074591692755,
    "h40/outcome_jam_episode_count": 3,
    "h40/outcome_jam_final_state_mse": 0.0015261973090031568,
    "h40/outcome_jam_state_mse": 0.0018607636682348313,
    "h40/outcome_miss_episode_count": 3,
    "h40/outcome_miss_final_state_mse": 0.001534709061672485,
    "h40/outcome_miss_state_mse": 0.004192826015497345,
    "h40/outcome_partial_episode_count": 3,
    "h40/outcome_partial_final_state_mse": 0.0013535692070434297,
    "h40/outcome_partial_state_mse": 0.0014358661922754027,
    "h40/outcome_success_episode_count": 3,
    "h40/outcome_success_final_state_mse": 0.0014403778937907002,
    "h40/outcome_success_state_mse": 0.0014595411571801877,
    "h40/selected_mode": "periodic_10",
    "h40/selected_period": 10,
    "h40/state_mse": 0.002115440867305581,
    "h50/episode_count": 15,
    "h50/final_state_mse": 0.0016489856383379768,
    "h50/outcome_drop_episode_count": 3,
    "h50/outcome_drop_final_state_mse": 0.0012651027052425871,
    "h50/outcome_drop_state_mse": 0.001707551931244096,
    "h50/outcome_jam_episode_count": 3,
    "h50/outcome_jam_final_state_mse": 0.002141192141506407,
    "h50/outcome_jam_state_mse": 0.002003945462843951,
    "h50/outcome_miss_episode_count": 3,
    "h50/outcome_miss_final_state_mse": 0.001773832816314074,
    "h50/outcome_miss_state_mse": 0.003761081695556641,
    "h50/outcome_partial_episode_count": 3,
    "h50/outcome_partial_final_state_mse": 0.0015036633323415433,
    "h50/outcome_partial_state_mse": 0.0015587016959595524,
    "h50/outcome_success_episode_count": 3,
    "h50/outcome_success_final_state_mse": 0.0015611367823641284,
    "h50/outcome_success_state_mse": 0.0015862878163655598,
    "h50/selected_mode": "periodic_10",
    "h50/selected_period": 10,
    "h50/state_mse": 0.002123513614430147,
    "h75/episode_count": 15,
    "h75/final_state_mse": 0.0032866496665804996,
    "h75/outcome_drop_episode_count": 3,
    "h75/outcome_drop_final_state_mse": 0.0023268205570239646,
    "h75/outcome_drop_state_mse": 0.001737431212448087,
    "h75/outcome_jam_episode_count": 3,
    "h75/outcome_jam_final_state_mse": 0.003457068617826973,
    "h75/outcome_jam_state_mse": 0.002247729789717265,
    "h75/outcome_miss_episode_count": 3,
    "h75/outcome_miss_final_state_mse": 0.004566428294174032,
    "h75/outcome_miss_state_mse": 0.003309947576917594,
    "h75/outcome_partial_episode_count": 3,
    "h75/outcome_partial_final_state_mse": 0.002706618675219467,
    "h75/outcome_partial_state_mse": 0.00171331609256387,
    "h75/outcome_success_episode_count": 3,
    "h75/outcome_success_final_state_mse": 0.003376312651275809,
    "h75/outcome_success_state_mse": 0.0017687885849564163,
    "h75/selected_mode": "periodic_10",
    "h75/selected_period": 10,
    "h75/state_mse": 0.0021554425806781046,
    "max_requested_horizon": 125,
    "periodic_reencode_periods": [
      1,
      2,
      5,
      10,
      20,
      50,
      100
    ],
    "rollout_mode": "best_periodic"
  },
  "checkpoint": "runs/maniskill_insertion/perturbation_e20_5k_lista_refine_20260604_143125/lista_relu_a0p02_sp1em5_loops3/seed0/checkpoint.pt",
  "checkpoint_step": 2500,
  "dataset": "data/maniskill/perturbation_assessment_seed0_e20/all_setups.npz",
  "device": "cuda",
  "family_jaccard": 0.4,
  "horizons": [
    10,
    20,
    30,
    40,
    50,
    75,
    100,
    125
  ],
  "labels_used_for_training": false,
  "periodic_reencode_periods": [
    1,
    2,
    5,
    10,
    20,
    50,
    100
  ],
  "rollout": {
    "episode_count": 15,
    "h10/episode_count": 15,
    "h10/final_state_mse": 0.001952780305949691,
    "h10/outcome_drop_episode_count": 3,
    "h10/outcome_drop_final_state_mse": 0.0013390966368461747,
    "h10/outcome_drop_state_mse": 0.0013455256137972563,
    "h10/outcome_jam_episode_count": 3,
    "h10/outcome_jam_final_state_mse": 0.0022393065486468523,
    "h10/outcome_jam_state_mse": 0.0017737059421788633,
    "h10/outcome_miss_episode_count": 3,
    "h10/outcome_miss_final_state_mse": 0.0035282506857043,
    "h10/outcome_miss_state_mse": 0.009828838024264068,
    "h10/outcome_partial_episode_count": 3,
    "h10/outcome_partial_final_state_mse": 0.0013217631654412138,
    "h10/outcome_partial_state_mse": 0.001272871486501756,
    "h10/outcome_success_episode_count": 3,
    "h10/outcome_success_final_state_mse": 0.0013354845296323688,
    "h10/outcome_success_state_mse": 0.0012756943507911333,
    "h10/state_mse": 0.003099327087402344,
    "h100/episode_count": 15,
    "h100/final_state_mse": 100608.43921568627,
    "h100/outcome_drop_episode_count": 3,
    "h100/outcome_drop_final_state_mse": 105424.88929738563,
    "h100/outcome_drop_state_mse": 4919.585604575163,
    "h100/outcome_jam_episode_count": 3,
    "h100/outcome_jam_final_state_mse": 121500.49346405228,
    "h100/outcome_jam_state_mse": 5603.947009803922,
    "h100/outcome_miss_episode_count": 3,
    "h100/outcome_miss_final_state_mse": 39797.001633986925,
    "h100/outcome_miss_state_mse": 1876.1798039215687,
    "h100/outcome_partial_episode_count": 3,
    "h100/outcome_partial_final_state_mse": 119440.80678104576,
    "h100/outcome_partial_state_mse": 5589.159869281046,
    "h100/outcome_success_episode_count": 3,
    "h100/outcome_success_final_state_mse": 116879.04697712418,
    "h100/outcome_success_state_mse": 5448.187745098039,
    "h100/state_mse": 4687.411869281046,
    "h125/episode_count": 15,
    "h125/final_state_mse": 36023010.88627451,
    "h125/outcome_drop_episode_count": 3,
    "h125/outcome_drop_final_state_mse": 40160358.90196078,
    "h125/outcome_drop_state_mse": 1533770.4976732025,
    "h125/outcome_jam_episode_count": 3,
    "h125/outcome_jam_final_state_mse": 47380270.95424837,
    "h125/outcome_jam_state_mse": 1816383.6988235293,
    "h125/outcome_miss_episode_count": 3,
    "h125/outcome_miss_final_state_mse": 4732310.849673202,
    "h125/outcome_miss_state_mse": 220463.46541176472,
    "h125/outcome_partial_episode_count": 3,
    "h125/outcome_partial_final_state_mse": 44015183.267973855,
    "h125/outcome_partial_state_mse": 1693915.4037124184,
    "h125/outcome_success_episode_count": 3,
    "h125/outcome_success_final_state_mse": 43826918.69281046,
    "h125/outcome_success_state_mse": 1681589.4755555557,
    "h125/state_mse": 1389224.5892183008,
    "h20/episode_count": 15,
    "h20/final_state_mse": 0.007224605286043454,
    "h20/outcome_drop_episode_count": 3,
    "h20/outcome_drop_final_state_mse": 0.007754786341798072,
    "h20/outcome_drop_state_mse": 0.002553580360474929,
    "h20/outcome_jam_episode_count": 3,
    "h20/outcome_jam_final_state_mse": 0.008020216343449611,
    "h20/outcome_jam_state_mse": 0.0028763471865186504,
    "h20/outcome_miss_episode_count": 3,
    "h20/outcome_miss_final_state_mse": 0.004892400471992742,
    "h20/outcome_miss_state_mse": 0.00660377662945417,
    "h20/outcome_partial_episode_count": 3,
    "h20/outcome_partial_final_state_mse": 0.007714129740895788,
    "h20/outcome_partial_state_mse": 0.0024613630537893257,
    "h20/outcome_success_episode_count": 3,
    "h20/outcome_success_final_state_mse": 0.007741496259090947,
    "h20/outcome_success_state_mse": 0.0024529708756340874,
    "h20/state_mse": 0.0033896075977998623,
    "h30/episode_count": 15,
    "h30/final_state_mse": 0.05800805185355392,
    "h30/outcome_drop_episode_count": 3,
    "h30/outcome_drop_final_state_mse": 0.05911895184735068,
    "h30/outcome_drop_state_mse": 0.011090525251068581,
    "h30/outcome_jam_episode_count": 3,
    "h30/outcome_jam_final_state_mse": 0.05754246119580238,
    "h30/outcome_jam_state_mse": 0.011247718412112567,
    "h30/outcome_miss_episode_count": 3,
    "h30/outcome_miss_final_state_mse": 0.052966036048589966,
    "h30/outcome_miss_state_mse": 0.011521008643189806,
    "h30/outcome_partial_episode_count": 3,
    "h30/outcome_partial_final_state_mse": 0.060555380933425,
    "h30/outcome_partial_state_mse": 0.011134426682083694,
    "h30/outcome_success_episode_count": 3,
    "h30/outcome_success_final_state_mse": 0.059857439371495465,
    "h30/outcome_success_state_mse": 0.010989911364054628,
    "h30/state_mse": 0.011196718569155092,
    "h40/episode_count": 15,
    "h40/final_state_mse": 0.46349583046109066,
    "h40/outcome_drop_episode_count": 3,
    "h40/outcome_drop_final_state_mse": 0.4364385760687535,
    "h40/outcome_drop_state_mse": 0.06032984677483054,
    "h40/outcome_jam_episode_count": 3,
    "h40/outcome_jam_final_state_mse": 0.4499882654426924,
    "h40/outcome_jam_state_mse": 0.06108768188875485,
    "h40/outcome_miss_episode_count": 3,
    "h40/outcome_miss_final_state_mse": 0.5341754442726085,
    "h40/outcome_miss_state_mse": 0.06873987391104106,
    "h40/outcome_partial_episode_count": 3,
    "h40/outcome_partial_final_state_mse": 0.45265960070042827,
    "h40/outcome_partial_state_mse": 0.061944366280549494,
    "h40/outcome_success_episode_count": 3,
    "h40/outcome_success_final_state_mse": 0.4442173125697117,
    "h40/outcome_success_state_mse": 0.0609059527029399,
    "h40/state_mse": 0.06260154175602532,
    "h50/episode_count": 15,
    "h50/final_state_mse": 2.9963238485498365,
    "h50/outcome_drop_episode_count": 3,
    "h50/outcome_drop_final_state_mse": 3.150137471217735,
    "h50/outcome_drop_state_mse": 0.3592674524643842,
    "h50/outcome_jam_episode_count": 3,
    "h50/outcome_jam_final_state_mse": 3.128193662057515,
    "h50/outcome_jam_state_mse": 0.35744980755974265,
    "h50/outcome_miss_episode_count": 3,
    "h50/outcome_miss_final_state_mse": 2.6520539826037837,
    "h50/outcome_miss_state_mse": 0.35580888336780025,
    "h50/outcome_partial_episode_count": 3,
    "h50/outcome_partial_final_state_mse": 3.058779435999253,
    "h50/outcome_partial_state_mse": 0.3543792804393893,
    "h50/outcome_success_episode_count": 3,
    "h50/outcome_success_final_state_mse": 2.992452908185572,
    "h50/outcome_success_state_mse": 0.3472582648782169,
    "h50/state_mse": 0.35483274611928106,
    "h75/episode_count": 15,
    "h75/final_state_mse": 273.56511437908495,
    "h75/outcome_drop_episode_count": 3,
    "h75/outcome_drop_final_state_mse": 291.84148491753473,
    "h75/outcome_drop_state_mse": 19.93886165577342,
    "h75/outcome_jam_episode_count": 3,
    "h75/outcome_jam_final_state_mse": 314.70425554661966,
    "h75/outcome_jam_state_mse": 21.583718341503268,
    "h75/outcome_miss_episode_count": 3,
    "h75/outcome_miss_final_state_mse": 103.07090051189746,
    "h75/outcome_miss_state_mse": 8.114120540577343,
    "h75/outcome_partial_episode_count": 3,
    "h75/outcome_partial_final_state_mse": 336.9355819801879,
    "h75/outcome_partial_state_mse": 22.672832839733115,
    "h75/outcome_success_episode_count": 3,
    "h75/outcome_success_final_state_mse": 321.2733337801266,
    "h75/outcome_success_state_mse": 21.609761029411764,
    "h75/state_mse": 18.783858387799565,
    "max_requested_horizon": 125,
    "reencode_period": null,
    "rollout_mode": "no_reencode"
  },
  "rollout_modes": {
    "no_reencode": {
      "episode_count": 15,
      "h10/episode_count": 15,
      "h10/final_state_mse": 0.001952780305949691,
      "h10/outcome_drop_episode_count": 3,
      "h10/outcome_drop_final_state_mse": 0.0013390966368461747,
      "h10/outcome_drop_state_mse": 0.0013455256137972563,
      "h10/outcome_jam_episode_count": 3,
      "h10/outcome_jam_final_state_mse": 0.0022393065486468523,
      "h10/outcome_jam_state_mse": 0.0017737059421788633,
      "h10/outcome_miss_episode_count": 3,
      "h10/outcome_miss_final_state_mse": 0.0035282506857043,
      "h10/outcome_miss_state_mse": 0.009828838024264068,
      "h10/outcome_partial_episode_count": 3,
      "h10/outcome_partial_final_state_mse": 0.0013217631654412138,
      "h10/outcome_partial_state_mse": 0.001272871486501756,
      "h10/outcome_success_episode_count": 3,
      "h10/outcome_success_final_state_mse": 0.0013354845296323688,
      "h10/outcome_success_state_mse": 0.0012756943507911333,
      "h10/state_mse": 0.003099327087402344,
      "h100/episode_count": 15,
      "h100/final_state_mse": 100608.43921568627,
      "h100/outcome_drop_episode_count": 3,
      "h100/outcome_drop_final_state_mse": 105424.88929738563,
      "h100/outcome_drop_state_mse": 4919.585604575163,
      "h100/outcome_jam_episode_count": 3,
      "h100/outcome_jam_final_state_mse": 121500.49346405228,
      "h100/outcome_jam_state_mse": 5603.947009803922,
      "h100/outcome_miss_episode_count": 3,
      "h100/outcome_miss_final_state_mse": 39797.001633986925,
      "h100/outcome_miss_state_mse": 1876.1798039215687,
      "h100/outcome_partial_episode_count": 3,
      "h100/outcome_partial_final_state_mse": 119440.80678104576,
      "h100/outcome_partial_state_mse": 5589.159869281046,
      "h100/outcome_success_episode_count": 3,
      "h100/outcome_success_final_state_mse": 116879.04697712418,
      "h100/outcome_success_state_mse": 5448.187745098039,
      "h100/state_mse": 4687.411869281046,
      "h125/episode_count": 15,
      "h125/final_state_mse": 36023010.88627451,
      "h125/outcome_drop_episode_count": 3,
      "h125/outcome_drop_final_state_mse": 40160358.90196078,
      "h125/outcome_drop_state_mse": 1533770.4976732025,
      "h125/outcome_jam_episode_count": 3,
      "h125/outcome_jam_final_state_mse": 47380270.95424837,
      "h125/outcome_jam_state_mse": 1816383.6988235293,
      "h125/outcome_miss_episode_count": 3,
      "h125/outcome_miss_final_state_mse": 4732310.849673202,
      "h125/outcome_miss_state_mse": 220463.46541176472,
      "h125/outcome_partial_episode_count": 3,
      "h125/outcome_partial_final_state_mse": 44015183.267973855,
      "h125/outcome_partial_state_mse": 1693915.4037124184,
      "h125/outcome_success_episode_count": 3,
      "h125/outcome_success_final_state_mse": 43826918.69281046,
      "h125/outcome_success_state_mse": 1681589.4755555557,
      "h125/state_mse": 1389224.5892183008,
      "h20/episode_count": 15,
      "h20/final_state_mse": 0.007224605286043454,
      "h20/outcome_drop_episode_count": 3,
      "h20/outcome_drop_final_state_mse": 0.007754786341798072,
      "h20/outcome_drop_state_mse": 0.002553580360474929,
      "h20/outcome_jam_episode_count": 3,
      "h20/outcome_jam_final_state_mse": 0.008020216343449611,
      "h20/outcome_jam_state_mse": 0.0028763471865186504,
      "h20/outcome_miss_episode_count": 3,
      "h20/outcome_miss_final_state_mse": 0.004892400471992742,
      "h20/outcome_miss_state_mse": 0.00660377662945417,
      "h20/outcome_partial_episode_count": 3,
      "h20/outcome_partial_final_state_mse": 0.007714129740895788,
      "h20/outcome_partial_state_mse": 0.0024613630537893257,
      "h20/outcome_success_episode_count": 3,
      "h20/outcome_success_final_state_mse": 0.007741496259090947,
      "h20/outcome_success_state_mse": 0.0024529708756340874,
      "h20/state_mse": 0.0033896075977998623,
      "h30/episode_count": 15,
      "h30/final_state_mse": 0.05800805185355392,
      "h30/outcome_drop_episode_count": 3,
      "h30/outcome_drop_final_state_mse": 0.05911895184735068,
      "h30/outcome_drop_state_mse": 0.011090525251068581,
      "h30/outcome_jam_episode_count": 3,
      "h30/outcome_jam_final_state_mse": 0.05754246119580238,
      "h30/outcome_jam_state_mse": 0.011247718412112567,
      "h30/outcome_miss_episode_count": 3,
      "h30/outcome_miss_final_state_mse": 0.052966036048589966,
      "h30/outcome_miss_state_mse": 0.011521008643189806,
      "h30/outcome_partial_episode_count": 3,
      "h30/outcome_partial_final_state_mse": 0.060555380933425,
      "h30/outcome_partial_state_mse": 0.011134426682083694,
      "h30/outcome_success_episode_count": 3,
      "h30/outcome_success_final_state_mse": 0.059857439371495465,
      "h30/outcome_success_state_mse": 0.010989911364054628,
      "h30/state_mse": 0.011196718569155092,
      "h40/episode_count": 15,
      "h40/final_state_mse": 0.46349583046109066,
      "h40/outcome_drop_episode_count": 3,
      "h40/outcome_drop_final_state_mse": 0.4364385760687535,
      "h40/outcome_drop_state_mse": 0.06032984677483054,
      "h40/outcome_jam_episode_count": 3,
      "h40/outcome_jam_final_state_mse": 0.4499882654426924,
      "h40/outcome_jam_state_mse": 0.06108768188875485,
      "h40/outcome_miss_episode_count": 3,
      "h40/outcome_miss_final_state_mse": 0.5341754442726085,
      "h40/outcome_miss_state_mse": 0.06873987391104106,
      "h40/outcome_partial_episode_count": 3,
      "h40/outcome_partial_final_state_mse": 0.45265960070042827,
      "h40/outcome_partial_state_mse": 0.061944366280549494,
      "h40/outcome_success_episode_count": 3,
      "h40/outcome_success_final_state_mse": 0.4442173125697117,
      "h40/outcome_success_state_mse": 0.0609059527029399,
      "h40/state_mse": 0.06260154175602532,
      "h50/episode_count": 15,
      "h50/final_state_mse": 2.9963238485498365,
      "h50/outcome_drop_episode_count": 3,
      "h50/outcome_drop_final_state_mse": 3.150137471217735,
      "h50/outcome_drop_state_mse": 0.3592674524643842,
      "h50/outcome_jam_episode_count": 3,
      "h50/outcome_jam_final_state_mse": 3.128193662057515,
      "h50/outcome_jam_state_mse": 0.35744980755974265,
      "h50/outcome_miss_episode_count": 3,
      "h50/outcome_miss_final_state_mse": 2.6520539826037837,
      "h50/outcome_miss_state_mse": 0.35580888336780025,
      "h50/outcome_partial_episode_count": 3,
      "h50/outcome_partial_final_state_mse": 3.058779435999253,
      "h50/outcome_partial_state_mse": 0.3543792804393893,
      "h50/outcome_success_episode_count": 3,
      "h50/outcome_success_final_state_mse": 2.992452908185572,
      "h50/outcome_success_state_mse": 0.3472582648782169,
      "h50/state_mse": 0.35483274611928106,
      "h75/episode_count": 15,
      "h75/final_state_mse": 273.56511437908495,
      "h75/outcome_drop_episode_count": 3,
      "h75/outcome_drop_final_state_mse": 291.84148491753473,
      "h75/outcome_drop_state_mse": 19.93886165577342,
      "h75/outcome_jam_episode_count": 3,
      "h75/outcome_jam_final_state_mse": 314.70425554661966,
      "h75/outcome_jam_state_mse": 21.583718341503268,
      "h75/outcome_miss_episode_count": 3,
      "h75/outcome_miss_final_state_mse": 103.07090051189746,
      "h75/outcome_miss_state_mse": 8.114120540577343,
      "h75/outcome_partial_episode_count": 3,
      "h75/outcome_partial_final_state_mse": 336.9355819801879,
      "h75/outcome_partial_state_mse": 22.672832839733115,
      "h75/outcome_success_episode_count": 3,
      "h75/outcome_success_final_state_mse": 321.2733337801266,
      "h75/outcome_success_state_mse": 21.609761029411764,
      "h75/state_mse": 18.783858387799565,
      "max_requested_horizon": 125,
      "reencode_period": null,
      "rollout_mode": "no_reencode"
    },
    "periodic_1": {
      "episode_count": 15,
      "h10/episode_count": 15,
      "h10/final_state_mse": 0.003621037177790224,
      "h10/outcome_drop_episode_count": 3,
      "h10/outcome_drop_final_state_mse": 0.003039250381631789,
      "h10/outcome_drop_state_mse": 0.0029505810706444034,
      "h10/outcome_jam_episode_count": 3,
      "h10/outcome_jam_final_state_mse": 0.0035383175888092687,
      "h10/outcome_jam_state_mse": 0.0033508327272203232,
      "h10/outcome_miss_episode_count": 3,
      "h10/outcome_miss_final_state_mse": 0.005811374074493359,
      "h10/outcome_miss_state_mse": 0.01104225769541622,
      "h10/outcome_partial_episode_count": 3,
      "h10/outcome_partial_final_state_mse": 0.0028561959469240476,
      "h10/outcome_partial_state_mse": 0.002860375557070464,
      "h10/outcome_success_episode_count": 3,
      "h10/outcome_success_final_state_mse": 0.0028600489197213664,
      "h10/outcome_success_state_mse": 0.0028736431614246245,
      "h10/state_mse": 0.004615538354013481,
      "h100/episode_count": 15,
      "h100/final_state_mse": 0.006731110616447099,
      "h100/outcome_drop_episode_count": 3,
      "h100/outcome_drop_final_state_mse": 0.012145611585355272,
      "h100/outcome_drop_state_mse": 0.010538300408257378,
      "h100/outcome_jam_episode_count": 3,
      "h100/outcome_jam_final_state_mse": 0.0056200358602735735,
      "h100/outcome_jam_state_mse": 0.007634575787712546,
      "h100/outcome_miss_episode_count": 3,
      "h100/outcome_miss_final_state_mse": 0.006200403364655239,
      "h100/outcome_miss_state_mse": 0.006179179272620507,
      "h100/outcome_partial_episode_count": 3,
      "h100/outcome_partial_final_state_mse": 0.004923308889071147,
      "h100/outcome_partial_state_mse": 0.007024074379914726,
      "h100/outcome_success_episode_count": 3,
      "h100/outcome_success_final_state_mse": 0.004766194454205582,
      "h100/outcome_success_state_mse": 0.00726278118058747,
      "h100/state_mse": 0.00772778240527982,
      "h125/episode_count": 15,
      "h125/final_state_mse": 0.007204644820269416,
      "h125/outcome_drop_episode_count": 3,
      "h125/outcome_drop_final_state_mse": 0.010245550107332616,
      "h125/outcome_drop_state_mse": 0.010722673303940717,
      "h125/outcome_jam_episode_count": 3,
      "h125/outcome_jam_final_state_mse": 0.00837862452650382,
      "h125/outcome_jam_state_mse": 0.007807366065729677,
      "h125/outcome_miss_episode_count": 3,
      "h125/outcome_miss_final_state_mse": 0.00734952949230967,
      "h125/outcome_miss_state_mse": 0.006478181926253574,
      "h125/outcome_partial_episode_count": 3,
      "h125/outcome_partial_final_state_mse": 0.0034093626963546853,
      "h125/outcome_partial_state_mse": 0.006625913732192096,
      "h125/outcome_success_episode_count": 3,
      "h125/outcome_success_final_state_mse": 0.006640159518890132,
      "h125/outcome_success_state_mse": 0.0069354501362719565,
      "h125/state_mse": 0.0077139169730392155,
      "h20/episode_count": 15,
      "h20/final_state_mse": 0.003961889104905471,
      "h20/outcome_drop_episode_count": 3,
      "h20/outcome_drop_final_state_mse": 0.0036250543993672515,
      "h20/outcome_drop_state_mse": 0.0030377962620429743,
      "h20/outcome_jam_episode_count": 3,
      "h20/outcome_jam_final_state_mse": 0.0028908689037647124,
      "h20/outcome_jam_state_mse": 0.003349448652828441,
      "h20/outcome_miss_episode_count": 3,
      "h20/outcome_miss_final_state_mse": 0.006954436939136654,
      "h20/outcome_miss_state_mse": 0.008878111839294434,
      "h20/outcome_partial_episode_count": 3,
      "h20/outcome_partial_final_state_mse": 0.0031931887265124353,
      "h20/outcome_partial_state_mse": 0.0029277794890933567,
      "h20/outcome_success_episode_count": 3,
      "h20/outcome_success_final_state_mse": 0.0031458955331175936,
      "h20/outcome_success_state_mse": 0.0029436723858702416,
      "h20/state_mse": 0.004227361741408803,
      "h30/episode_count": 15,
      "h30/final_state_mse": 0.003692828907686121,
      "h30/outcome_drop_episode_count": 3,
      "h30/outcome_drop_final_state_mse": 0.0033596916233792026,
      "h30/outcome_drop_state_mse": 0.0031428055046430602,
      "h30/outcome_jam_episode_count": 3,
      "h30/outcome_jam_final_state_mse": 0.0034386681672794366,
      "h30/outcome_jam_state_mse": 0.003442426081056948,
      "h30/outcome_miss_episode_count": 3,
      "h30/outcome_miss_final_state_mse": 0.005176361285003961,
      "h30/outcome_miss_state_mse": 0.007858573273635898,
      "h30/outcome_partial_episode_count": 3,
      "h30/outcome_partial_final_state_mse": 0.0031920942216137655,
      "h30/outcome_partial_state_mse": 0.0030314888050353606,
      "h30/outcome_success_episode_count": 3,
      "h30/outcome_success_final_state_mse": 0.003297329095064425,
      "h30/outcome_success_state_mse": 0.0030462263975787524,
      "h30/state_mse": 0.004104304095498877,
      "h40/episode_count": 15,
      "h40/final_state_mse": 0.005267148859360639,
      "h40/outcome_drop_episode_count": 3,
      "h40/outcome_drop_final_state_mse": 0.005803282549178678,
      "h40/outcome_drop_state_mse": 0.0034985060785330977,
      "h40/outcome_jam_episode_count": 3,
      "h40/outcome_jam_final_state_mse": 0.00559555510290308,
      "h40/outcome_jam_state_mse": 0.0036295353197583965,
      "h40/outcome_miss_episode_count": 3,
      "h40/outcome_miss_final_state_mse": 0.0031590852764696855,
      "h40/outcome_miss_state_mse": 0.0068689620572757095,
      "h40/outcome_partial_episode_count": 3,
      "h40/outcome_partial_final_state_mse": 0.005851982076183643,
      "h40/outcome_partial_state_mse": 0.003297328403572631,
      "h40/outcome_success_episode_count": 3,
      "h40/outcome_success_final_state_mse": 0.005925839438157923,
      "h40/outcome_success_state_mse": 0.003315734162050135,
      "h40/state_mse": 0.004122013266569649,
      "h50/episode_count": 15,
      "h50/final_state_mse": 0.012314154431710835,
      "h50/outcome_drop_episode_count": 3,
      "h50/outcome_drop_final_state_mse": 0.013654014448714412,
      "h50/outcome_drop_state_mse": 0.004790406756930881,
      "h50/outcome_jam_episode_count": 3,
      "h50/outcome_jam_final_state_mse": 0.013238730968213548,
      "h50/outcome_jam_state_mse": 0.00502953099269493,
      "h50/outcome_miss_episode_count": 3,
      "h50/outcome_miss_final_state_mse": 0.003162945358971365,
      "h50/outcome_miss_state_mse": 0.006118939966937296,
      "h50/outcome_partial_episode_count": 3,
      "h50/outcome_partial_final_state_mse": 0.015682430633532456,
      "h50/outcome_partial_state_mse": 0.0047532651315327565,
      "h50/outcome_success_episode_count": 3,
      "h50/outcome_success_final_state_mse": 0.015832654498760996,
      "h50/outcome_success_state_mse": 0.0047796663271835425,
      "h50/state_mse": 0.00509436194725286,
      "h75/episode_count": 15,
      "h75/final_state_mse": 0.011076382406396804,
      "h75/outcome_drop_episode_count": 3,
      "h75/outcome_drop_final_state_mse": 0.021842245767319125,
      "h75/outcome_drop_state_mse": 0.009057480224077478,
      "h75/outcome_jam_episode_count": 3,
      "h75/outcome_jam_final_state_mse": 0.008271460050071766,
      "h75/outcome_jam_state_mse": 0.007911337393301505,
      "h75/outcome_miss_episode_count": 3,
      "h75/outcome_miss_final_state_mse": 0.009775740648406783,
      "h75/outcome_miss_state_mse": 0.005754833346098856,
      "h75/outcome_partial_episode_count": 3,
      "h75/outcome_partial_final_state_mse": 0.006777750510795444,
      "h75/outcome_partial_state_mse": 0.007785769028341588,
      "h75/outcome_success_episode_count": 3,
      "h75/outcome_success_final_state_mse": 0.008714717003255108,
      "h75/outcome_success_state_mse": 0.007870527612357877,
      "h75/state_mse": 0.007675989753540305,
      "max_requested_horizon": 125,
      "reencode_period": 1,
      "rollout_mode": "periodic_1"
    },
    "periodic_10": {
      "episode_count": 15,
      "h10/episode_count": 15,
      "h10/final_state_mse": 0.0019527801501205543,
      "h10/outcome_drop_episode_count": 3,
      "h10/outcome_drop_final_state_mse": 0.001339096052486912,
      "h10/outcome_drop_state_mse": 0.0013455256137972563,
      "h10/outcome_jam_episode_count": 3,
      "h10/outcome_jam_final_state_mse": 0.0022393060860291026,
      "h10/outcome_jam_state_mse": 0.0017737055136487375,
      "h10/outcome_miss_episode_count": 3,
      "h10/outcome_miss_final_state_mse": 0.003528251172670352,
      "h10/outcome_miss_state_mse": 0.009828838180093204,
      "h10/outcome_partial_episode_count": 3,
      "h10/outcome_partial_final_state_mse": 0.0013217633845759374,
      "h10/outcome_partial_state_mse": 0.0012728714280658298,
      "h10/outcome_success_episode_count": 3,
      "h10/outcome_success_final_state_mse": 0.0013354844322391584,
      "h10/outcome_success_state_mse": 0.0012756946819280487,
      "h10/state_mse": 0.003099327087402344,
      "h100/episode_count": 15,
      "h100/final_state_mse": 0.0033591840781417547,
      "h100/outcome_drop_episode_count": 3,
      "h100/outcome_drop_final_state_mse": 0.0023500951481800455,
      "h100/outcome_drop_state_mse": 0.001908329483730341,
      "h100/outcome_jam_episode_count": 3,
      "h100/outcome_jam_final_state_mse": 0.0044526618485357244,
      "h100/outcome_jam_state_mse": 0.0025620487312865412,
      "h100/outcome_miss_episode_count": 3,
      "h100/outcome_miss_final_state_mse": 0.005372143210538851,
      "h100/outcome_miss_state_mse": 0.003313511430827621,
      "h100/outcome_partial_episode_count": 3,
      "h100/outcome_partial_final_state_mse": 0.0016590736660302855,
      "h100/outcome_partial_state_mse": 0.0016925051009732913,
      "h100/outcome_success_episode_count": 3,
      "h100/outcome_success_final_state_mse": 0.0029619475644008784,
      "h100/outcome_success_state_mse": 0.002004839766259287,
      "h100/state_mse": 0.002296246896382251,
      "h125/episode_count": 15,
      "h125/final_state_mse": 0.0069743337194904005,
      "h125/outcome_drop_episode_count": 3,
      "h125/outcome_drop_final_state_mse": 0.005898755068093344,
      "h125/outcome_drop_state_mse": 0.0024934158325195313,
      "h125/outcome_jam_episode_count": 3,
      "h125/outcome_jam_final_state_mse": 0.009469496049717361,
      "h125/outcome_jam_state_mse": 0.0034115669400084253,
      "h125/outcome_miss_episode_count": 3,
      "h125/outcome_miss_final_state_mse": 0.01103577638665835,
      "h125/outcome_miss_state_mse": 0.004261258792253881,
      "h125/outcome_partial_episode_count": 3,
      "h125/outcome_partial_final_state_mse": 0.0016394058619838914,
      "h125/outcome_partial_state_mse": 0.0016852636898265167,
      "h125/outcome_success_episode_count": 3,
      "h125/outcome_success_final_state_mse": 0.006828236813638725,
      "h125/outcome_success_state_mse": 0.0025387667736975973,
      "h125/state_mse": 0.002878054789624183,
      "h20/episode_count": 15,
      "h20/final_state_mse": 0.0016567544999465443,
      "h20/outcome_drop_episode_count": 3,
      "h20/outcome_drop_final_state_mse": 0.0014970036941805696,
      "h20/outcome_drop_state_mse": 0.0014818455658706965,
      "h20/outcome_jam_episode_count": 3,
      "h20/outcome_jam_final_state_mse": 0.0016222486601156346,
      "h20/outcome_jam_state_mse": 0.0018392610394097621,
      "h20/outcome_miss_episode_count": 3,
      "h20/outcome_miss_final_state_mse": 0.0023704925978105832,
      "h20/outcome_miss_state_mse": 0.006679500785528445,
      "h20/outcome_partial_episode_count": 3,
      "h20/outcome_partial_final_state_mse": 0.0013756005251719281,
      "h20/outcome_partial_state_mse": 0.0014007149763356627,
      "h20/outcome_success_episode_count": 3,
      "h20/outcome_success_final_state_mse": 0.0014184272172404271,
      "h20/outcome_success_state_mse": 0.0014172805680169,
      "h20/state_mse": 0.002563720653259676,
      "h30/episode_count": 15,
      "h30/final_state_mse": 0.0012052957528556874,
      "h30/outcome_drop_episode_count": 3,
      "h30/outcome_drop_final_state_mse": 0.001223580558705174,
      "h30/outcome_drop_state_mse": 0.0014786790918420861,
      "h30/outcome_jam_episode_count": 3,
      "h30/outcome_jam_final_state_mse": 0.0013959130235746795,
      "h30/outcome_jam_state_mse": 0.0018162432838888729,
      "h30/outcome_miss_episode_count": 3,
      "h30/outcome_miss_final_state_mse": 0.0011654531984936958,
      "h30/outcome_miss_state_mse": 0.0050143599250477644,
      "h30/outcome_partial_episode_count": 3,
      "h30/outcome_partial_final_state_mse": 0.001093146920788522,
      "h30/outcome_partial_state_mse": 0.001396898999972541,
      "h30/outcome_success_episode_count": 3,
      "h30/outcome_success_final_state_mse": 0.0011483852575027865,
      "h30/outcome_success_state_mse": 0.0014128154139633013,
      "h30/state_mse": 0.0022237992961941723,
      "h40/episode_count": 15,
      "h40/final_state_mse": 0.00147504557191936,
      "h40/outcome_drop_episode_count": 3,
      "h40/outcome_drop_final_state_mse": 0.0015203740959073982,
      "h40/outcome_drop_state_mse": 0.0016282074591692755,
      "h40/outcome_jam_episode_count": 3,
      "h40/outcome_jam_final_state_mse": 0.0015261973090031568,
      "h40/outcome_jam_state_mse": 0.0018607636682348313,
      "h40/outcome_miss_episode_count": 3,
      "h40/outcome_miss_final_state_mse": 0.001534709061672485,
      "h40/outcome_miss_state_mse": 0.004192826015497345,
      "h40/outcome_partial_episode_count": 3,
      "h40/outcome_partial_final_state_mse": 0.0013535692070434297,
      "h40/outcome_partial_state_mse": 0.0014358661922754027,
      "h40/outcome_success_episode_count": 3,
      "h40/outcome_success_final_state_mse": 0.0014403778937907002,
      "h40/outcome_success_state_mse": 0.0014595411571801877,
      "h40/state_mse": 0.002115440867305581,
      "h50/episode_count": 15,
      "h50/final_state_mse": 0.0016489856383379768,
      "h50/outcome_drop_episode_count": 3,
      "h50/outcome_drop_final_state_mse": 0.0012651027052425871,
      "h50/outcome_drop_state_mse": 0.001707551931244096,
      "h50/outcome_jam_episode_count": 3,
      "h50/outcome_jam_final_state_mse": 0.002141192141506407,
      "h50/outcome_jam_state_mse": 0.002003945462843951,
      "h50/outcome_miss_episode_count": 3,
      "h50/outcome_miss_final_state_mse": 0.001773832816314074,
      "h50/outcome_miss_state_mse": 0.003761081695556641,
      "h50/outcome_partial_episode_count": 3,
      "h50/outcome_partial_final_state_mse": 0.0015036633323415433,
      "h50/outcome_partial_state_mse": 0.0015587016959595524,
      "h50/outcome_success_episode_count": 3,
      "h50/outcome_success_final_state_mse": 0.0015611367823641284,
      "h50/outcome_success_state_mse": 0.0015862878163655598,
      "h50/state_mse": 0.002123513614430147,
      "h75/episode_count": 15,
      "h75/final_state_mse": 0.0032866496665804996,
      "h75/outcome_drop_episode_count": 3,
      "h75/outcome_drop_final_state_mse": 0.0023268205570239646,
      "h75/outcome_drop_state_mse": 0.001737431212448087,
      "h75/outcome_jam_episode_count": 3,
      "h75/outcome_jam_final_state_mse": 0.003457068617826973,
      "h75/outcome_jam_state_mse": 0.002247729789717265,
      "h75/outcome_miss_episode_count": 3,
      "h75/outcome_miss_final_state_mse": 0.004566428294174032,
      "h75/outcome_miss_state_mse": 0.003309947576917594,
      "h75/outcome_partial_episode_count": 3,
      "h75/outcome_partial_final_state_mse": 0.002706618675219467,
      "h75/outcome_partial_state_mse": 0.00171331609256387,
      "h75/outcome_success_episode_count": 3,
      "h75/outcome_success_final_state_mse": 0.003376312651275809,
      "h75/outcome_success_state_mse": 0.0017687885849564163,
      "h75/state_mse": 0.0021554425806781046,
      "max_requested_horizon": 125,
      "reencode_period": 10,
      "rollout_mode": "periodic_10"
    },
    "periodic_100": {
      "episode_count": 15,
      "h10/episode_count": 15,
      "h10/final_state_mse": 0.0019527801501205543,
      "h10/outcome_drop_episode_count": 3,
      "h10/outcome_drop_final_state_mse": 0.001339096052486912,
      "h10/outcome_drop_state_mse": 0.0013455256137972563,
      "h10/outcome_jam_episode_count": 3,
      "h10/outcome_jam_final_state_mse": 0.0022393060860291026,
      "h10/outcome_jam_state_mse": 0.0017737055136487375,
      "h10/outcome_miss_episode_count": 3,
      "h10/outcome_miss_final_state_mse": 0.003528251172670352,
      "h10/outcome_miss_state_mse": 0.009828838180093204,
      "h10/outcome_partial_episode_count": 3,
      "h10/outcome_partial_final_state_mse": 0.0013217633845759374,
      "h10/outcome_partial_state_mse": 0.0012728714280658298,
      "h10/outcome_success_episode_count": 3,
      "h10/outcome_success_final_state_mse": 0.0013354844322391584,
      "h10/outcome_success_state_mse": 0.0012756946819280487,
      "h10/state_mse": 0.003099327087402344,
      "h100/episode_count": 15,
      "h100/final_state_mse": 100608.46013071896,
      "h100/outcome_drop_episode_count": 3,
      "h100/outcome_drop_final_state_mse": 105424.93300653595,
      "h100/outcome_drop_state_mse": 4919.585473856209,
      "h100/outcome_jam_episode_count": 3,
      "h100/outcome_jam_final_state_mse": 121500.51960784313,
      "h100/outcome_jam_state_mse": 5603.947026143791,
      "h100/outcome_miss_episode_count": 3,
      "h100/outcome_miss_final_state_mse": 39796.999183006534,
      "h100/outcome_miss_state_mse": 1876.1798692810457,
      "h100/outcome_partial_episode_count": 3,
      "h100/outcome_partial_final_state_mse": 119440.77777777778,
      "h100/outcome_partial_state_mse": 5589.158120915033,
      "h100/outcome_success_episode_count": 3,
      "h100/outcome_success_final_state_mse": 116879.04861111111,
      "h100/outcome_success_state_mse": 5448.18658496732,
      "h100/state_mse": 4687.411450980392,
      "h125/episode_count": 15,
      "h125/final_state_mse": 50591.64444444444,
      "h125/outcome_drop_episode_count": 3,
      "h125/outcome_drop_final_state_mse": 50619.81117238562,
      "h125/outcome_drop_state_mse": 8119.326248366013,
      "h125/outcome_jam_episode_count": 3,
      "h125/outcome_jam_final_state_mse": 54128.657883986925,
      "h125/outcome_jam_state_mse": 9110.923633986928,
      "h125/outcome_miss_episode_count": 3,
      "h125/outcome_miss_final_state_mse": 38468.131535947716,
      "h125/outcome_miss_state_mse": 4456.11660130719,
      "h125/outcome_partial_episode_count": 3,
      "h125/outcome_partial_final_state_mse": 54991.625816993466,
      "h125/outcome_partial_state_mse": 9092.047790849672,
      "h125/outcome_success_episode_count": 3,
      "h125/outcome_success_final_state_mse": 54749.9952001634,
      "h125/outcome_success_state_mse": 8932.730274509804,
      "h125/state_mse": 7942.2296679738565,
      "h20/episode_count": 15,
      "h20/final_state_mse": 0.007224605286043454,
      "h20/outcome_drop_episode_count": 3,
      "h20/outcome_drop_final_state_mse": 0.007754786536584493,
      "h20/outcome_drop_state_mse": 0.002553580282560361,
      "h20/outcome_jam_episode_count": 3,
      "h20/outcome_jam_final_state_mse": 0.008020216927808873,
      "h20/outcome_jam_state_mse": 0.002876347108604082,
      "h20/outcome_miss_episode_count": 3,
      "h20/outcome_miss_final_state_mse": 0.004892399887633479,
      "h20/outcome_miss_state_mse": 0.006603776395710465,
      "h20/outcome_partial_episode_count": 3,
      "h20/outcome_partial_final_state_mse": 0.007714130520041472,
      "h20/outcome_partial_state_mse": 0.0024613629758747577,
      "h20/outcome_success_episode_count": 3,
      "h20/outcome_success_final_state_mse": 0.007741496648663789,
      "h20/outcome_success_state_mse": 0.0024529710704205084,
      "h20/state_mse": 0.0033896075977998623,
      "h30/episode_count": 15,
      "h30/final_state_mse": 0.05800805185355392,
      "h30/outcome_drop_episode_count": 3,
      "h30/outcome_drop_final_state_mse": 0.05911895808051614,
      "h30/outcome_drop_state_mse": 0.011090525251068581,
      "h30/outcome_jam_episode_count": 3,
      "h30/outcome_jam_final_state_mse": 0.05754246353323943,
      "h30/outcome_jam_state_mse": 0.011247717996568202,
      "h30/outcome_miss_episode_count": 3,
      "h30/outcome_miss_final_state_mse": 0.05296603215286155,
      "h30/outcome_miss_state_mse": 0.011521009474278535,
      "h30/outcome_partial_episode_count": 3,
      "h30/outcome_partial_final_state_mse": 0.06055537703769659,
      "h30/outcome_partial_state_mse": 0.01113442626653933,
      "h30/outcome_success_episode_count": 3,
      "h30/outcome_success_final_state_mse": 0.05985744092978683,
      "h30/outcome_success_state_mse": 0.0109899105329659,
      "h30/state_mse": 0.011196717239413127,
      "h40/episode_count": 15,
      "h40/final_state_mse": 0.4634957905688317,
      "h40/outcome_drop_episode_count": 3,
      "h40/outcome_drop_final_state_mse": 0.43643859320995854,
      "h40/outcome_drop_state_mse": 0.06032985144970464,
      "h40/outcome_jam_episode_count": 3,
      "h40/outcome_jam_final_state_mse": 0.4499882779090233,
      "h40/outcome_jam_state_mse": 0.06108767752553902,
      "h40/outcome_miss_episode_count": 3,
      "h40/outcome_miss_final_state_mse": 0.5341754754384359,
      "h40/outcome_miss_state_mse": 0.06873987266440797,
      "h40/outcome_partial_episode_count": 3,
      "h40/outcome_partial_final_state_mse": 0.4526595165526945,
      "h40/outcome_partial_state_mse": 0.061944360047384024,
      "h40/outcome_success_episode_count": 3,
      "h40/outcome_success_final_state_mse": 0.44421738269282324,
      "h40/outcome_success_state_mse": 0.060905950209673716,
      "h40/state_mse": 0.06260154175602532,
      "h50/episode_count": 15,
      "h50/final_state_mse": 2.9963238485498365,
      "h50/outcome_drop_episode_count": 3,
      "h50/outcome_drop_final_state_mse": 3.1501372094247855,
      "h50/outcome_drop_state_mse": 0.35926747440512663,
      "h50/outcome_jam_episode_count": 3,
      "h50/outcome_jam_final_state_mse": 3.1281936869901767,
      "h50/outcome_jam_state_mse": 0.35744977963516134,
      "h50/outcome_miss_episode_count": 3,
      "h50/outcome_miss_final_state_mse": 2.652053945204791,
      "h50/outcome_miss_state_mse": 0.3558088973300909,
      "h50/outcome_partial_episode_count": 3,
      "h50/outcome_partial_final_state_mse": 3.0587795481962314,
      "h50/outcome_partial_state_mse": 0.3543792724609375,
      "h50/outcome_success_episode_count": 3,
      "h50/outcome_success_final_state_mse": 2.992453157512191,
      "h50/outcome_success_state_mse": 0.34725826288360395,
      "h50/state_mse": 0.35483274611928106,
      "h75/episode_count": 15,
      "h75/final_state_mse": 273.5651348039216,
      "h75/outcome_drop_episode_count": 3,
      "h75/outcome_drop_final_state_mse": 291.84142029207516,
      "h75/outcome_drop_state_mse": 19.938860123910676,
      "h75/outcome_jam_episode_count": 3,
      "h75/outcome_jam_final_state_mse": 314.7042012931475,
      "h75/outcome_jam_state_mse": 21.583717660675383,
      "h75/outcome_miss_episode_count": 3,
      "h75/outcome_miss_final_state_mse": 103.0709108838848,
      "h75/outcome_miss_state_mse": 8.114120880991285,
      "h75/outcome_partial_episode_count": 3,
      "h75/outcome_partial_final_state_mse": 336.9355915543301,
      "h75/outcome_partial_state_mse": 22.67283377587146,
      "h75/outcome_success_episode_count": 3,
      "h75/outcome_success_final_state_mse": 321.2734095754187,
      "h75/outcome_success_state_mse": 21.609763667619827,
      "h75/state_mse": 18.783858387799565,
      "max_requested_horizon": 125,
      "reencode_period": 100,
      "rollout_mode": "periodic_100"
    },
    "periodic_2": {
      "episode_count": 15,
      "h10/episode_count": 15,
      "h10/final_state_mse": 0.002853868521896063,
      "h10/outcome_drop_episode_count": 3,
      "h10/outcome_drop_final_state_mse": 0.002317656537676169,
      "h10/outcome_drop_state_mse": 0.002313555923162722,
      "h10/outcome_jam_episode_count": 3,
      "h10/outcome_jam_final_state_mse": 0.002910800911242666,
      "h10/outcome_jam_state_mse": 0.0027902037489647958,
      "h10/outcome_miss_episode_count": 3,
      "h10/outcome_miss_final_state_mse": 0.004574117025518729,
      "h10/outcome_miss_state_mse": 0.00996286089903389,
      "h10/outcome_partial_episode_count": 3,
      "h10/outcome_partial_final_state_mse": 0.002202106919748331,
      "h10/outcome_partial_state_mse": 0.002215596234876346,
      "h10/outcome_success_episode_count": 3,
      "h10/outcome_success_final_state_mse": 0.0022646613370359333,
      "h10/outcome_success_state_mse": 0.0022353005954642703,
      "h10/state_mse": 0.00390350341796875,
      "h100/episode_count": 15,
      "h100/final_state_mse": 0.0040037385778489455,
      "h100/outcome_drop_episode_count": 3,
      "h100/outcome_drop_final_state_mse": 0.004946126754766975,
      "h100/outcome_drop_state_mse": 0.0028677230411105685,
      "h100/outcome_jam_episode_count": 3,
      "h100/outcome_jam_final_state_mse": 0.003948072300237768,
      "h100/outcome_jam_state_mse": 0.0036530222923927057,
      "h100/outcome_miss_episode_count": 3,
      "h100/outcome_miss_final_state_mse": 0.0038137283492711634,
      "h100/outcome_miss_state_mse": 0.004496519612331017,
      "h100/outcome_partial_episode_count": 3,
      "h100/outcome_partial_final_state_mse": 0.003425641825386122,
      "h100/outcome_partial_state_mse": 0.0028804497001997005,
      "h100/outcome_success_episode_count": 3,
      "h100/outcome_success_final_state_mse": 0.0038851248283012243,
      "h100/outcome_success_state_mse": 0.0032065729689753912,
      "h100/state_mse": 0.0034208573484732436,
      "h125/episode_count": 15,
      "h125/final_state_mse": 0.006027477239471635,
      "h125/outcome_drop_episode_count": 3,
      "h125/outcome_drop_final_state_mse": 0.008045976652818568,
      "h125/outcome_drop_state_mse": 0.0037500556995666103,
      "h125/outcome_jam_episode_count": 3,
      "h125/outcome_jam_final_state_mse": 0.006062482014980192,
      "h125/outcome_jam_state_mse": 0.004011074041229448,
      "h125/outcome_miss_episode_count": 3,
      "h125/outcome_miss_final_state_mse": 0.007366415283648797,
      "h125/outcome_miss_state_mse": 0.004743317149043863,
      "h125/outcome_partial_episode_count": 3,
      "h125/outcome_partial_final_state_mse": 0.0029425696025486866,
      "h125/outcome_partial_state_mse": 0.0029432058396682242,
      "h125/outcome_success_episode_count": 3,
      "h125/outcome_success_final_state_mse": 0.005719945808641272,
      "h125/outcome_success_state_mse": 0.003451466180140676,
      "h125/state_mse": 0.0037798237719566994,
      "h20/episode_count": 15,
      "h20/final_state_mse": 0.002663962669621885,
      "h20/outcome_drop_episode_count": 3,
      "h20/outcome_drop_final_state_mse": 0.0022914355827702414,
      "h20/outcome_drop_state_mse": 0.0022980154729356954,
      "h20/outcome_jam_episode_count": 3,
      "h20/outcome_jam_final_state_mse": 0.0023737784499436422,
      "h20/outcome_jam_state_mse": 0.0027091239402496736,
      "h20/outcome_miss_episode_count": 3,
      "h20/outcome_miss_final_state_mse": 0.00440636384331323,
      "h20/outcome_miss_state_mse": 0.00741124106388466,
      "h20/outcome_partial_episode_count": 3,
      "h20/outcome_partial_final_state_mse": 0.0020963119622928643,
      "h20/outcome_partial_state_mse": 0.0022005340632270365,
      "h20/outcome_success_episode_count": 3,
      "h20/outcome_success_final_state_mse": 0.002151922852385278,
      "h20/outcome_success_state_mse": 0.00222852861180025,
      "h20/state_mse": 0.003369488684959661,
      "h30/episode_count": 15,
      "h30/final_state_mse": 0.002479274600159888,
      "h30/outcome_drop_episode_count": 3,
      "h30/outcome_drop_final_state_mse": 0.0021716633361149457,
      "h30/outcome_drop_state_mse": 0.002287765240097877,
      "h30/outcome_jam_episode_count": 3,
      "h30/outcome_jam_final_state_mse": 0.0024270534125808018,
      "h30/outcome_jam_state_mse": 0.002662925470888225,
      "h30/outcome_miss_episode_count": 3,
      "h30/outcome_miss_final_state_mse": 0.003562295310247957,
      "h30/outcome_miss_state_mse": 0.006247733828808487,
      "h30/outcome_partial_episode_count": 3,
      "h30/outcome_partial_final_state_mse": 0.0020606174480681328,
      "h30/outcome_partial_state_mse": 0.002182726844463473,
      "h30/outcome_success_episode_count": 3,
      "h30/outcome_success_final_state_mse": 0.0021747430555181567,
      "h30/outcome_success_state_mse": 0.0022126378057309485,
      "h30/state_mse": 0.0031187578587750205,
      "h40/episode_count": 15,
      "h40/final_state_mse": 0.0025479799781749453,
      "h40/outcome_drop_episode_count": 3,
      "h40/outcome_drop_final_state_mse": 0.0026581330237045787,
      "h40/outcome_drop_state_mse": 0.002386645592895209,
      "h40/outcome_jam_episode_count": 3,
      "h40/outcome_jam_final_state_mse": 0.0022418424487113953,
      "h40/outcome_jam_state_mse": 0.002615668259414972,
      "h40/outcome_miss_episode_count": 3,
      "h40/outcome_miss_final_state_mse": 0.002948403650639104,
      "h40/outcome_miss_state_mse": 0.005507856724308986,
      "h40/outcome_partial_episode_count": 3,
      "h40/outcome_partial_final_state_mse": 0.0024104226453631533,
      "h40/outcome_partial_state_mse": 0.002183849203820322,
      "h40/outcome_success_episode_count": 3,
      "h40/outcome_success_final_state_mse": 0.0024810983172429153,
      "h40/outcome_success_state_mse": 0.0022141699697457106,
      "h40/state_mse": 0.0029816381915722017,
      "h50/episode_count": 15,
      "h50/final_state_mse": 0.003167260861864277,
      "h50/outcome_drop_episode_count": 3,
      "h50/outcome_drop_final_state_mse": 0.002193191618311639,
      "h50/outcome_drop_state_mse": 0.0024280506956811045,
      "h50/outcome_jam_episode_count": 3,
      "h50/outcome_jam_final_state_mse": 0.0032321220032529895,
      "h50/outcome_jam_state_mse": 0.0028087845035627778,
      "h50/outcome_miss_episode_count": 3,
      "h50/outcome_miss_final_state_mse": 0.0026755680640538535,
      "h50/outcome_miss_state_mse": 0.0050187296649209815,
      "h50/outcome_partial_episode_count": 3,
      "h50/outcome_partial_final_state_mse": 0.0037841298708728714,
      "h50/outcome_partial_state_mse": 0.0024100394965776433,
      "h50/outcome_success_episode_count": 3,
      "h50/outcome_success_final_state_mse": 0.003951293629368926,
      "h50/outcome_success_state_mse": 0.0024397663041657094,
      "h50/state_mse": 0.0030210740831163193,
      "h75/episode_count": 15,
      "h75/final_state_mse": 0.0052011602065142465,
      "h75/outcome_drop_episode_count": 3,
      "h75/outcome_drop_final_state_mse": 0.004301056022347967,
      "h75/outcome_drop_state_mse": 0.002549518635070402,
      "h75/outcome_jam_episode_count": 3,
      "h75/outcome_jam_final_state_mse": 0.005252905628260444,
      "h75/outcome_jam_state_mse": 0.003321654375861673,
      "h75/outcome_miss_episode_count": 3,
      "h75/outcome_miss_final_state_mse": 0.007557588952039581,
      "h75/outcome_miss_state_mse": 0.004546068644471678,
      "h75/outcome_partial_episode_count": 3,
      "h75/outcome_partial_final_state_mse": 0.003723443041439929,
      "h75/outcome_partial_state_mse": 0.00286257874731924,
      "h75/outcome_success_episode_count": 3,
      "h75/outcome_success_final_state_mse": 0.0051708063658546,
      "h75/outcome_success_state_mse": 0.0029367086622450085,
      "h75/state_mse": 0.0032433058129936,
      "max_requested_horizon": 125,
      "reencode_period": 2,
      "rollout_mode": "periodic_2"
    },
    "periodic_20": {
      "episode_count": 15,
      "h10/episode_count": 15,
      "h10/final_state_mse": 0.0019527801501205543,
      "h10/outcome_drop_episode_count": 3,
      "h10/outcome_drop_final_state_mse": 0.001339096052486912,
      "h10/outcome_drop_state_mse": 0.0013455256137972563,
      "h10/outcome_jam_episode_count": 3,
      "h10/outcome_jam_final_state_mse": 0.0022393060860291026,
      "h10/outcome_jam_state_mse": 0.0017737055136487375,
      "h10/outcome_miss_episode_count": 3,
      "h10/outcome_miss_final_state_mse": 0.003528251172670352,
      "h10/outcome_miss_state_mse": 0.009828838180093204,
      "h10/outcome_partial_episode_count": 3,
      "h10/outcome_partial_final_state_mse": 0.0013217633845759374,
      "h10/outcome_partial_state_mse": 0.0012728714280658298,
      "h10/outcome_success_episode_count": 3,
      "h10/outcome_success_final_state_mse": 0.0013354844322391584,
      "h10/outcome_success_state_mse": 0.0012756946819280487,
      "h10/state_mse": 0.003099327087402344,
      "h100/episode_count": 15,
      "h100/final_state_mse": 0.011037001266978146,
      "h100/outcome_drop_episode_count": 3,
      "h100/outcome_drop_final_state_mse": 0.013142611660988502,
      "h100/outcome_drop_state_mse": 0.003332000557893242,
      "h100/outcome_jam_episode_count": 3,
      "h100/outcome_jam_final_state_mse": 0.009510248120314155,
      "h100/outcome_jam_state_mse": 0.00353378769619013,
      "h100/outcome_miss_episode_count": 3,
      "h100/outcome_miss_final_state_mse": 0.01697831781081904,
      "h100/outcome_miss_state_mse": 0.005497363533069885,
      "h100/outcome_partial_episode_count": 3,
      "h100/outcome_partial_final_state_mse": 0.009293564637891607,
      "h100/outcome_partial_state_mse": 0.003213936861823587,
      "h100/outcome_success_episode_count": 3,
      "h100/outcome_success_final_state_mse": 0.006260260647418452,
      "h100/outcome_success_state_mse": 0.0030788212196499695,
      "h100/state_mse": 0.003731182422513276,
      "h125/episode_count": 15,
      "h125/final_state_mse": 0.007467044880187589,
      "h125/outcome_drop_episode_count": 3,
      "h125/outcome_drop_final_state_mse": 0.006746055935722551,
      "h125/outcome_drop_state_mse": 0.004207880007675271,
      "h125/outcome_jam_episode_count": 3,
      "h125/outcome_jam_final_state_mse": 0.00920966890902301,
      "h125/outcome_jam_state_mse": 0.004480322844062756,
      "h125/outcome_miss_episode_count": 3,
      "h125/outcome_miss_final_state_mse": 0.011771223903481478,
      "h125/outcome_miss_state_mse": 0.007083869485294118,
      "h125/outcome_partial_episode_count": 3,
      "h125/outcome_partial_final_state_mse": 0.0027199159163275575,
      "h125/outcome_partial_state_mse": 0.0034525924882078483,
      "h125/outcome_success_episode_count": 3,
      "h125/outcome_success_final_state_mse": 0.006888359298113904,
      "h125/outcome_success_state_mse": 0.003678430145862056,
      "h125/state_mse": 0.004580618425755719,
      "h20/episode_count": 15,
      "h20/final_state_mse": 0.007224605286043454,
      "h20/outcome_drop_episode_count": 3,
      "h20/outcome_drop_final_state_mse": 0.007754786536584493,
      "h20/outcome_drop_state_mse": 0.002553580282560361,
      "h20/outcome_jam_episode_count": 3,
      "h20/outcome_jam_final_state_mse": 0.008020216927808873,
      "h20/outcome_jam_state_mse": 0.002876347108604082,
      "h20/outcome_miss_episode_count": 3,
      "h20/outcome_miss_final_state_mse": 0.004892399887633479,
      "h20/outcome_miss_state_mse": 0.006603776395710465,
      "h20/outcome_partial_episode_count": 3,
      "h20/outcome_partial_final_state_mse": 0.007714130520041472,
      "h20/outcome_partial_state_mse": 0.0024613629758747577,
      "h20/outcome_success_episode_count": 3,
      "h20/outcome_success_final_state_mse": 0.007741496648663789,
      "h20/outcome_success_state_mse": 0.0024529710704205084,
      "h20/state_mse": 0.0033896075977998623,
      "h30/episode_count": 15,
      "h30/final_state_mse": 0.00161183877708086,
      "h30/outcome_drop_episode_count": 3,
      "h30/outcome_drop_final_state_mse": 0.0017518832110891155,
      "h30/outcome_drop_state_mse": 0.0023581988930961926,
      "h30/outcome_jam_episode_count": 3,
      "h30/outcome_jam_final_state_mse": 0.0017934599343468161,
      "h30/outcome_jam_state_mse": 0.002662904433954775,
      "h30/outcome_miss_episode_count": 3,
      "h30/outcome_miss_final_state_mse": 0.0012005518610570946,
      "h30/outcome_miss_state_mse": 0.005017503622050898,
      "h30/outcome_partial_episode_count": 3,
      "h30/outcome_partial_final_state_mse": 0.0016381704047614453,
      "h30/outcome_partial_state_mse": 0.002265708794521091,
      "h30/outcome_success_episode_count": 3,
      "h30/outcome_success_final_state_mse": 0.0016751276706558427,
      "h30/outcome_success_state_mse": 0.002267034848531087,
      "h30/state_mse": 0.002914269806772535,
      "h40/episode_count": 15,
      "h40/final_state_mse": 0.0056300524792640035,
      "h40/outcome_drop_episode_count": 3,
      "h40/outcome_drop_final_state_mse": 0.005882812237817478,
      "h40/outcome_drop_state_mse": 0.0026185738494972776,
      "h40/outcome_jam_episode_count": 3,
      "h40/outcome_jam_final_state_mse": 0.00579432091292213,
      "h40/outcome_jam_state_mse": 0.0028608888582466476,
      "h40/outcome_miss_episode_count": 3,
      "h40/outcome_miss_final_state_mse": 0.005991841258566364,
      "h40/outcome_miss_state_mse": 0.004478713733698028,
      "h40/outcome_partial_episode_count": 3,
      "h40/outcome_partial_final_state_mse": 0.0052771638421451345,
      "h40/outcome_partial_state_mse": 0.002437150945850447,
      "h40/outcome_success_episode_count": 3,
      "h40/outcome_success_final_state_mse": 0.005204123901385887,
      "h40/outcome_success_state_mse": 0.002441922278186075,
      "h40/state_mse": 0.0029674500110102634,
      "h50/episode_count": 15,
      "h50/final_state_mse": 0.001867945365656435,
      "h50/outcome_drop_episode_count": 3,
      "h50/outcome_drop_final_state_mse": 0.0016051721241739062,
      "h50/outcome_drop_state_mse": 0.002527433470183728,
      "h50/outcome_jam_episode_count": 3,
      "h50/outcome_jam_final_state_mse": 0.0024299048909953995,
      "h50/outcome_jam_state_mse": 0.002787643756741792,
      "h50/outcome_miss_episode_count": 3,
      "h50/outcome_miss_final_state_mse": 0.0017183984270672393,
      "h50/outcome_miss_state_mse": 0.003953807057898029,
      "h50/outcome_partial_episode_count": 3,
      "h50/outcome_partial_final_state_mse": 0.0017591109560206046,
      "h50/outcome_partial_state_mse": 0.0023396404740077996,
      "h50/outcome_success_episode_count": 3,
      "h50/outcome_success_final_state_mse": 0.001827140113497092,
      "h50/outcome_success_state_mse": 0.0023567612965901693,
      "h50/state_mse": 0.002793057310814951,
      "h75/episode_count": 15,
      "h75/final_state_mse": 0.005452727024851282,
      "h75/outcome_drop_episode_count": 3,
      "h75/outcome_drop_final_state_mse": 0.003776812621581009,
      "h75/outcome_drop_state_mse": 0.002501156875510621,
      "h75/outcome_jam_episode_count": 3,
      "h75/outcome_jam_final_state_mse": 0.004607088230793772,
      "h75/outcome_jam_state_mse": 0.0029446210840428835,
      "h75/outcome_miss_episode_count": 3,
      "h75/outcome_miss_final_state_mse": 0.006912982882627474,
      "h75/outcome_miss_state_mse": 0.00384732921658518,
      "h75/outcome_partial_episode_count": 3,
      "h75/outcome_partial_final_state_mse": 0.006044217330567977,
      "h75/outcome_partial_state_mse": 0.002532862453419139,
      "h75/outcome_success_episode_count": 3,
      "h75/outcome_success_final_state_mse": 0.0059225313803728885,
      "h75/outcome_success_state_mse": 0.0025530451107648464,
      "h75/state_mse": 0.00287580289819921,
      "max_requested_horizon": 125,
      "reencode_period": 20,
      "rollout_mode": "periodic_20"
    },
    "periodic_5": {
      "episode_count": 15,
      "h10/episode_count": 15,
      "h10/final_state_mse": 0.002322459376715367,
      "h10/outcome_drop_episode_count": 3,
      "h10/outcome_drop_final_state_mse": 0.001708257139897814,
      "h10/outcome_drop_state_mse": 0.0016969900505215514,
      "h10/outcome_jam_episode_count": 3,
      "h10/outcome_jam_final_state_mse": 0.002370326639780032,
      "h10/outcome_jam_state_mse": 0.002127578289680232,
      "h10/outcome_miss_episode_count": 3,
      "h10/outcome_miss_final_state_mse": 0.00431834229456833,
      "h10/outcome_miss_state_mse": 0.010200802329318975,
      "h10/outcome_partial_episode_count": 3,
      "h10/outcome_partial_final_state_mse": 0.0015981267967255287,
      "h10/outcome_partial_state_mse": 0.0016198778074551252,
      "h10/outcome_success_episode_count": 3,
      "h10/outcome_success_final_state_mse": 0.0016172436717288947,
      "h10/outcome_success_state_mse": 0.0016184908891814986,
      "h10/state_mse": 0.0034527478186912788,
      "h100/episode_count": 15,
      "h100/final_state_mse": 0.0033766303966247958,
      "h100/outcome_drop_episode_count": 3,
      "h100/outcome_drop_final_state_mse": 0.002538223720453923,
      "h100/outcome_drop_state_mse": 0.002209645065606809,
      "h100/outcome_jam_episode_count": 3,
      "h100/outcome_jam_final_state_mse": 0.004089166038955738,
      "h100/outcome_jam_state_mse": 0.002956659591275882,
      "h100/outcome_miss_episode_count": 3,
      "h100/outcome_miss_final_state_mse": 0.004540916946199205,
      "h100/outcome_miss_state_mse": 0.003645241182613996,
      "h100/outcome_partial_episode_count": 3,
      "h100/outcome_partial_final_state_mse": 0.0022974966787824443,
      "h100/outcome_partial_state_mse": 0.0020710006414675244,
      "h100/outcome_success_episode_count": 3,
      "h100/outcome_success_final_state_mse": 0.003417348647429273,
      "h100/outcome_success_state_mse": 0.0024001505795647115,
      "h100/state_mse": 0.0026565390194163603,
      "h125/episode_count": 15,
      "h125/final_state_mse": 0.005897047005447687,
      "h125/outcome_drop_episode_count": 3,
      "h125/outcome_drop_final_state_mse": 0.004127893864718917,
      "h125/outcome_drop_state_mse": 0.0025747678170796313,
      "h125/outcome_jam_episode_count": 3,
      "h125/outcome_jam_final_state_mse": 0.006293596444176692,
      "h125/outcome_jam_state_mse": 0.0034446479946959254,
      "h125/outcome_miss_episode_count": 3,
      "h125/outcome_miss_final_state_mse": 0.011441892536442264,
      "h125/outcome_miss_state_mse": 0.004647910423528135,
      "h125/outcome_partial_episode_count": 3,
      "h125/outcome_partial_final_state_mse": 0.0022233689045594407,
      "h125/outcome_partial_state_mse": 0.0021160445867800244,
      "h125/outcome_success_episode_count": 3,
      "h125/outcome_success_final_state_mse": 0.005398483545172448,
      "h125/outcome_success_state_mse": 0.00280693752313751,
      "h125/state_mse": 0.0031180613000408495,
      "h20/episode_count": 15,
      "h20/final_state_mse": 0.0017491642945732166,
      "h20/outcome_drop_episode_count": 3,
      "h20/outcome_drop_final_state_mse": 0.0016444023041164175,
      "h20/outcome_drop_state_mse": 0.0017264942717708015,
      "h20/outcome_jam_episode_count": 3,
      "h20/outcome_jam_final_state_mse": 0.0016541275031426374,
      "h20/outcome_jam_state_mse": 0.002119072317297942,
      "h20/outcome_miss_episode_count": 3,
      "h20/outcome_miss_final_state_mse": 0.002440721527034161,
      "h20/outcome_miss_state_mse": 0.0069530948314791416,
      "h20/outcome_partial_episode_count": 3,
      "h20/outcome_partial_final_state_mse": 0.001475463432618995,
      "h20/outcome_partial_state_mse": 0.001655639542473687,
      "h20/outcome_success_episode_count": 3,
      "h20/outcome_success_final_state_mse": 0.0015311070711784113,
      "h20/outcome_success_state_mse": 0.0016811936898948321,
      "h20/state_mse": 0.0028270990708295037,
      "h30/episode_count": 15,
      "h30/final_state_mse": 0.001647698333839965,
      "h30/outcome_drop_episode_count": 3,
      "h30/outcome_drop_final_state_mse": 0.0016092153302594728,
      "h30/outcome_drop_state_mse": 0.0017676431369158178,
      "h30/outcome_jam_episode_count": 3,
      "h30/outcome_jam_final_state_mse": 0.0018145471226935293,
      "h30/outcome_jam_state_mse": 0.0021338829547491466,
      "h30/outcome_miss_episode_count": 3,
      "h30/outcome_miss_final_state_mse": 0.0017153125962400748,
      "h30/outcome_miss_state_mse": 0.0053710457546259065,
      "h30/outcome_partial_episode_count": 3,
      "h30/outcome_partial_final_state_mse": 0.0015045461409232195,
      "h30/outcome_partial_state_mse": 0.0016794548055445186,
      "h30/outcome_success_episode_count": 3,
      "h30/outcome_success_final_state_mse": 0.001594870454735226,
      "h30/outcome_success_state_mse": 0.0017034328581201224,
      "h30/state_mse": 0.002531091860436666,
      "h40/episode_count": 15,
      "h40/final_state_mse": 0.0018714067982692345,
      "h40/outcome_drop_episode_count": 3,
      "h40/outcome_drop_final_state_mse": 0.002049960585591061,
      "h40/outcome_drop_state_mse": 0.0019274459944831,
      "h40/outcome_jam_episode_count": 3,
      "h40/outcome_jam_final_state_mse": 0.001783605762361701,
      "h40/outcome_jam_state_mse": 0.002189027055416232,
      "h40/outcome_miss_episode_count": 3,
      "h40/outcome_miss_final_state_mse": 0.001963893304658092,
      "h40/outcome_miss_state_mse": 0.004581548185909496,
      "h40/outcome_partial_episode_count": 3,
      "h40/outcome_partial_final_state_mse": 0.0017643498098538592,
      "h40/outcome_partial_state_mse": 0.0017325088479160484,
      "h40/outcome_success_episode_count": 3,
      "h40/outcome_success_final_state_mse": 0.0017952239932188022,
      "h40/outcome_success_state_mse": 0.0017552983137517195,
      "h40/state_mse": 0.0024371657028696894,
      "h50/episode_count": 15,
      "h50/final_state_mse": 0.002052389718348684,
      "h50/outcome_drop_episode_count": 3,
      "h50/outcome_drop_final_state_mse": 0.001675079412320081,
      "h50/outcome_drop_state_mse": 0.002002608417685515,
      "h50/outcome_jam_episode_count": 3,
      "h50/outcome_jam_final_state_mse": 0.002327441438740375,
      "h50/outcome_jam_state_mse": 0.00236966750201057,
      "h50/outcome_miss_episode_count": 3,
      "h50/outcome_miss_final_state_mse": 0.002137702542777155,
      "h50/outcome_miss_state_mse": 0.004164851319556143,
      "h50/outcome_partial_episode_count": 3,
      "h50/outcome_partial_final_state_mse": 0.0020288721554809147,
      "h50/outcome_partial_state_mse": 0.001883180499855989,
      "h50/outcome_success_episode_count": 3,
      "h50/outcome_success_final_state_mse": 0.0020928529206833807,
      "h50/outcome_success_state_mse": 0.0019069664151060814,
      "h50/state_mse": 0.0024654548994076796,
      "h75/episode_count": 15,
      "h75/final_state_mse": 0.0035310034658394608,
      "h75/outcome_drop_episode_count": 3,
      "h75/outcome_drop_final_state_mse": 0.002555438579102747,
      "h75/outcome_drop_state_mse": 0.002016731503222763,
      "h75/outcome_jam_episode_count": 3,
      "h75/outcome_jam_final_state_mse": 0.003921321648008683,
      "h75/outcome_jam_state_mse": 0.0026369705283304187,
      "h75/outcome_miss_episode_count": 3,
      "h75/outcome_miss_final_state_mse": 0.004642038076531654,
      "h75/outcome_miss_state_mse": 0.0036924755287585953,
      "h75/outcome_partial_episode_count": 3,
      "h75/outcome_partial_final_state_mse": 0.002942205522379844,
      "h75/outcome_partial_state_mse": 0.002052490841069772,
      "h75/outcome_success_episode_count": 3,
      "h75/outcome_success_final_state_mse": 0.00359401428232006,
      "h75/outcome_success_state_mse": 0.0020997107262704885,
      "h75/state_mse": 0.002499675808908633,
      "max_requested_horizon": 125,
      "reencode_period": 5,
      "rollout_mode": "periodic_5"
    },
    "periodic_50": {
      "episode_count": 15,
      "h10/episode_count": 15,
      "h10/final_state_mse": 0.0019527801501205543,
      "h10/outcome_drop_episode_count": 3,
      "h10/outcome_drop_final_state_mse": 0.001339096052486912,
      "h10/outcome_drop_state_mse": 0.0013455256137972563,
      "h10/outcome_jam_episode_count": 3,
      "h10/outcome_jam_final_state_mse": 0.0022393060860291026,
      "h10/outcome_jam_state_mse": 0.0017737055136487375,
      "h10/outcome_miss_episode_count": 3,
      "h10/outcome_miss_final_state_mse": 0.003528251172670352,
      "h10/outcome_miss_state_mse": 0.009828838180093204,
      "h10/outcome_partial_episode_count": 3,
      "h10/outcome_partial_final_state_mse": 0.0013217633845759374,
      "h10/outcome_partial_state_mse": 0.0012728714280658298,
      "h10/outcome_success_episode_count": 3,
      "h10/outcome_success_final_state_mse": 0.0013354844322391584,
      "h10/outcome_success_state_mse": 0.0012756946819280487,
      "h10/state_mse": 0.003099327087402344,
      "h100/episode_count": 15,
      "h100/final_state_mse": 57.57879901960784,
      "h100/outcome_drop_episode_count": 3,
      "h100/outcome_drop_final_state_mse": 61.336361953635624,
      "h100/outcome_drop_state_mse": 3.0467177925857842,
      "h100/outcome_jam_episode_count": 3,
      "h100/outcome_jam_final_state_mse": 59.189999648948124,
      "h100/outcome_jam_state_mse": 2.94164528441585,
      "h100/outcome_miss_episode_count": 3,
      "h100/outcome_miss_final_state_mse": 41.05788207209967,
      "h100/outcome_miss_state_mse": 2.1177456724877453,
      "h100/outcome_partial_episode_count": 3,
      "h100/outcome_partial_final_state_mse": 64.16678634344363,
      "h100/outcome_partial_state_mse": 3.195791462418301,
      "h100/outcome_success_episode_count": 3,
      "h100/outcome_success_final_state_mse": 62.14297545189951,
      "h100/outcome_success_state_mse": 3.0976735472834966,
      "h100/state_mse": 2.8799148284313727,
      "h125/episode_count": 15,
      "h125/final_state_mse": 170.70498366013072,
      "h125/outcome_drop_episode_count": 3,
      "h125/outcome_drop_final_state_mse": 168.59809027777777,
      "h125/outcome_drop_state_mse": 10.744603145424836,
      "h125/outcome_jam_episode_count": 3,
      "h125/outcome_jam_final_state_mse": 181.93889144199346,
      "h125/outcome_jam_state_mse": 11.291876940359478,
      "h125/outcome_miss_episode_count": 3,
      "h125/outcome_miss_final_state_mse": 136.92327442044527,
      "h125/outcome_miss_state_mse": 8.348513174019608,
      "h125/outcome_partial_episode_count": 3,
      "h125/outcome_partial_final_state_mse": 183.19889642054738,
      "h125/outcome_partial_state_mse": 11.726650633169935,
      "h125/outcome_success_episode_count": 3,
      "h125/outcome_success_final_state_mse": 182.86578329248366,
      "h125/outcome_success_state_mse": 11.577560049019608,
      "h125/state_mse": 10.737840522875818,
      "h20/episode_count": 15,
      "h20/final_state_mse": 0.007224605286043454,
      "h20/outcome_drop_episode_count": 3,
      "h20/outcome_drop_final_state_mse": 0.007754786536584493,
      "h20/outcome_drop_state_mse": 0.002553580282560361,
      "h20/outcome_jam_episode_count": 3,
      "h20/outcome_jam_final_state_mse": 0.008020216927808873,
      "h20/outcome_jam_state_mse": 0.002876347108604082,
      "h20/outcome_miss_episode_count": 3,
      "h20/outcome_miss_final_state_mse": 0.004892399887633479,
      "h20/outcome_miss_state_mse": 0.006603776395710465,
      "h20/outcome_partial_episode_count": 3,
      "h20/outcome_partial_final_state_mse": 0.007714130520041472,
      "h20/outcome_partial_state_mse": 0.0024613629758747577,
      "h20/outcome_success_episode_count": 3,
      "h20/outcome_success_final_state_mse": 0.007741496648663789,
      "h20/outcome_success_state_mse": 0.0024529710704205084,
      "h20/state_mse": 0.0033896075977998623,
      "h30/episode_count": 15,
      "h30/final_state_mse": 0.05800805185355392,
      "h30/outcome_drop_episode_count": 3,
      "h30/outcome_drop_final_state_mse": 0.05911895808051614,
      "h30/outcome_drop_state_mse": 0.011090525251068581,
      "h30/outcome_jam_episode_count": 3,
      "h30/outcome_jam_final_state_mse": 0.05754246353323943,
      "h30/outcome_jam_state_mse": 0.011247717996568202,
      "h30/outcome_miss_episode_count": 3,
      "h30/outcome_miss_final_state_mse": 0.05296603215286155,
      "h30/outcome_miss_state_mse": 0.011521009474278535,
      "h30/outcome_partial_episode_count": 3,
      "h30/outcome_partial_final_state_mse": 0.06055537703769659,
      "h30/outcome_partial_state_mse": 0.01113442626653933,
      "h30/outcome_success_episode_count": 3,
      "h30/outcome_success_final_state_mse": 0.05985744092978683,
      "h30/outcome_success_state_mse": 0.0109899105329659,
      "h30/state_mse": 0.011196717239413127,
      "h40/episode_count": 15,
      "h40/final_state_mse": 0.4634957905688317,
      "h40/outcome_drop_episode_count": 3,
      "h40/outcome_drop_final_state_mse": 0.43643859320995854,
      "h40/outcome_drop_state_mse": 0.06032985144970464,
      "h40/outcome_jam_episode_count": 3,
      "h40/outcome_jam_final_state_mse": 0.4499882779090233,
      "h40/outcome_jam_state_mse": 0.06108767752553902,
      "h40/outcome_miss_episode_count": 3,
      "h40/outcome_miss_final_state_mse": 0.5341754754384359,
      "h40/outcome_miss_state_mse": 0.06873987266440797,
      "h40/outcome_partial_episode_count": 3,
      "h40/outcome_partial_final_state_mse": 0.4526595165526945,
      "h40/outcome_partial_state_mse": 0.061944360047384024,
      "h40/outcome_success_episode_count": 3,
      "h40/outcome_success_final_state_mse": 0.44421738269282324,
      "h40/outcome_success_state_mse": 0.060905950209673716,
      "h40/state_mse": 0.06260154175602532,
      "h50/episode_count": 15,
      "h50/final_state_mse": 2.9963238485498365,
      "h50/outcome_drop_episode_count": 3,
      "h50/outcome_drop_final_state_mse": 3.1501372094247855,
      "h50/outcome_drop_state_mse": 0.35926747440512663,
      "h50/outcome_jam_episode_count": 3,
      "h50/outcome_jam_final_state_mse": 3.1281936869901767,
      "h50/outcome_jam_state_mse": 0.35744977963516134,
      "h50/outcome_miss_episode_count": 3,
      "h50/outcome_miss_final_state_mse": 2.652053945204791,
      "h50/outcome_miss_state_mse": 0.3558088973300909,
      "h50/outcome_partial_episode_count": 3,
      "h50/outcome_partial_final_state_mse": 3.0587795481962314,
      "h50/outcome_partial_state_mse": 0.3543792724609375,
      "h50/outcome_success_episode_count": 3,
      "h50/outcome_success_final_state_mse": 2.992453157512191,
      "h50/outcome_success_state_mse": 0.34725826288360395,
      "h50/state_mse": 0.35483274611928106,
      "h75/episode_count": 15,
      "h75/final_state_mse": 1.3862761054942812,
      "h75/outcome_drop_episode_count": 3,
      "h75/outcome_drop_final_state_mse": 1.6026821510464537,
      "h75/outcome_drop_state_mse": 0.5379599790219908,
      "h75/outcome_jam_episode_count": 3,
      "h75/outcome_jam_final_state_mse": 1.428947049807879,
      "h75/outcome_jam_state_mse": 0.5050152228860294,
      "h75/outcome_miss_episode_count": 3,
      "h75/outcome_miss_final_state_mse": 0.7616078619863472,
      "h75/outcome_miss_state_mse": 0.35096750695720996,
      "h75/outcome_partial_episode_count": 3,
      "h75/outcome_partial_final_state_mse": 1.5818570704241983,
      "h75/outcome_partial_state_mse": 0.5089514718647876,
      "h75/outcome_success_episode_count": 3,
      "h75/outcome_success_final_state_mse": 1.5562858830869588,
      "h75/outcome_success_state_mse": 0.4977007218903186,
      "h75/state_mse": 0.48011897467320264,
      "max_requested_horizon": 125,
      "reencode_period": 50,
      "rollout_mode": "periodic_50"
    }
  },
  "split": "test",
  "support_alignment": {
    "contact_phase": {
      "contact_phase_family_ari": 0.0,
      "contact_phase_family_nmi": 0.0,
      "contact_phase_family_purity": 0.9996668887408394,
      "contact_phase_sample_count": 3002.0,
      "h_contact_phase_given_family": 0.0030002889533867266,
      "h_family_given_contact_phase": 0.0,
      "unique_contact_phase_count": 2.0,
      "unique_family_count": 1.0
    },
    "contact_phase_alignment_available": true,
    "evaluated_state_count": 3017,
    "family_count": 1,
    "mean_family_similarity": 0.577071487903595,
    "mean_support_size": 237.3735498839907,
    "outcome_alignment_available": true,
    "outcome_state": {
      "h_family_given_outcome": 0.0,
      "h_outcome_given_family": 1.6094379124341005,
      "outcome_family_ari": 0.0,
      "outcome_family_nmi": 0.0,
      "outcome_family_purity": 0.2,
      "outcome_sample_count": 15.0,
      "unique_family_count": 1.0,
      "unique_outcome_count": 5.0
    },
    "status": "ok",
    "unassigned_state_fraction": 0.0,
    "validation_state_count": 2346
  },
  "support_threshold": 0.2
}
{
  "best_periodic_rollout": {
    "episode_count": 15,
    "h10/episode_count": 15,
    "h10/final_state_mse": 0.0019441726160984412,
    "h10/outcome_drop_episode_count": 3,
    "h10/outcome_drop_final_state_mse": 0.0013518259416218676,
    "h10/outcome_drop_state_mse": 0.0013385343201020184,
    "h10/outcome_jam_episode_count": 3,
    "h10/outcome_jam_final_state_mse": 0.002259859170009887,
    "h10/outcome_jam_state_mse": 0.0017882361910701576,
    "h10/outcome_miss_episode_count": 3,
    "h10/outcome_miss_final_state_mse": 0.003409140055475671,
    "h10/outcome_miss_state_mse": 0.00964423176509882,
    "h10/outcome_partial_episode_count": 3,
    "h10/outcome_partial_final_state_mse": 0.0013451422229896184,
    "h10/outcome_partial_state_mse": 0.0012690368236279955,
    "h10/outcome_success_episode_count": 3,
    "h10/outcome_success_final_state_mse": 0.00135489548343459,
    "h10/outcome_success_state_mse": 0.001271955912409265,
    "h10/selected_mode": "periodic_10",
    "h10/selected_period": 10,
    "h10/state_mse": 0.0030623990725847632,
    "h100/episode_count": 15,
    "h100/final_state_mse": 0.0031935610802345028,
    "h100/outcome_drop_episode_count": 3,
    "h100/outcome_drop_final_state_mse": 0.002408361926772236,
    "h100/outcome_drop_state_mse": 0.001959909800610511,
    "h100/outcome_jam_episode_count": 3,
    "h100/outcome_jam_final_state_mse": 0.0041281961732440526,
    "h100/outcome_jam_state_mse": 0.0025594293369966396,
    "h100/outcome_miss_episode_count": 3,
    "h100/outcome_miss_final_state_mse": 0.0049910318422940825,
    "h100/outcome_miss_state_mse": 0.00313035653307547,
    "h100/outcome_partial_episode_count": 3,
    "h100/outcome_partial_final_state_mse": 0.0016691754359045839,
    "h100/outcome_partial_state_mse": 0.0017182548373353248,
    "h100/outcome_success_episode_count": 3,
    "h100/outcome_success_final_state_mse": 0.0027710417760353464,
    "h100/outcome_success_state_mse": 0.0020104879179811165,
    "h100/selected_mode": "periodic_10",
    "h100/selected_period": 10,
    "h100/state_mse": 0.0022756878223294526,
    "h125/episode_count": 15,
    "h125/final_state_mse": 0.006035374660117954,
    "h125/outcome_drop_episode_count": 3,
    "h125/outcome_drop_final_state_mse": 0.005526642832491133,
    "h125/outcome_drop_state_mse": 0.002478449703042024,
    "h125/outcome_jam_episode_count": 3,
    "h125/outcome_jam_final_state_mse": 0.008165493217948216,
    "h125/outcome_jam_state_mse": 0.0032061316795598447,
    "h125/outcome_miss_episode_count": 3,
    "h125/outcome_miss_final_state_mse": 0.009532421705574771,
    "h125/outcome_miss_state_mse": 0.0038512133928685407,
    "h125/outcome_partial_episode_count": 3,
    "h125/outcome_partial_final_state_mse": 0.0016907175479371564,
    "h125/outcome_partial_state_mse": 0.001708387711468865,
    "h125/outcome_success_episode_count": 3,
    "h125/outcome_success_final_state_mse": 0.005261597485324137,
    "h125/outcome_success_state_mse": 0.00237901936948689,
    "h125/selected_mode": "periodic_10",
    "h125/selected_period": 10,
    "h125/state_mse": 0.002724640331392974,
    "h20/episode_count": 15,
    "h20/final_state_mse": 0.0017861244725246056,
    "h20/outcome_drop_episode_count": 3,
    "h20/outcome_drop_final_state_mse": 0.001666193255801606,
    "h20/outcome_drop_state_mse": 0.001530344949828254,
    "h20/outcome_jam_episode_count": 3,
    "h20/outcome_jam_final_state_mse": 0.0018898222376318539,
    "h20/outcome_jam_state_mse": 0.0019240304535510493,
    "h20/outcome_miss_episode_count": 3,
    "h20/outcome_miss_final_state_mse": 0.0022157194957234502,
    "h20/outcome_miss_state_mse": 0.006493722457511752,
    "h20/outcome_partial_episode_count": 3,
    "h20/outcome_partial_final_state_mse": 0.0015509388610428455,
    "h20/outcome_partial_state_mse": 0.0014538058073692072,
    "h20/outcome_success_episode_count": 3,
    "h20/outcome_success_final_state_mse": 0.0016079485611198774,
    "h20/outcome_success_state_mse": 0.0014683913171680925,
    "h20/selected_mode": "periodic_10",
    "h20/selected_period": 10,
    "h20/state_mse": 0.0025740589815027573,
    "h30/episode_count": 15,
    "h30/final_state_mse": 0.0013379977419485454,
    "h30/outcome_drop_episode_count": 3,
    "h30/outcome_drop_final_state_mse": 0.001387167381110534,
    "h30/outcome_drop_state_mse": 0.0015591259875328712,
    "h30/outcome_jam_episode_count": 3,
    "h30/outcome_jam_final_state_mse": 0.0015493724129947962,
    "h30/outcome_jam_state_mse": 0.0019284509625569928,
    "h30/outcome_miss_episode_count": 3,
    "h30/outcome_miss_final_state_mse": 0.0011862607952816033,
    "h30/outcome_miss_state_mse": 0.004873396264701627,
    "h30/outcome_partial_episode_count": 3,
    "h30/outcome_partial_final_state_mse": 0.0012566382248027652,
    "h30/outcome_partial_state_mse": 0.0014796123005985434,
    "h30/outcome_success_episode_count": 3,
    "h30/outcome_success_final_state_mse": 0.0013105502120809617,
    "h30/outcome_success_state_mse": 0.0014935286216486512,
    "h30/selected_mode": "periodic_10",
    "h30/selected_period": 10,
    "h30/state_mse": 0.0022668227650760827,
    "h40/episode_count": 15,
    "h40/final_state_mse": 0.001574038835911969,
    "h40/outcome_drop_episode_count": 3,
    "h40/outcome_drop_final_state_mse": 0.0016017216288186367,
    "h40/outcome_drop_state_mse": 0.0017124946210898605,
    "h40/outcome_jam_episode_count": 3,
    "h40/outcome_jam_final_state_mse": 0.0016955871597614165,
    "h40/outcome_jam_state_mse": 0.0019746286417144576,
    "h40/outcome_miss_episode_count": 3,
    "h40/outcome_miss_final_state_mse": 0.0015156464103390189,
    "h40/outcome_miss_state_mse": 0.004092988001754861,
    "h40/outcome_partial_episode_count": 3,
    "h40/outcome_partial_final_state_mse": 0.001482748298668394,
    "h40/outcome_partial_state_mse": 0.0015246778531791338,
    "h40/outcome_success_episode_count": 3,
    "h40/outcome_success_final_state_mse": 0.0015744902923995373,
    "h40/outcome_success_state_mse": 0.001545791844137354,
    "h40/selected_mode": "periodic_10",
    "h40/selected_period": 10,
    "h40/state_mse": 0.00217011620016659,
    "h50/episode_count": 15,
    "h50/final_state_mse": 0.0017088902542014527,
    "h50/outcome_drop_episode_count": 3,
    "h50/outcome_drop_final_state_mse": 0.0013017096842815672,
    "h50/outcome_drop_state_mse": 0.0017863167968450808,
    "h50/outcome_jam_episode_count": 3,
    "h50/outcome_jam_final_state_mse": 0.0023042873473338834,
    "h50/outcome_jam_state_mse": 0.0021026941685894735,
    "h50/outcome_miss_episode_count": 3,
    "h50/outcome_miss_final_state_mse": 0.0016951368135564467,
    "h50/outcome_miss_state_mse": 0.0036694228727053974,
    "h50/outcome_partial_episode_count": 3,
    "h50/outcome_partial_final_state_mse": 0.0015980670703392402,
    "h50/outcome_partial_state_mse": 0.001630591754040687,
    "h50/outcome_success_episode_count": 3,
    "h50/outcome_success_final_state_mse": 0.0016452499050525278,
    "h50/outcome_success_state_mse": 0.0016557859906963274,
    "h50/selected_mode": "periodic_10",
    "h50/selected_period": 10,
    "h50/state_mse": 0.0021689622667100694,
    "h75/episode_count": 15,
    "h75/final_state_mse": 0.0031852500890594683,
    "h75/outcome_drop_episode_count": 3,
    "h75/outcome_drop_final_state_mse": 0.002279962589538175,
    "h75/outcome_drop_state_mse": 0.0017989413566838683,
    "h75/outcome_jam_episode_count": 3,
    "h75/outcome_jam_final_state_mse": 0.0033681369295307235,
    "h75/outcome_jam_state_mse": 0.002293744804033267,
    "h75/outcome_miss_episode_count": 3,
    "h75/outcome_miss_final_state_mse": 0.004262877275156819,
    "h75/outcome_miss_state_mse": 0.003174785206780195,
    "h75/outcome_partial_episode_count": 3,
    "h75/outcome_partial_final_state_mse": 0.002659830124744403,
    "h75/outcome_partial_state_mse": 0.001752560517886625,
    "h75/outcome_success_episode_count": 3,
    "h75/outcome_success_final_state_mse": 0.0033554431367543787,
    "h75/outcome_success_state_mse": 0.0018064422025659765,
    "h75/selected_mode": "periodic_10",
    "h75/selected_period": 10,
    "h75/state_mse": 0.002165294904854303,
    "max_requested_horizon": 125,
    "periodic_reencode_periods": [
      1,
      2,
      5,
      10,
      20,
      50,
      100
    ],
    "rollout_mode": "best_periodic"
  },
  "checkpoint": "runs/maniskill_insertion/perturbation_e20_5k_lista_refine_20260604_143125/lista_relu_a0p02_sp3em5_loops3/seed0/checkpoint.pt",
  "checkpoint_step": 2500,
  "dataset": "data/maniskill/perturbation_assessment_seed0_e20/all_setups.npz",
  "device": "cuda",
  "family_jaccard": 0.4,
  "horizons": [
    10,
    20,
    30,
    40,
    50,
    75,
    100,
    125
  ],
  "labels_used_for_training": false,
  "periodic_reencode_periods": [
    1,
    2,
    5,
    10,
    20,
    50,
    100
  ],
  "rollout": {
    "episode_count": 15,
    "h10/episode_count": 15,
    "h10/final_state_mse": 0.0019441729277567146,
    "h10/outcome_drop_episode_count": 3,
    "h10/outcome_drop_final_state_mse": 0.0013518259781443215,
    "h10/outcome_drop_state_mse": 0.0013385345928030076,
    "h10/outcome_jam_episode_count": 3,
    "h10/outcome_jam_final_state_mse": 0.0022598593891446105,
    "h10/outcome_jam_state_mse": 0.0017882364637711468,
    "h10/outcome_miss_episode_count": 3,
    "h10/outcome_miss_final_state_mse": 0.0034091404937451183,
    "h10/outcome_miss_state_mse": 0.009644231920927959,
    "h10/outcome_partial_episode_count": 3,
    "h10/outcome_partial_final_state_mse": 0.0013451422229896184,
    "h10/outcome_partial_state_mse": 0.0012690368431066375,
    "h10/outcome_success_episode_count": 3,
    "h10/outcome_success_final_state_mse": 0.00135489614083876,
    "h10/outcome_success_state_mse": 0.0012719561851102542,
    "h10/state_mse": 0.0030623993219113816,
    "h100/episode_count": 15,
    "h100/final_state_mse": 252117.2496732026,
    "h100/outcome_drop_episode_count": 3,
    "h100/outcome_drop_final_state_mse": 274403.2495915033,
    "h100/outcome_drop_state_mse": 12962.067745098038,
    "h100/outcome_jam_episode_count": 3,
    "h100/outcome_jam_final_state_mse": 296294.0763888889,
    "h100/outcome_jam_state_mse": 13935.179035947713,
    "h100/outcome_miss_episode_count": 3,
    "h100/outcome_miss_final_state_mse": 93465.97385620915,
    "h100/outcome_miss_state_mse": 4655.543594771242,
    "h100/outcome_partial_episode_count": 3,
    "h100/outcome_partial_final_state_mse": 299743.5620915033,
    "h100/outcome_partial_state_mse": 14190.855637254903,
    "h100/outcome_success_episode_count": 3,
    "h100/outcome_success_final_state_mse": 296679.51102941175,
    "h100/outcome_success_state_mse": 14004.682205882353,
    "h100/state_mse": 11949.665045751633,
    "h125/episode_count": 15,
    "h125/final_state_mse": 67528529.9869281,
    "h125/outcome_drop_episode_count": 3,
    "h125/outcome_drop_final_state_mse": 76342775.21568628,
    "h125/outcome_drop_state_mse": 3078596.3670588234,
    "h125/outcome_jam_episode_count": 3,
    "h125/outcome_jam_final_state_mse": 80765292.75816993,
    "h125/outcome_jam_state_mse": 3277781.246326797,
    "h125/outcome_miss_episode_count": 3,
    "h125/outcome_miss_final_state_mse": 19032805.22875817,
    "h125/outcome_miss_state_mse": 788523.7642875817,
    "h125/outcome_partial_episode_count": 3,
    "h125/outcome_partial_final_state_mse": 80233129.41176471,
    "h125/outcome_partial_state_mse": 3256095.523137255,
    "h125/outcome_success_episode_count": 3,
    "h125/outcome_success_final_state_mse": 81268633.93464053,
    "h125/outcome_success_state_mse": 3280833.797019608,
    "h125/state_mse": 2736366.1569673205,
    "h20/episode_count": 15,
    "h20/final_state_mse": 0.007019140829447827,
    "h20/outcome_drop_episode_count": 3,
    "h20/outcome_drop_final_state_mse": 0.007408985807225595,
    "h20/outcome_drop_state_mse": 0.0024913281397102704,
    "h20/outcome_jam_episode_count": 3,
    "h20/outcome_jam_final_state_mse": 0.00791640569961149,
    "h20/outcome_jam_state_mse": 0.0028633646715700237,
    "h20/outcome_miss_episode_count": 3,
    "h20/outcome_miss_final_state_mse": 0.004981988395740784,
    "h20/outcome_miss_state_mse": 0.006492649184332954,
    "h20/outcome_partial_episode_count": 3,
    "h20/outcome_partial_final_state_mse": 0.007348932666716232,
    "h20/outcome_partial_state_mse": 0.0023961922701667337,
    "h20/outcome_success_episode_count": 3,
    "h20/outcome_success_final_state_mse": 0.0074393891431147755,
    "h20/outcome_success_state_mse": 0.002395101699953765,
    "h20/state_mse": 0.003327726974985958,
    "h30/episode_count": 15,
    "h30/final_state_mse": 0.049331679998659624,
    "h30/outcome_drop_episode_count": 3,
    "h30/outcome_drop_final_state_mse": 0.050471356491637386,
    "h30/outcome_drop_state_mse": 0.009984052986361102,
    "h30/outcome_jam_episode_count": 3,
    "h30/outcome_jam_final_state_mse": 0.05013038208282072,
    "h30/outcome_jam_state_mse": 0.010324531339092712,
    "h30/outcome_miss_episode_count": 3,
    "h30/outcome_miss_final_state_mse": 0.043283283710479736,
    "h30/outcome_miss_state_mse": 0.010407089200154889,
    "h30/outcome_partial_episode_count": 3,
    "h30/outcome_partial_final_state_mse": 0.05151454919303944,
    "h30/outcome_partial_state_mse": 0.00993326037537818,
    "h30/outcome_success_episode_count": 3,
    "h30/outcome_success_final_state_mse": 0.051258834358913444,
    "h30/outcome_success_state_mse": 0.009874585926662603,
    "h30/state_mse": 0.010104703882421025,
    "h40/episode_count": 15,
    "h40/final_state_mse": 0.316935839684181,
    "h40/outcome_drop_episode_count": 3,
    "h40/outcome_drop_final_state_mse": 0.28494856871810614,
    "h40/outcome_drop_state_mse": 0.04512514101913552,
    "h40/outcome_jam_episode_count": 3,
    "h40/outcome_jam_final_state_mse": 0.29868383033602847,
    "h40/outcome_jam_state_mse": 0.046019141502629694,
    "h40/outcome_miss_episode_count": 3,
    "h40/outcome_miss_final_state_mse": 0.4035150802213382,
    "h40/outcome_miss_state_mse": 0.054043031829634526,
    "h40/outcome_partial_episode_count": 3,
    "h40/outcome_partial_final_state_mse": 0.30098144525016834,
    "h40/outcome_partial_state_mse": 0.04603577221141142,
    "h40/outcome_success_episode_count": 3,
    "h40/outcome_success_final_state_mse": 0.29655032376058743,
    "h40/outcome_success_state_mse": 0.04551569527270747,
    "h40/state_mse": 0.047347755182802286,
    "h50/episode_count": 15,
    "h50/final_state_mse": 1.8741308274611927,
    "h50/outcome_drop_episode_count": 3,
    "h50/outcome_drop_final_state_mse": 1.8600634531257978,
    "h50/outcome_drop_state_mse": 0.22076183842677696,
    "h50/outcome_jam_episode_count": 3,
    "h50/outcome_jam_final_state_mse": 1.8626206840565003,
    "h50/outcome_jam_state_mse": 0.22109800849864686,
    "h50/outcome_miss_episode_count": 3,
    "h50/outcome_miss_final_state_mse": 2.0630874135135824,
    "h50/outcome_miss_state_mse": 0.27173229342192606,
    "h50/outcome_partial_episode_count": 3,
    "h50/outcome_partial_final_state_mse": 1.8114375320135379,
    "h50/outcome_partial_state_mse": 0.2188497007282731,
    "h50/outcome_success_episode_count": 3,
    "h50/outcome_success_final_state_mse": 1.773444605808632,
    "h50/outcome_success_state_mse": 0.21494897580614278,
    "h50/state_mse": 0.22947817095588235,
    "h75/episode_count": 15,
    "h75/final_state_mse": 546.6533905228758,
    "h75/outcome_drop_episode_count": 3,
    "h75/outcome_drop_final_state_mse": 581.9318496604371,
    "h75/outcome_drop_state_mse": 33.67319155092593,
    "h75/outcome_jam_episode_count": 3,
    "h75/outcome_jam_final_state_mse": 610.780069189134,
    "h75/outcome_jam_state_mse": 35.527137118736384,
    "h75/outcome_miss_episode_count": 3,
    "h75/outcome_miss_final_state_mse": 266.33110894097223,
    "h75/outcome_miss_state_mse": 17.81289164624183,
    "h75/outcome_partial_episode_count": 3,
    "h75/outcome_partial_final_state_mse": 647.1100324244281,
    "h75/outcome_partial_state_mse": 37.76772671568627,
    "h75/outcome_success_episode_count": 3,
    "h75/outcome_success_final_state_mse": 627.1139402701185,
    "h75/outcome_success_state_mse": 36.48425551470588,
    "h75/state_mse": 32.25303921568627,
    "max_requested_horizon": 125,
    "reencode_period": null,
    "rollout_mode": "no_reencode"
  },
  "rollout_modes": {
    "no_reencode": {
      "episode_count": 15,
      "h10/episode_count": 15,
      "h10/final_state_mse": 0.0019441729277567146,
      "h10/outcome_drop_episode_count": 3,
      "h10/outcome_drop_final_state_mse": 0.0013518259781443215,
      "h10/outcome_drop_state_mse": 0.0013385345928030076,
      "h10/outcome_jam_episode_count": 3,
      "h10/outcome_jam_final_state_mse": 0.0022598593891446105,
      "h10/outcome_jam_state_mse": 0.0017882364637711468,
      "h10/outcome_miss_episode_count": 3,
      "h10/outcome_miss_final_state_mse": 0.0034091404937451183,
      "h10/outcome_miss_state_mse": 0.009644231920927959,
      "h10/outcome_partial_episode_count": 3,
      "h10/outcome_partial_final_state_mse": 0.0013451422229896184,
      "h10/outcome_partial_state_mse": 0.0012690368431066375,
      "h10/outcome_success_episode_count": 3,
      "h10/outcome_success_final_state_mse": 0.00135489614083876,
      "h10/outcome_success_state_mse": 0.0012719561851102542,
      "h10/state_mse": 0.0030623993219113816,
      "h100/episode_count": 15,
      "h100/final_state_mse": 252117.2496732026,
      "h100/outcome_drop_episode_count": 3,
      "h100/outcome_drop_final_state_mse": 274403.2495915033,
      "h100/outcome_drop_state_mse": 12962.067745098038,
      "h100/outcome_jam_episode_count": 3,
      "h100/outcome_jam_final_state_mse": 296294.0763888889,
      "h100/outcome_jam_state_mse": 13935.179035947713,
      "h100/outcome_miss_episode_count": 3,
      "h100/outcome_miss_final_state_mse": 93465.97385620915,
      "h100/outcome_miss_state_mse": 4655.543594771242,
      "h100/outcome_partial_episode_count": 3,
      "h100/outcome_partial_final_state_mse": 299743.5620915033,
      "h100/outcome_partial_state_mse": 14190.855637254903,
      "h100/outcome_success_episode_count": 3,
      "h100/outcome_success_final_state_mse": 296679.51102941175,
      "h100/outcome_success_state_mse": 14004.682205882353,
      "h100/state_mse": 11949.665045751633,
      "h125/episode_count": 15,
      "h125/final_state_mse": 67528529.9869281,
      "h125/outcome_drop_episode_count": 3,
      "h125/outcome_drop_final_state_mse": 76342775.21568628,
      "h125/outcome_drop_state_mse": 3078596.3670588234,
      "h125/outcome_jam_episode_count": 3,
      "h125/outcome_jam_final_state_mse": 80765292.75816993,
      "h125/outcome_jam_state_mse": 3277781.246326797,
      "h125/outcome_miss_episode_count": 3,
      "h125/outcome_miss_final_state_mse": 19032805.22875817,
      "h125/outcome_miss_state_mse": 788523.7642875817,
      "h125/outcome_partial_episode_count": 3,
      "h125/outcome_partial_final_state_mse": 80233129.41176471,
      "h125/outcome_partial_state_mse": 3256095.523137255,
      "h125/outcome_success_episode_count": 3,
      "h125/outcome_success_final_state_mse": 81268633.93464053,
      "h125/outcome_success_state_mse": 3280833.797019608,
      "h125/state_mse": 2736366.1569673205,
      "h20/episode_count": 15,
      "h20/final_state_mse": 0.007019140829447827,
      "h20/outcome_drop_episode_count": 3,
      "h20/outcome_drop_final_state_mse": 0.007408985807225595,
      "h20/outcome_drop_state_mse": 0.0024913281397102704,
      "h20/outcome_jam_episode_count": 3,
      "h20/outcome_jam_final_state_mse": 0.00791640569961149,
      "h20/outcome_jam_state_mse": 0.0028633646715700237,
      "h20/outcome_miss_episode_count": 3,
      "h20/outcome_miss_final_state_mse": 0.004981988395740784,
      "h20/outcome_miss_state_mse": 0.006492649184332954,
      "h20/outcome_partial_episode_count": 3,
      "h20/outcome_partial_final_state_mse": 0.007348932666716232,
      "h20/outcome_partial_state_mse": 0.0023961922701667337,
      "h20/outcome_success_episode_count": 3,
      "h20/outcome_success_final_state_mse": 0.0074393891431147755,
      "h20/outcome_success_state_mse": 0.002395101699953765,
      "h20/state_mse": 0.003327726974985958,
      "h30/episode_count": 15,
      "h30/final_state_mse": 0.049331679998659624,
      "h30/outcome_drop_episode_count": 3,
      "h30/outcome_drop_final_state_mse": 0.050471356491637386,
      "h30/outcome_drop_state_mse": 0.009984052986361102,
      "h30/outcome_jam_episode_count": 3,
      "h30/outcome_jam_final_state_mse": 0.05013038208282072,
      "h30/outcome_jam_state_mse": 0.010324531339092712,
      "h30/outcome_miss_episode_count": 3,
      "h30/outcome_miss_final_state_mse": 0.043283283710479736,
      "h30/outcome_miss_state_mse": 0.010407089200154889,
      "h30/outcome_partial_episode_count": 3,
      "h30/outcome_partial_final_state_mse": 0.05151454919303944,
      "h30/outcome_partial_state_mse": 0.00993326037537818,
      "h30/outcome_success_episode_count": 3,
      "h30/outcome_success_final_state_mse": 0.051258834358913444,
      "h30/outcome_success_state_mse": 0.009874585926662603,
      "h30/state_mse": 0.010104703882421025,
      "h40/episode_count": 15,
      "h40/final_state_mse": 0.316935839684181,
      "h40/outcome_drop_episode_count": 3,
      "h40/outcome_drop_final_state_mse": 0.28494856871810614,
      "h40/outcome_drop_state_mse": 0.04512514101913552,
      "h40/outcome_jam_episode_count": 3,
      "h40/outcome_jam_final_state_mse": 0.29868383033602847,
      "h40/outcome_jam_state_mse": 0.046019141502629694,
      "h40/outcome_miss_episode_count": 3,
      "h40/outcome_miss_final_state_mse": 0.4035150802213382,
      "h40/outcome_miss_state_mse": 0.054043031829634526,
      "h40/outcome_partial_episode_count": 3,
      "h40/outcome_partial_final_state_mse": 0.30098144525016834,
      "h40/outcome_partial_state_mse": 0.04603577221141142,
      "h40/outcome_success_episode_count": 3,
      "h40/outcome_success_final_state_mse": 0.29655032376058743,
      "h40/outcome_success_state_mse": 0.04551569527270747,
      "h40/state_mse": 0.047347755182802286,
      "h50/episode_count": 15,
      "h50/final_state_mse": 1.8741308274611927,
      "h50/outcome_drop_episode_count": 3,
      "h50/outcome_drop_final_state_mse": 1.8600634531257978,
      "h50/outcome_drop_state_mse": 0.22076183842677696,
      "h50/outcome_jam_episode_count": 3,
      "h50/outcome_jam_final_state_mse": 1.8626206840565003,
      "h50/outcome_jam_state_mse": 0.22109800849864686,
      "h50/outcome_miss_episode_count": 3,
      "h50/outcome_miss_final_state_mse": 2.0630874135135824,
      "h50/outcome_miss_state_mse": 0.27173229342192606,
      "h50/outcome_partial_episode_count": 3,
      "h50/outcome_partial_final_state_mse": 1.8114375320135379,
      "h50/outcome_partial_state_mse": 0.2188497007282731,
      "h50/outcome_success_episode_count": 3,
      "h50/outcome_success_final_state_mse": 1.773444605808632,
      "h50/outcome_success_state_mse": 0.21494897580614278,
      "h50/state_mse": 0.22947817095588235,
      "h75/episode_count": 15,
      "h75/final_state_mse": 546.6533905228758,
      "h75/outcome_drop_episode_count": 3,
      "h75/outcome_drop_final_state_mse": 581.9318496604371,
      "h75/outcome_drop_state_mse": 33.67319155092593,
      "h75/outcome_jam_episode_count": 3,
      "h75/outcome_jam_final_state_mse": 610.780069189134,
      "h75/outcome_jam_state_mse": 35.527137118736384,
      "h75/outcome_miss_episode_count": 3,
      "h75/outcome_miss_final_state_mse": 266.33110894097223,
      "h75/outcome_miss_state_mse": 17.81289164624183,
      "h75/outcome_partial_episode_count": 3,
      "h75/outcome_partial_final_state_mse": 647.1100324244281,
      "h75/outcome_partial_state_mse": 37.76772671568627,
      "h75/outcome_success_episode_count": 3,
      "h75/outcome_success_final_state_mse": 627.1139402701185,
      "h75/outcome_success_state_mse": 36.48425551470588,
      "h75/state_mse": 32.25303921568627,
      "max_requested_horizon": 125,
      "reencode_period": null,
      "rollout_mode": "no_reencode"
    },
    "periodic_1": {
      "episode_count": 15,
      "h10/episode_count": 15,
      "h10/final_state_mse": 0.0036005244535558365,
      "h10/outcome_drop_episode_count": 3,
      "h10/outcome_drop_final_state_mse": 0.0029186269426657485,
      "h10/outcome_drop_state_mse": 0.002814641809151843,
      "h10/outcome_jam_episode_count": 3,
      "h10/outcome_jam_final_state_mse": 0.003282740079109965,
      "h10/outcome_jam_state_mse": 0.003097069497201957,
      "h10/outcome_miss_episode_count": 3,
      "h10/outcome_miss_final_state_mse": 0.0063826967688167795,
      "h10/outcome_miss_state_mse": 0.011275194984635497,
      "h10/outcome_partial_episode_count": 3,
      "h10/outcome_partial_final_state_mse": 0.0026823699084761875,
      "h10/outcome_partial_state_mse": 0.0026863133206087,
      "h10/outcome_success_episode_count": 3,
      "h10/outcome_success_final_state_mse": 0.0027361891530697643,
      "h10/outcome_success_state_mse": 0.0027116036882587507,
      "h10/state_mse": 0.004516964582056781,
      "h100/episode_count": 15,
      "h100/final_state_mse": 0.008639641680748635,
      "h100/outcome_drop_episode_count": 3,
      "h100/outcome_drop_final_state_mse": 0.015981673123010624,
      "h100/outcome_drop_state_mse": 0.013108294119242749,
      "h100/outcome_jam_episode_count": 3,
      "h100/outcome_jam_final_state_mse": 0.00617104827188978,
      "h100/outcome_jam_state_mse": 0.006961075277889476,
      "h100/outcome_miss_episode_count": 3,
      "h100/outcome_miss_final_state_mse": 0.007392832169345781,
      "h100/outcome_miss_state_mse": 0.006179033915201823,
      "h100/outcome_partial_episode_count": 3,
      "h100/outcome_partial_final_state_mse": 0.0041994028329070095,
      "h100/outcome_partial_state_mse": 0.006812722075219248,
      "h100/outcome_success_episode_count": 3,
      "h100/outcome_success_final_state_mse": 0.009453249328276691,
      "h100/outcome_success_state_mse": 0.007372784084743924,
      "h100/state_mse": 0.008086781620200163,
      "h125/episode_count": 15,
      "h125/final_state_mse": 0.00868281819461997,
      "h125/outcome_drop_episode_count": 3,
      "h125/outcome_drop_final_state_mse": 0.013057252745223201,
      "h125/outcome_drop_state_mse": 0.012700439453125,
      "h125/outcome_jam_episode_count": 3,
      "h125/outcome_jam_final_state_mse": 0.009461908753401313,
      "h125/outcome_jam_state_mse": 0.007266030305351307,
      "h125/outcome_miss_episode_count": 3,
      "h125/outcome_miss_final_state_mse": 0.008392091767460691,
      "h125/outcome_miss_state_mse": 0.006436863618738511,
      "h125/outcome_partial_episode_count": 3,
      "h125/outcome_partial_final_state_mse": 0.004107324516071993,
      "h125/outcome_partial_state_mse": 0.006284738378587112,
      "h125/outcome_success_episode_count": 3,
      "h125/outcome_success_final_state_mse": 0.008395510950898813,
      "h125/outcome_success_state_mse": 0.007499615638084661,
      "h125/state_mse": 0.00803753702001634,
      "h20/episode_count": 15,
      "h20/final_state_mse": 0.004482472176645316,
      "h20/outcome_drop_episode_count": 3,
      "h20/outcome_drop_final_state_mse": 0.004264832614294065,
      "h20/outcome_drop_state_mse": 0.003023212563757803,
      "h20/outcome_jam_episode_count": 3,
      "h20/outcome_jam_final_state_mse": 0.003202518996070413,
      "h20/outcome_jam_state_mse": 0.00322317905675352,
      "h20/outcome_miss_episode_count": 3,
      "h20/outcome_miss_final_state_mse": 0.007133790529241749,
      "h20/outcome_miss_state_mse": 0.009271636663698683,
      "h20/outcome_partial_episode_count": 3,
      "h20/outcome_partial_final_state_mse": 0.0039021966893688525,
      "h20/outcome_partial_state_mse": 0.0028802622377482896,
      "h20/outcome_success_episode_count": 3,
      "h20/outcome_success_final_state_mse": 0.003909022151644713,
      "h20/outcome_success_state_mse": 0.002925916279063505,
      "h20/state_mse": 0.00426484101738026,
      "h30/episode_count": 15,
      "h30/final_state_mse": 0.003704498640072891,
      "h30/outcome_drop_episode_count": 3,
      "h30/outcome_drop_final_state_mse": 0.0034543523698850396,
      "h30/outcome_drop_state_mse": 0.003193782201779434,
      "h30/outcome_jam_episode_count": 3,
      "h30/outcome_jam_final_state_mse": 0.0036182350485153445,
      "h30/outcome_jam_state_mse": 0.0033913156305782673,
      "h30/outcome_miss_episode_count": 3,
      "h30/outcome_miss_final_state_mse": 0.004723795488768933,
      "h30/outcome_miss_state_mse": 0.00806451664511155,
      "h30/outcome_partial_episode_count": 3,
      "h30/outcome_partial_final_state_mse": 0.003293697837910621,
      "h30/outcome_partial_state_mse": 0.003075321775116432,
      "h30/outcome_success_episode_count": 3,
      "h30/outcome_success_final_state_mse": 0.0034324124552845177,
      "h30/outcome_success_state_mse": 0.0031163769350072658,
      "h30/state_mse": 0.004168262689461635,
      "h40/episode_count": 15,
      "h40/final_state_mse": 0.0055763905344445724,
      "h40/outcome_drop_episode_count": 3,
      "h40/outcome_drop_final_state_mse": 0.006384346512408039,
      "h40/outcome_drop_state_mse": 0.0035602756575042124,
      "h40/outcome_jam_episode_count": 3,
      "h40/outcome_jam_final_state_mse": 0.0057723519264482985,
      "h40/outcome_jam_state_mse": 0.003579673658009448,
      "h40/outcome_miss_episode_count": 3,
      "h40/outcome_miss_final_state_mse": 0.0035795160368377087,
      "h40/outcome_miss_state_mse": 0.007010313732172149,
      "h40/outcome_partial_episode_count": 3,
      "h40/outcome_partial_final_state_mse": 0.00602520067317813,
      "h40/outcome_partial_state_mse": 0.00330980505818635,
      "h40/outcome_success_episode_count": 3,
      "h40/outcome_success_final_state_mse": 0.006120538107709947,
      "h40/outcome_success_state_mse": 0.0033475649123098335,
      "h40/state_mse": 0.00416152679842282,
      "h50/episode_count": 15,
      "h50/final_state_mse": 0.012758965585746017,
      "h50/outcome_drop_episode_count": 3,
      "h50/outcome_drop_final_state_mse": 0.015101528829998441,
      "h50/outcome_drop_state_mse": 0.00505369971780216,
      "h50/outcome_jam_episode_count": 3,
      "h50/outcome_jam_final_state_mse": 0.013133480463152618,
      "h50/outcome_jam_state_mse": 0.005049191144556781,
      "h50/outcome_miss_episode_count": 3,
      "h50/outcome_miss_final_state_mse": 0.002841426656137105,
      "h50/outcome_miss_state_mse": 0.006220563751420164,
      "h50/outcome_partial_episode_count": 3,
      "h50/outcome_partial_final_state_mse": 0.016278730498419866,
      "h50/outcome_partial_state_mse": 0.0048915142483181425,
      "h50/outcome_success_episode_count": 3,
      "h50/outcome_success_final_state_mse": 0.01643965778008006,
      "h50/outcome_success_state_mse": 0.004941275478188508,
      "h50/state_mse": 0.005231249042585784,
      "h75/episode_count": 15,
      "h75/final_state_mse": 0.011976040110868566,
      "h75/outcome_drop_episode_count": 3,
      "h75/outcome_drop_final_state_mse": 0.025173173815596337,
      "h75/outcome_drop_state_mse": 0.009638950622159671,
      "h75/outcome_jam_episode_count": 3,
      "h75/outcome_jam_final_state_mse": 0.008641796369178622,
      "h75/outcome_jam_state_mse": 0.007223198252825436,
      "h75/outcome_miss_episode_count": 3,
      "h75/outcome_miss_final_state_mse": 0.009524189568812551,
      "h75/outcome_miss_state_mse": 0.005742330281043624,
      "h75/outcome_partial_episode_count": 3,
      "h75/outcome_partial_final_state_mse": 0.007052453904370077,
      "h75/outcome_partial_state_mse": 0.007500535054923662,
      "h75/outcome_success_episode_count": 3,
      "h75/outcome_success_final_state_mse": 0.00948858631202598,
      "h75/outcome_success_state_mse": 0.007658285668732554,
      "h75/state_mse": 0.007552659909449891,
      "max_requested_horizon": 125,
      "reencode_period": 1,
      "rollout_mode": "periodic_1"
    },
    "periodic_10": {
      "episode_count": 15,
      "h10/episode_count": 15,
      "h10/final_state_mse": 0.0019441726160984412,
      "h10/outcome_drop_episode_count": 3,
      "h10/outcome_drop_final_state_mse": 0.0013518259416218676,
      "h10/outcome_drop_state_mse": 0.0013385343201020184,
      "h10/outcome_jam_episode_count": 3,
      "h10/outcome_jam_final_state_mse": 0.002259859170009887,
      "h10/outcome_jam_state_mse": 0.0017882361910701576,
      "h10/outcome_miss_episode_count": 3,
      "h10/outcome_miss_final_state_mse": 0.003409140055475671,
      "h10/outcome_miss_state_mse": 0.00964423176509882,
      "h10/outcome_partial_episode_count": 3,
      "h10/outcome_partial_final_state_mse": 0.0013451422229896184,
      "h10/outcome_partial_state_mse": 0.0012690368236279955,
      "h10/outcome_success_episode_count": 3,
      "h10/outcome_success_final_state_mse": 0.00135489548343459,
      "h10/outcome_success_state_mse": 0.001271955912409265,
      "h10/state_mse": 0.0030623990725847632,
      "h100/episode_count": 15,
      "h100/final_state_mse": 0.0031935610802345028,
      "h100/outcome_drop_episode_count": 3,
      "h100/outcome_drop_final_state_mse": 0.002408361926772236,
      "h100/outcome_drop_state_mse": 0.001959909800610511,
      "h100/outcome_jam_episode_count": 3,
      "h100/outcome_jam_final_state_mse": 0.0041281961732440526,
      "h100/outcome_jam_state_mse": 0.0025594293369966396,
      "h100/outcome_miss_episode_count": 3,
      "h100/outcome_miss_final_state_mse": 0.0049910318422940825,
      "h100/outcome_miss_state_mse": 0.00313035653307547,
      "h100/outcome_partial_episode_count": 3,
      "h100/outcome_partial_final_state_mse": 0.0016691754359045839,
      "h100/outcome_partial_state_mse": 0.0017182548373353248,
      "h100/outcome_success_episode_count": 3,
      "h100/outcome_success_final_state_mse": 0.0027710417760353464,
      "h100/outcome_success_state_mse": 0.0020104879179811165,
      "h100/state_mse": 0.0022756878223294526,
      "h125/episode_count": 15,
      "h125/final_state_mse": 0.006035374660117954,
      "h125/outcome_drop_episode_count": 3,
      "h125/outcome_drop_final_state_mse": 0.005526642832491133,
      "h125/outcome_drop_state_mse": 0.002478449703042024,
      "h125/outcome_jam_episode_count": 3,
      "h125/outcome_jam_final_state_mse": 0.008165493217948216,
      "h125/outcome_jam_state_mse": 0.0032061316795598447,
      "h125/outcome_miss_episode_count": 3,
      "h125/outcome_miss_final_state_mse": 0.009532421705574771,
      "h125/outcome_miss_state_mse": 0.0038512133928685407,
      "h125/outcome_partial_episode_count": 3,
      "h125/outcome_partial_final_state_mse": 0.0016907175479371564,
      "h125/outcome_partial_state_mse": 0.001708387711468865,
      "h125/outcome_success_episode_count": 3,
      "h125/outcome_success_final_state_mse": 0.005261597485324137,
      "h125/outcome_success_state_mse": 0.00237901936948689,
      "h125/state_mse": 0.002724640331392974,
      "h20/episode_count": 15,
      "h20/final_state_mse": 0.0017861244725246056,
      "h20/outcome_drop_episode_count": 3,
      "h20/outcome_drop_final_state_mse": 0.001666193255801606,
      "h20/outcome_drop_state_mse": 0.001530344949828254,
      "h20/outcome_jam_episode_count": 3,
      "h20/outcome_jam_final_state_mse": 0.0018898222376318539,
      "h20/outcome_jam_state_mse": 0.0019240304535510493,
      "h20/outcome_miss_episode_count": 3,
      "h20/outcome_miss_final_state_mse": 0.0022157194957234502,
      "h20/outcome_miss_state_mse": 0.006493722457511752,
      "h20/outcome_partial_episode_count": 3,
      "h20/outcome_partial_final_state_mse": 0.0015509388610428455,
      "h20/outcome_partial_state_mse": 0.0014538058073692072,
      "h20/outcome_success_episode_count": 3,
      "h20/outcome_success_final_state_mse": 0.0016079485611198774,
      "h20/outcome_success_state_mse": 0.0014683913171680925,
      "h20/state_mse": 0.0025740589815027573,
      "h30/episode_count": 15,
      "h30/final_state_mse": 0.0013379977419485454,
      "h30/outcome_drop_episode_count": 3,
      "h30/outcome_drop_final_state_mse": 0.001387167381110534,
      "h30/outcome_drop_state_mse": 0.0015591259875328712,
      "h30/outcome_jam_episode_count": 3,
      "h30/outcome_jam_final_state_mse": 0.0015493724129947962,
      "h30/outcome_jam_state_mse": 0.0019284509625569928,
      "h30/outcome_miss_episode_count": 3,
      "h30/outcome_miss_final_state_mse": 0.0011862607952816033,
      "h30/outcome_miss_state_mse": 0.004873396264701627,
      "h30/outcome_partial_episode_count": 3,
      "h30/outcome_partial_final_state_mse": 0.0012566382248027652,
      "h30/outcome_partial_state_mse": 0.0014796123005985434,
      "h30/outcome_success_episode_count": 3,
      "h30/outcome_success_final_state_mse": 0.0013105502120809617,
      "h30/outcome_success_state_mse": 0.0014935286216486512,
      "h30/state_mse": 0.0022668227650760827,
      "h40/episode_count": 15,
      "h40/final_state_mse": 0.001574038835911969,
      "h40/outcome_drop_episode_count": 3,
      "h40/outcome_drop_final_state_mse": 0.0016017216288186367,
      "h40/outcome_drop_state_mse": 0.0017124946210898605,
      "h40/outcome_jam_episode_count": 3,
      "h40/outcome_jam_final_state_mse": 0.0016955871597614165,
      "h40/outcome_jam_state_mse": 0.0019746286417144576,
      "h40/outcome_miss_episode_count": 3,
      "h40/outcome_miss_final_state_mse": 0.0015156464103390189,
      "h40/outcome_miss_state_mse": 0.004092988001754861,
      "h40/outcome_partial_episode_count": 3,
      "h40/outcome_partial_final_state_mse": 0.001482748298668394,
      "h40/outcome_partial_state_mse": 0.0015246778531791338,
      "h40/outcome_success_episode_count": 3,
      "h40/outcome_success_final_state_mse": 0.0015744902923995373,
      "h40/outcome_success_state_mse": 0.001545791844137354,
      "h40/state_mse": 0.00217011620016659,
      "h50/episode_count": 15,
      "h50/final_state_mse": 0.0017088902542014527,
      "h50/outcome_drop_episode_count": 3,
      "h50/outcome_drop_final_state_mse": 0.0013017096842815672,
      "h50/outcome_drop_state_mse": 0.0017863167968450808,
      "h50/outcome_jam_episode_count": 3,
      "h50/outcome_jam_final_state_mse": 0.0023042873473338834,
      "h50/outcome_jam_state_mse": 0.0021026941685894735,
      "h50/outcome_miss_episode_count": 3,
      "h50/outcome_miss_final_state_mse": 0.0016951368135564467,
      "h50/outcome_miss_state_mse": 0.0036694228727053974,
      "h50/outcome_partial_episode_count": 3,
      "h50/outcome_partial_final_state_mse": 0.0015980670703392402,
      "h50/outcome_partial_state_mse": 0.001630591754040687,
      "h50/outcome_success_episode_count": 3,
      "h50/outcome_success_final_state_mse": 0.0016452499050525278,
      "h50/outcome_success_state_mse": 0.0016557859906963274,
      "h50/state_mse": 0.0021689622667100694,
      "h75/episode_count": 15,
      "h75/final_state_mse": 0.0031852500890594683,
      "h75/outcome_drop_episode_count": 3,
      "h75/outcome_drop_final_state_mse": 0.002279962589538175,
      "h75/outcome_drop_state_mse": 0.0017989413566838683,
      "h75/outcome_jam_episode_count": 3,
      "h75/outcome_jam_final_state_mse": 0.0033681369295307235,
      "h75/outcome_jam_state_mse": 0.002293744804033267,
      "h75/outcome_miss_episode_count": 3,
      "h75/outcome_miss_final_state_mse": 0.004262877275156819,
      "h75/outcome_miss_state_mse": 0.003174785206780195,
      "h75/outcome_partial_episode_count": 3,
      "h75/outcome_partial_final_state_mse": 0.002659830124744403,
      "h75/outcome_partial_state_mse": 0.001752560517886625,
      "h75/outcome_success_episode_count": 3,
      "h75/outcome_success_final_state_mse": 0.0033554431367543787,
      "h75/outcome_success_state_mse": 0.0018064422025659765,
      "h75/state_mse": 0.002165294904854303,
      "max_requested_horizon": 125,
      "reencode_period": 10,
      "rollout_mode": "periodic_10"
    },
    "periodic_100": {
      "episode_count": 15,
      "h10/episode_count": 15,
      "h10/final_state_mse": 0.0019441726160984412,
      "h10/outcome_drop_episode_count": 3,
      "h10/outcome_drop_final_state_mse": 0.0013518259416218676,
      "h10/outcome_drop_state_mse": 0.0013385343201020184,
      "h10/outcome_jam_episode_count": 3,
      "h10/outcome_jam_final_state_mse": 0.002259859170009887,
      "h10/outcome_jam_state_mse": 0.0017882361910701576,
      "h10/outcome_miss_episode_count": 3,
      "h10/outcome_miss_final_state_mse": 0.003409140055475671,
      "h10/outcome_miss_state_mse": 0.00964423176509882,
      "h10/outcome_partial_episode_count": 3,
      "h10/outcome_partial_final_state_mse": 0.0013451422229896184,
      "h10/outcome_partial_state_mse": 0.0012690368236279955,
      "h10/outcome_success_episode_count": 3,
      "h10/outcome_success_final_state_mse": 0.00135489548343459,
      "h10/outcome_success_state_mse": 0.001271955912409265,
      "h10/state_mse": 0.0030623990725847632,
      "h100/episode_count": 15,
      "h100/final_state_mse": 252117.22875816992,
      "h100/outcome_drop_episode_count": 3,
      "h100/outcome_drop_final_state_mse": 274403.2463235294,
      "h100/outcome_drop_state_mse": 12962.06794117647,
      "h100/outcome_jam_episode_count": 3,
      "h100/outcome_jam_final_state_mse": 296294.07720588235,
      "h100/outcome_jam_state_mse": 13935.179019607844,
      "h100/outcome_miss_episode_count": 3,
      "h100/outcome_miss_final_state_mse": 93465.98529411765,
      "h100/outcome_miss_state_mse": 4655.54339869281,
      "h100/outcome_partial_episode_count": 3,
      "h100/outcome_partial_final_state_mse": 299743.5073529412,
      "h100/outcome_partial_state_mse": 14190.85339869281,
      "h100/outcome_success_episode_count": 3,
      "h100/outcome_success_final_state_mse": 296679.4350490196,
      "h100/outcome_success_state_mse": 14004.680310457516,
      "h100/state_mse": 11949.665045751633,
      "h125/episode_count": 15,
      "h125/final_state_mse": 68329.38039215686,
      "h125/outcome_drop_episode_count": 3,
      "h125/outcome_drop_final_state_mse": 65304.92830882353,
      "h125/outcome_drop_state_mse": 17483.562549019607,
      "h125/outcome_jam_episode_count": 3,
      "h125/outcome_jam_final_state_mse": 70629.45705678104,
      "h125/outcome_jam_state_mse": 18959.8428496732,
      "h125/outcome_miss_episode_count": 3,
      "h125/outcome_miss_final_state_mse": 64853.82434640523,
      "h125/outcome_miss_state_mse": 8693.052444444444,
      "h125/outcome_partial_episode_count": 3,
      "h125/outcome_partial_final_state_mse": 70553.24300449346,
      "h125/outcome_partial_state_mse": 19252.30703267974,
      "h125/outcome_success_episode_count": 3,
      "h125/outcome_success_final_state_mse": 70305.46757557189,
      "h125/outcome_success_state_mse": 19006.87831372549,
      "h125/state_mse": 16679.12750849673,
      "h20/episode_count": 15,
      "h20/final_state_mse": 0.007019139582814734,
      "h20/outcome_drop_episode_count": 3,
      "h20/outcome_drop_final_state_mse": 0.007408984833293491,
      "h20/outcome_drop_state_mse": 0.0024913279059665654,
      "h20/outcome_jam_episode_count": 3,
      "h20/outcome_jam_final_state_mse": 0.007916406089184331,
      "h20/outcome_jam_state_mse": 0.0028633645936554553,
      "h20/outcome_miss_episode_count": 3,
      "h20/outcome_miss_final_state_mse": 0.004981986740056206,
      "h20/outcome_miss_state_mse": 0.006492649184332954,
      "h20/outcome_partial_episode_count": 3,
      "h20/outcome_partial_final_state_mse": 0.007348930134492762,
      "h20/outcome_partial_state_mse": 0.0023961922312094497,
      "h20/outcome_success_episode_count": 3,
      "h20/outcome_success_final_state_mse": 0.007439389922260459,
      "h20/outcome_success_state_mse": 0.0023951017778683333,
      "h20/state_mse": 0.003327726974985958,
      "h30/episode_count": 15,
      "h30/final_state_mse": 0.049331679998659624,
      "h30/outcome_drop_episode_count": 3,
      "h30/outcome_drop_final_state_mse": 0.0504713557124917,
      "h30/outcome_drop_state_mse": 0.009984052986361102,
      "h30/outcome_jam_episode_count": 3,
      "h30/outcome_jam_final_state_mse": 0.05013037507050957,
      "h30/outcome_jam_state_mse": 0.010324531131320529,
      "h30/outcome_miss_episode_count": 3,
      "h30/outcome_miss_final_state_mse": 0.04328328955407236,
      "h30/outcome_miss_state_mse": 0.010407089823471435,
      "h30/outcome_partial_episode_count": 3,
      "h30/outcome_partial_final_state_mse": 0.05151455620535059,
      "h30/outcome_partial_state_mse": 0.00993326058315036,
      "h30/outcome_success_episode_count": 3,
      "h30/outcome_success_final_state_mse": 0.051258829684039345,
      "h30/outcome_success_state_mse": 0.009874586134434786,
      "h30/state_mse": 0.010104703882421025,
      "h40/episode_count": 15,
      "h40/final_state_mse": 0.31693585963031046,
      "h40/outcome_drop_episode_count": 3,
      "h40/outcome_drop_final_state_mse": 0.28494852976082197,
      "h40/outcome_drop_state_mse": 0.04512514101913552,
      "h40/outcome_jam_episode_count": 3,
      "h40/outcome_jam_final_state_mse": 0.2986837976119098,
      "h40/outcome_jam_state_mse": 0.046019142125946245,
      "h40/outcome_miss_episode_count": 3,
      "h40/outcome_miss_final_state_mse": 0.40351510203741736,
      "h40/outcome_miss_state_mse": 0.054043033076267614,
      "h40/outcome_partial_episode_count": 3,
      "h40/outcome_partial_final_state_mse": 0.30098150602353163,
      "h40/outcome_partial_state_mse": 0.04603577501633588,
      "h40/outcome_success_episode_count": 3,
      "h40/outcome_success_final_state_mse": 0.2965502770118464,
      "h40/outcome_success_state_mse": 0.045515694649390925,
      "h40/state_mse": 0.047347755182802286,
      "h50/episode_count": 15,
      "h50/final_state_mse": 1.8741309870302287,
      "h50/outcome_drop_episode_count": 3,
      "h50/outcome_drop_final_state_mse": 1.8600635154574525,
      "h50/outcome_drop_state_mse": 0.22076183643216402,
      "h50/outcome_jam_episode_count": 3,
      "h50/outcome_jam_final_state_mse": 1.8626207588544859,
      "h50/outcome_jam_state_mse": 0.22109801248787275,
      "h50/outcome_miss_episode_count": 3,
      "h50/outcome_miss_final_state_mse": 2.063087263917611,
      "h50/outcome_miss_state_mse": 0.27173229741115196,
      "h50/outcome_partial_episode_count": 3,
      "h50/outcome_partial_final_state_mse": 1.8114377439411637,
      "h50/outcome_partial_state_mse": 0.2188497007282731,
      "h50/outcome_success_episode_count": 3,
      "h50/outcome_success_final_state_mse": 1.7734451543271932,
      "h50/outcome_success_state_mse": 0.21494899575227228,
      "h50/state_mse": 0.22947817095588235,
      "h75/episode_count": 15,
      "h75/final_state_mse": 546.653431372549,
      "h75/outcome_drop_episode_count": 3,
      "h75/outcome_drop_final_state_mse": 581.931840086295,
      "h75/outcome_drop_state_mse": 33.673194274237474,
      "h75/outcome_jam_episode_count": 3,
      "h75/outcome_jam_final_state_mse": 610.7799702563317,
      "h75/outcome_jam_state_mse": 35.52713465073529,
      "h75/outcome_miss_episode_count": 3,
      "h75/outcome_miss_final_state_mse": 266.33106585733253,
      "h75/outcome_miss_state_mse": 17.81289249727669,
      "h75/outcome_partial_episode_count": 3,
      "h75/outcome_partial_final_state_mse": 647.1100236481311,
      "h75/outcome_partial_state_mse": 37.767731396378,
      "h75/outcome_success_episode_count": 3,
      "h75/outcome_success_final_state_mse": 627.1141094132965,
      "h75/outcome_success_state_mse": 36.484258493327886,
      "h75/state_mse": 32.25303921568627,
      "max_requested_horizon": 125,
      "reencode_period": 100,
      "rollout_mode": "periodic_100"
    },
    "periodic_2": {
      "episode_count": 15,
      "h10/episode_count": 15,
      "h10/final_state_mse": 0.0028678513819875282,
      "h10/outcome_drop_episode_count": 3,
      "h10/outcome_drop_final_state_mse": 0.0023346625609335556,
      "h10/outcome_drop_state_mse": 0.002249543573342118,
      "h10/outcome_jam_episode_count": 3,
      "h10/outcome_jam_final_state_mse": 0.002786132293978548,
      "h10/outcome_jam_state_mse": 0.0026713407117556903,
      "h10/outcome_miss_episode_count": 3,
      "h10/outcome_miss_final_state_mse": 0.004767353141229916,
      "h10/outcome_miss_state_mse": 0.009944257237552817,
      "h10/outcome_partial_episode_count": 3,
      "h10/outcome_partial_final_state_mse": 0.002191854677363938,
      "h10/outcome_partial_state_mse": 0.0021267662640490565,
      "h10/outcome_success_episode_count": 3,
      "h10/outcome_success_final_state_mse": 0.0022592529703199474,
      "h10/outcome_success_state_mse": 0.002139113892137615,
      "h10/state_mse": 0.0038262041877297794,
      "h100/episode_count": 15,
      "h100/final_state_mse": 0.004294450921949997,
      "h100/outcome_drop_episode_count": 3,
      "h100/outcome_drop_final_state_mse": 0.0051244271346946165,
      "h100/outcome_drop_state_mse": 0.002887420934789321,
      "h100/outcome_jam_episode_count": 3,
      "h100/outcome_jam_final_state_mse": 0.004053063641965779,
      "h100/outcome_jam_state_mse": 0.0035723685594945174,
      "h100/outcome_miss_episode_count": 3,
      "h100/outcome_miss_final_state_mse": 0.0042726682876449784,
      "h100/outcome_miss_state_mse": 0.004474713568593942,
      "h100/outcome_partial_episode_count": 3,
      "h100/outcome_partial_final_state_mse": 0.0033169404353970795,
      "h100/outcome_partial_state_mse": 0.0028562308292762904,
      "h100/outcome_success_episode_count": 3,
      "h100/outcome_success_final_state_mse": 0.004705155012654323,
      "h100/outcome_success_state_mse": 0.0032421654969259023,
      "h100/state_mse": 0.003406579908981822,
      "h125/episode_count": 15,
      "h125/final_state_mse": 0.0060661303451637815,
      "h125/outcome_drop_episode_count": 3,
      "h125/outcome_drop_final_state_mse": 0.008243584652352177,
      "h125/outcome_drop_state_mse": 0.0038330646589690566,
      "h125/outcome_jam_episode_count": 3,
      "h125/outcome_jam_final_state_mse": 0.006203654057839338,
      "h125/outcome_jam_state_mse": 0.003973720774931066,
      "h125/outcome_miss_episode_count": 3,
      "h125/outcome_miss_final_state_mse": 0.0072563812136650085,
      "h125/outcome_miss_state_mse": 0.004930633943844465,
      "h125/outcome_partial_episode_count": 3,
      "h125/outcome_partial_final_state_mse": 0.0027609556621196224,
      "h125/outcome_partial_state_mse": 0.0028736974678787532,
      "h125/outcome_success_episode_count": 3,
      "h125/outcome_success_final_state_mse": 0.005866074678944606,
      "h125/outcome_success_state_mse": 0.003540256076388889,
      "h125/state_mse": 0.0038302743949142157,
      "h20/episode_count": 15,
      "h20/final_state_mse": 0.0027151310365963605,
      "h20/outcome_drop_episode_count": 3,
      "h20/outcome_drop_final_state_mse": 0.0023396718102732515,
      "h20/outcome_drop_state_mse": 0.0022327896426705754,
      "h20/outcome_jam_episode_count": 3,
      "h20/outcome_jam_final_state_mse": 0.002294705778944726,
      "h20/outcome_jam_state_mse": 0.0026323349647272647,
      "h20/outcome_miss_episode_count": 3,
      "h20/outcome_miss_final_state_mse": 0.004699302752033558,
      "h20/outcome_miss_state_mse": 0.007533812990375594,
      "h20/outcome_partial_episode_count": 3,
      "h20/outcome_partial_final_state_mse": 0.0020863569518125135,
      "h20/outcome_partial_state_mse": 0.002132199714386385,
      "h20/outcome_success_episode_count": 3,
      "h20/outcome_success_final_state_mse": 0.00215561757338982,
      "h20/outcome_success_state_mse": 0.002160226052103479,
      "h20/state_mse": 0.0033382724936491526,
      "h30/episode_count": 15,
      "h30/final_state_mse": 0.0024139987097846136,
      "h30/outcome_drop_episode_count": 3,
      "h30/outcome_drop_final_state_mse": 0.002127979267266841,
      "h30/outcome_drop_state_mse": 0.002239077335349355,
      "h30/outcome_jam_episode_count": 3,
      "h30/outcome_jam_final_state_mse": 0.0024044206183330683,
      "h30/outcome_jam_state_mse": 0.0026159470896835162,
      "h30/outcome_miss_episode_count": 3,
      "h30/outcome_miss_final_state_mse": 0.0034126315046759215,
      "h30/outcome_miss_state_mse": 0.006346751609918599,
      "h30/outcome_partial_episode_count": 3,
      "h30/outcome_partial_final_state_mse": 0.0019966367315622717,
      "h30/outcome_partial_state_mse": 0.0021308630120520497,
      "h30/outcome_success_episode_count": 3,
      "h30/outcome_success_final_state_mse": 0.002128325889702716,
      "h30/outcome_success_state_mse": 0.0021678318644920464,
      "h30/state_mse": 0.0031000942654079862,
      "h40/episode_count": 15,
      "h40/final_state_mse": 0.002417095969705021,
      "h40/outcome_drop_episode_count": 3,
      "h40/outcome_drop_final_state_mse": 0.002489382364586288,
      "h40/outcome_drop_state_mse": 0.0023381593959783415,
      "h40/outcome_jam_episode_count": 3,
      "h40/outcome_jam_final_state_mse": 0.002243572541701248,
      "h40/outcome_jam_state_mse": 0.002579175568873586,
      "h40/outcome_miss_episode_count": 3,
      "h40/outcome_miss_final_state_mse": 0.002816595891916674,
      "h40/outcome_miss_state_mse": 0.0055616508122363125,
      "h40/outcome_partial_episode_count": 3,
      "h40/outcome_partial_final_state_mse": 0.0022468290297813663,
      "h40/outcome_partial_state_mse": 0.0021298815417133904,
      "h40/outcome_success_episode_count": 3,
      "h40/outcome_success_final_state_mse": 0.002289099411831962,
      "h40/outcome_success_state_mse": 0.0021682442403307147,
      "h40/state_mse": 0.002955422245599086,
      "h50/episode_count": 15,
      "h50/final_state_mse": 0.002889130785574321,
      "h50/outcome_drop_episode_count": 3,
      "h50/outcome_drop_final_state_mse": 0.0022422784781144334,
      "h50/outcome_drop_state_mse": 0.0024045827965331235,
      "h50/outcome_jam_episode_count": 3,
      "h50/outcome_jam_final_state_mse": 0.003128415667543224,
      "h50/outcome_jam_state_mse": 0.002739837528054231,
      "h50/outcome_miss_episode_count": 3,
      "h50/outcome_miss_final_state_mse": 0.0022625832824535617,
      "h50/outcome_miss_state_mse": 0.004979463714400148,
      "h50/outcome_partial_episode_count": 3,
      "h50/outcome_partial_final_state_mse": 0.0033208369916560604,
      "h50/outcome_partial_state_mse": 0.0022958023096221725,
      "h50/outcome_success_episode_count": 3,
      "h50/outcome_success_final_state_mse": 0.003491538339385799,
      "h50/outcome_success_state_mse": 0.0023361713122698217,
      "h50/state_mse": 0.00295117147607741,
      "h75/episode_count": 15,
      "h75/final_state_mse": 0.005464153040468303,
      "h75/outcome_drop_episode_count": 3,
      "h75/outcome_drop_final_state_mse": 0.004655008466025583,
      "h75/outcome_drop_state_mse": 0.0026018729448837913,
      "h75/outcome_jam_episode_count": 3,
      "h75/outcome_jam_final_state_mse": 0.0055538497719110225,
      "h75/outcome_jam_state_mse": 0.0031905801311817045,
      "h75/outcome_miss_episode_count": 3,
      "h75/outcome_miss_final_state_mse": 0.007567716092845194,
      "h75/outcome_miss_state_mse": 0.004449534031820193,
      "h75/outcome_partial_episode_count": 3,
      "h75/outcome_partial_final_state_mse": 0.004041335454174117,
      "h75/outcome_partial_state_mse": 0.002704713027721397,
      "h75/outcome_success_episode_count": 3,
      "h75/outcome_success_final_state_mse": 0.005502857511339624,
      "h75/outcome_success_state_mse": 0.0027922831017986624,
      "h75/state_mse": 0.003147796564372277,
      "max_requested_horizon": 125,
      "reencode_period": 2,
      "rollout_mode": "periodic_2"
    },
    "periodic_20": {
      "episode_count": 15,
      "h10/episode_count": 15,
      "h10/final_state_mse": 0.0019441726160984412,
      "h10/outcome_drop_episode_count": 3,
      "h10/outcome_drop_final_state_mse": 0.0013518259416218676,
      "h10/outcome_drop_state_mse": 0.0013385343201020184,
      "h10/outcome_jam_episode_count": 3,
      "h10/outcome_jam_final_state_mse": 0.002259859170009887,
      "h10/outcome_jam_state_mse": 0.0017882361910701576,
      "h10/outcome_miss_episode_count": 3,
      "h10/outcome_miss_final_state_mse": 0.003409140055475671,
      "h10/outcome_miss_state_mse": 0.00964423176509882,
      "h10/outcome_partial_episode_count": 3,
      "h10/outcome_partial_final_state_mse": 0.0013451422229896184,
      "h10/outcome_partial_state_mse": 0.0012690368236279955,
      "h10/outcome_success_episode_count": 3,
      "h10/outcome_success_final_state_mse": 0.00135489548343459,
      "h10/outcome_success_state_mse": 0.001271955912409265,
      "h10/state_mse": 0.0030623990725847632,
      "h100/episode_count": 15,
      "h100/final_state_mse": 0.00835260877422258,
      "h100/outcome_drop_episode_count": 3,
      "h100/outcome_drop_final_state_mse": 0.009471528670367073,
      "h100/outcome_drop_state_mse": 0.0028884250042485256,
      "h100/outcome_jam_episode_count": 3,
      "h100/outcome_jam_final_state_mse": 0.008388430951467527,
      "h100/outcome_jam_state_mse": 0.0032354911480074614,
      "h100/outcome_miss_episode_count": 3,
      "h100/outcome_miss_final_state_mse": 0.011092926065127054,
      "h100/outcome_miss_state_mse": 0.00429910298266442,
      "h100/outcome_partial_episode_count": 3,
      "h100/outcome_partial_final_state_mse": 0.0062400788263557785,
      "h100/outcome_partial_state_mse": 0.0026460468691158917,
      "h100/outcome_success_episode_count": 3,
      "h100/outcome_success_final_state_mse": 0.00657008023433436,
      "h100/outcome_success_state_mse": 0.0028282577539581097,
      "h100/state_mse": 0.003179464901194853,
      "h125/episode_count": 15,
      "h125/final_state_mse": 0.00641588447919858,
      "h125/outcome_drop_episode_count": 3,
      "h125/outcome_drop_final_state_mse": 0.006734538652928047,
      "h125/outcome_drop_state_mse": 0.0036586912566540287,
      "h125/outcome_jam_episode_count": 3,
      "h125/outcome_jam_final_state_mse": 0.008256274305917079,
      "h125/outcome_jam_state_mse": 0.0039650154861749385,
      "h125/outcome_miss_episode_count": 3,
      "h125/outcome_miss_final_state_mse": 0.008597457817956513,
      "h125/outcome_miss_state_mse": 0.005319607703514349,
      "h125/outcome_partial_episode_count": 3,
      "h125/outcome_partial_final_state_mse": 0.00237794442017094,
      "h125/outcome_partial_state_mse": 0.0027818971521714154,
      "h125/outcome_success_episode_count": 3,
      "h125/outcome_success_final_state_mse": 0.006113207807727889,
      "h125/outcome_success_state_mse": 0.0033051831613179128,
      "h125/state_mse": 0.003806078941993464,
      "h20/episode_count": 15,
      "h20/final_state_mse": 0.007019139582814734,
      "h20/outcome_drop_episode_count": 3,
      "h20/outcome_drop_final_state_mse": 0.007408984833293491,
      "h20/outcome_drop_state_mse": 0.0024913279059665654,
      "h20/outcome_jam_episode_count": 3,
      "h20/outcome_jam_final_state_mse": 0.007916406089184331,
      "h20/outcome_jam_state_mse": 0.0028633645936554553,
      "h20/outcome_miss_episode_count": 3,
      "h20/outcome_miss_final_state_mse": 0.004981986740056206,
      "h20/outcome_miss_state_mse": 0.006492649184332954,
      "h20/outcome_partial_episode_count": 3,
      "h20/outcome_partial_final_state_mse": 0.007348930134492762,
      "h20/outcome_partial_state_mse": 0.0023961922312094497,
      "h20/outcome_success_episode_count": 3,
      "h20/outcome_success_final_state_mse": 0.007439389922260459,
      "h20/outcome_success_state_mse": 0.0023951017778683333,
      "h20/state_mse": 0.003327726974985958,
      "h30/episode_count": 15,
      "h30/final_state_mse": 0.0017390313491322635,
      "h30/outcome_drop_episode_count": 3,
      "h30/outcome_drop_final_state_mse": 0.0018635058130314147,
      "h30/outcome_drop_state_mse": 0.00237279452529608,
      "h30/outcome_jam_episode_count": 3,
      "h30/outcome_jam_final_state_mse": 0.0019811919945127822,
      "h30/outcome_jam_state_mse": 0.002739014604772098,
      "h30/outcome_miss_episode_count": 3,
      "h30/outcome_miss_final_state_mse": 0.0012903034053986368,
      "h30/outcome_miss_state_mse": 0.004974995199631502,
      "h30/outcome_partial_episode_count": 3,
      "h30/outcome_partial_final_state_mse": 0.0017602327066698884,
      "h30/outcome_partial_state_mse": 0.002281808645377232,
      "h30/outcome_success_episode_count": 3,
      "h30/outcome_success_final_state_mse": 0.0017999230695316215,
      "h30/outcome_success_state_mse": 0.002285909912425189,
      "h30/state_mse": 0.002930904546334593,
      "h40/episode_count": 15,
      "h40/final_state_mse": 0.0043179948345508454,
      "h40/outcome_drop_episode_count": 3,
      "h40/outcome_drop_final_state_mse": 0.004642272696775549,
      "h40/outcome_drop_state_mse": 0.0025237406390944336,
      "h40/outcome_jam_episode_count": 3,
      "h40/outcome_jam_final_state_mse": 0.004563462792658338,
      "h40/outcome_jam_state_mse": 0.002814408883549809,
      "h40/outcome_miss_episode_count": 3,
      "h40/outcome_miss_final_state_mse": 0.004712724607754377,
      "h40/outcome_miss_state_mse": 0.004318682820189233,
      "h40/outcome_partial_episode_count": 3,
      "h40/outcome_partial_final_state_mse": 0.003850380530933929,
      "h40/outcome_partial_state_mse": 0.0022958798346176647,
      "h40/outcome_success_episode_count": 3,
      "h40/outcome_success_final_state_mse": 0.003821134469867532,
      "h40/outcome_success_state_mse": 0.0023064468031615214,
      "h40/state_mse": 0.002851831772748162,
      "h50/episode_count": 15,
      "h50/final_state_mse": 0.0020026732114405412,
      "h50/outcome_drop_episode_count": 3,
      "h50/outcome_drop_final_state_mse": 0.0016630531039113312,
      "h50/outcome_drop_state_mse": 0.0024262349745806525,
      "h50/outcome_jam_episode_count": 3,
      "h50/outcome_jam_final_state_mse": 0.002728407289467606,
      "h50/outcome_jam_state_mse": 0.0027619090111427056,
      "h50/outcome_miss_episode_count": 3,
      "h50/outcome_miss_final_state_mse": 0.0016730201302790175,
      "h50/outcome_miss_state_mse": 0.0038055434258155575,
      "h50/outcome_partial_episode_count": 3,
      "h50/outcome_partial_final_state_mse": 0.0019490368712961285,
      "h50/outcome_partial_state_mse": 0.0022175599702822617,
      "h50/outcome_success_episode_count": 3,
      "h50/outcome_success_final_state_mse": 0.0019998483700689926,
      "h50/outcome_success_state_mse": 0.0022367474300409454,
      "h50/state_mse": 0.0026895991306678923,
      "h75/episode_count": 15,
      "h75/final_state_mse": 0.004624736698624355,
      "h75/outcome_drop_episode_count": 3,
      "h75/outcome_drop_final_state_mse": 0.0032303039641941294,
      "h75/outcome_drop_state_mse": 0.0023348258523380053,
      "h75/outcome_jam_episode_count": 3,
      "h75/outcome_jam_final_state_mse": 0.003919689776071536,
      "h75/outcome_jam_state_mse": 0.0028547513458983312,
      "h75/outcome_miss_episode_count": 3,
      "h75/outcome_miss_final_state_mse": 0.005986515067371668,
      "h75/outcome_miss_state_mse": 0.0036307937023686426,
      "h75/outcome_partial_episode_count": 3,
      "h75/outcome_partial_final_state_mse": 0.004878489264086181,
      "h75/outcome_partial_state_mse": 0.0023422977971095664,
      "h75/outcome_success_episode_count": 3,
      "h75/outcome_success_final_state_mse": 0.005108683863106896,
      "h75/outcome_success_state_mse": 0.002375141717250051,
      "h75/state_mse": 0.0027075620829929196,
      "max_requested_horizon": 125,
      "reencode_period": 20,
      "rollout_mode": "periodic_20"
    },
    "periodic_5": {
      "episode_count": 15,
      "h10/episode_count": 15,
      "h10/final_state_mse": 0.0022278550403570037,
      "h10/outcome_drop_episode_count": 3,
      "h10/outcome_drop_final_state_mse": 0.0016819197270605299,
      "h10/outcome_drop_state_mse": 0.001663181399987414,
      "h10/outcome_jam_episode_count": 3,
      "h10/outcome_jam_final_state_mse": 0.002322166768553989,
      "h10/outcome_jam_state_mse": 0.0020897119652991203,
      "h10/outcome_miss_episode_count": 3,
      "h10/outcome_miss_final_state_mse": 0.003999022779121898,
      "h10/outcome_miss_state_mse": 0.00998631022334878,
      "h10/outcome_partial_episode_count": 3,
      "h10/outcome_partial_final_state_mse": 0.0015624890870907728,
      "h10/outcome_partial_state_mse": 0.0015846354509490767,
      "h10/outcome_success_episode_count": 3,
      "h10/outcome_success_final_state_mse": 0.0015736767669129216,
      "h10/outcome_success_state_mse": 0.0015842574873780892,
      "h10/state_mse": 0.003381618923611111,
      "h100/episode_count": 15,
      "h100/final_state_mse": 0.003368085973403033,
      "h100/outcome_drop_episode_count": 3,
      "h100/outcome_drop_final_state_mse": 0.0027007641745548623,
      "h100/outcome_drop_state_mse": 0.0022058994318145553,
      "h100/outcome_jam_episode_count": 3,
      "h100/outcome_jam_final_state_mse": 0.0038921652860890808,
      "h100/outcome_jam_state_mse": 0.0028906151515985627,
      "h100/outcome_miss_episode_count": 3,
      "h100/outcome_miss_final_state_mse": 0.004785666960516786,
      "h100/outcome_miss_state_mse": 0.0034901972378001494,
      "h100/outcome_partial_episode_count": 3,
      "h100/outcome_partial_final_state_mse": 0.002138690572548536,
      "h100/outcome_partial_state_mse": 0.0020445296966951658,
      "h100/outcome_success_episode_count": 3,
      "h100/outcome_success_final_state_mse": 0.0033231433115753473,
      "h100/outcome_success_state_mse": 0.0023417725282556872,
      "h100/state_mse": 0.0025946028964971405,
      "h125/episode_count": 15,
      "h125/final_state_mse": 0.005667026993495966,
      "h125/outcome_drop_episode_count": 3,
      "h125/outcome_drop_final_state_mse": 0.004439765429185107,
      "h125/outcome_drop_state_mse": 0.00267893184088414,
      "h125/outcome_jam_episode_count": 3,
      "h125/outcome_jam_final_state_mse": 0.005918912540853413,
      "h125/outcome_jam_state_mse": 0.0033503890692018995,
      "h125/outcome_miss_episode_count": 3,
      "h125/outcome_miss_final_state_mse": 0.01092551529310108,
      "h125/outcome_miss_state_mse": 0.004605840645584405,
      "h125/outcome_partial_episode_count": 3,
      "h125/outcome_partial_final_state_mse": 0.0019877550064348708,
      "h125/outcome_partial_state_mse": 0.0020656738779903237,
      "h125/outcome_success_episode_count": 3,
      "h125/outcome_success_final_state_mse": 0.005063186186591005,
      "h125/outcome_success_state_mse": 0.002759368746888404,
      "h125/state_mse": 0.003092041015625,
      "h20/episode_count": 15,
      "h20/final_state_mse": 0.0018389592762866052,
      "h20/outcome_drop_episode_count": 3,
      "h20/outcome_drop_final_state_mse": 0.001784711394434661,
      "h20/outcome_drop_state_mse": 0.0017325756207011104,
      "h20/outcome_jam_episode_count": 3,
      "h20/outcome_jam_final_state_mse": 0.0017516173032763737,
      "h20/outcome_jam_state_mse": 0.002124826269212112,
      "h20/outcome_miss_episode_count": 3,
      "h20/outcome_miss_final_state_mse": 0.0024637690459201537,
      "h20/outcome_miss_state_mse": 0.006850674573112937,
      "h20/outcome_partial_episode_count": 3,
      "h20/outcome_partial_final_state_mse": 0.0015679737005163642,
      "h20/outcome_partial_state_mse": 0.0016492205897187875,
      "h20/outcome_success_episode_count": 3,
      "h20/outcome_success_final_state_mse": 0.0016267252051168019,
      "h20/outcome_success_state_mse": 0.0016731312461927825,
      "h20/state_mse": 0.0028060855740815204,
      "h30/episode_count": 15,
      "h30/final_state_mse": 0.0016502151302262848,
      "h30/outcome_drop_episode_count": 3,
      "h30/outcome_drop_final_state_mse": 0.001627743463305866,
      "h30/outcome_drop_state_mse": 0.001784432323929531,
      "h30/outcome_jam_episode_count": 3,
      "h30/outcome_jam_final_state_mse": 0.0017988520120483598,
      "h30/outcome_jam_state_mse": 0.002150465746071344,
      "h30/outcome_miss_episode_count": 3,
      "h30/outcome_miss_final_state_mse": 0.0017142694419115976,
      "h30/outcome_miss_state_mse": 0.00527835058490695,
      "h30/outcome_partial_episode_count": 3,
      "h30/outcome_partial_final_state_mse": 0.0015117036896983003,
      "h30/outcome_partial_state_mse": 0.001690432085190983,
      "h30/outcome_success_episode_count": 3,
      "h30/outcome_success_final_state_mse": 0.0015985073606952344,
      "h30/outcome_success_state_mse": 0.0017165338032126168,
      "h30/state_mse": 0.00252404273205593,
      "h40/episode_count": 15,
      "h40/final_state_mse": 0.00187887740291022,
      "h40/outcome_drop_episode_count": 3,
      "h40/outcome_drop_final_state_mse": 0.002038383430320453,
      "h40/outcome_drop_state_mse": 0.0019449573326734157,
      "h40/outcome_jam_episode_count": 3,
      "h40/outcome_jam_final_state_mse": 0.0018483500416372337,
      "h40/outcome_jam_state_mse": 0.0022034811817742642,
      "h40/outcome_miss_episode_count": 3,
      "h40/outcome_miss_final_state_mse": 0.0018526066605951271,
      "h40/outcome_miss_state_mse": 0.004492790714588041,
      "h40/outcome_partial_episode_count": 3,
      "h40/outcome_partial_final_state_mse": 0.0018039956640184315,
      "h40/outcome_partial_state_mse": 0.001746057334289052,
      "h40/outcome_success_episode_count": 3,
      "h40/outcome_success_final_state_mse": 0.0018510519240806306,
      "h40/outcome_success_state_mse": 0.0017724104956084606,
      "h40/state_mse": 0.0024319393182891647,
      "h50/episode_count": 15,
      "h50/final_state_mse": 0.001950295454536388,
      "h50/outcome_drop_episode_count": 3,
      "h50/outcome_drop_final_state_mse": 0.0016407341836324704,
      "h50/outcome_drop_state_mse": 0.0020208449145547704,
      "h50/outcome_jam_episode_count": 3,
      "h50/outcome_jam_final_state_mse": 0.0023227477677507337,
      "h50/outcome_jam_state_mse": 0.002360467287450055,
      "h50/outcome_miss_episode_count": 3,
      "h50/outcome_miss_final_state_mse": 0.00181749380297131,
      "h50/outcome_miss_state_mse": 0.004033045550577001,
      "h50/outcome_partial_episode_count": 3,
      "h50/outcome_partial_final_state_mse": 0.001963705433155197,
      "h50/outcome_partial_state_mse": 0.0018685581169876398,
      "h50/outcome_success_episode_count": 3,
      "h50/outcome_success_final_state_mse": 0.0020067962799586504,
      "h50/outcome_success_state_mse": 0.0018951781902437897,
      "h50/state_mse": 0.0024356186810661766,
      "h75/episode_count": 15,
      "h75/final_state_mse": 0.0034620038824143755,
      "h75/outcome_drop_episode_count": 3,
      "h75/outcome_drop_final_state_mse": 0.002420447158073288,
      "h75/outcome_drop_state_mse": 0.0020244287145942904,
      "h75/outcome_jam_episode_count": 3,
      "h75/outcome_jam_final_state_mse": 0.0038121773136986625,
      "h75/outcome_jam_state_mse": 0.0025883400362301497,
      "h75/outcome_miss_episode_count": 3,
      "h75/outcome_miss_final_state_mse": 0.004361654418745851,
      "h75/outcome_miss_state_mse": 0.003500724077744162,
      "h75/outcome_partial_episode_count": 3,
      "h75/outcome_partial_final_state_mse": 0.003021045788830402,
      "h75/outcome_partial_state_mse": 0.002031565335840961,
      "h75/outcome_success_episode_count": 3,
      "h75/outcome_success_final_state_mse": 0.0036946950735999087,
      "h75/outcome_success_state_mse": 0.0020807281194948684,
      "h75/state_mse": 0.0024451574520867373,
      "max_requested_horizon": 125,
      "reencode_period": 5,
      "rollout_mode": "periodic_5"
    },
    "periodic_50": {
      "episode_count": 15,
      "h10/episode_count": 15,
      "h10/final_state_mse": 0.0019441726160984412,
      "h10/outcome_drop_episode_count": 3,
      "h10/outcome_drop_final_state_mse": 0.0013518259416218676,
      "h10/outcome_drop_state_mse": 0.0013385343201020184,
      "h10/outcome_jam_episode_count": 3,
      "h10/outcome_jam_final_state_mse": 0.002259859170009887,
      "h10/outcome_jam_state_mse": 0.0017882361910701576,
      "h10/outcome_miss_episode_count": 3,
      "h10/outcome_miss_final_state_mse": 0.003409140055475671,
      "h10/outcome_miss_state_mse": 0.00964423176509882,
      "h10/outcome_partial_episode_count": 3,
      "h10/outcome_partial_final_state_mse": 0.0013451422229896184,
      "h10/outcome_partial_state_mse": 0.0012690368236279955,
      "h10/outcome_success_episode_count": 3,
      "h10/outcome_success_final_state_mse": 0.00135489548343459,
      "h10/outcome_success_state_mse": 0.001271955912409265,
      "h10/state_mse": 0.0030623990725847632,
      "h100/episode_count": 15,
      "h100/final_state_mse": 44.208021854575165,
      "h100/outcome_drop_episode_count": 3,
      "h100/outcome_drop_final_state_mse": 38.33192234413296,
      "h100/outcome_drop_state_mse": 1.694581179151348,
      "h100/outcome_jam_episode_count": 3,
      "h100/outcome_jam_final_state_mse": 43.508601967805355,
      "h100/outcome_jam_state_mse": 1.9338424862132353,
      "h100/outcome_miss_episode_count": 3,
      "h100/outcome_miss_final_state_mse": 55.148583505667894,
      "h100/outcome_miss_state_mse": 2.38581849341299,
      "h100/outcome_partial_episode_count": 3,
      "h100/outcome_partial_final_state_mse": 42.038473690257355,
      "h100/outcome_partial_state_mse": 1.9091982932495914,
      "h100/outcome_success_episode_count": 3,
      "h100/outcome_success_final_state_mse": 42.01252577039931,
      "h100/outcome_success_state_mse": 1.8687620793760213,
      "h100/state_mse": 1.9584403594771242,
      "h125/episode_count": 15,
      "h125/final_state_mse": 59.59303513071895,
      "h125/outcome_drop_episode_count": 3,
      "h125/outcome_drop_final_state_mse": 56.46751453673917,
      "h125/outcome_drop_state_mse": 4.253967167075164,
      "h125/outcome_jam_episode_count": 3,
      "h125/outcome_jam_final_state_mse": 62.6988956227022,
      "h125/outcome_jam_state_mse": 4.692423508986928,
      "h125/outcome_miss_episode_count": 3,
      "h125/outcome_miss_final_state_mse": 59.167916092218135,
      "h125/outcome_miss_state_mse": 5.265931883169935,
      "h125/outcome_partial_episode_count": 3,
      "h125/outcome_partial_final_state_mse": 59.43695108251634,
      "h125/outcome_partial_state_mse": 4.602270782271241,
      "h125/outcome_success_episode_count": 3,
      "h125/outcome_success_final_state_mse": 60.193893532347836,
      "h125/outcome_success_state_mse": 4.583614940767974,
      "h125/state_mse": 4.679641503267974,
      "h20/episode_count": 15,
      "h20/final_state_mse": 0.007019139582814734,
      "h20/outcome_drop_episode_count": 3,
      "h20/outcome_drop_final_state_mse": 0.007408984833293491,
      "h20/outcome_drop_state_mse": 0.0024913279059665654,
      "h20/outcome_jam_episode_count": 3,
      "h20/outcome_jam_final_state_mse": 0.007916406089184331,
      "h20/outcome_jam_state_mse": 0.0028633645936554553,
      "h20/outcome_miss_episode_count": 3,
      "h20/outcome_miss_final_state_mse": 0.004981986740056206,
      "h20/outcome_miss_state_mse": 0.006492649184332954,
      "h20/outcome_partial_episode_count": 3,
      "h20/outcome_partial_final_state_mse": 0.007348930134492762,
      "h20/outcome_partial_state_mse": 0.0023961922312094497,
      "h20/outcome_success_episode_count": 3,
      "h20/outcome_success_final_state_mse": 0.007439389922260459,
      "h20/outcome_success_state_mse": 0.0023951017778683333,
      "h20/state_mse": 0.003327726974985958,
      "h30/episode_count": 15,
      "h30/final_state_mse": 0.049331679998659624,
      "h30/outcome_drop_episode_count": 3,
      "h30/outcome_drop_final_state_mse": 0.0504713557124917,
      "h30/outcome_drop_state_mse": 0.009984052986361102,
      "h30/outcome_jam_episode_count": 3,
      "h30/outcome_jam_final_state_mse": 0.05013037507050957,
      "h30/outcome_jam_state_mse": 0.010324531131320529,
      "h30/outcome_miss_episode_count": 3,
      "h30/outcome_miss_final_state_mse": 0.04328328955407236,
      "h30/outcome_miss_state_mse": 0.010407089823471435,
      "h30/outcome_partial_episode_count": 3,
      "h30/outcome_partial_final_state_mse": 0.05151455620535059,
      "h30/outcome_partial_state_mse": 0.00993326058315036,
      "h30/outcome_success_episode_count": 3,
      "h30/outcome_success_final_state_mse": 0.051258829684039345,
      "h30/outcome_success_state_mse": 0.009874586134434786,
      "h30/state_mse": 0.010104703882421025,
      "h40/episode_count": 15,
      "h40/final_state_mse": 0.31693585963031046,
      "h40/outcome_drop_episode_count": 3,
      "h40/outcome_drop_final_state_mse": 0.28494852976082197,
      "h40/outcome_drop_state_mse": 0.04512514101913552,
      "h40/outcome_jam_episode_count": 3,
      "h40/outcome_jam_final_state_mse": 0.2986837976119098,
      "h40/outcome_jam_state_mse": 0.046019142125946245,
      "h40/outcome_miss_episode_count": 3,
      "h40/outcome_miss_final_state_mse": 0.40351510203741736,
      "h40/outcome_miss_state_mse": 0.054043033076267614,
      "h40/outcome_partial_episode_count": 3,
      "h40/outcome_partial_final_state_mse": 0.30098150602353163,
      "h40/outcome_partial_state_mse": 0.04603577501633588,
      "h40/outcome_success_episode_count": 3,
      "h40/outcome_success_final_state_mse": 0.2965502770118464,
      "h40/outcome_success_state_mse": 0.045515694649390925,
      "h40/state_mse": 0.047347755182802286,
      "h50/episode_count": 15,
      "h50/final_state_mse": 1.8741309870302287,
      "h50/outcome_drop_episode_count": 3,
      "h50/outcome_drop_final_state_mse": 1.8600635154574525,
      "h50/outcome_drop_state_mse": 0.22076183643216402,
      "h50/outcome_jam_episode_count": 3,
      "h50/outcome_jam_final_state_mse": 1.8626207588544859,
      "h50/outcome_jam_state_mse": 0.22109801248787275,
      "h50/outcome_miss_episode_count": 3,
      "h50/outcome_miss_final_state_mse": 2.063087263917611,
      "h50/outcome_miss_state_mse": 0.27173229741115196,
      "h50/outcome_partial_episode_count": 3,
      "h50/outcome_partial_final_state_mse": 1.8114377439411637,
      "h50/outcome_partial_state_mse": 0.2188497007282731,
      "h50/outcome_success_episode_count": 3,
      "h50/outcome_success_final_state_mse": 1.7734451543271932,
      "h50/outcome_success_state_mse": 0.21494899575227228,
      "h50/state_mse": 0.22947817095588235,
      "h75/episode_count": 15,
      "h75/final_state_mse": 0.3472338308695874,
      "h75/outcome_drop_episode_count": 3,
      "h75/outcome_drop_final_state_mse": 0.2797887621362225,
      "h75/outcome_drop_state_mse": 0.19812434044798474,
      "h75/outcome_jam_episode_count": 3,
      "h75/outcome_jam_final_state_mse": 0.3243684893340067,
      "h75/outcome_jam_state_mse": 0.19829983979268792,
      "h75/outcome_miss_episode_count": 3,
      "h75/outcome_miss_final_state_mse": 0.43668704562717015,
      "h75/outcome_miss_state_mse": 0.24590058636301743,
      "h75/outcome_partial_episode_count": 3,
      "h75/outcome_partial_final_state_mse": 0.3527928769978043,
      "h75/outcome_partial_state_mse": 0.19790263256995508,
      "h75/outcome_success_episode_count": 3,
      "h75/outcome_success_final_state_mse": 0.34253206440046724,
      "h75/outcome_success_state_mse": 0.19369725977413535,
      "h75/state_mse": 0.20678492647058824,
      "max_requested_horizon": 125,
      "reencode_period": 50,
      "rollout_mode": "periodic_50"
    }
  },
  "split": "test",
  "support_alignment": {
    "contact_phase": {
      "contact_phase_family_ari": 0.0,
      "contact_phase_family_nmi": 0.0,
      "contact_phase_family_purity": 0.9996668887408394,
      "contact_phase_sample_count": 3002.0,
      "h_contact_phase_given_family": 0.0030002889533867266,
      "h_family_given_contact_phase": 0.0,
      "unique_contact_phase_count": 2.0,
      "unique_family_count": 1.0
    },
    "contact_phase_alignment_available": true,
    "evaluated_state_count": 3017,
    "family_count": 1,
    "mean_family_similarity": 0.5742051601409912,
    "mean_support_size": 238.09380178985748,
    "outcome_alignment_available": true,
    "outcome_state": {
      "h_family_given_outcome": 0.0,
      "h_outcome_given_family": 1.6094379124341005,
      "outcome_family_ari": 0.0,
      "outcome_family_nmi": 0.0,
      "outcome_family_purity": 0.2,
      "outcome_sample_count": 15.0,
      "unique_family_count": 1.0,
      "unique_outcome_count": 5.0
    },
    "status": "ok",
    "unassigned_state_fraction": 0.0,
    "validation_state_count": 2346
  },
  "support_threshold": 0.2
}
{
  "best_periodic_rollout": {
    "episode_count": 15,
    "h10/episode_count": 15,
    "h10/final_state_mse": 0.0023083013646742877,
    "h10/outcome_drop_episode_count": 3,
    "h10/outcome_drop_final_state_mse": 0.001570098832541821,
    "h10/outcome_drop_state_mse": 0.0014592192336624744,
    "h10/outcome_jam_episode_count": 3,
    "h10/outcome_jam_final_state_mse": 0.0024238622022999656,
    "h10/outcome_jam_state_mse": 0.0018859036607679978,
    "h10/outcome_miss_episode_count": 3,
    "h10/outcome_miss_final_state_mse": 0.004418573640530405,
    "h10/outcome_miss_state_mse": 0.010180488598892113,
    "h10/outcome_partial_episode_count": 3,
    "h10/outcome_partial_final_state_mse": 0.0015596101194425345,
    "h10/outcome_partial_state_mse": 0.0013871559325386495,
    "h10/outcome_success_episode_count": 3,
    "h10/outcome_success_final_state_mse": 0.0015693624668261584,
    "h10/outcome_success_state_mse": 0.0013883183984195486,
    "h10/selected_mode": "periodic_10",
    "h10/selected_period": 10,
    "h10/state_mse": 0.0032602173051023797,
    "h100/episode_count": 15,
    "h100/final_state_mse": 0.0033451946732265497,
    "h100/outcome_drop_episode_count": 3,
    "h100/outcome_drop_final_state_mse": 0.0026320675327107797,
    "h100/outcome_drop_state_mse": 0.002044334972605986,
    "h100/outcome_jam_episode_count": 3,
    "h100/outcome_jam_final_state_mse": 0.004643098542503282,
    "h100/outcome_jam_state_mse": 0.0026927493600284354,
    "h100/outcome_miss_episode_count": 3,
    "h100/outcome_miss_final_state_mse": 0.004608841844243941,
    "h100/outcome_miss_state_mse": 0.003388473971996432,
    "h100/outcome_partial_episode_count": 3,
    "h100/outcome_partial_final_state_mse": 0.001809379511993695,
    "h100/outcome_partial_state_mse": 0.0017720756343766754,
    "h100/outcome_success_episode_count": 3,
    "h100/outcome_success_final_state_mse": 0.003032585106838762,
    "h100/outcome_success_state_mse": 0.0021214278850680084,
    "h100/selected_mode": "periodic_10",
    "h100/selected_period": 10,
    "h100/state_mse": 0.0024038123835146037,
    "h125/episode_count": 15,
    "h125/final_state_mse": 0.006521150800916884,
    "h125/outcome_drop_episode_count": 3,
    "h125/outcome_drop_final_state_mse": 0.005730669434164085,
    "h125/outcome_drop_state_mse": 0.002568280388327206,
    "h125/outcome_jam_episode_count": 3,
    "h125/outcome_jam_final_state_mse": 0.009883629194661682,
    "h125/outcome_jam_state_mse": 0.00352243770025914,
    "h125/outcome_miss_episode_count": 3,
    "h125/outcome_miss_final_state_mse": 0.008719582086295084,
    "h125/outcome_miss_state_mse": 0.003948570500791462,
    "h125/outcome_partial_episode_count": 3,
    "h125/outcome_partial_final_state_mse": 0.0018130476568259445,
    "h125/outcome_partial_state_mse": 0.001782148523268357,
    "h125/outcome_success_episode_count": 3,
    "h125/outcome_success_final_state_mse": 0.0064588234899869935,
    "h125/outcome_success_state_mse": 0.0026174972135257096,
    "h125/selected_mode": "periodic_10",
    "h125/selected_period": 10,
    "h125/state_mse": 0.002887786905126634,
    "h20/episode_count": 15,
    "h20/final_state_mse": 0.002034319148344152,
    "h20/outcome_drop_episode_count": 3,
    "h20/outcome_drop_final_state_mse": 0.0017885106792247373,
    "h20/outcome_drop_state_mse": 0.0016300119216146032,
    "h20/outcome_jam_episode_count": 3,
    "h20/outcome_jam_final_state_mse": 0.0020885735360625522,
    "h20/outcome_jam_state_mse": 0.001998707359912349,
    "h20/outcome_miss_episode_count": 3,
    "h20/outcome_miss_final_state_mse": 0.0028790843253042185,
    "h20/outcome_miss_state_mse": 0.007170734608095456,
    "h20/outcome_partial_episode_count": 3,
    "h20/outcome_partial_final_state_mse": 0.001678647777808258,
    "h20/outcome_partial_state_mse": 0.001537900831964281,
    "h20/outcome_success_episode_count": 3,
    "h20/outcome_success_final_state_mse": 0.001736779155489666,
    "h20/outcome_success_state_mse": 0.0015530637666290883,
    "h20/selected_mode": "periodic_10",
    "h20/selected_period": 10,
    "h20/state_mse": 0.0027780839508655024,
    "h30/episode_count": 15,
    "h30/final_state_mse": 0.0014723860360438528,
    "h30/outcome_drop_episode_count": 3,
    "h30/outcome_drop_final_state_mse": 0.0015703176507373261,
    "h30/outcome_drop_state_mse": 0.0016337564568114436,
    "h30/outcome_jam_episode_count": 3,
    "h30/outcome_jam_final_state_mse": 0.0015233254997558843,
    "h30/outcome_jam_state_mse": 0.0019566422194437264,
    "h30/outcome_miss_episode_count": 3,
    "h30/outcome_miss_final_state_mse": 0.0015142234711865194,
    "h30/outcome_miss_state_mse": 0.005407253589505463,
    "h30/outcome_partial_episode_count": 3,
    "h30/outcome_partial_final_state_mse": 0.001353294119920606,
    "h30/outcome_partial_state_mse": 0.0015305252116749749,
    "h30/outcome_success_episode_count": 3,
    "h30/outcome_success_final_state_mse": 0.0014007695847087437,
    "h30/outcome_success_state_mse": 0.001548383230737092,
    "h30/selected_mode": "periodic_10",
    "h30/selected_period": 10,
    "h30/state_mse": 0.002415312058525667,
    "h40/episode_count": 15,
    "h40/final_state_mse": 0.0015311091553931143,
    "h40/outcome_drop_episode_count": 3,
    "h40/outcome_drop_final_state_mse": 0.0015686813961057102,
    "h40/outcome_drop_state_mse": 0.0017245915200975205,
    "h40/outcome_jam_episode_count": 3,
    "h40/outcome_jam_final_state_mse": 0.0015428065279730005,
    "h40/outcome_jam_state_mse": 0.0019495144778606938,
    "h40/outcome_miss_episode_count": 3,
    "h40/outcome_miss_final_state_mse": 0.0016742088144121607,
    "h40/outcome_miss_state_mse": 0.004512716975866579,
    "h40/outcome_partial_episode_count": 3,
    "h40/outcome_partial_final_state_mse": 0.001391273454513425,
    "h40/outcome_partial_state_mse": 0.0015271776641895569,
    "h40/outcome_success_episode_count": 3,
    "h40/outcome_success_final_state_mse": 0.0014785759004892088,
    "h40/outcome_success_state_mse": 0.0015510835678748836,
    "h40/selected_mode": "periodic_10",
    "h40/selected_period": 10,
    "h40/state_mse": 0.0022530168022205626,
    "h50/episode_count": 15,
    "h50/final_state_mse": 0.001749723097857307,
    "h50/outcome_drop_episode_count": 3,
    "h50/outcome_drop_final_state_mse": 0.0014459732067740822,
    "h50/outcome_drop_state_mse": 0.0017791900136112388,
    "h50/outcome_jam_episode_count": 3,
    "h50/outcome_jam_final_state_mse": 0.002315064271291097,
    "h50/outcome_jam_state_mse": 0.0020722017101213043,
    "h50/outcome_miss_episode_count": 3,
    "h50/outcome_miss_final_state_mse": 0.0017231292048700494,
    "h50/outcome_miss_state_mse": 0.003999541538213592,
    "h50/outcome_partial_episode_count": 3,
    "h50/outcome_partial_final_state_mse": 0.0016122583324223562,
    "h50/outcome_partial_state_mse": 0.001622959648082459,
    "h50/outcome_success_episode_count": 3,
    "h50/outcome_success_final_state_mse": 0.0016521900113112007,
    "h50/outcome_success_state_mse": 0.0016513172785441082,
    "h50/selected_mode": "periodic_10",
    "h50/selected_period": 10,
    "h50/state_mse": 0.0022250420065487134,
    "h75/episode_count": 15,
    "h75/final_state_mse": 0.0034842684378031813,
    "h75/outcome_drop_episode_count": 3,
    "h75/outcome_drop_final_state_mse": 0.00257748611320078,
    "h75/outcome_drop_state_mse": 0.0018345244829431338,
    "h75/outcome_jam_episode_count": 3,
    "h75/outcome_jam_final_state_mse": 0.0036393123027545953,
    "h75/outcome_jam_state_mse": 0.0023088719070866737,
    "h75/outcome_miss_episode_count": 3,
    "h75/outcome_miss_final_state_mse": 0.004554601763588151,
    "h75/outcome_miss_state_mse": 0.003419998767329197,
    "h75/outcome_partial_episode_count": 3,
    "h75/outcome_partial_final_state_mse": 0.002947810550335965,
    "h75/outcome_partial_state_mse": 0.0017917410740405646,
    "h75/outcome_success_episode_count": 3,
    "h75/outcome_success_final_state_mse": 0.0037021298034518374,
    "h75/outcome_success_state_mse": 0.0018521765997726674,
    "h75/selected_mode": "periodic_10",
    "h75/selected_period": 10,
    "h75/state_mse": 0.002241462524680011,
    "max_requested_horizon": 125,
    "periodic_reencode_periods": [
      1,
      2,
      5,
      10,
      20,
      50,
      100
    ],
    "rollout_mode": "best_periodic"
  },
  "checkpoint": "runs/maniskill_insertion/perturbation_e20_5k_lista_refine_20260604_143125/lista_relu_a0p02_sp3em4_loops3/seed0/checkpoint.pt",
  "checkpoint_step": 2500,
  "dataset": "data/maniskill/perturbation_assessment_seed0_e20/all_setups.npz",
  "device": "cuda",
  "family_jaccard": 0.4,
  "horizons": [
    10,
    20,
    30,
    40,
    50,
    75,
    100,
    125
  ],
  "labels_used_for_training": false,
  "periodic_reencode_periods": [
    1,
    2,
    5,
    10,
    20,
    50,
    100
  ],
  "rollout": {
    "episode_count": 15,
    "h10/episode_count": 15,
    "h10/final_state_mse": 0.0023083024554782445,
    "h10/outcome_drop_episode_count": 3,
    "h10/outcome_drop_final_state_mse": 0.001570099514294294,
    "h10/outcome_drop_state_mse": 0.0014592193115770427,
    "h10/outcome_jam_episode_count": 3,
    "h10/outcome_jam_final_state_mse": 0.002423864588433621,
    "h10/outcome_jam_state_mse": 0.0018859037776398503,
    "h10/outcome_miss_episode_count": 3,
    "h10/outcome_miss_final_state_mse": 0.004418575491001404,
    "h10/outcome_miss_state_mse": 0.010180488598892113,
    "h10/outcome_partial_episode_count": 3,
    "h10/outcome_partial_final_state_mse": 0.001559610411622166,
    "h10/outcome_partial_state_mse": 0.0013871561078464285,
    "h10/outcome_success_episode_count": 3,
    "h10/outcome_success_final_state_mse": 0.0015693629294439078,
    "h10/outcome_success_state_mse": 0.0013883183010263381,
    "h10/state_mse": 0.0032602173051023797,
    "h100/episode_count": 15,
    "h100/final_state_mse": 167222.3267973856,
    "h100/outcome_drop_episode_count": 3,
    "h100/outcome_drop_final_state_mse": 175053.3533496732,
    "h100/outcome_drop_state_mse": 7882.372287581699,
    "h100/outcome_jam_episode_count": 3,
    "h100/outcome_jam_final_state_mse": 187435.01879084966,
    "h100/outcome_jam_state_mse": 8418.254133986928,
    "h100/outcome_miss_episode_count": 3,
    "h100/outcome_miss_final_state_mse": 91583.79575163398,
    "h100/outcome_miss_state_mse": 4390.976045751634,
    "h100/outcome_partial_episode_count": 3,
    "h100/outcome_partial_final_state_mse": 192540.05678104574,
    "h100/outcome_partial_state_mse": 8692.556576797386,
    "h100/outcome_success_episode_count": 3,
    "h100/outcome_success_final_state_mse": 189499.45629084966,
    "h100/outcome_success_state_mse": 8534.31670751634,
    "h100/state_mse": 7583.695477124183,
    "h125/episode_count": 15,
    "h125/final_state_mse": 78498662.06535947,
    "h125/outcome_drop_episode_count": 3,
    "h125/outcome_drop_final_state_mse": 88236577.35947712,
    "h125/outcome_drop_state_mse": 3264662.9262222224,
    "h125/outcome_jam_episode_count": 3,
    "h125/outcome_jam_final_state_mse": 93710432.31372549,
    "h125/outcome_jam_state_mse": 3478228.7744836602,
    "h125/outcome_miss_episode_count": 3,
    "h125/outcome_miss_final_state_mse": 24210631.529411763,
    "h125/outcome_miss_state_mse": 996648.6521307189,
    "h125/outcome_partial_episode_count": 3,
    "h125/outcome_partial_final_state_mse": 93084659.86928104,
    "h125/outcome_partial_state_mse": 3462866.5692026145,
    "h125/outcome_success_episode_count": 3,
    "h125/outcome_success_final_state_mse": 93251027.13725491,
    "h125/outcome_success_state_mse": 3458370.359215686,
    "h125/state_mse": 2932155.3424732024,
    "h20/episode_count": 15,
    "h20/final_state_mse": 0.008057575599820005,
    "h20/outcome_drop_episode_count": 3,
    "h20/outcome_drop_final_state_mse": 0.00852088308801838,
    "h20/outcome_drop_state_mse": 0.002853647088692858,
    "h20/outcome_jam_episode_count": 3,
    "h20/outcome_jam_final_state_mse": 0.008974976009792753,
    "h20/outcome_jam_state_mse": 0.0032380542723961124,
    "h20/outcome_miss_episode_count": 3,
    "h20/outcome_miss_final_state_mse": 0.005915838908525853,
    "h20/outcome_miss_state_mse": 0.007186089309991575,
    "h20/outcome_partial_episode_count": 3,
    "h20/outcome_partial_final_state_mse": 0.00841277428701812,
    "h20/outcome_partial_state_mse": 0.0027545627425698675,
    "h20/outcome_success_episode_count": 3,
    "h20/outcome_success_final_state_mse": 0.008463403368307873,
    "h20/outcome_success_state_mse": 0.0027498733763601266,
    "h20/state_mse": 0.0037564453424191943,
    "h30/episode_count": 15,
    "h30/final_state_mse": 0.04911576813342525,
    "h30/outcome_drop_episode_count": 3,
    "h30/outcome_drop_final_state_mse": 0.04921213162490745,
    "h30/outcome_drop_state_mse": 0.010366113201465481,
    "h30/outcome_jam_episode_count": 3,
    "h30/outcome_jam_final_state_mse": 0.05014117558797201,
    "h30/outcome_jam_state_mse": 0.010853652704774943,
    "h30/outcome_miss_episode_count": 3,
    "h30/outcome_miss_final_state_mse": 0.045512560925452535,
    "h30/outcome_miss_state_mse": 0.011565047827161735,
    "h30/outcome_partial_episode_count": 3,
    "h30/outcome_partial_final_state_mse": 0.050493352553423715,
    "h30/outcome_partial_state_mse": 0.010354505177416833,
    "h30/outcome_success_episode_count": 3,
    "h30/outcome_success_final_state_mse": 0.050219620754516206,
    "h30/outcome_success_state_mse": 0.01028147200873215,
    "h30/state_mse": 0.010684158890335648,
    "h40/episode_count": 15,
    "h40/final_state_mse": 0.30713401245915034,
    "h40/outcome_drop_episode_count": 3,
    "h40/outcome_drop_final_state_mse": 0.25482094209957745,
    "h40/outcome_drop_state_mse": 0.041459334753697216,
    "h40/outcome_jam_episode_count": 3,
    "h40/outcome_jam_final_state_mse": 0.28276771657607136,
    "h40/outcome_jam_state_mse": 0.04402915667864232,
    "h40/outcome_miss_episode_count": 3,
    "h40/outcome_miss_final_state_mse": 0.4457949064915476,
    "h40/outcome_miss_state_mse": 0.05892026564654182,
    "h40/outcome_partial_episode_count": 3,
    "h40/outcome_partial_final_state_mse": 0.2782882740295011,
    "h40/outcome_partial_state_mse": 0.043251259498346864,
    "h40/outcome_success_episode_count": 3,
    "h40/outcome_success_final_state_mse": 0.27399827608096056,
    "h40/outcome_success_state_mse": 0.042694000792659184,
    "h40/state_mse": 0.04607080397263072,
    "h50/episode_count": 15,
    "h50/final_state_mse": 2.05418150658701,
    "h50/outcome_drop_episode_count": 3,
    "h50/outcome_drop_final_state_mse": 1.9067948534597758,
    "h50/outcome_drop_state_mse": 0.21438467387280433,
    "h50/outcome_jam_episode_count": 3,
    "h50/outcome_jam_final_state_mse": 2.005182577893625,
    "h50/outcome_jam_state_mse": 0.22567968829784518,
    "h50/outcome_miss_episode_count": 3,
    "h50/outcome_miss_final_state_mse": 2.6491164911806195,
    "h50/outcome_miss_state_mse": 0.3240045445261438,
    "h50/outcome_partial_episode_count": 3,
    "h50/outcome_partial_final_state_mse": 1.8716555327371833,
    "h50/outcome_partial_state_mse": 0.21591900195950775,
    "h50/outcome_success_episode_count": 3,
    "h50/outcome_success_final_state_mse": 1.838158164928162,
    "h50/outcome_success_state_mse": 0.2124295383029514,
    "h50/state_mse": 0.23848350694444445,
    "h75/episode_count": 15,
    "h75/final_state_mse": 406.96352124183005,
    "h75/outcome_drop_episode_count": 3,
    "h75/outcome_drop_final_state_mse": 409.5975980073019,
    "h75/outcome_drop_state_mse": 26.279796304806645,
    "h75/outcome_jam_episode_count": 3,
    "h75/outcome_jam_final_state_mse": 432.7852120991626,
    "h75/outcome_jam_state_mse": 27.84226928444989,
    "h75/outcome_miss_episode_count": 3,
    "h75/outcome_miss_final_state_mse": 286.0671418632557,
    "h75/outcome_miss_state_mse": 20.40011531522331,
    "h75/outcome_partial_episode_count": 3,
    "h75/outcome_partial_final_state_mse": 460.5276150173611,
    "h75/outcome_partial_state_mse": 29.349578695193355,
    "h75/outcome_success_episode_count": 3,
    "h75/outcome_success_final_state_mse": 445.8398513295292,
    "h75/outcome_success_state_mse": 28.373622472426472,
    "h75/state_mse": 26.44907843137255,
    "max_requested_horizon": 125,
    "reencode_period": null,
    "rollout_mode": "no_reencode"
  },
  "rollout_modes": {
    "no_reencode": {
      "episode_count": 15,
      "h10/episode_count": 15,
      "h10/final_state_mse": 0.0023083024554782445,
      "h10/outcome_drop_episode_count": 3,
      "h10/outcome_drop_final_state_mse": 0.001570099514294294,
      "h10/outcome_drop_state_mse": 0.0014592193115770427,
      "h10/outcome_jam_episode_count": 3,
      "h10/outcome_jam_final_state_mse": 0.002423864588433621,
      "h10/outcome_jam_state_mse": 0.0018859037776398503,
      "h10/outcome_miss_episode_count": 3,
      "h10/outcome_miss_final_state_mse": 0.004418575491001404,
      "h10/outcome_miss_state_mse": 0.010180488598892113,
      "h10/outcome_partial_episode_count": 3,
      "h10/outcome_partial_final_state_mse": 0.001559610411622166,
      "h10/outcome_partial_state_mse": 0.0013871561078464285,
      "h10/outcome_success_episode_count": 3,
      "h10/outcome_success_final_state_mse": 0.0015693629294439078,
      "h10/outcome_success_state_mse": 0.0013883183010263381,
      "h10/state_mse": 0.0032602173051023797,
      "h100/episode_count": 15,
      "h100/final_state_mse": 167222.3267973856,
      "h100/outcome_drop_episode_count": 3,
      "h100/outcome_drop_final_state_mse": 175053.3533496732,
      "h100/outcome_drop_state_mse": 7882.372287581699,
      "h100/outcome_jam_episode_count": 3,
      "h100/outcome_jam_final_state_mse": 187435.01879084966,
      "h100/outcome_jam_state_mse": 8418.254133986928,
      "h100/outcome_miss_episode_count": 3,
      "h100/outcome_miss_final_state_mse": 91583.79575163398,
      "h100/outcome_miss_state_mse": 4390.976045751634,
      "h100/outcome_partial_episode_count": 3,
      "h100/outcome_partial_final_state_mse": 192540.05678104574,
      "h100/outcome_partial_state_mse": 8692.556576797386,
      "h100/outcome_success_episode_count": 3,
      "h100/outcome_success_final_state_mse": 189499.45629084966,
      "h100/outcome_success_state_mse": 8534.31670751634,
      "h100/state_mse": 7583.695477124183,
      "h125/episode_count": 15,
      "h125/final_state_mse": 78498662.06535947,
      "h125/outcome_drop_episode_count": 3,
      "h125/outcome_drop_final_state_mse": 88236577.35947712,
      "h125/outcome_drop_state_mse": 3264662.9262222224,
      "h125/outcome_jam_episode_count": 3,
      "h125/outcome_jam_final_state_mse": 93710432.31372549,
      "h125/outcome_jam_state_mse": 3478228.7744836602,
      "h125/outcome_miss_episode_count": 3,
      "h125/outcome_miss_final_state_mse": 24210631.529411763,
      "h125/outcome_miss_state_mse": 996648.6521307189,
      "h125/outcome_partial_episode_count": 3,
      "h125/outcome_partial_final_state_mse": 93084659.86928104,
      "h125/outcome_partial_state_mse": 3462866.5692026145,
      "h125/outcome_success_episode_count": 3,
      "h125/outcome_success_final_state_mse": 93251027.13725491,
      "h125/outcome_success_state_mse": 3458370.359215686,
      "h125/state_mse": 2932155.3424732024,
      "h20/episode_count": 15,
      "h20/final_state_mse": 0.008057575599820005,
      "h20/outcome_drop_episode_count": 3,
      "h20/outcome_drop_final_state_mse": 0.00852088308801838,
      "h20/outcome_drop_state_mse": 0.002853647088692858,
      "h20/outcome_jam_episode_count": 3,
      "h20/outcome_jam_final_state_mse": 0.008974976009792753,
      "h20/outcome_jam_state_mse": 0.0032380542723961124,
      "h20/outcome_miss_episode_count": 3,
      "h20/outcome_miss_final_state_mse": 0.005915838908525853,
      "h20/outcome_miss_state_mse": 0.007186089309991575,
      "h20/outcome_partial_episode_count": 3,
      "h20/outcome_partial_final_state_mse": 0.00841277428701812,
      "h20/outcome_partial_state_mse": 0.0027545627425698675,
      "h20/outcome_success_episode_count": 3,
      "h20/outcome_success_final_state_mse": 0.008463403368307873,
      "h20/outcome_success_state_mse": 0.0027498733763601266,
      "h20/state_mse": 0.0037564453424191943,
      "h30/episode_count": 15,
      "h30/final_state_mse": 0.04911576813342525,
      "h30/outcome_drop_episode_count": 3,
      "h30/outcome_drop_final_state_mse": 0.04921213162490745,
      "h30/outcome_drop_state_mse": 0.010366113201465481,
      "h30/outcome_jam_episode_count": 3,
      "h30/outcome_jam_final_state_mse": 0.05014117558797201,
      "h30/outcome_jam_state_mse": 0.010853652704774943,
      "h30/outcome_miss_episode_count": 3,
      "h30/outcome_miss_final_state_mse": 0.045512560925452535,
      "h30/outcome_miss_state_mse": 0.011565047827161735,
      "h30/outcome_partial_episode_count": 3,
      "h30/outcome_partial_final_state_mse": 0.050493352553423715,
      "h30/outcome_partial_state_mse": 0.010354505177416833,
      "h30/outcome_success_episode_count": 3,
      "h30/outcome_success_final_state_mse": 0.050219620754516206,
      "h30/outcome_success_state_mse": 0.01028147200873215,
      "h30/state_mse": 0.010684158890335648,
      "h40/episode_count": 15,
      "h40/final_state_mse": 0.30713401245915034,
      "h40/outcome_drop_episode_count": 3,
      "h40/outcome_drop_final_state_mse": 0.25482094209957745,
      "h40/outcome_drop_state_mse": 0.041459334753697216,
      "h40/outcome_jam_episode_count": 3,
      "h40/outcome_jam_final_state_mse": 0.28276771657607136,
      "h40/outcome_jam_state_mse": 0.04402915667864232,
      "h40/outcome_miss_episode_count": 3,
      "h40/outcome_miss_final_state_mse": 0.4457949064915476,
      "h40/outcome_miss_state_mse": 0.05892026564654182,
      "h40/outcome_partial_episode_count": 3,
      "h40/outcome_partial_final_state_mse": 0.2782882740295011,
      "h40/outcome_partial_state_mse": 0.043251259498346864,
      "h40/outcome_success_episode_count": 3,
      "h40/outcome_success_final_state_mse": 0.27399827608096056,
      "h40/outcome_success_state_mse": 0.042694000792659184,
      "h40/state_mse": 0.04607080397263072,
      "h50/episode_count": 15,
      "h50/final_state_mse": 2.05418150658701,
      "h50/outcome_drop_episode_count": 3,
      "h50/outcome_drop_final_state_mse": 1.9067948534597758,
      "h50/outcome_drop_state_mse": 0.21438467387280433,
      "h50/outcome_jam_episode_count": 3,
      "h50/outcome_jam_final_state_mse": 2.005182577893625,
      "h50/outcome_jam_state_mse": 0.22567968829784518,
      "h50/outcome_miss_episode_count": 3,
      "h50/outcome_miss_final_state_mse": 2.6491164911806195,
      "h50/outcome_miss_state_mse": 0.3240045445261438,
      "h50/outcome_partial_episode_count": 3,
      "h50/outcome_partial_final_state_mse": 1.8716555327371833,
      "h50/outcome_partial_state_mse": 0.21591900195950775,
      "h50/outcome_success_episode_count": 3,
      "h50/outcome_success_final_state_mse": 1.838158164928162,
      "h50/outcome_success_state_mse": 0.2124295383029514,
      "h50/state_mse": 0.23848350694444445,
      "h75/episode_count": 15,
      "h75/final_state_mse": 406.96352124183005,
      "h75/outcome_drop_episode_count": 3,
      "h75/outcome_drop_final_state_mse": 409.5975980073019,
      "h75/outcome_drop_state_mse": 26.279796304806645,
      "h75/outcome_jam_episode_count": 3,
      "h75/outcome_jam_final_state_mse": 432.7852120991626,
      "h75/outcome_jam_state_mse": 27.84226928444989,
      "h75/outcome_miss_episode_count": 3,
      "h75/outcome_miss_final_state_mse": 286.0671418632557,
      "h75/outcome_miss_state_mse": 20.40011531522331,
      "h75/outcome_partial_episode_count": 3,
      "h75/outcome_partial_final_state_mse": 460.5276150173611,
      "h75/outcome_partial_state_mse": 29.349578695193355,
      "h75/outcome_success_episode_count": 3,
      "h75/outcome_success_final_state_mse": 445.8398513295292,
      "h75/outcome_success_state_mse": 28.373622472426472,
      "h75/state_mse": 26.44907843137255,
      "max_requested_horizon": 125,
      "reencode_period": null,
      "rollout_mode": "no_reencode"
    },
    "periodic_1": {
      "episode_count": 15,
      "h10/episode_count": 15,
      "h10/final_state_mse": 0.0031056360481611263,
      "h10/outcome_drop_episode_count": 3,
      "h10/outcome_drop_final_state_mse": 0.0024065538948657467,
      "h10/outcome_drop_state_mse": 0.0025718060194277297,
      "h10/outcome_jam_episode_count": 3,
      "h10/outcome_jam_final_state_mse": 0.0027371160929499107,
      "h10/outcome_jam_state_mse": 0.00285695596458086,
      "h10/outcome_miss_episode_count": 3,
      "h10/outcome_miss_final_state_mse": 0.005942995057386511,
      "h10/outcome_miss_state_mse": 0.010433855555415933,
      "h10/outcome_partial_episode_count": 3,
      "h10/outcome_partial_final_state_mse": 0.0022178574227819255,
      "h10/outcome_partial_state_mse": 0.002466688124962102,
      "h10/outcome_success_episode_count": 3,
      "h10/outcome_success_final_state_mse": 0.002223656409316593,
      "h10/outcome_success_state_mse": 0.0024811704174365875,
      "h10/state_mse": 0.0041620950137867645,
      "h100/episode_count": 15,
      "h100/final_state_mse": 0.006665166219075521,
      "h100/outcome_drop_episode_count": 3,
      "h100/outcome_drop_final_state_mse": 0.01081269550946803,
      "h100/outcome_drop_state_mse": 0.01044164383333493,
      "h100/outcome_jam_episode_count": 3,
      "h100/outcome_jam_final_state_mse": 0.007020227172795464,
      "h100/outcome_jam_state_mse": 0.0076098812327665445,
      "h100/outcome_miss_episode_count": 3,
      "h100/outcome_miss_final_state_mse": 0.006281493146435108,
      "h100/outcome_miss_state_mse": 0.0061218461180044936,
      "h100/outcome_partial_episode_count": 3,
      "h100/outcome_partial_final_state_mse": 0.003121330895844628,
      "h100/outcome_partial_state_mse": 0.006672901328093086,
      "h100/outcome_success_episode_count": 3,
      "h100/outcome_success_final_state_mse": 0.006090086172608768,
      "h100/outcome_success_state_mse": 0.007134110818501392,
      "h100/state_mse": 0.007596075718698938,
      "h125/episode_count": 15,
      "h125/final_state_mse": 0.008869866763844209,
      "h125/outcome_drop_episode_count": 3,
      "h125/outcome_drop_final_state_mse": 0.01395135007652582,
      "h125/outcome_drop_state_mse": 0.011124127157373365,
      "h125/outcome_jam_episode_count": 3,
      "h125/outcome_jam_final_state_mse": 0.010506431261698404,
      "h125/outcome_jam_state_mse": 0.008118807325176164,
      "h125/outcome_miss_episode_count": 3,
      "h125/outcome_miss_final_state_mse": 0.008689484954659456,
      "h125/outcome_miss_state_mse": 0.006318947586358762,
      "h125/outcome_partial_episode_count": 3,
      "h125/outcome_partial_final_state_mse": 0.004422954679314607,
      "h125/outcome_partial_state_mse": 0.0060753803128510515,
      "h125/outcome_success_episode_count": 3,
      "h125/outcome_success_final_state_mse": 0.006779111678304236,
      "h125/outcome_success_state_mse": 0.00694310027477788,
      "h125/state_mse": 0.007716072431576798,
      "h20/episode_count": 15,
      "h20/final_state_mse": 0.0034450524772693908,
      "h20/outcome_drop_episode_count": 3,
      "h20/outcome_drop_final_state_mse": 0.0028770822130776696,
      "h20/outcome_drop_state_mse": 0.0024096261831670026,
      "h20/outcome_jam_episode_count": 3,
      "h20/outcome_jam_final_state_mse": 0.0022389724899351208,
      "h20/outcome_jam_state_mse": 0.0026810823702344707,
      "h20/outcome_miss_episode_count": 3,
      "h20/outcome_miss_final_state_mse": 0.006972545015266518,
      "h20/outcome_miss_state_mse": 0.008687866435331457,
      "h20/outcome_partial_episode_count": 3,
      "h20/outcome_partial_final_state_mse": 0.002599183810886994,
      "h20/outcome_partial_state_mse": 0.00230625513332342,
      "h20/outcome_success_episode_count": 3,
      "h20/outcome_success_final_state_mse": 0.0025374783702145996,
      "h20/outcome_success_state_mse": 0.002314533088721481,
      "h20/state_mse": 0.003679872899273642,
      "h30/episode_count": 15,
      "h30/final_state_mse": 0.0034415375952627143,
      "h30/outcome_drop_episode_count": 3,
      "h30/outcome_drop_final_state_mse": 0.003277469548135022,
      "h30/outcome_drop_state_mse": 0.002626670367837212,
      "h30/outcome_jam_episode_count": 3,
      "h30/outcome_jam_final_state_mse": 0.003400680432522219,
      "h30/outcome_jam_state_mse": 0.002889278147994563,
      "h30/outcome_miss_episode_count": 3,
      "h30/outcome_miss_final_state_mse": 0.00431547172708449,
      "h30/outcome_miss_state_mse": 0.0075812742860748355,
      "h30/outcome_partial_episode_count": 3,
      "h30/outcome_partial_final_state_mse": 0.003075338705302843,
      "h30/outcome_partial_state_mse": 0.0025171423789462754,
      "h30/outcome_success_episode_count": 3,
      "h30/outcome_success_final_state_mse": 0.0031387274658757876,
      "h30/outcome_success_state_mse": 0.0025249704556267764,
      "h30/state_mse": 0.003627867189627587,
      "h40/episode_count": 15,
      "h40/final_state_mse": 0.005181063234416488,
      "h40/outcome_drop_episode_count": 3,
      "h40/outcome_drop_final_state_mse": 0.005251775185267131,
      "h40/outcome_drop_state_mse": 0.003033812295377644,
      "h40/outcome_jam_episode_count": 3,
      "h40/outcome_jam_final_state_mse": 0.00564443100901211,
      "h40/outcome_jam_state_mse": 0.0032239656822354184,
      "h40/outcome_miss_episode_count": 3,
      "h40/outcome_miss_final_state_mse": 0.00354237757087533,
      "h40/outcome_miss_state_mse": 0.00664414580351387,
      "h40/outcome_partial_episode_count": 3,
      "h40/outcome_partial_final_state_mse": 0.005705134249201008,
      "h40/outcome_partial_state_mse": 0.002880088527218189,
      "h40/outcome_success_episode_count": 3,
      "h40/outcome_success_final_state_mse": 0.005761599618625018,
      "h40/outcome_success_state_mse": 0.002885967259313546,
      "h40/state_mse": 0.0037335955551247193,
      "h50/episode_count": 15,
      "h50/final_state_mse": 0.012413685617883221,
      "h50/outcome_drop_episode_count": 3,
      "h50/outcome_drop_final_state_mse": 0.014027696516778734,
      "h50/outcome_drop_state_mse": 0.00433753643160552,
      "h50/outcome_jam_episode_count": 3,
      "h50/outcome_jam_final_state_mse": 0.013920790034961076,
      "h50/outcome_jam_state_mse": 0.004798768361409505,
      "h50/outcome_miss_episode_count": 3,
      "h50/outcome_miss_final_state_mse": 0.0029346024240154067,
      "h50/outcome_miss_state_mse": 0.00593576817730673,
      "h50/outcome_partial_episode_count": 3,
      "h50/outcome_partial_final_state_mse": 0.015605877524887036,
      "h50/outcome_partial_state_mse": 0.0044200978247947945,
      "h50/outcome_success_episode_count": 3,
      "h50/outcome_success_final_state_mse": 0.01557945961656134,
      "h50/outcome_success_state_mse": 0.0044258991565579685,
      "h50/state_mse": 0.004783614015267565,
      "h75/episode_count": 15,
      "h75/final_state_mse": 0.01127584619459763,
      "h75/outcome_drop_episode_count": 3,
      "h75/outcome_drop_final_state_mse": 0.022742876722142587,
      "h75/outcome_drop_state_mse": 0.009264421733116533,
      "h75/outcome_jam_episode_count": 3,
      "h75/outcome_jam_final_state_mse": 0.008269140533372467,
      "h75/outcome_jam_state_mse": 0.0080880757250817,
      "h75/outcome_miss_episode_count": 3,
      "h75/outcome_miss_final_state_mse": 0.010980140636948979,
      "h75/outcome_miss_state_mse": 0.005782809288673151,
      "h75/outcome_partial_episode_count": 3,
      "h75/outcome_partial_final_state_mse": 0.006094714784933851,
      "h75/outcome_partial_state_mse": 0.007735563290664573,
      "h75/outcome_success_episode_count": 3,
      "h75/outcome_success_final_state_mse": 0.008292357906017428,
      "h75/outcome_success_state_mse": 0.007766129071935849,
      "h75/state_mse": 0.007727399705541939,
      "max_requested_horizon": 125,
      "reencode_period": 1,
      "rollout_mode": "periodic_1"
    },
    "periodic_10": {
      "episode_count": 15,
      "h10/episode_count": 15,
      "h10/final_state_mse": 0.0023083013646742877,
      "h10/outcome_drop_episode_count": 3,
      "h10/outcome_drop_final_state_mse": 0.001570098832541821,
      "h10/outcome_drop_state_mse": 0.0014592192336624744,
      "h10/outcome_jam_episode_count": 3,
      "h10/outcome_jam_final_state_mse": 0.0024238622022999656,
      "h10/outcome_jam_state_mse": 0.0018859036607679978,
      "h10/outcome_miss_episode_count": 3,
      "h10/outcome_miss_final_state_mse": 0.004418573640530405,
      "h10/outcome_miss_state_mse": 0.010180488598892113,
      "h10/outcome_partial_episode_count": 3,
      "h10/outcome_partial_final_state_mse": 0.0015596101194425345,
      "h10/outcome_partial_state_mse": 0.0013871559325386495,
      "h10/outcome_success_episode_count": 3,
      "h10/outcome_success_final_state_mse": 0.0015693624668261584,
      "h10/outcome_success_state_mse": 0.0013883183984195486,
      "h10/state_mse": 0.0032602173051023797,
      "h100/episode_count": 15,
      "h100/final_state_mse": 0.0033451946732265497,
      "h100/outcome_drop_episode_count": 3,
      "h100/outcome_drop_final_state_mse": 0.0026320675327107797,
      "h100/outcome_drop_state_mse": 0.002044334972605986,
      "h100/outcome_jam_episode_count": 3,
      "h100/outcome_jam_final_state_mse": 0.004643098542503282,
      "h100/outcome_jam_state_mse": 0.0026927493600284354,
      "h100/outcome_miss_episode_count": 3,
      "h100/outcome_miss_final_state_mse": 0.004608841844243941,
      "h100/outcome_miss_state_mse": 0.003388473971996432,
      "h100/outcome_partial_episode_count": 3,
      "h100/outcome_partial_final_state_mse": 0.001809379511993695,
      "h100/outcome_partial_state_mse": 0.0017720756343766754,
      "h100/outcome_success_episode_count": 3,
      "h100/outcome_success_final_state_mse": 0.003032585106838762,
      "h100/outcome_success_state_mse": 0.0021214278850680084,
      "h100/state_mse": 0.0024038123835146037,
      "h125/episode_count": 15,
      "h125/final_state_mse": 0.006521150800916884,
      "h125/outcome_drop_episode_count": 3,
      "h125/outcome_drop_final_state_mse": 0.005730669434164085,
      "h125/outcome_drop_state_mse": 0.002568280388327206,
      "h125/outcome_jam_episode_count": 3,
      "h125/outcome_jam_final_state_mse": 0.009883629194661682,
      "h125/outcome_jam_state_mse": 0.00352243770025914,
      "h125/outcome_miss_episode_count": 3,
      "h125/outcome_miss_final_state_mse": 0.008719582086295084,
      "h125/outcome_miss_state_mse": 0.003948570500791462,
      "h125/outcome_partial_episode_count": 3,
      "h125/outcome_partial_final_state_mse": 0.0018130476568259445,
      "h125/outcome_partial_state_mse": 0.001782148523268357,
      "h125/outcome_success_episode_count": 3,
      "h125/outcome_success_final_state_mse": 0.0064588234899869935,
      "h125/outcome_success_state_mse": 0.0026174972135257096,
      "h125/state_mse": 0.002887786905126634,
      "h20/episode_count": 15,
      "h20/final_state_mse": 0.002034319148344152,
      "h20/outcome_drop_episode_count": 3,
      "h20/outcome_drop_final_state_mse": 0.0017885106792247373,
      "h20/outcome_drop_state_mse": 0.0016300119216146032,
      "h20/outcome_jam_episode_count": 3,
      "h20/outcome_jam_final_state_mse": 0.0020885735360625522,
      "h20/outcome_jam_state_mse": 0.001998707359912349,
      "h20/outcome_miss_episode_count": 3,
      "h20/outcome_miss_final_state_mse": 0.0028790843253042185,
      "h20/outcome_miss_state_mse": 0.007170734608095456,
      "h20/outcome_partial_episode_count": 3,
      "h20/outcome_partial_final_state_mse": 0.001678647777808258,
      "h20/outcome_partial_state_mse": 0.001537900831964281,
      "h20/outcome_success_episode_count": 3,
      "h20/outcome_success_final_state_mse": 0.001736779155489666,
      "h20/outcome_success_state_mse": 0.0015530637666290883,
      "h20/state_mse": 0.0027780839508655024,
      "h30/episode_count": 15,
      "h30/final_state_mse": 0.0014723860360438528,
      "h30/outcome_drop_episode_count": 3,
      "h30/outcome_drop_final_state_mse": 0.0015703176507373261,
      "h30/outcome_drop_state_mse": 0.0016337564568114436,
      "h30/outcome_jam_episode_count": 3,
      "h30/outcome_jam_final_state_mse": 0.0015233254997558843,
      "h30/outcome_jam_state_mse": 0.0019566422194437264,
      "h30/outcome_miss_episode_count": 3,
      "h30/outcome_miss_final_state_mse": 0.0015142234711865194,
      "h30/outcome_miss_state_mse": 0.005407253589505463,
      "h30/outcome_partial_episode_count": 3,
      "h30/outcome_partial_final_state_mse": 0.001353294119920606,
      "h30/outcome_partial_state_mse": 0.0015305252116749749,
      "h30/outcome_success_episode_count": 3,
      "h30/outcome_success_final_state_mse": 0.0014007695847087437,
      "h30/outcome_success_state_mse": 0.001548383230737092,
      "h30/state_mse": 0.002415312058525667,
      "h40/episode_count": 15,
      "h40/final_state_mse": 0.0015311091553931143,
      "h40/outcome_drop_episode_count": 3,
      "h40/outcome_drop_final_state_mse": 0.0015686813961057102,
      "h40/outcome_drop_state_mse": 0.0017245915200975205,
      "h40/outcome_jam_episode_count": 3,
      "h40/outcome_jam_final_state_mse": 0.0015428065279730005,
      "h40/outcome_jam_state_mse": 0.0019495144778606938,
      "h40/outcome_miss_episode_count": 3,
      "h40/outcome_miss_final_state_mse": 0.0016742088144121607,
      "h40/outcome_miss_state_mse": 0.004512716975866579,
      "h40/outcome_partial_episode_count": 3,
      "h40/outcome_partial_final_state_mse": 0.001391273454513425,
      "h40/outcome_partial_state_mse": 0.0015271776641895569,
      "h40/outcome_success_episode_count": 3,
      "h40/outcome_success_final_state_mse": 0.0014785759004892088,
      "h40/outcome_success_state_mse": 0.0015510835678748836,
      "h40/state_mse": 0.0022530168022205626,
      "h50/episode_count": 15,
      "h50/final_state_mse": 0.001749723097857307,
      "h50/outcome_drop_episode_count": 3,
      "h50/outcome_drop_final_state_mse": 0.0014459732067740822,
      "h50/outcome_drop_state_mse": 0.0017791900136112388,
      "h50/outcome_jam_episode_count": 3,
      "h50/outcome_jam_final_state_mse": 0.002315064271291097,
      "h50/outcome_jam_state_mse": 0.0020722017101213043,
      "h50/outcome_miss_episode_count": 3,
      "h50/outcome_miss_final_state_mse": 0.0017231292048700494,
      "h50/outcome_miss_state_mse": 0.003999541538213592,
      "h50/outcome_partial_episode_count": 3,
      "h50/outcome_partial_final_state_mse": 0.0016122583324223562,
      "h50/outcome_partial_state_mse": 0.001622959648082459,
      "h50/outcome_success_episode_count": 3,
      "h50/outcome_success_final_state_mse": 0.0016521900113112007,
      "h50/outcome_success_state_mse": 0.0016513172785441082,
      "h50/state_mse": 0.0022250420065487134,
      "h75/episode_count": 15,
      "h75/final_state_mse": 0.0034842684378031813,
      "h75/outcome_drop_episode_count": 3,
      "h75/outcome_drop_final_state_mse": 0.00257748611320078,
      "h75/outcome_drop_state_mse": 0.0018345244829431338,
      "h75/outcome_jam_episode_count": 3,
      "h75/outcome_jam_final_state_mse": 0.0036393123027545953,
      "h75/outcome_jam_state_mse": 0.0023088719070866737,
      "h75/outcome_miss_episode_count": 3,
      "h75/outcome_miss_final_state_mse": 0.004554601763588151,
      "h75/outcome_miss_state_mse": 0.003419998767329197,
      "h75/outcome_partial_episode_count": 3,
      "h75/outcome_partial_final_state_mse": 0.002947810550335965,
      "h75/outcome_partial_state_mse": 0.0017917410740405646,
      "h75/outcome_success_episode_count": 3,
      "h75/outcome_success_final_state_mse": 0.0037021298034518374,
      "h75/outcome_success_state_mse": 0.0018521765997726674,
      "h75/state_mse": 0.002241462524680011,
      "max_requested_horizon": 125,
      "reencode_period": 10,
      "rollout_mode": "periodic_10"
    },
    "periodic_100": {
      "episode_count": 15,
      "h10/episode_count": 15,
      "h10/final_state_mse": 0.0023083013646742877,
      "h10/outcome_drop_episode_count": 3,
      "h10/outcome_drop_final_state_mse": 0.001570098832541821,
      "h10/outcome_drop_state_mse": 0.0014592192336624744,
      "h10/outcome_jam_episode_count": 3,
      "h10/outcome_jam_final_state_mse": 0.0024238622022999656,
      "h10/outcome_jam_state_mse": 0.0018859036607679978,
      "h10/outcome_miss_episode_count": 3,
      "h10/outcome_miss_final_state_mse": 0.004418573640530405,
      "h10/outcome_miss_state_mse": 0.010180488598892113,
      "h10/outcome_partial_episode_count": 3,
      "h10/outcome_partial_final_state_mse": 0.0015596101194425345,
      "h10/outcome_partial_state_mse": 0.0013871559325386495,
      "h10/outcome_success_episode_count": 3,
      "h10/outcome_success_final_state_mse": 0.0015693624668261584,
      "h10/outcome_success_state_mse": 0.0013883183984195486,
      "h10/state_mse": 0.0032602173051023797,
      "h100/episode_count": 15,
      "h100/final_state_mse": 167222.30588235293,
      "h100/outcome_drop_episode_count": 3,
      "h100/outcome_drop_final_state_mse": 175053.35416666666,
      "h100/outcome_drop_state_mse": 7882.372377450981,
      "h100/outcome_jam_episode_count": 3,
      "h100/outcome_jam_final_state_mse": 187434.92749183008,
      "h100/outcome_jam_state_mse": 8418.253039215686,
      "h100/outcome_miss_episode_count": 3,
      "h100/outcome_miss_final_state_mse": 91583.79248366013,
      "h100/outcome_miss_state_mse": 4390.9766666666665,
      "h100/outcome_partial_episode_count": 3,
      "h100/outcome_partial_final_state_mse": 192540.06168300653,
      "h100/outcome_partial_state_mse": 8692.557001633986,
      "h100/outcome_success_episode_count": 3,
      "h100/outcome_success_final_state_mse": 189499.44750816992,
      "h100/outcome_success_state_mse": 8534.316764705882,
      "h100/state_mse": 7583.695477124183,
      "h125/episode_count": 15,
      "h125/final_state_mse": 35324.13333333333,
      "h125/outcome_drop_episode_count": 3,
      "h125/outcome_drop_final_state_mse": 33181.427900326795,
      "h125/outcome_drop_state_mse": 9975.952300653595,
      "h125/outcome_jam_episode_count": 3,
      "h125/outcome_jam_final_state_mse": 36442.62173202614,
      "h125/outcome_jam_state_mse": 10740.023294117647,
      "h125/outcome_miss_episode_count": 3,
      "h125/outcome_miss_final_state_mse": 36111.51633986928,
      "h125/outcome_miss_state_mse": 7092.064836601307,
      "h125/outcome_partial_episode_count": 3,
      "h125/outcome_partial_final_state_mse": 35501.38950163399,
      "h125/outcome_partial_state_mse": 10949.901333333333,
      "h125/outcome_success_episode_count": 3,
      "h125/outcome_success_final_state_mse": 35383.70506535948,
      "h125/outcome_success_state_mse": 10791.32626143791,
      "h125/state_mse": 9909.852360784314,
      "h20/episode_count": 15,
      "h20/final_state_mse": 0.008057575599820005,
      "h20/outcome_drop_episode_count": 3,
      "h20/outcome_drop_final_state_mse": 0.00852088308801838,
      "h20/outcome_drop_state_mse": 0.002853646777034585,
      "h20/outcome_jam_episode_count": 3,
      "h20/outcome_jam_final_state_mse": 0.008974975230647069,
      "h20/outcome_jam_state_mse": 0.0032380544282252493,
      "h20/outcome_miss_episode_count": 3,
      "h20/outcome_miss_final_state_mse": 0.005915836960661645,
      "h20/outcome_miss_state_mse": 0.007186089309991575,
      "h20/outcome_partial_episode_count": 3,
      "h20/outcome_partial_final_state_mse": 0.00841277642966875,
      "h20/outcome_partial_state_mse": 0.002754563132142709,
      "h20/outcome_success_episode_count": 3,
      "h20/outcome_success_final_state_mse": 0.00846340492659924,
      "h20/outcome_success_state_mse": 0.002749873259488274,
      "h20/state_mse": 0.0037564453424191943,
      "h30/episode_count": 15,
      "h30/final_state_mse": 0.04911576813342525,
      "h30/outcome_drop_episode_count": 3,
      "h30/outcome_drop_final_state_mse": 0.049212135520635865,
      "h30/outcome_drop_state_mse": 0.010366113201465481,
      "h30/outcome_jam_episode_count": 3,
      "h30/outcome_jam_final_state_mse": 0.05014117792540906,
      "h30/outcome_jam_state_mse": 0.010853653743635856,
      "h30/outcome_miss_episode_count": 3,
      "h30/outcome_miss_final_state_mse": 0.04551255702972412,
      "h30/outcome_miss_state_mse": 0.01156504741161737,
      "h30/outcome_partial_episode_count": 3,
      "h30/outcome_partial_final_state_mse": 0.050493343982821196,
      "h30/outcome_partial_state_mse": 0.01035450496964465,
      "h30/outcome_success_episode_count": 3,
      "h30/outcome_success_final_state_mse": 0.050219623091953255,
      "h30/outcome_success_state_mse": 0.010281471800959967,
      "h30/state_mse": 0.010684158890335648,
      "h40/episode_count": 15,
      "h40/final_state_mse": 0.3071340324052798,
      "h40/outcome_drop_episode_count": 3,
      "h40/outcome_drop_final_state_mse": 0.25482092963324654,
      "h40/outcome_drop_state_mse": 0.04145932976716484,
      "h40/outcome_jam_episode_count": 3,
      "h40/outcome_jam_final_state_mse": 0.28276775709164687,
      "h40/outcome_jam_state_mse": 0.04402915979522506,
      "h40/outcome_miss_episode_count": 3,
      "h40/outcome_miss_final_state_mse": 0.44579490025838214,
      "h40/outcome_miss_state_mse": 0.058920263153275636,
      "h40/outcome_partial_episode_count": 3,
      "h40/outcome_partial_final_state_mse": 0.2782883332445731,
      "h40/outcome_partial_state_mse": 0.0432512626149296,
      "h40/outcome_success_episode_count": 3,
      "h40/outcome_success_final_state_mse": 0.27399828543070875,
      "h40/outcome_success_state_mse": 0.042694003285925375,
      "h40/state_mse": 0.04607080397263072,
      "h50/episode_count": 15,
      "h50/final_state_mse": 2.05418150658701,
      "h50/outcome_drop_episode_count": 3,
      "h50/outcome_drop_final_state_mse": 1.906794840993445,
      "h50/outcome_drop_state_mse": 0.21438468584048204,
      "h50/outcome_jam_episode_count": 3,
      "h50/outcome_jam_final_state_mse": 2.005182715023265,
      "h50/outcome_jam_state_mse": 0.22567969228707108,
      "h50/outcome_miss_episode_count": 3,
      "h50/outcome_miss_final_state_mse": 2.6491164911806195,
      "h50/outcome_miss_state_mse": 0.3240045205907884,
      "h50/outcome_partial_episode_count": 3,
      "h50/outcome_partial_final_state_mse": 1.8716555826025072,
      "h50/outcome_partial_state_mse": 0.21591900195950775,
      "h50/outcome_success_episode_count": 3,
      "h50/outcome_success_final_state_mse": 1.8381580901301764,
      "h50/outcome_success_state_mse": 0.21242953231911255,
      "h50/state_mse": 0.23848350694444445,
      "h75/episode_count": 15,
      "h75/final_state_mse": 406.96352124183005,
      "h75/outcome_drop_episode_count": 3,
      "h75/outcome_drop_final_state_mse": 409.59751662709357,
      "h75/outcome_drop_state_mse": 26.279796006944444,
      "h75/outcome_jam_episode_count": 3,
      "h75/outcome_jam_final_state_mse": 432.785273932164,
      "h75/outcome_jam_state_mse": 27.84227030569172,
      "h75/outcome_miss_episode_count": 3,
      "h75/outcome_miss_final_state_mse": 286.06716101154,
      "h75/outcome_miss_state_mse": 20.40011531522331,
      "h75/outcome_partial_episode_count": 3,
      "h75/outcome_partial_final_state_mse": 460.52760225183823,
      "h75/outcome_partial_state_mse": 29.349575844226578,
      "h75/outcome_success_episode_count": 3,
      "h75/outcome_success_final_state_mse": 445.8398676853554,
      "h75/outcome_success_state_mse": 28.373622472426472,
      "h75/state_mse": 26.449080610021788,
      "max_requested_horizon": 125,
      "reencode_period": 100,
      "rollout_mode": "periodic_100"
    },
    "periodic_2": {
      "episode_count": 15,
      "h10/episode_count": 15,
      "h10/final_state_mse": 0.0025854836881550308,
      "h10/outcome_drop_episode_count": 3,
      "h10/outcome_drop_final_state_mse": 0.002044450710801517,
      "h10/outcome_drop_state_mse": 0.0021566616943459105,
      "h10/outcome_jam_episode_count": 3,
      "h10/outcome_jam_final_state_mse": 0.002496513617194556,
      "h10/outcome_jam_state_mse": 0.00259100736356249,
      "h10/outcome_miss_episode_count": 3,
      "h10/outcome_miss_final_state_mse": 0.004529203951748368,
      "h10/outcome_miss_state_mse": 0.009400403110030429,
      "h10/outcome_partial_episode_count": 3,
      "h10/outcome_partial_final_state_mse": 0.00189973438292547,
      "h10/outcome_partial_state_mse": 0.0020567662965238482,
      "h10/outcome_success_episode_count": 3,
      "h10/outcome_success_final_state_mse": 0.0019575148528697445,
      "h10/outcome_success_state_mse": 0.00206040837406333,
      "h10/state_mse": 0.0036530493443308314,
      "h100/episode_count": 15,
      "h100/final_state_mse": 0.003952867844525506,
      "h100/outcome_drop_episode_count": 3,
      "h100/outcome_drop_final_state_mse": 0.005137430978756325,
      "h100/outcome_drop_state_mse": 0.002802723716287052,
      "h100/outcome_jam_episode_count": 3,
      "h100/outcome_jam_final_state_mse": 0.004016936312313952,
      "h100/outcome_jam_state_mse": 0.00354382658316419,
      "h100/outcome_miss_episode_count": 3,
      "h100/outcome_miss_final_state_mse": 0.00369239471901476,
      "h100/outcome_miss_state_mse": 0.0043476907568040235,
      "h100/outcome_partial_episode_count": 3,
      "h100/outcome_partial_final_state_mse": 0.0030958297985051973,
      "h100/outcome_partial_state_mse": 0.0027251987519607045,
      "h100/outcome_success_episode_count": 3,
      "h100/outcome_success_final_state_mse": 0.003821749507991317,
      "h100/outcome_success_state_mse": 0.003052476621141621,
      "h100/state_mse": 0.0032943831300423815,
      "h125/episode_count": 15,
      "h125/final_state_mse": 0.006289786918490541,
      "h125/outcome_drop_episode_count": 3,
      "h125/outcome_drop_final_state_mse": 0.007366771401922687,
      "h125/outcome_drop_state_mse": 0.003730885823567708,
      "h125/outcome_jam_episode_count": 3,
      "h125/outcome_jam_final_state_mse": 0.005733830476897994,
      "h125/outcome_jam_state_mse": 0.0038746619629704093,
      "h125/outcome_miss_episode_count": 3,
      "h125/outcome_miss_final_state_mse": 0.010236051250127406,
      "h125/outcome_miss_state_mse": 0.004932700861513225,
      "h125/outcome_partial_episode_count": 3,
      "h125/outcome_partial_final_state_mse": 0.0030092438743784537,
      "h125/outcome_partial_state_mse": 0.0027989377788468902,
      "h125/outcome_success_episode_count": 3,
      "h125/outcome_success_final_state_mse": 0.00510303822218203,
      "h125/outcome_success_state_mse": 0.003303157631867851,
      "h125/state_mse": 0.0037280688316993463,
      "h20/episode_count": 15,
      "h20/final_state_mse": 0.0023431263717950557,
      "h20/outcome_drop_episode_count": 3,
      "h20/outcome_drop_final_state_mse": 0.0019530157248179119,
      "h20/outcome_drop_state_mse": 0.002018470623913933,
      "h20/outcome_jam_episode_count": 3,
      "h20/outcome_jam_final_state_mse": 0.0020850405486580593,
      "h20/outcome_jam_state_mse": 0.0024345205500234967,
      "h20/outcome_miss_episode_count": 3,
      "h20/outcome_miss_final_state_mse": 0.0041153617446718655,
      "h20/outcome_miss_state_mse": 0.0070271287868225495,
      "h20/outcome_partial_episode_count": 3,
      "h20/outcome_partial_final_state_mse": 0.0017544699017128912,
      "h20/outcome_partial_state_mse": 0.0019201570087009007,
      "h20/outcome_success_episode_count": 3,
      "h20/outcome_success_final_state_mse": 0.001807743293884533,
      "h20/outcome_success_state_mse": 0.0019376763331344705,
      "h20/state_mse": 0.0030675905514386745,
      "h30/episode_count": 15,
      "h30/final_state_mse": 0.002227518293592665,
      "h30/outcome_drop_episode_count": 3,
      "h30/outcome_drop_final_state_mse": 0.0018499178775385314,
      "h30/outcome_drop_state_mse": 0.002007248900295083,
      "h30/outcome_jam_episode_count": 3,
      "h30/outcome_jam_final_state_mse": 0.002145498698832942,
      "h30/outcome_jam_state_mse": 0.002399501873257373,
      "h30/outcome_miss_episode_count": 3,
      "h30/outcome_miss_final_state_mse": 0.0035319434466704823,
      "h30/outcome_miss_state_mse": 0.005940880910503579,
      "h30/outcome_partial_episode_count": 3,
      "h30/outcome_partial_final_state_mse": 0.001773531895642187,
      "h30/outcome_partial_state_mse": 0.0019038801099739823,
      "h30/outcome_success_episode_count": 3,
      "h30/outcome_success_final_state_mse": 0.001836699354492761,
      "h30/outcome_success_state_mse": 0.0019225896833249426,
      "h30/state_mse": 0.002834820383774169,
      "h40/episode_count": 15,
      "h40/final_state_mse": 0.0023387215495888703,
      "h40/outcome_drop_episode_count": 3,
      "h40/outcome_drop_final_state_mse": 0.0022230091827367647,
      "h40/outcome_drop_state_mse": 0.0021059718007355732,
      "h40/outcome_jam_episode_count": 3,
      "h40/outcome_jam_final_state_mse": 0.0021679863771971535,
      "h40/outcome_jam_state_mse": 0.002396684495452183,
      "h40/outcome_miss_episode_count": 3,
      "h40/outcome_miss_final_state_mse": 0.002788472701521481,
      "h40/outcome_miss_state_mse": 0.0052495359595305,
      "h40/outcome_partial_episode_count": 3,
      "h40/outcome_partial_final_state_mse": 0.002245893519298703,
      "h40/outcome_partial_state_mse": 0.0019440375122369504,
      "h40/outcome_success_episode_count": 3,
      "h40/outcome_success_final_state_mse": 0.002268245285437777,
      "h40/outcome_success_state_mse": 0.0019632412717233297,
      "h40/state_mse": 0.0027318942001442505,
      "h50/episode_count": 15,
      "h50/final_state_mse": 0.0030423204883251315,
      "h50/outcome_drop_episode_count": 3,
      "h50/outcome_drop_final_state_mse": 0.002019039239563973,
      "h50/outcome_drop_state_mse": 0.0021619512520584406,
      "h50/outcome_jam_episode_count": 3,
      "h50/outcome_jam_final_state_mse": 0.00335584946122824,
      "h50/outcome_jam_state_mse": 0.0026251480626124962,
      "h50/outcome_miss_episode_count": 3,
      "h50/outcome_miss_final_state_mse": 0.002176991158645917,
      "h50/outcome_miss_state_mse": 0.004721722322351792,
      "h50/outcome_partial_episode_count": 3,
      "h50/outcome_partial_final_state_mse": 0.003750072390425439,
      "h50/outcome_partial_state_mse": 0.0021885314018897763,
      "h50/outcome_success_episode_count": 3,
      "h50/outcome_success_final_state_mse": 0.003909650337851904,
      "h50/outcome_success_state_mse": 0.002207494249530867,
      "h50/state_mse": 0.002780969357958027,
      "h75/episode_count": 15,
      "h75/final_state_mse": 0.0053226078257841225,
      "h75/outcome_drop_episode_count": 3,
      "h75/outcome_drop_final_state_mse": 0.004857301176373475,
      "h75/outcome_drop_state_mse": 0.0023969466182401237,
      "h75/outcome_jam_episode_count": 3,
      "h75/outcome_jam_final_state_mse": 0.005458173506400164,
      "h75/outcome_jam_state_mse": 0.003268610345512174,
      "h75/outcome_miss_episode_count": 3,
      "h75/outcome_miss_final_state_mse": 0.007429224262440127,
      "h75/outcome_miss_state_mse": 0.004289860112474894,
      "h75/outcome_partial_episode_count": 3,
      "h75/outcome_partial_final_state_mse": 0.0038004951928955278,
      "h75/outcome_partial_state_mse": 0.002710575402951708,
      "h75/outcome_success_episode_count": 3,
      "h75/outcome_success_final_state_mse": 0.005067844114272423,
      "h75/outcome_success_state_mse": 0.0027691315046322893,
      "h75/state_mse": 0.0030870246970315903,
      "max_requested_horizon": 125,
      "reencode_period": 2,
      "rollout_mode": "periodic_2"
    },
    "periodic_20": {
      "episode_count": 15,
      "h10/episode_count": 15,
      "h10/final_state_mse": 0.0023083013646742877,
      "h10/outcome_drop_episode_count": 3,
      "h10/outcome_drop_final_state_mse": 0.001570098832541821,
      "h10/outcome_drop_state_mse": 0.0014592192336624744,
      "h10/outcome_jam_episode_count": 3,
      "h10/outcome_jam_final_state_mse": 0.0024238622022999656,
      "h10/outcome_jam_state_mse": 0.0018859036607679978,
      "h10/outcome_miss_episode_count": 3,
      "h10/outcome_miss_final_state_mse": 0.004418573640530405,
      "h10/outcome_miss_state_mse": 0.010180488598892113,
      "h10/outcome_partial_episode_count": 3,
      "h10/outcome_partial_final_state_mse": 0.0015596101194425345,
      "h10/outcome_partial_state_mse": 0.0013871559325386495,
      "h10/outcome_success_episode_count": 3,
      "h10/outcome_success_final_state_mse": 0.0015693624668261584,
      "h10/outcome_success_state_mse": 0.0013883183984195486,
      "h10/state_mse": 0.0032602173051023797,
      "h100/episode_count": 15,
      "h100/final_state_mse": 0.006967753366707197,
      "h100/outcome_drop_episode_count": 3,
      "h100/outcome_drop_final_state_mse": 0.010632527419944214,
      "h100/outcome_drop_state_mse": 0.003238902871125664,
      "h100/outcome_jam_episode_count": 3,
      "h100/outcome_jam_final_state_mse": 0.004774153427360883,
      "h100/outcome_jam_state_mse": 0.0033176923888960696,
      "h100/outcome_miss_episode_count": 3,
      "h100/outcome_miss_final_state_mse": 0.010098316505843518,
      "h100/outcome_miss_state_mse": 0.005243061788721022,
      "h100/outcome_partial_episode_count": 3,
      "h100/outcome_partial_final_state_mse": 0.0056249358587794835,
      "h100/outcome_partial_state_mse": 0.0029501151415257673,
      "h100/outcome_success_episode_count": 3,
      "h100/outcome_success_final_state_mse": 0.003708831917226704,
      "h100/outcome_success_state_mse": 0.0028392735026241127,
      "h100/state_mse": 0.003517809101179534,
      "h125/episode_count": 15,
      "h125/final_state_mse": 0.0065310883366204555,
      "h125/outcome_drop_episode_count": 3,
      "h125/outcome_drop_final_state_mse": 0.006861016738648508,
      "h125/outcome_drop_state_mse": 0.003994644464231005,
      "h125/outcome_jam_episode_count": 3,
      "h125/outcome_jam_final_state_mse": 0.009627824223119448,
      "h125/outcome_jam_state_mse": 0.004061856537862541,
      "h125/outcome_miss_episode_count": 3,
      "h125/outcome_miss_final_state_mse": 0.006481580728409337,
      "h125/outcome_miss_state_mse": 0.0059067510467728755,
      "h125/outcome_partial_episode_count": 3,
      "h125/outcome_partial_final_state_mse": 0.002401033087688334,
      "h125/outcome_partial_state_mse": 0.003057045730890012,
      "h125/outcome_success_episode_count": 3,
      "h125/outcome_success_final_state_mse": 0.007283987270461189,
      "h125/outcome_success_state_mse": 0.003317314098083895,
      "h125/state_mse": 0.004067521956699347,
      "h20/episode_count": 15,
      "h20/final_state_mse": 0.008057575599820005,
      "h20/outcome_drop_episode_count": 3,
      "h20/outcome_drop_final_state_mse": 0.00852088308801838,
      "h20/outcome_drop_state_mse": 0.002853646777034585,
      "h20/outcome_jam_episode_count": 3,
      "h20/outcome_jam_final_state_mse": 0.008974975230647069,
      "h20/outcome_jam_state_mse": 0.0032380544282252493,
      "h20/outcome_miss_episode_count": 3,
      "h20/outcome_miss_final_state_mse": 0.005915836960661645,
      "h20/outcome_miss_state_mse": 0.007186089309991575,
      "h20/outcome_partial_episode_count": 3,
      "h20/outcome_partial_final_state_mse": 0.00841277642966875,
      "h20/outcome_partial_state_mse": 0.002754563132142709,
      "h20/outcome_success_episode_count": 3,
      "h20/outcome_success_final_state_mse": 0.00846340492659924,
      "h20/outcome_success_state_mse": 0.002749873259488274,
      "h20/state_mse": 0.0037564453424191943,
      "h30/episode_count": 15,
      "h30/final_state_mse": 0.0022705632876726537,
      "h30/outcome_drop_episode_count": 3,
      "h30/outcome_drop_final_state_mse": 0.0024423373290915896,
      "h30/outcome_drop_state_mse": 0.0027169544972106,
      "h30/outcome_jam_episode_count": 3,
      "h30/outcome_jam_final_state_mse": 0.002436797067620396,
      "h30/outcome_jam_state_mse": 0.0030735751382665695,
      "h30/outcome_miss_episode_count": 3,
      "h30/outcome_miss_final_state_mse": 0.0019941296355397093,
      "h30/outcome_miss_state_mse": 0.005573846156301062,
      "h30/outcome_partial_episode_count": 3,
      "h30/outcome_partial_final_state_mse": 0.0022223512429037904,
      "h30/outcome_partial_state_mse": 0.0025983525257484586,
      "h30/outcome_success_episode_count": 3,
      "h30/outcome_success_final_state_mse": 0.002257201309297599,
      "h30/outcome_success_state_mse": 0.002604176431959231,
      "h30/state_mse": 0.003313380555130038,
      "h40/episode_count": 15,
      "h40/final_state_mse": 0.0075154560064178665,
      "h40/outcome_drop_episode_count": 3,
      "h40/outcome_drop_final_state_mse": 0.008615376707775142,
      "h40/outcome_drop_state_mse": 0.003126730794220968,
      "h40/outcome_jam_episode_count": 3,
      "h40/outcome_jam_final_state_mse": 0.007880372938766977,
      "h40/outcome_jam_state_mse": 0.0033985723857006996,
      "h40/outcome_miss_episode_count": 3,
      "h40/outcome_miss_final_state_mse": 0.007088545101140839,
      "h40/outcome_miss_state_mse": 0.005133101207758087,
      "h40/outcome_partial_episode_count": 3,
      "h40/outcome_partial_final_state_mse": 0.0070282636709462585,
      "h40/outcome_partial_state_mse": 0.0028546194625056645,
      "h40/outcome_success_episode_count": 3,
      "h40/outcome_success_final_state_mse": 0.006964722003032959,
      "h40/outcome_success_state_mse": 0.002860851225510142,
      "h40/state_mse": 0.003474775077470767,
      "h50/episode_count": 15,
      "h50/final_state_mse": 0.0020971930884068307,
      "h50/outcome_drop_episode_count": 3,
      "h50/outcome_drop_final_state_mse": 0.0019007822851729549,
      "h50/outcome_drop_state_mse": 0.002978365094053979,
      "h50/outcome_jam_episode_count": 3,
      "h50/outcome_jam_final_state_mse": 0.0027458716938698214,
      "h50/outcome_jam_state_mse": 0.003294268838720384,
      "h50/outcome_miss_episode_count": 3,
      "h50/outcome_miss_final_state_mse": 0.001738355951566322,
      "h50/outcome_miss_state_mse": 0.004470420164220473,
      "h50/outcome_partial_episode_count": 3,
      "h50/outcome_partial_final_state_mse": 0.0020371896573920657,
      "h50/outcome_partial_state_mse": 0.0027320325764176112,
      "h50/outcome_success_episode_count": 3,
      "h50/outcome_success_final_state_mse": 0.00206376519662882,
      "h50/outcome_success_state_mse": 0.0027452632804322087,
      "h50/state_mse": 0.003244069816240298,
      "h75/episode_count": 15,
      "h75/final_state_mse": 0.004847616307875689,
      "h75/outcome_drop_episode_count": 3,
      "h75/outcome_drop_final_state_mse": 0.002829883905018077,
      "h75/outcome_drop_state_mse": 0.002792826800045105,
      "h75/outcome_jam_episode_count": 3,
      "h75/outcome_jam_final_state_mse": 0.003843842719505036,
      "h75/outcome_jam_state_mse": 0.003339009420025063,
      "h75/outcome_miss_episode_count": 3,
      "h75/outcome_miss_final_state_mse": 0.00745744496778725,
      "h75/outcome_miss_state_mse": 0.0041932503694023186,
      "h75/outcome_partial_episode_count": 3,
      "h75/outcome_partial_final_state_mse": 0.005107688845372668,
      "h75/outcome_partial_state_mse": 0.002793477500965393,
      "h75/outcome_success_episode_count": 3,
      "h75/outcome_success_final_state_mse": 0.004999220225156522,
      "h75/outcome_success_state_mse": 0.00280235369480773,
      "h75/state_mse": 0.0031841833575878267,
      "max_requested_horizon": 125,
      "reencode_period": 20,
      "rollout_mode": "periodic_20"
    },
    "periodic_5": {
      "episode_count": 15,
      "h10/episode_count": 15,
      "h10/final_state_mse": 0.002451937338885139,
      "h10/outcome_drop_episode_count": 3,
      "h10/outcome_drop_final_state_mse": 0.0017521429344329958,
      "h10/outcome_drop_state_mse": 0.0017250833947674122,
      "h10/outcome_jam_episode_count": 3,
      "h10/outcome_jam_final_state_mse": 0.002370999724257226,
      "h10/outcome_jam_state_mse": 0.0021386857905419045,
      "h10/outcome_miss_episode_count": 3,
      "h10/outcome_miss_final_state_mse": 0.004819213077912923,
      "h10/outcome_miss_state_mse": 0.010378290001862968,
      "h10/outcome_partial_episode_count": 3,
      "h10/outcome_partial_final_state_mse": 0.001650565200381809,
      "h10/outcome_partial_state_mse": 0.0016541917339649077,
      "h10/outcome_success_episode_count": 3,
      "h10/outcome_success_final_state_mse": 0.0016667651243848739,
      "h10/outcome_success_state_mse": 0.0016523966991823483,
      "h10/state_mse": 0.003509729672101588,
      "h100/episode_count": 15,
      "h100/final_state_mse": 0.0030091388552796606,
      "h100/outcome_drop_episode_count": 3,
      "h100/outcome_drop_final_state_mse": 0.00255184927407433,
      "h100/outcome_drop_state_mse": 0.0021588433334250854,
      "h100/outcome_jam_episode_count": 3,
      "h100/outcome_jam_final_state_mse": 0.003989936796083949,
      "h100/outcome_jam_state_mse": 0.0028577430575501685,
      "h100/outcome_miss_episode_count": 3,
      "h100/outcome_miss_final_state_mse": 0.003331556697102154,
      "h100/outcome_miss_state_mse": 0.0034984603582643996,
      "h100/outcome_partial_episode_count": 3,
      "h100/outcome_partial_final_state_mse": 0.002093128519120559,
      "h100/outcome_partial_state_mse": 0.001997987585130081,
      "h100/outcome_success_episode_count": 3,
      "h100/outcome_success_final_state_mse": 0.0030792239639494154,
      "h100/outcome_success_state_mse": 0.0022975805693981693,
      "h100/state_mse": 0.0025621232176138682,
      "h125/episode_count": 15,
      "h125/final_state_mse": 0.0054633240294612315,
      "h125/outcome_drop_episode_count": 3,
      "h125/outcome_drop_final_state_mse": 0.003849513439181583,
      "h125/outcome_drop_state_mse": 0.002541414597455193,
      "h125/outcome_jam_episode_count": 3,
      "h125/outcome_jam_final_state_mse": 0.0062082140566476806,
      "h125/outcome_jam_state_mse": 0.0033574289558759704,
      "h125/outcome_miss_episode_count": 3,
      "h125/outcome_miss_final_state_mse": 0.009898850876911013,
      "h125/outcome_miss_state_mse": 0.004177457921645221,
      "h125/outcome_partial_episode_count": 3,
      "h125/outcome_partial_final_state_mse": 0.002146721470589731,
      "h125/outcome_partial_state_mse": 0.002034819459603503,
      "h125/outcome_success_episode_count": 3,
      "h125/outcome_success_final_state_mse": 0.00521332239793017,
      "h125/outcome_success_state_mse": 0.002715663037268944,
      "h125/state_mse": 0.002965356924019608,
      "h20/episode_count": 15,
      "h20/final_state_mse": 0.0017624786476683773,
      "h20/outcome_drop_episode_count": 3,
      "h20/outcome_drop_final_state_mse": 0.0016368626574285669,
      "h20/outcome_drop_state_mse": 0.0017064493076474059,
      "h20/outcome_jam_episode_count": 3,
      "h20/outcome_jam_final_state_mse": 0.0016676155862465404,
      "h20/outcome_jam_state_mse": 0.0021162447976131064,
      "h20/outcome_miss_episode_count": 3,
      "h20/outcome_miss_final_state_mse": 0.002522565862711738,
      "h20/outcome_miss_state_mse": 0.007241708780425826,
      "h20/outcome_partial_episode_count": 3,
      "h20/outcome_partial_final_state_mse": 0.0014682942697035722,
      "h20/outcome_partial_state_mse": 0.0016434034880469827,
      "h20/outcome_success_episode_count": 3,
      "h20/outcome_success_final_state_mse": 0.001517055470959034,
      "h20/outcome_success_state_mse": 0.00166027479701572,
      "h20/state_mse": 0.002873616187401067,
      "h30/episode_count": 15,
      "h30/final_state_mse": 0.0014940551683014515,
      "h30/outcome_drop_episode_count": 3,
      "h30/outcome_drop_final_state_mse": 0.001439145820982316,
      "h30/outcome_drop_state_mse": 0.0017030231313767776,
      "h30/outcome_jam_episode_count": 3,
      "h30/outcome_jam_final_state_mse": 0.0015621669590473175,
      "h30/outcome_jam_state_mse": 0.002068177625244739,
      "h30/outcome_miss_episode_count": 3,
      "h30/outcome_miss_final_state_mse": 0.0017483987255034104,
      "h30/outcome_miss_state_mse": 0.0055516720856976145,
      "h30/outcome_partial_episode_count": 3,
      "h30/outcome_partial_final_state_mse": 0.0013282118864308774,
      "h30/outcome_partial_state_mse": 0.0016226827708724278,
      "h30/outcome_success_episode_count": 3,
      "h30/outcome_success_final_state_mse": 0.0013923525469365463,
      "h30/outcome_success_state_mse": 0.0016397882390905309,
      "h30/state_mse": 0.00251706856787854,
      "h40/episode_count": 15,
      "h40/final_state_mse": 0.0017971208672118344,
      "h40/outcome_drop_episode_count": 3,
      "h40/outcome_drop_final_state_mse": 0.001892576907195297,
      "h40/outcome_drop_state_mse": 0.0018317700990664414,
      "h40/outcome_jam_episode_count": 3,
      "h40/outcome_jam_final_state_mse": 0.0017537005683955025,
      "h40/outcome_jam_state_mse": 0.0020969997434055103,
      "h40/outcome_miss_episode_count": 3,
      "h40/outcome_miss_final_state_mse": 0.001899289344650468,
      "h40/outcome_miss_state_mse": 0.004709157289243212,
      "h40/outcome_partial_episode_count": 3,
      "h40/outcome_partial_final_state_mse": 0.0016985659797986348,
      "h40/outcome_partial_state_mse": 0.0016562988555509281,
      "h40/outcome_success_episode_count": 3,
      "h40/outcome_success_final_state_mse": 0.0017414711951430327,
      "h40/outcome_success_state_mse": 0.0016740498784320807,
      "h40/state_mse": 0.002393655215992647,
      "h50/episode_count": 15,
      "h50/final_state_mse": 0.0019815242368411393,
      "h50/outcome_drop_episode_count": 3,
      "h50/outcome_drop_final_state_mse": 0.0016528217523705726,
      "h50/outcome_drop_state_mse": 0.0019050232569376628,
      "h50/outcome_jam_episode_count": 3,
      "h50/outcome_jam_final_state_mse": 0.002380156512159148,
      "h50/outcome_jam_state_mse": 0.0022776916603636896,
      "h50/outcome_miss_episode_count": 3,
      "h50/outcome_miss_final_state_mse": 0.001814344569164164,
      "h50/outcome_miss_state_mse": 0.0042028410917793226,
      "h50/outcome_partial_episode_count": 3,
      "h50/outcome_partial_final_state_mse": 0.0020003073599213867,
      "h50/outcome_partial_state_mse": 0.001801533356211544,
      "h50/outcome_success_episode_count": 3,
      "h50/outcome_success_final_state_mse": 0.0020599903331862558,
      "h50/outcome_success_state_mse": 0.0018209974126878127,
      "h50/state_mse": 0.002401617511425143,
      "h75/episode_count": 15,
      "h75/final_state_mse": 0.003517591563704746,
      "h75/outcome_drop_episode_count": 3,
      "h75/outcome_drop_final_state_mse": 0.0024697912576930976,
      "h75/outcome_drop_state_mse": 0.0019294077638447415,
      "h75/outcome_jam_episode_count": 3,
      "h75/outcome_jam_final_state_mse": 0.0038117977723576666,
      "h75/outcome_jam_state_mse": 0.0025579202772485405,
      "h75/outcome_miss_episode_count": 3,
      "h75/outcome_miss_final_state_mse": 0.0044578138519735895,
      "h75/outcome_miss_state_mse": 0.0036111715312617016,
      "h75/outcome_partial_episode_count": 3,
      "h75/outcome_partial_final_state_mse": 0.0030698205764387167,
      "h75/outcome_partial_state_mse": 0.002004255656323402,
      "h75/outcome_success_episode_count": 3,
      "h75/outcome_success_final_state_mse": 0.0037787346278919894,
      "h75/outcome_success_state_mse": 0.002052660050734975,
      "h75/state_mse": 0.002431083197167756,
      "max_requested_horizon": 125,
      "reencode_period": 5,
      "rollout_mode": "periodic_5"
    },
    "periodic_50": {
      "episode_count": 15,
      "h10/episode_count": 15,
      "h10/final_state_mse": 0.0023083013646742877,
      "h10/outcome_drop_episode_count": 3,
      "h10/outcome_drop_final_state_mse": 0.001570098832541821,
      "h10/outcome_drop_state_mse": 0.0014592192336624744,
      "h10/outcome_jam_episode_count": 3,
      "h10/outcome_jam_final_state_mse": 0.0024238622022999656,
      "h10/outcome_jam_state_mse": 0.0018859036607679978,
      "h10/outcome_miss_episode_count": 3,
      "h10/outcome_miss_final_state_mse": 0.004418573640530405,
      "h10/outcome_miss_state_mse": 0.010180488598892113,
      "h10/outcome_partial_episode_count": 3,
      "h10/outcome_partial_final_state_mse": 0.0015596101194425345,
      "h10/outcome_partial_state_mse": 0.0013871559325386495,
      "h10/outcome_success_episode_count": 3,
      "h10/outcome_success_final_state_mse": 0.0015693624668261584,
      "h10/outcome_success_state_mse": 0.0013883183984195486,
      "h10/state_mse": 0.0032602173051023797,
      "h100/episode_count": 15,
      "h100/final_state_mse": 57.48638684640523,
      "h100/outcome_drop_episode_count": 3,
      "h100/outcome_drop_final_state_mse": 47.899120455473856,
      "h100/outcome_drop_state_mse": 1.918886686836193,
      "h100/outcome_jam_episode_count": 3,
      "h100/outcome_jam_final_state_mse": 49.7985169653799,
      "h100/outcome_jam_state_mse": 1.9771721335018382,
      "h100/outcome_miss_episode_count": 3,
      "h100/outcome_miss_final_state_mse": 90.31990121080985,
      "h100/outcome_miss_state_mse": 3.3391571723090276,
      "h100/outcome_partial_episode_count": 3,
      "h100/outcome_partial_final_state_mse": 50.050656387229374,
      "h100/outcome_partial_state_mse": 2.003974800857843,
      "h100/outcome_success_episode_count": 3,
      "h100/outcome_success_final_state_mse": 49.36375716464971,
      "h100/outcome_success_state_mse": 1.96296142578125,
      "h100/state_mse": 2.2404303513071895,
      "h125/episode_count": 15,
      "h125/final_state_mse": 98.69252450980392,
      "h125/outcome_drop_episode_count": 3,
      "h125/outcome_drop_final_state_mse": 94.87307958665237,
      "h125/outcome_drop_state_mse": 6.068722630718955,
      "h125/outcome_jam_episode_count": 3,
      "h125/outcome_jam_final_state_mse": 109.27888837826798,
      "h125/outcome_jam_state_mse": 6.550348345588235,
      "h125/outcome_miss_episode_count": 3,
      "h125/outcome_miss_final_state_mse": 90.98614860983456,
      "h125/outcome_miss_state_mse": 7.703371706495098,
      "h125/outcome_partial_episode_count": 3,
      "h125/outcome_partial_final_state_mse": 99.39069042330473,
      "h125/outcome_partial_state_mse": 6.220610498366013,
      "h125/outcome_success_episode_count": 3,
      "h125/outcome_success_final_state_mse": 98.93381076388889,
      "h125/outcome_success_state_mse": 6.171664573120915,
      "h125/state_mse": 6.542943790849673,
      "h20/episode_count": 15,
      "h20/final_state_mse": 0.008057575599820005,
      "h20/outcome_drop_episode_count": 3,
      "h20/outcome_drop_final_state_mse": 0.00852088308801838,
      "h20/outcome_drop_state_mse": 0.002853646777034585,
      "h20/outcome_jam_episode_count": 3,
      "h20/outcome_jam_final_state_mse": 0.008974975230647069,
      "h20/outcome_jam_state_mse": 0.0032380544282252493,
      "h20/outcome_miss_episode_count": 3,
      "h20/outcome_miss_final_state_mse": 0.005915836960661645,
      "h20/outcome_miss_state_mse": 0.007186089309991575,
      "h20/outcome_partial_episode_count": 3,
      "h20/outcome_partial_final_state_mse": 0.00841277642966875,
      "h20/outcome_partial_state_mse": 0.002754563132142709,
      "h20/outcome_success_episode_count": 3,
      "h20/outcome_success_final_state_mse": 0.00846340492659924,
      "h20/outcome_success_state_mse": 0.002749873259488274,
      "h20/state_mse": 0.0037564453424191943,
      "h30/episode_count": 15,
      "h30/final_state_mse": 0.04911576813342525,
      "h30/outcome_drop_episode_count": 3,
      "h30/outcome_drop_final_state_mse": 0.049212135520635865,
      "h30/outcome_drop_state_mse": 0.010366113201465481,
      "h30/outcome_jam_episode_count": 3,
      "h30/outcome_jam_final_state_mse": 0.05014117792540906,
      "h30/outcome_jam_state_mse": 0.010853653743635856,
      "h30/outcome_miss_episode_count": 3,
      "h30/outcome_miss_final_state_mse": 0.04551255702972412,
      "h30/outcome_miss_state_mse": 0.01156504741161737,
      "h30/outcome_partial_episode_count": 3,
      "h30/outcome_partial_final_state_mse": 0.050493343982821196,
      "h30/outcome_partial_state_mse": 0.01035450496964465,
      "h30/outcome_success_episode_count": 3,
      "h30/outcome_success_final_state_mse": 0.050219623091953255,
      "h30/outcome_success_state_mse": 0.010281471800959967,
      "h30/state_mse": 0.010684158890335648,
      "h40/episode_count": 15,
      "h40/final_state_mse": 0.3071340324052798,
      "h40/outcome_drop_episode_count": 3,
      "h40/outcome_drop_final_state_mse": 0.25482092963324654,
      "h40/outcome_drop_state_mse": 0.04145932976716484,
      "h40/outcome_jam_episode_count": 3,
      "h40/outcome_jam_final_state_mse": 0.28276775709164687,
      "h40/outcome_jam_state_mse": 0.04402915979522506,
      "h40/outcome_miss_episode_count": 3,
      "h40/outcome_miss_final_state_mse": 0.44579490025838214,
      "h40/outcome_miss_state_mse": 0.058920263153275636,
      "h40/outcome_partial_episode_count": 3,
      "h40/outcome_partial_final_state_mse": 0.2782883332445731,
      "h40/outcome_partial_state_mse": 0.0432512626149296,
      "h40/outcome_success_episode_count": 3,
      "h40/outcome_success_final_state_mse": 0.27399828543070875,
      "h40/outcome_success_state_mse": 0.042694003285925375,
      "h40/state_mse": 0.04607080397263072,
      "h50/episode_count": 15,
      "h50/final_state_mse": 2.05418150658701,
      "h50/outcome_drop_episode_count": 3,
      "h50/outcome_drop_final_state_mse": 1.906794840993445,
      "h50/outcome_drop_state_mse": 0.21438468584048204,
      "h50/outcome_jam_episode_count": 3,
      "h50/outcome_jam_final_state_mse": 2.005182715023265,
      "h50/outcome_jam_state_mse": 0.22567969228707108,
      "h50/outcome_miss_episode_count": 3,
      "h50/outcome_miss_final_state_mse": 2.6491164911806195,
      "h50/outcome_miss_state_mse": 0.3240045205907884,
      "h50/outcome_partial_episode_count": 3,
      "h50/outcome_partial_final_state_mse": 1.8716555826025072,
      "h50/outcome_partial_state_mse": 0.21591900195950775,
      "h50/outcome_success_episode_count": 3,
      "h50/outcome_success_final_state_mse": 1.8381580901301764,
      "h50/outcome_success_state_mse": 0.21242953231911255,
      "h50/state_mse": 0.23848350694444445,
      "h75/episode_count": 15,
      "h75/final_state_mse": 0.49859659032883985,
      "h75/outcome_drop_episode_count": 3,
      "h75/outcome_drop_final_state_mse": 0.5044984911002365,
      "h75/outcome_drop_state_mse": 0.23374395765250544,
      "h75/outcome_jam_episode_count": 3,
      "h75/outcome_jam_final_state_mse": 0.4844920152153065,
      "h75/outcome_jam_state_mse": 0.23855188174445124,
      "h75/outcome_miss_episode_count": 3,
      "h75/outcome_miss_final_state_mse": 0.4796631943945791,
      "h75/outcome_miss_state_mse": 0.30397334346064814,
      "h75/outcome_partial_episode_count": 3,
      "h75/outcome_partial_final_state_mse": 0.5107763358970093,
      "h75/outcome_partial_state_mse": 0.22753248825571895,
      "h75/outcome_success_episode_count": 3,
      "h75/outcome_success_final_state_mse": 0.5135528994541542,
      "h75/outcome_success_state_mse": 0.2242220690359477,
      "h75/state_mse": 0.24560474537037036,
      "max_requested_horizon": 125,
      "reencode_period": 50,
      "rollout_mode": "periodic_50"
    }
  },
  "split": "test",
  "support_alignment": {
    "contact_phase": {
      "contact_phase_family_ari": 0.0,
      "contact_phase_family_nmi": 0.0,
      "contact_phase_family_purity": 0.9996668887408394,
      "contact_phase_sample_count": 3002.0,
      "h_contact_phase_given_family": 0.0030002889533867266,
      "h_family_given_contact_phase": 0.0,
      "unique_contact_phase_count": 2.0,
      "unique_family_count": 1.0
    },
    "contact_phase_alignment_available": true,
    "evaluated_state_count": 3017,
    "family_count": 1,
    "mean_family_similarity": 0.5572125315666199,
    "mean_support_size": 234.55452436194895,
    "outcome_alignment_available": true,
    "outcome_state": {
      "h_family_given_outcome": 0.0,
      "h_outcome_given_family": 1.6094379124341005,
      "outcome_family_ari": 0.0,
      "outcome_family_nmi": 0.0,
      "outcome_family_purity": 0.2,
      "outcome_sample_count": 15.0,
      "unique_family_count": 1.0,
      "unique_outcome_count": 5.0
    },
    "status": "ok",
    "unassigned_state_fraction": 0.0,
    "validation_state_count": 2346
  },
  "support_threshold": 0.2
}
summary=runs/maniskill_insertion/perturbation_e20_5k_lista_refine_20260604_143125/lista_relu_a0p02_sp1em4_loops3/seed0/eval_test_periodic/metrics_summary.json
summary=runs/maniskill_insertion/perturbation_e20_5k_lista_refine_20260604_143125/lista_relu_a0p02_sp3em5_loops3/seed0/eval_test_periodic/metrics_summary.json
summary=runs/maniskill_insertion/perturbation_e20_5k_lista_refine_20260604_143125/lista_relu_a0p02_sp3em4_loops3/seed0/eval_test_periodic/metrics_summary.json
summary=runs/maniskill_insertion/perturbation_e20_5k_lista_refine_20260604_143125/lista_relu_a0p02_sp1em5_loops3/seed0/eval_test_periodic/metrics_summary.json
end_time=Thu Jun  4 15:06:26 EDT 2026

======== GPU REPORT ========

==============NVSMI LOG==============

Timestamp                                 : Thu Jun  4 15:06:26 2026
Driver Version                            : 580.95.05
CUDA Version                              : 13.0

Attached GPUs                             : 1
GPU 00000000:CA:00.0
    Accounting Mode                       : Enabled
    Accounting Mode Buffer Size           : 4000
    Accounted Processes
        Process ID                        : 2906132
            GPU Utilization               : 22 %
            Memory Utilization            : 6 %
            Max memory usage              : 692 MiB
            Time                          : 61123 ms
            Is Running                    : 0
        Process ID                        : 2906133
            GPU Utilization               : 20 %
            Memory Utilization            : 6 %
            Max memory usage              : 692 MiB
            Time                          : 61135 ms
            Is Running                    : 0
        Process ID                        : 2906128
            GPU Utilization               : 27 %
            Memory Utilization            : 8 %
            Max memory usage              : 692 MiB
            Time                          : 61192 ms
            Is Running                    : 0
        Process ID                        : 2906127
            GPU Utilization               : 24 %
            Memory Utilization            : 7 %
            Max memory usage              : 692 MiB
            Time                          : 61222 ms
            Is Running                    : 0
        Process ID                        : 2906414
            GPU Utilization               : 0 %
            Memory Utilization            : 0 %
            Max memory usage              : 538 MiB
            Time                          : 1940 ms
            Is Running                    : 0
        Process ID                        : 2906419
            GPU Utilization               : 9 %
            Memory Utilization            : 0 %
            Max memory usage              : 538 MiB
            Time                          : 1943 ms
            Is Running                    : 0
        Process ID                        : 2906423
            GPU Utilization               : 11 %
            Memory Utilization            : 0 %
            Max memory usage              : 538 MiB
            Time                          : 1872 ms
            Is Running                    : 0
        Process ID                        : 2906421
            GPU Utilization               : 17 %
            Memory Utilization            : 0 %
            Max memory usage              : 538 MiB
            Time                          : 2022 ms
            Is Running                    : 0

Thu Jun  4 15:06:26 2026       
+-----------------------------------------------------------------------------------------+
| NVIDIA-SMI 580.95.05              Driver Version: 580.95.05      CUDA Version: 13.0     |
+-----------------------------------------+------------------------+----------------------+
| GPU  Name                 Persistence-M | Bus-Id          Disp.A | Volatile Uncorr. ECC |
| Fan  Temp   Perf          Pwr:Usage/Cap |           Memory-Usage | GPU-Util  Compute M. |
|                                         |                        |               MIG M. |
|=========================================+========================+======================|
|   0  NVIDIA L40S                    On  |   00000000:CA:00.0 Off |                    0 |
| N/A   45C    P0            113W /  325W |       0MiB /  46068MiB |     11%      Default |
|                                         |                        |                  N/A |
+-----------------------------------------+------------------------+----------------------+

+-----------------------------------------------------------------------------------------+
| Processes:                                                                              |
|  GPU   GI   CI              PID   Type   Process name                        GPU Memory |
|        ID   ID                                                               Usage      |
|=========================================================================================|
|  No running processes found                                                             |
+-----------------------------------------------------------------------------------------+
