=============================================
ManiSkill 5k packed tuning GPU context
date=2026-06-04T15:38:35-0400
host=cn-l035.server.mila.quebec
slurm_job_id=9736986
slurm_array_task_id=53
slurm_nodelist=cn-l035
slurm_job_gpus=1
slurm_step_gpus=
slurm_gpus=
slurm_gpus_on_node=1
slurm_cpus_per_task=8
cuda_visible_devices=0
cuda_device_order=
GPU 0: NVIDIA L40S (UUID: GPU-55f09864-c626-20d2-315d-0c4e8248cfd2)
index, uuid, name, driver_version, memory.total [MiB]
0, GPU-55f09864-c626-20d2-315d-0c4e8248cfd2, NVIDIA L40S, 580.95.05, 46068 MiB
=============================================
date=Thu Jun  4 15:38:35 EDT 2026
host=cn-l035.server.mila.quebec
commit=b5ea99e
slurm_job_id=9736986
slurm_array_task_id=53
task_set=lista_forecast_refine
task_count=231
start_task=212
pack_size=4
pack_concurrency=4
packed_task_threads=2
dataset=data/maniskill/perturbation_assessment_seed0_e20/all_setups.npz
run_root=runs/maniskill_insertion/perturbation_e20_5k_lista_refine_20260604_143125
num_steps=5000
batch_size=512
sequence_length=10
z_dim=320
hidden_dim=256
horizons=10,20,30,40,50,75,100,125
periodic_reencode_periods=1,2,5,10,20,50,100
cuda_visible_devices=0
----- task 213/231: lista_relu_a0p0075_sp1em4_loops3 seed2 -----
encoder_kind=lista activation=relu alpha=0.0075 sparsity=1e-4 loops=3
weights pred=1.0 rec=0.1 latent=0.1 k=1e-4
run_dir=runs/maniskill_insertion/perturbation_e20_5k_lista_refine_20260604_143125/lista_relu_a0p0075_sp1em4_loops3/seed2
----- task 212/231: lista_relu_a0p0075_sp3em5_loops3 seed2 -----
encoder_kind=lista activation=relu alpha=0.0075 sparsity=3e-5 loops=3
weights pred=1.0 rec=0.1 latent=0.1 k=1e-4
run_dir=runs/maniskill_insertion/perturbation_e20_5k_lista_refine_20260604_143125/lista_relu_a0p0075_sp3em5_loops3/seed2
----- task 214/231: lista_relu_a0p0075_sp3em4_loops3 seed2 -----
encoder_kind=lista activation=relu alpha=0.0075 sparsity=3e-4 loops=3
weights pred=1.0 rec=0.1 latent=0.1 k=1e-4
run_dir=runs/maniskill_insertion/perturbation_e20_5k_lista_refine_20260604_143125/lista_relu_a0p0075_sp3em4_loops3/seed2
----- task 215/231: lista_relu_a0p0075_sp1em3_loops3 seed2 -----
encoder_kind=lista activation=relu alpha=0.0075 sparsity=1e-3 loops=3
weights pred=1.0 rec=0.1 latent=0.1 k=1e-4
run_dir=runs/maniskill_insertion/perturbation_e20_5k_lista_refine_20260604_143125/lista_relu_a0p0075_sp1em3_loops3/seed2
step=0 loss=1.466442 pred=0.979075 val_mse=0.742111
step=0 loss=1.466427 pred=0.979075 val_mse=0.742110
step=0 loss=1.466496 pred=0.979075 val_mse=0.742110
step=0 loss=1.466422 pred=0.979075 val_mse=0.742110
step=500 loss=0.060391 pred=0.051253 val_mse=0.182532
step=500 loss=0.060763 pred=0.051542 val_mse=0.183322
step=500 loss=0.060541 pred=0.051425 val_mse=0.182809
step=500 loss=0.059923 pred=0.050445 val_mse=0.182503
step=1000 loss=0.038516 pred=0.033014 val_mse=0.160140
step=1000 loss=0.038472 pred=0.033054 val_mse=0.160409
step=1000 loss=0.038471 pred=0.033079 val_mse=0.159921
step=1000 loss=0.038509 pred=0.032762 val_mse=0.159686
step=1500 loss=0.028814 pred=0.024803 val_mse=0.112178
step=1500 loss=0.028818 pred=0.024884 val_mse=0.111212
step=1500 loss=0.029054 pred=0.025140 val_mse=0.110460
step=1500 loss=0.028767 pred=0.024529 val_mse=0.110651
step=2000 loss=0.024907 pred=0.021549 val_mse=0.202106
step=2000 loss=0.025067 pred=0.021779 val_mse=0.198644
step=2000 loss=0.025065 pred=0.021796 val_mse=0.199095
step=2000 loss=0.024944 pred=0.021374 val_mse=0.203376
step=2500 loss=0.022053 pred=0.019263 val_mse=0.146186
step=2500 loss=0.022140 pred=0.019418 val_mse=0.145152
step=2500 loss=0.022130 pred=0.019437 val_mse=0.145738
step=2500 loss=0.021786 pred=0.018827 val_mse=0.143505
step=3000 loss=0.018257 pred=0.015787 val_mse=0.218912
step=3000 loss=0.018408 pred=0.016004 val_mse=0.216650
step=3000 loss=0.018377 pred=0.016001 val_mse=0.219117
step=3000 loss=0.017994 pred=0.015348 val_mse=0.216049
step=3500 loss=0.017644 pred=0.015353 val_mse=0.282700
step=3500 loss=0.017804 pred=0.015576 val_mse=0.280741
step=3500 loss=0.017881 pred=0.015672 val_mse=0.281293
step=3500 loss=0.017081 pred=0.014614 val_mse=0.280404
step=4000 loss=0.014340 pred=0.012421 val_mse=0.272040
step=4000 loss=0.014656 pred=0.012787 val_mse=0.270179
step=4000 loss=0.014637 pred=0.012805 val_mse=0.271261
step=4000 loss=0.014199 pred=0.012130 val_mse=0.276079
step=4500 loss=0.016467 pred=0.014454 val_mse=0.200067
step=4500 loss=0.016107 pred=0.014156 val_mse=0.200455
step=4500 loss=0.016104 pred=0.014180 val_mse=0.199884
step=4500 loss=0.015935 pred=0.013795 val_mse=0.200715
step=4999 loss=0.012095 pred=0.010387 val_mse=0.191665
run_dir=runs/maniskill_insertion/perturbation_e20_5k_lista_refine_20260604_143125/lista_relu_a0p0075_sp3em4_loops3/seed2
step=4999 loss=0.011828 pred=0.010178 val_mse=0.187049
run_dir=runs/maniskill_insertion/perturbation_e20_5k_lista_refine_20260604_143125/lista_relu_a0p0075_sp1em4_loops3/seed2
step=4999 loss=0.011750 pred=0.010124 val_mse=0.182984
run_dir=runs/maniskill_insertion/perturbation_e20_5k_lista_refine_20260604_143125/lista_relu_a0p0075_sp3em5_loops3/seed2
step=4999 loss=0.011775 pred=0.009909 val_mse=0.186651
run_dir=runs/maniskill_insertion/perturbation_e20_5k_lista_refine_20260604_143125/lista_relu_a0p0075_sp1em3_loops3/seed2
{
  "best_periodic_rollout": {
    "episode_count": 15,
    "h10/episode_count": 15,
    "h10/final_state_mse": 0.0023416955486621734,
    "h10/outcome_drop_episode_count": 3,
    "h10/outcome_drop_final_state_mse": 0.0018026855792485032,
    "h10/outcome_drop_state_mse": 0.001801961660385132,
    "h10/outcome_jam_episode_count": 3,
    "h10/outcome_jam_final_state_mse": 0.002653733918479845,
    "h10/outcome_jam_state_mse": 0.002295265634075489,
    "h10/outcome_miss_episode_count": 3,
    "h10/outcome_miss_final_state_mse": 0.003810811568708981,
    "h10/outcome_miss_state_mse": 0.010197223401537128,
    "h10/outcome_partial_episode_count": 3,
    "h10/outcome_partial_final_state_mse": 0.0017017078360700919,
    "h10/outcome_partial_state_mse": 0.0016963372822680505,
    "h10/outcome_success_episode_count": 3,
    "h10/outcome_success_final_state_mse": 0.0017395400825668784,
    "h10/outcome_success_state_mse": 0.0017235626582226722,
    "h10/selected_mode": "periodic_5",
    "h10/selected_period": 5,
    "h10/state_mse": 0.0035428699169283598,
    "h100/episode_count": 15,
    "h100/final_state_mse": 0.0026182025086645988,
    "h100/outcome_drop_episode_count": 3,
    "h100/outcome_drop_final_state_mse": 0.0032520683762294793,
    "h100/outcome_drop_state_mse": 0.0024568034776675154,
    "h100/outcome_jam_episode_count": 3,
    "h100/outcome_jam_final_state_mse": 0.0025300517239991356,
    "h100/outcome_jam_state_mse": 0.002869980257321027,
    "h100/outcome_miss_episode_count": 3,
    "h100/outcome_miss_final_state_mse": 0.00205057370019894,
    "h100/outcome_miss_state_mse": 0.0033988682117337497,
    "h100/outcome_partial_episode_count": 3,
    "h100/outcome_partial_final_state_mse": 0.0019702539334889332,
    "h100/outcome_partial_state_mse": 0.0020183938780641243,
    "h100/outcome_success_episode_count": 3,
    "h100/outcome_success_final_state_mse": 0.0032880632998117435,
    "h100/outcome_success_state_mse": 0.002297951692070057,
    "h100/selected_mode": "periodic_5",
    "h100/selected_period": 5,
    "h100/state_mse": 0.0026083994348064746,
    "h125/episode_count": 15,
    "h125/final_state_mse": 0.003854345184525633,
    "h125/outcome_drop_episode_count": 3,
    "h125/outcome_drop_final_state_mse": 0.004475787866349314,
    "h125/outcome_drop_state_mse": 0.0027479602589326746,
    "h125/outcome_jam_episode_count": 3,
    "h125/outcome_jam_final_state_mse": 0.004968095351667965,
    "h125/outcome_jam_state_mse": 0.00309444382611443,
    "h125/outcome_miss_episode_count": 3,
    "h125/outcome_miss_final_state_mse": 0.004671214501452602,
    "h125/outcome_miss_state_mse": 0.0034684247783586092,
    "h125/outcome_partial_episode_count": 3,
    "h125/outcome_partial_final_state_mse": 0.0019407695755849477,
    "h125/outcome_partial_state_mse": 0.0020299267737694036,
    "h125/outcome_success_episode_count": 3,
    "h125/outcome_success_final_state_mse": 0.0032158575318997204,
    "h125/outcome_success_state_mse": 0.002488713557424109,
    "h125/selected_mode": "periodic_5",
    "h125/selected_period": 5,
    "h125/state_mse": 0.002765894033394608,
    "h20/episode_count": 15,
    "h20/final_state_mse": 0.0021591446758095737,
    "h20/outcome_drop_episode_count": 3,
    "h20/outcome_drop_final_state_mse": 0.002069664181642283,
    "h20/outcome_drop_state_mse": 0.0018139493231679878,
    "h20/outcome_jam_episode_count": 3,
    "h20/outcome_jam_final_state_mse": 0.0023994593351495033,
    "h20/outcome_jam_state_mse": 0.0023301259364957123,
    "h20/outcome_miss_episode_count": 3,
    "h20/outcome_miss_final_state_mse": 0.0026208220500182483,
    "h20/outcome_miss_state_mse": 0.006748746734818602,
    "h20/outcome_partial_episode_count": 3,
    "h20/outcome_partial_final_state_mse": 0.0018337773877421235,
    "h20/outcome_partial_state_mse": 0.0017075543310128007,
    "h20/outcome_success_episode_count": 3,
    "h20/outcome_success_final_state_mse": 0.0018720001323160782,
    "h20/outcome_success_state_mse": 0.0017379918908761217,
    "h20/selected_mode": "periodic_5",
    "h20/selected_period": 5,
    "h20/state_mse": 0.0028676734874451084,
    "h30/episode_count": 15,
    "h30/final_state_mse": 0.0020615895589192706,
    "h30/outcome_drop_episode_count": 3,
    "h30/outcome_drop_final_state_mse": 0.0019126866816305647,
    "h30/outcome_drop_state_mse": 0.0018996499202869556,
    "h30/outcome_jam_episode_count": 3,
    "h30/outcome_jam_final_state_mse": 0.0022593184429056503,
    "h30/outcome_jam_state_mse": 0.002427832753050561,
    "h30/outcome_miss_episode_count": 3,
    "h30/outcome_miss_final_state_mse": 0.002340137422863954,
    "h30/outcome_miss_state_mse": 0.005399619416214023,
    "h30/outcome_partial_episode_count": 3,
    "h30/outcome_partial_final_state_mse": 0.0018660776024939968,
    "h30/outcome_partial_state_mse": 0.001796251522429888,
    "h30/outcome_success_episode_count": 3,
    "h30/outcome_success_final_state_mse": 0.0019297277420953988,
    "h30/outcome_success_state_mse": 0.001819995623528308,
    "h30/selected_mode": "periodic_5",
    "h30/selected_period": 5,
    "h30/state_mse": 0.002668669789964597,
    "h40/episode_count": 15,
    "h40/final_state_mse": 0.0018660342771243425,
    "h40/outcome_drop_episode_count": 3,
    "h40/outcome_drop_final_state_mse": 0.002064178022099476,
    "h40/outcome_drop_state_mse": 0.001974639238095751,
    "h40/outcome_jam_episode_count": 3,
    "h40/outcome_jam_final_state_mse": 0.0017814799120613172,
    "h40/outcome_jam_state_mse": 0.002445537202498492,
    "h40/outcome_miss_episode_count": 3,
    "h40/outcome_miss_final_state_mse": 0.0020347531714470556,
    "h40/outcome_miss_state_mse": 0.0046349583887586405,
    "h40/outcome_partial_episode_count": 3,
    "h40/outcome_partial_final_state_mse": 0.001721446152800828,
    "h40/outcome_partial_state_mse": 0.0018448647720361846,
    "h40/outcome_success_episode_count": 3,
    "h40/outcome_success_final_state_mse": 0.001728313299370747,
    "h40/outcome_success_state_mse": 0.0018682085610682668,
    "h40/selected_mode": "periodic_5",
    "h40/selected_period": 5,
    "h40/state_mse": 0.00255364162470001,
    "h50/episode_count": 15,
    "h50/final_state_mse": 0.0020867808971529694,
    "h50/outcome_drop_episode_count": 3,
    "h50/outcome_drop_final_state_mse": 0.0022200449960294113,
    "h50/outcome_drop_state_mse": 0.0021455218433554654,
    "h50/outcome_jam_episode_count": 3,
    "h50/outcome_jam_final_state_mse": 0.002877541568154603,
    "h50/outcome_jam_state_mse": 0.0024927047031377656,
    "h50/outcome_miss_episode_count": 3,
    "h50/outcome_miss_final_state_mse": 0.0016846426951339821,
    "h50/outcome_miss_state_mse": 0.004112987455978892,
    "h50/outcome_partial_episode_count": 3,
    "h50/outcome_partial_final_state_mse": 0.0018012966790230446,
    "h50/outcome_partial_state_mse": 0.0018684914532829733,
    "h50/outcome_success_episode_count": 3,
    "h50/outcome_success_final_state_mse": 0.00185037905873816,
    "h50/outcome_success_state_mse": 0.001893574427935033,
    "h50/selected_mode": "periodic_5",
    "h50/selected_period": 5,
    "h50/state_mse": 0.0025026560266033495,
    "h75/episode_count": 15,
    "h75/final_state_mse": 0.003802321315590852,
    "h75/outcome_drop_episode_count": 3,
    "h75/outcome_drop_final_state_mse": 0.002744244204627143,
    "h75/outcome_drop_state_mse": 0.0023107022553487543,
    "h75/outcome_jam_episode_count": 3,
    "h75/outcome_jam_final_state_mse": 0.004402921285504609,
    "h75/outcome_jam_state_mse": 0.0027818452922347323,
    "h75/outcome_miss_episode_count": 3,
    "h75/outcome_miss_final_state_mse": 0.005168582976253984,
    "h75/outcome_miss_state_mse": 0.0036206689639288877,
    "h75/outcome_partial_episode_count": 3,
    "h75/outcome_partial_final_state_mse": 0.0029636769512899563,
    "h75/outcome_partial_state_mse": 0.00203129055712997,
    "h75/outcome_success_episode_count": 3,
    "h75/outcome_success_final_state_mse": 0.0037321803811328864,
    "h75/outcome_success_state_mse": 0.002093837754658884,
    "h75/selected_mode": "periodic_5",
    "h75/selected_period": 5,
    "h75/state_mse": 0.0025676684410743463,
    "max_requested_horizon": 125,
    "periodic_reencode_periods": [
      1,
      2,
      5,
      10,
      20,
      50,
      100
    ],
    "rollout_mode": "best_periodic"
  },
  "checkpoint": "runs/maniskill_insertion/perturbation_e20_5k_lista_refine_20260604_143125/lista_relu_a0p0075_sp3em5_loops3/seed2/checkpoint.pt",
  "checkpoint_step": 1500,
  "dataset": "data/maniskill/perturbation_assessment_seed0_e20/all_setups.npz",
  "device": "cuda",
  "family_jaccard": 0.4,
  "horizons": [
    10,
    20,
    30,
    40,
    50,
    75,
    100,
    125
  ],
  "labels_used_for_training": false,
  "periodic_reencode_periods": [
    1,
    2,
    5,
    10,
    20,
    50,
    100
  ],
  "rollout": {
    "episode_count": 15,
    "h10/episode_count": 15,
    "h10/final_state_mse": 0.0032823157466314976,
    "h10/outcome_drop_episode_count": 3,
    "h10/outcome_drop_final_state_mse": 0.0027649888854011213,
    "h10/outcome_drop_state_mse": 0.002127223077163198,
    "h10/outcome_jam_episode_count": 3,
    "h10/outcome_jam_final_state_mse": 0.0041919476748291966,
    "h10/outcome_jam_state_mse": 0.00270712991165959,
    "h10/outcome_miss_episode_count": 3,
    "h10/outcome_miss_final_state_mse": 0.0038997621999846566,
    "h10/outcome_miss_state_mse": 0.009949867865618538,
    "h10/outcome_partial_episode_count": 3,
    "h10/outcome_partial_final_state_mse": 0.0027812261840486838,
    "h10/outcome_partial_state_mse": 0.00204123013159808,
    "h10/outcome_success_episode_count": 3,
    "h10/outcome_success_final_state_mse": 0.002773654300208185,
    "h10/outcome_success_state_mse": 0.0020567452985476822,
    "h10/state_mse": 0.0037764393426234426,
    "h100/episode_count": 15,
    "h100/final_state_mse": 124380.10980392157,
    "h100/outcome_drop_episode_count": 3,
    "h100/outcome_drop_final_state_mse": 113257.10947712418,
    "h100/outcome_drop_state_mse": 4995.795947712419,
    "h100/outcome_jam_episode_count": 3,
    "h100/outcome_jam_final_state_mse": 119115.50326797385,
    "h100/outcome_jam_state_mse": 5289.703333333333,
    "h100/outcome_miss_episode_count": 3,
    "h100/outcome_miss_final_state_mse": 159432.8431372549,
    "h100/outcome_miss_state_mse": 7167.53660130719,
    "h100/outcome_partial_episode_count": 3,
    "h100/outcome_partial_final_state_mse": 115059.0522875817,
    "h100/outcome_partial_state_mse": 5097.494117647058,
    "h100/outcome_success_episode_count": 3,
    "h100/outcome_success_final_state_mse": 115035.97875816993,
    "h100/outcome_success_state_mse": 5087.235163398693,
    "h100/state_mse": 5527.553254901961,
    "h125/episode_count": 15,
    "h125/final_state_mse": 73442650.6875817,
    "h125/outcome_drop_episode_count": 3,
    "h125/outcome_drop_final_state_mse": 63850480.941176474,
    "h125/outcome_drop_state_mse": 2434638.1184836603,
    "h125/outcome_jam_episode_count": 3,
    "h125/outcome_jam_final_state_mse": 63912337.568627454,
    "h125/outcome_jam_state_mse": 2440430.4246797385,
    "h125/outcome_miss_episode_count": 3,
    "h125/outcome_miss_final_state_mse": 113672906.45751634,
    "h125/outcome_miss_state_mse": 4002877.2526013074,
    "h125/outcome_partial_episode_count": 3,
    "h125/outcome_partial_final_state_mse": 62480984.67973856,
    "h125/outcome_partial_state_mse": 2393546.6449150327,
    "h125/outcome_success_episode_count": 3,
    "h125/outcome_success_final_state_mse": 63296537.93464052,
    "h125/outcome_success_state_mse": 2418773.3199477126,
    "h125/state_mse": 2738053.3020444443,
    "h20/episode_count": 15,
    "h20/final_state_mse": 0.00965062434377234,
    "h20/outcome_drop_episode_count": 3,
    "h20/outcome_drop_final_state_mse": 0.008869020085708768,
    "h20/outcome_drop_state_mse": 0.003832615473691155,
    "h20/outcome_jam_episode_count": 3,
    "h20/outcome_jam_final_state_mse": 0.009799345743422415,
    "h20/outcome_jam_state_mse": 0.004340282608481015,
    "h20/outcome_miss_episode_count": 3,
    "h20/outcome_miss_final_state_mse": 0.011819696504306169,
    "h20/outcome_miss_state_mse": 0.008496107462964027,
    "h20/outcome_partial_episode_count": 3,
    "h20/outcome_partial_final_state_mse": 0.008894310131961224,
    "h20/outcome_partial_state_mse": 0.003744072695962744,
    "h20/outcome_success_episode_count": 3,
    "h20/outcome_success_final_state_mse": 0.008870746964722677,
    "h20/outcome_success_state_mse": 0.0037568229865404517,
    "h20/state_mse": 0.004833980385774101,
    "h30/episode_count": 15,
    "h30/final_state_mse": 0.03256302129209431,
    "h30/outcome_drop_episode_count": 3,
    "h30/outcome_drop_final_state_mse": 0.029379373671961764,
    "h30/outcome_drop_state_mse": 0.00878387848016743,
    "h30/outcome_jam_episode_count": 3,
    "h30/outcome_jam_final_state_mse": 0.031173548667259465,
    "h30/outcome_jam_state_mse": 0.009297154204258471,
    "h30/outcome_miss_episode_count": 3,
    "h30/outcome_miss_final_state_mse": 0.04274149969512341,
    "h30/outcome_miss_state_mse": 0.014394498338886336,
    "h30/outcome_partial_episode_count": 3,
    "h30/outcome_partial_final_state_mse": 0.029810421607073617,
    "h30/outcome_partial_state_mse": 0.008699211939227867,
    "h30/outcome_success_episode_count": 3,
    "h30/outcome_success_final_state_mse": 0.0297102581441792,
    "h30/outcome_success_state_mse": 0.008680442111944062,
    "h30/state_mse": 0.009971036890233523,
    "h40/episode_count": 15,
    "h40/final_state_mse": 0.10768366794960171,
    "h40/outcome_drop_episode_count": 3,
    "h40/outcome_drop_final_state_mse": 0.09867640414269142,
    "h40/outcome_drop_state_mse": 0.02127804662667069,
    "h40/outcome_jam_episode_count": 3,
    "h40/outcome_jam_final_state_mse": 0.10137901898303063,
    "h40/outcome_jam_state_mse": 0.02215205392027213,
    "h40/outcome_miss_episode_count": 3,
    "h40/outcome_miss_final_state_mse": 0.13333532856959923,
    "h40/outcome_miss_state_mse": 0.02986417097203872,
    "h40/outcome_partial_episode_count": 3,
    "h40/outcome_partial_final_state_mse": 0.10202347998525582,
    "h40/outcome_partial_state_mse": 0.021676150490255917,
    "h40/outcome_success_episode_count": 3,
    "h40/outcome_success_final_state_mse": 0.10300410962572285,
    "h40/outcome_success_state_mse": 0.02166685247732923,
    "h40/state_mse": 0.02332745321435866,
    "h50/episode_count": 15,
    "h50/final_state_mse": 1.1553931940614788,
    "h50/outcome_drop_episode_count": 3,
    "h50/outcome_drop_final_state_mse": 0.8234982210047105,
    "h50/outcome_drop_state_mse": 0.09065392587699142,
    "h50/outcome_jam_episode_count": 3,
    "h50/outcome_jam_final_state_mse": 0.7546945335039126,
    "h50/outcome_jam_state_mse": 0.08514536539713542,
    "h50/outcome_miss_episode_count": 3,
    "h50/outcome_miss_final_state_mse": 2.6217875262491064,
    "h50/outcome_miss_state_mse": 0.2121692413130617,
    "h50/outcome_partial_episode_count": 3,
    "h50/outcome_partial_final_state_mse": 0.7831915936438866,
    "h50/outcome_partial_state_mse": 0.08637817283081853,
    "h50/outcome_success_episode_count": 3,
    "h50/outcome_success_final_state_mse": 0.7937939961751302,
    "h50/outcome_success_state_mse": 0.08725846533681832,
    "h50/state_mse": 0.11232104013480392,
    "h75/episode_count": 15,
    "h75/final_state_mse": 323.72939133986927,
    "h75/outcome_drop_episode_count": 3,
    "h75/outcome_drop_final_state_mse": 291.82931538500816,
    "h75/outcome_drop_state_mse": 19.31177270561002,
    "h75/outcome_jam_episode_count": 3,
    "h75/outcome_jam_final_state_mse": 305.82555274714053,
    "h75/outcome_jam_state_mse": 19.860746017156863,
    "h75/outcome_miss_episode_count": 3,
    "h75/outcome_miss_final_state_mse": 421.4973192401961,
    "h75/outcome_miss_state_mse": 32.56212486383442,
    "h75/outcome_partial_episode_count": 3,
    "h75/outcome_partial_final_state_mse": 298.2841381995506,
    "h75/outcome_partial_state_mse": 19.411303955610023,
    "h75/outcome_success_episode_count": 3,
    "h75/outcome_success_final_state_mse": 301.2106183619281,
    "h75/outcome_success_state_mse": 19.685653084150328,
    "h75/state_mse": 22.166322440087146,
    "max_requested_horizon": 125,
    "reencode_period": null,
    "rollout_mode": "no_reencode"
  },
  "rollout_modes": {
    "no_reencode": {
      "episode_count": 15,
      "h10/episode_count": 15,
      "h10/final_state_mse": 0.0032823157466314976,
      "h10/outcome_drop_episode_count": 3,
      "h10/outcome_drop_final_state_mse": 0.0027649888854011213,
      "h10/outcome_drop_state_mse": 0.002127223077163198,
      "h10/outcome_jam_episode_count": 3,
      "h10/outcome_jam_final_state_mse": 0.0041919476748291966,
      "h10/outcome_jam_state_mse": 0.00270712991165959,
      "h10/outcome_miss_episode_count": 3,
      "h10/outcome_miss_final_state_mse": 0.0038997621999846566,
      "h10/outcome_miss_state_mse": 0.009949867865618538,
      "h10/outcome_partial_episode_count": 3,
      "h10/outcome_partial_final_state_mse": 0.0027812261840486838,
      "h10/outcome_partial_state_mse": 0.00204123013159808,
      "h10/outcome_success_episode_count": 3,
      "h10/outcome_success_final_state_mse": 0.002773654300208185,
      "h10/outcome_success_state_mse": 0.0020567452985476822,
      "h10/state_mse": 0.0037764393426234426,
      "h100/episode_count": 15,
      "h100/final_state_mse": 124380.10980392157,
      "h100/outcome_drop_episode_count": 3,
      "h100/outcome_drop_final_state_mse": 113257.10947712418,
      "h100/outcome_drop_state_mse": 4995.795947712419,
      "h100/outcome_jam_episode_count": 3,
      "h100/outcome_jam_final_state_mse": 119115.50326797385,
      "h100/outcome_jam_state_mse": 5289.703333333333,
      "h100/outcome_miss_episode_count": 3,
      "h100/outcome_miss_final_state_mse": 159432.8431372549,
      "h100/outcome_miss_state_mse": 7167.53660130719,
      "h100/outcome_partial_episode_count": 3,
      "h100/outcome_partial_final_state_mse": 115059.0522875817,
      "h100/outcome_partial_state_mse": 5097.494117647058,
      "h100/outcome_success_episode_count": 3,
      "h100/outcome_success_final_state_mse": 115035.97875816993,
      "h100/outcome_success_state_mse": 5087.235163398693,
      "h100/state_mse": 5527.553254901961,
      "h125/episode_count": 15,
      "h125/final_state_mse": 73442650.6875817,
      "h125/outcome_drop_episode_count": 3,
      "h125/outcome_drop_final_state_mse": 63850480.941176474,
      "h125/outcome_drop_state_mse": 2434638.1184836603,
      "h125/outcome_jam_episode_count": 3,
      "h125/outcome_jam_final_state_mse": 63912337.568627454,
      "h125/outcome_jam_state_mse": 2440430.4246797385,
      "h125/outcome_miss_episode_count": 3,
      "h125/outcome_miss_final_state_mse": 113672906.45751634,
      "h125/outcome_miss_state_mse": 4002877.2526013074,
      "h125/outcome_partial_episode_count": 3,
      "h125/outcome_partial_final_state_mse": 62480984.67973856,
      "h125/outcome_partial_state_mse": 2393546.6449150327,
      "h125/outcome_success_episode_count": 3,
      "h125/outcome_success_final_state_mse": 63296537.93464052,
      "h125/outcome_success_state_mse": 2418773.3199477126,
      "h125/state_mse": 2738053.3020444443,
      "h20/episode_count": 15,
      "h20/final_state_mse": 0.00965062434377234,
      "h20/outcome_drop_episode_count": 3,
      "h20/outcome_drop_final_state_mse": 0.008869020085708768,
      "h20/outcome_drop_state_mse": 0.003832615473691155,
      "h20/outcome_jam_episode_count": 3,
      "h20/outcome_jam_final_state_mse": 0.009799345743422415,
      "h20/outcome_jam_state_mse": 0.004340282608481015,
      "h20/outcome_miss_episode_count": 3,
      "h20/outcome_miss_final_state_mse": 0.011819696504306169,
      "h20/outcome_miss_state_mse": 0.008496107462964027,
      "h20/outcome_partial_episode_count": 3,
      "h20/outcome_partial_final_state_mse": 0.008894310131961224,
      "h20/outcome_partial_state_mse": 0.003744072695962744,
      "h20/outcome_success_episode_count": 3,
      "h20/outcome_success_final_state_mse": 0.008870746964722677,
      "h20/outcome_success_state_mse": 0.0037568229865404517,
      "h20/state_mse": 0.004833980385774101,
      "h30/episode_count": 15,
      "h30/final_state_mse": 0.03256302129209431,
      "h30/outcome_drop_episode_count": 3,
      "h30/outcome_drop_final_state_mse": 0.029379373671961764,
      "h30/outcome_drop_state_mse": 0.00878387848016743,
      "h30/outcome_jam_episode_count": 3,
      "h30/outcome_jam_final_state_mse": 0.031173548667259465,
      "h30/outcome_jam_state_mse": 0.009297154204258471,
      "h30/outcome_miss_episode_count": 3,
      "h30/outcome_miss_final_state_mse": 0.04274149969512341,
      "h30/outcome_miss_state_mse": 0.014394498338886336,
      "h30/outcome_partial_episode_count": 3,
      "h30/outcome_partial_final_state_mse": 0.029810421607073617,
      "h30/outcome_partial_state_mse": 0.008699211939227867,
      "h30/outcome_success_episode_count": 3,
      "h30/outcome_success_final_state_mse": 0.0297102581441792,
      "h30/outcome_success_state_mse": 0.008680442111944062,
      "h30/state_mse": 0.009971036890233523,
      "h40/episode_count": 15,
      "h40/final_state_mse": 0.10768366794960171,
      "h40/outcome_drop_episode_count": 3,
      "h40/outcome_drop_final_state_mse": 0.09867640414269142,
      "h40/outcome_drop_state_mse": 0.02127804662667069,
      "h40/outcome_jam_episode_count": 3,
      "h40/outcome_jam_final_state_mse": 0.10137901898303063,
      "h40/outcome_jam_state_mse": 0.02215205392027213,
      "h40/outcome_miss_episode_count": 3,
      "h40/outcome_miss_final_state_mse": 0.13333532856959923,
      "h40/outcome_miss_state_mse": 0.02986417097203872,
      "h40/outcome_partial_episode_count": 3,
      "h40/outcome_partial_final_state_mse": 0.10202347998525582,
      "h40/outcome_partial_state_mse": 0.021676150490255917,
      "h40/outcome_success_episode_count": 3,
      "h40/outcome_success_final_state_mse": 0.10300410962572285,
      "h40/outcome_success_state_mse": 0.02166685247732923,
      "h40/state_mse": 0.02332745321435866,
      "h50/episode_count": 15,
      "h50/final_state_mse": 1.1553931940614788,
      "h50/outcome_drop_episode_count": 3,
      "h50/outcome_drop_final_state_mse": 0.8234982210047105,
      "h50/outcome_drop_state_mse": 0.09065392587699142,
      "h50/outcome_jam_episode_count": 3,
      "h50/outcome_jam_final_state_mse": 0.7546945335039126,
      "h50/outcome_jam_state_mse": 0.08514536539713542,
      "h50/outcome_miss_episode_count": 3,
      "h50/outcome_miss_final_state_mse": 2.6217875262491064,
      "h50/outcome_miss_state_mse": 0.2121692413130617,
      "h50/outcome_partial_episode_count": 3,
      "h50/outcome_partial_final_state_mse": 0.7831915936438866,
      "h50/outcome_partial_state_mse": 0.08637817283081853,
      "h50/outcome_success_episode_count": 3,
      "h50/outcome_success_final_state_mse": 0.7937939961751302,
      "h50/outcome_success_state_mse": 0.08725846533681832,
      "h50/state_mse": 0.11232104013480392,
      "h75/episode_count": 15,
      "h75/final_state_mse": 323.72939133986927,
      "h75/outcome_drop_episode_count": 3,
      "h75/outcome_drop_final_state_mse": 291.82931538500816,
      "h75/outcome_drop_state_mse": 19.31177270561002,
      "h75/outcome_jam_episode_count": 3,
      "h75/outcome_jam_final_state_mse": 305.82555274714053,
      "h75/outcome_jam_state_mse": 19.860746017156863,
      "h75/outcome_miss_episode_count": 3,
      "h75/outcome_miss_final_state_mse": 421.4973192401961,
      "h75/outcome_miss_state_mse": 32.56212486383442,
      "h75/outcome_partial_episode_count": 3,
      "h75/outcome_partial_final_state_mse": 298.2841381995506,
      "h75/outcome_partial_state_mse": 19.411303955610023,
      "h75/outcome_success_episode_count": 3,
      "h75/outcome_success_final_state_mse": 301.2106183619281,
      "h75/outcome_success_state_mse": 19.685653084150328,
      "h75/state_mse": 22.166322440087146,
      "max_requested_horizon": 125,
      "reencode_period": null,
      "rollout_mode": "no_reencode"
    },
    "periodic_1": {
      "episode_count": 15,
      "h10/episode_count": 15,
      "h10/final_state_mse": 0.003302092022365994,
      "h10/outcome_drop_episode_count": 3,
      "h10/outcome_drop_final_state_mse": 0.0017121431776900696,
      "h10/outcome_drop_state_mse": 0.0017621620418199527,
      "h10/outcome_jam_episode_count": 3,
      "h10/outcome_jam_final_state_mse": 0.0022385942390541623,
      "h10/outcome_jam_state_mse": 0.0022590222701527715,
      "h10/outcome_miss_episode_count": 3,
      "h10/outcome_miss_final_state_mse": 0.009143685398538128,
      "h10/outcome_miss_state_mse": 0.013215867210836972,
      "h10/outcome_partial_episode_count": 3,
      "h10/outcome_partial_final_state_mse": 0.001720832940799738,
      "h10/outcome_partial_state_mse": 0.0016616109149907928,
      "h10/outcome_success_episode_count": 3,
      "h10/outcome_success_final_state_mse": 0.00169520406356824,
      "h10/outcome_success_state_mse": 0.0016811700817806268,
      "h10/state_mse": 0.004115966597413705,
      "h100/episode_count": 15,
      "h100/final_state_mse": 0.00947617611853905,
      "h100/outcome_drop_episode_count": 3,
      "h100/outcome_drop_final_state_mse": 0.007058693108215831,
      "h100/outcome_drop_state_mse": 0.004449108909158146,
      "h100/outcome_jam_episode_count": 3,
      "h100/outcome_jam_final_state_mse": 0.004927249174881605,
      "h100/outcome_jam_state_mse": 0.003853441126206342,
      "h100/outcome_miss_episode_count": 3,
      "h100/outcome_miss_final_state_mse": 0.02579430563777101,
      "h100/outcome_miss_state_mse": 0.016623314377529168,
      "h100/outcome_partial_episode_count": 3,
      "h100/outcome_partial_final_state_mse": 0.004435088412434447,
      "h100/outcome_partial_state_mse": 0.003141006955913469,
      "h100/outcome_success_episode_count": 3,
      "h100/outcome_success_final_state_mse": 0.005165547132492065,
      "h100/outcome_success_state_mse": 0.003216254539739073,
      "h100/state_mse": 0.006256625306372549,
      "h125/episode_count": 15,
      "h125/final_state_mse": 0.010891362109215432,
      "h125/outcome_drop_episode_count": 3,
      "h125/outcome_drop_final_state_mse": 0.005160687162595636,
      "h125/outcome_drop_state_mse": 0.004999632143506817,
      "h125/outcome_jam_episode_count": 3,
      "h125/outcome_jam_final_state_mse": 0.00896721552400028,
      "h125/outcome_jam_state_mse": 0.004991586223926419,
      "h125/outcome_miss_episode_count": 3,
      "h125/outcome_miss_final_state_mse": 0.029159805548736473,
      "h125/outcome_miss_state_mse": 0.019932379030713848,
      "h125/outcome_partial_episode_count": 3,
      "h125/outcome_partial_final_state_mse": 0.0027245287022559473,
      "h125/outcome_partial_state_mse": 0.0031507819680606616,
      "h125/outcome_success_episode_count": 3,
      "h125/outcome_success_final_state_mse": 0.008444575605049631,
      "h125/outcome_success_state_mse": 0.003582478741415186,
      "h125/state_mse": 0.007331371910743464,
      "h20/episode_count": 15,
      "h20/final_state_mse": 0.009351912355111316,
      "h20/outcome_drop_episode_count": 3,
      "h20/outcome_drop_final_state_mse": 0.0027682871308202057,
      "h20/outcome_drop_state_mse": 0.00210667762881011,
      "h20/outcome_jam_episode_count": 3,
      "h20/outcome_jam_final_state_mse": 0.0032020490738301497,
      "h20/outcome_jam_state_mse": 0.0025645291883181903,
      "h20/outcome_miss_episode_count": 3,
      "h20/outcome_miss_final_state_mse": 0.03560690474666022,
      "h20/outcome_miss_state_mse": 0.01752861543418535,
      "h20/outcome_partial_episode_count": 3,
      "h20/outcome_partial_final_state_mse": 0.002570621425809424,
      "h20/outcome_partial_state_mse": 0.0020069745241426953,
      "h20/outcome_success_episode_count": 3,
      "h20/outcome_success_final_state_mse": 0.002611699057560341,
      "h20/outcome_success_state_mse": 0.0020322983560998454,
      "h20/state_mse": 0.005247819189931832,
      "h30/episode_count": 15,
      "h30/final_state_mse": 0.0064859078600515725,
      "h30/outcome_drop_episode_count": 3,
      "h30/outcome_drop_final_state_mse": 0.002635418784384634,
      "h30/outcome_drop_state_mse": 0.0021824609739847954,
      "h30/outcome_jam_episode_count": 3,
      "h30/outcome_jam_final_state_mse": 0.0030626797305992226,
      "h30/outcome_jam_state_mse": 0.002652870647787788,
      "h30/outcome_miss_episode_count": 3,
      "h30/outcome_miss_final_state_mse": 0.021641619552194683,
      "h30/outcome_miss_state_mse": 0.021284993697355516,
      "h30/outcome_partial_episode_count": 3,
      "h30/outcome_partial_final_state_mse": 0.0025205172939238205,
      "h30/outcome_partial_state_mse": 0.0020896726184421116,
      "h30/outcome_success_episode_count": 3,
      "h30/outcome_success_final_state_mse": 0.0025693051078740287,
      "h30/outcome_success_state_mse": 0.0021146321088919714,
      "h30/state_mse": 0.0060649258482689955,
      "h40/episode_count": 15,
      "h40/final_state_mse": 0.006038532381743388,
      "h40/outcome_drop_episode_count": 3,
      "h40/outcome_drop_final_state_mse": 0.003687515806138905,
      "h40/outcome_drop_state_mse": 0.0024572094281514485,
      "h40/outcome_jam_episode_count": 3,
      "h40/outcome_jam_final_state_mse": 0.0029883857061660368,
      "h40/outcome_jam_state_mse": 0.002752389900045457,
      "h40/outcome_miss_episode_count": 3,
      "h40/outcome_miss_final_state_mse": 0.017906040634984285,
      "h40/outcome_miss_state_mse": 0.02111049072415221,
      "h40/outcome_partial_episode_count": 3,
      "h40/outcome_partial_final_state_mse": 0.002768570301579494,
      "h40/outcome_partial_state_mse": 0.0022137551915411857,
      "h40/outcome_success_episode_count": 3,
      "h40/outcome_success_final_state_mse": 0.0028421516511954515,
      "h40/outcome_success_state_mse": 0.0022416198175717024,
      "h40/state_mse": 0.006155092825297436,
      "h50/episode_count": 15,
      "h50/final_state_mse": 0.006168075013004876,
      "h50/outcome_drop_episode_count": 3,
      "h50/outcome_drop_final_state_mse": 0.005237234281558616,
      "h50/outcome_drop_state_mse": 0.00303262162052728,
      "h50/outcome_jam_episode_count": 3,
      "h50/outcome_jam_final_state_mse": 0.004851902135057387,
      "h50/outcome_jam_state_mse": 0.003028100892609241,
      "h50/outcome_miss_episode_count": 3,
      "h50/outcome_miss_final_state_mse": 0.013790796103041156,
      "h50/outcome_miss_state_mse": 0.01982269262176713,
      "h50/outcome_partial_episode_count": 3,
      "h50/outcome_partial_final_state_mse": 0.003480469527976965,
      "h50/outcome_partial_state_mse": 0.0024337848962522023,
      "h50/outcome_success_episode_count": 3,
      "h50/outcome_success_final_state_mse": 0.003479974283501993,
      "h50/outcome_success_state_mse": 0.002471101517770805,
      "h50/state_mse": 0.006157660191355188,
      "h75/episode_count": 15,
      "h75/final_state_mse": 0.007366903467116013,
      "h75/outcome_drop_episode_count": 3,
      "h75/outcome_drop_final_state_mse": 0.007151918717069564,
      "h75/outcome_drop_state_mse": 0.004006245099900854,
      "h75/outcome_jam_episode_count": 3,
      "h75/outcome_jam_final_state_mse": 0.006859194706468021,
      "h75/outcome_jam_state_mse": 0.003694397089008672,
      "h75/outcome_miss_episode_count": 3,
      "h75/outcome_miss_final_state_mse": 0.01287224246006386,
      "h75/outcome_miss_state_mse": 0.01768185052476937,
      "h75/outcome_partial_episode_count": 3,
      "h75/outcome_partial_final_state_mse": 0.004462918424917982,
      "h75/outcome_partial_state_mse": 0.002957019515027148,
      "h75/outcome_success_episode_count": 3,
      "h75/outcome_success_final_state_mse": 0.0054882426861844035,
      "h75/outcome_success_state_mse": 0.003043033292350686,
      "h75/state_mse": 0.006276509203941993,
      "max_requested_horizon": 125,
      "reencode_period": 1,
      "rollout_mode": "periodic_1"
    },
    "periodic_10": {
      "episode_count": 15,
      "h10/episode_count": 15,
      "h10/final_state_mse": 0.0032823157466314976,
      "h10/outcome_drop_episode_count": 3,
      "h10/outcome_drop_final_state_mse": 0.002764988836704516,
      "h10/outcome_drop_state_mse": 0.0021272228044622084,
      "h10/outcome_jam_episode_count": 3,
      "h10/outcome_jam_final_state_mse": 0.0041919477235258015,
      "h10/outcome_jam_state_mse": 0.0027071301454032947,
      "h10/outcome_miss_episode_count": 3,
      "h10/outcome_miss_final_state_mse": 0.003899760933872921,
      "h10/outcome_miss_state_mse": 0.0099498677097894,
      "h10/outcome_partial_episode_count": 3,
      "h10/outcome_partial_final_state_mse": 0.0027812265736215256,
      "h10/outcome_partial_state_mse": 0.002041230365341785,
      "h10/outcome_success_episode_count": 3,
      "h10/outcome_success_final_state_mse": 0.0027736545923878163,
      "h10/outcome_success_state_mse": 0.0020567452985476822,
      "h10/state_mse": 0.0037764390932968237,
      "h100/episode_count": 15,
      "h100/final_state_mse": 0.0030489803139680353,
      "h100/outcome_drop_episode_count": 3,
      "h100/outcome_drop_final_state_mse": 0.0030596767570458205,
      "h100/outcome_drop_state_mse": 0.0025344023985021257,
      "h100/outcome_jam_episode_count": 3,
      "h100/outcome_jam_final_state_mse": 0.003888678560459536,
      "h100/outcome_jam_state_mse": 0.003266136630687838,
      "h100/outcome_miss_episode_count": 3,
      "h100/outcome_miss_final_state_mse": 0.001977691463395661,
      "h100/outcome_miss_state_mse": 0.003178494895984924,
      "h100/outcome_partial_episode_count": 3,
      "h100/outcome_partial_final_state_mse": 0.002136313423416973,
      "h100/outcome_partial_state_mse": 0.0021781589470657647,
      "h100/outcome_success_episode_count": 3,
      "h100/outcome_success_final_state_mse": 0.004182541000297646,
      "h100/outcome_success_state_mse": 0.0026054285710154015,
      "h100/state_mse": 0.002752524382148693,
      "h125/episode_count": 15,
      "h125/final_state_mse": 0.0033952008664997575,
      "h125/outcome_drop_episode_count": 3,
      "h125/outcome_drop_final_state_mse": 0.004160064984770382,
      "h125/outcome_drop_state_mse": 0.002825210471558415,
      "h125/outcome_jam_episode_count": 3,
      "h125/outcome_jam_final_state_mse": 0.004781088018729017,
      "h125/outcome_jam_state_mse": 0.00350102184021395,
      "h125/outcome_miss_episode_count": 3,
      "h125/outcome_miss_final_state_mse": 0.0028241667287801607,
      "h125/outcome_miss_state_mse": 0.0030261542127023337,
      "h125/outcome_partial_episode_count": 3,
      "h125/outcome_partial_final_state_mse": 0.002112755418018578,
      "h125/outcome_partial_state_mse": 0.0021787361693538093,
      "h125/outcome_success_episode_count": 3,
      "h125/outcome_success_final_state_mse": 0.0030979292065489526,
      "h125/outcome_success_state_mse": 0.0027943363563687194,
      "h125/state_mse": 0.0028650917202818625,
      "h20/episode_count": 15,
      "h20/final_state_mse": 0.0030548768884995406,
      "h20/outcome_drop_episode_count": 3,
      "h20/outcome_drop_final_state_mse": 0.0028898686267971214,
      "h20/outcome_drop_state_mse": 0.0022990180776010154,
      "h20/outcome_jam_episode_count": 3,
      "h20/outcome_jam_final_state_mse": 0.003417843648421219,
      "h20/outcome_jam_state_mse": 0.0028834289974636503,
      "h20/outcome_miss_episode_count": 3,
      "h20/outcome_miss_final_state_mse": 0.0034240553386850293,
      "h20/outcome_miss_state_mse": 0.006644976996128855,
      "h20/outcome_partial_episode_count": 3,
      "h20/outcome_partial_final_state_mse": 0.002768945435877719,
      "h20/outcome_partial_state_mse": 0.0022248505766874825,
      "h20/outcome_success_episode_count": 3,
      "h20/outcome_success_final_state_mse": 0.00277367117358189,
      "h20/outcome_success_state_mse": 0.002234639802010231,
      "h20/state_mse": 0.0032573829601013583,
      "h30/episode_count": 15,
      "h30/final_state_mse": 0.0026819335089789498,
      "h30/outcome_drop_episode_count": 3,
      "h30/outcome_drop_final_state_mse": 0.002581676553472195,
      "h30/outcome_drop_state_mse": 0.0023500871294723875,
      "h30/outcome_jam_episode_count": 3,
      "h30/outcome_jam_final_state_mse": 0.0030097621036510843,
      "h30/outcome_jam_state_mse": 0.002938821840390141,
      "h30/outcome_miss_episode_count": 3,
      "h30/outcome_miss_final_state_mse": 0.0026876344497686897,
      "h30/outcome_miss_state_mse": 0.005383687549167209,
      "h30/outcome_partial_episode_count": 3,
      "h30/outcome_partial_final_state_mse": 0.002528877794937371,
      "h30/outcome_partial_state_mse": 0.0022752342660442675,
      "h30/outcome_success_episode_count": 3,
      "h30/outcome_success_final_state_mse": 0.002601715206515555,
      "h30/outcome_success_state_mse": 0.0022828596869325325,
      "h30/state_mse": 0.0030461379905152167,
      "h40/episode_count": 15,
      "h40/final_state_mse": 0.0021585102953941993,
      "h40/outcome_drop_episode_count": 3,
      "h40/outcome_drop_final_state_mse": 0.00212023300088309,
      "h40/outcome_drop_state_mse": 0.002364176667593663,
      "h40/outcome_jam_episode_count": 3,
      "h40/outcome_jam_final_state_mse": 0.002385407734930126,
      "h40/outcome_jam_state_mse": 0.002920651202108346,
      "h40/outcome_miss_episode_count": 3,
      "h40/outcome_miss_final_state_mse": 0.0019596630305636163,
      "h40/outcome_miss_state_mse": 0.004602371477613262,
      "h40/outcome_partial_episode_count": 3,
      "h40/outcome_partial_final_state_mse": 0.0021733830567278894,
      "h40/outcome_partial_state_mse": 0.0022797293522778678,
      "h40/outcome_success_episode_count": 3,
      "h40/outcome_success_final_state_mse": 0.0021538640451587102,
      "h40/outcome_success_state_mse": 0.0022876291493185204,
      "h40/state_mse": 0.0028909117256114684,
      "h50/episode_count": 15,
      "h50/final_state_mse": 0.002133895213307898,
      "h50/outcome_drop_episode_count": 3,
      "h50/outcome_drop_final_state_mse": 0.002382076181033078,
      "h50/outcome_drop_state_mse": 0.002408927188200109,
      "h50/outcome_jam_episode_count": 3,
      "h50/outcome_jam_final_state_mse": 0.002872613569100698,
      "h50/outcome_jam_state_mse": 0.0029070598003911037,
      "h50/outcome_miss_episode_count": 3,
      "h50/outcome_miss_final_state_mse": 0.0018310865837764118,
      "h50/outcome_miss_state_mse": 0.004060263789557164,
      "h50/outcome_partial_episode_count": 3,
      "h50/outcome_partial_final_state_mse": 0.0017567833800331439,
      "h50/outcome_partial_state_mse": 0.0022328084746217414,
      "h50/outcome_success_episode_count": 3,
      "h50/outcome_success_final_state_mse": 0.0018269168882588155,
      "h50/outcome_success_state_mse": 0.0022467847898894667,
      "h50/state_mse": 0.0027711686277701185,
      "h75/episode_count": 15,
      "h75/final_state_mse": 0.003769037146973454,
      "h75/outcome_drop_episode_count": 3,
      "h75/outcome_drop_final_state_mse": 0.0029163065007309506,
      "h75/outcome_drop_state_mse": 0.0024487427273087513,
      "h75/outcome_jam_episode_count": 3,
      "h75/outcome_jam_final_state_mse": 0.004781182684929542,
      "h75/outcome_jam_state_mse": 0.0030157164031384036,
      "h75/outcome_miss_episode_count": 3,
      "h75/outcome_miss_final_state_mse": 0.0046300711779812586,
      "h75/outcome_miss_state_mse": 0.0034545490372934113,
      "h75/outcome_partial_episode_count": 3,
      "h75/outcome_partial_final_state_mse": 0.002751704768028135,
      "h75/outcome_partial_state_mse": 0.00222510838560549,
      "h75/outcome_success_episode_count": 3,
      "h75/outcome_success_final_state_mse": 0.003765921431039673,
      "h75/outcome_success_state_mse": 0.002287362458139723,
      "h75/state_mse": 0.002686295785675381,
      "max_requested_horizon": 125,
      "reencode_period": 10,
      "rollout_mode": "periodic_10"
    },
    "periodic_100": {
      "episode_count": 15,
      "h10/episode_count": 15,
      "h10/final_state_mse": 0.0032823157466314976,
      "h10/outcome_drop_episode_count": 3,
      "h10/outcome_drop_final_state_mse": 0.002764988836704516,
      "h10/outcome_drop_state_mse": 0.0021272228044622084,
      "h10/outcome_jam_episode_count": 3,
      "h10/outcome_jam_final_state_mse": 0.0041919477235258015,
      "h10/outcome_jam_state_mse": 0.0027071301454032947,
      "h10/outcome_miss_episode_count": 3,
      "h10/outcome_miss_final_state_mse": 0.003899760933872921,
      "h10/outcome_miss_state_mse": 0.0099498677097894,
      "h10/outcome_partial_episode_count": 3,
      "h10/outcome_partial_final_state_mse": 0.0027812265736215256,
      "h10/outcome_partial_state_mse": 0.002041230365341785,
      "h10/outcome_success_episode_count": 3,
      "h10/outcome_success_final_state_mse": 0.0027736545923878163,
      "h10/outcome_success_state_mse": 0.0020567452985476822,
      "h10/state_mse": 0.0037764390932968237,
      "h100/episode_count": 15,
      "h100/final_state_mse": 124380.08888888889,
      "h100/outcome_drop_episode_count": 3,
      "h100/outcome_drop_final_state_mse": 113257.0931372549,
      "h100/outcome_drop_state_mse": 4995.7956862745095,
      "h100/outcome_jam_episode_count": 3,
      "h100/outcome_jam_final_state_mse": 119115.52614379085,
      "h100/outcome_jam_state_mse": 5289.703594771242,
      "h100/outcome_miss_episode_count": 3,
      "h100/outcome_miss_final_state_mse": 159432.85620915034,
      "h100/outcome_miss_state_mse": 7167.538039215687,
      "h100/outcome_partial_episode_count": 3,
      "h100/outcome_partial_final_state_mse": 115059.04575163398,
      "h100/outcome_partial_state_mse": 5097.493660130719,
      "h100/outcome_success_episode_count": 3,
      "h100/outcome_success_final_state_mse": 115035.94444444444,
      "h100/outcome_success_state_mse": 5087.2347712418305,
      "h100/state_mse": 5527.553673202614,
      "h125/episode_count": 15,
      "h125/final_state_mse": 26141.437908496733,
      "h125/outcome_drop_episode_count": 3,
      "h125/outcome_drop_final_state_mse": 14464.05739379085,
      "h125/outcome_drop_state_mse": 5861.327163398692,
      "h125/outcome_jam_episode_count": 3,
      "h125/outcome_jam_final_state_mse": 14785.203227124182,
      "h125/outcome_jam_state_mse": 6118.572078431373,
      "h125/outcome_miss_episode_count": 3,
      "h125/outcome_miss_final_state_mse": 71988.97467320261,
      "h125/outcome_miss_state_mse": 10409.56214379085,
      "h125/outcome_partial_episode_count": 3,
      "h125/outcome_partial_final_state_mse": 14697.710784313726,
      "h125/outcome_partial_state_mse": 5954.459241830065,
      "h125/outcome_success_episode_count": 3,
      "h125/outcome_success_final_state_mse": 14771.230392156862,
      "h125/outcome_success_state_mse": 5949.41845751634,
      "h125/state_mse": 6858.668339869281,
      "h20/episode_count": 15,
      "h20/final_state_mse": 0.0096506224738227,
      "h20/outcome_drop_episode_count": 3,
      "h20/outcome_drop_final_state_mse": 0.008869017943058138,
      "h20/outcome_drop_state_mse": 0.0038326152009901656,
      "h20/outcome_jam_episode_count": 3,
      "h20/outcome_jam_final_state_mse": 0.009799346522568099,
      "h20/outcome_jam_state_mse": 0.00434028256952373,
      "h20/outcome_miss_episode_count": 3,
      "h20/outcome_miss_final_state_mse": 0.011819692998150595,
      "h20/outcome_miss_state_mse": 0.008496107930451437,
      "h20/outcome_partial_episode_count": 3,
      "h20/outcome_partial_final_state_mse": 0.008894311154589933,
      "h20/outcome_partial_state_mse": 0.0037440731244928697,
      "h20/outcome_success_episode_count": 3,
      "h20/outcome_success_final_state_mse": 0.008870746672543046,
      "h20/outcome_success_state_mse": 0.0037568232592414407,
      "h20/state_mse": 0.004833980385774101,
      "h30/episode_count": 15,
      "h30/final_state_mse": 0.03256301879882813,
      "h30/outcome_drop_episode_count": 3,
      "h30/outcome_drop_final_state_mse": 0.029379370944951876,
      "h30/outcome_drop_state_mse": 0.008783878895711795,
      "h30/outcome_jam_episode_count": 3,
      "h30/outcome_jam_final_state_mse": 0.031173552952560725,
      "h30/outcome_jam_state_mse": 0.009297154204258471,
      "h30/outcome_miss_episode_count": 3,
      "h30/outcome_miss_final_state_mse": 0.04274149813683204,
      "h30/outcome_miss_state_mse": 0.014394499793291611,
      "h30/outcome_partial_episode_count": 3,
      "h30/outcome_partial_final_state_mse": 0.02981042043835509,
      "h30/outcome_partial_state_mse": 0.008699211004253046,
      "h30/outcome_success_episode_count": 3,
      "h30/outcome_success_final_state_mse": 0.029710258923324885,
      "h30/outcome_success_state_mse": 0.008680442215830152,
      "h30/state_mse": 0.00997103821997549,
      "h40/episode_count": 15,
      "h40/final_state_mse": 0.10768367792266646,
      "h40/outcome_drop_episode_count": 3,
      "h40/outcome_drop_final_state_mse": 0.09867641349243962,
      "h40/outcome_drop_state_mse": 0.02127804693832896,
      "h40/outcome_jam_episode_count": 3,
      "h40/outcome_jam_final_state_mse": 0.10137906105689753,
      "h40/outcome_jam_state_mse": 0.022152057036854862,
      "h40/outcome_miss_episode_count": 3,
      "h40/outcome_miss_final_state_mse": 0.13333532389472513,
      "h40/outcome_miss_state_mse": 0.029864169102089076,
      "h40/outcome_partial_episode_count": 3,
      "h40/outcome_partial_final_state_mse": 0.10202350335962632,
      "h40/outcome_partial_state_mse": 0.02167614986693937,
      "h40/outcome_success_episode_count": 3,
      "h40/outcome_success_final_state_mse": 0.10300409715939192,
      "h40/outcome_success_state_mse": 0.021666851230696137,
      "h40/state_mse": 0.02332745321435866,
      "h50/episode_count": 15,
      "h50/final_state_mse": 1.1553933536305148,
      "h50/outcome_drop_episode_count": 3,
      "h50/outcome_drop_final_state_mse": 0.8234982708700342,
      "h50/outcome_drop_state_mse": 0.09065392986621731,
      "h50/outcome_jam_episode_count": 3,
      "h50/outcome_jam_final_state_mse": 0.7546943839079414,
      "h50/outcome_jam_state_mse": 0.08514536041060304,
      "h50/outcome_miss_episode_count": 3,
      "h50/outcome_miss_final_state_mse": 2.621788274228962,
      "h50/outcome_miss_state_mse": 0.21216926125919117,
      "h50/outcome_partial_episode_count": 3,
      "h50/outcome_partial_final_state_mse": 0.7831916435092103,
      "h50/outcome_partial_state_mse": 0.08637817183351205,
      "h50/outcome_success_episode_count": 3,
      "h50/outcome_success_final_state_mse": 0.7937941956364252,
      "h50/outcome_success_state_mse": 0.08725846733143126,
      "h50/state_mse": 0.11232104013480392,
      "h75/episode_count": 15,
      "h75/final_state_mse": 323.7294117647059,
      "h75/outcome_drop_episode_count": 3,
      "h75/outcome_drop_final_state_mse": 291.82933134191177,
      "h75/outcome_drop_state_mse": 19.31177270561002,
      "h75/outcome_jam_episode_count": 3,
      "h75/outcome_jam_final_state_mse": 305.8254601970997,
      "h75/outcome_jam_state_mse": 19.86074584694989,
      "h75/outcome_miss_episode_count": 3,
      "h75/outcome_miss_final_state_mse": 421.4973703022876,
      "h75/outcome_miss_state_mse": 32.56212486383442,
      "h75/outcome_partial_episode_count": 3,
      "h75/outcome_partial_final_state_mse": 298.28416692197715,
      "h75/outcome_partial_state_mse": 19.411306338507625,
      "h75/outcome_success_episode_count": 3,
      "h75/outcome_success_final_state_mse": 301.21060559640523,
      "h75/outcome_success_state_mse": 19.68565461601307,
      "h75/state_mse": 22.166322440087146,
      "max_requested_horizon": 125,
      "reencode_period": 100,
      "rollout_mode": "periodic_100"
    },
    "periodic_2": {
      "episode_count": 15,
      "h10/episode_count": 15,
      "h10/final_state_mse": 0.002433334300720614,
      "h10/outcome_drop_episode_count": 3,
      "h10/outcome_drop_final_state_mse": 0.0015056964521314583,
      "h10/outcome_drop_state_mse": 0.0016820569053974028,
      "h10/outcome_jam_episode_count": 3,
      "h10/outcome_jam_final_state_mse": 0.0021903371207075183,
      "h10/outcome_jam_state_mse": 0.0021446880951426386,
      "h10/outcome_miss_episode_count": 3,
      "h10/outcome_miss_final_state_mse": 0.005749334063794877,
      "h10/outcome_miss_state_mse": 0.011237740360833462,
      "h10/outcome_partial_episode_count": 3,
      "h10/outcome_partial_final_state_mse": 0.0013561415321686689,
      "h10/outcome_partial_state_mse": 0.0015586368788301555,
      "h10/outcome_success_episode_count": 3,
      "h10/outcome_success_final_state_mse": 0.001365161823486191,
      "h10/outcome_success_state_mse": 0.0015768275151844897,
      "h10/state_mse": 0.0036399896160449856,
      "h100/episode_count": 15,
      "h100/final_state_mse": 0.0038217033436095792,
      "h100/outcome_drop_episode_count": 3,
      "h100/outcome_drop_final_state_mse": 0.004558857481658849,
      "h100/outcome_drop_state_mse": 0.003225622488782297,
      "h100/outcome_jam_episode_count": 3,
      "h100/outcome_jam_final_state_mse": 0.00280766383884779,
      "h100/outcome_jam_state_mse": 0.002941872278849284,
      "h100/outcome_miss_episode_count": 3,
      "h100/outcome_miss_final_state_mse": 0.0056791331838159,
      "h100/outcome_miss_state_mse": 0.004982396418752234,
      "h100/outcome_partial_episode_count": 3,
      "h100/outcome_partial_final_state_mse": 0.0029007335211716444,
      "h100/outcome_partial_state_mse": 0.002340872427996467,
      "h100/outcome_success_episode_count": 3,
      "h100/outcome_success_final_state_mse": 0.0031621293012612786,
      "h100/outcome_success_state_mse": 0.0024556426440968233,
      "h100/state_mse": 0.0031892811893637664,
      "h125/episode_count": 15,
      "h125/final_state_mse": 0.004807146546108271,
      "h125/outcome_drop_episode_count": 3,
      "h125/outcome_drop_final_state_mse": 0.006252184802410649,
      "h125/outcome_drop_state_mse": 0.0036331146339965022,
      "h125/outcome_jam_episode_count": 3,
      "h125/outcome_jam_final_state_mse": 0.004955364013809005,
      "h125/outcome_jam_state_mse": 0.0032241155088337417,
      "h125/outcome_miss_episode_count": 3,
      "h125/outcome_miss_final_state_mse": 0.006092359865802565,
      "h125/outcome_miss_state_mse": 0.005154256533953099,
      "h125/outcome_partial_episode_count": 3,
      "h125/outcome_partial_final_state_mse": 0.0026054852733425064,
      "h125/outcome_partial_state_mse": 0.0024063296847873263,
      "h125/outcome_success_episode_count": 3,
      "h125/outcome_success_final_state_mse": 0.0041303395056257065,
      "h125/outcome_success_state_mse": 0.0027102762858072916,
      "h125/state_mse": 0.003425618808721405,
      "h20/episode_count": 15,
      "h20/final_state_mse": 0.002643835778329887,
      "h20/outcome_drop_episode_count": 3,
      "h20/outcome_drop_final_state_mse": 0.0024881399924459023,
      "h20/outcome_drop_state_mse": 0.0017768424320844264,
      "h20/outcome_jam_episode_count": 3,
      "h20/outcome_jam_final_state_mse": 0.002535807443600075,
      "h20/outcome_jam_state_mse": 0.0022318880542431,
      "h20/outcome_miss_episode_count": 3,
      "h20/outcome_miss_final_state_mse": 0.003836244929070566,
      "h20/outcome_miss_state_mse": 0.007867967848684274,
      "h20/outcome_partial_episode_count": 3,
      "h20/outcome_partial_final_state_mse": 0.002174694480654461,
      "h20/outcome_partial_state_mse": 0.0016649968483868768,
      "h20/outcome_success_episode_count": 3,
      "h20/outcome_success_final_state_mse": 0.0021842929954622304,
      "h20/outcome_success_state_mse": 0.0016912788737053965,
      "h20/state_mse": 0.0030465950062072357,
      "h30/episode_count": 15,
      "h30/final_state_mse": 0.00284120709288354,
      "h30/outcome_drop_episode_count": 3,
      "h30/outcome_drop_final_state_mse": 0.0024233035548450123,
      "h30/outcome_drop_state_mse": 0.0019893080061037815,
      "h30/outcome_jam_episode_count": 3,
      "h30/outcome_jam_final_state_mse": 0.0029347039077406616,
      "h30/outcome_jam_state_mse": 0.0024491408291985005,
      "h30/outcome_miss_episode_count": 3,
      "h30/outcome_miss_final_state_mse": 0.004081829067538767,
      "h30/outcome_miss_state_mse": 0.006759710353444085,
      "h30/outcome_partial_episode_count": 3,
      "h30/outcome_partial_final_state_mse": 0.0023470537408309825,
      "h30/outcome_partial_state_mse": 0.0018875181545099662,
      "h30/outcome_success_episode_count": 3,
      "h30/outcome_success_final_state_mse": 0.0024191458143439947,
      "h30/outcome_success_state_mse": 0.0019135248427297556,
      "h30/state_mse": 0.002999840364476954,
      "h40/episode_count": 15,
      "h40/final_state_mse": 0.002732874053755617,
      "h40/outcome_drop_episode_count": 3,
      "h40/outcome_drop_final_state_mse": 0.002862724165121714,
      "h40/outcome_drop_state_mse": 0.0021508253477757274,
      "h40/outcome_jam_episode_count": 3,
      "h40/outcome_jam_final_state_mse": 0.002433658571414698,
      "h40/outcome_jam_state_mse": 0.0025291012003530863,
      "h40/outcome_miss_episode_count": 3,
      "h40/outcome_miss_final_state_mse": 0.0037579493098009644,
      "h40/outcome_miss_state_mse": 0.0060523033142089845,
      "h40/outcome_partial_episode_count": 3,
      "h40/outcome_partial_final_state_mse": 0.0023009737137875525,
      "h40/outcome_partial_state_mse": 0.001993197650691263,
      "h40/outcome_success_episode_count": 3,
      "h40/outcome_success_final_state_mse": 0.002309066213034337,
      "h40/outcome_success_state_mse": 0.002018461040422028,
      "h40/state_mse": 0.002948777691211576,
      "h50/episode_count": 15,
      "h50/final_state_mse": 0.0031422244177924264,
      "h50/outcome_drop_episode_count": 3,
      "h50/outcome_drop_final_state_mse": 0.0037236084151112177,
      "h50/outcome_drop_state_mse": 0.0025245733510435016,
      "h50/outcome_jam_episode_count": 3,
      "h50/outcome_jam_final_state_mse": 0.0034271197186575997,
      "h50/outcome_jam_state_mse": 0.002652858597001219,
      "h50/outcome_miss_episode_count": 3,
      "h50/outcome_miss_final_state_mse": 0.003615548408109378,
      "h50/outcome_miss_state_mse": 0.005587747361924913,
      "h50/outcome_partial_episode_count": 3,
      "h50/outcome_partial_final_state_mse": 0.002433040903674232,
      "h50/outcome_partial_state_mse": 0.002086539112664516,
      "h50/outcome_success_episode_count": 3,
      "h50/outcome_success_final_state_mse": 0.002511804594713099,
      "h50/outcome_success_state_mse": 0.002114696627348856,
      "h50/state_mse": 0.002993282941431781,
      "h75/episode_count": 15,
      "h75/final_state_mse": 0.0046299713109832965,
      "h75/outcome_drop_episode_count": 3,
      "h75/outcome_drop_final_state_mse": 0.004899387120031843,
      "h75/outcome_drop_state_mse": 0.003062226954109009,
      "h75/outcome_jam_episode_count": 3,
      "h75/outcome_jam_final_state_mse": 0.0043423233273761725,
      "h75/outcome_jam_state_mse": 0.002922047010434219,
      "h75/outcome_miss_episode_count": 3,
      "h75/outcome_miss_final_state_mse": 0.006462584669683494,
      "h75/outcome_miss_state_mse": 0.005289273895729082,
      "h75/outcome_partial_episode_count": 3,
      "h75/outcome_partial_final_state_mse": 0.0032859284893360014,
      "h75/outcome_partial_state_mse": 0.0022809046493895953,
      "h75/outcome_success_episode_count": 3,
      "h75/outcome_success_final_state_mse": 0.004159633825027865,
      "h75/outcome_success_state_mse": 0.002342462228014578,
      "h75/state_mse": 0.003179382989089733,
      "max_requested_horizon": 125,
      "reencode_period": 2,
      "rollout_mode": "periodic_2"
    },
    "periodic_20": {
      "episode_count": 15,
      "h10/episode_count": 15,
      "h10/final_state_mse": 0.0032823157466314976,
      "h10/outcome_drop_episode_count": 3,
      "h10/outcome_drop_final_state_mse": 0.002764988836704516,
      "h10/outcome_drop_state_mse": 0.0021272228044622084,
      "h10/outcome_jam_episode_count": 3,
      "h10/outcome_jam_final_state_mse": 0.0041919477235258015,
      "h10/outcome_jam_state_mse": 0.0027071301454032947,
      "h10/outcome_miss_episode_count": 3,
      "h10/outcome_miss_final_state_mse": 0.003899760933872921,
      "h10/outcome_miss_state_mse": 0.0099498677097894,
      "h10/outcome_partial_episode_count": 3,
      "h10/outcome_partial_final_state_mse": 0.0027812265736215256,
      "h10/outcome_partial_state_mse": 0.002041230365341785,
      "h10/outcome_success_episode_count": 3,
      "h10/outcome_success_final_state_mse": 0.0027736545923878163,
      "h10/outcome_success_state_mse": 0.0020567452985476822,
      "h10/state_mse": 0.0037764390932968237,
      "h100/episode_count": 15,
      "h100/final_state_mse": 0.013898479237275965,
      "h100/outcome_drop_episode_count": 3,
      "h100/outcome_drop_final_state_mse": 0.010750971978006799,
      "h100/outcome_drop_state_mse": 0.004606134003283931,
      "h100/outcome_jam_episode_count": 3,
      "h100/outcome_jam_final_state_mse": 0.016850703292422824,
      "h100/outcome_jam_state_mse": 0.005767254548914292,
      "h100/outcome_miss_episode_count": 3,
      "h100/outcome_miss_final_state_mse": 0.014644818757873735,
      "h100/outcome_miss_state_mse": 0.0061273442685993666,
      "h100/outcome_partial_episode_count": 3,
      "h100/outcome_partial_final_state_mse": 0.011365540471731448,
      "h100/outcome_partial_state_mse": 0.004505413591472152,
      "h100/outcome_success_episode_count": 3,
      "h100/outcome_success_final_state_mse": 0.015880361101985756,
      "h100/outcome_success_state_mse": 0.0051684928096197786,
      "h100/state_mse": 0.0052349279067095585,
      "h125/episode_count": 15,
      "h125/final_state_mse": 0.008058095445819929,
      "h125/outcome_drop_episode_count": 3,
      "h125/outcome_drop_final_state_mse": 0.006990625675207649,
      "h125/outcome_drop_state_mse": 0.0050702970417496425,
      "h125/outcome_jam_episode_count": 3,
      "h125/outcome_jam_final_state_mse": 0.009090519224117004,
      "h125/outcome_jam_state_mse": 0.006755053551368464,
      "h125/outcome_miss_episode_count": 3,
      "h125/outcome_miss_final_state_mse": 0.01097297132794374,
      "h125/outcome_miss_state_mse": 0.007343559913385927,
      "h125/outcome_partial_episode_count": 3,
      "h125/outcome_partial_final_state_mse": 0.007123143357389113,
      "h125/outcome_partial_state_mse": 0.005191809959660947,
      "h125/outcome_success_episode_count": 3,
      "h125/outcome_success_final_state_mse": 0.006113219007947086,
      "h125/outcome_success_state_mse": 0.006165104086882148,
      "h125/state_mse": 0.006105164292279411,
      "h20/episode_count": 15,
      "h20/final_state_mse": 0.0096506224738227,
      "h20/outcome_drop_episode_count": 3,
      "h20/outcome_drop_final_state_mse": 0.008869017943058138,
      "h20/outcome_drop_state_mse": 0.0038326152009901656,
      "h20/outcome_jam_episode_count": 3,
      "h20/outcome_jam_final_state_mse": 0.009799346522568099,
      "h20/outcome_jam_state_mse": 0.00434028256952373,
      "h20/outcome_miss_episode_count": 3,
      "h20/outcome_miss_final_state_mse": 0.011819692998150595,
      "h20/outcome_miss_state_mse": 0.008496107930451437,
      "h20/outcome_partial_episode_count": 3,
      "h20/outcome_partial_final_state_mse": 0.008894311154589933,
      "h20/outcome_partial_state_mse": 0.0037440731244928697,
      "h20/outcome_success_episode_count": 3,
      "h20/outcome_success_final_state_mse": 0.008870746672543046,
      "h20/outcome_success_state_mse": 0.0037568232592414407,
      "h20/state_mse": 0.004833980385774101,
      "h30/episode_count": 15,
      "h30/final_state_mse": 0.004228841557222254,
      "h30/outcome_drop_episode_count": 3,
      "h30/outcome_drop_final_state_mse": 0.0039879598843505955,
      "h30/outcome_drop_state_mse": 0.003937224365267619,
      "h30/outcome_jam_episode_count": 3,
      "h30/outcome_jam_final_state_mse": 0.004282368943582173,
      "h30/outcome_jam_state_mse": 0.004425449516778418,
      "h30/outcome_miss_episode_count": 3,
      "h30/outcome_miss_final_state_mse": 0.005047606243417154,
      "h30/outcome_miss_state_mse": 0.007532620274163539,
      "h30/outcome_partial_episode_count": 3,
      "h30/outcome_partial_final_state_mse": 0.0038836669493344874,
      "h30/outcome_partial_state_mse": 0.003828915427712833,
      "h30/outcome_success_episode_count": 3,
      "h30/outcome_success_final_state_mse": 0.003942605960213281,
      "h30/outcome_success_state_mse": 0.003841487618573091,
      "h30/state_mse": 0.004713139419721882,
      "h40/episode_count": 15,
      "h40/final_state_mse": 0.007011206633125255,
      "h40/outcome_drop_episode_count": 3,
      "h40/outcome_drop_final_state_mse": 0.005485110910110225,
      "h40/outcome_drop_state_mse": 0.004166364513970668,
      "h40/outcome_jam_episode_count": 3,
      "h40/outcome_jam_final_state_mse": 0.007287175339810988,
      "h40/outcome_jam_state_mse": 0.004761082440419914,
      "h40/outcome_miss_episode_count": 3,
      "h40/outcome_miss_final_state_mse": 0.007773751332089792,
      "h40/outcome_miss_state_mse": 0.0072076875399919894,
      "h40/outcome_partial_episode_count": 3,
      "h40/outcome_partial_final_state_mse": 0.0072462933710198,
      "h40/outcome_partial_state_mse": 0.00420187887023477,
      "h40/outcome_success_episode_count": 3,
      "h40/outcome_success_final_state_mse": 0.00726370406306647,
      "h40/outcome_success_state_mse": 0.004221995671590169,
      "h40/state_mse": 0.004911801705952563,
      "h50/episode_count": 15,
      "h50/final_state_mse": 0.0032721407273236442,
      "h50/outcome_drop_episode_count": 3,
      "h50/outcome_drop_final_state_mse": 0.003381601346084495,
      "h50/outcome_drop_state_mse": 0.004105321098776425,
      "h50/outcome_jam_episode_count": 3,
      "h50/outcome_jam_final_state_mse": 0.003912936311726477,
      "h50/outcome_jam_state_mse": 0.00463905932856541,
      "h50/outcome_miss_episode_count": 3,
      "h50/outcome_miss_final_state_mse": 0.0026805920441166247,
      "h50/outcome_miss_state_mse": 0.00634895748562283,
      "h50/outcome_partial_episode_count": 3,
      "h50/outcome_partial_final_state_mse": 0.0031534048661687017,
      "h50/outcome_partial_state_mse": 0.004059865552615496,
      "h50/outcome_success_episode_count": 3,
      "h50/outcome_success_final_state_mse": 0.0032321685815558713,
      "h50/outcome_success_state_mse": 0.0040848520067003034,
      "h50/state_mse": 0.004647610932393791,
      "h75/episode_count": 15,
      "h75/final_state_mse": 0.00556682387208627,
      "h75/outcome_drop_episode_count": 3,
      "h75/outcome_drop_final_state_mse": 0.005839598724265504,
      "h75/outcome_drop_state_mse": 0.004134853753648812,
      "h75/outcome_jam_episode_count": 3,
      "h75/outcome_jam_final_state_mse": 0.00627749807694379,
      "h75/outcome_jam_state_mse": 0.004646413632727397,
      "h75/outcome_miss_episode_count": 3,
      "h75/outcome_miss_final_state_mse": 0.0057660008178037755,
      "h75/outcome_miss_state_mse": 0.005723826838474648,
      "h75/outcome_partial_episode_count": 3,
      "h75/outcome_partial_final_state_mse": 0.004427576474114961,
      "h75/outcome_partial_state_mse": 0.0039873236612556805,
      "h75/outcome_success_episode_count": 3,
      "h75/outcome_success_final_state_mse": 0.00552344351422553,
      "h75/outcome_success_state_mse": 0.004058645202703206,
      "h75/state_mse": 0.00451021295019744,
      "max_requested_horizon": 125,
      "reencode_period": 20,
      "rollout_mode": "periodic_20"
    },
    "periodic_5": {
      "episode_count": 15,
      "h10/episode_count": 15,
      "h10/final_state_mse": 0.0023416955486621734,
      "h10/outcome_drop_episode_count": 3,
      "h10/outcome_drop_final_state_mse": 0.0018026855792485032,
      "h10/outcome_drop_state_mse": 0.001801961660385132,
      "h10/outcome_jam_episode_count": 3,
      "h10/outcome_jam_final_state_mse": 0.002653733918479845,
      "h10/outcome_jam_state_mse": 0.002295265634075489,
      "h10/outcome_miss_episode_count": 3,
      "h10/outcome_miss_final_state_mse": 0.003810811568708981,
      "h10/outcome_miss_state_mse": 0.010197223401537128,
      "h10/outcome_partial_episode_count": 3,
      "h10/outcome_partial_final_state_mse": 0.0017017078360700919,
      "h10/outcome_partial_state_mse": 0.0016963372822680505,
      "h10/outcome_success_episode_count": 3,
      "h10/outcome_success_final_state_mse": 0.0017395400825668784,
      "h10/outcome_success_state_mse": 0.0017235626582226722,
      "h10/state_mse": 0.0035428699169283598,
      "h100/episode_count": 15,
      "h100/final_state_mse": 0.0026182025086645988,
      "h100/outcome_drop_episode_count": 3,
      "h100/outcome_drop_final_state_mse": 0.0032520683762294793,
      "h100/outcome_drop_state_mse": 0.0024568034776675154,
      "h100/outcome_jam_episode_count": 3,
      "h100/outcome_jam_final_state_mse": 0.0025300517239991356,
      "h100/outcome_jam_state_mse": 0.002869980257321027,
      "h100/outcome_miss_episode_count": 3,
      "h100/outcome_miss_final_state_mse": 0.00205057370019894,
      "h100/outcome_miss_state_mse": 0.0033988682117337497,
      "h100/outcome_partial_episode_count": 3,
      "h100/outcome_partial_final_state_mse": 0.0019702539334889332,
      "h100/outcome_partial_state_mse": 0.0020183938780641243,
      "h100/outcome_success_episode_count": 3,
      "h100/outcome_success_final_state_mse": 0.0032880632998117435,
      "h100/outcome_success_state_mse": 0.002297951692070057,
      "h100/state_mse": 0.0026083994348064746,
      "h125/episode_count": 15,
      "h125/final_state_mse": 0.003854345184525633,
      "h125/outcome_drop_episode_count": 3,
      "h125/outcome_drop_final_state_mse": 0.004475787866349314,
      "h125/outcome_drop_state_mse": 0.0027479602589326746,
      "h125/outcome_jam_episode_count": 3,
      "h125/outcome_jam_final_state_mse": 0.004968095351667965,
      "h125/outcome_jam_state_mse": 0.00309444382611443,
      "h125/outcome_miss_episode_count": 3,
      "h125/outcome_miss_final_state_mse": 0.004671214501452602,
      "h125/outcome_miss_state_mse": 0.0034684247783586092,
      "h125/outcome_partial_episode_count": 3,
      "h125/outcome_partial_final_state_mse": 0.0019407695755849477,
      "h125/outcome_partial_state_mse": 0.0020299267737694036,
      "h125/outcome_success_episode_count": 3,
      "h125/outcome_success_final_state_mse": 0.0032158575318997204,
      "h125/outcome_success_state_mse": 0.002488713557424109,
      "h125/state_mse": 0.002765894033394608,
      "h20/episode_count": 15,
      "h20/final_state_mse": 0.0021591446758095737,
      "h20/outcome_drop_episode_count": 3,
      "h20/outcome_drop_final_state_mse": 0.002069664181642283,
      "h20/outcome_drop_state_mse": 0.0018139493231679878,
      "h20/outcome_jam_episode_count": 3,
      "h20/outcome_jam_final_state_mse": 0.0023994593351495033,
      "h20/outcome_jam_state_mse": 0.0023301259364957123,
      "h20/outcome_miss_episode_count": 3,
      "h20/outcome_miss_final_state_mse": 0.0026208220500182483,
      "h20/outcome_miss_state_mse": 0.006748746734818602,
      "h20/outcome_partial_episode_count": 3,
      "h20/outcome_partial_final_state_mse": 0.0018337773877421235,
      "h20/outcome_partial_state_mse": 0.0017075543310128007,
      "h20/outcome_success_episode_count": 3,
      "h20/outcome_success_final_state_mse": 0.0018720001323160782,
      "h20/outcome_success_state_mse": 0.0017379918908761217,
      "h20/state_mse": 0.0028676734874451084,
      "h30/episode_count": 15,
      "h30/final_state_mse": 0.0020615895589192706,
      "h30/outcome_drop_episode_count": 3,
      "h30/outcome_drop_final_state_mse": 0.0019126866816305647,
      "h30/outcome_drop_state_mse": 0.0018996499202869556,
      "h30/outcome_jam_episode_count": 3,
      "h30/outcome_jam_final_state_mse": 0.0022593184429056503,
      "h30/outcome_jam_state_mse": 0.002427832753050561,
      "h30/outcome_miss_episode_count": 3,
      "h30/outcome_miss_final_state_mse": 0.002340137422863954,
      "h30/outcome_miss_state_mse": 0.005399619416214023,
      "h30/outcome_partial_episode_count": 3,
      "h30/outcome_partial_final_state_mse": 0.0018660776024939968,
      "h30/outcome_partial_state_mse": 0.001796251522429888,
      "h30/outcome_success_episode_count": 3,
      "h30/outcome_success_final_state_mse": 0.0019297277420953988,
      "h30/outcome_success_state_mse": 0.001819995623528308,
      "h30/state_mse": 0.002668669789964597,
      "h40/episode_count": 15,
      "h40/final_state_mse": 0.0018660342771243425,
      "h40/outcome_drop_episode_count": 3,
      "h40/outcome_drop_final_state_mse": 0.002064178022099476,
      "h40/outcome_drop_state_mse": 0.001974639238095751,
      "h40/outcome_jam_episode_count": 3,
      "h40/outcome_jam_final_state_mse": 0.0017814799120613172,
      "h40/outcome_jam_state_mse": 0.002445537202498492,
      "h40/outcome_miss_episode_count": 3,
      "h40/outcome_miss_final_state_mse": 0.0020347531714470556,
      "h40/outcome_miss_state_mse": 0.0046349583887586405,
      "h40/outcome_partial_episode_count": 3,
      "h40/outcome_partial_final_state_mse": 0.001721446152800828,
      "h40/outcome_partial_state_mse": 0.0018448647720361846,
      "h40/outcome_success_episode_count": 3,
      "h40/outcome_success_final_state_mse": 0.001728313299370747,
      "h40/outcome_success_state_mse": 0.0018682085610682668,
      "h40/state_mse": 0.00255364162470001,
      "h50/episode_count": 15,
      "h50/final_state_mse": 0.0020867808971529694,
      "h50/outcome_drop_episode_count": 3,
      "h50/outcome_drop_final_state_mse": 0.0022200449960294113,
      "h50/outcome_drop_state_mse": 0.0021455218433554654,
      "h50/outcome_jam_episode_count": 3,
      "h50/outcome_jam_final_state_mse": 0.002877541568154603,
      "h50/outcome_jam_state_mse": 0.0024927047031377656,
      "h50/outcome_miss_episode_count": 3,
      "h50/outcome_miss_final_state_mse": 0.0016846426951339821,
      "h50/outcome_miss_state_mse": 0.004112987455978892,
      "h50/outcome_partial_episode_count": 3,
      "h50/outcome_partial_final_state_mse": 0.0018012966790230446,
      "h50/outcome_partial_state_mse": 0.0018684914532829733,
      "h50/outcome_success_episode_count": 3,
      "h50/outcome_success_final_state_mse": 0.00185037905873816,
      "h50/outcome_success_state_mse": 0.001893574427935033,
      "h50/state_mse": 0.0025026560266033495,
      "h75/episode_count": 15,
      "h75/final_state_mse": 0.003802321315590852,
      "h75/outcome_drop_episode_count": 3,
      "h75/outcome_drop_final_state_mse": 0.002744244204627143,
      "h75/outcome_drop_state_mse": 0.0023107022553487543,
      "h75/outcome_jam_episode_count": 3,
      "h75/outcome_jam_final_state_mse": 0.004402921285504609,
      "h75/outcome_jam_state_mse": 0.0027818452922347323,
      "h75/outcome_miss_episode_count": 3,
      "h75/outcome_miss_final_state_mse": 0.005168582976253984,
      "h75/outcome_miss_state_mse": 0.0036206689639288877,
      "h75/outcome_partial_episode_count": 3,
      "h75/outcome_partial_final_state_mse": 0.0029636769512899563,
      "h75/outcome_partial_state_mse": 0.00203129055712997,
      "h75/outcome_success_episode_count": 3,
      "h75/outcome_success_final_state_mse": 0.0037321803811328864,
      "h75/outcome_success_state_mse": 0.002093837754658884,
      "h75/state_mse": 0.0025676684410743463,
      "max_requested_horizon": 125,
      "reencode_period": 5,
      "rollout_mode": "periodic_5"
    },
    "periodic_50": {
      "episode_count": 15,
      "h10/episode_count": 15,
      "h10/final_state_mse": 0.0032823157466314976,
      "h10/outcome_drop_episode_count": 3,
      "h10/outcome_drop_final_state_mse": 0.002764988836704516,
      "h10/outcome_drop_state_mse": 0.0021272228044622084,
      "h10/outcome_jam_episode_count": 3,
      "h10/outcome_jam_final_state_mse": 0.0041919477235258015,
      "h10/outcome_jam_state_mse": 0.0027071301454032947,
      "h10/outcome_miss_episode_count": 3,
      "h10/outcome_miss_final_state_mse": 0.003899760933872921,
      "h10/outcome_miss_state_mse": 0.0099498677097894,
      "h10/outcome_partial_episode_count": 3,
      "h10/outcome_partial_final_state_mse": 0.0027812265736215256,
      "h10/outcome_partial_state_mse": 0.002041230365341785,
      "h10/outcome_success_episode_count": 3,
      "h10/outcome_success_final_state_mse": 0.0027736545923878163,
      "h10/outcome_success_state_mse": 0.0020567452985476822,
      "h10/state_mse": 0.0037764390932968237,
      "h100/episode_count": 15,
      "h100/final_state_mse": 163.35354370915033,
      "h100/outcome_drop_episode_count": 3,
      "h100/outcome_drop_final_state_mse": 127.90001085069444,
      "h100/outcome_drop_state_mse": 6.561617391748366,
      "h100/outcome_jam_episode_count": 3,
      "h100/outcome_jam_final_state_mse": 133.36230947457108,
      "h100/outcome_jam_state_mse": 6.87134516697304,
      "h100/outcome_miss_episode_count": 3,
      "h100/outcome_miss_final_state_mse": 303.039936938317,
      "h100/outcome_miss_state_mse": 17.974659415849672,
      "h100/outcome_partial_episode_count": 3,
      "h100/outcome_partial_final_state_mse": 122.00162361494077,
      "h100/outcome_partial_state_mse": 6.17964639501634,
      "h100/outcome_success_episode_count": 3,
      "h100/outcome_success_final_state_mse": 130.46383048662173,
      "h100/outcome_success_state_mse": 6.60751748876634,
      "h100/state_mse": 8.838958333333334,
      "h125/episode_count": 15,
      "h125/final_state_mse": 125.41938316993465,
      "h125/outcome_drop_episode_count": 3,
      "h125/outcome_drop_final_state_mse": 123.15723493987439,
      "h125/outcome_drop_state_mse": 11.01671977124183,
      "h125/outcome_jam_episode_count": 3,
      "h125/outcome_jam_final_state_mse": 131.2691147748162,
      "h125/outcome_jam_state_mse": 12.165107741013072,
      "h125/outcome_miss_episode_count": 3,
      "h125/outcome_miss_final_state_mse": 142.22172117544935,
      "h125/outcome_miss_state_mse": 22.01195343137255,
      "h125/outcome_partial_episode_count": 3,
      "h125/outcome_partial_final_state_mse": 110.53196407143587,
      "h125/outcome_partial_state_mse": 10.361448886846405,
      "h125/outcome_success_episode_count": 3,
      "h125/outcome_success_final_state_mse": 119.9169331469567,
      "h125/outcome_success_state_mse": 11.161947967728759,
      "h125/state_mse": 13.343433986928105,
      "h20/episode_count": 15,
      "h20/final_state_mse": 0.0096506224738227,
      "h20/outcome_drop_episode_count": 3,
      "h20/outcome_drop_final_state_mse": 0.008869017943058138,
      "h20/outcome_drop_state_mse": 0.0038326152009901656,
      "h20/outcome_jam_episode_count": 3,
      "h20/outcome_jam_final_state_mse": 0.009799346522568099,
      "h20/outcome_jam_state_mse": 0.00434028256952373,
      "h20/outcome_miss_episode_count": 3,
      "h20/outcome_miss_final_state_mse": 0.011819692998150595,
      "h20/outcome_miss_state_mse": 0.008496107930451437,
      "h20/outcome_partial_episode_count": 3,
      "h20/outcome_partial_final_state_mse": 0.008894311154589933,
      "h20/outcome_partial_state_mse": 0.0037440731244928697,
      "h20/outcome_success_episode_count": 3,
      "h20/outcome_success_final_state_mse": 0.008870746672543046,
      "h20/outcome_success_state_mse": 0.0037568232592414407,
      "h20/state_mse": 0.004833980385774101,
      "h30/episode_count": 15,
      "h30/final_state_mse": 0.03256301879882813,
      "h30/outcome_drop_episode_count": 3,
      "h30/outcome_drop_final_state_mse": 0.029379370944951876,
      "h30/outcome_drop_state_mse": 0.008783878895711795,
      "h30/outcome_jam_episode_count": 3,
      "h30/outcome_jam_final_state_mse": 0.031173552952560725,
      "h30/outcome_jam_state_mse": 0.009297154204258471,
      "h30/outcome_miss_episode_count": 3,
      "h30/outcome_miss_final_state_mse": 0.04274149813683204,
      "h30/outcome_miss_state_mse": 0.014394499793291611,
      "h30/outcome_partial_episode_count": 3,
      "h30/outcome_partial_final_state_mse": 0.02981042043835509,
      "h30/outcome_partial_state_mse": 0.008699211004253046,
      "h30/outcome_success_episode_count": 3,
      "h30/outcome_success_final_state_mse": 0.029710258923324885,
      "h30/outcome_success_state_mse": 0.008680442215830152,
      "h30/state_mse": 0.00997103821997549,
      "h40/episode_count": 15,
      "h40/final_state_mse": 0.10768367792266646,
      "h40/outcome_drop_episode_count": 3,
      "h40/outcome_drop_final_state_mse": 0.09867641349243962,
      "h40/outcome_drop_state_mse": 0.02127804693832896,
      "h40/outcome_jam_episode_count": 3,
      "h40/outcome_jam_final_state_mse": 0.10137906105689753,
      "h40/outcome_jam_state_mse": 0.022152057036854862,
      "h40/outcome_miss_episode_count": 3,
      "h40/outcome_miss_final_state_mse": 0.13333532389472513,
      "h40/outcome_miss_state_mse": 0.029864169102089076,
      "h40/outcome_partial_episode_count": 3,
      "h40/outcome_partial_final_state_mse": 0.10202350335962632,
      "h40/outcome_partial_state_mse": 0.02167614986693937,
      "h40/outcome_success_episode_count": 3,
      "h40/outcome_success_final_state_mse": 0.10300409715939192,
      "h40/outcome_success_state_mse": 0.021666851230696137,
      "h40/state_mse": 0.02332745321435866,
      "h50/episode_count": 15,
      "h50/final_state_mse": 1.1553933536305148,
      "h50/outcome_drop_episode_count": 3,
      "h50/outcome_drop_final_state_mse": 0.8234982708700342,
      "h50/outcome_drop_state_mse": 0.09065392986621731,
      "h50/outcome_jam_episode_count": 3,
      "h50/outcome_jam_final_state_mse": 0.7546943839079414,
      "h50/outcome_jam_state_mse": 0.08514536041060304,
      "h50/outcome_miss_episode_count": 3,
      "h50/outcome_miss_final_state_mse": 2.621788274228962,
      "h50/outcome_miss_state_mse": 0.21216926125919117,
      "h50/outcome_partial_episode_count": 3,
      "h50/outcome_partial_final_state_mse": 0.7831916435092103,
      "h50/outcome_partial_state_mse": 0.08637817183351205,
      "h50/outcome_success_episode_count": 3,
      "h50/outcome_success_final_state_mse": 0.7937941956364252,
      "h50/outcome_success_state_mse": 0.08725846733143126,
      "h50/state_mse": 0.11232104013480392,
      "h75/episode_count": 15,
      "h75/final_state_mse": 0.6369920518663195,
      "h75/outcome_drop_episode_count": 3,
      "h75/outcome_drop_final_state_mse": 0.6612148970560311,
      "h75/outcome_drop_state_mse": 0.13288608260144336,
      "h75/outcome_jam_episode_count": 3,
      "h75/outcome_jam_final_state_mse": 0.8056628283332375,
      "h75/outcome_jam_state_mse": 0.13185468686172386,
      "h75/outcome_miss_episode_count": 3,
      "h75/outcome_miss_final_state_mse": 0.45819003285925375,
      "h75/outcome_miss_state_mse": 0.21865893395118463,
      "h75/outcome_partial_episode_count": 3,
      "h75/outcome_partial_final_state_mse": 0.6106698964935502,
      "h75/outcome_partial_state_mse": 0.12111116961975762,
      "h75/outcome_success_episode_count": 3,
      "h75/outcome_success_final_state_mse": 0.6492225110920427,
      "h75/outcome_success_state_mse": 0.12455436357485702,
      "h75/state_mse": 0.14581304466230938,
      "max_requested_horizon": 125,
      "reencode_period": 50,
      "rollout_mode": "periodic_50"
    }
  },
  "split": "test",
  "support_alignment": {
    "contact_phase": {
      "contact_phase_family_ari": 0.0,
      "contact_phase_family_nmi": 0.0,
      "contact_phase_family_purity": 0.9996668887408394,
      "contact_phase_sample_count": 3002.0,
      "h_contact_phase_given_family": 0.0030002889533867266,
      "h_family_given_contact_phase": 0.0,
      "unique_contact_phase_count": 2.0,
      "unique_family_count": 1.0
    },
    "contact_phase_alignment_available": true,
    "evaluated_state_count": 3017,
    "family_count": 1,
    "mean_family_similarity": 0.6168525815010071,
    "mean_support_size": 249.4292343387471,
    "outcome_alignment_available": true,
    "outcome_state": {
      "h_family_given_outcome": 0.0,
      "h_outcome_given_family": 1.6094379124341005,
      "outcome_family_ari": 0.0,
      "outcome_family_nmi": 0.0,
      "outcome_family_purity": 0.2,
      "outcome_sample_count": 15.0,
      "unique_family_count": 1.0,
      "unique_outcome_count": 5.0
    },
    "status": "ok",
    "unassigned_state_fraction": 0.0,
    "validation_state_count": 2346
  },
  "support_threshold": 0.2
}
{
  "best_periodic_rollout": {
    "episode_count": 15,
    "h10/episode_count": 15,
    "h10/final_state_mse": 0.0023767558577793097,
    "h10/outcome_drop_episode_count": 3,
    "h10/outcome_drop_final_state_mse": 0.0018934170453766591,
    "h10/outcome_drop_state_mse": 0.0018741006165548088,
    "h10/outcome_jam_episode_count": 3,
    "h10/outcome_jam_final_state_mse": 0.0027393168873257106,
    "h10/outcome_jam_state_mse": 0.002369857301899031,
    "h10/outcome_miss_episode_count": 3,
    "h10/outcome_miss_final_state_mse": 0.0036248867126072153,
    "h10/outcome_miss_state_mse": 0.010057151707169277,
    "h10/outcome_partial_episode_count": 3,
    "h10/outcome_partial_final_state_mse": 0.0017958155108822717,
    "h10/outcome_partial_state_mse": 0.001773124972200082,
    "h10/outcome_success_episode_count": 3,
    "h10/outcome_success_final_state_mse": 0.0018303431814012964,
    "h10/outcome_success_state_mse": 0.0017993433802735571,
    "h10/selected_mode": "periodic_5",
    "h10/selected_period": 5,
    "h10/state_mse": 0.0035747159072776246,
    "h100/episode_count": 15,
    "h100/final_state_mse": 0.002582266751457663,
    "h100/outcome_drop_episode_count": 3,
    "h100/outcome_drop_final_state_mse": 0.0031186332013092787,
    "h100/outcome_drop_state_mse": 0.0024573174644919003,
    "h100/outcome_jam_episode_count": 3,
    "h100/outcome_jam_final_state_mse": 0.002559456949919657,
    "h100/outcome_jam_state_mse": 0.0028842475990843927,
    "h100/outcome_miss_episode_count": 3,
    "h100/outcome_miss_final_state_mse": 0.00204184035362761,
    "h100/outcome_miss_state_mse": 0.003357818827909582,
    "h100/outcome_partial_episode_count": 3,
    "h100/outcome_partial_final_state_mse": 0.001941056812510771,
    "h100/outcome_partial_state_mse": 0.001984929726793875,
    "h100/outcome_success_episode_count": 3,
    "h100/outcome_success_final_state_mse": 0.0032503455877304077,
    "h100/outcome_success_state_mse": 0.0022838701921350816,
    "h100/selected_mode": "periodic_5",
    "h100/selected_period": 5,
    "h100/state_mse": 0.002593637104907067,
    "h125/episode_count": 15,
    "h125/final_state_mse": 0.003783944697161905,
    "h125/outcome_drop_episode_count": 3,
    "h125/outcome_drop_final_state_mse": 0.004435904957110586,
    "h125/outcome_drop_state_mse": 0.0027434257557189543,
    "h125/outcome_jam_episode_count": 3,
    "h125/outcome_jam_final_state_mse": 0.004672461864995021,
    "h125/outcome_jam_state_mse": 0.0030804190542183672,
    "h125/outcome_miss_episode_count": 3,
    "h125/outcome_miss_final_state_mse": 0.0045898403314983145,
    "h125/outcome_miss_state_mse": 0.0034240940567714716,
    "h125/outcome_partial_episode_count": 3,
    "h125/outcome_partial_final_state_mse": 0.0019873461010409335,
    "h125/outcome_partial_state_mse": 0.0020038476083792892,
    "h125/outcome_success_episode_count": 3,
    "h125/outcome_success_final_state_mse": 0.0032341709616137485,
    "h125/outcome_success_state_mse": 0.002477508569854537,
    "h125/selected_mode": "periodic_5",
    "h125/selected_period": 5,
    "h125/state_mse": 0.002745859183517157,
    "h20/episode_count": 15,
    "h20/final_state_mse": 0.002165279824749317,
    "h20/outcome_drop_episode_count": 3,
    "h20/outcome_drop_final_state_mse": 0.0020912736654281616,
    "h20/outcome_drop_state_mse": 0.0018653540439855039,
    "h20/outcome_jam_episode_count": 3,
    "h20/outcome_jam_final_state_mse": 0.002426332313250872,
    "h20/outcome_jam_state_mse": 0.0023859860460742626,
    "h20/outcome_miss_episode_count": 3,
    "h20/outcome_miss_final_state_mse": 0.0025500650061111825,
    "h20/outcome_miss_state_mse": 0.0066076570087009005,
    "h20/outcome_partial_episode_count": 3,
    "h20/outcome_partial_final_state_mse": 0.001853847425747541,
    "h20/outcome_partial_state_mse": 0.0017598297471314473,
    "h20/outcome_success_episode_count": 3,
    "h20/outcome_success_final_state_mse": 0.0019048816627926296,
    "h20/outcome_success_state_mse": 0.0017902027547749039,
    "h20/selected_mode": "periodic_5",
    "h20/selected_period": 5,
    "h20/state_mse": 0.0028818058188444648,
    "h30/episode_count": 15,
    "h30/final_state_mse": 0.002014824611688751,
    "h30/outcome_drop_episode_count": 3,
    "h30/outcome_drop_final_state_mse": 0.0018825073014287388,
    "h30/outcome_drop_state_mse": 0.0019396767117618736,
    "h30/outcome_jam_episode_count": 3,
    "h30/outcome_jam_final_state_mse": 0.0022437166349560606,
    "h30/outcome_jam_state_mse": 0.002466375531713947,
    "h30/outcome_miss_episode_count": 3,
    "h30/outcome_miss_final_state_mse": 0.0021805179372332453,
    "h30/outcome_miss_state_mse": 0.005251016596044071,
    "h30/outcome_partial_episode_count": 3,
    "h30/outcome_partial_final_state_mse": 0.0018533496247007957,
    "h30/outcome_partial_state_mse": 0.0018374338388962423,
    "h30/outcome_success_episode_count": 3,
    "h30/outcome_success_final_state_mse": 0.0019140316331698224,
    "h30/outcome_success_state_mse": 0.001861739158630371,
    "h30/selected_mode": "periodic_5",
    "h30/selected_period": 5,
    "h30/state_mse": 0.0026712483258548646,
    "h40/episode_count": 15,
    "h40/final_state_mse": 0.0018033152312235115,
    "h40/outcome_drop_episode_count": 3,
    "h40/outcome_drop_final_state_mse": 0.0020173511717444153,
    "h40/outcome_drop_state_mse": 0.0019941989892448475,
    "h40/outcome_jam_episode_count": 3,
    "h40/outcome_jam_final_state_mse": 0.001709641219159357,
    "h40/outcome_jam_state_mse": 0.00245370003912184,
    "h40/outcome_miss_episode_count": 3,
    "h40/outcome_miss_final_state_mse": 0.001960766276502921,
    "h40/outcome_miss_state_mse": 0.004494262209125593,
    "h40/outcome_partial_episode_count": 3,
    "h40/outcome_partial_final_state_mse": 0.0016620541661003835,
    "h40/outcome_partial_state_mse": 0.0018562518303690393,
    "h40/outcome_success_episode_count": 3,
    "h40/outcome_success_final_state_mse": 0.0016667635417452046,
    "h40/outcome_success_state_mse": 0.0018810748664382236,
    "h40/selected_mode": "periodic_5",
    "h40/selected_period": 5,
    "h40/state_mse": 0.0025358975479026244,
    "h50/episode_count": 15,
    "h50/final_state_mse": 0.00204721182779549,
    "h50/outcome_drop_episode_count": 3,
    "h50/outcome_drop_final_state_mse": 0.002243800733993256,
    "h50/outcome_drop_state_mse": 0.002152940369898977,
    "h50/outcome_jam_episode_count": 3,
    "h50/outcome_jam_final_state_mse": 0.002800769811751796,
    "h50/outcome_jam_state_mse": 0.0024759230270884397,
    "h50/outcome_miss_episode_count": 3,
    "h50/outcome_miss_final_state_mse": 0.0016800500939484514,
    "h50/outcome_miss_state_mse": 0.003992506102019665,
    "h50/outcome_partial_episode_count": 3,
    "h50/outcome_partial_final_state_mse": 0.0017336717520663942,
    "h50/outcome_partial_state_mse": 0.0018531388550801994,
    "h50/outcome_success_episode_count": 3,
    "h50/outcome_success_final_state_mse": 0.0017777664306896186,
    "h50/outcome_success_state_mse": 0.001878842933505189,
    "h50/selected_mode": "periodic_5",
    "h50/selected_period": 5,
    "h50/state_mse": 0.0024706704133476308,
    "h75/episode_count": 15,
    "h75/final_state_mse": 0.003831975600298713,
    "h75/outcome_drop_episode_count": 3,
    "h75/outcome_drop_final_state_mse": 0.002794594497852076,
    "h75/outcome_drop_state_mse": 0.00232779342884072,
    "h75/outcome_jam_episode_count": 3,
    "h75/outcome_jam_final_state_mse": 0.004463807576232486,
    "h75/outcome_jam_state_mse": 0.002765190024781071,
    "h75/outcome_miss_episode_count": 3,
    "h75/outcome_miss_final_state_mse": 0.005255414379967583,
    "h75/outcome_miss_state_mse": 0.003552163317312602,
    "h75/outcome_partial_episode_count": 3,
    "h75/outcome_partial_final_state_mse": 0.0028948123792028116,
    "h75/outcome_partial_state_mse": 0.0020103620392045163,
    "h75/outcome_success_episode_count": 3,
    "h75/outcome_success_final_state_mse": 0.0037512502639122257,
    "h75/outcome_success_state_mse": 0.002075929662500851,
    "h75/selected_mode": "periodic_5",
    "h75/selected_period": 5,
    "h75/state_mse": 0.0025462877859477122,
    "max_requested_horizon": 125,
    "periodic_reencode_periods": [
      1,
      2,
      5,
      10,
      20,
      50,
      100
    ],
    "rollout_mode": "best_periodic"
  },
  "checkpoint": "runs/maniskill_insertion/perturbation_e20_5k_lista_refine_20260604_143125/lista_relu_a0p0075_sp1em4_loops3/seed2/checkpoint.pt",
  "checkpoint_step": 1500,
  "dataset": "data/maniskill/perturbation_assessment_seed0_e20/all_setups.npz",
  "device": "cuda",
  "family_jaccard": 0.4,
  "horizons": [
    10,
    20,
    30,
    40,
    50,
    75,
    100,
    125
  ],
  "labels_used_for_training": false,
  "periodic_reencode_periods": [
    1,
    2,
    5,
    10,
    20,
    50,
    100
  ],
  "rollout": {
    "episode_count": 15,
    "h10/episode_count": 15,
    "h10/final_state_mse": 0.003275662465812334,
    "h10/outcome_drop_episode_count": 3,
    "h10/outcome_drop_final_state_mse": 0.0027916391982751735,
    "h10/outcome_drop_state_mse": 0.002185836220099256,
    "h10/outcome_jam_episode_count": 3,
    "h10/outcome_jam_final_state_mse": 0.004186439163544599,
    "h10/outcome_jam_state_mse": 0.0027547264410779366,
    "h10/outcome_miss_episode_count": 3,
    "h10/outcome_miss_final_state_mse": 0.003805401108038971,
    "h10/outcome_miss_state_mse": 0.009880806418026194,
    "h10/outcome_partial_episode_count": 3,
    "h10/outcome_partial_final_state_mse": 0.0028022413014196883,
    "h10/outcome_partial_state_mse": 0.0021008681627660017,
    "h10/outcome_success_episode_count": 3,
    "h10/outcome_success_final_state_mse": 0.002792591314300213,
    "h10/outcome_success_state_mse": 0.002117992031807993,
    "h10/state_mse": 0.003808045730092167,
    "h100/episode_count": 15,
    "h100/final_state_mse": 124386.09150326798,
    "h100/outcome_drop_episode_count": 3,
    "h100/outcome_drop_final_state_mse": 108389.18464052287,
    "h100/outcome_drop_state_mse": 4924.341960784313,
    "h100/outcome_jam_episode_count": 3,
    "h100/outcome_jam_final_state_mse": 114479.65359477124,
    "h100/outcome_jam_state_mse": 5252.482026143791,
    "h100/outcome_miss_episode_count": 3,
    "h100/outcome_miss_final_state_mse": 179295.5,
    "h100/outcome_miss_state_mse": 7880.24954248366,
    "h100/outcome_partial_episode_count": 3,
    "h100/outcome_partial_final_state_mse": 109919.55392156863,
    "h100/outcome_partial_state_mse": 5033.703594771242,
    "h100/outcome_success_episode_count": 3,
    "h100/outcome_success_final_state_mse": 109846.54248366013,
    "h100/outcome_success_state_mse": 5023.393790849673,
    "h100/state_mse": 5622.833777777778,
    "h125/episode_count": 15,
    "h125/final_state_mse": 71548960.1254902,
    "h125/outcome_drop_episode_count": 3,
    "h125/outcome_drop_final_state_mse": 58829716.91503268,
    "h125/outcome_drop_state_mse": 2241113.0679215686,
    "h125/outcome_jam_episode_count": 3,
    "h125/outcome_jam_final_state_mse": 58539031.4248366,
    "h125/outcome_jam_state_mse": 2239385.5196862747,
    "h125/outcome_miss_episode_count": 3,
    "h125/outcome_miss_final_state_mse": 125326712.47058824,
    "h125/outcome_miss_state_mse": 4332302.791111111,
    "h125/outcome_partial_episode_count": 3,
    "h125/outcome_partial_final_state_mse": 57061254.69281046,
    "h125/outcome_partial_state_mse": 2185407.896261438,
    "h125/outcome_success_episode_count": 3,
    "h125/outcome_success_final_state_mse": 57988097.67320261,
    "h125/outcome_success_state_mse": 2212594.3600522876,
    "h125/state_mse": 2642160.684172549,
    "h20/episode_count": 15,
    "h20/final_state_mse": 0.00968336591533586,
    "h20/outcome_drop_episode_count": 3,
    "h20/outcome_drop_final_state_mse": 0.008848444016930324,
    "h20/outcome_drop_state_mse": 0.003838777542114258,
    "h20/outcome_jam_episode_count": 3,
    "h20/outcome_jam_final_state_mse": 0.009790362875445996,
    "h20/outcome_jam_state_mse": 0.004344822300804986,
    "h20/outcome_miss_episode_count": 3,
    "h20/outcome_miss_final_state_mse": 0.012052643143273646,
    "h20/outcome_miss_state_mse": 0.008463911605037115,
    "h20/outcome_partial_episode_count": 3,
    "h20/outcome_partial_final_state_mse": 0.008866884836963579,
    "h20/outcome_partial_state_mse": 0.0037449622855466953,
    "h20/outcome_success_episode_count": 3,
    "h20/outcome_success_final_state_mse": 0.00885849723628923,
    "h20/outcome_success_state_mse": 0.00375861642407436,
    "h20/state_mse": 0.004830218047098397,
    "h30/episode_count": 15,
    "h30/final_state_mse": 0.03352832420199525,
    "h30/outcome_drop_episode_count": 3,
    "h30/outcome_drop_final_state_mse": 0.030114156747955124,
    "h30/outcome_drop_state_mse": 0.008938010637536808,
    "h30/outcome_jam_episode_count": 3,
    "h30/outcome_jam_final_state_mse": 0.031663310294057806,
    "h30/outcome_jam_state_mse": 0.009448431467958006,
    "h30/outcome_miss_episode_count": 3,
    "h30/outcome_miss_final_state_mse": 0.04486650033713945,
    "h30/outcome_miss_state_mse": 0.014622434603622536,
    "h30/outcome_partial_episode_count": 3,
    "h30/outcome_partial_final_state_mse": 0.030524403051613202,
    "h30/outcome_partial_state_mse": 0.00886191033589814,
    "h30/outcome_success_episode_count": 3,
    "h30/outcome_success_final_state_mse": 0.030473258760240342,
    "h30/outcome_success_state_mse": 0.00884397170122932,
    "h30/state_mse": 0.010142951250595724,
    "h40/episode_count": 15,
    "h40/final_state_mse": 0.11470360849417892,
    "h40/outcome_drop_episode_count": 3,
    "h40/outcome_drop_final_state_mse": 0.09972007601868872,
    "h40/outcome_drop_state_mse": 0.021675376642763224,
    "h40/outcome_jam_episode_count": 3,
    "h40/outcome_jam_final_state_mse": 0.10512730187060786,
    "h40/outcome_jam_state_mse": 0.022600521760828354,
    "h40/outcome_miss_episode_count": 3,
    "h40/outcome_miss_final_state_mse": 0.15973112006592594,
    "h40/outcome_miss_state_mse": 0.03262823827905593,
    "h40/outcome_partial_episode_count": 3,
    "h40/outcome_partial_final_state_mse": 0.10382771492004395,
    "h40/outcome_partial_state_mse": 0.021981545367272072,
    "h40/outcome_success_episode_count": 3,
    "h40/outcome_success_final_state_mse": 0.10511181401271447,
    "h40/outcome_success_state_mse": 0.021994691113241358,
    "h40/state_mse": 0.024176075255948733,
    "h50/episode_count": 15,
    "h50/final_state_mse": 1.4085291245404412,
    "h50/outcome_drop_episode_count": 3,
    "h50/outcome_drop_final_state_mse": 1.0012696459402446,
    "h50/outcome_drop_state_mse": 0.10349123287824244,
    "h50/outcome_jam_episode_count": 3,
    "h50/outcome_jam_final_state_mse": 0.9151968363842933,
    "h50/outcome_jam_state_mse": 0.09726706810246885,
    "h50/outcome_miss_episode_count": 3,
    "h50/outcome_miss_final_state_mse": 3.183657178691789,
    "h50/outcome_miss_state_mse": 0.2549785459431168,
    "h50/outcome_partial_episode_count": 3,
    "h50/outcome_partial_final_state_mse": 0.9658078960343903,
    "h50/outcome_partial_state_mse": 0.10006629096137153,
    "h50/outcome_success_episode_count": 3,
    "h50/outcome_success_final_state_mse": 0.976713579464582,
    "h50/outcome_success_state_mse": 0.10113047680823632,
    "h50/state_mse": 0.13138671875,
    "h75/episode_count": 15,
    "h75/final_state_mse": 374.6706699346405,
    "h75/outcome_drop_episode_count": 3,
    "h75/outcome_drop_final_state_mse": 333.20130272160947,
    "h75/outcome_drop_state_mse": 21.55471592456427,
    "h75/outcome_jam_episode_count": 3,
    "h75/outcome_jam_final_state_mse": 348.8190933925654,
    "h75/outcome_jam_state_mse": 21.943545241013073,
    "h75/outcome_miss_episode_count": 3,
    "h75/outcome_miss_final_state_mse": 514.0424836601308,
    "h75/outcome_miss_state_mse": 39.933610430283224,
    "h75/outcome_partial_episode_count": 3,
    "h75/outcome_partial_final_state_mse": 336.81066176470586,
    "h75/outcome_partial_state_mse": 21.49518892973856,
    "h75/outcome_success_episode_count": 3,
    "h75/outcome_success_final_state_mse": 340.47976664624184,
    "h75/outcome_success_state_mse": 21.833715107570807,
    "h75/state_mse": 25.352156862745097,
    "max_requested_horizon": 125,
    "reencode_period": null,
    "rollout_mode": "no_reencode"
  },
  "rollout_modes": {
    "no_reencode": {
      "episode_count": 15,
      "h10/episode_count": 15,
      "h10/final_state_mse": 0.003275662465812334,
      "h10/outcome_drop_episode_count": 3,
      "h10/outcome_drop_final_state_mse": 0.0027916391982751735,
      "h10/outcome_drop_state_mse": 0.002185836220099256,
      "h10/outcome_jam_episode_count": 3,
      "h10/outcome_jam_final_state_mse": 0.004186439163544599,
      "h10/outcome_jam_state_mse": 0.0027547264410779366,
      "h10/outcome_miss_episode_count": 3,
      "h10/outcome_miss_final_state_mse": 0.003805401108038971,
      "h10/outcome_miss_state_mse": 0.009880806418026194,
      "h10/outcome_partial_episode_count": 3,
      "h10/outcome_partial_final_state_mse": 0.0028022413014196883,
      "h10/outcome_partial_state_mse": 0.0021008681627660017,
      "h10/outcome_success_episode_count": 3,
      "h10/outcome_success_final_state_mse": 0.002792591314300213,
      "h10/outcome_success_state_mse": 0.002117992031807993,
      "h10/state_mse": 0.003808045730092167,
      "h100/episode_count": 15,
      "h100/final_state_mse": 124386.09150326798,
      "h100/outcome_drop_episode_count": 3,
      "h100/outcome_drop_final_state_mse": 108389.18464052287,
      "h100/outcome_drop_state_mse": 4924.341960784313,
      "h100/outcome_jam_episode_count": 3,
      "h100/outcome_jam_final_state_mse": 114479.65359477124,
      "h100/outcome_jam_state_mse": 5252.482026143791,
      "h100/outcome_miss_episode_count": 3,
      "h100/outcome_miss_final_state_mse": 179295.5,
      "h100/outcome_miss_state_mse": 7880.24954248366,
      "h100/outcome_partial_episode_count": 3,
      "h100/outcome_partial_final_state_mse": 109919.55392156863,
      "h100/outcome_partial_state_mse": 5033.703594771242,
      "h100/outcome_success_episode_count": 3,
      "h100/outcome_success_final_state_mse": 109846.54248366013,
      "h100/outcome_success_state_mse": 5023.393790849673,
      "h100/state_mse": 5622.833777777778,
      "h125/episode_count": 15,
      "h125/final_state_mse": 71548960.1254902,
      "h125/outcome_drop_episode_count": 3,
      "h125/outcome_drop_final_state_mse": 58829716.91503268,
      "h125/outcome_drop_state_mse": 2241113.0679215686,
      "h125/outcome_jam_episode_count": 3,
      "h125/outcome_jam_final_state_mse": 58539031.4248366,
      "h125/outcome_jam_state_mse": 2239385.5196862747,
      "h125/outcome_miss_episode_count": 3,
      "h125/outcome_miss_final_state_mse": 125326712.47058824,
      "h125/outcome_miss_state_mse": 4332302.791111111,
      "h125/outcome_partial_episode_count": 3,
      "h125/outcome_partial_final_state_mse": 57061254.69281046,
      "h125/outcome_partial_state_mse": 2185407.896261438,
      "h125/outcome_success_episode_count": 3,
      "h125/outcome_success_final_state_mse": 57988097.67320261,
      "h125/outcome_success_state_mse": 2212594.3600522876,
      "h125/state_mse": 2642160.684172549,
      "h20/episode_count": 15,
      "h20/final_state_mse": 0.00968336591533586,
      "h20/outcome_drop_episode_count": 3,
      "h20/outcome_drop_final_state_mse": 0.008848444016930324,
      "h20/outcome_drop_state_mse": 0.003838777542114258,
      "h20/outcome_jam_episode_count": 3,
      "h20/outcome_jam_final_state_mse": 0.009790362875445996,
      "h20/outcome_jam_state_mse": 0.004344822300804986,
      "h20/outcome_miss_episode_count": 3,
      "h20/outcome_miss_final_state_mse": 0.012052643143273646,
      "h20/outcome_miss_state_mse": 0.008463911605037115,
      "h20/outcome_partial_episode_count": 3,
      "h20/outcome_partial_final_state_mse": 0.008866884836963579,
      "h20/outcome_partial_state_mse": 0.0037449622855466953,
      "h20/outcome_success_episode_count": 3,
      "h20/outcome_success_final_state_mse": 0.00885849723628923,
      "h20/outcome_success_state_mse": 0.00375861642407436,
      "h20/state_mse": 0.004830218047098397,
      "h30/episode_count": 15,
      "h30/final_state_mse": 0.03352832420199525,
      "h30/outcome_drop_episode_count": 3,
      "h30/outcome_drop_final_state_mse": 0.030114156747955124,
      "h30/outcome_drop_state_mse": 0.008938010637536808,
      "h30/outcome_jam_episode_count": 3,
      "h30/outcome_jam_final_state_mse": 0.031663310294057806,
      "h30/outcome_jam_state_mse": 0.009448431467958006,
      "h30/outcome_miss_episode_count": 3,
      "h30/outcome_miss_final_state_mse": 0.04486650033713945,
      "h30/outcome_miss_state_mse": 0.014622434603622536,
      "h30/outcome_partial_episode_count": 3,
      "h30/outcome_partial_final_state_mse": 0.030524403051613202,
      "h30/outcome_partial_state_mse": 0.00886191033589814,
      "h30/outcome_success_episode_count": 3,
      "h30/outcome_success_final_state_mse": 0.030473258760240342,
      "h30/outcome_success_state_mse": 0.00884397170122932,
      "h30/state_mse": 0.010142951250595724,
      "h40/episode_count": 15,
      "h40/final_state_mse": 0.11470360849417892,
      "h40/outcome_drop_episode_count": 3,
      "h40/outcome_drop_final_state_mse": 0.09972007601868872,
      "h40/outcome_drop_state_mse": 0.021675376642763224,
      "h40/outcome_jam_episode_count": 3,
      "h40/outcome_jam_final_state_mse": 0.10512730187060786,
      "h40/outcome_jam_state_mse": 0.022600521760828354,
      "h40/outcome_miss_episode_count": 3,
      "h40/outcome_miss_final_state_mse": 0.15973112006592594,
      "h40/outcome_miss_state_mse": 0.03262823827905593,
      "h40/outcome_partial_episode_count": 3,
      "h40/outcome_partial_final_state_mse": 0.10382771492004395,
      "h40/outcome_partial_state_mse": 0.021981545367272072,
      "h40/outcome_success_episode_count": 3,
      "h40/outcome_success_final_state_mse": 0.10511181401271447,
      "h40/outcome_success_state_mse": 0.021994691113241358,
      "h40/state_mse": 0.024176075255948733,
      "h50/episode_count": 15,
      "h50/final_state_mse": 1.4085291245404412,
      "h50/outcome_drop_episode_count": 3,
      "h50/outcome_drop_final_state_mse": 1.0012696459402446,
      "h50/outcome_drop_state_mse": 0.10349123287824244,
      "h50/outcome_jam_episode_count": 3,
      "h50/outcome_jam_final_state_mse": 0.9151968363842933,
      "h50/outcome_jam_state_mse": 0.09726706810246885,
      "h50/outcome_miss_episode_count": 3,
      "h50/outcome_miss_final_state_mse": 3.183657178691789,
      "h50/outcome_miss_state_mse": 0.2549785459431168,
      "h50/outcome_partial_episode_count": 3,
      "h50/outcome_partial_final_state_mse": 0.9658078960343903,
      "h50/outcome_partial_state_mse": 0.10006629096137153,
      "h50/outcome_success_episode_count": 3,
      "h50/outcome_success_final_state_mse": 0.976713579464582,
      "h50/outcome_success_state_mse": 0.10113047680823632,
      "h50/state_mse": 0.13138671875,
      "h75/episode_count": 15,
      "h75/final_state_mse": 374.6706699346405,
      "h75/outcome_drop_episode_count": 3,
      "h75/outcome_drop_final_state_mse": 333.20130272160947,
      "h75/outcome_drop_state_mse": 21.55471592456427,
      "h75/outcome_jam_episode_count": 3,
      "h75/outcome_jam_final_state_mse": 348.8190933925654,
      "h75/outcome_jam_state_mse": 21.943545241013073,
      "h75/outcome_miss_episode_count": 3,
      "h75/outcome_miss_final_state_mse": 514.0424836601308,
      "h75/outcome_miss_state_mse": 39.933610430283224,
      "h75/outcome_partial_episode_count": 3,
      "h75/outcome_partial_final_state_mse": 336.81066176470586,
      "h75/outcome_partial_state_mse": 21.49518892973856,
      "h75/outcome_success_episode_count": 3,
      "h75/outcome_success_final_state_mse": 340.47976664624184,
      "h75/outcome_success_state_mse": 21.833715107570807,
      "h75/state_mse": 25.352156862745097,
      "max_requested_horizon": 125,
      "reencode_period": null,
      "rollout_mode": "no_reencode"
    },
    "periodic_1": {
      "episode_count": 15,
      "h10/episode_count": 15,
      "h10/final_state_mse": 0.003121294383130042,
      "h10/outcome_drop_episode_count": 3,
      "h10/outcome_drop_final_state_mse": 0.001636208515930799,
      "h10/outcome_drop_state_mse": 0.0017567009707681494,
      "h10/outcome_jam_episode_count": 3,
      "h10/outcome_jam_final_state_mse": 0.0021484535114437925,
      "h10/outcome_jam_state_mse": 0.0022585487833210066,
      "h10/outcome_miss_episode_count": 3,
      "h10/outcome_miss_final_state_mse": 0.008564795641338123,
      "h10/outcome_miss_state_mse": 0.012762585496590808,
      "h10/outcome_partial_episode_count": 3,
      "h10/outcome_partial_final_state_mse": 0.001636229138943105,
      "h10/outcome_partial_state_mse": 0.001662407747281143,
      "h10/outcome_success_episode_count": 3,
      "h10/outcome_success_final_state_mse": 0.0016207844992868262,
      "h10/outcome_success_state_mse": 0.001684050544414645,
      "h10/state_mse": 0.004024858661726409,
      "h100/episode_count": 15,
      "h100/final_state_mse": 0.010376040140787761,
      "h100/outcome_drop_episode_count": 3,
      "h100/outcome_drop_final_state_mse": 0.008250430713292041,
      "h100/outcome_drop_state_mse": 0.004705273372675079,
      "h100/outcome_jam_episode_count": 3,
      "h100/outcome_jam_final_state_mse": 0.006203517902131174,
      "h100/outcome_jam_state_mse": 0.003915920382231669,
      "h100/outcome_miss_episode_count": 3,
      "h100/outcome_miss_final_state_mse": 0.027877321430281096,
      "h100/outcome_miss_state_mse": 0.016501962250354243,
      "h100/outcome_partial_episode_count": 3,
      "h100/outcome_partial_final_state_mse": 0.004288417110645693,
      "h100/outcome_partial_state_mse": 0.0030739342309291065,
      "h100/outcome_success_episode_count": 3,
      "h100/outcome_success_final_state_mse": 0.005260512427566877,
      "h100/outcome_success_state_mse": 0.0032251430960262522,
      "h100/state_mse": 0.006284446566712623,
      "h125/episode_count": 15,
      "h125/final_state_mse": 0.011145960739235473,
      "h125/outcome_drop_episode_count": 3,
      "h125/outcome_drop_final_state_mse": 0.0054171357571689135,
      "h125/outcome_drop_state_mse": 0.0054023677850860395,
      "h125/outcome_jam_episode_count": 3,
      "h125/outcome_jam_final_state_mse": 0.010111248181536307,
      "h125/outcome_jam_state_mse": 0.005030947317484937,
      "h125/outcome_miss_episode_count": 3,
      "h125/outcome_miss_final_state_mse": 0.02796990643529331,
      "h125/outcome_miss_state_mse": 0.0202429434583078,
      "h125/outcome_partial_episode_count": 3,
      "h125/outcome_partial_final_state_mse": 0.0027439065423666264,
      "h125/outcome_partial_state_mse": 0.003082357818005132,
      "h125/outcome_success_episode_count": 3,
      "h125/outcome_success_final_state_mse": 0.009487605270217447,
      "h125/outcome_success_state_mse": 0.0038562272514393128,
      "h125/state_mse": 0.0075229696435866016,
      "h20/episode_count": 15,
      "h20/final_state_mse": 0.008788054597144034,
      "h20/outcome_drop_episode_count": 3,
      "h20/outcome_drop_final_state_mse": 0.002798833926908331,
      "h20/outcome_drop_state_mse": 0.0020717806675854852,
      "h20/outcome_jam_episode_count": 3,
      "h20/outcome_jam_final_state_mse": 0.0030838335845984667,
      "h20/outcome_jam_state_mse": 0.002529726347892113,
      "h20/outcome_miss_episode_count": 3,
      "h20/outcome_miss_final_state_mse": 0.03290542629030016,
      "h20/outcome_miss_state_mse": 0.01670978770536535,
      "h20/outcome_partial_episode_count": 3,
      "h20/outcome_partial_final_state_mse": 0.00255853346749848,
      "h20/outcome_partial_state_mse": 0.0019704799636516696,
      "h20/outcome_success_episode_count": 3,
      "h20/outcome_success_final_state_mse": 0.002593650537378648,
      "h20/outcome_success_state_mse": 0.0020006195002911136,
      "h20/state_mse": 0.005056478961620456,
      "h30/episode_count": 15,
      "h30/final_state_mse": 0.005597727906470206,
      "h30/outcome_drop_episode_count": 3,
      "h30/outcome_drop_final_state_mse": 0.002660183394266889,
      "h30/outcome_drop_state_mse": 0.0021878035239924014,
      "h30/outcome_jam_episode_count": 3,
      "h30/outcome_jam_final_state_mse": 0.003189534581954183,
      "h30/outcome_jam_state_mse": 0.00265892294756987,
      "h30/outcome_miss_episode_count": 3,
      "h30/outcome_miss_final_state_mse": 0.016887903213500977,
      "h30/outcome_miss_state_mse": 0.01886643677755119,
      "h30/outcome_partial_episode_count": 3,
      "h30/outcome_partial_final_state_mse": 0.00260809073650759,
      "h30/outcome_partial_state_mse": 0.002103944905183414,
      "h30/outcome_success_episode_count": 3,
      "h30/outcome_success_final_state_mse": 0.002642927995694229,
      "h30/outcome_success_state_mse": 0.0021250171079614842,
      "h30/state_mse": 0.005588425447218818,
      "h40/episode_count": 15,
      "h40/final_state_mse": 0.006087192834592333,
      "h40/outcome_drop_episode_count": 3,
      "h40/outcome_drop_final_state_mse": 0.00352185482487959,
      "h40/outcome_drop_state_mse": 0.0024420525513443292,
      "h40/outcome_jam_episode_count": 3,
      "h40/outcome_jam_final_state_mse": 0.002769917590555802,
      "h40/outcome_jam_state_mse": 0.0027326041966481925,
      "h40/outcome_miss_episode_count": 3,
      "h40/outcome_miss_final_state_mse": 0.018960379502352548,
      "h40/outcome_miss_state_mse": 0.018862400802911496,
      "h40/outcome_partial_episode_count": 3,
      "h40/outcome_partial_final_state_mse": 0.002557075442441928,
      "h40/outcome_partial_state_mse": 0.002199235266330195,
      "h40/outcome_success_episode_count": 3,
      "h40/outcome_success_final_state_mse": 0.0026267376892706927,
      "h40/outcome_success_state_mse": 0.0022219540246951035,
      "h40/state_mse": 0.005691649493049173,
      "h50/episode_count": 15,
      "h50/final_state_mse": 0.006740369360431347,
      "h50/outcome_drop_episode_count": 3,
      "h50/outcome_drop_final_state_mse": 0.005608177360366373,
      "h50/outcome_drop_state_mse": 0.003055133071600222,
      "h50/outcome_jam_episode_count": 3,
      "h50/outcome_jam_final_state_mse": 0.004431494456880233,
      "h50/outcome_jam_state_mse": 0.0029504681256861467,
      "h50/outcome_miss_episode_count": 3,
      "h50/outcome_miss_final_state_mse": 0.01743554280084722,
      "h50/outcome_miss_state_mse": 0.018566324321273104,
      "h50/outcome_partial_episode_count": 3,
      "h50/outcome_partial_final_state_mse": 0.0030897335678923363,
      "h50/outcome_partial_state_mse": 0.0023613585989459666,
      "h50/outcome_success_episode_count": 3,
      "h50/outcome_success_final_state_mse": 0.0031369006614279903,
      "h50/outcome_success_state_mse": 0.002399343571631737,
      "h50/state_mse": 0.005866525687423406,
      "h75/episode_count": 15,
      "h75/final_state_mse": 0.008056867512222989,
      "h75/outcome_drop_episode_count": 3,
      "h75/outcome_drop_final_state_mse": 0.008050993474480373,
      "h75/outcome_drop_state_mse": 0.004208933844805283,
      "h75/outcome_jam_episode_count": 3,
      "h75/outcome_jam_final_state_mse": 0.0073370639405219385,
      "h75/outcome_jam_state_mse": 0.003623903810588363,
      "h75/outcome_miss_episode_count": 3,
      "h75/outcome_miss_final_state_mse": 0.014334926028656804,
      "h75/outcome_miss_state_mse": 0.017652443281186172,
      "h75/outcome_partial_episode_count": 3,
      "h75/outcome_partial_final_state_mse": 0.004790268448832767,
      "h75/outcome_partial_state_mse": 0.0028331103356055965,
      "h75/outcome_success_episode_count": 3,
      "h75/outcome_success_final_state_mse": 0.005771085181657006,
      "h75/outcome_success_state_mse": 0.0029288737810255396,
      "h75/state_mse": 0.006249452678206699,
      "max_requested_horizon": 125,
      "reencode_period": 1,
      "rollout_mode": "periodic_1"
    },
    "periodic_10": {
      "episode_count": 15,
      "h10/episode_count": 15,
      "h10/final_state_mse": 0.003275662465812334,
      "h10/outcome_drop_episode_count": 3,
      "h10/outcome_drop_final_state_mse": 0.0027916390034887525,
      "h10/outcome_drop_state_mse": 0.0021858364148856766,
      "h10/outcome_jam_episode_count": 3,
      "h10/outcome_jam_final_state_mse": 0.004186438579185337,
      "h10/outcome_jam_state_mse": 0.002754726557949789,
      "h10/outcome_miss_episode_count": 3,
      "h10/outcome_miss_final_state_mse": 0.0038054009619491553,
      "h10/outcome_miss_state_mse": 0.009880805950538784,
      "h10/outcome_partial_episode_count": 3,
      "h10/outcome_partial_final_state_mse": 0.002802241009240057,
      "h10/outcome_partial_state_mse": 0.002100867967979581,
      "h10/outcome_success_episode_count": 3,
      "h10/outcome_success_final_state_mse": 0.0027925918012662652,
      "h10/outcome_success_state_mse": 0.0021179921097225613,
      "h10/state_mse": 0.003808045730092167,
      "h100/episode_count": 15,
      "h100/final_state_mse": 0.0029875957887936263,
      "h100/outcome_drop_episode_count": 3,
      "h100/outcome_drop_final_state_mse": 0.0028988904033611022,
      "h100/outcome_drop_state_mse": 0.002571740991928998,
      "h100/outcome_jam_episode_count": 3,
      "h100/outcome_jam_final_state_mse": 0.0038852451576126944,
      "h100/outcome_jam_state_mse": 0.003305524813583474,
      "h100/outcome_miss_episode_count": 3,
      "h100/outcome_miss_final_state_mse": 0.0019235442471660041,
      "h100/outcome_miss_state_mse": 0.0031936923506992315,
      "h100/outcome_partial_episode_count": 3,
      "h100/outcome_partial_final_state_mse": 0.0022695057240186955,
      "h100/outcome_partial_state_mse": 0.00219531850877151,
      "h100/outcome_success_episode_count": 3,
      "h100/outcome_success_final_state_mse": 0.003960792876146977,
      "h100/outcome_success_state_mse": 0.0026148850933399074,
      "h100/state_mse": 0.002776232351664624,
      "h125/episode_count": 15,
      "h125/final_state_mse": 0.003464922562144161,
      "h125/outcome_drop_episode_count": 3,
      "h125/outcome_drop_final_state_mse": 0.004186928320943919,
      "h125/outcome_drop_state_mse": 0.0028634934768178104,
      "h125/outcome_jam_episode_count": 3,
      "h125/outcome_jam_final_state_mse": 0.004996855274524564,
      "h125/outcome_jam_state_mse": 0.0035755473616855596,
      "h125/outcome_miss_episode_count": 3,
      "h125/outcome_miss_final_state_mse": 0.0026576758356265774,
      "h125/outcome_miss_state_mse": 0.0030070696562723397,
      "h125/outcome_partial_episode_count": 3,
      "h125/outcome_partial_final_state_mse": 0.0022942202737907956,
      "h125/outcome_partial_state_mse": 0.002220611572265625,
      "h125/outcome_success_episode_count": 3,
      "h125/outcome_success_final_state_mse": 0.003188933324969672,
      "h125/outcome_success_state_mse": 0.0028069117926304635,
      "h125/state_mse": 0.002894726881638072,
      "h20/episode_count": 15,
      "h20/final_state_mse": 0.003135741614048777,
      "h20/outcome_drop_episode_count": 3,
      "h20/outcome_drop_final_state_mse": 0.002977801060754489,
      "h20/outcome_drop_state_mse": 0.002381738922954385,
      "h20/outcome_jam_episode_count": 3,
      "h20/outcome_jam_final_state_mse": 0.003527383009592692,
      "h20/outcome_jam_state_mse": 0.0029683440339331535,
      "h20/outcome_miss_episode_count": 3,
      "h20/outcome_miss_final_state_mse": 0.0034504997136156545,
      "h20/outcome_miss_state_mse": 0.006606803844177645,
      "h20/outcome_partial_episode_count": 3,
      "h20/outcome_partial_final_state_mse": 0.0028487979099641437,
      "h20/outcome_partial_state_mse": 0.002301816535151862,
      "h20/outcome_success_episode_count": 3,
      "h20/outcome_success_final_state_mse": 0.0028742280563497855,
      "h20/outcome_success_state_mse": 0.0023162258995903864,
      "h20/state_mse": 0.0033149858861187703,
      "h30/episode_count": 15,
      "h30/final_state_mse": 0.0026887267243628408,
      "h30/outcome_drop_episode_count": 3,
      "h30/outcome_drop_final_state_mse": 0.0026005211414075365,
      "h30/outcome_drop_state_mse": 0.002421326990480776,
      "h30/outcome_jam_episode_count": 3,
      "h30/outcome_jam_final_state_mse": 0.0030181876876774955,
      "h30/outcome_jam_state_mse": 0.003010659643767446,
      "h30/outcome_miss_episode_count": 3,
      "h30/outcome_miss_final_state_mse": 0.0027073881789749744,
      "h30/outcome_miss_state_mse": 0.005342719134162454,
      "h30/outcome_partial_episode_count": 3,
      "h30/outcome_partial_final_state_mse": 0.002518893749106164,
      "h30/outcome_partial_state_mse": 0.0023336105876498752,
      "h30/outcome_success_episode_count": 3,
      "h30/outcome_success_final_state_mse": 0.002598642694209915,
      "h30/outcome_success_state_mse": 0.002345764039648384,
      "h30/state_mse": 0.003090816323274101,
      "h40/episode_count": 15,
      "h40/final_state_mse": 0.00212351746029324,
      "h40/outcome_drop_episode_count": 3,
      "h40/outcome_drop_final_state_mse": 0.0020766039105022654,
      "h40/outcome_drop_state_mse": 0.0024181960454953263,
      "h40/outcome_jam_episode_count": 3,
      "h40/outcome_jam_final_state_mse": 0.0023541216756783278,
      "h40/outcome_jam_state_mse": 0.00297099963512296,
      "h40/outcome_miss_episode_count": 3,
      "h40/outcome_miss_final_state_mse": 0.001933860622979457,
      "h40/outcome_miss_state_mse": 0.0045528870782041864,
      "h40/outcome_partial_episode_count": 3,
      "h40/outcome_partial_final_state_mse": 0.002135031363543342,
      "h40/outcome_partial_state_mse": 0.0023216566229178237,
      "h40/outcome_success_episode_count": 3,
      "h40/outcome_success_final_state_mse": 0.002117969582672992,
      "h40/outcome_success_state_mse": 0.0023342633559033763,
      "h40/state_mse": 0.0029196004929885368,
      "h50/episode_count": 15,
      "h50/final_state_mse": 0.002139163640589496,
      "h50/outcome_drop_episode_count": 3,
      "h50/outcome_drop_final_state_mse": 0.002388373163400912,
      "h50/outcome_drop_state_mse": 0.0024505941852245457,
      "h50/outcome_jam_episode_count": 3,
      "h50/outcome_jam_final_state_mse": 0.0028983046805936526,
      "h50/outcome_jam_state_mse": 0.002936917909609726,
      "h50/outcome_miss_episode_count": 3,
      "h50/outcome_miss_final_state_mse": 0.001854801976602841,
      "h50/outcome_miss_state_mse": 0.004023709515340967,
      "h50/outcome_partial_episode_count": 3,
      "h50/outcome_partial_final_state_mse": 0.001744680666650822,
      "h50/outcome_partial_state_mse": 0.0022568066914876303,
      "h50/outcome_success_episode_count": 3,
      "h50/outcome_success_final_state_mse": 0.00180965844614833,
      "h50/outcome_success_state_mse": 0.0022746253792756523,
      "h50/state_mse": 0.002788530736187704,
      "h75/episode_count": 15,
      "h75/final_state_mse": 0.003858660404978235,
      "h75/outcome_drop_episode_count": 3,
      "h75/outcome_drop_final_state_mse": 0.003022817614810919,
      "h75/outcome_drop_state_mse": 0.0024994053975689124,
      "h75/outcome_jam_episode_count": 3,
      "h75/outcome_jam_final_state_mse": 0.004867208938972622,
      "h75/outcome_jam_state_mse": 0.0030411011772737526,
      "h75/outcome_miss_episode_count": 3,
      "h75/outcome_miss_final_state_mse": 0.004846699389756895,
      "h75/outcome_miss_state_mse": 0.0034549076520799292,
      "h75/outcome_partial_episode_count": 3,
      "h75/outcome_partial_final_state_mse": 0.002728867764566459,
      "h75/outcome_partial_state_mse": 0.0022441385722108396,
      "h75/outcome_success_episode_count": 3,
      "h75/outcome_success_final_state_mse": 0.003827708316784279,
      "h75/outcome_success_state_mse": 0.0023123187229264538,
      "h75/state_mse": 0.0027103742213031045,
      "max_requested_horizon": 125,
      "reencode_period": 10,
      "rollout_mode": "periodic_10"
    },
    "periodic_100": {
      "episode_count": 15,
      "h10/episode_count": 15,
      "h10/final_state_mse": 0.003275662465812334,
      "h10/outcome_drop_episode_count": 3,
      "h10/outcome_drop_final_state_mse": 0.0027916390034887525,
      "h10/outcome_drop_state_mse": 0.0021858364148856766,
      "h10/outcome_jam_episode_count": 3,
      "h10/outcome_jam_final_state_mse": 0.004186438579185337,
      "h10/outcome_jam_state_mse": 0.002754726557949789,
      "h10/outcome_miss_episode_count": 3,
      "h10/outcome_miss_final_state_mse": 0.0038054009619491553,
      "h10/outcome_miss_state_mse": 0.009880805950538784,
      "h10/outcome_partial_episode_count": 3,
      "h10/outcome_partial_final_state_mse": 0.002802241009240057,
      "h10/outcome_partial_state_mse": 0.002100867967979581,
      "h10/outcome_success_episode_count": 3,
      "h10/outcome_success_final_state_mse": 0.0027925918012662652,
      "h10/outcome_success_state_mse": 0.0021179921097225613,
      "h10/state_mse": 0.003808045730092167,
      "h100/episode_count": 15,
      "h100/final_state_mse": 124386.08104575163,
      "h100/outcome_drop_episode_count": 3,
      "h100/outcome_drop_final_state_mse": 108389.1568627451,
      "h100/outcome_drop_state_mse": 4924.341699346405,
      "h100/outcome_jam_episode_count": 3,
      "h100/outcome_jam_final_state_mse": 114479.64052287582,
      "h100/outcome_jam_state_mse": 5252.481895424837,
      "h100/outcome_miss_episode_count": 3,
      "h100/outcome_miss_final_state_mse": 179295.54248366013,
      "h100/outcome_miss_state_mse": 7880.25045751634,
      "h100/outcome_partial_episode_count": 3,
      "h100/outcome_partial_final_state_mse": 109919.56699346405,
      "h100/outcome_partial_state_mse": 5033.703398692811,
      "h100/outcome_success_episode_count": 3,
      "h100/outcome_success_final_state_mse": 109846.50163398693,
      "h100/outcome_success_state_mse": 5023.393333333333,
      "h100/state_mse": 5622.833777777778,
      "h125/episode_count": 15,
      "h125/final_state_mse": 30672.632679738563,
      "h125/outcome_drop_episode_count": 3,
      "h125/outcome_drop_final_state_mse": 15208.767565359478,
      "h125/outcome_drop_state_mse": 5754.6224836601305,
      "h125/outcome_jam_episode_count": 3,
      "h125/outcome_jam_final_state_mse": 17078.440359477125,
      "h125/outcome_jam_state_mse": 6068.580496732026,
      "h125/outcome_miss_episode_count": 3,
      "h125/outcome_miss_final_state_mse": 88975.6135620915,
      "h125/outcome_miss_state_mse": 12196.256836601307,
      "h125/outcome_partial_episode_count": 3,
      "h125/outcome_partial_final_state_mse": 16125.852124183006,
      "h125/outcome_partial_state_mse": 5870.414274509804,
      "h125/outcome_success_episode_count": 3,
      "h125/outcome_success_final_state_mse": 15974.488153594772,
      "h125/outcome_success_state_mse": 5862.840941176471,
      "h125/state_mse": 7150.54314248366,
      "h20/episode_count": 15,
      "h20/final_state_mse": 0.009683367161968954,
      "h20/outcome_drop_episode_count": 3,
      "h20/outcome_drop_final_state_mse": 0.008848445331738666,
      "h20/outcome_drop_state_mse": 0.0038387776200288263,
      "h20/outcome_jam_episode_count": 3,
      "h20/outcome_jam_final_state_mse": 0.009790362778052786,
      "h20/outcome_jam_state_mse": 0.004344822378719554,
      "h20/outcome_miss_episode_count": 3,
      "h20/outcome_miss_final_state_mse": 0.012052643143273646,
      "h20/outcome_miss_state_mse": 0.008463911293378843,
      "h20/outcome_partial_episode_count": 3,
      "h20/outcome_partial_final_state_mse": 0.008866884642177157,
      "h20/outcome_partial_state_mse": 0.0037449625582476847,
      "h20/outcome_success_episode_count": 3,
      "h20/outcome_success_final_state_mse": 0.008858496457143547,
      "h20/outcome_success_state_mse": 0.0037586165019889285,
      "h20/state_mse": 0.004830218047098397,
      "h30/episode_count": 15,
      "h30/final_state_mse": 0.03352832420199525,
      "h30/outcome_drop_episode_count": 3,
      "h30/outcome_drop_final_state_mse": 0.03011415791667365,
      "h30/outcome_drop_state_mse": 0.008938010741422898,
      "h30/outcome_jam_episode_count": 3,
      "h30/outcome_jam_final_state_mse": 0.03166330133388245,
      "h30/outcome_jam_state_mse": 0.009448431364071915,
      "h30/outcome_miss_episode_count": 3,
      "h30/outcome_miss_final_state_mse": 0.04486649176653694,
      "h30/outcome_miss_state_mse": 0.014622433564761625,
      "h30/outcome_partial_episode_count": 3,
      "h30/outcome_partial_final_state_mse": 0.030524401493321838,
      "h30/outcome_partial_state_mse": 0.00886191033589814,
      "h30/outcome_success_episode_count": 3,
      "h30/outcome_success_final_state_mse": 0.030473265772551494,
      "h30/outcome_success_state_mse": 0.00884397170122932,
      "h30/state_mse": 0.010142951250595724,
      "h40/episode_count": 15,
      "h40/final_state_mse": 0.11470360849417892,
      "h40/outcome_drop_episode_count": 3,
      "h40/outcome_drop_final_state_mse": 0.0997200635523578,
      "h40/outcome_drop_state_mse": 0.021675375396130132,
      "h40/outcome_jam_episode_count": 3,
      "h40/outcome_jam_final_state_mse": 0.1051273143369388,
      "h40/outcome_jam_state_mse": 0.022600520825853534,
      "h40/outcome_miss_episode_count": 3,
      "h40/outcome_miss_final_state_mse": 0.159731154348336,
      "h40/outcome_miss_state_mse": 0.03262823890237247,
      "h40/outcome_partial_episode_count": 3,
      "h40/outcome_partial_final_state_mse": 0.10382770712858712,
      "h40/outcome_partial_state_mse": 0.021981545367272072,
      "h40/outcome_success_episode_count": 3,
      "h40/outcome_success_final_state_mse": 0.1051118031046749,
      "h40/outcome_success_state_mse": 0.021994691113241358,
      "h40/state_mse": 0.024176075255948733,
      "h50/episode_count": 15,
      "h50/final_state_mse": 1.4085289649714052,
      "h50/outcome_drop_episode_count": 3,
      "h50/outcome_drop_final_state_mse": 1.001269396613626,
      "h50/outcome_drop_state_mse": 0.10349122888901655,
      "h50/outcome_jam_episode_count": 3,
      "h50/outcome_jam_final_state_mse": 0.9151968114516315,
      "h50/outcome_jam_state_mse": 0.09726706710516238,
      "h50/outcome_miss_episode_count": 3,
      "h50/outcome_miss_final_state_mse": 3.1836567797691995,
      "h50/outcome_miss_state_mse": 0.25497856190002044,
      "h50/outcome_partial_episode_count": 3,
      "h50/outcome_partial_final_state_mse": 0.9658079583660449,
      "h50/outcome_partial_state_mse": 0.10006628896675858,
      "h50/outcome_success_episode_count": 3,
      "h50/outcome_success_final_state_mse": 0.9767135171329274,
      "h50/outcome_success_state_mse": 0.10113047680823632,
      "h50/state_mse": 0.13138671875,
      "h75/episode_count": 15,
      "h75/final_state_mse": 374.67062908496735,
      "h75/outcome_drop_episode_count": 3,
      "h75/outcome_drop_final_state_mse": 333.20132506127453,
      "h75/outcome_drop_state_mse": 21.554717626633987,
      "h75/outcome_jam_episode_count": 3,
      "h75/outcome_jam_final_state_mse": 348.8190870098039,
      "h75/outcome_jam_state_mse": 21.94354694308279,
      "h75/outcome_miss_episode_count": 3,
      "h75/outcome_miss_final_state_mse": 514.042356004902,
      "h75/outcome_miss_state_mse": 39.93360770697168,
      "h75/outcome_partial_episode_count": 3,
      "h75/outcome_partial_final_state_mse": 336.81064261642155,
      "h75/outcome_partial_state_mse": 21.495187568082788,
      "h75/outcome_success_episode_count": 3,
      "h75/outcome_success_final_state_mse": 340.47975388071893,
      "h75/outcome_success_state_mse": 21.833713745915034,
      "h75/state_mse": 25.35215468409586,
      "max_requested_horizon": 125,
      "reencode_period": 100,
      "rollout_mode": "periodic_100"
    },
    "periodic_2": {
      "episode_count": 15,
      "h10/episode_count": 15,
      "h10/final_state_mse": 0.0023390346103244358,
      "h10/outcome_drop_episode_count": 3,
      "h10/outcome_drop_final_state_mse": 0.0014798690875371296,
      "h10/outcome_drop_state_mse": 0.0017039060592651367,
      "h10/outcome_jam_episode_count": 3,
      "h10/outcome_jam_final_state_mse": 0.002161900397219689,
      "h10/outcome_jam_state_mse": 0.0021664494003345762,
      "h10/outcome_miss_episode_count": 3,
      "h10/outcome_miss_final_state_mse": 0.005348811693051282,
      "h10/outcome_miss_state_mse": 0.010906252206540575,
      "h10/outcome_partial_episode_count": 3,
      "h10/outcome_partial_final_state_mse": 0.0013456287629464094,
      "h10/outcome_partial_state_mse": 0.0015850982245276955,
      "h10/outcome_success_episode_count": 3,
      "h10/outcome_success_final_state_mse": 0.0013589636708786284,
      "h10/outcome_success_state_mse": 0.001604462332195706,
      "h10/state_mse": 0.003593233644572738,
      "h100/episode_count": 15,
      "h100/final_state_mse": 0.004276428347319559,
      "h100/outcome_drop_episode_count": 3,
      "h100/outcome_drop_final_state_mse": 0.004240441069104313,
      "h100/outcome_drop_state_mse": 0.0031451542548883975,
      "h100/outcome_jam_episode_count": 3,
      "h100/outcome_jam_final_state_mse": 0.0026425394454812692,
      "h100/outcome_jam_state_mse": 0.0029085230359844135,
      "h100/outcome_miss_episode_count": 3,
      "h100/outcome_miss_final_state_mse": 0.008563082251283858,
      "h100/outcome_miss_state_mse": 0.004717391394322214,
      "h100/outcome_partial_episode_count": 3,
      "h100/outcome_partial_final_state_mse": 0.002636490207092435,
      "h100/outcome_partial_state_mse": 0.0022777251947939006,
      "h100/outcome_success_episode_count": 3,
      "h100/outcome_success_final_state_mse": 0.003299588033186844,
      "h100/outcome_success_state_mse": 0.0024944193222943473,
      "h100/state_mse": 0.003108642578125,
      "h125/episode_count": 15,
      "h125/final_state_mse": 0.004931566761989219,
      "h125/outcome_drop_episode_count": 3,
      "h125/outcome_drop_final_state_mse": 0.005884121251262091,
      "h125/outcome_drop_state_mse": 0.0034987213533688214,
      "h125/outcome_jam_episode_count": 3,
      "h125/outcome_jam_final_state_mse": 0.005493082641776091,
      "h125/outcome_jam_state_mse": 0.0032117428249782984,
      "h125/outcome_miss_episode_count": 3,
      "h125/outcome_miss_final_state_mse": 0.006561705002597734,
      "h125/outcome_miss_state_mse": 0.005174085031147876,
      "h125/outcome_partial_episode_count": 3,
      "h125/outcome_partial_final_state_mse": 0.002643208342050415,
      "h125/outcome_partial_state_mse": 0.0023352190902809693,
      "h125/outcome_success_episode_count": 3,
      "h125/outcome_success_final_state_mse": 0.004075715257451425,
      "h125/outcome_success_state_mse": 0.0027554323782328686,
      "h125/state_mse": 0.0033950399560866013,
      "h20/episode_count": 15,
      "h20/final_state_mse": 0.0026199097726859297,
      "h20/outcome_drop_episode_count": 3,
      "h20/outcome_drop_final_state_mse": 0.0024692782876538297,
      "h20/outcome_drop_state_mse": 0.0017800440585691165,
      "h20/outcome_jam_episode_count": 3,
      "h20/outcome_jam_final_state_mse": 0.0025589634585224726,
      "h20/outcome_jam_state_mse": 0.002239274199492012,
      "h20/outcome_miss_episode_count": 3,
      "h20/outcome_miss_final_state_mse": 0.003704881283387639,
      "h20/outcome_miss_state_mse": 0.007573698704538782,
      "h20/outcome_partial_episode_count": 3,
      "h20/outcome_partial_final_state_mse": 0.0021759168628384083,
      "h20/outcome_partial_state_mse": 0.0016724898145089742,
      "h20/outcome_success_episode_count": 3,
      "h20/outcome_success_final_state_mse": 0.002190510237139035,
      "h20/outcome_success_state_mse": 0.0016974530968011593,
      "h20/state_mse": 0.002992592107236775,
      "h30/episode_count": 15,
      "h30/final_state_mse": 0.0028123989603877847,
      "h30/outcome_drop_episode_count": 3,
      "h30/outcome_drop_final_state_mse": 0.002431656678322873,
      "h30/outcome_drop_state_mse": 0.0020031074812729113,
      "h30/outcome_jam_episode_count": 3,
      "h30/outcome_jam_final_state_mse": 0.0029508002784127503,
      "h30/outcome_jam_state_mse": 0.0024652888832009177,
      "h30/outcome_miss_episode_count": 3,
      "h30/outcome_miss_final_state_mse": 0.003850720920204337,
      "h30/outcome_miss_state_mse": 0.006475212994743796,
      "h30/outcome_partial_episode_count": 3,
      "h30/outcome_partial_final_state_mse": 0.002378295230514863,
      "h30/outcome_partial_state_mse": 0.0019059688956649214,
      "h30/outcome_success_episode_count": 3,
      "h30/outcome_success_final_state_mse": 0.0024505210370799296,
      "h30/outcome_success_state_mse": 0.0019296633132402674,
      "h30/state_mse": 0.002955848178572644,
      "h40/episode_count": 15,
      "h40/final_state_mse": 0.0026441200106751685,
      "h40/outcome_drop_episode_count": 3,
      "h40/outcome_drop_final_state_mse": 0.002796570362608417,
      "h40/outcome_drop_state_mse": 0.002158064857807035,
      "h40/outcome_jam_episode_count": 3,
      "h40/outcome_jam_final_state_mse": 0.00237595893783507,
      "h40/outcome_jam_state_mse": 0.002526979119169946,
      "h40/outcome_miss_episode_count": 3,
      "h40/outcome_miss_final_state_mse": 0.0035839827816470777,
      "h40/outcome_miss_state_mse": 0.005791171859292423,
      "h40/outcome_partial_episode_count": 3,
      "h40/outcome_partial_final_state_mse": 0.002230110998247184,
      "h40/outcome_partial_state_mse": 0.0019943021091760374,
      "h40/outcome_success_episode_count": 3,
      "h40/outcome_success_final_state_mse": 0.0022339778008803822,
      "h40/outcome_success_state_mse": 0.0020181196577408736,
      "h40/state_mse": 0.0028977275673860037,
      "h50/episode_count": 15,
      "h50/final_state_mse": 0.002973108042299358,
      "h50/outcome_drop_episode_count": 3,
      "h50/outcome_drop_final_state_mse": 0.003637734922318677,
      "h50/outcome_drop_state_mse": 0.002528887698852938,
      "h50/outcome_jam_episode_count": 3,
      "h50/outcome_jam_final_state_mse": 0.0032411865354363433,
      "h50/outcome_jam_state_mse": 0.0026193382537442874,
      "h50/outcome_miss_episode_count": 3,
      "h50/outcome_miss_final_state_mse": 0.0034055270595488205,
      "h50/outcome_miss_state_mse": 0.005343275381848703,
      "h50/outcome_partial_episode_count": 3,
      "h50/outcome_partial_final_state_mse": 0.002254959804559845,
      "h50/outcome_partial_state_mse": 0.0020568102481318454,
      "h50/outcome_success_episode_count": 3,
      "h50/outcome_success_final_state_mse": 0.0023261315000602622,
      "h50/outcome_success_state_mse": 0.002082430396983826,
      "h50/state_mse": 0.0029261482587826797,
      "h75/episode_count": 15,
      "h75/final_state_mse": 0.004675567851347082,
      "h75/outcome_drop_episode_count": 3,
      "h75/outcome_drop_final_state_mse": 0.004671011193125856,
      "h75/outcome_drop_state_mse": 0.0030161742499191517,
      "h75/outcome_jam_episode_count": 3,
      "h75/outcome_jam_final_state_mse": 0.004485198436609281,
      "h75/outcome_jam_state_mse": 0.0028755437314899918,
      "h75/outcome_miss_episode_count": 3,
      "h75/outcome_miss_final_state_mse": 0.005864175170465232,
      "h75/outcome_miss_state_mse": 0.0048956857319750816,
      "h75/outcome_partial_episode_count": 3,
      "h75/outcome_partial_final_state_mse": 0.0035994311952902602,
      "h75/outcome_partial_state_mse": 0.002259435799127051,
      "h75/outcome_success_episode_count": 3,
      "h75/outcome_success_final_state_mse": 0.0047580217759983215,
      "h75/outcome_success_state_mse": 0.002331910725512536,
      "h75/state_mse": 0.0030757500808483115,
      "max_requested_horizon": 125,
      "reencode_period": 2,
      "rollout_mode": "periodic_2"
    },
    "periodic_20": {
      "episode_count": 15,
      "h10/episode_count": 15,
      "h10/final_state_mse": 0.003275662465812334,
      "h10/outcome_drop_episode_count": 3,
      "h10/outcome_drop_final_state_mse": 0.0027916390034887525,
      "h10/outcome_drop_state_mse": 0.0021858364148856766,
      "h10/outcome_jam_episode_count": 3,
      "h10/outcome_jam_final_state_mse": 0.004186438579185337,
      "h10/outcome_jam_state_mse": 0.002754726557949789,
      "h10/outcome_miss_episode_count": 3,
      "h10/outcome_miss_final_state_mse": 0.0038054009619491553,
      "h10/outcome_miss_state_mse": 0.009880805950538784,
      "h10/outcome_partial_episode_count": 3,
      "h10/outcome_partial_final_state_mse": 0.002802241009240057,
      "h10/outcome_partial_state_mse": 0.002100867967979581,
      "h10/outcome_success_episode_count": 3,
      "h10/outcome_success_final_state_mse": 0.0027925918012662652,
      "h10/outcome_success_state_mse": 0.0021179921097225613,
      "h10/state_mse": 0.003808045730092167,
      "h100/episode_count": 15,
      "h100/final_state_mse": 0.01270279229856005,
      "h100/outcome_drop_episode_count": 3,
      "h100/outcome_drop_final_state_mse": 0.010084709895202538,
      "h100/outcome_drop_state_mse": 0.004575986612855998,
      "h100/outcome_jam_episode_count": 3,
      "h100/outcome_jam_final_state_mse": 0.014292083339753493,
      "h100/outcome_jam_state_mse": 0.005518185858633004,
      "h100/outcome_miss_episode_count": 3,
      "h100/outcome_miss_final_state_mse": 0.013140915655622296,
      "h100/outcome_miss_state_mse": 0.006128529193354588,
      "h100/outcome_partial_episode_count": 3,
      "h100/outcome_partial_final_state_mse": 0.010975870236851811,
      "h100/outcome_partial_state_mse": 0.0044247314976710896,
      "h100/outcome_success_episode_count": 3,
      "h100/outcome_success_final_state_mse": 0.015020377106136747,
      "h100/outcome_success_state_mse": 0.005052759382459852,
      "h100/state_mse": 0.005140038583792892,
      "h125/episode_count": 15,
      "h125/final_state_mse": 0.007949036242915136,
      "h125/outcome_drop_episode_count": 3,
      "h125/outcome_drop_final_state_mse": 0.007024346516023274,
      "h125/outcome_drop_state_mse": 0.005063325570299734,
      "h125/outcome_jam_episode_count": 3,
      "h125/outcome_jam_final_state_mse": 0.007688438191133387,
      "h125/outcome_jam_state_mse": 0.0062928162618400224,
      "h125/outcome_miss_episode_count": 3,
      "h125/outcome_miss_final_state_mse": 0.011163582988813812,
      "h125/outcome_miss_state_mse": 0.007254128250421262,
      "h125/outcome_partial_episode_count": 3,
      "h125/outcome_partial_final_state_mse": 0.007675528331519732,
      "h125/outcome_partial_state_mse": 0.005089266808204401,
      "h125/outcome_success_episode_count": 3,
      "h125/outcome_success_final_state_mse": 0.006193285187085469,
      "h125/outcome_success_state_mse": 0.006006578831890829,
      "h125/state_mse": 0.005941223064746732,
      "h20/episode_count": 15,
      "h20/final_state_mse": 0.009683367161968954,
      "h20/outcome_drop_episode_count": 3,
      "h20/outcome_drop_final_state_mse": 0.008848445331738666,
      "h20/outcome_drop_state_mse": 0.0038387776200288263,
      "h20/outcome_jam_episode_count": 3,
      "h20/outcome_jam_final_state_mse": 0.009790362778052786,
      "h20/outcome_jam_state_mse": 0.004344822378719554,
      "h20/outcome_miss_episode_count": 3,
      "h20/outcome_miss_final_state_mse": 0.012052643143273646,
      "h20/outcome_miss_state_mse": 0.008463911293378843,
      "h20/outcome_partial_episode_count": 3,
      "h20/outcome_partial_final_state_mse": 0.008866884642177157,
      "h20/outcome_partial_state_mse": 0.0037449625582476847,
      "h20/outcome_success_episode_count": 3,
      "h20/outcome_success_final_state_mse": 0.008858496457143547,
      "h20/outcome_success_state_mse": 0.0037586165019889285,
      "h20/state_mse": 0.004830218047098397,
      "h30/episode_count": 15,
      "h30/final_state_mse": 0.0043085288378148295,
      "h30/outcome_drop_episode_count": 3,
      "h30/outcome_drop_final_state_mse": 0.0039941638805507836,
      "h30/outcome_drop_state_mse": 0.0039627799281367546,
      "h30/outcome_jam_episode_count": 3,
      "h30/outcome_jam_final_state_mse": 0.004330957637113684,
      "h30/outcome_jam_state_mse": 0.004452457874688708,
      "h30/outcome_miss_episode_count": 3,
      "h30/outcome_miss_final_state_mse": 0.005359445960303537,
      "h30/outcome_miss_state_mse": 0.007569461606426696,
      "h30/outcome_partial_episode_count": 3,
      "h30/outcome_partial_final_state_mse": 0.0038906585887756224,
      "h30/outcome_partial_state_mse": 0.0038508054218001357,
      "h30/outcome_success_episode_count": 3,
      "h30/outcome_success_final_state_mse": 0.003967418487555061,
      "h30/outcome_success_state_mse": 0.003867165039827102,
      "h30/state_mse": 0.004740534098839189,
      "h40/episode_count": 15,
      "h40/final_state_mse": 0.006799610611660028,
      "h40/outcome_drop_episode_count": 3,
      "h40/outcome_drop_final_state_mse": 0.005393183991020801,
      "h40/outcome_drop_state_mse": 0.004176744838166081,
      "h40/outcome_jam_episode_count": 3,
      "h40/outcome_jam_final_state_mse": 0.006754415097579457,
      "h40/outcome_jam_state_mse": 0.004723247827268114,
      "h40/outcome_miss_episode_count": 3,
      "h40/outcome_miss_final_state_mse": 0.008122640010578181,
      "h40/outcome_miss_state_mse": 0.007324288873111501,
      "h40/outcome_partial_episode_count": 3,
      "h40/outcome_partial_final_state_mse": 0.006817439899725073,
      "h40/outcome_partial_state_mse": 0.004168552822536893,
      "h40/outcome_success_episode_count": 3,
      "h40/outcome_success_final_state_mse": 0.006910373767217,
      "h40/outcome_success_state_mse": 0.004202500199959948,
      "h40/state_mse": 0.00491906658496732,
      "h50/episode_count": 15,
      "h50/final_state_mse": 0.0032727160484962215,
      "h50/outcome_drop_episode_count": 3,
      "h50/outcome_drop_final_state_mse": 0.0034233023187303854,
      "h50/outcome_drop_state_mse": 0.004130079668331769,
      "h50/outcome_jam_episode_count": 3,
      "h50/outcome_jam_final_state_mse": 0.0038802812204641454,
      "h50/outcome_jam_state_mse": 0.004622018664490943,
      "h50/outcome_miss_episode_count": 3,
      "h50/outcome_miss_final_state_mse": 0.0028521319230397544,
      "h50/outcome_miss_state_mse": 0.006458270752352047,
      "h50/outcome_partial_episode_count": 3,
      "h50/outcome_partial_final_state_mse": 0.003069675095330656,
      "h50/outcome_partial_state_mse": 0.004051295043596255,
      "h50/outcome_success_episode_count": 3,
      "h50/outcome_success_final_state_mse": 0.003138189246646719,
      "h50/outcome_success_state_mse": 0.00408949396968667,
      "h50/state_mse": 0.004670231837852329,
      "h75/episode_count": 15,
      "h75/final_state_mse": 0.005640713062161714,
      "h75/outcome_drop_episode_count": 3,
      "h75/outcome_drop_final_state_mse": 0.005508544739165337,
      "h75/outcome_drop_state_mse": 0.004134171180475771,
      "h75/outcome_jam_episode_count": 3,
      "h75/outcome_jam_final_state_mse": 0.006297744664491392,
      "h75/outcome_jam_state_mse": 0.004563733892503127,
      "h75/outcome_miss_episode_count": 3,
      "h75/outcome_miss_final_state_mse": 0.006031192693055845,
      "h75/outcome_miss_state_mse": 0.0058144311343922336,
      "h75/outcome_partial_episode_count": 3,
      "h75/outcome_partial_final_state_mse": 0.0046309298939175075,
      "h75/outcome_partial_state_mse": 0.0039371791332635485,
      "h75/outcome_success_episode_count": 3,
      "h75/outcome_success_final_state_mse": 0.0057351541480207754,
      "h75/outcome_success_state_mse": 0.004023481256821576,
      "h75/state_mse": 0.00449459858813317,
      "max_requested_horizon": 125,
      "reencode_period": 20,
      "rollout_mode": "periodic_20"
    },
    "periodic_5": {
      "episode_count": 15,
      "h10/episode_count": 15,
      "h10/final_state_mse": 0.0023767558577793097,
      "h10/outcome_drop_episode_count": 3,
      "h10/outcome_drop_final_state_mse": 0.0018934170453766591,
      "h10/outcome_drop_state_mse": 0.0018741006165548088,
      "h10/outcome_jam_episode_count": 3,
      "h10/outcome_jam_final_state_mse": 0.0027393168873257106,
      "h10/outcome_jam_state_mse": 0.002369857301899031,
      "h10/outcome_miss_episode_count": 3,
      "h10/outcome_miss_final_state_mse": 0.0036248867126072153,
      "h10/outcome_miss_state_mse": 0.010057151707169277,
      "h10/outcome_partial_episode_count": 3,
      "h10/outcome_partial_final_state_mse": 0.0017958155108822717,
      "h10/outcome_partial_state_mse": 0.001773124972200082,
      "h10/outcome_success_episode_count": 3,
      "h10/outcome_success_final_state_mse": 0.0018303431814012964,
      "h10/outcome_success_state_mse": 0.0017993433802735571,
      "h10/state_mse": 0.0035747159072776246,
      "h100/episode_count": 15,
      "h100/final_state_mse": 0.002582266751457663,
      "h100/outcome_drop_episode_count": 3,
      "h100/outcome_drop_final_state_mse": 0.0031186332013092787,
      "h100/outcome_drop_state_mse": 0.0024573174644919003,
      "h100/outcome_jam_episode_count": 3,
      "h100/outcome_jam_final_state_mse": 0.002559456949919657,
      "h100/outcome_jam_state_mse": 0.0028842475990843927,
      "h100/outcome_miss_episode_count": 3,
      "h100/outcome_miss_final_state_mse": 0.00204184035362761,
      "h100/outcome_miss_state_mse": 0.003357818827909582,
      "h100/outcome_partial_episode_count": 3,
      "h100/outcome_partial_final_state_mse": 0.001941056812510771,
      "h100/outcome_partial_state_mse": 0.001984929726793875,
      "h100/outcome_success_episode_count": 3,
      "h100/outcome_success_final_state_mse": 0.0032503455877304077,
      "h100/outcome_success_state_mse": 0.0022838701921350816,
      "h100/state_mse": 0.002593637104907067,
      "h125/episode_count": 15,
      "h125/final_state_mse": 0.003783944697161905,
      "h125/outcome_drop_episode_count": 3,
      "h125/outcome_drop_final_state_mse": 0.004435904957110586,
      "h125/outcome_drop_state_mse": 0.0027434257557189543,
      "h125/outcome_jam_episode_count": 3,
      "h125/outcome_jam_final_state_mse": 0.004672461864995021,
      "h125/outcome_jam_state_mse": 0.0030804190542183672,
      "h125/outcome_miss_episode_count": 3,
      "h125/outcome_miss_final_state_mse": 0.0045898403314983145,
      "h125/outcome_miss_state_mse": 0.0034240940567714716,
      "h125/outcome_partial_episode_count": 3,
      "h125/outcome_partial_final_state_mse": 0.0019873461010409335,
      "h125/outcome_partial_state_mse": 0.0020038476083792892,
      "h125/outcome_success_episode_count": 3,
      "h125/outcome_success_final_state_mse": 0.0032341709616137485,
      "h125/outcome_success_state_mse": 0.002477508569854537,
      "h125/state_mse": 0.002745859183517157,
      "h20/episode_count": 15,
      "h20/final_state_mse": 0.002165279824749317,
      "h20/outcome_drop_episode_count": 3,
      "h20/outcome_drop_final_state_mse": 0.0020912736654281616,
      "h20/outcome_drop_state_mse": 0.0018653540439855039,
      "h20/outcome_jam_episode_count": 3,
      "h20/outcome_jam_final_state_mse": 0.002426332313250872,
      "h20/outcome_jam_state_mse": 0.0023859860460742626,
      "h20/outcome_miss_episode_count": 3,
      "h20/outcome_miss_final_state_mse": 0.0025500650061111825,
      "h20/outcome_miss_state_mse": 0.0066076570087009005,
      "h20/outcome_partial_episode_count": 3,
      "h20/outcome_partial_final_state_mse": 0.001853847425747541,
      "h20/outcome_partial_state_mse": 0.0017598297471314473,
      "h20/outcome_success_episode_count": 3,
      "h20/outcome_success_final_state_mse": 0.0019048816627926296,
      "h20/outcome_success_state_mse": 0.0017902027547749039,
      "h20/state_mse": 0.0028818058188444648,
      "h30/episode_count": 15,
      "h30/final_state_mse": 0.002014824611688751,
      "h30/outcome_drop_episode_count": 3,
      "h30/outcome_drop_final_state_mse": 0.0018825073014287388,
      "h30/outcome_drop_state_mse": 0.0019396767117618736,
      "h30/outcome_jam_episode_count": 3,
      "h30/outcome_jam_final_state_mse": 0.0022437166349560606,
      "h30/outcome_jam_state_mse": 0.002466375531713947,
      "h30/outcome_miss_episode_count": 3,
      "h30/outcome_miss_final_state_mse": 0.0021805179372332453,
      "h30/outcome_miss_state_mse": 0.005251016596044071,
      "h30/outcome_partial_episode_count": 3,
      "h30/outcome_partial_final_state_mse": 0.0018533496247007957,
      "h30/outcome_partial_state_mse": 0.0018374338388962423,
      "h30/outcome_success_episode_count": 3,
      "h30/outcome_success_final_state_mse": 0.0019140316331698224,
      "h30/outcome_success_state_mse": 0.001861739158630371,
      "h30/state_mse": 0.0026712483258548646,
      "h40/episode_count": 15,
      "h40/final_state_mse": 0.0018033152312235115,
      "h40/outcome_drop_episode_count": 3,
      "h40/outcome_drop_final_state_mse": 0.0020173511717444153,
      "h40/outcome_drop_state_mse": 0.0019941989892448475,
      "h40/outcome_jam_episode_count": 3,
      "h40/outcome_jam_final_state_mse": 0.001709641219159357,
      "h40/outcome_jam_state_mse": 0.00245370003912184,
      "h40/outcome_miss_episode_count": 3,
      "h40/outcome_miss_final_state_mse": 0.001960766276502921,
      "h40/outcome_miss_state_mse": 0.004494262209125593,
      "h40/outcome_partial_episode_count": 3,
      "h40/outcome_partial_final_state_mse": 0.0016620541661003835,
      "h40/outcome_partial_state_mse": 0.0018562518303690393,
      "h40/outcome_success_episode_count": 3,
      "h40/outcome_success_final_state_mse": 0.0016667635417452046,
      "h40/outcome_success_state_mse": 0.0018810748664382236,
      "h40/state_mse": 0.0025358975479026244,
      "h50/episode_count": 15,
      "h50/final_state_mse": 0.00204721182779549,
      "h50/outcome_drop_episode_count": 3,
      "h50/outcome_drop_final_state_mse": 0.002243800733993256,
      "h50/outcome_drop_state_mse": 0.002152940369898977,
      "h50/outcome_jam_episode_count": 3,
      "h50/outcome_jam_final_state_mse": 0.002800769811751796,
      "h50/outcome_jam_state_mse": 0.0024759230270884397,
      "h50/outcome_miss_episode_count": 3,
      "h50/outcome_miss_final_state_mse": 0.0016800500939484514,
      "h50/outcome_miss_state_mse": 0.003992506102019665,
      "h50/outcome_partial_episode_count": 3,
      "h50/outcome_partial_final_state_mse": 0.0017336717520663942,
      "h50/outcome_partial_state_mse": 0.0018531388550801994,
      "h50/outcome_success_episode_count": 3,
      "h50/outcome_success_final_state_mse": 0.0017777664306896186,
      "h50/outcome_success_state_mse": 0.001878842933505189,
      "h50/state_mse": 0.0024706704133476308,
      "h75/episode_count": 15,
      "h75/final_state_mse": 0.003831975600298713,
      "h75/outcome_drop_episode_count": 3,
      "h75/outcome_drop_final_state_mse": 0.002794594497852076,
      "h75/outcome_drop_state_mse": 0.00232779342884072,
      "h75/outcome_jam_episode_count": 3,
      "h75/outcome_jam_final_state_mse": 0.004463807576232486,
      "h75/outcome_jam_state_mse": 0.002765190024781071,
      "h75/outcome_miss_episode_count": 3,
      "h75/outcome_miss_final_state_mse": 0.005255414379967583,
      "h75/outcome_miss_state_mse": 0.003552163317312602,
      "h75/outcome_partial_episode_count": 3,
      "h75/outcome_partial_final_state_mse": 0.0028948123792028116,
      "h75/outcome_partial_state_mse": 0.0020103620392045163,
      "h75/outcome_success_episode_count": 3,
      "h75/outcome_success_final_state_mse": 0.0037512502639122257,
      "h75/outcome_success_state_mse": 0.002075929662500851,
      "h75/state_mse": 0.0025462877859477122,
      "max_requested_horizon": 125,
      "reencode_period": 5,
      "rollout_mode": "periodic_5"
    },
    "periodic_50": {
      "episode_count": 15,
      "h10/episode_count": 15,
      "h10/final_state_mse": 0.003275662465812334,
      "h10/outcome_drop_episode_count": 3,
      "h10/outcome_drop_final_state_mse": 0.0027916390034887525,
      "h10/outcome_drop_state_mse": 0.0021858364148856766,
      "h10/outcome_jam_episode_count": 3,
      "h10/outcome_jam_final_state_mse": 0.004186438579185337,
      "h10/outcome_jam_state_mse": 0.002754726557949789,
      "h10/outcome_miss_episode_count": 3,
      "h10/outcome_miss_final_state_mse": 0.0038054009619491553,
      "h10/outcome_miss_state_mse": 0.009880805950538784,
      "h10/outcome_partial_episode_count": 3,
      "h10/outcome_partial_final_state_mse": 0.002802241009240057,
      "h10/outcome_partial_state_mse": 0.002100867967979581,
      "h10/outcome_success_episode_count": 3,
      "h10/outcome_success_final_state_mse": 0.0027925918012662652,
      "h10/outcome_success_state_mse": 0.0021179921097225613,
      "h10/state_mse": 0.003808045730092167,
      "h100/episode_count": 15,
      "h100/final_state_mse": 176.38080065359478,
      "h100/outcome_drop_episode_count": 3,
      "h100/outcome_drop_final_state_mse": 124.51198044321896,
      "h100/outcome_drop_state_mse": 6.543826273999183,
      "h100/outcome_jam_episode_count": 3,
      "h100/outcome_jam_final_state_mse": 137.75675455729166,
      "h100/outcome_jam_state_mse": 7.127665313521242,
      "h100/outcome_miss_episode_count": 3,
      "h100/outcome_miss_final_state_mse": 373.29821537990193,
      "h100/outcome_miss_state_mse": 22.41827205882353,
      "h100/outcome_partial_episode_count": 3,
      "h100/outcome_partial_final_state_mse": 119.03296456929125,
      "h100/outcome_partial_state_mse": 6.155231055964053,
      "h100/outcome_success_episode_count": 3,
      "h100/outcome_success_final_state_mse": 127.3040811376634,
      "h100/outcome_success_state_mse": 6.5797721354166665,
      "h100/state_mse": 9.764953431372549,
      "h125/episode_count": 15,
      "h125/final_state_mse": 118.15400326797386,
      "h125/outcome_drop_episode_count": 3,
      "h125/outcome_drop_final_state_mse": 111.66781037773183,
      "h125/outcome_drop_state_mse": 10.404798457924837,
      "h125/outcome_jam_episode_count": 3,
      "h125/outcome_jam_final_state_mse": 112.47299812665952,
      "h125/outcome_jam_state_mse": 11.539828329248365,
      "h125/outcome_miss_episode_count": 3,
      "h125/outcome_miss_final_state_mse": 164.79381446589053,
      "h125/outcome_miss_state_mse": 27.35263071895425,
      "h125/outcome_partial_episode_count": 3,
      "h125/outcome_partial_final_state_mse": 97.27317580678104,
      "h125/outcome_partial_state_mse": 9.65658011642157,
      "h125/outcome_success_episode_count": 3,
      "h125/outcome_success_final_state_mse": 104.56219841452206,
      "h125/outcome_success_state_mse": 10.374370404411765,
      "h125/state_mse": 13.865641830065359,
      "h20/episode_count": 15,
      "h20/final_state_mse": 0.009683367161968954,
      "h20/outcome_drop_episode_count": 3,
      "h20/outcome_drop_final_state_mse": 0.008848445331738666,
      "h20/outcome_drop_state_mse": 0.0038387776200288263,
      "h20/outcome_jam_episode_count": 3,
      "h20/outcome_jam_final_state_mse": 0.009790362778052786,
      "h20/outcome_jam_state_mse": 0.004344822378719554,
      "h20/outcome_miss_episode_count": 3,
      "h20/outcome_miss_final_state_mse": 0.012052643143273646,
      "h20/outcome_miss_state_mse": 0.008463911293378843,
      "h20/outcome_partial_episode_count": 3,
      "h20/outcome_partial_final_state_mse": 0.008866884642177157,
      "h20/outcome_partial_state_mse": 0.0037449625582476847,
      "h20/outcome_success_episode_count": 3,
      "h20/outcome_success_final_state_mse": 0.008858496457143547,
      "h20/outcome_success_state_mse": 0.0037586165019889285,
      "h20/state_mse": 0.004830218047098397,
      "h30/episode_count": 15,
      "h30/final_state_mse": 0.03352832420199525,
      "h30/outcome_drop_episode_count": 3,
      "h30/outcome_drop_final_state_mse": 0.03011415791667365,
      "h30/outcome_drop_state_mse": 0.008938010741422898,
      "h30/outcome_jam_episode_count": 3,
      "h30/outcome_jam_final_state_mse": 0.03166330133388245,
      "h30/outcome_jam_state_mse": 0.009448431364071915,
      "h30/outcome_miss_episode_count": 3,
      "h30/outcome_miss_final_state_mse": 0.04486649176653694,
      "h30/outcome_miss_state_mse": 0.014622433564761625,
      "h30/outcome_partial_episode_count": 3,
      "h30/outcome_partial_final_state_mse": 0.030524401493321838,
      "h30/outcome_partial_state_mse": 0.00886191033589814,
      "h30/outcome_success_episode_count": 3,
      "h30/outcome_success_final_state_mse": 0.030473265772551494,
      "h30/outcome_success_state_mse": 0.00884397170122932,
      "h30/state_mse": 0.010142951250595724,
      "h40/episode_count": 15,
      "h40/final_state_mse": 0.11470360849417892,
      "h40/outcome_drop_episode_count": 3,
      "h40/outcome_drop_final_state_mse": 0.0997200635523578,
      "h40/outcome_drop_state_mse": 0.021675375396130132,
      "h40/outcome_jam_episode_count": 3,
      "h40/outcome_jam_final_state_mse": 0.1051273143369388,
      "h40/outcome_jam_state_mse": 0.022600520825853534,
      "h40/outcome_miss_episode_count": 3,
      "h40/outcome_miss_final_state_mse": 0.159731154348336,
      "h40/outcome_miss_state_mse": 0.03262823890237247,
      "h40/outcome_partial_episode_count": 3,
      "h40/outcome_partial_final_state_mse": 0.10382770712858712,
      "h40/outcome_partial_state_mse": 0.021981545367272072,
      "h40/outcome_success_episode_count": 3,
      "h40/outcome_success_final_state_mse": 0.1051118031046749,
      "h40/outcome_success_state_mse": 0.021994691113241358,
      "h40/state_mse": 0.024176075255948733,
      "h50/episode_count": 15,
      "h50/final_state_mse": 1.4085289649714052,
      "h50/outcome_drop_episode_count": 3,
      "h50/outcome_drop_final_state_mse": 1.001269396613626,
      "h50/outcome_drop_state_mse": 0.10349122888901655,
      "h50/outcome_jam_episode_count": 3,
      "h50/outcome_jam_final_state_mse": 0.9151968114516315,
      "h50/outcome_jam_state_mse": 0.09726706710516238,
      "h50/outcome_miss_episode_count": 3,
      "h50/outcome_miss_final_state_mse": 3.1836567797691995,
      "h50/outcome_miss_state_mse": 0.25497856190002044,
      "h50/outcome_partial_episode_count": 3,
      "h50/outcome_partial_final_state_mse": 0.9658079583660449,
      "h50/outcome_partial_state_mse": 0.10006628896675858,
      "h50/outcome_success_episode_count": 3,
      "h50/outcome_success_final_state_mse": 0.9767135171329274,
      "h50/outcome_success_state_mse": 0.10113047680823632,
      "h50/state_mse": 0.13138671875,
      "h75/episode_count": 15,
      "h75/final_state_mse": 0.6323312796798407,
      "h75/outcome_drop_episode_count": 3,
      "h75/outcome_drop_final_state_mse": 0.611915158290489,
      "h75/outcome_drop_state_mse": 0.14300321957124865,
      "h75/outcome_jam_episode_count": 3,
      "h75/outcome_jam_final_state_mse": 0.7013611700020584,
      "h75/outcome_jam_state_mse": 0.1370739666309232,
      "h75/outcome_miss_episode_count": 3,
      "h75/outcome_miss_final_state_mse": 0.6805152020423241,
      "h75/outcome_miss_state_mse": 0.275345142505787,
      "h75/outcome_partial_episode_count": 3,
      "h75/outcome_partial_final_state_mse": 0.5655261769014246,
      "h75/outcome_partial_state_mse": 0.13139023990672657,
      "h75/outcome_success_episode_count": 3,
      "h75/outcome_success_final_state_mse": 0.6023387285619001,
      "h75/outcome_success_state_mse": 0.13500929489634395,
      "h75/state_mse": 0.16436437908496732,
      "max_requested_horizon": 125,
      "reencode_period": 50,
      "rollout_mode": "periodic_50"
    }
  },
  "split": "test",
  "support_alignment": {
    "contact_phase": {
      "contact_phase_family_ari": 0.0,
      "contact_phase_family_nmi": 0.0,
      "contact_phase_family_purity": 0.9996668887408394,
      "contact_phase_sample_count": 3002.0,
      "h_contact_phase_given_family": 0.0030002889533867266,
      "h_family_given_contact_phase": 0.0,
      "unique_contact_phase_count": 2.0,
      "unique_family_count": 1.0
    },
    "contact_phase_alignment_available": true,
    "evaluated_state_count": 3017,
    "family_count": 1,
    "mean_family_similarity": 0.6150148510932922,
    "mean_support_size": 249.70997679814386,
    "outcome_alignment_available": true,
    "outcome_state": {
      "h_family_given_outcome": 0.0,
      "h_outcome_given_family": 1.6094379124341005,
      "outcome_family_ari": 0.0,
      "outcome_family_nmi": 0.0,
      "outcome_family_purity": 0.2,
      "outcome_sample_count": 15.0,
      "unique_family_count": 1.0,
      "unique_outcome_count": 5.0
    },
    "status": "ok",
    "unassigned_state_fraction": 0.0,
    "validation_state_count": 2346
  },
  "support_threshold": 0.2
}
{
  "best_periodic_rollout": {
    "episode_count": 15,
    "h10/episode_count": 15,
    "h10/final_state_mse": 0.0023543897017933965,
    "h10/outcome_drop_episode_count": 3,
    "h10/outcome_drop_final_state_mse": 0.0018772760929625018,
    "h10/outcome_drop_state_mse": 0.0018140563777848786,
    "h10/outcome_jam_episode_count": 3,
    "h10/outcome_jam_final_state_mse": 0.0026565697652841704,
    "h10/outcome_jam_state_mse": 0.002298488764981039,
    "h10/outcome_miss_episode_count": 3,
    "h10/outcome_miss_final_state_mse": 0.0036336644217858905,
    "h10/outcome_miss_state_mse": 0.009963491851208256,
    "h10/outcome_partial_episode_count": 3,
    "h10/outcome_partial_final_state_mse": 0.0017836240235886542,
    "h10/outcome_partial_state_mse": 0.0017145186857460372,
    "h10/outcome_success_episode_count": 3,
    "h10/outcome_success_final_state_mse": 0.001820814375783883,
    "h10/outcome_success_state_mse": 0.001741303221073026,
    "h10/selected_mode": "periodic_5",
    "h10/selected_period": 5,
    "h10/state_mse": 0.003506371990527982,
    "h100/episode_count": 15,
    "h100/final_state_mse": 0.00246834365371006,
    "h100/outcome_drop_episode_count": 3,
    "h100/outcome_drop_final_state_mse": 0.003198225903355218,
    "h100/outcome_drop_state_mse": 0.0024483277750950235,
    "h100/outcome_jam_episode_count": 3,
    "h100/outcome_jam_final_state_mse": 0.002251275370713153,
    "h100/outcome_jam_state_mse": 0.002789827920252981,
    "h100/outcome_miss_episode_count": 3,
    "h100/outcome_miss_final_state_mse": 0.00206451154514855,
    "h100/outcome_miss_state_mse": 0.003296560648999183,
    "h100/outcome_partial_episode_count": 3,
    "h100/outcome_partial_final_state_mse": 0.0019229608618356044,
    "h100/outcome_partial_state_mse": 0.0019677136926090017,
    "h100/outcome_success_episode_count": 3,
    "h100/outcome_success_final_state_mse": 0.0029047440274868135,
    "h100/outcome_success_state_mse": 0.0022109202777638153,
    "h100/selected_mode": "periodic_5",
    "h100/selected_period": 5,
    "h100/state_mse": 0.002542669956980188,
    "h125/episode_count": 15,
    "h125/final_state_mse": 0.0036917917089524612,
    "h125/outcome_drop_episode_count": 3,
    "h125/outcome_drop_final_state_mse": 0.004455951888576832,
    "h125/outcome_drop_state_mse": 0.0027431886461046005,
    "h125/outcome_jam_episode_count": 3,
    "h125/outcome_jam_final_state_mse": 0.004416485043133006,
    "h125/outcome_jam_state_mse": 0.002958353080001532,
    "h125/outcome_miss_episode_count": 3,
    "h125/outcome_miss_final_state_mse": 0.004397856108113832,
    "h125/outcome_miss_state_mse": 0.003328592238083384,
    "h125/outcome_partial_episode_count": 3,
    "h125/outcome_partial_final_state_mse": 0.0019369351805425157,
    "h125/outcome_partial_state_mse": 0.001991342557021995,
    "h125/outcome_success_episode_count": 3,
    "h125/outcome_success_final_state_mse": 0.0032517297887334636,
    "h125/outcome_success_state_mse": 0.0024037747850605084,
    "h125/selected_mode": "periodic_5",
    "h125/selected_period": 5,
    "h125/state_mse": 0.0026850502961601307,
    "h20/episode_count": 15,
    "h20/final_state_mse": 0.0021546645881303774,
    "h20/outcome_drop_episode_count": 3,
    "h20/outcome_drop_final_state_mse": 0.002109509375360277,
    "h20/outcome_drop_state_mse": 0.001834147311503591,
    "h20/outcome_jam_episode_count": 3,
    "h20/outcome_jam_final_state_mse": 0.002361974879807117,
    "h20/outcome_jam_state_mse": 0.0023415987398110183,
    "h20/outcome_miss_episode_count": 3,
    "h20/outcome_miss_final_state_mse": 0.0025461625088663664,
    "h20/outcome_miss_state_mse": 0.006570420701519337,
    "h20/outcome_partial_episode_count": 3,
    "h20/outcome_partial_final_state_mse": 0.0018543128679001254,
    "h20/outcome_partial_state_mse": 0.0017311695744009579,
    "h20/outcome_success_episode_count": 3,
    "h20/outcome_success_final_state_mse": 0.0019013634548078176,
    "h20/outcome_success_state_mse": 0.0017605127072801777,
    "h20/selected_mode": "periodic_5",
    "h20/selected_period": 5,
    "h20/state_mse": 0.002847569783528646,
    "h30/episode_count": 15,
    "h30/final_state_mse": 0.0019799288581399356,
    "h30/outcome_drop_episode_count": 3,
    "h30/outcome_drop_final_state_mse": 0.0018555299665024077,
    "h30/outcome_drop_state_mse": 0.001912275638455659,
    "h30/outcome_jam_episode_count": 3,
    "h30/outcome_jam_final_state_mse": 0.00224285884425531,
    "h30/outcome_jam_state_mse": 0.002431536240255651,
    "h30/outcome_miss_episode_count": 3,
    "h30/outcome_miss_final_state_mse": 0.0020765519025279025,
    "h30/outcome_miss_state_mse": 0.0051966643281492015,
    "h30/outcome_partial_episode_count": 3,
    "h30/outcome_partial_final_state_mse": 0.001827869880822749,
    "h30/outcome_partial_state_mse": 0.0018110828981420313,
    "h30/outcome_success_episode_count": 3,
    "h30/outcome_success_final_state_mse": 0.001896833550501493,
    "h30/outcome_success_state_mse": 0.001833862105226205,
    "h30/selected_mode": "periodic_5",
    "h30/selected_period": 5,
    "h30/state_mse": 0.002637084262822968,
    "h40/episode_count": 15,
    "h40/final_state_mse": 0.0017532054115744198,
    "h40/outcome_drop_episode_count": 3,
    "h40/outcome_drop_final_state_mse": 0.0019614923672348844,
    "h40/outcome_drop_state_mse": 0.00196568860727198,
    "h40/outcome_jam_episode_count": 3,
    "h40/outcome_jam_final_state_mse": 0.0016884997340978361,
    "h40/outcome_jam_state_mse": 0.002407358908185772,
    "h40/outcome_miss_episode_count": 3,
    "h40/outcome_miss_final_state_mse": 0.0018750854761771906,
    "h40/outcome_miss_state_mse": 0.004423953271379658,
    "h40/outcome_partial_episode_count": 3,
    "h40/outcome_partial_final_state_mse": 0.001620909600865607,
    "h40/outcome_partial_state_mse": 0.0018186505518707574,
    "h40/outcome_success_episode_count": 3,
    "h40/outcome_success_final_state_mse": 0.0016200396603618572,
    "h40/outcome_success_state_mse": 0.0018426009642532448,
    "h40/selected_mode": "periodic_5",
    "h40/selected_period": 5,
    "h40/state_mse": 0.002491650300867417,
    "h50/episode_count": 15,
    "h50/final_state_mse": 0.002050227900735693,
    "h50/outcome_drop_episode_count": 3,
    "h50/outcome_drop_final_state_mse": 0.0021429330451426163,
    "h50/outcome_drop_state_mse": 0.00211309881771312,
    "h50/outcome_jam_episode_count": 3,
    "h50/outcome_jam_final_state_mse": 0.0028962048829770555,
    "h50/outcome_jam_state_mse": 0.0024432424782148375,
    "h50/outcome_miss_episode_count": 3,
    "h50/outcome_miss_final_state_mse": 0.0015737648834200466,
    "h50/outcome_miss_state_mse": 0.003919579749013863,
    "h50/outcome_partial_episode_count": 3,
    "h50/outcome_partial_final_state_mse": 0.0017941871207523968,
    "h50/outcome_partial_state_mse": 0.0018272835600609872,
    "h50/outcome_success_episode_count": 3,
    "h50/outcome_success_final_state_mse": 0.0018440503261837305,
    "h50/outcome_success_state_mse": 0.001852066875283235,
    "h50/selected_mode": "periodic_5",
    "h50/selected_period": 5,
    "h50/state_mse": 0.002431054408254187,
    "h75/episode_count": 15,
    "h75/final_state_mse": 0.003837360431945402,
    "h75/outcome_drop_episode_count": 3,
    "h75/outcome_drop_final_state_mse": 0.0028039263987463285,
    "h75/outcome_drop_state_mse": 0.002304711435355392,
    "h75/outcome_jam_episode_count": 3,
    "h75/outcome_jam_final_state_mse": 0.004423795864472981,
    "h75/outcome_jam_state_mse": 0.0027294876165119913,
    "h75/outcome_miss_episode_count": 3,
    "h75/outcome_miss_final_state_mse": 0.005168824608809028,
    "h75/outcome_miss_state_mse": 0.003488126019247217,
    "h75/outcome_partial_episode_count": 3,
    "h75/outcome_partial_final_state_mse": 0.0030005243089463976,
    "h75/outcome_partial_state_mse": 0.0019863322305783207,
    "h75/outcome_success_episode_count": 3,
    "h75/outcome_success_final_state_mse": 0.0037897299317752615,
    "h75/outcome_success_state_mse": 0.002049132702397365,
    "h75/selected_mode": "periodic_5",
    "h75/selected_period": 5,
    "h75/state_mse": 0.002511558117170479,
    "max_requested_horizon": 125,
    "periodic_reencode_periods": [
      1,
      2,
      5,
      10,
      20,
      50,
      100
    ],
    "rollout_mode": "best_periodic"
  },
  "checkpoint": "runs/maniskill_insertion/perturbation_e20_5k_lista_refine_20260604_143125/lista_relu_a0p0075_sp3em4_loops3/seed2/checkpoint.pt",
  "checkpoint_step": 1500,
  "dataset": "data/maniskill/perturbation_assessment_seed0_e20/all_setups.npz",
  "device": "cuda",
  "family_jaccard": 0.4,
  "horizons": [
    10,
    20,
    30,
    40,
    50,
    75,
    100,
    125
  ],
  "labels_used_for_training": false,
  "periodic_reencode_periods": [
    1,
    2,
    5,
    10,
    20,
    50,
    100
  ],
  "rollout": {
    "episode_count": 15,
    "h10/episode_count": 15,
    "h10/final_state_mse": 0.0033364314658969056,
    "h10/outcome_drop_episode_count": 3,
    "h10/outcome_drop_final_state_mse": 0.002893577262856602,
    "h10/outcome_drop_state_mse": 0.0021439444785024604,
    "h10/outcome_jam_episode_count": 3,
    "h10/outcome_jam_final_state_mse": 0.004241577355690251,
    "h10/outcome_jam_state_mse": 0.002708544216903986,
    "h10/outcome_miss_episode_count": 3,
    "h10/outcome_miss_final_state_mse": 0.003761806007888582,
    "h10/outcome_miss_state_mse": 0.00974404484617944,
    "h10/outcome_partial_episode_count": 3,
    "h10/outcome_partial_final_state_mse": 0.0028960609601603616,
    "h10/outcome_partial_state_mse": 0.0020571303523443884,
    "h10/outcome_success_episode_count": 3,
    "h10/outcome_success_final_state_mse": 0.00288913666812423,
    "h10/outcome_success_state_mse": 0.002074043852051878,
    "h10/state_mse": 0.0037455415414049736,
    "h100/episode_count": 15,
    "h100/final_state_mse": 94344.12549019608,
    "h100/outcome_drop_episode_count": 3,
    "h100/outcome_drop_final_state_mse": 85100.00898692811,
    "h100/outcome_drop_state_mse": 3886.9780392156863,
    "h100/outcome_jam_episode_count": 3,
    "h100/outcome_jam_final_state_mse": 90836.07352941176,
    "h100/outcome_jam_state_mse": 4148.371568627451,
    "h100/outcome_miss_episode_count": 3,
    "h100/outcome_miss_final_state_mse": 118862.08006535948,
    "h100/outcome_miss_state_mse": 5741.496339869281,
    "h100/outcome_partial_episode_count": 3,
    "h100/outcome_partial_final_state_mse": 88797.0637254902,
    "h100/outcome_partial_state_mse": 4036.706797385621,
    "h100/outcome_success_episode_count": 3,
    "h100/outcome_success_final_state_mse": 88125.36192810457,
    "h100/outcome_success_state_mse": 4013.935816993464,
    "h100/state_mse": 4365.49814379085,
    "h125/episode_count": 15,
    "h125/final_state_mse": 51539598.55686274,
    "h125/outcome_drop_episode_count": 3,
    "h125/outcome_drop_final_state_mse": 44933640.78431372,
    "h125/outcome_drop_state_mse": 1756937.3163921568,
    "h125/outcome_jam_episode_count": 3,
    "h125/outcome_jam_final_state_mse": 43979484.44444445,
    "h125/outcome_jam_state_mse": 1722011.8353986929,
    "h125/outcome_miss_episode_count": 3,
    "h125/outcome_miss_final_state_mse": 79423203.55555555,
    "h125/outcome_miss_state_mse": 2775880.402823529,
    "h125/outcome_partial_episode_count": 3,
    "h125/outcome_partial_final_state_mse": 44476777.4117647,
    "h125/outcome_partial_state_mse": 1748206.344366013,
    "h125/outcome_success_episode_count": 3,
    "h125/outcome_success_final_state_mse": 44884899.97385621,
    "h125/outcome_success_state_mse": 1758464.4149542484,
    "h125/state_mse": 1952300.135069281,
    "h20/episode_count": 15,
    "h20/final_state_mse": 0.010379871044283598,
    "h20/outcome_drop_episode_count": 3,
    "h20/outcome_drop_final_state_mse": 0.0095616082350413,
    "h20/outcome_drop_state_mse": 0.004036422103059058,
    "h20/outcome_jam_episode_count": 3,
    "h20/outcome_jam_final_state_mse": 0.010373287341173957,
    "h20/outcome_jam_state_mse": 0.004520966258703494,
    "h20/outcome_miss_episode_count": 3,
    "h20/outcome_miss_final_state_mse": 0.012966452276005465,
    "h20/outcome_miss_state_mse": 0.008633930075402352,
    "h20/outcome_partial_episode_count": 3,
    "h20/outcome_partial_final_state_mse": 0.009515445168111838,
    "h20/outcome_partial_state_mse": 0.003937762118632497,
    "h20/outcome_success_episode_count": 3,
    "h20/outcome_success_final_state_mse": 0.009482560107131409,
    "h20/outcome_success_state_mse": 0.0039491483199051,
    "h20/state_mse": 0.0050156457439746735,
    "h30/episode_count": 15,
    "h30/final_state_mse": 0.037754894082063166,
    "h30/outcome_drop_episode_count": 3,
    "h30/outcome_drop_final_state_mse": 0.033968509022706476,
    "h30/outcome_drop_state_mse": 0.009664833675542429,
    "h30/outcome_jam_episode_count": 3,
    "h30/outcome_jam_final_state_mse": 0.035641888387842116,
    "h30/outcome_jam_state_mse": 0.010191454918555965,
    "h30/outcome_miss_episode_count": 3,
    "h30/outcome_miss_final_state_mse": 0.050454929763195565,
    "h30/outcome_miss_state_mse": 0.015609531361033454,
    "h30/outcome_partial_episode_count": 3,
    "h30/outcome_partial_final_state_mse": 0.034380325304916484,
    "h30/outcome_partial_state_mse": 0.009590023639155369,
    "h30/outcome_success_episode_count": 3,
    "h30/outcome_success_final_state_mse": 0.034328807802761305,
    "h30/outcome_success_state_mse": 0.009567370342013623,
    "h30/state_mse": 0.010924644054670479,
    "h40/episode_count": 15,
    "h40/final_state_mse": 0.12779834223728553,
    "h40/outcome_drop_episode_count": 3,
    "h40/outcome_drop_final_state_mse": 0.10745626337387983,
    "h40/outcome_drop_state_mse": 0.02405260466282664,
    "h40/outcome_jam_episode_count": 3,
    "h40/outcome_jam_final_state_mse": 0.11310181586570989,
    "h40/outcome_jam_state_mse": 0.024913512335883247,
    "h40/outcome_miss_episode_count": 3,
    "h40/outcome_miss_final_state_mse": 0.18930470709707223,
    "h40/outcome_miss_state_mse": 0.03762793322793798,
    "h40/outcome_partial_episode_count": 3,
    "h40/outcome_partial_final_state_mse": 0.11375145507014654,
    "h40/outcome_partial_state_mse": 0.02439550636640561,
    "h40/outcome_success_episode_count": 3,
    "h40/outcome_success_final_state_mse": 0.11537746354645374,
    "h40/outcome_success_state_mse": 0.02443022759132136,
    "h40/state_mse": 0.02708395565257353,
    "h50/episode_count": 15,
    "h50/final_state_mse": 1.3104190602022059,
    "h50/outcome_drop_episode_count": 3,
    "h50/outcome_drop_final_state_mse": 0.9656153410867928,
    "h50/outcome_drop_state_mse": 0.10397082958346099,
    "h50/outcome_jam_episode_count": 3,
    "h50/outcome_jam_final_state_mse": 0.8913851843939887,
    "h50/outcome_jam_state_mse": 0.09877892587699143,
    "h50/outcome_miss_episode_count": 3,
    "h50/outcome_miss_final_state_mse": 2.8389996796651604,
    "h50/outcome_miss_state_mse": 0.2420788334865196,
    "h50/outcome_partial_episode_count": 3,
    "h50/outcome_partial_final_state_mse": 0.9236114601683773,
    "h50/outcome_partial_state_mse": 0.10048008538539113,
    "h50/outcome_success_episode_count": 3,
    "h50/outcome_success_final_state_mse": 0.9324839348886528,
    "h50/outcome_success_state_mse": 0.10141200046913297,
    "h50/state_mse": 0.12934413296568628,
    "h75/episode_count": 15,
    "h75/final_state_mse": 329.712193627451,
    "h75/outcome_drop_episode_count": 3,
    "h75/outcome_drop_final_state_mse": 287.6930912990196,
    "h75/outcome_drop_state_mse": 18.94349417892157,
    "h75/outcome_jam_episode_count": 3,
    "h75/outcome_jam_final_state_mse": 296.576580371732,
    "h75/outcome_jam_state_mse": 19.13539896514161,
    "h75/outcome_miss_episode_count": 3,
    "h75/outcome_miss_final_state_mse": 481.1455269607843,
    "h75/outcome_miss_state_mse": 37.40077478213507,
    "h75/outcome_partial_episode_count": 3,
    "h75/outcome_partial_final_state_mse": 289.5120889501634,
    "h75/outcome_partial_state_mse": 18.872524680010894,
    "h75/outcome_success_episode_count": 3,
    "h75/outcome_success_final_state_mse": 293.63368055555554,
    "h75/outcome_success_state_mse": 19.139666394335514,
    "h75/state_mse": 22.69837037037037,
    "max_requested_horizon": 125,
    "reencode_period": null,
    "rollout_mode": "no_reencode"
  },
  "rollout_modes": {
    "no_reencode": {
      "episode_count": 15,
      "h10/episode_count": 15,
      "h10/final_state_mse": 0.0033364314658969056,
      "h10/outcome_drop_episode_count": 3,
      "h10/outcome_drop_final_state_mse": 0.002893577262856602,
      "h10/outcome_drop_state_mse": 0.0021439444785024604,
      "h10/outcome_jam_episode_count": 3,
      "h10/outcome_jam_final_state_mse": 0.004241577355690251,
      "h10/outcome_jam_state_mse": 0.002708544216903986,
      "h10/outcome_miss_episode_count": 3,
      "h10/outcome_miss_final_state_mse": 0.003761806007888582,
      "h10/outcome_miss_state_mse": 0.00974404484617944,
      "h10/outcome_partial_episode_count": 3,
      "h10/outcome_partial_final_state_mse": 0.0028960609601603616,
      "h10/outcome_partial_state_mse": 0.0020571303523443884,
      "h10/outcome_success_episode_count": 3,
      "h10/outcome_success_final_state_mse": 0.00288913666812423,
      "h10/outcome_success_state_mse": 0.002074043852051878,
      "h10/state_mse": 0.0037455415414049736,
      "h100/episode_count": 15,
      "h100/final_state_mse": 94344.12549019608,
      "h100/outcome_drop_episode_count": 3,
      "h100/outcome_drop_final_state_mse": 85100.00898692811,
      "h100/outcome_drop_state_mse": 3886.9780392156863,
      "h100/outcome_jam_episode_count": 3,
      "h100/outcome_jam_final_state_mse": 90836.07352941176,
      "h100/outcome_jam_state_mse": 4148.371568627451,
      "h100/outcome_miss_episode_count": 3,
      "h100/outcome_miss_final_state_mse": 118862.08006535948,
      "h100/outcome_miss_state_mse": 5741.496339869281,
      "h100/outcome_partial_episode_count": 3,
      "h100/outcome_partial_final_state_mse": 88797.0637254902,
      "h100/outcome_partial_state_mse": 4036.706797385621,
      "h100/outcome_success_episode_count": 3,
      "h100/outcome_success_final_state_mse": 88125.36192810457,
      "h100/outcome_success_state_mse": 4013.935816993464,
      "h100/state_mse": 4365.49814379085,
      "h125/episode_count": 15,
      "h125/final_state_mse": 51539598.55686274,
      "h125/outcome_drop_episode_count": 3,
      "h125/outcome_drop_final_state_mse": 44933640.78431372,
      "h125/outcome_drop_state_mse": 1756937.3163921568,
      "h125/outcome_jam_episode_count": 3,
      "h125/outcome_jam_final_state_mse": 43979484.44444445,
      "h125/outcome_jam_state_mse": 1722011.8353986929,
      "h125/outcome_miss_episode_count": 3,
      "h125/outcome_miss_final_state_mse": 79423203.55555555,
      "h125/outcome_miss_state_mse": 2775880.402823529,
      "h125/outcome_partial_episode_count": 3,
      "h125/outcome_partial_final_state_mse": 44476777.4117647,
      "h125/outcome_partial_state_mse": 1748206.344366013,
      "h125/outcome_success_episode_count": 3,
      "h125/outcome_success_final_state_mse": 44884899.97385621,
      "h125/outcome_success_state_mse": 1758464.4149542484,
      "h125/state_mse": 1952300.135069281,
      "h20/episode_count": 15,
      "h20/final_state_mse": 0.010379871044283598,
      "h20/outcome_drop_episode_count": 3,
      "h20/outcome_drop_final_state_mse": 0.0095616082350413,
      "h20/outcome_drop_state_mse": 0.004036422103059058,
      "h20/outcome_jam_episode_count": 3,
      "h20/outcome_jam_final_state_mse": 0.010373287341173957,
      "h20/outcome_jam_state_mse": 0.004520966258703494,
      "h20/outcome_miss_episode_count": 3,
      "h20/outcome_miss_final_state_mse": 0.012966452276005465,
      "h20/outcome_miss_state_mse": 0.008633930075402352,
      "h20/outcome_partial_episode_count": 3,
      "h20/outcome_partial_final_state_mse": 0.009515445168111838,
      "h20/outcome_partial_state_mse": 0.003937762118632497,
      "h20/outcome_success_episode_count": 3,
      "h20/outcome_success_final_state_mse": 0.009482560107131409,
      "h20/outcome_success_state_mse": 0.0039491483199051,
      "h20/state_mse": 0.0050156457439746735,
      "h30/episode_count": 15,
      "h30/final_state_mse": 0.037754894082063166,
      "h30/outcome_drop_episode_count": 3,
      "h30/outcome_drop_final_state_mse": 0.033968509022706476,
      "h30/outcome_drop_state_mse": 0.009664833675542429,
      "h30/outcome_jam_episode_count": 3,
      "h30/outcome_jam_final_state_mse": 0.035641888387842116,
      "h30/outcome_jam_state_mse": 0.010191454918555965,
      "h30/outcome_miss_episode_count": 3,
      "h30/outcome_miss_final_state_mse": 0.050454929763195565,
      "h30/outcome_miss_state_mse": 0.015609531361033454,
      "h30/outcome_partial_episode_count": 3,
      "h30/outcome_partial_final_state_mse": 0.034380325304916484,
      "h30/outcome_partial_state_mse": 0.009590023639155369,
      "h30/outcome_success_episode_count": 3,
      "h30/outcome_success_final_state_mse": 0.034328807802761305,
      "h30/outcome_success_state_mse": 0.009567370342013623,
      "h30/state_mse": 0.010924644054670479,
      "h40/episode_count": 15,
      "h40/final_state_mse": 0.12779834223728553,
      "h40/outcome_drop_episode_count": 3,
      "h40/outcome_drop_final_state_mse": 0.10745626337387983,
      "h40/outcome_drop_state_mse": 0.02405260466282664,
      "h40/outcome_jam_episode_count": 3,
      "h40/outcome_jam_final_state_mse": 0.11310181586570989,
      "h40/outcome_jam_state_mse": 0.024913512335883247,
      "h40/outcome_miss_episode_count": 3,
      "h40/outcome_miss_final_state_mse": 0.18930470709707223,
      "h40/outcome_miss_state_mse": 0.03762793322793798,
      "h40/outcome_partial_episode_count": 3,
      "h40/outcome_partial_final_state_mse": 0.11375145507014654,
      "h40/outcome_partial_state_mse": 0.02439550636640561,
      "h40/outcome_success_episode_count": 3,
      "h40/outcome_success_final_state_mse": 0.11537746354645374,
      "h40/outcome_success_state_mse": 0.02443022759132136,
      "h40/state_mse": 0.02708395565257353,
      "h50/episode_count": 15,
      "h50/final_state_mse": 1.3104190602022059,
      "h50/outcome_drop_episode_count": 3,
      "h50/outcome_drop_final_state_mse": 0.9656153410867928,
      "h50/outcome_drop_state_mse": 0.10397082958346099,
      "h50/outcome_jam_episode_count": 3,
      "h50/outcome_jam_final_state_mse": 0.8913851843939887,
      "h50/outcome_jam_state_mse": 0.09877892587699143,
      "h50/outcome_miss_episode_count": 3,
      "h50/outcome_miss_final_state_mse": 2.8389996796651604,
      "h50/outcome_miss_state_mse": 0.2420788334865196,
      "h50/outcome_partial_episode_count": 3,
      "h50/outcome_partial_final_state_mse": 0.9236114601683773,
      "h50/outcome_partial_state_mse": 0.10048008538539113,
      "h50/outcome_success_episode_count": 3,
      "h50/outcome_success_final_state_mse": 0.9324839348886528,
      "h50/outcome_success_state_mse": 0.10141200046913297,
      "h50/state_mse": 0.12934413296568628,
      "h75/episode_count": 15,
      "h75/final_state_mse": 329.712193627451,
      "h75/outcome_drop_episode_count": 3,
      "h75/outcome_drop_final_state_mse": 287.6930912990196,
      "h75/outcome_drop_state_mse": 18.94349417892157,
      "h75/outcome_jam_episode_count": 3,
      "h75/outcome_jam_final_state_mse": 296.576580371732,
      "h75/outcome_jam_state_mse": 19.13539896514161,
      "h75/outcome_miss_episode_count": 3,
      "h75/outcome_miss_final_state_mse": 481.1455269607843,
      "h75/outcome_miss_state_mse": 37.40077478213507,
      "h75/outcome_partial_episode_count": 3,
      "h75/outcome_partial_final_state_mse": 289.5120889501634,
      "h75/outcome_partial_state_mse": 18.872524680010894,
      "h75/outcome_success_episode_count": 3,
      "h75/outcome_success_final_state_mse": 293.63368055555554,
      "h75/outcome_success_state_mse": 19.139666394335514,
      "h75/state_mse": 22.69837037037037,
      "max_requested_horizon": 125,
      "reencode_period": null,
      "rollout_mode": "no_reencode"
    },
    "periodic_1": {
      "episode_count": 15,
      "h10/episode_count": 15,
      "h10/final_state_mse": 0.003307757969775231,
      "h10/outcome_drop_episode_count": 3,
      "h10/outcome_drop_final_state_mse": 0.0016520777656361947,
      "h10/outcome_drop_state_mse": 0.001785459452205234,
      "h10/outcome_jam_episode_count": 3,
      "h10/outcome_jam_final_state_mse": 0.0021216019598487156,
      "h10/outcome_jam_state_mse": 0.0022611657778422037,
      "h10/outcome_miss_episode_count": 3,
      "h10/outcome_miss_final_state_mse": 0.00946102120907478,
      "h10/outcome_miss_state_mse": 0.013144964486165764,
      "h10/outcome_partial_episode_count": 3,
      "h10/outcome_partial_final_state_mse": 0.00165055268535427,
      "h10/outcome_partial_state_mse": 0.0016923738850487602,
      "h10/outcome_success_episode_count": 3,
      "h10/outcome_success_final_state_mse": 0.0016535354985131158,
      "h10/outcome_success_state_mse": 0.001716489378922905,
      "h10/state_mse": 0.004120090709013097,
      "h100/episode_count": 15,
      "h100/final_state_mse": 0.007511449950972414,
      "h100/outcome_drop_episode_count": 3,
      "h100/outcome_drop_final_state_mse": 0.007749948334070592,
      "h100/outcome_drop_state_mse": 0.004718691009322023,
      "h100/outcome_jam_episode_count": 3,
      "h100/outcome_jam_final_state_mse": 0.004970615498380723,
      "h100/outcome_jam_state_mse": 0.003605363696229224,
      "h100/outcome_miss_episode_count": 3,
      "h100/outcome_miss_final_state_mse": 0.01630419870120248,
      "h100/outcome_miss_state_mse": 0.013140427583183338,
      "h100/outcome_partial_episode_count": 3,
      "h100/outcome_partial_final_state_mse": 0.004243705884303922,
      "h100/outcome_partial_state_mse": 0.003018296933641621,
      "h100/outcome_success_episode_count": 3,
      "h100/outcome_success_final_state_mse": 0.004288778975118999,
      "h100/outcome_success_state_mse": 0.003145916882683249,
      "h100/state_mse": 0.005525739283343546,
      "h125/episode_count": 15,
      "h125/final_state_mse": 0.008980305989583333,
      "h125/outcome_drop_episode_count": 3,
      "h125/outcome_drop_final_state_mse": 0.006031653995996986,
      "h125/outcome_drop_state_mse": 0.005358102237477022,
      "h125/outcome_jam_episode_count": 3,
      "h125/outcome_jam_final_state_mse": 0.008288446399900649,
      "h125/outcome_jam_state_mse": 0.004681872399024714,
      "h125/outcome_miss_episode_count": 3,
      "h125/outcome_miss_final_state_mse": 0.020647851567642362,
      "h125/outcome_miss_state_mse": 0.015221662134906045,
      "h125/outcome_partial_episode_count": 3,
      "h125/outcome_partial_final_state_mse": 0.004562013532990724,
      "h125/outcome_partial_state_mse": 0.0031464949464486314,
      "h125/outcome_success_episode_count": 3,
      "h125/outcome_success_final_state_mse": 0.005371566301856945,
      "h125/outcome_success_state_mse": 0.0034548654992595995,
      "h125/state_mse": 0.006372599443423202,
      "h20/episode_count": 15,
      "h20/final_state_mse": 0.009135518042869818,
      "h20/outcome_drop_episode_count": 3,
      "h20/outcome_drop_final_state_mse": 0.0028084591518040577,
      "h20/outcome_drop_state_mse": 0.002056709263059828,
      "h20/outcome_jam_episode_count": 3,
      "h20/outcome_jam_final_state_mse": 0.002932661352983487,
      "h20/outcome_jam_state_mse": 0.0025162364532744963,
      "h20/outcome_miss_episode_count": 3,
      "h20/outcome_miss_final_state_mse": 0.034819886964910174,
      "h20/outcome_miss_state_mse": 0.018667976684819638,
      "h20/outcome_partial_episode_count": 3,
      "h20/outcome_partial_final_state_mse": 0.002543013469845641,
      "h20/outcome_partial_state_mse": 0.001969800178521599,
      "h20/outcome_success_episode_count": 3,
      "h20/outcome_success_final_state_mse": 0.0025735721235571342,
      "h20/outcome_success_state_mse": 0.0020006751702501884,
      "h20/state_mse": 0.005442279491549224,
      "h30/episode_count": 15,
      "h30/final_state_mse": 0.004761214661442376,
      "h30/outcome_drop_episode_count": 3,
      "h30/outcome_drop_final_state_mse": 0.002516134161185595,
      "h30/outcome_drop_state_mse": 0.002192626591601403,
      "h30/outcome_jam_episode_count": 3,
      "h30/outcome_jam_final_state_mse": 0.003164595394742255,
      "h30/outcome_jam_state_mse": 0.0026637933872364185,
      "h30/outcome_miss_episode_count": 3,
      "h30/outcome_miss_final_state_mse": 0.01311837867194531,
      "h30/outcome_miss_state_mse": 0.018714640706712644,
      "h30/outcome_partial_episode_count": 3,
      "h30/outcome_partial_final_state_mse": 0.0024769539196117254,
      "h30/outcome_partial_state_mse": 0.002110761157308009,
      "h30/outcome_success_episode_count": 3,
      "h30/outcome_success_final_state_mse": 0.0025300095770873277,
      "h30/outcome_success_state_mse": 0.0021349356065388596,
      "h30/state_mse": 0.005563351500268076,
      "h40/episode_count": 15,
      "h40/final_state_mse": 0.004664373397827148,
      "h40/outcome_drop_episode_count": 3,
      "h40/outcome_drop_final_state_mse": 0.0032874823493116044,
      "h40/outcome_drop_state_mse": 0.0023914131853315567,
      "h40/outcome_jam_episode_count": 3,
      "h40/outcome_jam_final_state_mse": 0.0028130969190909194,
      "h40/outcome_jam_state_mse": 0.0027140000287224266,
      "h40/outcome_miss_episode_count": 3,
      "h40/outcome_miss_final_state_mse": 0.012214126734951742,
      "h40/outcome_miss_state_mse": 0.017264920745799744,
      "h40/outcome_partial_episode_count": 3,
      "h40/outcome_partial_final_state_mse": 0.002457037275912715,
      "h40/outcome_partial_state_mse": 0.0021712289136998795,
      "h40/outcome_success_episode_count": 3,
      "h40/outcome_success_final_state_mse": 0.0025501222246223027,
      "h40/outcome_success_state_mse": 0.0022000017314175377,
      "h40/state_mse": 0.005348312776852277,
      "h50/episode_count": 15,
      "h50/final_state_mse": 0.005403723124585121,
      "h50/outcome_drop_episode_count": 3,
      "h50/outcome_drop_final_state_mse": 0.005489906649184383,
      "h50/outcome_drop_state_mse": 0.0029917650908426524,
      "h50/outcome_jam_episode_count": 3,
      "h50/outcome_jam_final_state_mse": 0.0039719671887509965,
      "h50/outcome_jam_state_mse": 0.002888030257879519,
      "h50/outcome_miss_episode_count": 3,
      "h50/outcome_miss_final_state_mse": 0.011896204325108746,
      "h50/outcome_miss_state_mse": 0.01612106472838159,
      "h50/outcome_partial_episode_count": 3,
      "h50/outcome_partial_final_state_mse": 0.0028175115098361095,
      "h50/outcome_partial_state_mse": 0.0022950288984510633,
      "h50/outcome_success_episode_count": 3,
      "h50/outcome_success_final_state_mse": 0.0028430255117759206,
      "h50/outcome_success_state_mse": 0.002332308245640175,
      "h50/state_mse": 0.005325639712265114,
      "h75/episode_count": 15,
      "h75/final_state_mse": 0.007244240380580129,
      "h75/outcome_drop_episode_count": 3,
      "h75/outcome_drop_final_state_mse": 0.007150268827388489,
      "h75/outcome_drop_state_mse": 0.004050202920286224,
      "h75/outcome_jam_episode_count": 3,
      "h75/outcome_jam_final_state_mse": 0.006671602332514096,
      "h75/outcome_jam_state_mse": 0.0034282218085394966,
      "h75/outcome_miss_episode_count": 3,
      "h75/outcome_miss_final_state_mse": 0.01162923745859682,
      "h75/outcome_miss_state_mse": 0.014721064016969635,
      "h75/outcome_partial_episode_count": 3,
      "h75/outcome_partial_final_state_mse": 0.004879449804623921,
      "h75/outcome_partial_state_mse": 0.0027432014947363493,
      "h75/outcome_success_episode_count": 3,
      "h75/outcome_success_final_state_mse": 0.005890644891978869,
      "h75/outcome_success_state_mse": 0.002830411000968584,
      "h75/state_mse": 0.005554620481004902,
      "max_requested_horizon": 125,
      "reencode_period": 1,
      "rollout_mode": "periodic_1"
    },
    "periodic_10": {
      "episode_count": 15,
      "h10/episode_count": 15,
      "h10/final_state_mse": 0.0033364311542386322,
      "h10/outcome_drop_episode_count": 3,
      "h10/outcome_drop_final_state_mse": 0.0028935766054524314,
      "h10/outcome_drop_state_mse": 0.002143944361630608,
      "h10/outcome_jam_episode_count": 3,
      "h10/outcome_jam_final_state_mse": 0.004241577112207226,
      "h10/outcome_jam_state_mse": 0.0027085441779467014,
      "h10/outcome_miss_episode_count": 3,
      "h10/outcome_miss_final_state_mse": 0.0037618059591919767,
      "h10/outcome_miss_state_mse": 0.009744043911204618,
      "h10/outcome_partial_episode_count": 3,
      "h10/outcome_partial_final_state_mse": 0.002896061422778111,
      "h10/outcome_partial_state_mse": 0.002057130508173525,
      "h10/outcome_success_episode_count": 3,
      "h10/outcome_success_final_state_mse": 0.0028891352802709815,
      "h10/outcome_success_state_mse": 0.002074043579350889,
      "h10/state_mse": 0.003745541042751736,
      "h100/episode_count": 15,
      "h100/final_state_mse": 0.002932661966560713,
      "h100/outcome_drop_episode_count": 3,
      "h100/outcome_drop_final_state_mse": 0.002992977844733818,
      "h100/outcome_drop_state_mse": 0.002567499322828904,
      "h100/outcome_jam_episode_count": 3,
      "h100/outcome_jam_final_state_mse": 0.003591019635886149,
      "h100/outcome_jam_state_mse": 0.003222278395509408,
      "h100/outcome_miss_episode_count": 3,
      "h100/outcome_miss_final_state_mse": 0.0019837414322335734,
      "h100/outcome_miss_state_mse": 0.003188737046484854,
      "h100/outcome_partial_episode_count": 3,
      "h100/outcome_partial_final_state_mse": 0.0021998064190733666,
      "h100/outcome_partial_state_mse": 0.002166950375426049,
      "h100/outcome_success_episode_count": 3,
      "h100/outcome_success_final_state_mse": 0.0038957654261121562,
      "h100/outcome_success_state_mse": 0.002575088731603685,
      "h100/state_mse": 0.0027441109052670546,
      "h125/episode_count": 15,
      "h125/final_state_mse": 0.003389541152255987,
      "h125/outcome_drop_episode_count": 3,
      "h125/outcome_drop_final_state_mse": 0.004254935175375222,
      "h125/outcome_drop_state_mse": 0.002879735709794986,
      "h125/outcome_jam_episode_count": 3,
      "h125/outcome_jam_final_state_mse": 0.004740740154303757,
      "h125/outcome_jam_state_mse": 0.003453153074177262,
      "h125/outcome_miss_episode_count": 3,
      "h125/outcome_miss_final_state_mse": 0.002623392183796253,
      "h125/outcome_miss_state_mse": 0.0030052062389897367,
      "h125/outcome_partial_episode_count": 3,
      "h125/outcome_partial_final_state_mse": 0.00227621024827552,
      "h125/outcome_partial_state_mse": 0.002190298092910667,
      "h125/outcome_success_episode_count": 3,
      "h125/outcome_success_final_state_mse": 0.003052426709069146,
      "h125/outcome_success_state_mse": 0.002745569465986264,
      "h125/state_mse": 0.0028547924964256537,
      "h20/episode_count": 15,
      "h20/final_state_mse": 0.0033063364963905485,
      "h20/outcome_drop_episode_count": 3,
      "h20/outcome_drop_final_state_mse": 0.0031716927788616005,
      "h20/outcome_drop_state_mse": 0.002426704822802076,
      "h20/outcome_jam_episode_count": 3,
      "h20/outcome_jam_final_state_mse": 0.0037262985616727594,
      "h20/outcome_jam_state_mse": 0.003017828978744208,
      "h20/outcome_miss_episode_count": 3,
      "h20/outcome_miss_final_state_mse": 0.0035341364252411463,
      "h20/outcome_miss_state_mse": 0.006548793954786912,
      "h20/outcome_partial_episode_count": 3,
      "h20/outcome_partial_final_state_mse": 0.0030437286918848947,
      "h20/outcome_partial_state_mse": 0.002348568236905765,
      "h20/outcome_success_episode_count": 3,
      "h20/outcome_success_final_state_mse": 0.003055826170382157,
      "h20/outcome_success_state_mse": 0.0023599317260816987,
      "h20/state_mse": 0.0033403658399394913,
      "h30/episode_count": 15,
      "h30/final_state_mse": 0.0026800323935116037,
      "h30/outcome_drop_episode_count": 3,
      "h30/outcome_drop_final_state_mse": 0.0025537134775149278,
      "h30/outcome_drop_state_mse": 0.002459447212468565,
      "h30/outcome_jam_episode_count": 3,
      "h30/outcome_jam_final_state_mse": 0.003035670913317624,
      "h30/outcome_jam_state_mse": 0.003062798618491179,
      "h30/outcome_miss_episode_count": 3,
      "h30/outcome_miss_final_state_mse": 0.0027795643393510308,
      "h30/outcome_miss_state_mse": 0.005324039583891825,
      "h30/outcome_partial_episode_count": 3,
      "h30/outcome_partial_final_state_mse": 0.002472384984976326,
      "h30/outcome_partial_state_mse": 0.0023766294284064265,
      "h30/outcome_success_episode_count": 3,
      "h30/outcome_success_final_state_mse": 0.0025588290071954915,
      "h30/outcome_success_state_mse": 0.002386143108858262,
      "h30/state_mse": 0.00312181161120047,
      "h40/episode_count": 15,
      "h40/final_state_mse": 0.002028037987503351,
      "h40/outcome_drop_episode_count": 3,
      "h40/outcome_drop_final_state_mse": 0.0019697349737672243,
      "h40/outcome_drop_state_mse": 0.0024256994132122963,
      "h40/outcome_jam_episode_count": 3,
      "h40/outcome_jam_final_state_mse": 0.0022411278747265636,
      "h40/outcome_jam_state_mse": 0.002982476256252114,
      "h40/outcome_miss_episode_count": 3,
      "h40/outcome_miss_final_state_mse": 0.001907281431497312,
      "h40/outcome_miss_state_mse": 0.004528572512607948,
      "h40/outcome_partial_episode_count": 3,
      "h40/outcome_partial_final_state_mse": 0.0020221993083657784,
      "h40/outcome_partial_state_mse": 0.0023280721474317166,
      "h40/outcome_success_episode_count": 3,
      "h40/outcome_success_final_state_mse": 0.0019998471283055597,
      "h40/outcome_success_state_mse": 0.0023391528846391663,
      "h40/state_mse": 0.002920794518165339,
      "h50/episode_count": 15,
      "h50/final_state_mse": 0.0020955079521229065,
      "h50/outcome_drop_episode_count": 3,
      "h50/outcome_drop_final_state_mse": 0.002284768968820572,
      "h50/outcome_drop_state_mse": 0.002437884199853037,
      "h50/outcome_jam_episode_count": 3,
      "h50/outcome_jam_final_state_mse": 0.00290831977051068,
      "h50/outcome_jam_state_mse": 0.0029328969568988075,
      "h50/outcome_miss_episode_count": 3,
      "h50/outcome_miss_final_state_mse": 0.001822420097644033,
      "h50/outcome_miss_state_mse": 0.003997417462417503,
      "h50/outcome_partial_episode_count": 3,
      "h50/outcome_partial_final_state_mse": 0.0016997883132859773,
      "h50/outcome_partial_state_mse": 0.0022443566291160833,
      "h50/outcome_success_episode_count": 3,
      "h50/outcome_success_final_state_mse": 0.0017622423181736391,
      "h50/outcome_success_state_mse": 0.002259873658223869,
      "h50/state_mse": 0.0027744858685661766,
      "h75/episode_count": 15,
      "h75/final_state_mse": 0.0038709908529044757,
      "h75/outcome_drop_episode_count": 3,
      "h75/outcome_drop_final_state_mse": 0.0030206704597457563,
      "h75/outcome_drop_state_mse": 0.002483429420487813,
      "h75/outcome_jam_episode_count": 3,
      "h75/outcome_jam_final_state_mse": 0.004777989892009037,
      "h75/outcome_jam_state_mse": 0.0030243920552704587,
      "h75/outcome_miss_episode_count": 3,
      "h75/outcome_miss_final_state_mse": 0.004834295877444199,
      "h75/outcome_miss_state_mse": 0.0034446963973034962,
      "h75/outcome_partial_episode_count": 3,
      "h75/outcome_partial_final_state_mse": 0.0028012056950650183,
      "h75/outcome_partial_state_mse": 0.002230190326964933,
      "h75/outcome_success_episode_count": 3,
      "h75/outcome_success_final_state_mse": 0.003920791195888145,
      "h75/outcome_success_state_mse": 0.0022968067011282594,
      "h75/state_mse": 0.0026959026394846133,
      "max_requested_horizon": 125,
      "reencode_period": 10,
      "rollout_mode": "periodic_10"
    },
    "periodic_100": {
      "episode_count": 15,
      "h10/episode_count": 15,
      "h10/final_state_mse": 0.0033364311542386322,
      "h10/outcome_drop_episode_count": 3,
      "h10/outcome_drop_final_state_mse": 0.0028935766054524314,
      "h10/outcome_drop_state_mse": 0.002143944361630608,
      "h10/outcome_jam_episode_count": 3,
      "h10/outcome_jam_final_state_mse": 0.004241577112207226,
      "h10/outcome_jam_state_mse": 0.0027085441779467014,
      "h10/outcome_miss_episode_count": 3,
      "h10/outcome_miss_final_state_mse": 0.0037618059591919767,
      "h10/outcome_miss_state_mse": 0.009744043911204618,
      "h10/outcome_partial_episode_count": 3,
      "h10/outcome_partial_final_state_mse": 0.002896061422778111,
      "h10/outcome_partial_state_mse": 0.002057130508173525,
      "h10/outcome_success_episode_count": 3,
      "h10/outcome_success_final_state_mse": 0.0028891352802709815,
      "h10/outcome_success_state_mse": 0.002074043579350889,
      "h10/state_mse": 0.003745541042751736,
      "h100/episode_count": 15,
      "h100/final_state_mse": 94344.12549019608,
      "h100/outcome_drop_episode_count": 3,
      "h100/outcome_drop_final_state_mse": 85100.01715686274,
      "h100/outcome_drop_state_mse": 3886.9780392156863,
      "h100/outcome_jam_episode_count": 3,
      "h100/outcome_jam_final_state_mse": 90836.06862745098,
      "h100/outcome_jam_state_mse": 4148.371176470589,
      "h100/outcome_miss_episode_count": 3,
      "h100/outcome_miss_final_state_mse": 118862.09967320261,
      "h100/outcome_miss_state_mse": 5741.496732026144,
      "h100/outcome_partial_episode_count": 3,
      "h100/outcome_partial_final_state_mse": 88797.05555555556,
      "h100/outcome_partial_state_mse": 4036.706797385621,
      "h100/outcome_success_episode_count": 3,
      "h100/outcome_success_final_state_mse": 88125.36192810457,
      "h100/outcome_success_state_mse": 4013.935816993464,
      "h100/state_mse": 4365.49814379085,
      "h125/episode_count": 15,
      "h125/final_state_mse": 28728.912418300653,
      "h125/outcome_drop_episode_count": 3,
      "h125/outcome_drop_final_state_mse": 15143.84375,
      "h125/outcome_drop_state_mse": 4726.762718954248,
      "h125/outcome_jam_episode_count": 3,
      "h125/outcome_jam_final_state_mse": 17092.430759803923,
      "h125/outcome_jam_state_mse": 5015.21077124183,
      "h125/outcome_miss_episode_count": 3,
      "h125/outcome_miss_final_state_mse": 79445.30147058824,
      "h125/outcome_miss_state_mse": 10466.352104575164,
      "h125/outcome_partial_episode_count": 3,
      "h125/outcome_partial_final_state_mse": 16123.447508169935,
      "h125/outcome_partial_state_mse": 4913.036235294117,
      "h125/outcome_success_episode_count": 3,
      "h125/outcome_success_final_state_mse": 15839.533496732027,
      "h125/outcome_success_state_mse": 4884.792261437909,
      "h125/state_mse": 6001.230305882353,
      "h20/episode_count": 15,
      "h20/final_state_mse": 0.010379870420967052,
      "h20/outcome_drop_episode_count": 3,
      "h20/outcome_drop_final_state_mse": 0.009561607504592222,
      "h20/outcome_drop_state_mse": 0.004036422258888195,
      "h20/outcome_jam_episode_count": 3,
      "h20/outcome_jam_final_state_mse": 0.010373287341173957,
      "h20/outcome_jam_state_mse": 0.004520966258703494,
      "h20/outcome_miss_episode_count": 3,
      "h20/outcome_miss_final_state_mse": 0.012966453639510411,
      "h20/outcome_miss_state_mse": 0.00863392976374408,
      "h20/outcome_partial_episode_count": 3,
      "h20/outcome_partial_final_state_mse": 0.009515445995954127,
      "h20/outcome_partial_state_mse": 0.003937761923846077,
      "h20/outcome_success_episode_count": 3,
      "h20/outcome_success_final_state_mse": 0.009482558841019674,
      "h20/outcome_success_state_mse": 0.003949148514691521,
      "h20/state_mse": 0.0050156457439746735,
      "h30/episode_count": 15,
      "h30/final_state_mse": 0.037754894082063166,
      "h30/outcome_drop_episode_count": 3,
      "h30/outcome_drop_final_state_mse": 0.03396850863313363,
      "h30/outcome_drop_state_mse": 0.009664834402745065,
      "h30/outcome_jam_episode_count": 3,
      "h30/outcome_jam_final_state_mse": 0.03564188682955075,
      "h30/outcome_jam_state_mse": 0.010191454814669872,
      "h30/outcome_miss_episode_count": 3,
      "h30/outcome_miss_final_state_mse": 0.05045493287977829,
      "h30/outcome_miss_state_mse": 0.01560953011440036,
      "h30/outcome_partial_episode_count": 3,
      "h30/outcome_partial_final_state_mse": 0.034380325304916484,
      "h30/outcome_partial_state_mse": 0.009590023846927552,
      "h30/outcome_success_episode_count": 3,
      "h30/outcome_success_final_state_mse": 0.034328810140198354,
      "h30/outcome_success_state_mse": 0.009567371069216261,
      "h30/state_mse": 0.010924644054670479,
      "h40/episode_count": 15,
      "h40/final_state_mse": 0.1277983322642208,
      "h40/outcome_drop_episode_count": 3,
      "h40/outcome_drop_final_state_mse": 0.10745622909146976,
      "h40/outcome_drop_state_mse": 0.024052603416193544,
      "h40/outcome_jam_episode_count": 3,
      "h40/outcome_jam_final_state_mse": 0.11310182521545808,
      "h40/outcome_jam_state_mse": 0.024913510154275332,
      "h40/outcome_miss_episode_count": 3,
      "h40/outcome_miss_final_state_mse": 0.18930472579656862,
      "h40/outcome_miss_state_mse": 0.037627933851254534,
      "h40/outcome_partial_episode_count": 3,
      "h40/outcome_partial_final_state_mse": 0.11375145195356381,
      "h40/outcome_partial_state_mse": 0.0243955041847977,
      "h40/outcome_success_episode_count": 3,
      "h40/outcome_success_final_state_mse": 0.1153774510801228,
      "h40/outcome_success_state_mse": 0.024430228214637906,
      "h40/state_mse": 0.02708395565257353,
      "h50/episode_count": 15,
      "h50/final_state_mse": 1.3104190602022059,
      "h50/outcome_drop_episode_count": 3,
      "h50/outcome_drop_final_state_mse": 0.9656152164234835,
      "h50/outcome_drop_state_mse": 0.10397082160500919,
      "h50/outcome_jam_episode_count": 3,
      "h50/outcome_jam_final_state_mse": 0.8913853090572981,
      "h50/outcome_jam_state_mse": 0.09877892388237847,
      "h50/outcome_miss_episode_count": 3,
      "h50/outcome_miss_final_state_mse": 2.8389994303385415,
      "h50/outcome_miss_state_mse": 0.242078857421875,
      "h50/outcome_partial_episode_count": 3,
      "h50/outcome_partial_final_state_mse": 0.9236114352357154,
      "h50/outcome_partial_state_mse": 0.10048008937461704,
      "h50/outcome_success_episode_count": 3,
      "h50/outcome_success_final_state_mse": 0.9324840096866384,
      "h50/outcome_success_state_mse": 0.10141200046913297,
      "h50/state_mse": 0.12934413296568628,
      "h75/episode_count": 15,
      "h75/final_state_mse": 329.712193627451,
      "h75/outcome_drop_episode_count": 3,
      "h75/outcome_drop_final_state_mse": 287.6931200214461,
      "h75/outcome_drop_state_mse": 18.943494859749457,
      "h75/outcome_jam_episode_count": 3,
      "h75/outcome_jam_final_state_mse": 296.57652930964053,
      "h75/outcome_jam_state_mse": 19.135398284313727,
      "h75/outcome_miss_episode_count": 3,
      "h75/outcome_miss_final_state_mse": 481.1454886642157,
      "h75/outcome_miss_state_mse": 37.40077614379085,
      "h75/outcome_partial_episode_count": 3,
      "h75/outcome_partial_final_state_mse": 289.5121910743464,
      "h75/outcome_partial_state_mse": 18.87252450980392,
      "h75/outcome_success_episode_count": 3,
      "h75/outcome_success_final_state_mse": 293.6337731055964,
      "h75/outcome_success_state_mse": 19.13967030909586,
      "h75/state_mse": 22.69837037037037,
      "max_requested_horizon": 125,
      "reencode_period": 100,
      "rollout_mode": "periodic_100"
    },
    "periodic_2": {
      "episode_count": 15,
      "h10/episode_count": 15,
      "h10/final_state_mse": 0.002392288906122345,
      "h10/outcome_drop_episode_count": 3,
      "h10/outcome_drop_final_state_mse": 0.0014751659450577754,
      "h10/outcome_drop_state_mse": 0.0016714531222200082,
      "h10/outcome_jam_episode_count": 3,
      "h10/outcome_jam_final_state_mse": 0.002075575486896864,
      "h10/outcome_jam_state_mse": 0.0021329956117019156,
      "h10/outcome_miss_episode_count": 3,
      "h10/outcome_miss_final_state_mse": 0.005714390207739437,
      "h10/outcome_miss_state_mse": 0.011085394317028568,
      "h10/outcome_partial_episode_count": 3,
      "h10/outcome_partial_final_state_mse": 0.0013402128239083134,
      "h10/outcome_partial_state_mse": 0.0015555799786561456,
      "h10/outcome_success_episode_count": 3,
      "h10/outcome_success_final_state_mse": 0.0013561001157059388,
      "h10/outcome_success_state_mse": 0.0015762661796769285,
      "h10/state_mse": 0.0036043379041883683,
      "h100/episode_count": 15,
      "h100/final_state_mse": 0.004273209540672552,
      "h100/outcome_drop_episode_count": 3,
      "h100/outcome_drop_final_state_mse": 0.0042911475049514395,
      "h100/outcome_drop_state_mse": 0.003149264902850382,
      "h100/outcome_jam_episode_count": 3,
      "h100/outcome_jam_final_state_mse": 0.0024628818911664628,
      "h100/outcome_jam_state_mse": 0.0029005485734129263,
      "h100/outcome_miss_episode_count": 3,
      "h100/outcome_miss_final_state_mse": 0.008807726423530018,
      "h100/outcome_miss_state_mse": 0.004746141371384165,
      "h100/outcome_partial_episode_count": 3,
      "h100/outcome_partial_final_state_mse": 0.002588472676043417,
      "h100/outcome_partial_state_mse": 0.002222915443719602,
      "h100/outcome_success_episode_count": 3,
      "h100/outcome_success_final_state_mse": 0.003215821058142419,
      "h100/outcome_success_state_mse": 0.002410826527215297,
      "h100/state_mse": 0.0030859390956903595,
      "h125/episode_count": 15,
      "h125/final_state_mse": 0.004744473625631893,
      "h125/outcome_drop_episode_count": 3,
      "h125/outcome_drop_final_state_mse": 0.005460613401107539,
      "h125/outcome_drop_state_mse": 0.00345394049750434,
      "h125/outcome_jam_episode_count": 3,
      "h125/outcome_jam_final_state_mse": 0.00478455463266061,
      "h125/outcome_jam_state_mse": 0.0030860000809812857,
      "h125/outcome_miss_episode_count": 3,
      "h125/outcome_miss_final_state_mse": 0.006158951645583109,
      "h125/outcome_miss_state_mse": 0.005295396393420649,
      "h125/outcome_partial_episode_count": 3,
      "h125/outcome_partial_final_state_mse": 0.0026215608505641714,
      "h125/outcome_partial_state_mse": 0.0022679491728739023,
      "h125/outcome_success_episode_count": 3,
      "h125/outcome_success_final_state_mse": 0.004696687159974591,
      "h125/outcome_success_state_mse": 0.002758547764198453,
      "h125/state_mse": 0.003372366791768791,
      "h20/episode_count": 15,
      "h20/final_state_mse": 0.002624881657120449,
      "h20/outcome_drop_episode_count": 3,
      "h20/outcome_drop_final_state_mse": 0.0024801403576252506,
      "h20/outcome_drop_state_mse": 0.0017627840727762458,
      "h20/outcome_jam_episode_count": 3,
      "h20/outcome_jam_final_state_mse": 0.002495875350790086,
      "h20/outcome_jam_state_mse": 0.0022178829105850917,
      "h20/outcome_miss_episode_count": 3,
      "h20/outcome_miss_final_state_mse": 0.003778253383691015,
      "h20/outcome_miss_state_mse": 0.0078023178904664285,
      "h20/outcome_partial_episode_count": 3,
      "h20/outcome_partial_final_state_mse": 0.0021765499674027263,
      "h20/outcome_partial_state_mse": 0.0016579012076059978,
      "h20/outcome_success_episode_count": 3,
      "h20/outcome_success_final_state_mse": 0.0021935884956440894,
      "h20/outcome_success_state_mse": 0.001684651265736499,
      "h20/state_mse": 0.003025107539557164,
      "h30/episode_count": 15,
      "h30/final_state_mse": 0.0027967496635087955,
      "h30/outcome_drop_episode_count": 3,
      "h30/outcome_drop_final_state_mse": 0.002356340171270121,
      "h30/outcome_drop_state_mse": 0.0019793142160818727,
      "h30/outcome_jam_episode_count": 3,
      "h30/outcome_jam_final_state_mse": 0.0030116336602790685,
      "h30/outcome_jam_state_mse": 0.002453345047362749,
      "h30/outcome_miss_episode_count": 3,
      "h30/outcome_miss_final_state_mse": 0.00389203916188159,
      "h30/outcome_miss_state_mse": 0.006649195394744541,
      "h30/outcome_partial_episode_count": 3,
      "h30/outcome_partial_final_state_mse": 0.0023235017859857847,
      "h30/outcome_partial_state_mse": 0.0018864011972298549,
      "h30/outcome_success_episode_count": 3,
      "h30/outcome_success_final_state_mse": 0.0024002327833300323,
      "h30/outcome_success_state_mse": 0.0019114758194401893,
      "h30/state_mse": 0.00297594623108575,
      "h40/episode_count": 15,
      "h40/final_state_mse": 0.0025101314183154136,
      "h40/outcome_drop_episode_count": 3,
      "h40/outcome_drop_final_state_mse": 0.002625254098496406,
      "h40/outcome_drop_state_mse": 0.002123092436322979,
      "h40/outcome_jam_episode_count": 3,
      "h40/outcome_jam_final_state_mse": 0.0023288408817808614,
      "h40/outcome_jam_state_mse": 0.002492894767935759,
      "h40/outcome_miss_episode_count": 3,
      "h40/outcome_miss_final_state_mse": 0.0033666712591071536,
      "h40/outcome_miss_state_mse": 0.0058881342021468415,
      "h40/outcome_partial_episode_count": 3,
      "h40/outcome_partial_final_state_mse": 0.002111101681305692,
      "h40/outcome_partial_state_mse": 0.0019489074454588048,
      "h40/outcome_success_episode_count": 3,
      "h40/outcome_success_final_state_mse": 0.0021187892439318637,
      "h40/outcome_success_state_mse": 0.001975217792722914,
      "h40/state_mse": 0.0028856491886712367,
      "h50/episode_count": 15,
      "h50/final_state_mse": 0.0028579250659817963,
      "h50/outcome_drop_episode_count": 3,
      "h50/outcome_drop_final_state_mse": 0.0033383755122914035,
      "h50/outcome_drop_state_mse": 0.0024558886048061395,
      "h50/outcome_jam_episode_count": 3,
      "h50/outcome_jam_final_state_mse": 0.003174261232606726,
      "h50/outcome_jam_state_mse": 0.002591489405413858,
      "h50/outcome_miss_episode_count": 3,
      "h50/outcome_miss_final_state_mse": 0.0031826896897328445,
      "h50/outcome_miss_state_mse": 0.005369522805307426,
      "h50/outcome_partial_episode_count": 3,
      "h50/outcome_partial_final_state_mse": 0.0022695367924528186,
      "h50/outcome_partial_state_mse": 0.002013054392696206,
      "h50/outcome_success_episode_count": 3,
      "h50/outcome_success_final_state_mse": 0.0023247628819708733,
      "h50/outcome_success_state_mse": 0.0020418289595959234,
      "h50/state_mse": 0.0028943569208282273,
      "h75/episode_count": 15,
      "h75/final_state_mse": 0.004605749541637944,
      "h75/outcome_drop_episode_count": 3,
      "h75/outcome_drop_final_state_mse": 0.004414536351082372,
      "h75/outcome_drop_state_mse": 0.0028972530572762417,
      "h75/outcome_jam_episode_count": 3,
      "h75/outcome_jam_final_state_mse": 0.00460874245447271,
      "h75/outcome_jam_state_mse": 0.0028814944514521847,
      "h75/outcome_miss_episode_count": 3,
      "h75/outcome_miss_final_state_mse": 0.006119413313522838,
      "h75/outcome_miss_state_mse": 0.004897200308074619,
      "h75/outcome_partial_episode_count": 3,
      "h75/outcome_partial_final_state_mse": 0.0035416064114352458,
      "h75/outcome_partial_state_mse": 0.0022126558091905384,
      "h75/outcome_success_episode_count": 3,
      "h75/outcome_success_final_state_mse": 0.004344450200305265,
      "h75/outcome_success_state_mse": 0.0022748262741986445,
      "h75/state_mse": 0.0030326861213235295,
      "max_requested_horizon": 125,
      "reencode_period": 2,
      "rollout_mode": "periodic_2"
    },
    "periodic_20": {
      "episode_count": 15,
      "h10/episode_count": 15,
      "h10/final_state_mse": 0.0033364311542386322,
      "h10/outcome_drop_episode_count": 3,
      "h10/outcome_drop_final_state_mse": 0.0028935766054524314,
      "h10/outcome_drop_state_mse": 0.002143944361630608,
      "h10/outcome_jam_episode_count": 3,
      "h10/outcome_jam_final_state_mse": 0.004241577112207226,
      "h10/outcome_jam_state_mse": 0.0027085441779467014,
      "h10/outcome_miss_episode_count": 3,
      "h10/outcome_miss_final_state_mse": 0.0037618059591919767,
      "h10/outcome_miss_state_mse": 0.009744043911204618,
      "h10/outcome_partial_episode_count": 3,
      "h10/outcome_partial_final_state_mse": 0.002896061422778111,
      "h10/outcome_partial_state_mse": 0.002057130508173525,
      "h10/outcome_success_episode_count": 3,
      "h10/outcome_success_final_state_mse": 0.0028891352802709815,
      "h10/outcome_success_state_mse": 0.002074043579350889,
      "h10/state_mse": 0.003745541042751736,
      "h100/episode_count": 15,
      "h100/final_state_mse": 0.012815722297219669,
      "h100/outcome_drop_episode_count": 3,
      "h100/outcome_drop_final_state_mse": 0.011090215514687932,
      "h100/outcome_drop_state_mse": 0.004693004009770412,
      "h100/outcome_jam_episode_count": 3,
      "h100/outcome_jam_final_state_mse": 0.014503659765704785,
      "h100/outcome_jam_state_mse": 0.005526819353789286,
      "h100/outcome_miss_episode_count": 3,
      "h100/outcome_miss_final_state_mse": 0.012806672286363988,
      "h100/outcome_miss_state_mse": 0.006208811117932688,
      "h100/outcome_partial_episode_count": 3,
      "h100/outcome_partial_final_state_mse": 0.010546081790737077,
      "h100/outcome_partial_state_mse": 0.004428664438085619,
      "h100/outcome_success_episode_count": 3,
      "h100/outcome_success_final_state_mse": 0.01513198368689593,
      "h100/outcome_success_state_mse": 0.004960729810926649,
      "h100/state_mse": 0.0051636057336346,
      "h125/episode_count": 15,
      "h125/final_state_mse": 0.008070213342803756,
      "h125/outcome_drop_episode_count": 3,
      "h125/outcome_drop_final_state_mse": 0.006892639924498165,
      "h125/outcome_drop_state_mse": 0.005185761694814645,
      "h125/outcome_jam_episode_count": 3,
      "h125/outcome_jam_final_state_mse": 0.007852081379859276,
      "h125/outcome_jam_state_mse": 0.006153932858136744,
      "h125/outcome_miss_episode_count": 3,
      "h125/outcome_miss_final_state_mse": 0.011373102470161088,
      "h125/outcome_miss_state_mse": 0.00744032257678462,
      "h125/outcome_partial_episode_count": 3,
      "h125/outcome_partial_final_state_mse": 0.008184448761098525,
      "h125/outcome_partial_state_mse": 0.005164922776565053,
      "h125/outcome_success_episode_count": 3,
      "h125/outcome_success_final_state_mse": 0.006048794470581354,
      "h125/outcome_success_state_mse": 0.0057147121055453436,
      "h125/state_mse": 0.005931930402369281,
      "h20/episode_count": 15,
      "h20/final_state_mse": 0.010379870420967052,
      "h20/outcome_drop_episode_count": 3,
      "h20/outcome_drop_final_state_mse": 0.009561607504592222,
      "h20/outcome_drop_state_mse": 0.004036422258888195,
      "h20/outcome_jam_episode_count": 3,
      "h20/outcome_jam_final_state_mse": 0.010373287341173957,
      "h20/outcome_jam_state_mse": 0.004520966258703494,
      "h20/outcome_miss_episode_count": 3,
      "h20/outcome_miss_final_state_mse": 0.012966453639510411,
      "h20/outcome_miss_state_mse": 0.00863392976374408,
      "h20/outcome_partial_episode_count": 3,
      "h20/outcome_partial_final_state_mse": 0.009515445995954127,
      "h20/outcome_partial_state_mse": 0.003937761923846077,
      "h20/outcome_success_episode_count": 3,
      "h20/outcome_success_final_state_mse": 0.009482558841019674,
      "h20/outcome_success_state_mse": 0.003949148514691521,
      "h20/state_mse": 0.0050156457439746735,
      "h30/episode_count": 15,
      "h30/final_state_mse": 0.00442302398432314,
      "h30/outcome_drop_episode_count": 3,
      "h30/outcome_drop_final_state_mse": 0.004079942950625825,
      "h30/outcome_drop_state_mse": 0.004124535454644097,
      "h30/outcome_jam_episode_count": 3,
      "h30/outcome_jam_final_state_mse": 0.004463894913593928,
      "h30/outcome_jam_state_mse": 0.004622764317298507,
      "h30/outcome_miss_episode_count": 3,
      "h30/outcome_miss_final_state_mse": 0.005590921913097107,
      "h30/outcome_miss_state_mse": 0.0077468449253921675,
      "h30/outcome_partial_episode_count": 3,
      "h30/outcome_partial_final_state_mse": 0.003955693611132553,
      "h30/outcome_partial_state_mse": 0.004016240463797043,
      "h30/outcome_success_episode_count": 3,
      "h30/outcome_success_final_state_mse": 0.004024665705323998,
      "h30/outcome_success_state_mse": 0.004027823061724893,
      "h30/state_mse": 0.004907641441993464,
      "h40/episode_count": 15,
      "h40/final_state_mse": 0.007063593895606745,
      "h40/outcome_drop_episode_count": 3,
      "h40/outcome_drop_final_state_mse": 0.005381674548379736,
      "h40/outcome_drop_state_mse": 0.004282012679218467,
      "h40/outcome_jam_episode_count": 3,
      "h40/outcome_jam_final_state_mse": 0.007035728519648508,
      "h40/outcome_jam_state_mse": 0.004893524896085652,
      "h40/outcome_miss_episode_count": 3,
      "h40/outcome_miss_final_state_mse": 0.009080446428722806,
      "h40/outcome_miss_state_mse": 0.00759732956979789,
      "h40/outcome_partial_episode_count": 3,
      "h40/outcome_partial_final_state_mse": 0.006872443494453929,
      "h40/outcome_partial_state_mse": 0.004304881773742975,
      "h40/outcome_success_episode_count": 3,
      "h40/outcome_success_final_state_mse": 0.006947674685054355,
      "h40/outcome_success_state_mse": 0.004333745303496816,
      "h40/state_mse": 0.005082298727596507,
      "h50/episode_count": 15,
      "h50/final_state_mse": 0.003409543068580378,
      "h50/outcome_drop_episode_count": 3,
      "h50/outcome_drop_final_state_mse": 0.0036377994940171832,
      "h50/outcome_drop_state_mse": 0.004208291901482476,
      "h50/outcome_jam_episode_count": 3,
      "h50/outcome_jam_final_state_mse": 0.004095829974592122,
      "h50/outcome_jam_state_mse": 0.00475970872866562,
      "h50/outcome_miss_episode_count": 3,
      "h50/outcome_miss_final_state_mse": 0.0029779495367037705,
      "h50/outcome_miss_state_mse": 0.006692922504898769,
      "h50/outcome_partial_episode_count": 3,
      "h50/outcome_partial_final_state_mse": 0.0031387978811669194,
      "h50/outcome_partial_state_mse": 0.0041512927510379966,
      "h50/outcome_success_episode_count": 3,
      "h50/outcome_success_final_state_mse": 0.0031973373120516733,
      "h50/outcome_success_state_mse": 0.004181439829807655,
      "h50/state_mse": 0.004798731186810662,
      "h75/episode_count": 15,
      "h75/final_state_mse": 0.0057352178237017465,
      "h75/outcome_drop_episode_count": 3,
      "h75/outcome_drop_final_state_mse": 0.005820945635730145,
      "h75/outcome_drop_state_mse": 0.004230994347133928,
      "h75/outcome_jam_episode_count": 3,
      "h75/outcome_jam_final_state_mse": 0.006423252129476834,
      "h75/outcome_jam_state_mse": 0.004715161458599282,
      "h75/outcome_miss_episode_count": 3,
      "h75/outcome_miss_final_state_mse": 0.00634785239992578,
      "h75/outcome_miss_state_mse": 0.006002069111743004,
      "h75/outcome_partial_episode_count": 3,
      "h75/outcome_partial_final_state_mse": 0.0044900993116540845,
      "h75/outcome_partial_state_mse": 0.004017654161307806,
      "h75/outcome_success_episode_count": 3,
      "h75/outcome_success_final_state_mse": 0.005593939836508308,
      "h75/outcome_success_state_mse": 0.004094110210476877,
      "h75/state_mse": 0.004611997783054194,
      "max_requested_horizon": 125,
      "reencode_period": 20,
      "rollout_mode": "periodic_20"
    },
    "periodic_5": {
      "episode_count": 15,
      "h10/episode_count": 15,
      "h10/final_state_mse": 0.0023543897017933965,
      "h10/outcome_drop_episode_count": 3,
      "h10/outcome_drop_final_state_mse": 0.0018772760929625018,
      "h10/outcome_drop_state_mse": 0.0018140563777848786,
      "h10/outcome_jam_episode_count": 3,
      "h10/outcome_jam_final_state_mse": 0.0026565697652841704,
      "h10/outcome_jam_state_mse": 0.002298488764981039,
      "h10/outcome_miss_episode_count": 3,
      "h10/outcome_miss_final_state_mse": 0.0036336644217858905,
      "h10/outcome_miss_state_mse": 0.009963491851208256,
      "h10/outcome_partial_episode_count": 3,
      "h10/outcome_partial_final_state_mse": 0.0017836240235886542,
      "h10/outcome_partial_state_mse": 0.0017145186857460372,
      "h10/outcome_success_episode_count": 3,
      "h10/outcome_success_final_state_mse": 0.001820814375783883,
      "h10/outcome_success_state_mse": 0.001741303221073026,
      "h10/state_mse": 0.003506371990527982,
      "h100/episode_count": 15,
      "h100/final_state_mse": 0.00246834365371006,
      "h100/outcome_drop_episode_count": 3,
      "h100/outcome_drop_final_state_mse": 0.003198225903355218,
      "h100/outcome_drop_state_mse": 0.0024483277750950235,
      "h100/outcome_jam_episode_count": 3,
      "h100/outcome_jam_final_state_mse": 0.002251275370713153,
      "h100/outcome_jam_state_mse": 0.002789827920252981,
      "h100/outcome_miss_episode_count": 3,
      "h100/outcome_miss_final_state_mse": 0.00206451154514855,
      "h100/outcome_miss_state_mse": 0.003296560648999183,
      "h100/outcome_partial_episode_count": 3,
      "h100/outcome_partial_final_state_mse": 0.0019229608618356044,
      "h100/outcome_partial_state_mse": 0.0019677136926090017,
      "h100/outcome_success_episode_count": 3,
      "h100/outcome_success_final_state_mse": 0.0029047440274868135,
      "h100/outcome_success_state_mse": 0.0022109202777638153,
      "h100/state_mse": 0.002542669956980188,
      "h125/episode_count": 15,
      "h125/final_state_mse": 0.0036917917089524612,
      "h125/outcome_drop_episode_count": 3,
      "h125/outcome_drop_final_state_mse": 0.004455951888576832,
      "h125/outcome_drop_state_mse": 0.0027431886461046005,
      "h125/outcome_jam_episode_count": 3,
      "h125/outcome_jam_final_state_mse": 0.004416485043133006,
      "h125/outcome_jam_state_mse": 0.002958353080001532,
      "h125/outcome_miss_episode_count": 3,
      "h125/outcome_miss_final_state_mse": 0.004397856108113832,
      "h125/outcome_miss_state_mse": 0.003328592238083384,
      "h125/outcome_partial_episode_count": 3,
      "h125/outcome_partial_final_state_mse": 0.0019369351805425157,
      "h125/outcome_partial_state_mse": 0.001991342557021995,
      "h125/outcome_success_episode_count": 3,
      "h125/outcome_success_final_state_mse": 0.0032517297887334636,
      "h125/outcome_success_state_mse": 0.0024037747850605084,
      "h125/state_mse": 0.0026850502961601307,
      "h20/episode_count": 15,
      "h20/final_state_mse": 0.0021546645881303774,
      "h20/outcome_drop_episode_count": 3,
      "h20/outcome_drop_final_state_mse": 0.002109509375360277,
      "h20/outcome_drop_state_mse": 0.001834147311503591,
      "h20/outcome_jam_episode_count": 3,
      "h20/outcome_jam_final_state_mse": 0.002361974879807117,
      "h20/outcome_jam_state_mse": 0.0023415987398110183,
      "h20/outcome_miss_episode_count": 3,
      "h20/outcome_miss_final_state_mse": 0.0025461625088663664,
      "h20/outcome_miss_state_mse": 0.006570420701519337,
      "h20/outcome_partial_episode_count": 3,
      "h20/outcome_partial_final_state_mse": 0.0018543128679001254,
      "h20/outcome_partial_state_mse": 0.0017311695744009579,
      "h20/outcome_success_episode_count": 3,
      "h20/outcome_success_final_state_mse": 0.0019013634548078176,
      "h20/outcome_success_state_mse": 0.0017605127072801777,
      "h20/state_mse": 0.002847569783528646,
      "h30/episode_count": 15,
      "h30/final_state_mse": 0.0019799288581399356,
      "h30/outcome_drop_episode_count": 3,
      "h30/outcome_drop_final_state_mse": 0.0018555299665024077,
      "h30/outcome_drop_state_mse": 0.001912275638455659,
      "h30/outcome_jam_episode_count": 3,
      "h30/outcome_jam_final_state_mse": 0.00224285884425531,
      "h30/outcome_jam_state_mse": 0.002431536240255651,
      "h30/outcome_miss_episode_count": 3,
      "h30/outcome_miss_final_state_mse": 0.0020765519025279025,
      "h30/outcome_miss_state_mse": 0.0051966643281492015,
      "h30/outcome_partial_episode_count": 3,
      "h30/outcome_partial_final_state_mse": 0.001827869880822749,
      "h30/outcome_partial_state_mse": 0.0018110828981420313,
      "h30/outcome_success_episode_count": 3,
      "h30/outcome_success_final_state_mse": 0.001896833550501493,
      "h30/outcome_success_state_mse": 0.001833862105226205,
      "h30/state_mse": 0.002637084262822968,
      "h40/episode_count": 15,
      "h40/final_state_mse": 0.0017532054115744198,
      "h40/outcome_drop_episode_count": 3,
      "h40/outcome_drop_final_state_mse": 0.0019614923672348844,
      "h40/outcome_drop_state_mse": 0.00196568860727198,
      "h40/outcome_jam_episode_count": 3,
      "h40/outcome_jam_final_state_mse": 0.0016884997340978361,
      "h40/outcome_jam_state_mse": 0.002407358908185772,
      "h40/outcome_miss_episode_count": 3,
      "h40/outcome_miss_final_state_mse": 0.0018750854761771906,
      "h40/outcome_miss_state_mse": 0.004423953271379658,
      "h40/outcome_partial_episode_count": 3,
      "h40/outcome_partial_final_state_mse": 0.001620909600865607,
      "h40/outcome_partial_state_mse": 0.0018186505518707574,
      "h40/outcome_success_episode_count": 3,
      "h40/outcome_success_final_state_mse": 0.0016200396603618572,
      "h40/outcome_success_state_mse": 0.0018426009642532448,
      "h40/state_mse": 0.002491650300867417,
      "h50/episode_count": 15,
      "h50/final_state_mse": 0.002050227900735693,
      "h50/outcome_drop_episode_count": 3,
      "h50/outcome_drop_final_state_mse": 0.0021429330451426163,
      "h50/outcome_drop_state_mse": 0.00211309881771312,
      "h50/outcome_jam_episode_count": 3,
      "h50/outcome_jam_final_state_mse": 0.0028962048829770555,
      "h50/outcome_jam_state_mse": 0.0024432424782148375,
      "h50/outcome_miss_episode_count": 3,
      "h50/outcome_miss_final_state_mse": 0.0015737648834200466,
      "h50/outcome_miss_state_mse": 0.003919579749013863,
      "h50/outcome_partial_episode_count": 3,
      "h50/outcome_partial_final_state_mse": 0.0017941871207523968,
      "h50/outcome_partial_state_mse": 0.0018272835600609872,
      "h50/outcome_success_episode_count": 3,
      "h50/outcome_success_final_state_mse": 0.0018440503261837305,
      "h50/outcome_success_state_mse": 0.001852066875283235,
      "h50/state_mse": 0.002431054408254187,
      "h75/episode_count": 15,
      "h75/final_state_mse": 0.003837360431945402,
      "h75/outcome_drop_episode_count": 3,
      "h75/outcome_drop_final_state_mse": 0.0028039263987463285,
      "h75/outcome_drop_state_mse": 0.002304711435355392,
      "h75/outcome_jam_episode_count": 3,
      "h75/outcome_jam_final_state_mse": 0.004423795864472981,
      "h75/outcome_jam_state_mse": 0.0027294876165119913,
      "h75/outcome_miss_episode_count": 3,
      "h75/outcome_miss_final_state_mse": 0.005168824608809028,
      "h75/outcome_miss_state_mse": 0.003488126019247217,
      "h75/outcome_partial_episode_count": 3,
      "h75/outcome_partial_final_state_mse": 0.0030005243089463976,
      "h75/outcome_partial_state_mse": 0.0019863322305783207,
      "h75/outcome_success_episode_count": 3,
      "h75/outcome_success_final_state_mse": 0.0037897299317752615,
      "h75/outcome_success_state_mse": 0.002049132702397365,
      "h75/state_mse": 0.002511558117170479,
      "max_requested_horizon": 125,
      "reencode_period": 5,
      "rollout_mode": "periodic_5"
    },
    "periodic_50": {
      "episode_count": 15,
      "h10/episode_count": 15,
      "h10/final_state_mse": 0.0033364311542386322,
      "h10/outcome_drop_episode_count": 3,
      "h10/outcome_drop_final_state_mse": 0.0028935766054524314,
      "h10/outcome_drop_state_mse": 0.002143944361630608,
      "h10/outcome_jam_episode_count": 3,
      "h10/outcome_jam_final_state_mse": 0.004241577112207226,
      "h10/outcome_jam_state_mse": 0.0027085441779467014,
      "h10/outcome_miss_episode_count": 3,
      "h10/outcome_miss_final_state_mse": 0.0037618059591919767,
      "h10/outcome_miss_state_mse": 0.009744043911204618,
      "h10/outcome_partial_episode_count": 3,
      "h10/outcome_partial_final_state_mse": 0.002896061422778111,
      "h10/outcome_partial_state_mse": 0.002057130508173525,
      "h10/outcome_success_episode_count": 3,
      "h10/outcome_success_final_state_mse": 0.0028891352802709815,
      "h10/outcome_success_state_mse": 0.002074043579350889,
      "h10/state_mse": 0.003745541042751736,
      "h100/episode_count": 15,
      "h100/final_state_mse": 202.41993464052288,
      "h100/outcome_drop_episode_count": 3,
      "h100/outcome_drop_final_state_mse": 164.34734987745097,
      "h100/outcome_drop_state_mse": 8.357821946486927,
      "h100/outcome_jam_episode_count": 3,
      "h100/outcome_jam_final_state_mse": 173.84426062091504,
      "h100/outcome_jam_state_mse": 8.770149356617647,
      "h100/outcome_miss_episode_count": 3,
      "h100/outcome_miss_final_state_mse": 341.9889386744281,
      "h100/outcome_miss_state_mse": 20.476283190359478,
      "h100/outcome_partial_episode_count": 3,
      "h100/outcome_partial_final_state_mse": 162.36539873110704,
      "h100/outcome_partial_state_mse": 8.150208843954248,
      "h100/outcome_success_episode_count": 3,
      "h100/outcome_success_final_state_mse": 169.5536790236928,
      "h100/outcome_success_state_mse": 8.528840252246733,
      "h100/state_mse": 10.856660947712419,
      "h125/episode_count": 15,
      "h125/final_state_mse": 132.15206290849673,
      "h125/outcome_drop_episode_count": 3,
      "h125/outcome_drop_final_state_mse": 139.3976300806781,
      "h125/outcome_drop_state_mse": 13.497355698529411,
      "h125/outcome_jam_episode_count": 3,
      "h125/outcome_jam_final_state_mse": 125.4834183836295,
      "h125/outcome_jam_state_mse": 14.059320057189543,
      "h125/outcome_miss_episode_count": 3,
      "h125/outcome_miss_final_state_mse": 151.69838579963235,
      "h125/outcome_miss_state_mse": 23.43218545751634,
      "h125/outcome_partial_episode_count": 3,
      "h125/outcome_partial_final_state_mse": 116.69669596354167,
      "h125/outcome_partial_state_mse": 12.744763480392157,
      "h125/outcome_success_episode_count": 3,
      "h125/outcome_success_final_state_mse": 127.4841312582976,
      "h125/outcome_success_state_mse": 13.487360600490197,
      "h125/state_mse": 15.444196078431373,
      "h20/episode_count": 15,
      "h20/final_state_mse": 0.010379870420967052,
      "h20/outcome_drop_episode_count": 3,
      "h20/outcome_drop_final_state_mse": 0.009561607504592222,
      "h20/outcome_drop_state_mse": 0.004036422258888195,
      "h20/outcome_jam_episode_count": 3,
      "h20/outcome_jam_final_state_mse": 0.010373287341173957,
      "h20/outcome_jam_state_mse": 0.004520966258703494,
      "h20/outcome_miss_episode_count": 3,
      "h20/outcome_miss_final_state_mse": 0.012966453639510411,
      "h20/outcome_miss_state_mse": 0.00863392976374408,
      "h20/outcome_partial_episode_count": 3,
      "h20/outcome_partial_final_state_mse": 0.009515445995954127,
      "h20/outcome_partial_state_mse": 0.003937761923846077,
      "h20/outcome_success_episode_count": 3,
      "h20/outcome_success_final_state_mse": 0.009482558841019674,
      "h20/outcome_success_state_mse": 0.003949148514691521,
      "h20/state_mse": 0.0050156457439746735,
      "h30/episode_count": 15,
      "h30/final_state_mse": 0.037754894082063166,
      "h30/outcome_drop_episode_count": 3,
      "h30/outcome_drop_final_state_mse": 0.03396850863313363,
      "h30/outcome_drop_state_mse": 0.009664834402745065,
      "h30/outcome_jam_episode_count": 3,
      "h30/outcome_jam_final_state_mse": 0.03564188682955075,
      "h30/outcome_jam_state_mse": 0.010191454814669872,
      "h30/outcome_miss_episode_count": 3,
      "h30/outcome_miss_final_state_mse": 0.05045493287977829,
      "h30/outcome_miss_state_mse": 0.01560953011440036,
      "h30/outcome_partial_episode_count": 3,
      "h30/outcome_partial_final_state_mse": 0.034380325304916484,
      "h30/outcome_partial_state_mse": 0.009590023846927552,
      "h30/outcome_success_episode_count": 3,
      "h30/outcome_success_final_state_mse": 0.034328810140198354,
      "h30/outcome_success_state_mse": 0.009567371069216261,
      "h30/state_mse": 0.010924644054670479,
      "h40/episode_count": 15,
      "h40/final_state_mse": 0.1277983322642208,
      "h40/outcome_drop_episode_count": 3,
      "h40/outcome_drop_final_state_mse": 0.10745622909146976,
      "h40/outcome_drop_state_mse": 0.024052603416193544,
      "h40/outcome_jam_episode_count": 3,
      "h40/outcome_jam_final_state_mse": 0.11310182521545808,
      "h40/outcome_jam_state_mse": 0.024913510154275332,
      "h40/outcome_miss_episode_count": 3,
      "h40/outcome_miss_final_state_mse": 0.18930472579656862,
      "h40/outcome_miss_state_mse": 0.037627933851254534,
      "h40/outcome_partial_episode_count": 3,
      "h40/outcome_partial_final_state_mse": 0.11375145195356381,
      "h40/outcome_partial_state_mse": 0.0243955041847977,
      "h40/outcome_success_episode_count": 3,
      "h40/outcome_success_final_state_mse": 0.1153774510801228,
      "h40/outcome_success_state_mse": 0.024430228214637906,
      "h40/state_mse": 0.02708395565257353,
      "h50/episode_count": 15,
      "h50/final_state_mse": 1.3104190602022059,
      "h50/outcome_drop_episode_count": 3,
      "h50/outcome_drop_final_state_mse": 0.9656152164234835,
      "h50/outcome_drop_state_mse": 0.10397082160500919,
      "h50/outcome_jam_episode_count": 3,
      "h50/outcome_jam_final_state_mse": 0.8913853090572981,
      "h50/outcome_jam_state_mse": 0.09877892388237847,
      "h50/outcome_miss_episode_count": 3,
      "h50/outcome_miss_final_state_mse": 2.8389994303385415,
      "h50/outcome_miss_state_mse": 0.242078857421875,
      "h50/outcome_partial_episode_count": 3,
      "h50/outcome_partial_final_state_mse": 0.9236114352357154,
      "h50/outcome_partial_state_mse": 0.10048008937461704,
      "h50/outcome_success_episode_count": 3,
      "h50/outcome_success_final_state_mse": 0.9324840096866384,
      "h50/outcome_success_state_mse": 0.10141200046913297,
      "h50/state_mse": 0.12934413296568628,
      "h75/episode_count": 15,
      "h75/final_state_mse": 0.8819679010927287,
      "h75/outcome_drop_episode_count": 3,
      "h75/outcome_drop_final_state_mse": 0.9159258424846175,
      "h75/outcome_drop_state_mse": 0.1660758569921024,
      "h75/outcome_jam_episode_count": 3,
      "h75/outcome_jam_final_state_mse": 1.0520016539330577,
      "h75/outcome_jam_state_mse": 0.16167940825418708,
      "h75/outcome_miss_episode_count": 3,
      "h75/outcome_miss_final_state_mse": 0.6683640698202296,
      "h75/outcome_miss_state_mse": 0.25451571861383443,
      "h75/outcome_partial_episode_count": 3,
      "h75/outcome_partial_final_state_mse": 0.8627100427166309,
      "h75/outcome_partial_state_mse": 0.1528790908181849,
      "h75/outcome_success_episode_count": 3,
      "h75/outcome_success_final_state_mse": 0.910838120903065,
      "h75/outcome_success_state_mse": 0.1571794470826525,
      "h75/state_mse": 0.17846590754357297,
      "max_requested_horizon": 125,
      "reencode_period": 50,
      "rollout_mode": "periodic_50"
    }
  },
  "split": "test",
  "support_alignment": {
    "contact_phase": {
      "contact_phase_family_ari": 0.0,
      "contact_phase_family_nmi": 0.0,
      "contact_phase_family_purity": 0.9996668887408394,
      "contact_phase_sample_count": 3002.0,
      "h_contact_phase_given_family": 0.0030002889533867266,
      "h_family_given_contact_phase": 0.0,
      "unique_contact_phase_count": 2.0,
      "unique_family_count": 1.0
    },
    "contact_phase_alignment_available": true,
    "evaluated_state_count": 3017,
    "family_count": 1,
    "mean_family_similarity": 0.6036718487739563,
    "mean_support_size": 247.5018230029831,
    "outcome_alignment_available": true,
    "outcome_state": {
      "h_family_given_outcome": 0.0,
      "h_outcome_given_family": 1.6094379124341005,
      "outcome_family_ari": 0.0,
      "outcome_family_nmi": 0.0,
      "outcome_family_purity": 0.2,
      "outcome_sample_count": 15.0,
      "unique_family_count": 1.0,
      "unique_outcome_count": 5.0
    },
    "status": "ok",
    "unassigned_state_fraction": 0.0,
    "validation_state_count": 2346
  },
  "support_threshold": 0.2
}
{
  "best_periodic_rollout": {
    "episode_count": 15,
    "h10/episode_count": 15,
    "h10/final_state_mse": 0.002036817245234072,
    "h10/outcome_drop_episode_count": 3,
    "h10/outcome_drop_final_state_mse": 0.0015159990955022425,
    "h10/outcome_drop_state_mse": 0.0015769431404038972,
    "h10/outcome_jam_episode_count": 3,
    "h10/outcome_jam_final_state_mse": 0.002332484653962204,
    "h10/outcome_jam_state_mse": 0.002066052583308002,
    "h10/outcome_miss_episode_count": 3,
    "h10/outcome_miss_final_state_mse": 0.0034623962699198256,
    "h10/outcome_miss_state_mse": 0.00968206178129109,
    "h10/outcome_partial_episode_count": 3,
    "h10/outcome_partial_final_state_mse": 0.0014205198564560585,
    "h10/outcome_partial_state_mse": 0.0014737808626461653,
    "h10/outcome_success_episode_count": 3,
    "h10/outcome_success_final_state_mse": 0.0014526864964198444,
    "h10/outcome_success_state_mse": 0.001498520452212664,
    "h10/selected_mode": "periodic_5",
    "h10/selected_period": 5,
    "h10/state_mse": 0.0032594718185125614,
    "h100/episode_count": 15,
    "h100/final_state_mse": 0.0024888992309570314,
    "h100/outcome_drop_episode_count": 3,
    "h100/outcome_drop_final_state_mse": 0.0032196465660544005,
    "h100/outcome_drop_state_mse": 0.0023654583700342116,
    "h100/outcome_jam_episode_count": 3,
    "h100/outcome_jam_final_state_mse": 0.0022057055258283428,
    "h100/outcome_jam_state_mse": 0.002727661319807464,
    "h100/outcome_miss_episode_count": 3,
    "h100/outcome_miss_final_state_mse": 0.0021244600123050167,
    "h100/outcome_miss_state_mse": 0.003297721638399012,
    "h100/outcome_partial_episode_count": 3,
    "h100/outcome_partial_final_state_mse": 0.0019030582184105917,
    "h100/outcome_partial_state_mse": 0.0019192916583391575,
    "h100/outcome_success_episode_count": 3,
    "h100/outcome_success_final_state_mse": 0.002991626367849462,
    "h100/outcome_success_state_mse": 0.0021712508856081493,
    "h100/selected_mode": "periodic_5",
    "h100/selected_period": 5,
    "h100/state_mse": 0.00249627645654616,
    "h125/episode_count": 15,
    "h125/final_state_mse": 0.0037942640142503126,
    "h125/outcome_drop_episode_count": 3,
    "h125/outcome_drop_final_state_mse": 0.004609456687581306,
    "h125/outcome_drop_state_mse": 0.002694718055475771,
    "h125/outcome_jam_episode_count": 3,
    "h125/outcome_jam_final_state_mse": 0.004696285899947672,
    "h125/outcome_jam_state_mse": 0.002933156331380208,
    "h125/outcome_miss_episode_count": 3,
    "h125/outcome_miss_final_state_mse": 0.004540992279847463,
    "h125/outcome_miss_state_mse": 0.003394566255457261,
    "h125/outcome_partial_episode_count": 3,
    "h125/outcome_partial_final_state_mse": 0.0018954983626315797,
    "h125/outcome_partial_state_mse": 0.001939412335165186,
    "h125/outcome_success_episode_count": 3,
    "h125/outcome_success_final_state_mse": 0.003229086695153729,
    "h125/outcome_success_state_mse": 0.0023710168826034644,
    "h125/selected_mode": "periodic_5",
    "h125/selected_period": 5,
    "h125/state_mse": 0.0026665739570567813,
    "h20/episode_count": 15,
    "h20/final_state_mse": 0.0019865098342396856,
    "h20/outcome_drop_episode_count": 3,
    "h20/outcome_drop_final_state_mse": 0.0019574956664072923,
    "h20/outcome_drop_state_mse": 0.001618239614698622,
    "h20/outcome_jam_episode_count": 3,
    "h20/outcome_jam_final_state_mse": 0.00221639048624662,
    "h20/outcome_jam_state_mse": 0.0021221640842412812,
    "h20/outcome_miss_episode_count": 3,
    "h20/outcome_miss_final_state_mse": 0.002306811901089413,
    "h20/outcome_miss_state_mse": 0.0063246363907857655,
    "h20/outcome_partial_episode_count": 3,
    "h20/outcome_partial_final_state_mse": 0.0017034625695421805,
    "h20/outcome_partial_state_mse": 0.0015167653171065587,
    "h20/outcome_success_episode_count": 3,
    "h20/outcome_success_final_state_mse": 0.0017483878418121462,
    "h20/outcome_success_state_mse": 0.001545287074606403,
    "h20/selected_mode": "periodic_5",
    "h20/selected_period": 5,
    "h20/state_mse": 0.002625418519662097,
    "h30/episode_count": 15,
    "h30/final_state_mse": 0.0019144492990830365,
    "h30/outcome_drop_episode_count": 3,
    "h30/outcome_drop_final_state_mse": 0.0017953012990795708,
    "h30/outcome_drop_state_mse": 0.001745689902170551,
    "h30/outcome_jam_episode_count": 3,
    "h30/outcome_jam_final_state_mse": 0.0021620977645605997,
    "h30/outcome_jam_state_mse": 0.0022579711506829025,
    "h30/outcome_miss_episode_count": 3,
    "h30/outcome_miss_final_state_mse": 0.0019985333425936356,
    "h30/outcome_miss_state_mse": 0.004998053964186858,
    "h30/outcome_partial_episode_count": 3,
    "h30/outcome_partial_final_state_mse": 0.0017725854040750492,
    "h30/outcome_partial_state_mse": 0.0016470115948346705,
    "h30/outcome_success_episode_count": 3,
    "h30/outcome_success_final_state_mse": 0.0018437291477240768,
    "h30/outcome_success_state_mse": 0.0016695691349719345,
    "h30/selected_mode": "periodic_5",
    "h30/selected_period": 5,
    "h30/state_mse": 0.0024636589831516374,
    "h40/episode_count": 15,
    "h40/final_state_mse": 0.0017820320877374386,
    "h40/outcome_drop_episode_count": 3,
    "h40/outcome_drop_final_state_mse": 0.0019001466970817716,
    "h40/outcome_drop_state_mse": 0.0018297611887938057,
    "h40/outcome_jam_episode_count": 3,
    "h40/outcome_jam_final_state_mse": 0.00170016819550321,
    "h40/outcome_jam_state_mse": 0.002291208077100367,
    "h40/outcome_miss_episode_count": 3,
    "h40/outcome_miss_final_state_mse": 0.001980193981937334,
    "h40/outcome_miss_state_mse": 0.004303886921577204,
    "h40/outcome_partial_episode_count": 3,
    "h40/outcome_partial_final_state_mse": 0.001666552685444651,
    "h40/outcome_partial_state_mse": 0.0017113591331282473,
    "h40/outcome_success_episode_count": 3,
    "h40/outcome_success_final_state_mse": 0.0016630982943609649,
    "h40/outcome_success_state_mse": 0.0017344803981531678,
    "h40/selected_mode": "periodic_5",
    "h40/selected_period": 5,
    "h40/state_mse": 0.002374138925589767,
    "h50/episode_count": 15,
    "h50/final_state_mse": 0.002053111830568002,
    "h50/outcome_drop_episode_count": 3,
    "h50/outcome_drop_final_state_mse": 0.0021203360915963165,
    "h50/outcome_drop_state_mse": 0.001985868129854888,
    "h50/outcome_jam_episode_count": 3,
    "h50/outcome_jam_final_state_mse": 0.002842704406361175,
    "h50/outcome_jam_state_mse": 0.0023481491188597835,
    "h50/outcome_miss_episode_count": 3,
    "h50/outcome_miss_final_state_mse": 0.001669146388379577,
    "h50/outcome_miss_state_mse": 0.003857184640722337,
    "h50/outcome_partial_episode_count": 3,
    "h50/outcome_partial_final_state_mse": 0.0017871501691201154,
    "h50/outcome_partial_state_mse": 0.0017477067934921365,
    "h50/outcome_success_episode_count": 3,
    "h50/outcome_success_final_state_mse": 0.0018462219512930104,
    "h50/outcome_success_state_mse": 0.0017720026751748877,
    "h50/selected_mode": "periodic_5",
    "h50/selected_period": 5,
    "h50/state_mse": 0.0023421822342218138,
    "h75/episode_count": 15,
    "h75/final_state_mse": 0.003618113511528065,
    "h75/outcome_drop_episode_count": 3,
    "h75/outcome_drop_final_state_mse": 0.002717244177082785,
    "h75/outcome_drop_state_mse": 0.0021635820559167134,
    "h75/outcome_jam_episode_count": 3,
    "h75/outcome_jam_final_state_mse": 0.004086358728362065,
    "h75/outcome_jam_state_mse": 0.002642593217571317,
    "h75/outcome_miss_episode_count": 3,
    "h75/outcome_miss_final_state_mse": 0.005212767743596844,
    "h75/outcome_miss_state_mse": 0.003448654706701474,
    "h75/outcome_partial_episode_count": 3,
    "h75/outcome_partial_final_state_mse": 0.0026381965848355513,
    "h75/outcome_partial_state_mse": 0.001920619187531648,
    "h75/outcome_success_episode_count": 3,
    "h75/outcome_success_final_state_mse": 0.003436000031583449,
    "h75/outcome_success_state_mse": 0.00198351961854756,
    "h75/selected_mode": "periodic_5",
    "h75/selected_period": 5,
    "h75/state_mse": 0.0024317935453261165,
    "max_requested_horizon": 125,
    "periodic_reencode_periods": [
      1,
      2,
      5,
      10,
      20,
      50,
      100
    ],
    "rollout_mode": "best_periodic"
  },
  "checkpoint": "runs/maniskill_insertion/perturbation_e20_5k_lista_refine_20260604_143125/lista_relu_a0p0075_sp1em3_loops3/seed2/checkpoint.pt",
  "checkpoint_step": 1500,
  "dataset": "data/maniskill/perturbation_assessment_seed0_e20/all_setups.npz",
  "device": "cuda",
  "family_jaccard": 0.4,
  "horizons": [
    10,
    20,
    30,
    40,
    50,
    75,
    100,
    125
  ],
  "labels_used_for_training": false,
  "periodic_reencode_periods": [
    1,
    2,
    5,
    10,
    20,
    50,
    100
  ],
  "rollout": {
    "episode_count": 15,
    "h10/episode_count": 15,
    "h10/final_state_mse": 0.0028004241145514197,
    "h10/outcome_drop_episode_count": 3,
    "h10/outcome_drop_final_state_mse": 0.002336783322438695,
    "h10/outcome_drop_state_mse": 0.0018339965078565809,
    "h10/outcome_jam_episode_count": 3,
    "h10/outcome_jam_final_state_mse": 0.003625696878028072,
    "h10/outcome_jam_state_mse": 0.0023956804104100643,
    "h10/outcome_miss_episode_count": 3,
    "h10/outcome_miss_final_state_mse": 0.0034010213574552847,
    "h10/outcome_miss_state_mse": 0.009413322436264138,
    "h10/outcome_partial_episode_count": 3,
    "h10/outcome_partial_final_state_mse": 0.0023244180613093907,
    "h10/outcome_partial_state_mse": 0.0017430045635871637,
    "h10/outcome_success_episode_count": 3,
    "h10/outcome_success_final_state_mse": 0.00231420202485097,
    "h10/outcome_success_state_mse": 0.0017573098341623942,
    "h10/state_mse": 0.0034286628673279207,
    "h100/episode_count": 15,
    "h100/final_state_mse": 115865.7045751634,
    "h100/outcome_drop_episode_count": 3,
    "h100/outcome_drop_final_state_mse": 107163.12990196078,
    "h100/outcome_drop_state_mse": 5131.2619607843135,
    "h100/outcome_jam_episode_count": 3,
    "h100/outcome_jam_final_state_mse": 114439.17647058824,
    "h100/outcome_jam_state_mse": 5531.2362745098035,
    "h100/outcome_miss_episode_count": 3,
    "h100/outcome_miss_final_state_mse": 141233.46405228757,
    "h100/outcome_miss_state_mse": 6562.002222222222,
    "h100/outcome_partial_episode_count": 3,
    "h100/outcome_partial_final_state_mse": 108416.72630718954,
    "h100/outcome_partial_state_mse": 5230.401274509804,
    "h100/outcome_success_episode_count": 3,
    "h100/outcome_success_final_state_mse": 108076.00245098039,
    "h100/outcome_success_state_mse": 5208.591241830065,
    "h100/state_mse": 5532.69877124183,
    "h125/episode_count": 15,
    "h125/final_state_mse": 48129424.23006536,
    "h125/outcome_drop_episode_count": 3,
    "h125/outcome_drop_final_state_mse": 39163497.4117647,
    "h125/outcome_drop_state_mse": 1575592.7659084967,
    "h125/outcome_jam_episode_count": 3,
    "h125/outcome_jam_final_state_mse": 37767770.35294118,
    "h125/outcome_jam_state_mse": 1536381.1823267974,
    "h125/outcome_miss_episode_count": 3,
    "h125/outcome_miss_final_state_mse": 87193211.81699346,
    "h125/outcome_miss_state_mse": 3103547.4455424836,
    "h125/outcome_partial_episode_count": 3,
    "h125/outcome_partial_final_state_mse": 37938526.11764706,
    "h125/outcome_partial_state_mse": 1531946.7938300653,
    "h125/outcome_success_episode_count": 3,
    "h125/outcome_success_final_state_mse": 38584116.2875817,
    "h125/outcome_success_state_mse": 1552516.2767058823,
    "h125/state_mse": 1859996.6626300653,
    "h20/episode_count": 15,
    "h20/final_state_mse": 0.008576204885844312,
    "h20/outcome_drop_episode_count": 3,
    "h20/outcome_drop_final_state_mse": 0.007896511091126336,
    "h20/outcome_drop_state_mse": 0.003287317978790383,
    "h20/outcome_jam_episode_count": 3,
    "h20/outcome_jam_final_state_mse": 0.008596397108501859,
    "h20/outcome_jam_state_mse": 0.0037853693650438894,
    "h20/outcome_miss_episode_count": 3,
    "h20/outcome_miss_final_state_mse": 0.010716534128376082,
    "h20/outcome_miss_state_mse": 0.00784139259188783,
    "h20/outcome_partial_episode_count": 3,
    "h20/outcome_partial_final_state_mse": 0.007843489837802314,
    "h20/outcome_partial_state_mse": 0.0031997028519125544,
    "h20/outcome_success_episode_count": 3,
    "h20/outcome_success_final_state_mse": 0.007828091873842128,
    "h20/outcome_success_state_mse": 0.0032124790880415175,
    "h20/state_mse": 0.004265252406301062,
    "h30/episode_count": 15,
    "h30/final_state_mse": 0.03102982215632021,
    "h30/outcome_drop_episode_count": 3,
    "h30/outcome_drop_final_state_mse": 0.0278980560552061,
    "h30/outcome_drop_state_mse": 0.007836956603854311,
    "h30/outcome_jam_episode_count": 3,
    "h30/outcome_jam_final_state_mse": 0.029052591791339948,
    "h30/outcome_jam_state_mse": 0.008328990167522223,
    "h30/outcome_miss_episode_count": 3,
    "h30/outcome_miss_final_state_mse": 0.04219768873227188,
    "h30/outcome_miss_state_mse": 0.013494740903767106,
    "h30/outcome_partial_episode_count": 3,
    "h30/outcome_partial_final_state_mse": 0.027982227942522836,
    "h30/outcome_partial_state_mse": 0.007743881107155794,
    "h30/outcome_success_episode_count": 3,
    "h30/outcome_success_final_state_mse": 0.0280185435332504,
    "h30/outcome_success_state_mse": 0.007737682276042199,
    "h30/state_mse": 0.00902845062721269,
    "h40/episode_count": 15,
    "h40/final_state_mse": 0.11815516652624591,
    "h40/outcome_drop_episode_count": 3,
    "h40/outcome_drop_final_state_mse": 0.09867991497314055,
    "h40/outcome_drop_state_mse": 0.020448356827879263,
    "h40/outcome_jam_episode_count": 3,
    "h40/outcome_jam_final_state_mse": 0.10552646755393034,
    "h40/outcome_jam_state_mse": 0.021571244757159862,
    "h40/outcome_miss_episode_count": 3,
    "h40/outcome_miss_final_state_mse": 0.16725896386539235,
    "h40/outcome_miss_state_mse": 0.031763742484298405,
    "h40/outcome_partial_episode_count": 3,
    "h40/outcome_partial_final_state_mse": 0.10840515529408175,
    "h40/outcome_partial_state_mse": 0.021121977201474258,
    "h40/outcome_success_episode_count": 3,
    "h40/outcome_success_final_state_mse": 0.11090535743563783,
    "h40/outcome_success_state_mse": 0.0212433609307981,
    "h40/state_mse": 0.02322973712597018,
    "h50/episode_count": 15,
    "h50/final_state_mse": 1.3897610932393791,
    "h50/outcome_drop_episode_count": 3,
    "h50/outcome_drop_final_state_mse": 0.9119521371679369,
    "h50/outcome_drop_state_mse": 0.09578806758706086,
    "h50/outcome_jam_episode_count": 3,
    "h50/outcome_jam_final_state_mse": 0.8650423311719707,
    "h50/outcome_jam_state_mse": 0.09328243380278543,
    "h50/outcome_miss_episode_count": 3,
    "h50/outcome_miss_final_state_mse": 3.317441354390063,
    "h50/outcome_miss_state_mse": 0.27081341911764706,
    "h50/outcome_partial_episode_count": 3,
    "h50/outcome_partial_final_state_mse": 0.9215323878269569,
    "h50/outcome_partial_state_mse": 0.0972544771082261,
    "h50/outcome_success_episode_count": 3,
    "h50/outcome_success_final_state_mse": 0.9328373678369459,
    "h50/outcome_success_state_mse": 0.09879327512254903,
    "h50/state_mse": 0.1311863383374183,
    "h75/episode_count": 15,
    "h75/final_state_mse": 464.19566993464053,
    "h75/outcome_drop_episode_count": 3,
    "h75/outcome_drop_final_state_mse": 427.287983813317,
    "h75/outcome_drop_state_mse": 27.074686138344227,
    "h75/outcome_jam_episode_count": 3,
    "h75/outcome_jam_final_state_mse": 448.4158097809436,
    "h75/outcome_jam_state_mse": 27.876496289488017,
    "h75/outcome_miss_episode_count": 3,
    "h75/outcome_miss_final_state_mse": 568.5036637050654,
    "h75/outcome_miss_state_mse": 44.26064406318083,
    "h75/outcome_partial_episode_count": 3,
    "h75/outcome_partial_final_state_mse": 436.75022977941177,
    "h75/outcome_partial_state_mse": 27.357005804057735,
    "h75/outcome_success_episode_count": 3,
    "h75/outcome_success_final_state_mse": 440.020893969567,
    "h75/outcome_success_state_mse": 27.659681202342046,
    "h75/state_mse": 30.84570588235294,
    "max_requested_horizon": 125,
    "reencode_period": null,
    "rollout_mode": "no_reencode"
  },
  "rollout_modes": {
    "no_reencode": {
      "episode_count": 15,
      "h10/episode_count": 15,
      "h10/final_state_mse": 0.0028004241145514197,
      "h10/outcome_drop_episode_count": 3,
      "h10/outcome_drop_final_state_mse": 0.002336783322438695,
      "h10/outcome_drop_state_mse": 0.0018339965078565809,
      "h10/outcome_jam_episode_count": 3,
      "h10/outcome_jam_final_state_mse": 0.003625696878028072,
      "h10/outcome_jam_state_mse": 0.0023956804104100643,
      "h10/outcome_miss_episode_count": 3,
      "h10/outcome_miss_final_state_mse": 0.0034010213574552847,
      "h10/outcome_miss_state_mse": 0.009413322436264138,
      "h10/outcome_partial_episode_count": 3,
      "h10/outcome_partial_final_state_mse": 0.0023244180613093907,
      "h10/outcome_partial_state_mse": 0.0017430045635871637,
      "h10/outcome_success_episode_count": 3,
      "h10/outcome_success_final_state_mse": 0.00231420202485097,
      "h10/outcome_success_state_mse": 0.0017573098341623942,
      "h10/state_mse": 0.0034286628673279207,
      "h100/episode_count": 15,
      "h100/final_state_mse": 115865.7045751634,
      "h100/outcome_drop_episode_count": 3,
      "h100/outcome_drop_final_state_mse": 107163.12990196078,
      "h100/outcome_drop_state_mse": 5131.2619607843135,
      "h100/outcome_jam_episode_count": 3,
      "h100/outcome_jam_final_state_mse": 114439.17647058824,
      "h100/outcome_jam_state_mse": 5531.2362745098035,
      "h100/outcome_miss_episode_count": 3,
      "h100/outcome_miss_final_state_mse": 141233.46405228757,
      "h100/outcome_miss_state_mse": 6562.002222222222,
      "h100/outcome_partial_episode_count": 3,
      "h100/outcome_partial_final_state_mse": 108416.72630718954,
      "h100/outcome_partial_state_mse": 5230.401274509804,
      "h100/outcome_success_episode_count": 3,
      "h100/outcome_success_final_state_mse": 108076.00245098039,
      "h100/outcome_success_state_mse": 5208.591241830065,
      "h100/state_mse": 5532.69877124183,
      "h125/episode_count": 15,
      "h125/final_state_mse": 48129424.23006536,
      "h125/outcome_drop_episode_count": 3,
      "h125/outcome_drop_final_state_mse": 39163497.4117647,
      "h125/outcome_drop_state_mse": 1575592.7659084967,
      "h125/outcome_jam_episode_count": 3,
      "h125/outcome_jam_final_state_mse": 37767770.35294118,
      "h125/outcome_jam_state_mse": 1536381.1823267974,
      "h125/outcome_miss_episode_count": 3,
      "h125/outcome_miss_final_state_mse": 87193211.81699346,
      "h125/outcome_miss_state_mse": 3103547.4455424836,
      "h125/outcome_partial_episode_count": 3,
      "h125/outcome_partial_final_state_mse": 37938526.11764706,
      "h125/outcome_partial_state_mse": 1531946.7938300653,
      "h125/outcome_success_episode_count": 3,
      "h125/outcome_success_final_state_mse": 38584116.2875817,
      "h125/outcome_success_state_mse": 1552516.2767058823,
      "h125/state_mse": 1859996.6626300653,
      "h20/episode_count": 15,
      "h20/final_state_mse": 0.008576204885844312,
      "h20/outcome_drop_episode_count": 3,
      "h20/outcome_drop_final_state_mse": 0.007896511091126336,
      "h20/outcome_drop_state_mse": 0.003287317978790383,
      "h20/outcome_jam_episode_count": 3,
      "h20/outcome_jam_final_state_mse": 0.008596397108501859,
      "h20/outcome_jam_state_mse": 0.0037853693650438894,
      "h20/outcome_miss_episode_count": 3,
      "h20/outcome_miss_final_state_mse": 0.010716534128376082,
      "h20/outcome_miss_state_mse": 0.00784139259188783,
      "h20/outcome_partial_episode_count": 3,
      "h20/outcome_partial_final_state_mse": 0.007843489837802314,
      "h20/outcome_partial_state_mse": 0.0031997028519125544,
      "h20/outcome_success_episode_count": 3,
      "h20/outcome_success_final_state_mse": 0.007828091873842128,
      "h20/outcome_success_state_mse": 0.0032124790880415175,
      "h20/state_mse": 0.004265252406301062,
      "h30/episode_count": 15,
      "h30/final_state_mse": 0.03102982215632021,
      "h30/outcome_drop_episode_count": 3,
      "h30/outcome_drop_final_state_mse": 0.0278980560552061,
      "h30/outcome_drop_state_mse": 0.007836956603854311,
      "h30/outcome_jam_episode_count": 3,
      "h30/outcome_jam_final_state_mse": 0.029052591791339948,
      "h30/outcome_jam_state_mse": 0.008328990167522223,
      "h30/outcome_miss_episode_count": 3,
      "h30/outcome_miss_final_state_mse": 0.04219768873227188,
      "h30/outcome_miss_state_mse": 0.013494740903767106,
      "h30/outcome_partial_episode_count": 3,
      "h30/outcome_partial_final_state_mse": 0.027982227942522836,
      "h30/outcome_partial_state_mse": 0.007743881107155794,
      "h30/outcome_success_episode_count": 3,
      "h30/outcome_success_final_state_mse": 0.0280185435332504,
      "h30/outcome_success_state_mse": 0.007737682276042199,
      "h30/state_mse": 0.00902845062721269,
      "h40/episode_count": 15,
      "h40/final_state_mse": 0.11815516652624591,
      "h40/outcome_drop_episode_count": 3,
      "h40/outcome_drop_final_state_mse": 0.09867991497314055,
      "h40/outcome_drop_state_mse": 0.020448356827879263,
      "h40/outcome_jam_episode_count": 3,
      "h40/outcome_jam_final_state_mse": 0.10552646755393034,
      "h40/outcome_jam_state_mse": 0.021571244757159862,
      "h40/outcome_miss_episode_count": 3,
      "h40/outcome_miss_final_state_mse": 0.16725896386539235,
      "h40/outcome_miss_state_mse": 0.031763742484298405,
      "h40/outcome_partial_episode_count": 3,
      "h40/outcome_partial_final_state_mse": 0.10840515529408175,
      "h40/outcome_partial_state_mse": 0.021121977201474258,
      "h40/outcome_success_episode_count": 3,
      "h40/outcome_success_final_state_mse": 0.11090535743563783,
      "h40/outcome_success_state_mse": 0.0212433609307981,
      "h40/state_mse": 0.02322973712597018,
      "h50/episode_count": 15,
      "h50/final_state_mse": 1.3897610932393791,
      "h50/outcome_drop_episode_count": 3,
      "h50/outcome_drop_final_state_mse": 0.9119521371679369,
      "h50/outcome_drop_state_mse": 0.09578806758706086,
      "h50/outcome_jam_episode_count": 3,
      "h50/outcome_jam_final_state_mse": 0.8650423311719707,
      "h50/outcome_jam_state_mse": 0.09328243380278543,
      "h50/outcome_miss_episode_count": 3,
      "h50/outcome_miss_final_state_mse": 3.317441354390063,
      "h50/outcome_miss_state_mse": 0.27081341911764706,
      "h50/outcome_partial_episode_count": 3,
      "h50/outcome_partial_final_state_mse": 0.9215323878269569,
      "h50/outcome_partial_state_mse": 0.0972544771082261,
      "h50/outcome_success_episode_count": 3,
      "h50/outcome_success_final_state_mse": 0.9328373678369459,
      "h50/outcome_success_state_mse": 0.09879327512254903,
      "h50/state_mse": 0.1311863383374183,
      "h75/episode_count": 15,
      "h75/final_state_mse": 464.19566993464053,
      "h75/outcome_drop_episode_count": 3,
      "h75/outcome_drop_final_state_mse": 427.287983813317,
      "h75/outcome_drop_state_mse": 27.074686138344227,
      "h75/outcome_jam_episode_count": 3,
      "h75/outcome_jam_final_state_mse": 448.4158097809436,
      "h75/outcome_jam_state_mse": 27.876496289488017,
      "h75/outcome_miss_episode_count": 3,
      "h75/outcome_miss_final_state_mse": 568.5036637050654,
      "h75/outcome_miss_state_mse": 44.26064406318083,
      "h75/outcome_partial_episode_count": 3,
      "h75/outcome_partial_final_state_mse": 436.75022977941177,
      "h75/outcome_partial_state_mse": 27.357005804057735,
      "h75/outcome_success_episode_count": 3,
      "h75/outcome_success_final_state_mse": 440.020893969567,
      "h75/outcome_success_state_mse": 27.659681202342046,
      "h75/state_mse": 30.84570588235294,
      "max_requested_horizon": 125,
      "reencode_period": null,
      "rollout_mode": "no_reencode"
    },
    "periodic_1": {
      "episode_count": 15,
      "h10/episode_count": 15,
      "h10/final_state_mse": 0.0030024014267266965,
      "h10/outcome_drop_episode_count": 3,
      "h10/outcome_drop_final_state_mse": 0.0017813839797490563,
      "h10/outcome_drop_state_mse": 0.0016743174760170231,
      "h10/outcome_jam_episode_count": 3,
      "h10/outcome_jam_final_state_mse": 0.0022621724535437193,
      "h10/outcome_jam_state_mse": 0.002178709335576475,
      "h10/outcome_miss_episode_count": 3,
      "h10/outcome_miss_final_state_mse": 0.007439708300665313,
      "h10/outcome_miss_state_mse": 0.01253013829000635,
      "h10/outcome_partial_episode_count": 3,
      "h10/outcome_partial_final_state_mse": 0.0017534801188637229,
      "h10/outcome_partial_state_mse": 0.0015712118616291121,
      "h10/outcome_success_episode_count": 3,
      "h10/outcome_success_final_state_mse": 0.0017752627677777235,
      "h10/outcome_success_state_mse": 0.0015930778645222483,
      "h10/state_mse": 0.0039094907473894505,
      "h100/episode_count": 15,
      "h100/final_state_mse": 0.011621118682661866,
      "h100/outcome_drop_episode_count": 3,
      "h100/outcome_drop_final_state_mse": 0.008342166352116204,
      "h100/outcome_drop_state_mse": 0.0046771604251238256,
      "h100/outcome_jam_episode_count": 3,
      "h100/outcome_jam_final_state_mse": 0.005104466591006011,
      "h100/outcome_jam_state_mse": 0.0037642978842741524,
      "h100/outcome_miss_episode_count": 3,
      "h100/outcome_miss_final_state_mse": 0.036462228964356816,
      "h100/outcome_miss_state_mse": 0.024672084883147594,
      "h100/outcome_partial_episode_count": 3,
      "h100/outcome_partial_final_state_mse": 0.004476154357000114,
      "h100/outcome_partial_state_mse": 0.0030652386534447762,
      "h100/outcome_success_episode_count": 3,
      "h100/outcome_success_final_state_mse": 0.0037205782688521094,
      "h100/outcome_success_state_mse": 0.0031631714066648795,
      "h100/state_mse": 0.007868389852685866,
      "h125/episode_count": 15,
      "h125/final_state_mse": 0.012788118100633808,
      "h125/outcome_drop_episode_count": 3,
      "h125/outcome_drop_final_state_mse": 0.0061872447140855725,
      "h125/outcome_drop_state_mse": 0.005333545161228554,
      "h125/outcome_jam_episode_count": 3,
      "h125/outcome_jam_final_state_mse": 0.009979893958646487,
      "h125/outcome_jam_state_mse": 0.0051121404311236214,
      "h125/outcome_miss_episode_count": 3,
      "h125/outcome_miss_final_state_mse": 0.03882895283449709,
      "h125/outcome_miss_state_mse": 0.026548981510735804,
      "h125/outcome_partial_episode_count": 3,
      "h125/outcome_partial_final_state_mse": 0.003744586669152079,
      "h125/outcome_partial_state_mse": 0.003196324865802441,
      "h125/outcome_success_episode_count": 3,
      "h125/outcome_success_final_state_mse": 0.005199912132001391,
      "h125/outcome_success_state_mse": 0.003543333514843112,
      "h125/state_mse": 0.008746863511029412,
      "h20/episode_count": 15,
      "h20/final_state_mse": 0.006104042950798484,
      "h20/outcome_drop_episode_count": 3,
      "h20/outcome_drop_final_state_mse": 0.002895996120630526,
      "h20/outcome_drop_state_mse": 0.0021091953991285335,
      "h20/outcome_jam_episode_count": 3,
      "h20/outcome_jam_final_state_mse": 0.0030469298849697987,
      "h20/outcome_jam_state_mse": 0.0025933720707114224,
      "h20/outcome_miss_episode_count": 3,
      "h20/outcome_miss_final_state_mse": 0.019339353722684523,
      "h20/outcome_miss_state_mse": 0.01294715918746649,
      "h20/outcome_partial_episode_count": 3,
      "h20/outcome_partial_final_state_mse": 0.00262415401783644,
      "h20/outcome_partial_state_mse": 0.0020154520966648277,
      "h20/outcome_success_episode_count": 3,
      "h20/outcome_success_final_state_mse": 0.002613783174870061,
      "h20/outcome_success_state_mse": 0.002045429532044853,
      "h20/state_mse": 0.0043421217974494485,
      "h30/episode_count": 15,
      "h30/final_state_mse": 0.006517381605759166,
      "h30/outcome_drop_episode_count": 3,
      "h30/outcome_drop_final_state_mse": 0.0029320589029321483,
      "h30/outcome_drop_state_mse": 0.0023015496517837957,
      "h30/outcome_jam_episode_count": 3,
      "h30/outcome_jam_final_state_mse": 0.003573566626489552,
      "h30/outcome_jam_state_mse": 0.0027749959160299864,
      "h30/outcome_miss_episode_count": 3,
      "h30/outcome_miss_final_state_mse": 0.02027461127518049,
      "h30/outcome_miss_state_mse": 0.015087822060179867,
      "h30/outcome_partial_episode_count": 3,
      "h30/outcome_partial_final_state_mse": 0.002873030533782797,
      "h30/outcome_partial_state_mse": 0.0022149213778427223,
      "h30/outcome_success_episode_count": 3,
      "h30/outcome_success_final_state_mse": 0.0029336372329518685,
      "h30/outcome_success_state_mse": 0.0022366310776189002,
      "h30/state_mse": 0.0049231834660947715,
      "h40/episode_count": 15,
      "h40/final_state_mse": 0.008978293300454134,
      "h40/outcome_drop_episode_count": 3,
      "h40/outcome_drop_final_state_mse": 0.003302820270357568,
      "h40/outcome_drop_state_mse": 0.002498308583801868,
      "h40/outcome_jam_episode_count": 3,
      "h40/outcome_jam_final_state_mse": 0.0028423755094895953,
      "h40/outcome_jam_state_mse": 0.002873591465108535,
      "h40/outcome_miss_episode_count": 3,
      "h40/outcome_miss_final_state_mse": 0.03349997405133216,
      "h40/outcome_miss_state_mse": 0.018037524254493464,
      "h40/outcome_partial_episode_count": 3,
      "h40/outcome_partial_final_state_mse": 0.002603250927005718,
      "h40/outcome_partial_state_mse": 0.0023223546984928105,
      "h40/outcome_success_episode_count": 3,
      "h40/outcome_success_final_state_mse": 0.0026430424327164694,
      "h40/outcome_success_state_mse": 0.002345175369113099,
      "h40/state_mse": 0.005615390952116523,
      "h50/episode_count": 15,
      "h50/final_state_mse": 0.01141949447931028,
      "h50/outcome_drop_episode_count": 3,
      "h50/outcome_drop_final_state_mse": 0.004810353363651076,
      "h50/outcome_drop_state_mse": 0.0029960243374693627,
      "h50/outcome_jam_episode_count": 3,
      "h50/outcome_jam_final_state_mse": 0.004308430295364529,
      "h50/outcome_jam_state_mse": 0.003024160223069534,
      "h50/outcome_miss_episode_count": 3,
      "h50/outcome_miss_final_state_mse": 0.04181599071602416,
      "h50/outcome_miss_state_mse": 0.02220833846946168,
      "h50/outcome_partial_episode_count": 3,
      "h50/outcome_partial_final_state_mse": 0.0030517438852709104,
      "h50/outcome_partial_state_mse": 0.0024279315487232083,
      "h50/outcome_success_episode_count": 3,
      "h50/outcome_success_final_state_mse": 0.0031109661643022027,
      "h50/outcome_success_state_mse": 0.0024601468852922027,
      "h50/state_mse": 0.006623320136974061,
      "h75/episode_count": 15,
      "h75/final_state_mse": 0.008003920511482588,
      "h75/outcome_drop_episode_count": 3,
      "h75/outcome_drop_final_state_mse": 0.007621018909940533,
      "h75/outcome_drop_state_mse": 0.003776931222487639,
      "h75/outcome_jam_episode_count": 3,
      "h75/outcome_jam_final_state_mse": 0.006077759893111934,
      "h75/outcome_jam_state_mse": 0.003576772685663892,
      "h75/outcome_miss_episode_count": 3,
      "h75/outcome_miss_final_state_mse": 0.016810574465327792,
      "h75/outcome_miss_state_mse": 0.024093740292883647,
      "h75/outcome_partial_episode_count": 3,
      "h75/outcome_partial_final_state_mse": 0.004393702141599717,
      "h75/outcome_partial_state_mse": 0.002873261478731575,
      "h75/outcome_success_episode_count": 3,
      "h75/outcome_success_final_state_mse": 0.005116547342219384,
      "h75/outcome_success_state_mse": 0.0029476194028501155,
      "h75/state_mse": 0.007453664875238289,
      "max_requested_horizon": 125,
      "reencode_period": 1,
      "rollout_mode": "periodic_1"
    },
    "periodic_10": {
      "episode_count": 15,
      "h10/episode_count": 15,
      "h10/final_state_mse": 0.0028004244262096927,
      "h10/outcome_drop_episode_count": 3,
      "h10/outcome_drop_final_state_mse": 0.0023367823241582882,
      "h10/outcome_drop_state_mse": 0.0018339967026430018,
      "h10/outcome_jam_episode_count": 3,
      "h10/outcome_jam_final_state_mse": 0.003625697218904308,
      "h10/outcome_jam_state_mse": 0.0023956803324954963,
      "h10/outcome_miss_episode_count": 3,
      "h10/outcome_miss_final_state_mse": 0.0034010211383205613,
      "h10/outcome_miss_state_mse": 0.009413321189631044,
      "h10/outcome_partial_episode_count": 3,
      "h10/outcome_partial_final_state_mse": 0.0023244185969720477,
      "h10/outcome_partial_state_mse": 0.0017430043103648168,
      "h10/outcome_success_episode_count": 3,
      "h10/outcome_success_final_state_mse": 0.0023142021222441805,
      "h10/outcome_success_state_mse": 0.0017573100484274571,
      "h10/state_mse": 0.0034286628673279207,
      "h100/episode_count": 15,
      "h100/final_state_mse": 0.002823970520418454,
      "h100/outcome_drop_episode_count": 3,
      "h100/outcome_drop_final_state_mse": 0.0029816720512957353,
      "h100/outcome_drop_state_mse": 0.002375805113050673,
      "h100/outcome_jam_episode_count": 3,
      "h100/outcome_jam_final_state_mse": 0.0032816544856900482,
      "h100/outcome_jam_state_mse": 0.0029920851638893676,
      "h100/outcome_miss_episode_count": 3,
      "h100/outcome_miss_final_state_mse": 0.002011720894598493,
      "h100/outcome_miss_state_mse": 0.0030355846803951886,
      "h100/outcome_partial_episode_count": 3,
      "h100/outcome_partial_final_state_mse": 0.002068676151870902,
      "h100/outcome_partial_state_mse": 0.0019768160153058618,
      "h100/outcome_success_episode_count": 3,
      "h100/outcome_success_final_state_mse": 0.0037761292134235107,
      "h100/outcome_success_state_mse": 0.0023642461440142462,
      "h100/state_mse": 0.002548907710056679,
      "h125/episode_count": 15,
      "h125/final_state_mse": 0.003467394323909984,
      "h125/outcome_drop_episode_count": 3,
      "h125/outcome_drop_final_state_mse": 0.004322963943278867,
      "h125/outcome_drop_state_mse": 0.0027150421142578124,
      "h125/outcome_jam_episode_count": 3,
      "h125/outcome_jam_final_state_mse": 0.004484648116273818,
      "h125/outcome_jam_state_mse": 0.003198950474558313,
      "h125/outcome_miss_episode_count": 3,
      "h125/outcome_miss_final_state_mse": 0.0032986887529784558,
      "h125/outcome_miss_state_mse": 0.0029538846982070824,
      "h125/outcome_partial_episode_count": 3,
      "h125/outcome_partial_final_state_mse": 0.0021108854927268683,
      "h125/outcome_partial_state_mse": 0.0020100583843156404,
      "h125/outcome_success_episode_count": 3,
      "h125/outcome_success_final_state_mse": 0.0031197858499545676,
      "h125/outcome_success_state_mse": 0.0025759262882806117,
      "h125/state_mse": 0.0026907724417892156,
      "h20/episode_count": 15,
      "h20/final_state_mse": 0.002484112004049463,
      "h20/outcome_drop_episode_count": 3,
      "h20/outcome_drop_final_state_mse": 0.0023047729742293266,
      "h20/outcome_drop_state_mse": 0.001924005676718319,
      "h20/outcome_jam_episode_count": 3,
      "h20/outcome_jam_final_state_mse": 0.002865359235822765,
      "h20/outcome_jam_state_mse": 0.0025186826980191897,
      "h20/outcome_miss_episode_count": 3,
      "h20/outcome_miss_final_state_mse": 0.0028588618912728002,
      "h20/outcome_miss_state_mse": 0.006074970999574349,
      "h20/outcome_partial_episode_count": 3,
      "h20/outcome_partial_final_state_mse": 0.0021930618418587577,
      "h20/outcome_partial_state_mse": 0.0018474434715470458,
      "h20/outcome_success_episode_count": 3,
      "h20/outcome_success_final_state_mse": 0.0021985045640297183,
      "h20/outcome_success_state_mse": 0.0018586496122522291,
      "h20/state_mse": 0.0028447503981247446,
      "h30/episode_count": 15,
      "h30/final_state_mse": 0.002280907225764655,
      "h30/outcome_drop_episode_count": 3,
      "h30/outcome_drop_final_state_mse": 0.0022040859254357083,
      "h30/outcome_drop_state_mse": 0.001989843486960417,
      "h30/outcome_jam_episode_count": 3,
      "h30/outcome_jam_final_state_mse": 0.0026133210440866307,
      "h30/outcome_jam_state_mse": 0.0025889625216880914,
      "h30/outcome_miss_episode_count": 3,
      "h30/outcome_miss_final_state_mse": 0.00226296377337836,
      "h30/outcome_miss_state_mse": 0.0048553836631359355,
      "h30/outcome_partial_episode_count": 3,
      "h30/outcome_partial_final_state_mse": 0.0021280436685272293,
      "h30/outcome_partial_state_mse": 0.0019066445708015127,
      "h30/outcome_success_episode_count": 3,
      "h30/outcome_success_final_state_mse": 0.0021961218878334644,
      "h30/outcome_success_state_mse": 0.001915008206253218,
      "h30/state_mse": 0.0026511683910760485,
      "h40/episode_count": 15,
      "h40/final_state_mse": 0.001923573874180613,
      "h40/outcome_drop_episode_count": 3,
      "h40/outcome_drop_final_state_mse": 0.001936189099854114,
      "h40/outcome_drop_state_mse": 0.0020374279785779566,
      "h40/outcome_jam_episode_count": 3,
      "h40/outcome_jam_final_state_mse": 0.002110256478677388,
      "h40/outcome_jam_state_mse": 0.0025965603738049275,
      "h40/outcome_miss_episode_count": 3,
      "h40/outcome_miss_final_state_mse": 0.0017620991258060232,
      "h40/outcome_miss_state_mse": 0.0041474713998682355,
      "h40/outcome_partial_episode_count": 3,
      "h40/outcome_partial_final_state_mse": 0.0019108132014866747,
      "h40/outcome_partial_state_mse": 0.0019437072713390673,
      "h40/outcome_success_episode_count": 3,
      "h40/outcome_success_final_state_mse": 0.0018985115624720755,
      "h40/outcome_success_state_mse": 0.001954564082077126,
      "h40/state_mse": 0.002535946166593265,
      "h50/episode_count": 15,
      "h50/final_state_mse": 0.001993437530168521,
      "h50/outcome_drop_episode_count": 3,
      "h50/outcome_drop_final_state_mse": 0.0021593913046363132,
      "h50/outcome_drop_state_mse": 0.002116214932959064,
      "h50/outcome_jam_episode_count": 3,
      "h50/outcome_jam_final_state_mse": 0.00278914938954746,
      "h50/outcome_jam_state_mse": 0.0026198513679255068,
      "h50/outcome_miss_episode_count": 3,
      "h50/outcome_miss_final_state_mse": 0.001620402182239333,
      "h50/outcome_miss_state_mse": 0.0036846541111765344,
      "h50/outcome_partial_episode_count": 3,
      "h50/outcome_partial_final_state_mse": 0.0016654597875339532,
      "h50/outcome_partial_state_mse": 0.0019383443570604511,
      "h50/outcome_success_episode_count": 3,
      "h50/outcome_success_final_state_mse": 0.0017327854981998992,
      "h50/outcome_success_state_mse": 0.001954899893866645,
      "h50/state_mse": 0.002462792888965482,
      "h75/episode_count": 15,
      "h75/final_state_mse": 0.003645367404214697,
      "h75/outcome_drop_episode_count": 3,
      "h75/outcome_drop_final_state_mse": 0.0028565223846170637,
      "h75/outcome_drop_state_mse": 0.0022257512742917263,
      "h75/outcome_jam_episode_count": 3,
      "h75/outcome_jam_final_state_mse": 0.004469798183908649,
      "h75/outcome_jam_state_mse": 0.0027829987602815648,
      "h75/outcome_miss_episode_count": 3,
      "h75/outcome_miss_final_state_mse": 0.0048578172629954765,
      "h75/outcome_miss_state_mse": 0.0032100903546368634,
      "h75/outcome_partial_episode_count": 3,
      "h75/outcome_partial_final_state_mse": 0.0024997160520428925,
      "h75/outcome_partial_state_mse": 0.0020002581403146384,
      "h75/outcome_success_episode_count": 3,
      "h75/outcome_success_final_state_mse": 0.0035429838923067827,
      "h75/outcome_success_state_mse": 0.0020663394803315206,
      "h75/state_mse": 0.002457087365110975,
      "max_requested_horizon": 125,
      "reencode_period": 10,
      "rollout_mode": "periodic_10"
    },
    "periodic_100": {
      "episode_count": 15,
      "h10/episode_count": 15,
      "h10/final_state_mse": 0.0028004244262096927,
      "h10/outcome_drop_episode_count": 3,
      "h10/outcome_drop_final_state_mse": 0.0023367823241582882,
      "h10/outcome_drop_state_mse": 0.0018339967026430018,
      "h10/outcome_jam_episode_count": 3,
      "h10/outcome_jam_final_state_mse": 0.003625697218904308,
      "h10/outcome_jam_state_mse": 0.0023956803324954963,
      "h10/outcome_miss_episode_count": 3,
      "h10/outcome_miss_final_state_mse": 0.0034010211383205613,
      "h10/outcome_miss_state_mse": 0.009413321189631044,
      "h10/outcome_partial_episode_count": 3,
      "h10/outcome_partial_final_state_mse": 0.0023244185969720477,
      "h10/outcome_partial_state_mse": 0.0017430043103648168,
      "h10/outcome_success_episode_count": 3,
      "h10/outcome_success_final_state_mse": 0.0023142021222441805,
      "h10/outcome_success_state_mse": 0.0017573100484274571,
      "h10/state_mse": 0.0034286628673279207,
      "h100/episode_count": 15,
      "h100/final_state_mse": 115865.69411764706,
      "h100/outcome_drop_episode_count": 3,
      "h100/outcome_drop_final_state_mse": 107163.12908496732,
      "h100/outcome_drop_state_mse": 5131.2621568627455,
      "h100/outcome_jam_episode_count": 3,
      "h100/outcome_jam_final_state_mse": 114439.1748366013,
      "h100/outcome_jam_state_mse": 5531.23660130719,
      "h100/outcome_miss_episode_count": 3,
      "h100/outcome_miss_final_state_mse": 141233.45751633987,
      "h100/outcome_miss_state_mse": 6562.0023529411765,
      "h100/outcome_partial_episode_count": 3,
      "h100/outcome_partial_final_state_mse": 108416.7156862745,
      "h100/outcome_partial_state_mse": 5230.401045751634,
      "h100/outcome_success_episode_count": 3,
      "h100/outcome_success_final_state_mse": 108076.00408496732,
      "h100/outcome_success_state_mse": 5208.590784313726,
      "h100/state_mse": 5532.69877124183,
      "h125/episode_count": 15,
      "h125/final_state_mse": 28730.650980392158,
      "h125/outcome_drop_episode_count": 3,
      "h125/outcome_drop_final_state_mse": 20322.757965686276,
      "h125/outcome_drop_state_mse": 6223.241098039216,
      "h125/outcome_jam_episode_count": 3,
      "h125/outcome_jam_final_state_mse": 19214.446691176472,
      "h125/outcome_jam_state_mse": 6496.7453071895425,
      "h125/outcome_miss_episode_count": 3,
      "h125/outcome_miss_final_state_mse": 65534.413398692814,
      "h125/outcome_miss_state_mse": 9967.19414379085,
      "h125/outcome_partial_episode_count": 3,
      "h125/outcome_partial_final_state_mse": 19260.840073529413,
      "h125/outcome_partial_state_mse": 6273.209045751634,
      "h125/outcome_success_episode_count": 3,
      "h125/outcome_success_final_state_mse": 19320.80810866013,
      "h125/outcome_success_state_mse": 6252.317699346405,
      "h125/state_mse": 7042.541929411765,
      "h20/episode_count": 15,
      "h20/final_state_mse": 0.008576204885844312,
      "h20/outcome_drop_episode_count": 3,
      "h20/outcome_drop_final_state_mse": 0.00789651055546368,
      "h20/outcome_drop_state_mse": 0.0032873179008758146,
      "h20/outcome_jam_episode_count": 3,
      "h20/outcome_jam_final_state_mse": 0.008596396134569754,
      "h20/outcome_jam_state_mse": 0.0037853690923429005,
      "h20/outcome_miss_episode_count": 3,
      "h20/outcome_miss_final_state_mse": 0.010716535491881028,
      "h20/outcome_miss_state_mse": 0.007841391968571282,
      "h20/outcome_partial_episode_count": 3,
      "h20/outcome_partial_final_state_mse": 0.00784349008128534,
      "h20/outcome_partial_state_mse": 0.003199702929827123,
      "h20/outcome_success_episode_count": 3,
      "h20/outcome_success_final_state_mse": 0.007828091435572681,
      "h20/outcome_success_state_mse": 0.0032124795555289274,
      "h20/state_mse": 0.004265252406301062,
      "h30/episode_count": 15,
      "h30/final_state_mse": 0.031029819663054025,
      "h30/outcome_drop_episode_count": 3,
      "h30/outcome_drop_final_state_mse": 0.027898056834351783,
      "h30/outcome_drop_state_mse": 0.007836956344139083,
      "h30/outcome_jam_episode_count": 3,
      "h30/outcome_jam_final_state_mse": 0.0290525847790288,
      "h30/outcome_jam_state_mse": 0.008328989648091768,
      "h30/outcome_miss_episode_count": 3,
      "h30/outcome_miss_final_state_mse": 0.04219769029056325,
      "h30/outcome_miss_state_mse": 0.013494741942628017,
      "h30/outcome_partial_episode_count": 3,
      "h30/outcome_partial_final_state_mse": 0.027982228721668518,
      "h30/outcome_partial_state_mse": 0.00774388126298493,
      "h30/outcome_success_episode_count": 3,
      "h30/outcome_success_final_state_mse": 0.028018544701968923,
      "h30/outcome_success_state_mse": 0.007737682483814381,
      "h30/state_mse": 0.00902845062721269,
      "h40/episode_count": 15,
      "h40/final_state_mse": 0.11815514658011642,
      "h40/outcome_drop_episode_count": 3,
      "h40/outcome_drop_final_state_mse": 0.09867990718168371,
      "h40/outcome_drop_state_mse": 0.02044835838617063,
      "h40/outcome_jam_episode_count": 3,
      "h40/outcome_jam_final_state_mse": 0.10552646287905625,
      "h40/outcome_jam_state_mse": 0.02157124538047641,
      "h40/outcome_miss_episode_count": 3,
      "h40/outcome_miss_final_state_mse": 0.16725892958298227,
      "h40/outcome_miss_state_mse": 0.031763742484298405,
      "h40/outcome_partial_episode_count": 3,
      "h40/outcome_partial_final_state_mse": 0.10840510698704937,
      "h40/outcome_partial_state_mse": 0.021121973149916706,
      "h40/outcome_success_episode_count": 3,
      "h40/outcome_success_final_state_mse": 0.110905349644181,
      "h40/outcome_success_state_mse": 0.02124336155411465,
      "h40/state_mse": 0.02322973712597018,
      "h50/episode_count": 15,
      "h50/final_state_mse": 1.3897610932393791,
      "h50/outcome_drop_episode_count": 3,
      "h50/outcome_drop_final_state_mse": 0.9119519377066418,
      "h50/outcome_drop_state_mse": 0.09578805761399611,
      "h50/outcome_jam_episode_count": 3,
      "h50/outcome_jam_final_state_mse": 0.8650421815759995,
      "h50/outcome_jam_state_mse": 0.09328242981355954,
      "h50/outcome_miss_episode_count": 3,
      "h50/outcome_miss_final_state_mse": 3.317441354390063,
      "h50/outcome_miss_state_mse": 0.27081342709609885,
      "h50/outcome_partial_episode_count": 3,
      "h50/outcome_partial_final_state_mse": 0.9215326496199066,
      "h50/outcome_partial_state_mse": 0.09725448109745201,
      "h50/outcome_success_episode_count": 3,
      "h50/outcome_success_final_state_mse": 0.9328370561786726,
      "h50/outcome_success_state_mse": 0.09879325916564542,
      "h50/state_mse": 0.1311863255718954,
      "h75/episode_count": 15,
      "h75/final_state_mse": 464.19571078431375,
      "h75/outcome_drop_episode_count": 3,
      "h75/outcome_drop_final_state_mse": 427.28787051930146,
      "h75/outcome_drop_state_mse": 27.074686138344227,
      "h75/outcome_jam_episode_count": 3,
      "h75/outcome_jam_final_state_mse": 448.4158305249183,
      "h75/outcome_jam_state_mse": 27.876494927832244,
      "h75/outcome_miss_episode_count": 3,
      "h75/outcome_miss_final_state_mse": 568.5038041258169,
      "h75/outcome_miss_state_mse": 44.26064814814815,
      "h75/outcome_partial_episode_count": 3,
      "h75/outcome_partial_final_state_mse": 436.7502999897876,
      "h75/outcome_partial_state_mse": 27.35700614447168,
      "h75/outcome_success_episode_count": 3,
      "h75/outcome_success_final_state_mse": 440.0208748212827,
      "h75/outcome_success_state_mse": 27.659681202342046,
      "h75/state_mse": 30.84570588235294,
      "max_requested_horizon": 125,
      "reencode_period": 100,
      "rollout_mode": "periodic_100"
    },
    "periodic_2": {
      "episode_count": 15,
      "h10/episode_count": 15,
      "h10/final_state_mse": 0.002284642138512306,
      "h10/outcome_drop_episode_count": 3,
      "h10/outcome_drop_final_state_mse": 0.0014137363463055854,
      "h10/outcome_drop_state_mse": 0.0015430861438801085,
      "h10/outcome_jam_episode_count": 3,
      "h10/outcome_jam_final_state_mse": 0.0021170224823982885,
      "h10/outcome_jam_state_mse": 0.002016676095576068,
      "h10/outcome_miss_episode_count": 3,
      "h10/outcome_miss_final_state_mse": 0.005316668963120654,
      "h10/outcome_miss_state_mse": 0.010792191979152705,
      "h10/outcome_partial_episode_count": 3,
      "h10/outcome_partial_final_state_mse": 0.0012783842295213462,
      "h10/outcome_partial_state_mse": 0.001421864983303095,
      "h10/outcome_success_episode_count": 3,
      "h10/outcome_success_final_state_mse": 0.0012973987929571688,
      "h10/outcome_success_state_mse": 0.001439664410609825,
      "h10/state_mse": 0.003442696964039522,
      "h100/episode_count": 15,
      "h100/final_state_mse": 0.003368713964823804,
      "h100/outcome_drop_episode_count": 3,
      "h100/outcome_drop_final_state_mse": 0.003953750616584728,
      "h100/outcome_drop_state_mse": 0.0029759423249687243,
      "h100/outcome_jam_episode_count": 3,
      "h100/outcome_jam_final_state_mse": 0.002859595116057427,
      "h100/outcome_jam_state_mse": 0.0029324282228557113,
      "h100/outcome_miss_episode_count": 3,
      "h100/outcome_miss_final_state_mse": 0.0038910878006539313,
      "h100/outcome_miss_state_mse": 0.004125784830330244,
      "h100/outcome_partial_episode_count": 3,
      "h100/outcome_partial_final_state_mse": 0.00270967662724015,
      "h100/outcome_partial_state_mse": 0.002290147270252502,
      "h100/outcome_success_episode_count": 3,
      "h100/outcome_success_final_state_mse": 0.003429460613166585,
      "h100/outcome_success_state_mse": 0.0024810345032635858,
      "h100/state_mse": 0.002961067748225592,
      "h125/episode_count": 15,
      "h125/final_state_mse": 0.005226178262747971,
      "h125/outcome_drop_episode_count": 3,
      "h125/outcome_drop_final_state_mse": 0.006195882371827668,
      "h125/outcome_drop_state_mse": 0.0033557781144684436,
      "h125/outcome_jam_episode_count": 3,
      "h125/outcome_jam_final_state_mse": 0.0061514397072636225,
      "h125/outcome_jam_state_mse": 0.0033296277413960374,
      "h125/outcome_miss_episode_count": 3,
      "h125/outcome_miss_final_state_mse": 0.006304870146551942,
      "h125/outcome_miss_state_mse": 0.00436661280214397,
      "h125/outcome_partial_episode_count": 3,
      "h125/outcome_partial_final_state_mse": 0.0025975524502642013,
      "h125/outcome_partial_state_mse": 0.0023515077977398643,
      "h125/outcome_success_episode_count": 3,
      "h125/outcome_success_final_state_mse": 0.004881147465674706,
      "h125/outcome_success_state_mse": 0.0029041459326650584,
      "h125/state_mse": 0.0032615346073325163,
      "h20/episode_count": 15,
      "h20/final_state_mse": 0.002625424254174326,
      "h20/outcome_drop_episode_count": 3,
      "h20/outcome_drop_final_state_mse": 0.002606663731188556,
      "h20/outcome_drop_state_mse": 0.0017311636139364804,
      "h20/outcome_jam_episode_count": 3,
      "h20/outcome_jam_final_state_mse": 0.002606224049540127,
      "h20/outcome_jam_state_mse": 0.0022025426228841146,
      "h20/outcome_miss_episode_count": 3,
      "h20/outcome_miss_final_state_mse": 0.003351390897448546,
      "h20/outcome_miss_state_mse": 0.007424360318900713,
      "h20/outcome_partial_episode_count": 3,
      "h20/outcome_partial_final_state_mse": 0.002282356076380786,
      "h20/outcome_partial_state_mse": 0.0016237593164630964,
      "h20/outcome_success_episode_count": 3,
      "h20/outcome_success_final_state_mse": 0.0022804868084932463,
      "h20/outcome_success_state_mse": 0.0016475992265090444,
      "h20/state_mse": 0.00292588501973869,
      "h30/episode_count": 15,
      "h30/final_state_mse": 0.002883179670844982,
      "h30/outcome_drop_episode_count": 3,
      "h30/outcome_drop_final_state_mse": 0.002597628173485301,
      "h30/outcome_drop_state_mse": 0.002018320015053344,
      "h30/outcome_jam_episode_count": 3,
      "h30/outcome_jam_final_state_mse": 0.00318744155316571,
      "h30/outcome_jam_state_mse": 0.0024913193613355714,
      "h30/outcome_miss_episode_count": 3,
      "h30/outcome_miss_final_state_mse": 0.0034679793844036026,
      "h30/outcome_miss_state_mse": 0.006233140741817832,
      "h30/outcome_partial_episode_count": 3,
      "h30/outcome_partial_final_state_mse": 0.0025420037457366397,
      "h30/outcome_partial_state_mse": 0.0019195984651320381,
      "h30/outcome_success_episode_count": 3,
      "h30/outcome_success_final_state_mse": 0.0026208463252759447,
      "h30/outcome_success_state_mse": 0.0019413242153092927,
      "h30/state_mse": 0.002920740331180215,
      "h40/episode_count": 15,
      "h40/final_state_mse": 0.0026087784299663468,
      "h40/outcome_drop_episode_count": 3,
      "h40/outcome_drop_final_state_mse": 0.0026253466220463022,
      "h40/outcome_drop_state_mse": 0.002163913553836299,
      "h40/outcome_jam_episode_count": 3,
      "h40/outcome_jam_final_state_mse": 0.002460017849027721,
      "h40/outcome_jam_state_mse": 0.0025672054758258895,
      "h40/outcome_miss_episode_count": 3,
      "h40/outcome_miss_final_state_mse": 0.003314356788311129,
      "h40/outcome_miss_state_mse": 0.005547351618997412,
      "h40/outcome_partial_episode_count": 3,
      "h40/outcome_partial_final_state_mse": 0.002324428360641392,
      "h40/outcome_partial_state_mse": 0.002024641340854121,
      "h40/outcome_success_episode_count": 3,
      "h40/outcome_success_final_state_mse": 0.0023197415558730856,
      "h40/outcome_success_state_mse": 0.0020479007678873397,
      "h40/state_mse": 0.0028702026566648797,
      "h50/episode_count": 15,
      "h50/final_state_mse": 0.0027839118359135645,
      "h50/outcome_drop_episode_count": 3,
      "h50/outcome_drop_final_state_mse": 0.0033434745825194068,
      "h50/outcome_drop_state_mse": 0.002473424774369383,
      "h50/outcome_jam_episode_count": 3,
      "h50/outcome_jam_final_state_mse": 0.003210136508629992,
      "h50/outcome_jam_state_mse": 0.0026566132688834,
      "h50/outcome_miss_episode_count": 3,
      "h50/outcome_miss_final_state_mse": 0.0027154593491086772,
      "h50/outcome_miss_state_mse": 0.005037867602180032,
      "h50/outcome_partial_episode_count": 3,
      "h50/outcome_partial_final_state_mse": 0.0022831451074749815,
      "h50/outcome_partial_state_mse": 0.002092820024178698,
      "h50/outcome_success_episode_count": 3,
      "h50/outcome_success_final_state_mse": 0.0023673445083736595,
      "h50/outcome_success_state_mse": 0.002117661183176477,
      "h50/state_mse": 0.002875677570018893,
      "h75/episode_count": 15,
      "h75/final_state_mse": 0.004014209672516467,
      "h75/outcome_drop_episode_count": 3,
      "h75/outcome_drop_final_state_mse": 0.003982100854901706,
      "h75/outcome_drop_state_mse": 0.0027688506381963593,
      "h75/outcome_jam_episode_count": 3,
      "h75/outcome_jam_final_state_mse": 0.0041352487077900004,
      "h75/outcome_jam_state_mse": 0.0028929392912289157,
      "h75/outcome_miss_episode_count": 3,
      "h75/outcome_miss_final_state_mse": 0.00530310140715705,
      "h75/outcome_miss_state_mse": 0.004423923118441713,
      "h75/outcome_partial_episode_count": 3,
      "h75/outcome_partial_final_state_mse": 0.0029227495485661076,
      "h75/outcome_partial_state_mse": 0.0022548791473987057,
      "h75/outcome_success_episode_count": 3,
      "h75/outcome_success_final_state_mse": 0.0037278471624149997,
      "h75/outcome_success_state_mse": 0.0023076043721118006,
      "h75/state_mse": 0.002929639097392429,
      "max_requested_horizon": 125,
      "reencode_period": 2,
      "rollout_mode": "periodic_2"
    },
    "periodic_20": {
      "episode_count": 15,
      "h10/episode_count": 15,
      "h10/final_state_mse": 0.0028004244262096927,
      "h10/outcome_drop_episode_count": 3,
      "h10/outcome_drop_final_state_mse": 0.0023367823241582882,
      "h10/outcome_drop_state_mse": 0.0018339967026430018,
      "h10/outcome_jam_episode_count": 3,
      "h10/outcome_jam_final_state_mse": 0.003625697218904308,
      "h10/outcome_jam_state_mse": 0.0023956803324954963,
      "h10/outcome_miss_episode_count": 3,
      "h10/outcome_miss_final_state_mse": 0.0034010211383205613,
      "h10/outcome_miss_state_mse": 0.009413321189631044,
      "h10/outcome_partial_episode_count": 3,
      "h10/outcome_partial_final_state_mse": 0.0023244185969720477,
      "h10/outcome_partial_state_mse": 0.0017430043103648168,
      "h10/outcome_success_episode_count": 3,
      "h10/outcome_success_final_state_mse": 0.0023142021222441805,
      "h10/outcome_success_state_mse": 0.0017573100484274571,
      "h10/state_mse": 0.0034286628673279207,
      "h100/episode_count": 15,
      "h100/final_state_mse": 0.012831277784958385,
      "h100/outcome_drop_episode_count": 3,
      "h100/outcome_drop_final_state_mse": 0.009717738316729178,
      "h100/outcome_drop_state_mse": 0.004099014942942102,
      "h100/outcome_jam_episode_count": 3,
      "h100/outcome_jam_final_state_mse": 0.015380293910020318,
      "h100/outcome_jam_state_mse": 0.005244225146723729,
      "h100/outcome_miss_episode_count": 3,
      "h100/outcome_miss_final_state_mse": 0.01428373888427136,
      "h100/outcome_miss_state_mse": 0.005850155774284812,
      "h100/outcome_partial_episode_count": 3,
      "h100/outcome_partial_final_state_mse": 0.010330705081715304,
      "h100/outcome_partial_state_mse": 0.004081506417467703,
      "h100/outcome_success_episode_count": 3,
      "h100/outcome_success_final_state_mse": 0.014443912537269343,
      "h100/outcome_success_state_mse": 0.004690945008221795,
      "h100/state_mse": 0.0047931698069852945,
      "h125/episode_count": 15,
      "h125/final_state_mse": 0.008881892409979128,
      "h125/outcome_drop_episode_count": 3,
      "h125/outcome_drop_final_state_mse": 0.0077447239674773875,
      "h125/outcome_drop_state_mse": 0.004816400964275684,
      "h125/outcome_jam_episode_count": 3,
      "h125/outcome_jam_final_state_mse": 0.009093314701435613,
      "h125/outcome_jam_state_mse": 0.006295647116268383,
      "h125/outcome_miss_episode_count": 3,
      "h125/outcome_miss_final_state_mse": 0.012524921130510716,
      "h125/outcome_miss_state_mse": 0.007039959078520731,
      "h125/outcome_partial_episode_count": 3,
      "h125/outcome_partial_final_state_mse": 0.008267745667812871,
      "h125/outcome_partial_state_mse": 0.004958680595447814,
      "h125/outcome_success_episode_count": 3,
      "h125/outcome_success_final_state_mse": 0.006778757946164,
      "h125/outcome_success_state_mse": 0.005748329013001685,
      "h125/state_mse": 0.005771802874795752,
      "h20/episode_count": 15,
      "h20/final_state_mse": 0.008576204885844312,
      "h20/outcome_drop_episode_count": 3,
      "h20/outcome_drop_final_state_mse": 0.00789651055546368,
      "h20/outcome_drop_state_mse": 0.0032873179008758146,
      "h20/outcome_jam_episode_count": 3,
      "h20/outcome_jam_final_state_mse": 0.008596396134569754,
      "h20/outcome_jam_state_mse": 0.0037853690923429005,
      "h20/outcome_miss_episode_count": 3,
      "h20/outcome_miss_final_state_mse": 0.010716535491881028,
      "h20/outcome_miss_state_mse": 0.007841391968571282,
      "h20/outcome_partial_episode_count": 3,
      "h20/outcome_partial_final_state_mse": 0.00784349008128534,
      "h20/outcome_partial_state_mse": 0.003199702929827123,
      "h20/outcome_success_episode_count": 3,
      "h20/outcome_success_final_state_mse": 0.007828091435572681,
      "h20/outcome_success_state_mse": 0.0032124795555289274,
      "h20/state_mse": 0.004265252406301062,
      "h30/episode_count": 15,
      "h30/final_state_mse": 0.003460400712256338,
      "h30/outcome_drop_episode_count": 3,
      "h30/outcome_drop_final_state_mse": 0.0032268114923651703,
      "h30/outcome_drop_state_mse": 0.0033036478464380068,
      "h30/outcome_jam_episode_count": 3,
      "h30/outcome_jam_final_state_mse": 0.003454855941479502,
      "h30/outcome_jam_state_mse": 0.0037856559088546987,
      "h30/outcome_miss_episode_count": 3,
      "h30/outcome_miss_final_state_mse": 0.004370137172586778,
      "h30/outcome_miss_state_mse": 0.006784477732539956,
      "h30/outcome_partial_episode_count": 3,
      "h30/outcome_partial_final_state_mse": 0.0030994155730297364,
      "h30/outcome_partial_state_mse": 0.003196857489791571,
      "h30/outcome_success_episode_count": 3,
      "h30/outcome_success_final_state_mse": 0.003150784623583937,
      "h30/outcome_success_state_mse": 0.0032096974730231923,
      "h30/state_mse": 0.004056067040802866,
      "h40/episode_count": 15,
      "h40/final_state_mse": 0.00624747245140325,
      "h40/outcome_drop_episode_count": 3,
      "h40/outcome_drop_final_state_mse": 0.0050306303633583915,
      "h40/outcome_drop_state_mse": 0.0035344189678142273,
      "h40/outcome_jam_episode_count": 3,
      "h40/outcome_jam_final_state_mse": 0.00607252432629953,
      "h40/outcome_jam_state_mse": 0.004028960887123557,
      "h40/outcome_miss_episode_count": 3,
      "h40/outcome_miss_final_state_mse": 0.007919555785609227,
      "h40/outcome_miss_state_mse": 0.0065841922573014805,
      "h40/outcome_partial_episode_count": 3,
      "h40/outcome_partial_final_state_mse": 0.006076687691258449,
      "h40/outcome_partial_state_mse": 0.0034864360210942287,
      "h40/outcome_success_episode_count": 3,
      "h40/outcome_success_final_state_mse": 0.006137962337412865,
      "h40/outcome_success_state_mse": 0.003508888779122845,
      "h40/state_mse": 0.004228579452614379,
      "h50/episode_count": 15,
      "h50/final_state_mse": 0.002993214052487043,
      "h50/outcome_drop_episode_count": 3,
      "h50/outcome_drop_final_state_mse": 0.003080886563444449,
      "h50/outcome_drop_state_mse": 0.0035520988352158492,
      "h50/outcome_jam_episode_count": 3,
      "h50/outcome_jam_final_state_mse": 0.0037613988799207352,
      "h50/outcome_jam_state_mse": 0.0039826980914944915,
      "h50/outcome_miss_episode_count": 3,
      "h50/outcome_miss_final_state_mse": 0.002399713263597364,
      "h50/outcome_miss_state_mse": 0.005803276386136323,
      "h50/outcome_partial_episode_count": 3,
      "h50/outcome_partial_final_state_mse": 0.002824181946469288,
      "h50/outcome_partial_state_mse": 0.0034107535493140126,
      "h50/outcome_success_episode_count": 3,
      "h50/outcome_success_final_state_mse": 0.002899890315104154,
      "h50/outcome_success_state_mse": 0.0034372390485277364,
      "h50/state_mse": 0.004037213493795956,
      "h75/episode_count": 15,
      "h75/final_state_mse": 0.005303517509909237,
      "h75/outcome_drop_episode_count": 3,
      "h75/outcome_drop_final_state_mse": 0.004738443914581747,
      "h75/outcome_drop_state_mse": 0.00367710038727405,
      "h75/outcome_jam_episode_count": 3,
      "h75/outcome_jam_final_state_mse": 0.00583066844862271,
      "h75/outcome_jam_state_mse": 0.004106245435660701,
      "h75/outcome_miss_episode_count": 3,
      "h75/outcome_miss_final_state_mse": 0.006081331594317567,
      "h75/outcome_miss_state_mse": 0.005365709790996476,
      "h75/outcome_partial_episode_count": 3,
      "h75/outcome_partial_final_state_mse": 0.004429955303279403,
      "h75/outcome_partial_state_mse": 0.0034726203968322355,
      "h75/outcome_success_episode_count": 3,
      "h75/outcome_success_final_state_mse": 0.005437189067890442,
      "h75/outcome_success_state_mse": 0.0035474591057804415,
      "h75/state_mse": 0.004033827039930556,
      "max_requested_horizon": 125,
      "reencode_period": 20,
      "rollout_mode": "periodic_20"
    },
    "periodic_5": {
      "episode_count": 15,
      "h10/episode_count": 15,
      "h10/final_state_mse": 0.002036817245234072,
      "h10/outcome_drop_episode_count": 3,
      "h10/outcome_drop_final_state_mse": 0.0015159990955022425,
      "h10/outcome_drop_state_mse": 0.0015769431404038972,
      "h10/outcome_jam_episode_count": 3,
      "h10/outcome_jam_final_state_mse": 0.002332484653962204,
      "h10/outcome_jam_state_mse": 0.002066052583308002,
      "h10/outcome_miss_episode_count": 3,
      "h10/outcome_miss_final_state_mse": 0.0034623962699198256,
      "h10/outcome_miss_state_mse": 0.00968206178129109,
      "h10/outcome_partial_episode_count": 3,
      "h10/outcome_partial_final_state_mse": 0.0014205198564560585,
      "h10/outcome_partial_state_mse": 0.0014737808626461653,
      "h10/outcome_success_episode_count": 3,
      "h10/outcome_success_final_state_mse": 0.0014526864964198444,
      "h10/outcome_success_state_mse": 0.001498520452212664,
      "h10/state_mse": 0.0032594718185125614,
      "h100/episode_count": 15,
      "h100/final_state_mse": 0.0024888992309570314,
      "h100/outcome_drop_episode_count": 3,
      "h100/outcome_drop_final_state_mse": 0.0032196465660544005,
      "h100/outcome_drop_state_mse": 0.0023654583700342116,
      "h100/outcome_jam_episode_count": 3,
      "h100/outcome_jam_final_state_mse": 0.0022057055258283428,
      "h100/outcome_jam_state_mse": 0.002727661319807464,
      "h100/outcome_miss_episode_count": 3,
      "h100/outcome_miss_final_state_mse": 0.0021244600123050167,
      "h100/outcome_miss_state_mse": 0.003297721638399012,
      "h100/outcome_partial_episode_count": 3,
      "h100/outcome_partial_final_state_mse": 0.0019030582184105917,
      "h100/outcome_partial_state_mse": 0.0019192916583391575,
      "h100/outcome_success_episode_count": 3,
      "h100/outcome_success_final_state_mse": 0.002991626367849462,
      "h100/outcome_success_state_mse": 0.0021712508856081493,
      "h100/state_mse": 0.00249627645654616,
      "h125/episode_count": 15,
      "h125/final_state_mse": 0.0037942640142503126,
      "h125/outcome_drop_episode_count": 3,
      "h125/outcome_drop_final_state_mse": 0.004609456687581306,
      "h125/outcome_drop_state_mse": 0.002694718055475771,
      "h125/outcome_jam_episode_count": 3,
      "h125/outcome_jam_final_state_mse": 0.004696285899947672,
      "h125/outcome_jam_state_mse": 0.002933156331380208,
      "h125/outcome_miss_episode_count": 3,
      "h125/outcome_miss_final_state_mse": 0.004540992279847463,
      "h125/outcome_miss_state_mse": 0.003394566255457261,
      "h125/outcome_partial_episode_count": 3,
      "h125/outcome_partial_final_state_mse": 0.0018954983626315797,
      "h125/outcome_partial_state_mse": 0.001939412335165186,
      "h125/outcome_success_episode_count": 3,
      "h125/outcome_success_final_state_mse": 0.003229086695153729,
      "h125/outcome_success_state_mse": 0.0023710168826034644,
      "h125/state_mse": 0.0026665739570567813,
      "h20/episode_count": 15,
      "h20/final_state_mse": 0.0019865098342396856,
      "h20/outcome_drop_episode_count": 3,
      "h20/outcome_drop_final_state_mse": 0.0019574956664072923,
      "h20/outcome_drop_state_mse": 0.001618239614698622,
      "h20/outcome_jam_episode_count": 3,
      "h20/outcome_jam_final_state_mse": 0.00221639048624662,
      "h20/outcome_jam_state_mse": 0.0021221640842412812,
      "h20/outcome_miss_episode_count": 3,
      "h20/outcome_miss_final_state_mse": 0.002306811901089413,
      "h20/outcome_miss_state_mse": 0.0063246363907857655,
      "h20/outcome_partial_episode_count": 3,
      "h20/outcome_partial_final_state_mse": 0.0017034625695421805,
      "h20/outcome_partial_state_mse": 0.0015167653171065587,
      "h20/outcome_success_episode_count": 3,
      "h20/outcome_success_final_state_mse": 0.0017483878418121462,
      "h20/outcome_success_state_mse": 0.001545287074606403,
      "h20/state_mse": 0.002625418519662097,
      "h30/episode_count": 15,
      "h30/final_state_mse": 0.0019144492990830365,
      "h30/outcome_drop_episode_count": 3,
      "h30/outcome_drop_final_state_mse": 0.0017953012990795708,
      "h30/outcome_drop_state_mse": 0.001745689902170551,
      "h30/outcome_jam_episode_count": 3,
      "h30/outcome_jam_final_state_mse": 0.0021620977645605997,
      "h30/outcome_jam_state_mse": 0.0022579711506829025,
      "h30/outcome_miss_episode_count": 3,
      "h30/outcome_miss_final_state_mse": 0.0019985333425936356,
      "h30/outcome_miss_state_mse": 0.004998053964186858,
      "h30/outcome_partial_episode_count": 3,
      "h30/outcome_partial_final_state_mse": 0.0017725854040750492,
      "h30/outcome_partial_state_mse": 0.0016470115948346705,
      "h30/outcome_success_episode_count": 3,
      "h30/outcome_success_final_state_mse": 0.0018437291477240768,
      "h30/outcome_success_state_mse": 0.0016695691349719345,
      "h30/state_mse": 0.0024636589831516374,
      "h40/episode_count": 15,
      "h40/final_state_mse": 0.0017820320877374386,
      "h40/outcome_drop_episode_count": 3,
      "h40/outcome_drop_final_state_mse": 0.0019001466970817716,
      "h40/outcome_drop_state_mse": 0.0018297611887938057,
      "h40/outcome_jam_episode_count": 3,
      "h40/outcome_jam_final_state_mse": 0.00170016819550321,
      "h40/outcome_jam_state_mse": 0.002291208077100367,
      "h40/outcome_miss_episode_count": 3,
      "h40/outcome_miss_final_state_mse": 0.001980193981937334,
      "h40/outcome_miss_state_mse": 0.004303886921577204,
      "h40/outcome_partial_episode_count": 3,
      "h40/outcome_partial_final_state_mse": 0.001666552685444651,
      "h40/outcome_partial_state_mse": 0.0017113591331282473,
      "h40/outcome_success_episode_count": 3,
      "h40/outcome_success_final_state_mse": 0.0016630982943609649,
      "h40/outcome_success_state_mse": 0.0017344803981531678,
      "h40/state_mse": 0.002374138925589767,
      "h50/episode_count": 15,
      "h50/final_state_mse": 0.002053111830568002,
      "h50/outcome_drop_episode_count": 3,
      "h50/outcome_drop_final_state_mse": 0.0021203360915963165,
      "h50/outcome_drop_state_mse": 0.001985868129854888,
      "h50/outcome_jam_episode_count": 3,
      "h50/outcome_jam_final_state_mse": 0.002842704406361175,
      "h50/outcome_jam_state_mse": 0.0023481491188597835,
      "h50/outcome_miss_episode_count": 3,
      "h50/outcome_miss_final_state_mse": 0.001669146388379577,
      "h50/outcome_miss_state_mse": 0.003857184640722337,
      "h50/outcome_partial_episode_count": 3,
      "h50/outcome_partial_final_state_mse": 0.0017871501691201154,
      "h50/outcome_partial_state_mse": 0.0017477067934921365,
      "h50/outcome_success_episode_count": 3,
      "h50/outcome_success_final_state_mse": 0.0018462219512930104,
      "h50/outcome_success_state_mse": 0.0017720026751748877,
      "h50/state_mse": 0.0023421822342218138,
      "h75/episode_count": 15,
      "h75/final_state_mse": 0.003618113511528065,
      "h75/outcome_drop_episode_count": 3,
      "h75/outcome_drop_final_state_mse": 0.002717244177082785,
      "h75/outcome_drop_state_mse": 0.0021635820559167134,
      "h75/outcome_jam_episode_count": 3,
      "h75/outcome_jam_final_state_mse": 0.004086358728362065,
      "h75/outcome_jam_state_mse": 0.002642593217571317,
      "h75/outcome_miss_episode_count": 3,
      "h75/outcome_miss_final_state_mse": 0.005212767743596844,
      "h75/outcome_miss_state_mse": 0.003448654706701474,
      "h75/outcome_partial_episode_count": 3,
      "h75/outcome_partial_final_state_mse": 0.0026381965848355513,
      "h75/outcome_partial_state_mse": 0.001920619187531648,
      "h75/outcome_success_episode_count": 3,
      "h75/outcome_success_final_state_mse": 0.003436000031583449,
      "h75/outcome_success_state_mse": 0.00198351961854756,
      "h75/state_mse": 0.0024317935453261165,
      "max_requested_horizon": 125,
      "reencode_period": 5,
      "rollout_mode": "periodic_5"
    },
    "periodic_50": {
      "episode_count": 15,
      "h10/episode_count": 15,
      "h10/final_state_mse": 0.0028004244262096927,
      "h10/outcome_drop_episode_count": 3,
      "h10/outcome_drop_final_state_mse": 0.0023367823241582882,
      "h10/outcome_drop_state_mse": 0.0018339967026430018,
      "h10/outcome_jam_episode_count": 3,
      "h10/outcome_jam_final_state_mse": 0.003625697218904308,
      "h10/outcome_jam_state_mse": 0.0023956803324954963,
      "h10/outcome_miss_episode_count": 3,
      "h10/outcome_miss_final_state_mse": 0.0034010211383205613,
      "h10/outcome_miss_state_mse": 0.009413321189631044,
      "h10/outcome_partial_episode_count": 3,
      "h10/outcome_partial_final_state_mse": 0.0023244185969720477,
      "h10/outcome_partial_state_mse": 0.0017430043103648168,
      "h10/outcome_success_episode_count": 3,
      "h10/outcome_success_final_state_mse": 0.0023142021222441805,
      "h10/outcome_success_state_mse": 0.0017573100484274571,
      "h10/state_mse": 0.0034286628673279207,
      "h100/episode_count": 15,
      "h100/final_state_mse": 304.99117647058824,
      "h100/outcome_drop_episode_count": 3,
      "h100/outcome_drop_final_state_mse": 217.88102213541666,
      "h100/outcome_drop_state_mse": 11.458039470996733,
      "h100/outcome_jam_episode_count": 3,
      "h100/outcome_jam_final_state_mse": 234.27641186683007,
      "h100/outcome_jam_state_mse": 12.046942912581699,
      "h100/outcome_miss_episode_count": 3,
      "h100/outcome_miss_final_state_mse": 606.8262357026143,
      "h100/outcome_miss_state_mse": 34.33490298202614,
      "h100/outcome_partial_episode_count": 3,
      "h100/outcome_partial_final_state_mse": 227.64025160845588,
      "h100/outcome_partial_state_mse": 11.75393714256536,
      "h100/outcome_success_episode_count": 3,
      "h100/outcome_success_final_state_mse": 238.33190359477123,
      "h100/outcome_success_state_mse": 12.292879901960784,
      "h100/state_mse": 16.377339869281045,
      "h125/episode_count": 15,
      "h125/final_state_mse": 162.24111519607843,
      "h125/outcome_drop_episode_count": 3,
      "h125/outcome_drop_final_state_mse": 160.2234094158497,
      "h125/outcome_drop_state_mse": 16.84189052287582,
      "h125/outcome_jam_episode_count": 3,
      "h125/outcome_jam_final_state_mse": 157.14352117800246,
      "h125/outcome_jam_state_mse": 17.931995302287582,
      "h125/outcome_miss_episode_count": 3,
      "h125/outcome_miss_final_state_mse": 193.02686504289215,
      "h125/outcome_miss_state_mse": 37.50111846405229,
      "h125/outcome_partial_episode_count": 3,
      "h125/outcome_partial_final_state_mse": 147.04003587111927,
      "h125/outcome_partial_state_mse": 17.112520016339868,
      "h125/outcome_success_episode_count": 3,
      "h125/outcome_success_final_state_mse": 153.77170138888889,
      "h125/outcome_success_state_mse": 17.895349673202613,
      "h125/state_mse": 21.456575163398693,
      "h20/episode_count": 15,
      "h20/final_state_mse": 0.008576204885844312,
      "h20/outcome_drop_episode_count": 3,
      "h20/outcome_drop_final_state_mse": 0.00789651055546368,
      "h20/outcome_drop_state_mse": 0.0032873179008758146,
      "h20/outcome_jam_episode_count": 3,
      "h20/outcome_jam_final_state_mse": 0.008596396134569754,
      "h20/outcome_jam_state_mse": 0.0037853690923429005,
      "h20/outcome_miss_episode_count": 3,
      "h20/outcome_miss_final_state_mse": 0.010716535491881028,
      "h20/outcome_miss_state_mse": 0.007841391968571282,
      "h20/outcome_partial_episode_count": 3,
      "h20/outcome_partial_final_state_mse": 0.00784349008128534,
      "h20/outcome_partial_state_mse": 0.003199702929827123,
      "h20/outcome_success_episode_count": 3,
      "h20/outcome_success_final_state_mse": 0.007828091435572681,
      "h20/outcome_success_state_mse": 0.0032124795555289274,
      "h20/state_mse": 0.004265252406301062,
      "h30/episode_count": 15,
      "h30/final_state_mse": 0.031029819663054025,
      "h30/outcome_drop_episode_count": 3,
      "h30/outcome_drop_final_state_mse": 0.027898056834351783,
      "h30/outcome_drop_state_mse": 0.007836956344139083,
      "h30/outcome_jam_episode_count": 3,
      "h30/outcome_jam_final_state_mse": 0.0290525847790288,
      "h30/outcome_jam_state_mse": 0.008328989648091768,
      "h30/outcome_miss_episode_count": 3,
      "h30/outcome_miss_final_state_mse": 0.04219769029056325,
      "h30/outcome_miss_state_mse": 0.013494741942628017,
      "h30/outcome_partial_episode_count": 3,
      "h30/outcome_partial_final_state_mse": 0.027982228721668518,
      "h30/outcome_partial_state_mse": 0.00774388126298493,
      "h30/outcome_success_episode_count": 3,
      "h30/outcome_success_final_state_mse": 0.028018544701968923,
      "h30/outcome_success_state_mse": 0.007737682483814381,
      "h30/state_mse": 0.00902845062721269,
      "h40/episode_count": 15,
      "h40/final_state_mse": 0.11815514658011642,
      "h40/outcome_drop_episode_count": 3,
      "h40/outcome_drop_final_state_mse": 0.09867990718168371,
      "h40/outcome_drop_state_mse": 0.02044835838617063,
      "h40/outcome_jam_episode_count": 3,
      "h40/outcome_jam_final_state_mse": 0.10552646287905625,
      "h40/outcome_jam_state_mse": 0.02157124538047641,
      "h40/outcome_miss_episode_count": 3,
      "h40/outcome_miss_final_state_mse": 0.16725892958298227,
      "h40/outcome_miss_state_mse": 0.031763742484298405,
      "h40/outcome_partial_episode_count": 3,
      "h40/outcome_partial_final_state_mse": 0.10840510698704937,
      "h40/outcome_partial_state_mse": 0.021121973149916706,
      "h40/outcome_success_episode_count": 3,
      "h40/outcome_success_final_state_mse": 0.110905349644181,
      "h40/outcome_success_state_mse": 0.02124336155411465,
      "h40/state_mse": 0.02322973712597018,
      "h50/episode_count": 15,
      "h50/final_state_mse": 1.3897610932393791,
      "h50/outcome_drop_episode_count": 3,
      "h50/outcome_drop_final_state_mse": 0.9119519377066418,
      "h50/outcome_drop_state_mse": 0.09578805761399611,
      "h50/outcome_jam_episode_count": 3,
      "h50/outcome_jam_final_state_mse": 0.8650421815759995,
      "h50/outcome_jam_state_mse": 0.09328242981355954,
      "h50/outcome_miss_episode_count": 3,
      "h50/outcome_miss_final_state_mse": 3.317441354390063,
      "h50/outcome_miss_state_mse": 0.27081342709609885,
      "h50/outcome_partial_episode_count": 3,
      "h50/outcome_partial_final_state_mse": 0.9215326496199066,
      "h50/outcome_partial_state_mse": 0.09725448109745201,
      "h50/outcome_success_episode_count": 3,
      "h50/outcome_success_final_state_mse": 0.9328370561786726,
      "h50/outcome_success_state_mse": 0.09879325916564542,
      "h50/state_mse": 0.1311863255718954,
      "h75/episode_count": 15,
      "h75/final_state_mse": 0.9395128038194445,
      "h75/outcome_drop_episode_count": 3,
      "h75/outcome_drop_final_state_mse": 0.9662353041904425,
      "h75/outcome_drop_state_mse": 0.16082799308959694,
      "h75/outcome_jam_episode_count": 3,
      "h75/outcome_jam_final_state_mse": 1.0707839891022326,
      "h75/outcome_jam_state_mse": 0.15554645480153867,
      "h75/outcome_miss_episode_count": 3,
      "h75/outcome_miss_final_state_mse": 0.7802932464998532,
      "h75/outcome_miss_state_mse": 0.29156214894812094,
      "h75/outcome_partial_episode_count": 3,
      "h75/outcome_partial_final_state_mse": 0.918049070570204,
      "h75/outcome_partial_state_mse": 0.14856423238783362,
      "h75/outcome_success_episode_count": 3,
      "h75/outcome_success_final_state_mse": 0.962202196806864,
      "h75/outcome_success_state_mse": 0.15326668666598584,
      "h75/state_mse": 0.18195351647603486,
      "max_requested_horizon": 125,
      "reencode_period": 50,
      "rollout_mode": "periodic_50"
    }
  },
  "split": "test",
  "support_alignment": {
    "contact_phase": {
      "contact_phase_family_ari": 0.0,
      "contact_phase_family_nmi": 0.0,
      "contact_phase_family_purity": 0.9996668887408394,
      "contact_phase_sample_count": 3002.0,
      "h_contact_phase_given_family": 0.0030002889533867266,
      "h_family_given_contact_phase": 0.0,
      "unique_contact_phase_count": 2.0,
      "unique_family_count": 1.0
    },
    "contact_phase_alignment_available": true,
    "evaluated_state_count": 3017,
    "family_count": 1,
    "mean_family_similarity": 0.5663818717002869,
    "mean_support_size": 241.5522041763341,
    "outcome_alignment_available": true,
    "outcome_state": {
      "h_family_given_outcome": 0.0,
      "h_outcome_given_family": 1.6094379124341005,
      "outcome_family_ari": 0.0,
      "outcome_family_nmi": 0.0,
      "outcome_family_purity": 0.2,
      "outcome_sample_count": 15.0,
      "unique_family_count": 1.0,
      "unique_outcome_count": 5.0
    },
    "status": "ok",
    "unassigned_state_fraction": 0.0,
    "validation_state_count": 2346
  },
  "support_threshold": 0.2
}
summary=runs/maniskill_insertion/perturbation_e20_5k_lista_refine_20260604_143125/lista_relu_a0p0075_sp3em5_loops3/seed2/eval_test_periodic/metrics_summary.json
summary=runs/maniskill_insertion/perturbation_e20_5k_lista_refine_20260604_143125/lista_relu_a0p0075_sp1em4_loops3/seed2/eval_test_periodic/metrics_summary.json
summary=runs/maniskill_insertion/perturbation_e20_5k_lista_refine_20260604_143125/lista_relu_a0p0075_sp3em4_loops3/seed2/eval_test_periodic/metrics_summary.json
summary=runs/maniskill_insertion/perturbation_e20_5k_lista_refine_20260604_143125/lista_relu_a0p0075_sp1em3_loops3/seed2/eval_test_periodic/metrics_summary.json
end_time=Thu Jun  4 15:40:40 EDT 2026

======== GPU REPORT ========

==============NVSMI LOG==============

Timestamp                                 : Thu Jun  4 15:40:41 2026
Driver Version                            : 580.95.05
CUDA Version                              : 13.0

Attached GPUs                             : 1
GPU 00000000:61:00.0
    Accounting Mode                       : Enabled
    Accounting Mode Buffer Size           : 4000
    Accounted Processes
        Process ID                        : 2469311
            GPU Utilization               : 21 %
            Memory Utilization            : 6 %
            Max memory usage              : 692 MiB
            Time                          : 83952 ms
            Is Running                    : 0
        Process ID                        : 2469308
            GPU Utilization               : 17 %
            Memory Utilization            : 5 %
            Max memory usage              : 692 MiB
            Time                          : 83987 ms
            Is Running                    : 0
        Process ID                        : 2469306
            GPU Utilization               : 19 %
            Memory Utilization            : 6 %
            Max memory usage              : 692 MiB
            Time                          : 84451 ms
            Is Running                    : 0
        Process ID                        : 2469307
            GPU Utilization               : 21 %
            Memory Utilization            : 6 %
            Max memory usage              : 692 MiB
            Time                          : 84527 ms
            Is Running                    : 0
        Process ID                        : 2469574
            GPU Utilization               : 9 %
            Memory Utilization            : 0 %
            Max memory usage              : 538 MiB
            Time                          : 2255 ms
            Is Running                    : 0
        Process ID                        : 2469564
            GPU Utilization               : 12 %
            Memory Utilization            : 0 %
            Max memory usage              : 538 MiB
            Time                          : 2822 ms
            Is Running                    : 0
        Process ID                        : 2469565
            GPU Utilization               : 9 %
            Memory Utilization            : 0 %
            Max memory usage              : 538 MiB
            Time                          : 2831 ms
            Is Running                    : 0
        Process ID                        : 2469575
            GPU Utilization               : 18 %
            Memory Utilization            : 0 %
            Max memory usage              : 538 MiB
            Time                          : 2458 ms
            Is Running                    : 0

Thu Jun  4 15:40:41 2026       
+-----------------------------------------------------------------------------------------+
| NVIDIA-SMI 580.95.05              Driver Version: 580.95.05      CUDA Version: 13.0     |
+-----------------------------------------+------------------------+----------------------+
| GPU  Name                 Persistence-M | Bus-Id          Disp.A | Volatile Uncorr. ECC |
| Fan  Temp   Perf          Pwr:Usage/Cap |           Memory-Usage | GPU-Util  Compute M. |
|                                         |                        |               MIG M. |
|=========================================+========================+======================|
|   0  NVIDIA L40S                    On  |   00000000:61:00.0 Off |                    0 |
| N/A   45C    P0            104W /  325W |       0MiB /  46068MiB |     10%      Default |
|                                         |                        |                  N/A |
+-----------------------------------------+------------------------+----------------------+

+-----------------------------------------------------------------------------------------+
| Processes:                                                                              |
|  GPU   GI   CI              PID   Type   Process name                        GPU Memory |
|        ID   ID                                                               Usage      |
|=========================================================================================|
|  No running processes found                                                             |
+-----------------------------------------------------------------------------------------+
