=============================================
ManiSkill 5k packed tuning GPU context
date=2026-06-04T15:26:27-0400
host=cn-b003.server.mila.quebec
slurm_job_id=9736927
slurm_array_task_id=40
slurm_nodelist=cn-b003
slurm_job_gpus=3
slurm_step_gpus=
slurm_gpus=
slurm_gpus_on_node=1
slurm_cpus_per_task=8
cuda_visible_devices=0
cuda_device_order=
GPU 0: Tesla V100-SXM2-32GB (UUID: GPU-d1bde5ca-e77d-4d82-5895-73905296b097)
index, uuid, name, driver_version, memory.total [MiB]
0, GPU-d1bde5ca-e77d-4d82-5895-73905296b097, Tesla V100-SXM2-32GB, 580.95.05, 32768 MiB
=============================================
date=Thu Jun  4 15:26:28 EDT 2026
host=cn-b003.server.mila.quebec
commit=b5ea99e
slurm_job_id=9736927
slurm_array_task_id=40
task_set=lista_forecast_refine
task_count=231
start_task=160
pack_size=4
pack_concurrency=4
packed_task_threads=2
dataset=data/maniskill/perturbation_assessment_seed0_e20/all_setups.npz
run_root=runs/maniskill_insertion/perturbation_e20_5k_lista_refine_20260604_143125
num_steps=5000
batch_size=512
sequence_length=10
z_dim=320
hidden_dim=256
horizons=10,20,30,40,50,75,100,125
periodic_reencode_periods=1,2,5,10,20,50,100
cuda_visible_devices=0
----- task 160/231: lista_relu_a0p005_sp1em3_loops1 seed2 -----
encoder_kind=lista activation=relu alpha=0.005 sparsity=1e-3 loops=1
weights pred=1.0 rec=0.1 latent=0.1 k=1e-4
run_dir=runs/maniskill_insertion/perturbation_e20_5k_lista_refine_20260604_143125/lista_relu_a0p005_sp1em3_loops1/seed2
----- task 161/231: lista_relu_a0p0075_sp1em5_loops1 seed2 -----
encoder_kind=lista activation=relu alpha=0.0075 sparsity=1e-5 loops=1
weights pred=1.0 rec=0.1 latent=0.1 k=1e-4
run_dir=runs/maniskill_insertion/perturbation_e20_5k_lista_refine_20260604_143125/lista_relu_a0p0075_sp1em5_loops1/seed2
----- task 163/231: lista_relu_a0p0075_sp1em4_loops1 seed2 -----
encoder_kind=lista activation=relu alpha=0.0075 sparsity=1e-4 loops=1
weights pred=1.0 rec=0.1 latent=0.1 k=1e-4
run_dir=runs/maniskill_insertion/perturbation_e20_5k_lista_refine_20260604_143125/lista_relu_a0p0075_sp1em4_loops1/seed2
----- task 162/231: lista_relu_a0p0075_sp3em5_loops1 seed2 -----
encoder_kind=lista activation=relu alpha=0.0075 sparsity=3e-5 loops=1
weights pred=1.0 rec=0.1 latent=0.1 k=1e-4
run_dir=runs/maniskill_insertion/perturbation_e20_5k_lista_refine_20260604_143125/lista_relu_a0p0075_sp3em5_loops1/seed2
step=0 loss=1.466533 pred=0.979073 val_mse=0.742143
step=0 loss=1.466420 pred=0.979075 val_mse=0.742142
step=0 loss=1.466422 pred=0.979075 val_mse=0.742142
step=0 loss=1.466427 pred=0.979075 val_mse=0.742142
step=500 loss=0.061727 pred=0.052630 val_mse=0.178174
step=500 loss=0.060656 pred=0.051187 val_mse=0.177679
step=500 loss=0.060696 pred=0.051606 val_mse=0.178321
step=500 loss=0.060905 pred=0.051790 val_mse=0.178347
step=1000 loss=0.039802 pred=0.034312 val_mse=0.150378
step=1000 loss=0.039709 pred=0.033850 val_mse=0.149349
step=1000 loss=0.039494 pred=0.033997 val_mse=0.151510
step=1000 loss=0.039665 pred=0.034137 val_mse=0.151236
step=1500 loss=0.031244 pred=0.027088 val_mse=0.103970
step=1500 loss=0.030885 pred=0.026727 val_mse=0.101895
step=1500 loss=0.030069 pred=0.025664 val_mse=0.101052
step=1500 loss=0.030582 pred=0.026437 val_mse=0.101414
step=2000 loss=0.027118 pred=0.023650 val_mse=0.179375
step=2000 loss=0.025729 pred=0.022000 val_mse=0.176652
step=2000 loss=0.027384 pred=0.023881 val_mse=0.180536
step=2000 loss=0.027358 pred=0.023876 val_mse=0.183748
step=2500 loss=0.023733 pred=0.020843 val_mse=0.136626
step=2500 loss=0.022713 pred=0.019576 val_mse=0.135013
step=2500 loss=0.023327 pred=0.020405 val_mse=0.136097
step=2500 loss=0.023267 pred=0.020367 val_mse=0.136732
step=3000 loss=0.019669 pred=0.017110 val_mse=0.194526
step=3000 loss=0.019781 pred=0.017192 val_mse=0.195332
step=3000 loss=0.019130 pred=0.016318 val_mse=0.189273
step=3000 loss=0.019741 pred=0.017168 val_mse=0.195832
step=3500 loss=0.018910 pred=0.016504 val_mse=0.239580
step=3500 loss=0.018901 pred=0.016522 val_mse=0.241072
step=3500 loss=0.018443 pred=0.015823 val_mse=0.230399
step=3500 loss=0.018912 pred=0.016554 val_mse=0.243041
step=4000 loss=0.015684 pred=0.013689 val_mse=0.246057
step=4000 loss=0.015884 pred=0.013904 val_mse=0.250229
step=4000 loss=0.015206 pred=0.013022 val_mse=0.240457
step=4000 loss=0.015930 pred=0.013949 val_mse=0.248016
step=4500 loss=0.018037 pred=0.016036 val_mse=0.175332
step=4500 loss=0.017167 pred=0.014979 val_mse=0.162363
step=4500 loss=0.017894 pred=0.015879 val_mse=0.171110
step=4500 loss=0.017877 pred=0.015862 val_mse=0.177030
step=4999 loss=0.013019 pred=0.011286 val_mse=0.158718
step=4999 loss=0.012770 pred=0.011046 val_mse=0.163849
step=4999 loss=0.012279 pred=0.010363 val_mse=0.157884
run_dir=runs/maniskill_insertion/perturbation_e20_5k_lista_refine_20260604_143125/lista_relu_a0p0075_sp1em5_loops1/seed2
run_dir=runs/maniskill_insertion/perturbation_e20_5k_lista_refine_20260604_143125/lista_relu_a0p0075_sp1em4_loops1/seed2
run_dir=runs/maniskill_insertion/perturbation_e20_5k_lista_refine_20260604_143125/lista_relu_a0p005_sp1em3_loops1/seed2
step=4999 loss=0.012854 pred=0.011158 val_mse=0.164220
run_dir=runs/maniskill_insertion/perturbation_e20_5k_lista_refine_20260604_143125/lista_relu_a0p0075_sp3em5_loops1/seed2
{
  "best_periodic_rollout": {
    "episode_count": 15,
    "h10/episode_count": 15,
    "h10/final_state_mse": 0.0024497392130833047,
    "h10/outcome_drop_episode_count": 3,
    "h10/outcome_drop_final_state_mse": 0.0017413127607379863,
    "h10/outcome_drop_state_mse": 0.0014625690341774935,
    "h10/outcome_jam_episode_count": 3,
    "h10/outcome_jam_final_state_mse": 0.002784989238564485,
    "h10/outcome_jam_state_mse": 0.0020070054172690397,
    "h10/outcome_miss_episode_count": 3,
    "h10/outcome_miss_final_state_mse": 0.004279294580805535,
    "h10/outcome_miss_state_mse": 0.01099625350603091,
    "h10/outcome_partial_episode_count": 3,
    "h10/outcome_partial_final_state_mse": 0.001695416599901673,
    "h10/outcome_partial_state_mse": 0.0013608691933887458,
    "h10/outcome_success_episode_count": 3,
    "h10/outcome_success_final_state_mse": 0.0017476823010475807,
    "h10/outcome_success_state_mse": 0.0013863892726648866,
    "h10/selected_mode": "periodic_5",
    "h10/selected_period": 5,
    "h10/state_mse": 0.003442617179521548,
    "h100/episode_count": 15,
    "h100/final_state_mse": 0.0033316369150199142,
    "h100/outcome_drop_episode_count": 3,
    "h100/outcome_drop_final_state_mse": 0.0028937529115115896,
    "h100/outcome_drop_state_mse": 0.0025808724546744154,
    "h100/outcome_jam_episode_count": 3,
    "h100/outcome_jam_final_state_mse": 0.0035594163669480216,
    "h100/outcome_jam_state_mse": 0.0030374828039431106,
    "h100/outcome_miss_episode_count": 3,
    "h100/outcome_miss_final_state_mse": 0.004412720308584326,
    "h100/outcome_miss_state_mse": 0.0035985152549992978,
    "h100/outcome_partial_episode_count": 3,
    "h100/outcome_partial_final_state_mse": 0.0027447091354653726,
    "h100/outcome_partial_state_mse": 0.002155654944625555,
    "h100/outcome_success_episode_count": 3,
    "h100/outcome_success_final_state_mse": 0.003047584659523434,
    "h100/outcome_success_state_mse": 0.002365044674842186,
    "h100/selected_mode": "periodic_5",
    "h100/selected_period": 5,
    "h100/state_mse": 0.0027475141138812295,
    "h125/episode_count": 15,
    "h125/final_state_mse": 0.0038680877560883565,
    "h125/outcome_drop_episode_count": 3,
    "h125/outcome_drop_final_state_mse": 0.004566362675498514,
    "h125/outcome_drop_state_mse": 0.002773798824135774,
    "h125/outcome_jam_episode_count": 3,
    "h125/outcome_jam_final_state_mse": 0.004800699797331118,
    "h125/outcome_jam_state_mse": 0.0035343005610447304,
    "h125/outcome_miss_episode_count": 3,
    "h125/outcome_miss_final_state_mse": 0.003673849761291267,
    "h125/outcome_miss_state_mse": 0.0034438811158822255,
    "h125/outcome_partial_episode_count": 3,
    "h125/outcome_partial_final_state_mse": 0.002485748063894658,
    "h125/outcome_partial_state_mse": 0.002369065328361162,
    "h125/outcome_success_episode_count": 3,
    "h125/outcome_success_final_state_mse": 0.003813779139830396,
    "h125/outcome_success_state_mse": 0.0028539276123046874,
    "h125/selected_mode": "periodic_10",
    "h125/selected_period": 10,
    "h125/state_mse": 0.002994994638480392,
    "h20/episode_count": 15,
    "h20/final_state_mse": 0.002176336525312436,
    "h20/outcome_drop_episode_count": 3,
    "h20/outcome_drop_final_state_mse": 0.002025911864501978,
    "h20/outcome_drop_state_mse": 0.001660549251082676,
    "h20/outcome_jam_episode_count": 3,
    "h20/outcome_jam_final_state_mse": 0.0023319372554230534,
    "h20/outcome_jam_state_mse": 0.0022211344023935157,
    "h20/outcome_miss_episode_count": 3,
    "h20/outcome_miss_final_state_mse": 0.00291425715279735,
    "h20/outcome_miss_state_mse": 0.007411273008857677,
    "h20/outcome_partial_episode_count": 3,
    "h20/outcome_partial_final_state_mse": 0.0017898072993833255,
    "h20/outcome_partial_state_mse": 0.0015754124892303368,
    "h20/outcome_success_episode_count": 3,
    "h20/outcome_success_final_state_mse": 0.0018197692735911974,
    "h20/outcome_success_state_mse": 0.0016058191949245976,
    "h20/selected_mode": "periodic_5",
    "h20/selected_period": 5,
    "h20/state_mse": 0.0028948378718756385,
    "h30/episode_count": 15,
    "h30/final_state_mse": 0.0018847343968410118,
    "h30/outcome_drop_episode_count": 3,
    "h30/outcome_drop_final_state_mse": 0.0018072967338406182,
    "h30/outcome_drop_state_mse": 0.0017652706902530977,
    "h30/outcome_jam_episode_count": 3,
    "h30/outcome_jam_final_state_mse": 0.0021606801089897655,
    "h30/outcome_jam_state_mse": 0.0023107192095588236,
    "h30/outcome_miss_episode_count": 3,
    "h30/outcome_miss_final_state_mse": 0.0018465492655249203,
    "h30/outcome_miss_state_mse": 0.005744591673474945,
    "h30/outcome_partial_episode_count": 3,
    "h30/outcome_partial_final_state_mse": 0.0017787017950824664,
    "h30/outcome_partial_state_mse": 0.0016812085585916224,
    "h30/outcome_success_episode_count": 3,
    "h30/outcome_success_final_state_mse": 0.0018304443485986173,
    "h30/outcome_success_state_mse": 0.0017090268124682192,
    "h30/selected_mode": "periodic_5",
    "h30/selected_period": 5,
    "h30/state_mse": 0.0026421633784807328,
    "h40/episode_count": 15,
    "h40/final_state_mse": 0.0018338998158772787,
    "h40/outcome_drop_episode_count": 3,
    "h40/outcome_drop_final_state_mse": 0.0020194162243331957,
    "h40/outcome_drop_state_mse": 0.001903664442448834,
    "h40/outcome_jam_episode_count": 3,
    "h40/outcome_jam_final_state_mse": 0.0018521569961426304,
    "h40/outcome_jam_state_mse": 0.0023286484425363977,
    "h40/outcome_miss_episode_count": 3,
    "h40/outcome_miss_final_state_mse": 0.0017213799741143494,
    "h40/outcome_miss_state_mse": 0.004805329656289294,
    "h40/outcome_partial_episode_count": 3,
    "h40/outcome_partial_final_state_mse": 0.001788218036975736,
    "h40/outcome_partial_state_mse": 0.0017334995316524132,
    "h40/outcome_success_episode_count": 3,
    "h40/outcome_success_final_state_mse": 0.001788327750427271,
    "h40/outcome_success_state_mse": 0.0017590203705955955,
    "h40/selected_mode": "periodic_5",
    "h40/selected_period": 5,
    "h40/state_mse": 0.0025060324575386797,
    "h50/episode_count": 15,
    "h50/final_state_mse": 0.0021067338831284466,
    "h50/outcome_drop_episode_count": 3,
    "h50/outcome_drop_final_state_mse": 0.002339118568141476,
    "h50/outcome_drop_state_mse": 0.002113164203618866,
    "h50/outcome_jam_episode_count": 3,
    "h50/outcome_jam_final_state_mse": 0.0029919517585654666,
    "h50/outcome_jam_state_mse": 0.0024037856058357586,
    "h50/outcome_miss_episode_count": 3,
    "h50/outcome_miss_final_state_mse": 0.0015949313133175856,
    "h50/outcome_miss_state_mse": 0.004212987251531065,
    "h50/outcome_partial_episode_count": 3,
    "h50/outcome_partial_final_state_mse": 0.00177132766815572,
    "h50/outcome_partial_state_mse": 0.0017746687870399626,
    "h50/outcome_success_episode_count": 3,
    "h50/outcome_success_final_state_mse": 0.001836339559625177,
    "h50/outcome_success_state_mse": 0.0018002098370221704,
    "h50/selected_mode": "periodic_5",
    "h50/selected_period": 5,
    "h50/state_mse": 0.0024609632305070466,
    "h75/episode_count": 15,
    "h75/final_state_mse": 0.00411624285130719,
    "h75/outcome_drop_episode_count": 3,
    "h75/outcome_drop_final_state_mse": 0.0036250124959384695,
    "h75/outcome_drop_state_mse": 0.0024678649569908257,
    "h75/outcome_jam_episode_count": 3,
    "h75/outcome_jam_final_state_mse": 0.0049076682212306,
    "h75/outcome_jam_state_mse": 0.002781690792840031,
    "h75/outcome_miss_episode_count": 3,
    "h75/outcome_miss_final_state_mse": 0.004506540722122379,
    "h75/outcome_miss_state_mse": 0.0036886757079812177,
    "h75/outcome_partial_episode_count": 3,
    "h75/outcome_partial_final_state_mse": 0.0031519110978039263,
    "h75/outcome_partial_state_mse": 0.002057966988590548,
    "h75/outcome_success_episode_count": 3,
    "h75/outcome_success_final_state_mse": 0.004390083545563268,
    "h75/outcome_success_state_mse": 0.0021382593225549766,
    "h75/selected_mode": "periodic_5",
    "h75/selected_period": 5,
    "h75/state_mse": 0.0026268916909211603,
    "max_requested_horizon": 125,
    "periodic_reencode_periods": [
      1,
      2,
      5,
      10,
      20,
      50,
      100
    ],
    "rollout_mode": "best_periodic"
  },
  "checkpoint": "runs/maniskill_insertion/perturbation_e20_5k_lista_refine_20260604_143125/lista_relu_a0p0075_sp1em4_loops1/seed2/checkpoint.pt",
  "checkpoint_step": 1500,
  "dataset": "data/maniskill/perturbation_assessment_seed0_e20/all_setups.npz",
  "device": "cuda",
  "family_jaccard": 0.4,
  "horizons": [
    10,
    20,
    30,
    40,
    50,
    75,
    100,
    125
  ],
  "labels_used_for_training": false,
  "periodic_reencode_periods": [
    1,
    2,
    5,
    10,
    20,
    50,
    100
  ],
  "rollout": {
    "episode_count": 15,
    "h10/episode_count": 15,
    "h10/final_state_mse": 0.003187878614936779,
    "h10/outcome_drop_episode_count": 3,
    "h10/outcome_drop_final_state_mse": 0.002382765286693386,
    "h10/outcome_drop_state_mse": 0.0015948360262353436,
    "h10/outcome_jam_episode_count": 3,
    "h10/outcome_jam_final_state_mse": 0.0038098429932313807,
    "h10/outcome_jam_state_mse": 0.0021918850007400016,
    "h10/outcome_miss_episode_count": 3,
    "h10/outcome_miss_final_state_mse": 0.004905578503811282,
    "h10/outcome_miss_state_mse": 0.011007591945673125,
    "h10/outcome_partial_episode_count": 3,
    "h10/outcome_partial_final_state_mse": 0.002424469144613135,
    "h10/outcome_partial_state_mse": 0.001506289878701852,
    "h10/outcome_success_episode_count": 3,
    "h10/outcome_success_final_state_mse": 0.0024167384733172026,
    "h10/outcome_success_state_mse": 0.0015150035518446778,
    "h10/state_mse": 0.0035631214715296927,
    "h100/episode_count": 15,
    "h100/final_state_mse": 448904.61699346406,
    "h100/outcome_drop_episode_count": 3,
    "h100/outcome_drop_final_state_mse": 328246.4836601307,
    "h100/outcome_drop_state_mse": 14843.882352941177,
    "h100/outcome_jam_episode_count": 3,
    "h100/outcome_jam_final_state_mse": 369430.5882352941,
    "h100/outcome_jam_state_mse": 16591.62300653595,
    "h100/outcome_miss_episode_count": 3,
    "h100/outcome_miss_final_state_mse": 890340.1568627451,
    "h100/outcome_miss_state_mse": 40583.66954248366,
    "h100/outcome_partial_episode_count": 3,
    "h100/outcome_partial_final_state_mse": 326815.39869281044,
    "h100/outcome_partial_state_mse": 14792.294640522876,
    "h100/outcome_success_episode_count": 3,
    "h100/outcome_success_final_state_mse": 329690.49673202616,
    "h100/outcome_success_state_mse": 14907.39660130719,
    "h100/state_mse": 20343.774535947712,
    "h125/episode_count": 15,
    "h125/final_state_mse": 318822616.84705883,
    "h125/outcome_drop_episode_count": 3,
    "h125/outcome_drop_final_state_mse": 230601390.0130719,
    "h125/outcome_drop_state_mse": 7878922.106143791,
    "h125/outcome_jam_episode_count": 3,
    "h125/outcome_jam_final_state_mse": 246716228.60130718,
    "h125/outcome_jam_state_mse": 8592381.269333333,
    "h125/outcome_miss_episode_count": 3,
    "h125/outcome_miss_final_state_mse": 653380413.9084967,
    "h125/outcome_miss_state_mse": 22326150.405019607,
    "h125/outcome_partial_episode_count": 3,
    "h125/outcome_partial_final_state_mse": 231471652.81045753,
    "h125/outcome_partial_state_mse": 7956506.985411765,
    "h125/outcome_success_episode_count": 3,
    "h125/outcome_success_final_state_mse": 231943402.248366,
    "h125/outcome_success_state_mse": 7992598.795712418,
    "h125/state_mse": 10949311.46256732,
    "h20/episode_count": 15,
    "h20/final_state_mse": 0.010184975543053322,
    "h20/outcome_drop_episode_count": 3,
    "h20/outcome_drop_final_state_mse": 0.009760812314507228,
    "h20/outcome_drop_state_mse": 0.003836751529593873,
    "h20/outcome_jam_episode_count": 3,
    "h20/outcome_jam_final_state_mse": 0.00976581170278437,
    "h20/outcome_jam_state_mse": 0.004275084009357527,
    "h20/outcome_miss_episode_count": 3,
    "h20/outcome_miss_final_state_mse": 0.012433407158633463,
    "h20/outcome_miss_state_mse": 0.009643772224974789,
    "h20/outcome_partial_episode_count": 3,
    "h20/outcome_partial_final_state_mse": 0.009548661463400897,
    "h20/outcome_partial_state_mse": 0.0037335235308977514,
    "h20/outcome_success_episode_count": 3,
    "h20/outcome_success_final_state_mse": 0.00941618507594065,
    "h20/outcome_success_state_mse": 0.003727496215720582,
    "h20/state_mse": 0.005043324987872753,
    "h30/episode_count": 15,
    "h30/final_state_mse": 0.030715418796913297,
    "h30/outcome_drop_episode_count": 3,
    "h30/outcome_drop_final_state_mse": 0.02527175619711284,
    "h30/outcome_drop_state_mse": 0.008082183929310385,
    "h30/outcome_jam_episode_count": 3,
    "h30/outcome_jam_final_state_mse": 0.025864042487798954,
    "h30/outcome_jam_state_mse": 0.008463310416227852,
    "h30/outcome_miss_episode_count": 3,
    "h30/outcome_miss_final_state_mse": 0.053058480904772394,
    "h30/outcome_miss_state_mse": 0.016167874221967974,
    "h30/outcome_partial_episode_count": 3,
    "h30/outcome_partial_final_state_mse": 0.024446903880125558,
    "h30/outcome_partial_state_mse": 0.00785505454784385,
    "h30/outcome_success_episode_count": 3,
    "h30/outcome_success_final_state_mse": 0.02493591207304811,
    "h30/outcome_success_state_mse": 0.007908850713492998,
    "h30/state_mse": 0.009695455181312977,
    "h40/episode_count": 15,
    "h40/final_state_mse": 0.20631199257046567,
    "h40/outcome_drop_episode_count": 3,
    "h40/outcome_drop_final_state_mse": 0.11767357782600751,
    "h40/outcome_drop_state_mse": 0.02122053632549211,
    "h40/outcome_jam_episode_count": 3,
    "h40/outcome_jam_final_state_mse": 0.1389050733030232,
    "h40/outcome_jam_state_mse": 0.023032666187660367,
    "h40/outcome_miss_episode_count": 3,
    "h40/outcome_miss_final_state_mse": 0.5135899961384294,
    "h40/outcome_miss_state_mse": 0.05967853022556679,
    "h40/outcome_partial_episode_count": 3,
    "h40/outcome_partial_final_state_mse": 0.12876747792063195,
    "h40/outcome_partial_state_mse": 0.021351225859199473,
    "h40/outcome_success_episode_count": 3,
    "h40/outcome_success_final_state_mse": 0.13262385636373283,
    "h40/outcome_success_state_mse": 0.021784290301254373,
    "h40/state_mse": 0.0294134481592116,
    "h50/episode_count": 15,
    "h50/final_state_mse": 2.7807023590686275,
    "h50/outcome_drop_episode_count": 3,
    "h50/outcome_drop_final_state_mse": 1.3652700536391313,
    "h50/outcome_drop_state_mse": 0.13386098624834047,
    "h50/outcome_jam_episode_count": 3,
    "h50/outcome_jam_final_state_mse": 1.4059845668817657,
    "h50/outcome_jam_state_mse": 0.13961654363893994,
    "h50/outcome_miss_episode_count": 3,
    "h50/outcome_miss_final_state_mse": 8.453550052019505,
    "h50/outcome_miss_state_mse": 0.7335037530637255,
    "h50/outcome_partial_episode_count": 3,
    "h50/outcome_partial_final_state_mse": 1.3322447733162275,
    "h50/outcome_partial_state_mse": 0.13143392126544629,
    "h50/outcome_success_episode_count": 3,
    "h50/outcome_success_final_state_mse": 1.3464621250925501,
    "h50/outcome_success_state_mse": 0.13298669752731823,
    "h50/state_mse": 0.25428038194444447,
    "h75/episode_count": 15,
    "h75/final_state_mse": 991.1263888888889,
    "h75/outcome_drop_episode_count": 3,
    "h75/outcome_drop_final_state_mse": 669.8614685457517,
    "h75/outcome_drop_state_mse": 41.35663296568627,
    "h75/outcome_jam_episode_count": 3,
    "h75/outcome_jam_final_state_mse": 707.1650965073529,
    "h75/outcome_jam_state_mse": 43.215351647603484,
    "h75/outcome_miss_episode_count": 3,
    "h75/outcome_miss_final_state_mse": 2250.53635620915,
    "h75/outcome_miss_state_mse": 149.4245806100218,
    "h75/outcome_partial_episode_count": 3,
    "h75/outcome_partial_final_state_mse": 661.6247702205883,
    "h75/outcome_partial_state_mse": 40.74817980664488,
    "h75/outcome_success_episode_count": 3,
    "h75/outcome_success_final_state_mse": 666.4445082720588,
    "h75/outcome_success_state_mse": 40.990705337690635,
    "h75/state_mse": 63.14709368191721,
    "max_requested_horizon": 125,
    "reencode_period": null,
    "rollout_mode": "no_reencode"
  },
  "rollout_modes": {
    "no_reencode": {
      "episode_count": 15,
      "h10/episode_count": 15,
      "h10/final_state_mse": 0.003187878614936779,
      "h10/outcome_drop_episode_count": 3,
      "h10/outcome_drop_final_state_mse": 0.002382765286693386,
      "h10/outcome_drop_state_mse": 0.0015948360262353436,
      "h10/outcome_jam_episode_count": 3,
      "h10/outcome_jam_final_state_mse": 0.0038098429932313807,
      "h10/outcome_jam_state_mse": 0.0021918850007400016,
      "h10/outcome_miss_episode_count": 3,
      "h10/outcome_miss_final_state_mse": 0.004905578503811282,
      "h10/outcome_miss_state_mse": 0.011007591945673125,
      "h10/outcome_partial_episode_count": 3,
      "h10/outcome_partial_final_state_mse": 0.002424469144613135,
      "h10/outcome_partial_state_mse": 0.001506289878701852,
      "h10/outcome_success_episode_count": 3,
      "h10/outcome_success_final_state_mse": 0.0024167384733172026,
      "h10/outcome_success_state_mse": 0.0015150035518446778,
      "h10/state_mse": 0.0035631214715296927,
      "h100/episode_count": 15,
      "h100/final_state_mse": 448904.61699346406,
      "h100/outcome_drop_episode_count": 3,
      "h100/outcome_drop_final_state_mse": 328246.4836601307,
      "h100/outcome_drop_state_mse": 14843.882352941177,
      "h100/outcome_jam_episode_count": 3,
      "h100/outcome_jam_final_state_mse": 369430.5882352941,
      "h100/outcome_jam_state_mse": 16591.62300653595,
      "h100/outcome_miss_episode_count": 3,
      "h100/outcome_miss_final_state_mse": 890340.1568627451,
      "h100/outcome_miss_state_mse": 40583.66954248366,
      "h100/outcome_partial_episode_count": 3,
      "h100/outcome_partial_final_state_mse": 326815.39869281044,
      "h100/outcome_partial_state_mse": 14792.294640522876,
      "h100/outcome_success_episode_count": 3,
      "h100/outcome_success_final_state_mse": 329690.49673202616,
      "h100/outcome_success_state_mse": 14907.39660130719,
      "h100/state_mse": 20343.774535947712,
      "h125/episode_count": 15,
      "h125/final_state_mse": 318822616.84705883,
      "h125/outcome_drop_episode_count": 3,
      "h125/outcome_drop_final_state_mse": 230601390.0130719,
      "h125/outcome_drop_state_mse": 7878922.106143791,
      "h125/outcome_jam_episode_count": 3,
      "h125/outcome_jam_final_state_mse": 246716228.60130718,
      "h125/outcome_jam_state_mse": 8592381.269333333,
      "h125/outcome_miss_episode_count": 3,
      "h125/outcome_miss_final_state_mse": 653380413.9084967,
      "h125/outcome_miss_state_mse": 22326150.405019607,
      "h125/outcome_partial_episode_count": 3,
      "h125/outcome_partial_final_state_mse": 231471652.81045753,
      "h125/outcome_partial_state_mse": 7956506.985411765,
      "h125/outcome_success_episode_count": 3,
      "h125/outcome_success_final_state_mse": 231943402.248366,
      "h125/outcome_success_state_mse": 7992598.795712418,
      "h125/state_mse": 10949311.46256732,
      "h20/episode_count": 15,
      "h20/final_state_mse": 0.010184975543053322,
      "h20/outcome_drop_episode_count": 3,
      "h20/outcome_drop_final_state_mse": 0.009760812314507228,
      "h20/outcome_drop_state_mse": 0.003836751529593873,
      "h20/outcome_jam_episode_count": 3,
      "h20/outcome_jam_final_state_mse": 0.00976581170278437,
      "h20/outcome_jam_state_mse": 0.004275084009357527,
      "h20/outcome_miss_episode_count": 3,
      "h20/outcome_miss_final_state_mse": 0.012433407158633463,
      "h20/outcome_miss_state_mse": 0.009643772224974789,
      "h20/outcome_partial_episode_count": 3,
      "h20/outcome_partial_final_state_mse": 0.009548661463400897,
      "h20/outcome_partial_state_mse": 0.0037335235308977514,
      "h20/outcome_success_episode_count": 3,
      "h20/outcome_success_final_state_mse": 0.00941618507594065,
      "h20/outcome_success_state_mse": 0.003727496215720582,
      "h20/state_mse": 0.005043324987872753,
      "h30/episode_count": 15,
      "h30/final_state_mse": 0.030715418796913297,
      "h30/outcome_drop_episode_count": 3,
      "h30/outcome_drop_final_state_mse": 0.02527175619711284,
      "h30/outcome_drop_state_mse": 0.008082183929310385,
      "h30/outcome_jam_episode_count": 3,
      "h30/outcome_jam_final_state_mse": 0.025864042487798954,
      "h30/outcome_jam_state_mse": 0.008463310416227852,
      "h30/outcome_miss_episode_count": 3,
      "h30/outcome_miss_final_state_mse": 0.053058480904772394,
      "h30/outcome_miss_state_mse": 0.016167874221967974,
      "h30/outcome_partial_episode_count": 3,
      "h30/outcome_partial_final_state_mse": 0.024446903880125558,
      "h30/outcome_partial_state_mse": 0.00785505454784385,
      "h30/outcome_success_episode_count": 3,
      "h30/outcome_success_final_state_mse": 0.02493591207304811,
      "h30/outcome_success_state_mse": 0.007908850713492998,
      "h30/state_mse": 0.009695455181312977,
      "h40/episode_count": 15,
      "h40/final_state_mse": 0.20631199257046567,
      "h40/outcome_drop_episode_count": 3,
      "h40/outcome_drop_final_state_mse": 0.11767357782600751,
      "h40/outcome_drop_state_mse": 0.02122053632549211,
      "h40/outcome_jam_episode_count": 3,
      "h40/outcome_jam_final_state_mse": 0.1389050733030232,
      "h40/outcome_jam_state_mse": 0.023032666187660367,
      "h40/outcome_miss_episode_count": 3,
      "h40/outcome_miss_final_state_mse": 0.5135899961384294,
      "h40/outcome_miss_state_mse": 0.05967853022556679,
      "h40/outcome_partial_episode_count": 3,
      "h40/outcome_partial_final_state_mse": 0.12876747792063195,
      "h40/outcome_partial_state_mse": 0.021351225859199473,
      "h40/outcome_success_episode_count": 3,
      "h40/outcome_success_final_state_mse": 0.13262385636373283,
      "h40/outcome_success_state_mse": 0.021784290301254373,
      "h40/state_mse": 0.0294134481592116,
      "h50/episode_count": 15,
      "h50/final_state_mse": 2.7807023590686275,
      "h50/outcome_drop_episode_count": 3,
      "h50/outcome_drop_final_state_mse": 1.3652700536391313,
      "h50/outcome_drop_state_mse": 0.13386098624834047,
      "h50/outcome_jam_episode_count": 3,
      "h50/outcome_jam_final_state_mse": 1.4059845668817657,
      "h50/outcome_jam_state_mse": 0.13961654363893994,
      "h50/outcome_miss_episode_count": 3,
      "h50/outcome_miss_final_state_mse": 8.453550052019505,
      "h50/outcome_miss_state_mse": 0.7335037530637255,
      "h50/outcome_partial_episode_count": 3,
      "h50/outcome_partial_final_state_mse": 1.3322447733162275,
      "h50/outcome_partial_state_mse": 0.13143392126544629,
      "h50/outcome_success_episode_count": 3,
      "h50/outcome_success_final_state_mse": 1.3464621250925501,
      "h50/outcome_success_state_mse": 0.13298669752731823,
      "h50/state_mse": 0.25428038194444447,
      "h75/episode_count": 15,
      "h75/final_state_mse": 991.1263888888889,
      "h75/outcome_drop_episode_count": 3,
      "h75/outcome_drop_final_state_mse": 669.8614685457517,
      "h75/outcome_drop_state_mse": 41.35663296568627,
      "h75/outcome_jam_episode_count": 3,
      "h75/outcome_jam_final_state_mse": 707.1650965073529,
      "h75/outcome_jam_state_mse": 43.215351647603484,
      "h75/outcome_miss_episode_count": 3,
      "h75/outcome_miss_final_state_mse": 2250.53635620915,
      "h75/outcome_miss_state_mse": 149.4245806100218,
      "h75/outcome_partial_episode_count": 3,
      "h75/outcome_partial_final_state_mse": 661.6247702205883,
      "h75/outcome_partial_state_mse": 40.74817980664488,
      "h75/outcome_success_episode_count": 3,
      "h75/outcome_success_final_state_mse": 666.4445082720588,
      "h75/outcome_success_state_mse": 40.990705337690635,
      "h75/state_mse": 63.14709368191721,
      "max_requested_horizon": 125,
      "reencode_period": null,
      "rollout_mode": "no_reencode"
    },
    "periodic_1": {
      "episode_count": 15,
      "h10/episode_count": 15,
      "h10/final_state_mse": 0.0029238791247598486,
      "h10/outcome_drop_episode_count": 3,
      "h10/outcome_drop_final_state_mse": 0.0016550505229460648,
      "h10/outcome_drop_state_mse": 0.0015352555739334207,
      "h10/outcome_jam_episode_count": 3,
      "h10/outcome_jam_final_state_mse": 0.0025626918654036678,
      "h10/outcome_jam_state_mse": 0.002075544681424409,
      "h10/outcome_miss_episode_count": 3,
      "h10/outcome_miss_final_state_mse": 0.007018757411857057,
      "h10/outcome_miss_state_mse": 0.012584295927309523,
      "h10/outcome_partial_episode_count": 3,
      "h10/outcome_partial_final_state_mse": 0.0016924349067647473,
      "h10/outcome_partial_state_mse": 0.0014324548197727578,
      "h10/outcome_success_episode_count": 3,
      "h10/outcome_success_final_state_mse": 0.001690460040288813,
      "h10/outcome_success_state_mse": 0.0014569758589750802,
      "h10/state_mse": 0.003816905551486545,
      "h100/episode_count": 15,
      "h100/final_state_mse": 0.009820042404473997,
      "h100/outcome_drop_episode_count": 3,
      "h100/outcome_drop_final_state_mse": 0.007830226148655212,
      "h100/outcome_drop_state_mse": 0.005970612070918862,
      "h100/outcome_jam_episode_count": 3,
      "h100/outcome_jam_final_state_mse": 0.006533206483117895,
      "h100/outcome_jam_state_mse": 0.004593360875946245,
      "h100/outcome_miss_episode_count": 3,
      "h100/outcome_miss_final_state_mse": 0.020251919436298945,
      "h100/outcome_miss_state_mse": 0.008182336645188675,
      "h100/outcome_partial_episode_count": 3,
      "h100/outcome_partial_final_state_mse": 0.009712684290860992,
      "h100/outcome_partial_state_mse": 0.004914771715799967,
      "h100/outcome_success_episode_count": 3,
      "h100/outcome_success_final_state_mse": 0.0047721747868980455,
      "h100/outcome_success_state_mse": 0.0045570556478562695,
      "h100/state_mse": 0.005643627690333946,
      "h125/episode_count": 15,
      "h125/final_state_mse": 0.009271988214231005,
      "h125/outcome_drop_episode_count": 3,
      "h125/outcome_drop_final_state_mse": 0.007303675113160626,
      "h125/outcome_drop_state_mse": 0.006190385706284467,
      "h125/outcome_jam_episode_count": 3,
      "h125/outcome_jam_final_state_mse": 0.009727847342397653,
      "h125/outcome_jam_state_mse": 0.005641036688112745,
      "h125/outcome_miss_episode_count": 3,
      "h125/outcome_miss_final_state_mse": 0.012654235647394766,
      "h125/outcome_miss_state_mse": 0.009460024665383732,
      "h125/outcome_partial_episode_count": 3,
      "h125/outcome_partial_final_state_mse": 0.008819401069404252,
      "h125/outcome_partial_state_mse": 0.005660343244964001,
      "h125/outcome_success_episode_count": 3,
      "h125/outcome_success_final_state_mse": 0.00785478584322275,
      "h125/outcome_success_state_mse": 0.005223086787205116,
      "h125/state_mse": 0.006434975617851307,
      "h20/episode_count": 15,
      "h20/final_state_mse": 0.004805162841198491,
      "h20/outcome_drop_episode_count": 3,
      "h20/outcome_drop_final_state_mse": 0.0033572278186386707,
      "h20/outcome_drop_state_mse": 0.002118502489102432,
      "h20/outcome_jam_episode_count": 3,
      "h20/outcome_jam_final_state_mse": 0.0038337669536179187,
      "h20/outcome_jam_state_mse": 0.0025826475199531105,
      "h20/outcome_miss_episode_count": 3,
      "h20/outcome_miss_final_state_mse": 0.010340152320518992,
      "h20/outcome_miss_state_mse": 0.010839205473856209,
      "h20/outcome_partial_episode_count": 3,
      "h20/outcome_partial_final_state_mse": 0.0032118557422768836,
      "h20/outcome_partial_state_mse": 0.0020561934101815315,
      "h20/outcome_success_episode_count": 3,
      "h20/outcome_success_final_state_mse": 0.0032828118092094374,
      "h20/outcome_success_state_mse": 0.002086571462793288,
      "h20/state_mse": 0.003936624215319266,
      "h30/episode_count": 15,
      "h30/final_state_mse": 0.0041085495668299055,
      "h30/outcome_drop_episode_count": 3,
      "h30/outcome_drop_final_state_mse": 0.003478377278334175,
      "h30/outcome_drop_state_mse": 0.0025512346255233864,
      "h30/outcome_jam_episode_count": 3,
      "h30/outcome_jam_final_state_mse": 0.004177142689430636,
      "h30/outcome_jam_state_mse": 0.0029737511491463855,
      "h30/outcome_miss_episode_count": 3,
      "h30/outcome_miss_final_state_mse": 0.005420400328885496,
      "h30/outcome_miss_state_mse": 0.009825843196029497,
      "h30/outcome_partial_episode_count": 3,
      "h30/outcome_partial_final_state_mse": 0.003684849131341074,
      "h30/outcome_partial_state_mse": 0.002493433001773809,
      "h30/outcome_success_episode_count": 3,
      "h30/outcome_success_final_state_mse": 0.0037819775296192544,
      "h30/outcome_success_state_mse": 0.002525619665781657,
      "h30/state_mse": 0.004073976338039556,
      "h40/episode_count": 15,
      "h40/final_state_mse": 0.004547475677689696,
      "h40/outcome_drop_episode_count": 3,
      "h40/outcome_drop_final_state_mse": 0.007155509653434255,
      "h40/outcome_drop_state_mse": 0.0031996098998325322,
      "h40/outcome_jam_episode_count": 3,
      "h40/outcome_jam_final_state_mse": 0.0038794720289753934,
      "h40/outcome_jam_state_mse": 0.0031978845596313476,
      "h40/outcome_miss_episode_count": 3,
      "h40/outcome_miss_final_state_mse": 0.0037507565777286206,
      "h40/outcome_miss_state_mse": 0.008372486494725046,
      "h40/outcome_partial_episode_count": 3,
      "h40/outcome_partial_final_state_mse": 0.004009555051334543,
      "h40/outcome_partial_state_mse": 0.0027853014422397986,
      "h40/outcome_success_episode_count": 3,
      "h40/outcome_success_final_state_mse": 0.003942085101323969,
      "h40/outcome_success_state_mse": 0.0028174190739401026,
      "h40/state_mse": 0.0040745402317421105,
      "h50/episode_count": 15,
      "h50/final_state_mse": 0.00441945082221935,
      "h50/outcome_drop_episode_count": 3,
      "h50/outcome_drop_final_state_mse": 0.006401891704478295,
      "h50/outcome_drop_state_mse": 0.004164288901036082,
      "h50/outcome_jam_episode_count": 3,
      "h50/outcome_jam_final_state_mse": 0.004291692493008632,
      "h50/outcome_jam_state_mse": 0.003514576145246917,
      "h50/outcome_miss_episode_count": 3,
      "h50/outcome_miss_final_state_mse": 0.003148867024315728,
      "h50/outcome_miss_state_mse": 0.00744752472522212,
      "h50/outcome_partial_episode_count": 3,
      "h50/outcome_partial_final_state_mse": 0.00410602514455521,
      "h50/outcome_partial_state_mse": 0.0030734801136590296,
      "h50/outcome_success_episode_count": 3,
      "h50/outcome_success_final_state_mse": 0.004148777598649069,
      "h50/outcome_success_state_mse": 0.0031098941104863984,
      "h50/state_mse": 0.0042619525186376635,
      "h75/episode_count": 15,
      "h75/final_state_mse": 0.008112786486257914,
      "h75/outcome_drop_episode_count": 3,
      "h75/outcome_drop_final_state_mse": 0.010514895316042931,
      "h75/outcome_drop_state_mse": 0.005367398729511336,
      "h75/outcome_jam_episode_count": 3,
      "h75/outcome_jam_final_state_mse": 0.006085244658725714,
      "h75/outcome_jam_state_mse": 0.00433487960715699,
      "h75/outcome_miss_episode_count": 3,
      "h75/outcome_miss_final_state_mse": 0.006680694573065814,
      "h75/outcome_miss_state_mse": 0.006053956723680683,
      "h75/outcome_partial_episode_count": 3,
      "h75/outcome_partial_final_state_mse": 0.0070589551933450635,
      "h75/outcome_partial_state_mse": 0.004236057796769153,
      "h75/outcome_success_episode_count": 3,
      "h75/outcome_success_final_state_mse": 0.010224143274469313,
      "h75/outcome_success_state_mse": 0.004419434366662518,
      "h75/state_mse": 0.004882344962724673,
      "max_requested_horizon": 125,
      "reencode_period": 1,
      "rollout_mode": "periodic_1"
    },
    "periodic_10": {
      "episode_count": 15,
      "h10/episode_count": 15,
      "h10/final_state_mse": 0.003187878614936779,
      "h10/outcome_drop_episode_count": 3,
      "h10/outcome_drop_final_state_mse": 0.0023827647997273337,
      "h10/outcome_drop_state_mse": 0.0015948361041499119,
      "h10/outcome_jam_episode_count": 3,
      "h10/outcome_jam_final_state_mse": 0.00380984289583817,
      "h10/outcome_jam_state_mse": 0.002191885117611854,
      "h10/outcome_miss_episode_count": 3,
      "h10/outcome_miss_final_state_mse": 0.0049055785525078865,
      "h10/outcome_miss_state_mse": 0.011007591634014853,
      "h10/outcome_partial_episode_count": 3,
      "h10/outcome_partial_final_state_mse": 0.0024244689620008656,
      "h10/outcome_partial_state_mse": 0.001506289878701852,
      "h10/outcome_success_episode_count": 3,
      "h10/outcome_success_final_state_mse": 0.0024167388020192877,
      "h10/outcome_success_state_mse": 0.0015150036881951725,
      "h10/state_mse": 0.003563121222203074,
      "h100/episode_count": 15,
      "h100/final_state_mse": 0.0034253114189197816,
      "h100/outcome_drop_episode_count": 3,
      "h100/outcome_drop_final_state_mse": 0.00314247744535309,
      "h100/outcome_drop_state_mse": 0.002523520133074592,
      "h100/outcome_jam_episode_count": 3,
      "h100/outcome_jam_final_state_mse": 0.004313116174897338,
      "h100/outcome_jam_state_mse": 0.0032822840509850993,
      "h100/outcome_miss_episode_count": 3,
      "h100/outcome_miss_final_state_mse": 0.002504172351430444,
      "h100/outcome_miss_state_mse": 0.0035405596564797794,
      "h100/outcome_partial_episode_count": 3,
      "h100/outcome_partial_final_state_mse": 0.002621683079043245,
      "h100/outcome_partial_state_mse": 0.00229309222277473,
      "h100/outcome_success_episode_count": 3,
      "h100/outcome_success_final_state_mse": 0.004545108701278961,
      "h100/outcome_success_state_mse": 0.002638038404626784,
      "h100/state_mse": 0.0028554988686555352,
      "h125/episode_count": 15,
      "h125/final_state_mse": 0.0038680877560883565,
      "h125/outcome_drop_episode_count": 3,
      "h125/outcome_drop_final_state_mse": 0.004566362675498514,
      "h125/outcome_drop_state_mse": 0.002773798824135774,
      "h125/outcome_jam_episode_count": 3,
      "h125/outcome_jam_final_state_mse": 0.004800699797331118,
      "h125/outcome_jam_state_mse": 0.0035343005610447304,
      "h125/outcome_miss_episode_count": 3,
      "h125/outcome_miss_final_state_mse": 0.003673849761291267,
      "h125/outcome_miss_state_mse": 0.0034438811158822255,
      "h125/outcome_partial_episode_count": 3,
      "h125/outcome_partial_final_state_mse": 0.002485748063894658,
      "h125/outcome_partial_state_mse": 0.002369065328361162,
      "h125/outcome_success_episode_count": 3,
      "h125/outcome_success_final_state_mse": 0.003813779139830396,
      "h125/outcome_success_state_mse": 0.0028539276123046874,
      "h125/state_mse": 0.002994994638480392,
      "h20/episode_count": 15,
      "h20/final_state_mse": 0.0034894765592088884,
      "h20/outcome_drop_episode_count": 3,
      "h20/outcome_drop_final_state_mse": 0.003330575874428344,
      "h20/outcome_drop_state_mse": 0.0021312433909746555,
      "h20/outcome_jam_episode_count": 3,
      "h20/outcome_jam_final_state_mse": 0.0035646453110221164,
      "h20/outcome_jam_state_mse": 0.002728655836940591,
      "h20/outcome_miss_episode_count": 3,
      "h20/outcome_miss_final_state_mse": 0.004275357143746482,
      "h20/outcome_miss_state_mse": 0.007731576526866239,
      "h20/outcome_partial_episode_count": 3,
      "h20/outcome_partial_final_state_mse": 0.003175344074668448,
      "h20/outcome_partial_state_mse": 0.0020683280977548337,
      "h20/outcome_success_episode_count": 3,
      "h20/outcome_success_final_state_mse": 0.00310145971042658,
      "h20/outcome_success_state_mse": 0.0020634175515642354,
      "h20/state_mse": 0.0033446442847158394,
      "h30/episode_count": 15,
      "h30/final_state_mse": 0.0029639945310704846,
      "h30/outcome_drop_episode_count": 3,
      "h30/outcome_drop_final_state_mse": 0.0028550459522437427,
      "h30/outcome_drop_state_mse": 0.0023578795991951603,
      "h30/outcome_jam_episode_count": 3,
      "h30/outcome_jam_final_state_mse": 0.0030959753526581656,
      "h30/outcome_jam_state_mse": 0.0029321920378275685,
      "h30/outcome_miss_episode_count": 3,
      "h30/outcome_miss_final_state_mse": 0.003285707163265328,
      "h30/outcome_miss_state_mse": 0.006270324067092929,
      "h30/outcome_partial_episode_count": 3,
      "h30/outcome_partial_final_state_mse": 0.0027621443706010683,
      "h30/outcome_partial_state_mse": 0.0023043809373394335,
      "h30/outcome_success_episode_count": 3,
      "h30/outcome_success_final_state_mse": 0.0028211000113705404,
      "h30/outcome_success_state_mse": 0.0022981535635223055,
      "h30/state_mse": 0.0032325860981328295,
      "h40/episode_count": 15,
      "h40/final_state_mse": 0.002586624980751985,
      "h40/outcome_drop_episode_count": 3,
      "h40/outcome_drop_final_state_mse": 0.002273630959535736,
      "h40/outcome_drop_state_mse": 0.0024071118800468696,
      "h40/outcome_jam_episode_count": 3,
      "h40/outcome_jam_final_state_mse": 0.0029557900004137574,
      "h40/outcome_jam_state_mse": 0.0029448210024366193,
      "h40/outcome_miss_episode_count": 3,
      "h40/outcome_miss_final_state_mse": 0.002195119857788086,
      "h40/outcome_miss_state_mse": 0.005264860820146947,
      "h40/outcome_partial_episode_count": 3,
      "h40/outcome_partial_final_state_mse": 0.0027653694006742214,
      "h40/outcome_partial_state_mse": 0.0023352030250761244,
      "h40/outcome_success_episode_count": 3,
      "h40/outcome_success_final_state_mse": 0.0027432157810217414,
      "h40/outcome_success_state_mse": 0.002330115047934788,
      "h40/state_mse": 0.003056422464208665,
      "h50/episode_count": 15,
      "h50/final_state_mse": 0.0025876372468237783,
      "h50/outcome_drop_episode_count": 3,
      "h50/outcome_drop_final_state_mse": 0.0027868065471742666,
      "h50/outcome_drop_state_mse": 0.00248583416533626,
      "h50/outcome_jam_episode_count": 3,
      "h50/outcome_jam_final_state_mse": 0.0034905431755617553,
      "h50/outcome_jam_state_mse": 0.0029549322252959208,
      "h50/outcome_miss_episode_count": 3,
      "h50/outcome_miss_final_state_mse": 0.002036753019281462,
      "h50/outcome_miss_state_mse": 0.004609743816400665,
      "h50/outcome_partial_episode_count": 3,
      "h50/outcome_partial_final_state_mse": 0.0022712160096643795,
      "h50/outcome_partial_state_mse": 0.0023085776497335994,
      "h50/outcome_success_episode_count": 3,
      "h50/outcome_success_final_state_mse": 0.002352866118932082,
      "h50/outcome_success_state_mse": 0.0023092312906302656,
      "h50/state_mse": 0.002933663960375817,
      "h75/episode_count": 15,
      "h75/final_state_mse": 0.003912524927675335,
      "h75/outcome_drop_episode_count": 3,
      "h75/outcome_drop_final_state_mse": 0.002893572441892686,
      "h75/outcome_drop_state_mse": 0.002504772277699057,
      "h75/outcome_jam_episode_count": 3,
      "h75/outcome_jam_final_state_mse": 0.0049333288973452995,
      "h75/outcome_jam_state_mse": 0.0030888286914700774,
      "h75/outcome_miss_episode_count": 3,
      "h75/outcome_miss_final_state_mse": 0.0045462843103736056,
      "h75/outcome_miss_state_mse": 0.003907756098994502,
      "h75/outcome_partial_episode_count": 3,
      "h75/outcome_partial_final_state_mse": 0.0030731270028874764,
      "h75/outcome_partial_state_mse": 0.0023370829231079368,
      "h75/outcome_success_episode_count": 3,
      "h75/outcome_success_final_state_mse": 0.004116312448495354,
      "h75/outcome_success_state_mse": 0.0023893959693659364,
      "h75/state_mse": 0.002845566959422658,
      "max_requested_horizon": 125,
      "reencode_period": 10,
      "rollout_mode": "periodic_10"
    },
    "periodic_100": {
      "episode_count": 15,
      "h10/episode_count": 15,
      "h10/final_state_mse": 0.003187878614936779,
      "h10/outcome_drop_episode_count": 3,
      "h10/outcome_drop_final_state_mse": 0.0023827647997273337,
      "h10/outcome_drop_state_mse": 0.0015948361041499119,
      "h10/outcome_jam_episode_count": 3,
      "h10/outcome_jam_final_state_mse": 0.00380984289583817,
      "h10/outcome_jam_state_mse": 0.002191885117611854,
      "h10/outcome_miss_episode_count": 3,
      "h10/outcome_miss_final_state_mse": 0.0049055785525078865,
      "h10/outcome_miss_state_mse": 0.011007591634014853,
      "h10/outcome_partial_episode_count": 3,
      "h10/outcome_partial_final_state_mse": 0.0024244689620008656,
      "h10/outcome_partial_state_mse": 0.001506289878701852,
      "h10/outcome_success_episode_count": 3,
      "h10/outcome_success_final_state_mse": 0.0024167388020192877,
      "h10/outcome_success_state_mse": 0.0015150036881951725,
      "h10/state_mse": 0.003563121222203074,
      "h100/episode_count": 15,
      "h100/final_state_mse": 448904.5751633987,
      "h100/outcome_drop_episode_count": 3,
      "h100/outcome_drop_final_state_mse": 328246.49673202616,
      "h100/outcome_drop_state_mse": 14843.882352941177,
      "h100/outcome_jam_episode_count": 3,
      "h100/outcome_jam_final_state_mse": 369430.60784313723,
      "h100/outcome_jam_state_mse": 16591.62300653595,
      "h100/outcome_miss_episode_count": 3,
      "h100/outcome_miss_final_state_mse": 890340.0,
      "h100/outcome_miss_state_mse": 40583.67058823529,
      "h100/outcome_partial_episode_count": 3,
      "h100/outcome_partial_final_state_mse": 326815.33986928104,
      "h100/outcome_partial_state_mse": 14792.294901960784,
      "h100/outcome_success_episode_count": 3,
      "h100/outcome_success_final_state_mse": 329690.4705882353,
      "h100/outcome_success_state_mse": 14907.396339869281,
      "h100/state_mse": 20343.774535947712,
      "h125/episode_count": 15,
      "h125/final_state_mse": 506953.53725490195,
      "h125/outcome_drop_episode_count": 3,
      "h125/outcome_drop_final_state_mse": 132477.71895424835,
      "h125/outcome_drop_state_mse": 19964.6485751634,
      "h125/outcome_jam_episode_count": 3,
      "h125/outcome_jam_final_state_mse": 155601.16666666666,
      "h125/outcome_jam_state_mse": 22136.142640522878,
      "h125/outcome_miss_episode_count": 3,
      "h125/outcome_miss_final_state_mse": 1982680.3333333333,
      "h125/outcome_miss_state_mse": 120678.15236601308,
      "h125/outcome_partial_episode_count": 3,
      "h125/outcome_partial_final_state_mse": 131181.09477124183,
      "h125/outcome_partial_state_mse": 19780.773647058824,
      "h125/outcome_success_episode_count": 3,
      "h125/outcome_success_final_state_mse": 132827.16339869282,
      "h125/outcome_success_state_mse": 19956.549019607843,
      "h125/state_mse": 40503.25584313725,
      "h20/episode_count": 15,
      "h20/final_state_mse": 0.010184973673103682,
      "h20/outcome_drop_episode_count": 3,
      "h20/outcome_drop_final_state_mse": 0.009760811048395494,
      "h20/outcome_drop_state_mse": 0.003836751568551157,
      "h20/outcome_jam_episode_count": 3,
      "h20/outcome_jam_final_state_mse": 0.00976580936534732,
      "h20/outcome_jam_state_mse": 0.004275084087272095,
      "h20/outcome_miss_episode_count": 3,
      "h20/outcome_miss_final_state_mse": 0.012433410275216196,
      "h20/outcome_miss_state_mse": 0.009643771601658241,
      "h20/outcome_partial_episode_count": 3,
      "h20/outcome_partial_final_state_mse": 0.00954866000250274,
      "h20/outcome_partial_state_mse": 0.0037335232971540465,
      "h20/outcome_success_episode_count": 3,
      "h20/outcome_success_final_state_mse": 0.009416181764571496,
      "h20/outcome_success_state_mse": 0.0037274961378060134,
      "h20/state_mse": 0.005043324987872753,
      "h30/episode_count": 15,
      "h30/final_state_mse": 0.030715418796913297,
      "h30/outcome_drop_episode_count": 3,
      "h30/outcome_drop_final_state_mse": 0.025271758924122728,
      "h30/outcome_drop_state_mse": 0.008082184137082567,
      "h30/outcome_jam_episode_count": 3,
      "h30/outcome_jam_final_state_mse": 0.025864040929507587,
      "h30/outcome_jam_state_mse": 0.008463310416227852,
      "h30/outcome_miss_episode_count": 3,
      "h30/outcome_miss_final_state_mse": 0.053058474671606924,
      "h30/outcome_miss_state_mse": 0.016167875053056703,
      "h30/outcome_partial_episode_count": 3,
      "h30/outcome_partial_final_state_mse": 0.024446910892436707,
      "h30/outcome_partial_state_mse": 0.007855054028413395,
      "h30/outcome_success_episode_count": 3,
      "h30/outcome_success_final_state_mse": 0.024935917137495052,
      "h30/outcome_success_state_mse": 0.007908850713492998,
      "h30/state_mse": 0.009695455181312977,
      "h40/episode_count": 15,
      "h40/final_state_mse": 0.20631199257046567,
      "h40/outcome_drop_episode_count": 3,
      "h40/outcome_drop_final_state_mse": 0.11767358094259026,
      "h40/outcome_drop_state_mse": 0.021220536637150383,
      "h40/outcome_jam_episode_count": 3,
      "h40/outcome_jam_final_state_mse": 0.13890507641960592,
      "h40/outcome_jam_state_mse": 0.023032664629369,
      "h40/outcome_miss_episode_count": 3,
      "h40/outcome_miss_final_state_mse": 0.5135899712057674,
      "h40/outcome_miss_state_mse": 0.05967852648566751,
      "h40/outcome_partial_episode_count": 3,
      "h40/outcome_partial_final_state_mse": 0.12876745922113556,
      "h40/outcome_partial_state_mse": 0.021351224300908106,
      "h40/outcome_success_episode_count": 3,
      "h40/outcome_success_final_state_mse": 0.13262386883006377,
      "h40/outcome_success_state_mse": 0.021784292171204013,
      "h40/state_mse": 0.0294134481592116,
      "h50/episode_count": 15,
      "h50/final_state_mse": 2.7807023590686275,
      "h50/outcome_drop_episode_count": 3,
      "h50/outcome_drop_final_state_mse": 1.3652702531004264,
      "h50/outcome_drop_state_mse": 0.13386099821601818,
      "h50/outcome_jam_episode_count": 3,
      "h50/outcome_jam_final_state_mse": 1.4059847912757226,
      "h50/outcome_jam_state_mse": 0.13961652768203636,
      "h50/outcome_miss_episode_count": 3,
      "h50/outcome_miss_final_state_mse": 8.453550052019505,
      "h50/outcome_miss_state_mse": 0.7335037530637255,
      "h50/outcome_partial_episode_count": 3,
      "h50/outcome_partial_final_state_mse": 1.3322445239896088,
      "h50/outcome_partial_state_mse": 0.13143391927083334,
      "h50/outcome_success_episode_count": 3,
      "h50/outcome_success_final_state_mse": 1.3464621749578738,
      "h50/outcome_success_state_mse": 0.1329867094949959,
      "h50/state_mse": 0.25428038194444447,
      "h75/episode_count": 15,
      "h75/final_state_mse": 991.1264705882353,
      "h75/outcome_drop_episode_count": 3,
      "h75/outcome_drop_final_state_mse": 669.8615451388889,
      "h75/outcome_drop_state_mse": 41.35663262527233,
      "h75/outcome_jam_episode_count": 3,
      "h75/outcome_jam_final_state_mse": 707.1650582107843,
      "h75/outcome_jam_state_mse": 43.21535505174292,
      "h75/outcome_miss_episode_count": 3,
      "h75/outcome_miss_final_state_mse": 2250.5368668300653,
      "h75/outcome_miss_state_mse": 149.4245806100218,
      "h75/outcome_partial_episode_count": 3,
      "h75/outcome_partial_final_state_mse": 661.6247191584968,
      "h75/outcome_partial_state_mse": 40.74817844498911,
      "h75/outcome_success_episode_count": 3,
      "h75/outcome_success_final_state_mse": 666.4445784824346,
      "h75/outcome_success_state_mse": 40.990706699346404,
      "h75/state_mse": 63.14709368191721,
      "max_requested_horizon": 125,
      "reencode_period": 100,
      "rollout_mode": "periodic_100"
    },
    "periodic_2": {
      "episode_count": 15,
      "h10/episode_count": 15,
      "h10/final_state_mse": 0.002445362128463446,
      "h10/outcome_drop_episode_count": 3,
      "h10/outcome_drop_final_state_mse": 0.0014586942209527383,
      "h10/outcome_drop_state_mse": 0.0014253195983911652,
      "h10/outcome_jam_episode_count": 3,
      "h10/outcome_jam_final_state_mse": 0.0024801079743827868,
      "h10/outcome_jam_state_mse": 0.00193442702293396,
      "h10/outcome_miss_episode_count": 3,
      "h10/outcome_miss_final_state_mse": 0.005501942356037938,
      "h10/outcome_miss_state_mse": 0.011619444454417508,
      "h10/outcome_partial_episode_count": 3,
      "h10/outcome_partial_final_state_mse": 0.0013793129839149176,
      "h10/outcome_partial_state_mse": 0.001301335236605476,
      "h10/outcome_success_episode_count": 3,
      "h10/outcome_success_final_state_mse": 0.0014067535452982958,
      "h10/outcome_success_state_mse": 0.0013218841131995705,
      "h10/state_mse": 0.0035204818825316586,
      "h100/episode_count": 15,
      "h100/final_state_mse": 0.006122261246824576,
      "h100/outcome_drop_episode_count": 3,
      "h100/outcome_drop_final_state_mse": 0.00490991099208009,
      "h100/outcome_drop_state_mse": 0.004076291751238256,
      "h100/outcome_jam_episode_count": 3,
      "h100/outcome_jam_final_state_mse": 0.003668160609949648,
      "h100/outcome_jam_state_mse": 0.003303099488900378,
      "h100/outcome_miss_episode_count": 3,
      "h100/outcome_miss_final_state_mse": 0.01371451666931701,
      "h100/outcome_miss_state_mse": 0.004872740327922348,
      "h100/outcome_partial_episode_count": 3,
      "h100/outcome_partial_final_state_mse": 0.005355132853283602,
      "h100/outcome_partial_state_mse": 0.002960635166542203,
      "h100/outcome_success_episode_count": 3,
      "h100/outcome_success_final_state_mse": 0.0029635853529755584,
      "h100/outcome_success_state_mse": 0.0028747846565994562,
      "h100/state_mse": 0.003617510228375204,
      "h125/episode_count": 15,
      "h125/final_state_mse": 0.007313066370346967,
      "h125/outcome_drop_episode_count": 3,
      "h125/outcome_drop_final_state_mse": 0.006791850418047188,
      "h125/outcome_drop_state_mse": 0.004376544628267974,
      "h125/outcome_jam_episode_count": 3,
      "h125/outcome_jam_final_state_mse": 0.007334369654748954,
      "h125/outcome_jam_state_mse": 0.0037681155734592014,
      "h125/outcome_miss_episode_count": 3,
      "h125/outcome_miss_final_state_mse": 0.01312669634429458,
      "h125/outcome_miss_state_mse": 0.006132219401839512,
      "h125/outcome_partial_episode_count": 3,
      "h125/outcome_partial_final_state_mse": 0.004823530372840906,
      "h125/outcome_partial_state_mse": 0.003365303488338695,
      "h125/outcome_success_episode_count": 3,
      "h125/outcome_success_final_state_mse": 0.004488885207893023,
      "h125/outcome_success_state_mse": 0.0030656216939290363,
      "h125/state_mse": 0.004141561351102941,
      "h20/episode_count": 15,
      "h20/final_state_mse": 0.0028014017865548727,
      "h20/outcome_drop_episode_count": 3,
      "h20/outcome_drop_final_state_mse": 0.0027111829349807663,
      "h20/outcome_drop_state_mse": 0.0017183758074941198,
      "h20/outcome_jam_episode_count": 3,
      "h20/outcome_jam_final_state_mse": 0.002981381089079614,
      "h20/outcome_jam_state_mse": 0.0022271694700702342,
      "h20/outcome_miss_episode_count": 3,
      "h20/outcome_miss_final_state_mse": 0.003266452038599775,
      "h20/outcome_miss_state_mse": 0.008046690622965496,
      "h20/outcome_partial_episode_count": 3,
      "h20/outcome_partial_final_state_mse": 0.0025134275064748876,
      "h20/outcome_partial_state_mse": 0.0016360298286076465,
      "h20/outcome_success_episode_count": 3,
      "h20/outcome_success_final_state_mse": 0.0025345659236502803,
      "h20/outcome_success_state_mse": 0.0016554470740112604,
      "h20/state_mse": 0.0030567425995870353,
      "h30/episode_count": 15,
      "h30/final_state_mse": 0.0025444426567725886,
      "h30/outcome_drop_episode_count": 3,
      "h30/outcome_drop_final_state_mse": 0.002397061343870911,
      "h30/outcome_drop_state_mse": 0.00200770623283968,
      "h30/outcome_jam_episode_count": 3,
      "h30/outcome_jam_final_state_mse": 0.0030064272627331854,
      "h30/outcome_jam_state_mse": 0.002522131508471919,
      "h30/outcome_miss_episode_count": 3,
      "h30/outcome_miss_final_state_mse": 0.0023409492926659927,
      "h30/outcome_miss_state_mse": 0.006344101060189972,
      "h30/outcome_partial_episode_count": 3,
      "h30/outcome_partial_final_state_mse": 0.0024531905362808627,
      "h30/outcome_partial_state_mse": 0.0019369046412781692,
      "h30/outcome_success_episode_count": 3,
      "h30/outcome_success_final_state_mse": 0.0025245848483119917,
      "h30/outcome_success_state_mse": 0.001955545390093768,
      "h30/state_mse": 0.00295327778735192,
      "h40/episode_count": 15,
      "h40/final_state_mse": 0.0027406231250638275,
      "h40/outcome_drop_episode_count": 3,
      "h40/outcome_drop_final_state_mse": 0.0035556218787735584,
      "h40/outcome_drop_state_mse": 0.0023027146953383303,
      "h40/outcome_jam_episode_count": 3,
      "h40/outcome_jam_final_state_mse": 0.0025525555696362763,
      "h40/outcome_jam_state_mse": 0.0026002887027715546,
      "h40/outcome_miss_episode_count": 3,
      "h40/outcome_miss_final_state_mse": 0.0026950149559507182,
      "h40/outcome_miss_state_mse": 0.005430342714770947,
      "h40/outcome_partial_episode_count": 3,
      "h40/outcome_partial_final_state_mse": 0.002462471524874369,
      "h40/outcome_partial_state_mse": 0.0020516813385720346,
      "h40/outcome_success_episode_count": 3,
      "h40/outcome_success_final_state_mse": 0.0024374521830502678,
      "h40/outcome_success_state_mse": 0.002069176938019547,
      "h40/state_mse": 0.002890840916851767,
      "h50/episode_count": 15,
      "h50/final_state_mse": 0.003164702459098467,
      "h50/outcome_drop_episode_count": 3,
      "h50/outcome_drop_final_state_mse": 0.004790047999300988,
      "h50/outcome_drop_state_mse": 0.0029201249826967327,
      "h50/outcome_jam_episode_count": 3,
      "h50/outcome_jam_final_state_mse": 0.00336436693574868,
      "h50/outcome_jam_state_mse": 0.0027334758970472546,
      "h50/outcome_miss_episode_count": 3,
      "h50/outcome_miss_final_state_mse": 0.0027216251671703814,
      "h50/outcome_miss_state_mse": 0.0049298019658506305,
      "h50/outcome_partial_episode_count": 3,
      "h50/outcome_partial_final_state_mse": 0.0024536367432743894,
      "h50/outcome_partial_state_mse": 0.002152603997124566,
      "h50/outcome_success_episode_count": 3,
      "h50/outcome_success_final_state_mse": 0.002493836959592657,
      "h50/outcome_success_state_mse": 0.0021728261935165505,
      "h50/state_mse": 0.002981766844107435,
      "h75/episode_count": 15,
      "h75/final_state_mse": 0.0057212343402937346,
      "h75/outcome_drop_episode_count": 3,
      "h75/outcome_drop_final_state_mse": 0.006635053046778136,
      "h75/outcome_drop_state_mse": 0.00393248331572755,
      "h75/outcome_jam_episode_count": 3,
      "h75/outcome_jam_final_state_mse": 0.005660328015782474,
      "h75/outcome_jam_state_mse": 0.0031749982979302834,
      "h75/outcome_miss_episode_count": 3,
      "h75/outcome_miss_final_state_mse": 0.0058618737689030715,
      "h75/outcome_miss_state_mse": 0.004437196353422011,
      "h75/outcome_partial_episode_count": 3,
      "h75/outcome_partial_final_state_mse": 0.004496938506372614,
      "h75/outcome_partial_state_mse": 0.0025760530957988663,
      "h75/outcome_success_episode_count": 3,
      "h75/outcome_success_final_state_mse": 0.00595197558792588,
      "h75/outcome_success_state_mse": 0.0026641854845101016,
      "h75/state_mse": 0.003356983326099537,
      "max_requested_horizon": 125,
      "reencode_period": 2,
      "rollout_mode": "periodic_2"
    },
    "periodic_20": {
      "episode_count": 15,
      "h10/episode_count": 15,
      "h10/final_state_mse": 0.003187878614936779,
      "h10/outcome_drop_episode_count": 3,
      "h10/outcome_drop_final_state_mse": 0.0023827647997273337,
      "h10/outcome_drop_state_mse": 0.0015948361041499119,
      "h10/outcome_jam_episode_count": 3,
      "h10/outcome_jam_final_state_mse": 0.00380984289583817,
      "h10/outcome_jam_state_mse": 0.002191885117611854,
      "h10/outcome_miss_episode_count": 3,
      "h10/outcome_miss_final_state_mse": 0.0049055785525078865,
      "h10/outcome_miss_state_mse": 0.011007591634014853,
      "h10/outcome_partial_episode_count": 3,
      "h10/outcome_partial_final_state_mse": 0.0024244689620008656,
      "h10/outcome_partial_state_mse": 0.001506289878701852,
      "h10/outcome_success_episode_count": 3,
      "h10/outcome_success_final_state_mse": 0.0024167388020192877,
      "h10/outcome_success_state_mse": 0.0015150036881951725,
      "h10/state_mse": 0.003563121222203074,
      "h100/episode_count": 15,
      "h100/final_state_mse": 0.017871274511798534,
      "h100/outcome_drop_episode_count": 3,
      "h100/outcome_drop_final_state_mse": 0.011920540745741401,
      "h100/outcome_drop_state_mse": 0.006357207080118017,
      "h100/outcome_jam_episode_count": 3,
      "h100/outcome_jam_final_state_mse": 0.019071249206081716,
      "h100/outcome_jam_state_mse": 0.008643386067907795,
      "h100/outcome_miss_episode_count": 3,
      "h100/outcome_miss_final_state_mse": 0.022520805496016358,
      "h100/outcome_miss_state_mse": 0.012130398719139348,
      "h100/outcome_partial_episode_count": 3,
      "h100/outcome_partial_final_state_mse": 0.015842743364034916,
      "h100/outcome_partial_state_mse": 0.007739853329128689,
      "h100/outcome_success_episode_count": 3,
      "h100/outcome_success_final_state_mse": 0.0200010329679726,
      "h100/outcome_success_state_mse": 0.008385184543584686,
      "h100/state_mse": 0.008651206022773692,
      "h125/episode_count": 15,
      "h125/final_state_mse": 0.008535476759368298,
      "h125/outcome_drop_episode_count": 3,
      "h125/outcome_drop_final_state_mse": 0.003926936415285846,
      "h125/outcome_drop_state_mse": 0.006453380310457516,
      "h125/outcome_jam_episode_count": 3,
      "h125/outcome_jam_final_state_mse": 0.009123089071971919,
      "h125/outcome_jam_state_mse": 0.009257581424089818,
      "h125/outcome_miss_episode_count": 3,
      "h125/outcome_miss_final_state_mse": 0.01653743958940693,
      "h125/outcome_miss_state_mse": 0.012914807886859172,
      "h125/outcome_partial_episode_count": 3,
      "h125/outcome_partial_final_state_mse": 0.006174585788078557,
      "h125/outcome_partial_state_mse": 0.007652448467179841,
      "h125/outcome_success_episode_count": 3,
      "h125/outcome_success_final_state_mse": 0.0069153333216710805,
      "h125/outcome_success_state_mse": 0.008810087415907117,
      "h125/state_mse": 0.009017661100898694,
      "h20/episode_count": 15,
      "h20/final_state_mse": 0.010184973673103682,
      "h20/outcome_drop_episode_count": 3,
      "h20/outcome_drop_final_state_mse": 0.009760811048395494,
      "h20/outcome_drop_state_mse": 0.003836751568551157,
      "h20/outcome_jam_episode_count": 3,
      "h20/outcome_jam_final_state_mse": 0.00976580936534732,
      "h20/outcome_jam_state_mse": 0.004275084087272095,
      "h20/outcome_miss_episode_count": 3,
      "h20/outcome_miss_final_state_mse": 0.012433410275216196,
      "h20/outcome_miss_state_mse": 0.009643771601658241,
      "h20/outcome_partial_episode_count": 3,
      "h20/outcome_partial_final_state_mse": 0.00954866000250274,
      "h20/outcome_partial_state_mse": 0.0037335232971540465,
      "h20/outcome_success_episode_count": 3,
      "h20/outcome_success_final_state_mse": 0.009416181764571496,
      "h20/outcome_success_state_mse": 0.0037274961378060134,
      "h20/state_mse": 0.005043324987872753,
      "h30/episode_count": 15,
      "h30/final_state_mse": 0.007046149135415071,
      "h30/outcome_drop_episode_count": 3,
      "h30/outcome_drop_final_state_mse": 0.006625954962633794,
      "h30/outcome_drop_state_mse": 0.004442777405117592,
      "h30/outcome_jam_episode_count": 3,
      "h30/outcome_jam_final_state_mse": 0.006675212601431055,
      "h30/outcome_jam_state_mse": 0.004853937101260249,
      "h30/outcome_miss_episode_count": 3,
      "h30/outcome_miss_final_state_mse": 0.009043811096085442,
      "h30/outcome_miss_state_mse": 0.008939114946685325,
      "h30/outcome_partial_episode_count": 3,
      "h30/outcome_partial_final_state_mse": 0.006377742230113036,
      "h30/outcome_partial_state_mse": 0.0043173123548752865,
      "h30/outcome_success_episode_count": 3,
      "h30/outcome_success_final_state_mse": 0.0065080263938,
      "h30/outcome_success_state_mse": 0.004319353301021268,
      "h30/state_mse": 0.005374498886740026,
      "h40/episode_count": 15,
      "h40/final_state_mse": 0.01525990479911854,
      "h40/outcome_drop_episode_count": 3,
      "h40/outcome_drop_final_state_mse": 0.011449157022962383,
      "h40/outcome_drop_state_mse": 0.005650131531011045,
      "h40/outcome_jam_episode_count": 3,
      "h40/outcome_jam_final_state_mse": 0.01672911945900886,
      "h40/outcome_jam_state_mse": 0.006622235136094436,
      "h40/outcome_miss_episode_count": 3,
      "h40/outcome_miss_final_state_mse": 0.014010083052067974,
      "h40/outcome_miss_state_mse": 0.009731482524497835,
      "h40/outcome_partial_episode_count": 3,
      "h40/outcome_partial_final_state_mse": 0.01687347304587271,
      "h40/outcome_partial_state_mse": 0.006135544745750676,
      "h40/outcome_success_episode_count": 3,
      "h40/outcome_success_final_state_mse": 0.017237690149569045,
      "h40/outcome_success_state_mse": 0.006182702031790041,
      "h40/state_mse": 0.006864419575610192,
      "h50/episode_count": 15,
      "h50/final_state_mse": 0.007372870476417292,
      "h50/outcome_drop_episode_count": 3,
      "h50/outcome_drop_final_state_mse": 0.006361239827146717,
      "h50/outcome_drop_state_mse": 0.005844434725692849,
      "h50/outcome_jam_episode_count": 3,
      "h50/outcome_jam_final_state_mse": 0.007822875663930294,
      "h50/outcome_jam_state_mse": 0.006548339058371151,
      "h50/outcome_miss_episode_count": 3,
      "h50/outcome_miss_final_state_mse": 0.008487152702668133,
      "h50/outcome_miss_state_mse": 0.008968175750931883,
      "h50/outcome_partial_episode_count": 3,
      "h50/outcome_partial_final_state_mse": 0.00705808147885441,
      "h50/outcome_partial_state_mse": 0.006093507529863345,
      "h50/outcome_success_episode_count": 3,
      "h50/outcome_success_final_state_mse": 0.0071350062643390855,
      "h50/outcome_success_state_mse": 0.006148273804608514,
      "h50/state_mse": 0.006720546747344771,
      "h75/episode_count": 15,
      "h75/final_state_mse": 0.011804554509181601,
      "h75/outcome_drop_episode_count": 3,
      "h75/outcome_drop_final_state_mse": 0.006928511110006594,
      "h75/outcome_drop_state_mse": 0.006090625438814849,
      "h75/outcome_jam_episode_count": 3,
      "h75/outcome_jam_final_state_mse": 0.012715079815559138,
      "h75/outcome_jam_state_mse": 0.007463079464980979,
      "h75/outcome_miss_episode_count": 3,
      "h75/outcome_miss_final_state_mse": 0.016657959012424246,
      "h75/outcome_miss_state_mse": 0.011226456253616898,
      "h75/outcome_partial_episode_count": 3,
      "h75/outcome_partial_final_state_mse": 0.010973603507272557,
      "h75/outcome_partial_state_mse": 0.006970967311485141,
      "h75/outcome_success_episode_count": 3,
      "h75/outcome_success_final_state_mse": 0.01174761520491706,
      "h75/outcome_success_state_mse": 0.007043127255242375,
      "h75/state_mse": 0.00775885129442402,
      "max_requested_horizon": 125,
      "reencode_period": 20,
      "rollout_mode": "periodic_20"
    },
    "periodic_5": {
      "episode_count": 15,
      "h10/episode_count": 15,
      "h10/final_state_mse": 0.0024497392130833047,
      "h10/outcome_drop_episode_count": 3,
      "h10/outcome_drop_final_state_mse": 0.0017413127607379863,
      "h10/outcome_drop_state_mse": 0.0014625690341774935,
      "h10/outcome_jam_episode_count": 3,
      "h10/outcome_jam_final_state_mse": 0.002784989238564485,
      "h10/outcome_jam_state_mse": 0.0020070054172690397,
      "h10/outcome_miss_episode_count": 3,
      "h10/outcome_miss_final_state_mse": 0.004279294580805535,
      "h10/outcome_miss_state_mse": 0.01099625350603091,
      "h10/outcome_partial_episode_count": 3,
      "h10/outcome_partial_final_state_mse": 0.001695416599901673,
      "h10/outcome_partial_state_mse": 0.0013608691933887458,
      "h10/outcome_success_episode_count": 3,
      "h10/outcome_success_final_state_mse": 0.0017476823010475807,
      "h10/outcome_success_state_mse": 0.0013863892726648866,
      "h10/state_mse": 0.003442617179521548,
      "h100/episode_count": 15,
      "h100/final_state_mse": 0.0033316369150199142,
      "h100/outcome_drop_episode_count": 3,
      "h100/outcome_drop_final_state_mse": 0.0028937529115115896,
      "h100/outcome_drop_state_mse": 0.0025808724546744154,
      "h100/outcome_jam_episode_count": 3,
      "h100/outcome_jam_final_state_mse": 0.0035594163669480216,
      "h100/outcome_jam_state_mse": 0.0030374828039431106,
      "h100/outcome_miss_episode_count": 3,
      "h100/outcome_miss_final_state_mse": 0.004412720308584326,
      "h100/outcome_miss_state_mse": 0.0035985152549992978,
      "h100/outcome_partial_episode_count": 3,
      "h100/outcome_partial_final_state_mse": 0.0027447091354653726,
      "h100/outcome_partial_state_mse": 0.002155654944625555,
      "h100/outcome_success_episode_count": 3,
      "h100/outcome_success_final_state_mse": 0.003047584659523434,
      "h100/outcome_success_state_mse": 0.002365044674842186,
      "h100/state_mse": 0.0027475141138812295,
      "h125/episode_count": 15,
      "h125/final_state_mse": 0.004455818849451402,
      "h125/outcome_drop_episode_count": 3,
      "h125/outcome_drop_final_state_mse": 0.0045986904038323295,
      "h125/outcome_drop_state_mse": 0.0028118504542930453,
      "h125/outcome_jam_episode_count": 3,
      "h125/outcome_jam_final_state_mse": 0.004851270150514989,
      "h125/outcome_jam_state_mse": 0.0033323028165530536,
      "h125/outcome_miss_episode_count": 3,
      "h125/outcome_miss_final_state_mse": 0.007359112058979234,
      "h125/outcome_miss_state_mse": 0.004142940695768867,
      "h125/outcome_partial_episode_count": 3,
      "h125/outcome_partial_final_state_mse": 0.0023204087237127468,
      "h125/outcome_partial_state_mse": 0.002271408031189364,
      "h125/outcome_success_episode_count": 3,
      "h125/outcome_success_final_state_mse": 0.0031496148580819174,
      "h125/outcome_success_state_mse": 0.0025299532023909826,
      "h125/state_mse": 0.0030176914190155227,
      "h20/episode_count": 15,
      "h20/final_state_mse": 0.002176336525312436,
      "h20/outcome_drop_episode_count": 3,
      "h20/outcome_drop_final_state_mse": 0.002025911864501978,
      "h20/outcome_drop_state_mse": 0.001660549251082676,
      "h20/outcome_jam_episode_count": 3,
      "h20/outcome_jam_final_state_mse": 0.0023319372554230534,
      "h20/outcome_jam_state_mse": 0.0022211344023935157,
      "h20/outcome_miss_episode_count": 3,
      "h20/outcome_miss_final_state_mse": 0.00291425715279735,
      "h20/outcome_miss_state_mse": 0.007411273008857677,
      "h20/outcome_partial_episode_count": 3,
      "h20/outcome_partial_final_state_mse": 0.0017898072993833255,
      "h20/outcome_partial_state_mse": 0.0015754124892303368,
      "h20/outcome_success_episode_count": 3,
      "h20/outcome_success_final_state_mse": 0.0018197692735911974,
      "h20/outcome_success_state_mse": 0.0016058191949245976,
      "h20/state_mse": 0.0028948378718756385,
      "h30/episode_count": 15,
      "h30/final_state_mse": 0.0018847343968410118,
      "h30/outcome_drop_episode_count": 3,
      "h30/outcome_drop_final_state_mse": 0.0018072967338406182,
      "h30/outcome_drop_state_mse": 0.0017652706902530977,
      "h30/outcome_jam_episode_count": 3,
      "h30/outcome_jam_final_state_mse": 0.0021606801089897655,
      "h30/outcome_jam_state_mse": 0.0023107192095588236,
      "h30/outcome_miss_episode_count": 3,
      "h30/outcome_miss_final_state_mse": 0.0018465492655249203,
      "h30/outcome_miss_state_mse": 0.005744591673474945,
      "h30/outcome_partial_episode_count": 3,
      "h30/outcome_partial_final_state_mse": 0.0017787017950824664,
      "h30/outcome_partial_state_mse": 0.0016812085585916224,
      "h30/outcome_success_episode_count": 3,
      "h30/outcome_success_final_state_mse": 0.0018304443485986173,
      "h30/outcome_success_state_mse": 0.0017090268124682192,
      "h30/state_mse": 0.0026421633784807328,
      "h40/episode_count": 15,
      "h40/final_state_mse": 0.0018338998158772787,
      "h40/outcome_drop_episode_count": 3,
      "h40/outcome_drop_final_state_mse": 0.0020194162243331957,
      "h40/outcome_drop_state_mse": 0.001903664442448834,
      "h40/outcome_jam_episode_count": 3,
      "h40/outcome_jam_final_state_mse": 0.0018521569961426304,
      "h40/outcome_jam_state_mse": 0.0023286484425363977,
      "h40/outcome_miss_episode_count": 3,
      "h40/outcome_miss_final_state_mse": 0.0017213799741143494,
      "h40/outcome_miss_state_mse": 0.004805329656289294,
      "h40/outcome_partial_episode_count": 3,
      "h40/outcome_partial_final_state_mse": 0.001788218036975736,
      "h40/outcome_partial_state_mse": 0.0017334995316524132,
      "h40/outcome_success_episode_count": 3,
      "h40/outcome_success_final_state_mse": 0.001788327750427271,
      "h40/outcome_success_state_mse": 0.0017590203705955955,
      "h40/state_mse": 0.0025060324575386797,
      "h50/episode_count": 15,
      "h50/final_state_mse": 0.0021067338831284466,
      "h50/outcome_drop_episode_count": 3,
      "h50/outcome_drop_final_state_mse": 0.002339118568141476,
      "h50/outcome_drop_state_mse": 0.002113164203618866,
      "h50/outcome_jam_episode_count": 3,
      "h50/outcome_jam_final_state_mse": 0.0029919517585654666,
      "h50/outcome_jam_state_mse": 0.0024037856058357586,
      "h50/outcome_miss_episode_count": 3,
      "h50/outcome_miss_final_state_mse": 0.0015949313133175856,
      "h50/outcome_miss_state_mse": 0.004212987251531065,
      "h50/outcome_partial_episode_count": 3,
      "h50/outcome_partial_final_state_mse": 0.00177132766815572,
      "h50/outcome_partial_state_mse": 0.0017746687870399626,
      "h50/outcome_success_episode_count": 3,
      "h50/outcome_success_final_state_mse": 0.001836339559625177,
      "h50/outcome_success_state_mse": 0.0018002098370221704,
      "h50/state_mse": 0.0024609632305070466,
      "h75/episode_count": 15,
      "h75/final_state_mse": 0.00411624285130719,
      "h75/outcome_drop_episode_count": 3,
      "h75/outcome_drop_final_state_mse": 0.0036250124959384695,
      "h75/outcome_drop_state_mse": 0.0024678649569908257,
      "h75/outcome_jam_episode_count": 3,
      "h75/outcome_jam_final_state_mse": 0.0049076682212306,
      "h75/outcome_jam_state_mse": 0.002781690792840031,
      "h75/outcome_miss_episode_count": 3,
      "h75/outcome_miss_final_state_mse": 0.004506540722122379,
      "h75/outcome_miss_state_mse": 0.0036886757079812177,
      "h75/outcome_partial_episode_count": 3,
      "h75/outcome_partial_final_state_mse": 0.0031519110978039263,
      "h75/outcome_partial_state_mse": 0.002057966988590548,
      "h75/outcome_success_episode_count": 3,
      "h75/outcome_success_final_state_mse": 0.004390083545563268,
      "h75/outcome_success_state_mse": 0.0021382593225549766,
      "h75/state_mse": 0.0026268916909211603,
      "max_requested_horizon": 125,
      "reencode_period": 5,
      "rollout_mode": "periodic_5"
    },
    "periodic_50": {
      "episode_count": 15,
      "h10/episode_count": 15,
      "h10/final_state_mse": 0.003187878614936779,
      "h10/outcome_drop_episode_count": 3,
      "h10/outcome_drop_final_state_mse": 0.0023827647997273337,
      "h10/outcome_drop_state_mse": 0.0015948361041499119,
      "h10/outcome_jam_episode_count": 3,
      "h10/outcome_jam_final_state_mse": 0.00380984289583817,
      "h10/outcome_jam_state_mse": 0.002191885117611854,
      "h10/outcome_miss_episode_count": 3,
      "h10/outcome_miss_final_state_mse": 0.0049055785525078865,
      "h10/outcome_miss_state_mse": 0.011007591634014853,
      "h10/outcome_partial_episode_count": 3,
      "h10/outcome_partial_final_state_mse": 0.0024244689620008656,
      "h10/outcome_partial_state_mse": 0.001506289878701852,
      "h10/outcome_success_episode_count": 3,
      "h10/outcome_success_final_state_mse": 0.0024167388020192877,
      "h10/outcome_success_state_mse": 0.0015150036881951725,
      "h10/state_mse": 0.003563121222203074,
      "h100/episode_count": 15,
      "h100/final_state_mse": 359.39109477124185,
      "h100/outcome_drop_episode_count": 3,
      "h100/outcome_drop_final_state_mse": 294.16012433619284,
      "h100/outcome_drop_state_mse": 13.362084865196078,
      "h100/outcome_jam_episode_count": 3,
      "h100/outcome_jam_final_state_mse": 254.41499757455065,
      "h100/outcome_jam_state_mse": 11.921491140727124,
      "h100/outcome_miss_episode_count": 3,
      "h100/outcome_miss_final_state_mse": 692.9394403594771,
      "h100/outcome_miss_state_mse": 41.01359579248366,
      "h100/outcome_partial_episode_count": 3,
      "h100/outcome_partial_final_state_mse": 277.25021063112746,
      "h100/outcome_partial_state_mse": 12.755329605800654,
      "h100/outcome_success_episode_count": 3,
      "h100/outcome_success_final_state_mse": 278.19073925142976,
      "h100/outcome_success_state_mse": 12.796355443218955,
      "h100/state_mse": 18.369771241830065,
      "h125/episode_count": 15,
      "h125/final_state_mse": 265.9303104575163,
      "h125/outcome_drop_episode_count": 3,
      "h125/outcome_drop_final_state_mse": 171.05011425142973,
      "h125/outcome_drop_state_mse": 20.814345588235295,
      "h125/outcome_jam_episode_count": 3,
      "h125/outcome_jam_final_state_mse": 157.4343181934232,
      "h125/outcome_jam_state_mse": 18.593706699346406,
      "h125/outcome_miss_episode_count": 3,
      "h125/outcome_miss_final_state_mse": 636.0041615604575,
      "h125/outcome_miss_state_mse": 63.92099673202615,
      "h125/outcome_partial_episode_count": 3,
      "h125/outcome_partial_final_state_mse": 181.13546134599673,
      "h125/outcome_partial_state_mse": 20.67720343137255,
      "h125/outcome_success_episode_count": 3,
      "h125/outcome_success_final_state_mse": 184.0275671466503,
      "h125/outcome_success_state_mse": 20.869081290849675,
      "h125/state_mse": 28.975064052287582,
      "h20/episode_count": 15,
      "h20/final_state_mse": 0.010184973673103682,
      "h20/outcome_drop_episode_count": 3,
      "h20/outcome_drop_final_state_mse": 0.009760811048395494,
      "h20/outcome_drop_state_mse": 0.003836751568551157,
      "h20/outcome_jam_episode_count": 3,
      "h20/outcome_jam_final_state_mse": 0.00976580936534732,
      "h20/outcome_jam_state_mse": 0.004275084087272095,
      "h20/outcome_miss_episode_count": 3,
      "h20/outcome_miss_final_state_mse": 0.012433410275216196,
      "h20/outcome_miss_state_mse": 0.009643771601658241,
      "h20/outcome_partial_episode_count": 3,
      "h20/outcome_partial_final_state_mse": 0.00954866000250274,
      "h20/outcome_partial_state_mse": 0.0037335232971540465,
      "h20/outcome_success_episode_count": 3,
      "h20/outcome_success_final_state_mse": 0.009416181764571496,
      "h20/outcome_success_state_mse": 0.0037274961378060134,
      "h20/state_mse": 0.005043324987872753,
      "h30/episode_count": 15,
      "h30/final_state_mse": 0.030715418796913297,
      "h30/outcome_drop_episode_count": 3,
      "h30/outcome_drop_final_state_mse": 0.025271758924122728,
      "h30/outcome_drop_state_mse": 0.008082184137082567,
      "h30/outcome_jam_episode_count": 3,
      "h30/outcome_jam_final_state_mse": 0.025864040929507587,
      "h30/outcome_jam_state_mse": 0.008463310416227852,
      "h30/outcome_miss_episode_count": 3,
      "h30/outcome_miss_final_state_mse": 0.053058474671606924,
      "h30/outcome_miss_state_mse": 0.016167875053056703,
      "h30/outcome_partial_episode_count": 3,
      "h30/outcome_partial_final_state_mse": 0.024446910892436707,
      "h30/outcome_partial_state_mse": 0.007855054028413395,
      "h30/outcome_success_episode_count": 3,
      "h30/outcome_success_final_state_mse": 0.024935917137495052,
      "h30/outcome_success_state_mse": 0.007908850713492998,
      "h30/state_mse": 0.009695455181312977,
      "h40/episode_count": 15,
      "h40/final_state_mse": 0.20631199257046567,
      "h40/outcome_drop_episode_count": 3,
      "h40/outcome_drop_final_state_mse": 0.11767358094259026,
      "h40/outcome_drop_state_mse": 0.021220536637150383,
      "h40/outcome_jam_episode_count": 3,
      "h40/outcome_jam_final_state_mse": 0.13890507641960592,
      "h40/outcome_jam_state_mse": 0.023032664629369,
      "h40/outcome_miss_episode_count": 3,
      "h40/outcome_miss_final_state_mse": 0.5135899712057674,
      "h40/outcome_miss_state_mse": 0.05967852648566751,
      "h40/outcome_partial_episode_count": 3,
      "h40/outcome_partial_final_state_mse": 0.12876745922113556,
      "h40/outcome_partial_state_mse": 0.021351224300908106,
      "h40/outcome_success_episode_count": 3,
      "h40/outcome_success_final_state_mse": 0.13262386883006377,
      "h40/outcome_success_state_mse": 0.021784292171204013,
      "h40/state_mse": 0.0294134481592116,
      "h50/episode_count": 15,
      "h50/final_state_mse": 2.7807023590686275,
      "h50/outcome_drop_episode_count": 3,
      "h50/outcome_drop_final_state_mse": 1.3652702531004264,
      "h50/outcome_drop_state_mse": 0.13386099821601818,
      "h50/outcome_jam_episode_count": 3,
      "h50/outcome_jam_final_state_mse": 1.4059847912757226,
      "h50/outcome_jam_state_mse": 0.13961652768203636,
      "h50/outcome_miss_episode_count": 3,
      "h50/outcome_miss_final_state_mse": 8.453550052019505,
      "h50/outcome_miss_state_mse": 0.7335037530637255,
      "h50/outcome_partial_episode_count": 3,
      "h50/outcome_partial_final_state_mse": 1.3322445239896088,
      "h50/outcome_partial_state_mse": 0.13143391927083334,
      "h50/outcome_success_episode_count": 3,
      "h50/outcome_success_final_state_mse": 1.3464621749578738,
      "h50/outcome_success_state_mse": 0.1329867094949959,
      "h50/state_mse": 0.25428038194444447,
      "h75/episode_count": 15,
      "h75/final_state_mse": 1.2938503689236112,
      "h75/outcome_drop_episode_count": 3,
      "h75/outcome_drop_final_state_mse": 1.0555926553564134,
      "h75/outcome_drop_state_mse": 0.1969044617630038,
      "h75/outcome_jam_episode_count": 3,
      "h75/outcome_jam_final_state_mse": 1.1419213986864276,
      "h75/outcome_jam_state_mse": 0.20487236604711329,
      "h75/outcome_miss_episode_count": 3,
      "h75/outcome_miss_final_state_mse": 2.0760388592489405,
      "h75/outcome_miss_state_mse": 0.8075938478690087,
      "h75/outcome_partial_episode_count": 3,
      "h75/outcome_partial_final_state_mse": 1.1023667030085147,
      "h75/outcome_partial_state_mse": 0.19334662543402778,
      "h75/outcome_success_episode_count": 3,
      "h75/outcome_success_final_state_mse": 1.0933325524423636,
      "h75/outcome_success_state_mse": 0.19397102439065905,
      "h75/state_mse": 0.31933765659041397,
      "max_requested_horizon": 125,
      "reencode_period": 50,
      "rollout_mode": "periodic_50"
    }
  },
  "split": "test",
  "support_alignment": {
    "contact_phase": {
      "contact_phase_family_ari": 0.0,
      "contact_phase_family_nmi": 0.0,
      "contact_phase_family_purity": 0.9996668887408394,
      "contact_phase_sample_count": 3002.0,
      "h_contact_phase_given_family": 0.0030002889533867266,
      "h_family_given_contact_phase": 0.0,
      "unique_contact_phase_count": 2.0,
      "unique_family_count": 1.0
    },
    "contact_phase_alignment_available": true,
    "evaluated_state_count": 3017,
    "family_count": 1,
    "mean_family_similarity": 0.6220397353172302,
    "mean_support_size": 245.70334769638714,
    "outcome_alignment_available": true,
    "outcome_state": {
      "h_family_given_outcome": 0.0,
      "h_outcome_given_family": 1.6094379124341005,
      "outcome_family_ari": 0.0,
      "outcome_family_nmi": 0.0,
      "outcome_family_purity": 0.2,
      "outcome_sample_count": 15.0,
      "unique_family_count": 1.0,
      "unique_outcome_count": 5.0
    },
    "status": "ok",
    "unassigned_state_fraction": 0.0,
    "validation_state_count": 2346
  },
  "support_threshold": 0.2
}
{
  "best_periodic_rollout": {
    "episode_count": 15,
    "h10/episode_count": 15,
    "h10/final_state_mse": 0.002450879414876302,
    "h10/outcome_drop_episode_count": 3,
    "h10/outcome_drop_final_state_mse": 0.0017143465529859455,
    "h10/outcome_drop_state_mse": 0.0014460804026111278,
    "h10/outcome_jam_episode_count": 3,
    "h10/outcome_jam_final_state_mse": 0.0027788839503830555,
    "h10/outcome_jam_state_mse": 0.0019933634723713197,
    "h10/outcome_miss_episode_count": 3,
    "h10/outcome_miss_final_state_mse": 0.004351604462059495,
    "h10/outcome_miss_state_mse": 0.011184971940283683,
    "h10/outcome_partial_episode_count": 3,
    "h10/outcome_partial_final_state_mse": 0.0016787591712926727,
    "h10/outcome_partial_state_mse": 0.0013463938937467686,
    "h10/outcome_success_episode_count": 3,
    "h10/outcome_success_final_state_mse": 0.0017308037655026304,
    "h10/outcome_success_state_mse": 0.0013724042309655082,
    "h10/selected_mode": "periodic_5",
    "h10/selected_period": 5,
    "h10/state_mse": 0.00346864288928462,
    "h100/episode_count": 15,
    "h100/final_state_mse": 0.003514733034021714,
    "h100/outcome_drop_episode_count": 3,
    "h100/outcome_drop_final_state_mse": 0.0028288698225629096,
    "h100/outcome_drop_state_mse": 0.002620654324300928,
    "h100/outcome_jam_episode_count": 3,
    "h100/outcome_jam_final_state_mse": 0.0040422483450836605,
    "h100/outcome_jam_state_mse": 0.0032593990151399102,
    "h100/outcome_miss_episode_count": 3,
    "h100/outcome_miss_final_state_mse": 0.004696332015632804,
    "h100/outcome_miss_state_mse": 0.003767329695957159,
    "h100/outcome_partial_episode_count": 3,
    "h100/outcome_partial_final_state_mse": 0.0028954521795503453,
    "h100/outcome_partial_state_mse": 0.0022891384324217156,
    "h100/outcome_success_episode_count": 3,
    "h100/outcome_success_final_state_mse": 0.0031107628559754563,
    "h100/outcome_success_state_mse": 0.0024902368682661867,
    "h100/selected_mode": "periodic_5",
    "h100/selected_period": 5,
    "h100/state_mse": 0.002885351642284518,
    "h125/episode_count": 15,
    "h125/final_state_mse": 0.003840528749952129,
    "h125/outcome_drop_episode_count": 3,
    "h125/outcome_drop_final_state_mse": 0.004466090375691458,
    "h125/outcome_drop_state_mse": 0.0028343147826350593,
    "h125/outcome_jam_episode_count": 3,
    "h125/outcome_jam_final_state_mse": 0.0047329937905267955,
    "h125/outcome_jam_state_mse": 0.0036302388509114585,
    "h125/outcome_miss_episode_count": 3,
    "h125/outcome_miss_final_state_mse": 0.003631997074371849,
    "h125/outcome_miss_state_mse": 0.0035710688572303923,
    "h125/outcome_partial_episode_count": 3,
    "h125/outcome_partial_final_state_mse": 0.0025474675535376557,
    "h125/outcome_partial_state_mse": 0.00245823285470601,
    "h125/outcome_success_episode_count": 3,
    "h125/outcome_success_final_state_mse": 0.003824093494734733,
    "h125/outcome_success_state_mse": 0.0028784993240256714,
    "h125/selected_mode": "periodic_10",
    "h125/selected_period": 10,
    "h125/state_mse": 0.0030744708690767972,
    "h20/episode_count": 15,
    "h20/final_state_mse": 0.002225428624869951,
    "h20/outcome_drop_episode_count": 3,
    "h20/outcome_drop_final_state_mse": 0.002034931912336474,
    "h20/outcome_drop_state_mse": 0.0016641025254928987,
    "h20/outcome_jam_episode_count": 3,
    "h20/outcome_jam_final_state_mse": 0.002389017565577638,
    "h20/outcome_jam_state_mse": 0.0022288401921590167,
    "h20/outcome_miss_episode_count": 3,
    "h20/outcome_miss_final_state_mse": 0.0030648364545473087,
    "h20/outcome_miss_state_mse": 0.007584492209690069,
    "h20/outcome_partial_episode_count": 3,
    "h20/outcome_partial_final_state_mse": 0.0018038535186278275,
    "h20/outcome_partial_state_mse": 0.001578399441600625,
    "h20/outcome_success_episode_count": 3,
    "h20/outcome_success_final_state_mse": 0.001834503795002021,
    "h20/outcome_success_state_mse": 0.0016085942196690179,
    "h20/selected_mode": "periodic_5",
    "h20/selected_period": 5,
    "h20/state_mse": 0.002932885861864277,
    "h30/episode_count": 15,
    "h30/final_state_mse": 0.0019338450400657903,
    "h30/outcome_drop_episode_count": 3,
    "h30/outcome_drop_final_state_mse": 0.001799374137049407,
    "h30/outcome_drop_state_mse": 0.0017701861645401432,
    "h30/outcome_jam_episode_count": 3,
    "h30/outcome_jam_final_state_mse": 0.0021822444753709183,
    "h30/outcome_jam_state_mse": 0.0023176791101759036,
    "h30/outcome_miss_episode_count": 3,
    "h30/outcome_miss_final_state_mse": 0.002067930022485895,
    "h30/outcome_miss_state_mse": 0.005947049354935523,
    "h30/outcome_partial_episode_count": 3,
    "h30/outcome_partial_final_state_mse": 0.00178585535073592,
    "h30/outcome_partial_state_mse": 0.0016836628415226157,
    "h30/outcome_success_episode_count": 3,
    "h30/outcome_success_final_state_mse": 0.0018338211172936008,
    "h30/outcome_success_state_mse": 0.0017113576787229716,
    "h30/selected_mode": "periodic_5",
    "h30/selected_period": 5,
    "h30/state_mse": 0.0026859870195908224,
    "h40/episode_count": 15,
    "h40/final_state_mse": 0.0018912976084191815,
    "h40/outcome_drop_episode_count": 3,
    "h40/outcome_drop_final_state_mse": 0.0020318899814989054,
    "h40/outcome_drop_state_mse": 0.0019050441146676058,
    "h40/outcome_jam_episode_count": 3,
    "h40/outcome_jam_final_state_mse": 0.0019058382589053485,
    "h40/outcome_jam_state_mse": 0.0023458426294763104,
    "h40/outcome_miss_episode_count": 3,
    "h40/outcome_miss_final_state_mse": 0.0018265232249023088,
    "h40/outcome_miss_state_mse": 0.004994783759896272,
    "h40/outcome_partial_episode_count": 3,
    "h40/outcome_partial_final_state_mse": 0.0018486778428351957,
    "h40/outcome_partial_state_mse": 0.0017475733180451238,
    "h40/outcome_success_episode_count": 3,
    "h40/outcome_success_final_state_mse": 0.0018435585391677284,
    "h40/outcome_success_state_mse": 0.0017727246666266248,
    "h40/selected_mode": "periodic_5",
    "h40/selected_period": 5,
    "h40/state_mse": 0.002553193834092882,
    "h50/episode_count": 15,
    "h50/final_state_mse": 0.0021984781315124114,
    "h50/outcome_drop_episode_count": 3,
    "h50/outcome_drop_final_state_mse": 0.0023924161016551496,
    "h50/outcome_drop_state_mse": 0.0021305939107159385,
    "h50/outcome_jam_episode_count": 3,
    "h50/outcome_jam_final_state_mse": 0.0031524417447108847,
    "h50/outcome_jam_state_mse": 0.002436545845729853,
    "h50/outcome_miss_episode_count": 3,
    "h50/outcome_miss_final_state_mse": 0.0016291923820972443,
    "h50/outcome_miss_state_mse": 0.004371744667003357,
    "h50/outcome_partial_episode_count": 3,
    "h50/outcome_partial_final_state_mse": 0.0018783010591089336,
    "h50/outcome_partial_state_mse": 0.001804265103308983,
    "h50/outcome_success_episode_count": 3,
    "h50/outcome_success_final_state_mse": 0.0019400401247872247,
    "h50/outcome_success_state_mse": 0.001829126083772946,
    "h50/selected_mode": "periodic_5",
    "h50/selected_period": 5,
    "h50/state_mse": 0.0025144549600439135,
    "h75/episode_count": 15,
    "h75/final_state_mse": 0.004341892790950202,
    "h75/outcome_drop_episode_count": 3,
    "h75/outcome_drop_final_state_mse": 0.0038209876739511302,
    "h75/outcome_drop_state_mse": 0.0025218395158356313,
    "h75/outcome_jam_episode_count": 3,
    "h75/outcome_jam_final_state_mse": 0.005184833666467979,
    "h75/outcome_jam_state_mse": 0.002863717588204444,
    "h75/outcome_miss_episode_count": 3,
    "h75/outcome_miss_final_state_mse": 0.004709883063447242,
    "h75/outcome_miss_state_mse": 0.0038280470438772298,
    "h75/outcome_partial_episode_count": 3,
    "h75/outcome_partial_final_state_mse": 0.003314305364696029,
    "h75/outcome_partial_state_mse": 0.0021426896487965305,
    "h75/outcome_success_episode_count": 3,
    "h75/outcome_success_final_state_mse": 0.0046794547461995895,
    "h75/outcome_success_state_mse": 0.002226396074482039,
    "h75/selected_mode": "periodic_5",
    "h75/selected_period": 5,
    "h75/state_mse": 0.0027165381072133715,
    "max_requested_horizon": 125,
    "periodic_reencode_periods": [
      1,
      2,
      5,
      10,
      20,
      50,
      100
    ],
    "rollout_mode": "best_periodic"
  },
  "checkpoint": "runs/maniskill_insertion/perturbation_e20_5k_lista_refine_20260604_143125/lista_relu_a0p0075_sp1em5_loops1/seed2/checkpoint.pt",
  "checkpoint_step": 1500,
  "dataset": "data/maniskill/perturbation_assessment_seed0_e20/all_setups.npz",
  "device": "cuda",
  "family_jaccard": 0.4,
  "horizons": [
    10,
    20,
    30,
    40,
    50,
    75,
    100,
    125
  ],
  "labels_used_for_training": false,
  "periodic_reencode_periods": [
    1,
    2,
    5,
    10,
    20,
    50,
    100
  ],
  "rollout": {
    "episode_count": 15,
    "h10/episode_count": 15,
    "h10/final_state_mse": 0.0033144249635584213,
    "h10/outcome_drop_episode_count": 3,
    "h10/outcome_drop_final_state_mse": 0.0024514514587673487,
    "h10/outcome_drop_state_mse": 0.001613629098032035,
    "h10/outcome_jam_episode_count": 3,
    "h10/outcome_jam_final_state_mse": 0.0038993315759047963,
    "h10/outcome_jam_state_mse": 0.0022095333516987323,
    "h10/outcome_miss_episode_count": 3,
    "h10/outcome_miss_final_state_mse": 0.00521571812481662,
    "h10/outcome_miss_state_mse": 0.011286172212338914,
    "h10/outcome_partial_episode_count": 3,
    "h10/outcome_partial_final_state_mse": 0.0025007752762510886,
    "h10/outcome_partial_state_mse": 0.00152694732924692,
    "h10/outcome_success_episode_count": 3,
    "h10/outcome_success_final_state_mse": 0.002504848844670003,
    "h10/outcome_success_state_mse": 0.0015385889149958792,
    "h10/state_mse": 0.003634974161783854,
    "h100/episode_count": 15,
    "h100/final_state_mse": 435628.9254901961,
    "h100/outcome_drop_episode_count": 3,
    "h100/outcome_drop_final_state_mse": 321204.7843137255,
    "h100/outcome_drop_state_mse": 14370.133333333333,
    "h100/outcome_jam_episode_count": 3,
    "h100/outcome_jam_final_state_mse": 367588.2418300654,
    "h100/outcome_jam_state_mse": 16467.42483660131,
    "h100/outcome_miss_episode_count": 3,
    "h100/outcome_miss_final_state_mse": 826731.6993464052,
    "h100/outcome_miss_state_mse": 37663.03581699346,
    "h100/outcome_partial_episode_count": 3,
    "h100/outcome_partial_final_state_mse": 329693.2091503268,
    "h100/outcome_partial_state_mse": 14715.241307189543,
    "h100/outcome_success_episode_count": 3,
    "h100/outcome_success_final_state_mse": 332926.61437908496,
    "h100/outcome_success_state_mse": 14826.268496732026,
    "h100/state_mse": 19608.420392156862,
    "h125/episode_count": 15,
    "h125/final_state_mse": 291225600.0,
    "h125/outcome_drop_episode_count": 3,
    "h125/outcome_drop_final_state_mse": 209682878.74509802,
    "h125/outcome_drop_state_mse": 7201934.583633987,
    "h125/outcome_jam_episode_count": 3,
    "h125/outcome_jam_final_state_mse": 219556345.30718955,
    "h125/outcome_jam_state_mse": 7656209.789490196,
    "h125/outcome_miss_episode_count": 3,
    "h125/outcome_miss_final_state_mse": 606005984.2091503,
    "h125/outcome_miss_state_mse": 20661101.240052287,
    "h125/outcome_partial_episode_count": 3,
    "h125/outcome_partial_final_state_mse": 210798827.92156863,
    "h125/outcome_partial_state_mse": 7282644.309333334,
    "h125/outcome_success_episode_count": 3,
    "h125/outcome_success_final_state_mse": 210084017.35947713,
    "h125/outcome_success_state_mse": 7276299.203764706,
    "h125/state_mse": 10015637.461166013,
    "h20/episode_count": 15,
    "h20/final_state_mse": 0.00959776523066502,
    "h20/outcome_drop_episode_count": 3,
    "h20/outcome_drop_final_state_mse": 0.009331508789187164,
    "h20/outcome_drop_state_mse": 0.0037928931074204786,
    "h20/outcome_jam_episode_count": 3,
    "h20/outcome_jam_final_state_mse": 0.009531577525575177,
    "h20/outcome_jam_state_mse": 0.004223962196337631,
    "h20/outcome_miss_episode_count": 3,
    "h20/outcome_miss_final_state_mse": 0.011073296171387815,
    "h20/outcome_miss_state_mse": 0.009622356782551685,
    "h20/outcome_partial_episode_count": 3,
    "h20/outcome_partial_final_state_mse": 0.009071019934672936,
    "h20/outcome_partial_state_mse": 0.0036771692092122596,
    "h20/outcome_success_episode_count": 3,
    "h20/outcome_success_final_state_mse": 0.008981423342929166,
    "h20/outcome_success_state_mse": 0.0036780726286320905,
    "h20/state_mse": 0.004998890995200163,
    "h30/episode_count": 15,
    "h30/final_state_mse": 0.02811052908305249,
    "h30/outcome_drop_episode_count": 3,
    "h30/outcome_drop_final_state_mse": 0.021614512197332444,
    "h30/outcome_drop_state_mse": 0.007388270862221978,
    "h30/outcome_jam_episode_count": 3,
    "h30/outcome_jam_final_state_mse": 0.022977005422504897,
    "h30/outcome_jam_state_mse": 0.007807735991633796,
    "h30/outcome_miss_episode_count": 3,
    "h30/outcome_miss_final_state_mse": 0.05336171038010541,
    "h30/outcome_miss_state_mse": 0.015453253851996527,
    "h30/outcome_partial_episode_count": 3,
    "h30/outcome_partial_final_state_mse": 0.021145731405495038,
    "h30/outcome_partial_state_mse": 0.007172744933816083,
    "h30/outcome_success_episode_count": 3,
    "h30/outcome_success_final_state_mse": 0.021453679387086356,
    "h30/outcome_success_state_mse": 0.00721962457129119,
    "h30/state_mse": 0.00900832564742477,
    "h40/episode_count": 15,
    "h40/final_state_mse": 0.21161520964179942,
    "h40/outcome_drop_episode_count": 3,
    "h40/outcome_drop_final_state_mse": 0.12569458656061708,
    "h40/outcome_drop_state_mse": 0.02098259364857393,
    "h40/outcome_jam_episode_count": 3,
    "h40/outcome_jam_final_state_mse": 0.1435810008080177,
    "h40/outcome_jam_state_mse": 0.022582678389705086,
    "h40/outcome_miss_episode_count": 3,
    "h40/outcome_miss_final_state_mse": 0.5239790748147404,
    "h40/outcome_miss_state_mse": 0.062219986261106,
    "h40/outcome_partial_episode_count": 3,
    "h40/outcome_partial_final_state_mse": 0.13107902240129857,
    "h40/outcome_partial_state_mse": 0.020645122590407825,
    "h40/outcome_success_episode_count": 3,
    "h40/outcome_success_final_state_mse": 0.13374236985748889,
    "h40/outcome_success_state_mse": 0.020951651280222375,
    "h40/state_mse": 0.02947640612234477,
    "h50/episode_count": 15,
    "h50/final_state_mse": 2.8060253267973856,
    "h50/outcome_drop_episode_count": 3,
    "h50/outcome_drop_final_state_mse": 1.448468351675794,
    "h50/outcome_drop_state_mse": 0.14168173197827308,
    "h50/outcome_jam_episode_count": 3,
    "h50/outcome_jam_final_state_mse": 1.4708504022336473,
    "h50/outcome_jam_state_mse": 0.1434295654296875,
    "h50/outcome_miss_episode_count": 3,
    "h50/outcome_miss_final_state_mse": 8.36347572476256,
    "h50/outcome_miss_state_mse": 0.7283379289215687,
    "h50/outcome_partial_episode_count": 3,
    "h50/outcome_partial_final_state_mse": 1.3669668459424786,
    "h50/outcome_partial_state_mse": 0.13344597710503472,
    "h50/outcome_success_episode_count": 3,
    "h50/outcome_success_final_state_mse": 1.3803646860559002,
    "h50/outcome_success_state_mse": 0.1344709548451542,
    "h50/state_mse": 0.256273233251634,
    "h75/episode_count": 15,
    "h75/final_state_mse": 919.2790032679738,
    "h75/outcome_drop_episode_count": 3,
    "h75/outcome_drop_final_state_mse": 633.5361966401143,
    "h75/outcome_drop_state_mse": 39.67417551742919,
    "h75/outcome_jam_episode_count": 3,
    "h75/outcome_jam_final_state_mse": 683.2549657883987,
    "h75/outcome_jam_state_mse": 42.02413194444444,
    "h75/outcome_miss_episode_count": 3,
    "h75/outcome_miss_final_state_mse": 2017.8323120915034,
    "h75/outcome_miss_state_mse": 134.2516094771242,
    "h75/outcome_partial_episode_count": 3,
    "h75/outcome_partial_final_state_mse": 628.2933261846405,
    "h75/outcome_partial_state_mse": 39.1189086328976,
    "h75/outcome_success_episode_count": 3,
    "h75/outcome_success_final_state_mse": 633.4783624387255,
    "h75/outcome_success_state_mse": 39.39850728485839,
    "h75/state_mse": 58.893464052287584,
    "max_requested_horizon": 125,
    "reencode_period": null,
    "rollout_mode": "no_reencode"
  },
  "rollout_modes": {
    "no_reencode": {
      "episode_count": 15,
      "h10/episode_count": 15,
      "h10/final_state_mse": 0.0033144249635584213,
      "h10/outcome_drop_episode_count": 3,
      "h10/outcome_drop_final_state_mse": 0.0024514514587673487,
      "h10/outcome_drop_state_mse": 0.001613629098032035,
      "h10/outcome_jam_episode_count": 3,
      "h10/outcome_jam_final_state_mse": 0.0038993315759047963,
      "h10/outcome_jam_state_mse": 0.0022095333516987323,
      "h10/outcome_miss_episode_count": 3,
      "h10/outcome_miss_final_state_mse": 0.00521571812481662,
      "h10/outcome_miss_state_mse": 0.011286172212338914,
      "h10/outcome_partial_episode_count": 3,
      "h10/outcome_partial_final_state_mse": 0.0025007752762510886,
      "h10/outcome_partial_state_mse": 0.00152694732924692,
      "h10/outcome_success_episode_count": 3,
      "h10/outcome_success_final_state_mse": 0.002504848844670003,
      "h10/outcome_success_state_mse": 0.0015385889149958792,
      "h10/state_mse": 0.003634974161783854,
      "h100/episode_count": 15,
      "h100/final_state_mse": 435628.9254901961,
      "h100/outcome_drop_episode_count": 3,
      "h100/outcome_drop_final_state_mse": 321204.7843137255,
      "h100/outcome_drop_state_mse": 14370.133333333333,
      "h100/outcome_jam_episode_count": 3,
      "h100/outcome_jam_final_state_mse": 367588.2418300654,
      "h100/outcome_jam_state_mse": 16467.42483660131,
      "h100/outcome_miss_episode_count": 3,
      "h100/outcome_miss_final_state_mse": 826731.6993464052,
      "h100/outcome_miss_state_mse": 37663.03581699346,
      "h100/outcome_partial_episode_count": 3,
      "h100/outcome_partial_final_state_mse": 329693.2091503268,
      "h100/outcome_partial_state_mse": 14715.241307189543,
      "h100/outcome_success_episode_count": 3,
      "h100/outcome_success_final_state_mse": 332926.61437908496,
      "h100/outcome_success_state_mse": 14826.268496732026,
      "h100/state_mse": 19608.420392156862,
      "h125/episode_count": 15,
      "h125/final_state_mse": 291225600.0,
      "h125/outcome_drop_episode_count": 3,
      "h125/outcome_drop_final_state_mse": 209682878.74509802,
      "h125/outcome_drop_state_mse": 7201934.583633987,
      "h125/outcome_jam_episode_count": 3,
      "h125/outcome_jam_final_state_mse": 219556345.30718955,
      "h125/outcome_jam_state_mse": 7656209.789490196,
      "h125/outcome_miss_episode_count": 3,
      "h125/outcome_miss_final_state_mse": 606005984.2091503,
      "h125/outcome_miss_state_mse": 20661101.240052287,
      "h125/outcome_partial_episode_count": 3,
      "h125/outcome_partial_final_state_mse": 210798827.92156863,
      "h125/outcome_partial_state_mse": 7282644.309333334,
      "h125/outcome_success_episode_count": 3,
      "h125/outcome_success_final_state_mse": 210084017.35947713,
      "h125/outcome_success_state_mse": 7276299.203764706,
      "h125/state_mse": 10015637.461166013,
      "h20/episode_count": 15,
      "h20/final_state_mse": 0.00959776523066502,
      "h20/outcome_drop_episode_count": 3,
      "h20/outcome_drop_final_state_mse": 0.009331508789187164,
      "h20/outcome_drop_state_mse": 0.0037928931074204786,
      "h20/outcome_jam_episode_count": 3,
      "h20/outcome_jam_final_state_mse": 0.009531577525575177,
      "h20/outcome_jam_state_mse": 0.004223962196337631,
      "h20/outcome_miss_episode_count": 3,
      "h20/outcome_miss_final_state_mse": 0.011073296171387815,
      "h20/outcome_miss_state_mse": 0.009622356782551685,
      "h20/outcome_partial_episode_count": 3,
      "h20/outcome_partial_final_state_mse": 0.009071019934672936,
      "h20/outcome_partial_state_mse": 0.0036771692092122596,
      "h20/outcome_success_episode_count": 3,
      "h20/outcome_success_final_state_mse": 0.008981423342929166,
      "h20/outcome_success_state_mse": 0.0036780726286320905,
      "h20/state_mse": 0.004998890995200163,
      "h30/episode_count": 15,
      "h30/final_state_mse": 0.02811052908305249,
      "h30/outcome_drop_episode_count": 3,
      "h30/outcome_drop_final_state_mse": 0.021614512197332444,
      "h30/outcome_drop_state_mse": 0.007388270862221978,
      "h30/outcome_jam_episode_count": 3,
      "h30/outcome_jam_final_state_mse": 0.022977005422504897,
      "h30/outcome_jam_state_mse": 0.007807735991633796,
      "h30/outcome_miss_episode_count": 3,
      "h30/outcome_miss_final_state_mse": 0.05336171038010541,
      "h30/outcome_miss_state_mse": 0.015453253851996527,
      "h30/outcome_partial_episode_count": 3,
      "h30/outcome_partial_final_state_mse": 0.021145731405495038,
      "h30/outcome_partial_state_mse": 0.007172744933816083,
      "h30/outcome_success_episode_count": 3,
      "h30/outcome_success_final_state_mse": 0.021453679387086356,
      "h30/outcome_success_state_mse": 0.00721962457129119,
      "h30/state_mse": 0.00900832564742477,
      "h40/episode_count": 15,
      "h40/final_state_mse": 0.21161520964179942,
      "h40/outcome_drop_episode_count": 3,
      "h40/outcome_drop_final_state_mse": 0.12569458656061708,
      "h40/outcome_drop_state_mse": 0.02098259364857393,
      "h40/outcome_jam_episode_count": 3,
      "h40/outcome_jam_final_state_mse": 0.1435810008080177,
      "h40/outcome_jam_state_mse": 0.022582678389705086,
      "h40/outcome_miss_episode_count": 3,
      "h40/outcome_miss_final_state_mse": 0.5239790748147404,
      "h40/outcome_miss_state_mse": 0.062219986261106,
      "h40/outcome_partial_episode_count": 3,
      "h40/outcome_partial_final_state_mse": 0.13107902240129857,
      "h40/outcome_partial_state_mse": 0.020645122590407825,
      "h40/outcome_success_episode_count": 3,
      "h40/outcome_success_final_state_mse": 0.13374236985748889,
      "h40/outcome_success_state_mse": 0.020951651280222375,
      "h40/state_mse": 0.02947640612234477,
      "h50/episode_count": 15,
      "h50/final_state_mse": 2.8060253267973856,
      "h50/outcome_drop_episode_count": 3,
      "h50/outcome_drop_final_state_mse": 1.448468351675794,
      "h50/outcome_drop_state_mse": 0.14168173197827308,
      "h50/outcome_jam_episode_count": 3,
      "h50/outcome_jam_final_state_mse": 1.4708504022336473,
      "h50/outcome_jam_state_mse": 0.1434295654296875,
      "h50/outcome_miss_episode_count": 3,
      "h50/outcome_miss_final_state_mse": 8.36347572476256,
      "h50/outcome_miss_state_mse": 0.7283379289215687,
      "h50/outcome_partial_episode_count": 3,
      "h50/outcome_partial_final_state_mse": 1.3669668459424786,
      "h50/outcome_partial_state_mse": 0.13344597710503472,
      "h50/outcome_success_episode_count": 3,
      "h50/outcome_success_final_state_mse": 1.3803646860559002,
      "h50/outcome_success_state_mse": 0.1344709548451542,
      "h50/state_mse": 0.256273233251634,
      "h75/episode_count": 15,
      "h75/final_state_mse": 919.2790032679738,
      "h75/outcome_drop_episode_count": 3,
      "h75/outcome_drop_final_state_mse": 633.5361966401143,
      "h75/outcome_drop_state_mse": 39.67417551742919,
      "h75/outcome_jam_episode_count": 3,
      "h75/outcome_jam_final_state_mse": 683.2549657883987,
      "h75/outcome_jam_state_mse": 42.02413194444444,
      "h75/outcome_miss_episode_count": 3,
      "h75/outcome_miss_final_state_mse": 2017.8323120915034,
      "h75/outcome_miss_state_mse": 134.2516094771242,
      "h75/outcome_partial_episode_count": 3,
      "h75/outcome_partial_final_state_mse": 628.2933261846405,
      "h75/outcome_partial_state_mse": 39.1189086328976,
      "h75/outcome_success_episode_count": 3,
      "h75/outcome_success_final_state_mse": 633.4783624387255,
      "h75/outcome_success_state_mse": 39.39850728485839,
      "h75/state_mse": 58.893464052287584,
      "max_requested_horizon": 125,
      "reencode_period": null,
      "rollout_mode": "no_reencode"
    },
    "periodic_1": {
      "episode_count": 15,
      "h10/episode_count": 15,
      "h10/final_state_mse": 0.002902950336730558,
      "h10/outcome_drop_episode_count": 3,
      "h10/outcome_drop_final_state_mse": 0.0016173516807992474,
      "h10/outcome_drop_state_mse": 0.0015381433800155042,
      "h10/outcome_jam_episode_count": 3,
      "h10/outcome_jam_final_state_mse": 0.0025517261690563625,
      "h10/outcome_jam_state_mse": 0.0020932821666493134,
      "h10/outcome_miss_episode_count": 3,
      "h10/outcome_miss_final_state_mse": 0.007029699490350836,
      "h10/outcome_miss_state_mse": 0.012719597068487428,
      "h10/outcome_partial_episode_count": 3,
      "h10/outcome_partial_final_state_mse": 0.0016627021474775925,
      "h10/outcome_partial_state_mse": 0.001439429381314446,
      "h10/outcome_success_episode_count": 3,
      "h10/outcome_success_final_state_mse": 0.0016532732551199159,
      "h10/outcome_success_state_mse": 0.0014633737942751717,
      "h10/state_mse": 0.003850765103608175,
      "h100/episode_count": 15,
      "h100/final_state_mse": 0.009229722989150901,
      "h100/outcome_drop_episode_count": 3,
      "h100/outcome_drop_final_state_mse": 0.008139255487061793,
      "h100/outcome_drop_state_mse": 0.006132222343893612,
      "h100/outcome_jam_episode_count": 3,
      "h100/outcome_jam_final_state_mse": 0.006331414568657968,
      "h100/outcome_jam_state_mse": 0.004746264227075515,
      "h100/outcome_miss_episode_count": 3,
      "h100/outcome_miss_final_state_mse": 0.01837178811528324,
      "h100/outcome_miss_state_mse": 0.008032474642485575,
      "h100/outcome_partial_episode_count": 3,
      "h100/outcome_partial_final_state_mse": 0.008728821487987743,
      "h100/outcome_partial_state_mse": 0.004956893235250236,
      "h100/outcome_success_episode_count": 3,
      "h100/outcome_success_final_state_mse": 0.004577334410224865,
      "h100/outcome_success_state_mse": 0.004816187098135356,
      "h100/state_mse": 0.005736808427798203,
      "h125/episode_count": 15,
      "h125/final_state_mse": 0.009760750041288489,
      "h125/outcome_drop_episode_count": 3,
      "h125/outcome_drop_final_state_mse": 0.009282131210651273,
      "h125/outcome_drop_state_mse": 0.006534190558140574,
      "h125/outcome_jam_episode_count": 3,
      "h125/outcome_jam_final_state_mse": 0.009385800244761449,
      "h125/outcome_jam_state_mse": 0.005560905306946998,
      "h125/outcome_miss_episode_count": 3,
      "h125/outcome_miss_final_state_mse": 0.01230395190856036,
      "h125/outcome_miss_state_mse": 0.008861279057521446,
      "h125/outcome_partial_episode_count": 3,
      "h125/outcome_partial_final_state_mse": 0.00893846680136288,
      "h125/outcome_partial_state_mse": 0.005571078680699167,
      "h125/outcome_success_episode_count": 3,
      "h125/outcome_success_final_state_mse": 0.008893399261960797,
      "h125/outcome_success_state_mse": 0.005469737433140574,
      "h125/state_mse": 0.006399438316993464,
      "h20/episode_count": 15,
      "h20/final_state_mse": 0.004549410452250562,
      "h20/outcome_drop_episode_count": 3,
      "h20/outcome_drop_final_state_mse": 0.00348134363204046,
      "h20/outcome_drop_state_mse": 0.002164606409135208,
      "h20/outcome_jam_episode_count": 3,
      "h20/outcome_jam_final_state_mse": 0.00389171941997179,
      "h20/outcome_jam_state_mse": 0.002650328009736304,
      "h20/outcome_miss_episode_count": 3,
      "h20/outcome_miss_final_state_mse": 0.008723887450554791,
      "h20/outcome_miss_state_mse": 0.010521428725298713,
      "h20/outcome_partial_episode_count": 3,
      "h20/outcome_partial_final_state_mse": 0.003297649956996145,
      "h20/outcome_partial_state_mse": 0.002094075551220015,
      "h20/outcome_success_episode_count": 3,
      "h20/outcome_success_final_state_mse": 0.003352452337352279,
      "h20/outcome_success_state_mse": 0.002122415865168852,
      "h20/state_mse": 0.0039105708303015215,
      "h30/episode_count": 15,
      "h30/final_state_mse": 0.004037440368552613,
      "h30/outcome_drop_episode_count": 3,
      "h30/outcome_drop_final_state_mse": 0.003676197692459705,
      "h30/outcome_drop_state_mse": 0.002618463392610903,
      "h30/outcome_jam_episode_count": 3,
      "h30/outcome_jam_final_state_mse": 0.004286171028427049,
      "h30/outcome_jam_state_mse": 0.0030570553798301547,
      "h30/outcome_miss_episode_count": 3,
      "h30/outcome_miss_final_state_mse": 0.004539704205943089,
      "h30/outcome_miss_state_mse": 0.009128181607115503,
      "h30/outcome_partial_episode_count": 3,
      "h30/outcome_partial_final_state_mse": 0.003806500019980412,
      "h30/outcome_partial_state_mse": 0.002554025966876992,
      "h30/outcome_success_episode_count": 3,
      "h30/outcome_success_final_state_mse": 0.003878629431615468,
      "h30/outcome_success_state_mse": 0.0025820861195167424,
      "h30/state_mse": 0.0039879623113894,
      "h40/episode_count": 15,
      "h40/final_state_mse": 0.004642313601923924,
      "h40/outcome_drop_episode_count": 3,
      "h40/outcome_drop_final_state_mse": 0.007431477454363131,
      "h40/outcome_drop_state_mse": 0.0032676484070572197,
      "h40/outcome_jam_episode_count": 3,
      "h40/outcome_jam_final_state_mse": 0.004109665800153819,
      "h40/outcome_jam_state_mse": 0.0032985089651120254,
      "h40/outcome_miss_episode_count": 3,
      "h40/outcome_miss_final_state_mse": 0.003283738602999768,
      "h40/outcome_miss_state_mse": 0.007714459787007251,
      "h40/outcome_partial_episode_count": 3,
      "h40/outcome_partial_final_state_mse": 0.00421489161603591,
      "h40/outcome_partial_state_mse": 0.002859930703842562,
      "h40/outcome_success_episode_count": 3,
      "h40/outcome_success_final_state_mse": 0.004171794170842451,
      "h40/outcome_success_state_mse": 0.0028895901309119332,
      "h40/state_mse": 0.004006027770198249,
      "h50/episode_count": 15,
      "h50/final_state_mse": 0.004636985492082983,
      "h50/outcome_drop_episode_count": 3,
      "h50/outcome_drop_final_state_mse": 0.006511985573893279,
      "h50/outcome_drop_state_mse": 0.004267486809125913,
      "h50/outcome_jam_episode_count": 3,
      "h50/outcome_jam_final_state_mse": 0.004714272916316986,
      "h50/outcome_jam_state_mse": 0.0036374733494777306,
      "h50/outcome_miss_episode_count": 3,
      "h50/outcome_miss_final_state_mse": 0.0030027829548891854,
      "h50/outcome_miss_state_mse": 0.00686877855288437,
      "h50/outcome_partial_episode_count": 3,
      "h50/outcome_partial_final_state_mse": 0.004486369249088312,
      "h50/outcome_partial_state_mse": 0.003190363778008355,
      "h50/outcome_success_episode_count": 3,
      "h50/outcome_success_final_state_mse": 0.004469517545372832,
      "h50/outcome_success_state_mse": 0.0032240307253170635,
      "h50/state_mse": 0.0042376270169526145,
      "h75/episode_count": 15,
      "h75/final_state_mse": 0.008403526879603567,
      "h75/outcome_drop_episode_count": 3,
      "h75/outcome_drop_final_state_mse": 0.010412279881683051,
      "h75/outcome_drop_state_mse": 0.00549451217152714,
      "h75/outcome_jam_episode_count": 3,
      "h75/outcome_jam_final_state_mse": 0.0065664876909816965,
      "h75/outcome_jam_state_mse": 0.004625397268723299,
      "h75/outcome_miss_episode_count": 3,
      "h75/outcome_miss_final_state_mse": 0.006926368848950255,
      "h75/outcome_miss_state_mse": 0.005637551101983762,
      "h75/outcome_partial_episode_count": 3,
      "h75/outcome_partial_final_state_mse": 0.007445229716550291,
      "h75/outcome_partial_state_mse": 0.004474367046148429,
      "h75/outcome_success_episode_count": 3,
      "h75/outcome_success_final_state_mse": 0.010667267772886489,
      "h75/outcome_success_state_mse": 0.004652455523123149,
      "h75/state_mse": 0.00497685663892293,
      "max_requested_horizon": 125,
      "reencode_period": 1,
      "rollout_mode": "periodic_1"
    },
    "periodic_10": {
      "episode_count": 15,
      "h10/episode_count": 15,
      "h10/final_state_mse": 0.0033144249635584213,
      "h10/outcome_drop_episode_count": 3,
      "h10/outcome_drop_final_state_mse": 0.002451451117891112,
      "h10/outcome_drop_state_mse": 0.0016136292733398138,
      "h10/outcome_jam_episode_count": 3,
      "h10/outcome_jam_final_state_mse": 0.0038993315759047963,
      "h10/outcome_jam_state_mse": 0.0022095335854424372,
      "h10/outcome_miss_episode_count": 3,
      "h10/outcome_miss_final_state_mse": 0.005215719098748724,
      "h10/outcome_miss_state_mse": 0.011286172056509778,
      "h10/outcome_partial_episode_count": 3,
      "h10/outcome_partial_final_state_mse": 0.0025007750814646677,
      "h10/outcome_partial_state_mse": 0.0015269471734177832,
      "h10/outcome_success_episode_count": 3,
      "h10/outcome_success_final_state_mse": 0.002504848844670003,
      "h10/outcome_success_state_mse": 0.0015385884864657533,
      "h10/state_mse": 0.003634974161783854,
      "h100/episode_count": 15,
      "h100/final_state_mse": 0.0034783734215630426,
      "h100/outcome_drop_episode_count": 3,
      "h100/outcome_drop_final_state_mse": 0.003137362548728394,
      "h100/outcome_drop_state_mse": 0.0025856159870920616,
      "h100/outcome_jam_episode_count": 3,
      "h100/outcome_jam_final_state_mse": 0.004483629967652115,
      "h100/outcome_jam_state_mse": 0.0034113577300427006,
      "h100/outcome_miss_episode_count": 3,
      "h100/outcome_miss_final_state_mse": 0.002593778512057136,
      "h100/outcome_miss_state_mse": 0.0036981721017874925,
      "h100/outcome_partial_episode_count": 3,
      "h100/outcome_partial_final_state_mse": 0.0027368594131438563,
      "h100/outcome_partial_state_mse": 0.0023884864881926894,
      "h100/outcome_success_episode_count": 3,
      "h100/outcome_success_final_state_mse": 0.004440236227964264,
      "h100/outcome_success_state_mse": 0.0027084104687559838,
      "h100/state_mse": 0.0029584087297028186,
      "h125/episode_count": 15,
      "h125/final_state_mse": 0.003840528749952129,
      "h125/outcome_drop_episode_count": 3,
      "h125/outcome_drop_final_state_mse": 0.004466090375691458,
      "h125/outcome_drop_state_mse": 0.0028343147826350593,
      "h125/outcome_jam_episode_count": 3,
      "h125/outcome_jam_final_state_mse": 0.0047329937905267955,
      "h125/outcome_jam_state_mse": 0.0036302388509114585,
      "h125/outcome_miss_episode_count": 3,
      "h125/outcome_miss_final_state_mse": 0.003631997074371849,
      "h125/outcome_miss_state_mse": 0.0035710688572303923,
      "h125/outcome_partial_episode_count": 3,
      "h125/outcome_partial_final_state_mse": 0.0025474675535376557,
      "h125/outcome_partial_state_mse": 0.00245823285470601,
      "h125/outcome_success_episode_count": 3,
      "h125/outcome_success_final_state_mse": 0.003824093494734733,
      "h125/outcome_success_state_mse": 0.0028784993240256714,
      "h125/state_mse": 0.0030744708690767972,
      "h20/episode_count": 15,
      "h20/final_state_mse": 0.0034618265488568474,
      "h20/outcome_drop_episode_count": 3,
      "h20/outcome_drop_final_state_mse": 0.003231718844058467,
      "h20/outcome_drop_state_mse": 0.0021239395624671887,
      "h20/outcome_jam_episode_count": 3,
      "h20/outcome_jam_final_state_mse": 0.0035866544234986397,
      "h20/outcome_jam_state_mse": 0.002710376611722061,
      "h20/outcome_miss_episode_count": 3,
      "h20/outcome_miss_final_state_mse": 0.004297310255127015,
      "h20/outcome_miss_state_mse": 0.007946082657458735,
      "h20/outcome_partial_episode_count": 3,
      "h20/outcome_partial_final_state_mse": 0.00312452356702362,
      "h20/outcome_partial_state_mse": 0.002059046622195275,
      "h20/outcome_success_episode_count": 3,
      "h20/outcome_success_final_state_mse": 0.0030689254354417713,
      "h20/outcome_success_state_mse": 0.002056960147969863,
      "h20/state_mse": 0.0033792812372344773,
      "h30/episode_count": 15,
      "h30/final_state_mse": 0.002974338780820759,
      "h30/outcome_drop_episode_count": 3,
      "h30/outcome_drop_final_state_mse": 0.0027887437711743746,
      "h30/outcome_drop_state_mse": 0.002326999276811521,
      "h30/outcome_jam_episode_count": 3,
      "h30/outcome_jam_final_state_mse": 0.003135602312539917,
      "h30/outcome_jam_state_mse": 0.0028967837622482532,
      "h30/outcome_miss_episode_count": 3,
      "h30/outcome_miss_final_state_mse": 0.0034382648132984936,
      "h30/outcome_miss_state_mse": 0.006457208288521029,
      "h30/outcome_partial_episode_count": 3,
      "h30/outcome_partial_final_state_mse": 0.0027278269233267293,
      "h30/outcome_partial_state_mse": 0.0022700756983040204,
      "h30/outcome_success_episode_count": 3,
      "h30/outcome_success_final_state_mse": 0.002781255888977861,
      "h30/outcome_success_state_mse": 0.00226540877148996,
      "h30/state_mse": 0.0032432951750578703,
      "h40/episode_count": 15,
      "h40/final_state_mse": 0.0026400787378448288,
      "h40/outcome_drop_episode_count": 3,
      "h40/outcome_drop_final_state_mse": 0.0022138466729837306,
      "h40/outcome_drop_state_mse": 0.0023820827599444422,
      "h40/outcome_jam_episode_count": 3,
      "h40/outcome_jam_final_state_mse": 0.003019156555334727,
      "h40/outcome_jam_state_mse": 0.0029351441688786925,
      "h40/outcome_miss_episode_count": 3,
      "h40/outcome_miss_final_state_mse": 0.0023041461028304754,
      "h40/outcome_miss_state_mse": 0.005447837885688333,
      "h40/outcome_partial_episode_count": 3,
      "h40/outcome_partial_final_state_mse": 0.0028474999506489123,
      "h40/outcome_partial_state_mse": 0.0023258216046040353,
      "h40/outcome_success_episode_count": 3,
      "h40/outcome_success_final_state_mse": 0.0028157454300550074,
      "h40/outcome_success_state_mse": 0.002322585871017057,
      "h40/state_mse": 0.0030826945086709816,
      "h50/episode_count": 15,
      "h50/final_state_mse": 0.0027125352348377502,
      "h50/outcome_drop_episode_count": 3,
      "h50/outcome_drop_final_state_mse": 0.0029424855522080964,
      "h50/outcome_drop_state_mse": 0.002480107413397895,
      "h50/outcome_jam_episode_count": 3,
      "h50/outcome_jam_final_state_mse": 0.0036558743103656892,
      "h50/outcome_jam_state_mse": 0.002966387162800708,
      "h50/outcome_miss_episode_count": 3,
      "h50/outcome_miss_final_state_mse": 0.0021707602819196537,
      "h50/outcome_miss_state_mse": 0.004786954455905491,
      "h50/outcome_partial_episode_count": 3,
      "h50/outcome_partial_final_state_mse": 0.0023511424782424193,
      "h50/outcome_partial_state_mse": 0.002320182307872897,
      "h50/outcome_success_episode_count": 3,
      "h50/outcome_success_final_state_mse": 0.0024424140018964903,
      "h50/outcome_success_state_mse": 0.0023232380549112956,
      "h50/state_mse": 0.0029753739101434844,
      "h75/episode_count": 15,
      "h75/final_state_mse": 0.004100089603000217,
      "h75/outcome_drop_episode_count": 3,
      "h75/outcome_drop_final_state_mse": 0.003158029461023854,
      "h75/outcome_drop_state_mse": 0.002556574703042024,
      "h75/outcome_jam_episode_count": 3,
      "h75/outcome_jam_final_state_mse": 0.005194904952267416,
      "h75/outcome_jam_state_mse": 0.0031433560905373436,
      "h75/outcome_miss_episode_count": 3,
      "h75/outcome_miss_final_state_mse": 0.0047017165697088425,
      "h75/outcome_miss_state_mse": 0.004061986470274416,
      "h75/outcome_partial_episode_count": 3,
      "h75/outcome_partial_final_state_mse": 0.0031754304867943907,
      "h75/outcome_partial_state_mse": 0.002396372169710712,
      "h75/outcome_success_episode_count": 3,
      "h75/outcome_success_final_state_mse": 0.004270367519138685,
      "h75/outcome_success_state_mse": 0.0024533534829133475,
      "h75/state_mse": 0.0029223284420104847,
      "max_requested_horizon": 125,
      "reencode_period": 10,
      "rollout_mode": "periodic_10"
    },
    "periodic_100": {
      "episode_count": 15,
      "h10/episode_count": 15,
      "h10/final_state_mse": 0.0033144249635584213,
      "h10/outcome_drop_episode_count": 3,
      "h10/outcome_drop_final_state_mse": 0.002451451117891112,
      "h10/outcome_drop_state_mse": 0.0016136292733398138,
      "h10/outcome_jam_episode_count": 3,
      "h10/outcome_jam_final_state_mse": 0.0038993315759047963,
      "h10/outcome_jam_state_mse": 0.0022095335854424372,
      "h10/outcome_miss_episode_count": 3,
      "h10/outcome_miss_final_state_mse": 0.005215719098748724,
      "h10/outcome_miss_state_mse": 0.011286172056509778,
      "h10/outcome_partial_episode_count": 3,
      "h10/outcome_partial_final_state_mse": 0.0025007750814646677,
      "h10/outcome_partial_state_mse": 0.0015269471734177832,
      "h10/outcome_success_episode_count": 3,
      "h10/outcome_success_final_state_mse": 0.002504848844670003,
      "h10/outcome_success_state_mse": 0.0015385884864657533,
      "h10/state_mse": 0.003634974161783854,
      "h100/episode_count": 15,
      "h100/final_state_mse": 435628.84183006536,
      "h100/outcome_drop_episode_count": 3,
      "h100/outcome_drop_final_state_mse": 321204.75163398695,
      "h100/outcome_drop_state_mse": 14370.130980392158,
      "h100/outcome_jam_episode_count": 3,
      "h100/outcome_jam_final_state_mse": 367588.17647058825,
      "h100/outcome_jam_state_mse": 16467.42405228758,
      "h100/outcome_miss_episode_count": 3,
      "h100/outcome_miss_final_state_mse": 826731.4248366014,
      "h100/outcome_miss_state_mse": 37663.0337254902,
      "h100/outcome_partial_episode_count": 3,
      "h100/outcome_partial_final_state_mse": 329693.1568627451,
      "h100/outcome_partial_state_mse": 14715.239215686275,
      "h100/outcome_success_episode_count": 3,
      "h100/outcome_success_final_state_mse": 332926.52287581697,
      "h100/outcome_success_state_mse": 14826.267450980393,
      "h100/state_mse": 19608.41871895425,
      "h125/episode_count": 15,
      "h125/final_state_mse": 493222.985620915,
      "h125/outcome_drop_episode_count": 3,
      "h125/outcome_drop_final_state_mse": 142216.6339869281,
      "h125/outcome_drop_state_mse": 20090.013699346404,
      "h125/outcome_jam_episode_count": 3,
      "h125/outcome_jam_final_state_mse": 157805.38235294117,
      "h125/outcome_jam_state_mse": 22151.49511111111,
      "h125/outcome_miss_episode_count": 3,
      "h125/outcome_miss_final_state_mse": 1885874.1045751635,
      "h125/outcome_miss_state_mse": 112246.26698039216,
      "h125/outcome_partial_episode_count": 3,
      "h125/outcome_partial_final_state_mse": 139338.30065359478,
      "h125/outcome_partial_state_mse": 20212.047477124182,
      "h125/outcome_success_episode_count": 3,
      "h125/outcome_success_final_state_mse": 140880.6568627451,
      "h125/outcome_success_state_mse": 20356.28590849673,
      "h125/state_mse": 39011.21957647059,
      "h20/episode_count": 15,
      "h20/final_state_mse": 0.00959776523066502,
      "h20/outcome_drop_episode_count": 3,
      "h20/outcome_drop_final_state_mse": 0.009331508594400743,
      "h20/outcome_drop_state_mse": 0.0037928928736767737,
      "h20/outcome_jam_episode_count": 3,
      "h20/outcome_jam_final_state_mse": 0.009531576454249862,
      "h20/outcome_jam_state_mse": 0.0042239619625939265,
      "h20/outcome_miss_episode_count": 3,
      "h20/outcome_miss_final_state_mse": 0.011073296755747078,
      "h20/outcome_miss_state_mse": 0.009622356470893411,
      "h20/outcome_partial_episode_count": 3,
      "h20/outcome_partial_final_state_mse": 0.00907102120078467,
      "h20/outcome_partial_state_mse": 0.003677169131297691,
      "h20/outcome_success_episode_count": 3,
      "h20/outcome_success_final_state_mse": 0.008981425582973006,
      "h20/outcome_success_state_mse": 0.0036780725896748065,
      "h20/state_mse": 0.004998890496546926,
      "h30/episode_count": 15,
      "h30/final_state_mse": 0.028110526589786307,
      "h30/outcome_drop_episode_count": 3,
      "h30/outcome_drop_final_state_mse": 0.02161451765135223,
      "h30/outcome_drop_state_mse": 0.007388270758335886,
      "h30/outcome_jam_episode_count": 3,
      "h30/outcome_jam_final_state_mse": 0.022977003864213533,
      "h30/outcome_jam_state_mse": 0.007807734952772884,
      "h30/outcome_miss_episode_count": 3,
      "h30/outcome_miss_final_state_mse": 0.05336169635548311,
      "h30/outcome_miss_state_mse": 0.015453251982046888,
      "h30/outcome_partial_episode_count": 3,
      "h30/outcome_partial_final_state_mse": 0.0211457310159222,
      "h30/outcome_partial_state_mse": 0.007172744518271718,
      "h30/outcome_success_episode_count": 3,
      "h30/outcome_success_final_state_mse": 0.021453678997513517,
      "h30/outcome_success_state_mse": 0.0072196240518607345,
      "h30/state_mse": 0.009008324982553785,
      "h40/episode_count": 15,
      "h40/final_state_mse": 0.21161518969566995,
      "h40/outcome_drop_episode_count": 3,
      "h40/outcome_drop_final_state_mse": 0.12569457721086888,
      "h40/outcome_drop_state_mse": 0.02098259458354875,
      "h40/outcome_jam_episode_count": 3,
      "h40/outcome_jam_final_state_mse": 0.14358102262409683,
      "h40/outcome_jam_state_mse": 0.02258267776638854,
      "h40/outcome_miss_episode_count": 3,
      "h40/outcome_miss_final_state_mse": 0.5239790498820784,
      "h40/outcome_miss_state_mse": 0.06221997628804126,
      "h40/outcome_partial_episode_count": 3,
      "h40/outcome_partial_final_state_mse": 0.13107899123547123,
      "h40/outcome_partial_state_mse": 0.020645121655433005,
      "h40/outcome_success_episode_count": 3,
      "h40/outcome_success_final_state_mse": 0.13374235739115797,
      "h40/outcome_success_state_mse": 0.020951649721931007,
      "h40/state_mse": 0.029476402133118872,
      "h50/episode_count": 15,
      "h50/final_state_mse": 2.8060253267973856,
      "h50/outcome_drop_episode_count": 3,
      "h50/outcome_drop_final_state_mse": 1.4484685012717653,
      "h50/outcome_drop_state_mse": 0.14168173796211192,
      "h50/outcome_jam_episode_count": 3,
      "h50/outcome_jam_final_state_mse": 1.4708505518296187,
      "h50/outcome_jam_state_mse": 0.14342957141352636,
      "h50/outcome_miss_episode_count": 3,
      "h50/outcome_miss_final_state_mse": 8.363475525301267,
      "h50/outcome_miss_state_mse": 0.7283378810508578,
      "h50/outcome_partial_episode_count": 3,
      "h50/outcome_partial_final_state_mse": 1.3669670952690973,
      "h50/outcome_partial_state_mse": 0.13344599505655128,
      "h50/outcome_success_episode_count": 3,
      "h50/outcome_success_final_state_mse": 1.3803650101805045,
      "h50/outcome_success_state_mse": 0.13447096082899307,
      "h50/state_mse": 0.256273233251634,
      "h75/episode_count": 15,
      "h75/final_state_mse": 919.2789215686274,
      "h75/outcome_drop_episode_count": 3,
      "h75/outcome_drop_final_state_mse": 633.5361966401143,
      "h75/outcome_drop_state_mse": 39.67417449618736,
      "h75/outcome_jam_episode_count": 3,
      "h75/outcome_jam_final_state_mse": 683.2548253676471,
      "h75/outcome_jam_state_mse": 42.02412819989107,
      "h75/outcome_miss_episode_count": 3,
      "h75/outcome_miss_final_state_mse": 2017.8323631535948,
      "h75/outcome_miss_state_mse": 134.25161220043572,
      "h75/outcome_partial_episode_count": 3,
      "h75/outcome_partial_final_state_mse": 628.293377246732,
      "h75/outcome_partial_state_mse": 39.11890897331155,
      "h75/outcome_success_episode_count": 3,
      "h75/outcome_success_final_state_mse": 633.4781390420752,
      "h75/outcome_success_state_mse": 39.398503880718955,
      "h75/state_mse": 58.893464052287584,
      "max_requested_horizon": 125,
      "reencode_period": 100,
      "rollout_mode": "periodic_100"
    },
    "periodic_2": {
      "episode_count": 15,
      "h10/episode_count": 15,
      "h10/final_state_mse": 0.002468043994280248,
      "h10/outcome_drop_episode_count": 3,
      "h10/outcome_drop_final_state_mse": 0.0014102777429655486,
      "h10/outcome_drop_state_mse": 0.0014130740773444083,
      "h10/outcome_jam_episode_count": 3,
      "h10/outcome_jam_final_state_mse": 0.0024385280371491424,
      "h10/outcome_jam_state_mse": 0.001926096981646968,
      "h10/outcome_miss_episode_count": 3,
      "h10/outcome_miss_final_state_mse": 0.005777825522266962,
      "h10/outcome_miss_state_mse": 0.011796297279058718,
      "h10/outcome_partial_episode_count": 3,
      "h10/outcome_partial_final_state_mse": 0.0013453577663384232,
      "h10/outcome_partial_state_mse": 0.0012956888652315326,
      "h10/outcome_success_episode_count": 3,
      "h10/outcome_success_final_state_mse": 0.0013682313652989132,
      "h10/outcome_success_state_mse": 0.0013140959677353404,
      "h10/state_mse": 0.003549050723805147,
      "h100/episode_count": 15,
      "h100/final_state_mse": 0.00672212924832612,
      "h100/outcome_drop_episode_count": 3,
      "h100/outcome_drop_final_state_mse": 0.004803627242449842,
      "h100/outcome_drop_state_mse": 0.0042356348349378,
      "h100/outcome_jam_episode_count": 3,
      "h100/outcome_jam_final_state_mse": 0.004517160015168533,
      "h100/outcome_jam_state_mse": 0.003489510155970754,
      "h100/outcome_miss_episode_count": 3,
      "h100/outcome_miss_final_state_mse": 0.016103657826878667,
      "h100/outcome_miss_state_mse": 0.00543049993078693,
      "h100/outcome_partial_episode_count": 3,
      "h100/outcome_partial_final_state_mse": 0.00528974685014463,
      "h100/outcome_partial_state_mse": 0.003014782113966599,
      "h100/outcome_success_episode_count": 3,
      "h100/outcome_success_final_state_mse": 0.0028964531382704092,
      "h100/outcome_success_state_mse": 0.002939969106437334,
      "h100/state_mse": 0.003822079328150531,
      "h125/episode_count": 15,
      "h125/final_state_mse": 0.007918427037257774,
      "h125/outcome_drop_episode_count": 3,
      "h125/outcome_drop_final_state_mse": 0.0066983232798140035,
      "h125/outcome_drop_state_mse": 0.004482107922921773,
      "h125/outcome_jam_episode_count": 3,
      "h125/outcome_jam_final_state_mse": 0.007651769063052009,
      "h125/outcome_jam_state_mse": 0.004037091822406046,
      "h125/outcome_miss_episode_count": 3,
      "h125/outcome_miss_final_state_mse": 0.0154154354255963,
      "h125/outcome_miss_state_mse": 0.006872399423636642,
      "h125/outcome_partial_episode_count": 3,
      "h125/outcome_partial_final_state_mse": 0.0050577935245301985,
      "h125/outcome_partial_state_mse": 0.003413038365981158,
      "h125/outcome_success_episode_count": 3,
      "h125/outcome_success_final_state_mse": 0.004768815695070753,
      "h125/outcome_success_state_mse": 0.003117822784224367,
      "h125/state_mse": 0.004384492123672386,
      "h20/episode_count": 15,
      "h20/final_state_mse": 0.002838804207596124,
      "h20/outcome_drop_episode_count": 3,
      "h20/outcome_drop_final_state_mse": 0.002705519738929724,
      "h20/outcome_drop_state_mse": 0.0017125401231977676,
      "h20/outcome_jam_episode_count": 3,
      "h20/outcome_jam_final_state_mse": 0.0029402522771966224,
      "h20/outcome_jam_state_mse": 0.002219182213926627,
      "h20/outcome_miss_episode_count": 3,
      "h20/outcome_miss_final_state_mse": 0.003545682804257262,
      "h20/outcome_miss_state_mse": 0.008287795073066661,
      "h20/outcome_partial_episode_count": 3,
      "h20/outcome_partial_final_state_mse": 0.002495430069032058,
      "h20/outcome_partial_state_mse": 0.0016318192668989594,
      "h20/outcome_success_episode_count": 3,
      "h20/outcome_success_final_state_mse": 0.002507137901642743,
      "h20/outcome_success_state_mse": 0.0016498594502218408,
      "h20/state_mse": 0.0031002391241734322,
      "h30/episode_count": 15,
      "h30/final_state_mse": 0.00258233609542348,
      "h30/outcome_drop_episode_count": 3,
      "h30/outcome_drop_final_state_mse": 0.0024435470501581826,
      "h30/outcome_drop_state_mse": 0.002006147344127979,
      "h30/outcome_jam_episode_count": 3,
      "h30/outcome_jam_final_state_mse": 0.003023994246534273,
      "h30/outcome_jam_state_mse": 0.002521422226184853,
      "h30/outcome_miss_episode_count": 3,
      "h30/outcome_miss_final_state_mse": 0.0024150218449386896,
      "h30/outcome_miss_state_mse": 0.006563821389524506,
      "h30/outcome_partial_episode_count": 3,
      "h30/outcome_partial_final_state_mse": 0.0024800193222130045,
      "h30/outcome_partial_state_mse": 0.0019364622943022153,
      "h30/outcome_success_episode_count": 3,
      "h30/outcome_success_final_state_mse": 0.002549097258475871,
      "h30/outcome_success_state_mse": 0.0019550453863372472,
      "h30/state_mse": 0.002996579837175756,
      "h40/episode_count": 15,
      "h40/final_state_mse": 0.0027356503056544883,
      "h40/outcome_drop_episode_count": 3,
      "h40/outcome_drop_final_state_mse": 0.0036294232396518484,
      "h40/outcome_drop_state_mse": 0.0022862442957809546,
      "h40/outcome_jam_episode_count": 3,
      "h40/outcome_jam_final_state_mse": 0.0025584854526457443,
      "h40/outcome_jam_state_mse": 0.002598523041781257,
      "h40/outcome_miss_episode_count": 3,
      "h40/outcome_miss_final_state_mse": 0.0025693626672613854,
      "h40/outcome_miss_state_mse": 0.005577201391357222,
      "h40/outcome_partial_episode_count": 3,
      "h40/outcome_partial_final_state_mse": 0.0024766933684255564,
      "h40/outcome_partial_state_mse": 0.0020487140011943242,
      "h40/outcome_success_episode_count": 3,
      "h40/outcome_success_final_state_mse": 0.002444286702894697,
      "h40/outcome_success_state_mse": 0.002065348742054958,
      "h40/state_mse": 0.0029152063606611264,
      "h50/episode_count": 15,
      "h50/final_state_mse": 0.003112514034595365,
      "h50/outcome_drop_episode_count": 3,
      "h50/outcome_drop_final_state_mse": 0.004894888917215509,
      "h50/outcome_drop_state_mse": 0.002934544039707558,
      "h50/outcome_jam_episode_count": 3,
      "h50/outcome_jam_final_state_mse": 0.003394581767079098,
      "h50/outcome_jam_state_mse": 0.0027228269390031402,
      "h50/outcome_miss_episode_count": 3,
      "h50/outcome_miss_final_state_mse": 0.0025626909645164713,
      "h50/outcome_miss_state_mse": 0.0050065130345961625,
      "h50/outcome_partial_episode_count": 3,
      "h50/outcome_partial_final_state_mse": 0.002348060604014428,
      "h50/outcome_partial_state_mse": 0.0021381443622065528,
      "h50/outcome_success_episode_count": 3,
      "h50/outcome_success_final_state_mse": 0.0023623479444996203,
      "h50/outcome_success_state_mse": 0.002156926261054145,
      "h50/state_mse": 0.00299179097094567,
      "h75/episode_count": 15,
      "h75/final_state_mse": 0.005956461538676343,
      "h75/outcome_drop_episode_count": 3,
      "h75/outcome_drop_final_state_mse": 0.00736983880108478,
      "h75/outcome_drop_state_mse": 0.004107896227202904,
      "h75/outcome_jam_episode_count": 3,
      "h75/outcome_jam_final_state_mse": 0.005714821951841217,
      "h75/outcome_jam_state_mse": 0.0031949246475119998,
      "h75/outcome_miss_episode_count": 3,
      "h75/outcome_miss_final_state_mse": 0.005857442743053623,
      "h75/outcome_miss_state_mse": 0.0044535681365102464,
      "h75/outcome_partial_episode_count": 3,
      "h75/outcome_partial_final_state_mse": 0.004582196279288897,
      "h75/outcome_partial_state_mse": 0.002603464853789552,
      "h75/outcome_success_episode_count": 3,
      "h75/outcome_success_final_state_mse": 0.0062580065789565546,
      "h75/outcome_success_state_mse": 0.0026994311264137818,
      "h75/state_mse": 0.003411856724026416,
      "max_requested_horizon": 125,
      "reencode_period": 2,
      "rollout_mode": "periodic_2"
    },
    "periodic_20": {
      "episode_count": 15,
      "h10/episode_count": 15,
      "h10/final_state_mse": 0.0033144249635584213,
      "h10/outcome_drop_episode_count": 3,
      "h10/outcome_drop_final_state_mse": 0.002451451117891112,
      "h10/outcome_drop_state_mse": 0.0016136292733398138,
      "h10/outcome_jam_episode_count": 3,
      "h10/outcome_jam_final_state_mse": 0.0038993315759047963,
      "h10/outcome_jam_state_mse": 0.0022095335854424372,
      "h10/outcome_miss_episode_count": 3,
      "h10/outcome_miss_final_state_mse": 0.005215719098748724,
      "h10/outcome_miss_state_mse": 0.011286172056509778,
      "h10/outcome_partial_episode_count": 3,
      "h10/outcome_partial_final_state_mse": 0.0025007750814646677,
      "h10/outcome_partial_state_mse": 0.0015269471734177832,
      "h10/outcome_success_episode_count": 3,
      "h10/outcome_success_final_state_mse": 0.002504848844670003,
      "h10/outcome_success_state_mse": 0.0015385884864657533,
      "h10/state_mse": 0.003634974161783854,
      "h100/episode_count": 15,
      "h100/final_state_mse": 0.01611882876726537,
      "h100/outcome_drop_episode_count": 3,
      "h100/outcome_drop_final_state_mse": 0.010862405588424284,
      "h100/outcome_drop_state_mse": 0.006131087346793779,
      "h100/outcome_jam_episode_count": 3,
      "h100/outcome_jam_final_state_mse": 0.017949062624787973,
      "h100/outcome_jam_state_mse": 0.008145701215158101,
      "h100/outcome_miss_episode_count": 3,
      "h100/outcome_miss_final_state_mse": 0.019093583611881033,
      "h100/outcome_miss_state_mse": 0.011057737761852787,
      "h100/outcome_partial_episode_count": 3,
      "h100/outcome_partial_final_state_mse": 0.014035494109384374,
      "h100/outcome_partial_state_mse": 0.007080930323382608,
      "h100/outcome_success_episode_count": 3,
      "h100/outcome_success_final_state_mse": 0.018653601797577603,
      "h100/outcome_success_state_mse": 0.007715585621353847,
      "h100/state_mse": 0.008026208416309232,
      "h125/episode_count": 15,
      "h125/final_state_mse": 0.007786654802708844,
      "h125/outcome_drop_episode_count": 3,
      "h125/outcome_drop_final_state_mse": 0.004099619495712854,
      "h125/outcome_drop_state_mse": 0.006218987159479677,
      "h125/outcome_jam_episode_count": 3,
      "h125/outcome_jam_final_state_mse": 0.008489920422921772,
      "h125/outcome_jam_state_mse": 0.008580820320478452,
      "h125/outcome_miss_episode_count": 3,
      "h125/outcome_miss_final_state_mse": 0.014771340329662647,
      "h125/outcome_miss_state_mse": 0.011793982013378269,
      "h125/outcome_partial_episode_count": 3,
      "h125/outcome_partial_final_state_mse": 0.004919125266324461,
      "h125/outcome_partial_state_mse": 0.006860697228924122,
      "h125/outcome_success_episode_count": 3,
      "h125/outcome_success_final_state_mse": 0.006653269862427431,
      "h125/outcome_success_state_mse": 0.008047508489072713,
      "h125/state_mse": 0.00830039892258987,
      "h20/episode_count": 15,
      "h20/final_state_mse": 0.00959776523066502,
      "h20/outcome_drop_episode_count": 3,
      "h20/outcome_drop_final_state_mse": 0.009331508594400743,
      "h20/outcome_drop_state_mse": 0.0037928928736767737,
      "h20/outcome_jam_episode_count": 3,
      "h20/outcome_jam_final_state_mse": 0.009531576454249862,
      "h20/outcome_jam_state_mse": 0.0042239619625939265,
      "h20/outcome_miss_episode_count": 3,
      "h20/outcome_miss_final_state_mse": 0.011073296755747078,
      "h20/outcome_miss_state_mse": 0.009622356470893411,
      "h20/outcome_partial_episode_count": 3,
      "h20/outcome_partial_final_state_mse": 0.00907102120078467,
      "h20/outcome_partial_state_mse": 0.003677169131297691,
      "h20/outcome_success_episode_count": 3,
      "h20/outcome_success_final_state_mse": 0.008981425582973006,
      "h20/outcome_success_state_mse": 0.0036780725896748065,
      "h20/state_mse": 0.004998890496546926,
      "h30/episode_count": 15,
      "h30/final_state_mse": 0.006867459864398233,
      "h30/outcome_drop_episode_count": 3,
      "h30/outcome_drop_final_state_mse": 0.006339382501988629,
      "h30/outcome_drop_state_mse": 0.00431429830771386,
      "h30/outcome_jam_episode_count": 3,
      "h30/outcome_jam_final_state_mse": 0.006476929033893386,
      "h30/outcome_jam_state_mse": 0.004726149989109413,
      "h30/outcome_miss_episode_count": 3,
      "h30/outcome_miss_final_state_mse": 0.009061740601764005,
      "h30/outcome_miss_state_mse": 0.008862525757101886,
      "h30/outcome_partial_episode_count": 3,
      "h30/outcome_partial_final_state_mse": 0.006172777731823766,
      "h30/outcome_partial_state_mse": 0.004182427095691623,
      "h30/outcome_success_episode_count": 3,
      "h30/outcome_success_final_state_mse": 0.0062864699881840375,
      "h30/outcome_success_state_mse": 0.004189650555321853,
      "h30/state_mse": 0.005255010268267463,
      "h40/episode_count": 15,
      "h40/final_state_mse": 0.01589943131590201,
      "h40/outcome_drop_episode_count": 3,
      "h40/outcome_drop_final_state_mse": 0.011750688252885357,
      "h40/outcome_drop_state_mse": 0.005574797804838692,
      "h40/outcome_jam_episode_count": 3,
      "h40/outcome_jam_final_state_mse": 0.01760235467767404,
      "h40/outcome_jam_state_mse": 0.0065803010479297515,
      "h40/outcome_miss_episode_count": 3,
      "h40/outcome_miss_final_state_mse": 0.014119445693259146,
      "h40/outcome_miss_state_mse": 0.009751822278390523,
      "h40/outcome_partial_episode_count": 3,
      "h40/outcome_partial_final_state_mse": 0.01786679993657505,
      "h40/outcome_partial_state_mse": 0.006121282016529756,
      "h40/outcome_success_episode_count": 3,
      "h40/outcome_success_final_state_mse": 0.01815787025916031,
      "h40/outcome_success_state_mse": 0.0061702230397392725,
      "h40/state_mse": 0.006839685377731822,
      "h50/episode_count": 15,
      "h50/final_state_mse": 0.007039521410574321,
      "h50/outcome_drop_episode_count": 3,
      "h50/outcome_drop_final_state_mse": 0.006428334788948882,
      "h50/outcome_drop_state_mse": 0.005758459552440768,
      "h50/outcome_jam_episode_count": 3,
      "h50/outcome_jam_final_state_mse": 0.0075404674691312455,
      "h50/outcome_jam_state_mse": 0.006473300721910265,
      "h50/outcome_miss_episode_count": 3,
      "h50/outcome_miss_final_state_mse": 0.007709997639157413,
      "h50/outcome_miss_state_mse": 0.008890603258718852,
      "h50/outcome_partial_episode_count": 3,
      "h50/outcome_partial_final_state_mse": 0.006718947558231603,
      "h50/outcome_partial_state_mse": 0.006031053393494849,
      "h50/outcome_success_episode_count": 3,
      "h50/outcome_success_final_state_mse": 0.006799861350480248,
      "h50/outcome_success_state_mse": 0.006087146646836225,
      "h50/state_mse": 0.006648112777011847,
      "h75/episode_count": 15,
      "h75/final_state_mse": 0.010260797637739991,
      "h75/outcome_drop_episode_count": 3,
      "h75/outcome_drop_final_state_mse": 0.006705552242160622,
      "h75/outcome_drop_state_mse": 0.005945623726107197,
      "h75/outcome_jam_episode_count": 3,
      "h75/outcome_jam_final_state_mse": 0.011545364958008909,
      "h75/outcome_jam_state_mse": 0.0071941618410330714,
      "h75/outcome_miss_episode_count": 3,
      "h75/outcome_miss_final_state_mse": 0.013444590997072606,
      "h75/outcome_miss_state_mse": 0.010451652842669185,
      "h75/outcome_partial_episode_count": 3,
      "h75/outcome_partial_final_state_mse": 0.009338083999608856,
      "h75/outcome_partial_state_mse": 0.006640482966936232,
      "h75/outcome_success_episode_count": 3,
      "h75/outcome_success_final_state_mse": 0.010270397647533541,
      "h75/outcome_success_state_mse": 0.006719591144902514,
      "h75/state_mse": 0.007390303734340959,
      "max_requested_horizon": 125,
      "reencode_period": 20,
      "rollout_mode": "periodic_20"
    },
    "periodic_5": {
      "episode_count": 15,
      "h10/episode_count": 15,
      "h10/final_state_mse": 0.002450879414876302,
      "h10/outcome_drop_episode_count": 3,
      "h10/outcome_drop_final_state_mse": 0.0017143465529859455,
      "h10/outcome_drop_state_mse": 0.0014460804026111278,
      "h10/outcome_jam_episode_count": 3,
      "h10/outcome_jam_final_state_mse": 0.0027788839503830555,
      "h10/outcome_jam_state_mse": 0.0019933634723713197,
      "h10/outcome_miss_episode_count": 3,
      "h10/outcome_miss_final_state_mse": 0.004351604462059495,
      "h10/outcome_miss_state_mse": 0.011184971940283683,
      "h10/outcome_partial_episode_count": 3,
      "h10/outcome_partial_final_state_mse": 0.0016787591712926727,
      "h10/outcome_partial_state_mse": 0.0013463938937467686,
      "h10/outcome_success_episode_count": 3,
      "h10/outcome_success_final_state_mse": 0.0017308037655026304,
      "h10/outcome_success_state_mse": 0.0013724042309655082,
      "h10/state_mse": 0.00346864288928462,
      "h100/episode_count": 15,
      "h100/final_state_mse": 0.003514733034021714,
      "h100/outcome_drop_episode_count": 3,
      "h100/outcome_drop_final_state_mse": 0.0028288698225629096,
      "h100/outcome_drop_state_mse": 0.002620654324300928,
      "h100/outcome_jam_episode_count": 3,
      "h100/outcome_jam_final_state_mse": 0.0040422483450836605,
      "h100/outcome_jam_state_mse": 0.0032593990151399102,
      "h100/outcome_miss_episode_count": 3,
      "h100/outcome_miss_final_state_mse": 0.004696332015632804,
      "h100/outcome_miss_state_mse": 0.003767329695957159,
      "h100/outcome_partial_episode_count": 3,
      "h100/outcome_partial_final_state_mse": 0.0028954521795503453,
      "h100/outcome_partial_state_mse": 0.0022891384324217156,
      "h100/outcome_success_episode_count": 3,
      "h100/outcome_success_final_state_mse": 0.0031107628559754563,
      "h100/outcome_success_state_mse": 0.0024902368682661867,
      "h100/state_mse": 0.002885351642284518,
      "h125/episode_count": 15,
      "h125/final_state_mse": 0.004688201231115004,
      "h125/outcome_drop_episode_count": 3,
      "h125/outcome_drop_final_state_mse": 0.004426895987753775,
      "h125/outcome_drop_state_mse": 0.0028234884474012587,
      "h125/outcome_jam_episode_count": 3,
      "h125/outcome_jam_final_state_mse": 0.004677637145410176,
      "h125/outcome_jam_state_mse": 0.0035044491337794885,
      "h125/outcome_miss_episode_count": 3,
      "h125/outcome_miss_final_state_mse": 0.008855555669154996,
      "h125/outcome_miss_state_mse": 0.004386417862636591,
      "h125/outcome_partial_episode_count": 3,
      "h125/outcome_partial_final_state_mse": 0.0023303527165861693,
      "h125/outcome_partial_state_mse": 0.002387117872051164,
      "h125/outcome_success_episode_count": 3,
      "h125/outcome_success_final_state_mse": 0.003150564027962342,
      "h125/outcome_success_state_mse": 0.0026047582439347808,
      "h125/state_mse": 0.0031412460426879086,
      "h20/episode_count": 15,
      "h20/final_state_mse": 0.002225428624869951,
      "h20/outcome_drop_episode_count": 3,
      "h20/outcome_drop_final_state_mse": 0.002034931912336474,
      "h20/outcome_drop_state_mse": 0.0016641025254928987,
      "h20/outcome_jam_episode_count": 3,
      "h20/outcome_jam_final_state_mse": 0.002389017565577638,
      "h20/outcome_jam_state_mse": 0.0022288401921590167,
      "h20/outcome_miss_episode_count": 3,
      "h20/outcome_miss_final_state_mse": 0.0030648364545473087,
      "h20/outcome_miss_state_mse": 0.007584492209690069,
      "h20/outcome_partial_episode_count": 3,
      "h20/outcome_partial_final_state_mse": 0.0018038535186278275,
      "h20/outcome_partial_state_mse": 0.001578399441600625,
      "h20/outcome_success_episode_count": 3,
      "h20/outcome_success_final_state_mse": 0.001834503795002021,
      "h20/outcome_success_state_mse": 0.0016085942196690179,
      "h20/state_mse": 0.002932885861864277,
      "h30/episode_count": 15,
      "h30/final_state_mse": 0.0019338450400657903,
      "h30/outcome_drop_episode_count": 3,
      "h30/outcome_drop_final_state_mse": 0.001799374137049407,
      "h30/outcome_drop_state_mse": 0.0017701861645401432,
      "h30/outcome_jam_episode_count": 3,
      "h30/outcome_jam_final_state_mse": 0.0021822444753709183,
      "h30/outcome_jam_state_mse": 0.0023176791101759036,
      "h30/outcome_miss_episode_count": 3,
      "h30/outcome_miss_final_state_mse": 0.002067930022485895,
      "h30/outcome_miss_state_mse": 0.005947049354935523,
      "h30/outcome_partial_episode_count": 3,
      "h30/outcome_partial_final_state_mse": 0.00178585535073592,
      "h30/outcome_partial_state_mse": 0.0016836628415226157,
      "h30/outcome_success_episode_count": 3,
      "h30/outcome_success_final_state_mse": 0.0018338211172936008,
      "h30/outcome_success_state_mse": 0.0017113576787229716,
      "h30/state_mse": 0.0026859870195908224,
      "h40/episode_count": 15,
      "h40/final_state_mse": 0.0018912976084191815,
      "h40/outcome_drop_episode_count": 3,
      "h40/outcome_drop_final_state_mse": 0.0020318899814989054,
      "h40/outcome_drop_state_mse": 0.0019050441146676058,
      "h40/outcome_jam_episode_count": 3,
      "h40/outcome_jam_final_state_mse": 0.0019058382589053485,
      "h40/outcome_jam_state_mse": 0.0023458426294763104,
      "h40/outcome_miss_episode_count": 3,
      "h40/outcome_miss_final_state_mse": 0.0018265232249023088,
      "h40/outcome_miss_state_mse": 0.004994783759896272,
      "h40/outcome_partial_episode_count": 3,
      "h40/outcome_partial_final_state_mse": 0.0018486778428351957,
      "h40/outcome_partial_state_mse": 0.0017475733180451238,
      "h40/outcome_success_episode_count": 3,
      "h40/outcome_success_final_state_mse": 0.0018435585391677284,
      "h40/outcome_success_state_mse": 0.0017727246666266248,
      "h40/state_mse": 0.002553193834092882,
      "h50/episode_count": 15,
      "h50/final_state_mse": 0.0021984781315124114,
      "h50/outcome_drop_episode_count": 3,
      "h50/outcome_drop_final_state_mse": 0.0023924161016551496,
      "h50/outcome_drop_state_mse": 0.0021305939107159385,
      "h50/outcome_jam_episode_count": 3,
      "h50/outcome_jam_final_state_mse": 0.0031524417447108847,
      "h50/outcome_jam_state_mse": 0.002436545845729853,
      "h50/outcome_miss_episode_count": 3,
      "h50/outcome_miss_final_state_mse": 0.0016291923820972443,
      "h50/outcome_miss_state_mse": 0.004371744667003357,
      "h50/outcome_partial_episode_count": 3,
      "h50/outcome_partial_final_state_mse": 0.0018783010591089336,
      "h50/outcome_partial_state_mse": 0.001804265103308983,
      "h50/outcome_success_episode_count": 3,
      "h50/outcome_success_final_state_mse": 0.0019400401247872247,
      "h50/outcome_success_state_mse": 0.001829126083772946,
      "h50/state_mse": 0.0025144549600439135,
      "h75/episode_count": 15,
      "h75/final_state_mse": 0.004341892790950202,
      "h75/outcome_drop_episode_count": 3,
      "h75/outcome_drop_final_state_mse": 0.0038209876739511302,
      "h75/outcome_drop_state_mse": 0.0025218395158356313,
      "h75/outcome_jam_episode_count": 3,
      "h75/outcome_jam_final_state_mse": 0.005184833666467979,
      "h75/outcome_jam_state_mse": 0.002863717588204444,
      "h75/outcome_miss_episode_count": 3,
      "h75/outcome_miss_final_state_mse": 0.004709883063447242,
      "h75/outcome_miss_state_mse": 0.0038280470438772298,
      "h75/outcome_partial_episode_count": 3,
      "h75/outcome_partial_final_state_mse": 0.003314305364696029,
      "h75/outcome_partial_state_mse": 0.0021426896487965305,
      "h75/outcome_success_episode_count": 3,
      "h75/outcome_success_final_state_mse": 0.0046794547461995895,
      "h75/outcome_success_state_mse": 0.002226396074482039,
      "h75/state_mse": 0.0027165381072133715,
      "max_requested_horizon": 125,
      "reencode_period": 5,
      "rollout_mode": "periodic_5"
    },
    "periodic_50": {
      "episode_count": 15,
      "h10/episode_count": 15,
      "h10/final_state_mse": 0.0033144249635584213,
      "h10/outcome_drop_episode_count": 3,
      "h10/outcome_drop_final_state_mse": 0.002451451117891112,
      "h10/outcome_drop_state_mse": 0.0016136292733398138,
      "h10/outcome_jam_episode_count": 3,
      "h10/outcome_jam_final_state_mse": 0.0038993315759047963,
      "h10/outcome_jam_state_mse": 0.0022095335854424372,
      "h10/outcome_miss_episode_count": 3,
      "h10/outcome_miss_final_state_mse": 0.005215719098748724,
      "h10/outcome_miss_state_mse": 0.011286172056509778,
      "h10/outcome_partial_episode_count": 3,
      "h10/outcome_partial_final_state_mse": 0.0025007750814646677,
      "h10/outcome_partial_state_mse": 0.0015269471734177832,
      "h10/outcome_success_episode_count": 3,
      "h10/outcome_success_final_state_mse": 0.002504848844670003,
      "h10/outcome_success_state_mse": 0.0015385884864657533,
      "h10/state_mse": 0.003634974161783854,
      "h100/episode_count": 15,
      "h100/final_state_mse": 357.65486111111113,
      "h100/outcome_drop_episode_count": 3,
      "h100/outcome_drop_final_state_mse": 308.712380004085,
      "h100/outcome_drop_state_mse": 14.43898743872549,
      "h100/outcome_jam_episode_count": 3,
      "h100/outcome_jam_final_state_mse": 272.29316023284315,
      "h100/outcome_jam_state_mse": 13.048059129901961,
      "h100/outcome_miss_episode_count": 3,
      "h100/outcome_miss_final_state_mse": 635.5995200163399,
      "h100/outcome_miss_state_mse": 38.13407883986928,
      "h100/outcome_partial_episode_count": 3,
      "h100/outcome_partial_final_state_mse": 285.16016901552285,
      "h100/outcome_partial_state_mse": 13.490464920343138,
      "h100/outcome_success_episode_count": 3,
      "h100/outcome_success_final_state_mse": 286.50896777982024,
      "h100/outcome_success_state_mse": 13.524537888071896,
      "h100/state_mse": 18.527225490196077,
      "h125/episode_count": 15,
      "h125/final_state_mse": 310.8407066993464,
      "h125/outcome_drop_episode_count": 3,
      "h125/outcome_drop_final_state_mse": 223.7979026245915,
      "h125/outcome_drop_state_mse": 23.99441952614379,
      "h125/outcome_jam_episode_count": 3,
      "h125/outcome_jam_final_state_mse": 192.81231170853758,
      "h125/outcome_jam_state_mse": 21.381953431372548,
      "h125/outcome_miss_episode_count": 3,
      "h125/outcome_miss_final_state_mse": 683.7237413194445,
      "h125/outcome_miss_state_mse": 62.41598692810457,
      "h125/outcome_partial_episode_count": 3,
      "h125/outcome_partial_final_state_mse": 225.44727839052288,
      "h125/outcome_partial_state_mse": 23.4181772875817,
      "h125/outcome_success_episode_count": 3,
      "h125/outcome_success_final_state_mse": 228.42228668811273,
      "h125/outcome_success_state_mse": 23.530202614379085,
      "h125/state_mse": 30.948149019607843,
      "h20/episode_count": 15,
      "h20/final_state_mse": 0.00959776523066502,
      "h20/outcome_drop_episode_count": 3,
      "h20/outcome_drop_final_state_mse": 0.009331508594400743,
      "h20/outcome_drop_state_mse": 0.0037928928736767737,
      "h20/outcome_jam_episode_count": 3,
      "h20/outcome_jam_final_state_mse": 0.009531576454249862,
      "h20/outcome_jam_state_mse": 0.0042239619625939265,
      "h20/outcome_miss_episode_count": 3,
      "h20/outcome_miss_final_state_mse": 0.011073296755747078,
      "h20/outcome_miss_state_mse": 0.009622356470893411,
      "h20/outcome_partial_episode_count": 3,
      "h20/outcome_partial_final_state_mse": 0.00907102120078467,
      "h20/outcome_partial_state_mse": 0.003677169131297691,
      "h20/outcome_success_episode_count": 3,
      "h20/outcome_success_final_state_mse": 0.008981425582973006,
      "h20/outcome_success_state_mse": 0.0036780725896748065,
      "h20/state_mse": 0.004998890496546926,
      "h30/episode_count": 15,
      "h30/final_state_mse": 0.028110526589786307,
      "h30/outcome_drop_episode_count": 3,
      "h30/outcome_drop_final_state_mse": 0.02161451765135223,
      "h30/outcome_drop_state_mse": 0.007388270758335886,
      "h30/outcome_jam_episode_count": 3,
      "h30/outcome_jam_final_state_mse": 0.022977003864213533,
      "h30/outcome_jam_state_mse": 0.007807734952772884,
      "h30/outcome_miss_episode_count": 3,
      "h30/outcome_miss_final_state_mse": 0.05336169635548311,
      "h30/outcome_miss_state_mse": 0.015453251982046888,
      "h30/outcome_partial_episode_count": 3,
      "h30/outcome_partial_final_state_mse": 0.0211457310159222,
      "h30/outcome_partial_state_mse": 0.007172744518271718,
      "h30/outcome_success_episode_count": 3,
      "h30/outcome_success_final_state_mse": 0.021453678997513517,
      "h30/outcome_success_state_mse": 0.0072196240518607345,
      "h30/state_mse": 0.009008324982553785,
      "h40/episode_count": 15,
      "h40/final_state_mse": 0.21161518969566995,
      "h40/outcome_drop_episode_count": 3,
      "h40/outcome_drop_final_state_mse": 0.12569457721086888,
      "h40/outcome_drop_state_mse": 0.02098259458354875,
      "h40/outcome_jam_episode_count": 3,
      "h40/outcome_jam_final_state_mse": 0.14358102262409683,
      "h40/outcome_jam_state_mse": 0.02258267776638854,
      "h40/outcome_miss_episode_count": 3,
      "h40/outcome_miss_final_state_mse": 0.5239790498820784,
      "h40/outcome_miss_state_mse": 0.06221997628804126,
      "h40/outcome_partial_episode_count": 3,
      "h40/outcome_partial_final_state_mse": 0.13107899123547123,
      "h40/outcome_partial_state_mse": 0.020645121655433005,
      "h40/outcome_success_episode_count": 3,
      "h40/outcome_success_final_state_mse": 0.13374235739115797,
      "h40/outcome_success_state_mse": 0.020951649721931007,
      "h40/state_mse": 0.029476402133118872,
      "h50/episode_count": 15,
      "h50/final_state_mse": 2.8060253267973856,
      "h50/outcome_drop_episode_count": 3,
      "h50/outcome_drop_final_state_mse": 1.4484685012717653,
      "h50/outcome_drop_state_mse": 0.14168173796211192,
      "h50/outcome_jam_episode_count": 3,
      "h50/outcome_jam_final_state_mse": 1.4708505518296187,
      "h50/outcome_jam_state_mse": 0.14342957141352636,
      "h50/outcome_miss_episode_count": 3,
      "h50/outcome_miss_final_state_mse": 8.363475525301267,
      "h50/outcome_miss_state_mse": 0.7283378810508578,
      "h50/outcome_partial_episode_count": 3,
      "h50/outcome_partial_final_state_mse": 1.3669670952690973,
      "h50/outcome_partial_state_mse": 0.13344599505655128,
      "h50/outcome_success_episode_count": 3,
      "h50/outcome_success_final_state_mse": 1.3803650101805045,
      "h50/outcome_success_state_mse": 0.13447096082899307,
      "h50/state_mse": 0.256273233251634,
      "h75/episode_count": 15,
      "h75/final_state_mse": 1.5303493923611111,
      "h75/outcome_drop_episode_count": 3,
      "h75/outcome_drop_final_state_mse": 1.3222040662578507,
      "h75/outcome_drop_state_mse": 0.21468097362642974,
      "h75/outcome_jam_episode_count": 3,
      "h75/outcome_jam_final_state_mse": 1.4245510973961524,
      "h75/outcome_jam_state_mse": 0.22115963073597494,
      "h75/outcome_miss_episode_count": 3,
      "h75/outcome_miss_final_state_mse": 2.1564042334463083,
      "h75/outcome_miss_state_mse": 0.7794464656522331,
      "h75/outcome_partial_episode_count": 3,
      "h75/outcome_partial_final_state_mse": 1.3867442810457515,
      "h75/outcome_partial_state_mse": 0.20736985017531318,
      "h75/outcome_success_episode_count": 3,
      "h75/outcome_success_final_state_mse": 1.3618426603429459,
      "h75/outcome_success_state_mse": 0.20668167679398147,
      "h75/state_mse": 0.3258677151416122,
      "max_requested_horizon": 125,
      "reencode_period": 50,
      "rollout_mode": "periodic_50"
    }
  },
  "split": "test",
  "support_alignment": {
    "contact_phase": {
      "contact_phase_family_ari": 0.0,
      "contact_phase_family_nmi": 0.0,
      "contact_phase_family_purity": 0.9996668887408394,
      "contact_phase_sample_count": 3002.0,
      "h_contact_phase_given_family": 0.0030002889533867266,
      "h_family_given_contact_phase": 0.0,
      "unique_contact_phase_count": 2.0,
      "unique_family_count": 1.0
    },
    "contact_phase_alignment_available": true,
    "evaluated_state_count": 3017,
    "family_count": 1,
    "mean_family_similarity": 0.6170424818992615,
    "mean_support_size": 246.49353662578721,
    "outcome_alignment_available": true,
    "outcome_state": {
      "h_family_given_outcome": 0.0,
      "h_outcome_given_family": 1.6094379124341005,
      "outcome_family_ari": 0.0,
      "outcome_family_nmi": 0.0,
      "outcome_family_purity": 0.2,
      "outcome_sample_count": 15.0,
      "unique_family_count": 1.0,
      "unique_outcome_count": 5.0
    },
    "status": "ok",
    "unassigned_state_fraction": 0.0,
    "validation_state_count": 2346
  },
  "support_threshold": 0.2
}
{
  "best_periodic_rollout": {
    "episode_count": 15,
    "h10/episode_count": 15,
    "h10/final_state_mse": 0.002324156356013678,
    "h10/outcome_drop_episode_count": 3,
    "h10/outcome_drop_final_state_mse": 0.0015985232357885323,
    "h10/outcome_drop_state_mse": 0.0014121915000716067,
    "h10/outcome_jam_episode_count": 3,
    "h10/outcome_jam_final_state_mse": 0.002631264476994284,
    "h10/outcome_jam_state_mse": 0.0019504611009086659,
    "h10/outcome_miss_episode_count": 3,
    "h10/outcome_miss_final_state_mse": 0.0042174748248524135,
    "h10/outcome_miss_state_mse": 0.011001697864407807,
    "h10/outcome_partial_episode_count": 3,
    "h10/outcome_partial_final_state_mse": 0.0015616336338270724,
    "h10/outcome_partial_state_mse": 0.0013117409219928816,
    "h10/outcome_success_episode_count": 3,
    "h10/outcome_success_final_state_mse": 0.0016118848051121031,
    "h10/outcome_success_state_mse": 0.001337287024734846,
    "h10/selected_mode": "periodic_5",
    "h10/selected_period": 5,
    "h10/state_mse": 0.003402675553864124,
    "h100/episode_count": 15,
    "h100/final_state_mse": 0.003396310681611105,
    "h100/outcome_drop_episode_count": 3,
    "h100/outcome_drop_final_state_mse": 0.0029180615507309734,
    "h100/outcome_drop_state_mse": 0.0026609311072654973,
    "h100/outcome_jam_episode_count": 3,
    "h100/outcome_jam_final_state_mse": 0.0036184741975435245,
    "h100/outcome_jam_state_mse": 0.0031549522923488243,
    "h100/outcome_miss_episode_count": 3,
    "h100/outcome_miss_final_state_mse": 0.004522438678476546,
    "h100/outcome_miss_state_mse": 0.0037623838661542904,
    "h100/outcome_partial_episode_count": 3,
    "h100/outcome_partial_final_state_mse": 0.003029751427033368,
    "h100/outcome_partial_state_mse": 0.0022319559022492053,
    "h100/outcome_success_episode_count": 3,
    "h100/outcome_success_final_state_mse": 0.0028928273838329938,
    "h100/outcome_success_state_mse": 0.002409380744485294,
    "h100/selected_mode": "periodic_5",
    "h100/selected_period": 5,
    "h100/state_mse": 0.002843920938329759,
    "h125/episode_count": 15,
    "h125/final_state_mse": 0.003627679550569821,
    "h125/outcome_drop_episode_count": 3,
    "h125/outcome_drop_final_state_mse": 0.004068664135107028,
    "h125/outcome_drop_state_mse": 0.002822182100582746,
    "h125/outcome_jam_episode_count": 3,
    "h125/outcome_jam_final_state_mse": 0.004474235223788841,
    "h125/outcome_jam_state_mse": 0.0035550314710031147,
    "h125/outcome_miss_episode_count": 3,
    "h125/outcome_miss_final_state_mse": 0.0038063835133524504,
    "h125/outcome_miss_state_mse": 0.0036178855148016236,
    "h125/outcome_partial_episode_count": 3,
    "h125/outcome_partial_final_state_mse": 0.0024079135527797775,
    "h125/outcome_partial_state_mse": 0.002376865312164905,
    "h125/outcome_success_episode_count": 3,
    "h125/outcome_success_final_state_mse": 0.0033812014252142188,
    "h125/outcome_success_state_mse": 0.0027322761186587266,
    "h125/selected_mode": "periodic_10",
    "h125/selected_period": 10,
    "h125/state_mse": 0.0030208480136846407,
    "h20/episode_count": 15,
    "h20/final_state_mse": 0.0020983772340163686,
    "h20/outcome_drop_episode_count": 3,
    "h20/outcome_drop_final_state_mse": 0.001924659910739637,
    "h20/outcome_drop_state_mse": 0.001587850829355078,
    "h20/outcome_jam_episode_count": 3,
    "h20/outcome_jam_final_state_mse": 0.0023191040442659965,
    "h20/outcome_jam_state_mse": 0.0021381428039151857,
    "h20/outcome_miss_episode_count": 3,
    "h20/outcome_miss_final_state_mse": 0.002801287992327821,
    "h20/outcome_miss_state_mse": 0.007395762244081185,
    "h20/outcome_partial_episode_count": 3,
    "h20/outcome_partial_final_state_mse": 0.001704871654510498,
    "h20/outcome_partial_state_mse": 0.0014995193169787039,
    "h20/outcome_success_episode_count": 3,
    "h20/outcome_success_final_state_mse": 0.0017419623247548646,
    "h20/outcome_success_state_mse": 0.0015295133286831425,
    "h20/selected_mode": "periodic_5",
    "h20/selected_period": 5,
    "h20/state_mse": 0.0028301578097873264,
    "h30/episode_count": 15,
    "h30/final_state_mse": 0.001848440544278014,
    "h30/outcome_drop_episode_count": 3,
    "h30/outcome_drop_final_state_mse": 0.001700297728473065,
    "h30/outcome_drop_state_mse": 0.0016873204889900025,
    "h30/outcome_jam_episode_count": 3,
    "h30/outcome_jam_final_state_mse": 0.0020942770772510106,
    "h30/outcome_jam_state_mse": 0.002222277863612622,
    "h30/outcome_miss_episode_count": 3,
    "h30/outcome_miss_final_state_mse": 0.0020012006747956368,
    "h30/outcome_miss_state_mse": 0.005777149886087654,
    "h30/outcome_partial_episode_count": 3,
    "h30/outcome_partial_final_state_mse": 0.0017000779850420609,
    "h30/outcome_partial_state_mse": 0.0015985168143295254,
    "h30/outcome_success_episode_count": 3,
    "h30/outcome_success_final_state_mse": 0.0017463495480079278,
    "h30/outcome_success_state_mse": 0.0016240541711611946,
    "h30/selected_mode": "periodic_5",
    "h30/selected_period": 5,
    "h30/state_mse": 0.00258186390197355,
    "h40/episode_count": 15,
    "h40/final_state_mse": 0.0018925147898056927,
    "h40/outcome_drop_episode_count": 3,
    "h40/outcome_drop_final_state_mse": 0.0020118331159251967,
    "h40/outcome_drop_state_mse": 0.0018286707354526893,
    "h40/outcome_jam_episode_count": 3,
    "h40/outcome_jam_final_state_mse": 0.0018909442074158613,
    "h40/outcome_jam_state_mse": 0.0022619274706622353,
    "h40/outcome_miss_episode_count": 3,
    "h40/outcome_miss_final_state_mse": 0.001902960776503569,
    "h40/outcome_miss_state_mse": 0.004885695027370079,
    "h40/outcome_partial_episode_count": 3,
    "h40/outcome_partial_final_state_mse": 0.001830254164006975,
    "h40/outcome_partial_state_mse": 0.0016747161843418295,
    "h40/outcome_success_episode_count": 3,
    "h40/outcome_success_final_state_mse": 0.0018265816364802566,
    "h40/outcome_success_state_mse": 0.0016979917591693355,
    "h40/selected_mode": "periodic_5",
    "h40/selected_period": 5,
    "h40/state_mse": 0.0024698003133138023,
    "h50/episode_count": 15,
    "h50/final_state_mse": 0.0021798607570673125,
    "h50/outcome_drop_episode_count": 3,
    "h50/outcome_drop_final_state_mse": 0.002401844762703952,
    "h50/outcome_drop_state_mse": 0.002079272020876018,
    "h50/outcome_jam_episode_count": 3,
    "h50/outcome_jam_final_state_mse": 0.0030922303889312,
    "h50/outcome_jam_state_mse": 0.002369026607937283,
    "h50/outcome_miss_episode_count": 3,
    "h50/outcome_miss_final_state_mse": 0.0016805004401534212,
    "h50/outcome_miss_state_mse": 0.0042981555415134804,
    "h50/outcome_partial_episode_count": 3,
    "h50/outcome_partial_final_state_mse": 0.0018412273596314823,
    "h50/outcome_partial_state_mse": 0.001747444190231024,
    "h50/outcome_success_episode_count": 3,
    "h50/outcome_success_final_state_mse": 0.0018835013695791655,
    "h50/outcome_success_state_mse": 0.0017707886103711097,
    "h50/selected_mode": "periodic_5",
    "h50/selected_period": 5,
    "h50/state_mse": 0.0024529375063827613,
    "h75/episode_count": 15,
    "h75/final_state_mse": 0.004349720400143293,
    "h75/outcome_drop_episode_count": 3,
    "h75/outcome_drop_final_state_mse": 0.003943480453849618,
    "h75/outcome_drop_state_mse": 0.002518223282558466,
    "h75/outcome_jam_episode_count": 3,
    "h75/outcome_jam_final_state_mse": 0.005164034421147864,
    "h75/outcome_jam_state_mse": 0.0027996138861496205,
    "h75/outcome_miss_episode_count": 3,
    "h75/outcome_miss_final_state_mse": 0.004805684406188579,
    "h75/outcome_miss_state_mse": 0.003790508095735039,
    "h75/outcome_partial_episode_count": 3,
    "h75/outcome_partial_final_state_mse": 0.0031825195437942457,
    "h75/outcome_partial_state_mse": 0.002083720620680998,
    "h75/outcome_success_episode_count": 3,
    "h75/outcome_success_final_state_mse": 0.0046528837357471195,
    "h75/outcome_success_state_mse": 0.0021721780066396674,
    "h75/selected_mode": "periodic_5",
    "h75/selected_period": 5,
    "h75/state_mse": 0.0026728489030160675,
    "max_requested_horizon": 125,
    "periodic_reencode_periods": [
      1,
      2,
      5,
      10,
      20,
      50,
      100
    ],
    "rollout_mode": "best_periodic"
  },
  "checkpoint": "runs/maniskill_insertion/perturbation_e20_5k_lista_refine_20260604_143125/lista_relu_a0p0075_sp3em5_loops1/seed2/checkpoint.pt",
  "checkpoint_step": 1500,
  "dataset": "data/maniskill/perturbation_assessment_seed0_e20/all_setups.npz",
  "device": "cuda",
  "family_jaccard": 0.4,
  "horizons": [
    10,
    20,
    30,
    40,
    50,
    75,
    100,
    125
  ],
  "labels_used_for_training": false,
  "periodic_reencode_periods": [
    1,
    2,
    5,
    10,
    20,
    50,
    100
  ],
  "rollout": {
    "episode_count": 15,
    "h10/episode_count": 15,
    "h10/final_state_mse": 0.0031586877660813675,
    "h10/outcome_drop_episode_count": 3,
    "h10/outcome_drop_final_state_mse": 0.002302173208567052,
    "h10/outcome_drop_state_mse": 0.0015695741363600188,
    "h10/outcome_jam_episode_count": 3,
    "h10/outcome_jam_final_state_mse": 0.00377332959689346,
    "h10/outcome_jam_state_mse": 0.0021641947864707,
    "h10/outcome_miss_episode_count": 3,
    "h10/outcome_miss_final_state_mse": 0.004969413763557385,
    "h10/outcome_miss_state_mse": 0.011046943165897544,
    "h10/outcome_partial_episode_count": 3,
    "h10/outcome_partial_final_state_mse": 0.0023762089218579085,
    "h10/outcome_partial_state_mse": 0.0014837435063193825,
    "h10/outcome_success_episode_count": 3,
    "h10/outcome_success_final_state_mse": 0.0023723150073897605,
    "h10/outcome_success_state_mse": 0.0014946800820967731,
    "h10/state_mse": 0.0035518269757040186,
    "h100/episode_count": 15,
    "h100/final_state_mse": 418101.1660130719,
    "h100/outcome_drop_episode_count": 3,
    "h100/outcome_drop_final_state_mse": 252248.2026143791,
    "h100/outcome_drop_state_mse": 11376.291503267974,
    "h100/outcome_jam_episode_count": 3,
    "h100/outcome_jam_final_state_mse": 295315.39869281044,
    "h100/outcome_jam_state_mse": 13159.621437908496,
    "h100/outcome_miss_episode_count": 3,
    "h100/outcome_miss_final_state_mse": 1032787.8300653595,
    "h100/outcome_miss_state_mse": 46174.79006535948,
    "h100/outcome_partial_episode_count": 3,
    "h100/outcome_partial_final_state_mse": 253508.54901960783,
    "h100/outcome_partial_state_mse": 11488.495424836601,
    "h100/outcome_success_episode_count": 3,
    "h100/outcome_success_final_state_mse": 256645.81699346405,
    "h100/outcome_success_state_mse": 11610.976732026144,
    "h100/state_mse": 18762.035869281044,
    "h125/episode_count": 15,
    "h125/final_state_mse": 305593511.3202614,
    "h125/outcome_drop_episode_count": 3,
    "h125/outcome_drop_final_state_mse": 182690688.83660132,
    "h125/outcome_drop_state_mse": 6413640.804392157,
    "h125/outcome_jam_episode_count": 3,
    "h125/outcome_jam_final_state_mse": 199817925.4379085,
    "h125/outcome_jam_state_mse": 7126852.815477124,
    "h125/outcome_miss_episode_count": 3,
    "h125/outcome_miss_final_state_mse": 777601479.1111112,
    "h125/outcome_miss_state_mse": 26582313.96392157,
    "h125/outcome_partial_episode_count": 3,
    "h125/outcome_partial_final_state_mse": 183297909.124183,
    "h125/outcome_partial_state_mse": 6506203.658039216,
    "h125/outcome_success_episode_count": 3,
    "h125/outcome_success_final_state_mse": 184559505.56862745,
    "h125/outcome_success_state_mse": 6566252.624313725,
    "h125/state_mse": 10639052.216386927,
    "h20/episode_count": 15,
    "h20/final_state_mse": 0.01005049437479256,
    "h20/outcome_drop_episode_count": 3,
    "h20/outcome_drop_final_state_mse": 0.00957570911622515,
    "h20/outcome_drop_state_mse": 0.003790917505625806,
    "h20/outcome_jam_episode_count": 3,
    "h20/outcome_jam_final_state_mse": 0.009774217613382277,
    "h20/outcome_jam_state_mse": 0.004213101139255599,
    "h20/outcome_miss_episode_count": 3,
    "h20/outcome_miss_final_state_mse": 0.012298955831652374,
    "h20/outcome_miss_state_mse": 0.00966020658904431,
    "h20/outcome_partial_episode_count": 3,
    "h20/outcome_partial_final_state_mse": 0.0093490958603379,
    "h20/outcome_partial_state_mse": 0.003677241436017105,
    "h20/outcome_success_episode_count": 3,
    "h20/outcome_success_final_state_mse": 0.009254491114928052,
    "h20/outcome_success_state_mse": 0.003673745837866091,
    "h20/state_mse": 0.005003042782054228,
    "h30/episode_count": 15,
    "h30/final_state_mse": 0.028802360584533292,
    "h30/outcome_drop_episode_count": 3,
    "h30/outcome_drop_final_state_mse": 0.021384867967343797,
    "h30/outcome_drop_state_mse": 0.007299581020745836,
    "h30/outcome_jam_episode_count": 3,
    "h30/outcome_jam_final_state_mse": 0.022118701264749165,
    "h30/outcome_jam_state_mse": 0.007630648748027992,
    "h30/outcome_miss_episode_count": 3,
    "h30/outcome_miss_final_state_mse": 0.058564438539392805,
    "h30/outcome_miss_state_mse": 0.016673575091725602,
    "h30/outcome_partial_episode_count": 3,
    "h30/outcome_partial_final_state_mse": 0.020780582053988587,
    "h30/outcome_partial_state_mse": 0.007090965179576333,
    "h30/outcome_success_episode_count": 3,
    "h30/outcome_success_final_state_mse": 0.021163209591036528,
    "h30/outcome_success_state_mse": 0.00714420513909367,
    "h30/state_mse": 0.00916779428785403,
    "h40/episode_count": 15,
    "h40/final_state_mse": 0.22098105436836193,
    "h40/outcome_drop_episode_count": 3,
    "h40/outcome_drop_final_state_mse": 0.13100636239145316,
    "h40/outcome_drop_state_mse": 0.02150773970909368,
    "h40/outcome_jam_episode_count": 3,
    "h40/outcome_jam_final_state_mse": 0.15535837061264934,
    "h40/outcome_jam_state_mse": 0.023601815279792337,
    "h40/outcome_miss_episode_count": 3,
    "h40/outcome_miss_final_state_mse": 0.5319645326901106,
    "h40/outcome_miss_state_mse": 0.06298875871047475,
    "h40/outcome_partial_episode_count": 3,
    "h40/outcome_partial_final_state_mse": 0.14204743329216452,
    "h40/outcome_partial_state_mse": 0.021613406511693217,
    "h40/outcome_success_episode_count": 3,
    "h40/outcome_success_final_state_mse": 0.1445284824745328,
    "h40/outcome_success_state_mse": 0.021943949718101353,
    "h40/state_mse": 0.030331133674172794,
    "h50/episode_count": 15,
    "h50/final_state_mse": 3.015863077001634,
    "h50/outcome_drop_episode_count": 3,
    "h50/outcome_drop_final_state_mse": 1.5571677513371884,
    "h50/outcome_drop_state_mse": 0.1527628301483354,
    "h50/outcome_jam_episode_count": 3,
    "h50/outcome_jam_final_state_mse": 1.6147364198771956,
    "h50/outcome_jam_state_mse": 0.1603897154564951,
    "h50/outcome_miss_episode_count": 3,
    "h50/outcome_miss_final_state_mse": 8.83392294092116,
    "h50/outcome_miss_state_mse": 0.7506725037020017,
    "h50/outcome_partial_episode_count": 3,
    "h50/outcome_partial_final_state_mse": 1.525100782805798,
    "h50/outcome_partial_state_mse": 0.14919298358992034,
    "h50/outcome_success_episode_count": 3,
    "h50/outcome_success_final_state_mse": 1.548388537238626,
    "h50/outcome_success_state_mse": 0.15099571078431373,
    "h50/state_mse": 0.2728027726715686,
    "h75/episode_count": 15,
    "h75/final_state_mse": 931.7132352941177,
    "h75/outcome_drop_episode_count": 3,
    "h75/outcome_drop_final_state_mse": 562.8216656454248,
    "h75/outcome_drop_state_mse": 36.01147671568627,
    "h75/outcome_jam_episode_count": 3,
    "h75/outcome_jam_final_state_mse": 607.3900441687091,
    "h75/outcome_jam_state_mse": 38.202089460784315,
    "h75/outcome_miss_episode_count": 3,
    "h75/outcome_miss_final_state_mse": 2344.2964154411766,
    "h75/outcome_miss_state_mse": 158.87334150326797,
    "h75/outcome_partial_episode_count": 3,
    "h75/outcome_partial_final_state_mse": 570.2783266952614,
    "h75/outcome_partial_state_mse": 36.058590345860566,
    "h75/outcome_success_episode_count": 3,
    "h75/outcome_success_final_state_mse": 573.7799351511438,
    "h75/outcome_success_state_mse": 36.34952410130719,
    "h75/state_mse": 61.099002178649236,
    "max_requested_horizon": 125,
    "reencode_period": null,
    "rollout_mode": "no_reencode"
  },
  "rollout_modes": {
    "no_reencode": {
      "episode_count": 15,
      "h10/episode_count": 15,
      "h10/final_state_mse": 0.0031586877660813675,
      "h10/outcome_drop_episode_count": 3,
      "h10/outcome_drop_final_state_mse": 0.002302173208567052,
      "h10/outcome_drop_state_mse": 0.0015695741363600188,
      "h10/outcome_jam_episode_count": 3,
      "h10/outcome_jam_final_state_mse": 0.00377332959689346,
      "h10/outcome_jam_state_mse": 0.0021641947864707,
      "h10/outcome_miss_episode_count": 3,
      "h10/outcome_miss_final_state_mse": 0.004969413763557385,
      "h10/outcome_miss_state_mse": 0.011046943165897544,
      "h10/outcome_partial_episode_count": 3,
      "h10/outcome_partial_final_state_mse": 0.0023762089218579085,
      "h10/outcome_partial_state_mse": 0.0014837435063193825,
      "h10/outcome_success_episode_count": 3,
      "h10/outcome_success_final_state_mse": 0.0023723150073897605,
      "h10/outcome_success_state_mse": 0.0014946800820967731,
      "h10/state_mse": 0.0035518269757040186,
      "h100/episode_count": 15,
      "h100/final_state_mse": 418101.1660130719,
      "h100/outcome_drop_episode_count": 3,
      "h100/outcome_drop_final_state_mse": 252248.2026143791,
      "h100/outcome_drop_state_mse": 11376.291503267974,
      "h100/outcome_jam_episode_count": 3,
      "h100/outcome_jam_final_state_mse": 295315.39869281044,
      "h100/outcome_jam_state_mse": 13159.621437908496,
      "h100/outcome_miss_episode_count": 3,
      "h100/outcome_miss_final_state_mse": 1032787.8300653595,
      "h100/outcome_miss_state_mse": 46174.79006535948,
      "h100/outcome_partial_episode_count": 3,
      "h100/outcome_partial_final_state_mse": 253508.54901960783,
      "h100/outcome_partial_state_mse": 11488.495424836601,
      "h100/outcome_success_episode_count": 3,
      "h100/outcome_success_final_state_mse": 256645.81699346405,
      "h100/outcome_success_state_mse": 11610.976732026144,
      "h100/state_mse": 18762.035869281044,
      "h125/episode_count": 15,
      "h125/final_state_mse": 305593511.3202614,
      "h125/outcome_drop_episode_count": 3,
      "h125/outcome_drop_final_state_mse": 182690688.83660132,
      "h125/outcome_drop_state_mse": 6413640.804392157,
      "h125/outcome_jam_episode_count": 3,
      "h125/outcome_jam_final_state_mse": 199817925.4379085,
      "h125/outcome_jam_state_mse": 7126852.815477124,
      "h125/outcome_miss_episode_count": 3,
      "h125/outcome_miss_final_state_mse": 777601479.1111112,
      "h125/outcome_miss_state_mse": 26582313.96392157,
      "h125/outcome_partial_episode_count": 3,
      "h125/outcome_partial_final_state_mse": 183297909.124183,
      "h125/outcome_partial_state_mse": 6506203.658039216,
      "h125/outcome_success_episode_count": 3,
      "h125/outcome_success_final_state_mse": 184559505.56862745,
      "h125/outcome_success_state_mse": 6566252.624313725,
      "h125/state_mse": 10639052.216386927,
      "h20/episode_count": 15,
      "h20/final_state_mse": 0.01005049437479256,
      "h20/outcome_drop_episode_count": 3,
      "h20/outcome_drop_final_state_mse": 0.00957570911622515,
      "h20/outcome_drop_state_mse": 0.003790917505625806,
      "h20/outcome_jam_episode_count": 3,
      "h20/outcome_jam_final_state_mse": 0.009774217613382277,
      "h20/outcome_jam_state_mse": 0.004213101139255599,
      "h20/outcome_miss_episode_count": 3,
      "h20/outcome_miss_final_state_mse": 0.012298955831652374,
      "h20/outcome_miss_state_mse": 0.00966020658904431,
      "h20/outcome_partial_episode_count": 3,
      "h20/outcome_partial_final_state_mse": 0.0093490958603379,
      "h20/outcome_partial_state_mse": 0.003677241436017105,
      "h20/outcome_success_episode_count": 3,
      "h20/outcome_success_final_state_mse": 0.009254491114928052,
      "h20/outcome_success_state_mse": 0.003673745837866091,
      "h20/state_mse": 0.005003042782054228,
      "h30/episode_count": 15,
      "h30/final_state_mse": 0.028802360584533292,
      "h30/outcome_drop_episode_count": 3,
      "h30/outcome_drop_final_state_mse": 0.021384867967343797,
      "h30/outcome_drop_state_mse": 0.007299581020745836,
      "h30/outcome_jam_episode_count": 3,
      "h30/outcome_jam_final_state_mse": 0.022118701264749165,
      "h30/outcome_jam_state_mse": 0.007630648748027992,
      "h30/outcome_miss_episode_count": 3,
      "h30/outcome_miss_final_state_mse": 0.058564438539392805,
      "h30/outcome_miss_state_mse": 0.016673575091725602,
      "h30/outcome_partial_episode_count": 3,
      "h30/outcome_partial_final_state_mse": 0.020780582053988587,
      "h30/outcome_partial_state_mse": 0.007090965179576333,
      "h30/outcome_success_episode_count": 3,
      "h30/outcome_success_final_state_mse": 0.021163209591036528,
      "h30/outcome_success_state_mse": 0.00714420513909367,
      "h30/state_mse": 0.00916779428785403,
      "h40/episode_count": 15,
      "h40/final_state_mse": 0.22098105436836193,
      "h40/outcome_drop_episode_count": 3,
      "h40/outcome_drop_final_state_mse": 0.13100636239145316,
      "h40/outcome_drop_state_mse": 0.02150773970909368,
      "h40/outcome_jam_episode_count": 3,
      "h40/outcome_jam_final_state_mse": 0.15535837061264934,
      "h40/outcome_jam_state_mse": 0.023601815279792337,
      "h40/outcome_miss_episode_count": 3,
      "h40/outcome_miss_final_state_mse": 0.5319645326901106,
      "h40/outcome_miss_state_mse": 0.06298875871047475,
      "h40/outcome_partial_episode_count": 3,
      "h40/outcome_partial_final_state_mse": 0.14204743329216452,
      "h40/outcome_partial_state_mse": 0.021613406511693217,
      "h40/outcome_success_episode_count": 3,
      "h40/outcome_success_final_state_mse": 0.1445284824745328,
      "h40/outcome_success_state_mse": 0.021943949718101353,
      "h40/state_mse": 0.030331133674172794,
      "h50/episode_count": 15,
      "h50/final_state_mse": 3.015863077001634,
      "h50/outcome_drop_episode_count": 3,
      "h50/outcome_drop_final_state_mse": 1.5571677513371884,
      "h50/outcome_drop_state_mse": 0.1527628301483354,
      "h50/outcome_jam_episode_count": 3,
      "h50/outcome_jam_final_state_mse": 1.6147364198771956,
      "h50/outcome_jam_state_mse": 0.1603897154564951,
      "h50/outcome_miss_episode_count": 3,
      "h50/outcome_miss_final_state_mse": 8.83392294092116,
      "h50/outcome_miss_state_mse": 0.7506725037020017,
      "h50/outcome_partial_episode_count": 3,
      "h50/outcome_partial_final_state_mse": 1.525100782805798,
      "h50/outcome_partial_state_mse": 0.14919298358992034,
      "h50/outcome_success_episode_count": 3,
      "h50/outcome_success_final_state_mse": 1.548388537238626,
      "h50/outcome_success_state_mse": 0.15099571078431373,
      "h50/state_mse": 0.2728027726715686,
      "h75/episode_count": 15,
      "h75/final_state_mse": 931.7132352941177,
      "h75/outcome_drop_episode_count": 3,
      "h75/outcome_drop_final_state_mse": 562.8216656454248,
      "h75/outcome_drop_state_mse": 36.01147671568627,
      "h75/outcome_jam_episode_count": 3,
      "h75/outcome_jam_final_state_mse": 607.3900441687091,
      "h75/outcome_jam_state_mse": 38.202089460784315,
      "h75/outcome_miss_episode_count": 3,
      "h75/outcome_miss_final_state_mse": 2344.2964154411766,
      "h75/outcome_miss_state_mse": 158.87334150326797,
      "h75/outcome_partial_episode_count": 3,
      "h75/outcome_partial_final_state_mse": 570.2783266952614,
      "h75/outcome_partial_state_mse": 36.058590345860566,
      "h75/outcome_success_episode_count": 3,
      "h75/outcome_success_final_state_mse": 573.7799351511438,
      "h75/outcome_success_state_mse": 36.34952410130719,
      "h75/state_mse": 61.099002178649236,
      "max_requested_horizon": 125,
      "reencode_period": null,
      "rollout_mode": "no_reencode"
    },
    "periodic_1": {
      "episode_count": 15,
      "h10/episode_count": 15,
      "h10/final_state_mse": 0.0028664330251855787,
      "h10/outcome_drop_episode_count": 3,
      "h10/outcome_drop_final_state_mse": 0.0016042263387075436,
      "h10/outcome_drop_state_mse": 0.0015672619631087858,
      "h10/outcome_jam_episode_count": 3,
      "h10/outcome_jam_final_state_mse": 0.0025582915427638034,
      "h10/outcome_jam_state_mse": 0.002116903331544664,
      "h10/outcome_miss_episode_count": 3,
      "h10/outcome_miss_final_state_mse": 0.0068987902083428075,
      "h10/outcome_miss_state_mse": 0.012676803582634021,
      "h10/outcome_partial_episode_count": 3,
      "h10/outcome_partial_final_state_mse": 0.0016366830643485574,
      "h10/outcome_partial_state_mse": 0.0014656067868463354,
      "h10/outcome_success_episode_count": 3,
      "h10/outcome_success_final_state_mse": 0.0016341741665516023,
      "h10/outcome_success_state_mse": 0.001489407914915895,
      "h10/state_mse": 0.003863196778141595,
      "h100/episode_count": 15,
      "h100/final_state_mse": 0.008157246408898845,
      "h100/outcome_drop_episode_count": 3,
      "h100/outcome_drop_final_state_mse": 0.009075709028181687,
      "h100/outcome_drop_state_mse": 0.006329979616052964,
      "h100/outcome_jam_episode_count": 3,
      "h100/outcome_jam_final_state_mse": 0.005207366803113152,
      "h100/outcome_jam_state_mse": 0.005112714144139508,
      "h100/outcome_miss_episode_count": 3,
      "h100/outcome_miss_final_state_mse": 0.012596381450790206,
      "h100/outcome_miss_state_mse": 0.007363523595473345,
      "h100/outcome_partial_episode_count": 3,
      "h100/outcome_partial_final_state_mse": 0.009370591467112497,
      "h100/outcome_partial_state_mse": 0.005280069494559095,
      "h100/outcome_success_episode_count": 3,
      "h100/outcome_success_final_state_mse": 0.004536184171835582,
      "h100/outcome_success_state_mse": 0.004986269209120008,
      "h100/state_mse": 0.005814511766620711,
      "h125/episode_count": 15,
      "h125/final_state_mse": 0.009183166852963515,
      "h125/outcome_drop_episode_count": 3,
      "h125/outcome_drop_final_state_mse": 0.008331666292707905,
      "h125/outcome_drop_state_mse": 0.006679704653671364,
      "h125/outcome_jam_episode_count": 3,
      "h125/outcome_jam_final_state_mse": 0.011424490244559993,
      "h125/outcome_jam_state_mse": 0.005890072093290441,
      "h125/outcome_miss_episode_count": 3,
      "h125/outcome_miss_final_state_mse": 0.010881869816312603,
      "h125/outcome_miss_state_mse": 0.007962167976728452,
      "h125/outcome_partial_episode_count": 3,
      "h125/outcome_partial_final_state_mse": 0.007644181255421607,
      "h125/outcome_partial_state_mse": 0.005882179808772467,
      "h125/outcome_success_episode_count": 3,
      "h125/outcome_success_final_state_mse": 0.007633625535793553,
      "h125/outcome_success_state_mse": 0.005441168492136438,
      "h125/state_mse": 0.006371058006535948,
      "h20/episode_count": 15,
      "h20/final_state_mse": 0.0043113923540302355,
      "h20/outcome_drop_episode_count": 3,
      "h20/outcome_drop_final_state_mse": 0.0034041279086879654,
      "h20/outcome_drop_state_mse": 0.0021265808273764216,
      "h20/outcome_jam_episode_count": 3,
      "h20/outcome_jam_final_state_mse": 0.003748578670757269,
      "h20/outcome_jam_state_mse": 0.0025793362287134906,
      "h20/outcome_miss_episode_count": 3,
      "h20/outcome_miss_final_state_mse": 0.007913164745748432,
      "h20/outcome_miss_state_mse": 0.010226285535525651,
      "h20/outcome_partial_episode_count": 3,
      "h20/outcome_partial_final_state_mse": 0.003223942921442144,
      "h20/outcome_partial_state_mse": 0.0020475601838305106,
      "h20/outcome_success_episode_count": 3,
      "h20/outcome_success_final_state_mse": 0.0032671491305033364,
      "h20/outcome_success_state_mse": 0.0020722874628952125,
      "h20/state_mse": 0.0038104100944169987,
      "h30/episode_count": 15,
      "h30/final_state_mse": 0.004100259768417458,
      "h30/outcome_drop_episode_count": 3,
      "h30/outcome_drop_final_state_mse": 0.003908845285574595,
      "h30/outcome_drop_state_mse": 0.0026367457084406436,
      "h30/outcome_jam_episode_count": 3,
      "h30/outcome_jam_final_state_mse": 0.004468509817824644,
      "h30/outcome_jam_state_mse": 0.0030344045759545953,
      "h30/outcome_miss_episode_count": 3,
      "h30/outcome_miss_final_state_mse": 0.003943597082219093,
      "h30/outcome_miss_state_mse": 0.008720413116588051,
      "h30/outcome_partial_episode_count": 3,
      "h30/outcome_partial_final_state_mse": 0.004061459180186777,
      "h30/outcome_partial_state_mse": 0.002570757263366433,
      "h30/outcome_success_episode_count": 3,
      "h30/outcome_success_final_state_mse": 0.0041188876710686025,
      "h30/outcome_success_state_mse": 0.0025904979581147236,
      "h30/state_mse": 0.003910563682938453,
      "h40/episode_count": 15,
      "h40/final_state_mse": 0.0049305454578275,
      "h40/outcome_drop_episode_count": 3,
      "h40/outcome_drop_final_state_mse": 0.007652292892434238,
      "h40/outcome_drop_state_mse": 0.0033349872414582694,
      "h40/outcome_jam_episode_count": 3,
      "h40/outcome_jam_final_state_mse": 0.004621047258766648,
      "h40/outcome_jam_state_mse": 0.0033634968442854537,
      "h40/outcome_miss_episode_count": 3,
      "h40/outcome_miss_final_state_mse": 0.0031417552260012407,
      "h40/outcome_miss_state_mse": 0.0073581631666694595,
      "h40/outcome_partial_episode_count": 3,
      "h40/outcome_partial_final_state_mse": 0.004648024009333717,
      "h40/outcome_partial_state_mse": 0.002962315822738448,
      "h40/outcome_success_episode_count": 3,
      "h40/outcome_success_final_state_mse": 0.004589606685186523,
      "h40/outcome_success_state_mse": 0.002979791359184614,
      "h40/state_mse": 0.003999751221899893,
      "h50/episode_count": 15,
      "h50/final_state_mse": 0.004707792693493413,
      "h50/outcome_drop_episode_count": 3,
      "h50/outcome_drop_final_state_mse": 0.0067824679457284265,
      "h50/outcome_drop_state_mse": 0.00436035262213813,
      "h50/outcome_jam_episode_count": 3,
      "h50/outcome_jam_final_state_mse": 0.004938289133551853,
      "h50/outcome_jam_state_mse": 0.0037453850266201045,
      "h50/outcome_miss_episode_count": 3,
      "h50/outcome_miss_final_state_mse": 0.0028640141381936915,
      "h50/outcome_miss_state_mse": 0.006543868320440155,
      "h50/outcome_partial_episode_count": 3,
      "h50/outcome_partial_final_state_mse": 0.004504480880070356,
      "h50/outcome_partial_state_mse": 0.003319205240486494,
      "h50/outcome_success_episode_count": 3,
      "h50/outcome_success_final_state_mse": 0.0044497135612699724,
      "h50/outcome_success_state_mse": 0.003336655548195434,
      "h50/state_mse": 0.004261093239379085,
      "h75/episode_count": 15,
      "h75/final_state_mse": 0.00923451068354588,
      "h75/outcome_drop_episode_count": 3,
      "h75/outcome_drop_final_state_mse": 0.010478922062449984,
      "h75/outcome_drop_state_mse": 0.005423606257552935,
      "h75/outcome_jam_episode_count": 3,
      "h75/outcome_jam_final_state_mse": 0.009606608573128195,
      "h75/outcome_jam_state_mse": 0.004994569624690968,
      "h75/outcome_miss_episode_count": 3,
      "h75/outcome_miss_final_state_mse": 0.007522748673663419,
      "h75/outcome_miss_state_mse": 0.005498244507899731,
      "h75/outcome_partial_episode_count": 3,
      "h75/outcome_partial_final_state_mse": 0.007613430615344079,
      "h75/outcome_partial_state_mse": 0.00466940919298492,
      "h75/outcome_success_episode_count": 3,
      "h75/outcome_success_final_state_mse": 0.010950844467075822,
      "h75/outcome_success_state_mse": 0.0048363437527924585,
      "h75/state_mse": 0.005084434891578159,
      "max_requested_horizon": 125,
      "reencode_period": 1,
      "rollout_mode": "periodic_1"
    },
    "periodic_10": {
      "episode_count": 15,
      "h10/episode_count": 15,
      "h10/final_state_mse": 0.0031586877660813675,
      "h10/outcome_drop_episode_count": 3,
      "h10/outcome_drop_final_state_mse": 0.0023021728189942105,
      "h10/outcome_drop_state_mse": 0.001569574175317303,
      "h10/outcome_jam_episode_count": 3,
      "h10/outcome_jam_final_state_mse": 0.003773328915140987,
      "h10/outcome_jam_state_mse": 0.0021641945527269947,
      "h10/outcome_miss_episode_count": 3,
      "h10/outcome_miss_final_state_mse": 0.004969414834882699,
      "h10/outcome_miss_state_mse": 0.011046942542580998,
      "h10/outcome_partial_episode_count": 3,
      "h10/outcome_partial_final_state_mse": 0.002376209262734145,
      "h10/outcome_partial_state_mse": 0.001483743564755309,
      "h10/outcome_success_episode_count": 3,
      "h10/outcome_success_final_state_mse": 0.0023723146178169187,
      "h10/outcome_success_state_mse": 0.0014946799262676364,
      "h10/state_mse": 0.0035518269757040186,
      "h100/episode_count": 15,
      "h100/final_state_mse": 0.0032400854272780074,
      "h100/outcome_drop_episode_count": 3,
      "h100/outcome_drop_final_state_mse": 0.0030671177444115184,
      "h100/outcome_drop_state_mse": 0.0025911839803059895,
      "h100/outcome_jam_episode_count": 3,
      "h100/outcome_jam_final_state_mse": 0.0041103214512463486,
      "h100/outcome_jam_state_mse": 0.0033684612722957837,
      "h100/outcome_miss_episode_count": 3,
      "h100/outcome_miss_final_state_mse": 0.002787287572240518,
      "h100/outcome_miss_state_mse": 0.003720305823033152,
      "h100/outcome_partial_episode_count": 3,
      "h100/outcome_partial_final_state_mse": 0.0025519833358284695,
      "h100/outcome_partial_state_mse": 0.0023257198520735198,
      "h100/outcome_success_episode_count": 3,
      "h100/outcome_success_final_state_mse": 0.0036837165456971312,
      "h100/outcome_success_state_mse": 0.002623328944436865,
      "h100/state_mse": 0.002925800198823019,
      "h125/episode_count": 15,
      "h125/final_state_mse": 0.003627679550569821,
      "h125/outcome_drop_episode_count": 3,
      "h125/outcome_drop_final_state_mse": 0.004068664135107028,
      "h125/outcome_drop_state_mse": 0.002822182100582746,
      "h125/outcome_jam_episode_count": 3,
      "h125/outcome_jam_final_state_mse": 0.004474235223788841,
      "h125/outcome_jam_state_mse": 0.0035550314710031147,
      "h125/outcome_miss_episode_count": 3,
      "h125/outcome_miss_final_state_mse": 0.0038063835133524504,
      "h125/outcome_miss_state_mse": 0.0036178855148016236,
      "h125/outcome_partial_episode_count": 3,
      "h125/outcome_partial_final_state_mse": 0.0024079135527797775,
      "h125/outcome_partial_state_mse": 0.002376865312164905,
      "h125/outcome_success_episode_count": 3,
      "h125/outcome_success_final_state_mse": 0.0033812014252142188,
      "h125/outcome_success_state_mse": 0.0027322761186587266,
      "h125/state_mse": 0.0030208480136846407,
      "h20/episode_count": 15,
      "h20/final_state_mse": 0.0032828814063976014,
      "h20/outcome_drop_episode_count": 3,
      "h20/outcome_drop_final_state_mse": 0.0030290567943083695,
      "h20/outcome_drop_state_mse": 0.002031631719053181,
      "h20/outcome_jam_episode_count": 3,
      "h20/outcome_jam_final_state_mse": 0.0034567251606704365,
      "h20/outcome_jam_state_mse": 0.0026209436210931514,
      "h20/outcome_miss_episode_count": 3,
      "h20/outcome_miss_final_state_mse": 0.0040580465707903595,
      "h20/outcome_miss_state_mse": 0.0077228128520491855,
      "h20/outcome_partial_episode_count": 3,
      "h20/outcome_partial_final_state_mse": 0.002962041573197234,
      "h20/outcome_partial_state_mse": 0.001969764532606586,
      "h20/outcome_success_episode_count": 3,
      "h20/outcome_success_final_state_mse": 0.0029085358860445956,
      "h20/outcome_success_state_mse": 0.0019667207220800563,
      "h20/state_mse": 0.0032623744790070976,
      "h30/episode_count": 15,
      "h30/final_state_mse": 0.0027240762523576324,
      "h30/outcome_drop_episode_count": 3,
      "h30/outcome_drop_final_state_mse": 0.0025227732128567165,
      "h30/outcome_drop_state_mse": 0.00220102193828242,
      "h30/outcome_jam_episode_count": 3,
      "h30/outcome_jam_final_state_mse": 0.0028971765993856917,
      "h30/outcome_jam_state_mse": 0.002771628240614415,
      "h30/outcome_miss_episode_count": 3,
      "h30/outcome_miss_final_state_mse": 0.003163885593024734,
      "h30/outcome_miss_state_mse": 0.006244707211430036,
      "h30/outcome_partial_episode_count": 3,
      "h30/outcome_partial_final_state_mse": 0.0024979888808493523,
      "h30/outcome_partial_state_mse": 0.0021505309345935166,
      "h30/outcome_success_episode_count": 3,
      "h30/outcome_success_final_state_mse": 0.0025385564156607085,
      "h30/outcome_success_state_mse": 0.0021458391270606347,
      "h30/state_mse": 0.003102745438453159,
      "h40/episode_count": 15,
      "h40/final_state_mse": 0.002519488490484898,
      "h40/outcome_drop_episode_count": 3,
      "h40/outcome_drop_final_state_mse": 0.0020835811844448636,
      "h40/outcome_drop_state_mse": 0.002272578664854461,
      "h40/outcome_jam_episode_count": 3,
      "h40/outcome_jam_final_state_mse": 0.002917269476098952,
      "h40/outcome_jam_state_mse": 0.0028288977208480335,
      "h40/outcome_miss_episode_count": 3,
      "h40/outcome_miss_final_state_mse": 0.002174121638139089,
      "h40/outcome_miss_state_mse": 0.0052793709281223275,
      "h40/outcome_partial_episode_count": 3,
      "h40/outcome_partial_final_state_mse": 0.0027308503251060163,
      "h40/outcome_partial_state_mse": 0.002225969118230483,
      "h40/outcome_success_episode_count": 3,
      "h40/outcome_success_final_state_mse": 0.0026916196338491504,
      "h40/outcome_success_state_mse": 0.0022213570627511716,
      "h40/state_mse": 0.0029656346638997394,
      "h50/episode_count": 15,
      "h50/final_state_mse": 0.002539405324100669,
      "h50/outcome_drop_episode_count": 3,
      "h50/outcome_drop_final_state_mse": 0.002857270340124766,
      "h50/outcome_drop_state_mse": 0.002387232593461579,
      "h50/outcome_jam_episode_count": 3,
      "h50/outcome_jam_final_state_mse": 0.0034372594231873556,
      "h50/outcome_jam_state_mse": 0.0028723195331548552,
      "h50/outcome_miss_episode_count": 3,
      "h50/outcome_miss_final_state_mse": 0.0021015458734206906,
      "h50/outcome_miss_state_mse": 0.004672683765685636,
      "h50/outcome_partial_episode_count": 3,
      "h50/outcome_partial_final_state_mse": 0.0021047231077758314,
      "h50/outcome_partial_state_mse": 0.0022316396002675975,
      "h50/outcome_success_episode_count": 3,
      "h50/outcome_success_final_state_mse": 0.002196227839472247,
      "h50/outcome_success_state_mse": 0.002234217014188081,
      "h50/state_mse": 0.002879618326822917,
      "h75/episode_count": 15,
      "h75/final_state_mse": 0.004270081738241358,
      "h75/outcome_drop_episode_count": 3,
      "h75/outcome_drop_final_state_mse": 0.00338358285964704,
      "h75/outcome_drop_state_mse": 0.002543593429532186,
      "h75/outcome_jam_episode_count": 3,
      "h75/outcome_jam_final_state_mse": 0.0054350252829346,
      "h75/outcome_jam_state_mse": 0.003083509391169662,
      "h75/outcome_miss_episode_count": 3,
      "h75/outcome_miss_final_state_mse": 0.00486860689676665,
      "h75/outcome_miss_state_mse": 0.004022449086174726,
      "h75/outcome_partial_episode_count": 3,
      "h75/outcome_partial_final_state_mse": 0.0031299735693370596,
      "h75/outcome_partial_state_mse": 0.0023319422653297972,
      "h75/outcome_success_episode_count": 3,
      "h75/outcome_success_final_state_mse": 0.0045332186946681905,
      "h75/outcome_success_state_mse": 0.0024005537510957075,
      "h75/state_mse": 0.002876409792432598,
      "max_requested_horizon": 125,
      "reencode_period": 10,
      "rollout_mode": "periodic_10"
    },
    "periodic_100": {
      "episode_count": 15,
      "h10/episode_count": 15,
      "h10/final_state_mse": 0.0031586877660813675,
      "h10/outcome_drop_episode_count": 3,
      "h10/outcome_drop_final_state_mse": 0.0023021728189942105,
      "h10/outcome_drop_state_mse": 0.001569574175317303,
      "h10/outcome_jam_episode_count": 3,
      "h10/outcome_jam_final_state_mse": 0.003773328915140987,
      "h10/outcome_jam_state_mse": 0.0021641945527269947,
      "h10/outcome_miss_episode_count": 3,
      "h10/outcome_miss_final_state_mse": 0.004969414834882699,
      "h10/outcome_miss_state_mse": 0.011046942542580998,
      "h10/outcome_partial_episode_count": 3,
      "h10/outcome_partial_final_state_mse": 0.002376209262734145,
      "h10/outcome_partial_state_mse": 0.001483743564755309,
      "h10/outcome_success_episode_count": 3,
      "h10/outcome_success_final_state_mse": 0.0023723146178169187,
      "h10/outcome_success_state_mse": 0.0014946799262676364,
      "h10/state_mse": 0.0035518269757040186,
      "h100/episode_count": 15,
      "h100/final_state_mse": 418101.1241830065,
      "h100/outcome_drop_episode_count": 3,
      "h100/outcome_drop_final_state_mse": 252248.21568627452,
      "h100/outcome_drop_state_mse": 11376.291241830066,
      "h100/outcome_jam_episode_count": 3,
      "h100/outcome_jam_final_state_mse": 295315.4117647059,
      "h100/outcome_jam_state_mse": 13159.621699346406,
      "h100/outcome_miss_episode_count": 3,
      "h100/outcome_miss_final_state_mse": 1032787.751633987,
      "h100/outcome_miss_state_mse": 46174.78274509804,
      "h100/outcome_partial_episode_count": 3,
      "h100/outcome_partial_final_state_mse": 253508.522875817,
      "h100/outcome_partial_state_mse": 11488.496470588236,
      "h100/outcome_success_episode_count": 3,
      "h100/outcome_success_final_state_mse": 256645.76470588235,
      "h100/outcome_success_state_mse": 11610.974901960784,
      "h100/state_mse": 18762.035869281044,
      "h125/episode_count": 15,
      "h125/final_state_mse": 349222.35816993465,
      "h125/outcome_drop_episode_count": 3,
      "h125/outcome_drop_final_state_mse": 67837.70343137255,
      "h125/outcome_drop_state_mse": 15239.95105882353,
      "h125/outcome_jam_episode_count": 3,
      "h125/outcome_jam_final_state_mse": 88018.49673202615,
      "h125/outcome_jam_state_mse": 17184.815267973856,
      "h125/outcome_miss_episode_count": 3,
      "h125/outcome_miss_final_state_mse": 1448597.843137255,
      "h125/outcome_miss_state_mse": 102320.60235294118,
      "h125/outcome_partial_episode_count": 3,
      "h125/outcome_partial_final_state_mse": 70262.5931372549,
      "h125/outcome_partial_state_mse": 15222.873098039216,
      "h125/outcome_success_episode_count": 3,
      "h125/outcome_success_final_state_mse": 71395.09395424837,
      "h125/outcome_success_state_mse": 15366.805751633987,
      "h125/state_mse": 33067.010677124184,
      "h20/episode_count": 15,
      "h20/final_state_mse": 0.010050491881526374,
      "h20/outcome_drop_episode_count": 3,
      "h20/outcome_drop_final_state_mse": 0.009575706486608469,
      "h20/outcome_drop_state_mse": 0.003790917349796669,
      "h20/outcome_jam_episode_count": 3,
      "h20/outcome_jam_final_state_mse": 0.009774216444663753,
      "h20/outcome_jam_state_mse": 0.004213100827597325,
      "h20/outcome_miss_episode_count": 3,
      "h20/outcome_miss_final_state_mse": 0.012298952325496798,
      "h20/outcome_miss_state_mse": 0.009660205498240353,
      "h20/outcome_partial_episode_count": 3,
      "h20/outcome_partial_final_state_mse": 0.009349096152517531,
      "h20/outcome_partial_state_mse": 0.0036772412022734,
      "h20/outcome_success_episode_count": 3,
      "h20/outcome_success_final_state_mse": 0.009254490627962,
      "h20/outcome_success_state_mse": 0.0036737453703786812,
      "h20/state_mse": 0.00500304228340099,
      "h30/episode_count": 15,
      "h30/final_state_mse": 0.028802360584533292,
      "h30/outcome_drop_episode_count": 3,
      "h30/outcome_drop_final_state_mse": 0.021384871083926532,
      "h30/outcome_drop_state_mse": 0.0072995811246319275,
      "h30/outcome_jam_episode_count": 3,
      "h30/outcome_jam_final_state_mse": 0.022118702823040532,
      "h30/outcome_jam_state_mse": 0.007630649163572357,
      "h30/outcome_miss_episode_count": 3,
      "h30/outcome_miss_final_state_mse": 0.058564440097684176,
      "h30/outcome_miss_state_mse": 0.016673574260636873,
      "h30/outcome_partial_episode_count": 3,
      "h30/outcome_partial_final_state_mse": 0.02078058556014416,
      "h30/outcome_partial_state_mse": 0.0070909642446015135,
      "h30/outcome_success_episode_count": 3,
      "h30/outcome_success_final_state_mse": 0.02116320764317232,
      "h30/outcome_success_state_mse": 0.00714420513909367,
      "h30/state_mse": 0.009167794952725013,
      "h40/episode_count": 15,
      "h40/final_state_mse": 0.22098105436836193,
      "h40/outcome_drop_episode_count": 3,
      "h40/outcome_drop_final_state_mse": 0.13100634369195677,
      "h40/outcome_drop_state_mse": 0.021507740332410225,
      "h40/outcome_jam_episode_count": 3,
      "h40/outcome_jam_final_state_mse": 0.1553583269804911,
      "h40/outcome_jam_state_mse": 0.023601812474867877,
      "h40/outcome_miss_episode_count": 3,
      "h40/outcome_miss_final_state_mse": 0.5319646947524127,
      "h40/outcome_miss_state_mse": 0.06298876369700712,
      "h40/outcome_partial_episode_count": 3,
      "h40/outcome_partial_final_state_mse": 0.1420474488750782,
      "h40/outcome_partial_state_mse": 0.021613405888376673,
      "h40/outcome_success_episode_count": 3,
      "h40/outcome_success_final_state_mse": 0.14452850117402918,
      "h40/outcome_success_state_mse": 0.021943949406443078,
      "h40/state_mse": 0.030331133674172794,
      "h50/episode_count": 15,
      "h50/final_state_mse": 3.015863396139706,
      "h50/outcome_drop_episode_count": 3,
      "h50/outcome_drop_final_state_mse": 1.557167452145246,
      "h50/outcome_drop_state_mse": 0.1527628102022059,
      "h50/outcome_jam_episode_count": 3,
      "h50/outcome_jam_final_state_mse": 1.6147362204159008,
      "h50/outcome_jam_state_mse": 0.1603896994995915,
      "h50/outcome_miss_episode_count": 3,
      "h50/outcome_miss_final_state_mse": 8.833923539305045,
      "h50/outcome_miss_state_mse": 0.7506725356158088,
      "h50/outcome_partial_episode_count": 3,
      "h50/outcome_partial_final_state_mse": 1.5251008326711217,
      "h50/outcome_partial_state_mse": 0.14919299555759805,
      "h50/outcome_success_episode_count": 3,
      "h50/outcome_success_final_state_mse": 1.5483884125753167,
      "h50/outcome_success_state_mse": 0.15099569881663602,
      "h50/state_mse": 0.2728027471405229,
      "h75/episode_count": 15,
      "h75/final_state_mse": 931.7134803921568,
      "h75/outcome_drop_episode_count": 3,
      "h75/outcome_drop_final_state_mse": 562.8216720281863,
      "h75/outcome_drop_state_mse": 36.01147569444444,
      "h75/outcome_jam_episode_count": 3,
      "h75/outcome_jam_final_state_mse": 607.3900377859477,
      "h75/outcome_jam_state_mse": 38.202088779956426,
      "h75/outcome_miss_episode_count": 3,
      "h75/outcome_miss_final_state_mse": 2344.297487745098,
      "h75/outcome_miss_state_mse": 158.873371459695,
      "h75/outcome_partial_episode_count": 3,
      "h75/outcome_partial_final_state_mse": 570.2783075469771,
      "h75/outcome_partial_state_mse": 36.05859340958606,
      "h75/outcome_success_episode_count": 3,
      "h75/outcome_success_final_state_mse": 573.7799479166666,
      "h75/outcome_success_state_mse": 36.3495234204793,
      "h75/state_mse": 61.099002178649236,
      "max_requested_horizon": 125,
      "reencode_period": 100,
      "rollout_mode": "periodic_100"
    },
    "periodic_2": {
      "episode_count": 15,
      "h10/episode_count": 15,
      "h10/final_state_mse": 0.0023876472236284245,
      "h10/outcome_drop_episode_count": 3,
      "h10/outcome_drop_final_state_mse": 0.001363191364053028,
      "h10/outcome_drop_state_mse": 0.001395595502230077,
      "h10/outcome_jam_episode_count": 3,
      "h10/outcome_jam_final_state_mse": 0.002391698508480795,
      "h10/outcome_jam_state_mse": 0.0019057528645384546,
      "h10/outcome_miss_episode_count": 3,
      "h10/outcome_miss_final_state_mse": 0.005572260156566021,
      "h10/outcome_miss_state_mse": 0.011687294486301398,
      "h10/outcome_partial_episode_count": 3,
      "h10/outcome_partial_final_state_mse": 0.001293024109079947,
      "h10/outcome_partial_state_mse": 0.0012805842690997655,
      "h10/outcome_success_episode_count": 3,
      "h10/outcome_success_final_state_mse": 0.0013180615660411859,
      "h10/outcome_success_state_mse": 0.0012991798469443726,
      "h10/state_mse": 0.0035136814990074806,
      "h100/episode_count": 15,
      "h100/final_state_mse": 0.005398801417132608,
      "h100/outcome_drop_episode_count": 3,
      "h100/outcome_drop_final_state_mse": 0.005306615159402486,
      "h100/outcome_drop_state_mse": 0.003987037808287378,
      "h100/outcome_jam_episode_count": 3,
      "h100/outcome_jam_final_state_mse": 0.003400282970830506,
      "h100/outcome_jam_state_mse": 0.003345550150653116,
      "h100/outcome_miss_episode_count": 3,
      "h100/outcome_miss_final_state_mse": 0.010234535860469917,
      "h100/outcome_miss_state_mse": 0.004481908262165543,
      "h100/outcome_partial_episode_count": 3,
      "h100/outcome_partial_final_state_mse": 0.0052217300616058645,
      "h100/outcome_partial_state_mse": 0.002967542916341545,
      "h100/outcome_success_episode_count": 3,
      "h100/outcome_success_final_state_mse": 0.0028308437881516477,
      "h100/outcome_success_state_mse": 0.002880369011872734,
      "h100/state_mse": 0.0035324814740349264,
      "h125/episode_count": 15,
      "h125/final_state_mse": 0.006641987569971022,
      "h125/outcome_drop_episode_count": 3,
      "h125/outcome_drop_final_state_mse": 0.006858493767532648,
      "h125/outcome_drop_state_mse": 0.004335191614487592,
      "h125/outcome_jam_episode_count": 3,
      "h125/outcome_jam_final_state_mse": 0.008194131399291793,
      "h125/outcome_jam_state_mse": 0.0039048102883731616,
      "h125/outcome_miss_episode_count": 3,
      "h125/outcome_miss_final_state_mse": 0.008272004478118,
      "h125/outcome_miss_state_mse": 0.005253320033254187,
      "h125/outcome_partial_episode_count": 3,
      "h125/outcome_partial_final_state_mse": 0.0050412231897996145,
      "h125/outcome_partial_state_mse": 0.0033611604777816074,
      "h125/outcome_success_episode_count": 3,
      "h125/outcome_success_final_state_mse": 0.004844085112506268,
      "h125/outcome_success_state_mse": 0.0030916156644135518,
      "h125/state_mse": 0.0039892201542075165,
      "h20/episode_count": 15,
      "h20/final_state_mse": 0.0026405097612368514,
      "h20/outcome_drop_episode_count": 3,
      "h20/outcome_drop_final_state_mse": 0.0025399556395664714,
      "h20/outcome_drop_state_mse": 0.0016501053096422184,
      "h20/outcome_jam_episode_count": 3,
      "h20/outcome_jam_final_state_mse": 0.0027712351746029323,
      "h20/outcome_jam_state_mse": 0.0021524705138860965,
      "h20/outcome_miss_episode_count": 3,
      "h20/outcome_miss_final_state_mse": 0.0032449146014413024,
      "h20/outcome_miss_state_mse": 0.008059878286972544,
      "h20/outcome_partial_episode_count": 3,
      "h20/outcome_partial_final_state_mse": 0.002316992510767544,
      "h20/outcome_partial_state_mse": 0.0015644963270698498,
      "h20/outcome_success_episode_count": 3,
      "h20/outcome_success_final_state_mse": 0.0023294520485245326,
      "h20/outcome_success_state_mse": 0.0015825966604394851,
      "h20/state_mse": 0.003001909442976409,
      "h30/episode_count": 15,
      "h30/final_state_mse": 0.002515107977624033,
      "h30/outcome_drop_episode_count": 3,
      "h30/outcome_drop_final_state_mse": 0.0023990250588242523,
      "h30/outcome_drop_state_mse": 0.0019165101913585123,
      "h30/outcome_jam_episode_count": 3,
      "h30/outcome_jam_final_state_mse": 0.0029472658788067064,
      "h30/outcome_jam_state_mse": 0.002423993850325707,
      "h30/outcome_miss_episode_count": 3,
      "h30/outcome_miss_final_state_mse": 0.002373258857166066,
      "h30/outcome_miss_state_mse": 0.0063670157347369555,
      "h30/outcome_partial_episode_count": 3,
      "h30/outcome_partial_final_state_mse": 0.002395081619908607,
      "h30/outcome_partial_state_mse": 0.0018402241933319823,
      "h30/outcome_success_episode_count": 3,
      "h30/outcome_success_final_state_mse": 0.002460908388195474,
      "h30/outcome_success_state_mse": 0.0018582351067486932,
      "h30/state_mse": 0.0028811957997174563,
      "h40/episode_count": 15,
      "h40/final_state_mse": 0.0027647302041645923,
      "h40/outcome_drop_episode_count": 3,
      "h40/outcome_drop_final_state_mse": 0.0036254720458018235,
      "h40/outcome_drop_state_mse": 0.0021979726217930613,
      "h40/outcome_jam_episode_count": 3,
      "h40/outcome_jam_final_state_mse": 0.002658912364174338,
      "h40/outcome_jam_state_mse": 0.0025253172014273848,
      "h40/outcome_miss_episode_count": 3,
      "h40/outcome_miss_final_state_mse": 0.0024958192036042804,
      "h40/outcome_miss_state_mse": 0.005427630664476382,
      "h40/outcome_partial_episode_count": 3,
      "h40/outcome_partial_final_state_mse": 0.0025358936365912944,
      "h40/outcome_partial_state_mse": 0.001972950439827115,
      "h40/outcome_success_episode_count": 3,
      "h40/outcome_success_final_state_mse": 0.0025075543063138826,
      "h40/outcome_success_state_mse": 0.0019899788440442554,
      "h40/state_mse": 0.0028227700127495658,
      "h50/episode_count": 15,
      "h50/final_state_mse": 0.003086860818800583,
      "h50/outcome_drop_episode_count": 3,
      "h50/outcome_drop_final_state_mse": 0.004740728467118507,
      "h50/outcome_drop_state_mse": 0.0028590295517366697,
      "h50/outcome_jam_episode_count": 3,
      "h50/outcome_jam_final_state_mse": 0.0035332504148576772,
      "h50/outcome_jam_state_mse": 0.002677649579016991,
      "h50/outcome_miss_episode_count": 3,
      "h50/outcome_miss_final_state_mse": 0.002302544398440255,
      "h50/outcome_miss_state_mse": 0.004836312898623398,
      "h50/outcome_partial_episode_count": 3,
      "h50/outcome_partial_final_state_mse": 0.0024312769178471533,
      "h50/outcome_partial_state_mse": 0.0020886967228908163,
      "h50/outcome_success_episode_count": 3,
      "h50/outcome_success_final_state_mse": 0.002426505040109547,
      "h50/outcome_success_state_mse": 0.0021084615919325085,
      "h50/state_mse": 0.0029140299878089256,
      "h75/episode_count": 15,
      "h75/final_state_mse": 0.005641306459514144,
      "h75/outcome_drop_episode_count": 3,
      "h75/outcome_drop_final_state_mse": 0.006320914411856458,
      "h75/outcome_drop_state_mse": 0.00371770630215248,
      "h75/outcome_jam_episode_count": 3,
      "h75/outcome_jam_final_state_mse": 0.0058453643049289974,
      "h75/outcome_jam_state_mse": 0.0031609667775937414,
      "h75/outcome_miss_episode_count": 3,
      "h75/outcome_miss_final_state_mse": 0.0054124507298266965,
      "h75/outcome_miss_state_mse": 0.0042276890241502415,
      "h75/outcome_partial_episode_count": 3,
      "h75/outcome_partial_final_state_mse": 0.004445488010746202,
      "h75/outcome_partial_state_mse": 0.0025399528453552644,
      "h75/outcome_success_episode_count": 3,
      "h75/outcome_success_final_state_mse": 0.006182313793235355,
      "h75/outcome_success_state_mse": 0.0026409532301825897,
      "h75/state_mse": 0.003257453735617511,
      "max_requested_horizon": 125,
      "reencode_period": 2,
      "rollout_mode": "periodic_2"
    },
    "periodic_20": {
      "episode_count": 15,
      "h10/episode_count": 15,
      "h10/final_state_mse": 0.0031586877660813675,
      "h10/outcome_drop_episode_count": 3,
      "h10/outcome_drop_final_state_mse": 0.0023021728189942105,
      "h10/outcome_drop_state_mse": 0.001569574175317303,
      "h10/outcome_jam_episode_count": 3,
      "h10/outcome_jam_final_state_mse": 0.003773328915140987,
      "h10/outcome_jam_state_mse": 0.0021641945527269947,
      "h10/outcome_miss_episode_count": 3,
      "h10/outcome_miss_final_state_mse": 0.004969414834882699,
      "h10/outcome_miss_state_mse": 0.011046942542580998,
      "h10/outcome_partial_episode_count": 3,
      "h10/outcome_partial_final_state_mse": 0.002376209262734145,
      "h10/outcome_partial_state_mse": 0.001483743564755309,
      "h10/outcome_success_episode_count": 3,
      "h10/outcome_success_final_state_mse": 0.0023723146178169187,
      "h10/outcome_success_state_mse": 0.0014946799262676364,
      "h10/state_mse": 0.0035518269757040186,
      "h100/episode_count": 15,
      "h100/final_state_mse": 0.014917169209399254,
      "h100/outcome_drop_episode_count": 3,
      "h100/outcome_drop_final_state_mse": 0.010218485897662593,
      "h100/outcome_drop_state_mse": 0.005701709884444094,
      "h100/outcome_jam_episode_count": 3,
      "h100/outcome_jam_final_state_mse": 0.015176141963285558,
      "h100/outcome_jam_state_mse": 0.007250097686169194,
      "h100/outcome_miss_episode_count": 3,
      "h100/outcome_miss_final_state_mse": 0.020511587850408616,
      "h100/outcome_miss_state_mse": 0.011951270259283726,
      "h100/outcome_partial_episode_count": 3,
      "h100/outcome_partial_final_state_mse": 0.012850267824783823,
      "h100/outcome_partial_state_mse": 0.006216248343972598,
      "h100/outcome_success_episode_count": 3,
      "h100/outcome_success_final_state_mse": 0.015829360952564313,
      "h100/outcome_success_state_mse": 0.006813629125457963,
      "h100/state_mse": 0.007586590935202206,
      "h125/episode_count": 15,
      "h125/final_state_mse": 0.007385371713077321,
      "h125/outcome_drop_episode_count": 3,
      "h125/outcome_drop_final_state_mse": 0.004330751066114388,
      "h125/outcome_drop_state_mse": 0.005877861272275837,
      "h125/outcome_jam_episode_count": 3,
      "h125/outcome_jam_final_state_mse": 0.006237945915047639,
      "h125/outcome_jam_state_mse": 0.007432006636476205,
      "h125/outcome_miss_episode_count": 3,
      "h125/outcome_miss_final_state_mse": 0.015520981713837268,
      "h125/outcome_miss_state_mse": 0.012780871422462214,
      "h125/outcome_partial_episode_count": 3,
      "h125/outcome_partial_final_state_mse": 0.005138756110777263,
      "h125/outcome_partial_state_mse": 0.006223039913800806,
      "h125/outcome_success_episode_count": 3,
      "h125/outcome_success_final_state_mse": 0.005698423077857572,
      "h125/outcome_success_state_mse": 0.007062104966905382,
      "h125/state_mse": 0.007875177440767973,
      "h20/episode_count": 15,
      "h20/final_state_mse": 0.010050491881526374,
      "h20/outcome_drop_episode_count": 3,
      "h20/outcome_drop_final_state_mse": 0.009575706486608469,
      "h20/outcome_drop_state_mse": 0.003790917349796669,
      "h20/outcome_jam_episode_count": 3,
      "h20/outcome_jam_final_state_mse": 0.009774216444663753,
      "h20/outcome_jam_state_mse": 0.004213100827597325,
      "h20/outcome_miss_episode_count": 3,
      "h20/outcome_miss_final_state_mse": 0.012298952325496798,
      "h20/outcome_miss_state_mse": 0.009660205498240353,
      "h20/outcome_partial_episode_count": 3,
      "h20/outcome_partial_final_state_mse": 0.009349096152517531,
      "h20/outcome_partial_state_mse": 0.0036772412022734,
      "h20/outcome_success_episode_count": 3,
      "h20/outcome_success_final_state_mse": 0.009254490627962,
      "h20/outcome_success_state_mse": 0.0036737453703786812,
      "h20/state_mse": 0.00500304228340099,
      "h30/episode_count": 15,
      "h30/final_state_mse": 0.006310647453357971,
      "h30/outcome_drop_episode_count": 3,
      "h30/outcome_drop_final_state_mse": 0.00572938603513381,
      "h30/outcome_drop_state_mse": 0.004256621736846458,
      "h30/outcome_jam_episode_count": 3,
      "h30/outcome_jam_final_state_mse": 0.005770614577664269,
      "h30/outcome_jam_state_mse": 0.004646349680449708,
      "h30/outcome_miss_episode_count": 3,
      "h30/outcome_miss_final_state_mse": 0.00884412978988847,
      "h30/outcome_miss_state_mse": 0.008941423087857647,
      "h30/outcome_partial_episode_count": 3,
      "h30/outcome_partial_final_state_mse": 0.005551988100693896,
      "h30/outcome_partial_state_mse": 0.004119696830092952,
      "h30/outcome_success_episode_count": 3,
      "h30/outcome_success_final_state_mse": 0.005657120346049078,
      "h30/outcome_success_state_mse": 0.004122835592506758,
      "h30/state_mse": 0.005217384886897467,
      "h40/episode_count": 15,
      "h40/final_state_mse": 0.015158213197795395,
      "h40/outcome_drop_episode_count": 3,
      "h40/outcome_drop_final_state_mse": 0.01034784920854506,
      "h40/outcome_drop_state_mse": 0.005267262497758554,
      "h40/outcome_jam_episode_count": 3,
      "h40/outcome_jam_final_state_mse": 0.01653880036734288,
      "h40/outcome_jam_state_mse": 0.006193452255398619,
      "h40/outcome_miss_episode_count": 3,
      "h40/outcome_miss_final_state_mse": 0.014538653535780564,
      "h40/outcome_miss_state_mse": 0.009743520325305415,
      "h40/outcome_partial_episode_count": 3,
      "h40/outcome_partial_final_state_mse": 0.01704497489274717,
      "h40/outcome_partial_state_mse": 0.005794637070761786,
      "h40/outcome_success_episode_count": 3,
      "h40/outcome_success_final_state_mse": 0.01732078827674093,
      "h40/outcome_success_state_mse": 0.005840102597778919,
      "h40/state_mse": 0.00656779470007404,
      "h50/episode_count": 15,
      "h50/final_state_mse": 0.006385983361138238,
      "h50/outcome_drop_episode_count": 3,
      "h50/outcome_drop_final_state_mse": 0.005647451367253572,
      "h50/outcome_drop_state_mse": 0.0053588347964816626,
      "h50/outcome_jam_episode_count": 3,
      "h50/outcome_jam_final_state_mse": 0.006466664812144111,
      "h50/outcome_jam_state_mse": 0.006022470698637121,
      "h50/outcome_miss_episode_count": 3,
      "h50/outcome_miss_final_state_mse": 0.00848882260665395,
      "h50/outcome_miss_state_mse": 0.009000248129850898,
      "h50/outcome_partial_episode_count": 3,
      "h50/outcome_partial_final_state_mse": 0.005606018493767657,
      "h50/outcome_partial_state_mse": 0.0056328474306592755,
      "h50/outcome_success_episode_count": 3,
      "h50/outcome_success_final_state_mse": 0.005720961278949688,
      "h50/outcome_success_state_mse": 0.005688222623338886,
      "h50/state_mse": 0.006340524710860907,
      "h75/episode_count": 15,
      "h75/final_state_mse": 0.00968921137791054,
      "h75/outcome_drop_episode_count": 3,
      "h75/outcome_drop_final_state_mse": 0.006596653290044248,
      "h75/outcome_drop_state_mse": 0.005489134030144719,
      "h75/outcome_jam_episode_count": 3,
      "h75/outcome_jam_final_state_mse": 0.009969160350319606,
      "h75/outcome_jam_state_mse": 0.006405643471445653,
      "h75/outcome_miss_episode_count": 3,
      "h75/outcome_miss_final_state_mse": 0.016142343773561364,
      "h75/outcome_miss_state_mse": 0.011047044475613596,
      "h75/outcome_partial_episode_count": 3,
      "h75/outcome_partial_final_state_mse": 0.007350039053586574,
      "h75/outcome_partial_state_mse": 0.005862470971732877,
      "h75/outcome_success_episode_count": 3,
      "h75/outcome_success_final_state_mse": 0.008387861298579796,
      "h75/outcome_success_state_mse": 0.00595303146927445,
      "h75/state_mse": 0.006951464950129357,
      "max_requested_horizon": 125,
      "reencode_period": 20,
      "rollout_mode": "periodic_20"
    },
    "periodic_5": {
      "episode_count": 15,
      "h10/episode_count": 15,
      "h10/final_state_mse": 0.002324156356013678,
      "h10/outcome_drop_episode_count": 3,
      "h10/outcome_drop_final_state_mse": 0.0015985232357885323,
      "h10/outcome_drop_state_mse": 0.0014121915000716067,
      "h10/outcome_jam_episode_count": 3,
      "h10/outcome_jam_final_state_mse": 0.002631264476994284,
      "h10/outcome_jam_state_mse": 0.0019504611009086659,
      "h10/outcome_miss_episode_count": 3,
      "h10/outcome_miss_final_state_mse": 0.0042174748248524135,
      "h10/outcome_miss_state_mse": 0.011001697864407807,
      "h10/outcome_partial_episode_count": 3,
      "h10/outcome_partial_final_state_mse": 0.0015616336338270724,
      "h10/outcome_partial_state_mse": 0.0013117409219928816,
      "h10/outcome_success_episode_count": 3,
      "h10/outcome_success_final_state_mse": 0.0016118848051121031,
      "h10/outcome_success_state_mse": 0.001337287024734846,
      "h10/state_mse": 0.003402675553864124,
      "h100/episode_count": 15,
      "h100/final_state_mse": 0.003396310681611105,
      "h100/outcome_drop_episode_count": 3,
      "h100/outcome_drop_final_state_mse": 0.0029180615507309734,
      "h100/outcome_drop_state_mse": 0.0026609311072654973,
      "h100/outcome_jam_episode_count": 3,
      "h100/outcome_jam_final_state_mse": 0.0036184741975435245,
      "h100/outcome_jam_state_mse": 0.0031549522923488243,
      "h100/outcome_miss_episode_count": 3,
      "h100/outcome_miss_final_state_mse": 0.004522438678476546,
      "h100/outcome_miss_state_mse": 0.0037623838661542904,
      "h100/outcome_partial_episode_count": 3,
      "h100/outcome_partial_final_state_mse": 0.003029751427033368,
      "h100/outcome_partial_state_mse": 0.0022319559022492053,
      "h100/outcome_success_episode_count": 3,
      "h100/outcome_success_final_state_mse": 0.0028928273838329938,
      "h100/outcome_success_state_mse": 0.002409380744485294,
      "h100/state_mse": 0.002843920938329759,
      "h125/episode_count": 15,
      "h125/final_state_mse": 0.004688433728186913,
      "h125/outcome_drop_episode_count": 3,
      "h125/outcome_drop_final_state_mse": 0.004294672871337217,
      "h125/outcome_drop_state_mse": 0.002852806789423126,
      "h125/outcome_jam_episode_count": 3,
      "h125/outcome_jam_final_state_mse": 0.004429686887591493,
      "h125/outcome_jam_state_mse": 0.003371526830336627,
      "h125/outcome_miss_episode_count": 3,
      "h125/outcome_miss_final_state_mse": 0.00925022310096454,
      "h125/outcome_miss_state_mse": 0.0043670020009957105,
      "h125/outcome_partial_episode_count": 3,
      "h125/outcome_partial_final_state_mse": 0.0024993253591793036,
      "h125/outcome_partial_state_mse": 0.002382049560546875,
      "h125/outcome_success_episode_count": 3,
      "h125/outcome_success_final_state_mse": 0.0029682620775465874,
      "h125/outcome_success_state_mse": 0.002510484583237592,
      "h125/state_mse": 0.003096773833231209,
      "h20/episode_count": 15,
      "h20/final_state_mse": 0.0020983772340163686,
      "h20/outcome_drop_episode_count": 3,
      "h20/outcome_drop_final_state_mse": 0.001924659910739637,
      "h20/outcome_drop_state_mse": 0.001587850829355078,
      "h20/outcome_jam_episode_count": 3,
      "h20/outcome_jam_final_state_mse": 0.0023191040442659965,
      "h20/outcome_jam_state_mse": 0.0021381428039151857,
      "h20/outcome_miss_episode_count": 3,
      "h20/outcome_miss_final_state_mse": 0.002801287992327821,
      "h20/outcome_miss_state_mse": 0.007395762244081185,
      "h20/outcome_partial_episode_count": 3,
      "h20/outcome_partial_final_state_mse": 0.001704871654510498,
      "h20/outcome_partial_state_mse": 0.0014995193169787039,
      "h20/outcome_success_episode_count": 3,
      "h20/outcome_success_final_state_mse": 0.0017419623247548646,
      "h20/outcome_success_state_mse": 0.0015295133286831425,
      "h20/state_mse": 0.0028301578097873264,
      "h30/episode_count": 15,
      "h30/final_state_mse": 0.001848440544278014,
      "h30/outcome_drop_episode_count": 3,
      "h30/outcome_drop_final_state_mse": 0.001700297728473065,
      "h30/outcome_drop_state_mse": 0.0016873204889900025,
      "h30/outcome_jam_episode_count": 3,
      "h30/outcome_jam_final_state_mse": 0.0020942770772510106,
      "h30/outcome_jam_state_mse": 0.002222277863612622,
      "h30/outcome_miss_episode_count": 3,
      "h30/outcome_miss_final_state_mse": 0.0020012006747956368,
      "h30/outcome_miss_state_mse": 0.005777149886087654,
      "h30/outcome_partial_episode_count": 3,
      "h30/outcome_partial_final_state_mse": 0.0017000779850420609,
      "h30/outcome_partial_state_mse": 0.0015985168143295254,
      "h30/outcome_success_episode_count": 3,
      "h30/outcome_success_final_state_mse": 0.0017463495480079278,
      "h30/outcome_success_state_mse": 0.0016240541711611946,
      "h30/state_mse": 0.00258186390197355,
      "h40/episode_count": 15,
      "h40/final_state_mse": 0.0018925147898056927,
      "h40/outcome_drop_episode_count": 3,
      "h40/outcome_drop_final_state_mse": 0.0020118331159251967,
      "h40/outcome_drop_state_mse": 0.0018286707354526893,
      "h40/outcome_jam_episode_count": 3,
      "h40/outcome_jam_final_state_mse": 0.0018909442074158613,
      "h40/outcome_jam_state_mse": 0.0022619274706622353,
      "h40/outcome_miss_episode_count": 3,
      "h40/outcome_miss_final_state_mse": 0.001902960776503569,
      "h40/outcome_miss_state_mse": 0.004885695027370079,
      "h40/outcome_partial_episode_count": 3,
      "h40/outcome_partial_final_state_mse": 0.001830254164006975,
      "h40/outcome_partial_state_mse": 0.0016747161843418295,
      "h40/outcome_success_episode_count": 3,
      "h40/outcome_success_final_state_mse": 0.0018265816364802566,
      "h40/outcome_success_state_mse": 0.0016979917591693355,
      "h40/state_mse": 0.0024698003133138023,
      "h50/episode_count": 15,
      "h50/final_state_mse": 0.0021798607570673125,
      "h50/outcome_drop_episode_count": 3,
      "h50/outcome_drop_final_state_mse": 0.002401844762703952,
      "h50/outcome_drop_state_mse": 0.002079272020876018,
      "h50/outcome_jam_episode_count": 3,
      "h50/outcome_jam_final_state_mse": 0.0030922303889312,
      "h50/outcome_jam_state_mse": 0.002369026607937283,
      "h50/outcome_miss_episode_count": 3,
      "h50/outcome_miss_final_state_mse": 0.0016805004401534212,
      "h50/outcome_miss_state_mse": 0.0042981555415134804,
      "h50/outcome_partial_episode_count": 3,
      "h50/outcome_partial_final_state_mse": 0.0018412273596314823,
      "h50/outcome_partial_state_mse": 0.001747444190231024,
      "h50/outcome_success_episode_count": 3,
      "h50/outcome_success_final_state_mse": 0.0018835013695791655,
      "h50/outcome_success_state_mse": 0.0017707886103711097,
      "h50/state_mse": 0.0024529375063827613,
      "h75/episode_count": 15,
      "h75/final_state_mse": 0.004349720400143293,
      "h75/outcome_drop_episode_count": 3,
      "h75/outcome_drop_final_state_mse": 0.003943480453849618,
      "h75/outcome_drop_state_mse": 0.002518223282558466,
      "h75/outcome_jam_episode_count": 3,
      "h75/outcome_jam_final_state_mse": 0.005164034421147864,
      "h75/outcome_jam_state_mse": 0.0027996138861496205,
      "h75/outcome_miss_episode_count": 3,
      "h75/outcome_miss_final_state_mse": 0.004805684406188579,
      "h75/outcome_miss_state_mse": 0.003790508095735039,
      "h75/outcome_partial_episode_count": 3,
      "h75/outcome_partial_final_state_mse": 0.0031825195437942457,
      "h75/outcome_partial_state_mse": 0.002083720620680998,
      "h75/outcome_success_episode_count": 3,
      "h75/outcome_success_final_state_mse": 0.0046528837357471195,
      "h75/outcome_success_state_mse": 0.0021721780066396674,
      "h75/state_mse": 0.0026728489030160675,
      "max_requested_horizon": 125,
      "reencode_period": 5,
      "rollout_mode": "periodic_5"
    },
    "periodic_50": {
      "episode_count": 15,
      "h10/episode_count": 15,
      "h10/final_state_mse": 0.0031586877660813675,
      "h10/outcome_drop_episode_count": 3,
      "h10/outcome_drop_final_state_mse": 0.0023021728189942105,
      "h10/outcome_drop_state_mse": 0.001569574175317303,
      "h10/outcome_jam_episode_count": 3,
      "h10/outcome_jam_final_state_mse": 0.003773328915140987,
      "h10/outcome_jam_state_mse": 0.0021641945527269947,
      "h10/outcome_miss_episode_count": 3,
      "h10/outcome_miss_final_state_mse": 0.004969414834882699,
      "h10/outcome_miss_state_mse": 0.011046942542580998,
      "h10/outcome_partial_episode_count": 3,
      "h10/outcome_partial_final_state_mse": 0.002376209262734145,
      "h10/outcome_partial_state_mse": 0.001483743564755309,
      "h10/outcome_success_episode_count": 3,
      "h10/outcome_success_final_state_mse": 0.0023723146178169187,
      "h10/outcome_success_state_mse": 0.0014946799262676364,
      "h10/state_mse": 0.0035518269757040186,
      "h100/episode_count": 15,
      "h100/final_state_mse": 450.2079248366013,
      "h100/outcome_drop_episode_count": 3,
      "h100/outcome_drop_final_state_mse": 365.66683580984477,
      "h100/outcome_drop_state_mse": 17.92033215890523,
      "h100/outcome_jam_episode_count": 3,
      "h100/outcome_jam_final_state_mse": 336.5814376531863,
      "h100/outcome_jam_state_mse": 16.6393852124183,
      "h100/outcome_miss_episode_count": 3,
      "h100/outcome_miss_final_state_mse": 858.4320874183006,
      "h100/outcome_miss_state_mse": 48.17174325980392,
      "h100/outcome_partial_episode_count": 3,
      "h100/outcome_partial_final_state_mse": 343.47628484987746,
      "h100/outcome_partial_state_mse": 16.83733468647876,
      "h100/outcome_success_episode_count": 3,
      "h100/outcome_success_final_state_mse": 346.8828045215482,
      "h100/outcome_success_state_mse": 16.98218724468954,
      "h100/state_mse": 23.31019607843137,
      "h125/episode_count": 15,
      "h125/final_state_mse": 254.3331290849673,
      "h125/outcome_drop_episode_count": 3,
      "h125/outcome_drop_final_state_mse": 178.90205014297385,
      "h125/outcome_drop_state_mse": 24.773002450980393,
      "h125/outcome_jam_episode_count": 3,
      "h125/outcome_jam_final_state_mse": 141.99986436631946,
      "h125/outcome_jam_state_mse": 21.673291870915033,
      "h125/outcome_miss_episode_count": 3,
      "h125/outcome_miss_final_state_mse": 615.9066202001634,
      "h125/outcome_miss_state_mse": 65.02892810457516,
      "h125/outcome_partial_episode_count": 3,
      "h125/outcome_partial_final_state_mse": 166.34503931781046,
      "h125/outcome_partial_state_mse": 23.037069035947713,
      "h125/outcome_success_episode_count": 3,
      "h125/outcome_success_final_state_mse": 168.51206661049838,
      "h125/outcome_success_state_mse": 23.194134395424836,
      "h125/state_mse": 31.54128366013072,
      "h20/episode_count": 15,
      "h20/final_state_mse": 0.010050491881526374,
      "h20/outcome_drop_episode_count": 3,
      "h20/outcome_drop_final_state_mse": 0.009575706486608469,
      "h20/outcome_drop_state_mse": 0.003790917349796669,
      "h20/outcome_jam_episode_count": 3,
      "h20/outcome_jam_final_state_mse": 0.009774216444663753,
      "h20/outcome_jam_state_mse": 0.004213100827597325,
      "h20/outcome_miss_episode_count": 3,
      "h20/outcome_miss_final_state_mse": 0.012298952325496798,
      "h20/outcome_miss_state_mse": 0.009660205498240353,
      "h20/outcome_partial_episode_count": 3,
      "h20/outcome_partial_final_state_mse": 0.009349096152517531,
      "h20/outcome_partial_state_mse": 0.0036772412022734,
      "h20/outcome_success_episode_count": 3,
      "h20/outcome_success_final_state_mse": 0.009254490627962,
      "h20/outcome_success_state_mse": 0.0036737453703786812,
      "h20/state_mse": 0.00500304228340099,
      "h30/episode_count": 15,
      "h30/final_state_mse": 0.028802360584533292,
      "h30/outcome_drop_episode_count": 3,
      "h30/outcome_drop_final_state_mse": 0.021384871083926532,
      "h30/outcome_drop_state_mse": 0.0072995811246319275,
      "h30/outcome_jam_episode_count": 3,
      "h30/outcome_jam_final_state_mse": 0.022118702823040532,
      "h30/outcome_jam_state_mse": 0.007630649163572357,
      "h30/outcome_miss_episode_count": 3,
      "h30/outcome_miss_final_state_mse": 0.058564440097684176,
      "h30/outcome_miss_state_mse": 0.016673574260636873,
      "h30/outcome_partial_episode_count": 3,
      "h30/outcome_partial_final_state_mse": 0.02078058556014416,
      "h30/outcome_partial_state_mse": 0.0070909642446015135,
      "h30/outcome_success_episode_count": 3,
      "h30/outcome_success_final_state_mse": 0.02116320764317232,
      "h30/outcome_success_state_mse": 0.00714420513909367,
      "h30/state_mse": 0.009167794952725013,
      "h40/episode_count": 15,
      "h40/final_state_mse": 0.22098105436836193,
      "h40/outcome_drop_episode_count": 3,
      "h40/outcome_drop_final_state_mse": 0.13100634369195677,
      "h40/outcome_drop_state_mse": 0.021507740332410225,
      "h40/outcome_jam_episode_count": 3,
      "h40/outcome_jam_final_state_mse": 0.1553583269804911,
      "h40/outcome_jam_state_mse": 0.023601812474867877,
      "h40/outcome_miss_episode_count": 3,
      "h40/outcome_miss_final_state_mse": 0.5319646947524127,
      "h40/outcome_miss_state_mse": 0.06298876369700712,
      "h40/outcome_partial_episode_count": 3,
      "h40/outcome_partial_final_state_mse": 0.1420474488750782,
      "h40/outcome_partial_state_mse": 0.021613405888376673,
      "h40/outcome_success_episode_count": 3,
      "h40/outcome_success_final_state_mse": 0.14452850117402918,
      "h40/outcome_success_state_mse": 0.021943949406443078,
      "h40/state_mse": 0.030331133674172794,
      "h50/episode_count": 15,
      "h50/final_state_mse": 3.015863396139706,
      "h50/outcome_drop_episode_count": 3,
      "h50/outcome_drop_final_state_mse": 1.557167452145246,
      "h50/outcome_drop_state_mse": 0.1527628102022059,
      "h50/outcome_jam_episode_count": 3,
      "h50/outcome_jam_final_state_mse": 1.6147362204159008,
      "h50/outcome_jam_state_mse": 0.1603896994995915,
      "h50/outcome_miss_episode_count": 3,
      "h50/outcome_miss_final_state_mse": 8.833923539305045,
      "h50/outcome_miss_state_mse": 0.7506725356158088,
      "h50/outcome_partial_episode_count": 3,
      "h50/outcome_partial_final_state_mse": 1.5251008326711217,
      "h50/outcome_partial_state_mse": 0.14919299555759805,
      "h50/outcome_success_episode_count": 3,
      "h50/outcome_success_final_state_mse": 1.5483884125753167,
      "h50/outcome_success_state_mse": 0.15099569881663602,
      "h50/state_mse": 0.2728027471405229,
      "h75/episode_count": 15,
      "h75/final_state_mse": 1.112463618259804,
      "h75/outcome_drop_episode_count": 3,
      "h75/outcome_drop_final_state_mse": 0.9940223943174274,
      "h75/outcome_drop_state_mse": 0.19726435376668028,
      "h75/outcome_jam_episode_count": 3,
      "h75/outcome_jam_final_state_mse": 1.1509138369092755,
      "h75/outcome_jam_state_mse": 0.21951026135280502,
      "h75/outcome_miss_episode_count": 3,
      "h75/outcome_miss_final_state_mse": 1.1698869443407245,
      "h75/outcome_miss_state_mse": 0.7860735804738562,
      "h75/outcome_partial_episode_count": 3,
      "h75/outcome_partial_final_state_mse": 1.1313033758425246,
      "h75/outcome_partial_state_mse": 0.20580297266476036,
      "h75/outcome_success_episode_count": 3,
      "h75/outcome_success_final_state_mse": 1.1161918640136719,
      "h75/outcome_success_state_mse": 0.20635522514127178,
      "h75/state_mse": 0.3230012595315904,
      "max_requested_horizon": 125,
      "reencode_period": 50,
      "rollout_mode": "periodic_50"
    }
  },
  "split": "test",
  "support_alignment": {
    "contact_phase": {
      "contact_phase_family_ari": 0.0,
      "contact_phase_family_nmi": 0.0,
      "contact_phase_family_purity": 0.9996668887408394,
      "contact_phase_sample_count": 3002.0,
      "h_contact_phase_given_family": 0.0030002889533867266,
      "h_family_given_contact_phase": 0.0,
      "unique_contact_phase_count": 2.0,
      "unique_family_count": 1.0
    },
    "contact_phase_alignment_available": true,
    "evaluated_state_count": 3017,
    "family_count": 1,
    "mean_family_similarity": 0.6183750033378601,
    "mean_support_size": 245.8919456413656,
    "outcome_alignment_available": true,
    "outcome_state": {
      "h_family_given_outcome": 0.0,
      "h_outcome_given_family": 1.6094379124341005,
      "outcome_family_ari": 0.0,
      "outcome_family_nmi": 0.0,
      "outcome_family_purity": 0.2,
      "outcome_sample_count": 15.0,
      "unique_family_count": 1.0,
      "unique_outcome_count": 5.0
    },
    "status": "ok",
    "unassigned_state_fraction": 0.0,
    "validation_state_count": 2346
  },
  "support_threshold": 0.2
}
{
  "best_periodic_rollout": {
    "episode_count": 15,
    "h10/episode_count": 15,
    "h10/final_state_mse": 0.002483675682466794,
    "h10/outcome_drop_episode_count": 3,
    "h10/outcome_drop_final_state_mse": 0.0018460913713461433,
    "h10/outcome_drop_state_mse": 0.001574644446372986,
    "h10/outcome_jam_episode_count": 3,
    "h10/outcome_jam_final_state_mse": 0.0028529441824146347,
    "h10/outcome_jam_state_mse": 0.002131196798062792,
    "h10/outcome_miss_episode_count": 3,
    "h10/outcome_miss_final_state_mse": 0.0040617163469588834,
    "h10/outcome_miss_state_mse": 0.011034336744570265,
    "h10/outcome_partial_episode_count": 3,
    "h10/outcome_partial_final_state_mse": 0.0018053934513743407,
    "h10/outcome_partial_state_mse": 0.0014840728706783718,
    "h10/outcome_success_episode_count": 3,
    "h10/outcome_success_final_state_mse": 0.0018522326706671248,
    "h10/outcome_success_state_mse": 0.0015059104931899924,
    "h10/selected_mode": "periodic_5",
    "h10/selected_period": 5,
    "h10/state_mse": 0.00354603212643293,
    "h100/episode_count": 15,
    "h100/final_state_mse": 0.002855782415352616,
    "h100/outcome_drop_episode_count": 3,
    "h100/outcome_drop_final_state_mse": 0.002953529138775433,
    "h100/outcome_drop_state_mse": 0.0025265235215230705,
    "h100/outcome_jam_episode_count": 3,
    "h100/outcome_jam_final_state_mse": 0.0035483418823846805,
    "h100/outcome_jam_state_mse": 0.0030656155106288936,
    "h100/outcome_miss_episode_count": 3,
    "h100/outcome_miss_final_state_mse": 0.002499598376696406,
    "h100/outcome_miss_state_mse": 0.00342798999711579,
    "h100/outcome_partial_episode_count": 3,
    "h100/outcome_partial_final_state_mse": 0.002228328459013521,
    "h100/outcome_partial_state_mse": 0.002102539118598489,
    "h100/outcome_success_episode_count": 3,
    "h100/outcome_success_final_state_mse": 0.003049114268589643,
    "h100/outcome_success_state_mse": 0.0023600495718663034,
    "h100/selected_mode": "periodic_5",
    "h100/selected_period": 5,
    "h100/state_mse": 0.0026965435751123367,
    "h125/episode_count": 15,
    "h125/final_state_mse": 0.0036898126789167815,
    "h125/outcome_drop_episode_count": 3,
    "h125/outcome_drop_final_state_mse": 0.004421745055641224,
    "h125/outcome_drop_state_mse": 0.002783951628441904,
    "h125/outcome_jam_episode_count": 3,
    "h125/outcome_jam_final_state_mse": 0.004260626688502194,
    "h125/outcome_jam_state_mse": 0.003267260732214435,
    "h125/outcome_miss_episode_count": 3,
    "h125/outcome_miss_final_state_mse": 0.004590702577938441,
    "h125/outcome_miss_state_mse": 0.0034660043155445774,
    "h125/outcome_partial_episode_count": 3,
    "h125/outcome_partial_final_state_mse": 0.002134211117925208,
    "h125/outcome_partial_state_mse": 0.002154810014113881,
    "h125/outcome_success_episode_count": 3,
    "h125/outcome_success_final_state_mse": 0.003041777297172671,
    "h125/outcome_success_state_mse": 0.002508879493264591,
    "h125/selected_mode": "periodic_5",
    "h125/selected_period": 5,
    "h125/state_mse": 0.002836181002348856,
    "h20/episode_count": 15,
    "h20/final_state_mse": 0.0022501027661990494,
    "h20/outcome_drop_episode_count": 3,
    "h20/outcome_drop_final_state_mse": 0.002302926301566604,
    "h20/outcome_drop_state_mse": 0.0018087532200844459,
    "h20/outcome_jam_episode_count": 3,
    "h20/outcome_jam_final_state_mse": 0.0023984131859798056,
    "h20/outcome_jam_state_mse": 0.002384193270814185,
    "h20/outcome_miss_episode_count": 3,
    "h20/outcome_miss_final_state_mse": 0.0025559618484740166,
    "h20/outcome_miss_state_mse": 0.007279577286414851,
    "h20/outcome_partial_episode_count": 3,
    "h20/outcome_partial_final_state_mse": 0.0019868508078693566,
    "h20/outcome_partial_state_mse": 0.0017301058652354222,
    "h20/outcome_success_episode_count": 3,
    "h20/outcome_success_final_state_mse": 0.0020063621984198203,
    "h20/outcome_success_state_mse": 0.001754286963176104,
    "h20/selected_mode": "periodic_5",
    "h20/selected_period": 5,
    "h20/state_mse": 0.002991383371789471,
    "h30/episode_count": 15,
    "h30/final_state_mse": 0.0019617862950742633,
    "h30/outcome_drop_episode_count": 3,
    "h30/outcome_drop_final_state_mse": 0.0018921346202784893,
    "h30/outcome_drop_state_mse": 0.001942142214390707,
    "h30/outcome_jam_episode_count": 3,
    "h30/outcome_jam_final_state_mse": 0.0023060733196782132,
    "h30/outcome_jam_state_mse": 0.0024948502937433246,
    "h30/outcome_miss_episode_count": 3,
    "h30/outcome_miss_final_state_mse": 0.0016795711384879218,
    "h30/outcome_miss_state_mse": 0.005620833211994379,
    "h30/outcome_partial_episode_count": 3,
    "h30/outcome_partial_final_state_mse": 0.0019305319178338145,
    "h30/outcome_partial_state_mse": 0.0018640180558680448,
    "h30/outcome_success_episode_count": 3,
    "h30/outcome_success_final_state_mse": 0.0020006202843064575,
    "h30/outcome_success_state_mse": 0.0018857528441352262,
    "h30/selected_mode": "periodic_5",
    "h30/selected_period": 5,
    "h30/state_mse": 0.0027615193551921635,
    "h40/episode_count": 15,
    "h40/final_state_mse": 0.0018891119489482806,
    "h40/outcome_drop_episode_count": 3,
    "h40/outcome_drop_final_state_mse": 0.0019767298515326057,
    "h40/outcome_drop_state_mse": 0.0020317844705643995,
    "h40/outcome_jam_episode_count": 3,
    "h40/outcome_jam_final_state_mse": 0.0018801131571819579,
    "h40/outcome_jam_state_mse": 0.002493771735359641,
    "h40/outcome_miss_episode_count": 3,
    "h40/outcome_miss_final_state_mse": 0.0019484486163052078,
    "h40/outcome_miss_state_mse": 0.004739280619652442,
    "h40/outcome_partial_episode_count": 3,
    "h40/outcome_partial_final_state_mse": 0.0018187142372910494,
    "h40/outcome_partial_state_mse": 0.0018980601644204332,
    "h40/outcome_success_episode_count": 3,
    "h40/outcome_success_final_state_mse": 0.0018215540772170023,
    "h40/outcome_success_state_mse": 0.0019198887488421272,
    "h40/selected_mode": "periodic_5",
    "h40/selected_period": 5,
    "h40/state_mse": 0.0026165572023080065,
    "h50/episode_count": 15,
    "h50/final_state_mse": 0.002129126374238457,
    "h50/outcome_drop_episode_count": 3,
    "h50/outcome_drop_final_state_mse": 0.0023201326626578187,
    "h50/outcome_drop_state_mse": 0.0021994748458363652,
    "h50/outcome_jam_episode_count": 3,
    "h50/outcome_jam_final_state_mse": 0.0029459254804000356,
    "h50/outcome_jam_state_mse": 0.0025338697121813406,
    "h50/outcome_miss_episode_count": 3,
    "h50/outcome_miss_final_state_mse": 0.001771169209402371,
    "h50/outcome_miss_state_mse": 0.004218631258197859,
    "h50/outcome_partial_episode_count": 3,
    "h50/outcome_partial_final_state_mse": 0.0017705978034368527,
    "h50/outcome_partial_state_mse": 0.0019069582808251475,
    "h50/outcome_success_episode_count": 3,
    "h50/outcome_success_final_state_mse": 0.0018378075431374943,
    "h50/outcome_success_state_mse": 0.0019300181257958507,
    "h50/selected_mode": "periodic_5",
    "h50/selected_period": 5,
    "h50/state_mse": 0.002557790519365298,
    "h75/episode_count": 15,
    "h75/final_state_mse": 0.0037190209806355,
    "h75/outcome_drop_episode_count": 3,
    "h75/outcome_drop_final_state_mse": 0.003169592883851793,
    "h75/outcome_drop_state_mse": 0.0024285528810455387,
    "h75/outcome_jam_episode_count": 3,
    "h75/outcome_jam_final_state_mse": 0.004365306712833105,
    "h75/outcome_jam_state_mse": 0.002823850469651565,
    "h75/outcome_miss_episode_count": 3,
    "h75/outcome_miss_final_state_mse": 0.004148499346246906,
    "h75/outcome_miss_state_mse": 0.00368737281018093,
    "h75/outcome_partial_episode_count": 3,
    "h75/outcome_partial_final_state_mse": 0.0029767381843009027,
    "h75/outcome_partial_state_mse": 0.002092235997351686,
    "h75/outcome_success_episode_count": 3,
    "h75/outcome_success_final_state_mse": 0.003934966802012687,
    "h75/outcome_success_state_mse": 0.002160139769510506,
    "h75/selected_mode": "periodic_5",
    "h75/selected_period": 5,
    "h75/state_mse": 0.002638430127910539,
    "max_requested_horizon": 125,
    "periodic_reencode_periods": [
      1,
      2,
      5,
      10,
      20,
      50,
      100
    ],
    "rollout_mode": "best_periodic"
  },
  "checkpoint": "runs/maniskill_insertion/perturbation_e20_5k_lista_refine_20260604_143125/lista_relu_a0p005_sp1em3_loops1/seed2/checkpoint.pt",
  "checkpoint_step": 1500,
  "dataset": "data/maniskill/perturbation_assessment_seed0_e20/all_setups.npz",
  "device": "cuda",
  "family_jaccard": 0.4,
  "horizons": [
    10,
    20,
    30,
    40,
    50,
    75,
    100,
    125
  ],
  "labels_used_for_training": false,
  "periodic_reencode_periods": [
    1,
    2,
    5,
    10,
    20,
    50,
    100
  ],
  "rollout": {
    "episode_count": 15,
    "h10/episode_count": 15,
    "h10/final_state_mse": 0.003266799216176949,
    "h10/outcome_drop_episode_count": 3,
    "h10/outcome_drop_final_state_mse": 0.0024504215986120934,
    "h10/outcome_drop_state_mse": 0.0016728401573654873,
    "h10/outcome_jam_episode_count": 3,
    "h10/outcome_jam_final_state_mse": 0.003829854278782614,
    "h10/outcome_jam_state_mse": 0.002277828236810522,
    "h10/outcome_miss_episode_count": 3,
    "h10/outcome_miss_final_state_mse": 0.005104857916925468,
    "h10/outcome_miss_state_mse": 0.01111206229216133,
    "h10/outcome_partial_episode_count": 3,
    "h10/outcome_partial_final_state_mse": 0.0024785530917784747,
    "h10/outcome_partial_state_mse": 0.001595391557107564,
    "h10/outcome_success_episode_count": 3,
    "h10/outcome_success_final_state_mse": 0.0024703074904049143,
    "h10/outcome_success_state_mse": 0.0015990754163343142,
    "h10/state_mse": 0.0036514396916807086,
    "h100/episode_count": 15,
    "h100/final_state_mse": 404096.5019607843,
    "h100/outcome_drop_episode_count": 3,
    "h100/outcome_drop_final_state_mse": 269639.03921568627,
    "h100/outcome_drop_state_mse": 11756.604444444445,
    "h100/outcome_jam_episode_count": 3,
    "h100/outcome_jam_final_state_mse": 294118.2156862745,
    "h100/outcome_jam_state_mse": 12681.184313725491,
    "h100/outcome_miss_episode_count": 3,
    "h100/outcome_miss_final_state_mse": 930434.8104575163,
    "h100/outcome_miss_state_mse": 42943.677908496735,
    "h100/outcome_partial_episode_count": 3,
    "h100/outcome_partial_final_state_mse": 261593.90849673204,
    "h100/outcome_partial_state_mse": 11438.762875816994,
    "h100/outcome_success_episode_count": 3,
    "h100/outcome_success_final_state_mse": 264696.44444444444,
    "h100/outcome_success_state_mse": 11566.492026143791,
    "h100/state_mse": 18077.34462745098,
    "h125/episode_count": 15,
    "h125/final_state_mse": 303938705.903268,
    "h125/outcome_drop_episode_count": 3,
    "h125/outcome_drop_final_state_mse": 226364175.05882353,
    "h125/outcome_drop_state_mse": 8034405.623633987,
    "h125/outcome_jam_episode_count": 3,
    "h125/outcome_jam_final_state_mse": 236042634.875817,
    "h125/outcome_jam_state_mse": 8364752.896,
    "h125/outcome_miss_episode_count": 3,
    "h125/outcome_miss_final_state_mse": 604035607.4248366,
    "h125/outcome_miss_state_mse": 20930347.11508497,
    "h125/outcome_partial_episode_count": 3,
    "h125/outcome_partial_final_state_mse": 224019616.62745097,
    "h125/outcome_partial_state_mse": 7875126.800732026,
    "h125/outcome_success_episode_count": 3,
    "h125/outcome_success_final_state_mse": 229231455.37254903,
    "h125/outcome_success_state_mse": 8042019.578980392,
    "h125/state_mse": 10649329.63187451,
    "h20/episode_count": 15,
    "h20/final_state_mse": 0.0107470930012223,
    "h20/outcome_drop_episode_count": 3,
    "h20/outcome_drop_final_state_mse": 0.010361433905713698,
    "h20/outcome_drop_state_mse": 0.0039698668165144575,
    "h20/outcome_jam_episode_count": 3,
    "h20/outcome_jam_final_state_mse": 0.010591971328835083,
    "h20/outcome_jam_state_mse": 0.004447601979074915,
    "h20/outcome_miss_episode_count": 3,
    "h20/outcome_miss_final_state_mse": 0.012504918123382369,
    "h20/outcome_miss_state_mse": 0.009629156386930179,
    "h20/outcome_partial_episode_count": 3,
    "h20/outcome_partial_final_state_mse": 0.010173255322026271,
    "h20/outcome_partial_state_mse": 0.0038752604543773176,
    "h20/outcome_success_episode_count": 3,
    "h20/outcome_success_final_state_mse": 0.010103884962649128,
    "h20/outcome_success_state_mse": 0.0038697859041051928,
    "h20/state_mse": 0.005158334370532067,
    "h30/episode_count": 15,
    "h30/final_state_mse": 0.030457889332490808,
    "h30/outcome_drop_episode_count": 3,
    "h30/outcome_drop_final_state_mse": 0.02573605105767842,
    "h30/outcome_drop_state_mse": 0.008372120867627378,
    "h30/outcome_jam_episode_count": 3,
    "h30/outcome_jam_final_state_mse": 0.027194344919491437,
    "h30/outcome_jam_state_mse": 0.008908453174665862,
    "h30/outcome_miss_episode_count": 3,
    "h30/outcome_miss_final_state_mse": 0.047948757807413735,
    "h30/outcome_miss_state_mse": 0.01571697430413273,
    "h30/outcome_partial_episode_count": 3,
    "h30/outcome_partial_final_state_mse": 0.02550702624850803,
    "h30/outcome_partial_state_mse": 0.0081960478639291,
    "h30/outcome_success_episode_count": 3,
    "h30/outcome_success_final_state_mse": 0.025903267798080942,
    "h30/outcome_success_state_mse": 0.008236574347502267,
    "h30/state_mse": 0.009886033799913194,
    "h40/episode_count": 15,
    "h40/final_state_mse": 0.2275906232447406,
    "h40/outcome_drop_episode_count": 3,
    "h40/outcome_drop_final_state_mse": 0.16020381840225917,
    "h40/outcome_drop_state_mse": 0.025796902725119995,
    "h40/outcome_jam_episode_count": 3,
    "h40/outcome_jam_final_state_mse": 0.17986602409213198,
    "h40/outcome_jam_state_mse": 0.02780173681919871,
    "h40/outcome_miss_episode_count": 3,
    "h40/outcome_miss_final_state_mse": 0.46138304666756025,
    "h40/outcome_miss_state_mse": 0.053868854747099036,
    "h40/outcome_partial_episode_count": 3,
    "h40/outcome_partial_final_state_mse": 0.1672691613240959,
    "h40/outcome_partial_state_mse": 0.02554236705007117,
    "h40/outcome_success_episode_count": 3,
    "h40/outcome_success_final_state_mse": 0.16923104392157662,
    "h40/outcome_success_state_mse": 0.025839432859732434,
    "h40/state_mse": 0.0317698579676011,
    "h50/episode_count": 15,
    "h50/final_state_mse": 3.0957216350081698,
    "h50/outcome_drop_episode_count": 3,
    "h50/outcome_drop_final_state_mse": 1.4389966079612184,
    "h50/outcome_drop_state_mse": 0.15215310489430148,
    "h50/outcome_jam_episode_count": 3,
    "h50/outcome_jam_final_state_mse": 1.5326657014734604,
    "h50/outcome_jam_state_mse": 0.1634289630565768,
    "h50/outcome_miss_episode_count": 3,
    "h50/outcome_miss_final_state_mse": 9.60194566514757,
    "h50/outcome_miss_state_mse": 0.7853473977481618,
    "h50/outcome_partial_episode_count": 3,
    "h50/outcome_partial_final_state_mse": 1.4474334966123494,
    "h50/outcome_partial_state_mse": 0.1519833513646344,
    "h50/outcome_success_episode_count": 3,
    "h50/outcome_success_final_state_mse": 1.457566504384957,
    "h50/outcome_success_state_mse": 0.1533743106617647,
    "h50/state_mse": 0.2812574550653595,
    "h75/episode_count": 15,
    "h75/final_state_mse": 928.6089869281046,
    "h75/outcome_drop_episode_count": 3,
    "h75/outcome_drop_final_state_mse": 528.4299811070262,
    "h75/outcome_drop_state_mse": 33.42197848583878,
    "h75/outcome_jam_episode_count": 3,
    "h75/outcome_jam_final_state_mse": 566.0981987847222,
    "h75/outcome_jam_state_mse": 34.982090822440085,
    "h75/outcome_miss_episode_count": 3,
    "h75/outcome_miss_final_state_mse": 2467.6249489379084,
    "h75/outcome_miss_state_mse": 163.18109477124182,
    "h75/outcome_partial_episode_count": 3,
    "h75/outcome_partial_final_state_mse": 539.6479268790849,
    "h75/outcome_partial_state_mse": 33.65574005991285,
    "h75/outcome_success_episode_count": 3,
    "h75/outcome_success_final_state_mse": 541.2439236111111,
    "h75/outcome_success_state_mse": 33.770892224945534,
    "h75/state_mse": 59.80236165577342,
    "max_requested_horizon": 125,
    "reencode_period": null,
    "rollout_mode": "no_reencode"
  },
  "rollout_modes": {
    "no_reencode": {
      "episode_count": 15,
      "h10/episode_count": 15,
      "h10/final_state_mse": 0.003266799216176949,
      "h10/outcome_drop_episode_count": 3,
      "h10/outcome_drop_final_state_mse": 0.0024504215986120934,
      "h10/outcome_drop_state_mse": 0.0016728401573654873,
      "h10/outcome_jam_episode_count": 3,
      "h10/outcome_jam_final_state_mse": 0.003829854278782614,
      "h10/outcome_jam_state_mse": 0.002277828236810522,
      "h10/outcome_miss_episode_count": 3,
      "h10/outcome_miss_final_state_mse": 0.005104857916925468,
      "h10/outcome_miss_state_mse": 0.01111206229216133,
      "h10/outcome_partial_episode_count": 3,
      "h10/outcome_partial_final_state_mse": 0.0024785530917784747,
      "h10/outcome_partial_state_mse": 0.001595391557107564,
      "h10/outcome_success_episode_count": 3,
      "h10/outcome_success_final_state_mse": 0.0024703074904049143,
      "h10/outcome_success_state_mse": 0.0015990754163343142,
      "h10/state_mse": 0.0036514396916807086,
      "h100/episode_count": 15,
      "h100/final_state_mse": 404096.5019607843,
      "h100/outcome_drop_episode_count": 3,
      "h100/outcome_drop_final_state_mse": 269639.03921568627,
      "h100/outcome_drop_state_mse": 11756.604444444445,
      "h100/outcome_jam_episode_count": 3,
      "h100/outcome_jam_final_state_mse": 294118.2156862745,
      "h100/outcome_jam_state_mse": 12681.184313725491,
      "h100/outcome_miss_episode_count": 3,
      "h100/outcome_miss_final_state_mse": 930434.8104575163,
      "h100/outcome_miss_state_mse": 42943.677908496735,
      "h100/outcome_partial_episode_count": 3,
      "h100/outcome_partial_final_state_mse": 261593.90849673204,
      "h100/outcome_partial_state_mse": 11438.762875816994,
      "h100/outcome_success_episode_count": 3,
      "h100/outcome_success_final_state_mse": 264696.44444444444,
      "h100/outcome_success_state_mse": 11566.492026143791,
      "h100/state_mse": 18077.34462745098,
      "h125/episode_count": 15,
      "h125/final_state_mse": 303938705.903268,
      "h125/outcome_drop_episode_count": 3,
      "h125/outcome_drop_final_state_mse": 226364175.05882353,
      "h125/outcome_drop_state_mse": 8034405.623633987,
      "h125/outcome_jam_episode_count": 3,
      "h125/outcome_jam_final_state_mse": 236042634.875817,
      "h125/outcome_jam_state_mse": 8364752.896,
      "h125/outcome_miss_episode_count": 3,
      "h125/outcome_miss_final_state_mse": 604035607.4248366,
      "h125/outcome_miss_state_mse": 20930347.11508497,
      "h125/outcome_partial_episode_count": 3,
      "h125/outcome_partial_final_state_mse": 224019616.62745097,
      "h125/outcome_partial_state_mse": 7875126.800732026,
      "h125/outcome_success_episode_count": 3,
      "h125/outcome_success_final_state_mse": 229231455.37254903,
      "h125/outcome_success_state_mse": 8042019.578980392,
      "h125/state_mse": 10649329.63187451,
      "h20/episode_count": 15,
      "h20/final_state_mse": 0.0107470930012223,
      "h20/outcome_drop_episode_count": 3,
      "h20/outcome_drop_final_state_mse": 0.010361433905713698,
      "h20/outcome_drop_state_mse": 0.0039698668165144575,
      "h20/outcome_jam_episode_count": 3,
      "h20/outcome_jam_final_state_mse": 0.010591971328835083,
      "h20/outcome_jam_state_mse": 0.004447601979074915,
      "h20/outcome_miss_episode_count": 3,
      "h20/outcome_miss_final_state_mse": 0.012504918123382369,
      "h20/outcome_miss_state_mse": 0.009629156386930179,
      "h20/outcome_partial_episode_count": 3,
      "h20/outcome_partial_final_state_mse": 0.010173255322026271,
      "h20/outcome_partial_state_mse": 0.0038752604543773176,
      "h20/outcome_success_episode_count": 3,
      "h20/outcome_success_final_state_mse": 0.010103884962649128,
      "h20/outcome_success_state_mse": 0.0038697859041051928,
      "h20/state_mse": 0.005158334370532067,
      "h30/episode_count": 15,
      "h30/final_state_mse": 0.030457889332490808,
      "h30/outcome_drop_episode_count": 3,
      "h30/outcome_drop_final_state_mse": 0.02573605105767842,
      "h30/outcome_drop_state_mse": 0.008372120867627378,
      "h30/outcome_jam_episode_count": 3,
      "h30/outcome_jam_final_state_mse": 0.027194344919491437,
      "h30/outcome_jam_state_mse": 0.008908453174665862,
      "h30/outcome_miss_episode_count": 3,
      "h30/outcome_miss_final_state_mse": 0.047948757807413735,
      "h30/outcome_miss_state_mse": 0.01571697430413273,
      "h30/outcome_partial_episode_count": 3,
      "h30/outcome_partial_final_state_mse": 0.02550702624850803,
      "h30/outcome_partial_state_mse": 0.0081960478639291,
      "h30/outcome_success_episode_count": 3,
      "h30/outcome_success_final_state_mse": 0.025903267798080942,
      "h30/outcome_success_state_mse": 0.008236574347502267,
      "h30/state_mse": 0.009886033799913194,
      "h40/episode_count": 15,
      "h40/final_state_mse": 0.2275906232447406,
      "h40/outcome_drop_episode_count": 3,
      "h40/outcome_drop_final_state_mse": 0.16020381840225917,
      "h40/outcome_drop_state_mse": 0.025796902725119995,
      "h40/outcome_jam_episode_count": 3,
      "h40/outcome_jam_final_state_mse": 0.17986602409213198,
      "h40/outcome_jam_state_mse": 0.02780173681919871,
      "h40/outcome_miss_episode_count": 3,
      "h40/outcome_miss_final_state_mse": 0.46138304666756025,
      "h40/outcome_miss_state_mse": 0.053868854747099036,
      "h40/outcome_partial_episode_count": 3,
      "h40/outcome_partial_final_state_mse": 0.1672691613240959,
      "h40/outcome_partial_state_mse": 0.02554236705007117,
      "h40/outcome_success_episode_count": 3,
      "h40/outcome_success_final_state_mse": 0.16923104392157662,
      "h40/outcome_success_state_mse": 0.025839432859732434,
      "h40/state_mse": 0.0317698579676011,
      "h50/episode_count": 15,
      "h50/final_state_mse": 3.0957216350081698,
      "h50/outcome_drop_episode_count": 3,
      "h50/outcome_drop_final_state_mse": 1.4389966079612184,
      "h50/outcome_drop_state_mse": 0.15215310489430148,
      "h50/outcome_jam_episode_count": 3,
      "h50/outcome_jam_final_state_mse": 1.5326657014734604,
      "h50/outcome_jam_state_mse": 0.1634289630565768,
      "h50/outcome_miss_episode_count": 3,
      "h50/outcome_miss_final_state_mse": 9.60194566514757,
      "h50/outcome_miss_state_mse": 0.7853473977481618,
      "h50/outcome_partial_episode_count": 3,
      "h50/outcome_partial_final_state_mse": 1.4474334966123494,
      "h50/outcome_partial_state_mse": 0.1519833513646344,
      "h50/outcome_success_episode_count": 3,
      "h50/outcome_success_final_state_mse": 1.457566504384957,
      "h50/outcome_success_state_mse": 0.1533743106617647,
      "h50/state_mse": 0.2812574550653595,
      "h75/episode_count": 15,
      "h75/final_state_mse": 928.6089869281046,
      "h75/outcome_drop_episode_count": 3,
      "h75/outcome_drop_final_state_mse": 528.4299811070262,
      "h75/outcome_drop_state_mse": 33.42197848583878,
      "h75/outcome_jam_episode_count": 3,
      "h75/outcome_jam_final_state_mse": 566.0981987847222,
      "h75/outcome_jam_state_mse": 34.982090822440085,
      "h75/outcome_miss_episode_count": 3,
      "h75/outcome_miss_final_state_mse": 2467.6249489379084,
      "h75/outcome_miss_state_mse": 163.18109477124182,
      "h75/outcome_partial_episode_count": 3,
      "h75/outcome_partial_final_state_mse": 539.6479268790849,
      "h75/outcome_partial_state_mse": 33.65574005991285,
      "h75/outcome_success_episode_count": 3,
      "h75/outcome_success_final_state_mse": 541.2439236111111,
      "h75/outcome_success_state_mse": 33.770892224945534,
      "h75/state_mse": 59.80236165577342,
      "max_requested_horizon": 125,
      "reencode_period": null,
      "rollout_mode": "no_reencode"
    },
    "periodic_1": {
      "episode_count": 15,
      "h10/episode_count": 15,
      "h10/final_state_mse": 0.003443831400154463,
      "h10/outcome_drop_episode_count": 3,
      "h10/outcome_drop_final_state_mse": 0.002412146286052816,
      "h10/outcome_drop_state_mse": 0.0019801119768541623,
      "h10/outcome_jam_episode_count": 3,
      "h10/outcome_jam_final_state_mse": 0.0030873616536458335,
      "h10/outcome_jam_state_mse": 0.0024713818154303855,
      "h10/outcome_miss_episode_count": 3,
      "h10/outcome_miss_final_state_mse": 0.0069082935456356975,
      "h10/outcome_miss_state_mse": 0.0125459540124033,
      "h10/outcome_partial_episode_count": 3,
      "h10/outcome_partial_final_state_mse": 0.002402107578282263,
      "h10/outcome_partial_state_mse": 0.0018705614836387384,
      "h10/outcome_success_episode_count": 3,
      "h10/outcome_success_final_state_mse": 0.0024092469145269957,
      "h10/outcome_success_state_mse": 0.0018920596128974864,
      "h10/state_mse": 0.004152013741287531,
      "h100/episode_count": 15,
      "h100/final_state_mse": 0.010375839432859732,
      "h100/outcome_drop_episode_count": 3,
      "h100/outcome_drop_final_state_mse": 0.009188840202256745,
      "h100/outcome_drop_state_mse": 0.005331842011096431,
      "h100/outcome_jam_episode_count": 3,
      "h100/outcome_jam_final_state_mse": 0.006962725247432983,
      "h100/outcome_jam_state_mse": 0.004886112337798075,
      "h100/outcome_miss_episode_count": 3,
      "h100/outcome_miss_final_state_mse": 0.022408789279414157,
      "h100/outcome_miss_state_mse": 0.010719637652627782,
      "h100/outcome_partial_episode_count": 3,
      "h100/outcome_partial_final_state_mse": 0.009051244632870542,
      "h100/outcome_partial_state_mse": 0.004673422115300995,
      "h100/outcome_success_episode_count": 3,
      "h100/outcome_success_final_state_mse": 0.004267599896278257,
      "h100/outcome_success_state_mse": 0.004302573920854556,
      "h100/state_mse": 0.005982717476639093,
      "h125/episode_count": 15,
      "h125/final_state_mse": 0.008858543595457388,
      "h125/outcome_drop_episode_count": 3,
      "h125/outcome_drop_final_state_mse": 0.008120116260316636,
      "h125/outcome_drop_state_mse": 0.005864901873021344,
      "h125/outcome_jam_episode_count": 3,
      "h125/outcome_jam_final_state_mse": 0.009376294472638299,
      "h125/outcome_jam_state_mse": 0.005755038192848754,
      "h125/outcome_miss_episode_count": 3,
      "h125/outcome_miss_final_state_mse": 0.011477113987495697,
      "h125/outcome_miss_state_mse": 0.011798137191074346,
      "h125/outcome_partial_episode_count": 3,
      "h125/outcome_partial_final_state_mse": 0.007849631940617281,
      "h125/outcome_partial_state_mse": 0.005351665023105597,
      "h125/outcome_success_episode_count": 3,
      "h125/outcome_success_final_state_mse": 0.007469561267522426,
      "h125/outcome_success_state_mse": 0.004939237756666794,
      "h125/state_mse": 0.006741796236723856,
      "h20/episode_count": 15,
      "h20/final_state_mse": 0.006443561603820402,
      "h20/outcome_drop_episode_count": 3,
      "h20/outcome_drop_final_state_mse": 0.004404137483219695,
      "h20/outcome_drop_state_mse": 0.0027653790766896764,
      "h20/outcome_jam_episode_count": 3,
      "h20/outcome_jam_final_state_mse": 0.004180163826817781,
      "h20/outcome_jam_state_mse": 0.003190487973830279,
      "h20/outcome_miss_episode_count": 3,
      "h20/outcome_miss_final_state_mse": 0.01542668117612016,
      "h20/outcome_miss_state_mse": 0.01182699670978621,
      "h20/outcome_partial_episode_count": 3,
      "h20/outcome_partial_final_state_mse": 0.004106166559496736,
      "h20/outcome_partial_state_mse": 0.002696177227045196,
      "h20/outcome_success_episode_count": 3,
      "h20/outcome_success_final_state_mse": 0.004100656295134351,
      "h20/outcome_success_state_mse": 0.002720288240831662,
      "h20/state_mse": 0.004639865650850184,
      "h30/episode_count": 15,
      "h30/final_state_mse": 0.00541687759698606,
      "h30/outcome_drop_episode_count": 3,
      "h30/outcome_drop_final_state_mse": 0.00483295306855557,
      "h30/outcome_drop_state_mse": 0.0033557758871506503,
      "h30/outcome_jam_episode_count": 3,
      "h30/outcome_jam_final_state_mse": 0.0055714265193814545,
      "h30/outcome_jam_state_mse": 0.0037436934078440946,
      "h30/outcome_miss_episode_count": 3,
      "h30/outcome_miss_final_state_mse": 0.006491127843950309,
      "h30/outcome_miss_state_mse": 0.011957000699178325,
      "h30/outcome_partial_episode_count": 3,
      "h30/outcome_partial_final_state_mse": 0.005056808781779669,
      "h30/outcome_partial_state_mse": 0.0032984516979043,
      "h30/outcome_success_episode_count": 3,
      "h30/outcome_success_final_state_mse": 0.005132072209532744,
      "h30/outcome_success_state_mse": 0.0033181960286657796,
      "h30/state_mse": 0.005134623741532203,
      "h40/episode_count": 15,
      "h40/final_state_mse": 0.005304784089132072,
      "h40/outcome_drop_episode_count": 3,
      "h40/outcome_drop_final_state_mse": 0.007738604557280447,
      "h40/outcome_drop_state_mse": 0.003982118726555818,
      "h40/outcome_jam_episode_count": 3,
      "h40/outcome_jam_final_state_mse": 0.004949972569163329,
      "h40/outcome_jam_state_mse": 0.0040528310280220185,
      "h40/outcome_miss_episode_count": 3,
      "h40/outcome_miss_final_state_mse": 0.00359683829584932,
      "h40/outcome_miss_state_mse": 0.009966348822599922,
      "h40/outcome_partial_episode_count": 3,
      "h40/outcome_partial_final_state_mse": 0.0051825766275131625,
      "h40/outcome_partial_state_mse": 0.0036841429916082643,
      "h40/outcome_success_episode_count": 3,
      "h40/outcome_success_final_state_mse": 0.005055928809775246,
      "h40/outcome_success_state_mse": 0.0036993056340934405,
      "h40/state_mse": 0.005076949674319597,
      "h50/episode_count": 15,
      "h50/final_state_mse": 0.005435635061825023,
      "h50/outcome_drop_episode_count": 3,
      "h50/outcome_drop_final_state_mse": 0.006619699250638875,
      "h50/outcome_drop_state_mse": 0.004830912110073114,
      "h50/outcome_jam_episode_count": 3,
      "h50/outcome_jam_final_state_mse": 0.004961889943266227,
      "h50/outcome_jam_state_mse": 0.0044461704079621755,
      "h50/outcome_miss_episode_count": 3,
      "h50/outcome_miss_final_state_mse": 0.004576991780910616,
      "h50/outcome_miss_state_mse": 0.008892796958973204,
      "h50/outcome_partial_episode_count": 3,
      "h50/outcome_partial_final_state_mse": 0.005472133508305144,
      "h50/outcome_partial_state_mse": 0.00404189028771095,
      "h50/outcome_success_episode_count": 3,
      "h50/outcome_success_final_state_mse": 0.005547461312970305,
      "h50/outcome_success_state_mse": 0.00406111274669373,
      "h50/state_mse": 0.0052545764399509805,
      "h75/episode_count": 15,
      "h75/final_state_mse": 0.006429389255498749,
      "h75/outcome_drop_episode_count": 3,
      "h75/outcome_drop_final_state_mse": 0.0061753141918992685,
      "h75/outcome_drop_state_mse": 0.005117916115488621,
      "h75/outcome_jam_episode_count": 3,
      "h75/outcome_jam_final_state_mse": 0.005788768331209819,
      "h75/outcome_jam_state_mse": 0.004950102845568023,
      "h75/outcome_miss_episode_count": 3,
      "h75/outcome_miss_final_state_mse": 0.008558141566764295,
      "h75/outcome_miss_state_mse": 0.0072153933323546434,
      "h75/outcome_partial_episode_count": 3,
      "h75/outcome_partial_final_state_mse": 0.005456230122279498,
      "h75/outcome_partial_state_mse": 0.004410346951619732,
      "h75/outcome_success_episode_count": 3,
      "h75/outcome_success_final_state_mse": 0.0061684925766552195,
      "h75/outcome_success_state_mse": 0.004466503700139996,
      "h75/state_mse": 0.0052320527386301744,
      "max_requested_horizon": 125,
      "reencode_period": 1,
      "rollout_mode": "periodic_1"
    },
    "periodic_10": {
      "episode_count": 15,
      "h10/episode_count": 15,
      "h10/final_state_mse": 0.003266799216176949,
      "h10/outcome_drop_episode_count": 3,
      "h10/outcome_drop_final_state_mse": 0.002450422134274751,
      "h10/outcome_drop_state_mse": 0.0016728399625790666,
      "h10/outcome_jam_episode_count": 3,
      "h10/outcome_jam_final_state_mse": 0.0038298545222656397,
      "h10/outcome_jam_state_mse": 0.002277828003066817,
      "h10/outcome_miss_episode_count": 3,
      "h10/outcome_miss_final_state_mse": 0.005104859718699861,
      "h10/outcome_miss_state_mse": 0.011112062136332194,
      "h10/outcome_partial_episode_count": 3,
      "h10/outcome_partial_final_state_mse": 0.0024785534813513165,
      "h10/outcome_partial_state_mse": 0.0015953916350221321,
      "h10/outcome_success_episode_count": 3,
      "h10/outcome_success_final_state_mse": 0.002470306467776205,
      "h10/outcome_success_state_mse": 0.0015990754358129564,
      "h10/state_mse": 0.0036514391930274714,
      "h100/episode_count": 15,
      "h100/final_state_mse": 0.0033252027299669053,
      "h100/outcome_drop_episode_count": 3,
      "h100/outcome_drop_final_state_mse": 0.0032128268499779546,
      "h100/outcome_drop_state_mse": 0.002582473536722021,
      "h100/outcome_jam_episode_count": 3,
      "h100/outcome_jam_final_state_mse": 0.004303800124748081,
      "h100/outcome_jam_state_mse": 0.003370092865688349,
      "h100/outcome_miss_episode_count": 3,
      "h100/outcome_miss_final_state_mse": 0.002657290815917495,
      "h100/outcome_miss_state_mse": 0.003466069152931762,
      "h100/outcome_partial_episode_count": 3,
      "h100/outcome_partial_final_state_mse": 0.002237829799745597,
      "h100/outcome_partial_state_mse": 0.0022948096156899444,
      "h100/outcome_success_episode_count": 3,
      "h100/outcome_success_final_state_mse": 0.0042142664003216364,
      "h100/outcome_success_state_mse": 0.0026776084089590833,
      "h100/state_mse": 0.002878210529003268,
      "h125/episode_count": 15,
      "h125/final_state_mse": 0.004105862137538935,
      "h125/outcome_drop_episode_count": 3,
      "h125/outcome_drop_final_state_mse": 0.004848830694077062,
      "h125/outcome_drop_state_mse": 0.002906824149337469,
      "h125/outcome_jam_episode_count": 3,
      "h125/outcome_jam_final_state_mse": 0.005109014172180027,
      "h125/outcome_jam_state_mse": 0.0036040199628842424,
      "h125/outcome_miss_episode_count": 3,
      "h125/outcome_miss_final_state_mse": 0.004548302784659504,
      "h125/outcome_miss_state_mse": 0.0034912509793549582,
      "h125/outcome_partial_episode_count": 3,
      "h125/outcome_partial_final_state_mse": 0.0023827458810962102,
      "h125/outcome_partial_state_mse": 0.0023274170619989533,
      "h125/outcome_success_episode_count": 3,
      "h125/outcome_success_final_state_mse": 0.0036404180565690683,
      "h125/outcome_success_state_mse": 0.002868244944055096,
      "h125/state_mse": 0.003039551419526144,
      "h20/episode_count": 15,
      "h20/final_state_mse": 0.0034127422407561657,
      "h20/outcome_drop_episode_count": 3,
      "h20/outcome_drop_final_state_mse": 0.003375903526747149,
      "h20/outcome_drop_state_mse": 0.0022069572038899837,
      "h20/outcome_jam_episode_count": 3,
      "h20/outcome_jam_final_state_mse": 0.0036033968520320318,
      "h20/outcome_jam_state_mse": 0.0028291681623147202,
      "h20/outcome_miss_episode_count": 3,
      "h20/outcome_miss_final_state_mse": 0.0036395000281676747,
      "h20/outcome_miss_state_mse": 0.007624621173135595,
      "h20/outcome_partial_episode_count": 3,
      "h20/outcome_partial_final_state_mse": 0.0032602929893661946,
      "h20/outcome_partial_state_mse": 0.002162771852187861,
      "h20/outcome_success_episode_count": 3,
      "h20/outcome_success_final_state_mse": 0.0031846172961534237,
      "h20/outcome_success_state_mse": 0.0021506717586828993,
      "h20/state_mse": 0.003394837971606286,
      "h30/episode_count": 15,
      "h30/final_state_mse": 0.002724144505519493,
      "h30/outcome_drop_episode_count": 3,
      "h30/outcome_drop_final_state_mse": 0.002754214810195312,
      "h30/outcome_drop_state_mse": 0.0024224282609611293,
      "h30/outcome_jam_episode_count": 3,
      "h30/outcome_jam_final_state_mse": 0.0029900561458145094,
      "h30/outcome_jam_state_mse": 0.0030007821022814915,
      "h30/outcome_miss_episode_count": 3,
      "h30/outcome_miss_final_state_mse": 0.0024516106966663807,
      "h30/outcome_miss_state_mse": 0.006038338945841737,
      "h30/outcome_partial_episode_count": 3,
      "h30/outcome_partial_final_state_mse": 0.002667592047086728,
      "h30/outcome_partial_state_mse": 0.002373042033908154,
      "h30/outcome_success_episode_count": 3,
      "h30/outcome_success_final_state_mse": 0.0027572477321609174,
      "h30/outcome_success_state_mse": 0.002366324967029048,
      "h30/state_mse": 0.0032401832464213983,
      "h40/episode_count": 15,
      "h40/final_state_mse": 0.0025857758677862827,
      "h40/outcome_drop_episode_count": 3,
      "h40/outcome_drop_final_state_mse": 0.0023448759190786896,
      "h40/outcome_drop_state_mse": 0.0024765137363882625,
      "h40/outcome_jam_episode_count": 3,
      "h40/outcome_jam_final_state_mse": 0.003097140151106454,
      "h40/outcome_jam_state_mse": 0.003040786077773649,
      "h40/outcome_miss_episode_count": 3,
      "h40/outcome_miss_final_state_mse": 0.0018243339716219435,
      "h40/outcome_miss_state_mse": 0.005031851927439371,
      "h40/outcome_partial_episode_count": 3,
      "h40/outcome_partial_final_state_mse": 0.0028496748140824386,
      "h40/outcome_partial_state_mse": 0.0024336077029408973,
      "h40/outcome_success_episode_count": 3,
      "h40/outcome_success_final_state_mse": 0.0028128542639071644,
      "h40/outcome_success_state_mse": 0.002427110699267169,
      "h40/state_mse": 0.0030819742040696487,
      "h50/episode_count": 15,
      "h50/final_state_mse": 0.0025409436693378524,
      "h50/outcome_drop_episode_count": 3,
      "h50/outcome_drop_final_state_mse": 0.0027087419689480773,
      "h50/outcome_drop_state_mse": 0.002549090977587731,
      "h50/outcome_jam_episode_count": 3,
      "h50/outcome_jam_final_state_mse": 0.0034815114892386145,
      "h50/outcome_jam_state_mse": 0.0030575127695121017,
      "h50/outcome_miss_episode_count": 3,
      "h50/outcome_miss_final_state_mse": 0.0018851984462706871,
      "h50/outcome_miss_state_mse": 0.0044265416089226215,
      "h50/outcome_partial_episode_count": 3,
      "h50/outcome_partial_final_state_mse": 0.002266398223202213,
      "h50/outcome_partial_state_mse": 0.002410314940159617,
      "h50/outcome_success_episode_count": 3,
      "h50/outcome_success_final_state_mse": 0.0023628674885805916,
      "h50/outcome_success_state_mse": 0.002410757837731854,
      "h50/state_mse": 0.002970843545751634,
      "h75/episode_count": 15,
      "h75/final_state_mse": 0.0039052776261871936,
      "h75/outcome_drop_episode_count": 3,
      "h75/outcome_drop_final_state_mse": 0.0029432272502020293,
      "h75/outcome_drop_state_mse": 0.0025677321523363034,
      "h75/outcome_jam_episode_count": 3,
      "h75/outcome_jam_final_state_mse": 0.004930993700339124,
      "h75/outcome_jam_state_mse": 0.0031577069151635263,
      "h75/outcome_miss_episode_count": 3,
      "h75/outcome_miss_final_state_mse": 0.004496424367614821,
      "h75/outcome_miss_state_mse": 0.0037997094114881197,
      "h75/outcome_partial_episode_count": 3,
      "h75/outcome_partial_final_state_mse": 0.003024330472244936,
      "h75/outcome_partial_state_mse": 0.0023888392645808865,
      "h75/outcome_success_episode_count": 3,
      "h75/outcome_success_final_state_mse": 0.004131410928333507,
      "h75/outcome_success_state_mse": 0.002442697471003647,
      "h75/state_mse": 0.00287133709277982,
      "max_requested_horizon": 125,
      "reencode_period": 10,
      "rollout_mode": "periodic_10"
    },
    "periodic_100": {
      "episode_count": 15,
      "h10/episode_count": 15,
      "h10/final_state_mse": 0.003266799216176949,
      "h10/outcome_drop_episode_count": 3,
      "h10/outcome_drop_final_state_mse": 0.002450422134274751,
      "h10/outcome_drop_state_mse": 0.0016728399625790666,
      "h10/outcome_jam_episode_count": 3,
      "h10/outcome_jam_final_state_mse": 0.0038298545222656397,
      "h10/outcome_jam_state_mse": 0.002277828003066817,
      "h10/outcome_miss_episode_count": 3,
      "h10/outcome_miss_final_state_mse": 0.005104859718699861,
      "h10/outcome_miss_state_mse": 0.011112062136332194,
      "h10/outcome_partial_episode_count": 3,
      "h10/outcome_partial_final_state_mse": 0.0024785534813513165,
      "h10/outcome_partial_state_mse": 0.0015953916350221321,
      "h10/outcome_success_episode_count": 3,
      "h10/outcome_success_final_state_mse": 0.002470306467776205,
      "h10/outcome_success_state_mse": 0.0015990754358129564,
      "h10/state_mse": 0.0036514391930274714,
      "h100/episode_count": 15,
      "h100/final_state_mse": 404096.46013071894,
      "h100/outcome_drop_episode_count": 3,
      "h100/outcome_drop_final_state_mse": 269639.08496732026,
      "h100/outcome_drop_state_mse": 11756.604967320261,
      "h100/outcome_jam_episode_count": 3,
      "h100/outcome_jam_final_state_mse": 294118.2091503268,
      "h100/outcome_jam_state_mse": 12681.184836601307,
      "h100/outcome_miss_episode_count": 3,
      "h100/outcome_miss_final_state_mse": 930434.6797385621,
      "h100/outcome_miss_state_mse": 42943.677908496735,
      "h100/outcome_partial_episode_count": 3,
      "h100/outcome_partial_final_state_mse": 261593.93464052287,
      "h100/outcome_partial_state_mse": 11438.764444444445,
      "h100/outcome_success_episode_count": 3,
      "h100/outcome_success_final_state_mse": 264696.45751633984,
      "h100/outcome_success_state_mse": 11566.4922875817,
      "h100/state_mse": 18077.34462745098,
      "h125/episode_count": 15,
      "h125/final_state_mse": 647782.1071895425,
      "h125/outcome_drop_episode_count": 3,
      "h125/outcome_drop_final_state_mse": 309824.0130718954,
      "h125/outcome_drop_state_mse": 22360.213333333333,
      "h125/outcome_jam_episode_count": 3,
      "h125/outcome_jam_final_state_mse": 338530.6503267974,
      "h125/outcome_jam_state_mse": 24151.48716339869,
      "h125/outcome_miss_episode_count": 3,
      "h125/outcome_miss_final_state_mse": 1944637.0718954247,
      "h125/outcome_miss_state_mse": 121357.90264052288,
      "h125/outcome_partial_episode_count": 3,
      "h125/outcome_partial_final_state_mse": 321678.47712418303,
      "h125/outcome_partial_state_mse": 22690.724392156862,
      "h125/outcome_success_episode_count": 3,
      "h125/outcome_success_final_state_mse": 324240.1862745098,
      "h125/outcome_success_state_mse": 22773.957856209152,
      "h125/state_mse": 42666.854065359475,
      "h20/episode_count": 15,
      "h20/final_state_mse": 0.010747091754589206,
      "h20/outcome_drop_episode_count": 3,
      "h20/outcome_drop_final_state_mse": 0.010361434782252592,
      "h20/outcome_drop_state_mse": 0.003969866972343594,
      "h20/outcome_jam_episode_count": 3,
      "h20/outcome_jam_final_state_mse": 0.010591971523621502,
      "h20/outcome_jam_state_mse": 0.004447601979074915,
      "h20/outcome_miss_episode_count": 3,
      "h20/outcome_miss_final_state_mse": 0.012504917149450265,
      "h20/outcome_miss_state_mse": 0.009629155451955359,
      "h20/outcome_partial_episode_count": 3,
      "h20/outcome_partial_final_state_mse": 0.010173249965399698,
      "h20/outcome_partial_state_mse": 0.003875260298548181,
      "h20/outcome_success_episode_count": 3,
      "h20/outcome_success_final_state_mse": 0.010103882235639235,
      "h20/outcome_success_state_mse": 0.0038697860209770452,
      "h20/state_mse": 0.005158334370532067,
      "h30/episode_count": 15,
      "h30/final_state_mse": 0.030457889332490808,
      "h30/outcome_drop_episode_count": 3,
      "h30/outcome_drop_final_state_mse": 0.025736053784688313,
      "h30/outcome_drop_state_mse": 0.008372121179285652,
      "h30/outcome_jam_episode_count": 3,
      "h30/outcome_jam_final_state_mse": 0.02719434336120007,
      "h30/outcome_jam_state_mse": 0.008908454005754591,
      "h30/outcome_miss_episode_count": 3,
      "h30/outcome_miss_final_state_mse": 0.047948757028268056,
      "h30/outcome_miss_state_mse": 0.01571697430413273,
      "h30/outcome_partial_episode_count": 3,
      "h30/outcome_partial_final_state_mse": 0.025507035208683387,
      "h30/outcome_partial_state_mse": 0.0081960478639291,
      "h30/outcome_success_episode_count": 3,
      "h30/outcome_success_final_state_mse": 0.02590326039619695,
      "h30/outcome_success_state_mse": 0.008236573620299628,
      "h30/state_mse": 0.009886034464784178,
      "h40/episode_count": 15,
      "h40/final_state_mse": 0.2275906431908701,
      "h40/outcome_drop_episode_count": 3,
      "h40/outcome_drop_final_state_mse": 0.16020381840225917,
      "h40/outcome_drop_state_mse": 0.025796901478486903,
      "h40/outcome_jam_episode_count": 3,
      "h40/outcome_jam_final_state_mse": 0.17986607084087297,
      "h40/outcome_jam_state_mse": 0.0278017380658318,
      "h40/outcome_miss_episode_count": 3,
      "h40/outcome_miss_final_state_mse": 0.4613830716002221,
      "h40/outcome_miss_state_mse": 0.053868852253832845,
      "h40/outcome_partial_episode_count": 3,
      "h40/outcome_partial_final_state_mse": 0.16726919560650594,
      "h40/outcome_partial_state_mse": 0.025542369543337353,
      "h40/outcome_success_episode_count": 3,
      "h40/outcome_success_final_state_mse": 0.16923102210549748,
      "h40/outcome_success_state_mse": 0.02583943410636553,
      "h40/state_mse": 0.03176985996221405,
      "h50/episode_count": 15,
      "h50/final_state_mse": 3.0957216350081698,
      "h50/outcome_drop_episode_count": 3,
      "h50/outcome_drop_final_state_mse": 1.4389962589039522,
      "h50/outcome_drop_state_mse": 0.15215311287275327,
      "h50/outcome_jam_episode_count": 3,
      "h50/outcome_jam_final_state_mse": 1.5326655020121656,
      "h50/outcome_jam_state_mse": 0.1634289710350286,
      "h50/outcome_miss_episode_count": 3,
      "h50/outcome_miss_final_state_mse": 9.601945864608865,
      "h50/outcome_miss_state_mse": 0.7853473977481618,
      "h50/outcome_partial_episode_count": 3,
      "h50/outcome_partial_final_state_mse": 1.4474334467470256,
      "h50/outcome_partial_state_mse": 0.15198334538079555,
      "h50/outcome_success_episode_count": 3,
      "h50/outcome_success_final_state_mse": 1.4575666041156046,
      "h50/outcome_success_state_mse": 0.1533743146509906,
      "h50/state_mse": 0.2812574295343137,
      "h75/episode_count": 15,
      "h75/final_state_mse": 928.6089869281046,
      "h75/outcome_drop_episode_count": 3,
      "h75/outcome_drop_final_state_mse": 528.4299428104575,
      "h75/outcome_drop_state_mse": 33.42197916666667,
      "h75/outcome_jam_episode_count": 3,
      "h75/outcome_jam_final_state_mse": 566.0982945261438,
      "h75/outcome_jam_state_mse": 34.98209218409586,
      "h75/outcome_miss_episode_count": 3,
      "h75/outcome_miss_final_state_mse": 2467.624693627451,
      "h75/outcome_miss_state_mse": 163.18108932461874,
      "h75/outcome_partial_episode_count": 3,
      "h75/outcome_partial_final_state_mse": 539.6479268790849,
      "h75/outcome_partial_state_mse": 33.65574005991285,
      "h75/outcome_success_episode_count": 3,
      "h75/outcome_success_final_state_mse": 541.2440129697712,
      "h75/outcome_success_state_mse": 33.77088950163399,
      "h75/state_mse": 59.802357298474945,
      "max_requested_horizon": 125,
      "reencode_period": 100,
      "rollout_mode": "periodic_100"
    },
    "periodic_2": {
      "episode_count": 15,
      "h10/episode_count": 15,
      "h10/final_state_mse": 0.00253806176528432,
      "h10/outcome_drop_episode_count": 3,
      "h10/outcome_drop_final_state_mse": 0.001719277059915019,
      "h10/outcome_drop_state_mse": 0.0016154626615686354,
      "h10/outcome_jam_episode_count": 3,
      "h10/outcome_jam_final_state_mse": 0.0026262567129010468,
      "h10/outcome_jam_state_mse": 0.002098058563431883,
      "h10/outcome_miss_episode_count": 3,
      "h10/outcome_miss_final_state_mse": 0.0051038671357958925,
      "h10/outcome_miss_state_mse": 0.011483643725027446,
      "h10/outcome_partial_episode_count": 3,
      "h10/outcome_partial_final_state_mse": 0.0016092363671929228,
      "h10/outcome_partial_state_mse": 0.001492634707806157,
      "h10/outcome_success_episode_count": 3,
      "h10/outcome_success_final_state_mse": 0.0016316722810657974,
      "h10/outcome_success_state_mse": 0.0015107867374918819,
      "h10/state_mse": 0.003640117271273744,
      "h100/episode_count": 15,
      "h100/final_state_mse": 0.004597215091480929,
      "h100/outcome_drop_episode_count": 3,
      "h100/outcome_drop_final_state_mse": 0.0050208049467186525,
      "h100/outcome_drop_state_mse": 0.0033351744857488892,
      "h100/outcome_jam_episode_count": 3,
      "h100/outcome_jam_final_state_mse": 0.0034336979482688158,
      "h100/outcome_jam_state_mse": 0.003210606917836308,
      "h100/outcome_miss_episode_count": 3,
      "h100/outcome_miss_final_state_mse": 0.007186641295750936,
      "h100/outcome_miss_state_mse": 0.004175695531508502,
      "h100/outcome_partial_episode_count": 3,
      "h100/outcome_partial_final_state_mse": 0.00425578079192467,
      "h100/outcome_partial_state_mse": 0.002588441449832293,
      "h100/outcome_success_episode_count": 3,
      "h100/outcome_success_final_state_mse": 0.0030891513756287643,
      "h100/outcome_success_state_mse": 0.002713866825976403,
      "h100/state_mse": 0.0032047569923151554,
      "h125/episode_count": 15,
      "h125/final_state_mse": 0.0057291616801342935,
      "h125/outcome_drop_episode_count": 3,
      "h125/outcome_drop_final_state_mse": 0.006948258070384755,
      "h125/outcome_drop_state_mse": 0.003912646474401935,
      "h125/outcome_jam_episode_count": 3,
      "h125/outcome_jam_final_state_mse": 0.008546174156899546,
      "h125/outcome_jam_state_mse": 0.003744273865145016,
      "h125/outcome_miss_episode_count": 3,
      "h125/outcome_miss_final_state_mse": 0.004942003661900564,
      "h125/outcome_miss_state_mse": 0.004702906589882047,
      "h125/outcome_partial_episode_count": 3,
      "h125/outcome_partial_final_state_mse": 0.004377604650905709,
      "h125/outcome_partial_state_mse": 0.0029213242873646853,
      "h125/outcome_success_episode_count": 3,
      "h125/outcome_success_final_state_mse": 0.003831767130131815,
      "h125/outcome_success_state_mse": 0.002895394767811096,
      "h125/state_mse": 0.0036353094362745098,
      "h20/episode_count": 15,
      "h20/final_state_mse": 0.0029010697907092525,
      "h20/outcome_drop_episode_count": 3,
      "h20/outcome_drop_final_state_mse": 0.0029697793663716783,
      "h20/outcome_drop_state_mse": 0.0019214619218913557,
      "h20/outcome_jam_episode_count": 3,
      "h20/outcome_jam_final_state_mse": 0.0028838949655395707,
      "h20/outcome_jam_state_mse": 0.0024231415948057487,
      "h20/outcome_miss_episode_count": 3,
      "h20/outcome_miss_final_state_mse": 0.0033022473547972887,
      "h20/outcome_miss_state_mse": 0.007812264386345359,
      "h20/outcome_partial_episode_count": 3,
      "h20/outcome_partial_final_state_mse": 0.0026840584145651925,
      "h20/outcome_partial_state_mse": 0.0018405718351501266,
      "h20/outcome_success_episode_count": 3,
      "h20/outcome_success_final_state_mse": 0.0026653684140030853,
      "h20/outcome_success_state_mse": 0.0018574484812667947,
      "h20/state_mse": 0.0031709775737687653,
      "h30/episode_count": 15,
      "h30/final_state_mse": 0.002882192025776782,
      "h30/outcome_drop_episode_count": 3,
      "h30/outcome_drop_final_state_mse": 0.0028595550387513404,
      "h30/outcome_drop_state_mse": 0.002252448514136354,
      "h30/outcome_jam_episode_count": 3,
      "h30/outcome_jam_final_state_mse": 0.0034586786736849865,
      "h30/outcome_jam_state_mse": 0.002765085442653149,
      "h30/outcome_miss_episode_count": 3,
      "h30/outcome_miss_final_state_mse": 0.0023458585435268925,
      "h30/outcome_miss_state_mse": 0.006169020584206176,
      "h30/outcome_partial_episode_count": 3,
      "h30/outcome_partial_final_state_mse": 0.0028346451425474454,
      "h30/outcome_partial_state_mse": 0.002184178912301988,
      "h30/outcome_success_episode_count": 3,
      "h30/outcome_success_final_state_mse": 0.002912221902530957,
      "h30/outcome_success_state_mse": 0.0022005413871964597,
      "h30/state_mse": 0.0031142550200418707,
      "h40/episode_count": 15,
      "h40/final_state_mse": 0.0026861109764747372,
      "h40/outcome_drop_episode_count": 3,
      "h40/outcome_drop_final_state_mse": 0.0030893858254345415,
      "h40/outcome_drop_state_mse": 0.002436908164055519,
      "h40/outcome_jam_episode_count": 3,
      "h40/outcome_jam_final_state_mse": 0.002518170701912026,
      "h40/outcome_jam_state_mse": 0.0028172355851316766,
      "h40/outcome_miss_episode_count": 3,
      "h40/outcome_miss_final_state_mse": 0.0028494240022173115,
      "h40/outcome_miss_state_mse": 0.0053177322437560634,
      "h40/outcome_partial_episode_count": 3,
      "h40/outcome_partial_final_state_mse": 0.0025104375105667737,
      "h40/outcome_partial_state_mse": 0.0022758580305997063,
      "h40/outcome_success_episode_count": 3,
      "h40/outcome_success_final_state_mse": 0.0024631359900524415,
      "h40/outcome_success_state_mse": 0.002289492632049361,
      "h40/state_mse": 0.0030274454752604167,
      "h50/episode_count": 15,
      "h50/final_state_mse": 0.0028003518098320057,
      "h50/outcome_drop_episode_count": 3,
      "h50/outcome_drop_final_state_mse": 0.0032730730725269693,
      "h50/outcome_drop_state_mse": 0.002773563752766528,
      "h50/outcome_jam_episode_count": 3,
      "h50/outcome_jam_final_state_mse": 0.0032019505605978124,
      "h50/outcome_jam_state_mse": 0.0028986237719168073,
      "h50/outcome_miss_episode_count": 3,
      "h50/outcome_miss_final_state_mse": 0.0026303933921203114,
      "h50/outcome_miss_state_mse": 0.0048391237445906095,
      "h50/outcome_partial_episode_count": 3,
      "h50/outcome_partial_final_state_mse": 0.0024270447445850747,
      "h50/outcome_partial_state_mse": 0.002328812842275582,
      "h50/outcome_success_episode_count": 3,
      "h50/outcome_success_final_state_mse": 0.00246929886196953,
      "h50/outcome_success_state_mse": 0.002346825475007101,
      "h50/state_mse": 0.0030373898175806782,
      "h75/episode_count": 15,
      "h75/final_state_mse": 0.0043534687141966975,
      "h75/outcome_drop_episode_count": 3,
      "h75/outcome_drop_final_state_mse": 0.004646372707451091,
      "h75/outcome_drop_state_mse": 0.0031596551533618006,
      "h75/outcome_jam_episode_count": 3,
      "h75/outcome_jam_final_state_mse": 0.004497324719148523,
      "h75/outcome_jam_state_mse": 0.003153009019905705,
      "h75/outcome_miss_episode_count": 3,
      "h75/outcome_miss_final_state_mse": 0.0051352614232527665,
      "h75/outcome_miss_state_mse": 0.00425463391804747,
      "h75/outcome_partial_episode_count": 3,
      "h75/outcome_partial_final_state_mse": 0.0032297212119195974,
      "h75/outcome_partial_state_mse": 0.0024770760795909076,
      "h75/outcome_success_episode_count": 3,
      "h75/outcome_success_final_state_mse": 0.004258664020525864,
      "h75/outcome_success_state_mse": 0.002539977196255021,
      "h75/state_mse": 0.003116870223566857,
      "max_requested_horizon": 125,
      "reencode_period": 2,
      "rollout_mode": "periodic_2"
    },
    "periodic_20": {
      "episode_count": 15,
      "h10/episode_count": 15,
      "h10/final_state_mse": 0.003266799216176949,
      "h10/outcome_drop_episode_count": 3,
      "h10/outcome_drop_final_state_mse": 0.002450422134274751,
      "h10/outcome_drop_state_mse": 0.0016728399625790666,
      "h10/outcome_jam_episode_count": 3,
      "h10/outcome_jam_final_state_mse": 0.0038298545222656397,
      "h10/outcome_jam_state_mse": 0.002277828003066817,
      "h10/outcome_miss_episode_count": 3,
      "h10/outcome_miss_final_state_mse": 0.005104859718699861,
      "h10/outcome_miss_state_mse": 0.011112062136332194,
      "h10/outcome_partial_episode_count": 3,
      "h10/outcome_partial_final_state_mse": 0.0024785534813513165,
      "h10/outcome_partial_state_mse": 0.0015953916350221321,
      "h10/outcome_success_episode_count": 3,
      "h10/outcome_success_final_state_mse": 0.002470306467776205,
      "h10/outcome_success_state_mse": 0.0015990754358129564,
      "h10/state_mse": 0.0036514391930274714,
      "h100/episode_count": 15,
      "h100/final_state_mse": 0.01898760078779233,
      "h100/outcome_drop_episode_count": 3,
      "h100/outcome_drop_final_state_mse": 0.013401682859931896,
      "h100/outcome_drop_state_mse": 0.00590769200543173,
      "h100/outcome_jam_episode_count": 3,
      "h100/outcome_jam_final_state_mse": 0.021493086238312566,
      "h100/outcome_jam_state_mse": 0.007402925179674735,
      "h100/outcome_miss_episode_count": 3,
      "h100/outcome_miss_final_state_mse": 0.020604593691483042,
      "h100/outcome_miss_state_mse": 0.009589134665096507,
      "h100/outcome_partial_episode_count": 3,
      "h100/outcome_partial_final_state_mse": 0.01863769573323867,
      "h100/outcome_partial_state_mse": 0.006687188740649255,
      "h100/outcome_success_episode_count": 3,
      "h100/outcome_success_final_state_mse": 0.020800939572402855,
      "h100/outcome_success_state_mse": 0.007285606533873315,
      "h100/state_mse": 0.007374509325214461,
      "h125/episode_count": 15,
      "h125/final_state_mse": 0.010225898767608443,
      "h125/outcome_drop_episode_count": 3,
      "h125/outcome_drop_final_state_mse": 0.00665617183922163,
      "h125/outcome_drop_state_mse": 0.006571971120398029,
      "h125/outcome_jam_episode_count": 3,
      "h125/outcome_jam_final_state_mse": 0.011597220414604236,
      "h125/outcome_jam_state_mse": 0.008369111503650939,
      "h125/outcome_miss_episode_count": 3,
      "h125/outcome_miss_final_state_mse": 0.015090993027281917,
      "h125/outcome_miss_state_mse": 0.010605303596047794,
      "h125/outcome_partial_episode_count": 3,
      "h125/outcome_partial_final_state_mse": 0.010046246881578482,
      "h125/outcome_partial_state_mse": 0.0074311872494766135,
      "h125/outcome_success_episode_count": 3,
      "h125/outcome_success_final_state_mse": 0.0077388600196713715,
      "h125/outcome_success_state_mse": 0.008134443893931271,
      "h125/state_mse": 0.008222402854370914,
      "h20/episode_count": 15,
      "h20/final_state_mse": 0.010747091754589206,
      "h20/outcome_drop_episode_count": 3,
      "h20/outcome_drop_final_state_mse": 0.010361434782252592,
      "h20/outcome_drop_state_mse": 0.003969866972343594,
      "h20/outcome_jam_episode_count": 3,
      "h20/outcome_jam_final_state_mse": 0.010591971523621502,
      "h20/outcome_jam_state_mse": 0.004447601979074915,
      "h20/outcome_miss_episode_count": 3,
      "h20/outcome_miss_final_state_mse": 0.012504917149450265,
      "h20/outcome_miss_state_mse": 0.009629155451955359,
      "h20/outcome_partial_episode_count": 3,
      "h20/outcome_partial_final_state_mse": 0.010173249965399698,
      "h20/outcome_partial_state_mse": 0.003875260298548181,
      "h20/outcome_success_episode_count": 3,
      "h20/outcome_success_final_state_mse": 0.010103882235639235,
      "h20/outcome_success_state_mse": 0.0038697860209770452,
      "h20/state_mse": 0.005158334370532067,
      "h30/episode_count": 15,
      "h30/final_state_mse": 0.00594535216786503,
      "h30/outcome_drop_episode_count": 3,
      "h30/outcome_drop_final_state_mse": 0.005689906236393,
      "h30/outcome_drop_state_mse": 0.004445314615120815,
      "h30/outcome_jam_episode_count": 3,
      "h30/outcome_jam_final_state_mse": 0.005889874268201442,
      "h30/outcome_jam_state_mse": 0.004889683474123089,
      "h30/outcome_miss_episode_count": 3,
      "h30/outcome_miss_final_state_mse": 0.007037123336511499,
      "h30/outcome_miss_state_mse": 0.008594169284263728,
      "h30/outcome_partial_episode_count": 3,
      "h30/outcome_partial_final_state_mse": 0.005474746275961009,
      "h30/outcome_partial_state_mse": 0.004317280851418156,
      "h30/outcome_success_episode_count": 3,
      "h30/outcome_success_final_state_mse": 0.005635108823090597,
      "h30/outcome_success_state_mse": 0.004323547753892953,
      "h30/state_mse": 0.005313998951631434,
      "h40/episode_count": 15,
      "h40/final_state_mse": 0.013709702834584354,
      "h40/outcome_drop_episode_count": 3,
      "h40/outcome_drop_final_state_mse": 0.012220643996413236,
      "h40/outcome_drop_state_mse": 0.00557663284875209,
      "h40/outcome_jam_episode_count": 3,
      "h40/outcome_jam_final_state_mse": 0.015350116721165725,
      "h40/outcome_jam_state_mse": 0.006217455474379795,
      "h40/outcome_miss_episode_count": 3,
      "h40/outcome_miss_final_state_mse": 0.00967459030011121,
      "h40/outcome_miss_state_mse": 0.008592735084832883,
      "h40/outcome_partial_episode_count": 3,
      "h40/outcome_partial_final_state_mse": 0.015509893594224469,
      "h40/outcome_partial_state_mse": 0.005723253028844696,
      "h40/outcome_success_episode_count": 3,
      "h40/outcome_success_final_state_mse": 0.0157932692688275,
      "h40/outcome_success_state_mse": 0.005778703775281221,
      "h40/state_mse": 0.006377755956712112,
      "h50/episode_count": 15,
      "h50/final_state_mse": 0.005826877145206227,
      "h50/outcome_drop_episode_count": 3,
      "h50/outcome_drop_final_state_mse": 0.005333783238931419,
      "h50/outcome_drop_state_mse": 0.005616184995065328,
      "h50/outcome_jam_episode_count": 3,
      "h50/outcome_jam_final_state_mse": 0.006350406950790119,
      "h50/outcome_jam_state_mse": 0.006095006730821397,
      "h50/outcome_miss_episode_count": 3,
      "h50/outcome_miss_final_state_mse": 0.0056578774078219546,
      "h50/outcome_miss_state_mse": 0.007757745256610945,
      "h50/outcome_partial_episode_count": 3,
      "h50/outcome_partial_final_state_mse": 0.005819456834419101,
      "h50/outcome_partial_state_mse": 0.005645117354548835,
      "h50/outcome_success_episode_count": 3,
      "h50/outcome_success_final_state_mse": 0.005972860271439832,
      "h50/outcome_success_state_mse": 0.005713131412181979,
      "h50/state_mse": 0.0061654371872446895,
      "h75/episode_count": 15,
      "h75/final_state_mse": 0.008657587587443831,
      "h75/outcome_drop_episode_count": 3,
      "h75/outcome_drop_final_state_mse": 0.006300586208798527,
      "h75/outcome_drop_state_mse": 0.005460837785974307,
      "h75/outcome_jam_episode_count": 3,
      "h75/outcome_jam_final_state_mse": 0.008897011868314805,
      "h75/outcome_jam_state_mse": 0.0064085467137023,
      "h75/outcome_miss_episode_count": 3,
      "h75/outcome_miss_final_state_mse": 0.013169764693266426,
      "h75/outcome_miss_state_mse": 0.008618786381740197,
      "h75/outcome_partial_episode_count": 3,
      "h75/outcome_partial_final_state_mse": 0.006868589352938085,
      "h75/outcome_partial_state_mse": 0.005939824679838027,
      "h75/outcome_success_episode_count": 3,
      "h75/outcome_success_final_state_mse": 0.008051983379071054,
      "h75/outcome_success_state_mse": 0.006047744792530999,
      "h75/state_mse": 0.006495148037513616,
      "max_requested_horizon": 125,
      "reencode_period": 20,
      "rollout_mode": "periodic_20"
    },
    "periodic_5": {
      "episode_count": 15,
      "h10/episode_count": 15,
      "h10/final_state_mse": 0.002483675682466794,
      "h10/outcome_drop_episode_count": 3,
      "h10/outcome_drop_final_state_mse": 0.0018460913713461433,
      "h10/outcome_drop_state_mse": 0.001574644446372986,
      "h10/outcome_jam_episode_count": 3,
      "h10/outcome_jam_final_state_mse": 0.0028529441824146347,
      "h10/outcome_jam_state_mse": 0.002131196798062792,
      "h10/outcome_miss_episode_count": 3,
      "h10/outcome_miss_final_state_mse": 0.0040617163469588834,
      "h10/outcome_miss_state_mse": 0.011034336744570265,
      "h10/outcome_partial_episode_count": 3,
      "h10/outcome_partial_final_state_mse": 0.0018053934513743407,
      "h10/outcome_partial_state_mse": 0.0014840728706783718,
      "h10/outcome_success_episode_count": 3,
      "h10/outcome_success_final_state_mse": 0.0018522326706671248,
      "h10/outcome_success_state_mse": 0.0015059104931899924,
      "h10/state_mse": 0.00354603212643293,
      "h100/episode_count": 15,
      "h100/final_state_mse": 0.002855782415352616,
      "h100/outcome_drop_episode_count": 3,
      "h100/outcome_drop_final_state_mse": 0.002953529138775433,
      "h100/outcome_drop_state_mse": 0.0025265235215230705,
      "h100/outcome_jam_episode_count": 3,
      "h100/outcome_jam_final_state_mse": 0.0035483418823846805,
      "h100/outcome_jam_state_mse": 0.0030656155106288936,
      "h100/outcome_miss_episode_count": 3,
      "h100/outcome_miss_final_state_mse": 0.002499598376696406,
      "h100/outcome_miss_state_mse": 0.00342798999711579,
      "h100/outcome_partial_episode_count": 3,
      "h100/outcome_partial_final_state_mse": 0.002228328459013521,
      "h100/outcome_partial_state_mse": 0.002102539118598489,
      "h100/outcome_success_episode_count": 3,
      "h100/outcome_success_final_state_mse": 0.003049114268589643,
      "h100/outcome_success_state_mse": 0.0023600495718663034,
      "h100/state_mse": 0.0026965435751123367,
      "h125/episode_count": 15,
      "h125/final_state_mse": 0.0036898126789167815,
      "h125/outcome_drop_episode_count": 3,
      "h125/outcome_drop_final_state_mse": 0.004421745055641224,
      "h125/outcome_drop_state_mse": 0.002783951628441904,
      "h125/outcome_jam_episode_count": 3,
      "h125/outcome_jam_final_state_mse": 0.004260626688502194,
      "h125/outcome_jam_state_mse": 0.003267260732214435,
      "h125/outcome_miss_episode_count": 3,
      "h125/outcome_miss_final_state_mse": 0.004590702577938441,
      "h125/outcome_miss_state_mse": 0.0034660043155445774,
      "h125/outcome_partial_episode_count": 3,
      "h125/outcome_partial_final_state_mse": 0.002134211117925208,
      "h125/outcome_partial_state_mse": 0.002154810014113881,
      "h125/outcome_success_episode_count": 3,
      "h125/outcome_success_final_state_mse": 0.003041777297172671,
      "h125/outcome_success_state_mse": 0.002508879493264591,
      "h125/state_mse": 0.002836181002348856,
      "h20/episode_count": 15,
      "h20/final_state_mse": 0.0022501027661990494,
      "h20/outcome_drop_episode_count": 3,
      "h20/outcome_drop_final_state_mse": 0.002302926301566604,
      "h20/outcome_drop_state_mse": 0.0018087532200844459,
      "h20/outcome_jam_episode_count": 3,
      "h20/outcome_jam_final_state_mse": 0.0023984131859798056,
      "h20/outcome_jam_state_mse": 0.002384193270814185,
      "h20/outcome_miss_episode_count": 3,
      "h20/outcome_miss_final_state_mse": 0.0025559618484740166,
      "h20/outcome_miss_state_mse": 0.007279577286414851,
      "h20/outcome_partial_episode_count": 3,
      "h20/outcome_partial_final_state_mse": 0.0019868508078693566,
      "h20/outcome_partial_state_mse": 0.0017301058652354222,
      "h20/outcome_success_episode_count": 3,
      "h20/outcome_success_final_state_mse": 0.0020063621984198203,
      "h20/outcome_success_state_mse": 0.001754286963176104,
      "h20/state_mse": 0.002991383371789471,
      "h30/episode_count": 15,
      "h30/final_state_mse": 0.0019617862950742633,
      "h30/outcome_drop_episode_count": 3,
      "h30/outcome_drop_final_state_mse": 0.0018921346202784893,
      "h30/outcome_drop_state_mse": 0.001942142214390707,
      "h30/outcome_jam_episode_count": 3,
      "h30/outcome_jam_final_state_mse": 0.0023060733196782132,
      "h30/outcome_jam_state_mse": 0.0024948502937433246,
      "h30/outcome_miss_episode_count": 3,
      "h30/outcome_miss_final_state_mse": 0.0016795711384879218,
      "h30/outcome_miss_state_mse": 0.005620833211994379,
      "h30/outcome_partial_episode_count": 3,
      "h30/outcome_partial_final_state_mse": 0.0019305319178338145,
      "h30/outcome_partial_state_mse": 0.0018640180558680448,
      "h30/outcome_success_episode_count": 3,
      "h30/outcome_success_final_state_mse": 0.0020006202843064575,
      "h30/outcome_success_state_mse": 0.0018857528441352262,
      "h30/state_mse": 0.0027615193551921635,
      "h40/episode_count": 15,
      "h40/final_state_mse": 0.0018891119489482806,
      "h40/outcome_drop_episode_count": 3,
      "h40/outcome_drop_final_state_mse": 0.0019767298515326057,
      "h40/outcome_drop_state_mse": 0.0020317844705643995,
      "h40/outcome_jam_episode_count": 3,
      "h40/outcome_jam_final_state_mse": 0.0018801131571819579,
      "h40/outcome_jam_state_mse": 0.002493771735359641,
      "h40/outcome_miss_episode_count": 3,
      "h40/outcome_miss_final_state_mse": 0.0019484486163052078,
      "h40/outcome_miss_state_mse": 0.004739280619652442,
      "h40/outcome_partial_episode_count": 3,
      "h40/outcome_partial_final_state_mse": 0.0018187142372910494,
      "h40/outcome_partial_state_mse": 0.0018980601644204332,
      "h40/outcome_success_episode_count": 3,
      "h40/outcome_success_final_state_mse": 0.0018215540772170023,
      "h40/outcome_success_state_mse": 0.0019198887488421272,
      "h40/state_mse": 0.0026165572023080065,
      "h50/episode_count": 15,
      "h50/final_state_mse": 0.002129126374238457,
      "h50/outcome_drop_episode_count": 3,
      "h50/outcome_drop_final_state_mse": 0.0023201326626578187,
      "h50/outcome_drop_state_mse": 0.0021994748458363652,
      "h50/outcome_jam_episode_count": 3,
      "h50/outcome_jam_final_state_mse": 0.0029459254804000356,
      "h50/outcome_jam_state_mse": 0.0025338697121813406,
      "h50/outcome_miss_episode_count": 3,
      "h50/outcome_miss_final_state_mse": 0.001771169209402371,
      "h50/outcome_miss_state_mse": 0.004218631258197859,
      "h50/outcome_partial_episode_count": 3,
      "h50/outcome_partial_final_state_mse": 0.0017705978034368527,
      "h50/outcome_partial_state_mse": 0.0019069582808251475,
      "h50/outcome_success_episode_count": 3,
      "h50/outcome_success_final_state_mse": 0.0018378075431374943,
      "h50/outcome_success_state_mse": 0.0019300181257958507,
      "h50/state_mse": 0.002557790519365298,
      "h75/episode_count": 15,
      "h75/final_state_mse": 0.0037190209806355,
      "h75/outcome_drop_episode_count": 3,
      "h75/outcome_drop_final_state_mse": 0.003169592883851793,
      "h75/outcome_drop_state_mse": 0.0024285528810455387,
      "h75/outcome_jam_episode_count": 3,
      "h75/outcome_jam_final_state_mse": 0.004365306712833105,
      "h75/outcome_jam_state_mse": 0.002823850469651565,
      "h75/outcome_miss_episode_count": 3,
      "h75/outcome_miss_final_state_mse": 0.004148499346246906,
      "h75/outcome_miss_state_mse": 0.00368737281018093,
      "h75/outcome_partial_episode_count": 3,
      "h75/outcome_partial_final_state_mse": 0.0029767381843009027,
      "h75/outcome_partial_state_mse": 0.002092235997351686,
      "h75/outcome_success_episode_count": 3,
      "h75/outcome_success_final_state_mse": 0.003934966802012687,
      "h75/outcome_success_state_mse": 0.002160139769510506,
      "h75/state_mse": 0.002638430127910539,
      "max_requested_horizon": 125,
      "reencode_period": 5,
      "rollout_mode": "periodic_5"
    },
    "periodic_50": {
      "episode_count": 15,
      "h10/episode_count": 15,
      "h10/final_state_mse": 0.003266799216176949,
      "h10/outcome_drop_episode_count": 3,
      "h10/outcome_drop_final_state_mse": 0.002450422134274751,
      "h10/outcome_drop_state_mse": 0.0016728399625790666,
      "h10/outcome_jam_episode_count": 3,
      "h10/outcome_jam_final_state_mse": 0.0038298545222656397,
      "h10/outcome_jam_state_mse": 0.002277828003066817,
      "h10/outcome_miss_episode_count": 3,
      "h10/outcome_miss_final_state_mse": 0.005104859718699861,
      "h10/outcome_miss_state_mse": 0.011112062136332194,
      "h10/outcome_partial_episode_count": 3,
      "h10/outcome_partial_final_state_mse": 0.0024785534813513165,
      "h10/outcome_partial_state_mse": 0.0015953916350221321,
      "h10/outcome_success_episode_count": 3,
      "h10/outcome_success_final_state_mse": 0.002470306467776205,
      "h10/outcome_success_state_mse": 0.0015990754358129564,
      "h10/state_mse": 0.0036514391930274714,
      "h100/episode_count": 15,
      "h100/final_state_mse": 457.0189133986928,
      "h100/outcome_drop_episode_count": 3,
      "h100/outcome_drop_final_state_mse": 411.81389144199346,
      "h100/outcome_drop_state_mse": 22.280016084558824,
      "h100/outcome_jam_episode_count": 3,
      "h100/outcome_jam_final_state_mse": 376.1259191176471,
      "h100/outcome_jam_state_mse": 20.247992493872548,
      "h100/outcome_miss_episode_count": 3,
      "h100/outcome_miss_final_state_mse": 759.52445874183,
      "h100/outcome_miss_state_mse": 53.62959456699346,
      "h100/outcome_partial_episode_count": 3,
      "h100/outcome_partial_final_state_mse": 363.1009274152369,
      "h100/outcome_partial_state_mse": 19.496001455269607,
      "h100/outcome_success_episode_count": 3,
      "h100/outcome_success_final_state_mse": 374.52928730085785,
      "h100/outcome_success_state_mse": 20.201646114174835,
      "h100/state_mse": 27.171049019607842,
      "h125/episode_count": 15,
      "h125/final_state_mse": 481.30686274509804,
      "h125/outcome_drop_episode_count": 3,
      "h125/outcome_drop_final_state_mse": 403.15001404207516,
      "h125/outcome_drop_state_mse": 36.644386846405226,
      "h125/outcome_jam_episode_count": 3,
      "h125/outcome_jam_final_state_mse": 373.79851217830884,
      "h125/outcome_jam_state_mse": 33.73053635620915,
      "h125/outcome_miss_episode_count": 3,
      "h125/outcome_miss_final_state_mse": 864.2690589256536,
      "h125/outcome_miss_state_mse": 82.9615343137255,
      "h125/outcome_partial_episode_count": 3,
      "h125/outcome_partial_final_state_mse": 375.6825182546977,
      "h125/outcome_partial_state_mse": 33.25012949346405,
      "h125/outcome_success_episode_count": 3,
      "h125/outcome_success_final_state_mse": 389.63424862132354,
      "h125/outcome_success_state_mse": 34.57379575163399,
      "h125/state_mse": 44.23207843137255,
      "h20/episode_count": 15,
      "h20/final_state_mse": 0.010747091754589206,
      "h20/outcome_drop_episode_count": 3,
      "h20/outcome_drop_final_state_mse": 0.010361434782252592,
      "h20/outcome_drop_state_mse": 0.003969866972343594,
      "h20/outcome_jam_episode_count": 3,
      "h20/outcome_jam_final_state_mse": 0.010591971523621502,
      "h20/outcome_jam_state_mse": 0.004447601979074915,
      "h20/outcome_miss_episode_count": 3,
      "h20/outcome_miss_final_state_mse": 0.012504917149450265,
      "h20/outcome_miss_state_mse": 0.009629155451955359,
      "h20/outcome_partial_episode_count": 3,
      "h20/outcome_partial_final_state_mse": 0.010173249965399698,
      "h20/outcome_partial_state_mse": 0.003875260298548181,
      "h20/outcome_success_episode_count": 3,
      "h20/outcome_success_final_state_mse": 0.010103882235639235,
      "h20/outcome_success_state_mse": 0.0038697860209770452,
      "h20/state_mse": 0.005158334370532067,
      "h30/episode_count": 15,
      "h30/final_state_mse": 0.030457889332490808,
      "h30/outcome_drop_episode_count": 3,
      "h30/outcome_drop_final_state_mse": 0.025736053784688313,
      "h30/outcome_drop_state_mse": 0.008372121179285652,
      "h30/outcome_jam_episode_count": 3,
      "h30/outcome_jam_final_state_mse": 0.02719434336120007,
      "h30/outcome_jam_state_mse": 0.008908454005754591,
      "h30/outcome_miss_episode_count": 3,
      "h30/outcome_miss_final_state_mse": 0.047948757028268056,
      "h30/outcome_miss_state_mse": 0.01571697430413273,
      "h30/outcome_partial_episode_count": 3,
      "h30/outcome_partial_final_state_mse": 0.025507035208683387,
      "h30/outcome_partial_state_mse": 0.0081960478639291,
      "h30/outcome_success_episode_count": 3,
      "h30/outcome_success_final_state_mse": 0.02590326039619695,
      "h30/outcome_success_state_mse": 0.008236573620299628,
      "h30/state_mse": 0.009886034464784178,
      "h40/episode_count": 15,
      "h40/final_state_mse": 0.2275906431908701,
      "h40/outcome_drop_episode_count": 3,
      "h40/outcome_drop_final_state_mse": 0.16020381840225917,
      "h40/outcome_drop_state_mse": 0.025796901478486903,
      "h40/outcome_jam_episode_count": 3,
      "h40/outcome_jam_final_state_mse": 0.17986607084087297,
      "h40/outcome_jam_state_mse": 0.0278017380658318,
      "h40/outcome_miss_episode_count": 3,
      "h40/outcome_miss_final_state_mse": 0.4613830716002221,
      "h40/outcome_miss_state_mse": 0.053868852253832845,
      "h40/outcome_partial_episode_count": 3,
      "h40/outcome_partial_final_state_mse": 0.16726919560650594,
      "h40/outcome_partial_state_mse": 0.025542369543337353,
      "h40/outcome_success_episode_count": 3,
      "h40/outcome_success_final_state_mse": 0.16923102210549748,
      "h40/outcome_success_state_mse": 0.02583943410636553,
      "h40/state_mse": 0.03176985996221405,
      "h50/episode_count": 15,
      "h50/final_state_mse": 3.0957216350081698,
      "h50/outcome_drop_episode_count": 3,
      "h50/outcome_drop_final_state_mse": 1.4389962589039522,
      "h50/outcome_drop_state_mse": 0.15215311287275327,
      "h50/outcome_jam_episode_count": 3,
      "h50/outcome_jam_final_state_mse": 1.5326655020121656,
      "h50/outcome_jam_state_mse": 0.1634289710350286,
      "h50/outcome_miss_episode_count": 3,
      "h50/outcome_miss_final_state_mse": 9.601945864608865,
      "h50/outcome_miss_state_mse": 0.7853473977481618,
      "h50/outcome_partial_episode_count": 3,
      "h50/outcome_partial_final_state_mse": 1.4474334467470256,
      "h50/outcome_partial_state_mse": 0.15198334538079555,
      "h50/outcome_success_episode_count": 3,
      "h50/outcome_success_final_state_mse": 1.4575666041156046,
      "h50/outcome_success_state_mse": 0.1533743146509906,
      "h50/state_mse": 0.2812574295343137,
      "h75/episode_count": 15,
      "h75/final_state_mse": 1.949010991115196,
      "h75/outcome_drop_episode_count": 3,
      "h75/outcome_drop_final_state_mse": 1.602565291660284,
      "h75/outcome_drop_state_mse": 0.24324539483762256,
      "h75/outcome_jam_episode_count": 3,
      "h75/outcome_jam_final_state_mse": 1.6601917042451746,
      "h75/outcome_jam_state_mse": 0.2542725354030501,
      "h75/outcome_miss_episode_count": 3,
      "h75/outcome_miss_final_state_mse": 3.2105264601364634,
      "h75/outcome_miss_state_mse": 0.9327144395084422,
      "h75/outcome_partial_episode_count": 3,
      "h75/outcome_partial_final_state_mse": 1.6153732748592602,
      "h75/outcome_partial_state_mse": 0.2408690182887391,
      "h75/outcome_success_episode_count": 3,
      "h75/outcome_success_final_state_mse": 1.6563975764255898,
      "h75/outcome_success_state_mse": 0.24406572329452614,
      "h75/state_mse": 0.38303342864923745,
      "max_requested_horizon": 125,
      "reencode_period": 50,
      "rollout_mode": "periodic_50"
    }
  },
  "split": "test",
  "support_alignment": {
    "contact_phase": {
      "contact_phase_family_ari": 0.0,
      "contact_phase_family_nmi": 0.0,
      "contact_phase_family_purity": 0.9996668887408394,
      "contact_phase_sample_count": 3002.0,
      "h_contact_phase_given_family": 0.0030002889533867266,
      "h_family_given_contact_phase": 0.0,
      "unique_contact_phase_count": 2.0,
      "unique_family_count": 1.0
    },
    "contact_phase_alignment_available": true,
    "evaluated_state_count": 3017,
    "family_count": 1,
    "mean_family_similarity": 0.5826346278190613,
    "mean_support_size": 236.43950944647,
    "outcome_alignment_available": true,
    "outcome_state": {
      "h_family_given_outcome": 0.0,
      "h_outcome_given_family": 1.6094379124341005,
      "outcome_family_ari": 0.0,
      "outcome_family_nmi": 0.0,
      "outcome_family_purity": 0.2,
      "outcome_sample_count": 15.0,
      "unique_family_count": 1.0,
      "unique_outcome_count": 5.0
    },
    "status": "ok",
    "unassigned_state_fraction": 0.0,
    "validation_state_count": 2346
  },
  "support_threshold": 0.2
}
summary=runs/maniskill_insertion/perturbation_e20_5k_lista_refine_20260604_143125/lista_relu_a0p0075_sp1em4_loops1/seed2/eval_test_periodic/metrics_summary.json
summary=runs/maniskill_insertion/perturbation_e20_5k_lista_refine_20260604_143125/lista_relu_a0p0075_sp1em5_loops1/seed2/eval_test_periodic/metrics_summary.json
summary=runs/maniskill_insertion/perturbation_e20_5k_lista_refine_20260604_143125/lista_relu_a0p005_sp1em3_loops1/seed2/eval_test_periodic/metrics_summary.json
summary=runs/maniskill_insertion/perturbation_e20_5k_lista_refine_20260604_143125/lista_relu_a0p0075_sp3em5_loops1/seed2/eval_test_periodic/metrics_summary.json
end_time=Thu Jun  4 15:28:26 EDT 2026

======== GPU REPORT ========

==============NVSMI LOG==============

Timestamp                                 : Thu Jun  4 15:28:26 2026
Driver Version                            : 580.95.05
CUDA Version                              : 13.0

Attached GPUs                             : 1
GPU 00000000:3B:00.0
    Accounting Mode                       : Enabled
    Accounting Mode Buffer Size           : 4000
    Accounted Processes
        Process ID                        : 1116700
            GPU Utilization               : 26 %
            Memory Utilization            : 7 %
            Max memory usage              : 536 MiB
            Time                          : 106983 ms
            Is Running                    : 0
        Process ID                        : 1116696
            GPU Utilization               : 20 %
            Memory Utilization            : 6 %
            Max memory usage              : 536 MiB
            Time                          : 107093 ms
            Is Running                    : 0
        Process ID                        : 1116697
            GPU Utilization               : 24 %
            Memory Utilization            : 7 %
            Max memory usage              : 536 MiB
            Time                          : 107055 ms
            Is Running                    : 0
        Process ID                        : 1116702
            GPU Utilization               : 23 %
            Memory Utilization            : 7 %
            Max memory usage              : 536 MiB
            Time                          : 107036 ms
            Is Running                    : 0
        Process ID                        : 1116877
            GPU Utilization               : 4 %
            Memory Utilization            : 0 %
            Max memory usage              : 410 MiB
            Time                          : 2672 ms
            Is Running                    : 0
        Process ID                        : 1116868
            GPU Utilization               : 0 %
            Memory Utilization            : 0 %
            Max memory usage              : 410 MiB
            Time                          : 2683 ms
            Is Running                    : 0
        Process ID                        : 1116882
            GPU Utilization               : 22 %
            Memory Utilization            : 0 %
            Max memory usage              : 410 MiB
            Time                          : 2559 ms
            Is Running                    : 0
        Process ID                        : 1116883
            GPU Utilization               : 11 %
            Memory Utilization            : 0 %
            Max memory usage              : 410 MiB
            Time                          : 2631 ms
            Is Running                    : 0

Thu Jun  4 15:28:26 2026       
+-----------------------------------------------------------------------------------------+
| NVIDIA-SMI 580.95.05              Driver Version: 580.95.05      CUDA Version: 13.0     |
+-----------------------------------------+------------------------+----------------------+
| GPU  Name                 Persistence-M | Bus-Id          Disp.A | Volatile Uncorr. ECC |
| Fan  Temp   Perf          Pwr:Usage/Cap |           Memory-Usage | GPU-Util  Compute M. |
|                                         |                        |               MIG M. |
|=========================================+========================+======================|
|   0  Tesla V100-SXM2-32GB           On  |   00000000:3B:00.0 Off |                    0 |
| N/A   51C    P0             73W /  300W |       0MiB /  32768MiB |      6%      Default |
|                                         |                        |                  N/A |
+-----------------------------------------+------------------------+----------------------+

+-----------------------------------------------------------------------------------------+
| Processes:                                                                              |
|  GPU   GI   CI              PID   Type   Process name                        GPU Memory |
|        ID   ID                                                               Usage      |
|=========================================================================================|
|  No running processes found                                                             |
+-----------------------------------------------------------------------------------------+
