=============================================
ManiSkill 5k packed tuning GPU context
date=2026-06-09T13:29:08-0400
host=cn-a004.server.mila.quebec
slurm_job_id=9792962
slurm_array_task_id=4
slurm_nodelist=cn-a004
slurm_job_gpus=2
slurm_step_gpus=
slurm_gpus=
slurm_gpus_on_node=1
slurm_cpus_per_task=8
cuda_visible_devices=0
cuda_device_order=
GPU 0: Quadro RTX 8000 (UUID: GPU-e167fcf1-8394-89c5-b39e-ed5927226a3d)
index, uuid, name, driver_version, memory.total [MiB]
0, GPU-e167fcf1-8394-89c5-b39e-ed5927226a3d, Quadro RTX 8000, 580.159.03, 46080 MiB
=============================================
date=Tue Jun  9 13:29:08 EDT 2026
host=cn-a004.server.mila.quebec
commit=b5ea99e
slurm_job_id=9792962
slurm_array_task_id=4
task_set=optimizer_fairness
task_count=24
start_task=16
pack_size=4
pack_concurrency=4
packed_task_threads=2
dataset=data/maniskill/perturbation_assessment_seed0_e20/all_setups.npz
run_root=runs/maniskill_insertion/perturbation_e20_5k_optimizer_fairness_20260609_132517
num_steps=5000
batch_size=512
sequence_length=10
z_dim=320
hidden_dim=256
horizons=10,20,30,40,50,75,100,125
periodic_reencode_periods=1,2,5,10,20,50,100
cuda_visible_devices=0
----- task 16/24: dense_tanh_sp0_std seed2 -----
encoder_kind=dense activation=tanh alpha=0.05 sparsity=0 loops=2
weights pred=1.0 rec=0.1 latent=0.1 k=1e-4
optimizer lr=3e-4 weight_decay=1e-4
run_dir=runs/maniskill_insertion/perturbation_e20_5k_optimizer_fairness_20260609_132517/dense_tanh_sp0_std/seed2
----- task 17/24: dense_tanh_sp0_lr5em4_wd0 seed2 -----
encoder_kind=dense activation=tanh alpha=0.05 sparsity=0 loops=2
weights pred=1.0 rec=0.1 latent=0.1 k=1e-4
optimizer lr=5e-4 weight_decay=0
run_dir=runs/maniskill_insertion/perturbation_e20_5k_optimizer_fairness_20260609_132517/dense_tanh_sp0_lr5em4_wd0/seed2
----- task 18/24: sparse_mlp_relu_sp0p01_std seed2 -----
encoder_kind=dense activation=relu alpha=0.05 sparsity=0.01 loops=2
weights pred=1.0 rec=0.1 latent=0.1 k=1e-4
optimizer lr=3e-4 weight_decay=1e-4
run_dir=runs/maniskill_insertion/perturbation_e20_5k_optimizer_fairness_20260609_132517/sparse_mlp_relu_sp0p01_std/seed2
----- task 19/24: sparse_mlp_relu_sp0p01_lr5em4_wd0 seed2 -----
encoder_kind=dense activation=relu alpha=0.05 sparsity=0.01 loops=2
weights pred=1.0 rec=0.1 latent=0.1 k=1e-4
optimizer lr=5e-4 weight_decay=0
run_dir=runs/maniskill_insertion/perturbation_e20_5k_optimizer_fairness_20260609_132517/sparse_mlp_relu_sp0p01_lr5em4_wd0/seed2
step=0 loss=1.450997 pred=0.972201 val_mse=0.738938
step=0 loss=1.501109 pred=0.952957 val_mse=0.694433
step=0 loss=1.450997 pred=0.972201 val_mse=0.729378
step=0 loss=1.501109 pred=0.952957 val_mse=0.720230
step=500 loss=0.042738 pred=0.038756 val_mse=0.135477
step=500 loss=0.049585 pred=0.040113 val_mse=0.181973
step=500 loss=0.050797 pred=0.045255 val_mse=0.142898
step=500 loss=0.059148 pred=0.046998 val_mse=0.181968
step=1000 loss=0.022482 pred=0.020262 val_mse=0.131425
step=1000 loss=0.030549 pred=0.024486 val_mse=0.162944
step=1000 loss=0.038108 pred=0.030178 val_mse=0.156603
step=1000 loss=0.029061 pred=0.026112 val_mse=0.129008
step=1500 loss=0.016896 pred=0.015071 val_mse=0.082058
step=1500 loss=0.027815 pred=0.021567 val_mse=0.097457
step=1500 loss=0.020473 pred=0.015649 val_mse=0.095390
step=1500 loss=0.021497 pred=0.019198 val_mse=0.081316
step=2000 loss=0.014552 pred=0.012894 val_mse=0.176250
step=2000 loss=0.018030 pred=0.013839 val_mse=0.219283
step=2000 loss=0.024057 pred=0.018677 val_mse=0.190966
step=2000 loss=0.018585 pred=0.016505 val_mse=0.169131
step=2500 loss=0.014471 pred=0.012880 val_mse=0.112387
step=2500 loss=0.016731 pred=0.013104 val_mse=0.136013
step=2500 loss=0.021183 pred=0.016537 val_mse=0.134707
step=2500 loss=0.017252 pred=0.015288 val_mse=0.122797
step=3000 loss=0.011587 pred=0.010197 val_mse=0.173435
step=3000 loss=0.013594 pred=0.010295 val_mse=0.216957
step=3000 loss=0.017423 pred=0.013225 val_mse=0.203496
step=3000 loss=0.014292 pred=0.012582 val_mse=0.182161
step=3500 loss=0.011837 pred=0.010450 val_mse=0.239262
step=3500 loss=0.014090 pred=0.010972 val_mse=0.309091
step=3500 loss=0.016664 pred=0.012729 val_mse=0.254746
step=3500 loss=0.014967 pred=0.013270 val_mse=0.239397
step=4000 loss=0.011330 pred=0.008635 val_mse=0.301153
step=4000 loss=0.009545 pred=0.008452 val_mse=0.253218
step=4000 loss=0.014162 pred=0.010693 val_mse=0.257197
step=4000 loss=0.011564 pred=0.010253 val_mse=0.254632
step=4500 loss=0.012895 pred=0.010266 val_mse=0.206169
step=4500 loss=0.010993 pred=0.009785 val_mse=0.170690
step=4500 loss=0.016237 pred=0.012874 val_mse=0.185900
step=4500 loss=0.013756 pred=0.012349 val_mse=0.179292
step=4999 loss=0.011782 pred=0.008731 val_mse=0.159188
step=4999 loss=0.010194 pred=0.007809 val_mse=0.207711
step=4999 loss=0.007782 pred=0.006823 val_mse=0.158556
run_dir=runs/maniskill_insertion/perturbation_e20_5k_optimizer_fairness_20260609_132517/sparse_mlp_relu_sp0p01_lr5em4_wd0/seed2
run_dir=runs/maniskill_insertion/perturbation_e20_5k_optimizer_fairness_20260609_132517/sparse_mlp_relu_sp0p01_std/seed2
run_dir=runs/maniskill_insertion/perturbation_e20_5k_optimizer_fairness_20260609_132517/dense_tanh_sp0_lr5em4_wd0/seed2
step=4999 loss=0.009722 pred=0.008593 val_mse=0.163698
run_dir=runs/maniskill_insertion/perturbation_e20_5k_optimizer_fairness_20260609_132517/dense_tanh_sp0_std/seed2
{
  "best_periodic_rollout": {
    "episode_count": 15,
    "h10/episode_count": 15,
    "h10/final_state_mse": 0.001758068059784135,
    "h10/outcome_drop_episode_count": 3,
    "h10/outcome_drop_final_state_mse": 0.0009607387572721718,
    "h10/outcome_drop_state_mse": 0.0012819245749828862,
    "h10/outcome_jam_episode_count": 3,
    "h10/outcome_jam_final_state_mse": 0.0017354983130311655,
    "h10/outcome_jam_state_mse": 0.001630866995044783,
    "h10/outcome_miss_episode_count": 3,
    "h10/outcome_miss_final_state_mse": 0.004297348993276459,
    "h10/outcome_miss_state_mse": 0.009786432708790099,
    "h10/outcome_partial_episode_count": 3,
    "h10/outcome_partial_final_state_mse": 0.0008901466000703426,
    "h10/outcome_partial_state_mse": 0.0012190596535314921,
    "h10/outcome_success_episode_count": 3,
    "h10/outcome_success_final_state_mse": 0.0009066082196297989,
    "h10/outcome_success_state_mse": 0.0012271743389516095,
    "h10/selected_mode": "periodic_10",
    "h10/selected_period": 10,
    "h10/state_mse": 0.0030290917789234833,
    "h100/episode_count": 15,
    "h100/final_state_mse": 0.005437414007249221,
    "h100/outcome_drop_episode_count": 3,
    "h100/outcome_drop_final_state_mse": 0.00501736901164834,
    "h100/outcome_drop_state_mse": 0.002480519394469417,
    "h100/outcome_jam_episode_count": 3,
    "h100/outcome_jam_final_state_mse": 0.00587235361922021,
    "h100/outcome_jam_state_mse": 0.002983526466718686,
    "h100/outcome_miss_episode_count": 3,
    "h100/outcome_miss_final_state_mse": 0.006279471165993635,
    "h100/outcome_miss_state_mse": 0.0037199340770447177,
    "h100/outcome_partial_episode_count": 3,
    "h100/outcome_partial_final_state_mse": 0.004797639507873386,
    "h100/outcome_partial_state_mse": 0.002284299314411637,
    "h100/outcome_success_episode_count": 3,
    "h100/outcome_success_final_state_mse": 0.005220237218476588,
    "h100/outcome_success_state_mse": 0.00241955059026581,
    "h100/selected_mode": "periodic_10",
    "h100/selected_period": 10,
    "h100/state_mse": 0.0027775659498825572,
    "h125/episode_count": 15,
    "h125/final_state_mse": 0.006237699471268,
    "h125/outcome_drop_episode_count": 3,
    "h125/outcome_drop_final_state_mse": 0.005095435805570066,
    "h125/outcome_drop_state_mse": 0.003205195507972069,
    "h125/outcome_jam_episode_count": 3,
    "h125/outcome_jam_final_state_mse": 0.006547915779687221,
    "h125/outcome_jam_state_mse": 0.0039079757391237745,
    "h125/outcome_miss_episode_count": 3,
    "h125/outcome_miss_final_state_mse": 0.007700282569025077,
    "h125/outcome_miss_state_mse": 0.004515139012554892,
    "h125/outcome_partial_episode_count": 3,
    "h125/outcome_partial_final_state_mse": 0.006919189995410396,
    "h125/outcome_partial_state_mse": 0.0030951010510812398,
    "h125/outcome_success_episode_count": 3,
    "h125/outcome_success_final_state_mse": 0.004925670187457714,
    "h125/outcome_success_state_mse": 0.003130481794768689,
    "h125/selected_mode": "periodic_10",
    "h125/selected_period": 10,
    "h125/state_mse": 0.0035707784415849675,
    "h20/episode_count": 15,
    "h20/final_state_mse": 0.0015573205511554395,
    "h20/outcome_drop_episode_count": 3,
    "h20/outcome_drop_final_state_mse": 0.0015441334861166338,
    "h20/outcome_drop_state_mse": 0.0013161546848957835,
    "h20/outcome_jam_episode_count": 3,
    "h20/outcome_jam_final_state_mse": 0.001586592299681084,
    "h20/outcome_jam_state_mse": 0.0016092346774207221,
    "h20/outcome_miss_episode_count": 3,
    "h20/outcome_miss_final_state_mse": 0.0018557121161541907,
    "h20/outcome_miss_state_mse": 0.0062884633058036855,
    "h20/outcome_partial_episode_count": 3,
    "h20/outcome_partial_final_state_mse": 0.0013946765924201293,
    "h20/outcome_partial_state_mse": 0.0012426436336991054,
    "h20/outcome_success_episode_count": 3,
    "h20/outcome_success_final_state_mse": 0.0014054882127085542,
    "h20/outcome_success_state_mse": 0.0012471062295577105,
    "h20/selected_mode": "periodic_10",
    "h20/selected_period": 10,
    "h20/state_mse": 0.00234072068158318,
    "h30/episode_count": 15,
    "h30/final_state_mse": 0.0016964106777914208,
    "h30/outcome_drop_episode_count": 3,
    "h30/outcome_drop_final_state_mse": 0.0018381525585853976,
    "h30/outcome_drop_state_mse": 0.0014081314238587755,
    "h30/outcome_jam_episode_count": 3,
    "h30/outcome_jam_final_state_mse": 0.0019706892324428934,
    "h30/outcome_jam_state_mse": 0.0017361682224896998,
    "h30/outcome_miss_episode_count": 3,
    "h30/outcome_miss_final_state_mse": 0.0012624065811727562,
    "h30/outcome_miss_state_mse": 0.004703036580470133,
    "h30/outcome_partial_episode_count": 3,
    "h30/outcome_partial_final_state_mse": 0.001682054981881497,
    "h30/outcome_partial_state_mse": 0.0013433635364690378,
    "h30/outcome_success_episode_count": 3,
    "h30/outcome_success_final_state_mse": 0.0017287500348745607,
    "h30/outcome_success_state_mse": 0.001355552413624616,
    "h30/selected_mode": "periodic_10",
    "h30/selected_period": 10,
    "h30/state_mse": 0.002109250336690666,
    "h40/episode_count": 15,
    "h40/final_state_mse": 0.0017389024784362395,
    "h40/outcome_drop_episode_count": 3,
    "h40/outcome_drop_final_state_mse": 0.0013353382693786248,
    "h40/outcome_drop_state_mse": 0.0014888374244465547,
    "h40/outcome_jam_episode_count": 3,
    "h40/outcome_jam_final_state_mse": 0.001751743987494824,
    "h40/outcome_jam_state_mse": 0.0018606726640190174,
    "h40/outcome_miss_episode_count": 3,
    "h40/outcome_miss_final_state_mse": 0.0019309659506760392,
    "h40/outcome_miss_state_mse": 0.003957161326813542,
    "h40/outcome_partial_episode_count": 3,
    "h40/outcome_partial_final_state_mse": 0.0018272027860279955,
    "h40/outcome_partial_state_mse": 0.001485996269712261,
    "h40/outcome_success_episode_count": 3,
    "h40/outcome_success_final_state_mse": 0.001849261130772385,
    "h40/outcome_success_state_mse": 0.0015034739682876987,
    "h40/selected_mode": "periodic_10",
    "h40/selected_period": 10,
    "h40/state_mse": 0.0020592283111771728,
    "h50/episode_count": 15,
    "h50/final_state_mse": 0.002229081727320852,
    "h50/outcome_drop_episode_count": 3,
    "h50/outcome_drop_final_state_mse": 0.0015730911415386822,
    "h50/outcome_drop_state_mse": 0.0015787253660314224,
    "h50/outcome_jam_episode_count": 3,
    "h50/outcome_jam_final_state_mse": 0.002515049955618927,
    "h50/outcome_jam_state_mse": 0.002046823127596986,
    "h50/outcome_miss_episode_count": 3,
    "h50/outcome_miss_final_state_mse": 0.0025972079217823504,
    "h50/outcome_miss_state_mse": 0.0036441262563069662,
    "h50/outcome_partial_episode_count": 3,
    "h50/outcome_partial_final_state_mse": 0.0022093800499158748,
    "h50/outcome_partial_state_mse": 0.0016606941098481222,
    "h50/outcome_success_episode_count": 3,
    "h50/outcome_success_final_state_mse": 0.0022506796651416356,
    "h50/outcome_success_state_mse": 0.0016790548025393019,
    "h50/selected_mode": "periodic_10",
    "h50/selected_period": 10,
    "h50/state_mse": 0.002121884813495711,
    "h75/episode_count": 15,
    "h75/final_state_mse": 0.003343750760446187,
    "h75/outcome_drop_episode_count": 3,
    "h75/outcome_drop_final_state_mse": 0.002857499116776036,
    "h75/outcome_drop_state_mse": 0.0017964401743770424,
    "h75/outcome_jam_episode_count": 3,
    "h75/outcome_jam_final_state_mse": 0.003819372626691083,
    "h75/outcome_jam_state_mse": 0.0024008382743220444,
    "h75/outcome_miss_episode_count": 3,
    "h75/outcome_miss_final_state_mse": 0.0034955172172558852,
    "h75/outcome_miss_state_mse": 0.003429577729800688,
    "h75/outcome_partial_episode_count": 3,
    "h75/outcome_partial_final_state_mse": 0.0031901157759373485,
    "h75/outcome_partial_state_mse": 0.001914304596146727,
    "h75/outcome_success_episode_count": 3,
    "h75/outcome_success_final_state_mse": 0.003356248335121504,
    "h75/outcome_success_state_mse": 0.0019405270661663645,
    "h75/selected_mode": "periodic_10",
    "h75/selected_period": 10,
    "h75/state_mse": 0.0022963377842456427,
    "max_requested_horizon": 125,
    "periodic_reencode_periods": [
      1,
      2,
      5,
      10,
      20,
      50,
      100
    ],
    "rollout_mode": "best_periodic"
  },
  "checkpoint": "runs/maniskill_insertion/perturbation_e20_5k_optimizer_fairness_20260609_132517/dense_tanh_sp0_std/seed2/checkpoint.pt",
  "checkpoint_step": 1500,
  "dataset": "data/maniskill/perturbation_assessment_seed0_e20/all_setups.npz",
  "device": "cuda",
  "family_jaccard": 0.4,
  "horizons": [
    10,
    20,
    30,
    40,
    50,
    75,
    100,
    125
  ],
  "labels_used_for_training": false,
  "periodic_reencode_periods": [
    1,
    2,
    5,
    10,
    20,
    50,
    100
  ],
  "rollout": {
    "episode_count": 15,
    "h10/episode_count": 15,
    "h10/final_state_mse": 0.0017580682156132716,
    "h10/outcome_drop_episode_count": 3,
    "h10/outcome_drop_final_state_mse": 0.0009607391590191648,
    "h10/outcome_drop_state_mse": 0.0012819246918547387,
    "h10/outcome_jam_episode_count": 3,
    "h10/outcome_jam_final_state_mse": 0.0017354981425930472,
    "h10/outcome_jam_state_mse": 0.001630866995044783,
    "h10/outcome_miss_episode_count": 3,
    "h10/outcome_miss_final_state_mse": 0.004297348506310407,
    "h10/outcome_miss_state_mse": 0.009786433020448373,
    "h10/outcome_partial_episode_count": 3,
    "h10/outcome_partial_final_state_mse": 0.0008901466852894016,
    "h10/outcome_partial_state_mse": 0.0012190595366596397,
    "h10/outcome_success_episode_count": 3,
    "h10/outcome_success_final_state_mse": 0.0009066083291971606,
    "h10/outcome_success_state_mse": 0.0012271743194729673,
    "h10/state_mse": 0.003029091529596865,
    "h100/episode_count": 15,
    "h100/final_state_mse": 0.07409613116893893,
    "h100/outcome_drop_episode_count": 3,
    "h100/outcome_drop_final_state_mse": 0.07126049590266607,
    "h100/outcome_drop_state_mse": 0.0560218033136106,
    "h100/outcome_jam_episode_count": 3,
    "h100/outcome_jam_final_state_mse": 0.07705752833995944,
    "h100/outcome_jam_state_mse": 0.05309865016563266,
    "h100/outcome_miss_episode_count": 3,
    "h100/outcome_miss_final_state_mse": 0.07324618919222962,
    "h100/outcome_miss_state_mse": 0.05414366678474775,
    "h100/outcome_partial_episode_count": 3,
    "h100/outcome_partial_final_state_mse": 0.08122307334850037,
    "h100/outcome_partial_state_mse": 0.054133831348294525,
    "h100/outcome_success_episode_count": 3,
    "h100/outcome_success_final_state_mse": 0.0676933846442528,
    "h100/outcome_success_state_mse": 0.05267437105864481,
    "h100/state_mse": 0.05401445695465686,
    "h125/episode_count": 15,
    "h125/final_state_mse": 0.07576331842958538,
    "h125/outcome_drop_episode_count": 3,
    "h125/outcome_drop_final_state_mse": 0.07000884511112387,
    "h125/outcome_drop_state_mse": 0.058941359974979575,
    "h125/outcome_jam_episode_count": 3,
    "h125/outcome_jam_final_state_mse": 0.0754145656535828,
    "h125/outcome_jam_state_mse": 0.05771559452231413,
    "h125/outcome_miss_episode_count": 3,
    "h125/outcome_miss_final_state_mse": 0.07020984911451153,
    "h125/outcome_miss_state_mse": 0.05742184946895425,
    "h125/outcome_partial_episode_count": 3,
    "h125/outcome_partial_final_state_mse": 0.09075016601412904,
    "h125/outcome_partial_state_mse": 0.06112007091247958,
    "h125/outcome_success_episode_count": 3,
    "h125/outcome_success_final_state_mse": 0.07243316625457963,
    "h125/outcome_success_state_mse": 0.05659665974137051,
    "h125/state_mse": 0.05835910947712418,
    "h20/episode_count": 15,
    "h20/final_state_mse": 0.005608486973382289,
    "h20/outcome_drop_episode_count": 3,
    "h20/outcome_drop_final_state_mse": 0.0033669637309180368,
    "h20/outcome_drop_state_mse": 0.0015178332920947105,
    "h20/outcome_jam_episode_count": 3,
    "h20/outcome_jam_final_state_mse": 0.004597241387647741,
    "h20/outcome_jam_state_mse": 0.0018386117773118362,
    "h20/outcome_miss_episode_count": 3,
    "h20/outcome_miss_final_state_mse": 0.012916720770542917,
    "h20/outcome_miss_state_mse": 0.008241861006792854,
    "h20/outcome_partial_episode_count": 3,
    "h20/outcome_partial_final_state_mse": 0.003505900112632053,
    "h20/outcome_partial_state_mse": 0.0014457964819241194,
    "h20/outcome_success_episode_count": 3,
    "h20/outcome_success_final_state_mse": 0.0036556096443163804,
    "h20/outcome_success_state_mse": 0.001460657731380338,
    "h20/state_mse": 0.002900952108545241,
    "h30/episode_count": 15,
    "h30/final_state_mse": 0.03225892509510315,
    "h30/outcome_drop_episode_count": 3,
    "h30/outcome_drop_final_state_mse": 0.025183897392422546,
    "h30/outcome_drop_state_mse": 0.005756916407666175,
    "h30/outcome_jam_episode_count": 3,
    "h30/outcome_jam_final_state_mse": 0.026937963136660508,
    "h30/outcome_jam_state_mse": 0.006090844950125368,
    "h30/outcome_miss_episode_count": 3,
    "h30/outcome_miss_final_state_mse": 0.05777628904853771,
    "h30/outcome_miss_state_mse": 0.017445352342393663,
    "h30/outcome_partial_episode_count": 3,
    "h30/outcome_partial_final_state_mse": 0.025574863736146414,
    "h30/outcome_partial_state_mse": 0.0056710693051872174,
    "h30/outcome_success_episode_count": 3,
    "h30/outcome_success_final_state_mse": 0.02582161956363254,
    "h30/outcome_success_state_mse": 0.005728459929588833,
    "h30/state_mse": 0.008138528129893451,
    "h40/episode_count": 15,
    "h40/final_state_mse": 0.07154173009535846,
    "h40/outcome_drop_episode_count": 3,
    "h40/outcome_drop_final_state_mse": 0.06577223266651427,
    "h40/outcome_drop_state_mse": 0.016107404933256263,
    "h40/outcome_jam_episode_count": 3,
    "h40/outcome_jam_final_state_mse": 0.06697619974223618,
    "h40/outcome_jam_state_mse": 0.01631320878571155,
    "h40/outcome_miss_episode_count": 3,
    "h40/outcome_miss_final_state_mse": 0.0962428828470068,
    "h40/outcome_miss_state_mse": 0.034448177985895695,
    "h40/outcome_partial_episode_count": 3,
    "h40/outcome_partial_final_state_mse": 0.06414501028123244,
    "h40/outcome_partial_state_mse": 0.01558785189210979,
    "h40/outcome_success_episode_count": 3,
    "h40/outcome_success_final_state_mse": 0.06457234675588172,
    "h40/outcome_success_state_mse": 0.015784788131713866,
    "h40/state_mse": 0.01964828590941585,
    "h50/episode_count": 15,
    "h50/final_state_mse": 0.07613523396012051,
    "h50/outcome_drop_episode_count": 3,
    "h50/outcome_drop_final_state_mse": 0.08371066423802594,
    "h50/outcome_drop_state_mse": 0.030465804455327053,
    "h50/outcome_jam_episode_count": 3,
    "h50/outcome_jam_final_state_mse": 0.072529518526364,
    "h50/outcome_jam_state_mse": 0.028473371119281044,
    "h50/outcome_miss_episode_count": 3,
    "h50/outcome_miss_final_state_mse": 0.08111313900916405,
    "h50/outcome_miss_state_mse": 0.04433574900907629,
    "h50/outcome_partial_episode_count": 3,
    "h50/outcome_partial_final_state_mse": 0.07273283815072253,
    "h50/outcome_partial_state_mse": 0.0275845277075674,
    "h50/outcome_success_episode_count": 3,
    "h50/outcome_success_final_state_mse": 0.07059002545923969,
    "h50/outcome_success_state_mse": 0.027723361245946945,
    "h50/state_mse": 0.031716560712826795,
    "h75/episode_count": 15,
    "h75/final_state_mse": 0.08603646272148183,
    "h75/outcome_drop_episode_count": 3,
    "h75/outcome_drop_final_state_mse": 0.0905119842953152,
    "h75/outcome_drop_state_mse": 0.04753284196708197,
    "h75/outcome_jam_episode_count": 3,
    "h75/outcome_jam_final_state_mse": 0.09103117113799052,
    "h75/outcome_jam_state_mse": 0.0428125,
    "h75/outcome_miss_episode_count": 3,
    "h75/outcome_miss_final_state_mse": 0.06791461215299718,
    "h75/outcome_miss_state_mse": 0.050767283720128675,
    "h75/outcome_partial_episode_count": 3,
    "h75/outcome_partial_final_state_mse": 0.09021295753179812,
    "h75/outcome_partial_state_mse": 0.043361143556815085,
    "h75/outcome_success_episode_count": 3,
    "h75/outcome_success_final_state_mse": 0.09051158069785124,
    "h75/outcome_success_state_mse": 0.04312181659773284,
    "h75/state_mse": 0.04551911849809368,
    "max_requested_horizon": 125,
    "reencode_period": null,
    "rollout_mode": "no_reencode"
  },
  "rollout_modes": {
    "no_reencode": {
      "episode_count": 15,
      "h10/episode_count": 15,
      "h10/final_state_mse": 0.0017580682156132716,
      "h10/outcome_drop_episode_count": 3,
      "h10/outcome_drop_final_state_mse": 0.0009607391590191648,
      "h10/outcome_drop_state_mse": 0.0012819246918547387,
      "h10/outcome_jam_episode_count": 3,
      "h10/outcome_jam_final_state_mse": 0.0017354981425930472,
      "h10/outcome_jam_state_mse": 0.001630866995044783,
      "h10/outcome_miss_episode_count": 3,
      "h10/outcome_miss_final_state_mse": 0.004297348506310407,
      "h10/outcome_miss_state_mse": 0.009786433020448373,
      "h10/outcome_partial_episode_count": 3,
      "h10/outcome_partial_final_state_mse": 0.0008901466852894016,
      "h10/outcome_partial_state_mse": 0.0012190595366596397,
      "h10/outcome_success_episode_count": 3,
      "h10/outcome_success_final_state_mse": 0.0009066083291971606,
      "h10/outcome_success_state_mse": 0.0012271743194729673,
      "h10/state_mse": 0.003029091529596865,
      "h100/episode_count": 15,
      "h100/final_state_mse": 0.07409613116893893,
      "h100/outcome_drop_episode_count": 3,
      "h100/outcome_drop_final_state_mse": 0.07126049590266607,
      "h100/outcome_drop_state_mse": 0.0560218033136106,
      "h100/outcome_jam_episode_count": 3,
      "h100/outcome_jam_final_state_mse": 0.07705752833995944,
      "h100/outcome_jam_state_mse": 0.05309865016563266,
      "h100/outcome_miss_episode_count": 3,
      "h100/outcome_miss_final_state_mse": 0.07324618919222962,
      "h100/outcome_miss_state_mse": 0.05414366678474775,
      "h100/outcome_partial_episode_count": 3,
      "h100/outcome_partial_final_state_mse": 0.08122307334850037,
      "h100/outcome_partial_state_mse": 0.054133831348294525,
      "h100/outcome_success_episode_count": 3,
      "h100/outcome_success_final_state_mse": 0.0676933846442528,
      "h100/outcome_success_state_mse": 0.05267437105864481,
      "h100/state_mse": 0.05401445695465686,
      "h125/episode_count": 15,
      "h125/final_state_mse": 0.07576331842958538,
      "h125/outcome_drop_episode_count": 3,
      "h125/outcome_drop_final_state_mse": 0.07000884511112387,
      "h125/outcome_drop_state_mse": 0.058941359974979575,
      "h125/outcome_jam_episode_count": 3,
      "h125/outcome_jam_final_state_mse": 0.0754145656535828,
      "h125/outcome_jam_state_mse": 0.05771559452231413,
      "h125/outcome_miss_episode_count": 3,
      "h125/outcome_miss_final_state_mse": 0.07020984911451153,
      "h125/outcome_miss_state_mse": 0.05742184946895425,
      "h125/outcome_partial_episode_count": 3,
      "h125/outcome_partial_final_state_mse": 0.09075016601412904,
      "h125/outcome_partial_state_mse": 0.06112007091247958,
      "h125/outcome_success_episode_count": 3,
      "h125/outcome_success_final_state_mse": 0.07243316625457963,
      "h125/outcome_success_state_mse": 0.05659665974137051,
      "h125/state_mse": 0.05835910947712418,
      "h20/episode_count": 15,
      "h20/final_state_mse": 0.005608486973382289,
      "h20/outcome_drop_episode_count": 3,
      "h20/outcome_drop_final_state_mse": 0.0033669637309180368,
      "h20/outcome_drop_state_mse": 0.0015178332920947105,
      "h20/outcome_jam_episode_count": 3,
      "h20/outcome_jam_final_state_mse": 0.004597241387647741,
      "h20/outcome_jam_state_mse": 0.0018386117773118362,
      "h20/outcome_miss_episode_count": 3,
      "h20/outcome_miss_final_state_mse": 0.012916720770542917,
      "h20/outcome_miss_state_mse": 0.008241861006792854,
      "h20/outcome_partial_episode_count": 3,
      "h20/outcome_partial_final_state_mse": 0.003505900112632053,
      "h20/outcome_partial_state_mse": 0.0014457964819241194,
      "h20/outcome_success_episode_count": 3,
      "h20/outcome_success_final_state_mse": 0.0036556096443163804,
      "h20/outcome_success_state_mse": 0.001460657731380338,
      "h20/state_mse": 0.002900952108545241,
      "h30/episode_count": 15,
      "h30/final_state_mse": 0.03225892509510315,
      "h30/outcome_drop_episode_count": 3,
      "h30/outcome_drop_final_state_mse": 0.025183897392422546,
      "h30/outcome_drop_state_mse": 0.005756916407666175,
      "h30/outcome_jam_episode_count": 3,
      "h30/outcome_jam_final_state_mse": 0.026937963136660508,
      "h30/outcome_jam_state_mse": 0.006090844950125368,
      "h30/outcome_miss_episode_count": 3,
      "h30/outcome_miss_final_state_mse": 0.05777628904853771,
      "h30/outcome_miss_state_mse": 0.017445352342393663,
      "h30/outcome_partial_episode_count": 3,
      "h30/outcome_partial_final_state_mse": 0.025574863736146414,
      "h30/outcome_partial_state_mse": 0.0056710693051872174,
      "h30/outcome_success_episode_count": 3,
      "h30/outcome_success_final_state_mse": 0.02582161956363254,
      "h30/outcome_success_state_mse": 0.005728459929588833,
      "h30/state_mse": 0.008138528129893451,
      "h40/episode_count": 15,
      "h40/final_state_mse": 0.07154173009535846,
      "h40/outcome_drop_episode_count": 3,
      "h40/outcome_drop_final_state_mse": 0.06577223266651427,
      "h40/outcome_drop_state_mse": 0.016107404933256263,
      "h40/outcome_jam_episode_count": 3,
      "h40/outcome_jam_final_state_mse": 0.06697619974223618,
      "h40/outcome_jam_state_mse": 0.01631320878571155,
      "h40/outcome_miss_episode_count": 3,
      "h40/outcome_miss_final_state_mse": 0.0962428828470068,
      "h40/outcome_miss_state_mse": 0.034448177985895695,
      "h40/outcome_partial_episode_count": 3,
      "h40/outcome_partial_final_state_mse": 0.06414501028123244,
      "h40/outcome_partial_state_mse": 0.01558785189210979,
      "h40/outcome_success_episode_count": 3,
      "h40/outcome_success_final_state_mse": 0.06457234675588172,
      "h40/outcome_success_state_mse": 0.015784788131713866,
      "h40/state_mse": 0.01964828590941585,
      "h50/episode_count": 15,
      "h50/final_state_mse": 0.07613523396012051,
      "h50/outcome_drop_episode_count": 3,
      "h50/outcome_drop_final_state_mse": 0.08371066423802594,
      "h50/outcome_drop_state_mse": 0.030465804455327053,
      "h50/outcome_jam_episode_count": 3,
      "h50/outcome_jam_final_state_mse": 0.072529518526364,
      "h50/outcome_jam_state_mse": 0.028473371119281044,
      "h50/outcome_miss_episode_count": 3,
      "h50/outcome_miss_final_state_mse": 0.08111313900916405,
      "h50/outcome_miss_state_mse": 0.04433574900907629,
      "h50/outcome_partial_episode_count": 3,
      "h50/outcome_partial_final_state_mse": 0.07273283815072253,
      "h50/outcome_partial_state_mse": 0.0275845277075674,
      "h50/outcome_success_episode_count": 3,
      "h50/outcome_success_final_state_mse": 0.07059002545923969,
      "h50/outcome_success_state_mse": 0.027723361245946945,
      "h50/state_mse": 0.031716560712826795,
      "h75/episode_count": 15,
      "h75/final_state_mse": 0.08603646272148183,
      "h75/outcome_drop_episode_count": 3,
      "h75/outcome_drop_final_state_mse": 0.0905119842953152,
      "h75/outcome_drop_state_mse": 0.04753284196708197,
      "h75/outcome_jam_episode_count": 3,
      "h75/outcome_jam_final_state_mse": 0.09103117113799052,
      "h75/outcome_jam_state_mse": 0.0428125,
      "h75/outcome_miss_episode_count": 3,
      "h75/outcome_miss_final_state_mse": 0.06791461215299718,
      "h75/outcome_miss_state_mse": 0.050767283720128675,
      "h75/outcome_partial_episode_count": 3,
      "h75/outcome_partial_final_state_mse": 0.09021295753179812,
      "h75/outcome_partial_state_mse": 0.043361143556815085,
      "h75/outcome_success_episode_count": 3,
      "h75/outcome_success_final_state_mse": 0.09051158069785124,
      "h75/outcome_success_state_mse": 0.04312181659773284,
      "h75/state_mse": 0.04551911849809368,
      "max_requested_horizon": 125,
      "reencode_period": null,
      "rollout_mode": "no_reencode"
    },
    "periodic_1": {
      "episode_count": 15,
      "h10/episode_count": 15,
      "h10/final_state_mse": 0.004194807538799211,
      "h10/outcome_drop_episode_count": 3,
      "h10/outcome_drop_final_state_mse": 0.003687340912281298,
      "h10/outcome_drop_state_mse": 0.0025771320645326104,
      "h10/outcome_jam_episode_count": 3,
      "h10/outcome_jam_final_state_mse": 0.0038929841682022693,
      "h10/outcome_jam_state_mse": 0.002900499066496207,
      "h10/outcome_miss_episode_count": 3,
      "h10/outcome_miss_final_state_mse": 0.006212240048483306,
      "h10/outcome_miss_state_mse": 0.010185461729959724,
      "h10/outcome_partial_episode_count": 3,
      "h10/outcome_partial_final_state_mse": 0.0036129492024580636,
      "h10/outcome_partial_state_mse": 0.002526022562014511,
      "h10/outcome_success_episode_count": 3,
      "h10/outcome_success_final_state_mse": 0.0035685248721658794,
      "h10/outcome_success_state_mse": 0.002539092341279672,
      "h10/state_mse": 0.0041456414515676065,
      "h100/episode_count": 15,
      "h100/final_state_mse": 0.033302888059927746,
      "h100/outcome_drop_episode_count": 3,
      "h100/outcome_drop_final_state_mse": 0.034573784061506685,
      "h100/outcome_drop_state_mse": 0.015215649822958154,
      "h100/outcome_jam_episode_count": 3,
      "h100/outcome_jam_final_state_mse": 0.03914879817588657,
      "h100/outcome_jam_state_mse": 0.016257933074352787,
      "h100/outcome_miss_episode_count": 3,
      "h100/outcome_miss_final_state_mse": 0.05501605171004152,
      "h100/outcome_miss_state_mse": 0.027219926422717526,
      "h100/outcome_partial_episode_count": 3,
      "h100/outcome_partial_final_state_mse": 0.013607362711351682,
      "h100/outcome_partial_state_mse": 0.011392617319144455,
      "h100/outcome_success_episode_count": 3,
      "h100/outcome_success_final_state_mse": 0.024168450068804175,
      "h100/outcome_success_state_mse": 0.012539415795818652,
      "h100/state_mse": 0.01652510818780637,
      "h125/episode_count": 15,
      "h125/final_state_mse": 0.016340834175059996,
      "h125/outcome_drop_episode_count": 3,
      "h125/outcome_drop_final_state_mse": 0.016605872344347388,
      "h125/outcome_drop_state_mse": 0.01735614173240911,
      "h125/outcome_jam_episode_count": 3,
      "h125/outcome_jam_final_state_mse": 0.01875946539289811,
      "h125/outcome_jam_state_mse": 0.01861640042573019,
      "h125/outcome_miss_episode_count": 3,
      "h125/outcome_miss_final_state_mse": 0.01590988974945218,
      "h125/outcome_miss_state_mse": 0.02778653013939951,
      "h125/outcome_partial_episode_count": 3,
      "h125/outcome_partial_final_state_mse": 0.01604651625639473,
      "h125/outcome_partial_state_mse": 0.012018395716847936,
      "h125/outcome_success_episode_count": 3,
      "h125/outcome_success_final_state_mse": 0.01438242128861496,
      "h125/outcome_success_state_mse": 0.014499374888301674,
      "h125/state_mse": 0.018055367902369283,
      "h20/episode_count": 15,
      "h20/final_state_mse": 0.009620708889431423,
      "h20/outcome_drop_episode_count": 3,
      "h20/outcome_drop_final_state_mse": 0.009056331285464219,
      "h20/outcome_drop_state_mse": 0.004926475551393297,
      "h20/outcome_jam_episode_count": 3,
      "h20/outcome_jam_final_state_mse": 0.008986710674232908,
      "h20/outcome_jam_state_mse": 0.004966268001818189,
      "h20/outcome_miss_episode_count": 3,
      "h20/outcome_miss_final_state_mse": 0.012289475381763932,
      "h20/outcome_miss_state_mse": 0.009329946991664912,
      "h20/outcome_partial_episode_count": 3,
      "h20/outcome_partial_final_state_mse": 0.008886064895812203,
      "h20/outcome_partial_state_mse": 0.004816453597124885,
      "h20/outcome_success_episode_count": 3,
      "h20/outcome_success_final_state_mse": 0.008884963841220133,
      "h20/outcome_success_state_mse": 0.004844329014323116,
      "h20/state_mse": 0.005776694304023693,
      "h30/episode_count": 15,
      "h30/final_state_mse": 0.011234121384963491,
      "h30/outcome_drop_episode_count": 3,
      "h30/outcome_drop_final_state_mse": 0.010529358889542375,
      "h30/outcome_drop_state_mse": 0.0064688516338406565,
      "h30/outcome_jam_episode_count": 3,
      "h30/outcome_jam_final_state_mse": 0.010459925711544511,
      "h30/outcome_jam_state_mse": 0.00661657069503352,
      "h30/outcome_miss_episode_count": 3,
      "h30/outcome_miss_final_state_mse": 0.016612799339045106,
      "h30/outcome_miss_state_mse": 0.011115134827192053,
      "h30/outcome_partial_episode_count": 3,
      "h30/outcome_partial_final_state_mse": 0.00930450769031749,
      "h30/outcome_partial_state_mse": 0.0062658935330791934,
      "h30/outcome_success_episode_count": 3,
      "h30/outcome_success_final_state_mse": 0.009264012080392027,
      "h30/outcome_success_state_mse": 0.0063232260851558775,
      "h30/state_mse": 0.007357935687295752,
      "h40/episode_count": 15,
      "h40/final_state_mse": 0.012470893610536663,
      "h40/outcome_drop_episode_count": 3,
      "h40/outcome_drop_final_state_mse": 0.010821279552247789,
      "h40/outcome_drop_state_mse": 0.00744125967711405,
      "h40/outcome_jam_episode_count": 3,
      "h40/outcome_jam_final_state_mse": 0.011057984205632428,
      "h40/outcome_jam_state_mse": 0.007622475717581955,
      "h40/outcome_miss_episode_count": 3,
      "h40/outcome_miss_final_state_mse": 0.020171364148457844,
      "h40/outcome_miss_state_mse": 0.013074725281958487,
      "h40/outcome_partial_episode_count": 3,
      "h40/outcome_partial_final_state_mse": 0.010057683863670997,
      "h40/outcome_partial_state_mse": 0.007034050015842213,
      "h40/outcome_success_episode_count": 3,
      "h40/outcome_success_final_state_mse": 0.010246153750450782,
      "h40/outcome_success_state_mse": 0.007119115271599464,
      "h40/state_mse": 0.008458325753804126,
      "h50/episode_count": 15,
      "h50/final_state_mse": 0.017456438650492748,
      "h50/outcome_drop_episode_count": 3,
      "h50/outcome_drop_final_state_mse": 0.017485096758487178,
      "h50/outcome_drop_state_mse": 0.008588249106812322,
      "h50/outcome_jam_episode_count": 3,
      "h50/outcome_jam_final_state_mse": 0.014213488966810937,
      "h50/outcome_jam_state_mse": 0.0087670617945054,
      "h50/outcome_miss_episode_count": 3,
      "h50/outcome_miss_final_state_mse": 0.027176483394273747,
      "h50/outcome_miss_state_mse": 0.015184154136508119,
      "h50/outcome_partial_episode_count": 3,
      "h50/outcome_partial_final_state_mse": 0.014244428647109886,
      "h50/outcome_partial_state_mse": 0.008121811486537161,
      "h50/outcome_success_episode_count": 3,
      "h50/outcome_success_final_state_mse": 0.014162691395267163,
      "h50/outcome_success_state_mse": 0.008195496228785296,
      "h50/state_mse": 0.009771355124080882,
      "h75/episode_count": 15,
      "h75/final_state_mse": 0.02010820675519557,
      "h75/outcome_drop_episode_count": 3,
      "h75/outcome_drop_final_state_mse": 0.020847045518214407,
      "h75/outcome_drop_state_mse": 0.012130046503736043,
      "h75/outcome_jam_episode_count": 3,
      "h75/outcome_jam_final_state_mse": 0.021107282903459337,
      "h75/outcome_jam_state_mse": 0.011170029983021855,
      "h75/outcome_miss_episode_count": 3,
      "h75/outcome_miss_final_state_mse": 0.027192245901020522,
      "h75/outcome_miss_state_mse": 0.019516155101634836,
      "h75/outcome_partial_episode_count": 3,
      "h75/outcome_partial_final_state_mse": 0.015079863710341111,
      "h75/outcome_partial_state_mse": 0.010036666637412343,
      "h75/outcome_success_episode_count": 3,
      "h75/outcome_success_final_state_mse": 0.01631460002824372,
      "h75/outcome_success_state_mse": 0.010161955590341606,
      "h75/state_mse": 0.012602970962690632,
      "max_requested_horizon": 125,
      "reencode_period": 1,
      "rollout_mode": "periodic_1"
    },
    "periodic_10": {
      "episode_count": 15,
      "h10/episode_count": 15,
      "h10/final_state_mse": 0.001758068059784135,
      "h10/outcome_drop_episode_count": 3,
      "h10/outcome_drop_final_state_mse": 0.0009607387572721718,
      "h10/outcome_drop_state_mse": 0.0012819245749828862,
      "h10/outcome_jam_episode_count": 3,
      "h10/outcome_jam_final_state_mse": 0.0017354983130311655,
      "h10/outcome_jam_state_mse": 0.001630866995044783,
      "h10/outcome_miss_episode_count": 3,
      "h10/outcome_miss_final_state_mse": 0.004297348993276459,
      "h10/outcome_miss_state_mse": 0.009786432708790099,
      "h10/outcome_partial_episode_count": 3,
      "h10/outcome_partial_final_state_mse": 0.0008901466000703426,
      "h10/outcome_partial_state_mse": 0.0012190596535314921,
      "h10/outcome_success_episode_count": 3,
      "h10/outcome_success_final_state_mse": 0.0009066082196297989,
      "h10/outcome_success_state_mse": 0.0012271743389516095,
      "h10/state_mse": 0.0030290917789234833,
      "h100/episode_count": 15,
      "h100/final_state_mse": 0.005437414007249221,
      "h100/outcome_drop_episode_count": 3,
      "h100/outcome_drop_final_state_mse": 0.00501736901164834,
      "h100/outcome_drop_state_mse": 0.002480519394469417,
      "h100/outcome_jam_episode_count": 3,
      "h100/outcome_jam_final_state_mse": 0.00587235361922021,
      "h100/outcome_jam_state_mse": 0.002983526466718686,
      "h100/outcome_miss_episode_count": 3,
      "h100/outcome_miss_final_state_mse": 0.006279471165993635,
      "h100/outcome_miss_state_mse": 0.0037199340770447177,
      "h100/outcome_partial_episode_count": 3,
      "h100/outcome_partial_final_state_mse": 0.004797639507873386,
      "h100/outcome_partial_state_mse": 0.002284299314411637,
      "h100/outcome_success_episode_count": 3,
      "h100/outcome_success_final_state_mse": 0.005220237218476588,
      "h100/outcome_success_state_mse": 0.00241955059026581,
      "h100/state_mse": 0.0027775659498825572,
      "h125/episode_count": 15,
      "h125/final_state_mse": 0.006237699471268,
      "h125/outcome_drop_episode_count": 3,
      "h125/outcome_drop_final_state_mse": 0.005095435805570066,
      "h125/outcome_drop_state_mse": 0.003205195507972069,
      "h125/outcome_jam_episode_count": 3,
      "h125/outcome_jam_final_state_mse": 0.006547915779687221,
      "h125/outcome_jam_state_mse": 0.0039079757391237745,
      "h125/outcome_miss_episode_count": 3,
      "h125/outcome_miss_final_state_mse": 0.007700282569025077,
      "h125/outcome_miss_state_mse": 0.004515139012554892,
      "h125/outcome_partial_episode_count": 3,
      "h125/outcome_partial_final_state_mse": 0.006919189995410396,
      "h125/outcome_partial_state_mse": 0.0030951010510812398,
      "h125/outcome_success_episode_count": 3,
      "h125/outcome_success_final_state_mse": 0.004925670187457714,
      "h125/outcome_success_state_mse": 0.003130481794768689,
      "h125/state_mse": 0.0035707784415849675,
      "h20/episode_count": 15,
      "h20/final_state_mse": 0.0015573205511554395,
      "h20/outcome_drop_episode_count": 3,
      "h20/outcome_drop_final_state_mse": 0.0015441334861166338,
      "h20/outcome_drop_state_mse": 0.0013161546848957835,
      "h20/outcome_jam_episode_count": 3,
      "h20/outcome_jam_final_state_mse": 0.001586592299681084,
      "h20/outcome_jam_state_mse": 0.0016092346774207221,
      "h20/outcome_miss_episode_count": 3,
      "h20/outcome_miss_final_state_mse": 0.0018557121161541907,
      "h20/outcome_miss_state_mse": 0.0062884633058036855,
      "h20/outcome_partial_episode_count": 3,
      "h20/outcome_partial_final_state_mse": 0.0013946765924201293,
      "h20/outcome_partial_state_mse": 0.0012426436336991054,
      "h20/outcome_success_episode_count": 3,
      "h20/outcome_success_final_state_mse": 0.0014054882127085542,
      "h20/outcome_success_state_mse": 0.0012471062295577105,
      "h20/state_mse": 0.00234072068158318,
      "h30/episode_count": 15,
      "h30/final_state_mse": 0.0016964106777914208,
      "h30/outcome_drop_episode_count": 3,
      "h30/outcome_drop_final_state_mse": 0.0018381525585853976,
      "h30/outcome_drop_state_mse": 0.0014081314238587755,
      "h30/outcome_jam_episode_count": 3,
      "h30/outcome_jam_final_state_mse": 0.0019706892324428934,
      "h30/outcome_jam_state_mse": 0.0017361682224896998,
      "h30/outcome_miss_episode_count": 3,
      "h30/outcome_miss_final_state_mse": 0.0012624065811727562,
      "h30/outcome_miss_state_mse": 0.004703036580470133,
      "h30/outcome_partial_episode_count": 3,
      "h30/outcome_partial_final_state_mse": 0.001682054981881497,
      "h30/outcome_partial_state_mse": 0.0013433635364690378,
      "h30/outcome_success_episode_count": 3,
      "h30/outcome_success_final_state_mse": 0.0017287500348745607,
      "h30/outcome_success_state_mse": 0.001355552413624616,
      "h30/state_mse": 0.002109250336690666,
      "h40/episode_count": 15,
      "h40/final_state_mse": 0.0017389024784362395,
      "h40/outcome_drop_episode_count": 3,
      "h40/outcome_drop_final_state_mse": 0.0013353382693786248,
      "h40/outcome_drop_state_mse": 0.0014888374244465547,
      "h40/outcome_jam_episode_count": 3,
      "h40/outcome_jam_final_state_mse": 0.001751743987494824,
      "h40/outcome_jam_state_mse": 0.0018606726640190174,
      "h40/outcome_miss_episode_count": 3,
      "h40/outcome_miss_final_state_mse": 0.0019309659506760392,
      "h40/outcome_miss_state_mse": 0.003957161326813542,
      "h40/outcome_partial_episode_count": 3,
      "h40/outcome_partial_final_state_mse": 0.0018272027860279955,
      "h40/outcome_partial_state_mse": 0.001485996269712261,
      "h40/outcome_success_episode_count": 3,
      "h40/outcome_success_final_state_mse": 0.001849261130772385,
      "h40/outcome_success_state_mse": 0.0015034739682876987,
      "h40/state_mse": 0.0020592283111771728,
      "h50/episode_count": 15,
      "h50/final_state_mse": 0.002229081727320852,
      "h50/outcome_drop_episode_count": 3,
      "h50/outcome_drop_final_state_mse": 0.0015730911415386822,
      "h50/outcome_drop_state_mse": 0.0015787253660314224,
      "h50/outcome_jam_episode_count": 3,
      "h50/outcome_jam_final_state_mse": 0.002515049955618927,
      "h50/outcome_jam_state_mse": 0.002046823127596986,
      "h50/outcome_miss_episode_count": 3,
      "h50/outcome_miss_final_state_mse": 0.0025972079217823504,
      "h50/outcome_miss_state_mse": 0.0036441262563069662,
      "h50/outcome_partial_episode_count": 3,
      "h50/outcome_partial_final_state_mse": 0.0022093800499158748,
      "h50/outcome_partial_state_mse": 0.0016606941098481222,
      "h50/outcome_success_episode_count": 3,
      "h50/outcome_success_final_state_mse": 0.0022506796651416356,
      "h50/outcome_success_state_mse": 0.0016790548025393019,
      "h50/state_mse": 0.002121884813495711,
      "h75/episode_count": 15,
      "h75/final_state_mse": 0.003343750760446187,
      "h75/outcome_drop_episode_count": 3,
      "h75/outcome_drop_final_state_mse": 0.002857499116776036,
      "h75/outcome_drop_state_mse": 0.0017964401743770424,
      "h75/outcome_jam_episode_count": 3,
      "h75/outcome_jam_final_state_mse": 0.003819372626691083,
      "h75/outcome_jam_state_mse": 0.0024008382743220444,
      "h75/outcome_miss_episode_count": 3,
      "h75/outcome_miss_final_state_mse": 0.0034955172172558852,
      "h75/outcome_miss_state_mse": 0.003429577729800688,
      "h75/outcome_partial_episode_count": 3,
      "h75/outcome_partial_final_state_mse": 0.0031901157759373485,
      "h75/outcome_partial_state_mse": 0.001914304596146727,
      "h75/outcome_success_episode_count": 3,
      "h75/outcome_success_final_state_mse": 0.003356248335121504,
      "h75/outcome_success_state_mse": 0.0019405270661663645,
      "h75/state_mse": 0.0022963377842456427,
      "max_requested_horizon": 125,
      "reencode_period": 10,
      "rollout_mode": "periodic_10"
    },
    "periodic_100": {
      "episode_count": 15,
      "h10/episode_count": 15,
      "h10/final_state_mse": 0.001758068059784135,
      "h10/outcome_drop_episode_count": 3,
      "h10/outcome_drop_final_state_mse": 0.0009607387572721718,
      "h10/outcome_drop_state_mse": 0.0012819245749828862,
      "h10/outcome_jam_episode_count": 3,
      "h10/outcome_jam_final_state_mse": 0.0017354983130311655,
      "h10/outcome_jam_state_mse": 0.001630866995044783,
      "h10/outcome_miss_episode_count": 3,
      "h10/outcome_miss_final_state_mse": 0.004297348993276459,
      "h10/outcome_miss_state_mse": 0.009786432708790099,
      "h10/outcome_partial_episode_count": 3,
      "h10/outcome_partial_final_state_mse": 0.0008901466000703426,
      "h10/outcome_partial_state_mse": 0.0012190596535314921,
      "h10/outcome_success_episode_count": 3,
      "h10/outcome_success_final_state_mse": 0.0009066082196297989,
      "h10/outcome_success_state_mse": 0.0012271743389516095,
      "h10/state_mse": 0.0030290917789234833,
      "h100/episode_count": 15,
      "h100/final_state_mse": 0.07409614114200368,
      "h100/outcome_drop_episode_count": 3,
      "h100/outcome_drop_final_state_mse": 0.07126049901924882,
      "h100/outcome_drop_state_mse": 0.056021806305530025,
      "h100/outcome_jam_episode_count": 3,
      "h100/outcome_jam_final_state_mse": 0.07705753301483353,
      "h100/outcome_jam_state_mse": 0.05309864517910028,
      "h100/outcome_miss_episode_count": 3,
      "h100/outcome_miss_final_state_mse": 0.07324619854197782,
      "h100/outcome_miss_state_mse": 0.054143670773973654,
      "h100/outcome_partial_episode_count": 3,
      "h100/outcome_partial_final_state_mse": 0.0812230764650831,
      "h100/outcome_partial_state_mse": 0.054133831348294525,
      "h100/outcome_success_episode_count": 3,
      "h100/outcome_success_final_state_mse": 0.06769338776083554,
      "h100/outcome_success_state_mse": 0.05267437803979014,
      "h100/state_mse": 0.0540144633374183,
      "h125/episode_count": 15,
      "h125/final_state_mse": 0.026623375587214053,
      "h125/outcome_drop_episode_count": 3,
      "h125/outcome_drop_final_state_mse": 0.026575009807262545,
      "h125/outcome_drop_state_mse": 0.04827895938648897,
      "h125/outcome_jam_episode_count": 3,
      "h125/outcome_jam_final_state_mse": 0.031252920627593994,
      "h125/outcome_jam_state_mse": 0.046370472228604985,
      "h125/outcome_miss_episode_count": 3,
      "h125/outcome_miss_final_state_mse": 0.019570866246628606,
      "h125/outcome_miss_state_mse": 0.04690341605392157,
      "h125/outcome_partial_episode_count": 3,
      "h125/outcome_partial_final_state_mse": 0.030195947176490733,
      "h125/outcome_partial_state_mse": 0.04718320440155229,
      "h125/outcome_success_episode_count": 3,
      "h125/outcome_success_final_state_mse": 0.025522124923132602,
      "h125/outcome_success_state_mse": 0.045506771312040444,
      "h125/state_mse": 0.046848560049019605,
      "h20/episode_count": 15,
      "h20/final_state_mse": 0.005608486973382289,
      "h20/outcome_drop_episode_count": 3,
      "h20/outcome_drop_final_state_mse": 0.003366963536131616,
      "h20/outcome_drop_state_mse": 0.001517833175222858,
      "h20/outcome_jam_episode_count": 3,
      "h20/outcome_jam_final_state_mse": 0.004597241290254531,
      "h20/outcome_jam_state_mse": 0.001838611699397268,
      "h20/outcome_miss_episode_count": 3,
      "h20/outcome_miss_final_state_mse": 0.01291672135490218,
      "h20/outcome_miss_state_mse": 0.00824186069513458,
      "h20/outcome_partial_episode_count": 3,
      "h20/outcome_partial_final_state_mse": 0.0035058994308795805,
      "h20/outcome_partial_state_mse": 0.001445796404009551,
      "h20/outcome_success_episode_count": 3,
      "h20/outcome_success_final_state_mse": 0.0036556089625639073,
      "h20/outcome_success_state_mse": 0.00146065775085898,
      "h20/state_mse": 0.002900952108545241,
      "h30/episode_count": 15,
      "h30/final_state_mse": 0.03225892758836933,
      "h30/outcome_drop_episode_count": 3,
      "h30/outcome_drop_final_state_mse": 0.025183900509005278,
      "h30/outcome_drop_state_mse": 0.005756916407666175,
      "h30/outcome_jam_episode_count": 3,
      "h30/outcome_jam_final_state_mse": 0.026937963526233347,
      "h30/outcome_jam_state_mse": 0.006090844742353186,
      "h30/outcome_miss_episode_count": 3,
      "h30/outcome_miss_final_state_mse": 0.057776292165120445,
      "h30/outcome_miss_state_mse": 0.01744535275793803,
      "h30/outcome_partial_episode_count": 3,
      "h30/outcome_partial_final_state_mse": 0.025574862957000732,
      "h30/outcome_partial_state_mse": 0.005671069097415035,
      "h30/outcome_success_episode_count": 3,
      "h30/outcome_success_final_state_mse": 0.02582161488875844,
      "h30/outcome_success_state_mse": 0.005728459306272286,
      "h30/state_mse": 0.008138528129893451,
      "h40/episode_count": 15,
      "h40/final_state_mse": 0.0715417400684232,
      "h40/outcome_drop_episode_count": 3,
      "h40/outcome_drop_final_state_mse": 0.06577224669113658,
      "h40/outcome_drop_state_mse": 0.016107405556572807,
      "h40/outcome_jam_episode_count": 3,
      "h40/outcome_jam_final_state_mse": 0.06697620597540163,
      "h40/outcome_jam_state_mse": 0.01631320785073673,
      "h40/outcome_miss_episode_count": 3,
      "h40/outcome_miss_final_state_mse": 0.09624290154650321,
      "h40/outcome_miss_state_mse": 0.03444817923252878,
      "h40/outcome_partial_episode_count": 3,
      "h40/outcome_partial_final_state_mse": 0.06414501183952381,
      "h40/outcome_partial_state_mse": 0.015587851580451517,
      "h40/outcome_success_episode_count": 3,
      "h40/outcome_success_final_state_mse": 0.06457234675588172,
      "h40/outcome_success_state_mse": 0.015784788443372142,
      "h40/state_mse": 0.01964828590941585,
      "h50/episode_count": 15,
      "h50/final_state_mse": 0.07613523894665288,
      "h50/outcome_drop_episode_count": 3,
      "h50/outcome_drop_final_state_mse": 0.08371068605410507,
      "h50/outcome_drop_state_mse": 0.030465805951286763,
      "h50/outcome_jam_episode_count": 3,
      "h50/outcome_jam_final_state_mse": 0.07252951229319853,
      "h50/outcome_jam_state_mse": 0.028473371617934284,
      "h50/outcome_miss_episode_count": 3,
      "h50/outcome_miss_final_state_mse": 0.08111313589258132,
      "h50/outcome_miss_state_mse": 0.04433575000638276,
      "h50/outcome_partial_episode_count": 3,
      "h50/outcome_partial_final_state_mse": 0.0727328303592657,
      "h50/outcome_partial_state_mse": 0.02758452621160769,
      "h50/outcome_success_episode_count": 3,
      "h50/outcome_success_final_state_mse": 0.07059002545923969,
      "h50/outcome_success_state_mse": 0.027723363240559896,
      "h50/state_mse": 0.031716560712826795,
      "h75/episode_count": 15,
      "h75/final_state_mse": 0.08603649264067606,
      "h75/outcome_drop_episode_count": 3,
      "h75/outcome_drop_final_state_mse": 0.09051187988979364,
      "h75/outcome_drop_state_mse": 0.04753284329682394,
      "h75/outcome_jam_episode_count": 3,
      "h75/outcome_jam_final_state_mse": 0.09103129580129984,
      "h75/outcome_jam_state_mse": 0.042812502659483935,
      "h75/outcome_miss_episode_count": 3,
      "h75/outcome_miss_final_state_mse": 0.06791476486555112,
      "h75/outcome_miss_state_mse": 0.05076728903909654,
      "h75/outcome_partial_episode_count": 3,
      "h75/outcome_partial_final_state_mse": 0.09021297155642043,
      "h75/outcome_partial_state_mse": 0.043361143556815085,
      "h75/outcome_success_episode_count": 3,
      "h75/outcome_success_final_state_mse": 0.09051157056895737,
      "h75/outcome_success_state_mse": 0.04312182457618464,
      "h75/state_mse": 0.04551911849809368,
      "max_requested_horizon": 125,
      "reencode_period": 100,
      "rollout_mode": "periodic_100"
    },
    "periodic_2": {
      "episode_count": 15,
      "h10/episode_count": 15,
      "h10/final_state_mse": 0.0025198542214686574,
      "h10/outcome_drop_episode_count": 3,
      "h10/outcome_drop_final_state_mse": 0.002030746585208606,
      "h10/outcome_drop_state_mse": 0.0017739211032593172,
      "h10/outcome_jam_episode_count": 3,
      "h10/outcome_jam_final_state_mse": 0.0024282178701528537,
      "h10/outcome_jam_state_mse": 0.002130741932812859,
      "h10/outcome_miss_episode_count": 3,
      "h10/outcome_miss_final_state_mse": 0.004166050381909788,
      "h10/outcome_miss_state_mse": 0.009399071550057604,
      "h10/outcome_partial_episode_count": 3,
      "h10/outcome_partial_final_state_mse": 0.001987395625488431,
      "h10/outcome_partial_state_mse": 0.0017450120324402853,
      "h10/outcome_success_episode_count": 3,
      "h10/outcome_success_final_state_mse": 0.001986861107201358,
      "h10/outcome_success_state_mse": 0.001757520515155169,
      "h10/state_mse": 0.003361253426745047,
      "h100/episode_count": 15,
      "h100/final_state_mse": 0.021183088714001225,
      "h100/outcome_drop_episode_count": 3,
      "h100/outcome_drop_final_state_mse": 0.018638107316945894,
      "h100/outcome_drop_state_mse": 0.011225646274541718,
      "h100/outcome_jam_episode_count": 3,
      "h100/outcome_jam_final_state_mse": 0.0268454427033468,
      "h100/outcome_jam_state_mse": 0.01601801953284569,
      "h100/outcome_miss_episode_count": 3,
      "h100/outcome_miss_final_state_mse": 0.019594152038003885,
      "h100/outcome_miss_state_mse": 0.014207307778152765,
      "h100/outcome_partial_episode_count": 3,
      "h100/outcome_partial_final_state_mse": 0.019242373167299757,
      "h100/outcome_partial_state_mse": 0.014620622123768127,
      "h100/outcome_success_episode_count": 3,
      "h100/outcome_success_final_state_mse": 0.02159536897746566,
      "h100/outcome_success_state_mse": 0.015509477503159466,
      "h100/state_mse": 0.014316214767156863,
      "h125/episode_count": 15,
      "h125/final_state_mse": 0.017779646979437933,
      "h125/outcome_drop_episode_count": 3,
      "h125/outcome_drop_final_state_mse": 0.012114303563934526,
      "h125/outcome_drop_state_mse": 0.011334125194674223,
      "h125/outcome_jam_episode_count": 3,
      "h125/outcome_jam_final_state_mse": 0.019093444144803715,
      "h125/outcome_jam_state_mse": 0.016441460503472224,
      "h125/outcome_miss_episode_count": 3,
      "h125/outcome_miss_final_state_mse": 0.019134055944829205,
      "h125/outcome_miss_state_mse": 0.014788390215705422,
      "h125/outcome_partial_episode_count": 3,
      "h125/outcome_partial_final_state_mse": 0.020858551552093107,
      "h125/outcome_partial_state_mse": 0.015576743929993872,
      "h125/outcome_success_episode_count": 3,
      "h125/outcome_success_final_state_mse": 0.01769788241853901,
      "h125/outcome_success_state_mse": 0.015706133275250205,
      "h125/state_mse": 0.014769370404411765,
      "h20/episode_count": 15,
      "h20/final_state_mse": 0.003064741496167152,
      "h20/outcome_drop_episode_count": 3,
      "h20/outcome_drop_final_state_mse": 0.003369712410799039,
      "h20/outcome_drop_state_mse": 0.0022914425999510523,
      "h20/outcome_jam_episode_count": 3,
      "h20/outcome_jam_final_state_mse": 0.0032447760595994838,
      "h20/outcome_jam_state_mse": 0.0025256105108198775,
      "h20/outcome_miss_episode_count": 3,
      "h20/outcome_miss_final_state_mse": 0.0023791800234832018,
      "h20/outcome_miss_state_mse": 0.006282457650876512,
      "h20/outcome_partial_episode_count": 3,
      "h20/outcome_partial_final_state_mse": 0.003167546798590741,
      "h20/outcome_partial_state_mse": 0.0022228044622084673,
      "h20/outcome_success_episode_count": 3,
      "h20/outcome_success_final_state_mse": 0.0031624924318463194,
      "h20/outcome_success_state_mse": 0.00222850523742975,
      "h20/state_mse": 0.0031101640688827614,
      "h30/episode_count": 15,
      "h30/final_state_mse": 0.006912308736564287,
      "h30/outcome_drop_episode_count": 3,
      "h30/outcome_drop_final_state_mse": 0.007438035767062817,
      "h30/outcome_drop_state_mse": 0.003446255062660101,
      "h30/outcome_jam_episode_count": 3,
      "h30/outcome_jam_final_state_mse": 0.006961491275456996,
      "h30/outcome_jam_state_mse": 0.0034054682924856547,
      "h30/outcome_miss_episode_count": 3,
      "h30/outcome_miss_final_state_mse": 0.0060961115983576555,
      "h30/outcome_miss_state_mse": 0.005638929026319051,
      "h30/outcome_partial_episode_count": 3,
      "h30/outcome_partial_final_state_mse": 0.007094586401983024,
      "h30/outcome_partial_state_mse": 0.0033302541392041707,
      "h30/outcome_success_episode_count": 3,
      "h30/outcome_success_final_state_mse": 0.006971317666028839,
      "h30/outcome_success_state_mse": 0.003323394904209378,
      "h30/state_mse": 0.0038288603473073256,
      "h40/episode_count": 15,
      "h40/final_state_mse": 0.010638291851367826,
      "h40/outcome_drop_episode_count": 3,
      "h40/outcome_drop_final_state_mse": 0.011260146603864781,
      "h40/outcome_drop_state_mse": 0.00518852511262582,
      "h40/outcome_jam_episode_count": 3,
      "h40/outcome_jam_final_state_mse": 0.009748141555225147,
      "h40/outcome_jam_state_mse": 0.004976405894834232,
      "h40/outcome_miss_episode_count": 3,
      "h40/outcome_miss_final_state_mse": 0.0126584608570423,
      "h40/outcome_miss_state_mse": 0.007075467764162549,
      "h40/outcome_partial_episode_count": 3,
      "h40/outcome_partial_final_state_mse": 0.009779200250027226,
      "h40/outcome_partial_state_mse": 0.004952007882735308,
      "h40/outcome_success_episode_count": 3,
      "h40/outcome_success_final_state_mse": 0.00974550960110683,
      "h40/outcome_success_state_mse": 0.004952370652965471,
      "h40/state_mse": 0.00542895547704759,
      "h50/episode_count": 15,
      "h50/final_state_mse": 0.014049183465296926,
      "h50/outcome_drop_episode_count": 3,
      "h50/outcome_drop_final_state_mse": 0.012498919480766346,
      "h50/outcome_drop_state_mse": 0.006496522566851448,
      "h50/outcome_jam_episode_count": 3,
      "h50/outcome_jam_final_state_mse": 0.013495976044461618,
      "h50/outcome_jam_state_mse": 0.006500341004016353,
      "h50/outcome_miss_episode_count": 3,
      "h50/outcome_miss_final_state_mse": 0.015823274656058917,
      "h50/outcome_miss_state_mse": 0.008751448338327843,
      "h50/outcome_partial_episode_count": 3,
      "h50/outcome_partial_final_state_mse": 0.01434574251860575,
      "h50/outcome_partial_state_mse": 0.006455562566620073,
      "h50/outcome_success_episode_count": 3,
      "h50/outcome_success_final_state_mse": 0.014082000146504322,
      "h50/outcome_success_state_mse": 0.0064604944964639505,
      "h50/state_mse": 0.006932874093647876,
      "h75/episode_count": 15,
      "h75/final_state_mse": 0.024327710718890422,
      "h75/outcome_drop_episode_count": 3,
      "h75/outcome_drop_final_state_mse": 0.01427831038150912,
      "h75/outcome_drop_state_mse": 0.00924070021685432,
      "h75/outcome_jam_episode_count": 3,
      "h75/outcome_jam_final_state_mse": 0.030297299615697923,
      "h75/outcome_jam_state_mse": 0.01187172617527914,
      "h75/outcome_miss_episode_count": 3,
      "h75/outcome_miss_final_state_mse": 0.020686543065738056,
      "h75/outcome_miss_state_mse": 0.011979701555372584,
      "h75/outcome_partial_episode_count": 3,
      "h75/outcome_partial_final_state_mse": 0.026068304878434326,
      "h75/outcome_partial_state_mse": 0.011529700584660948,
      "h75/outcome_success_episode_count": 3,
      "h75/outcome_success_final_state_mse": 0.030308096237431945,
      "h75/outcome_success_state_mse": 0.011714827926070601,
      "h75/state_mse": 0.011267330261097495,
      "max_requested_horizon": 125,
      "reencode_period": 2,
      "rollout_mode": "periodic_2"
    },
    "periodic_20": {
      "episode_count": 15,
      "h10/episode_count": 15,
      "h10/final_state_mse": 0.001758068059784135,
      "h10/outcome_drop_episode_count": 3,
      "h10/outcome_drop_final_state_mse": 0.0009607387572721718,
      "h10/outcome_drop_state_mse": 0.0012819245749828862,
      "h10/outcome_jam_episode_count": 3,
      "h10/outcome_jam_final_state_mse": 0.0017354983130311655,
      "h10/outcome_jam_state_mse": 0.001630866995044783,
      "h10/outcome_miss_episode_count": 3,
      "h10/outcome_miss_final_state_mse": 0.004297348993276459,
      "h10/outcome_miss_state_mse": 0.009786432708790099,
      "h10/outcome_partial_episode_count": 3,
      "h10/outcome_partial_final_state_mse": 0.0008901466000703426,
      "h10/outcome_partial_state_mse": 0.0012190596535314921,
      "h10/outcome_success_episode_count": 3,
      "h10/outcome_success_final_state_mse": 0.0009066082196297989,
      "h10/outcome_success_state_mse": 0.0012271743389516095,
      "h10/state_mse": 0.0030290917789234833,
      "h100/episode_count": 15,
      "h100/final_state_mse": 0.011359485302096099,
      "h100/outcome_drop_episode_count": 3,
      "h100/outcome_drop_final_state_mse": 0.010186384121576944,
      "h100/outcome_drop_state_mse": 0.004338003732020559,
      "h100/outcome_jam_episode_count": 3,
      "h100/outcome_jam_final_state_mse": 0.01231993432917626,
      "h100/outcome_jam_state_mse": 0.004485654830932617,
      "h100/outcome_miss_episode_count": 3,
      "h100/outcome_miss_final_state_mse": 0.01252338855095159,
      "h100/outcome_miss_state_mse": 0.005843888451071346,
      "h100/outcome_partial_episode_count": 3,
      "h100/outcome_partial_final_state_mse": 0.010624079143299776,
      "h100/outcome_partial_state_mse": 0.003947218103346482,
      "h100/outcome_success_episode_count": 3,
      "h100/outcome_success_final_state_mse": 0.011143641144621606,
      "h100/outcome_success_state_mse": 0.003970848158294079,
      "h100/state_mse": 0.0045171229543249595,
      "h125/episode_count": 15,
      "h125/final_state_mse": 0.008876569909987107,
      "h125/outcome_drop_episode_count": 3,
      "h125/outcome_drop_final_state_mse": 0.007955587475128423,
      "h125/outcome_drop_state_mse": 0.005358135746974571,
      "h125/outcome_jam_episode_count": 3,
      "h125/outcome_jam_final_state_mse": 0.009261696556814357,
      "h125/outcome_jam_state_mse": 0.00579559366064134,
      "h125/outcome_miss_episode_count": 3,
      "h125/outcome_miss_final_state_mse": 0.011311831622341879,
      "h125/outcome_miss_state_mse": 0.007105523003472222,
      "h125/outcome_partial_episode_count": 3,
      "h125/outcome_partial_final_state_mse": 0.007857887183918673,
      "h125/outcome_partial_state_mse": 0.004792881884606056,
      "h125/outcome_success_episode_count": 3,
      "h125/outcome_success_final_state_mse": 0.007995852263145198,
      "h125/outcome_success_state_mse": 0.005058342378903059,
      "h125/state_mse": 0.005622095843545752,
      "h20/episode_count": 15,
      "h20/final_state_mse": 0.005608486973382289,
      "h20/outcome_drop_episode_count": 3,
      "h20/outcome_drop_final_state_mse": 0.003366963536131616,
      "h20/outcome_drop_state_mse": 0.001517833175222858,
      "h20/outcome_jam_episode_count": 3,
      "h20/outcome_jam_final_state_mse": 0.004597241290254531,
      "h20/outcome_jam_state_mse": 0.001838611699397268,
      "h20/outcome_miss_episode_count": 3,
      "h20/outcome_miss_final_state_mse": 0.01291672135490218,
      "h20/outcome_miss_state_mse": 0.00824186069513458,
      "h20/outcome_partial_episode_count": 3,
      "h20/outcome_partial_final_state_mse": 0.0035058994308795805,
      "h20/outcome_partial_state_mse": 0.001445796404009551,
      "h20/outcome_success_episode_count": 3,
      "h20/outcome_success_final_state_mse": 0.0036556089625639073,
      "h20/outcome_success_state_mse": 0.00146065775085898,
      "h20/state_mse": 0.002900952108545241,
      "h30/episode_count": 15,
      "h30/final_state_mse": 0.002221183215870577,
      "h30/outcome_drop_episode_count": 3,
      "h30/outcome_drop_final_state_mse": 0.0022646594622166326,
      "h30/outcome_drop_state_mse": 0.0018413948597211984,
      "h30/outcome_jam_episode_count": 3,
      "h30/outcome_jam_final_state_mse": 0.002561637778687321,
      "h30/outcome_jam_state_mse": 0.0021933758700335465,
      "h30/outcome_miss_episode_count": 3,
      "h30/outcome_miss_final_state_mse": 0.0019798315331047657,
      "h30/outcome_miss_state_mse": 0.006813475249379809,
      "h30/outcome_partial_episode_count": 3,
      "h30/outcome_partial_final_state_mse": 0.0021288160697307463,
      "h30/outcome_partial_state_mse": 0.0017783334831786312,
      "h30/outcome_success_episode_count": 3,
      "h30/outcome_success_final_state_mse": 0.0021709719173658906,
      "h30/outcome_success_state_mse": 0.0017979491769877915,
      "h30/state_mse": 0.0028849057798032408,
      "h40/episode_count": 15,
      "h40/final_state_mse": 0.007290223688861124,
      "h40/outcome_drop_episode_count": 3,
      "h40/outcome_drop_final_state_mse": 0.00634523826876497,
      "h40/outcome_drop_state_mse": 0.002230977155024709,
      "h40/outcome_jam_episode_count": 3,
      "h40/outcome_jam_final_state_mse": 0.006763790070621016,
      "h40/outcome_jam_state_mse": 0.0026856951853808236,
      "h40/outcome_miss_episode_count": 3,
      "h40/outcome_miss_final_state_mse": 0.010771602392196655,
      "h40/outcome_miss_state_mse": 0.006432700624652937,
      "h40/outcome_partial_episode_count": 3,
      "h40/outcome_partial_final_state_mse": 0.006381342029259875,
      "h40/outcome_partial_state_mse": 0.002262993965273589,
      "h40/outcome_success_episode_count": 3,
      "h40/outcome_success_final_state_mse": 0.006189144904317419,
      "h40/outcome_success_state_mse": 0.0022785609064538493,
      "h40/state_mse": 0.0031781856063144657,
      "h50/episode_count": 15,
      "h50/final_state_mse": 0.00288339159847085,
      "h50/outcome_drop_episode_count": 3,
      "h50/outcome_drop_final_state_mse": 0.0030936918227501163,
      "h50/outcome_drop_state_mse": 0.0024613801170797907,
      "h50/outcome_jam_episode_count": 3,
      "h50/outcome_jam_final_state_mse": 0.0032950480973798464,
      "h50/outcome_jam_state_mse": 0.0029008549958272696,
      "h50/outcome_miss_episode_count": 3,
      "h50/outcome_miss_final_state_mse": 0.0021345266232303543,
      "h50/outcome_miss_state_mse": 0.005733994377983941,
      "h50/outcome_partial_episode_count": 3,
      "h50/outcome_partial_final_state_mse": 0.002902058799282398,
      "h50/outcome_partial_state_mse": 0.0024912423401876214,
      "h50/outcome_success_episode_count": 3,
      "h50/outcome_success_final_state_mse": 0.002991633136677586,
      "h50/outcome_success_state_mse": 0.0025047403846690857,
      "h50/state_mse": 0.0032184424306832106,
      "h75/episode_count": 15,
      "h75/final_state_mse": 0.005925281998378778,
      "h75/outcome_drop_episode_count": 3,
      "h75/outcome_drop_final_state_mse": 0.006089427502326716,
      "h75/outcome_drop_state_mse": 0.0032490608946690114,
      "h75/outcome_jam_episode_count": 3,
      "h75/outcome_jam_final_state_mse": 0.0059317848066878474,
      "h75/outcome_jam_state_mse": 0.0037101922627368004,
      "h75/outcome_miss_episode_count": 3,
      "h75/outcome_miss_final_state_mse": 0.006062205807835448,
      "h75/outcome_miss_state_mse": 0.005469057336611945,
      "h75/outcome_partial_episode_count": 3,
      "h75/outcome_partial_final_state_mse": 0.005944626783233842,
      "h75/outcome_partial_state_mse": 0.0032145198913441243,
      "h75/outcome_success_episode_count": 3,
      "h75/outcome_success_final_state_mse": 0.005598362170013727,
      "h75/outcome_success_state_mse": 0.0032312362438193594,
      "h75/state_mse": 0.0037748132510382624,
      "max_requested_horizon": 125,
      "reencode_period": 20,
      "rollout_mode": "periodic_20"
    },
    "periodic_5": {
      "episode_count": 15,
      "h10/episode_count": 15,
      "h10/final_state_mse": 0.0016995105868071513,
      "h10/outcome_drop_episode_count": 3,
      "h10/outcome_drop_final_state_mse": 0.0010753045089883743,
      "h10/outcome_drop_state_mse": 0.001384085144092834,
      "h10/outcome_jam_episode_count": 3,
      "h10/outcome_jam_final_state_mse": 0.0016376244914687538,
      "h10/outcome_jam_state_mse": 0.0017308156474743013,
      "h10/outcome_miss_episode_count": 3,
      "h10/outcome_miss_final_state_mse": 0.003642492337164536,
      "h10/outcome_miss_state_mse": 0.009690208684385212,
      "h10/outcome_partial_episode_count": 3,
      "h10/outcome_partial_final_state_mse": 0.0010643080120382746,
      "h10/outcome_partial_state_mse": 0.0013357554970223919,
      "h10/outcome_success_episode_count": 3,
      "h10/outcome_success_final_state_mse": 0.001077823633072423,
      "h10/outcome_success_state_mse": 0.001351127262208976,
      "h10/state_mse": 0.003098398345747804,
      "h100/episode_count": 15,
      "h100/final_state_mse": 0.013473520715252247,
      "h100/outcome_drop_episode_count": 3,
      "h100/outcome_drop_final_state_mse": 0.013905251143025417,
      "h100/outcome_drop_state_mse": 0.0067526685801986,
      "h100/outcome_jam_episode_count": 3,
      "h100/outcome_jam_final_state_mse": 0.013589607149946923,
      "h100/outcome_jam_state_mse": 0.005721772387136821,
      "h100/outcome_miss_episode_count": 3,
      "h100/outcome_miss_final_state_mse": 0.017369730799805885,
      "h100/outcome_miss_state_mse": 0.007733102187611698,
      "h100/outcome_partial_episode_count": 3,
      "h100/outcome_partial_final_state_mse": 0.010840189710162044,
      "h100/outcome_partial_state_mse": 0.0054037577809851155,
      "h100/outcome_success_episode_count": 3,
      "h100/outcome_success_final_state_mse": 0.011662827792510488,
      "h100/outcome_success_state_mse": 0.005610322702943889,
      "h100/state_mse": 0.006244324927236519,
      "h125/episode_count": 15,
      "h125/final_state_mse": 0.012512882706386591,
      "h125/outcome_drop_episode_count": 3,
      "h125/outcome_drop_final_state_mse": 0.011635899738548628,
      "h125/outcome_drop_state_mse": 0.008620542438980801,
      "h125/outcome_jam_episode_count": 3,
      "h125/outcome_jam_final_state_mse": 0.012309210752350053,
      "h125/outcome_jam_state_mse": 0.007842940586065154,
      "h125/outcome_miss_episode_count": 3,
      "h125/outcome_miss_final_state_mse": 0.01548237543480069,
      "h125/outcome_miss_state_mse": 0.010208348093469159,
      "h125/outcome_partial_episode_count": 3,
      "h125/outcome_partial_final_state_mse": 0.01265839531141169,
      "h125/outcome_partial_state_mse": 0.007312566520341861,
      "h125/outcome_success_episode_count": 3,
      "h125/outcome_success_final_state_mse": 0.01047853375572005,
      "h125/outcome_success_state_mse": 0.007429819543377247,
      "h125/state_mse": 0.008282843137254902,
      "h20/episode_count": 15,
      "h20/final_state_mse": 0.0018708113751380272,
      "h20/outcome_drop_episode_count": 3,
      "h20/outcome_drop_final_state_mse": 0.0018508214673964806,
      "h20/outcome_drop_state_mse": 0.00150894203217201,
      "h20/outcome_jam_episode_count": 3,
      "h20/outcome_jam_final_state_mse": 0.001915027503094642,
      "h20/outcome_jam_state_mse": 0.0018165229971891913,
      "h20/outcome_miss_episode_count": 3,
      "h20/outcome_miss_final_state_mse": 0.002173362896333333,
      "h20/outcome_miss_state_mse": 0.006307933221455493,
      "h20/outcome_partial_episode_count": 3,
      "h20/outcome_partial_final_state_mse": 0.0017008267196954466,
      "h20/outcome_partial_state_mse": 0.0014408008725035424,
      "h20/outcome_success_episode_count": 3,
      "h20/outcome_success_final_state_mse": 0.0017140186300464704,
      "h20/outcome_success_state_mse": 0.0014524933559442658,
      "h20/state_mse": 0.0025053385815589258,
      "h30/episode_count": 15,
      "h30/final_state_mse": 0.001879668079949672,
      "h30/outcome_drop_episode_count": 3,
      "h30/outcome_drop_final_state_mse": 0.001975446744681963,
      "h30/outcome_drop_state_mse": 0.0016672728368139994,
      "h30/outcome_jam_episode_count": 3,
      "h30/outcome_jam_final_state_mse": 0.002175838144776089,
      "h30/outcome_jam_state_mse": 0.0019954225076829167,
      "h30/outcome_miss_episode_count": 3,
      "h30/outcome_miss_final_state_mse": 0.0014413528485235825,
      "h30/outcome_miss_state_mse": 0.0048828821036810445,
      "h30/outcome_partial_episode_count": 3,
      "h30/outcome_partial_final_state_mse": 0.001897722507029577,
      "h30/outcome_partial_state_mse": 0.0016149782926688267,
      "h30/outcome_success_episode_count": 3,
      "h30/outcome_success_final_state_mse": 0.0019079801547371483,
      "h30/outcome_success_state_mse": 0.001629312703292614,
      "h30/state_mse": 0.002357973584941789,
      "h40/episode_count": 15,
      "h40/final_state_mse": 0.0022183684741749485,
      "h40/outcome_drop_episode_count": 3,
      "h40/outcome_drop_final_state_mse": 0.002112693938554502,
      "h40/outcome_drop_state_mse": 0.0018615294126124165,
      "h40/outcome_jam_episode_count": 3,
      "h40/outcome_jam_final_state_mse": 0.0024432990870444605,
      "h40/outcome_jam_state_mse": 0.002234717171176586,
      "h40/outcome_miss_episode_count": 3,
      "h40/outcome_miss_final_state_mse": 0.0018587802944619672,
      "h40/outcome_miss_state_mse": 0.00419890452054591,
      "h40/outcome_partial_episode_count": 3,
      "h40/outcome_partial_final_state_mse": 0.0023517211278279624,
      "h40/outcome_partial_state_mse": 0.0018892671158111172,
      "h40/outcome_success_episode_count": 3,
      "h40/outcome_success_final_state_mse": 0.0023253480690756654,
      "h40/outcome_success_state_mse": 0.0018992245976441825,
      "h40/state_mse": 0.002416728399937449,
      "h50/episode_count": 15,
      "h50/final_state_mse": 0.0029382830351785895,
      "h50/outcome_drop_episode_count": 3,
      "h50/outcome_drop_final_state_mse": 0.002673586063525256,
      "h50/outcome_drop_state_mse": 0.0020410041871413687,
      "h50/outcome_jam_episode_count": 3,
      "h50/outcome_jam_final_state_mse": 0.003351626686410966,
      "h50/outcome_jam_state_mse": 0.0024952708350287544,
      "h50/outcome_miss_episode_count": 3,
      "h50/outcome_miss_final_state_mse": 0.0026532449558669445,
      "h50/outcome_miss_state_mse": 0.003940149444380617,
      "h50/outcome_partial_episode_count": 3,
      "h50/outcome_partial_final_state_mse": 0.003040356476322498,
      "h50/outcome_partial_state_mse": 0.002177366057252572,
      "h50/outcome_success_episode_count": 3,
      "h50/outcome_success_final_state_mse": 0.0029725994841725218,
      "h50/outcome_success_state_mse": 0.002175329058778052,
      "h50/state_mse": 0.0025658238230187908,
      "h75/episode_count": 15,
      "h75/final_state_mse": 0.008273529850579555,
      "h75/outcome_drop_episode_count": 3,
      "h75/outcome_drop_final_state_mse": 0.011018809345033433,
      "h75/outcome_drop_state_mse": 0.0036574037921714366,
      "h75/outcome_jam_episode_count": 3,
      "h75/outcome_jam_final_state_mse": 0.007232211384118772,
      "h75/outcome_jam_state_mse": 0.003621884098759404,
      "h75/outcome_miss_episode_count": 3,
      "h75/outcome_miss_final_state_mse": 0.008653904877456963,
      "h75/outcome_miss_state_mse": 0.004703039530835121,
      "h75/outcome_partial_episode_count": 3,
      "h75/outcome_partial_final_state_mse": 0.0063939499699212365,
      "h75/outcome_partial_state_mse": 0.003345149586663007,
      "h75/outcome_success_episode_count": 3,
      "h75/outcome_success_final_state_mse": 0.008068772507648841,
      "h75/outcome_success_state_mse": 0.003365144999718095,
      "h75/state_mse": 0.0037385245927798205,
      "max_requested_horizon": 125,
      "reencode_period": 5,
      "rollout_mode": "periodic_5"
    },
    "periodic_50": {
      "episode_count": 15,
      "h10/episode_count": 15,
      "h10/final_state_mse": 0.001758068059784135,
      "h10/outcome_drop_episode_count": 3,
      "h10/outcome_drop_final_state_mse": 0.0009607387572721718,
      "h10/outcome_drop_state_mse": 0.0012819245749828862,
      "h10/outcome_jam_episode_count": 3,
      "h10/outcome_jam_final_state_mse": 0.0017354983130311655,
      "h10/outcome_jam_state_mse": 0.001630866995044783,
      "h10/outcome_miss_episode_count": 3,
      "h10/outcome_miss_final_state_mse": 0.004297348993276459,
      "h10/outcome_miss_state_mse": 0.009786432708790099,
      "h10/outcome_partial_episode_count": 3,
      "h10/outcome_partial_final_state_mse": 0.0008901466000703426,
      "h10/outcome_partial_state_mse": 0.0012190596535314921,
      "h10/outcome_success_episode_count": 3,
      "h10/outcome_success_final_state_mse": 0.0009066082196297989,
      "h10/outcome_success_state_mse": 0.0012271743389516095,
      "h10/state_mse": 0.0030290917789234833,
      "h100/episode_count": 15,
      "h100/final_state_mse": 0.07309604220920139,
      "h100/outcome_drop_episode_count": 3,
      "h100/outcome_drop_final_state_mse": 0.0848032477634405,
      "h100/outcome_drop_state_mse": 0.03805753022237541,
      "h100/outcome_jam_episode_count": 3,
      "h100/outcome_jam_final_state_mse": 0.06451424274569244,
      "h100/outcome_jam_state_mse": 0.03610833660449857,
      "h100/outcome_miss_episode_count": 3,
      "h100/outcome_miss_final_state_mse": 0.07608987147512,
      "h100/outcome_miss_state_mse": 0.04546031278722427,
      "h100/outcome_partial_episode_count": 3,
      "h100/outcome_partial_final_state_mse": 0.07469248460009208,
      "h100/outcome_partial_state_mse": 0.036983410205716404,
      "h100/outcome_success_episode_count": 3,
      "h100/outcome_success_final_state_mse": 0.06538036446166194,
      "h100/outcome_success_state_mse": 0.035918205111634495,
      "h100/state_mse": 0.03850555300245098,
      "h125/episode_count": 15,
      "h125/final_state_mse": 0.027082166484757964,
      "h125/outcome_drop_episode_count": 3,
      "h125/outcome_drop_final_state_mse": 0.023718484086928025,
      "h125/outcome_drop_state_mse": 0.03551784141390931,
      "h125/outcome_jam_episode_count": 3,
      "h125/outcome_jam_final_state_mse": 0.028649094058018104,
      "h125/outcome_jam_state_mse": 0.032775601256127454,
      "h125/outcome_miss_episode_count": 3,
      "h125/outcome_miss_final_state_mse": 0.026490185385436016,
      "h125/outcome_miss_state_mse": 0.04087009644352533,
      "h125/outcome_partial_episode_count": 3,
      "h125/outcome_partial_final_state_mse": 0.031089006685743145,
      "h125/outcome_partial_state_mse": 0.03440700555938521,
      "h125/outcome_success_episode_count": 3,
      "h125/outcome_success_final_state_mse": 0.025464075063568313,
      "h125/outcome_success_state_mse": 0.03232069386999591,
      "h125/state_mse": 0.03517824754901961,
      "h20/episode_count": 15,
      "h20/final_state_mse": 0.005608486973382289,
      "h20/outcome_drop_episode_count": 3,
      "h20/outcome_drop_final_state_mse": 0.003366963536131616,
      "h20/outcome_drop_state_mse": 0.001517833175222858,
      "h20/outcome_jam_episode_count": 3,
      "h20/outcome_jam_final_state_mse": 0.004597241290254531,
      "h20/outcome_jam_state_mse": 0.001838611699397268,
      "h20/outcome_miss_episode_count": 3,
      "h20/outcome_miss_final_state_mse": 0.01291672135490218,
      "h20/outcome_miss_state_mse": 0.00824186069513458,
      "h20/outcome_partial_episode_count": 3,
      "h20/outcome_partial_final_state_mse": 0.0035058994308795805,
      "h20/outcome_partial_state_mse": 0.001445796404009551,
      "h20/outcome_success_episode_count": 3,
      "h20/outcome_success_final_state_mse": 0.0036556089625639073,
      "h20/outcome_success_state_mse": 0.00146065775085898,
      "h20/state_mse": 0.002900952108545241,
      "h30/episode_count": 15,
      "h30/final_state_mse": 0.03225892758836933,
      "h30/outcome_drop_episode_count": 3,
      "h30/outcome_drop_final_state_mse": 0.025183900509005278,
      "h30/outcome_drop_state_mse": 0.005756916407666175,
      "h30/outcome_jam_episode_count": 3,
      "h30/outcome_jam_final_state_mse": 0.026937963526233347,
      "h30/outcome_jam_state_mse": 0.006090844742353186,
      "h30/outcome_miss_episode_count": 3,
      "h30/outcome_miss_final_state_mse": 0.057776292165120445,
      "h30/outcome_miss_state_mse": 0.01744535275793803,
      "h30/outcome_partial_episode_count": 3,
      "h30/outcome_partial_final_state_mse": 0.025574862957000732,
      "h30/outcome_partial_state_mse": 0.005671069097415035,
      "h30/outcome_success_episode_count": 3,
      "h30/outcome_success_final_state_mse": 0.02582161488875844,
      "h30/outcome_success_state_mse": 0.005728459306272286,
      "h30/state_mse": 0.008138528129893451,
      "h40/episode_count": 15,
      "h40/final_state_mse": 0.0715417400684232,
      "h40/outcome_drop_episode_count": 3,
      "h40/outcome_drop_final_state_mse": 0.06577224669113658,
      "h40/outcome_drop_state_mse": 0.016107405556572807,
      "h40/outcome_jam_episode_count": 3,
      "h40/outcome_jam_final_state_mse": 0.06697620597540163,
      "h40/outcome_jam_state_mse": 0.01631320785073673,
      "h40/outcome_miss_episode_count": 3,
      "h40/outcome_miss_final_state_mse": 0.09624290154650321,
      "h40/outcome_miss_state_mse": 0.03444817923252878,
      "h40/outcome_partial_episode_count": 3,
      "h40/outcome_partial_final_state_mse": 0.06414501183952381,
      "h40/outcome_partial_state_mse": 0.015587851580451517,
      "h40/outcome_success_episode_count": 3,
      "h40/outcome_success_final_state_mse": 0.06457234675588172,
      "h40/outcome_success_state_mse": 0.015784788443372142,
      "h40/state_mse": 0.01964828590941585,
      "h50/episode_count": 15,
      "h50/final_state_mse": 0.07613523894665288,
      "h50/outcome_drop_episode_count": 3,
      "h50/outcome_drop_final_state_mse": 0.08371068605410507,
      "h50/outcome_drop_state_mse": 0.030465805951286763,
      "h50/outcome_jam_episode_count": 3,
      "h50/outcome_jam_final_state_mse": 0.07252951229319853,
      "h50/outcome_jam_state_mse": 0.028473371617934284,
      "h50/outcome_miss_episode_count": 3,
      "h50/outcome_miss_final_state_mse": 0.08111313589258132,
      "h50/outcome_miss_state_mse": 0.04433575000638276,
      "h50/outcome_partial_episode_count": 3,
      "h50/outcome_partial_final_state_mse": 0.0727328303592657,
      "h50/outcome_partial_state_mse": 0.02758452621160769,
      "h50/outcome_success_episode_count": 3,
      "h50/outcome_success_final_state_mse": 0.07059002545923969,
      "h50/outcome_success_state_mse": 0.027723363240559896,
      "h50/state_mse": 0.031716560712826795,
      "h75/episode_count": 15,
      "h75/final_state_mse": 0.03478424471188215,
      "h75/outcome_drop_episode_count": 3,
      "h75/outcome_drop_final_state_mse": 0.03125609136095234,
      "h75/outcome_drop_state_mse": 0.02686375703167552,
      "h75/outcome_jam_episode_count": 3,
      "h75/outcome_jam_final_state_mse": 0.033843904538871414,
      "h75/outcome_jam_state_mse": 0.02673920342605358,
      "h75/outcome_miss_episode_count": 3,
      "h75/outcome_miss_final_state_mse": 0.04000907629923103,
      "h75/outcome_miss_state_mse": 0.03749332602507149,
      "h75/outcome_partial_episode_count": 3,
      "h75/outcome_partial_final_state_mse": 0.0345124742564033,
      "h75/outcome_partial_state_mse": 0.026234049080244078,
      "h75/outcome_success_episode_count": 3,
      "h75/outcome_success_final_state_mse": 0.03429968762241937,
      "h75/outcome_success_state_mse": 0.026222607980366627,
      "h75/state_mse": 0.028710586448120915,
      "max_requested_horizon": 125,
      "reencode_period": 50,
      "rollout_mode": "periodic_50"
    }
  },
  "split": "test",
  "support_alignment": {
    "contact_phase": {
      "contact_phase_family_ari": 0.0004227255009872115,
      "contact_phase_family_nmi": 0.013004095463905324,
      "contact_phase_family_purity": 0.9996668887408394,
      "contact_phase_sample_count": 3002.0,
      "h_contact_phase_given_family": 0.0021873529894018595,
      "h_family_given_contact_phase": 1.3017217373070096,
      "unique_contact_phase_count": 2.0,
      "unique_family_count": 5.0
    },
    "contact_phase_alignment_available": true,
    "evaluated_state_count": 3017,
    "family_count": 5,
    "mean_family_similarity": 0.46142181754112244,
    "mean_support_size": 200.9310573417302,
    "outcome_alignment_available": true,
    "outcome_state": {
      "h_family_given_outcome": 0.6365141682948128,
      "h_outcome_given_family": 1.6094379124341005,
      "outcome_family_ari": -0.10526315789473684,
      "outcome_family_nmi": 0.0,
      "outcome_family_purity": 0.2,
      "outcome_sample_count": 15.0,
      "unique_family_count": 2.0,
      "unique_outcome_count": 5.0
    },
    "status": "ok",
    "unassigned_state_fraction": 0.0,
    "validation_state_count": 2346
  },
  "support_threshold": 0.2
}
{
  "best_periodic_rollout": {
    "episode_count": 15,
    "h10/episode_count": 15,
    "h10/final_state_mse": 0.001744937740899379,
    "h10/outcome_drop_episode_count": 3,
    "h10/outcome_drop_final_state_mse": 0.000899678826624272,
    "h10/outcome_drop_state_mse": 0.001353588349678937,
    "h10/outcome_jam_episode_count": 3,
    "h10/outcome_jam_final_state_mse": 0.0013290683014525308,
    "h10/outcome_jam_state_mse": 0.0016406967164644228,
    "h10/outcome_miss_episode_count": 3,
    "h10/outcome_miss_final_state_mse": 0.0046900193773063955,
    "h10/outcome_miss_state_mse": 0.00963704102958729,
    "h10/outcome_partial_episode_count": 3,
    "h10/outcome_partial_final_state_mse": 0.000906501294058912,
    "h10/outcome_partial_state_mse": 0.0013189823409311132,
    "h10/outcome_success_episode_count": 3,
    "h10/outcome_success_final_state_mse": 0.0008994209415772382,
    "h10/outcome_success_state_mse": 0.0013240292181376538,
    "h10/selected_mode": "periodic_10",
    "h10/selected_period": 10,
    "h10/state_mse": 0.003054867414088031,
    "h100/episode_count": 15,
    "h100/final_state_mse": 0.006427343530592575,
    "h100/outcome_drop_episode_count": 3,
    "h100/outcome_drop_final_state_mse": 0.0066218909387495,
    "h100/outcome_drop_state_mse": 0.002816404112024245,
    "h100/outcome_jam_episode_count": 3,
    "h100/outcome_jam_final_state_mse": 0.006269471318114037,
    "h100/outcome_jam_state_mse": 0.003519110399134019,
    "h100/outcome_miss_episode_count": 3,
    "h100/outcome_miss_final_state_mse": 0.008399947406419741,
    "h100/outcome_miss_state_mse": 0.00468454560423209,
    "h100/outcome_partial_episode_count": 3,
    "h100/outcome_partial_final_state_mse": 0.004990181258690903,
    "h100/outcome_partial_state_mse": 0.0030529456668429906,
    "h100/outcome_success_episode_count": 3,
    "h100/outcome_success_final_state_mse": 0.00585522415006862,
    "h100/outcome_success_state_mse": 0.0030827206879659418,
    "h100/selected_mode": "periodic_10",
    "h100/selected_period": 10,
    "h100/state_mse": 0.0034311451631433825,
    "h125/episode_count": 15,
    "h125/final_state_mse": 0.0066389115028132025,
    "h125/outcome_drop_episode_count": 3,
    "h125/outcome_drop_final_state_mse": 0.0060381396533617,
    "h125/outcome_drop_state_mse": 0.003705288805992775,
    "h125/outcome_jam_episode_count": 3,
    "h125/outcome_jam_final_state_mse": 0.007383005876167148,
    "h125/outcome_jam_state_mse": 0.00454239031224469,
    "h125/outcome_miss_episode_count": 3,
    "h125/outcome_miss_final_state_mse": 0.008823765648735894,
    "h125/outcome_miss_state_mse": 0.005733908659492443,
    "h125/outcome_partial_episode_count": 3,
    "h125/outcome_partial_final_state_mse": 0.005269756552830241,
    "h125/outcome_partial_state_mse": 0.0036182994967192605,
    "h125/outcome_success_episode_count": 3,
    "h125/outcome_success_final_state_mse": 0.005679891195172578,
    "h125/outcome_success_state_mse": 0.0038863230686561733,
    "h125/selected_mode": "periodic_10",
    "h125/selected_period": 10,
    "h125/state_mse": 0.00429724200878268,
    "h20/episode_count": 15,
    "h20/final_state_mse": 0.0015739001479803346,
    "h20/outcome_drop_episode_count": 3,
    "h20/outcome_drop_final_state_mse": 0.0016082413981552996,
    "h20/outcome_drop_state_mse": 0.0014371848379085266,
    "h20/outcome_jam_episode_count": 3,
    "h20/outcome_jam_final_state_mse": 0.001657895573408775,
    "h20/outcome_jam_state_mse": 0.001648166230301452,
    "h20/outcome_miss_episode_count": 3,
    "h20/outcome_miss_final_state_mse": 0.001655506055339489,
    "h20/outcome_miss_state_mse": 0.006132877574247473,
    "h20/outcome_partial_episode_count": 3,
    "h20/outcome_partial_final_state_mse": 0.0014721502129938088,
    "h20/outcome_partial_state_mse": 0.0013709572016024122,
    "h20/outcome_success_episode_count": 3,
    "h20/outcome_success_final_state_mse": 0.00147570730521788,
    "h20/outcome_success_state_mse": 0.0013806984510297089,
    "h20/selected_mode": "periodic_10",
    "h20/selected_period": 10,
    "h20/state_mse": 0.0023939768473307294,
    "h30/episode_count": 15,
    "h30/final_state_mse": 0.0018970771552690494,
    "h30/outcome_drop_episode_count": 3,
    "h30/outcome_drop_final_state_mse": 0.001972605614295972,
    "h30/outcome_drop_state_mse": 0.001586841550008404,
    "h30/outcome_jam_episode_count": 3,
    "h30/outcome_jam_final_state_mse": 0.002264367623461617,
    "h30/outcome_jam_state_mse": 0.001845407148332118,
    "h30/outcome_miss_episode_count": 3,
    "h30/outcome_miss_final_state_mse": 0.0015955034619063333,
    "h30/outcome_miss_state_mse": 0.004650614931692485,
    "h30/outcome_partial_episode_count": 3,
    "h30/outcome_partial_final_state_mse": 0.001829950784156525,
    "h30/outcome_partial_state_mse": 0.0015268118682769908,
    "h30/outcome_success_episode_count": 3,
    "h30/outcome_success_final_state_mse": 0.001822958170783286,
    "h30/outcome_success_state_mse": 0.0015432200790230744,
    "h30/selected_mode": "periodic_10",
    "h30/selected_period": 10,
    "h30/state_mse": 0.0022305791518267464,
    "h40/episode_count": 15,
    "h40/final_state_mse": 0.0020652928383521783,
    "h40/outcome_drop_episode_count": 3,
    "h40/outcome_drop_final_state_mse": 0.0013813533473248576,
    "h40/outcome_drop_state_mse": 0.0016486505083009308,
    "h40/outcome_jam_episode_count": 3,
    "h40/outcome_jam_final_state_mse": 0.00226960187546568,
    "h40/outcome_jam_state_mse": 0.0020514748065300235,
    "h40/outcome_miss_episode_count": 3,
    "h40/outcome_miss_final_state_mse": 0.0023046017082688076,
    "h40/outcome_miss_state_mse": 0.003992555889428831,
    "h40/outcome_partial_episode_count": 3,
    "h40/outcome_partial_final_state_mse": 0.002165225084895402,
    "h40/outcome_partial_state_mse": 0.001733457262999092,
    "h40/outcome_success_episode_count": 3,
    "h40/outcome_success_final_state_mse": 0.002205681993193876,
    "h40/outcome_success_state_mse": 0.001750577314227235,
    "h40/selected_mode": "periodic_10",
    "h40/selected_period": 10,
    "h40/state_mse": 0.0022353432848562604,
    "h50/episode_count": 15,
    "h50/final_state_mse": 0.0023516182805977614,
    "h50/outcome_drop_episode_count": 3,
    "h50/outcome_drop_final_state_mse": 0.0016479681860777288,
    "h50/outcome_drop_state_mse": 0.0017395878461451313,
    "h50/outcome_jam_episode_count": 3,
    "h50/outcome_jam_final_state_mse": 0.0026784246799603007,
    "h50/outcome_jam_state_mse": 0.0023027053845474143,
    "h50/outcome_miss_episode_count": 3,
    "h50/outcome_miss_final_state_mse": 0.0025132611101748898,
    "h50/outcome_miss_state_mse": 0.0037066470875459557,
    "h50/outcome_partial_episode_count": 3,
    "h50/outcome_partial_final_state_mse": 0.0024572647377556446,
    "h50/outcome_partial_state_mse": 0.001969611317503686,
    "h50/outcome_success_episode_count": 3,
    "h50/outcome_success_final_state_mse": 0.002461172445537218,
    "h50/outcome_success_state_mse": 0.001982682857638091,
    "h50/selected_mode": "periodic_10",
    "h50/selected_period": 10,
    "h50/state_mse": 0.002340246861277063,
    "h75/episode_count": 15,
    "h75/final_state_mse": 0.004115631377774906,
    "h75/outcome_drop_episode_count": 3,
    "h75/outcome_drop_final_state_mse": 0.0032194229999398874,
    "h75/outcome_drop_state_mse": 0.002055768821234277,
    "h75/outcome_jam_episode_count": 3,
    "h75/outcome_jam_final_state_mse": 0.004158361967093025,
    "h75/outcome_jam_state_mse": 0.00282855696667773,
    "h75/outcome_miss_episode_count": 3,
    "h75/outcome_miss_final_state_mse": 0.004963805375535504,
    "h75/outcome_miss_state_mse": 0.0038647880637308093,
    "h75/outcome_partial_episode_count": 3,
    "h75/outcome_partial_final_state_mse": 0.004071166215379254,
    "h75/outcome_partial_state_mse": 0.0024496161184539463,
    "h75/outcome_success_episode_count": 3,
    "h75/outcome_success_final_state_mse": 0.0041653999900506215,
    "h75/outcome_success_state_mse": 0.002457958420896842,
    "h75/selected_mode": "periodic_10",
    "h75/selected_period": 10,
    "h75/state_mse": 0.0027313378693491286,
    "max_requested_horizon": 125,
    "periodic_reencode_periods": [
      1,
      2,
      5,
      10,
      20,
      50,
      100
    ],
    "rollout_mode": "best_periodic"
  },
  "checkpoint": "runs/maniskill_insertion/perturbation_e20_5k_optimizer_fairness_20260609_132517/dense_tanh_sp0_lr5em4_wd0/seed2/checkpoint.pt",
  "checkpoint_step": 1500,
  "dataset": "data/maniskill/perturbation_assessment_seed0_e20/all_setups.npz",
  "device": "cuda",
  "family_jaccard": 0.4,
  "horizons": [
    10,
    20,
    30,
    40,
    50,
    75,
    100,
    125
  ],
  "labels_used_for_training": false,
  "periodic_reencode_periods": [
    1,
    2,
    5,
    10,
    20,
    50,
    100
  ],
  "rollout": {
    "episode_count": 15,
    "h10/episode_count": 15,
    "h10/final_state_mse": 0.0017449380525576524,
    "h10/outcome_drop_episode_count": 3,
    "h10/outcome_drop_final_state_mse": 0.0008996787048827589,
    "h10/outcome_drop_state_mse": 0.001353588349678937,
    "h10/outcome_jam_episode_count": 3,
    "h10/outcome_jam_final_state_mse": 0.0013290680944919586,
    "h10/outcome_jam_state_mse": 0.001640696774900349,
    "h10/outcome_miss_episode_count": 3,
    "h10/outcome_miss_final_state_mse": 0.004690020497328315,
    "h10/outcome_miss_state_mse": 0.009637042120391247,
    "h10/outcome_partial_episode_count": 3,
    "h10/outcome_partial_final_state_mse": 0.0009065013792779711,
    "h10/outcome_partial_state_mse": 0.0013189823409311132,
    "h10/outcome_success_episode_count": 3,
    "h10/outcome_success_final_state_mse": 0.000899421294627626,
    "h10/outcome_success_state_mse": 0.0013240291207444433,
    "h10/state_mse": 0.0030548679127412686,
    "h100/episode_count": 15,
    "h100/final_state_mse": 0.0847399942236009,
    "h100/outcome_drop_episode_count": 3,
    "h100/outcome_drop_final_state_mse": 0.08225479001313253,
    "h100/outcome_drop_state_mse": 0.0538844389073989,
    "h100/outcome_jam_episode_count": 3,
    "h100/outcome_jam_final_state_mse": 0.08603041078530106,
    "h100/outcome_jam_state_mse": 0.050385123857485704,
    "h100/outcome_miss_episode_count": 3,
    "h100/outcome_miss_final_state_mse": 0.07830598463419995,
    "h100/outcome_miss_state_mse": 0.0553086843054279,
    "h100/outcome_partial_episode_count": 3,
    "h100/outcome_partial_final_state_mse": 0.09291491944805469,
    "h100/outcome_partial_state_mse": 0.05165956584456699,
    "h100/outcome_success_episode_count": 3,
    "h100/outcome_success_final_state_mse": 0.08419384052550871,
    "h100/outcome_success_state_mse": 0.05032574223537071,
    "h100/state_mse": 0.052312710631127454,
    "h125/episode_count": 15,
    "h125/final_state_mse": 0.05409499523686428,
    "h125/outcome_drop_episode_count": 3,
    "h125/outcome_drop_final_state_mse": 0.04589993735544043,
    "h125/outcome_drop_state_mse": 0.0553316059985192,
    "h125/outcome_jam_episode_count": 3,
    "h125/outcome_jam_final_state_mse": 0.04643282547495724,
    "h125/outcome_jam_state_mse": 0.05265374875536152,
    "h125/outcome_miss_episode_count": 3,
    "h125/outcome_miss_final_state_mse": 0.05611324232388166,
    "h125/outcome_miss_state_mse": 0.055879046670751636,
    "h125/outcome_partial_episode_count": 3,
    "h125/outcome_partial_final_state_mse": 0.07221579707525914,
    "h125/outcome_partial_state_mse": 0.05741567733864379,
    "h125/outcome_success_episode_count": 3,
    "h125/outcome_success_final_state_mse": 0.04981317161734587,
    "h125/outcome_success_state_mse": 0.052088398054534316,
    "h125/state_mse": 0.054673692810457516,
    "h20/episode_count": 15,
    "h20/final_state_mse": 0.0037844925924064286,
    "h20/outcome_drop_episode_count": 3,
    "h20/outcome_drop_final_state_mse": 0.0035381502185771667,
    "h20/outcome_drop_state_mse": 0.001560006500069612,
    "h20/outcome_jam_episode_count": 3,
    "h20/outcome_jam_final_state_mse": 0.003664591440967485,
    "h20/outcome_jam_state_mse": 0.0017699923001083674,
    "h20/outcome_miss_episode_count": 3,
    "h20/outcome_miss_final_state_mse": 0.005074351246840034,
    "h20/outcome_miss_state_mse": 0.006707649449117822,
    "h20/outcome_partial_episode_count": 3,
    "h20/outcome_partial_final_state_mse": 0.0033224910692451824,
    "h20/outcome_partial_state_mse": 0.0014918561464820812,
    "h20/outcome_success_episode_count": 3,
    "h20/outcome_success_final_state_mse": 0.003322878840312459,
    "h20/outcome_success_state_mse": 0.001499950885772705,
    "h20/state_mse": 0.002605891009561377,
    "h30/episode_count": 15,
    "h30/final_state_mse": 0.02061560512368196,
    "h30/outcome_drop_episode_count": 3,
    "h30/outcome_drop_final_state_mse": 0.018945919142829046,
    "h30/outcome_drop_state_mse": 0.0046303443139934335,
    "h30/outcome_jam_episode_count": 3,
    "h30/outcome_jam_final_state_mse": 0.01948515418308233,
    "h30/outcome_jam_state_mse": 0.004770439538560921,
    "h30/outcome_miss_episode_count": 3,
    "h30/outcome_miss_final_state_mse": 0.02665837177264145,
    "h30/outcome_miss_state_mse": 0.009501487133549709,
    "h30/outcome_partial_episode_count": 3,
    "h30/outcome_partial_final_state_mse": 0.01903291231666515,
    "h30/outcome_partial_state_mse": 0.004560000288720225,
    "h30/outcome_success_episode_count": 3,
    "h30/outcome_success_final_state_mse": 0.01895566820319182,
    "h30/outcome_success_state_mse": 0.004557696510763729,
    "h30/state_mse": 0.005603993401288467,
    "h40/episode_count": 15,
    "h40/final_state_mse": 0.04541181676528033,
    "h40/outcome_drop_episode_count": 3,
    "h40/outcome_drop_final_state_mse": 0.04718568278293984,
    "h40/outcome_drop_state_mse": 0.012206102508345461,
    "h40/outcome_jam_episode_count": 3,
    "h40/outcome_jam_final_state_mse": 0.047194882156023014,
    "h40/outcome_jam_state_mse": 0.012334468162137699,
    "h40/outcome_miss_episode_count": 3,
    "h40/outcome_miss_final_state_mse": 0.03858562933853249,
    "h40/outcome_miss_state_mse": 0.017039889915316714,
    "h40/outcome_partial_episode_count": 3,
    "h40/outcome_partial_final_state_mse": 0.04733973079257541,
    "h40/outcome_partial_state_mse": 0.012286421831916361,
    "h40/outcome_success_episode_count": 3,
    "h40/outcome_success_final_state_mse": 0.046753158756330904,
    "h40/outcome_success_state_mse": 0.012223112505245833,
    "h40/state_mse": 0.013217998828763277,
    "h50/episode_count": 15,
    "h50/final_state_mse": 0.0715491749881919,
    "h50/outcome_drop_episode_count": 3,
    "h50/outcome_drop_final_state_mse": 0.0921677717196396,
    "h50/outcome_drop_state_mse": 0.025212803759606058,
    "h50/outcome_jam_episode_count": 3,
    "h50/outcome_jam_final_state_mse": 0.06780568758646648,
    "h50/outcome_jam_state_mse": 0.02249964595620149,
    "h50/outcome_miss_episode_count": 3,
    "h50/outcome_miss_final_state_mse": 0.06628578005273358,
    "h50/outcome_miss_state_mse": 0.025022145190270118,
    "h50/outcome_partial_episode_count": 3,
    "h50/outcome_partial_final_state_mse": 0.06545935736762153,
    "h50/outcome_partial_state_mse": 0.022781350628223295,
    "h50/outcome_success_episode_count": 3,
    "h50/outcome_success_final_state_mse": 0.06602729847228606,
    "h50/outcome_success_state_mse": 0.02261287514680351,
    "h50/state_mse": 0.02362576273999183,
    "h75/episode_count": 15,
    "h75/final_state_mse": 0.07453866597094568,
    "h75/outcome_drop_episode_count": 3,
    "h75/outcome_drop_final_state_mse": 0.07508648298924266,
    "h75/outcome_drop_state_mse": 0.04483529816006264,
    "h75/outcome_jam_episode_count": 3,
    "h75/outcome_jam_final_state_mse": 0.07402430640326606,
    "h75/outcome_jam_state_mse": 0.040293892920666534,
    "h75/outcome_miss_episode_count": 3,
    "h75/outcome_miss_final_state_mse": 0.07135316125707689,
    "h75/outcome_miss_state_mse": 0.0449670370263991,
    "h75/outcome_partial_episode_count": 3,
    "h75/outcome_partial_final_state_mse": 0.0770447783999973,
    "h75/outcome_partial_state_mse": 0.040271348475371053,
    "h75/outcome_success_episode_count": 3,
    "h75/outcome_success_final_state_mse": 0.0751845805473577,
    "h75/outcome_success_state_mse": 0.040011100685934095,
    "h75/state_mse": 0.04207573359204793,
    "max_requested_horizon": 125,
    "reencode_period": null,
    "rollout_mode": "no_reencode"
  },
  "rollout_modes": {
    "no_reencode": {
      "episode_count": 15,
      "h10/episode_count": 15,
      "h10/final_state_mse": 0.0017449380525576524,
      "h10/outcome_drop_episode_count": 3,
      "h10/outcome_drop_final_state_mse": 0.0008996787048827589,
      "h10/outcome_drop_state_mse": 0.001353588349678937,
      "h10/outcome_jam_episode_count": 3,
      "h10/outcome_jam_final_state_mse": 0.0013290680944919586,
      "h10/outcome_jam_state_mse": 0.001640696774900349,
      "h10/outcome_miss_episode_count": 3,
      "h10/outcome_miss_final_state_mse": 0.004690020497328315,
      "h10/outcome_miss_state_mse": 0.009637042120391247,
      "h10/outcome_partial_episode_count": 3,
      "h10/outcome_partial_final_state_mse": 0.0009065013792779711,
      "h10/outcome_partial_state_mse": 0.0013189823409311132,
      "h10/outcome_success_episode_count": 3,
      "h10/outcome_success_final_state_mse": 0.000899421294627626,
      "h10/outcome_success_state_mse": 0.0013240291207444433,
      "h10/state_mse": 0.0030548679127412686,
      "h100/episode_count": 15,
      "h100/final_state_mse": 0.0847399942236009,
      "h100/outcome_drop_episode_count": 3,
      "h100/outcome_drop_final_state_mse": 0.08225479001313253,
      "h100/outcome_drop_state_mse": 0.0538844389073989,
      "h100/outcome_jam_episode_count": 3,
      "h100/outcome_jam_final_state_mse": 0.08603041078530106,
      "h100/outcome_jam_state_mse": 0.050385123857485704,
      "h100/outcome_miss_episode_count": 3,
      "h100/outcome_miss_final_state_mse": 0.07830598463419995,
      "h100/outcome_miss_state_mse": 0.0553086843054279,
      "h100/outcome_partial_episode_count": 3,
      "h100/outcome_partial_final_state_mse": 0.09291491944805469,
      "h100/outcome_partial_state_mse": 0.05165956584456699,
      "h100/outcome_success_episode_count": 3,
      "h100/outcome_success_final_state_mse": 0.08419384052550871,
      "h100/outcome_success_state_mse": 0.05032574223537071,
      "h100/state_mse": 0.052312710631127454,
      "h125/episode_count": 15,
      "h125/final_state_mse": 0.05409499523686428,
      "h125/outcome_drop_episode_count": 3,
      "h125/outcome_drop_final_state_mse": 0.04589993735544043,
      "h125/outcome_drop_state_mse": 0.0553316059985192,
      "h125/outcome_jam_episode_count": 3,
      "h125/outcome_jam_final_state_mse": 0.04643282547495724,
      "h125/outcome_jam_state_mse": 0.05265374875536152,
      "h125/outcome_miss_episode_count": 3,
      "h125/outcome_miss_final_state_mse": 0.05611324232388166,
      "h125/outcome_miss_state_mse": 0.055879046670751636,
      "h125/outcome_partial_episode_count": 3,
      "h125/outcome_partial_final_state_mse": 0.07221579707525914,
      "h125/outcome_partial_state_mse": 0.05741567733864379,
      "h125/outcome_success_episode_count": 3,
      "h125/outcome_success_final_state_mse": 0.04981317161734587,
      "h125/outcome_success_state_mse": 0.052088398054534316,
      "h125/state_mse": 0.054673692810457516,
      "h20/episode_count": 15,
      "h20/final_state_mse": 0.0037844925924064286,
      "h20/outcome_drop_episode_count": 3,
      "h20/outcome_drop_final_state_mse": 0.0035381502185771667,
      "h20/outcome_drop_state_mse": 0.001560006500069612,
      "h20/outcome_jam_episode_count": 3,
      "h20/outcome_jam_final_state_mse": 0.003664591440967485,
      "h20/outcome_jam_state_mse": 0.0017699923001083674,
      "h20/outcome_miss_episode_count": 3,
      "h20/outcome_miss_final_state_mse": 0.005074351246840034,
      "h20/outcome_miss_state_mse": 0.006707649449117822,
      "h20/outcome_partial_episode_count": 3,
      "h20/outcome_partial_final_state_mse": 0.0033224910692451824,
      "h20/outcome_partial_state_mse": 0.0014918561464820812,
      "h20/outcome_success_episode_count": 3,
      "h20/outcome_success_final_state_mse": 0.003322878840312459,
      "h20/outcome_success_state_mse": 0.001499950885772705,
      "h20/state_mse": 0.002605891009561377,
      "h30/episode_count": 15,
      "h30/final_state_mse": 0.02061560512368196,
      "h30/outcome_drop_episode_count": 3,
      "h30/outcome_drop_final_state_mse": 0.018945919142829046,
      "h30/outcome_drop_state_mse": 0.0046303443139934335,
      "h30/outcome_jam_episode_count": 3,
      "h30/outcome_jam_final_state_mse": 0.01948515418308233,
      "h30/outcome_jam_state_mse": 0.004770439538560921,
      "h30/outcome_miss_episode_count": 3,
      "h30/outcome_miss_final_state_mse": 0.02665837177264145,
      "h30/outcome_miss_state_mse": 0.009501487133549709,
      "h30/outcome_partial_episode_count": 3,
      "h30/outcome_partial_final_state_mse": 0.01903291231666515,
      "h30/outcome_partial_state_mse": 0.004560000288720225,
      "h30/outcome_success_episode_count": 3,
      "h30/outcome_success_final_state_mse": 0.01895566820319182,
      "h30/outcome_success_state_mse": 0.004557696510763729,
      "h30/state_mse": 0.005603993401288467,
      "h40/episode_count": 15,
      "h40/final_state_mse": 0.04541181676528033,
      "h40/outcome_drop_episode_count": 3,
      "h40/outcome_drop_final_state_mse": 0.04718568278293984,
      "h40/outcome_drop_state_mse": 0.012206102508345461,
      "h40/outcome_jam_episode_count": 3,
      "h40/outcome_jam_final_state_mse": 0.047194882156023014,
      "h40/outcome_jam_state_mse": 0.012334468162137699,
      "h40/outcome_miss_episode_count": 3,
      "h40/outcome_miss_final_state_mse": 0.03858562933853249,
      "h40/outcome_miss_state_mse": 0.017039889915316714,
      "h40/outcome_partial_episode_count": 3,
      "h40/outcome_partial_final_state_mse": 0.04733973079257541,
      "h40/outcome_partial_state_mse": 0.012286421831916361,
      "h40/outcome_success_episode_count": 3,
      "h40/outcome_success_final_state_mse": 0.046753158756330904,
      "h40/outcome_success_state_mse": 0.012223112505245833,
      "h40/state_mse": 0.013217998828763277,
      "h50/episode_count": 15,
      "h50/final_state_mse": 0.0715491749881919,
      "h50/outcome_drop_episode_count": 3,
      "h50/outcome_drop_final_state_mse": 0.0921677717196396,
      "h50/outcome_drop_state_mse": 0.025212803759606058,
      "h50/outcome_jam_episode_count": 3,
      "h50/outcome_jam_final_state_mse": 0.06780568758646648,
      "h50/outcome_jam_state_mse": 0.02249964595620149,
      "h50/outcome_miss_episode_count": 3,
      "h50/outcome_miss_final_state_mse": 0.06628578005273358,
      "h50/outcome_miss_state_mse": 0.025022145190270118,
      "h50/outcome_partial_episode_count": 3,
      "h50/outcome_partial_final_state_mse": 0.06545935736762153,
      "h50/outcome_partial_state_mse": 0.022781350628223295,
      "h50/outcome_success_episode_count": 3,
      "h50/outcome_success_final_state_mse": 0.06602729847228606,
      "h50/outcome_success_state_mse": 0.02261287514680351,
      "h50/state_mse": 0.02362576273999183,
      "h75/episode_count": 15,
      "h75/final_state_mse": 0.07453866597094568,
      "h75/outcome_drop_episode_count": 3,
      "h75/outcome_drop_final_state_mse": 0.07508648298924266,
      "h75/outcome_drop_state_mse": 0.04483529816006264,
      "h75/outcome_jam_episode_count": 3,
      "h75/outcome_jam_final_state_mse": 0.07402430640326606,
      "h75/outcome_jam_state_mse": 0.040293892920666534,
      "h75/outcome_miss_episode_count": 3,
      "h75/outcome_miss_final_state_mse": 0.07135316125707689,
      "h75/outcome_miss_state_mse": 0.0449670370263991,
      "h75/outcome_partial_episode_count": 3,
      "h75/outcome_partial_final_state_mse": 0.0770447783999973,
      "h75/outcome_partial_state_mse": 0.040271348475371053,
      "h75/outcome_success_episode_count": 3,
      "h75/outcome_success_final_state_mse": 0.0751845805473577,
      "h75/outcome_success_state_mse": 0.040011100685934095,
      "h75/state_mse": 0.04207573359204793,
      "max_requested_horizon": 125,
      "reencode_period": null,
      "rollout_mode": "no_reencode"
    },
    "periodic_1": {
      "episode_count": 15,
      "h10/episode_count": 15,
      "h10/final_state_mse": 0.007662751939561632,
      "h10/outcome_drop_episode_count": 3,
      "h10/outcome_drop_final_state_mse": 0.007677388760973425,
      "h10/outcome_drop_state_mse": 0.004369331185334648,
      "h10/outcome_jam_episode_count": 3,
      "h10/outcome_jam_final_state_mse": 0.007313399386951347,
      "h10/outcome_jam_state_mse": 0.004622198125116187,
      "h10/outcome_miss_episode_count": 3,
      "h10/outcome_miss_final_state_mse": 0.008350358289830825,
      "h10/outcome_miss_state_mse": 0.010730107625325521,
      "h10/outcome_partial_episode_count": 3,
      "h10/outcome_partial_final_state_mse": 0.007526576981630201,
      "h10/outcome_partial_state_mse": 0.004349760798846974,
      "h10/outcome_success_episode_count": 3,
      "h10/outcome_success_final_state_mse": 0.007446037398444282,
      "h10/outcome_success_state_mse": 0.0043571118435828515,
      "h10/state_mse": 0.005685701557234222,
      "h100/episode_count": 15,
      "h100/final_state_mse": 0.022624256408292482,
      "h100/outcome_drop_episode_count": 3,
      "h100/outcome_drop_final_state_mse": 0.021108817236096252,
      "h100/outcome_drop_state_mse": 0.011648930568321078,
      "h100/outcome_jam_episode_count": 3,
      "h100/outcome_jam_final_state_mse": 0.024675535610298706,
      "h100/outcome_jam_state_mse": 0.012551506391537735,
      "h100/outcome_miss_episode_count": 3,
      "h100/outcome_miss_final_state_mse": 0.03749325540330675,
      "h100/outcome_miss_state_mse": 0.016367503147499234,
      "h100/outcome_partial_episode_count": 3,
      "h100/outcome_partial_final_state_mse": 0.011365416392781377,
      "h100/outcome_partial_state_mse": 0.010412868923611112,
      "h100/outcome_success_episode_count": 3,
      "h100/outcome_success_final_state_mse": 0.01847826051556207,
      "h100/outcome_success_state_mse": 0.01132790409661586,
      "h100/state_mse": 0.012461742525786357,
      "h125/episode_count": 15,
      "h125/final_state_mse": 0.0173904319214665,
      "h125/outcome_drop_episode_count": 3,
      "h125/outcome_drop_final_state_mse": 0.018045750903148278,
      "h125/outcome_drop_state_mse": 0.013290237725949755,
      "h125/outcome_jam_episode_count": 3,
      "h125/outcome_jam_final_state_mse": 0.018592105776655907,
      "h125/outcome_jam_state_mse": 0.014458752202052696,
      "h125/outcome_miss_episode_count": 3,
      "h125/outcome_miss_final_state_mse": 0.025046742819493113,
      "h125/outcome_miss_state_mse": 0.018955366944955067,
      "h125/outcome_partial_episode_count": 3,
      "h125/outcome_partial_final_state_mse": 0.010721440603530485,
      "h125/outcome_partial_state_mse": 0.010768238740808823,
      "h125/outcome_success_episode_count": 3,
      "h125/outcome_success_final_state_mse": 0.014546126711602304,
      "h125/outcome_success_state_mse": 0.012487247641569648,
      "h125/state_mse": 0.013991969209558823,
      "h20/episode_count": 15,
      "h20/final_state_mse": 0.011928478565091402,
      "h20/outcome_drop_episode_count": 3,
      "h20/outcome_drop_final_state_mse": 0.011153889199097952,
      "h20/outcome_drop_state_mse": 0.0075568139163497226,
      "h20/outcome_jam_episode_count": 3,
      "h20/outcome_jam_final_state_mse": 0.01121134481398888,
      "h20/outcome_jam_state_mse": 0.0076960943103615755,
      "h20/outcome_miss_episode_count": 3,
      "h20/outcome_miss_final_state_mse": 0.015020248352312575,
      "h20/outcome_miss_state_mse": 0.011154209710414113,
      "h20/outcome_partial_episode_count": 3,
      "h20/outcome_partial_final_state_mse": 0.011188645743661456,
      "h20/outcome_partial_state_mse": 0.007513136684504989,
      "h20/outcome_success_episode_count": 3,
      "h20/outcome_success_final_state_mse": 0.011068266201642604,
      "h20/outcome_success_state_mse": 0.007508691541509691,
      "h20/state_mse": 0.008285789739072713,
      "h30/episode_count": 15,
      "h30/final_state_mse": 0.009999910990397135,
      "h30/outcome_drop_episode_count": 3,
      "h30/outcome_drop_final_state_mse": 0.00998747017648485,
      "h30/outcome_drop_state_mse": 0.008554723319924216,
      "h30/outcome_jam_episode_count": 3,
      "h30/outcome_jam_final_state_mse": 0.009554635660321104,
      "h30/outcome_jam_state_mse": 0.00852654671097633,
      "h30/outcome_miss_episode_count": 3,
      "h30/outcome_miss_final_state_mse": 0.012182980191473868,
      "h30/outcome_miss_state_mse": 0.012360749005751933,
      "h30/outcome_partial_episode_count": 3,
      "h30/outcome_partial_final_state_mse": 0.009138111390319526,
      "h30/outcome_partial_state_mse": 0.008315843954065526,
      "h30/outcome_success_episode_count": 3,
      "h30/outcome_success_final_state_mse": 0.009136361039541905,
      "h30/outcome_success_state_mse": 0.008361198855381386,
      "h30/state_mse": 0.009223812327665441,
      "h40/episode_count": 15,
      "h40/final_state_mse": 0.008286151387333091,
      "h40/outcome_drop_episode_count": 3,
      "h40/outcome_drop_final_state_mse": 0.007169461717792586,
      "h40/outcome_drop_state_mse": 0.008225238946528216,
      "h40/outcome_jam_episode_count": 3,
      "h40/outcome_jam_final_state_mse": 0.00729378278738533,
      "h40/outcome_jam_state_mse": 0.008256072624056946,
      "h40/outcome_miss_episode_count": 3,
      "h40/outcome_miss_final_state_mse": 0.010458606520509409,
      "h40/outcome_miss_state_mse": 0.011807084239386265,
      "h40/outcome_partial_episode_count": 3,
      "h40/outcome_partial_final_state_mse": 0.00810295596621395,
      "h40/outcome_partial_state_mse": 0.008155421571793898,
      "h40/outcome_success_episode_count": 3,
      "h40/outcome_success_final_state_mse": 0.008405950139550603,
      "h40/outcome_success_state_mse": 0.008227271348043205,
      "h40/state_mse": 0.008934218462775735,
      "h50/episode_count": 15,
      "h50/final_state_mse": 0.010972837061663859,
      "h50/outcome_drop_episode_count": 3,
      "h50/outcome_drop_final_state_mse": 0.008322697254567364,
      "h50/outcome_drop_state_mse": 0.008015277338962928,
      "h50/outcome_jam_episode_count": 3,
      "h50/outcome_jam_final_state_mse": 0.010053202217700435,
      "h50/outcome_jam_state_mse": 0.008561300763896867,
      "h50/outcome_miss_episode_count": 3,
      "h50/outcome_miss_final_state_mse": 0.016491503886927186,
      "h50/outcome_miss_state_mse": 0.012159805048524944,
      "h50/outcome_partial_episode_count": 3,
      "h50/outcome_partial_final_state_mse": 0.010101146947324665,
      "h50/outcome_partial_state_mse": 0.00836980146520278,
      "h50/outcome_success_episode_count": 3,
      "h50/outcome_success_final_state_mse": 0.009895631690430486,
      "h50/outcome_success_state_mse": 0.008450227874556399,
      "h50/state_mse": 0.009111282647824756,
      "h75/episode_count": 15,
      "h75/final_state_mse": 0.01458060071359273,
      "h75/outcome_drop_episode_count": 3,
      "h75/outcome_drop_final_state_mse": 0.013235319284052631,
      "h75/outcome_drop_state_mse": 0.008916768591388378,
      "h75/outcome_jam_episode_count": 3,
      "h75/outcome_jam_final_state_mse": 0.016344421050127816,
      "h75/outcome_jam_state_mse": 0.010036603308451202,
      "h75/outcome_miss_episode_count": 3,
      "h75/outcome_miss_final_state_mse": 0.014029131508341022,
      "h75/outcome_miss_state_mse": 0.013554081802534382,
      "h75/outcome_partial_episode_count": 3,
      "h75/outcome_partial_final_state_mse": 0.014100097363291222,
      "h75/outcome_partial_state_mse": 0.009293365977168863,
      "h75/outcome_success_episode_count": 3,
      "h75/outcome_success_final_state_mse": 0.01519404303014668,
      "h75/outcome_success_state_mse": 0.0094176734143093,
      "h75/state_mse": 0.010243698086873637,
      "max_requested_horizon": 125,
      "reencode_period": 1,
      "rollout_mode": "periodic_1"
    },
    "periodic_10": {
      "episode_count": 15,
      "h10/episode_count": 15,
      "h10/final_state_mse": 0.001744937740899379,
      "h10/outcome_drop_episode_count": 3,
      "h10/outcome_drop_final_state_mse": 0.000899678826624272,
      "h10/outcome_drop_state_mse": 0.001353588349678937,
      "h10/outcome_jam_episode_count": 3,
      "h10/outcome_jam_final_state_mse": 0.0013290683014525308,
      "h10/outcome_jam_state_mse": 0.0016406967164644228,
      "h10/outcome_miss_episode_count": 3,
      "h10/outcome_miss_final_state_mse": 0.0046900193773063955,
      "h10/outcome_miss_state_mse": 0.00963704102958729,
      "h10/outcome_partial_episode_count": 3,
      "h10/outcome_partial_final_state_mse": 0.000906501294058912,
      "h10/outcome_partial_state_mse": 0.0013189823409311132,
      "h10/outcome_success_episode_count": 3,
      "h10/outcome_success_final_state_mse": 0.0008994209415772382,
      "h10/outcome_success_state_mse": 0.0013240292181376538,
      "h10/state_mse": 0.003054867414088031,
      "h100/episode_count": 15,
      "h100/final_state_mse": 0.006427343530592575,
      "h100/outcome_drop_episode_count": 3,
      "h100/outcome_drop_final_state_mse": 0.0066218909387495,
      "h100/outcome_drop_state_mse": 0.002816404112024245,
      "h100/outcome_jam_episode_count": 3,
      "h100/outcome_jam_final_state_mse": 0.006269471318114037,
      "h100/outcome_jam_state_mse": 0.003519110399134019,
      "h100/outcome_miss_episode_count": 3,
      "h100/outcome_miss_final_state_mse": 0.008399947406419741,
      "h100/outcome_miss_state_mse": 0.00468454560423209,
      "h100/outcome_partial_episode_count": 3,
      "h100/outcome_partial_final_state_mse": 0.004990181258690903,
      "h100/outcome_partial_state_mse": 0.0030529456668429906,
      "h100/outcome_success_episode_count": 3,
      "h100/outcome_success_final_state_mse": 0.00585522415006862,
      "h100/outcome_success_state_mse": 0.0030827206879659418,
      "h100/state_mse": 0.0034311451631433825,
      "h125/episode_count": 15,
      "h125/final_state_mse": 0.0066389115028132025,
      "h125/outcome_drop_episode_count": 3,
      "h125/outcome_drop_final_state_mse": 0.0060381396533617,
      "h125/outcome_drop_state_mse": 0.003705288805992775,
      "h125/outcome_jam_episode_count": 3,
      "h125/outcome_jam_final_state_mse": 0.007383005876167148,
      "h125/outcome_jam_state_mse": 0.00454239031224469,
      "h125/outcome_miss_episode_count": 3,
      "h125/outcome_miss_final_state_mse": 0.008823765648735894,
      "h125/outcome_miss_state_mse": 0.005733908659492443,
      "h125/outcome_partial_episode_count": 3,
      "h125/outcome_partial_final_state_mse": 0.005269756552830241,
      "h125/outcome_partial_state_mse": 0.0036182994967192605,
      "h125/outcome_success_episode_count": 3,
      "h125/outcome_success_final_state_mse": 0.005679891195172578,
      "h125/outcome_success_state_mse": 0.0038863230686561733,
      "h125/state_mse": 0.00429724200878268,
      "h20/episode_count": 15,
      "h20/final_state_mse": 0.0015739001479803346,
      "h20/outcome_drop_episode_count": 3,
      "h20/outcome_drop_final_state_mse": 0.0016082413981552996,
      "h20/outcome_drop_state_mse": 0.0014371848379085266,
      "h20/outcome_jam_episode_count": 3,
      "h20/outcome_jam_final_state_mse": 0.001657895573408775,
      "h20/outcome_jam_state_mse": 0.001648166230301452,
      "h20/outcome_miss_episode_count": 3,
      "h20/outcome_miss_final_state_mse": 0.001655506055339489,
      "h20/outcome_miss_state_mse": 0.006132877574247473,
      "h20/outcome_partial_episode_count": 3,
      "h20/outcome_partial_final_state_mse": 0.0014721502129938088,
      "h20/outcome_partial_state_mse": 0.0013709572016024122,
      "h20/outcome_success_episode_count": 3,
      "h20/outcome_success_final_state_mse": 0.00147570730521788,
      "h20/outcome_success_state_mse": 0.0013806984510297089,
      "h20/state_mse": 0.0023939768473307294,
      "h30/episode_count": 15,
      "h30/final_state_mse": 0.0018970771552690494,
      "h30/outcome_drop_episode_count": 3,
      "h30/outcome_drop_final_state_mse": 0.001972605614295972,
      "h30/outcome_drop_state_mse": 0.001586841550008404,
      "h30/outcome_jam_episode_count": 3,
      "h30/outcome_jam_final_state_mse": 0.002264367623461617,
      "h30/outcome_jam_state_mse": 0.001845407148332118,
      "h30/outcome_miss_episode_count": 3,
      "h30/outcome_miss_final_state_mse": 0.0015955034619063333,
      "h30/outcome_miss_state_mse": 0.004650614931692485,
      "h30/outcome_partial_episode_count": 3,
      "h30/outcome_partial_final_state_mse": 0.001829950784156525,
      "h30/outcome_partial_state_mse": 0.0015268118682769908,
      "h30/outcome_success_episode_count": 3,
      "h30/outcome_success_final_state_mse": 0.001822958170783286,
      "h30/outcome_success_state_mse": 0.0015432200790230744,
      "h30/state_mse": 0.0022305791518267464,
      "h40/episode_count": 15,
      "h40/final_state_mse": 0.0020652928383521783,
      "h40/outcome_drop_episode_count": 3,
      "h40/outcome_drop_final_state_mse": 0.0013813533473248576,
      "h40/outcome_drop_state_mse": 0.0016486505083009308,
      "h40/outcome_jam_episode_count": 3,
      "h40/outcome_jam_final_state_mse": 0.00226960187546568,
      "h40/outcome_jam_state_mse": 0.0020514748065300235,
      "h40/outcome_miss_episode_count": 3,
      "h40/outcome_miss_final_state_mse": 0.0023046017082688076,
      "h40/outcome_miss_state_mse": 0.003992555889428831,
      "h40/outcome_partial_episode_count": 3,
      "h40/outcome_partial_final_state_mse": 0.002165225084895402,
      "h40/outcome_partial_state_mse": 0.001733457262999092,
      "h40/outcome_success_episode_count": 3,
      "h40/outcome_success_final_state_mse": 0.002205681993193876,
      "h40/outcome_success_state_mse": 0.001750577314227235,
      "h40/state_mse": 0.0022353432848562604,
      "h50/episode_count": 15,
      "h50/final_state_mse": 0.0023516182805977614,
      "h50/outcome_drop_episode_count": 3,
      "h50/outcome_drop_final_state_mse": 0.0016479681860777288,
      "h50/outcome_drop_state_mse": 0.0017395878461451313,
      "h50/outcome_jam_episode_count": 3,
      "h50/outcome_jam_final_state_mse": 0.0026784246799603007,
      "h50/outcome_jam_state_mse": 0.0023027053845474143,
      "h50/outcome_miss_episode_count": 3,
      "h50/outcome_miss_final_state_mse": 0.0025132611101748898,
      "h50/outcome_miss_state_mse": 0.0037066470875459557,
      "h50/outcome_partial_episode_count": 3,
      "h50/outcome_partial_final_state_mse": 0.0024572647377556446,
      "h50/outcome_partial_state_mse": 0.001969611317503686,
      "h50/outcome_success_episode_count": 3,
      "h50/outcome_success_final_state_mse": 0.002461172445537218,
      "h50/outcome_success_state_mse": 0.001982682857638091,
      "h50/state_mse": 0.002340246861277063,
      "h75/episode_count": 15,
      "h75/final_state_mse": 0.004115631377774906,
      "h75/outcome_drop_episode_count": 3,
      "h75/outcome_drop_final_state_mse": 0.0032194229999398874,
      "h75/outcome_drop_state_mse": 0.002055768821234277,
      "h75/outcome_jam_episode_count": 3,
      "h75/outcome_jam_final_state_mse": 0.004158361967093025,
      "h75/outcome_jam_state_mse": 0.00282855696667773,
      "h75/outcome_miss_episode_count": 3,
      "h75/outcome_miss_final_state_mse": 0.004963805375535504,
      "h75/outcome_miss_state_mse": 0.0038647880637308093,
      "h75/outcome_partial_episode_count": 3,
      "h75/outcome_partial_final_state_mse": 0.004071166215379254,
      "h75/outcome_partial_state_mse": 0.0024496161184539463,
      "h75/outcome_success_episode_count": 3,
      "h75/outcome_success_final_state_mse": 0.0041653999900506215,
      "h75/outcome_success_state_mse": 0.002457958420896842,
      "h75/state_mse": 0.0027313378693491286,
      "max_requested_horizon": 125,
      "reencode_period": 10,
      "rollout_mode": "periodic_10"
    },
    "periodic_100": {
      "episode_count": 15,
      "h10/episode_count": 15,
      "h10/final_state_mse": 0.001744937740899379,
      "h10/outcome_drop_episode_count": 3,
      "h10/outcome_drop_final_state_mse": 0.000899678826624272,
      "h10/outcome_drop_state_mse": 0.001353588349678937,
      "h10/outcome_jam_episode_count": 3,
      "h10/outcome_jam_final_state_mse": 0.0013290683014525308,
      "h10/outcome_jam_state_mse": 0.0016406967164644228,
      "h10/outcome_miss_episode_count": 3,
      "h10/outcome_miss_final_state_mse": 0.0046900193773063955,
      "h10/outcome_miss_state_mse": 0.00963704102958729,
      "h10/outcome_partial_episode_count": 3,
      "h10/outcome_partial_final_state_mse": 0.000906501294058912,
      "h10/outcome_partial_state_mse": 0.0013189823409311132,
      "h10/outcome_success_episode_count": 3,
      "h10/outcome_success_final_state_mse": 0.0008994209415772382,
      "h10/outcome_success_state_mse": 0.0013240292181376538,
      "h10/state_mse": 0.003054867414088031,
      "h100/episode_count": 15,
      "h100/final_state_mse": 0.0847399942236009,
      "h100/outcome_drop_episode_count": 3,
      "h100/outcome_drop_final_state_mse": 0.08225483052870806,
      "h100/outcome_drop_state_mse": 0.053884436912785945,
      "h100/outcome_jam_episode_count": 3,
      "h100/outcome_jam_final_state_mse": 0.08603040143555286,
      "h100/outcome_jam_state_mse": 0.050385139814389295,
      "h100/outcome_miss_episode_count": 3,
      "h100/outcome_miss_final_state_mse": 0.07830598463419995,
      "h100/outcome_miss_state_mse": 0.05530868231081495,
      "h100/outcome_partial_episode_count": 3,
      "h100/outcome_partial_final_state_mse": 0.09291493113523995,
      "h100/outcome_partial_state_mse": 0.05165957681493821,
      "h100/outcome_success_episode_count": 3,
      "h100/outcome_success_final_state_mse": 0.08419383818807166,
      "h100/outcome_success_state_mse": 0.050325738246144815,
      "h100/state_mse": 0.05231271382250817,
      "h125/episode_count": 15,
      "h125/final_state_mse": 0.030236611958422692,
      "h125/outcome_drop_episode_count": 3,
      "h125/outcome_drop_final_state_mse": 0.027104367228115305,
      "h125/outcome_drop_state_mse": 0.048763403001174425,
      "h125/outcome_jam_episode_count": 3,
      "h125/outcome_jam_final_state_mse": 0.02844266759024726,
      "h125/outcome_jam_state_mse": 0.04605355615553513,
      "h125/outcome_miss_episode_count": 3,
      "h125/outcome_miss_final_state_mse": 0.03759385869393941,
      "h125/outcome_miss_state_mse": 0.050295330371732026,
      "h125/outcome_partial_episode_count": 3,
      "h125/outcome_partial_final_state_mse": 0.03557733383054048,
      "h125/outcome_partial_state_mse": 0.04655576139961193,
      "h125/outcome_success_episode_count": 3,
      "h125/outcome_success_final_state_mse": 0.02246482835875617,
      "h125/outcome_success_state_mse": 0.04546658305249183,
      "h125/state_mse": 0.04742693014705882,
      "h20/episode_count": 15,
      "h20/final_state_mse": 0.003784491969089882,
      "h20/outcome_drop_episode_count": 3,
      "h20/outcome_drop_final_state_mse": 0.0035381498290043252,
      "h20/outcome_drop_state_mse": 0.0015600063831977594,
      "h20/outcome_jam_episode_count": 3,
      "h20/outcome_jam_final_state_mse": 0.0036645917331471164,
      "h20/outcome_jam_state_mse": 0.001769992202715157,
      "h20/outcome_miss_episode_count": 3,
      "h20/outcome_miss_final_state_mse": 0.005074350565087562,
      "h20/outcome_miss_state_mse": 0.00670764820248473,
      "h20/outcome_partial_episode_count": 3,
      "h20/outcome_partial_final_state_mse": 0.0033224896083470265,
      "h20/outcome_partial_state_mse": 0.0014918559906529445,
      "h20/outcome_success_episode_count": 3,
      "h20/outcome_success_final_state_mse": 0.0033228784994362224,
      "h20/outcome_success_state_mse": 0.0014999509831659155,
      "h20/state_mse": 0.002605890760234758,
      "h30/episode_count": 15,
      "h30/final_state_mse": 0.020615603877048867,
      "h30/outcome_drop_episode_count": 3,
      "h30/outcome_drop_final_state_mse": 0.018945920701120413,
      "h30/outcome_drop_state_mse": 0.004630344573708661,
      "h30/outcome_jam_episode_count": 3,
      "h30/outcome_jam_final_state_mse": 0.019485152624790964,
      "h30/outcome_jam_state_mse": 0.004770439850219195,
      "h30/outcome_miss_episode_count": 3,
      "h30/outcome_miss_final_state_mse": 0.026658367876913034,
      "h30/outcome_miss_state_mse": 0.009501487756866255,
      "h30/outcome_partial_episode_count": 3,
      "h30/outcome_partial_final_state_mse": 0.019032911342733046,
      "h30/outcome_partial_state_mse": 0.004560000029004997,
      "h30/outcome_success_episode_count": 3,
      "h30/outcome_success_final_state_mse": 0.018955670151056026,
      "h30/outcome_success_state_mse": 0.004557696510763729,
      "h30/state_mse": 0.005603993401288467,
      "h40/episode_count": 15,
      "h40/final_state_mse": 0.04541181676528033,
      "h40/outcome_drop_episode_count": 3,
      "h40/outcome_drop_final_state_mse": 0.047185670316608905,
      "h40/outcome_drop_state_mse": 0.012206102352516323,
      "h40/outcome_jam_episode_count": 3,
      "h40/outcome_jam_final_state_mse": 0.04719487670200323,
      "h40/outcome_jam_state_mse": 0.012334468006308563,
      "h40/outcome_miss_episode_count": 3,
      "h40/outcome_miss_final_state_mse": 0.03858562855938681,
      "h40/outcome_miss_state_mse": 0.017039889292000166,
      "h40/outcome_partial_episode_count": 3,
      "h40/outcome_partial_final_state_mse": 0.047339733909158146,
      "h40/outcome_partial_state_mse": 0.012286421208599813,
      "h40/outcome_success_episode_count": 3,
      "h40/outcome_success_final_state_mse": 0.04675315486060248,
      "h40/outcome_success_state_mse": 0.012223112972733242,
      "h40/state_mse": 0.013217998828763277,
      "h50/episode_count": 15,
      "h50/final_state_mse": 0.07154917997472426,
      "h50/outcome_drop_episode_count": 3,
      "h50/outcome_drop_final_state_mse": 0.09216777951109643,
      "h50/outcome_drop_state_mse": 0.02521280276229958,
      "h50/outcome_jam_episode_count": 3,
      "h50/outcome_jam_final_state_mse": 0.06780569849450604,
      "h50/outcome_jam_state_mse": 0.022499645457548255,
      "h50/outcome_miss_episode_count": 3,
      "h50/outcome_miss_final_state_mse": 0.06628578161102494,
      "h50/outcome_miss_state_mse": 0.025022145190270118,
      "h50/outcome_partial_episode_count": 3,
      "h50/outcome_partial_final_state_mse": 0.0654593449012906,
      "h50/outcome_partial_state_mse": 0.022781349630916818,
      "h50/outcome_success_episode_count": 3,
      "h50/outcome_success_final_state_mse": 0.06602730158886878,
      "h50/outcome_success_state_mse": 0.02261287514680351,
      "h50/state_mse": 0.02362576433568219,
      "h75/episode_count": 15,
      "h75/final_state_mse": 0.0745386609844133,
      "h75/outcome_drop_episode_count": 3,
      "h75/outcome_drop_final_state_mse": 0.07508649545557358,
      "h75/outcome_drop_state_mse": 0.04483529816006264,
      "h75/outcome_jam_episode_count": 3,
      "h75/outcome_jam_final_state_mse": 0.07402430640326606,
      "h75/outcome_jam_state_mse": 0.040293892920666534,
      "h75/outcome_miss_episode_count": 3,
      "h75/outcome_miss_final_state_mse": 0.07135316125707689,
      "h75/outcome_miss_state_mse": 0.04496703569665714,
      "h75/outcome_partial_episode_count": 3,
      "h75/outcome_partial_final_state_mse": 0.07704476437537498,
      "h75/outcome_partial_state_mse": 0.040271348475371053,
      "h75/outcome_success_episode_count": 3,
      "h75/outcome_success_final_state_mse": 0.07518457743077496,
      "h75/outcome_success_state_mse": 0.04001109869132115,
      "h75/state_mse": 0.04207573359204793,
      "max_requested_horizon": 125,
      "reencode_period": 100,
      "rollout_mode": "periodic_100"
    },
    "periodic_2": {
      "episode_count": 15,
      "h10/episode_count": 15,
      "h10/final_state_mse": 0.002732902726316764,
      "h10/outcome_drop_episode_count": 3,
      "h10/outcome_drop_final_state_mse": 0.002264704920497595,
      "h10/outcome_drop_state_mse": 0.002141243355726105,
      "h10/outcome_jam_episode_count": 3,
      "h10/outcome_jam_final_state_mse": 0.0022791003430980483,
      "h10/outcome_jam_state_mse": 0.0024491970835168377,
      "h10/outcome_miss_episode_count": 3,
      "h10/outcome_miss_final_state_mse": 0.0046288314598058565,
      "h10/outcome_miss_state_mse": 0.009123271431019103,
      "h10/outcome_partial_episode_count": 3,
      "h10/outcome_partial_final_state_mse": 0.002256075687268201,
      "h10/outcome_partial_state_mse": 0.002128114497739505,
      "h10/outcome_success_episode_count": 3,
      "h10/outcome_success_final_state_mse": 0.002235801318307328,
      "h10/outcome_success_state_mse": 0.0021377281815397973,
      "h10/state_mse": 0.003595910913803998,
      "h100/episode_count": 15,
      "h100/final_state_mse": 0.014755396126142514,
      "h100/outcome_drop_episode_count": 3,
      "h100/outcome_drop_final_state_mse": 0.01447034534675623,
      "h100/outcome_drop_state_mse": 0.007283181583180147,
      "h100/outcome_jam_episode_count": 3,
      "h100/outcome_jam_final_state_mse": 0.014325460772109187,
      "h100/outcome_jam_state_mse": 0.008382864933387905,
      "h100/outcome_miss_episode_count": 3,
      "h100/outcome_miss_final_state_mse": 0.027215051105599,
      "h100/outcome_miss_state_mse": 0.013996420467601103,
      "h100/outcome_partial_episode_count": 3,
      "h100/outcome_partial_final_state_mse": 0.00821946259417565,
      "h100/outcome_partial_state_mse": 0.007507491641574436,
      "h100/outcome_success_episode_count": 3,
      "h100/outcome_success_final_state_mse": 0.009546660130320031,
      "h100/outcome_success_state_mse": 0.007712062573900409,
      "h100/state_mse": 0.008976403728809233,
      "h125/episode_count": 15,
      "h125/final_state_mse": 0.013395132426342934,
      "h125/outcome_drop_episode_count": 3,
      "h125/outcome_drop_final_state_mse": 0.012806779418895447,
      "h125/outcome_drop_state_mse": 0.008261362911049836,
      "h125/outcome_jam_episode_count": 3,
      "h125/outcome_jam_final_state_mse": 0.012251732785717334,
      "h125/outcome_jam_state_mse": 0.008845713496987337,
      "h125/outcome_miss_episode_count": 3,
      "h125/outcome_miss_final_state_mse": 0.019920289516448975,
      "h125/outcome_miss_state_mse": 0.01586168595856311,
      "h125/outcome_partial_episode_count": 3,
      "h125/outcome_partial_final_state_mse": 0.011665020308463402,
      "h125/outcome_partial_state_mse": 0.008126390943340226,
      "h125/outcome_success_episode_count": 3,
      "h125/outcome_success_final_state_mse": 0.010331839907403086,
      "h125/outcome_success_state_mse": 0.00820904461231107,
      "h125/state_mse": 0.00986083984375,
      "h20/episode_count": 15,
      "h20/final_state_mse": 0.005360545987397237,
      "h20/outcome_drop_episode_count": 3,
      "h20/outcome_drop_final_state_mse": 0.005723244881902645,
      "h20/outcome_drop_state_mse": 0.003216775628476361,
      "h20/outcome_jam_episode_count": 3,
      "h20/outcome_jam_final_state_mse": 0.005543928763835259,
      "h20/outcome_jam_state_mse": 0.00336529250238456,
      "h20/outcome_miss_episode_count": 3,
      "h20/outcome_miss_final_state_mse": 0.004331777468810674,
      "h20/outcome_miss_state_mse": 0.006813926166958279,
      "h20/outcome_partial_episode_count": 3,
      "h20/outcome_partial_final_state_mse": 0.005602809144001381,
      "h20/outcome_partial_state_mse": 0.003180265426635742,
      "h20/outcome_success_episode_count": 3,
      "h20/outcome_success_final_state_mse": 0.005600971334120806,
      "h20/outcome_success_state_mse": 0.003186468789780062,
      "h20/state_mse": 0.003952545714534186,
      "h30/episode_count": 15,
      "h30/final_state_mse": 0.007452156964470358,
      "h30/outcome_drop_episode_count": 3,
      "h30/outcome_drop_final_state_mse": 0.007796866953178169,
      "h30/outcome_drop_state_mse": 0.004601862591595951,
      "h30/outcome_jam_episode_count": 3,
      "h30/outcome_jam_final_state_mse": 0.008071563845756007,
      "h30/outcome_jam_state_mse": 0.004599940880711043,
      "h30/outcome_miss_episode_count": 3,
      "h30/outcome_miss_final_state_mse": 0.007005343688469307,
      "h30/outcome_miss_state_mse": 0.006690283174867983,
      "h30/outcome_partial_episode_count": 3,
      "h30/outcome_partial_final_state_mse": 0.00725757988060222,
      "h30/outcome_partial_state_mse": 0.004508518964896274,
      "h30/outcome_success_episode_count": 3,
      "h30/outcome_success_final_state_mse": 0.007129426095999924,
      "h30/outcome_success_state_mse": 0.00449903239871422,
      "h30/state_mse": 0.0049799278774552355,
      "h40/episode_count": 15,
      "h40/final_state_mse": 0.006851491741105622,
      "h40/outcome_drop_episode_count": 3,
      "h40/outcome_drop_final_state_mse": 0.0060461065640636516,
      "h40/outcome_drop_state_mse": 0.005077274056041942,
      "h40/outcome_jam_episode_count": 3,
      "h40/outcome_jam_final_state_mse": 0.006495036038697935,
      "h40/outcome_jam_state_mse": 0.00519104658388624,
      "h40/outcome_miss_episode_count": 3,
      "h40/outcome_miss_final_state_mse": 0.008110223447575289,
      "h40/outcome_miss_state_mse": 0.007106411379147199,
      "h40/outcome_partial_episode_count": 3,
      "h40/outcome_partial_final_state_mse": 0.006777582897080315,
      "h40/outcome_partial_state_mse": 0.005176105452518837,
      "h40/outcome_success_episode_count": 3,
      "h40/outcome_success_final_state_mse": 0.006828511803368338,
      "h40/outcome_success_state_mse": 0.0051801869682237215,
      "h40/state_mse": 0.00554620481004902,
      "h50/episode_count": 15,
      "h50/final_state_mse": 0.007976239646961486,
      "h50/outcome_drop_episode_count": 3,
      "h50/outcome_drop_final_state_mse": 0.004978512724240621,
      "h50/outcome_drop_state_mse": 0.005169077324711419,
      "h50/outcome_jam_episode_count": 3,
      "h50/outcome_jam_final_state_mse": 0.0077457704088267154,
      "h50/outcome_jam_state_mse": 0.005680627511217703,
      "h50/outcome_miss_episode_count": 3,
      "h50/outcome_miss_final_state_mse": 0.010497839622248232,
      "h50/outcome_miss_state_mse": 0.0076421903473099856,
      "h50/outcome_partial_episode_count": 3,
      "h50/outcome_partial_final_state_mse": 0.008407621796614204,
      "h50/outcome_partial_state_mse": 0.005682574939104467,
      "h50/outcome_success_episode_count": 3,
      "h50/outcome_success_final_state_mse": 0.008251453390698028,
      "h50/outcome_success_state_mse": 0.005689561943602718,
      "h50/state_mse": 0.0059728070427389705,
      "h75/episode_count": 15,
      "h75/final_state_mse": 0.012289108326232511,
      "h75/outcome_drop_episode_count": 3,
      "h75/outcome_drop_final_state_mse": 0.009270130906229706,
      "h75/outcome_drop_state_mse": 0.005795603733436734,
      "h75/outcome_jam_episode_count": 3,
      "h75/outcome_jam_final_state_mse": 0.010189719936426948,
      "h75/outcome_jam_state_mse": 0.007086024772627421,
      "h75/outcome_miss_episode_count": 3,
      "h75/outcome_miss_final_state_mse": 0.021529170033199336,
      "h75/outcome_miss_state_mse": 0.010430988320078466,
      "h75/outcome_partial_episode_count": 3,
      "h75/outcome_partial_final_state_mse": 0.010299907887683195,
      "h75/outcome_partial_state_mse": 0.007037546826863341,
      "h75/outcome_success_episode_count": 3,
      "h75/outcome_success_final_state_mse": 0.010156614815487582,
      "h75/outcome_success_state_mse": 0.007043259564568014,
      "h75/state_mse": 0.007478684768178105,
      "max_requested_horizon": 125,
      "reencode_period": 2,
      "rollout_mode": "periodic_2"
    },
    "periodic_20": {
      "episode_count": 15,
      "h10/episode_count": 15,
      "h10/final_state_mse": 0.001744937740899379,
      "h10/outcome_drop_episode_count": 3,
      "h10/outcome_drop_final_state_mse": 0.000899678826624272,
      "h10/outcome_drop_state_mse": 0.001353588349678937,
      "h10/outcome_jam_episode_count": 3,
      "h10/outcome_jam_final_state_mse": 0.0013290683014525308,
      "h10/outcome_jam_state_mse": 0.0016406967164644228,
      "h10/outcome_miss_episode_count": 3,
      "h10/outcome_miss_final_state_mse": 0.0046900193773063955,
      "h10/outcome_miss_state_mse": 0.00963704102958729,
      "h10/outcome_partial_episode_count": 3,
      "h10/outcome_partial_final_state_mse": 0.000906501294058912,
      "h10/outcome_partial_state_mse": 0.0013189823409311132,
      "h10/outcome_success_episode_count": 3,
      "h10/outcome_success_final_state_mse": 0.0008994209415772382,
      "h10/outcome_success_state_mse": 0.0013240292181376538,
      "h10/state_mse": 0.003054867414088031,
      "h100/episode_count": 15,
      "h100/final_state_mse": 0.008254649592380897,
      "h100/outcome_drop_episode_count": 3,
      "h100/outcome_drop_final_state_mse": 0.007504622725879445,
      "h100/outcome_drop_state_mse": 0.004293415156844394,
      "h100/outcome_jam_episode_count": 3,
      "h100/outcome_jam_final_state_mse": 0.008376960466110629,
      "h100/outcome_jam_state_mse": 0.004714661392511106,
      "h100/outcome_miss_episode_count": 3,
      "h100/outcome_miss_final_state_mse": 0.008635703449934915,
      "h100/outcome_miss_state_mse": 0.005818244834351384,
      "h100/outcome_partial_episode_count": 3,
      "h100/outcome_partial_final_state_mse": 0.008242290199192521,
      "h100/outcome_partial_state_mse": 0.004486062916275723,
      "h100/outcome_success_episode_count": 3,
      "h100/outcome_success_final_state_mse": 0.00851367170514624,
      "h100/outcome_success_state_mse": 0.004502902560763889,
      "h100/state_mse": 0.004763057135289011,
      "h125/episode_count": 15,
      "h125/final_state_mse": 0.00602004730623532,
      "h125/outcome_drop_episode_count": 3,
      "h125/outcome_drop_final_state_mse": 0.005876278955172869,
      "h125/outcome_drop_state_mse": 0.00505187828712214,
      "h125/outcome_jam_episode_count": 3,
      "h125/outcome_jam_final_state_mse": 0.005579366500860725,
      "h125/outcome_jam_state_mse": 0.005336773940940309,
      "h125/outcome_miss_episode_count": 3,
      "h125/outcome_miss_final_state_mse": 0.007100685554392198,
      "h125/outcome_miss_state_mse": 0.006304620481004902,
      "h125/outcome_partial_episode_count": 3,
      "h125/outcome_partial_final_state_mse": 0.006285784096499674,
      "h125/outcome_partial_state_mse": 0.005014617421268638,
      "h125/outcome_success_episode_count": 3,
      "h125/outcome_success_final_state_mse": 0.0052581200607461865,
      "h125/outcome_success_state_mse": 0.005150036082548254,
      "h125/state_mse": 0.005371585222630719,
      "h20/episode_count": 15,
      "h20/final_state_mse": 0.003784491969089882,
      "h20/outcome_drop_episode_count": 3,
      "h20/outcome_drop_final_state_mse": 0.0035381498290043252,
      "h20/outcome_drop_state_mse": 0.0015600063831977594,
      "h20/outcome_jam_episode_count": 3,
      "h20/outcome_jam_final_state_mse": 0.0036645917331471164,
      "h20/outcome_jam_state_mse": 0.001769992202715157,
      "h20/outcome_miss_episode_count": 3,
      "h20/outcome_miss_final_state_mse": 0.005074350565087562,
      "h20/outcome_miss_state_mse": 0.00670764820248473,
      "h20/outcome_partial_episode_count": 3,
      "h20/outcome_partial_final_state_mse": 0.0033224896083470265,
      "h20/outcome_partial_state_mse": 0.0014918559906529445,
      "h20/outcome_success_episode_count": 3,
      "h20/outcome_success_final_state_mse": 0.0033228784994362224,
      "h20/outcome_success_state_mse": 0.0014999509831659155,
      "h20/state_mse": 0.002605890760234758,
      "h30/episode_count": 15,
      "h30/final_state_mse": 0.002728197933022493,
      "h30/outcome_drop_episode_count": 3,
      "h30/outcome_drop_final_state_mse": 0.0027205688891068004,
      "h30/outcome_drop_state_mse": 0.0020263215035914335,
      "h30/outcome_jam_episode_count": 3,
      "h30/outcome_jam_final_state_mse": 0.003065896043980044,
      "h30/outcome_jam_state_mse": 0.002267475325557401,
      "h30/outcome_miss_episode_count": 3,
      "h30/outcome_miss_final_state_mse": 0.0027273225238899777,
      "h30/outcome_miss_state_mse": 0.005780494498790999,
      "h30/outcome_partial_episode_count": 3,
      "h30/outcome_partial_final_state_mse": 0.002569446084546108,
      "h30/outcome_partial_state_mse": 0.001967632173193306,
      "h30/outcome_success_episode_count": 3,
      "h30/outcome_success_final_state_mse": 0.0025577568053420075,
      "h30/outcome_success_state_mse": 0.001982772610026507,
      "h30/state_mse": 0.002804939087180011,
      "h40/episode_count": 15,
      "h40/final_state_mse": 0.005931892270356222,
      "h40/outcome_drop_episode_count": 3,
      "h40/outcome_drop_final_state_mse": 0.005525526170637093,
      "h40/outcome_drop_state_mse": 0.002285616109573763,
      "h40/outcome_jam_episode_count": 3,
      "h40/outcome_jam_final_state_mse": 0.004952036185202255,
      "h40/outcome_jam_state_mse": 0.002636107237510432,
      "h40/outcome_miss_episode_count": 3,
      "h40/outcome_miss_final_state_mse": 0.00944688029928145,
      "h40/outcome_miss_state_mse": 0.005735060124615439,
      "h40/outcome_partial_episode_count": 3,
      "h40/outcome_partial_final_state_mse": 0.004923434136739744,
      "h40/outcome_partial_state_mse": 0.0023405965441971825,
      "h40/outcome_success_episode_count": 3,
      "h40/outcome_success_final_state_mse": 0.004811583634685068,
      "h40/outcome_success_state_mse": 0.002354950452941695,
      "h40/state_mse": 0.003070466035331776,
      "h50/episode_count": 15,
      "h50/final_state_mse": 0.002761384552600337,
      "h50/outcome_drop_episode_count": 3,
      "h50/outcome_drop_final_state_mse": 0.0021963202778030842,
      "h50/outcome_drop_state_mse": 0.002445609772127438,
      "h50/outcome_jam_episode_count": 3,
      "h50/outcome_jam_final_state_mse": 0.00290892307275261,
      "h50/outcome_jam_state_mse": 0.0029368140650730505,
      "h50/outcome_miss_episode_count": 3,
      "h50/outcome_miss_final_state_mse": 0.003290129788950378,
      "h50/outcome_miss_state_mse": 0.0053782176348119,
      "h50/outcome_partial_episode_count": 3,
      "h50/outcome_partial_final_state_mse": 0.0027084642765568753,
      "h50/outcome_partial_state_mse": 0.002653067158717735,
      "h50/outcome_success_episode_count": 3,
      "h50/outcome_success_final_state_mse": 0.0027030848112760807,
      "h50/outcome_success_state_mse": 0.0026575360890307457,
      "h50/state_mse": 0.003214248956418505,
      "h75/episode_count": 15,
      "h75/final_state_mse": 0.006375831404542611,
      "h75/outcome_drop_episode_count": 3,
      "h75/outcome_drop_final_state_mse": 0.0056629495488272775,
      "h75/outcome_drop_state_mse": 0.0032412458764701627,
      "h75/outcome_jam_episode_count": 3,
      "h75/outcome_jam_final_state_mse": 0.006468831713682685,
      "h75/outcome_jam_state_mse": 0.0038616425591096897,
      "h75/outcome_miss_episode_count": 3,
      "h75/outcome_miss_final_state_mse": 0.004957346355213839,
      "h75/outcome_miss_state_mse": 0.005456138228539028,
      "h75/outcome_partial_episode_count": 3,
      "h75/outcome_partial_final_state_mse": 0.007413958704549503,
      "h75/outcome_partial_state_mse": 0.003604532711386421,
      "h75/outcome_success_episode_count": 3,
      "h75/outcome_success_final_state_mse": 0.0073760713821922255,
      "h75/outcome_success_state_mse": 0.0036248987069057224,
      "h75/state_mse": 0.003957691333912037,
      "max_requested_horizon": 125,
      "reencode_period": 20,
      "rollout_mode": "periodic_20"
    },
    "periodic_5": {
      "episode_count": 15,
      "h10/episode_count": 15,
      "h10/final_state_mse": 0.0016474641226475535,
      "h10/outcome_drop_episode_count": 3,
      "h10/outcome_drop_final_state_mse": 0.0010507476631722418,
      "h10/outcome_drop_state_mse": 0.0015511897069955963,
      "h10/outcome_jam_episode_count": 3,
      "h10/outcome_jam_final_state_mse": 0.0013242416765565186,
      "h10/outcome_jam_state_mse": 0.0018288346287471796,
      "h10/outcome_miss_episode_count": 3,
      "h10/outcome_miss_final_state_mse": 0.0037230235688826617,
      "h10/outcome_miss_state_mse": 0.009425000271766014,
      "h10/outcome_partial_episode_count": 3,
      "h10/outcome_partial_final_state_mse": 0.0010742779845505758,
      "h10/outcome_partial_state_mse": 0.0015284311148076276,
      "h10/outcome_success_episode_count": 3,
      "h10/outcome_success_final_state_mse": 0.001065029744424072,
      "h10/outcome_success_state_mse": 0.0015312727565079732,
      "h10/state_mse": 0.003172945508769914,
      "h100/episode_count": 15,
      "h100/final_state_mse": 0.009712975944568908,
      "h100/outcome_drop_episode_count": 3,
      "h100/outcome_drop_final_state_mse": 0.008708773874769024,
      "h100/outcome_drop_state_mse": 0.004238028183482052,
      "h100/outcome_jam_episode_count": 3,
      "h100/outcome_jam_final_state_mse": 0.011812326760073892,
      "h100/outcome_jam_state_mse": 0.005878973817513659,
      "h100/outcome_miss_episode_count": 3,
      "h100/outcome_miss_final_state_mse": 0.01287368719094719,
      "h100/outcome_miss_state_mse": 0.008261028364592908,
      "h100/outcome_partial_episode_count": 3,
      "h100/outcome_partial_final_state_mse": 0.005538445842616698,
      "h100/outcome_partial_state_mse": 0.005289895207274194,
      "h100/outcome_success_episode_count": 3,
      "h100/outcome_success_final_state_mse": 0.009631640916945888,
      "h100/outcome_success_state_mse": 0.005562637273003073,
      "h100/state_mse": 0.005846112818499795,
      "h125/episode_count": 15,
      "h125/final_state_mse": 0.007533334594926023,
      "h125/outcome_drop_episode_count": 3,
      "h125/outcome_drop_final_state_mse": 0.005909302850174748,
      "h125/outcome_drop_state_mse": 0.005166826335433262,
      "h125/outcome_jam_episode_count": 3,
      "h125/outcome_jam_final_state_mse": 0.008320722704619364,
      "h125/outcome_jam_state_mse": 0.007019173815359477,
      "h125/outcome_miss_episode_count": 3,
      "h125/outcome_miss_final_state_mse": 0.011240255404141994,
      "h125/outcome_miss_state_mse": 0.009384727328431373,
      "h125/outcome_partial_episode_count": 3,
      "h125/outcome_partial_final_state_mse": 0.005495285773588941,
      "h125/outcome_partial_state_mse": 0.00562557843775531,
      "h125/outcome_success_episode_count": 3,
      "h125/outcome_success_final_state_mse": 0.006701106388194889,
      "h125/outcome_success_state_mse": 0.006561866959715201,
      "h125/state_mse": 0.006751634625204248,
      "h20/episode_count": 15,
      "h20/final_state_mse": 0.0018849154702978196,
      "h20/outcome_drop_episode_count": 3,
      "h20/outcome_drop_final_state_mse": 0.0018987930045018789,
      "h20/outcome_drop_state_mse": 0.0016484706230412902,
      "h20/outcome_jam_episode_count": 3,
      "h20/outcome_jam_final_state_mse": 0.0019188657451688854,
      "h20/outcome_jam_state_mse": 0.0019059480405321308,
      "h20/outcome_miss_episode_count": 3,
      "h20/outcome_miss_final_state_mse": 0.001996405203552807,
      "h20/outcome_miss_state_mse": 0.006130211493548225,
      "h20/outcome_partial_episode_count": 3,
      "h20/outcome_partial_final_state_mse": 0.0018011959500951705,
      "h20/outcome_partial_state_mse": 0.0015941062004737605,
      "h20/outcome_success_episode_count": 3,
      "h20/outcome_success_final_state_mse": 0.0018093172777322382,
      "h20/outcome_success_state_mse": 0.0016005118687947592,
      "h20/state_mse": 0.002575849645278033,
      "h30/episode_count": 15,
      "h30/final_state_mse": 0.0023143448860816706,
      "h30/outcome_drop_episode_count": 3,
      "h30/outcome_drop_final_state_mse": 0.0025064154144595653,
      "h30/outcome_drop_state_mse": 0.0019427763870338989,
      "h30/outcome_jam_episode_count": 3,
      "h30/outcome_jam_final_state_mse": 0.002551131510461857,
      "h30/outcome_jam_state_mse": 0.002198027525592214,
      "h30/outcome_miss_episode_count": 3,
      "h30/outcome_miss_final_state_mse": 0.0017998617848539664,
      "h30/outcome_miss_state_mse": 0.00484596244130519,
      "h30/outcome_partial_episode_count": 3,
      "h30/outcome_partial_final_state_mse": 0.0023663010375172483,
      "h30/outcome_partial_state_mse": 0.0018953065986467084,
      "h30/outcome_success_episode_count": 3,
      "h30/outcome_success_final_state_mse": 0.0023480148292055318,
      "h30/outcome_success_state_mse": 0.0019038966018909463,
      "h30/state_mse": 0.0025571938641450504,
      "h40/episode_count": 15,
      "h40/final_state_mse": 0.0030935499403211804,
      "h40/outcome_drop_episode_count": 3,
      "h40/outcome_drop_final_state_mse": 0.002609928911612704,
      "h40/outcome_drop_state_mse": 0.0021858637044632357,
      "h40/outcome_jam_episode_count": 3,
      "h40/outcome_jam_final_state_mse": 0.0032970285883136825,
      "h40/outcome_jam_state_mse": 0.0025563367052015913,
      "h40/outcome_miss_episode_count": 3,
      "h40/outcome_miss_final_state_mse": 0.002807127981404074,
      "h40/outcome_miss_state_mse": 0.0043441212255191175,
      "h40/outcome_partial_episode_count": 3,
      "h40/outcome_partial_final_state_mse": 0.0033992738797773724,
      "h40/outcome_partial_state_mse": 0.0023234151352464765,
      "h40/outcome_success_episode_count": 3,
      "h40/outcome_success_final_state_mse": 0.0033543904378912806,
      "h40/outcome_success_state_mse": 0.0023182687416575315,
      "h40/state_mse": 0.002745601180332159,
      "h50/episode_count": 15,
      "h50/final_state_mse": 0.004216692182752821,
      "h50/outcome_drop_episode_count": 3,
      "h50/outcome_drop_final_state_mse": 0.0031758328911915324,
      "h50/outcome_drop_state_mse": 0.002443643831739239,
      "h50/outcome_jam_episode_count": 3,
      "h50/outcome_jam_final_state_mse": 0.004221358866083855,
      "h50/outcome_jam_state_mse": 0.0030073675143173317,
      "h50/outcome_miss_episode_count": 3,
      "h50/outcome_miss_final_state_mse": 0.00444344781777438,
      "h50/outcome_miss_state_mse": 0.004377628775203929,
      "h50/outcome_partial_episode_count": 3,
      "h50/outcome_partial_final_state_mse": 0.004766524081526239,
      "h50/outcome_partial_state_mse": 0.0028942131217009103,
      "h50/outcome_success_episode_count": 3,
      "h50/outcome_success_final_state_mse": 0.004476297963288875,
      "h50/outcome_success_state_mse": 0.0028397024690715316,
      "h50/state_mse": 0.0031125111299402574,
      "h75/episode_count": 15,
      "h75/final_state_mse": 0.006257110171847873,
      "h75/outcome_drop_episode_count": 3,
      "h75/outcome_drop_final_state_mse": 0.0043151336752511316,
      "h75/outcome_drop_state_mse": 0.003116705402050143,
      "h75/outcome_jam_episode_count": 3,
      "h75/outcome_jam_final_state_mse": 0.005851629804941564,
      "h75/outcome_jam_state_mse": 0.004338750402911816,
      "h75/outcome_miss_episode_count": 3,
      "h75/outcome_miss_final_state_mse": 0.00939619560646855,
      "h75/outcome_miss_state_mse": 0.006458630863098278,
      "h75/outcome_partial_episode_count": 3,
      "h75/outcome_partial_final_state_mse": 0.005833417712862975,
      "h75/outcome_partial_state_mse": 0.004412050351078474,
      "h75/outcome_success_episode_count": 3,
      "h75/outcome_success_final_state_mse": 0.005889173913625331,
      "h75/outcome_success_state_mse": 0.004258672593725533,
      "h75/state_mse": 0.004516961656624455,
      "max_requested_horizon": 125,
      "reencode_period": 5,
      "rollout_mode": "periodic_5"
    },
    "periodic_50": {
      "episode_count": 15,
      "h10/episode_count": 15,
      "h10/final_state_mse": 0.001744937740899379,
      "h10/outcome_drop_episode_count": 3,
      "h10/outcome_drop_final_state_mse": 0.000899678826624272,
      "h10/outcome_drop_state_mse": 0.001353588349678937,
      "h10/outcome_jam_episode_count": 3,
      "h10/outcome_jam_final_state_mse": 0.0013290683014525308,
      "h10/outcome_jam_state_mse": 0.0016406967164644228,
      "h10/outcome_miss_episode_count": 3,
      "h10/outcome_miss_final_state_mse": 0.0046900193773063955,
      "h10/outcome_miss_state_mse": 0.00963704102958729,
      "h10/outcome_partial_episode_count": 3,
      "h10/outcome_partial_final_state_mse": 0.000906501294058912,
      "h10/outcome_partial_state_mse": 0.0013189823409311132,
      "h10/outcome_success_episode_count": 3,
      "h10/outcome_success_final_state_mse": 0.0008994209415772382,
      "h10/outcome_success_state_mse": 0.0013240292181376538,
      "h10/state_mse": 0.003054867414088031,
      "h100/episode_count": 15,
      "h100/final_state_mse": 0.06198776344847835,
      "h100/outcome_drop_episode_count": 3,
      "h100/outcome_drop_final_state_mse": 0.0528767358243855,
      "h100/outcome_drop_state_mse": 0.02963670817855137,
      "h100/outcome_jam_episode_count": 3,
      "h100/outcome_jam_final_state_mse": 0.05331503332050797,
      "h100/outcome_jam_state_mse": 0.030334559421913296,
      "h100/outcome_miss_episode_count": 3,
      "h100/outcome_miss_final_state_mse": 0.0737902931138581,
      "h100/outcome_miss_state_mse": 0.03191210179547079,
      "h100/outcome_partial_episode_count": 3,
      "h100/outcome_partial_final_state_mse": 0.07419043117099339,
      "h100/outcome_partial_state_mse": 0.03152091132269965,
      "h100/outcome_success_episode_count": 3,
      "h100/outcome_success_final_state_mse": 0.05576632225435544,
      "h100/outcome_success_state_mse": 0.029905405480877247,
      "h100/state_mse": 0.030661940231821897,
      "h125/episode_count": 15,
      "h125/final_state_mse": 0.03262080273597069,
      "h125/outcome_drop_episode_count": 3,
      "h125/outcome_drop_final_state_mse": 0.03187224366306479,
      "h125/outcome_drop_state_mse": 0.028543632557189544,
      "h125/outcome_jam_episode_count": 3,
      "h125/outcome_jam_final_state_mse": 0.03153469710568198,
      "h125/outcome_jam_state_mse": 0.028996928296058006,
      "h125/outcome_miss_episode_count": 3,
      "h125/outcome_miss_final_state_mse": 0.041716189166299655,
      "h125/outcome_miss_state_mse": 0.03106014795241013,
      "h125/outcome_partial_episode_count": 3,
      "h125/outcome_partial_final_state_mse": 0.031291551060146756,
      "h125/outcome_partial_state_mse": 0.030182898826848447,
      "h125/outcome_success_episode_count": 3,
      "h125/outcome_success_final_state_mse": 0.02668933774910721,
      "h125/outcome_success_state_mse": 0.02894286870021446,
      "h125/state_mse": 0.029545292075163397,
      "h20/episode_count": 15,
      "h20/final_state_mse": 0.003784491969089882,
      "h20/outcome_drop_episode_count": 3,
      "h20/outcome_drop_final_state_mse": 0.0035381498290043252,
      "h20/outcome_drop_state_mse": 0.0015600063831977594,
      "h20/outcome_jam_episode_count": 3,
      "h20/outcome_jam_final_state_mse": 0.0036645917331471164,
      "h20/outcome_jam_state_mse": 0.001769992202715157,
      "h20/outcome_miss_episode_count": 3,
      "h20/outcome_miss_final_state_mse": 0.005074350565087562,
      "h20/outcome_miss_state_mse": 0.00670764820248473,
      "h20/outcome_partial_episode_count": 3,
      "h20/outcome_partial_final_state_mse": 0.0033224896083470265,
      "h20/outcome_partial_state_mse": 0.0014918559906529445,
      "h20/outcome_success_episode_count": 3,
      "h20/outcome_success_final_state_mse": 0.0033228784994362224,
      "h20/outcome_success_state_mse": 0.0014999509831659155,
      "h20/state_mse": 0.002605890760234758,
      "h30/episode_count": 15,
      "h30/final_state_mse": 0.020615603877048867,
      "h30/outcome_drop_episode_count": 3,
      "h30/outcome_drop_final_state_mse": 0.018945920701120413,
      "h30/outcome_drop_state_mse": 0.004630344573708661,
      "h30/outcome_jam_episode_count": 3,
      "h30/outcome_jam_final_state_mse": 0.019485152624790964,
      "h30/outcome_jam_state_mse": 0.004770439850219195,
      "h30/outcome_miss_episode_count": 3,
      "h30/outcome_miss_final_state_mse": 0.026658367876913034,
      "h30/outcome_miss_state_mse": 0.009501487756866255,
      "h30/outcome_partial_episode_count": 3,
      "h30/outcome_partial_final_state_mse": 0.019032911342733046,
      "h30/outcome_partial_state_mse": 0.004560000029004997,
      "h30/outcome_success_episode_count": 3,
      "h30/outcome_success_final_state_mse": 0.018955670151056026,
      "h30/outcome_success_state_mse": 0.004557696510763729,
      "h30/state_mse": 0.005603993401288467,
      "h40/episode_count": 15,
      "h40/final_state_mse": 0.04541181676528033,
      "h40/outcome_drop_episode_count": 3,
      "h40/outcome_drop_final_state_mse": 0.047185670316608905,
      "h40/outcome_drop_state_mse": 0.012206102352516323,
      "h40/outcome_jam_episode_count": 3,
      "h40/outcome_jam_final_state_mse": 0.04719487670200323,
      "h40/outcome_jam_state_mse": 0.012334468006308563,
      "h40/outcome_miss_episode_count": 3,
      "h40/outcome_miss_final_state_mse": 0.03858562855938681,
      "h40/outcome_miss_state_mse": 0.017039889292000166,
      "h40/outcome_partial_episode_count": 3,
      "h40/outcome_partial_final_state_mse": 0.047339733909158146,
      "h40/outcome_partial_state_mse": 0.012286421208599813,
      "h40/outcome_success_episode_count": 3,
      "h40/outcome_success_final_state_mse": 0.04675315486060248,
      "h40/outcome_success_state_mse": 0.012223112972733242,
      "h40/state_mse": 0.013217998828763277,
      "h50/episode_count": 15,
      "h50/final_state_mse": 0.07154917997472426,
      "h50/outcome_drop_episode_count": 3,
      "h50/outcome_drop_final_state_mse": 0.09216777951109643,
      "h50/outcome_drop_state_mse": 0.02521280276229958,
      "h50/outcome_jam_episode_count": 3,
      "h50/outcome_jam_final_state_mse": 0.06780569849450604,
      "h50/outcome_jam_state_mse": 0.022499645457548255,
      "h50/outcome_miss_episode_count": 3,
      "h50/outcome_miss_final_state_mse": 0.06628578161102494,
      "h50/outcome_miss_state_mse": 0.025022145190270118,
      "h50/outcome_partial_episode_count": 3,
      "h50/outcome_partial_final_state_mse": 0.0654593449012906,
      "h50/outcome_partial_state_mse": 0.022781349630916818,
      "h50/outcome_success_episode_count": 3,
      "h50/outcome_success_final_state_mse": 0.06602730158886878,
      "h50/outcome_success_state_mse": 0.02261287514680351,
      "h50/state_mse": 0.02362576433568219,
      "h75/episode_count": 15,
      "h75/final_state_mse": 0.02861587424683415,
      "h75/outcome_drop_episode_count": 3,
      "h75/outcome_drop_final_state_mse": 0.026704725876353145,
      "h75/outcome_drop_state_mse": 0.022760465202248434,
      "h75/outcome_jam_episode_count": 3,
      "h75/outcome_jam_final_state_mse": 0.02883291478250541,
      "h75/outcome_jam_state_mse": 0.02180493988502519,
      "h75/outcome_miss_episode_count": 3,
      "h75/outcome_miss_final_state_mse": 0.03309074725980073,
      "h75/outcome_miss_state_mse": 0.023081169045309095,
      "h75/outcome_partial_episode_count": 3,
      "h75/outcome_partial_final_state_mse": 0.026712090750924903,
      "h75/outcome_partial_state_mse": 0.021372328947312433,
      "h75/outcome_success_episode_count": 3,
      "h75/outcome_success_final_state_mse": 0.02773888905843099,
      "h75/outcome_success_state_mse": 0.021452413986970658,
      "h75/state_mse": 0.02209426274850218,
      "max_requested_horizon": 125,
      "reencode_period": 50,
      "rollout_mode": "periodic_50"
    }
  },
  "split": "test",
  "support_alignment": {
    "contact_phase": {
      "contact_phase_family_ari": -0.00017944011815328406,
      "contact_phase_family_nmi": 0.004987522090012466,
      "contact_phase_family_purity": 0.9996668887408394,
      "contact_phase_sample_count": 3002.0,
      "h_contact_phase_given_family": 0.0026773707039833986,
      "h_family_given_contact_phase": 1.3968573106845075,
      "unique_contact_phase_count": 2.0,
      "unique_family_count": 5.0
    },
    "contact_phase_alignment_available": true,
    "evaluated_state_count": 3017,
    "family_count": 5,
    "mean_family_similarity": 0.4494764506816864,
    "mean_support_size": 192.3864766324163,
    "outcome_alignment_available": true,
    "outcome_state": {
      "h_family_given_outcome": 0.8213534164441314,
      "h_outcome_given_family": 1.1561487031584656,
      "outcome_family_ari": -0.07058823529411765,
      "outcome_family_nmi": 0.3164783808490758,
      "outcome_family_purity": 0.4666666666666667,
      "outcome_sample_count": 15.0,
      "unique_family_count": 5.0,
      "unique_outcome_count": 5.0
    },
    "status": "ok",
    "unassigned_state_fraction": 0.0,
    "validation_state_count": 2346
  },
  "support_threshold": 0.2
}
{
  "best_periodic_rollout": {
    "episode_count": 15,
    "h10/episode_count": 15,
    "h10/final_state_mse": 0.0017505603678086225,
    "h10/outcome_drop_episode_count": 3,
    "h10/outcome_drop_final_state_mse": 0.0010991321474898095,
    "h10/outcome_drop_state_mse": 0.0011807724346522411,
    "h10/outcome_jam_episode_count": 3,
    "h10/outcome_jam_final_state_mse": 0.002009079542035371,
    "h10/outcome_jam_state_mse": 0.0016143001372518103,
    "h10/outcome_miss_episode_count": 3,
    "h10/outcome_miss_final_state_mse": 0.0036310856930570666,
    "h10/outcome_miss_state_mse": 0.009967823901207618,
    "h10/outcome_partial_episode_count": 3,
    "h10/outcome_partial_final_state_mse": 0.0010070650552222932,
    "h10/outcome_partial_state_mse": 0.0010901245026806602,
    "h10/outcome_success_episode_count": 3,
    "h10/outcome_success_final_state_mse": 0.0010064395716766906,
    "h10/outcome_success_state_mse": 0.0010978219555873496,
    "h10/selected_mode": "periodic_5",
    "h10/selected_period": 5,
    "h10/state_mse": 0.0029901684031767004,
    "h100/episode_count": 15,
    "h100/final_state_mse": 0.0026341522441190833,
    "h100/outcome_drop_episode_count": 3,
    "h100/outcome_drop_final_state_mse": 0.0022973482028331633,
    "h100/outcome_drop_state_mse": 0.001867269129534952,
    "h100/outcome_jam_episode_count": 3,
    "h100/outcome_jam_final_state_mse": 0.002572863368816625,
    "h100/outcome_jam_state_mse": 0.0023362365423464306,
    "h100/outcome_miss_episode_count": 3,
    "h100/outcome_miss_final_state_mse": 0.0039730962682393645,
    "h100/outcome_miss_state_mse": 0.0034560040243310866,
    "h100/outcome_partial_episode_count": 3,
    "h100/outcome_partial_final_state_mse": 0.001852218938224456,
    "h100/outcome_partial_state_mse": 0.0016796954472859701,
    "h100/outcome_success_episode_count": 3,
    "h100/outcome_success_final_state_mse": 0.002475234223347084,
    "h100/outcome_success_state_mse": 0.0018099744958815231,
    "h100/selected_mode": "periodic_5",
    "h100/selected_period": 5,
    "h100/state_mse": 0.0022298358593111725,
    "h125/episode_count": 15,
    "h125/final_state_mse": 0.003394315445345212,
    "h125/outcome_drop_episode_count": 3,
    "h125/outcome_drop_final_state_mse": 0.003976034085734997,
    "h125/outcome_drop_state_mse": 0.0021789024203431374,
    "h125/outcome_jam_episode_count": 3,
    "h125/outcome_jam_final_state_mse": 0.0032422890265782676,
    "h125/outcome_jam_state_mse": 0.0025276896158854165,
    "h125/outcome_miss_episode_count": 3,
    "h125/outcome_miss_final_state_mse": 0.005591388231788586,
    "h125/outcome_miss_state_mse": 0.003694765626994613,
    "h125/outcome_partial_episode_count": 3,
    "h125/outcome_partial_final_state_mse": 0.001855638194707484,
    "h125/outcome_partial_state_mse": 0.0016867781495736316,
    "h125/outcome_success_episode_count": 3,
    "h125/outcome_success_final_state_mse": 0.002306227639220119,
    "h125/outcome_success_state_mse": 0.0019512493158477583,
    "h125/selected_mode": "periodic_5",
    "h125/selected_period": 5,
    "h125/state_mse": 0.0024078772850285946,
    "h20/episode_count": 15,
    "h20/final_state_mse": 0.001766693046669555,
    "h20/outcome_drop_episode_count": 3,
    "h20/outcome_drop_final_state_mse": 0.0018042763999474593,
    "h20/outcome_drop_state_mse": 0.00138723119801166,
    "h20/outcome_jam_episode_count": 3,
    "h20/outcome_jam_final_state_mse": 0.001972300700502458,
    "h20/outcome_jam_state_mse": 0.0017936709659551484,
    "h20/outcome_miss_episode_count": 3,
    "h20/outcome_miss_final_state_mse": 0.0018354599771935956,
    "h20/outcome_miss_state_mse": 0.006325578144173217,
    "h20/outcome_partial_episode_count": 3,
    "h20/outcome_partial_final_state_mse": 0.0015918741039201325,
    "h20/outcome_partial_state_mse": 0.0012851473942301632,
    "h20/outcome_success_episode_count": 3,
    "h20/outcome_success_final_state_mse": 0.0016295540761324316,
    "h20/outcome_success_state_mse": 0.0013015722527223476,
    "h20/selected_mode": "periodic_5",
    "h20/selected_period": 5,
    "h20/state_mse": 0.0024186399871227787,
    "h30/episode_count": 15,
    "h30/final_state_mse": 0.0018439320956959444,
    "h30/outcome_drop_episode_count": 3,
    "h30/outcome_drop_final_state_mse": 0.0018294428785641987,
    "h30/outcome_drop_state_mse": 0.0015611213276848553,
    "h30/outcome_jam_episode_count": 3,
    "h30/outcome_jam_final_state_mse": 0.0020483072871476217,
    "h30/outcome_jam_state_mse": 0.0019954807877800304,
    "h30/outcome_miss_episode_count": 3,
    "h30/outcome_miss_final_state_mse": 0.0019482120968937094,
    "h30/outcome_miss_state_mse": 0.004984381204077361,
    "h30/outcome_partial_episode_count": 3,
    "h30/outcome_partial_final_state_mse": 0.0016782496100157694,
    "h30/outcome_partial_state_mse": 0.0014523947420722778,
    "h30/outcome_success_episode_count": 3,
    "h30/outcome_success_final_state_mse": 0.0017154480214991602,
    "h30/outcome_success_state_mse": 0.0014706210113558634,
    "h30/selected_mode": "periodic_5",
    "h30/selected_period": 5,
    "h30/state_mse": 0.0022927997730396413,
    "h40/episode_count": 15,
    "h40/final_state_mse": 0.0018463066200804866,
    "h40/outcome_drop_episode_count": 3,
    "h40/outcome_drop_final_state_mse": 0.001977180587310417,
    "h40/outcome_drop_state_mse": 0.001683970078144198,
    "h40/outcome_jam_episode_count": 3,
    "h40/outcome_jam_final_state_mse": 0.0016840961000888176,
    "h40/outcome_jam_state_mse": 0.0020493240917430202,
    "h40/outcome_miss_episode_count": 3,
    "h40/outcome_miss_final_state_mse": 0.002251880377336265,
    "h40/outcome_miss_state_mse": 0.004314388169182671,
    "h40/outcome_partial_episode_count": 3,
    "h40/outcome_partial_final_state_mse": 0.0016263436550408407,
    "h40/outcome_partial_state_mse": 0.0015194009721668717,
    "h40/outcome_success_episode_count": 3,
    "h40/outcome_success_final_state_mse": 0.0016920316988736197,
    "h40/outcome_success_state_mse": 0.00153419957831015,
    "h40/selected_mode": "periodic_5",
    "h40/selected_period": 5,
    "h40/state_mse": 0.0022202565311606414,
    "h50/episode_count": 15,
    "h50/final_state_mse": 0.0019044354071024977,
    "h50/outcome_drop_episode_count": 3,
    "h50/outcome_drop_final_state_mse": 0.001990883373746685,
    "h50/outcome_drop_state_mse": 0.0017623309839784709,
    "h50/outcome_jam_episode_count": 3,
    "h50/outcome_jam_final_state_mse": 0.002372515552184161,
    "h50/outcome_jam_state_mse": 0.0020876747330808953,
    "h50/outcome_miss_episode_count": 3,
    "h50/outcome_miss_final_state_mse": 0.001996529525985905,
    "h50/outcome_miss_state_mse": 0.003913913863936281,
    "h50/outcome_partial_episode_count": 3,
    "h50/outcome_partial_final_state_mse": 0.001540992774215399,
    "h50/outcome_partial_state_mse": 0.001533913924023996,
    "h50/outcome_success_episode_count": 3,
    "h50/outcome_success_final_state_mse": 0.0016212551032795625,
    "h50/outcome_success_state_mse": 0.0015515947341918945,
    "h50/selected_mode": "periodic_5",
    "h50/selected_period": 5,
    "h50/state_mse": 0.0021698857725056166,
    "h75/episode_count": 15,
    "h75/final_state_mse": 0.0030808218164381637,
    "h75/outcome_drop_episode_count": 3,
    "h75/outcome_drop_final_state_mse": 0.0019823949710995542,
    "h75/outcome_drop_state_mse": 0.001847924105741879,
    "h75/outcome_jam_episode_count": 3,
    "h75/outcome_jam_final_state_mse": 0.0034292013037438484,
    "h75/outcome_jam_state_mse": 0.0022912773847060526,
    "h75/outcome_miss_episode_count": 3,
    "h75/outcome_miss_final_state_mse": 0.004050734458990346,
    "h75/outcome_miss_state_mse": 0.003421878357598465,
    "h75/outcome_partial_episode_count": 3,
    "h75/outcome_partial_final_state_mse": 0.00285885917643706,
    "h75/outcome_partial_state_mse": 0.00165590564669607,
    "h75/outcome_success_episode_count": 3,
    "h75/outcome_success_final_state_mse": 0.003082919585841154,
    "h75/outcome_success_state_mse": 0.0016931158576915467,
    "h75/selected_mode": "periodic_5",
    "h75/selected_period": 5,
    "h75/state_mse": 0.002182020266331359,
    "max_requested_horizon": 125,
    "periodic_reencode_periods": [
      1,
      2,
      5,
      10,
      20,
      50,
      100
    ],
    "rollout_mode": "best_periodic"
  },
  "checkpoint": "runs/maniskill_insertion/perturbation_e20_5k_optimizer_fairness_20260609_132517/sparse_mlp_relu_sp0p01_std/seed2/checkpoint.pt",
  "checkpoint_step": 1500,
  "dataset": "data/maniskill/perturbation_assessment_seed0_e20/all_setups.npz",
  "device": "cuda",
  "family_jaccard": 0.4,
  "horizons": [
    10,
    20,
    30,
    40,
    50,
    75,
    100,
    125
  ],
  "labels_used_for_training": false,
  "periodic_reencode_periods": [
    1,
    2,
    5,
    10,
    20,
    50,
    100
  ],
  "rollout": {
    "episode_count": 15,
    "h10/episode_count": 15,
    "h10/final_state_mse": 0.0022772452410529643,
    "h10/outcome_drop_episode_count": 3,
    "h10/outcome_drop_final_state_mse": 0.0018029473478498022,
    "h10/outcome_drop_state_mse": 0.0013626680265065112,
    "h10/outcome_jam_episode_count": 3,
    "h10/outcome_jam_final_state_mse": 0.0026633144398919895,
    "h10/outcome_jam_state_mse": 0.0017842417059381025,
    "h10/outcome_miss_episode_count": 3,
    "h10/outcome_miss_final_state_mse": 0.003601851708748761,
    "h10/outcome_miss_state_mse": 0.009784671839545754,
    "h10/outcome_partial_episode_count": 3,
    "h10/outcome_partial_final_state_mse": 0.001674841139830795,
    "h10/outcome_partial_state_mse": 0.0012768237614164165,
    "h10/outcome_success_episode_count": 3,
    "h10/outcome_success_final_state_mse": 0.0016432708384943944,
    "h10/outcome_success_state_mse": 0.0012726605717652763,
    "h10/state_mse": 0.0030962132472617952,
    "h100/episode_count": 15,
    "h100/final_state_mse": 545023.8326797385,
    "h100/outcome_drop_episode_count": 3,
    "h100/outcome_drop_final_state_mse": 536061.0,
    "h100/outcome_drop_state_mse": 23917.73797385621,
    "h100/outcome_jam_episode_count": 3,
    "h100/outcome_jam_final_state_mse": 492416.02287581697,
    "h100/outcome_jam_state_mse": 21989.604640522877,
    "h100/outcome_miss_episode_count": 3,
    "h100/outcome_miss_final_state_mse": 700913.6339869282,
    "h100/outcome_miss_state_mse": 30933.94745098039,
    "h100/outcome_partial_episode_count": 3,
    "h100/outcome_partial_final_state_mse": 494155.3496732026,
    "h100/outcome_partial_state_mse": 22046.082091503267,
    "h100/outcome_success_episode_count": 3,
    "h100/outcome_success_final_state_mse": 501572.93954248365,
    "h100/outcome_success_state_mse": 22395.044052287583,
    "h100/state_mse": 24256.481882352942,
    "h125/episode_count": 15,
    "h125/final_state_mse": 334130091.67058825,
    "h125/outcome_drop_episode_count": 3,
    "h125/outcome_drop_final_state_mse": 337270415.89542484,
    "h125/outcome_drop_state_mse": 11713877.226248367,
    "h125/outcome_jam_episode_count": 3,
    "h125/outcome_jam_final_state_mse": 296743875.7647059,
    "h125/outcome_jam_state_mse": 10331944.545045752,
    "h125/outcome_miss_episode_count": 3,
    "h125/outcome_miss_final_state_mse": 429923200.8366013,
    "h125/outcome_miss_state_mse": 15030063.291398693,
    "h125/outcome_partial_episode_count": 3,
    "h125/outcome_partial_final_state_mse": 299851826.1960784,
    "h125/outcome_partial_state_mse": 10461032.688941177,
    "h125/outcome_success_episode_count": 3,
    "h125/outcome_success_final_state_mse": 306861250.09150326,
    "h125/outcome_success_state_mse": 10697325.306980392,
    "h125/state_mse": 11646847.51945621,
    "h20/episode_count": 15,
    "h20/final_state_mse": 0.009047410379048267,
    "h20/outcome_drop_episode_count": 3,
    "h20/outcome_drop_final_state_mse": 0.008114211894328299,
    "h20/outcome_drop_state_mse": 0.0027921811038372564,
    "h20/outcome_jam_episode_count": 3,
    "h20/outcome_jam_final_state_mse": 0.008298404076520135,
    "h20/outcome_jam_state_mse": 0.0031472602700875476,
    "h20/outcome_miss_episode_count": 3,
    "h20/outcome_miss_final_state_mse": 0.01315982318391987,
    "h20/outcome_miss_state_mse": 0.008081270666683422,
    "h20/outcome_partial_episode_count": 3,
    "h20/outcome_partial_final_state_mse": 0.0077648162841796875,
    "h20/outcome_partial_state_mse": 0.0026481730096480425,
    "h20/outcome_success_episode_count": 3,
    "h20/outcome_success_final_state_mse": 0.007899798598943972,
    "h20/outcome_success_state_mse": 0.002672347757551405,
    "h20/state_mse": 0.003868246639476103,
    "h30/episode_count": 15,
    "h30/final_state_mse": 0.045737412396599265,
    "h30/outcome_drop_episode_count": 3,
    "h30/outcome_drop_final_state_mse": 0.04148624613394145,
    "h30/outcome_drop_state_mse": 0.009604599377168808,
    "h30/outcome_jam_episode_count": 3,
    "h30/outcome_jam_final_state_mse": 0.04444267936781341,
    "h30/outcome_jam_state_mse": 0.00982727225309883,
    "h30/outcome_miss_episode_count": 3,
    "h30/outcome_miss_final_state_mse": 0.05902650309543984,
    "h30/outcome_miss_state_mse": 0.01705564278662854,
    "h30/outcome_partial_episode_count": 3,
    "h30/outcome_partial_final_state_mse": 0.04165517738442016,
    "h30/outcome_partial_state_mse": 0.009309196887712333,
    "h30/outcome_success_episode_count": 3,
    "h30/outcome_success_final_state_mse": 0.04207645210565305,
    "h30/outcome_success_state_mse": 0.009331317041434493,
    "h30/state_mse": 0.01102560604319853,
    "h40/episode_count": 15,
    "h40/final_state_mse": 0.24584601907169118,
    "h40/outcome_drop_episode_count": 3,
    "h40/outcome_drop_final_state_mse": 0.2003634490218817,
    "h40/outcome_drop_state_mse": 0.03207787345437443,
    "h40/outcome_jam_episode_count": 3,
    "h40/outcome_jam_final_state_mse": 0.2545364448447633,
    "h40/outcome_jam_state_mse": 0.03925206676807279,
    "h40/outcome_miss_episode_count": 3,
    "h40/outcome_miss_final_state_mse": 0.28425708471560013,
    "h40/outcome_miss_state_mse": 0.04913231843437245,
    "h40/outcome_partial_episode_count": 3,
    "h40/outcome_partial_final_state_mse": 0.2467460102505154,
    "h40/outcome_partial_state_mse": 0.03811439688688789,
    "h40/outcome_success_episode_count": 3,
    "h40/outcome_success_final_state_mse": 0.2433270971759472,
    "h40/outcome_success_state_mse": 0.037779923981311275,
    "h40/state_mse": 0.039271316029667075,
    "h50/episode_count": 15,
    "h50/final_state_mse": 2.547360089869281,
    "h50/outcome_drop_episode_count": 3,
    "h50/outcome_drop_final_state_mse": 1.897367888805913,
    "h50/outcome_drop_state_mse": 0.1929296755323223,
    "h50/outcome_jam_episode_count": 3,
    "h50/outcome_jam_final_state_mse": 2.1975527744667205,
    "h50/outcome_jam_state_mse": 0.23154836816725388,
    "h50/outcome_miss_episode_count": 3,
    "h50/outcome_miss_final_state_mse": 4.453776839511846,
    "h50/outcome_miss_state_mse": 0.37242376988230186,
    "h50/outcome_partial_episode_count": 3,
    "h50/outcome_partial_final_state_mse": 2.099596235487196,
    "h50/outcome_partial_state_mse": 0.22388786166321997,
    "h50/outcome_success_episode_count": 3,
    "h50/outcome_success_final_state_mse": 2.088507496453578,
    "h50/outcome_success_state_mse": 0.22170563541985805,
    "h50/state_mse": 0.24849902982026142,
    "h75/episode_count": 15,
    "h75/final_state_mse": 1071.5593137254903,
    "h75/outcome_drop_episode_count": 3,
    "h75/outcome_drop_final_state_mse": 1034.567918964461,
    "h75/outcome_drop_state_mse": 63.75347494553377,
    "h75/outcome_jam_episode_count": 3,
    "h75/outcome_jam_final_state_mse": 930.8779647926879,
    "h75/outcome_jam_state_mse": 58.173845145697165,
    "h75/outcome_miss_episode_count": 3,
    "h75/outcome_miss_final_state_mse": 1452.8524560866013,
    "h75/outcome_miss_state_mse": 96.00678376906318,
    "h75/outcome_partial_episode_count": 3,
    "h75/outcome_partial_final_state_mse": 961.5732038909314,
    "h75/outcome_partial_state_mse": 59.780741251361654,
    "h75/outcome_success_episode_count": 3,
    "h75/outcome_success_final_state_mse": 977.9245126761642,
    "h75/outcome_success_state_mse": 60.736171875,
    "h75/state_mse": 67.69020479302833,
    "max_requested_horizon": 125,
    "reencode_period": null,
    "rollout_mode": "no_reencode"
  },
  "rollout_modes": {
    "no_reencode": {
      "episode_count": 15,
      "h10/episode_count": 15,
      "h10/final_state_mse": 0.0022772452410529643,
      "h10/outcome_drop_episode_count": 3,
      "h10/outcome_drop_final_state_mse": 0.0018029473478498022,
      "h10/outcome_drop_state_mse": 0.0013626680265065112,
      "h10/outcome_jam_episode_count": 3,
      "h10/outcome_jam_final_state_mse": 0.0026633144398919895,
      "h10/outcome_jam_state_mse": 0.0017842417059381025,
      "h10/outcome_miss_episode_count": 3,
      "h10/outcome_miss_final_state_mse": 0.003601851708748761,
      "h10/outcome_miss_state_mse": 0.009784671839545754,
      "h10/outcome_partial_episode_count": 3,
      "h10/outcome_partial_final_state_mse": 0.001674841139830795,
      "h10/outcome_partial_state_mse": 0.0012768237614164165,
      "h10/outcome_success_episode_count": 3,
      "h10/outcome_success_final_state_mse": 0.0016432708384943944,
      "h10/outcome_success_state_mse": 0.0012726605717652763,
      "h10/state_mse": 0.0030962132472617952,
      "h100/episode_count": 15,
      "h100/final_state_mse": 545023.8326797385,
      "h100/outcome_drop_episode_count": 3,
      "h100/outcome_drop_final_state_mse": 536061.0,
      "h100/outcome_drop_state_mse": 23917.73797385621,
      "h100/outcome_jam_episode_count": 3,
      "h100/outcome_jam_final_state_mse": 492416.02287581697,
      "h100/outcome_jam_state_mse": 21989.604640522877,
      "h100/outcome_miss_episode_count": 3,
      "h100/outcome_miss_final_state_mse": 700913.6339869282,
      "h100/outcome_miss_state_mse": 30933.94745098039,
      "h100/outcome_partial_episode_count": 3,
      "h100/outcome_partial_final_state_mse": 494155.3496732026,
      "h100/outcome_partial_state_mse": 22046.082091503267,
      "h100/outcome_success_episode_count": 3,
      "h100/outcome_success_final_state_mse": 501572.93954248365,
      "h100/outcome_success_state_mse": 22395.044052287583,
      "h100/state_mse": 24256.481882352942,
      "h125/episode_count": 15,
      "h125/final_state_mse": 334130091.67058825,
      "h125/outcome_drop_episode_count": 3,
      "h125/outcome_drop_final_state_mse": 337270415.89542484,
      "h125/outcome_drop_state_mse": 11713877.226248367,
      "h125/outcome_jam_episode_count": 3,
      "h125/outcome_jam_final_state_mse": 296743875.7647059,
      "h125/outcome_jam_state_mse": 10331944.545045752,
      "h125/outcome_miss_episode_count": 3,
      "h125/outcome_miss_final_state_mse": 429923200.8366013,
      "h125/outcome_miss_state_mse": 15030063.291398693,
      "h125/outcome_partial_episode_count": 3,
      "h125/outcome_partial_final_state_mse": 299851826.1960784,
      "h125/outcome_partial_state_mse": 10461032.688941177,
      "h125/outcome_success_episode_count": 3,
      "h125/outcome_success_final_state_mse": 306861250.09150326,
      "h125/outcome_success_state_mse": 10697325.306980392,
      "h125/state_mse": 11646847.51945621,
      "h20/episode_count": 15,
      "h20/final_state_mse": 0.009047410379048267,
      "h20/outcome_drop_episode_count": 3,
      "h20/outcome_drop_final_state_mse": 0.008114211894328299,
      "h20/outcome_drop_state_mse": 0.0027921811038372564,
      "h20/outcome_jam_episode_count": 3,
      "h20/outcome_jam_final_state_mse": 0.008298404076520135,
      "h20/outcome_jam_state_mse": 0.0031472602700875476,
      "h20/outcome_miss_episode_count": 3,
      "h20/outcome_miss_final_state_mse": 0.01315982318391987,
      "h20/outcome_miss_state_mse": 0.008081270666683422,
      "h20/outcome_partial_episode_count": 3,
      "h20/outcome_partial_final_state_mse": 0.0077648162841796875,
      "h20/outcome_partial_state_mse": 0.0026481730096480425,
      "h20/outcome_success_episode_count": 3,
      "h20/outcome_success_final_state_mse": 0.007899798598943972,
      "h20/outcome_success_state_mse": 0.002672347757551405,
      "h20/state_mse": 0.003868246639476103,
      "h30/episode_count": 15,
      "h30/final_state_mse": 0.045737412396599265,
      "h30/outcome_drop_episode_count": 3,
      "h30/outcome_drop_final_state_mse": 0.04148624613394145,
      "h30/outcome_drop_state_mse": 0.009604599377168808,
      "h30/outcome_jam_episode_count": 3,
      "h30/outcome_jam_final_state_mse": 0.04444267936781341,
      "h30/outcome_jam_state_mse": 0.00982727225309883,
      "h30/outcome_miss_episode_count": 3,
      "h30/outcome_miss_final_state_mse": 0.05902650309543984,
      "h30/outcome_miss_state_mse": 0.01705564278662854,
      "h30/outcome_partial_episode_count": 3,
      "h30/outcome_partial_final_state_mse": 0.04165517738442016,
      "h30/outcome_partial_state_mse": 0.009309196887712333,
      "h30/outcome_success_episode_count": 3,
      "h30/outcome_success_final_state_mse": 0.04207645210565305,
      "h30/outcome_success_state_mse": 0.009331317041434493,
      "h30/state_mse": 0.01102560604319853,
      "h40/episode_count": 15,
      "h40/final_state_mse": 0.24584601907169118,
      "h40/outcome_drop_episode_count": 3,
      "h40/outcome_drop_final_state_mse": 0.2003634490218817,
      "h40/outcome_drop_state_mse": 0.03207787345437443,
      "h40/outcome_jam_episode_count": 3,
      "h40/outcome_jam_final_state_mse": 0.2545364448447633,
      "h40/outcome_jam_state_mse": 0.03925206676807279,
      "h40/outcome_miss_episode_count": 3,
      "h40/outcome_miss_final_state_mse": 0.28425708471560013,
      "h40/outcome_miss_state_mse": 0.04913231843437245,
      "h40/outcome_partial_episode_count": 3,
      "h40/outcome_partial_final_state_mse": 0.2467460102505154,
      "h40/outcome_partial_state_mse": 0.03811439688688789,
      "h40/outcome_success_episode_count": 3,
      "h40/outcome_success_final_state_mse": 0.2433270971759472,
      "h40/outcome_success_state_mse": 0.037779923981311275,
      "h40/state_mse": 0.039271316029667075,
      "h50/episode_count": 15,
      "h50/final_state_mse": 2.547360089869281,
      "h50/outcome_drop_episode_count": 3,
      "h50/outcome_drop_final_state_mse": 1.897367888805913,
      "h50/outcome_drop_state_mse": 0.1929296755323223,
      "h50/outcome_jam_episode_count": 3,
      "h50/outcome_jam_final_state_mse": 2.1975527744667205,
      "h50/outcome_jam_state_mse": 0.23154836816725388,
      "h50/outcome_miss_episode_count": 3,
      "h50/outcome_miss_final_state_mse": 4.453776839511846,
      "h50/outcome_miss_state_mse": 0.37242376988230186,
      "h50/outcome_partial_episode_count": 3,
      "h50/outcome_partial_final_state_mse": 2.099596235487196,
      "h50/outcome_partial_state_mse": 0.22388786166321997,
      "h50/outcome_success_episode_count": 3,
      "h50/outcome_success_final_state_mse": 2.088507496453578,
      "h50/outcome_success_state_mse": 0.22170563541985805,
      "h50/state_mse": 0.24849902982026142,
      "h75/episode_count": 15,
      "h75/final_state_mse": 1071.5593137254903,
      "h75/outcome_drop_episode_count": 3,
      "h75/outcome_drop_final_state_mse": 1034.567918964461,
      "h75/outcome_drop_state_mse": 63.75347494553377,
      "h75/outcome_jam_episode_count": 3,
      "h75/outcome_jam_final_state_mse": 930.8779647926879,
      "h75/outcome_jam_state_mse": 58.173845145697165,
      "h75/outcome_miss_episode_count": 3,
      "h75/outcome_miss_final_state_mse": 1452.8524560866013,
      "h75/outcome_miss_state_mse": 96.00678376906318,
      "h75/outcome_partial_episode_count": 3,
      "h75/outcome_partial_final_state_mse": 961.5732038909314,
      "h75/outcome_partial_state_mse": 59.780741251361654,
      "h75/outcome_success_episode_count": 3,
      "h75/outcome_success_final_state_mse": 977.9245126761642,
      "h75/outcome_success_state_mse": 60.736171875,
      "h75/state_mse": 67.69020479302833,
      "max_requested_horizon": 125,
      "reencode_period": null,
      "rollout_mode": "no_reencode"
    },
    "periodic_1": {
      "episode_count": 15,
      "h10/episode_count": 15,
      "h10/final_state_mse": 0.003827678456025965,
      "h10/outcome_drop_episode_count": 3,
      "h10/outcome_drop_final_state_mse": 0.0028256247538367128,
      "h10/outcome_drop_state_mse": 0.0018802668923646017,
      "h10/outcome_jam_episode_count": 3,
      "h10/outcome_jam_final_state_mse": 0.0037964129564808866,
      "h10/outcome_jam_state_mse": 0.002347573150996289,
      "h10/outcome_miss_episode_count": 3,
      "h10/outcome_miss_final_state_mse": 0.006615799723886976,
      "h10/outcome_miss_state_mse": 0.013009817615833157,
      "h10/outcome_partial_episode_count": 3,
      "h10/outcome_partial_final_state_mse": 0.0029671115715519275,
      "h10/outcome_partial_state_mse": 0.0018251108967400843,
      "h10/outcome_success_episode_count": 3,
      "h10/outcome_success_final_state_mse": 0.002933444248305427,
      "h10/outcome_success_state_mse": 0.001837840617871752,
      "h10/state_mse": 0.004180122076296339,
      "h100/episode_count": 15,
      "h100/final_state_mse": 0.007320999320036445,
      "h100/outcome_drop_episode_count": 3,
      "h100/outcome_drop_final_state_mse": 0.005448552615502302,
      "h100/outcome_drop_state_mse": 0.003373809452929528,
      "h100/outcome_jam_episode_count": 3,
      "h100/outcome_jam_final_state_mse": 0.009479657156405107,
      "h100/outcome_jam_state_mse": 0.0038272319743835846,
      "h100/outcome_miss_episode_count": 3,
      "h100/outcome_miss_final_state_mse": 0.011931373305570066,
      "h100/outcome_miss_state_mse": 0.006229636747073504,
      "h100/outcome_partial_episode_count": 3,
      "h100/outcome_partial_final_state_mse": 0.003749161471728406,
      "h100/outcome_partial_state_mse": 0.0026177625718459586,
      "h100/outcome_success_episode_count": 3,
      "h100/outcome_success_final_state_mse": 0.005996252489245795,
      "h100/outcome_success_state_mse": 0.002869573667937634,
      "h100/state_mse": 0.0037836032443576387,
      "h125/episode_count": 15,
      "h125/final_state_mse": 0.01050658631168939,
      "h125/outcome_drop_episode_count": 3,
      "h125/outcome_drop_final_state_mse": 0.007080071502261692,
      "h125/outcome_drop_state_mse": 0.004301995570363562,
      "h125/outcome_jam_episode_count": 3,
      "h125/outcome_jam_final_state_mse": 0.017317231427999884,
      "h125/outcome_jam_state_mse": 0.005835568696065666,
      "h125/outcome_miss_episode_count": 3,
      "h125/outcome_miss_final_state_mse": 0.01710620863375321,
      "h125/outcome_miss_state_mse": 0.00870437801585478,
      "h125/outcome_partial_episode_count": 3,
      "h125/outcome_partial_final_state_mse": 0.002800889410614188,
      "h125/outcome_partial_state_mse": 0.002708872477213542,
      "h125/outcome_success_episode_count": 3,
      "h125/outcome_success_final_state_mse": 0.00822853072990779,
      "h125/outcome_success_state_mse": 0.0042416875502642466,
      "h125/state_mse": 0.005158500561683006,
      "h20/episode_count": 15,
      "h20/final_state_mse": 0.0034148499856587328,
      "h20/outcome_drop_episode_count": 3,
      "h20/outcome_drop_final_state_mse": 0.0027957663816564225,
      "h20/outcome_drop_state_mse": 0.002577691276868184,
      "h20/outcome_jam_episode_count": 3,
      "h20/outcome_jam_final_state_mse": 0.003181293168488671,
      "h20/outcome_jam_state_mse": 0.00304844324884851,
      "h20/outcome_miss_episode_count": 3,
      "h20/outcome_miss_final_state_mse": 0.005803854052537407,
      "h20/outcome_miss_state_mse": 0.009474935718611174,
      "h20/outcome_partial_episode_count": 3,
      "h20/outcome_partial_final_state_mse": 0.0026192839433944303,
      "h20/outcome_partial_state_mse": 0.002577548323113934,
      "h20/outcome_success_episode_count": 3,
      "h20/outcome_success_final_state_mse": 0.002674051822205774,
      "h20/outcome_success_state_mse": 0.002555821475639842,
      "h20/state_mse": 0.004046888164445465,
      "h30/episode_count": 15,
      "h30/final_state_mse": 0.002715371948441649,
      "h30/outcome_drop_episode_count": 3,
      "h30/outcome_drop_final_state_mse": 0.0026244660413343142,
      "h30/outcome_drop_state_mse": 0.0025462619619431837,
      "h30/outcome_jam_episode_count": 3,
      "h30/outcome_jam_final_state_mse": 0.002745666048106025,
      "h30/outcome_jam_state_mse": 0.0029732276151902275,
      "h30/outcome_miss_episode_count": 3,
      "h30/outcome_miss_final_state_mse": 0.0035572883739970087,
      "h30/outcome_miss_state_mse": 0.007827291924969044,
      "h30/outcome_partial_episode_count": 3,
      "h30/outcome_partial_final_state_mse": 0.00230839254419788,
      "h30/outcome_partial_state_mse": 0.002494614550231069,
      "h30/outcome_success_episode_count": 3,
      "h30/outcome_success_final_state_mse": 0.0023410469780560414,
      "h30/outcome_success_state_mse": 0.0024969300932873827,
      "h30/state_mse": 0.0036676653693704046,
      "h40/episode_count": 15,
      "h40/final_state_mse": 0.0031600428562538296,
      "h40/outcome_drop_episode_count": 3,
      "h40/outcome_drop_final_state_mse": 0.0026482887127820182,
      "h40/outcome_drop_state_mse": 0.0025603495392144894,
      "h40/outcome_jam_episode_count": 3,
      "h40/outcome_jam_final_state_mse": 0.002744631586121578,
      "h40/outcome_jam_state_mse": 0.002921735733942269,
      "h40/outcome_miss_episode_count": 3,
      "h40/outcome_miss_final_state_mse": 0.005047140265601912,
      "h40/outcome_miss_state_mse": 0.006933180646958694,
      "h40/outcome_partial_episode_count": 3,
      "h40/outcome_partial_final_state_mse": 0.0026097855731552723,
      "h40/outcome_partial_state_mse": 0.002448596907596962,
      "h40/outcome_success_episode_count": 3,
      "h40/outcome_success_final_state_mse": 0.002750367315766079,
      "h40/outcome_success_state_mse": 0.0024544461100709206,
      "h40/state_mse": 0.0034636618420968647,
      "h50/episode_count": 15,
      "h50/final_state_mse": 0.0039751146353927316,
      "h50/outcome_drop_episode_count": 3,
      "h50/outcome_drop_final_state_mse": 0.0019548379883072733,
      "h50/outcome_drop_state_mse": 0.0025054429247488384,
      "h50/outcome_jam_episode_count": 3,
      "h50/outcome_jam_final_state_mse": 0.0031728452327204684,
      "h50/outcome_jam_state_mse": 0.0031179058473873762,
      "h50/outcome_miss_episode_count": 3,
      "h50/outcome_miss_final_state_mse": 0.008190112419767318,
      "h50/outcome_miss_state_mse": 0.006941083895614724,
      "h50/outcome_partial_episode_count": 3,
      "h50/outcome_partial_final_state_mse": 0.003347151711875317,
      "h50/outcome_partial_state_mse": 0.0026015504201253254,
      "h50/outcome_success_episode_count": 3,
      "h50/outcome_success_final_state_mse": 0.003210625519939497,
      "h50/outcome_success_state_mse": 0.002598802591460982,
      "h50/state_mse": 0.003552957372727737,
      "h75/episode_count": 15,
      "h75/final_state_mse": 0.003798276926177779,
      "h75/outcome_drop_episode_count": 3,
      "h75/outcome_drop_final_state_mse": 0.003986141674853618,
      "h75/outcome_drop_state_mse": 0.0025158185273214105,
      "h75/outcome_jam_episode_count": 3,
      "h75/outcome_jam_final_state_mse": 0.00333071271188898,
      "h75/outcome_jam_state_mse": 0.003183190173313249,
      "h75/outcome_miss_episode_count": 3,
      "h75/outcome_miss_final_state_mse": 0.005025679574293249,
      "h75/outcome_miss_state_mse": 0.00638145829078159,
      "h75/outcome_partial_episode_count": 3,
      "h75/outcome_partial_final_state_mse": 0.003024053047685062,
      "h75/outcome_partial_state_mse": 0.002605287805361945,
      "h75/outcome_success_episode_count": 3,
      "h75/outcome_success_final_state_mse": 0.003624797086505329,
      "h75/outcome_success_state_mse": 0.00264364604077308,
      "h75/state_mse": 0.003465880416836874,
      "max_requested_horizon": 125,
      "reencode_period": 1,
      "rollout_mode": "periodic_1"
    },
    "periodic_10": {
      "episode_count": 15,
      "h10/episode_count": 15,
      "h10/final_state_mse": 0.002277244929394691,
      "h10/outcome_drop_episode_count": 3,
      "h10/outcome_drop_final_state_mse": 0.0018029469095803554,
      "h10/outcome_drop_state_mse": 0.0013626677927628063,
      "h10/outcome_jam_episode_count": 3,
      "h10/outcome_jam_final_state_mse": 0.0026633132224768595,
      "h10/outcome_jam_state_mse": 0.0017842416669808182,
      "h10/outcome_miss_episode_count": 3,
      "h10/outcome_miss_final_state_mse": 0.0036018515626589456,
      "h10/outcome_miss_state_mse": 0.009784673086178848,
      "h10/outcome_partial_episode_count": 3,
      "h10/outcome_partial_final_state_mse": 0.001674841334617216,
      "h10/outcome_partial_state_mse": 0.0012768240535960477,
      "h10/outcome_success_episode_count": 3,
      "h10/outcome_success_final_state_mse": 0.0016432712037189334,
      "h10/outcome_success_state_mse": 0.0012726602990642871,
      "h10/state_mse": 0.0030962132472617952,
      "h100/episode_count": 15,
      "h100/final_state_mse": 0.00310114006590999,
      "h100/outcome_drop_episode_count": 3,
      "h100/outcome_drop_final_state_mse": 0.0026622041085966274,
      "h100/outcome_drop_state_mse": 0.00205524329266517,
      "h100/outcome_jam_episode_count": 3,
      "h100/outcome_jam_final_state_mse": 0.003286525217536228,
      "h100/outcome_jam_state_mse": 0.002760040058809168,
      "h100/outcome_miss_episode_count": 3,
      "h100/outcome_miss_final_state_mse": 0.0037362006754657023,
      "h100/outcome_miss_state_mse": 0.0033750072180056103,
      "h100/outcome_partial_episode_count": 3,
      "h100/outcome_partial_final_state_mse": 0.0027433217935312806,
      "h100/outcome_partial_state_mse": 0.0020102499045577702,
      "h100/outcome_success_episode_count": 3,
      "h100/outcome_success_final_state_mse": 0.003077449849228454,
      "h100/outcome_success_state_mse": 0.0021001635034099903,
      "h100/state_mse": 0.002460140851588031,
      "h125/episode_count": 15,
      "h125/final_state_mse": 0.003699538910311032,
      "h125/outcome_drop_episode_count": 3,
      "h125/outcome_drop_final_state_mse": 0.004238943064134884,
      "h125/outcome_drop_state_mse": 0.002342474843941483,
      "h125/outcome_jam_episode_count": 3,
      "h125/outcome_jam_final_state_mse": 0.00349733876247032,
      "h125/outcome_jam_state_mse": 0.002908221525304458,
      "h125/outcome_miss_episode_count": 3,
      "h125/outcome_miss_final_state_mse": 0.0058724641605140335,
      "h125/outcome_miss_state_mse": 0.0037270937651590584,
      "h125/outcome_partial_episode_count": 3,
      "h125/outcome_partial_final_state_mse": 0.0024133944043926163,
      "h125/outcome_partial_state_mse": 0.002061729406219682,
      "h125/outcome_success_episode_count": 3,
      "h125/outcome_success_final_state_mse": 0.0024755544522229362,
      "h125/outcome_success_state_mse": 0.002182733024647033,
      "h125/state_mse": 0.0026444508272058824,
      "h20/episode_count": 15,
      "h20/final_state_mse": 0.00196277269350937,
      "h20/outcome_drop_episode_count": 3,
      "h20/outcome_drop_final_state_mse": 0.0019153897327924866,
      "h20/outcome_drop_state_mse": 0.0015262375470080406,
      "h20/outcome_jam_episode_count": 3,
      "h20/outcome_jam_final_state_mse": 0.002150954374300888,
      "h20/outcome_jam_state_mse": 0.0019078911519518087,
      "h20/outcome_miss_episode_count": 3,
      "h20/outcome_miss_final_state_mse": 0.002110017232255998,
      "h20/outcome_miss_state_mse": 0.006149937124813304,
      "h20/outcome_partial_episode_count": 3,
      "h20/outcome_partial_final_state_mse": 0.0018151582163922926,
      "h20/outcome_partial_state_mse": 0.001446681182368908,
      "h20/outcome_success_episode_count": 3,
      "h20/outcome_success_final_state_mse": 0.0018223438874568816,
      "h20/outcome_success_state_mse": 0.0014490896190693175,
      "h20/state_mse": 0.002495967391269659,
      "h30/episode_count": 15,
      "h30/final_state_mse": 0.00199890884698606,
      "h30/outcome_drop_episode_count": 3,
      "h30/outcome_drop_final_state_mse": 0.0019807515093703677,
      "h30/outcome_drop_state_mse": 0.0016738363860219652,
      "h30/outcome_jam_episode_count": 3,
      "h30/outcome_jam_final_state_mse": 0.0022473700003686294,
      "h30/outcome_jam_state_mse": 0.0020890391210585117,
      "h30/outcome_miss_episode_count": 3,
      "h30/outcome_miss_final_state_mse": 0.0021303586320939407,
      "h30/outcome_miss_state_mse": 0.004864414065491919,
      "h30/outcome_partial_episode_count": 3,
      "h30/outcome_partial_final_state_mse": 0.0018143431813109154,
      "h30/outcome_partial_state_mse": 0.0015896474094432424,
      "h30/outcome_success_episode_count": 3,
      "h30/outcome_success_final_state_mse": 0.0018217212770109863,
      "h30/outcome_success_state_mse": 0.0015930777801147992,
      "h30/state_mse": 0.0023620028693172148,
      "h40/episode_count": 15,
      "h40/final_state_mse": 0.002232292742511026,
      "h40/outcome_drop_episode_count": 3,
      "h40/outcome_drop_final_state_mse": 0.0021811380885005775,
      "h40/outcome_drop_state_mse": 0.0018066871789545794,
      "h40/outcome_jam_episode_count": 3,
      "h40/outcome_jam_final_state_mse": 0.0023170116241850885,
      "h40/outcome_jam_state_mse": 0.0021886840754864263,
      "h40/outcome_miss_episode_count": 3,
      "h40/outcome_miss_final_state_mse": 0.0026104510122654484,
      "h40/outcome_miss_state_mse": 0.004282040455762077,
      "h40/outcome_partial_episode_count": 3,
      "h40/outcome_partial_final_state_mse": 0.00198423241575559,
      "h40/outcome_partial_state_mse": 0.0016502079620859982,
      "h40/outcome_success_episode_count": 3,
      "h40/outcome_success_final_state_mse": 0.002068629938792559,
      "h40/outcome_success_state_mse": 0.0016590328193178364,
      "h40/state_mse": 0.002317330603506051,
      "h50/episode_count": 15,
      "h50/final_state_mse": 0.0025720001046174493,
      "h50/outcome_drop_episode_count": 3,
      "h50/outcome_drop_final_state_mse": 0.0026074650825238695,
      "h50/outcome_drop_state_mse": 0.0019417758081473556,
      "h50/outcome_jam_episode_count": 3,
      "h50/outcome_jam_final_state_mse": 0.003403211292488123,
      "h50/outcome_jam_state_mse": 0.0023137998269274346,
      "h50/outcome_miss_episode_count": 3,
      "h50/outcome_miss_final_state_mse": 0.0024989192781884684,
      "h50/outcome_miss_state_mse": 0.003944007711472854,
      "h50/outcome_partial_episode_count": 3,
      "h50/outcome_partial_final_state_mse": 0.002153172699454563,
      "h50/outcome_partial_state_mse": 0.0017062940784529144,
      "h50/outcome_success_episode_count": 3,
      "h50/outcome_success_final_state_mse": 0.0021972319756458007,
      "h50/outcome_success_state_mse": 0.0017150858025145686,
      "h50/state_mse": 0.0023241926205703634,
      "h75/episode_count": 15,
      "h75/final_state_mse": 0.003296584085701338,
      "h75/outcome_drop_episode_count": 3,
      "h75/outcome_drop_final_state_mse": 0.0024199122502133736,
      "h75/outcome_drop_state_mse": 0.002047680541061368,
      "h75/outcome_jam_episode_count": 3,
      "h75/outcome_jam_final_state_mse": 0.0035507569418233983,
      "h75/outcome_jam_state_mse": 0.0026529598028311803,
      "h75/outcome_miss_episode_count": 3,
      "h75/outcome_miss_final_state_mse": 0.003907329043726516,
      "h75/outcome_miss_state_mse": 0.003477329179352405,
      "h75/outcome_partial_episode_count": 3,
      "h75/outcome_partial_final_state_mse": 0.003154903698980419,
      "h75/outcome_partial_state_mse": 0.0019321511877388217,
      "h75/outcome_success_episode_count": 3,
      "h75/outcome_success_final_state_mse": 0.0034500193946501788,
      "h75/outcome_success_state_mse": 0.0019607069809192664,
      "h75/state_mse": 0.002414165422028186,
      "max_requested_horizon": 125,
      "reencode_period": 10,
      "rollout_mode": "periodic_10"
    },
    "periodic_100": {
      "episode_count": 15,
      "h10/episode_count": 15,
      "h10/final_state_mse": 0.002277244929394691,
      "h10/outcome_drop_episode_count": 3,
      "h10/outcome_drop_final_state_mse": 0.0018029469095803554,
      "h10/outcome_drop_state_mse": 0.0013626677927628063,
      "h10/outcome_jam_episode_count": 3,
      "h10/outcome_jam_final_state_mse": 0.0026633132224768595,
      "h10/outcome_jam_state_mse": 0.0017842416669808182,
      "h10/outcome_miss_episode_count": 3,
      "h10/outcome_miss_final_state_mse": 0.0036018515626589456,
      "h10/outcome_miss_state_mse": 0.009784673086178848,
      "h10/outcome_partial_episode_count": 3,
      "h10/outcome_partial_final_state_mse": 0.001674841334617216,
      "h10/outcome_partial_state_mse": 0.0012768240535960477,
      "h10/outcome_success_episode_count": 3,
      "h10/outcome_success_final_state_mse": 0.0016432712037189334,
      "h10/outcome_success_state_mse": 0.0012726602990642871,
      "h10/state_mse": 0.0030962132472617952,
      "h100/episode_count": 15,
      "h100/final_state_mse": 545023.8326797385,
      "h100/outcome_drop_episode_count": 3,
      "h100/outcome_drop_final_state_mse": 536060.998366013,
      "h100/outcome_drop_state_mse": 23917.737908496732,
      "h100/outcome_jam_episode_count": 3,
      "h100/outcome_jam_final_state_mse": 492416.26470588235,
      "h100/outcome_jam_state_mse": 21989.604640522877,
      "h100/outcome_miss_episode_count": 3,
      "h100/outcome_miss_final_state_mse": 700913.7973856209,
      "h100/outcome_miss_state_mse": 30933.947973856208,
      "h100/outcome_partial_episode_count": 3,
      "h100/outcome_partial_final_state_mse": 494155.2663398693,
      "h100/outcome_partial_state_mse": 22046.081960784315,
      "h100/outcome_success_episode_count": 3,
      "h100/outcome_success_final_state_mse": 501572.99346405227,
      "h100/outcome_success_state_mse": 22395.044183006536,
      "h100/state_mse": 24256.483555555555,
      "h125/episode_count": 15,
      "h125/final_state_mse": 1215890.154248366,
      "h125/outcome_drop_episode_count": 3,
      "h125/outcome_drop_final_state_mse": 1155281.477124183,
      "h125/outcome_drop_state_mse": 76589.98420915032,
      "h125/outcome_jam_episode_count": 3,
      "h125/outcome_jam_final_state_mse": 1059700.4035947712,
      "h125/outcome_jam_state_mse": 70868.56324183007,
      "h125/outcome_miss_episode_count": 3,
      "h125/outcome_miss_final_state_mse": 1718910.4640522876,
      "h125/outcome_miss_state_mse": 109451.49155555555,
      "h125/outcome_partial_episode_count": 3,
      "h125/outcome_partial_final_state_mse": 1061536.4689542484,
      "h125/outcome_partial_state_mse": 70809.37181699346,
      "h125/outcome_success_episode_count": 3,
      "h125/outcome_success_final_state_mse": 1084021.5179738563,
      "h125/outcome_success_state_mse": 72136.93845751634,
      "h125/state_mse": 79971.26776470589,
      "h20/episode_count": 15,
      "h20/final_state_mse": 0.009047411002364813,
      "h20/outcome_drop_episode_count": 3,
      "h20/outcome_drop_final_state_mse": 0.008114211894328299,
      "h20/outcome_drop_state_mse": 0.002792180831136267,
      "h20/outcome_jam_episode_count": 3,
      "h20/outcome_jam_final_state_mse": 0.008298406803530027,
      "h20/outcome_jam_state_mse": 0.003147260620703105,
      "h20/outcome_miss_episode_count": 3,
      "h20/outcome_miss_final_state_mse": 0.013159821236055661,
      "h20/outcome_miss_state_mse": 0.008081271289999968,
      "h20/outcome_partial_episode_count": 3,
      "h20/outcome_partial_final_state_mse": 0.007764819205976,
      "h20/outcome_partial_state_mse": 0.0026481733602636,
      "h20/outcome_success_episode_count": 3,
      "h20/outcome_success_final_state_mse": 0.007899798306764341,
      "h20/outcome_success_state_mse": 0.0026723475238077,
      "h20/state_mse": 0.003868246639476103,
      "h30/episode_count": 15,
      "h30/final_state_mse": 0.04573741738313164,
      "h30/outcome_drop_episode_count": 3,
      "h30/outcome_drop_final_state_mse": 0.04148624769223282,
      "h30/outcome_drop_state_mse": 0.009604599065510536,
      "h30/outcome_jam_episode_count": 3,
      "h30/outcome_jam_final_state_mse": 0.04444269027585298,
      "h30/outcome_jam_state_mse": 0.009827272668643194,
      "h30/outcome_miss_episode_count": 3,
      "h30/outcome_miss_final_state_mse": 0.059026507770313937,
      "h30/outcome_miss_state_mse": 0.017055644033261635,
      "h30/outcome_partial_episode_count": 3,
      "h30/outcome_partial_final_state_mse": 0.04165518128014858,
      "h30/outcome_partial_state_mse": 0.009309197718801062,
      "h30/outcome_success_episode_count": 3,
      "h30/outcome_success_final_state_mse": 0.04207645833881852,
      "h30/outcome_success_state_mse": 0.009331317041434493,
      "h30/state_mse": 0.011025606708069513,
      "h40/episode_count": 15,
      "h40/final_state_mse": 0.24584601907169118,
      "h40/outcome_drop_episode_count": 3,
      "h40/outcome_drop_final_state_mse": 0.2003634770711263,
      "h40/outcome_drop_state_mse": 0.03207787345437443,
      "h40/outcome_jam_episode_count": 3,
      "h40/outcome_jam_final_state_mse": 0.2545363638136122,
      "h40/outcome_jam_state_mse": 0.03925206365149005,
      "h40/outcome_miss_episode_count": 3,
      "h40/outcome_miss_final_state_mse": 0.28425711588142744,
      "h40/outcome_miss_state_mse": 0.04913231843437245,
      "h40/outcome_partial_episode_count": 3,
      "h40/outcome_partial_final_state_mse": 0.24674605076609094,
      "h40/outcome_partial_state_mse": 0.03811439813352099,
      "h40/outcome_success_episode_count": 3,
      "h40/outcome_success_final_state_mse": 0.24332711899202633,
      "h40/outcome_success_state_mse": 0.03777992647457746,
      "h40/state_mse": 0.039271316029667075,
      "h50/episode_count": 15,
      "h50/final_state_mse": 2.547360249438317,
      "h50/outcome_drop_episode_count": 3,
      "h50/outcome_drop_final_state_mse": 1.89736771427728,
      "h50/outcome_drop_state_mse": 0.1929296675538705,
      "h50/outcome_jam_episode_count": 3,
      "h50/outcome_jam_final_state_mse": 2.197553210788303,
      "h50/outcome_jam_state_mse": 0.23154836218341504,
      "h50/outcome_miss_episode_count": 3,
      "h50/outcome_miss_final_state_mse": 4.453775393417458,
      "h50/outcome_miss_state_mse": 0.3724237379684947,
      "h50/outcome_partial_episode_count": 3,
      "h50/outcome_partial_final_state_mse": 2.0995968962027356,
      "h50/outcome_partial_state_mse": 0.22388789756625307,
      "h50/outcome_success_episode_count": 3,
      "h50/outcome_success_final_state_mse": 2.0885077956455205,
      "h50/outcome_success_state_mse": 0.22170565137676165,
      "h50/state_mse": 0.2484990553513072,
      "h75/episode_count": 15,
      "h75/final_state_mse": 1071.5591503267974,
      "h75/outcome_drop_episode_count": 3,
      "h75/outcome_drop_final_state_mse": 1034.568097681781,
      "h75/outcome_drop_state_mse": 63.75347971132898,
      "h75/outcome_jam_episode_count": 3,
      "h75/outcome_jam_final_state_mse": 930.8778658598857,
      "h75/outcome_jam_state_mse": 58.1738449754902,
      "h75/outcome_miss_episode_count": 3,
      "h75/outcome_miss_final_state_mse": 1452.8528262867646,
      "h75/outcome_miss_state_mse": 96.00678649237473,
      "h75/outcome_partial_episode_count": 3,
      "h75/outcome_partial_final_state_mse": 961.5728943270017,
      "h75/outcome_partial_state_mse": 59.78073563453159,
      "h75/outcome_success_episode_count": 3,
      "h75/outcome_success_final_state_mse": 977.9243945950776,
      "h75/outcome_success_state_mse": 60.73616557734205,
      "h75/state_mse": 67.69020043572985,
      "max_requested_horizon": 125,
      "reencode_period": 100,
      "rollout_mode": "periodic_100"
    },
    "periodic_2": {
      "episode_count": 15,
      "h10/episode_count": 15,
      "h10/final_state_mse": 0.0024295459385790855,
      "h10/outcome_drop_episode_count": 3,
      "h10/outcome_drop_final_state_mse": 0.0016071784973534103,
      "h10/outcome_drop_state_mse": 0.0013646548479990242,
      "h10/outcome_jam_episode_count": 3,
      "h10/outcome_jam_final_state_mse": 0.002436099927020229,
      "h10/outcome_jam_state_mse": 0.0018137807160421135,
      "h10/outcome_miss_episode_count": 3,
      "h10/outcome_miss_final_state_mse": 0.005025619093109579,
      "h10/outcome_miss_state_mse": 0.011163181261299482,
      "h10/outcome_partial_episode_count": 3,
      "h10/outcome_partial_final_state_mse": 0.0015409229798059837,
      "h10/outcome_partial_state_mse": 0.0012677550315856934,
      "h10/outcome_success_episode_count": 3,
      "h10/outcome_success_final_state_mse": 0.0015379093903926462,
      "h10/outcome_success_state_mse": 0.0012786138681025287,
      "h10/state_mse": 0.0033775972852519913,
      "h100/episode_count": 15,
      "h100/final_state_mse": 0.0030783497430140676,
      "h100/outcome_drop_episode_count": 3,
      "h100/outcome_drop_final_state_mse": 0.002865876052893844,
      "h100/outcome_drop_state_mse": 0.0022384765724730647,
      "h100/outcome_jam_episode_count": 3,
      "h100/outcome_jam_final_state_mse": 0.00306690226193347,
      "h100/outcome_jam_state_mse": 0.0026000505958507264,
      "h100/outcome_miss_episode_count": 3,
      "h100/outcome_miss_final_state_mse": 0.0039001694983906215,
      "h100/outcome_miss_state_mse": 0.004012970332226722,
      "h100/outcome_partial_episode_count": 3,
      "h100/outcome_partial_final_state_mse": 0.0022429040347049438,
      "h100/outcome_partial_state_mse": 0.0019165016311446046,
      "h100/outcome_success_episode_count": 3,
      "h100/outcome_success_final_state_mse": 0.003315897305416905,
      "h100/outcome_success_state_mse": 0.002115121105917139,
      "h100/state_mse": 0.0025766240537556167,
      "h125/episode_count": 15,
      "h125/final_state_mse": 0.004620174956477545,
      "h125/outcome_drop_episode_count": 3,
      "h125/outcome_drop_final_state_mse": 0.003493851501178118,
      "h125/outcome_drop_state_mse": 0.0024111091763365502,
      "h125/outcome_jam_episode_count": 3,
      "h125/outcome_jam_final_state_mse": 0.004337700363857294,
      "h125/outcome_jam_state_mse": 0.0028944021985421774,
      "h125/outcome_miss_episode_count": 3,
      "h125/outcome_miss_final_state_mse": 0.007311477916303024,
      "h125/outcome_miss_state_mse": 0.004316254459954555,
      "h125/outcome_partial_episode_count": 3,
      "h125/outcome_partial_final_state_mse": 0.0036808579088815677,
      "h125/outcome_partial_state_mse": 0.002151513941147748,
      "h125/outcome_success_episode_count": 3,
      "h125/outcome_success_final_state_mse": 0.0042769856312695675,
      "h125/outcome_success_state_mse": 0.002477228251937168,
      "h125/state_mse": 0.0028501018050449346,
      "h20/episode_count": 15,
      "h20/final_state_mse": 0.0024760998931585574,
      "h20/outcome_drop_episode_count": 3,
      "h20/outcome_drop_final_state_mse": 0.002359588015702815,
      "h20/outcome_drop_state_mse": 0.0017873098258099525,
      "h20/outcome_jam_episode_count": 3,
      "h20/outcome_jam_final_state_mse": 0.0024239262139875125,
      "h20/outcome_jam_state_mse": 0.0021857322431078144,
      "h20/outcome_miss_episode_count": 3,
      "h20/outcome_miss_final_state_mse": 0.0035168473042693793,
      "h20/outcome_miss_state_mse": 0.007686093274284812,
      "h20/outcome_partial_episode_count": 3,
      "h20/outcome_partial_final_state_mse": 0.0020366765169146793,
      "h20/outcome_partial_state_mse": 0.0016689559797835507,
      "h20/outcome_success_episode_count": 3,
      "h20/outcome_success_final_state_mse": 0.0020434614149184007,
      "h20/outcome_success_state_mse": 0.0016864339705386193,
      "h20/state_mse": 0.003002905004164752,
      "h30/episode_count": 15,
      "h30/final_state_mse": 0.0021748837302712834,
      "h30/outcome_drop_episode_count": 3,
      "h30/outcome_drop_final_state_mse": 0.002139847701281504,
      "h30/outcome_drop_state_mse": 0.0019120034049539005,
      "h30/outcome_jam_episode_count": 3,
      "h30/outcome_jam_final_state_mse": 0.0023774118984446805,
      "h30/outcome_jam_state_mse": 0.0023084815031562756,
      "h30/outcome_miss_episode_count": 3,
      "h30/outcome_miss_final_state_mse": 0.002503149308799918,
      "h30/outcome_miss_state_mse": 0.006192515358685927,
      "h30/outcome_partial_episode_count": 3,
      "h30/outcome_partial_final_state_mse": 0.0019050917642958025,
      "h30/outcome_partial_state_mse": 0.0017870452928646977,
      "h30/outcome_success_episode_count": 3,
      "h30/outcome_success_final_state_mse": 0.0019489183437590505,
      "h30/outcome_success_state_mse": 0.001809734145021127,
      "h30/state_mse": 0.002801955811078772,
      "h40/episode_count": 15,
      "h40/final_state_mse": 0.002204016766516991,
      "h40/outcome_drop_episode_count": 3,
      "h40/outcome_drop_final_state_mse": 0.0021252760700151033,
      "h40/outcome_drop_state_mse": 0.001987951370625714,
      "h40/outcome_jam_episode_count": 3,
      "h40/outcome_jam_final_state_mse": 0.0019754815627546873,
      "h40/outcome_jam_state_mse": 0.0023179383059732275,
      "h40/outcome_miss_episode_count": 3,
      "h40/outcome_miss_final_state_mse": 0.003181309287064995,
      "h40/outcome_miss_state_mse": 0.005380324600568784,
      "h40/outcome_partial_episode_count": 3,
      "h40/outcome_partial_final_state_mse": 0.0017947136040996103,
      "h40/outcome_partial_state_mse": 0.001808400578748167,
      "h40/outcome_success_episode_count": 3,
      "h40/outcome_success_final_state_mse": 0.0019433034303920722,
      "h40/outcome_success_state_mse": 0.0018340991603003607,
      "h40/state_mse": 0.002665742861679177,
      "h50/episode_count": 15,
      "h50/final_state_mse": 0.0022958108802246893,
      "h50/outcome_drop_episode_count": 3,
      "h50/outcome_drop_final_state_mse": 0.0019868984331492504,
      "h50/outcome_drop_state_mse": 0.0020123472400740082,
      "h50/outcome_jam_episode_count": 3,
      "h50/outcome_jam_final_state_mse": 0.0023520985752149347,
      "h50/outcome_jam_state_mse": 0.0023754683662863337,
      "h50/outcome_miss_episode_count": 3,
      "h50/outcome_miss_final_state_mse": 0.0033283191763497644,
      "h50/outcome_miss_state_mse": 0.0050380771612030225,
      "h50/outcome_partial_episode_count": 3,
      "h50/outcome_partial_final_state_mse": 0.0018977415960988188,
      "h50/outcome_partial_state_mse": 0.0018399564892637964,
      "h50/outcome_success_episode_count": 3,
      "h50/outcome_success_final_state_mse": 0.0019139964985691643,
      "h50/outcome_success_state_mse": 0.0018693971633911132,
      "h50/state_mse": 0.0026270492653441583,
      "h75/episode_count": 15,
      "h75/final_state_mse": 0.0031059071908589283,
      "h75/outcome_drop_episode_count": 3,
      "h75/outcome_drop_final_state_mse": 0.00208564404568641,
      "h75/outcome_drop_state_mse": 0.0020065774689053137,
      "h75/outcome_jam_episode_count": 3,
      "h75/outcome_jam_final_state_mse": 0.0029989293490359985,
      "h75/outcome_jam_state_mse": 0.0025229537149400235,
      "h75/outcome_miss_episode_count": 3,
      "h75/outcome_miss_final_state_mse": 0.004460040114673914,
      "h75/outcome_miss_state_mse": 0.004302405729273046,
      "h75/outcome_partial_episode_count": 3,
      "h75/outcome_partial_final_state_mse": 0.0027239780410442476,
      "h75/outcome_partial_state_mse": 0.0019152115632765693,
      "h75/outcome_success_episode_count": 3,
      "h75/outcome_success_final_state_mse": 0.003260944647337097,
      "h75/outcome_success_state_mse": 0.001969667197832095,
      "h75/state_mse": 0.002543363151467184,
      "max_requested_horizon": 125,
      "reencode_period": 2,
      "rollout_mode": "periodic_2"
    },
    "periodic_20": {
      "episode_count": 15,
      "h10/episode_count": 15,
      "h10/final_state_mse": 0.002277244929394691,
      "h10/outcome_drop_episode_count": 3,
      "h10/outcome_drop_final_state_mse": 0.0018029469095803554,
      "h10/outcome_drop_state_mse": 0.0013626677927628063,
      "h10/outcome_jam_episode_count": 3,
      "h10/outcome_jam_final_state_mse": 0.0026633132224768595,
      "h10/outcome_jam_state_mse": 0.0017842416669808182,
      "h10/outcome_miss_episode_count": 3,
      "h10/outcome_miss_final_state_mse": 0.0036018515626589456,
      "h10/outcome_miss_state_mse": 0.009784673086178848,
      "h10/outcome_partial_episode_count": 3,
      "h10/outcome_partial_final_state_mse": 0.001674841334617216,
      "h10/outcome_partial_state_mse": 0.0012768240535960477,
      "h10/outcome_success_episode_count": 3,
      "h10/outcome_success_final_state_mse": 0.0016432712037189334,
      "h10/outcome_success_state_mse": 0.0012726602990642871,
      "h10/state_mse": 0.0030962132472617952,
      "h100/episode_count": 15,
      "h100/final_state_mse": 0.019046717375711678,
      "h100/outcome_drop_episode_count": 3,
      "h100/outcome_drop_final_state_mse": 0.02902389478449728,
      "h100/outcome_drop_state_mse": 0.008380135804219964,
      "h100/outcome_jam_episode_count": 3,
      "h100/outcome_jam_final_state_mse": 0.015323531491304535,
      "h100/outcome_jam_state_mse": 0.0070000969506556696,
      "h100/outcome_miss_episode_count": 3,
      "h100/outcome_miss_final_state_mse": 0.013324746898576325,
      "h100/outcome_miss_state_mse": 0.00756827510260289,
      "h100/outcome_partial_episode_count": 3,
      "h100/outcome_partial_final_state_mse": 0.019938382447934618,
      "h100/outcome_partial_state_mse": 0.006345232047286688,
      "h100/outcome_success_episode_count": 3,
      "h100/outcome_success_final_state_mse": 0.017623022490856694,
      "h100/outcome_success_state_mse": 0.006281363605673797,
      "h100/state_mse": 0.00711502055249183,
      "h125/episode_count": 15,
      "h125/final_state_mse": 0.008323554120032616,
      "h125/outcome_drop_episode_count": 3,
      "h125/outcome_drop_final_state_mse": 0.015969933345426922,
      "h125/outcome_drop_state_mse": 0.010175039453444138,
      "h125/outcome_jam_episode_count": 3,
      "h125/outcome_jam_final_state_mse": 0.006163325964235792,
      "h125/outcome_jam_state_mse": 0.007350209554036458,
      "h125/outcome_miss_episode_count": 3,
      "h125/outcome_miss_final_state_mse": 0.00683108069538291,
      "h125/outcome_miss_state_mse": 0.007504332997440513,
      "h125/outcome_partial_episode_count": 3,
      "h125/outcome_partial_final_state_mse": 0.007237553839979608,
      "h125/outcome_partial_state_mse": 0.006977947409636055,
      "h125/outcome_success_episode_count": 3,
      "h125/outcome_success_final_state_mse": 0.005415876609048033,
      "h125/outcome_success_state_mse": 0.0067590778325897416,
      "h125/state_mse": 0.007753320950776144,
      "h20/episode_count": 15,
      "h20/final_state_mse": 0.009047411002364813,
      "h20/outcome_drop_episode_count": 3,
      "h20/outcome_drop_final_state_mse": 0.008114211894328299,
      "h20/outcome_drop_state_mse": 0.002792180831136267,
      "h20/outcome_jam_episode_count": 3,
      "h20/outcome_jam_final_state_mse": 0.008298406803530027,
      "h20/outcome_jam_state_mse": 0.003147260620703105,
      "h20/outcome_miss_episode_count": 3,
      "h20/outcome_miss_final_state_mse": 0.013159821236055661,
      "h20/outcome_miss_state_mse": 0.008081271289999968,
      "h20/outcome_partial_episode_count": 3,
      "h20/outcome_partial_final_state_mse": 0.007764819205976,
      "h20/outcome_partial_state_mse": 0.0026481733602636,
      "h20/outcome_success_episode_count": 3,
      "h20/outcome_success_final_state_mse": 0.007899798306764341,
      "h20/outcome_success_state_mse": 0.0026723475238077,
      "h20/state_mse": 0.003868246639476103,
      "h30/episode_count": 15,
      "h30/final_state_mse": 0.003910616955725975,
      "h30/outcome_drop_episode_count": 3,
      "h30/outcome_drop_final_state_mse": 0.003924849278786603,
      "h30/outcome_drop_state_mse": 0.003195206428145531,
      "h30/outcome_jam_episode_count": 3,
      "h30/outcome_jam_final_state_mse": 0.004464367197619544,
      "h30/outcome_jam_state_mse": 0.0036082395541122535,
      "h30/outcome_miss_episode_count": 3,
      "h30/outcome_miss_final_state_mse": 0.0035199793238265844,
      "h30/outcome_miss_state_mse": 0.006740354193062044,
      "h30/outcome_partial_episode_count": 3,
      "h30/outcome_partial_final_state_mse": 0.003833757652566324,
      "h30/outcome_partial_state_mse": 0.0030770487774950746,
      "h30/outcome_success_episode_count": 3,
      "h30/outcome_success_final_state_mse": 0.0038101324945493463,
      "h30/outcome_success_state_mse": 0.0030915789095145164,
      "h30/state_mse": 0.003942485468579793,
      "h40/episode_count": 15,
      "h40/final_state_mse": 0.013140602361143025,
      "h40/outcome_drop_episode_count": 3,
      "h40/outcome_drop_final_state_mse": 0.012154020125569862,
      "h40/outcome_drop_state_mse": 0.004270081192839379,
      "h40/outcome_jam_episode_count": 3,
      "h40/outcome_jam_final_state_mse": 0.014658233211710562,
      "h40/outcome_jam_state_mse": 0.004790416340422786,
      "h40/outcome_miss_episode_count": 3,
      "h40/outcome_miss_final_state_mse": 0.012630106966479931,
      "h40/outcome_miss_state_mse": 0.006770648364148109,
      "h40/outcome_partial_episode_count": 3,
      "h40/outcome_partial_final_state_mse": 0.01323001865857567,
      "h40/outcome_partial_state_mse": 0.0041166982619591005,
      "h40/outcome_success_episode_count": 3,
      "h40/outcome_success_final_state_mse": 0.013030635472995784,
      "h40/outcome_success_state_mse": 0.004110014750287424,
      "h40/state_mse": 0.004811571906594669,
      "h50/episode_count": 15,
      "h50/final_state_mse": 0.005728193046220767,
      "h50/outcome_drop_episode_count": 3,
      "h50/outcome_drop_final_state_mse": 0.005753140750468946,
      "h50/outcome_drop_state_mse": 0.004432906886331396,
      "h50/outcome_jam_episode_count": 3,
      "h50/outcome_jam_final_state_mse": 0.006841057655858058,
      "h50/outcome_jam_state_mse": 0.00505180028528949,
      "h50/outcome_miss_episode_count": 3,
      "h50/outcome_miss_final_state_mse": 0.004318894757554422,
      "h50/outcome_miss_state_mse": 0.006225013732910156,
      "h50/outcome_partial_episode_count": 3,
      "h50/outcome_partial_final_state_mse": 0.005866904420400757,
      "h50/outcome_partial_state_mse": 0.004329694018644445,
      "h50/outcome_success_episode_count": 3,
      "h50/outcome_success_final_state_mse": 0.005860967476383533,
      "h50/outcome_success_state_mse": 0.00431418001262191,
      "h50/state_mse": 0.0048707191616881125,
      "h75/episode_count": 15,
      "h75/final_state_mse": 0.010104518466525608,
      "h75/outcome_drop_episode_count": 3,
      "h75/outcome_drop_final_state_mse": 0.01242707952175265,
      "h75/outcome_drop_state_mse": 0.0058366338775568275,
      "h75/outcome_jam_episode_count": 3,
      "h75/outcome_jam_final_state_mse": 0.009058505686279994,
      "h75/outcome_jam_state_mse": 0.006327122790101826,
      "h75/outcome_miss_episode_count": 3,
      "h75/outcome_miss_final_state_mse": 0.0120798918156842,
      "h75/outcome_miss_state_mse": 0.006360205689806305,
      "h75/outcome_partial_episode_count": 3,
      "h75/outcome_partial_final_state_mse": 0.00860162566300311,
      "h75/outcome_partial_state_mse": 0.005534861321542777,
      "h75/outcome_success_episode_count": 3,
      "h75/outcome_success_final_state_mse": 0.008355490814626606,
      "h75/outcome_success_state_mse": 0.005501592174854154,
      "h75/state_mse": 0.005912083312057462,
      "max_requested_horizon": 125,
      "reencode_period": 20,
      "rollout_mode": "periodic_20"
    },
    "periodic_5": {
      "episode_count": 15,
      "h10/episode_count": 15,
      "h10/final_state_mse": 0.0017505603678086225,
      "h10/outcome_drop_episode_count": 3,
      "h10/outcome_drop_final_state_mse": 0.0010991321474898095,
      "h10/outcome_drop_state_mse": 0.0011807724346522411,
      "h10/outcome_jam_episode_count": 3,
      "h10/outcome_jam_final_state_mse": 0.002009079542035371,
      "h10/outcome_jam_state_mse": 0.0016143001372518103,
      "h10/outcome_miss_episode_count": 3,
      "h10/outcome_miss_final_state_mse": 0.0036310856930570666,
      "h10/outcome_miss_state_mse": 0.009967823901207618,
      "h10/outcome_partial_episode_count": 3,
      "h10/outcome_partial_final_state_mse": 0.0010070650552222932,
      "h10/outcome_partial_state_mse": 0.0010901245026806602,
      "h10/outcome_success_episode_count": 3,
      "h10/outcome_success_final_state_mse": 0.0010064395716766906,
      "h10/outcome_success_state_mse": 0.0010978219555873496,
      "h10/state_mse": 0.0029901684031767004,
      "h100/episode_count": 15,
      "h100/final_state_mse": 0.0026341522441190833,
      "h100/outcome_drop_episode_count": 3,
      "h100/outcome_drop_final_state_mse": 0.0022973482028331633,
      "h100/outcome_drop_state_mse": 0.001867269129534952,
      "h100/outcome_jam_episode_count": 3,
      "h100/outcome_jam_final_state_mse": 0.002572863368816625,
      "h100/outcome_jam_state_mse": 0.0023362365423464306,
      "h100/outcome_miss_episode_count": 3,
      "h100/outcome_miss_final_state_mse": 0.0039730962682393645,
      "h100/outcome_miss_state_mse": 0.0034560040243310866,
      "h100/outcome_partial_episode_count": 3,
      "h100/outcome_partial_final_state_mse": 0.001852218938224456,
      "h100/outcome_partial_state_mse": 0.0016796954472859701,
      "h100/outcome_success_episode_count": 3,
      "h100/outcome_success_final_state_mse": 0.002475234223347084,
      "h100/outcome_success_state_mse": 0.0018099744958815231,
      "h100/state_mse": 0.0022298358593111725,
      "h125/episode_count": 15,
      "h125/final_state_mse": 0.003394315445345212,
      "h125/outcome_drop_episode_count": 3,
      "h125/outcome_drop_final_state_mse": 0.003976034085734997,
      "h125/outcome_drop_state_mse": 0.0021789024203431374,
      "h125/outcome_jam_episode_count": 3,
      "h125/outcome_jam_final_state_mse": 0.0032422890265782676,
      "h125/outcome_jam_state_mse": 0.0025276896158854165,
      "h125/outcome_miss_episode_count": 3,
      "h125/outcome_miss_final_state_mse": 0.005591388231788586,
      "h125/outcome_miss_state_mse": 0.003694765626994613,
      "h125/outcome_partial_episode_count": 3,
      "h125/outcome_partial_final_state_mse": 0.001855638194707484,
      "h125/outcome_partial_state_mse": 0.0016867781495736316,
      "h125/outcome_success_episode_count": 3,
      "h125/outcome_success_final_state_mse": 0.002306227639220119,
      "h125/outcome_success_state_mse": 0.0019512493158477583,
      "h125/state_mse": 0.0024078772850285946,
      "h20/episode_count": 15,
      "h20/final_state_mse": 0.001766693046669555,
      "h20/outcome_drop_episode_count": 3,
      "h20/outcome_drop_final_state_mse": 0.0018042763999474593,
      "h20/outcome_drop_state_mse": 0.00138723119801166,
      "h20/outcome_jam_episode_count": 3,
      "h20/outcome_jam_final_state_mse": 0.001972300700502458,
      "h20/outcome_jam_state_mse": 0.0017936709659551484,
      "h20/outcome_miss_episode_count": 3,
      "h20/outcome_miss_final_state_mse": 0.0018354599771935956,
      "h20/outcome_miss_state_mse": 0.006325578144173217,
      "h20/outcome_partial_episode_count": 3,
      "h20/outcome_partial_final_state_mse": 0.0015918741039201325,
      "h20/outcome_partial_state_mse": 0.0012851473942301632,
      "h20/outcome_success_episode_count": 3,
      "h20/outcome_success_final_state_mse": 0.0016295540761324316,
      "h20/outcome_success_state_mse": 0.0013015722527223476,
      "h20/state_mse": 0.0024186399871227787,
      "h30/episode_count": 15,
      "h30/final_state_mse": 0.0018439320956959444,
      "h30/outcome_drop_episode_count": 3,
      "h30/outcome_drop_final_state_mse": 0.0018294428785641987,
      "h30/outcome_drop_state_mse": 0.0015611213276848553,
      "h30/outcome_jam_episode_count": 3,
      "h30/outcome_jam_final_state_mse": 0.0020483072871476217,
      "h30/outcome_jam_state_mse": 0.0019954807877800304,
      "h30/outcome_miss_episode_count": 3,
      "h30/outcome_miss_final_state_mse": 0.0019482120968937094,
      "h30/outcome_miss_state_mse": 0.004984381204077361,
      "h30/outcome_partial_episode_count": 3,
      "h30/outcome_partial_final_state_mse": 0.0016782496100157694,
      "h30/outcome_partial_state_mse": 0.0014523947420722778,
      "h30/outcome_success_episode_count": 3,
      "h30/outcome_success_final_state_mse": 0.0017154480214991602,
      "h30/outcome_success_state_mse": 0.0014706210113558634,
      "h30/state_mse": 0.0022927997730396413,
      "h40/episode_count": 15,
      "h40/final_state_mse": 0.0018463066200804866,
      "h40/outcome_drop_episode_count": 3,
      "h40/outcome_drop_final_state_mse": 0.001977180587310417,
      "h40/outcome_drop_state_mse": 0.001683970078144198,
      "h40/outcome_jam_episode_count": 3,
      "h40/outcome_jam_final_state_mse": 0.0016840961000888176,
      "h40/outcome_jam_state_mse": 0.0020493240917430202,
      "h40/outcome_miss_episode_count": 3,
      "h40/outcome_miss_final_state_mse": 0.002251880377336265,
      "h40/outcome_miss_state_mse": 0.004314388169182671,
      "h40/outcome_partial_episode_count": 3,
      "h40/outcome_partial_final_state_mse": 0.0016263436550408407,
      "h40/outcome_partial_state_mse": 0.0015194009721668717,
      "h40/outcome_success_episode_count": 3,
      "h40/outcome_success_final_state_mse": 0.0016920316988736197,
      "h40/outcome_success_state_mse": 0.00153419957831015,
      "h40/state_mse": 0.0022202565311606414,
      "h50/episode_count": 15,
      "h50/final_state_mse": 0.0019044354071024977,
      "h50/outcome_drop_episode_count": 3,
      "h50/outcome_drop_final_state_mse": 0.001990883373746685,
      "h50/outcome_drop_state_mse": 0.0017623309839784709,
      "h50/outcome_jam_episode_count": 3,
      "h50/outcome_jam_final_state_mse": 0.002372515552184161,
      "h50/outcome_jam_state_mse": 0.0020876747330808953,
      "h50/outcome_miss_episode_count": 3,
      "h50/outcome_miss_final_state_mse": 0.001996529525985905,
      "h50/outcome_miss_state_mse": 0.003913913863936281,
      "h50/outcome_partial_episode_count": 3,
      "h50/outcome_partial_final_state_mse": 0.001540992774215399,
      "h50/outcome_partial_state_mse": 0.001533913924023996,
      "h50/outcome_success_episode_count": 3,
      "h50/outcome_success_final_state_mse": 0.0016212551032795625,
      "h50/outcome_success_state_mse": 0.0015515947341918945,
      "h50/state_mse": 0.0021698857725056166,
      "h75/episode_count": 15,
      "h75/final_state_mse": 0.0030808218164381637,
      "h75/outcome_drop_episode_count": 3,
      "h75/outcome_drop_final_state_mse": 0.0019823949710995542,
      "h75/outcome_drop_state_mse": 0.001847924105741879,
      "h75/outcome_jam_episode_count": 3,
      "h75/outcome_jam_final_state_mse": 0.0034292013037438484,
      "h75/outcome_jam_state_mse": 0.0022912773847060526,
      "h75/outcome_miss_episode_count": 3,
      "h75/outcome_miss_final_state_mse": 0.004050734458990346,
      "h75/outcome_miss_state_mse": 0.003421878357598465,
      "h75/outcome_partial_episode_count": 3,
      "h75/outcome_partial_final_state_mse": 0.00285885917643706,
      "h75/outcome_partial_state_mse": 0.00165590564669607,
      "h75/outcome_success_episode_count": 3,
      "h75/outcome_success_final_state_mse": 0.003082919585841154,
      "h75/outcome_success_state_mse": 0.0016931158576915467,
      "h75/state_mse": 0.002182020266331359,
      "max_requested_horizon": 125,
      "reencode_period": 5,
      "rollout_mode": "periodic_5"
    },
    "periodic_50": {
      "episode_count": 15,
      "h10/episode_count": 15,
      "h10/final_state_mse": 0.002277244929394691,
      "h10/outcome_drop_episode_count": 3,
      "h10/outcome_drop_final_state_mse": 0.0018029469095803554,
      "h10/outcome_drop_state_mse": 0.0013626677927628063,
      "h10/outcome_jam_episode_count": 3,
      "h10/outcome_jam_final_state_mse": 0.0026633132224768595,
      "h10/outcome_jam_state_mse": 0.0017842416669808182,
      "h10/outcome_miss_episode_count": 3,
      "h10/outcome_miss_final_state_mse": 0.0036018515626589456,
      "h10/outcome_miss_state_mse": 0.009784673086178848,
      "h10/outcome_partial_episode_count": 3,
      "h10/outcome_partial_final_state_mse": 0.001674841334617216,
      "h10/outcome_partial_state_mse": 0.0012768240535960477,
      "h10/outcome_success_episode_count": 3,
      "h10/outcome_success_final_state_mse": 0.0016432712037189334,
      "h10/outcome_success_state_mse": 0.0012726602990642871,
      "h10/state_mse": 0.0030962132472617952,
      "h100/episode_count": 15,
      "h100/final_state_mse": 324.1233864379085,
      "h100/outcome_drop_episode_count": 3,
      "h100/outcome_drop_final_state_mse": 233.2164777369281,
      "h100/outcome_drop_state_mse": 13.395043785743464,
      "h100/outcome_jam_episode_count": 3,
      "h100/outcome_jam_final_state_mse": 250.08595345690358,
      "h100/outcome_jam_state_mse": 14.262511871936274,
      "h100/outcome_miss_episode_count": 3,
      "h100/outcome_miss_final_state_mse": 584.5797717524509,
      "h100/outcome_miss_state_mse": 31.278320567810457,
      "h100/outcome_partial_episode_count": 3,
      "h100/outcome_partial_final_state_mse": 279.98387395322715,
      "h100/outcome_partial_state_mse": 15.626307955473857,
      "h100/outcome_success_episode_count": 3,
      "h100/outcome_success_final_state_mse": 272.75086167279414,
      "h100/outcome_success_state_mse": 15.2778813061683,
      "h100/state_mse": 17.968011437908498,
      "h125/episode_count": 15,
      "h125/final_state_mse": 119.31631944444445,
      "h125/outcome_drop_episode_count": 3,
      "h125/outcome_drop_final_state_mse": 75.85246645858864,
      "h125/outcome_drop_state_mse": 15.838835580065359,
      "h125/outcome_jam_episode_count": 3,
      "h125/outcome_jam_final_state_mse": 80.23108069725286,
      "h125/outcome_jam_state_mse": 16.60827992238562,
      "h125/outcome_miss_episode_count": 3,
      "h125/outcome_miss_final_state_mse": 259.788596558415,
      "h125/outcome_miss_state_mse": 40.50716094771242,
      "h125/outcome_partial_episode_count": 3,
      "h125/outcome_partial_final_state_mse": 90.08328626046773,
      "h125/outcome_partial_state_mse": 18.3789681372549,
      "h125/outcome_success_episode_count": 3,
      "h125/outcome_success_final_state_mse": 90.62615847120098,
      "h125/outcome_success_state_mse": 18.03280392156863,
      "h125/state_mse": 21.873207843137255,
      "h20/episode_count": 15,
      "h20/final_state_mse": 0.009047411002364813,
      "h20/outcome_drop_episode_count": 3,
      "h20/outcome_drop_final_state_mse": 0.008114211894328299,
      "h20/outcome_drop_state_mse": 0.002792180831136267,
      "h20/outcome_jam_episode_count": 3,
      "h20/outcome_jam_final_state_mse": 0.008298406803530027,
      "h20/outcome_jam_state_mse": 0.003147260620703105,
      "h20/outcome_miss_episode_count": 3,
      "h20/outcome_miss_final_state_mse": 0.013159821236055661,
      "h20/outcome_miss_state_mse": 0.008081271289999968,
      "h20/outcome_partial_episode_count": 3,
      "h20/outcome_partial_final_state_mse": 0.007764819205976,
      "h20/outcome_partial_state_mse": 0.0026481733602636,
      "h20/outcome_success_episode_count": 3,
      "h20/outcome_success_final_state_mse": 0.007899798306764341,
      "h20/outcome_success_state_mse": 0.0026723475238077,
      "h20/state_mse": 0.003868246639476103,
      "h30/episode_count": 15,
      "h30/final_state_mse": 0.04573741738313164,
      "h30/outcome_drop_episode_count": 3,
      "h30/outcome_drop_final_state_mse": 0.04148624769223282,
      "h30/outcome_drop_state_mse": 0.009604599065510536,
      "h30/outcome_jam_episode_count": 3,
      "h30/outcome_jam_final_state_mse": 0.04444269027585298,
      "h30/outcome_jam_state_mse": 0.009827272668643194,
      "h30/outcome_miss_episode_count": 3,
      "h30/outcome_miss_final_state_mse": 0.059026507770313937,
      "h30/outcome_miss_state_mse": 0.017055644033261635,
      "h30/outcome_partial_episode_count": 3,
      "h30/outcome_partial_final_state_mse": 0.04165518128014858,
      "h30/outcome_partial_state_mse": 0.009309197718801062,
      "h30/outcome_success_episode_count": 3,
      "h30/outcome_success_final_state_mse": 0.04207645833881852,
      "h30/outcome_success_state_mse": 0.009331317041434493,
      "h30/state_mse": 0.011025606708069513,
      "h40/episode_count": 15,
      "h40/final_state_mse": 0.24584601907169118,
      "h40/outcome_drop_episode_count": 3,
      "h40/outcome_drop_final_state_mse": 0.2003634770711263,
      "h40/outcome_drop_state_mse": 0.03207787345437443,
      "h40/outcome_jam_episode_count": 3,
      "h40/outcome_jam_final_state_mse": 0.2545363638136122,
      "h40/outcome_jam_state_mse": 0.03925206365149005,
      "h40/outcome_miss_episode_count": 3,
      "h40/outcome_miss_final_state_mse": 0.28425711588142744,
      "h40/outcome_miss_state_mse": 0.04913231843437245,
      "h40/outcome_partial_episode_count": 3,
      "h40/outcome_partial_final_state_mse": 0.24674605076609094,
      "h40/outcome_partial_state_mse": 0.03811439813352099,
      "h40/outcome_success_episode_count": 3,
      "h40/outcome_success_final_state_mse": 0.24332711899202633,
      "h40/outcome_success_state_mse": 0.03777992647457746,
      "h40/state_mse": 0.039271316029667075,
      "h50/episode_count": 15,
      "h50/final_state_mse": 2.547360249438317,
      "h50/outcome_drop_episode_count": 3,
      "h50/outcome_drop_final_state_mse": 1.89736771427728,
      "h50/outcome_drop_state_mse": 0.1929296675538705,
      "h50/outcome_jam_episode_count": 3,
      "h50/outcome_jam_final_state_mse": 2.197553210788303,
      "h50/outcome_jam_state_mse": 0.23154836218341504,
      "h50/outcome_miss_episode_count": 3,
      "h50/outcome_miss_final_state_mse": 4.453775393417458,
      "h50/outcome_miss_state_mse": 0.3724237379684947,
      "h50/outcome_partial_episode_count": 3,
      "h50/outcome_partial_final_state_mse": 2.0995968962027356,
      "h50/outcome_partial_state_mse": 0.22388789756625307,
      "h50/outcome_success_episode_count": 3,
      "h50/outcome_success_final_state_mse": 2.0885077956455205,
      "h50/outcome_success_state_mse": 0.22170565137676165,
      "h50/state_mse": 0.2484990553513072,
      "h75/episode_count": 15,
      "h75/final_state_mse": 1.819296364379085,
      "h75/outcome_drop_episode_count": 3,
      "h75/outcome_drop_final_state_mse": 1.601547316008923,
      "h75/outcome_drop_state_mse": 0.25887071397569444,
      "h75/outcome_jam_episode_count": 3,
      "h75/outcome_jam_final_state_mse": 1.5731529410368477,
      "h75/outcome_jam_state_mse": 0.2848273755574278,
      "h75/outcome_miss_episode_count": 3,
      "h75/outcome_miss_final_state_mse": 2.676434236414292,
      "h75/outcome_miss_state_mse": 0.5438861123876634,
      "h75/outcome_partial_episode_count": 3,
      "h75/outcome_partial_final_state_mse": 1.6394055435080934,
      "h75/outcome_partial_state_mse": 0.28147389131433825,
      "h75/outcome_success_episode_count": 3,
      "h75/outcome_success_final_state_mse": 1.6059415356006497,
      "h75/outcome_success_state_mse": 0.27907397567316855,
      "h75/state_mse": 0.3296264297385621,
      "max_requested_horizon": 125,
      "reencode_period": 50,
      "rollout_mode": "periodic_50"
    }
  },
  "split": "test",
  "support_alignment": {
    "contact_phase": {
      "contact_phase_family_ari": 0.000815658963657044,
      "contact_phase_family_nmi": 0.015008321931568567,
      "contact_phase_family_purity": 0.9996668887408394,
      "contact_phase_sample_count": 3002.0,
      "h_contact_phase_given_family": 0.002040950793554937,
      "h_family_given_contact_phase": 1.3608492949382047,
      "unique_contact_phase_count": 2.0,
      "unique_family_count": 10.0
    },
    "contact_phase_alignment_available": true,
    "evaluated_state_count": 3017,
    "family_count": 14,
    "mean_family_similarity": 0.47491654753685,
    "mean_support_size": 186.02386476632415,
    "outcome_alignment_available": true,
    "outcome_state": {
      "h_family_given_outcome": 0.12730283365896256,
      "h_outcome_given_family": 1.3440662788655109,
      "outcome_family_ari": 0.048,
      "outcome_family_nmi": 0.333811314177082,
      "outcome_family_purity": 0.3333333333333333,
      "outcome_sample_count": 15.0,
      "unique_family_count": 2.0,
      "unique_outcome_count": 5.0
    },
    "status": "ok",
    "unassigned_state_fraction": 0.0,
    "validation_state_count": 2346
  },
  "support_threshold": 0.2
}
{
  "best_periodic_rollout": {
    "episode_count": 15,
    "h10/episode_count": 15,
    "h10/final_state_mse": 0.0017349520539925768,
    "h10/outcome_drop_episode_count": 3,
    "h10/outcome_drop_final_state_mse": 0.0014381331994253047,
    "h10/outcome_drop_state_mse": 0.0012934851490594202,
    "h10/outcome_jam_episode_count": 3,
    "h10/outcome_jam_final_state_mse": 0.002193142337347168,
    "h10/outcome_jam_state_mse": 0.001612451185587964,
    "h10/outcome_miss_episode_count": 3,
    "h10/outcome_miss_final_state_mse": 0.002328404852377823,
    "h10/outcome_miss_state_mse": 0.008247608297011431,
    "h10/outcome_partial_episode_count": 3,
    "h10/outcome_partial_final_state_mse": 0.0013421586185109382,
    "h10/outcome_partial_state_mse": 0.001218879164433947,
    "h10/outcome_success_episode_count": 3,
    "h10/outcome_success_final_state_mse": 0.0013729209214254142,
    "h10/outcome_success_state_mse": 0.0012209462184532016,
    "h10/selected_mode": "periodic_10",
    "h10/selected_period": 10,
    "h10/state_mse": 0.0027186739055159825,
    "h100/episode_count": 15,
    "h100/final_state_mse": 0.0029819747201757494,
    "h100/outcome_drop_episode_count": 3,
    "h100/outcome_drop_final_state_mse": 0.0029936785401861654,
    "h100/outcome_drop_state_mse": 0.0018923213435154335,
    "h100/outcome_jam_episode_count": 3,
    "h100/outcome_jam_final_state_mse": 0.0033119863836593875,
    "h100/outcome_jam_state_mse": 0.0023792568842569985,
    "h100/outcome_miss_episode_count": 3,
    "h100/outcome_miss_final_state_mse": 0.003932587705016915,
    "h100/outcome_miss_state_mse": 0.002892856535568736,
    "h100/outcome_partial_episode_count": 3,
    "h100/outcome_partial_final_state_mse": 0.0019640530295231763,
    "h100/outcome_partial_state_mse": 0.0016144121394437902,
    "h100/outcome_success_episode_count": 3,
    "h100/outcome_success_final_state_mse": 0.0027075684051108516,
    "h100/outcome_success_state_mse": 0.001759977496527379,
    "h100/selected_mode": "periodic_10",
    "h100/selected_period": 10,
    "h100/state_mse": 0.0021077649484272875,
    "h125/episode_count": 15,
    "h125/final_state_mse": 0.004303181405160941,
    "h125/outcome_drop_episode_count": 3,
    "h125/outcome_drop_final_state_mse": 0.005251227591941559,
    "h125/outcome_drop_state_mse": 0.0023650543611813215,
    "h125/outcome_jam_episode_count": 3,
    "h125/outcome_jam_final_state_mse": 0.0046515680021709865,
    "h125/outcome_jam_state_mse": 0.002741098441329657,
    "h125/outcome_miss_episode_count": 3,
    "h125/outcome_miss_final_state_mse": 0.007067228454390382,
    "h125/outcome_miss_state_mse": 0.0034473752788468904,
    "h125/outcome_partial_episode_count": 3,
    "h125/outcome_partial_final_state_mse": 0.0014495998377503912,
    "h125/outcome_partial_state_mse": 0.0015867419523351333,
    "h125/outcome_success_episode_count": 3,
    "h125/outcome_success_final_state_mse": 0.0030962843326182146,
    "h125/outcome_success_state_mse": 0.0019560166153253294,
    "h125/selected_mode": "periodic_10",
    "h125/selected_period": 10,
    "h125/state_mse": 0.002419257110396242,
    "h20/episode_count": 15,
    "h20/final_state_mse": 0.0015840553769878314,
    "h20/outcome_drop_episode_count": 3,
    "h20/outcome_drop_final_state_mse": 0.001688889014759874,
    "h20/outcome_drop_state_mse": 0.0013314902198080924,
    "h20/outcome_jam_episode_count": 3,
    "h20/outcome_jam_final_state_mse": 0.0016119151430971483,
    "h20/outcome_jam_state_mse": 0.001656663846346288,
    "h20/outcome_miss_episode_count": 3,
    "h20/outcome_miss_final_state_mse": 0.0017862142690646104,
    "h20/outcome_miss_state_mse": 0.005551494804083132,
    "h20/outcome_partial_episode_count": 3,
    "h20/outcome_partial_final_state_mse": 0.001415497288594838,
    "h20/outcome_partial_state_mse": 0.0012371854844436146,
    "h20/outcome_success_episode_count": 3,
    "h20/outcome_success_final_state_mse": 0.001417760779849844,
    "h20/outcome_success_state_mse": 0.001241744265836828,
    "h20/selected_mode": "periodic_5",
    "h20/selected_period": 5,
    "h20/state_mse": 0.002203715704624949,
    "h30/episode_count": 15,
    "h30/final_state_mse": 0.0018298995261098825,
    "h30/outcome_drop_episode_count": 3,
    "h30/outcome_drop_final_state_mse": 0.001823124688824797,
    "h30/outcome_drop_state_mse": 0.0014928628676337615,
    "h30/outcome_jam_episode_count": 3,
    "h30/outcome_jam_final_state_mse": 0.0020322660653809316,
    "h30/outcome_jam_state_mse": 0.0018337053151431947,
    "h30/outcome_miss_episode_count": 3,
    "h30/outcome_miss_final_state_mse": 0.001905997228973052,
    "h30/outcome_miss_state_mse": 0.004458042427345559,
    "h30/outcome_partial_episode_count": 3,
    "h30/outcome_partial_final_state_mse": 0.001671496754378275,
    "h30/outcome_partial_state_mse": 0.0013871746125564076,
    "h30/outcome_success_episode_count": 3,
    "h30/outcome_success_final_state_mse": 0.0017166126982059355,
    "h30/outcome_success_state_mse": 0.0013907775510110627,
    "h30/selected_mode": "periodic_5",
    "h30/selected_period": 5,
    "h30/state_mse": 0.002112512526169322,
    "h40/episode_count": 15,
    "h40/final_state_mse": 0.0016890250000299192,
    "h40/outcome_drop_episode_count": 3,
    "h40/outcome_drop_final_state_mse": 0.0018297340355667414,
    "h40/outcome_drop_state_mse": 0.0016277554183224447,
    "h40/outcome_jam_episode_count": 3,
    "h40/outcome_jam_final_state_mse": 0.0017207058913567487,
    "h40/outcome_jam_state_mse": 0.0019476873812332653,
    "h40/outcome_miss_episode_count": 3,
    "h40/outcome_miss_final_state_mse": 0.001750276831824795,
    "h40/outcome_miss_state_mse": 0.0035108380068361368,
    "h40/outcome_partial_episode_count": 3,
    "h40/outcome_partial_final_state_mse": 0.0015702212801556182,
    "h40/outcome_partial_state_mse": 0.0015014960290559757,
    "h40/outcome_success_episode_count": 3,
    "h40/outcome_success_final_state_mse": 0.0015741864499313378,
    "h40/outcome_success_state_mse": 0.0014990752428964851,
    "h40/selected_mode": "periodic_10",
    "h40/selected_period": 10,
    "h40/state_mse": 0.002017370485791973,
    "h50/episode_count": 15,
    "h50/final_state_mse": 0.002019023895263672,
    "h50/outcome_drop_episode_count": 3,
    "h50/outcome_drop_final_state_mse": 0.0019671280984005896,
    "h50/outcome_drop_state_mse": 0.0016876811607211245,
    "h50/outcome_jam_episode_count": 3,
    "h50/outcome_jam_final_state_mse": 0.0025611574110252404,
    "h50/outcome_jam_state_mse": 0.0020291610792571423,
    "h50/outcome_miss_episode_count": 3,
    "h50/outcome_miss_final_state_mse": 0.0015637275391544392,
    "h50/outcome_miss_state_mse": 0.0031459411920285694,
    "h50/outcome_partial_episode_count": 3,
    "h50/outcome_partial_final_state_mse": 0.001961769743098153,
    "h50/outcome_partial_state_mse": 0.0015506200229420382,
    "h50/outcome_success_episode_count": 3,
    "h50/outcome_success_final_state_mse": 0.002041337049864476,
    "h50/outcome_success_state_mse": 0.001555456367193484,
    "h50/selected_mode": "periodic_10",
    "h50/selected_period": 10,
    "h50/state_mse": 0.001993771821065666,
    "h75/episode_count": 15,
    "h75/final_state_mse": 0.0024721485337400747,
    "h75/outcome_drop_episode_count": 3,
    "h75/outcome_drop_final_state_mse": 0.002203344349183288,
    "h75/outcome_drop_state_mse": 0.0017359314712823606,
    "h75/outcome_jam_episode_count": 3,
    "h75/outcome_jam_final_state_mse": 0.0027731228011106356,
    "h75/outcome_jam_state_mse": 0.002195513731513927,
    "h75/outcome_miss_episode_count": 3,
    "h75/outcome_miss_final_state_mse": 0.0028668101511749567,
    "h75/outcome_miss_state_mse": 0.002773942635729422,
    "h75/outcome_partial_episode_count": 3,
    "h75/outcome_partial_final_state_mse": 0.0020646607515469096,
    "h75/outcome_partial_state_mse": 0.001615355206990294,
    "h75/outcome_success_episode_count": 3,
    "h75/outcome_success_final_state_mse": 0.0024528051513472413,
    "h75/outcome_success_state_mse": 0.001649811106829342,
    "h75/selected_mode": "periodic_10",
    "h75/selected_period": 10,
    "h75/state_mse": 0.0019941108387799564,
    "max_requested_horizon": 125,
    "periodic_reencode_periods": [
      1,
      2,
      5,
      10,
      20,
      50,
      100
    ],
    "rollout_mode": "best_periodic"
  },
  "checkpoint": "runs/maniskill_insertion/perturbation_e20_5k_optimizer_fairness_20260609_132517/sparse_mlp_relu_sp0p01_lr5em4_wd0/seed2/checkpoint.pt",
  "checkpoint_step": 1500,
  "dataset": "data/maniskill/perturbation_assessment_seed0_e20/all_setups.npz",
  "device": "cuda",
  "family_jaccard": 0.4,
  "horizons": [
    10,
    20,
    30,
    40,
    50,
    75,
    100,
    125
  ],
  "labels_used_for_training": false,
  "periodic_reencode_periods": [
    1,
    2,
    5,
    10,
    20,
    50,
    100
  ],
  "rollout": {
    "episode_count": 15,
    "h10/episode_count": 15,
    "h10/final_state_mse": 0.00173495189816344,
    "h10/outcome_drop_episode_count": 3,
    "h10/outcome_drop_final_state_mse": 0.0014381324446279238,
    "h10/outcome_drop_state_mse": 0.00129348505166621,
    "h10/outcome_jam_episode_count": 3,
    "h10/outcome_jam_final_state_mse": 0.0021931427756166147,
    "h10/outcome_jam_state_mse": 0.0016124512245452483,
    "h10/outcome_miss_episode_count": 3,
    "h10/outcome_miss_final_state_mse": 0.0023284049010744282,
    "h10/outcome_miss_state_mse": 0.008247608141182295,
    "h10/outcome_partial_episode_count": 3,
    "h10/outcome_partial_final_state_mse": 0.0013421588863422667,
    "h10/outcome_partial_state_mse": 0.001218879183912589,
    "h10/outcome_success_episode_count": 3,
    "h10/outcome_success_final_state_mse": 0.0013729210431669273,
    "h10/outcome_success_state_mse": 0.0012209461989745596,
    "h10/state_mse": 0.002718674154842601,
    "h100/episode_count": 15,
    "h100/final_state_mse": 32268.750326797384,
    "h100/outcome_drop_episode_count": 3,
    "h100/outcome_drop_final_state_mse": 20486.964869281044,
    "h100/outcome_drop_state_mse": 1069.802026143791,
    "h100/outcome_jam_episode_count": 3,
    "h100/outcome_jam_final_state_mse": 20782.573529411766,
    "h100/outcome_jam_state_mse": 1074.9780392156863,
    "h100/outcome_miss_episode_count": 3,
    "h100/outcome_miss_final_state_mse": 79732.2818627451,
    "h100/outcome_miss_state_mse": 5328.679346405229,
    "h100/outcome_partial_episode_count": 3,
    "h100/outcome_partial_final_state_mse": 20128.698937908495,
    "h100/outcome_partial_state_mse": 1049.0913725490195,
    "h100/outcome_success_episode_count": 3,
    "h100/outcome_success_final_state_mse": 20213.23774509804,
    "h100/outcome_success_state_mse": 1063.0096078431372,
    "h100/state_mse": 1917.1120522875817,
    "h125/episode_count": 15,
    "h125/final_state_mse": 7669130.875816993,
    "h125/outcome_drop_episode_count": 3,
    "h125/outcome_drop_final_state_mse": 6202533.751633987,
    "h125/outcome_drop_state_mse": 262480.77552941174,
    "h125/outcome_jam_episode_count": 3,
    "h125/outcome_jam_final_state_mse": 6178194.718954248,
    "h125/outcome_jam_state_mse": 259643.88726797386,
    "h125/outcome_miss_episode_count": 3,
    "h125/outcome_miss_final_state_mse": 14048792.052287582,
    "h125/outcome_miss_state_mse": 572882.4085751635,
    "h125/outcome_partial_episode_count": 3,
    "h125/outcome_partial_final_state_mse": 5926360.3660130715,
    "h125/outcome_partial_state_mse": 250990.84298039216,
    "h125/outcome_success_episode_count": 3,
    "h125/outcome_success_final_state_mse": 5989771.294117647,
    "h125/outcome_success_state_mse": 253416.02635294117,
    "h125/state_mse": 319882.7794405229,
    "h20/episode_count": 15,
    "h20/final_state_mse": 0.005432114569969427,
    "h20/outcome_drop_episode_count": 3,
    "h20/outcome_drop_final_state_mse": 0.004771128296852112,
    "h20/outcome_drop_state_mse": 0.0020610868541243808,
    "h20/outcome_jam_episode_count": 3,
    "h20/outcome_jam_final_state_mse": 0.005600022626858132,
    "h20/outcome_jam_state_mse": 0.0023991758137746574,
    "h20/outcome_miss_episode_count": 3,
    "h20/outcome_miss_final_state_mse": 0.00681529909956689,
    "h20/outcome_miss_state_mse": 0.005828795869366016,
    "h20/outcome_partial_episode_count": 3,
    "h20/outcome_partial_final_state_mse": 0.004930016262079376,
    "h20/outcome_partial_state_mse": 0.0020048344836515537,
    "h20/outcome_success_episode_count": 3,
    "h20/outcome_success_final_state_mse": 0.005044107246243097,
    "h20/outcome_success_state_mse": 0.00201012168834412,
    "h20/state_mse": 0.002860802793814466,
    "h30/episode_count": 15,
    "h30/final_state_mse": 0.022522942536796618,
    "h30/outcome_drop_episode_count": 3,
    "h30/outcome_drop_final_state_mse": 0.021085479290656794,
    "h30/outcome_drop_state_mse": 0.005653767700029095,
    "h30/outcome_jam_episode_count": 3,
    "h30/outcome_jam_final_state_mse": 0.02307725692886153,
    "h30/outcome_jam_state_mse": 0.005939760602897029,
    "h30/outcome_miss_episode_count": 3,
    "h30/outcome_miss_final_state_mse": 0.02445613480860891,
    "h30/outcome_miss_state_mse": 0.008983076423861102,
    "h30/outcome_partial_episode_count": 3,
    "h30/outcome_partial_final_state_mse": 0.021835389480092168,
    "h30/outcome_partial_state_mse": 0.005621722165276023,
    "h30/outcome_success_episode_count": 3,
    "h30/outcome_success_final_state_mse": 0.022160449448753807,
    "h30/outcome_success_state_mse": 0.00564059774860058,
    "h30/state_mse": 0.006367785219013821,
    "h40/episode_count": 15,
    "h40/final_state_mse": 0.1045324786815768,
    "h40/outcome_drop_episode_count": 3,
    "h40/outcome_drop_final_state_mse": 0.08980541914896248,
    "h40/outcome_drop_state_mse": 0.015942562639323716,
    "h40/outcome_jam_episode_count": 3,
    "h40/outcome_jam_final_state_mse": 0.10666305411095713,
    "h40/outcome_jam_state_mse": 0.018384036830827302,
    "h40/outcome_miss_episode_count": 3,
    "h40/outcome_miss_final_state_mse": 0.1136885655471702,
    "h40/outcome_miss_state_mse": 0.021032893112282347,
    "h40/outcome_partial_episode_count": 3,
    "h40/outcome_partial_final_state_mse": 0.1057697495603873,
    "h40/outcome_partial_state_mse": 0.01811628559835596,
    "h40/outcome_success_episode_count": 3,
    "h40/outcome_success_final_state_mse": 0.10673560971528097,
    "h40/outcome_success_state_mse": 0.018210436627755757,
    "h40/state_mse": 0.018337244769327,
    "h50/episode_count": 15,
    "h50/final_state_mse": 1.1547942516850491,
    "h50/outcome_drop_episode_count": 3,
    "h50/outcome_drop_final_state_mse": 1.0240739435931436,
    "h50/outcome_drop_state_mse": 0.09780359804240707,
    "h50/outcome_jam_episode_count": 3,
    "h50/outcome_jam_final_state_mse": 1.0598854738123276,
    "h50/outcome_jam_state_mse": 0.10621811112547233,
    "h50/outcome_miss_episode_count": 3,
    "h50/outcome_miss_final_state_mse": 1.570509667490043,
    "h50/outcome_miss_state_mse": 0.13961022071589052,
    "h50/outcome_partial_episode_count": 3,
    "h50/outcome_partial_final_state_mse": 1.050316779442083,
    "h50/outcome_partial_state_mse": 0.10599983664119945,
    "h50/outcome_success_episode_count": 3,
    "h50/outcome_success_final_state_mse": 1.069184646107792,
    "h50/outcome_success_state_mse": 0.10769601659837112,
    "h50/state_mse": 0.11146557138480392,
    "h75/episode_count": 15,
    "h75/final_state_mse": 304.95300245098036,
    "h75/outcome_drop_episode_count": 3,
    "h75/outcome_drop_final_state_mse": 193.02973728553923,
    "h75/outcome_drop_state_mse": 14.762073120915034,
    "h75/outcome_jam_episode_count": 3,
    "h75/outcome_jam_final_state_mse": 176.21947284773285,
    "h75/outcome_jam_state_mse": 13.334576014433551,
    "h75/outcome_miss_episode_count": 3,
    "h75/outcome_miss_final_state_mse": 796.0594618055555,
    "h75/outcome_miss_state_mse": 51.95905637254902,
    "h75/outcome_partial_episode_count": 3,
    "h75/outcome_partial_final_state_mse": 177.43427670547385,
    "h75/outcome_partial_state_mse": 13.59500306372549,
    "h75/outcome_success_episode_count": 3,
    "h75/outcome_success_final_state_mse": 182.02192478553923,
    "h75/outcome_success_state_mse": 13.8858695874183,
    "h75/state_mse": 21.507315904139432,
    "max_requested_horizon": 125,
    "reencode_period": null,
    "rollout_mode": "no_reencode"
  },
  "rollout_modes": {
    "no_reencode": {
      "episode_count": 15,
      "h10/episode_count": 15,
      "h10/final_state_mse": 0.00173495189816344,
      "h10/outcome_drop_episode_count": 3,
      "h10/outcome_drop_final_state_mse": 0.0014381324446279238,
      "h10/outcome_drop_state_mse": 0.00129348505166621,
      "h10/outcome_jam_episode_count": 3,
      "h10/outcome_jam_final_state_mse": 0.0021931427756166147,
      "h10/outcome_jam_state_mse": 0.0016124512245452483,
      "h10/outcome_miss_episode_count": 3,
      "h10/outcome_miss_final_state_mse": 0.0023284049010744282,
      "h10/outcome_miss_state_mse": 0.008247608141182295,
      "h10/outcome_partial_episode_count": 3,
      "h10/outcome_partial_final_state_mse": 0.0013421588863422667,
      "h10/outcome_partial_state_mse": 0.001218879183912589,
      "h10/outcome_success_episode_count": 3,
      "h10/outcome_success_final_state_mse": 0.0013729210431669273,
      "h10/outcome_success_state_mse": 0.0012209461989745596,
      "h10/state_mse": 0.002718674154842601,
      "h100/episode_count": 15,
      "h100/final_state_mse": 32268.750326797384,
      "h100/outcome_drop_episode_count": 3,
      "h100/outcome_drop_final_state_mse": 20486.964869281044,
      "h100/outcome_drop_state_mse": 1069.802026143791,
      "h100/outcome_jam_episode_count": 3,
      "h100/outcome_jam_final_state_mse": 20782.573529411766,
      "h100/outcome_jam_state_mse": 1074.9780392156863,
      "h100/outcome_miss_episode_count": 3,
      "h100/outcome_miss_final_state_mse": 79732.2818627451,
      "h100/outcome_miss_state_mse": 5328.679346405229,
      "h100/outcome_partial_episode_count": 3,
      "h100/outcome_partial_final_state_mse": 20128.698937908495,
      "h100/outcome_partial_state_mse": 1049.0913725490195,
      "h100/outcome_success_episode_count": 3,
      "h100/outcome_success_final_state_mse": 20213.23774509804,
      "h100/outcome_success_state_mse": 1063.0096078431372,
      "h100/state_mse": 1917.1120522875817,
      "h125/episode_count": 15,
      "h125/final_state_mse": 7669130.875816993,
      "h125/outcome_drop_episode_count": 3,
      "h125/outcome_drop_final_state_mse": 6202533.751633987,
      "h125/outcome_drop_state_mse": 262480.77552941174,
      "h125/outcome_jam_episode_count": 3,
      "h125/outcome_jam_final_state_mse": 6178194.718954248,
      "h125/outcome_jam_state_mse": 259643.88726797386,
      "h125/outcome_miss_episode_count": 3,
      "h125/outcome_miss_final_state_mse": 14048792.052287582,
      "h125/outcome_miss_state_mse": 572882.4085751635,
      "h125/outcome_partial_episode_count": 3,
      "h125/outcome_partial_final_state_mse": 5926360.3660130715,
      "h125/outcome_partial_state_mse": 250990.84298039216,
      "h125/outcome_success_episode_count": 3,
      "h125/outcome_success_final_state_mse": 5989771.294117647,
      "h125/outcome_success_state_mse": 253416.02635294117,
      "h125/state_mse": 319882.7794405229,
      "h20/episode_count": 15,
      "h20/final_state_mse": 0.005432114569969427,
      "h20/outcome_drop_episode_count": 3,
      "h20/outcome_drop_final_state_mse": 0.004771128296852112,
      "h20/outcome_drop_state_mse": 0.0020610868541243808,
      "h20/outcome_jam_episode_count": 3,
      "h20/outcome_jam_final_state_mse": 0.005600022626858132,
      "h20/outcome_jam_state_mse": 0.0023991758137746574,
      "h20/outcome_miss_episode_count": 3,
      "h20/outcome_miss_final_state_mse": 0.00681529909956689,
      "h20/outcome_miss_state_mse": 0.005828795869366016,
      "h20/outcome_partial_episode_count": 3,
      "h20/outcome_partial_final_state_mse": 0.004930016262079376,
      "h20/outcome_partial_state_mse": 0.0020048344836515537,
      "h20/outcome_success_episode_count": 3,
      "h20/outcome_success_final_state_mse": 0.005044107246243097,
      "h20/outcome_success_state_mse": 0.00201012168834412,
      "h20/state_mse": 0.002860802793814466,
      "h30/episode_count": 15,
      "h30/final_state_mse": 0.022522942536796618,
      "h30/outcome_drop_episode_count": 3,
      "h30/outcome_drop_final_state_mse": 0.021085479290656794,
      "h30/outcome_drop_state_mse": 0.005653767700029095,
      "h30/outcome_jam_episode_count": 3,
      "h30/outcome_jam_final_state_mse": 0.02307725692886153,
      "h30/outcome_jam_state_mse": 0.005939760602897029,
      "h30/outcome_miss_episode_count": 3,
      "h30/outcome_miss_final_state_mse": 0.02445613480860891,
      "h30/outcome_miss_state_mse": 0.008983076423861102,
      "h30/outcome_partial_episode_count": 3,
      "h30/outcome_partial_final_state_mse": 0.021835389480092168,
      "h30/outcome_partial_state_mse": 0.005621722165276023,
      "h30/outcome_success_episode_count": 3,
      "h30/outcome_success_final_state_mse": 0.022160449448753807,
      "h30/outcome_success_state_mse": 0.00564059774860058,
      "h30/state_mse": 0.006367785219013821,
      "h40/episode_count": 15,
      "h40/final_state_mse": 0.1045324786815768,
      "h40/outcome_drop_episode_count": 3,
      "h40/outcome_drop_final_state_mse": 0.08980541914896248,
      "h40/outcome_drop_state_mse": 0.015942562639323716,
      "h40/outcome_jam_episode_count": 3,
      "h40/outcome_jam_final_state_mse": 0.10666305411095713,
      "h40/outcome_jam_state_mse": 0.018384036830827302,
      "h40/outcome_miss_episode_count": 3,
      "h40/outcome_miss_final_state_mse": 0.1136885655471702,
      "h40/outcome_miss_state_mse": 0.021032893112282347,
      "h40/outcome_partial_episode_count": 3,
      "h40/outcome_partial_final_state_mse": 0.1057697495603873,
      "h40/outcome_partial_state_mse": 0.01811628559835596,
      "h40/outcome_success_episode_count": 3,
      "h40/outcome_success_final_state_mse": 0.10673560971528097,
      "h40/outcome_success_state_mse": 0.018210436627755757,
      "h40/state_mse": 0.018337244769327,
      "h50/episode_count": 15,
      "h50/final_state_mse": 1.1547942516850491,
      "h50/outcome_drop_episode_count": 3,
      "h50/outcome_drop_final_state_mse": 1.0240739435931436,
      "h50/outcome_drop_state_mse": 0.09780359804240707,
      "h50/outcome_jam_episode_count": 3,
      "h50/outcome_jam_final_state_mse": 1.0598854738123276,
      "h50/outcome_jam_state_mse": 0.10621811112547233,
      "h50/outcome_miss_episode_count": 3,
      "h50/outcome_miss_final_state_mse": 1.570509667490043,
      "h50/outcome_miss_state_mse": 0.13961022071589052,
      "h50/outcome_partial_episode_count": 3,
      "h50/outcome_partial_final_state_mse": 1.050316779442083,
      "h50/outcome_partial_state_mse": 0.10599983664119945,
      "h50/outcome_success_episode_count": 3,
      "h50/outcome_success_final_state_mse": 1.069184646107792,
      "h50/outcome_success_state_mse": 0.10769601659837112,
      "h50/state_mse": 0.11146557138480392,
      "h75/episode_count": 15,
      "h75/final_state_mse": 304.95300245098036,
      "h75/outcome_drop_episode_count": 3,
      "h75/outcome_drop_final_state_mse": 193.02973728553923,
      "h75/outcome_drop_state_mse": 14.762073120915034,
      "h75/outcome_jam_episode_count": 3,
      "h75/outcome_jam_final_state_mse": 176.21947284773285,
      "h75/outcome_jam_state_mse": 13.334576014433551,
      "h75/outcome_miss_episode_count": 3,
      "h75/outcome_miss_final_state_mse": 796.0594618055555,
      "h75/outcome_miss_state_mse": 51.95905637254902,
      "h75/outcome_partial_episode_count": 3,
      "h75/outcome_partial_final_state_mse": 177.43427670547385,
      "h75/outcome_partial_state_mse": 13.59500306372549,
      "h75/outcome_success_episode_count": 3,
      "h75/outcome_success_final_state_mse": 182.02192478553923,
      "h75/outcome_success_state_mse": 13.8858695874183,
      "h75/state_mse": 21.507315904139432,
      "max_requested_horizon": 125,
      "reencode_period": null,
      "rollout_mode": "no_reencode"
    },
    "periodic_1": {
      "episode_count": 15,
      "h10/episode_count": 15,
      "h10/final_state_mse": 0.002817914376851001,
      "h10/outcome_drop_episode_count": 3,
      "h10/outcome_drop_final_state_mse": 0.002093735351866367,
      "h10/outcome_drop_state_mse": 0.0017853153881683848,
      "h10/outcome_jam_episode_count": 3,
      "h10/outcome_jam_final_state_mse": 0.0027137146471372616,
      "h10/outcome_jam_state_mse": 0.0022445252518248715,
      "h10/outcome_miss_episode_count": 3,
      "h10/outcome_miss_final_state_mse": 0.004660581062042635,
      "h10/outcome_miss_state_mse": 0.011586515108744304,
      "h10/outcome_partial_episode_count": 3,
      "h10/outcome_partial_final_state_mse": 0.002304379700445661,
      "h10/outcome_partial_state_mse": 0.001790009760389141,
      "h10/outcome_success_episode_count": 3,
      "h10/outcome_success_final_state_mse": 0.002317162169740091,
      "h10/outcome_success_state_mse": 0.0017967145816952575,
      "h10/state_mse": 0.0038406162635952817,
      "h100/episode_count": 15,
      "h100/final_state_mse": 0.007393747217514936,
      "h100/outcome_drop_episode_count": 3,
      "h100/outcome_drop_final_state_mse": 0.011964296398599163,
      "h100/outcome_drop_state_mse": 0.004497377856884127,
      "h100/outcome_jam_episode_count": 3,
      "h100/outcome_jam_final_state_mse": 0.007868846062741248,
      "h100/outcome_jam_state_mse": 0.004225011962691164,
      "h100/outcome_miss_episode_count": 3,
      "h100/outcome_miss_final_state_mse": 0.006027104028689316,
      "h100/outcome_miss_state_mse": 0.004749492570465686,
      "h100/outcome_partial_episode_count": 3,
      "h100/outcome_partial_final_state_mse": 0.004806545045640733,
      "h100/outcome_partial_state_mse": 0.003113549176384421,
      "h100/outcome_success_episode_count": 3,
      "h100/outcome_success_final_state_mse": 0.006301945331049901,
      "h100/outcome_success_state_mse": 0.003391102373210433,
      "h100/state_mse": 0.003995306675730188,
      "h125/episode_count": 15,
      "h125/final_state_mse": 0.010249539917590571,
      "h125/outcome_drop_episode_count": 3,
      "h125/outcome_drop_final_state_mse": 0.008761005269156562,
      "h125/outcome_drop_state_mse": 0.0061363679973128575,
      "h125/outcome_jam_episode_count": 3,
      "h125/outcome_jam_final_state_mse": 0.010074889153436897,
      "h125/outcome_jam_state_mse": 0.005561269722732843,
      "h125/outcome_miss_episode_count": 3,
      "h125/outcome_miss_final_state_mse": 0.019982865530680988,
      "h125/outcome_miss_state_mse": 0.0061314080930223655,
      "h125/outcome_partial_episode_count": 3,
      "h125/outcome_partial_final_state_mse": 0.005163906641255796,
      "h125/outcome_partial_state_mse": 0.003563753713969312,
      "h125/outcome_success_episode_count": 3,
      "h125/outcome_success_final_state_mse": 0.007265033772568297,
      "h125/outcome_success_state_mse": 0.004390239939970128,
      "h125/state_mse": 0.0051566083920547385,
      "h20/episode_count": 15,
      "h20/final_state_mse": 0.002304754849352868,
      "h20/outcome_drop_episode_count": 3,
      "h20/outcome_drop_final_state_mse": 0.0020648855350765528,
      "h20/outcome_drop_state_mse": 0.001955131027433607,
      "h20/outcome_jam_episode_count": 3,
      "h20/outcome_jam_final_state_mse": 0.0022548043162994138,
      "h20/outcome_jam_state_mse": 0.002388035199221443,
      "h20/outcome_miss_episode_count": 3,
      "h20/outcome_miss_final_state_mse": 0.003572133436701656,
      "h20/outcome_miss_state_mse": 0.007740434789969251,
      "h20/outcome_partial_episode_count": 3,
      "h20/outcome_partial_final_state_mse": 0.0018506638851820253,
      "h20/outcome_partial_state_mse": 0.0019349724249122968,
      "h20/outcome_success_episode_count": 3,
      "h20/outcome_success_final_state_mse": 0.0017812873900326248,
      "h20/outcome_success_state_mse": 0.0019230366727105933,
      "h20/state_mse": 0.0031883219799964256,
      "h30/episode_count": 15,
      "h30/final_state_mse": 0.002872748468436447,
      "h30/outcome_drop_episode_count": 3,
      "h30/outcome_drop_final_state_mse": 0.0027304449015193516,
      "h30/outcome_drop_state_mse": 0.0020994531822620135,
      "h30/outcome_jam_episode_count": 3,
      "h30/outcome_jam_final_state_mse": 0.0028583370392618614,
      "h30/outcome_jam_state_mse": 0.0024494061283036775,
      "h30/outcome_miss_episode_count": 3,
      "h30/outcome_miss_final_state_mse": 0.00311408362357445,
      "h30/outcome_miss_state_mse": 0.006311251447091695,
      "h30/outcome_partial_episode_count": 3,
      "h30/outcome_partial_final_state_mse": 0.0027800785024571263,
      "h30/outcome_partial_state_mse": 0.0020851908166424123,
      "h30/outcome_success_episode_count": 3,
      "h30/outcome_success_final_state_mse": 0.0028807985918973787,
      "h30/outcome_success_state_mse": 0.0020801184224147422,
      "h30/state_mse": 0.003005083869485294,
      "h40/episode_count": 15,
      "h40/final_state_mse": 0.003143110462263519,
      "h40/outcome_drop_episode_count": 3,
      "h40/outcome_drop_final_state_mse": 0.003715904417380788,
      "h40/outcome_drop_state_mse": 0.0024298208601334515,
      "h40/outcome_jam_episode_count": 3,
      "h40/outcome_jam_final_state_mse": 0.0028881010374212576,
      "h40/outcome_jam_state_mse": 0.002587229675716824,
      "h40/outcome_miss_episode_count": 3,
      "h40/outcome_miss_final_state_mse": 0.00329591124470717,
      "h40/outcome_miss_state_mse": 0.005494695395426033,
      "h40/outcome_partial_episode_count": 3,
      "h40/outcome_partial_final_state_mse": 0.002863878664238001,
      "h40/outcome_partial_state_mse": 0.0022414530024808996,
      "h40/outcome_success_episode_count": 3,
      "h40/outcome_success_final_state_mse": 0.0029517565093009302,
      "h40/outcome_success_state_mse": 0.0022394950483359544,
      "h40/state_mse": 0.002998539045745251,
      "h50/episode_count": 15,
      "h50/final_state_mse": 0.0036244398628185,
      "h50/outcome_drop_episode_count": 3,
      "h50/outcome_drop_final_state_mse": 0.003052373848904192,
      "h50/outcome_drop_state_mse": 0.0025965962378807317,
      "h50/outcome_jam_episode_count": 3,
      "h50/outcome_jam_final_state_mse": 0.0035352614872595843,
      "h50/outcome_jam_state_mse": 0.002913195603813221,
      "h50/outcome_miss_episode_count": 3,
      "h50/outcome_miss_final_state_mse": 0.003931812893331441,
      "h50/outcome_miss_state_mse": 0.005184095295426113,
      "h50/outcome_partial_episode_count": 3,
      "h50/outcome_partial_final_state_mse": 0.003770330519068475,
      "h50/outcome_partial_state_mse": 0.0025049090229607874,
      "h50/outcome_success_episode_count": 3,
      "h50/outcome_success_final_state_mse": 0.003832419762034821,
      "h50/outcome_success_state_mse": 0.0025118818158417744,
      "h50/state_mse": 0.003142135719847835,
      "h75/episode_count": 15,
      "h75/final_state_mse": 0.00455933739157284,
      "h75/outcome_drop_episode_count": 3,
      "h75/outcome_drop_final_state_mse": 0.004965955622835097,
      "h75/outcome_drop_state_mse": 0.0031810785430708742,
      "h75/outcome_jam_episode_count": 3,
      "h75/outcome_jam_final_state_mse": 0.0044665044429255465,
      "h75/outcome_jam_state_mse": 0.0032139830080252585,
      "h75/outcome_miss_episode_count": 3,
      "h75/outcome_miss_final_state_mse": 0.005625687198701248,
      "h75/outcome_miss_state_mse": 0.004728739370707593,
      "h75/outcome_partial_episode_count": 3,
      "h75/outcome_partial_final_state_mse": 0.003416588980388018,
      "h75/outcome_partial_state_mse": 0.0027378661544234665,
      "h75/outcome_success_episode_count": 3,
      "h75/outcome_success_final_state_mse": 0.0043219503721380545,
      "h75/outcome_success_state_mse": 0.002779737443446074,
      "h75/state_mse": 0.0033282808457584423,
      "max_requested_horizon": 125,
      "reencode_period": 1,
      "rollout_mode": "periodic_1"
    },
    "periodic_10": {
      "episode_count": 15,
      "h10/episode_count": 15,
      "h10/final_state_mse": 0.0017349520539925768,
      "h10/outcome_drop_episode_count": 3,
      "h10/outcome_drop_final_state_mse": 0.0014381331994253047,
      "h10/outcome_drop_state_mse": 0.0012934851490594202,
      "h10/outcome_jam_episode_count": 3,
      "h10/outcome_jam_final_state_mse": 0.002193142337347168,
      "h10/outcome_jam_state_mse": 0.001612451185587964,
      "h10/outcome_miss_episode_count": 3,
      "h10/outcome_miss_final_state_mse": 0.002328404852377823,
      "h10/outcome_miss_state_mse": 0.008247608297011431,
      "h10/outcome_partial_episode_count": 3,
      "h10/outcome_partial_final_state_mse": 0.0013421586185109382,
      "h10/outcome_partial_state_mse": 0.001218879164433947,
      "h10/outcome_success_episode_count": 3,
      "h10/outcome_success_final_state_mse": 0.0013729209214254142,
      "h10/outcome_success_state_mse": 0.0012209462184532016,
      "h10/state_mse": 0.0027186739055159825,
      "h100/episode_count": 15,
      "h100/final_state_mse": 0.0029819747201757494,
      "h100/outcome_drop_episode_count": 3,
      "h100/outcome_drop_final_state_mse": 0.0029936785401861654,
      "h100/outcome_drop_state_mse": 0.0018923213435154335,
      "h100/outcome_jam_episode_count": 3,
      "h100/outcome_jam_final_state_mse": 0.0033119863836593875,
      "h100/outcome_jam_state_mse": 0.0023792568842569985,
      "h100/outcome_miss_episode_count": 3,
      "h100/outcome_miss_final_state_mse": 0.003932587705016915,
      "h100/outcome_miss_state_mse": 0.002892856535568736,
      "h100/outcome_partial_episode_count": 3,
      "h100/outcome_partial_final_state_mse": 0.0019640530295231763,
      "h100/outcome_partial_state_mse": 0.0016144121394437902,
      "h100/outcome_success_episode_count": 3,
      "h100/outcome_success_final_state_mse": 0.0027075684051108516,
      "h100/outcome_success_state_mse": 0.001759977496527379,
      "h100/state_mse": 0.0021077649484272875,
      "h125/episode_count": 15,
      "h125/final_state_mse": 0.004303181405160941,
      "h125/outcome_drop_episode_count": 3,
      "h125/outcome_drop_final_state_mse": 0.005251227591941559,
      "h125/outcome_drop_state_mse": 0.0023650543611813215,
      "h125/outcome_jam_episode_count": 3,
      "h125/outcome_jam_final_state_mse": 0.0046515680021709865,
      "h125/outcome_jam_state_mse": 0.002741098441329657,
      "h125/outcome_miss_episode_count": 3,
      "h125/outcome_miss_final_state_mse": 0.007067228454390382,
      "h125/outcome_miss_state_mse": 0.0034473752788468904,
      "h125/outcome_partial_episode_count": 3,
      "h125/outcome_partial_final_state_mse": 0.0014495998377503912,
      "h125/outcome_partial_state_mse": 0.0015867419523351333,
      "h125/outcome_success_episode_count": 3,
      "h125/outcome_success_final_state_mse": 0.0030962843326182146,
      "h125/outcome_success_state_mse": 0.0019560166153253294,
      "h125/state_mse": 0.002419257110396242,
      "h20/episode_count": 15,
      "h20/final_state_mse": 0.0018887761371587616,
      "h20/outcome_drop_episode_count": 3,
      "h20/outcome_drop_final_state_mse": 0.001914796924668979,
      "h20/outcome_drop_state_mse": 0.0014481156090505763,
      "h20/outcome_jam_episode_count": 3,
      "h20/outcome_jam_final_state_mse": 0.001958786223838532,
      "h20/outcome_jam_state_mse": 0.0017659862446629145,
      "h20/outcome_miss_episode_count": 3,
      "h20/outcome_miss_final_state_mse": 0.002060846273416008,
      "h20/outcome_miss_state_mse": 0.005238143135519588,
      "h20/outcome_partial_episode_count": 3,
      "h20/outcome_partial_final_state_mse": 0.0017538480460643768,
      "h20/outcome_partial_state_mse": 0.001375731046682869,
      "h20/outcome_success_episode_count": 3,
      "h20/outcome_success_final_state_mse": 0.001755603485637241,
      "h20/outcome_success_state_mse": 0.0013821352151484271,
      "h20/state_mse": 0.0022420222463171466,
      "h30/episode_count": 15,
      "h30/final_state_mse": 0.0018401027504914727,
      "h30/outcome_drop_episode_count": 3,
      "h30/outcome_drop_final_state_mse": 0.00178290652780751,
      "h30/outcome_drop_state_mse": 0.0015685515466079213,
      "h30/outcome_jam_episode_count": 3,
      "h30/outcome_jam_final_state_mse": 0.0021799850259341448,
      "h30/outcome_jam_state_mse": 0.001934243547111295,
      "h30/outcome_miss_episode_count": 3,
      "h30/outcome_miss_final_state_mse": 0.001885182571177389,
      "h30/outcome_miss_state_mse": 0.004116414263357524,
      "h30/outcome_partial_episode_count": 3,
      "h30/outcome_partial_final_state_mse": 0.0016505293475062239,
      "h30/outcome_partial_state_mse": 0.0014887640159374229,
      "h30/outcome_success_episode_count": 3,
      "h30/outcome_success_final_state_mse": 0.0017019106330824834,
      "h30/outcome_success_state_mse": 0.0014905264694446572,
      "h30/state_mse": 0.002119699947714546,
      "h40/episode_count": 15,
      "h40/final_state_mse": 0.0016890250000299192,
      "h40/outcome_drop_episode_count": 3,
      "h40/outcome_drop_final_state_mse": 0.0018297340355667414,
      "h40/outcome_drop_state_mse": 0.0016277554183224447,
      "h40/outcome_jam_episode_count": 3,
      "h40/outcome_jam_final_state_mse": 0.0017207058913567487,
      "h40/outcome_jam_state_mse": 0.0019476873812332653,
      "h40/outcome_miss_episode_count": 3,
      "h40/outcome_miss_final_state_mse": 0.001750276831824795,
      "h40/outcome_miss_state_mse": 0.0035108380068361368,
      "h40/outcome_partial_episode_count": 3,
      "h40/outcome_partial_final_state_mse": 0.0015702212801556182,
      "h40/outcome_partial_state_mse": 0.0015014960290559757,
      "h40/outcome_success_episode_count": 3,
      "h40/outcome_success_final_state_mse": 0.0015741864499313378,
      "h40/outcome_success_state_mse": 0.0014990752428964851,
      "h40/state_mse": 0.002017370485791973,
      "h50/episode_count": 15,
      "h50/final_state_mse": 0.002019023895263672,
      "h50/outcome_drop_episode_count": 3,
      "h50/outcome_drop_final_state_mse": 0.0019671280984005896,
      "h50/outcome_drop_state_mse": 0.0016876811607211245,
      "h50/outcome_jam_episode_count": 3,
      "h50/outcome_jam_final_state_mse": 0.0025611574110252404,
      "h50/outcome_jam_state_mse": 0.0020291610792571423,
      "h50/outcome_miss_episode_count": 3,
      "h50/outcome_miss_final_state_mse": 0.0015637275391544392,
      "h50/outcome_miss_state_mse": 0.0031459411920285694,
      "h50/outcome_partial_episode_count": 3,
      "h50/outcome_partial_final_state_mse": 0.001961769743098153,
      "h50/outcome_partial_state_mse": 0.0015506200229420382,
      "h50/outcome_success_episode_count": 3,
      "h50/outcome_success_final_state_mse": 0.002041337049864476,
      "h50/outcome_success_state_mse": 0.001555456367193484,
      "h50/state_mse": 0.001993771821065666,
      "h75/episode_count": 15,
      "h75/final_state_mse": 0.0024721485337400747,
      "h75/outcome_drop_episode_count": 3,
      "h75/outcome_drop_final_state_mse": 0.002203344349183288,
      "h75/outcome_drop_state_mse": 0.0017359314712823606,
      "h75/outcome_jam_episode_count": 3,
      "h75/outcome_jam_final_state_mse": 0.0027731228011106356,
      "h75/outcome_jam_state_mse": 0.002195513731513927,
      "h75/outcome_miss_episode_count": 3,
      "h75/outcome_miss_final_state_mse": 0.0028668101511749567,
      "h75/outcome_miss_state_mse": 0.002773942635729422,
      "h75/outcome_partial_episode_count": 3,
      "h75/outcome_partial_final_state_mse": 0.0020646607515469096,
      "h75/outcome_partial_state_mse": 0.001615355206990294,
      "h75/outcome_success_episode_count": 3,
      "h75/outcome_success_final_state_mse": 0.0024528051513472413,
      "h75/outcome_success_state_mse": 0.001649811106829342,
      "h75/state_mse": 0.0019941108387799564,
      "max_requested_horizon": 125,
      "reencode_period": 10,
      "rollout_mode": "periodic_10"
    },
    "periodic_100": {
      "episode_count": 15,
      "h10/episode_count": 15,
      "h10/final_state_mse": 0.0017349520539925768,
      "h10/outcome_drop_episode_count": 3,
      "h10/outcome_drop_final_state_mse": 0.0014381331994253047,
      "h10/outcome_drop_state_mse": 0.0012934851490594202,
      "h10/outcome_jam_episode_count": 3,
      "h10/outcome_jam_final_state_mse": 0.002193142337347168,
      "h10/outcome_jam_state_mse": 0.001612451185587964,
      "h10/outcome_miss_episode_count": 3,
      "h10/outcome_miss_final_state_mse": 0.002328404852377823,
      "h10/outcome_miss_state_mse": 0.008247608297011431,
      "h10/outcome_partial_episode_count": 3,
      "h10/outcome_partial_final_state_mse": 0.0013421586185109382,
      "h10/outcome_partial_state_mse": 0.001218879164433947,
      "h10/outcome_success_episode_count": 3,
      "h10/outcome_success_final_state_mse": 0.0013729209214254142,
      "h10/outcome_success_state_mse": 0.0012209462184532016,
      "h10/state_mse": 0.0027186739055159825,
      "h100/episode_count": 15,
      "h100/final_state_mse": 32268.747712418302,
      "h100/outcome_drop_episode_count": 3,
      "h100/outcome_drop_final_state_mse": 20486.96568627451,
      "h100/outcome_drop_state_mse": 1069.8021241830065,
      "h100/outcome_jam_episode_count": 3,
      "h100/outcome_jam_final_state_mse": 20782.57475490196,
      "h100/outcome_jam_state_mse": 1074.9779738562092,
      "h100/outcome_miss_episode_count": 3,
      "h100/outcome_miss_final_state_mse": 79732.26388888889,
      "h100/outcome_miss_state_mse": 5328.679052287582,
      "h100/outcome_partial_episode_count": 3,
      "h100/outcome_partial_final_state_mse": 20128.69566993464,
      "h100/outcome_partial_state_mse": 1049.0913071895425,
      "h100/outcome_success_episode_count": 3,
      "h100/outcome_success_final_state_mse": 20213.241013071896,
      "h100/outcome_success_state_mse": 1063.0096078431372,
      "h100/state_mse": 1917.1120522875817,
      "h125/episode_count": 15,
      "h125/final_state_mse": 8024.139869281045,
      "h125/outcome_drop_episode_count": 3,
      "h125/outcome_drop_final_state_mse": 5899.869893790849,
      "h125/outcome_drop_state_mse": 1409.8745620915033,
      "h125/outcome_jam_episode_count": 3,
      "h125/outcome_jam_final_state_mse": 5581.944138071895,
      "h125/outcome_jam_state_mse": 1386.2741176470588,
      "h125/outcome_miss_episode_count": 3,
      "h125/outcome_miss_final_state_mse": 17267.71058006536,
      "h125/outcome_miss_state_mse": 8914.612549019608,
      "h125/outcome_partial_episode_count": 3,
      "h125/outcome_partial_final_state_mse": 5597.137459150327,
      "h125/outcome_partial_state_mse": 1370.353908496732,
      "h125/outcome_success_episode_count": 3,
      "h125/outcome_success_final_state_mse": 5774.0366625817,
      "h125/outcome_success_state_mse": 1387.4013071895424,
      "h125/state_mse": 2893.7031947712417,
      "h20/episode_count": 15,
      "h20/final_state_mse": 0.00543211394665288,
      "h20/outcome_drop_episode_count": 3,
      "h20/outcome_drop_final_state_mse": 0.0047711277124928494,
      "h20/outcome_drop_state_mse": 0.0020610870489108017,
      "h20/outcome_jam_episode_count": 3,
      "h20/outcome_jam_final_state_mse": 0.005600021165959975,
      "h20/outcome_jam_state_mse": 0.0023991755800309524,
      "h20/outcome_miss_episode_count": 3,
      "h20/outcome_miss_final_state_mse": 0.006815298904780469,
      "h20/outcome_miss_state_mse": 0.005828795557707743,
      "h20/outcome_partial_episode_count": 3,
      "h20/outcome_partial_final_state_mse": 0.004930016067292955,
      "h20/outcome_partial_state_mse": 0.0020048344057369857,
      "h20/outcome_success_episode_count": 3,
      "h20/outcome_success_final_state_mse": 0.005044107343636307,
      "h20/outcome_success_state_mse": 0.0020101217273014046,
      "h20/state_mse": 0.002860802544487847,
      "h30/episode_count": 15,
      "h30/final_state_mse": 0.022522945030062805,
      "h30/outcome_drop_episode_count": 3,
      "h30/outcome_drop_final_state_mse": 0.021085482017666687,
      "h30/outcome_drop_state_mse": 0.005653767803915186,
      "h30/outcome_jam_episode_count": 3,
      "h30/outcome_jam_final_state_mse": 0.02307725692886153,
      "h30/outcome_jam_state_mse": 0.00593976070678312,
      "h30/outcome_miss_episode_count": 3,
      "h30/outcome_miss_final_state_mse": 0.024456133250317542,
      "h30/outcome_miss_state_mse": 0.008983077254949831,
      "h30/outcome_partial_episode_count": 3,
      "h30/outcome_partial_final_state_mse": 0.021835395713257634,
      "h30/outcome_partial_state_mse": 0.005621722269162114,
      "h30/outcome_success_episode_count": 3,
      "h30/outcome_success_final_state_mse": 0.022160453734055063,
      "h30/outcome_success_state_mse": 0.005640597436942306,
      "h30/state_mse": 0.006367785219013821,
      "h40/episode_count": 15,
      "h40/final_state_mse": 0.10453249862770629,
      "h40/outcome_drop_episode_count": 3,
      "h40/outcome_drop_final_state_mse": 0.08980540824092291,
      "h40/outcome_drop_state_mse": 0.015942561704348896,
      "h40/outcome_jam_episode_count": 3,
      "h40/outcome_jam_final_state_mse": 0.10666310397628086,
      "h40/outcome_jam_state_mse": 0.018384037142485574,
      "h40/outcome_miss_episode_count": 3,
      "h40/outcome_miss_final_state_mse": 0.11368855463913063,
      "h40/outcome_miss_state_mse": 0.021032892488965803,
      "h40/outcome_partial_episode_count": 3,
      "h40/outcome_partial_final_state_mse": 0.10576979942571103,
      "h40/outcome_partial_state_mse": 0.018116286844989053,
      "h40/outcome_success_episode_count": 3,
      "h40/outcome_success_final_state_mse": 0.10673564399769103,
      "h40/outcome_success_state_mse": 0.018210439432680216,
      "h40/state_mse": 0.018337244769327,
      "h50/episode_count": 15,
      "h50/final_state_mse": 1.154794171900531,
      "h50/outcome_drop_episode_count": 3,
      "h50/outcome_drop_final_state_mse": 1.024073800230338,
      "h50/outcome_drop_state_mse": 0.09780358707203585,
      "h50/outcome_jam_episode_count": 3,
      "h50/outcome_jam_final_state_mse": 1.0598852494183708,
      "h50/outcome_jam_state_mse": 0.106218104144327,
      "h50/outcome_miss_episode_count": 3,
      "h50/outcome_miss_final_state_mse": 1.5705098669513378,
      "h50/outcome_miss_state_mse": 0.13961021672666463,
      "h50/outcome_partial_episode_count": 3,
      "h50/outcome_partial_final_state_mse": 1.0503169041053921,
      "h50/outcome_partial_state_mse": 0.10599984761157066,
      "h50/outcome_success_episode_count": 3,
      "h50/outcome_success_final_state_mse": 1.0691848767349144,
      "h50/outcome_success_state_mse": 0.10769602058759702,
      "h50/state_mse": 0.11146555861928105,
      "h75/episode_count": 15,
      "h75/final_state_mse": 304.9529820261438,
      "h75/outcome_drop_episode_count": 3,
      "h75/outcome_drop_final_state_mse": 193.02975483813316,
      "h75/outcome_drop_state_mse": 14.762073631535948,
      "h75/outcome_jam_episode_count": 3,
      "h75/outcome_jam_final_state_mse": 176.21947923049427,
      "h75/outcome_jam_state_mse": 13.334576014433551,
      "h75/outcome_miss_episode_count": 3,
      "h75/outcome_miss_final_state_mse": 796.059410743464,
      "h75/outcome_miss_state_mse": 51.95905058551198,
      "h75/outcome_partial_episode_count": 3,
      "h75/outcome_partial_final_state_mse": 177.43424798304738,
      "h75/outcome_partial_state_mse": 13.595003233932461,
      "h75/outcome_success_episode_count": 3,
      "h75/outcome_success_final_state_mse": 182.0219519122753,
      "h75/outcome_success_state_mse": 13.885868906590414,
      "h75/state_mse": 21.507315904139432,
      "max_requested_horizon": 125,
      "reencode_period": 100,
      "rollout_mode": "periodic_100"
    },
    "periodic_2": {
      "episode_count": 15,
      "h10/episode_count": 15,
      "h10/final_state_mse": 0.002024443788466111,
      "h10/outcome_drop_episode_count": 3,
      "h10/outcome_drop_final_state_mse": 0.0013140536893426983,
      "h10/outcome_drop_state_mse": 0.0012779668070911582,
      "h10/outcome_jam_episode_count": 3,
      "h10/outcome_jam_final_state_mse": 0.001902075472220876,
      "h10/outcome_jam_state_mse": 0.0016690250120910944,
      "h10/outcome_miss_episode_count": 3,
      "h10/outcome_miss_final_state_mse": 0.004293670013449551,
      "h10/outcome_miss_state_mse": 0.010145107125924304,
      "h10/outcome_partial_episode_count": 3,
      "h10/outcome_partial_final_state_mse": 0.0012820569640086368,
      "h10/outcome_partial_state_mse": 0.0012131412823994955,
      "h10/outcome_success_episode_count": 3,
      "h10/outcome_success_final_state_mse": 0.0013303634607129628,
      "h10/outcome_success_state_mse": 0.0012372181890836728,
      "h10/state_mse": 0.003108491835251353,
      "h100/episode_count": 15,
      "h100/final_state_mse": 0.004077771754046671,
      "h100/outcome_drop_episode_count": 3,
      "h100/outcome_drop_final_state_mse": 0.004511340770846099,
      "h100/outcome_drop_state_mse": 0.002593721377304177,
      "h100/outcome_jam_episode_count": 3,
      "h100/outcome_jam_final_state_mse": 0.004020280941249499,
      "h100/outcome_jam_state_mse": 0.0029363711363349864,
      "h100/outcome_miss_episode_count": 3,
      "h100/outcome_miss_final_state_mse": 0.005164209339353774,
      "h100/outcome_miss_state_mse": 0.0035209497439315897,
      "h100/outcome_partial_episode_count": 3,
      "h100/outcome_partial_final_state_mse": 0.003376511479514876,
      "h100/outcome_partial_state_mse": 0.002226711254493863,
      "h100/outcome_success_episode_count": 3,
      "h100/outcome_success_final_state_mse": 0.0033165170184147903,
      "h100/outcome_success_state_mse": 0.0023406226650562164,
      "h100/state_mse": 0.0027236750982945262,
      "h125/episode_count": 15,
      "h125/final_state_mse": 0.005459351633109299,
      "h125/outcome_drop_episode_count": 3,
      "h125/outcome_drop_final_state_mse": 0.006877287589257059,
      "h125/outcome_drop_state_mse": 0.003239844378303079,
      "h125/outcome_jam_episode_count": 3,
      "h125/outcome_jam_final_state_mse": 0.005561422094020968,
      "h125/outcome_jam_state_mse": 0.0032878748077193117,
      "h125/outcome_miss_episode_count": 3,
      "h125/outcome_miss_final_state_mse": 0.007713052864168205,
      "h125/outcome_miss_state_mse": 0.004155900394215303,
      "h125/outcome_partial_episode_count": 3,
      "h125/outcome_partial_final_state_mse": 0.0033901544178233426,
      "h125/outcome_partial_state_mse": 0.002424920375051062,
      "h125/outcome_success_episode_count": 3,
      "h125/outcome_success_final_state_mse": 0.0037548403724346285,
      "h125/outcome_success_state_mse": 0.002587924533420139,
      "h125/state_mse": 0.0031392929176879084,
      "h20/episode_count": 15,
      "h20/final_state_mse": 0.0019286811741348964,
      "h20/outcome_drop_episode_count": 3,
      "h20/outcome_drop_final_state_mse": 0.0019417867259262434,
      "h20/outcome_drop_state_mse": 0.0014866678153767304,
      "h20/outcome_jam_episode_count": 3,
      "h20/outcome_jam_final_state_mse": 0.0019499818776168075,
      "h20/outcome_jam_state_mse": 0.0018460372888963986,
      "h20/outcome_miss_episode_count": 3,
      "h20/outcome_miss_final_state_mse": 0.0023704320192337036,
      "h20/outcome_miss_state_mse": 0.006629991687201207,
      "h20/outcome_partial_episode_count": 3,
      "h20/outcome_partial_final_state_mse": 0.0016884158298470615,
      "h20/outcome_partial_state_mse": 0.0014073055554059597,
      "h20/outcome_success_episode_count": 3,
      "h20/outcome_success_final_state_mse": 0.0016927896006629357,
      "h20/outcome_success_state_mse": 0.0014281683497958714,
      "h20/state_mse": 0.002559634189979703,
      "h30/episode_count": 15,
      "h30/final_state_mse": 0.002054672303542592,
      "h30/outcome_drop_episode_count": 3,
      "h30/outcome_drop_final_state_mse": 0.0019608282672813515,
      "h30/outcome_drop_state_mse": 0.0016375850748132775,
      "h30/outcome_jam_episode_count": 3,
      "h30/outcome_jam_final_state_mse": 0.00227818591824544,
      "h30/outcome_jam_state_mse": 0.0019851413687329927,
      "h30/outcome_miss_episode_count": 3,
      "h30/outcome_miss_final_state_mse": 0.002170366375080121,
      "h30/outcome_miss_state_mse": 0.00532701612817436,
      "h30/outcome_partial_episode_count": 3,
      "h30/outcome_partial_final_state_mse": 0.001902110533776626,
      "h30/outcome_partial_state_mse": 0.0015680239091511645,
      "h30/outcome_success_episode_count": 3,
      "h30/outcome_success_final_state_mse": 0.0019618709346437765,
      "h30/outcome_success_state_mse": 0.001591410875839865,
      "h30/state_mse": 0.002421835440176505,
      "h40/episode_count": 15,
      "h40/final_state_mse": 0.0021690708359861687,
      "h40/outcome_drop_episode_count": 3,
      "h40/outcome_drop_final_state_mse": 0.0026514007180344825,
      "h40/outcome_drop_state_mse": 0.0017879173451778936,
      "h40/outcome_jam_episode_count": 3,
      "h40/outcome_jam_final_state_mse": 0.0019209845344615138,
      "h40/outcome_jam_state_mse": 0.0020599965176551173,
      "h40/outcome_miss_episode_count": 3,
      "h40/outcome_miss_final_state_mse": 0.002217347423235575,
      "h40/outcome_miss_state_mse": 0.004558501913656596,
      "h40/outcome_partial_episode_count": 3,
      "h40/outcome_partial_final_state_mse": 0.0019918707461138957,
      "h40/outcome_partial_state_mse": 0.0016733027751149696,
      "h40/outcome_success_episode_count": 3,
      "h40/outcome_success_final_state_mse": 0.0020637493945804297,
      "h40/outcome_success_state_mse": 0.0016954376222261416,
      "h40/state_mse": 0.002355031281514885,
      "h50/episode_count": 15,
      "h50/final_state_mse": 0.002276339250452378,
      "h50/outcome_drop_episode_count": 3,
      "h50/outcome_drop_final_state_mse": 0.002042250184257046,
      "h50/outcome_drop_state_mse": 0.001940869942210079,
      "h50/outcome_jam_episode_count": 3,
      "h50/outcome_jam_final_state_mse": 0.002533000157354704,
      "h50/outcome_jam_state_mse": 0.0022077828450919757,
      "h50/outcome_miss_episode_count": 3,
      "h50/outcome_miss_final_state_mse": 0.0020084990785012836,
      "h50/outcome_miss_state_mse": 0.004124664356505949,
      "h50/outcome_partial_episode_count": 3,
      "h50/outcome_partial_final_state_mse": 0.002331650237631954,
      "h50/outcome_partial_state_mse": 0.0018042844884535846,
      "h50/outcome_success_episode_count": 3,
      "h50/outcome_success_final_state_mse": 0.0024662965458202984,
      "h50/outcome_success_state_mse": 0.0018331799164317012,
      "h50/state_mse": 0.002382156272339665,
      "h75/episode_count": 15,
      "h75/final_state_mse": 0.003496300317103567,
      "h75/outcome_drop_episode_count": 3,
      "h75/outcome_drop_final_state_mse": 0.003506385471696168,
      "h75/outcome_drop_state_mse": 0.0021162759452603742,
      "h75/outcome_jam_episode_count": 3,
      "h75/outcome_jam_final_state_mse": 0.0036172102284587285,
      "h75/outcome_jam_state_mse": 0.002452151229958129,
      "h75/outcome_miss_episode_count": 3,
      "h75/outcome_miss_final_state_mse": 0.003655232002142987,
      "h75/outcome_miss_state_mse": 0.003546613971652029,
      "h75/outcome_partial_episode_count": 3,
      "h75/outcome_partial_final_state_mse": 0.0029459559644748963,
      "h75/outcome_partial_state_mse": 0.0019598761830714275,
      "h75/outcome_success_episode_count": 3,
      "h75/outcome_success_final_state_mse": 0.0037567184300594083,
      "h75/outcome_success_state_mse": 0.002020007738100937,
      "h75/state_mse": 0.002418985204758987,
      "max_requested_horizon": 125,
      "reencode_period": 2,
      "rollout_mode": "periodic_2"
    },
    "periodic_20": {
      "episode_count": 15,
      "h10/episode_count": 15,
      "h10/final_state_mse": 0.0017349520539925768,
      "h10/outcome_drop_episode_count": 3,
      "h10/outcome_drop_final_state_mse": 0.0014381331994253047,
      "h10/outcome_drop_state_mse": 0.0012934851490594202,
      "h10/outcome_jam_episode_count": 3,
      "h10/outcome_jam_final_state_mse": 0.002193142337347168,
      "h10/outcome_jam_state_mse": 0.001612451185587964,
      "h10/outcome_miss_episode_count": 3,
      "h10/outcome_miss_final_state_mse": 0.002328404852377823,
      "h10/outcome_miss_state_mse": 0.008247608297011431,
      "h10/outcome_partial_episode_count": 3,
      "h10/outcome_partial_final_state_mse": 0.0013421586185109382,
      "h10/outcome_partial_state_mse": 0.001218879164433947,
      "h10/outcome_success_episode_count": 3,
      "h10/outcome_success_final_state_mse": 0.0013729209214254142,
      "h10/outcome_success_state_mse": 0.0012209462184532016,
      "h10/state_mse": 0.0027186739055159825,
      "h100/episode_count": 15,
      "h100/final_state_mse": 0.005939248028923484,
      "h100/outcome_drop_episode_count": 3,
      "h100/outcome_drop_final_state_mse": 0.008039928339665232,
      "h100/outcome_drop_state_mse": 0.003118990667505202,
      "h100/outcome_jam_episode_count": 3,
      "h100/outcome_jam_final_state_mse": 0.005282819465874067,
      "h100/outcome_jam_state_mse": 0.003319758122263391,
      "h100/outcome_miss_episode_count": 3,
      "h100/outcome_miss_final_state_mse": 0.007077602973950455,
      "h100/outcome_miss_state_mse": 0.003971654854568781,
      "h100/outcome_partial_episode_count": 3,
      "h100/outcome_partial_final_state_mse": 0.003989962970509249,
      "h100/outcome_partial_state_mse": 0.0025252534205617468,
      "h100/outcome_success_episode_count": 3,
      "h100/outcome_success_final_state_mse": 0.0053059253232931,
      "h100/outcome_success_state_mse": 0.002705797245299894,
      "h100/state_mse": 0.003128291111366422,
      "h125/episode_count": 15,
      "h125/final_state_mse": 0.0057617642521079065,
      "h125/outcome_drop_episode_count": 3,
      "h125/outcome_drop_final_state_mse": 0.007063207186125462,
      "h125/outcome_drop_state_mse": 0.0036840166079452614,
      "h125/outcome_jam_episode_count": 3,
      "h125/outcome_jam_final_state_mse": 0.005213171925420076,
      "h125/outcome_jam_state_mse": 0.0036110675786834917,
      "h125/outcome_miss_episode_count": 3,
      "h125/outcome_miss_final_state_mse": 0.008833743193570305,
      "h125/outcome_miss_state_mse": 0.004577397863849315,
      "h125/outcome_partial_episode_count": 3,
      "h125/outcome_partial_final_state_mse": 0.002709573926099765,
      "h125/outcome_partial_state_mse": 0.0026471785003063728,
      "h125/outcome_success_episode_count": 3,
      "h125/outcome_success_final_state_mse": 0.004989126587615293,
      "h125/outcome_success_state_mse": 0.0030492874344969106,
      "h125/state_mse": 0.0035137896369485293,
      "h20/episode_count": 15,
      "h20/final_state_mse": 0.00543211394665288,
      "h20/outcome_drop_episode_count": 3,
      "h20/outcome_drop_final_state_mse": 0.0047711277124928494,
      "h20/outcome_drop_state_mse": 0.0020610870489108017,
      "h20/outcome_jam_episode_count": 3,
      "h20/outcome_jam_final_state_mse": 0.005600021165959975,
      "h20/outcome_jam_state_mse": 0.0023991755800309524,
      "h20/outcome_miss_episode_count": 3,
      "h20/outcome_miss_final_state_mse": 0.006815298904780469,
      "h20/outcome_miss_state_mse": 0.005828795557707743,
      "h20/outcome_partial_episode_count": 3,
      "h20/outcome_partial_final_state_mse": 0.004930016067292955,
      "h20/outcome_partial_state_mse": 0.0020048344057369857,
      "h20/outcome_success_episode_count": 3,
      "h20/outcome_success_final_state_mse": 0.005044107343636307,
      "h20/outcome_success_state_mse": 0.0020101217273014046,
      "h20/state_mse": 0.002860802544487847,
      "h30/episode_count": 15,
      "h30/final_state_mse": 0.0024183697170681424,
      "h30/outcome_drop_episode_count": 3,
      "h30/outcome_drop_final_state_mse": 0.002326920214626524,
      "h30/outcome_drop_state_mse": 0.0022436732560201407,
      "h30/outcome_jam_episode_count": 3,
      "h30/outcome_jam_final_state_mse": 0.0027848284667223886,
      "h30/outcome_jam_state_mse": 0.0026442046258963793,
      "h30/outcome_miss_episode_count": 3,
      "h30/outcome_miss_final_state_mse": 0.002540028660125982,
      "h30/outcome_miss_state_mse": 0.004834532581902797,
      "h30/outcome_partial_episode_count": 3,
      "h30/outcome_partial_final_state_mse": 0.0021827968166154973,
      "h30/outcome_partial_state_mse": 0.0021695698008817785,
      "h30/outcome_success_episode_count": 3,
      "h30/outcome_success_final_state_mse": 0.002257273502014821,
      "h30/outcome_success_state_mse": 0.0021819593080508164,
      "h30/state_mse": 0.0028147878210529,
      "h40/episode_count": 15,
      "h40/final_state_mse": 0.00434670666464014,
      "h40/outcome_drop_episode_count": 3,
      "h40/outcome_drop_final_state_mse": 0.003412817428314608,
      "h40/outcome_drop_state_mse": 0.002382573582767661,
      "h40/outcome_jam_episode_count": 3,
      "h40/outcome_jam_final_state_mse": 0.005231558205255496,
      "h40/outcome_jam_state_mse": 0.0028556475062775457,
      "h40/outcome_miss_episode_count": 3,
      "h40/outcome_miss_final_state_mse": 0.004168862805647009,
      "h40/outcome_miss_state_mse": 0.004463381860770431,
      "h40/outcome_partial_episode_count": 3,
      "h40/outcome_partial_final_state_mse": 0.004437417571061577,
      "h40/outcome_partial_state_mse": 0.0023329978285272137,
      "h40/outcome_success_episode_count": 3,
      "h40/outcome_success_final_state_mse": 0.004482878043371088,
      "h40/outcome_success_state_mse": 0.0023502768254747577,
      "h40/state_mse": 0.002876975614261004,
      "h50/episode_count": 15,
      "h50/final_state_mse": 0.0022424404917199625,
      "h50/outcome_drop_episode_count": 3,
      "h50/outcome_drop_final_state_mse": 0.0019299147857560052,
      "h50/outcome_drop_state_mse": 0.002277408768148983,
      "h50/outcome_jam_episode_count": 3,
      "h50/outcome_jam_final_state_mse": 0.0029546215497200786,
      "h50/outcome_jam_state_mse": 0.002811519897062015,
      "h50/outcome_miss_episode_count": 3,
      "h50/outcome_miss_final_state_mse": 0.0020081440315527074,
      "h50/outcome_miss_state_mse": 0.0039817599377600975,
      "h50/outcome_partial_episode_count": 3,
      "h50/outcome_partial_final_state_mse": 0.002137122760995541,
      "h50/outcome_partial_state_mse": 0.0022325269537034377,
      "h50/outcome_success_episode_count": 3,
      "h50/outcome_success_final_state_mse": 0.0021823987462162193,
      "h50/outcome_success_state_mse": 0.0022538242153092927,
      "h50/state_mse": 0.002711407829733456,
      "h75/episode_count": 15,
      "h75/final_state_mse": 0.004291644127540339,
      "h75/outcome_drop_episode_count": 3,
      "h75/outcome_drop_final_state_mse": 0.003604147412808113,
      "h75/outcome_drop_state_mse": 0.0026691317090801166,
      "h75/outcome_jam_episode_count": 3,
      "h75/outcome_jam_final_state_mse": 0.004674849362155191,
      "h75/outcome_jam_state_mse": 0.0032302682332223795,
      "h75/outcome_miss_episode_count": 3,
      "h75/outcome_miss_final_state_mse": 0.004926703821599873,
      "h75/outcome_miss_state_mse": 0.0038196846290870948,
      "h75/outcome_partial_episode_count": 3,
      "h75/outcome_partial_final_state_mse": 0.003910338810456345,
      "h75/outcome_partial_state_mse": 0.002509768159820623,
      "h75/outcome_success_episode_count": 3,
      "h75/outcome_success_final_state_mse": 0.0043421808898059374,
      "h75/outcome_success_state_mse": 0.0025490304951054856,
      "h75/state_mse": 0.002955576512288943,
      "max_requested_horizon": 125,
      "reencode_period": 20,
      "rollout_mode": "periodic_20"
    },
    "periodic_5": {
      "episode_count": 15,
      "h10/episode_count": 15,
      "h10/final_state_mse": 0.0015617306715522716,
      "h10/outcome_drop_episode_count": 3,
      "h10/outcome_drop_final_state_mse": 0.001073109022542542,
      "h10/outcome_drop_state_mse": 0.0012260826000201157,
      "h10/outcome_jam_episode_count": 3,
      "h10/outcome_jam_final_state_mse": 0.0017250299307645536,
      "h10/outcome_jam_state_mse": 0.0015610622814278198,
      "h10/outcome_miss_episode_count": 3,
      "h10/outcome_miss_final_state_mse": 0.003117854445198782,
      "h10/outcome_miss_state_mse": 0.008650932125016754,
      "h10/outcome_partial_episode_count": 3,
      "h10/outcome_partial_final_state_mse": 0.0009421366906049205,
      "h10/outcome_partial_state_mse": 0.0011389085475136253,
      "h10/outcome_success_episode_count": 3,
      "h10/outcome_success_final_state_mse": 0.000950523877358125,
      "h10/outcome_success_state_mse": 0.0011396277379366307,
      "h10/state_mse": 0.0027433223350375306,
      "h100/episode_count": 15,
      "h100/final_state_mse": 0.003060997545329574,
      "h100/outcome_drop_episode_count": 3,
      "h100/outcome_drop_final_state_mse": 0.0031021136084413217,
      "h100/outcome_drop_state_mse": 0.0019549859115500856,
      "h100/outcome_jam_episode_count": 3,
      "h100/outcome_jam_final_state_mse": 0.0035391359352598003,
      "h100/outcome_jam_state_mse": 0.0024648892022425834,
      "h100/outcome_miss_episode_count": 3,
      "h100/outcome_miss_final_state_mse": 0.004451281762395809,
      "h100/outcome_miss_state_mse": 0.003124483021256191,
      "h100/outcome_partial_episode_count": 3,
      "h100/outcome_partial_final_state_mse": 0.0018827724544441,
      "h100/outcome_partial_state_mse": 0.0016640270457548253,
      "h100/outcome_success_episode_count": 3,
      "h100/outcome_success_final_state_mse": 0.0023296846478593116,
      "h100/outcome_success_state_mse": 0.0018012645821166194,
      "h100/state_mse": 0.0022019298279207515,
      "h125/episode_count": 15,
      "h125/final_state_mse": 0.004179083443934622,
      "h125/outcome_drop_episode_count": 3,
      "h125/outcome_drop_final_state_mse": 0.005538159969195821,
      "h125/outcome_drop_state_mse": 0.0024839668024599164,
      "h125/outcome_jam_episode_count": 3,
      "h125/outcome_jam_final_state_mse": 0.004288189746195974,
      "h125/outcome_jam_state_mse": 0.002794085184733073,
      "h125/outcome_miss_episode_count": 3,
      "h125/outcome_miss_final_state_mse": 0.0063147389031703175,
      "h125/outcome_miss_state_mse": 0.0035953267415364584,
      "h125/outcome_partial_episode_count": 3,
      "h125/outcome_partial_final_state_mse": 0.0016610095021771449,
      "h125/outcome_partial_state_mse": 0.0016813640220492494,
      "h125/outcome_success_episode_count": 3,
      "h125/outcome_success_final_state_mse": 0.0030933193911134808,
      "h125/outcome_success_state_mse": 0.0020093982172947303,
      "h125/state_mse": 0.0025128283930759806,
      "h20/episode_count": 15,
      "h20/final_state_mse": 0.0015840553769878314,
      "h20/outcome_drop_episode_count": 3,
      "h20/outcome_drop_final_state_mse": 0.001688889014759874,
      "h20/outcome_drop_state_mse": 0.0013314902198080924,
      "h20/outcome_jam_episode_count": 3,
      "h20/outcome_jam_final_state_mse": 0.0016119151430971483,
      "h20/outcome_jam_state_mse": 0.001656663846346288,
      "h20/outcome_miss_episode_count": 3,
      "h20/outcome_miss_final_state_mse": 0.0017862142690646104,
      "h20/outcome_miss_state_mse": 0.005551494804083132,
      "h20/outcome_partial_episode_count": 3,
      "h20/outcome_partial_final_state_mse": 0.001415497288594838,
      "h20/outcome_partial_state_mse": 0.0012371854844436146,
      "h20/outcome_success_episode_count": 3,
      "h20/outcome_success_final_state_mse": 0.001417760779849844,
      "h20/outcome_success_state_mse": 0.001241744265836828,
      "h20/state_mse": 0.002203715704624949,
      "h30/episode_count": 15,
      "h30/final_state_mse": 0.0018298995261098825,
      "h30/outcome_drop_episode_count": 3,
      "h30/outcome_drop_final_state_mse": 0.001823124688824797,
      "h30/outcome_drop_state_mse": 0.0014928628676337615,
      "h30/outcome_jam_episode_count": 3,
      "h30/outcome_jam_final_state_mse": 0.0020322660653809316,
      "h30/outcome_jam_state_mse": 0.0018337053151431947,
      "h30/outcome_miss_episode_count": 3,
      "h30/outcome_miss_final_state_mse": 0.001905997228973052,
      "h30/outcome_miss_state_mse": 0.004458042427345559,
      "h30/outcome_partial_episode_count": 3,
      "h30/outcome_partial_final_state_mse": 0.001671496754378275,
      "h30/outcome_partial_state_mse": 0.0013871746125564076,
      "h30/outcome_success_episode_count": 3,
      "h30/outcome_success_final_state_mse": 0.0017166126982059355,
      "h30/outcome_success_state_mse": 0.0013907775510110627,
      "h30/state_mse": 0.002112512526169322,
      "h40/episode_count": 15,
      "h40/final_state_mse": 0.001748018015443889,
      "h40/outcome_drop_episode_count": 3,
      "h40/outcome_drop_final_state_mse": 0.0019511915499867956,
      "h40/outcome_drop_state_mse": 0.0016074570175869012,
      "h40/outcome_jam_episode_count": 3,
      "h40/outcome_jam_final_state_mse": 0.0016841444558177898,
      "h40/outcome_jam_state_mse": 0.0019153561857011582,
      "h40/outcome_miss_episode_count": 3,
      "h40/outcome_miss_final_state_mse": 0.0018604853087001378,
      "h40/outcome_miss_state_mse": 0.0038531951654970256,
      "h40/outcome_partial_episode_count": 3,
      "h40/outcome_partial_final_state_mse": 0.001621695491028767,
      "h40/outcome_partial_state_mse": 0.0014757952658958685,
      "h40/outcome_success_episode_count": 3,
      "h40/outcome_success_final_state_mse": 0.0016225729064614164,
      "h40/outcome_success_state_mse": 0.0014738686139287513,
      "h40/state_mse": 0.002065134484783497,
      "h50/episode_count": 15,
      "h50/final_state_mse": 0.0018184887817482543,
      "h50/outcome_drop_episode_count": 3,
      "h50/outcome_drop_final_state_mse": 0.0016340771142174216,
      "h50/outcome_drop_state_mse": 0.0016771582061169195,
      "h50/outcome_jam_episode_count": 3,
      "h50/outcome_jam_final_state_mse": 0.002330211131206525,
      "h50/outcome_jam_state_mse": 0.0020093769185683306,
      "h50/outcome_miss_episode_count": 3,
      "h50/outcome_miss_final_state_mse": 0.0016357894329463735,
      "h50/outcome_miss_state_mse": 0.003474898307152044,
      "h50/outcome_partial_episode_count": 3,
      "h50/outcome_partial_final_state_mse": 0.0016892374146218394,
      "h50/outcome_partial_state_mse": 0.001546324000639074,
      "h50/outcome_success_episode_count": 3,
      "h50/outcome_success_final_state_mse": 0.0018031279635585212,
      "h50/outcome_success_state_mse": 0.0015482255524280025,
      "h50/state_mse": 0.002051196528416054,
      "h75/episode_count": 15,
      "h75/final_state_mse": 0.0025522535922480566,
      "h75/outcome_drop_episode_count": 3,
      "h75/outcome_drop_final_state_mse": 0.0022901747789647845,
      "h75/outcome_drop_state_mse": 0.001755793349155933,
      "h75/outcome_jam_episode_count": 3,
      "h75/outcome_jam_final_state_mse": 0.002867546784721948,
      "h75/outcome_jam_state_mse": 0.0021965102900087445,
      "h75/outcome_miss_episode_count": 3,
      "h75/outcome_miss_final_state_mse": 0.002744223946839376,
      "h75/outcome_miss_state_mse": 0.002990162668664471,
      "h75/outcome_partial_episode_count": 3,
      "h75/outcome_partial_final_state_mse": 0.0021926094016997645,
      "h75/outcome_partial_state_mse": 0.0016493249822545934,
      "h75/outcome_success_episode_count": 3,
      "h75/outcome_success_final_state_mse": 0.002666712391610239,
      "h75/outcome_success_state_mse": 0.0016796572068158318,
      "h75/state_mse": 0.002054289641203704,
      "max_requested_horizon": 125,
      "reencode_period": 5,
      "rollout_mode": "periodic_5"
    },
    "periodic_50": {
      "episode_count": 15,
      "h10/episode_count": 15,
      "h10/final_state_mse": 0.0017349520539925768,
      "h10/outcome_drop_episode_count": 3,
      "h10/outcome_drop_final_state_mse": 0.0014381331994253047,
      "h10/outcome_drop_state_mse": 0.0012934851490594202,
      "h10/outcome_jam_episode_count": 3,
      "h10/outcome_jam_final_state_mse": 0.002193142337347168,
      "h10/outcome_jam_state_mse": 0.001612451185587964,
      "h10/outcome_miss_episode_count": 3,
      "h10/outcome_miss_final_state_mse": 0.002328404852377823,
      "h10/outcome_miss_state_mse": 0.008247608297011431,
      "h10/outcome_partial_episode_count": 3,
      "h10/outcome_partial_final_state_mse": 0.0013421586185109382,
      "h10/outcome_partial_state_mse": 0.001218879164433947,
      "h10/outcome_success_episode_count": 3,
      "h10/outcome_success_final_state_mse": 0.0013729209214254142,
      "h10/outcome_success_state_mse": 0.0012209462184532016,
      "h10/state_mse": 0.0027186739055159825,
      "h100/episode_count": 15,
      "h100/final_state_mse": 35.92249029820261,
      "h100/outcome_drop_episode_count": 3,
      "h100/outcome_drop_final_state_mse": 32.87920584086499,
      "h100/outcome_drop_state_mse": 1.6160511131535948,
      "h100/outcome_jam_episode_count": 3,
      "h100/outcome_jam_final_state_mse": 30.71212030547896,
      "h100/outcome_jam_state_mse": 1.5288929898131127,
      "h100/outcome_miss_episode_count": 3,
      "h100/outcome_miss_final_state_mse": 54.95449410232843,
      "h100/outcome_miss_state_mse": 3.075379870046977,
      "h100/outcome_partial_episode_count": 3,
      "h100/outcome_partial_final_state_mse": 30.6164195740145,
      "h100/outcome_partial_state_mse": 1.5130164451848447,
      "h100/outcome_success_episode_count": 3,
      "h100/outcome_success_final_state_mse": 30.450211269403596,
      "h100/outcome_success_state_mse": 1.5095461218341504,
      "h100/state_mse": 1.8485774101307189,
      "h125/episode_count": 15,
      "h125/final_state_mse": 6.1296875,
      "h125/outcome_drop_episode_count": 3,
      "h125/outcome_drop_final_state_mse": 6.419998468137255,
      "h125/outcome_drop_state_mse": 1.9165179227941176,
      "h125/outcome_jam_episode_count": 3,
      "h125/outcome_jam_final_state_mse": 6.516899408078661,
      "h125/outcome_jam_state_mse": 1.8466813980800654,
      "h125/outcome_miss_episode_count": 3,
      "h125/outcome_miss_final_state_mse": 5.665176591062857,
      "h125/outcome_miss_state_mse": 3.2352294730392157,
      "h125/outcome_partial_episode_count": 3,
      "h125/outcome_partial_final_state_mse": 5.970093970205269,
      "h125/outcome_partial_state_mse": 1.8128582771650328,
      "h125/outcome_success_episode_count": 3,
      "h125/outcome_success_final_state_mse": 6.0762672174989785,
      "h125/outcome_success_state_mse": 1.8025583384395425,
      "h125/state_mse": 2.1227691176470587,
      "h20/episode_count": 15,
      "h20/final_state_mse": 0.00543211394665288,
      "h20/outcome_drop_episode_count": 3,
      "h20/outcome_drop_final_state_mse": 0.0047711277124928494,
      "h20/outcome_drop_state_mse": 0.0020610870489108017,
      "h20/outcome_jam_episode_count": 3,
      "h20/outcome_jam_final_state_mse": 0.005600021165959975,
      "h20/outcome_jam_state_mse": 0.0023991755800309524,
      "h20/outcome_miss_episode_count": 3,
      "h20/outcome_miss_final_state_mse": 0.006815298904780469,
      "h20/outcome_miss_state_mse": 0.005828795557707743,
      "h20/outcome_partial_episode_count": 3,
      "h20/outcome_partial_final_state_mse": 0.004930016067292955,
      "h20/outcome_partial_state_mse": 0.0020048344057369857,
      "h20/outcome_success_episode_count": 3,
      "h20/outcome_success_final_state_mse": 0.005044107343636307,
      "h20/outcome_success_state_mse": 0.0020101217273014046,
      "h20/state_mse": 0.002860802544487847,
      "h30/episode_count": 15,
      "h30/final_state_mse": 0.022522945030062805,
      "h30/outcome_drop_episode_count": 3,
      "h30/outcome_drop_final_state_mse": 0.021085482017666687,
      "h30/outcome_drop_state_mse": 0.005653767803915186,
      "h30/outcome_jam_episode_count": 3,
      "h30/outcome_jam_final_state_mse": 0.02307725692886153,
      "h30/outcome_jam_state_mse": 0.00593976070678312,
      "h30/outcome_miss_episode_count": 3,
      "h30/outcome_miss_final_state_mse": 0.024456133250317542,
      "h30/outcome_miss_state_mse": 0.008983077254949831,
      "h30/outcome_partial_episode_count": 3,
      "h30/outcome_partial_final_state_mse": 0.021835395713257634,
      "h30/outcome_partial_state_mse": 0.005621722269162114,
      "h30/outcome_success_episode_count": 3,
      "h30/outcome_success_final_state_mse": 0.022160453734055063,
      "h30/outcome_success_state_mse": 0.005640597436942306,
      "h30/state_mse": 0.006367785219013821,
      "h40/episode_count": 15,
      "h40/final_state_mse": 0.10453249862770629,
      "h40/outcome_drop_episode_count": 3,
      "h40/outcome_drop_final_state_mse": 0.08980540824092291,
      "h40/outcome_drop_state_mse": 0.015942561704348896,
      "h40/outcome_jam_episode_count": 3,
      "h40/outcome_jam_final_state_mse": 0.10666310397628086,
      "h40/outcome_jam_state_mse": 0.018384037142485574,
      "h40/outcome_miss_episode_count": 3,
      "h40/outcome_miss_final_state_mse": 0.11368855463913063,
      "h40/outcome_miss_state_mse": 0.021032892488965803,
      "h40/outcome_partial_episode_count": 3,
      "h40/outcome_partial_final_state_mse": 0.10576979942571103,
      "h40/outcome_partial_state_mse": 0.018116286844989053,
      "h40/outcome_success_episode_count": 3,
      "h40/outcome_success_final_state_mse": 0.10673564399769103,
      "h40/outcome_success_state_mse": 0.018210439432680216,
      "h40/state_mse": 0.018337244769327,
      "h50/episode_count": 15,
      "h50/final_state_mse": 1.154794171900531,
      "h50/outcome_drop_episode_count": 3,
      "h50/outcome_drop_final_state_mse": 1.024073800230338,
      "h50/outcome_drop_state_mse": 0.09780358707203585,
      "h50/outcome_jam_episode_count": 3,
      "h50/outcome_jam_final_state_mse": 1.0598852494183708,
      "h50/outcome_jam_state_mse": 0.106218104144327,
      "h50/outcome_miss_episode_count": 3,
      "h50/outcome_miss_final_state_mse": 1.5705098669513378,
      "h50/outcome_miss_state_mse": 0.13961021672666463,
      "h50/outcome_partial_episode_count": 3,
      "h50/outcome_partial_final_state_mse": 1.0503169041053921,
      "h50/outcome_partial_state_mse": 0.10599984761157066,
      "h50/outcome_success_episode_count": 3,
      "h50/outcome_success_final_state_mse": 1.0691848767349144,
      "h50/outcome_success_state_mse": 0.10769602058759702,
      "h50/state_mse": 0.11146555861928105,
      "h75/episode_count": 15,
      "h75/final_state_mse": 0.4060040243310866,
      "h75/outcome_drop_episode_count": 3,
      "h75/outcome_drop_final_state_mse": 0.38667543573317187,
      "h75/outcome_drop_state_mse": 0.1414786810449006,
      "h75/outcome_jam_episode_count": 3,
      "h75/outcome_jam_final_state_mse": 0.34840065825219246,
      "h75/outcome_jam_state_mse": 0.14258398251336124,
      "h75/outcome_miss_episode_count": 3,
      "h75/outcome_miss_final_state_mse": 0.5677373424854154,
      "h75/outcome_miss_state_mse": 0.2266380293436819,
      "h75/outcome_partial_episode_count": 3,
      "h75/outcome_partial_final_state_mse": 0.3607408267999786,
      "h75/outcome_partial_state_mse": 0.14334966256467865,
      "h75/outcome_success_episode_count": 3,
      "h75/outcome_success_final_state_mse": 0.3664659986308977,
      "h75/outcome_success_state_mse": 0.14473327902667144,
      "h75/state_mse": 0.1597567061546841,
      "max_requested_horizon": 125,
      "reencode_period": 50,
      "rollout_mode": "periodic_50"
    }
  },
  "split": "test",
  "support_alignment": {
    "contact_phase": {
      "contact_phase_family_ari": 0.00020342612569879787,
      "contact_phase_family_nmi": 0.025175361392498555,
      "contact_phase_family_purity": 0.9996668887408394,
      "contact_phase_sample_count": 3002.0,
      "h_contact_phase_given_family": 0.0009005220696861519,
      "h_family_given_contact_phase": 2.3165099621774354,
      "unique_contact_phase_count": 2.0,
      "unique_family_count": 22.0
    },
    "contact_phase_alignment_available": true,
    "evaluated_state_count": 3017,
    "family_count": 26,
    "mean_family_similarity": 0.4265841543674469,
    "mean_support_size": 161.96221411998675,
    "outcome_alignment_available": true,
    "outcome_state": {
      "h_family_given_outcome": 0.7289337923694721,
      "h_outcome_given_family": 0.5318645395419033,
      "outcome_family_ari": 0.11578947368421053,
      "outcome_family_nmi": 0.6319604407891637,
      "outcome_family_purity": 0.7333333333333333,
      "outcome_sample_count": 15.0,
      "unique_family_count": 8.0,
      "unique_outcome_count": 5.0
    },
    "status": "ok",
    "unassigned_state_fraction": 0.0,
    "validation_state_count": 2346
  },
  "support_threshold": 0.2
}
summary=runs/maniskill_insertion/perturbation_e20_5k_optimizer_fairness_20260609_132517/dense_tanh_sp0_lr5em4_wd0/seed2/eval_test_periodic/metrics_summary.json
summary=runs/maniskill_insertion/perturbation_e20_5k_optimizer_fairness_20260609_132517/dense_tanh_sp0_std/seed2/eval_test_periodic/metrics_summary.json
summary=runs/maniskill_insertion/perturbation_e20_5k_optimizer_fairness_20260609_132517/sparse_mlp_relu_sp0p01_std/seed2/eval_test_periodic/metrics_summary.json
summary=runs/maniskill_insertion/perturbation_e20_5k_optimizer_fairness_20260609_132517/sparse_mlp_relu_sp0p01_lr5em4_wd0/seed2/eval_test_periodic/metrics_summary.json
end_time=Tue Jun  9 13:31:09 EDT 2026

======== GPU REPORT ========

==============NVSMI LOG==============

Timestamp                                              : Tue Jun  9 13:31:09 2026
Driver Version                                         : 580.159.03
CUDA Version                                           : 13.0

Attached GPUs                                          : 1
GPU 00000000:39:00.0
    Accounting Mode                                    : Enabled
    Accounting Mode Buffer Size                        : 4000
    Accounted Processes
        Process ID                                     : 775191
            GPU Utilization                            : 23 %
            Memory Utilization                         : 9 %
            Max memory usage                           : 348 MiB
            Time                                       : 100989 ms
            Is Running                                 : 0
        Process ID                                     : 775192
            GPU Utilization                            : 21 %
            Memory Utilization                         : 9 %
            Max memory usage                           : 348 MiB
            Time                                       : 101040 ms
            Is Running                                 : 0
        Process ID                                     : 775195
            GPU Utilization                            : 23 %
            Memory Utilization                         : 10 %
            Max memory usage                           : 348 MiB
            Time                                       : 101073 ms
            Is Running                                 : 0
        Process ID                                     : 775190
            GPU Utilization                            : 25 %
            Memory Utilization                         : 10 %
            Max memory usage                           : 348 MiB
            Time                                       : 101142 ms
            Is Running                                 : 0
        Process ID                                     : 775447
            GPU Utilization                            : 0 %
            Memory Utilization                         : 0 %
            Max memory usage                           : 232 MiB
            Time                                       : 2733 ms
            Is Running                                 : 0
        Process ID                                     : 775451
            GPU Utilization                            : 3 %
            Memory Utilization                         : 0 %
            Max memory usage                           : 232 MiB
            Time                                       : 2735 ms
            Is Running                                 : 0
        Process ID                                     : 775442
            GPU Utilization                            : 6 %
            Memory Utilization                         : 0 %
            Max memory usage                           : 232 MiB
            Time                                       : 2782 ms
            Is Running                                 : 0
        Process ID                                     : 775454
            GPU Utilization                            : 22 %
            Memory Utilization                         : 0 %
            Max memory usage                           : 232 MiB
            Time                                       : 2962 ms
            Is Running                                 : 0

Tue Jun  9 13:31:09 2026       
+-----------------------------------------------------------------------------------------+
| NVIDIA-SMI 580.159.03             Driver Version: 580.159.03     CUDA Version: 13.0     |
+-----------------------------------------+------------------------+----------------------+
| GPU  Name                 Persistence-M | Bus-Id          Disp.A | Volatile Uncorr. ECC |
| Fan  Temp   Perf          Pwr:Usage/Cap |           Memory-Usage | GPU-Util  Compute M. |
|                                         |                        |               MIG M. |
|=========================================+========================+======================|
|   0  Quadro RTX 8000                On  |   00000000:39:00.0 Off |                  N/A |
| 33%   48C    P2            123W /  260W |       1MiB /  46080MiB |      2%      Default |
|                                         |                        |                  N/A |
+-----------------------------------------+------------------------+----------------------+

+-----------------------------------------------------------------------------------------+
| Processes:                                                                              |
|  GPU   GI   CI              PID   Type   Process name                        GPU Memory |
|        ID   ID                                                               Usage      |
|=========================================================================================|
|  No running processes found                                                             |
+-----------------------------------------------------------------------------------------+
