=============================================
ManiSkill 5k packed tuning GPU context
date=2026-06-03T19:19:12-0400
host=cn-a008.server.mila.quebec
slurm_job_id=9732135
slurm_array_task_id=3
slurm_nodelist=cn-a008
slurm_job_gpus=0
slurm_step_gpus=
slurm_gpus=
slurm_gpus_on_node=1
slurm_cpus_per_task=8
cuda_visible_devices=0
cuda_device_order=
GPU 0: Quadro RTX 8000 (UUID: GPU-d58d582a-c4aa-8d23-4995-499a4e8f89f7)
index, uuid, name, driver_version, memory.total [MiB]
0, GPU-d58d582a-c4aa-8d23-4995-499a4e8f89f7, Quadro RTX 8000, 580.95.05, 46080 MiB
=============================================
date=Wed Jun  3 19:19:12 EDT 2026
host=cn-a008.server.mila.quebec
commit=b5ea99e
slurm_job_id=9732135
slurm_array_task_id=3
task_set=initial
task_count=18
start_task=12
pack_size=4
pack_concurrency=4
packed_task_threads=2
dataset=data/maniskill/perturbation_assessment_seed0_e20/all_setups.npz
run_root=runs/maniskill_insertion/perturbation_e20_5k_lista_tuning_initial_20260603_185857_fullperiodic
num_steps=5000
batch_size=512
sequence_length=10
z_dim=320
hidden_dim=256
horizons=10,20,30,40,50,75,100,125
periodic_reencode_periods=10,20,50,100
cuda_visible_devices=0
----- task 15/18: lista_relu_a0p01_sp1em4 seed0 -----
encoder_kind=lista activation=relu alpha=0.01 sparsity=1e-4 loops=2
weights pred=1.0 rec=0.1 latent=0.1 k=1e-4
run_dir=runs/maniskill_insertion/perturbation_e20_5k_lista_tuning_initial_20260603_185857_fullperiodic/lista_relu_a0p01_sp1em4/seed0
----- task 12/18: lista_relu_a0p001_sp1em4 seed0 -----
encoder_kind=lista activation=relu alpha=0.001 sparsity=1e-4 loops=2
weights pred=1.0 rec=0.1 latent=0.1 k=1e-4
run_dir=runs/maniskill_insertion/perturbation_e20_5k_lista_tuning_initial_20260603_185857_fullperiodic/lista_relu_a0p001_sp1em4/seed0
----- task 13/18: lista_relu_a0p003_sp0 seed0 -----
encoder_kind=lista activation=relu alpha=0.003 sparsity=0 loops=2
weights pred=1.0 rec=0.1 latent=0.1 k=1e-4
run_dir=runs/maniskill_insertion/perturbation_e20_5k_lista_tuning_initial_20260603_185857_fullperiodic/lista_relu_a0p003_sp0/seed0
----- task 14/18: lista_relu_a0p003_sp1em4 seed0 -----
encoder_kind=lista activation=relu alpha=0.003 sparsity=1e-4 loops=2
weights pred=1.0 rec=0.1 latent=0.1 k=1e-4
run_dir=runs/maniskill_insertion/perturbation_e20_5k_lista_tuning_initial_20260603_185857_fullperiodic/lista_relu_a0p003_sp1em4/seed0
step=0 loss=1.409240 pred=0.984693 val_mse=0.758547
step=0 loss=1.409169 pred=0.984712 val_mse=0.758544
step=0 loss=1.408972 pred=0.984781 val_mse=0.758539
step=0 loss=1.409177 pred=0.984712 val_mse=0.758544
step=500 loss=0.057878 pred=0.049539 val_mse=0.118612
step=500 loss=0.057226 pred=0.048973 val_mse=0.117194
step=500 loss=0.058043 pred=0.049753 val_mse=0.119015
step=500 loss=0.058677 pred=0.050143 val_mse=0.119888
step=1000 loss=0.044912 pred=0.039462 val_mse=0.203732
step=1000 loss=0.045895 pred=0.040210 val_mse=0.211294
step=1000 loss=0.045528 pred=0.040045 val_mse=0.203568
step=1000 loss=0.044829 pred=0.039403 val_mse=0.203413
step=1500 loss=0.036316 pred=0.032368 val_mse=0.213349
step=1500 loss=0.037331 pred=0.033256 val_mse=0.227895
step=1500 loss=0.035848 pred=0.031931 val_mse=0.210996
step=1500 loss=0.036649 pred=0.032733 val_mse=0.214452
step=2000 loss=0.024978 pred=0.021848 val_mse=0.182352
step=2000 loss=0.025074 pred=0.021915 val_mse=0.182531
step=2000 loss=0.026021 pred=0.022780 val_mse=0.181236
step=2000 loss=0.025144 pred=0.022039 val_mse=0.181862
step=2500 loss=0.023551 pred=0.020885 val_mse=0.098099
step=2500 loss=0.023751 pred=0.021090 val_mse=0.099006
step=2500 loss=0.025065 pred=0.022289 val_mse=0.100997
step=2500 loss=0.024227 pred=0.021568 val_mse=0.099590
step=3000 loss=0.017571 pred=0.015199 val_mse=0.126705
step=3000 loss=0.017706 pred=0.015354 val_mse=0.127253
step=3000 loss=0.018789 pred=0.016355 val_mse=0.132457
step=3000 loss=0.018025 pred=0.015641 val_mse=0.125158
step=3500 loss=0.016784 pred=0.014576 val_mse=0.110362
step=3500 loss=0.017905 pred=0.015659 val_mse=0.110984
step=3500 loss=0.018314 pred=0.016114 val_mse=0.111356
step=3500 loss=0.016968 pred=0.014771 val_mse=0.110279
step=4000 loss=0.017691 pred=0.015848 val_mse=0.189033
step=4000 loss=0.017465 pred=0.015591 val_mse=0.193071
step=4000 loss=0.017583 pred=0.015684 val_mse=0.196079
step=4000 loss=0.017393 pred=0.015544 val_mse=0.190335
step=4500 loss=0.012192 pred=0.010536 val_mse=0.192190
step=4500 loss=0.011451 pred=0.009793 val_mse=0.194377
step=4500 loss=0.011765 pred=0.010074 val_mse=0.195850
step=4500 loss=0.010895 pred=0.009248 val_mse=0.195440
step=4999 loss=0.015402 pred=0.013803 val_mse=0.174839
step=4999 loss=0.015138 pred=0.013511 val_mse=0.176800
step=4999 loss=0.015050 pred=0.013412 val_mse=0.178659
step=4999 loss=0.014871 pred=0.013264 val_mse=0.178509
run_dir=runs/maniskill_insertion/perturbation_e20_5k_lista_tuning_initial_20260603_185857_fullperiodic/lista_relu_a0p003_sp0/seed0
run_dir=runs/maniskill_insertion/perturbation_e20_5k_lista_tuning_initial_20260603_185857_fullperiodic/lista_relu_a0p003_sp1em4/seed0
run_dir=runs/maniskill_insertion/perturbation_e20_5k_lista_tuning_initial_20260603_185857_fullperiodic/lista_relu_a0p01_sp1em4/seed0
run_dir=runs/maniskill_insertion/perturbation_e20_5k_lista_tuning_initial_20260603_185857_fullperiodic/lista_relu_a0p001_sp1em4/seed0
{
  "best_periodic_rollout": {
    "episode_count": 15,
    "h10/episode_count": 15,
    "h10/final_state_mse": 0.0020166175817352494,
    "h10/outcome_drop_episode_count": 3,
    "h10/outcome_drop_final_state_mse": 0.0014103305422597462,
    "h10/outcome_drop_state_mse": 0.0015451240383721645,
    "h10/outcome_jam_episode_count": 3,
    "h10/outcome_jam_final_state_mse": 0.0022057016300999262,
    "h10/outcome_jam_state_mse": 0.001941599721222921,
    "h10/outcome_miss_episode_count": 3,
    "h10/outcome_miss_final_state_mse": 0.0036816588219474346,
    "h10/outcome_miss_state_mse": 0.009892006637224185,
    "h10/outcome_partial_episode_count": 3,
    "h10/outcome_partial_final_state_mse": 0.0013945314643624561,
    "h10/outcome_partial_state_mse": 0.001473861328916612,
    "h10/outcome_success_episode_count": 3,
    "h10/outcome_success_final_state_mse": 0.0013908656813155591,
    "h10/outcome_success_state_mse": 0.0014720885582219542,
    "h10/selected_mode": "periodic_10",
    "h10/selected_period": 10,
    "h10/state_mse": 0.003264936060687296,
    "h100/episode_count": 15,
    "h100/final_state_mse": 0.003307522667778863,
    "h100/outcome_drop_episode_count": 3,
    "h100/outcome_drop_final_state_mse": 0.0024296389588343553,
    "h100/outcome_drop_state_mse": 0.0020788386912127727,
    "h100/outcome_jam_episode_count": 3,
    "h100/outcome_jam_final_state_mse": 0.004109948703081779,
    "h100/outcome_jam_state_mse": 0.0026359339944677417,
    "h100/outcome_miss_episode_count": 3,
    "h100/outcome_miss_final_state_mse": 0.005244147446420457,
    "h100/outcome_miss_state_mse": 0.003456411174699372,
    "h100/outcome_partial_episode_count": 3,
    "h100/outcome_partial_final_state_mse": 0.001708684257822099,
    "h100/outcome_partial_state_mse": 0.0017609844955743528,
    "h100/outcome_success_episode_count": 3,
    "h100/outcome_success_final_state_mse": 0.0030451939727356232,
    "h100/outcome_success_state_mse": 0.0021048493790470696,
    "h100/selected_mode": "periodic_10",
    "h100/selected_period": 10,
    "h100/state_mse": 0.002407403484668607,
    "h125/episode_count": 15,
    "h125/final_state_mse": 0.007386501785976435,
    "h125/outcome_drop_episode_count": 3,
    "h125/outcome_drop_final_state_mse": 0.0056945326086742425,
    "h125/outcome_drop_state_mse": 0.002542072869593801,
    "h125/outcome_jam_episode_count": 3,
    "h125/outcome_jam_final_state_mse": 0.011006278393704907,
    "h125/outcome_jam_state_mse": 0.003560376335592831,
    "h125/outcome_miss_episode_count": 3,
    "h125/outcome_miss_final_state_mse": 0.010782029187562419,
    "h125/outcome_miss_state_mse": 0.0042068468480328325,
    "h125/outcome_partial_episode_count": 3,
    "h125/outcome_partial_final_state_mse": 0.0016454132212922463,
    "h125/outcome_partial_state_mse": 0.0017463153764313343,
    "h125/outcome_success_episode_count": 3,
    "h125/outcome_success_final_state_mse": 0.007804255226468728,
    "h125/outcome_success_state_mse": 0.0026043503455866397,
    "h125/selected_mode": "periodic_10",
    "h125/selected_period": 10,
    "h125/state_mse": 0.0029319923151552288,
    "h20/episode_count": 15,
    "h20/final_state_mse": 0.0015059047275119359,
    "h20/outcome_drop_episode_count": 3,
    "h20/outcome_drop_final_state_mse": 0.0013774297401016834,
    "h20/outcome_drop_state_mse": 0.0015164891489190993,
    "h20/outcome_jam_episode_count": 3,
    "h20/outcome_jam_final_state_mse": 0.0014049105005326614,
    "h20/outcome_jam_state_mse": 0.0018498795873978559,
    "h20/outcome_miss_episode_count": 3,
    "h20/outcome_miss_final_state_mse": 0.00227097012833053,
    "h20/outcome_miss_state_mse": 0.006702812980203068,
    "h20/outcome_partial_episode_count": 3,
    "h20/outcome_partial_final_state_mse": 0.0012114949013088264,
    "h20/outcome_partial_state_mse": 0.0014395774969088485,
    "h20/outcome_success_episode_count": 3,
    "h20/outcome_success_final_state_mse": 0.001264718744684668,
    "h20/outcome_success_state_mse": 0.0014457970662833817,
    "h20/selected_mode": "periodic_10",
    "h20/selected_period": 10,
    "h20/state_mse": 0.002590911466311785,
    "h30/episode_count": 15,
    "h30/final_state_mse": 0.001387685576295541,
    "h30/outcome_drop_episode_count": 3,
    "h30/outcome_drop_final_state_mse": 0.0013882864047499264,
    "h30/outcome_drop_state_mse": 0.001562403879394199,
    "h30/outcome_jam_episode_count": 3,
    "h30/outcome_jam_final_state_mse": 0.001538139031408659,
    "h30/outcome_jam_state_mse": 0.001862123978683372,
    "h30/outcome_miss_episode_count": 3,
    "h30/outcome_miss_final_state_mse": 0.0013919841084215376,
    "h30/outcome_miss_state_mse": 0.005049145247681728,
    "h30/outcome_partial_episode_count": 3,
    "h30/outcome_partial_final_state_mse": 0.0012858086965637269,
    "h30/outcome_partial_state_mse": 0.001485472125425318,
    "h30/outcome_success_episode_count": 3,
    "h30/outcome_success_final_state_mse": 0.001334209189890257,
    "h30/outcome_success_state_mse": 0.0014916245713992315,
    "h30/selected_mode": "periodic_10",
    "h30/selected_period": 10,
    "h30/state_mse": 0.002290154085180079,
    "h40/episode_count": 15,
    "h40/final_state_mse": 0.0015504329033147275,
    "h40/outcome_drop_episode_count": 3,
    "h40/outcome_drop_final_state_mse": 0.0015279712776343028,
    "h40/outcome_drop_state_mse": 0.0017138873829561122,
    "h40/outcome_jam_episode_count": 3,
    "h40/outcome_jam_final_state_mse": 0.0016296735776016136,
    "h40/outcome_jam_state_mse": 0.0019356115581163394,
    "h40/outcome_miss_episode_count": 3,
    "h40/outcome_miss_final_state_mse": 0.001649797035782945,
    "h40/outcome_miss_state_mse": 0.004230445896098816,
    "h40/outcome_partial_episode_count": 3,
    "h40/outcome_partial_final_state_mse": 0.0014403517193654005,
    "h40/outcome_partial_state_mse": 0.001558406154314677,
    "h40/outcome_success_episode_count": 3,
    "h40/outcome_success_final_state_mse": 0.0015043709061893762,
    "h40/outcome_success_state_mse": 0.0015693848039589676,
    "h40/selected_mode": "periodic_10",
    "h40/selected_period": 10,
    "h40/state_mse": 0.002201547061695772,
    "h50/episode_count": 15,
    "h50/final_state_mse": 0.0017777650184880674,
    "h50/outcome_drop_episode_count": 3,
    "h50/outcome_drop_final_state_mse": 0.0015731991627831864,
    "h50/outcome_drop_state_mse": 0.0018017118117388557,
    "h50/outcome_jam_episode_count": 3,
    "h50/outcome_jam_final_state_mse": 0.0022790118370180816,
    "h50/outcome_jam_state_mse": 0.002081862586775636,
    "h50/outcome_miss_episode_count": 3,
    "h50/outcome_miss_final_state_mse": 0.0017303415738484438,
    "h50/outcome_miss_state_mse": 0.003767987793567134,
    "h50/outcome_partial_episode_count": 3,
    "h50/outcome_partial_final_state_mse": 0.001638473127207725,
    "h50/outcome_partial_state_mse": 0.0016666628956015592,
    "h50/outcome_success_episode_count": 3,
    "h50/outcome_success_final_state_mse": 0.0016677995863693213,
    "h50/outcome_success_state_mse": 0.0016857505935469483,
    "h50/selected_mode": "periodic_10",
    "h50/selected_period": 10,
    "h50/state_mse": 0.0022007950926138686,
    "h75/episode_count": 15,
    "h75/final_state_mse": 0.003579124749875536,
    "h75/outcome_drop_episode_count": 3,
    "h75/outcome_drop_final_state_mse": 0.002448026943050958,
    "h75/outcome_drop_state_mse": 0.0018534048034734457,
    "h75/outcome_jam_episode_count": 3,
    "h75/outcome_jam_final_state_mse": 0.003825470999954573,
    "h75/outcome_jam_state_mse": 0.0023068688170322926,
    "h75/outcome_miss_episode_count": 3,
    "h75/outcome_miss_final_state_mse": 0.004979885871114294,
    "h75/outcome_miss_state_mse": 0.0033143030636191106,
    "h75/outcome_partial_episode_count": 3,
    "h75/outcome_partial_final_state_mse": 0.003044665931097043,
    "h75/outcome_partial_state_mse": 0.0017828859275202866,
    "h75/outcome_success_episode_count": 3,
    "h75/outcome_success_final_state_mse": 0.003597574661564983,
    "h75/outcome_success_state_mse": 0.00182888537969984,
    "h75/selected_mode": "periodic_10",
    "h75/selected_period": 10,
    "h75/state_mse": 0.002217269598268995,
    "max_requested_horizon": 125,
    "periodic_reencode_periods": [
      10,
      20,
      50,
      100
    ],
    "rollout_mode": "best_periodic"
  },
  "checkpoint": "runs/maniskill_insertion/perturbation_e20_5k_lista_tuning_initial_20260603_185857_fullperiodic/lista_relu_a0p003_sp0/seed0/checkpoint.pt",
  "checkpoint_step": 2500,
  "dataset": "data/maniskill/perturbation_assessment_seed0_e20/all_setups.npz",
  "device": "cuda",
  "family_jaccard": 0.4,
  "horizons": [
    10,
    20,
    30,
    40,
    50,
    75,
    100,
    125
  ],
  "labels_used_for_training": false,
  "periodic_reencode_periods": [
    10,
    20,
    50,
    100
  ],
  "rollout": {
    "episode_count": 15,
    "h10/episode_count": 15,
    "h10/final_state_mse": 0.0020166175817352494,
    "h10/outcome_drop_episode_count": 3,
    "h10/outcome_drop_final_state_mse": 0.00141033085878768,
    "h10/outcome_drop_state_mse": 0.0015451241162867328,
    "h10/outcome_jam_episode_count": 3,
    "h10/outcome_jam_final_state_mse": 0.002205701191830479,
    "h10/outcome_jam_state_mse": 0.001941599487479216,
    "h10/outcome_miss_episode_count": 3,
    "h10/outcome_miss_final_state_mse": 0.0036816586271610136,
    "h10/outcome_miss_state_mse": 0.009892007416369869,
    "h10/outcome_partial_episode_count": 3,
    "h10/outcome_partial_final_state_mse": 0.0013945319269802056,
    "h10/outcome_partial_state_mse": 0.0014738617769253799,
    "h10/outcome_success_episode_count": 3,
    "h10/outcome_success_final_state_mse": 0.001390865997843493,
    "h10/outcome_success_state_mse": 0.0014720886361365225,
    "h10/state_mse": 0.0032649363100139142,
    "h100/episode_count": 15,
    "h100/final_state_mse": 50090.739869281046,
    "h100/outcome_drop_episode_count": 3,
    "h100/outcome_drop_final_state_mse": 49537.47712418301,
    "h100/outcome_drop_state_mse": 2288.1453267973857,
    "h100/outcome_jam_episode_count": 3,
    "h100/outcome_jam_final_state_mse": 46261.55841503268,
    "h100/outcome_jam_state_mse": 2100.568047385621,
    "h100/outcome_miss_episode_count": 3,
    "h100/outcome_miss_final_state_mse": 56420.922385620914,
    "h100/outcome_miss_state_mse": 2603.830816993464,
    "h100/outcome_partial_episode_count": 3,
    "h100/outcome_partial_final_state_mse": 49298.29350490196,
    "h100/outcome_partial_state_mse": 2290.3360784313727,
    "h100/outcome_success_episode_count": 3,
    "h100/outcome_success_final_state_mse": 48935.46262254902,
    "h100/outcome_success_state_mse": 2265.249248366013,
    "h100/state_mse": 2309.625516339869,
    "h125/episode_count": 15,
    "h125/final_state_mse": 27480259.43006536,
    "h125/outcome_drop_episode_count": 3,
    "h125/outcome_drop_final_state_mse": 29587700.07843137,
    "h125/outcome_drop_state_mse": 1035877.9783529412,
    "h125/outcome_jam_episode_count": 3,
    "h125/outcome_jam_final_state_mse": 28476667.816993464,
    "h125/outcome_jam_state_mse": 999900.3239738562,
    "h125/outcome_miss_episode_count": 3,
    "h125/outcome_miss_final_state_mse": 24826992.732026145,
    "h125/outcome_miss_state_mse": 911546.3512679739,
    "h125/outcome_partial_episode_count": 3,
    "h125/outcome_partial_final_state_mse": 26915478.16993464,
    "h125/outcome_partial_state_mse": 953056.5304052287,
    "h125/outcome_success_episode_count": 3,
    "h125/outcome_success_final_state_mse": 27594455.424836602,
    "h125/outcome_success_state_mse": 974170.3362091504,
    "h125/state_mse": 974910.2806169934,
    "h20/episode_count": 15,
    "h20/final_state_mse": 0.003747013191771663,
    "h20/outcome_drop_episode_count": 3,
    "h20/outcome_drop_final_state_mse": 0.003552374302172193,
    "h20/outcome_drop_state_mse": 0.001865290115082186,
    "h20/outcome_jam_episode_count": 3,
    "h20/outcome_jam_final_state_mse": 0.004034520364275165,
    "h20/outcome_jam_state_mse": 0.002232183740029927,
    "h20/outcome_miss_episode_count": 3,
    "h20/outcome_miss_final_state_mse": 0.0038628692136091344,
    "h20/outcome_miss_state_mse": 0.006420329037834616,
    "h20/outcome_partial_episode_count": 3,
    "h20/outcome_partial_final_state_mse": 0.0035767148133196863,
    "h20/outcome_partial_state_mse": 0.001801606019337972,
    "h20/outcome_success_episode_count": 3,
    "h20/outcome_success_final_state_mse": 0.003708587265482136,
    "h20/outcome_success_state_mse": 0.0018122191133062824,
    "h20/state_mse": 0.0028263256596583945,
    "h30/episode_count": 15,
    "h30/final_state_mse": 0.019268202937506383,
    "h30/outcome_drop_episode_count": 3,
    "h30/outcome_drop_final_state_mse": 0.01995377057518055,
    "h30/outcome_drop_state_mse": 0.004518196213998566,
    "h30/outcome_jam_episode_count": 3,
    "h30/outcome_jam_final_state_mse": 0.020690431392270756,
    "h30/outcome_jam_state_mse": 0.0049600908699118755,
    "h30/outcome_miss_episode_count": 3,
    "h30/outcome_miss_final_state_mse": 0.014858739048826928,
    "h30/outcome_miss_state_mse": 0.0069376366850077975,
    "h30/outcome_partial_episode_count": 3,
    "h30/outcome_partial_final_state_mse": 0.020464951695959552,
    "h30/outcome_partial_state_mse": 0.004436552031107718,
    "h30/outcome_success_episode_count": 3,
    "h30/outcome_success_final_state_mse": 0.020373122364866967,
    "h30/outcome_success_state_mse": 0.0044482987430880016,
    "h30/state_mse": 0.005060154867068355,
    "h40/episode_count": 15,
    "h40/final_state_mse": 0.1806041842192606,
    "h40/outcome_drop_episode_count": 3,
    "h40/outcome_drop_final_state_mse": 0.1505217489853404,
    "h40/outcome_drop_state_mse": 0.022337872685949788,
    "h40/outcome_jam_episode_count": 3,
    "h40/outcome_jam_final_state_mse": 0.16609342659220977,
    "h40/outcome_jam_state_mse": 0.023758982365427454,
    "h40/outcome_miss_episode_count": 3,
    "h40/outcome_miss_final_state_mse": 0.2509707368277257,
    "h40/outcome_miss_state_mse": 0.028780479680478963,
    "h40/outcome_partial_episode_count": 3,
    "h40/outcome_partial_final_state_mse": 0.16859894484476326,
    "h40/outcome_partial_state_mse": 0.023752327837975196,
    "h40/outcome_success_episode_count": 3,
    "h40/outcome_success_final_state_mse": 0.16683603034299962,
    "h40/outcome_success_state_mse": 0.023524690453523126,
    "h40/state_mse": 0.024430869108711194,
    "h50/episode_count": 15,
    "h50/final_state_mse": 0.932906964869281,
    "h50/outcome_drop_episode_count": 3,
    "h50/outcome_drop_final_state_mse": 0.7483257468229805,
    "h50/outcome_drop_state_mse": 0.10081762376174429,
    "h50/outcome_jam_episode_count": 3,
    "h50/outcome_jam_final_state_mse": 0.7595880265329399,
    "h50/outcome_jam_state_mse": 0.1050299032373366,
    "h50/outcome_miss_episode_count": 3,
    "h50/outcome_miss_final_state_mse": 1.7105995876337188,
    "h50/outcome_miss_state_mse": 0.20295947704439848,
    "h50/outcome_partial_episode_count": 3,
    "h50/outcome_partial_final_state_mse": 0.7262465283761617,
    "h50/outcome_partial_state_mse": 0.10465939989276961,
    "h50/outcome_success_episode_count": 3,
    "h50/outcome_success_final_state_mse": 0.7197751344418993,
    "h50/outcome_success_state_mse": 0.1037149721033433,
    "h50/state_mse": 0.12343627450980392,
    "h75/episode_count": 15,
    "h75/final_state_mse": 90.31433823529412,
    "h75/outcome_drop_episode_count": 3,
    "h75/outcome_drop_final_state_mse": 89.44239757263583,
    "h75/outcome_drop_state_mse": 5.8699122583061,
    "h75/outcome_jam_episode_count": 3,
    "h75/outcome_jam_final_state_mse": 83.8906800513174,
    "h75/outcome_jam_state_mse": 5.65007025292756,
    "h75/outcome_miss_episode_count": 3,
    "h75/outcome_miss_final_state_mse": 96.11703271803513,
    "h75/outcome_miss_state_mse": 6.606163364651416,
    "h75/outcome_partial_episode_count": 3,
    "h75/outcome_partial_final_state_mse": 91.52664044947406,
    "h75/outcome_partial_state_mse": 5.883026918232571,
    "h75/outcome_success_episode_count": 3,
    "h75/outcome_success_final_state_mse": 90.59493280547896,
    "h75/outcome_success_state_mse": 5.878624302151416,
    "h75/state_mse": 5.977559368191721,
    "max_requested_horizon": 125,
    "reencode_period": null,
    "rollout_mode": "no_reencode"
  },
  "rollout_modes": {
    "no_reencode": {
      "episode_count": 15,
      "h10/episode_count": 15,
      "h10/final_state_mse": 0.0020166175817352494,
      "h10/outcome_drop_episode_count": 3,
      "h10/outcome_drop_final_state_mse": 0.00141033085878768,
      "h10/outcome_drop_state_mse": 0.0015451241162867328,
      "h10/outcome_jam_episode_count": 3,
      "h10/outcome_jam_final_state_mse": 0.002205701191830479,
      "h10/outcome_jam_state_mse": 0.001941599487479216,
      "h10/outcome_miss_episode_count": 3,
      "h10/outcome_miss_final_state_mse": 0.0036816586271610136,
      "h10/outcome_miss_state_mse": 0.009892007416369869,
      "h10/outcome_partial_episode_count": 3,
      "h10/outcome_partial_final_state_mse": 0.0013945319269802056,
      "h10/outcome_partial_state_mse": 0.0014738617769253799,
      "h10/outcome_success_episode_count": 3,
      "h10/outcome_success_final_state_mse": 0.001390865997843493,
      "h10/outcome_success_state_mse": 0.0014720886361365225,
      "h10/state_mse": 0.0032649363100139142,
      "h100/episode_count": 15,
      "h100/final_state_mse": 50090.739869281046,
      "h100/outcome_drop_episode_count": 3,
      "h100/outcome_drop_final_state_mse": 49537.47712418301,
      "h100/outcome_drop_state_mse": 2288.1453267973857,
      "h100/outcome_jam_episode_count": 3,
      "h100/outcome_jam_final_state_mse": 46261.55841503268,
      "h100/outcome_jam_state_mse": 2100.568047385621,
      "h100/outcome_miss_episode_count": 3,
      "h100/outcome_miss_final_state_mse": 56420.922385620914,
      "h100/outcome_miss_state_mse": 2603.830816993464,
      "h100/outcome_partial_episode_count": 3,
      "h100/outcome_partial_final_state_mse": 49298.29350490196,
      "h100/outcome_partial_state_mse": 2290.3360784313727,
      "h100/outcome_success_episode_count": 3,
      "h100/outcome_success_final_state_mse": 48935.46262254902,
      "h100/outcome_success_state_mse": 2265.249248366013,
      "h100/state_mse": 2309.625516339869,
      "h125/episode_count": 15,
      "h125/final_state_mse": 27480259.43006536,
      "h125/outcome_drop_episode_count": 3,
      "h125/outcome_drop_final_state_mse": 29587700.07843137,
      "h125/outcome_drop_state_mse": 1035877.9783529412,
      "h125/outcome_jam_episode_count": 3,
      "h125/outcome_jam_final_state_mse": 28476667.816993464,
      "h125/outcome_jam_state_mse": 999900.3239738562,
      "h125/outcome_miss_episode_count": 3,
      "h125/outcome_miss_final_state_mse": 24826992.732026145,
      "h125/outcome_miss_state_mse": 911546.3512679739,
      "h125/outcome_partial_episode_count": 3,
      "h125/outcome_partial_final_state_mse": 26915478.16993464,
      "h125/outcome_partial_state_mse": 953056.5304052287,
      "h125/outcome_success_episode_count": 3,
      "h125/outcome_success_final_state_mse": 27594455.424836602,
      "h125/outcome_success_state_mse": 974170.3362091504,
      "h125/state_mse": 974910.2806169934,
      "h20/episode_count": 15,
      "h20/final_state_mse": 0.003747013191771663,
      "h20/outcome_drop_episode_count": 3,
      "h20/outcome_drop_final_state_mse": 0.003552374302172193,
      "h20/outcome_drop_state_mse": 0.001865290115082186,
      "h20/outcome_jam_episode_count": 3,
      "h20/outcome_jam_final_state_mse": 0.004034520364275165,
      "h20/outcome_jam_state_mse": 0.002232183740029927,
      "h20/outcome_miss_episode_count": 3,
      "h20/outcome_miss_final_state_mse": 0.0038628692136091344,
      "h20/outcome_miss_state_mse": 0.006420329037834616,
      "h20/outcome_partial_episode_count": 3,
      "h20/outcome_partial_final_state_mse": 0.0035767148133196863,
      "h20/outcome_partial_state_mse": 0.001801606019337972,
      "h20/outcome_success_episode_count": 3,
      "h20/outcome_success_final_state_mse": 0.003708587265482136,
      "h20/outcome_success_state_mse": 0.0018122191133062824,
      "h20/state_mse": 0.0028263256596583945,
      "h30/episode_count": 15,
      "h30/final_state_mse": 0.019268202937506383,
      "h30/outcome_drop_episode_count": 3,
      "h30/outcome_drop_final_state_mse": 0.01995377057518055,
      "h30/outcome_drop_state_mse": 0.004518196213998566,
      "h30/outcome_jam_episode_count": 3,
      "h30/outcome_jam_final_state_mse": 0.020690431392270756,
      "h30/outcome_jam_state_mse": 0.0049600908699118755,
      "h30/outcome_miss_episode_count": 3,
      "h30/outcome_miss_final_state_mse": 0.014858739048826928,
      "h30/outcome_miss_state_mse": 0.0069376366850077975,
      "h30/outcome_partial_episode_count": 3,
      "h30/outcome_partial_final_state_mse": 0.020464951695959552,
      "h30/outcome_partial_state_mse": 0.004436552031107718,
      "h30/outcome_success_episode_count": 3,
      "h30/outcome_success_final_state_mse": 0.020373122364866967,
      "h30/outcome_success_state_mse": 0.0044482987430880016,
      "h30/state_mse": 0.005060154867068355,
      "h40/episode_count": 15,
      "h40/final_state_mse": 0.1806041842192606,
      "h40/outcome_drop_episode_count": 3,
      "h40/outcome_drop_final_state_mse": 0.1505217489853404,
      "h40/outcome_drop_state_mse": 0.022337872685949788,
      "h40/outcome_jam_episode_count": 3,
      "h40/outcome_jam_final_state_mse": 0.16609342659220977,
      "h40/outcome_jam_state_mse": 0.023758982365427454,
      "h40/outcome_miss_episode_count": 3,
      "h40/outcome_miss_final_state_mse": 0.2509707368277257,
      "h40/outcome_miss_state_mse": 0.028780479680478963,
      "h40/outcome_partial_episode_count": 3,
      "h40/outcome_partial_final_state_mse": 0.16859894484476326,
      "h40/outcome_partial_state_mse": 0.023752327837975196,
      "h40/outcome_success_episode_count": 3,
      "h40/outcome_success_final_state_mse": 0.16683603034299962,
      "h40/outcome_success_state_mse": 0.023524690453523126,
      "h40/state_mse": 0.024430869108711194,
      "h50/episode_count": 15,
      "h50/final_state_mse": 0.932906964869281,
      "h50/outcome_drop_episode_count": 3,
      "h50/outcome_drop_final_state_mse": 0.7483257468229805,
      "h50/outcome_drop_state_mse": 0.10081762376174429,
      "h50/outcome_jam_episode_count": 3,
      "h50/outcome_jam_final_state_mse": 0.7595880265329399,
      "h50/outcome_jam_state_mse": 0.1050299032373366,
      "h50/outcome_miss_episode_count": 3,
      "h50/outcome_miss_final_state_mse": 1.7105995876337188,
      "h50/outcome_miss_state_mse": 0.20295947704439848,
      "h50/outcome_partial_episode_count": 3,
      "h50/outcome_partial_final_state_mse": 0.7262465283761617,
      "h50/outcome_partial_state_mse": 0.10465939989276961,
      "h50/outcome_success_episode_count": 3,
      "h50/outcome_success_final_state_mse": 0.7197751344418993,
      "h50/outcome_success_state_mse": 0.1037149721033433,
      "h50/state_mse": 0.12343627450980392,
      "h75/episode_count": 15,
      "h75/final_state_mse": 90.31433823529412,
      "h75/outcome_drop_episode_count": 3,
      "h75/outcome_drop_final_state_mse": 89.44239757263583,
      "h75/outcome_drop_state_mse": 5.8699122583061,
      "h75/outcome_jam_episode_count": 3,
      "h75/outcome_jam_final_state_mse": 83.8906800513174,
      "h75/outcome_jam_state_mse": 5.65007025292756,
      "h75/outcome_miss_episode_count": 3,
      "h75/outcome_miss_final_state_mse": 96.11703271803513,
      "h75/outcome_miss_state_mse": 6.606163364651416,
      "h75/outcome_partial_episode_count": 3,
      "h75/outcome_partial_final_state_mse": 91.52664044947406,
      "h75/outcome_partial_state_mse": 5.883026918232571,
      "h75/outcome_success_episode_count": 3,
      "h75/outcome_success_final_state_mse": 90.59493280547896,
      "h75/outcome_success_state_mse": 5.878624302151416,
      "h75/state_mse": 5.977559368191721,
      "max_requested_horizon": 125,
      "reencode_period": null,
      "rollout_mode": "no_reencode"
    },
    "periodic_10": {
      "episode_count": 15,
      "h10/episode_count": 15,
      "h10/final_state_mse": 0.0020166175817352494,
      "h10/outcome_drop_episode_count": 3,
      "h10/outcome_drop_final_state_mse": 0.0014103305422597462,
      "h10/outcome_drop_state_mse": 0.0015451240383721645,
      "h10/outcome_jam_episode_count": 3,
      "h10/outcome_jam_final_state_mse": 0.0022057016300999262,
      "h10/outcome_jam_state_mse": 0.001941599721222921,
      "h10/outcome_miss_episode_count": 3,
      "h10/outcome_miss_final_state_mse": 0.0036816588219474346,
      "h10/outcome_miss_state_mse": 0.009892006637224185,
      "h10/outcome_partial_episode_count": 3,
      "h10/outcome_partial_final_state_mse": 0.0013945314643624561,
      "h10/outcome_partial_state_mse": 0.001473861328916612,
      "h10/outcome_success_episode_count": 3,
      "h10/outcome_success_final_state_mse": 0.0013908656813155591,
      "h10/outcome_success_state_mse": 0.0014720885582219542,
      "h10/state_mse": 0.003264936060687296,
      "h100/episode_count": 15,
      "h100/final_state_mse": 0.003307522667778863,
      "h100/outcome_drop_episode_count": 3,
      "h100/outcome_drop_final_state_mse": 0.0024296389588343553,
      "h100/outcome_drop_state_mse": 0.0020788386912127727,
      "h100/outcome_jam_episode_count": 3,
      "h100/outcome_jam_final_state_mse": 0.004109948703081779,
      "h100/outcome_jam_state_mse": 0.0026359339944677417,
      "h100/outcome_miss_episode_count": 3,
      "h100/outcome_miss_final_state_mse": 0.005244147446420457,
      "h100/outcome_miss_state_mse": 0.003456411174699372,
      "h100/outcome_partial_episode_count": 3,
      "h100/outcome_partial_final_state_mse": 0.001708684257822099,
      "h100/outcome_partial_state_mse": 0.0017609844955743528,
      "h100/outcome_success_episode_count": 3,
      "h100/outcome_success_final_state_mse": 0.0030451939727356232,
      "h100/outcome_success_state_mse": 0.0021048493790470696,
      "h100/state_mse": 0.002407403484668607,
      "h125/episode_count": 15,
      "h125/final_state_mse": 0.007386501785976435,
      "h125/outcome_drop_episode_count": 3,
      "h125/outcome_drop_final_state_mse": 0.0056945326086742425,
      "h125/outcome_drop_state_mse": 0.002542072869593801,
      "h125/outcome_jam_episode_count": 3,
      "h125/outcome_jam_final_state_mse": 0.011006278393704907,
      "h125/outcome_jam_state_mse": 0.003560376335592831,
      "h125/outcome_miss_episode_count": 3,
      "h125/outcome_miss_final_state_mse": 0.010782029187562419,
      "h125/outcome_miss_state_mse": 0.0042068468480328325,
      "h125/outcome_partial_episode_count": 3,
      "h125/outcome_partial_final_state_mse": 0.0016454132212922463,
      "h125/outcome_partial_state_mse": 0.0017463153764313343,
      "h125/outcome_success_episode_count": 3,
      "h125/outcome_success_final_state_mse": 0.007804255226468728,
      "h125/outcome_success_state_mse": 0.0026043503455866397,
      "h125/state_mse": 0.0029319923151552288,
      "h20/episode_count": 15,
      "h20/final_state_mse": 0.0015059047275119359,
      "h20/outcome_drop_episode_count": 3,
      "h20/outcome_drop_final_state_mse": 0.0013774297401016834,
      "h20/outcome_drop_state_mse": 0.0015164891489190993,
      "h20/outcome_jam_episode_count": 3,
      "h20/outcome_jam_final_state_mse": 0.0014049105005326614,
      "h20/outcome_jam_state_mse": 0.0018498795873978559,
      "h20/outcome_miss_episode_count": 3,
      "h20/outcome_miss_final_state_mse": 0.00227097012833053,
      "h20/outcome_miss_state_mse": 0.006702812980203068,
      "h20/outcome_partial_episode_count": 3,
      "h20/outcome_partial_final_state_mse": 0.0012114949013088264,
      "h20/outcome_partial_state_mse": 0.0014395774969088485,
      "h20/outcome_success_episode_count": 3,
      "h20/outcome_success_final_state_mse": 0.001264718744684668,
      "h20/outcome_success_state_mse": 0.0014457970662833817,
      "h20/state_mse": 0.002590911466311785,
      "h30/episode_count": 15,
      "h30/final_state_mse": 0.001387685576295541,
      "h30/outcome_drop_episode_count": 3,
      "h30/outcome_drop_final_state_mse": 0.0013882864047499264,
      "h30/outcome_drop_state_mse": 0.001562403879394199,
      "h30/outcome_jam_episode_count": 3,
      "h30/outcome_jam_final_state_mse": 0.001538139031408659,
      "h30/outcome_jam_state_mse": 0.001862123978683372,
      "h30/outcome_miss_episode_count": 3,
      "h30/outcome_miss_final_state_mse": 0.0013919841084215376,
      "h30/outcome_miss_state_mse": 0.005049145247681728,
      "h30/outcome_partial_episode_count": 3,
      "h30/outcome_partial_final_state_mse": 0.0012858086965637269,
      "h30/outcome_partial_state_mse": 0.001485472125425318,
      "h30/outcome_success_episode_count": 3,
      "h30/outcome_success_final_state_mse": 0.001334209189890257,
      "h30/outcome_success_state_mse": 0.0014916245713992315,
      "h30/state_mse": 0.002290154085180079,
      "h40/episode_count": 15,
      "h40/final_state_mse": 0.0015504329033147275,
      "h40/outcome_drop_episode_count": 3,
      "h40/outcome_drop_final_state_mse": 0.0015279712776343028,
      "h40/outcome_drop_state_mse": 0.0017138873829561122,
      "h40/outcome_jam_episode_count": 3,
      "h40/outcome_jam_final_state_mse": 0.0016296735776016136,
      "h40/outcome_jam_state_mse": 0.0019356115581163394,
      "h40/outcome_miss_episode_count": 3,
      "h40/outcome_miss_final_state_mse": 0.001649797035782945,
      "h40/outcome_miss_state_mse": 0.004230445896098816,
      "h40/outcome_partial_episode_count": 3,
      "h40/outcome_partial_final_state_mse": 0.0014403517193654005,
      "h40/outcome_partial_state_mse": 0.001558406154314677,
      "h40/outcome_success_episode_count": 3,
      "h40/outcome_success_final_state_mse": 0.0015043709061893762,
      "h40/outcome_success_state_mse": 0.0015693848039589676,
      "h40/state_mse": 0.002201547061695772,
      "h50/episode_count": 15,
      "h50/final_state_mse": 0.0017777650184880674,
      "h50/outcome_drop_episode_count": 3,
      "h50/outcome_drop_final_state_mse": 0.0015731991627831864,
      "h50/outcome_drop_state_mse": 0.0018017118117388557,
      "h50/outcome_jam_episode_count": 3,
      "h50/outcome_jam_final_state_mse": 0.0022790118370180816,
      "h50/outcome_jam_state_mse": 0.002081862586775636,
      "h50/outcome_miss_episode_count": 3,
      "h50/outcome_miss_final_state_mse": 0.0017303415738484438,
      "h50/outcome_miss_state_mse": 0.003767987793567134,
      "h50/outcome_partial_episode_count": 3,
      "h50/outcome_partial_final_state_mse": 0.001638473127207725,
      "h50/outcome_partial_state_mse": 0.0016666628956015592,
      "h50/outcome_success_episode_count": 3,
      "h50/outcome_success_final_state_mse": 0.0016677995863693213,
      "h50/outcome_success_state_mse": 0.0016857505935469483,
      "h50/state_mse": 0.0022007950926138686,
      "h75/episode_count": 15,
      "h75/final_state_mse": 0.003579124749875536,
      "h75/outcome_drop_episode_count": 3,
      "h75/outcome_drop_final_state_mse": 0.002448026943050958,
      "h75/outcome_drop_state_mse": 0.0018534048034734457,
      "h75/outcome_jam_episode_count": 3,
      "h75/outcome_jam_final_state_mse": 0.003825470999954573,
      "h75/outcome_jam_state_mse": 0.0023068688170322926,
      "h75/outcome_miss_episode_count": 3,
      "h75/outcome_miss_final_state_mse": 0.004979885871114294,
      "h75/outcome_miss_state_mse": 0.0033143030636191106,
      "h75/outcome_partial_episode_count": 3,
      "h75/outcome_partial_final_state_mse": 0.003044665931097043,
      "h75/outcome_partial_state_mse": 0.0017828859275202866,
      "h75/outcome_success_episode_count": 3,
      "h75/outcome_success_final_state_mse": 0.003597574661564983,
      "h75/outcome_success_state_mse": 0.00182888537969984,
      "h75/state_mse": 0.002217269598268995,
      "max_requested_horizon": 125,
      "reencode_period": 10,
      "rollout_mode": "periodic_10"
    },
    "periodic_100": {
      "episode_count": 15,
      "h10/episode_count": 15,
      "h10/final_state_mse": 0.0020166175817352494,
      "h10/outcome_drop_episode_count": 3,
      "h10/outcome_drop_final_state_mse": 0.0014103305422597462,
      "h10/outcome_drop_state_mse": 0.0015451240383721645,
      "h10/outcome_jam_episode_count": 3,
      "h10/outcome_jam_final_state_mse": 0.0022057016300999262,
      "h10/outcome_jam_state_mse": 0.001941599721222921,
      "h10/outcome_miss_episode_count": 3,
      "h10/outcome_miss_final_state_mse": 0.0036816588219474346,
      "h10/outcome_miss_state_mse": 0.009892006637224185,
      "h10/outcome_partial_episode_count": 3,
      "h10/outcome_partial_final_state_mse": 0.0013945314643624561,
      "h10/outcome_partial_state_mse": 0.001473861328916612,
      "h10/outcome_success_episode_count": 3,
      "h10/outcome_success_final_state_mse": 0.0013908656813155591,
      "h10/outcome_success_state_mse": 0.0014720885582219542,
      "h10/state_mse": 0.003264936060687296,
      "h100/episode_count": 15,
      "h100/final_state_mse": 50090.739869281046,
      "h100/outcome_drop_episode_count": 3,
      "h100/outcome_drop_final_state_mse": 49537.45465686275,
      "h100/outcome_drop_state_mse": 2288.1453267973857,
      "h100/outcome_jam_episode_count": 3,
      "h100/outcome_jam_final_state_mse": 46261.55330882353,
      "h100/outcome_jam_state_mse": 2100.567883986928,
      "h100/outcome_miss_episode_count": 3,
      "h100/outcome_miss_final_state_mse": 56420.910130718956,
      "h100/outcome_miss_state_mse": 2603.8306535947713,
      "h100/outcome_partial_episode_count": 3,
      "h100/outcome_partial_final_state_mse": 49298.299632352944,
      "h100/outcome_partial_state_mse": 2290.3364215686274,
      "h100/outcome_success_episode_count": 3,
      "h100/outcome_success_final_state_mse": 48935.467116013075,
      "h100/outcome_success_state_mse": 2265.2492810457516,
      "h100/state_mse": 2309.625516339869,
      "h125/episode_count": 15,
      "h125/final_state_mse": 14366.42614379085,
      "h125/outcome_drop_episode_count": 3,
      "h125/outcome_drop_final_state_mse": 13538.37734885621,
      "h125/outcome_drop_state_mse": 3098.8863790849673,
      "h125/outcome_jam_episode_count": 3,
      "h125/outcome_jam_final_state_mse": 13635.685763888889,
      "h125/outcome_jam_state_mse": 2874.589516339869,
      "h125/outcome_miss_episode_count": 3,
      "h125/outcome_miss_final_state_mse": 18129.85191993464,
      "h125/outcome_miss_state_mse": 3795.553254901961,
      "h125/outcome_partial_episode_count": 3,
      "h125/outcome_partial_final_state_mse": 13281.073223039215,
      "h125/outcome_partial_state_mse": 3076.1635032679737,
      "h125/outcome_success_episode_count": 3,
      "h125/outcome_success_final_state_mse": 13247.14297385621,
      "h125/outcome_success_state_mse": 3046.8185620915033,
      "h125/state_mse": 3178.401966013072,
      "h20/episode_count": 15,
      "h20/final_state_mse": 0.0037470135034299366,
      "h20/outcome_drop_episode_count": 3,
      "h20/outcome_drop_final_state_mse": 0.0035523736204197205,
      "h20/outcome_drop_state_mse": 0.0018652900371676176,
      "h20/outcome_jam_episode_count": 3,
      "h20/outcome_jam_final_state_mse": 0.004034520753848007,
      "h20/outcome_jam_state_mse": 0.002232183701072643,
      "h20/outcome_miss_episode_count": 3,
      "h20/outcome_miss_final_state_mse": 0.003862867655317768,
      "h20/outcome_miss_state_mse": 0.0064203286482617744,
      "h20/outcome_partial_episode_count": 3,
      "h20/outcome_partial_final_state_mse": 0.003576716858577105,
      "h20/outcome_partial_state_mse": 0.0018016058635088354,
      "h20/outcome_success_episode_count": 3,
      "h20/outcome_success_final_state_mse": 0.0037085885315938714,
      "h20/outcome_success_state_mse": 0.001812219230178135,
      "h20/state_mse": 0.0028263256596583945,
      "h30/episode_count": 15,
      "h30/final_state_mse": 0.019268201690873288,
      "h30/outcome_drop_episode_count": 3,
      "h30/outcome_drop_final_state_mse": 0.019953768237743502,
      "h30/outcome_drop_state_mse": 0.004518195902340293,
      "h30/outcome_jam_episode_count": 3,
      "h30/outcome_jam_final_state_mse": 0.020690438794154747,
      "h30/outcome_jam_state_mse": 0.0049600908699118755,
      "h30/outcome_miss_episode_count": 3,
      "h30/outcome_miss_final_state_mse": 0.014858736321817036,
      "h30/outcome_miss_state_mse": 0.00693763689277998,
      "h30/outcome_partial_episode_count": 3,
      "h30/outcome_partial_final_state_mse": 0.020464947021085454,
      "h30/outcome_partial_state_mse": 0.004436551927221626,
      "h30/outcome_success_episode_count": 3,
      "h30/outcome_success_final_state_mse": 0.020373122364866967,
      "h30/outcome_success_state_mse": 0.004448299158632366,
      "h30/state_mse": 0.005060154534632864,
      "h40/episode_count": 15,
      "h40/final_state_mse": 0.1806041842192606,
      "h40/outcome_drop_episode_count": 3,
      "h40/outcome_drop_final_state_mse": 0.15052169444514255,
      "h40/outcome_drop_state_mse": 0.022337870816000145,
      "h40/outcome_jam_episode_count": 3,
      "h40/outcome_jam_final_state_mse": 0.16609344996658026,
      "h40/outcome_jam_state_mse": 0.02375898111879436,
      "h40/outcome_miss_episode_count": 3,
      "h40/outcome_miss_final_state_mse": 0.2509708116257113,
      "h40/outcome_miss_state_mse": 0.02878048357620738,
      "h40/outcome_partial_episode_count": 3,
      "h40/outcome_partial_final_state_mse": 0.1685989339367237,
      "h40/outcome_partial_state_mse": 0.023752329084608288,
      "h40/outcome_success_episode_count": 3,
      "h40/outcome_success_final_state_mse": 0.1668360030729007,
      "h40/outcome_success_state_mse": 0.02352468920689003,
      "h40/state_mse": 0.02443087110332414,
      "h50/episode_count": 15,
      "h50/final_state_mse": 0.932906964869281,
      "h50/outcome_drop_episode_count": 3,
      "h50/outcome_drop_final_state_mse": 0.7483258153878006,
      "h50/outcome_drop_state_mse": 0.10081761927386515,
      "h50/outcome_jam_episode_count": 3,
      "h50/outcome_jam_final_state_mse": 0.7595882104113211,
      "h50/outcome_jam_state_mse": 0.10502990423464308,
      "h50/outcome_miss_episode_count": 3,
      "h50/outcome_miss_final_state_mse": 1.7105993009081073,
      "h50/outcome_miss_state_mse": 0.20295944612789776,
      "h50/outcome_partial_episode_count": 3,
      "h50/outcome_partial_final_state_mse": 0.7262466468063056,
      "h50/outcome_partial_state_mse": 0.10465940737256817,
      "h50/outcome_success_episode_count": 3,
      "h50/outcome_success_final_state_mse": 0.7197748539494533,
      "h50/outcome_success_state_mse": 0.1037149696100771,
      "h50/state_mse": 0.12343627450980392,
      "h75/episode_count": 15,
      "h75/final_state_mse": 90.31434844771242,
      "h75/outcome_drop_episode_count": 3,
      "h75/outcome_drop_final_state_mse": 89.44241193384906,
      "h75/outcome_drop_state_mse": 5.86991327954793,
      "h75/outcome_jam_episode_count": 3,
      "h75/outcome_jam_final_state_mse": 83.89072871987337,
      "h75/outcome_jam_state_mse": 5.650070891203704,
      "h75/outcome_miss_episode_count": 3,
      "h75/outcome_miss_final_state_mse": 96.11701197406046,
      "h75/outcome_miss_state_mse": 6.60616327954793,
      "h75/outcome_partial_episode_count": 3,
      "h75/outcome_partial_final_state_mse": 91.52666398590686,
      "h75/outcome_partial_state_mse": 5.883027939474401,
      "h75/outcome_success_episode_count": 3,
      "h75/outcome_success_final_state_mse": 90.59492881625306,
      "h75/outcome_success_state_mse": 5.878624046840959,
      "h75/state_mse": 5.977559912854031,
      "max_requested_horizon": 125,
      "reencode_period": 100,
      "rollout_mode": "periodic_100"
    },
    "periodic_20": {
      "episode_count": 15,
      "h10/episode_count": 15,
      "h10/final_state_mse": 0.0020166175817352494,
      "h10/outcome_drop_episode_count": 3,
      "h10/outcome_drop_final_state_mse": 0.0014103305422597462,
      "h10/outcome_drop_state_mse": 0.0015451240383721645,
      "h10/outcome_jam_episode_count": 3,
      "h10/outcome_jam_final_state_mse": 0.0022057016300999262,
      "h10/outcome_jam_state_mse": 0.001941599721222921,
      "h10/outcome_miss_episode_count": 3,
      "h10/outcome_miss_final_state_mse": 0.0036816588219474346,
      "h10/outcome_miss_state_mse": 0.009892006637224185,
      "h10/outcome_partial_episode_count": 3,
      "h10/outcome_partial_final_state_mse": 0.0013945314643624561,
      "h10/outcome_partial_state_mse": 0.001473861328916612,
      "h10/outcome_success_episode_count": 3,
      "h10/outcome_success_final_state_mse": 0.0013908656813155591,
      "h10/outcome_success_state_mse": 0.0014720885582219542,
      "h10/state_mse": 0.003264936060687296,
      "h100/episode_count": 15,
      "h100/final_state_mse": 0.003984829958747415,
      "h100/outcome_drop_episode_count": 3,
      "h100/outcome_drop_final_state_mse": 0.004762108516848944,
      "h100/outcome_drop_state_mse": 0.002639869178821838,
      "h100/outcome_jam_episode_count": 3,
      "h100/outcome_jam_final_state_mse": 0.0035102670294007445,
      "h100/outcome_jam_state_mse": 0.0028630933574601714,
      "h100/outcome_miss_episode_count": 3,
      "h100/outcome_miss_final_state_mse": 0.005473412329854529,
      "h100/outcome_miss_state_mse": 0.003999620948741639,
      "h100/outcome_partial_episode_count": 3,
      "h100/outcome_partial_final_state_mse": 0.0030691568173614203,
      "h100/outcome_partial_state_mse": 0.002258441214467965,
      "h100/outcome_success_episode_count": 3,
      "h100/outcome_success_final_state_mse": 0.0031092038828563068,
      "h100/outcome_success_state_mse": 0.002326596702625549,
      "h100/state_mse": 0.0028175242305581087,
      "h125/episode_count": 15,
      "h125/final_state_mse": 0.0042335672316208385,
      "h125/outcome_drop_episode_count": 3,
      "h125/outcome_drop_final_state_mse": 0.004598476479645648,
      "h125/outcome_drop_state_mse": 0.0032517442890242034,
      "h125/outcome_jam_episode_count": 3,
      "h125/outcome_jam_final_state_mse": 0.005719140805060568,
      "h125/outcome_jam_state_mse": 0.003276242823382608,
      "h125/outcome_miss_episode_count": 3,
      "h125/outcome_miss_final_state_mse": 0.003466969416811575,
      "h125/outcome_miss_state_mse": 0.004124844918843188,
      "h125/outcome_partial_episode_count": 3,
      "h125/outcome_partial_final_state_mse": 0.002708134454449797,
      "h125/outcome_partial_state_mse": 0.00237492066426994,
      "h125/outcome_success_episode_count": 3,
      "h125/outcome_success_final_state_mse": 0.00467511412559771,
      "h125/outcome_success_state_mse": 0.002683737511728324,
      "h125/state_mse": 0.003142297921772876,
      "h20/episode_count": 15,
      "h20/final_state_mse": 0.0037470135034299366,
      "h20/outcome_drop_episode_count": 3,
      "h20/outcome_drop_final_state_mse": 0.0035523736204197205,
      "h20/outcome_drop_state_mse": 0.0018652900371676176,
      "h20/outcome_jam_episode_count": 3,
      "h20/outcome_jam_final_state_mse": 0.004034520753848007,
      "h20/outcome_jam_state_mse": 0.002232183701072643,
      "h20/outcome_miss_episode_count": 3,
      "h20/outcome_miss_final_state_mse": 0.003862867655317768,
      "h20/outcome_miss_state_mse": 0.0064203286482617744,
      "h20/outcome_partial_episode_count": 3,
      "h20/outcome_partial_final_state_mse": 0.003576716858577105,
      "h20/outcome_partial_state_mse": 0.0018016058635088354,
      "h20/outcome_success_episode_count": 3,
      "h20/outcome_success_final_state_mse": 0.0037085885315938714,
      "h20/outcome_success_state_mse": 0.001812219230178135,
      "h20/state_mse": 0.0028263256596583945,
      "h30/episode_count": 15,
      "h30/final_state_mse": 0.0017570062400468814,
      "h30/outcome_drop_episode_count": 3,
      "h30/outcome_drop_final_state_mse": 0.001778111981800179,
      "h30/outcome_drop_state_mse": 0.0020290195552352206,
      "h30/outcome_jam_episode_count": 3,
      "h30/outcome_jam_final_state_mse": 0.0019246042261715807,
      "h30/outcome_jam_state_mse": 0.002368241145979605,
      "h30/outcome_miss_episode_count": 3,
      "h30/outcome_miss_final_state_mse": 0.0017139656481400035,
      "h30/outcome_miss_state_mse": 0.005039827184739456,
      "h30/outcome_partial_episode_count": 3,
      "h30/outcome_partial_final_state_mse": 0.0016487580693625157,
      "h30/outcome_partial_state_mse": 0.001954404201382905,
      "h30/outcome_success_episode_count": 3,
      "h30/outcome_success_final_state_mse": 0.0017195914208499436,
      "h30/outcome_success_state_mse": 0.001964043687891077,
      "h30/state_mse": 0.0026711068745532067,
      "h40/episode_count": 15,
      "h40/final_state_mse": 0.003154212041617998,
      "h40/outcome_drop_episode_count": 3,
      "h40/outcome_drop_final_state_mse": 0.0032202592667411357,
      "h40/outcome_drop_state_mse": 0.0021182470461901495,
      "h40/outcome_jam_episode_count": 3,
      "h40/outcome_jam_final_state_mse": 0.003038277666942746,
      "h40/outcome_jam_state_mse": 0.002414689850963019,
      "h40/outcome_miss_episode_count": 3,
      "h40/outcome_miss_final_state_mse": 0.004117687884109472,
      "h40/outcome_miss_state_mse": 0.0044034953210868085,
      "h40/outcome_partial_episode_count": 3,
      "h40/outcome_partial_final_state_mse": 0.002663963614336026,
      "h40/outcome_partial_state_mse": 0.001955622006085963,
      "h40/outcome_success_episode_count": 3,
      "h40/outcome_success_final_state_mse": 0.002730871629870795,
      "h40/outcome_success_state_mse": 0.001973796903697494,
      "h40/state_mse": 0.002573170132107205,
      "h50/episode_count": 15,
      "h50/final_state_mse": 0.002097362474678389,
      "h50/outcome_drop_episode_count": 3,
      "h50/outcome_drop_final_state_mse": 0.0019128679060468486,
      "h50/outcome_drop_state_mse": 0.002255740633197859,
      "h50/outcome_jam_episode_count": 3,
      "h50/outcome_jam_final_state_mse": 0.002614325557658875,
      "h50/outcome_jam_state_mse": 0.0025705165489047182,
      "h50/outcome_miss_episode_count": 3,
      "h50/outcome_miss_final_state_mse": 0.0018813227808553408,
      "h50/outcome_miss_state_mse": 0.00400480307784735,
      "h50/outcome_partial_episode_count": 3,
      "h50/outcome_partial_final_state_mse": 0.002030580456739937,
      "h50/outcome_partial_state_mse": 0.002103537235384673,
      "h50/outcome_success_episode_count": 3,
      "h50/outcome_success_final_state_mse": 0.0020477165973264407,
      "h50/outcome_success_state_mse": 0.0021287314720403135,
      "h50/state_mse": 0.0026126659119051266,
      "h75/episode_count": 15,
      "h75/final_state_mse": 0.003835266088348588,
      "h75/outcome_drop_episode_count": 3,
      "h75/outcome_drop_final_state_mse": 0.002611881377650242,
      "h75/outcome_drop_state_mse": 0.002235975286280148,
      "h75/outcome_jam_episode_count": 3,
      "h75/outcome_jam_final_state_mse": 0.004071813003689635,
      "h75/outcome_jam_state_mse": 0.0028045985901277827,
      "h75/outcome_miss_episode_count": 3,
      "h75/outcome_miss_final_state_mse": 0.004788602927541421,
      "h75/outcome_miss_state_mse": 0.003715257166777301,
      "h75/outcome_partial_episode_count": 3,
      "h75/outcome_partial_final_state_mse": 0.003927956657861572,
      "h75/outcome_partial_state_mse": 0.002203385596181832,
      "h75/outcome_success_episode_count": 3,
      "h75/outcome_success_final_state_mse": 0.0037760768645729113,
      "h75/outcome_success_state_mse": 0.0022242301325912307,
      "h75/state_mse": 0.00263668922972835,
      "max_requested_horizon": 125,
      "reencode_period": 20,
      "rollout_mode": "periodic_20"
    },
    "periodic_50": {
      "episode_count": 15,
      "h10/episode_count": 15,
      "h10/final_state_mse": 0.0020166175817352494,
      "h10/outcome_drop_episode_count": 3,
      "h10/outcome_drop_final_state_mse": 0.0014103305422597462,
      "h10/outcome_drop_state_mse": 0.0015451240383721645,
      "h10/outcome_jam_episode_count": 3,
      "h10/outcome_jam_final_state_mse": 0.0022057016300999262,
      "h10/outcome_jam_state_mse": 0.001941599721222921,
      "h10/outcome_miss_episode_count": 3,
      "h10/outcome_miss_final_state_mse": 0.0036816588219474346,
      "h10/outcome_miss_state_mse": 0.009892006637224185,
      "h10/outcome_partial_episode_count": 3,
      "h10/outcome_partial_final_state_mse": 0.0013945314643624561,
      "h10/outcome_partial_state_mse": 0.001473861328916612,
      "h10/outcome_success_episode_count": 3,
      "h10/outcome_success_final_state_mse": 0.0013908656813155591,
      "h10/outcome_success_state_mse": 0.0014720885582219542,
      "h10/state_mse": 0.003264936060687296,
      "h100/episode_count": 15,
      "h100/final_state_mse": 24.994909109477124,
      "h100/outcome_drop_episode_count": 3,
      "h100/outcome_drop_final_state_mse": 30.189163108277164,
      "h100/outcome_drop_state_mse": 1.6201086984272877,
      "h100/outcome_jam_episode_count": 3,
      "h100/outcome_jam_final_state_mse": 28.54278005961499,
      "h100/outcome_jam_state_mse": 1.4956470205269607,
      "h100/outcome_miss_episode_count": 3,
      "h100/outcome_miss_final_state_mse": 12.459293141084558,
      "h100/outcome_miss_state_mse": 1.0753853273080065,
      "h100/outcome_partial_episode_count": 3,
      "h100/outcome_partial_final_state_mse": 25.952250162760418,
      "h100/outcome_partial_state_mse": 1.3973443882761438,
      "h100/outcome_success_episode_count": 3,
      "h100/outcome_success_final_state_mse": 27.83105029935151,
      "h100/outcome_success_state_mse": 1.4916551776960785,
      "h100/state_mse": 1.4160281862745099,
      "h125/episode_count": 15,
      "h125/final_state_mse": 8.212011080473856,
      "h125/outcome_drop_episode_count": 3,
      "h125/outcome_drop_final_state_mse": 7.294985004499847,
      "h125/outcome_drop_state_mse": 2.3591239276960785,
      "h125/outcome_jam_episode_count": 3,
      "h125/outcome_jam_final_state_mse": 6.3755911035475386,
      "h125/outcome_jam_state_mse": 2.1056254595588237,
      "h125/outcome_miss_episode_count": 3,
      "h125/outcome_miss_final_state_mse": 18.22598937290167,
      "h125/outcome_miss_state_mse": 2.4858046109068628,
      "h125/outcome_partial_episode_count": 3,
      "h125/outcome_partial_final_state_mse": 4.089903787849775,
      "h125/outcome_partial_state_mse": 1.6457552593954248,
      "h125/outcome_success_episode_count": 3,
      "h125/outcome_success_final_state_mse": 5.073588651769302,
      "h125/outcome_success_state_mse": 1.9145267565359476,
      "h125/state_mse": 2.102167156862745,
      "h20/episode_count": 15,
      "h20/final_state_mse": 0.0037470135034299366,
      "h20/outcome_drop_episode_count": 3,
      "h20/outcome_drop_final_state_mse": 0.0035523736204197205,
      "h20/outcome_drop_state_mse": 0.0018652900371676176,
      "h20/outcome_jam_episode_count": 3,
      "h20/outcome_jam_final_state_mse": 0.004034520753848007,
      "h20/outcome_jam_state_mse": 0.002232183701072643,
      "h20/outcome_miss_episode_count": 3,
      "h20/outcome_miss_final_state_mse": 0.003862867655317768,
      "h20/outcome_miss_state_mse": 0.0064203286482617744,
      "h20/outcome_partial_episode_count": 3,
      "h20/outcome_partial_final_state_mse": 0.003576716858577105,
      "h20/outcome_partial_state_mse": 0.0018016058635088354,
      "h20/outcome_success_episode_count": 3,
      "h20/outcome_success_final_state_mse": 0.0037085885315938714,
      "h20/outcome_success_state_mse": 0.001812219230178135,
      "h20/state_mse": 0.0028263256596583945,
      "h30/episode_count": 15,
      "h30/final_state_mse": 0.019268201690873288,
      "h30/outcome_drop_episode_count": 3,
      "h30/outcome_drop_final_state_mse": 0.019953768237743502,
      "h30/outcome_drop_state_mse": 0.004518195902340293,
      "h30/outcome_jam_episode_count": 3,
      "h30/outcome_jam_final_state_mse": 0.020690438794154747,
      "h30/outcome_jam_state_mse": 0.0049600908699118755,
      "h30/outcome_miss_episode_count": 3,
      "h30/outcome_miss_final_state_mse": 0.014858736321817036,
      "h30/outcome_miss_state_mse": 0.00693763689277998,
      "h30/outcome_partial_episode_count": 3,
      "h30/outcome_partial_final_state_mse": 0.020464947021085454,
      "h30/outcome_partial_state_mse": 0.004436551927221626,
      "h30/outcome_success_episode_count": 3,
      "h30/outcome_success_final_state_mse": 0.020373122364866967,
      "h30/outcome_success_state_mse": 0.004448299158632366,
      "h30/state_mse": 0.005060154534632864,
      "h40/episode_count": 15,
      "h40/final_state_mse": 0.1806041842192606,
      "h40/outcome_drop_episode_count": 3,
      "h40/outcome_drop_final_state_mse": 0.15052169444514255,
      "h40/outcome_drop_state_mse": 0.022337870816000145,
      "h40/outcome_jam_episode_count": 3,
      "h40/outcome_jam_final_state_mse": 0.16609344996658026,
      "h40/outcome_jam_state_mse": 0.02375898111879436,
      "h40/outcome_miss_episode_count": 3,
      "h40/outcome_miss_final_state_mse": 0.2509708116257113,
      "h40/outcome_miss_state_mse": 0.02878048357620738,
      "h40/outcome_partial_episode_count": 3,
      "h40/outcome_partial_final_state_mse": 0.1685989339367237,
      "h40/outcome_partial_state_mse": 0.023752329084608288,
      "h40/outcome_success_episode_count": 3,
      "h40/outcome_success_final_state_mse": 0.1668360030729007,
      "h40/outcome_success_state_mse": 0.02352468920689003,
      "h40/state_mse": 0.02443087110332414,
      "h50/episode_count": 15,
      "h50/final_state_mse": 0.932906964869281,
      "h50/outcome_drop_episode_count": 3,
      "h50/outcome_drop_final_state_mse": 0.7483258153878006,
      "h50/outcome_drop_state_mse": 0.10081761927386515,
      "h50/outcome_jam_episode_count": 3,
      "h50/outcome_jam_final_state_mse": 0.7595882104113211,
      "h50/outcome_jam_state_mse": 0.10502990423464308,
      "h50/outcome_miss_episode_count": 3,
      "h50/outcome_miss_final_state_mse": 1.7105993009081073,
      "h50/outcome_miss_state_mse": 0.20295944612789776,
      "h50/outcome_partial_episode_count": 3,
      "h50/outcome_partial_final_state_mse": 0.7262466468063056,
      "h50/outcome_partial_state_mse": 0.10465940737256817,
      "h50/outcome_success_episode_count": 3,
      "h50/outcome_success_final_state_mse": 0.7197748539494533,
      "h50/outcome_success_state_mse": 0.1037149696100771,
      "h50/state_mse": 0.12343627450980392,
      "h75/episode_count": 15,
      "h75/final_state_mse": 0.5508833741830066,
      "h75/outcome_drop_episode_count": 3,
      "h75/outcome_drop_final_state_mse": 0.39986978169360193,
      "h75/outcome_drop_state_mse": 0.1441139862791905,
      "h75/outcome_jam_episode_count": 3,
      "h75/outcome_jam_final_state_mse": 0.36507951200397964,
      "h75/outcome_jam_state_mse": 0.14763034263727193,
      "h75/outcome_miss_episode_count": 3,
      "h75/outcome_miss_final_state_mse": 1.1411678027483374,
      "h75/outcome_miss_state_mse": 0.330553372119247,
      "h75/outcome_partial_episode_count": 3,
      "h75/outcome_partial_final_state_mse": 0.4176346897299773,
      "h75/outcome_partial_state_mse": 0.14517448741106687,
      "h75/outcome_success_episode_count": 3,
      "h75/outcome_success_final_state_mse": 0.43066512213812935,
      "h75/outcome_success_state_mse": 0.14611226133791191,
      "h75/state_mse": 0.1827168947440087,
      "max_requested_horizon": 125,
      "reencode_period": 50,
      "rollout_mode": "periodic_50"
    }
  },
  "split": "test",
  "support_alignment": {
    "contact_phase": {
      "contact_phase_family_ari": 0.0,
      "contact_phase_family_nmi": 0.0,
      "contact_phase_family_purity": 0.9996668887408394,
      "contact_phase_sample_count": 3002.0,
      "h_contact_phase_given_family": 0.0030002889533867266,
      "h_family_given_contact_phase": 0.0,
      "unique_contact_phase_count": 2.0,
      "unique_family_count": 1.0
    },
    "contact_phase_alignment_available": true,
    "evaluated_state_count": 3017,
    "family_count": 1,
    "mean_family_similarity": 0.5963813066482544,
    "mean_support_size": 235.95193901226384,
    "outcome_alignment_available": true,
    "outcome_state": {
      "h_family_given_outcome": 0.0,
      "h_outcome_given_family": 1.6094379124341005,
      "outcome_family_ari": 0.0,
      "outcome_family_nmi": 0.0,
      "outcome_family_purity": 0.2,
      "outcome_sample_count": 15.0,
      "unique_family_count": 1.0,
      "unique_outcome_count": 5.0
    },
    "status": "ok",
    "unassigned_state_fraction": 0.0,
    "validation_state_count": 2346
  },
  "support_threshold": 0.2
}
{
  "best_periodic_rollout": {
    "episode_count": 15,
    "h10/episode_count": 15,
    "h10/final_state_mse": 0.0019742460811839383,
    "h10/outcome_drop_episode_count": 3,
    "h10/outcome_drop_final_state_mse": 0.001379697480135494,
    "h10/outcome_drop_state_mse": 0.001441382407362944,
    "h10/outcome_jam_episode_count": 3,
    "h10/outcome_jam_final_state_mse": 0.002251637210838156,
    "h10/outcome_jam_state_mse": 0.0018564525772543515,
    "h10/outcome_miss_episode_count": 3,
    "h10/outcome_miss_final_state_mse": 0.003424041703635571,
    "h10/outcome_miss_state_mse": 0.009583363190195919,
    "h10/outcome_partial_episode_count": 3,
    "h10/outcome_partial_final_state_mse": 0.0014094792647299423,
    "h10/outcome_partial_state_mse": 0.0013744014930101782,
    "h10/outcome_success_episode_count": 3,
    "h10/outcome_success_final_state_mse": 0.0014063747587546803,
    "h10/outcome_success_state_mse": 0.0013762140001346863,
    "h10/selected_mode": "periodic_10",
    "h10/selected_period": 10,
    "h10/state_mse": 0.0031263628192976407,
    "h100/episode_count": 15,
    "h100/final_state_mse": 0.003850335077522627,
    "h100/outcome_drop_episode_count": 3,
    "h100/outcome_drop_final_state_mse": 0.0024819586401671366,
    "h100/outcome_drop_state_mse": 0.0019770051295461217,
    "h100/outcome_jam_episode_count": 3,
    "h100/outcome_jam_final_state_mse": 0.0047084480475366505,
    "h100/outcome_jam_state_mse": 0.002575116531521666,
    "h100/outcome_miss_episode_count": 3,
    "h100/outcome_miss_final_state_mse": 0.007323330718707415,
    "h100/outcome_miss_state_mse": 0.003364109338498583,
    "h100/outcome_partial_episode_count": 3,
    "h100/outcome_partial_final_state_mse": 0.0017352904272235298,
    "h100/outcome_partial_state_mse": 0.0016629764768812392,
    "h100/outcome_success_episode_count": 3,
    "h100/outcome_success_final_state_mse": 0.003002648016596152,
    "h100/outcome_success_state_mse": 0.0020073244618434532,
    "h100/selected_mode": "periodic_10",
    "h100/selected_period": 10,
    "h100/state_mse": 0.00231730601990145,
    "h125/episode_count": 15,
    "h125/final_state_mse": 0.004459449668335759,
    "h125/outcome_drop_episode_count": 3,
    "h125/outcome_drop_final_state_mse": 0.0047931017147170175,
    "h125/outcome_drop_state_mse": 0.003209154914407169,
    "h125/outcome_jam_episode_count": 3,
    "h125/outcome_jam_final_state_mse": 0.005889028749045204,
    "h125/outcome_jam_state_mse": 0.0032606767641952614,
    "h125/outcome_miss_episode_count": 3,
    "h125/outcome_miss_final_state_mse": 0.00432048820787006,
    "h125/outcome_miss_state_mse": 0.004265951617870456,
    "h125/outcome_partial_episode_count": 3,
    "h125/outcome_partial_final_state_mse": 0.0025702058733288757,
    "h125/outcome_partial_state_mse": 0.0022673245099634905,
    "h125/outcome_success_episode_count": 3,
    "h125/outcome_success_final_state_mse": 0.004724423285403283,
    "h125/outcome_success_state_mse": 0.002625661014731413,
    "h125/selected_mode": "periodic_20",
    "h125/selected_period": 20,
    "h125/state_mse": 0.003125753484987745,
    "h20/episode_count": 15,
    "h20/final_state_mse": 0.001383506550508387,
    "h20/outcome_drop_episode_count": 3,
    "h20/outcome_drop_final_state_mse": 0.0012546581964866788,
    "h20/outcome_drop_state_mse": 0.0013612722649293787,
    "h20/outcome_jam_episode_count": 3,
    "h20/outcome_jam_final_state_mse": 0.0014374849745650696,
    "h20/outcome_jam_state_mse": 0.0017175752742617737,
    "h20/outcome_miss_episode_count": 3,
    "h20/outcome_miss_final_state_mse": 0.0019224492553012824,
    "h20/outcome_miss_state_mse": 0.006171171415865032,
    "h20/outcome_partial_episode_count": 3,
    "h20/outcome_partial_final_state_mse": 0.0011192861993133633,
    "h20/outcome_partial_state_mse": 0.0012861664778266856,
    "h20/outcome_success_episode_count": 3,
    "h20/outcome_success_final_state_mse": 0.0011836538225217582,
    "h20/outcome_success_state_mse": 0.0012958223134084464,
    "h20/selected_mode": "periodic_10",
    "h20/selected_period": 10,
    "h20/state_mse": 0.0023664015726326338,
    "h30/episode_count": 15,
    "h30/final_state_mse": 0.00124258028915505,
    "h30/outcome_drop_episode_count": 3,
    "h30/outcome_drop_final_state_mse": 0.001229941017097897,
    "h30/outcome_drop_state_mse": 0.0014020876687076875,
    "h30/outcome_jam_episode_count": 3,
    "h30/outcome_jam_final_state_mse": 0.0013670188928741256,
    "h30/outcome_jam_state_mse": 0.0017227508923067247,
    "h30/outcome_miss_episode_count": 3,
    "h30/outcome_miss_final_state_mse": 0.0013152282758086336,
    "h30/outcome_miss_state_mse": 0.004649277813813785,
    "h30/outcome_partial_episode_count": 3,
    "h30/outcome_partial_final_state_mse": 0.0011253571563881208,
    "h30/outcome_partial_state_mse": 0.0013277322638268565,
    "h30/outcome_success_episode_count": 3,
    "h30/outcome_success_final_state_mse": 0.0011753559940391118,
    "h30/outcome_success_state_mse": 0.0013374965435019766,
    "h30/selected_mode": "periodic_10",
    "h30/selected_period": 10,
    "h30/state_mse": 0.0020878690831801472,
    "h40/episode_count": 15,
    "h40/final_state_mse": 0.0013916776071186939,
    "h40/outcome_drop_episode_count": 3,
    "h40/outcome_drop_final_state_mse": 0.0014043535818071926,
    "h40/outcome_drop_state_mse": 0.0015430468554590263,
    "h40/outcome_jam_episode_count": 3,
    "h40/outcome_jam_final_state_mse": 0.0013795145635121788,
    "h40/outcome_jam_state_mse": 0.0017790790476830177,
    "h40/outcome_miss_episode_count": 3,
    "h40/outcome_miss_final_state_mse": 0.001635737278882195,
    "h40/outcome_miss_state_mse": 0.003927643704258538,
    "h40/outcome_partial_episode_count": 3,
    "h40/outcome_partial_final_state_mse": 0.0012379164497057598,
    "h40/outcome_partial_state_mse": 0.0013846386102289935,
    "h40/outcome_success_episode_count": 3,
    "h40/outcome_success_final_state_mse": 0.001300866234731051,
    "h40/outcome_success_state_mse": 0.0013997863320743336,
    "h40/selected_mode": "periodic_10",
    "h40/selected_period": 10,
    "h40/state_mse": 0.002006838929419424,
    "h50/episode_count": 15,
    "h50/final_state_mse": 0.0016321730769537632,
    "h50/outcome_drop_episode_count": 3,
    "h50/outcome_drop_final_state_mse": 0.0014712096380642037,
    "h50/outcome_drop_state_mse": 0.0016262865689844867,
    "h50/outcome_jam_episode_count": 3,
    "h50/outcome_jam_final_state_mse": 0.0022031455939891293,
    "h50/outcome_jam_state_mse": 0.0019003785825243184,
    "h50/outcome_miss_episode_count": 3,
    "h50/outcome_miss_final_state_mse": 0.0015559243586133508,
    "h50/outcome_miss_state_mse": 0.0035141724231196386,
    "h50/outcome_partial_episode_count": 3,
    "h50/outcome_partial_final_state_mse": 0.0014573152183122884,
    "h50/outcome_partial_state_mse": 0.001469866247738109,
    "h50/outcome_success_episode_count": 3,
    "h50/outcome_success_final_state_mse": 0.001473270807098719,
    "h50/outcome_success_state_mse": 0.001490785374360926,
    "h50/selected_mode": "periodic_10",
    "h50/selected_period": 10,
    "h50/state_mse": 0.0020002977957133375,
    "h75/episode_count": 15,
    "h75/final_state_mse": 0.0034976737951141557,
    "h75/outcome_drop_episode_count": 3,
    "h75/outcome_drop_final_state_mse": 0.0024192574756597383,
    "h75/outcome_drop_state_mse": 0.0017129477124847878,
    "h75/outcome_jam_episode_count": 3,
    "h75/outcome_jam_final_state_mse": 0.0037196072098476434,
    "h75/outcome_jam_state_mse": 0.0021765387707546125,
    "h75/outcome_miss_episode_count": 3,
    "h75/outcome_miss_final_state_mse": 0.004734064848010057,
    "h75/outcome_miss_state_mse": 0.0030916046940423305,
    "h75/outcome_partial_episode_count": 3,
    "h75/outcome_partial_final_state_mse": 0.0029907067324600966,
    "h75/outcome_partial_state_mse": 0.0016475751664903429,
    "h75/outcome_success_episode_count": 3,
    "h75/outcome_success_final_state_mse": 0.0036247328800313615,
    "h75/outcome_success_state_mse": 0.0016969239270245588,
    "h75/selected_mode": "periodic_10",
    "h75/selected_period": 10,
    "h75/state_mse": 0.002065118128957312,
    "max_requested_horizon": 125,
    "periodic_reencode_periods": [
      10,
      20,
      50,
      100
    ],
    "rollout_mode": "best_periodic"
  },
  "checkpoint": "runs/maniskill_insertion/perturbation_e20_5k_lista_tuning_initial_20260603_185857_fullperiodic/lista_relu_a0p003_sp1em4/seed0/checkpoint.pt",
  "checkpoint_step": 2500,
  "dataset": "data/maniskill/perturbation_assessment_seed0_e20/all_setups.npz",
  "device": "cuda",
  "family_jaccard": 0.4,
  "horizons": [
    10,
    20,
    30,
    40,
    50,
    75,
    100,
    125
  ],
  "labels_used_for_training": false,
  "periodic_reencode_periods": [
    10,
    20,
    50,
    100
  ],
  "rollout": {
    "episode_count": 15,
    "h10/episode_count": 15,
    "h10/final_state_mse": 0.001974245769525665,
    "h10/outcome_drop_episode_count": 3,
    "h10/outcome_drop_final_state_mse": 0.001379697480135494,
    "h10/outcome_drop_state_mse": 0.0014413824657988703,
    "h10/outcome_jam_episode_count": 3,
    "h10/outcome_jam_final_state_mse": 0.002251636529085683,
    "h10/outcome_jam_state_mse": 0.0018564526551689197,
    "h10/outcome_miss_episode_count": 3,
    "h10/outcome_miss_final_state_mse": 0.0034240413140627294,
    "h10/outcome_miss_state_mse": 0.009583361943562825,
    "h10/outcome_partial_episode_count": 3,
    "h10/outcome_partial_final_state_mse": 0.001409478850808798,
    "h10/outcome_partial_state_mse": 0.0013744013956169677,
    "h10/outcome_success_episode_count": 3,
    "h10/outcome_success_final_state_mse": 0.0014063748804961935,
    "h10/outcome_success_state_mse": 0.0013762138832628338,
    "h10/state_mse": 0.0031263623206444035,
    "h100/episode_count": 15,
    "h100/final_state_mse": 65675.37254901961,
    "h100/outcome_drop_episode_count": 3,
    "h100/outcome_drop_final_state_mse": 62044.17892156863,
    "h100/outcome_drop_state_mse": 3165.7207843137253,
    "h100/outcome_jam_episode_count": 3,
    "h100/outcome_jam_final_state_mse": 58657.61928104575,
    "h100/outcome_jam_state_mse": 2975.6982843137257,
    "h100/outcome_miss_episode_count": 3,
    "h100/outcome_miss_final_state_mse": 83007.06862745098,
    "h100/outcome_miss_state_mse": 4472.740522875817,
    "h100/outcome_partial_episode_count": 3,
    "h100/outcome_partial_final_state_mse": 62729.38725490196,
    "h100/outcome_partial_state_mse": 3183.8500980392155,
    "h100/outcome_success_episode_count": 3,
    "h100/outcome_success_final_state_mse": 61938.60784313725,
    "h100/outcome_success_state_mse": 3143.2507189542484,
    "h100/state_mse": 3388.252235294118,
    "h125/episode_count": 15,
    "h125/final_state_mse": 14061758.075816993,
    "h125/outcome_drop_episode_count": 3,
    "h125/outcome_drop_final_state_mse": 15997896.993464053,
    "h125/outcome_drop_state_mse": 638884.790379085,
    "h125/outcome_jam_episode_count": 3,
    "h125/outcome_jam_final_state_mse": 15615660.758169934,
    "h125/outcome_jam_state_mse": 623561.9488627451,
    "h125/outcome_miss_episode_count": 3,
    "h125/outcome_miss_final_state_mse": 8712556.549019609,
    "h125/outcome_miss_state_mse": 411241.3916862745,
    "h125/outcome_partial_episode_count": 3,
    "h125/outcome_partial_final_state_mse": 14801559.843137255,
    "h125/outcome_partial_state_mse": 607908.8573071895,
    "h125/outcome_success_episode_count": 3,
    "h125/outcome_success_final_state_mse": 15181112.052287582,
    "h125/outcome_success_state_mse": 617897.8367581699,
    "h125/state_mse": 579899.0225568628,
    "h20/episode_count": 15,
    "h20/final_state_mse": 0.00438680742301193,
    "h20/outcome_drop_episode_count": 3,
    "h20/outcome_drop_final_state_mse": 0.004197011293928608,
    "h20/outcome_drop_state_mse": 0.001977603653677149,
    "h20/outcome_jam_episode_count": 3,
    "h20/outcome_jam_final_state_mse": 0.004754066175105525,
    "h20/outcome_jam_state_mse": 0.002341950602001614,
    "h20/outcome_miss_episode_count": 3,
    "h20/outcome_miss_final_state_mse": 0.004335858366068672,
    "h20/outcome_miss_state_mse": 0.0063511750277350934,
    "h20/outcome_partial_episode_count": 3,
    "h20/outcome_partial_final_state_mse": 0.004245088965285058,
    "h20/outcome_partial_state_mse": 0.0019149996486364626,
    "h20/outcome_success_episode_count": 3,
    "h20/outcome_success_final_state_mse": 0.0044020127042446264,
    "h20/outcome_success_state_mse": 0.0019243952885172725,
    "h20/state_mse": 0.0029020249609853707,
    "h30/episode_count": 15,
    "h30/final_state_mse": 0.021057782141990913,
    "h30/outcome_drop_episode_count": 3,
    "h30/outcome_drop_final_state_mse": 0.02122935828040628,
    "h30/outcome_drop_state_mse": 0.00493855330938867,
    "h30/outcome_jam_episode_count": 3,
    "h30/outcome_jam_final_state_mse": 0.022286749353595807,
    "h30/outcome_jam_state_mse": 0.005389603446511662,
    "h30/outcome_miss_episode_count": 3,
    "h30/outcome_miss_final_state_mse": 0.01777432751811408,
    "h30/outcome_miss_state_mse": 0.00735710222996398,
    "h30/outcome_partial_episode_count": 3,
    "h30/outcome_partial_final_state_mse": 0.02197843517353332,
    "h30/outcome_partial_state_mse": 0.004884703226858234,
    "h30/outcome_success_episode_count": 3,
    "h30/outcome_success_final_state_mse": 0.022020041553023593,
    "h30/outcome_success_state_mse": 0.0049032144816612624,
    "h30/state_mse": 0.005494635754421126,
    "h40/episode_count": 15,
    "h40/final_state_mse": 0.19721474242366216,
    "h40/outcome_drop_episode_count": 3,
    "h40/outcome_drop_final_state_mse": 0.15455900609882828,
    "h40/outcome_drop_state_mse": 0.022337158053529028,
    "h40/outcome_jam_episode_count": 3,
    "h40/outcome_jam_final_state_mse": 0.17726160809884664,
    "h40/outcome_jam_state_mse": 0.02500920576207778,
    "h40/outcome_miss_episode_count": 3,
    "h40/outcome_miss_final_state_mse": 0.29646124247631994,
    "h40/outcome_miss_state_mse": 0.033307203903696896,
    "h40/outcome_partial_episode_count": 3,
    "h40/outcome_partial_final_state_mse": 0.18070657268848295,
    "h40/outcome_partial_state_mse": 0.025024566775053936,
    "h40/outcome_success_episode_count": 3,
    "h40/outcome_success_final_state_mse": 0.1770852718477935,
    "h40/outcome_success_state_mse": 0.024680752847708907,
    "h40/state_mse": 0.02607177734375,
    "h50/episode_count": 15,
    "h50/final_state_mse": 1.5041918785743464,
    "h50/outcome_drop_episode_count": 3,
    "h50/outcome_drop_final_state_mse": 1.2859209347394556,
    "h50/outcome_drop_state_mse": 0.13876490973179637,
    "h50/outcome_jam_episode_count": 3,
    "h50/outcome_jam_final_state_mse": 1.289946761785769,
    "h50/outcome_jam_state_mse": 0.14439962549147264,
    "h50/outcome_miss_episode_count": 3,
    "h50/outcome_miss_final_state_mse": 2.438056596743515,
    "h50/outcome_miss_state_mse": 0.26378948934717117,
    "h50/outcome_partial_episode_count": 3,
    "h50/outcome_partial_final_state_mse": 1.2599765179204006,
    "h50/outcome_partial_state_mse": 0.14378826066559436,
    "h50/outcome_success_episode_count": 3,
    "h50/outcome_success_final_state_mse": 1.2470584944182752,
    "h50/outcome_success_state_mse": 0.14209528904335172,
    "h50/state_mse": 0.1665675168504902,
    "h75/episode_count": 15,
    "h75/final_state_mse": 235.75851715686275,
    "h75/outcome_drop_episode_count": 3,
    "h75/outcome_drop_final_state_mse": 223.71861436631946,
    "h75/outcome_drop_state_mse": 13.891313231889978,
    "h75/outcome_jam_episode_count": 3,
    "h75/outcome_jam_final_state_mse": 205.7330003127553,
    "h75/outcome_jam_state_mse": 12.929727285879629,
    "h75/outcome_miss_episode_count": 3,
    "h75/outcome_miss_final_state_mse": 303.13595281862746,
    "h75/outcome_miss_state_mse": 20.466622583061003,
    "h75/outcome_partial_episode_count": 3,
    "h75/outcome_partial_final_state_mse": 224.85055083231208,
    "h75/outcome_partial_state_mse": 14.109596013752723,
    "h75/outcome_success_episode_count": 3,
    "h75/outcome_success_final_state_mse": 221.3544251685049,
    "h75/outcome_success_state_mse": 13.85913551879085,
    "h75/state_mse": 15.051279956427015,
    "max_requested_horizon": 125,
    "reencode_period": null,
    "rollout_mode": "no_reencode"
  },
  "rollout_modes": {
    "no_reencode": {
      "episode_count": 15,
      "h10/episode_count": 15,
      "h10/final_state_mse": 0.001974245769525665,
      "h10/outcome_drop_episode_count": 3,
      "h10/outcome_drop_final_state_mse": 0.001379697480135494,
      "h10/outcome_drop_state_mse": 0.0014413824657988703,
      "h10/outcome_jam_episode_count": 3,
      "h10/outcome_jam_final_state_mse": 0.002251636529085683,
      "h10/outcome_jam_state_mse": 0.0018564526551689197,
      "h10/outcome_miss_episode_count": 3,
      "h10/outcome_miss_final_state_mse": 0.0034240413140627294,
      "h10/outcome_miss_state_mse": 0.009583361943562825,
      "h10/outcome_partial_episode_count": 3,
      "h10/outcome_partial_final_state_mse": 0.001409478850808798,
      "h10/outcome_partial_state_mse": 0.0013744013956169677,
      "h10/outcome_success_episode_count": 3,
      "h10/outcome_success_final_state_mse": 0.0014063748804961935,
      "h10/outcome_success_state_mse": 0.0013762138832628338,
      "h10/state_mse": 0.0031263623206444035,
      "h100/episode_count": 15,
      "h100/final_state_mse": 65675.37254901961,
      "h100/outcome_drop_episode_count": 3,
      "h100/outcome_drop_final_state_mse": 62044.17892156863,
      "h100/outcome_drop_state_mse": 3165.7207843137253,
      "h100/outcome_jam_episode_count": 3,
      "h100/outcome_jam_final_state_mse": 58657.61928104575,
      "h100/outcome_jam_state_mse": 2975.6982843137257,
      "h100/outcome_miss_episode_count": 3,
      "h100/outcome_miss_final_state_mse": 83007.06862745098,
      "h100/outcome_miss_state_mse": 4472.740522875817,
      "h100/outcome_partial_episode_count": 3,
      "h100/outcome_partial_final_state_mse": 62729.38725490196,
      "h100/outcome_partial_state_mse": 3183.8500980392155,
      "h100/outcome_success_episode_count": 3,
      "h100/outcome_success_final_state_mse": 61938.60784313725,
      "h100/outcome_success_state_mse": 3143.2507189542484,
      "h100/state_mse": 3388.252235294118,
      "h125/episode_count": 15,
      "h125/final_state_mse": 14061758.075816993,
      "h125/outcome_drop_episode_count": 3,
      "h125/outcome_drop_final_state_mse": 15997896.993464053,
      "h125/outcome_drop_state_mse": 638884.790379085,
      "h125/outcome_jam_episode_count": 3,
      "h125/outcome_jam_final_state_mse": 15615660.758169934,
      "h125/outcome_jam_state_mse": 623561.9488627451,
      "h125/outcome_miss_episode_count": 3,
      "h125/outcome_miss_final_state_mse": 8712556.549019609,
      "h125/outcome_miss_state_mse": 411241.3916862745,
      "h125/outcome_partial_episode_count": 3,
      "h125/outcome_partial_final_state_mse": 14801559.843137255,
      "h125/outcome_partial_state_mse": 607908.8573071895,
      "h125/outcome_success_episode_count": 3,
      "h125/outcome_success_final_state_mse": 15181112.052287582,
      "h125/outcome_success_state_mse": 617897.8367581699,
      "h125/state_mse": 579899.0225568628,
      "h20/episode_count": 15,
      "h20/final_state_mse": 0.00438680742301193,
      "h20/outcome_drop_episode_count": 3,
      "h20/outcome_drop_final_state_mse": 0.004197011293928608,
      "h20/outcome_drop_state_mse": 0.001977603653677149,
      "h20/outcome_jam_episode_count": 3,
      "h20/outcome_jam_final_state_mse": 0.004754066175105525,
      "h20/outcome_jam_state_mse": 0.002341950602001614,
      "h20/outcome_miss_episode_count": 3,
      "h20/outcome_miss_final_state_mse": 0.004335858366068672,
      "h20/outcome_miss_state_mse": 0.0063511750277350934,
      "h20/outcome_partial_episode_count": 3,
      "h20/outcome_partial_final_state_mse": 0.004245088965285058,
      "h20/outcome_partial_state_mse": 0.0019149996486364626,
      "h20/outcome_success_episode_count": 3,
      "h20/outcome_success_final_state_mse": 0.0044020127042446264,
      "h20/outcome_success_state_mse": 0.0019243952885172725,
      "h20/state_mse": 0.0029020249609853707,
      "h30/episode_count": 15,
      "h30/final_state_mse": 0.021057782141990913,
      "h30/outcome_drop_episode_count": 3,
      "h30/outcome_drop_final_state_mse": 0.02122935828040628,
      "h30/outcome_drop_state_mse": 0.00493855330938867,
      "h30/outcome_jam_episode_count": 3,
      "h30/outcome_jam_final_state_mse": 0.022286749353595807,
      "h30/outcome_jam_state_mse": 0.005389603446511662,
      "h30/outcome_miss_episode_count": 3,
      "h30/outcome_miss_final_state_mse": 0.01777432751811408,
      "h30/outcome_miss_state_mse": 0.00735710222996398,
      "h30/outcome_partial_episode_count": 3,
      "h30/outcome_partial_final_state_mse": 0.02197843517353332,
      "h30/outcome_partial_state_mse": 0.004884703226858234,
      "h30/outcome_success_episode_count": 3,
      "h30/outcome_success_final_state_mse": 0.022020041553023593,
      "h30/outcome_success_state_mse": 0.0049032144816612624,
      "h30/state_mse": 0.005494635754421126,
      "h40/episode_count": 15,
      "h40/final_state_mse": 0.19721474242366216,
      "h40/outcome_drop_episode_count": 3,
      "h40/outcome_drop_final_state_mse": 0.15455900609882828,
      "h40/outcome_drop_state_mse": 0.022337158053529028,
      "h40/outcome_jam_episode_count": 3,
      "h40/outcome_jam_final_state_mse": 0.17726160809884664,
      "h40/outcome_jam_state_mse": 0.02500920576207778,
      "h40/outcome_miss_episode_count": 3,
      "h40/outcome_miss_final_state_mse": 0.29646124247631994,
      "h40/outcome_miss_state_mse": 0.033307203903696896,
      "h40/outcome_partial_episode_count": 3,
      "h40/outcome_partial_final_state_mse": 0.18070657268848295,
      "h40/outcome_partial_state_mse": 0.025024566775053936,
      "h40/outcome_success_episode_count": 3,
      "h40/outcome_success_final_state_mse": 0.1770852718477935,
      "h40/outcome_success_state_mse": 0.024680752847708907,
      "h40/state_mse": 0.02607177734375,
      "h50/episode_count": 15,
      "h50/final_state_mse": 1.5041918785743464,
      "h50/outcome_drop_episode_count": 3,
      "h50/outcome_drop_final_state_mse": 1.2859209347394556,
      "h50/outcome_drop_state_mse": 0.13876490973179637,
      "h50/outcome_jam_episode_count": 3,
      "h50/outcome_jam_final_state_mse": 1.289946761785769,
      "h50/outcome_jam_state_mse": 0.14439962549147264,
      "h50/outcome_miss_episode_count": 3,
      "h50/outcome_miss_final_state_mse": 2.438056596743515,
      "h50/outcome_miss_state_mse": 0.26378948934717117,
      "h50/outcome_partial_episode_count": 3,
      "h50/outcome_partial_final_state_mse": 1.2599765179204006,
      "h50/outcome_partial_state_mse": 0.14378826066559436,
      "h50/outcome_success_episode_count": 3,
      "h50/outcome_success_final_state_mse": 1.2470584944182752,
      "h50/outcome_success_state_mse": 0.14209528904335172,
      "h50/state_mse": 0.1665675168504902,
      "h75/episode_count": 15,
      "h75/final_state_mse": 235.75851715686275,
      "h75/outcome_drop_episode_count": 3,
      "h75/outcome_drop_final_state_mse": 223.71861436631946,
      "h75/outcome_drop_state_mse": 13.891313231889978,
      "h75/outcome_jam_episode_count": 3,
      "h75/outcome_jam_final_state_mse": 205.7330003127553,
      "h75/outcome_jam_state_mse": 12.929727285879629,
      "h75/outcome_miss_episode_count": 3,
      "h75/outcome_miss_final_state_mse": 303.13595281862746,
      "h75/outcome_miss_state_mse": 20.466622583061003,
      "h75/outcome_partial_episode_count": 3,
      "h75/outcome_partial_final_state_mse": 224.85055083231208,
      "h75/outcome_partial_state_mse": 14.109596013752723,
      "h75/outcome_success_episode_count": 3,
      "h75/outcome_success_final_state_mse": 221.3544251685049,
      "h75/outcome_success_state_mse": 13.85913551879085,
      "h75/state_mse": 15.051279956427015,
      "max_requested_horizon": 125,
      "reencode_period": null,
      "rollout_mode": "no_reencode"
    },
    "periodic_10": {
      "episode_count": 15,
      "h10/episode_count": 15,
      "h10/final_state_mse": 0.0019742460811839383,
      "h10/outcome_drop_episode_count": 3,
      "h10/outcome_drop_final_state_mse": 0.001379697480135494,
      "h10/outcome_drop_state_mse": 0.001441382407362944,
      "h10/outcome_jam_episode_count": 3,
      "h10/outcome_jam_final_state_mse": 0.002251637210838156,
      "h10/outcome_jam_state_mse": 0.0018564525772543515,
      "h10/outcome_miss_episode_count": 3,
      "h10/outcome_miss_final_state_mse": 0.003424041703635571,
      "h10/outcome_miss_state_mse": 0.009583363190195919,
      "h10/outcome_partial_episode_count": 3,
      "h10/outcome_partial_final_state_mse": 0.0014094792647299423,
      "h10/outcome_partial_state_mse": 0.0013744014930101782,
      "h10/outcome_success_episode_count": 3,
      "h10/outcome_success_final_state_mse": 0.0014063747587546803,
      "h10/outcome_success_state_mse": 0.0013762140001346863,
      "h10/state_mse": 0.0031263628192976407,
      "h100/episode_count": 15,
      "h100/final_state_mse": 0.003850335077522627,
      "h100/outcome_drop_episode_count": 3,
      "h100/outcome_drop_final_state_mse": 0.0024819586401671366,
      "h100/outcome_drop_state_mse": 0.0019770051295461217,
      "h100/outcome_jam_episode_count": 3,
      "h100/outcome_jam_final_state_mse": 0.0047084480475366505,
      "h100/outcome_jam_state_mse": 0.002575116531521666,
      "h100/outcome_miss_episode_count": 3,
      "h100/outcome_miss_final_state_mse": 0.007323330718707415,
      "h100/outcome_miss_state_mse": 0.003364109338498583,
      "h100/outcome_partial_episode_count": 3,
      "h100/outcome_partial_final_state_mse": 0.0017352904272235298,
      "h100/outcome_partial_state_mse": 0.0016629764768812392,
      "h100/outcome_success_episode_count": 3,
      "h100/outcome_success_final_state_mse": 0.003002648016596152,
      "h100/outcome_success_state_mse": 0.0020073244618434532,
      "h100/state_mse": 0.00231730601990145,
      "h125/episode_count": 15,
      "h125/final_state_mse": 0.009207351534974342,
      "h125/outcome_drop_episode_count": 3,
      "h125/outcome_drop_final_state_mse": 0.007931780581380807,
      "h125/outcome_drop_state_mse": 0.002655611424664267,
      "h125/outcome_jam_episode_count": 3,
      "h125/outcome_jam_final_state_mse": 0.011607719743563458,
      "h125/outcome_jam_state_mse": 0.0037603485506344466,
      "h125/outcome_miss_episode_count": 3,
      "h125/outcome_miss_final_state_mse": 0.01515214040485862,
      "h125/outcome_miss_state_mse": 0.004888396768008962,
      "h125/outcome_partial_episode_count": 3,
      "h125/outcome_partial_final_state_mse": 0.0019168762697113885,
      "h125/outcome_partial_state_mse": 0.0017017716551138685,
      "h125/outcome_success_episode_count": 3,
      "h125/outcome_success_final_state_mse": 0.009428240017953261,
      "h125/outcome_success_state_mse": 0.0027105200524423635,
      "h125/state_mse": 0.0031433296951593136,
      "h20/episode_count": 15,
      "h20/final_state_mse": 0.001383506550508387,
      "h20/outcome_drop_episode_count": 3,
      "h20/outcome_drop_final_state_mse": 0.0012546581964866788,
      "h20/outcome_drop_state_mse": 0.0013612722649293787,
      "h20/outcome_jam_episode_count": 3,
      "h20/outcome_jam_final_state_mse": 0.0014374849745650696,
      "h20/outcome_jam_state_mse": 0.0017175752742617737,
      "h20/outcome_miss_episode_count": 3,
      "h20/outcome_miss_final_state_mse": 0.0019224492553012824,
      "h20/outcome_miss_state_mse": 0.006171171415865032,
      "h20/outcome_partial_episode_count": 3,
      "h20/outcome_partial_final_state_mse": 0.0011192861993133633,
      "h20/outcome_partial_state_mse": 0.0012861664778266856,
      "h20/outcome_success_episode_count": 3,
      "h20/outcome_success_final_state_mse": 0.0011836538225217582,
      "h20/outcome_success_state_mse": 0.0012958223134084464,
      "h20/state_mse": 0.0023664015726326338,
      "h30/episode_count": 15,
      "h30/final_state_mse": 0.00124258028915505,
      "h30/outcome_drop_episode_count": 3,
      "h30/outcome_drop_final_state_mse": 0.001229941017097897,
      "h30/outcome_drop_state_mse": 0.0014020876687076875,
      "h30/outcome_jam_episode_count": 3,
      "h30/outcome_jam_final_state_mse": 0.0013670188928741256,
      "h30/outcome_jam_state_mse": 0.0017227508923067247,
      "h30/outcome_miss_episode_count": 3,
      "h30/outcome_miss_final_state_mse": 0.0013152282758086336,
      "h30/outcome_miss_state_mse": 0.004649277813813785,
      "h30/outcome_partial_episode_count": 3,
      "h30/outcome_partial_final_state_mse": 0.0011253571563881208,
      "h30/outcome_partial_state_mse": 0.0013277322638268565,
      "h30/outcome_success_episode_count": 3,
      "h30/outcome_success_final_state_mse": 0.0011753559940391118,
      "h30/outcome_success_state_mse": 0.0013374965435019766,
      "h30/state_mse": 0.0020878690831801472,
      "h40/episode_count": 15,
      "h40/final_state_mse": 0.0013916776071186939,
      "h40/outcome_drop_episode_count": 3,
      "h40/outcome_drop_final_state_mse": 0.0014043535818071926,
      "h40/outcome_drop_state_mse": 0.0015430468554590263,
      "h40/outcome_jam_episode_count": 3,
      "h40/outcome_jam_final_state_mse": 0.0013795145635121788,
      "h40/outcome_jam_state_mse": 0.0017790790476830177,
      "h40/outcome_miss_episode_count": 3,
      "h40/outcome_miss_final_state_mse": 0.001635737278882195,
      "h40/outcome_miss_state_mse": 0.003927643704258538,
      "h40/outcome_partial_episode_count": 3,
      "h40/outcome_partial_final_state_mse": 0.0012379164497057598,
      "h40/outcome_partial_state_mse": 0.0013846386102289935,
      "h40/outcome_success_episode_count": 3,
      "h40/outcome_success_final_state_mse": 0.001300866234731051,
      "h40/outcome_success_state_mse": 0.0013997863320743336,
      "h40/state_mse": 0.002006838929419424,
      "h50/episode_count": 15,
      "h50/final_state_mse": 0.0016321730769537632,
      "h50/outcome_drop_episode_count": 3,
      "h50/outcome_drop_final_state_mse": 0.0014712096380642037,
      "h50/outcome_drop_state_mse": 0.0016262865689844867,
      "h50/outcome_jam_episode_count": 3,
      "h50/outcome_jam_final_state_mse": 0.0022031455939891293,
      "h50/outcome_jam_state_mse": 0.0019003785825243184,
      "h50/outcome_miss_episode_count": 3,
      "h50/outcome_miss_final_state_mse": 0.0015559243586133508,
      "h50/outcome_miss_state_mse": 0.0035141724231196386,
      "h50/outcome_partial_episode_count": 3,
      "h50/outcome_partial_final_state_mse": 0.0014573152183122884,
      "h50/outcome_partial_state_mse": 0.001469866247738109,
      "h50/outcome_success_episode_count": 3,
      "h50/outcome_success_final_state_mse": 0.001473270807098719,
      "h50/outcome_success_state_mse": 0.001490785374360926,
      "h50/state_mse": 0.0020002977957133375,
      "h75/episode_count": 15,
      "h75/final_state_mse": 0.0034976737951141557,
      "h75/outcome_drop_episode_count": 3,
      "h75/outcome_drop_final_state_mse": 0.0024192574756597383,
      "h75/outcome_drop_state_mse": 0.0017129477124847878,
      "h75/outcome_jam_episode_count": 3,
      "h75/outcome_jam_final_state_mse": 0.0037196072098476434,
      "h75/outcome_jam_state_mse": 0.0021765387707546125,
      "h75/outcome_miss_episode_count": 3,
      "h75/outcome_miss_final_state_mse": 0.004734064848010057,
      "h75/outcome_miss_state_mse": 0.0030916046940423305,
      "h75/outcome_partial_episode_count": 3,
      "h75/outcome_partial_final_state_mse": 0.0029907067324600966,
      "h75/outcome_partial_state_mse": 0.0016475751664903429,
      "h75/outcome_success_episode_count": 3,
      "h75/outcome_success_final_state_mse": 0.0036247328800313615,
      "h75/outcome_success_state_mse": 0.0016969239270245588,
      "h75/state_mse": 0.002065118128957312,
      "max_requested_horizon": 125,
      "reencode_period": 10,
      "rollout_mode": "periodic_10"
    },
    "periodic_100": {
      "episode_count": 15,
      "h10/episode_count": 15,
      "h10/final_state_mse": 0.0019742460811839383,
      "h10/outcome_drop_episode_count": 3,
      "h10/outcome_drop_final_state_mse": 0.001379697480135494,
      "h10/outcome_drop_state_mse": 0.001441382407362944,
      "h10/outcome_jam_episode_count": 3,
      "h10/outcome_jam_final_state_mse": 0.002251637210838156,
      "h10/outcome_jam_state_mse": 0.0018564525772543515,
      "h10/outcome_miss_episode_count": 3,
      "h10/outcome_miss_final_state_mse": 0.003424041703635571,
      "h10/outcome_miss_state_mse": 0.009583363190195919,
      "h10/outcome_partial_episode_count": 3,
      "h10/outcome_partial_final_state_mse": 0.0014094792647299423,
      "h10/outcome_partial_state_mse": 0.0013744014930101782,
      "h10/outcome_success_episode_count": 3,
      "h10/outcome_success_final_state_mse": 0.0014063747587546803,
      "h10/outcome_success_state_mse": 0.0013762140001346863,
      "h10/state_mse": 0.0031263628192976407,
      "h100/episode_count": 15,
      "h100/final_state_mse": 65675.36732026144,
      "h100/outcome_drop_episode_count": 3,
      "h100/outcome_drop_final_state_mse": 62044.17892156863,
      "h100/outcome_drop_state_mse": 3165.72091503268,
      "h100/outcome_jam_episode_count": 3,
      "h100/outcome_jam_final_state_mse": 58657.62091503268,
      "h100/outcome_jam_state_mse": 2975.698202614379,
      "h100/outcome_miss_episode_count": 3,
      "h100/outcome_miss_final_state_mse": 83007.05392156863,
      "h100/outcome_miss_state_mse": 4472.740196078431,
      "h100/outcome_partial_episode_count": 3,
      "h100/outcome_partial_final_state_mse": 62729.39950980392,
      "h100/outcome_partial_state_mse": 3183.8498039215688,
      "h100/outcome_success_episode_count": 3,
      "h100/outcome_success_final_state_mse": 61938.59967320262,
      "h100/outcome_success_state_mse": 3143.2505555555554,
      "h100/state_mse": 3388.251816993464,
      "h125/episode_count": 15,
      "h125/final_state_mse": 23102.101960784315,
      "h125/outcome_drop_episode_count": 3,
      "h125/outcome_drop_final_state_mse": 23474.398284313724,
      "h125/outcome_drop_state_mse": 4738.3551895424835,
      "h125/outcome_jam_episode_count": 3,
      "h125/outcome_jam_final_state_mse": 23273.107026143793,
      "h125/outcome_jam_state_mse": 4508.891477124183,
      "h125/outcome_miss_episode_count": 3,
      "h125/outcome_miss_final_state_mse": 21547.21578839869,
      "h125/outcome_miss_state_mse": 6963.59414379085,
      "h125/outcome_partial_episode_count": 3,
      "h125/outcome_partial_final_state_mse": 23788.24387254902,
      "h125/outcome_partial_state_mse": 4759.953725490196,
      "h125/outcome_success_episode_count": 3,
      "h125/outcome_success_final_state_mse": 23427.54411764706,
      "h125/outcome_success_state_mse": 4698.481882352941,
      "h125/state_mse": 5133.8551215686275,
      "h20/episode_count": 15,
      "h20/final_state_mse": 0.004386807111353656,
      "h20/outcome_drop_episode_count": 3,
      "h20/outcome_drop_final_state_mse": 0.004197011586108239,
      "h20/outcome_drop_state_mse": 0.001977603731591717,
      "h20/outcome_jam_episode_count": 3,
      "h20/outcome_jam_final_state_mse": 0.0047540667594647874,
      "h20/outcome_jam_state_mse": 0.0023419509915744556,
      "h20/outcome_miss_episode_count": 3,
      "h20/outcome_miss_final_state_mse": 0.0043358566129908845,
      "h20/outcome_miss_state_mse": 0.0063511750277350934,
      "h20/outcome_partial_episode_count": 3,
      "h20/outcome_partial_final_state_mse": 0.0042450890626782685,
      "h20/outcome_partial_state_mse": 0.0019149998044655993,
      "h20/outcome_success_episode_count": 3,
      "h20/outcome_success_final_state_mse": 0.004402011827705732,
      "h20/outcome_success_state_mse": 0.001924395405389125,
      "h20/state_mse": 0.0029020252103119895,
      "h30/episode_count": 15,
      "h30/final_state_mse": 0.021057782141990913,
      "h30/outcome_drop_episode_count": 3,
      "h30/outcome_drop_final_state_mse": 0.02122935672211491,
      "h30/outcome_drop_state_mse": 0.0049385532055025785,
      "h30/outcome_jam_episode_count": 3,
      "h30/outcome_jam_final_state_mse": 0.022286749353595807,
      "h30/outcome_jam_state_mse": 0.005389603862056026,
      "h30/outcome_miss_episode_count": 3,
      "h30/outcome_miss_final_state_mse": 0.017774327128541236,
      "h30/outcome_miss_state_mse": 0.007357102437736162,
      "h30/outcome_partial_episode_count": 3,
      "h30/outcome_partial_final_state_mse": 0.021978440627553105,
      "h30/outcome_partial_state_mse": 0.004884703019086052,
      "h30/outcome_success_episode_count": 3,
      "h30/outcome_success_final_state_mse": 0.022020044669606328,
      "h30/outcome_success_state_mse": 0.0049032144816612624,
      "h30/state_mse": 0.005494635421985634,
      "h40/episode_count": 15,
      "h40/final_state_mse": 0.1972147224775327,
      "h40/outcome_drop_episode_count": 3,
      "h40/outcome_drop_final_state_mse": 0.15455902324003332,
      "h40/outcome_drop_state_mse": 0.022337157741870756,
      "h40/outcome_jam_episode_count": 3,
      "h40/outcome_jam_final_state_mse": 0.1772616049822639,
      "h40/outcome_jam_state_mse": 0.02500920389212814,
      "h40/outcome_miss_episode_count": 3,
      "h40/outcome_miss_final_state_mse": 0.2964612549426509,
      "h40/outcome_miss_state_mse": 0.03330720078711416,
      "h40/outcome_partial_episode_count": 3,
      "h40/outcome_partial_final_state_mse": 0.18070657268848295,
      "h40/outcome_partial_state_mse": 0.02502456739837048,
      "h40/outcome_success_episode_count": 3,
      "h40/outcome_success_final_state_mse": 0.17708525938146255,
      "h40/outcome_success_state_mse": 0.024680752847708907,
      "h40/state_mse": 0.02607177734375,
      "h50/episode_count": 15,
      "h50/final_state_mse": 1.5041917190053105,
      "h50/outcome_drop_episode_count": 3,
      "h50/outcome_drop_final_state_mse": 1.2859204485525493,
      "h50/outcome_drop_state_mse": 0.13876489776411866,
      "h50/outcome_jam_episode_count": 3,
      "h50/outcome_jam_final_state_mse": 1.2899466246561286,
      "h50/outcome_jam_state_mse": 0.14439962349685967,
      "h50/outcome_miss_episode_count": 3,
      "h50/outcome_miss_final_state_mse": 2.43805639728222,
      "h50/outcome_miss_state_mse": 0.2637894733902676,
      "h50/outcome_partial_episode_count": 3,
      "h50/outcome_partial_final_state_mse": 1.2599766051847172,
      "h50/outcome_partial_state_mse": 0.14378826465482025,
      "h50/outcome_success_episode_count": 3,
      "h50/outcome_success_final_state_mse": 1.2470589806051815,
      "h50/outcome_success_state_mse": 0.1420952970218035,
      "h50/state_mse": 0.16656750408496732,
      "h75/episode_count": 15,
      "h75/final_state_mse": 235.75849673202615,
      "h75/outcome_drop_episode_count": 3,
      "h75/outcome_drop_final_state_mse": 223.7186239404616,
      "h75/outcome_drop_state_mse": 13.891313061683007,
      "h75/outcome_jam_episode_count": 3,
      "h75/outcome_jam_final_state_mse": 205.73307451235704,
      "h75/outcome_jam_state_mse": 12.929729200708062,
      "h75/outcome_miss_episode_count": 3,
      "h75/outcome_miss_final_state_mse": 303.1358762254902,
      "h75/outcome_miss_state_mse": 20.466623604302832,
      "h75/outcome_partial_episode_count": 3,
      "h75/outcome_partial_final_state_mse": 224.8505540236928,
      "h75/outcome_partial_state_mse": 14.109594311683006,
      "h75/outcome_success_episode_count": 3,
      "h75/outcome_success_final_state_mse": 221.3543741064134,
      "h75/outcome_success_state_mse": 13.859133561410676,
      "h75/state_mse": 15.051279956427015,
      "max_requested_horizon": 125,
      "reencode_period": 100,
      "rollout_mode": "periodic_100"
    },
    "periodic_20": {
      "episode_count": 15,
      "h10/episode_count": 15,
      "h10/final_state_mse": 0.0019742460811839383,
      "h10/outcome_drop_episode_count": 3,
      "h10/outcome_drop_final_state_mse": 0.001379697480135494,
      "h10/outcome_drop_state_mse": 0.001441382407362944,
      "h10/outcome_jam_episode_count": 3,
      "h10/outcome_jam_final_state_mse": 0.002251637210838156,
      "h10/outcome_jam_state_mse": 0.0018564525772543515,
      "h10/outcome_miss_episode_count": 3,
      "h10/outcome_miss_final_state_mse": 0.003424041703635571,
      "h10/outcome_miss_state_mse": 0.009583363190195919,
      "h10/outcome_partial_episode_count": 3,
      "h10/outcome_partial_final_state_mse": 0.0014094792647299423,
      "h10/outcome_partial_state_mse": 0.0013744014930101782,
      "h10/outcome_success_episode_count": 3,
      "h10/outcome_success_final_state_mse": 0.0014063747587546803,
      "h10/outcome_success_state_mse": 0.0013762140001346863,
      "h10/state_mse": 0.0031263628192976407,
      "h100/episode_count": 15,
      "h100/final_state_mse": 0.004192963145137612,
      "h100/outcome_drop_episode_count": 3,
      "h100/outcome_drop_final_state_mse": 0.0047775289786407375,
      "h100/outcome_drop_state_mse": 0.002583731981663922,
      "h100/outcome_jam_episode_count": 3,
      "h100/outcome_jam_final_state_mse": 0.004047011433084027,
      "h100/outcome_jam_state_mse": 0.0027654116138134126,
      "h100/outcome_miss_episode_count": 3,
      "h100/outcome_miss_final_state_mse": 0.006411045692325417,
      "h100/outcome_miss_state_mse": 0.004073700188032163,
      "h100/outcome_partial_episode_count": 3,
      "h100/outcome_partial_final_state_mse": 0.002732329362747716,
      "h100/outcome_partial_state_mse": 0.0021808259004081777,
      "h100/outcome_success_episode_count": 3,
      "h100/outcome_success_final_state_mse": 0.0029968993336546654,
      "h100/outcome_success_state_mse": 0.0022175803838991653,
      "h100/state_mse": 0.0027642501132940154,
      "h125/episode_count": 15,
      "h125/final_state_mse": 0.004459449668335759,
      "h125/outcome_drop_episode_count": 3,
      "h125/outcome_drop_final_state_mse": 0.0047931017147170175,
      "h125/outcome_drop_state_mse": 0.003209154914407169,
      "h125/outcome_jam_episode_count": 3,
      "h125/outcome_jam_final_state_mse": 0.005889028749045204,
      "h125/outcome_jam_state_mse": 0.0032606767641952614,
      "h125/outcome_miss_episode_count": 3,
      "h125/outcome_miss_final_state_mse": 0.00432048820787006,
      "h125/outcome_miss_state_mse": 0.004265951617870456,
      "h125/outcome_partial_episode_count": 3,
      "h125/outcome_partial_final_state_mse": 0.0025702058733288757,
      "h125/outcome_partial_state_mse": 0.0022673245099634905,
      "h125/outcome_success_episode_count": 3,
      "h125/outcome_success_final_state_mse": 0.004724423285403283,
      "h125/outcome_success_state_mse": 0.002625661014731413,
      "h125/state_mse": 0.003125753484987745,
      "h20/episode_count": 15,
      "h20/final_state_mse": 0.004386807111353656,
      "h20/outcome_drop_episode_count": 3,
      "h20/outcome_drop_final_state_mse": 0.004197011586108239,
      "h20/outcome_drop_state_mse": 0.001977603731591717,
      "h20/outcome_jam_episode_count": 3,
      "h20/outcome_jam_final_state_mse": 0.0047540667594647874,
      "h20/outcome_jam_state_mse": 0.0023419509915744556,
      "h20/outcome_miss_episode_count": 3,
      "h20/outcome_miss_final_state_mse": 0.0043358566129908845,
      "h20/outcome_miss_state_mse": 0.0063511750277350934,
      "h20/outcome_partial_episode_count": 3,
      "h20/outcome_partial_final_state_mse": 0.0042450890626782685,
      "h20/outcome_partial_state_mse": 0.0019149998044655993,
      "h20/outcome_success_episode_count": 3,
      "h20/outcome_success_final_state_mse": 0.004402011827705732,
      "h20/outcome_success_state_mse": 0.001924395405389125,
      "h20/state_mse": 0.0029020252103119895,
      "h30/episode_count": 15,
      "h30/final_state_mse": 0.0015670732735029232,
      "h30/outcome_drop_episode_count": 3,
      "h30/outcome_drop_final_state_mse": 0.0015033446008863012,
      "h30/outcome_drop_state_mse": 0.0019537601855325803,
      "h30/outcome_jam_episode_count": 3,
      "h30/outcome_jam_final_state_mse": 0.0016955181566718357,
      "h30/outcome_jam_state_mse": 0.0022899742479677554,
      "h30/outcome_miss_episode_count": 3,
      "h30/outcome_miss_final_state_mse": 0.0017176961246269202,
      "h30/outcome_miss_state_mse": 0.004986755624575812,
      "h30/outcome_partial_episode_count": 3,
      "h30/outcome_partial_final_state_mse": 0.001433050186902869,
      "h30/outcome_partial_state_mse": 0.001890221400458309,
      "h30/outcome_success_episode_count": 3,
      "h30/outcome_success_final_state_mse": 0.0014857574566906574,
      "h30/outcome_success_state_mse": 0.001902691107689685,
      "h30/state_mse": 0.002604680611936615,
      "h40/episode_count": 15,
      "h40/final_state_mse": 0.0029268592011694817,
      "h40/outcome_drop_episode_count": 3,
      "h40/outcome_drop_final_state_mse": 0.0028937772598141938,
      "h40/outcome_drop_state_mse": 0.002013226389105803,
      "h40/outcome_jam_episode_count": 3,
      "h40/outcome_jam_final_state_mse": 0.002767377624324724,
      "h40/outcome_jam_state_mse": 0.0023042259652630175,
      "h40/outcome_miss_episode_count": 3,
      "h40/outcome_miss_final_state_mse": 0.0037895966978634104,
      "h40/outcome_miss_state_mse": 0.004357645558375939,
      "h40/outcome_partial_episode_count": 3,
      "h40/outcome_partial_final_state_mse": 0.0025581960487209895,
      "h40/outcome_partial_state_mse": 0.0018726454840766059,
      "h40/outcome_success_episode_count": 3,
      "h40/outcome_success_final_state_mse": 0.0026253480342478533,
      "h40/outcome_success_state_mse": 0.0018915624400369481,
      "h40/state_mse": 0.002487861284243515,
      "h50/episode_count": 15,
      "h50/final_state_mse": 0.0019261026694104562,
      "h50/outcome_drop_episode_count": 3,
      "h50/outcome_drop_final_state_mse": 0.0019001193782862496,
      "h50/outcome_drop_state_mse": 0.0021298687130797142,
      "h50/outcome_jam_episode_count": 3,
      "h50/outcome_jam_final_state_mse": 0.0024285809276929867,
      "h50/outcome_jam_state_mse": 0.002413543314715616,
      "h50/outcome_miss_episode_count": 3,
      "h50/outcome_miss_final_state_mse": 0.001748889197711072,
      "h50/outcome_miss_state_mse": 0.003959833531597861,
      "h50/outcome_partial_episode_count": 3,
      "h50/outcome_partial_final_state_mse": 0.0017715463402614095,
      "h50/outcome_partial_state_mse": 0.0019777438219855813,
      "h50/outcome_success_episode_count": 3,
      "h50/outcome_success_final_state_mse": 0.001781378282246247,
      "h50/outcome_success_state_mse": 0.002005163236381182,
      "h50/state_mse": 0.0024972304799198326,
      "h75/episode_count": 15,
      "h75/final_state_mse": 0.0038698719997032017,
      "h75/outcome_drop_episode_count": 3,
      "h75/outcome_drop_final_state_mse": 0.002536166483670278,
      "h75/outcome_drop_state_mse": 0.00214157262399046,
      "h75/outcome_jam_episode_count": 3,
      "h75/outcome_jam_final_state_mse": 0.004246570510801926,
      "h75/outcome_jam_state_mse": 0.002667692886718218,
      "h75/outcome_miss_episode_count": 3,
      "h75/outcome_miss_final_state_mse": 0.004877809654263889,
      "h75/outcome_miss_state_mse": 0.0036430045566267955,
      "h75/outcome_partial_episode_count": 3,
      "h75/outcome_partial_final_state_mse": 0.0039063806042951696,
      "h75/outcome_partial_state_mse": 0.0021112664332836543,
      "h75/outcome_success_episode_count": 3,
      "h75/outcome_success_final_state_mse": 0.00378243279418135,
      "h75/outcome_success_state_mse": 0.0021383175818748723,
      "h75/state_mse": 0.002540370700146378,
      "max_requested_horizon": 125,
      "reencode_period": 20,
      "rollout_mode": "periodic_20"
    },
    "periodic_50": {
      "episode_count": 15,
      "h10/episode_count": 15,
      "h10/final_state_mse": 0.0019742460811839383,
      "h10/outcome_drop_episode_count": 3,
      "h10/outcome_drop_final_state_mse": 0.001379697480135494,
      "h10/outcome_drop_state_mse": 0.001441382407362944,
      "h10/outcome_jam_episode_count": 3,
      "h10/outcome_jam_final_state_mse": 0.002251637210838156,
      "h10/outcome_jam_state_mse": 0.0018564525772543515,
      "h10/outcome_miss_episode_count": 3,
      "h10/outcome_miss_final_state_mse": 0.003424041703635571,
      "h10/outcome_miss_state_mse": 0.009583363190195919,
      "h10/outcome_partial_episode_count": 3,
      "h10/outcome_partial_final_state_mse": 0.0014094792647299423,
      "h10/outcome_partial_state_mse": 0.0013744014930101782,
      "h10/outcome_success_episode_count": 3,
      "h10/outcome_success_final_state_mse": 0.0014063747587546803,
      "h10/outcome_success_state_mse": 0.0013762140001346863,
      "h10/state_mse": 0.0031263628192976407,
      "h100/episode_count": 15,
      "h100/final_state_mse": 27.343420649509802,
      "h100/outcome_drop_episode_count": 3,
      "h100/outcome_drop_final_state_mse": 31.13250692529616,
      "h100/outcome_drop_state_mse": 1.9587711269403594,
      "h100/outcome_jam_episode_count": 3,
      "h100/outcome_jam_final_state_mse": 26.772273044960173,
      "h100/outcome_jam_state_mse": 1.651705761080474,
      "h100/outcome_miss_episode_count": 3,
      "h100/outcome_miss_final_state_mse": 21.06229096456291,
      "h100/outcome_miss_state_mse": 1.6307561338337417,
      "h100/outcome_partial_episode_count": 3,
      "h100/outcome_partial_final_state_mse": 28.87265034594567,
      "h100/outcome_partial_state_mse": 1.8207823988970588,
      "h100/outcome_success_episode_count": 3,
      "h100/outcome_success_final_state_mse": 28.87738715277778,
      "h100/outcome_success_state_mse": 1.8230713528901143,
      "h100/state_mse": 1.777017361111111,
      "h125/episode_count": 15,
      "h125/final_state_mse": 13.615344158496733,
      "h125/outcome_drop_episode_count": 3,
      "h125/outcome_drop_final_state_mse": 7.229760861864277,
      "h125/outcome_drop_state_mse": 2.7875195057189543,
      "h125/outcome_jam_episode_count": 3,
      "h125/outcome_jam_final_state_mse": 9.41405581804662,
      "h125/outcome_jam_state_mse": 2.2911217320261437,
      "h125/outcome_miss_episode_count": 3,
      "h125/outcome_miss_final_state_mse": 33.65227722965814,
      "h125/outcome_miss_state_mse": 3.106093545751634,
      "h125/outcome_partial_episode_count": 3,
      "h125/outcome_partial_final_state_mse": 8.746809417126226,
      "h125/outcome_partial_state_mse": 2.491964256535948,
      "h125/outcome_success_episode_count": 3,
      "h125/outcome_success_final_state_mse": 9.033821853936887,
      "h125/outcome_success_state_mse": 2.516230545343137,
      "h125/state_mse": 2.6385857843137255,
      "h20/episode_count": 15,
      "h20/final_state_mse": 0.004386807111353656,
      "h20/outcome_drop_episode_count": 3,
      "h20/outcome_drop_final_state_mse": 0.004197011586108239,
      "h20/outcome_drop_state_mse": 0.001977603731591717,
      "h20/outcome_jam_episode_count": 3,
      "h20/outcome_jam_final_state_mse": 0.0047540667594647874,
      "h20/outcome_jam_state_mse": 0.0023419509915744556,
      "h20/outcome_miss_episode_count": 3,
      "h20/outcome_miss_final_state_mse": 0.0043358566129908845,
      "h20/outcome_miss_state_mse": 0.0063511750277350934,
      "h20/outcome_partial_episode_count": 3,
      "h20/outcome_partial_final_state_mse": 0.0042450890626782685,
      "h20/outcome_partial_state_mse": 0.0019149998044655993,
      "h20/outcome_success_episode_count": 3,
      "h20/outcome_success_final_state_mse": 0.004402011827705732,
      "h20/outcome_success_state_mse": 0.001924395405389125,
      "h20/state_mse": 0.0029020252103119895,
      "h30/episode_count": 15,
      "h30/final_state_mse": 0.021057782141990913,
      "h30/outcome_drop_episode_count": 3,
      "h30/outcome_drop_final_state_mse": 0.02122935672211491,
      "h30/outcome_drop_state_mse": 0.0049385532055025785,
      "h30/outcome_jam_episode_count": 3,
      "h30/outcome_jam_final_state_mse": 0.022286749353595807,
      "h30/outcome_jam_state_mse": 0.005389603862056026,
      "h30/outcome_miss_episode_count": 3,
      "h30/outcome_miss_final_state_mse": 0.017774327128541236,
      "h30/outcome_miss_state_mse": 0.007357102437736162,
      "h30/outcome_partial_episode_count": 3,
      "h30/outcome_partial_final_state_mse": 0.021978440627553105,
      "h30/outcome_partial_state_mse": 0.004884703019086052,
      "h30/outcome_success_episode_count": 3,
      "h30/outcome_success_final_state_mse": 0.022020044669606328,
      "h30/outcome_success_state_mse": 0.0049032144816612624,
      "h30/state_mse": 0.005494635421985634,
      "h40/episode_count": 15,
      "h40/final_state_mse": 0.1972147224775327,
      "h40/outcome_drop_episode_count": 3,
      "h40/outcome_drop_final_state_mse": 0.15455902324003332,
      "h40/outcome_drop_state_mse": 0.022337157741870756,
      "h40/outcome_jam_episode_count": 3,
      "h40/outcome_jam_final_state_mse": 0.1772616049822639,
      "h40/outcome_jam_state_mse": 0.02500920389212814,
      "h40/outcome_miss_episode_count": 3,
      "h40/outcome_miss_final_state_mse": 0.2964612549426509,
      "h40/outcome_miss_state_mse": 0.03330720078711416,
      "h40/outcome_partial_episode_count": 3,
      "h40/outcome_partial_final_state_mse": 0.18070657268848295,
      "h40/outcome_partial_state_mse": 0.02502456739837048,
      "h40/outcome_success_episode_count": 3,
      "h40/outcome_success_final_state_mse": 0.17708525938146255,
      "h40/outcome_success_state_mse": 0.024680752847708907,
      "h40/state_mse": 0.02607177734375,
      "h50/episode_count": 15,
      "h50/final_state_mse": 1.5041917190053105,
      "h50/outcome_drop_episode_count": 3,
      "h50/outcome_drop_final_state_mse": 1.2859204485525493,
      "h50/outcome_drop_state_mse": 0.13876489776411866,
      "h50/outcome_jam_episode_count": 3,
      "h50/outcome_jam_final_state_mse": 1.2899466246561286,
      "h50/outcome_jam_state_mse": 0.14439962349685967,
      "h50/outcome_miss_episode_count": 3,
      "h50/outcome_miss_final_state_mse": 2.43805639728222,
      "h50/outcome_miss_state_mse": 0.2637894733902676,
      "h50/outcome_partial_episode_count": 3,
      "h50/outcome_partial_final_state_mse": 1.2599766051847172,
      "h50/outcome_partial_state_mse": 0.14378826465482025,
      "h50/outcome_success_episode_count": 3,
      "h50/outcome_success_final_state_mse": 1.2470589806051815,
      "h50/outcome_success_state_mse": 0.1420952970218035,
      "h50/state_mse": 0.16656750408496732,
      "h75/episode_count": 15,
      "h75/final_state_mse": 0.801058900122549,
      "h75/outcome_drop_episode_count": 3,
      "h75/outcome_drop_final_state_mse": 0.6288985769733105,
      "h75/outcome_drop_state_mse": 0.22725368790636916,
      "h75/outcome_jam_episode_count": 3,
      "h75/outcome_jam_final_state_mse": 0.5623944662754832,
      "h75/outcome_jam_state_mse": 0.2258554057202308,
      "h75/outcome_miss_episode_count": 3,
      "h75/outcome_miss_final_state_mse": 1.4902199015897863,
      "h75/outcome_miss_state_mse": 0.4629102626293573,
      "h75/outcome_partial_episode_count": 3,
      "h75/outcome_partial_final_state_mse": 0.6669572568407246,
      "h75/outcome_partial_state_mse": 0.22743213794849537,
      "h75/outcome_success_episode_count": 3,
      "h75/outcome_success_final_state_mse": 0.6568243612650952,
      "h75/outcome_success_state_mse": 0.22464351745472494,
      "h75/state_mse": 0.2736189916938998,
      "max_requested_horizon": 125,
      "reencode_period": 50,
      "rollout_mode": "periodic_50"
    }
  },
  "split": "test",
  "support_alignment": {
    "contact_phase": {
      "contact_phase_family_ari": 0.0,
      "contact_phase_family_nmi": 0.0,
      "contact_phase_family_purity": 0.9996668887408394,
      "contact_phase_sample_count": 3002.0,
      "h_contact_phase_given_family": 0.0030002889533867266,
      "h_family_given_contact_phase": 0.0,
      "unique_contact_phase_count": 2.0,
      "unique_family_count": 1.0
    },
    "contact_phase_alignment_available": true,
    "evaluated_state_count": 3017,
    "family_count": 1,
    "mean_family_similarity": 0.5726287364959717,
    "mean_support_size": 235.08816705336426,
    "outcome_alignment_available": true,
    "outcome_state": {
      "h_family_given_outcome": 0.0,
      "h_outcome_given_family": 1.6094379124341005,
      "outcome_family_ari": 0.0,
      "outcome_family_nmi": 0.0,
      "outcome_family_purity": 0.2,
      "outcome_sample_count": 15.0,
      "unique_family_count": 1.0,
      "unique_outcome_count": 5.0
    },
    "status": "ok",
    "unassigned_state_fraction": 0.0,
    "validation_state_count": 2346
  },
  "support_threshold": 0.2
}
{
  "best_periodic_rollout": {
    "episode_count": 15,
    "h10/episode_count": 15,
    "h10/final_state_mse": 0.0019307778551687603,
    "h10/outcome_drop_episode_count": 3,
    "h10/outcome_drop_final_state_mse": 0.0013353539740338044,
    "h10/outcome_drop_state_mse": 0.0013912337473015381,
    "h10/outcome_jam_episode_count": 3,
    "h10/outcome_jam_final_state_mse": 0.0021758670218629773,
    "h10/outcome_jam_state_mse": 0.0017981249522539525,
    "h10/outcome_miss_episode_count": 3,
    "h10/outcome_miss_final_state_mse": 0.0034336319156721526,
    "h10/outcome_miss_state_mse": 0.009545089840109832,
    "h10/outcome_partial_episode_count": 3,
    "h10/outcome_partial_final_state_mse": 0.0013578063838816936,
    "h10/outcome_partial_state_mse": 0.0013202294804691489,
    "h10/outcome_success_episode_count": 3,
    "h10/outcome_success_final_state_mse": 0.0013512307717130074,
    "h10/outcome_success_state_mse": 0.0013205412556143367,
    "h10/selected_mode": "periodic_10",
    "h10/selected_period": 10,
    "h10/state_mse": 0.0030750439213771447,
    "h100/episode_count": 15,
    "h100/final_state_mse": 0.0034669620538848676,
    "h100/outcome_drop_episode_count": 3,
    "h100/outcome_drop_final_state_mse": 0.0025212522230896295,
    "h100/outcome_drop_state_mse": 0.0019036491867763545,
    "h100/outcome_jam_episode_count": 3,
    "h100/outcome_jam_final_state_mse": 0.004599098530080583,
    "h100/outcome_jam_state_mse": 0.00262807506361818,
    "h100/outcome_miss_episode_count": 3,
    "h100/outcome_miss_final_state_mse": 0.005144702818463831,
    "h100/outcome_miss_state_mse": 0.0032941590726765155,
    "h100/outcome_partial_episode_count": 3,
    "h100/outcome_partial_final_state_mse": 0.0015947066393553041,
    "h100/outcome_partial_state_mse": 0.0016916312423406862,
    "h100/outcome_success_episode_count": 3,
    "h100/outcome_success_final_state_mse": 0.003475049595817242,
    "h100/outcome_success_state_mse": 0.002107925072214962,
    "h100/selected_mode": "periodic_10",
    "h100/selected_period": 10,
    "h100/state_mse": 0.002325088002323325,
    "h125/episode_count": 15,
    "h125/final_state_mse": 0.0066932416429706645,
    "h125/outcome_drop_episode_count": 3,
    "h125/outcome_drop_final_state_mse": 0.006673190036630318,
    "h125/outcome_drop_state_mse": 0.002488567526823555,
    "h125/outcome_jam_episode_count": 3,
    "h125/outcome_jam_final_state_mse": 0.008850175862997965,
    "h125/outcome_jam_state_mse": 0.003383797140682445,
    "h125/outcome_miss_episode_count": 3,
    "h125/outcome_miss_final_state_mse": 0.009511043287180608,
    "h125/outcome_miss_state_mse": 0.0038926442464192706,
    "h125/outcome_partial_episode_count": 3,
    "h125/outcome_partial_final_state_mse": 0.001519456481427149,
    "h125/outcome_partial_state_mse": 0.0016702117919921875,
    "h125/outcome_success_episode_count": 3,
    "h125/outcome_success_final_state_mse": 0.0069123436666392035,
    "h125/outcome_success_state_mse": 0.0026455870983647365,
    "h125/selected_mode": "periodic_10",
    "h125/selected_period": 10,
    "h125/state_mse": 0.0028161614710988563,
    "h20/episode_count": 15,
    "h20/final_state_mse": 0.0014173149283415352,
    "h20/outcome_drop_episode_count": 3,
    "h20/outcome_drop_final_state_mse": 0.001237775972173884,
    "h20/outcome_drop_state_mse": 0.0013604757637759438,
    "h20/outcome_jam_episode_count": 3,
    "h20/outcome_jam_final_state_mse": 0.0014671735416829975,
    "h20/outcome_jam_state_mse": 0.0017181161961524315,
    "h20/outcome_miss_episode_count": 3,
    "h20/outcome_miss_final_state_mse": 0.002094080196876152,
    "h20/outcome_miss_state_mse": 0.006233836934457417,
    "h20/outcome_partial_episode_count": 3,
    "h20/outcome_partial_final_state_mse": 0.0011083886538650475,
    "h20/outcome_partial_state_mse": 0.0012796397887024225,
    "h20/outcome_success_episode_count": 3,
    "h20/outcome_success_final_state_mse": 0.0011791564718960158,
    "h20/outcome_success_state_mse": 0.0012915051840489207,
    "h20/selected_mode": "periodic_10",
    "h20/selected_period": 10,
    "h20/state_mse": 0.0023767147188872295,
    "h30/episode_count": 15,
    "h30/final_state_mse": 0.0012376795407214197,
    "h30/outcome_drop_episode_count": 3,
    "h30/outcome_drop_final_state_mse": 0.0012129741580852497,
    "h30/outcome_drop_state_mse": 0.0014137128599328933,
    "h30/outcome_jam_episode_count": 3,
    "h30/outcome_jam_final_state_mse": 0.001435721938321793,
    "h30/outcome_jam_state_mse": 0.0017483230509789162,
    "h30/outcome_miss_episode_count": 3,
    "h30/outcome_miss_final_state_mse": 0.0012360184995177524,
    "h30/outcome_miss_state_mse": 0.0046982998941458905,
    "h30/outcome_partial_episode_count": 3,
    "h30/outcome_partial_final_state_mse": 0.001126098988297718,
    "h30/outcome_partial_state_mse": 0.0013379266059476566,
    "h30/outcome_success_episode_count": 3,
    "h30/outcome_success_final_state_mse": 0.00117758388807571,
    "h30/outcome_success_state_mse": 0.0013501904369179719,
    "h30/selected_mode": "periodic_10",
    "h30/selected_period": 10,
    "h30/state_mse": 0.0021096903150637425,
    "h40/episode_count": 15,
    "h40/final_state_mse": 0.001444198882657718,
    "h40/outcome_drop_episode_count": 3,
    "h40/outcome_drop_final_state_mse": 0.0014328683416048686,
    "h40/outcome_drop_state_mse": 0.0015609677126205046,
    "h40/outcome_jam_episode_count": 3,
    "h40/outcome_jam_final_state_mse": 0.00148622428669649,
    "h40/outcome_jam_state_mse": 0.0018272197714038923,
    "h40/outcome_miss_episode_count": 3,
    "h40/outcome_miss_final_state_mse": 0.0015892752878416598,
    "h40/outcome_miss_state_mse": 0.003983998064901314,
    "h40/outcome_partial_episode_count": 3,
    "h40/outcome_partial_final_state_mse": 0.001324936090146794,
    "h40/outcome_partial_state_mse": 0.0014169800904841204,
    "h40/outcome_success_episode_count": 3,
    "h40/outcome_success_final_state_mse": 0.001387690504391988,
    "h40/outcome_success_state_mse": 0.001433759966706918,
    "h40/selected_mode": "periodic_10",
    "h40/selected_period": 10,
    "h40/state_mse": 0.0020445849848728555,
    "h50/episode_count": 15,
    "h50/final_state_mse": 0.0016494041953990662,
    "h50/outcome_drop_episode_count": 3,
    "h50/outcome_drop_final_state_mse": 0.0014899229399519028,
    "h50/outcome_drop_state_mse": 0.001654346129473518,
    "h50/outcome_jam_episode_count": 3,
    "h50/outcome_jam_final_state_mse": 0.0020857903059401544,
    "h50/outcome_jam_state_mse": 0.0019703715766956603,
    "h50/outcome_miss_episode_count": 3,
    "h50/outcome_miss_final_state_mse": 0.001625591049007341,
    "h50/outcome_miss_state_mse": 0.0035838678148057725,
    "h50/outcome_partial_episode_count": 3,
    "h50/outcome_partial_final_state_mse": 0.001507288417200637,
    "h50/outcome_partial_state_mse": 0.0015370425367667005,
    "h50/outcome_success_episode_count": 3,
    "h50/outcome_success_final_state_mse": 0.0015384285083783217,
    "h50/outcome_success_state_mse": 0.0015606554505092646,
    "h50/selected_mode": "periodic_10",
    "h50/selected_period": 10,
    "h50/state_mse": 0.0020612567577486724,
    "h75/episode_count": 15,
    "h75/final_state_mse": 0.00330305598140542,
    "h75/outcome_drop_episode_count": 3,
    "h75/outcome_drop_final_state_mse": 0.002144203296089484,
    "h75/outcome_drop_state_mse": 0.0016887315114339193,
    "h75/outcome_jam_episode_count": 3,
    "h75/outcome_jam_final_state_mse": 0.0034657856997321636,
    "h75/outcome_jam_state_mse": 0.002228532678940717,
    "h75/outcome_miss_episode_count": 3,
    "h75/outcome_miss_final_state_mse": 0.0045980767048651875,
    "h75/outcome_miss_state_mse": 0.0031666548319631673,
    "h75/outcome_partial_episode_count": 3,
    "h75/outcome_partial_final_state_mse": 0.0029040534609283495,
    "h75/outcome_partial_state_mse": 0.00170455716534118,
    "h75/outcome_success_episode_count": 3,
    "h75/outcome_success_final_state_mse": 0.0034031605993221008,
    "h75/outcome_success_state_mse": 0.0017502058357454853,
    "h75/selected_mode": "periodic_10",
    "h75/selected_period": 10,
    "h75/state_mse": 0.0021077364919492103,
    "max_requested_horizon": 125,
    "periodic_reencode_periods": [
      10,
      20,
      50,
      100
    ],
    "rollout_mode": "best_periodic"
  },
  "checkpoint": "runs/maniskill_insertion/perturbation_e20_5k_lista_tuning_initial_20260603_185857_fullperiodic/lista_relu_a0p001_sp1em4/seed0/checkpoint.pt",
  "checkpoint_step": 2500,
  "dataset": "data/maniskill/perturbation_assessment_seed0_e20/all_setups.npz",
  "device": "cuda",
  "family_jaccard": 0.4,
  "horizons": [
    10,
    20,
    30,
    40,
    50,
    75,
    100,
    125
  ],
  "labels_used_for_training": false,
  "periodic_reencode_periods": [
    10,
    20,
    50,
    100
  ],
  "rollout": {
    "episode_count": 15,
    "h10/episode_count": 15,
    "h10/final_state_mse": 0.0019307772318522135,
    "h10/outcome_drop_episode_count": 3,
    "h10/outcome_drop_final_state_mse": 0.0013353530001017004,
    "h10/outcome_drop_state_mse": 0.0013912338446947484,
    "h10/outcome_jam_episode_count": 3,
    "h10/outcome_jam_final_state_mse": 0.0021758658287961497,
    "h10/outcome_jam_state_mse": 0.0017981245626811108,
    "h10/outcome_miss_episode_count": 3,
    "h10/outcome_miss_final_state_mse": 0.0034336317208857317,
    "h10/outcome_miss_state_mse": 0.009545089060964148,
    "h10/outcome_partial_episode_count": 3,
    "h10/outcome_partial_final_state_mse": 0.001357805434297892,
    "h10/outcome_partial_state_mse": 0.0013202295583837173,
    "h10/outcome_success_episode_count": 3,
    "h10/outcome_success_final_state_mse": 0.0013512301995278963,
    "h10/outcome_success_state_mse": 0.0013205411192638422,
    "h10/state_mse": 0.0030750434227239075,
    "h100/episode_count": 15,
    "h100/final_state_mse": 74970.1908496732,
    "h100/outcome_drop_episode_count": 3,
    "h100/outcome_drop_final_state_mse": 76841.80024509804,
    "h100/outcome_drop_state_mse": 3839.5781699346403,
    "h100/outcome_jam_episode_count": 3,
    "h100/outcome_jam_final_state_mse": 75189.76062091504,
    "h100/outcome_jam_state_mse": 3763.5757843137253,
    "h100/outcome_miss_episode_count": 3,
    "h100/outcome_miss_final_state_mse": 69840.31454248365,
    "h100/outcome_miss_state_mse": 3232.3183986928107,
    "h100/outcome_partial_episode_count": 3,
    "h100/outcome_partial_final_state_mse": 76585.61764705883,
    "h100/outcome_partial_state_mse": 3856.2428104575165,
    "h100/outcome_success_episode_count": 3,
    "h100/outcome_success_final_state_mse": 76393.4591503268,
    "h100/outcome_success_state_mse": 3834.0078758169934,
    "h100/state_mse": 3705.1444705882354,
    "h125/episode_count": 15,
    "h125/final_state_mse": 22383016.324183006,
    "h125/outcome_drop_episode_count": 3,
    "h125/outcome_drop_final_state_mse": 22323834.562091503,
    "h125/outcome_drop_state_mse": 874527.4428235294,
    "h125/outcome_jam_episode_count": 3,
    "h125/outcome_jam_final_state_mse": 20696901.647058822,
    "h125/outcome_jam_state_mse": 813509.8127058824,
    "h125/outcome_miss_episode_count": 3,
    "h125/outcome_miss_final_state_mse": 28625372.91503268,
    "h125/outcome_miss_state_mse": 1077446.630901961,
    "h125/outcome_partial_episode_count": 3,
    "h125/outcome_partial_final_state_mse": 19862131.241830066,
    "h125/outcome_partial_state_mse": 792728.8704836601,
    "h125/outcome_success_episode_count": 3,
    "h125/outcome_success_final_state_mse": 20406845.28104575,
    "h125/outcome_success_state_mse": 810822.0201830065,
    "h125/state_mse": 873806.993903268,
    "h20/episode_count": 15,
    "h20/final_state_mse": 0.003985418057909199,
    "h20/outcome_drop_episode_count": 3,
    "h20/outcome_drop_final_state_mse": 0.0037903300200412475,
    "h20/outcome_drop_state_mse": 0.0018530339197395673,
    "h20/outcome_jam_episode_count": 3,
    "h20/outcome_jam_final_state_mse": 0.004450369407148922,
    "h20/outcome_jam_state_mse": 0.0021923573967678094,
    "h20/outcome_miss_episode_count": 3,
    "h20/outcome_miss_final_state_mse": 0.00380373975030737,
    "h20/outcome_miss_state_mse": 0.0062451389879962195,
    "h20/outcome_partial_episode_count": 3,
    "h20/outcome_partial_final_state_mse": 0.003847296428836249,
    "h20/outcome_partial_state_mse": 0.0017780698397580315,
    "h20/outcome_success_episode_count": 3,
    "h20/outcome_success_final_state_mse": 0.004035354147549548,
    "h20/outcome_success_state_mse": 0.0017925901350632212,
    "h20/state_mse": 0.0027722382389642054,
    "h30/episode_count": 15,
    "h30/final_state_mse": 0.021605777117161967,
    "h30/outcome_drop_episode_count": 3,
    "h30/outcome_drop_final_state_mse": 0.023737517057680617,
    "h30/outcome_drop_state_mse": 0.004802476554654523,
    "h30/outcome_jam_episode_count": 3,
    "h30/outcome_jam_final_state_mse": 0.023677490505517696,
    "h30/outcome_jam_state_mse": 0.005036526411966561,
    "h30/outcome_miss_episode_count": 3,
    "h30/outcome_miss_final_state_mse": 0.011196759012010362,
    "h30/outcome_miss_state_mse": 0.006238975504125125,
    "h30/outcome_partial_episode_count": 3,
    "h30/outcome_partial_final_state_mse": 0.0249876746165207,
    "h30/outcome_partial_state_mse": 0.004758341068276133,
    "h30/outcome_success_episode_count": 3,
    "h30/outcome_success_final_state_mse": 0.024429444394080468,
    "h30/outcome_success_state_mse": 0.004717916912502713,
    "h30/state_mse": 0.005110846957869519,
    "h40/episode_count": 15,
    "h40/final_state_mse": 0.23394887088950164,
    "h40/outcome_drop_episode_count": 3,
    "h40/outcome_drop_final_state_mse": 0.2299425773371279,
    "h40/outcome_drop_state_mse": 0.029706362182018803,
    "h40/outcome_jam_episode_count": 3,
    "h40/outcome_jam_final_state_mse": 0.23533147612428354,
    "h40/outcome_jam_state_mse": 0.030516755347158395,
    "h40/outcome_miss_episode_count": 3,
    "h40/outcome_miss_final_state_mse": 0.2203744221356959,
    "h40/outcome_miss_state_mse": 0.02510082581463982,
    "h40/outcome_partial_episode_count": 3,
    "h40/outcome_partial_final_state_mse": 0.2461900212406333,
    "h40/outcome_partial_state_mse": 0.03188269995396433,
    "h40/outcome_success_episode_count": 3,
    "h40/outcome_success_final_state_mse": 0.23790591370825673,
    "h40/outcome_success_state_mse": 0.030801736295612808,
    "h40/state_mse": 0.029601675794015524,
    "h50/episode_count": 15,
    "h50/final_state_mse": 1.3254106509140113,
    "h50/outcome_drop_episode_count": 3,
    "h50/outcome_drop_final_state_mse": 1.3792359096552032,
    "h50/outcome_drop_state_mse": 0.17058966144237642,
    "h50/outcome_jam_episode_count": 3,
    "h50/outcome_jam_final_state_mse": 1.3623733769834432,
    "h50/outcome_jam_state_mse": 0.17051169002757352,
    "h50/outcome_miss_episode_count": 3,
    "h50/outcome_miss_final_state_mse": 1.2348292980318756,
    "h50/outcome_miss_state_mse": 0.16090449912875307,
    "h50/outcome_partial_episode_count": 3,
    "h50/outcome_partial_final_state_mse": 1.3405240376790364,
    "h50/outcome_partial_state_mse": 0.17158368677874797,
    "h50/outcome_success_episode_count": 3,
    "h50/outcome_success_final_state_mse": 1.3100905200235204,
    "h50/outcome_success_state_mse": 0.16729851018369588,
    "h50/state_mse": 0.16817760671977125,
    "h75/episode_count": 15,
    "h75/final_state_mse": 232.19462826797385,
    "h75/outcome_drop_episode_count": 3,
    "h75/outcome_drop_final_state_mse": 251.8331290849673,
    "h75/outcome_drop_state_mse": 15.478031088303377,
    "h75/outcome_jam_episode_count": 3,
    "h75/outcome_jam_final_state_mse": 249.26277110779208,
    "h75/outcome_jam_state_mse": 15.445574235770698,
    "h75/outcome_miss_episode_count": 3,
    "h75/outcome_miss_final_state_mse": 135.04224231196386,
    "h75/outcome_miss_state_mse": 8.831021369485294,
    "h75/outcome_partial_episode_count": 3,
    "h75/outcome_partial_final_state_mse": 265.1427923464308,
    "h75/outcome_partial_state_mse": 16.376732068695535,
    "h75/outcome_success_episode_count": 3,
    "h75/outcome_success_final_state_mse": 259.69221047794116,
    "h75/outcome_success_state_mse": 15.994536441312636,
    "h75/state_mse": 14.425178649237473,
    "max_requested_horizon": 125,
    "reencode_period": null,
    "rollout_mode": "no_reencode"
  },
  "rollout_modes": {
    "no_reencode": {
      "episode_count": 15,
      "h10/episode_count": 15,
      "h10/final_state_mse": 0.0019307772318522135,
      "h10/outcome_drop_episode_count": 3,
      "h10/outcome_drop_final_state_mse": 0.0013353530001017004,
      "h10/outcome_drop_state_mse": 0.0013912338446947484,
      "h10/outcome_jam_episode_count": 3,
      "h10/outcome_jam_final_state_mse": 0.0021758658287961497,
      "h10/outcome_jam_state_mse": 0.0017981245626811108,
      "h10/outcome_miss_episode_count": 3,
      "h10/outcome_miss_final_state_mse": 0.0034336317208857317,
      "h10/outcome_miss_state_mse": 0.009545089060964148,
      "h10/outcome_partial_episode_count": 3,
      "h10/outcome_partial_final_state_mse": 0.001357805434297892,
      "h10/outcome_partial_state_mse": 0.0013202295583837173,
      "h10/outcome_success_episode_count": 3,
      "h10/outcome_success_final_state_mse": 0.0013512301995278963,
      "h10/outcome_success_state_mse": 0.0013205411192638422,
      "h10/state_mse": 0.0030750434227239075,
      "h100/episode_count": 15,
      "h100/final_state_mse": 74970.1908496732,
      "h100/outcome_drop_episode_count": 3,
      "h100/outcome_drop_final_state_mse": 76841.80024509804,
      "h100/outcome_drop_state_mse": 3839.5781699346403,
      "h100/outcome_jam_episode_count": 3,
      "h100/outcome_jam_final_state_mse": 75189.76062091504,
      "h100/outcome_jam_state_mse": 3763.5757843137253,
      "h100/outcome_miss_episode_count": 3,
      "h100/outcome_miss_final_state_mse": 69840.31454248365,
      "h100/outcome_miss_state_mse": 3232.3183986928107,
      "h100/outcome_partial_episode_count": 3,
      "h100/outcome_partial_final_state_mse": 76585.61764705883,
      "h100/outcome_partial_state_mse": 3856.2428104575165,
      "h100/outcome_success_episode_count": 3,
      "h100/outcome_success_final_state_mse": 76393.4591503268,
      "h100/outcome_success_state_mse": 3834.0078758169934,
      "h100/state_mse": 3705.1444705882354,
      "h125/episode_count": 15,
      "h125/final_state_mse": 22383016.324183006,
      "h125/outcome_drop_episode_count": 3,
      "h125/outcome_drop_final_state_mse": 22323834.562091503,
      "h125/outcome_drop_state_mse": 874527.4428235294,
      "h125/outcome_jam_episode_count": 3,
      "h125/outcome_jam_final_state_mse": 20696901.647058822,
      "h125/outcome_jam_state_mse": 813509.8127058824,
      "h125/outcome_miss_episode_count": 3,
      "h125/outcome_miss_final_state_mse": 28625372.91503268,
      "h125/outcome_miss_state_mse": 1077446.630901961,
      "h125/outcome_partial_episode_count": 3,
      "h125/outcome_partial_final_state_mse": 19862131.241830066,
      "h125/outcome_partial_state_mse": 792728.8704836601,
      "h125/outcome_success_episode_count": 3,
      "h125/outcome_success_final_state_mse": 20406845.28104575,
      "h125/outcome_success_state_mse": 810822.0201830065,
      "h125/state_mse": 873806.993903268,
      "h20/episode_count": 15,
      "h20/final_state_mse": 0.003985418057909199,
      "h20/outcome_drop_episode_count": 3,
      "h20/outcome_drop_final_state_mse": 0.0037903300200412475,
      "h20/outcome_drop_state_mse": 0.0018530339197395673,
      "h20/outcome_jam_episode_count": 3,
      "h20/outcome_jam_final_state_mse": 0.004450369407148922,
      "h20/outcome_jam_state_mse": 0.0021923573967678094,
      "h20/outcome_miss_episode_count": 3,
      "h20/outcome_miss_final_state_mse": 0.00380373975030737,
      "h20/outcome_miss_state_mse": 0.0062451389879962195,
      "h20/outcome_partial_episode_count": 3,
      "h20/outcome_partial_final_state_mse": 0.003847296428836249,
      "h20/outcome_partial_state_mse": 0.0017780698397580315,
      "h20/outcome_success_episode_count": 3,
      "h20/outcome_success_final_state_mse": 0.004035354147549548,
      "h20/outcome_success_state_mse": 0.0017925901350632212,
      "h20/state_mse": 0.0027722382389642054,
      "h30/episode_count": 15,
      "h30/final_state_mse": 0.021605777117161967,
      "h30/outcome_drop_episode_count": 3,
      "h30/outcome_drop_final_state_mse": 0.023737517057680617,
      "h30/outcome_drop_state_mse": 0.004802476554654523,
      "h30/outcome_jam_episode_count": 3,
      "h30/outcome_jam_final_state_mse": 0.023677490505517696,
      "h30/outcome_jam_state_mse": 0.005036526411966561,
      "h30/outcome_miss_episode_count": 3,
      "h30/outcome_miss_final_state_mse": 0.011196759012010362,
      "h30/outcome_miss_state_mse": 0.006238975504125125,
      "h30/outcome_partial_episode_count": 3,
      "h30/outcome_partial_final_state_mse": 0.0249876746165207,
      "h30/outcome_partial_state_mse": 0.004758341068276133,
      "h30/outcome_success_episode_count": 3,
      "h30/outcome_success_final_state_mse": 0.024429444394080468,
      "h30/outcome_success_state_mse": 0.004717916912502713,
      "h30/state_mse": 0.005110846957869519,
      "h40/episode_count": 15,
      "h40/final_state_mse": 0.23394887088950164,
      "h40/outcome_drop_episode_count": 3,
      "h40/outcome_drop_final_state_mse": 0.2299425773371279,
      "h40/outcome_drop_state_mse": 0.029706362182018803,
      "h40/outcome_jam_episode_count": 3,
      "h40/outcome_jam_final_state_mse": 0.23533147612428354,
      "h40/outcome_jam_state_mse": 0.030516755347158395,
      "h40/outcome_miss_episode_count": 3,
      "h40/outcome_miss_final_state_mse": 0.2203744221356959,
      "h40/outcome_miss_state_mse": 0.02510082581463982,
      "h40/outcome_partial_episode_count": 3,
      "h40/outcome_partial_final_state_mse": 0.2461900212406333,
      "h40/outcome_partial_state_mse": 0.03188269995396433,
      "h40/outcome_success_episode_count": 3,
      "h40/outcome_success_final_state_mse": 0.23790591370825673,
      "h40/outcome_success_state_mse": 0.030801736295612808,
      "h40/state_mse": 0.029601675794015524,
      "h50/episode_count": 15,
      "h50/final_state_mse": 1.3254106509140113,
      "h50/outcome_drop_episode_count": 3,
      "h50/outcome_drop_final_state_mse": 1.3792359096552032,
      "h50/outcome_drop_state_mse": 0.17058966144237642,
      "h50/outcome_jam_episode_count": 3,
      "h50/outcome_jam_final_state_mse": 1.3623733769834432,
      "h50/outcome_jam_state_mse": 0.17051169002757352,
      "h50/outcome_miss_episode_count": 3,
      "h50/outcome_miss_final_state_mse": 1.2348292980318756,
      "h50/outcome_miss_state_mse": 0.16090449912875307,
      "h50/outcome_partial_episode_count": 3,
      "h50/outcome_partial_final_state_mse": 1.3405240376790364,
      "h50/outcome_partial_state_mse": 0.17158368677874797,
      "h50/outcome_success_episode_count": 3,
      "h50/outcome_success_final_state_mse": 1.3100905200235204,
      "h50/outcome_success_state_mse": 0.16729851018369588,
      "h50/state_mse": 0.16817760671977125,
      "h75/episode_count": 15,
      "h75/final_state_mse": 232.19462826797385,
      "h75/outcome_drop_episode_count": 3,
      "h75/outcome_drop_final_state_mse": 251.8331290849673,
      "h75/outcome_drop_state_mse": 15.478031088303377,
      "h75/outcome_jam_episode_count": 3,
      "h75/outcome_jam_final_state_mse": 249.26277110779208,
      "h75/outcome_jam_state_mse": 15.445574235770698,
      "h75/outcome_miss_episode_count": 3,
      "h75/outcome_miss_final_state_mse": 135.04224231196386,
      "h75/outcome_miss_state_mse": 8.831021369485294,
      "h75/outcome_partial_episode_count": 3,
      "h75/outcome_partial_final_state_mse": 265.1427923464308,
      "h75/outcome_partial_state_mse": 16.376732068695535,
      "h75/outcome_success_episode_count": 3,
      "h75/outcome_success_final_state_mse": 259.69221047794116,
      "h75/outcome_success_state_mse": 15.994536441312636,
      "h75/state_mse": 14.425178649237473,
      "max_requested_horizon": 125,
      "reencode_period": null,
      "rollout_mode": "no_reencode"
    },
    "periodic_10": {
      "episode_count": 15,
      "h10/episode_count": 15,
      "h10/final_state_mse": 0.0019307778551687603,
      "h10/outcome_drop_episode_count": 3,
      "h10/outcome_drop_final_state_mse": 0.0013353539740338044,
      "h10/outcome_drop_state_mse": 0.0013912337473015381,
      "h10/outcome_jam_episode_count": 3,
      "h10/outcome_jam_final_state_mse": 0.0021758670218629773,
      "h10/outcome_jam_state_mse": 0.0017981249522539525,
      "h10/outcome_miss_episode_count": 3,
      "h10/outcome_miss_final_state_mse": 0.0034336319156721526,
      "h10/outcome_miss_state_mse": 0.009545089840109832,
      "h10/outcome_partial_episode_count": 3,
      "h10/outcome_partial_final_state_mse": 0.0013578063838816936,
      "h10/outcome_partial_state_mse": 0.0013202294804691489,
      "h10/outcome_success_episode_count": 3,
      "h10/outcome_success_final_state_mse": 0.0013512307717130074,
      "h10/outcome_success_state_mse": 0.0013205412556143367,
      "h10/state_mse": 0.0030750439213771447,
      "h100/episode_count": 15,
      "h100/final_state_mse": 0.0034669620538848676,
      "h100/outcome_drop_episode_count": 3,
      "h100/outcome_drop_final_state_mse": 0.0025212522230896295,
      "h100/outcome_drop_state_mse": 0.0019036491867763545,
      "h100/outcome_jam_episode_count": 3,
      "h100/outcome_jam_final_state_mse": 0.004599098530080583,
      "h100/outcome_jam_state_mse": 0.00262807506361818,
      "h100/outcome_miss_episode_count": 3,
      "h100/outcome_miss_final_state_mse": 0.005144702818463831,
      "h100/outcome_miss_state_mse": 0.0032941590726765155,
      "h100/outcome_partial_episode_count": 3,
      "h100/outcome_partial_final_state_mse": 0.0015947066393553041,
      "h100/outcome_partial_state_mse": 0.0016916312423406862,
      "h100/outcome_success_episode_count": 3,
      "h100/outcome_success_final_state_mse": 0.003475049595817242,
      "h100/outcome_success_state_mse": 0.002107925072214962,
      "h100/state_mse": 0.002325088002323325,
      "h125/episode_count": 15,
      "h125/final_state_mse": 0.0066932416429706645,
      "h125/outcome_drop_episode_count": 3,
      "h125/outcome_drop_final_state_mse": 0.006673190036630318,
      "h125/outcome_drop_state_mse": 0.002488567526823555,
      "h125/outcome_jam_episode_count": 3,
      "h125/outcome_jam_final_state_mse": 0.008850175862997965,
      "h125/outcome_jam_state_mse": 0.003383797140682445,
      "h125/outcome_miss_episode_count": 3,
      "h125/outcome_miss_final_state_mse": 0.009511043287180608,
      "h125/outcome_miss_state_mse": 0.0038926442464192706,
      "h125/outcome_partial_episode_count": 3,
      "h125/outcome_partial_final_state_mse": 0.001519456481427149,
      "h125/outcome_partial_state_mse": 0.0016702117919921875,
      "h125/outcome_success_episode_count": 3,
      "h125/outcome_success_final_state_mse": 0.0069123436666392035,
      "h125/outcome_success_state_mse": 0.0026455870983647365,
      "h125/state_mse": 0.0028161614710988563,
      "h20/episode_count": 15,
      "h20/final_state_mse": 0.0014173149283415352,
      "h20/outcome_drop_episode_count": 3,
      "h20/outcome_drop_final_state_mse": 0.001237775972173884,
      "h20/outcome_drop_state_mse": 0.0013604757637759438,
      "h20/outcome_jam_episode_count": 3,
      "h20/outcome_jam_final_state_mse": 0.0014671735416829975,
      "h20/outcome_jam_state_mse": 0.0017181161961524315,
      "h20/outcome_miss_episode_count": 3,
      "h20/outcome_miss_final_state_mse": 0.002094080196876152,
      "h20/outcome_miss_state_mse": 0.006233836934457417,
      "h20/outcome_partial_episode_count": 3,
      "h20/outcome_partial_final_state_mse": 0.0011083886538650475,
      "h20/outcome_partial_state_mse": 0.0012796397887024225,
      "h20/outcome_success_episode_count": 3,
      "h20/outcome_success_final_state_mse": 0.0011791564718960158,
      "h20/outcome_success_state_mse": 0.0012915051840489207,
      "h20/state_mse": 0.0023767147188872295,
      "h30/episode_count": 15,
      "h30/final_state_mse": 0.0012376795407214197,
      "h30/outcome_drop_episode_count": 3,
      "h30/outcome_drop_final_state_mse": 0.0012129741580852497,
      "h30/outcome_drop_state_mse": 0.0014137128599328933,
      "h30/outcome_jam_episode_count": 3,
      "h30/outcome_jam_final_state_mse": 0.001435721938321793,
      "h30/outcome_jam_state_mse": 0.0017483230509789162,
      "h30/outcome_miss_episode_count": 3,
      "h30/outcome_miss_final_state_mse": 0.0012360184995177524,
      "h30/outcome_miss_state_mse": 0.0046982998941458905,
      "h30/outcome_partial_episode_count": 3,
      "h30/outcome_partial_final_state_mse": 0.001126098988297718,
      "h30/outcome_partial_state_mse": 0.0013379266059476566,
      "h30/outcome_success_episode_count": 3,
      "h30/outcome_success_final_state_mse": 0.00117758388807571,
      "h30/outcome_success_state_mse": 0.0013501904369179719,
      "h30/state_mse": 0.0021096903150637425,
      "h40/episode_count": 15,
      "h40/final_state_mse": 0.001444198882657718,
      "h40/outcome_drop_episode_count": 3,
      "h40/outcome_drop_final_state_mse": 0.0014328683416048686,
      "h40/outcome_drop_state_mse": 0.0015609677126205046,
      "h40/outcome_jam_episode_count": 3,
      "h40/outcome_jam_final_state_mse": 0.00148622428669649,
      "h40/outcome_jam_state_mse": 0.0018272197714038923,
      "h40/outcome_miss_episode_count": 3,
      "h40/outcome_miss_final_state_mse": 0.0015892752878416598,
      "h40/outcome_miss_state_mse": 0.003983998064901314,
      "h40/outcome_partial_episode_count": 3,
      "h40/outcome_partial_final_state_mse": 0.001324936090146794,
      "h40/outcome_partial_state_mse": 0.0014169800904841204,
      "h40/outcome_success_episode_count": 3,
      "h40/outcome_success_final_state_mse": 0.001387690504391988,
      "h40/outcome_success_state_mse": 0.001433759966706918,
      "h40/state_mse": 0.0020445849848728555,
      "h50/episode_count": 15,
      "h50/final_state_mse": 0.0016494041953990662,
      "h50/outcome_drop_episode_count": 3,
      "h50/outcome_drop_final_state_mse": 0.0014899229399519028,
      "h50/outcome_drop_state_mse": 0.001654346129473518,
      "h50/outcome_jam_episode_count": 3,
      "h50/outcome_jam_final_state_mse": 0.0020857903059401544,
      "h50/outcome_jam_state_mse": 0.0019703715766956603,
      "h50/outcome_miss_episode_count": 3,
      "h50/outcome_miss_final_state_mse": 0.001625591049007341,
      "h50/outcome_miss_state_mse": 0.0035838678148057725,
      "h50/outcome_partial_episode_count": 3,
      "h50/outcome_partial_final_state_mse": 0.001507288417200637,
      "h50/outcome_partial_state_mse": 0.0015370425367667005,
      "h50/outcome_success_episode_count": 3,
      "h50/outcome_success_final_state_mse": 0.0015384285083783217,
      "h50/outcome_success_state_mse": 0.0015606554505092646,
      "h50/state_mse": 0.0020612567577486724,
      "h75/episode_count": 15,
      "h75/final_state_mse": 0.00330305598140542,
      "h75/outcome_drop_episode_count": 3,
      "h75/outcome_drop_final_state_mse": 0.002144203296089484,
      "h75/outcome_drop_state_mse": 0.0016887315114339193,
      "h75/outcome_jam_episode_count": 3,
      "h75/outcome_jam_final_state_mse": 0.0034657856997321636,
      "h75/outcome_jam_state_mse": 0.002228532678940717,
      "h75/outcome_miss_episode_count": 3,
      "h75/outcome_miss_final_state_mse": 0.0045980767048651875,
      "h75/outcome_miss_state_mse": 0.0031666548319631673,
      "h75/outcome_partial_episode_count": 3,
      "h75/outcome_partial_final_state_mse": 0.0029040534609283495,
      "h75/outcome_partial_state_mse": 0.00170455716534118,
      "h75/outcome_success_episode_count": 3,
      "h75/outcome_success_final_state_mse": 0.0034031605993221008,
      "h75/outcome_success_state_mse": 0.0017502058357454853,
      "h75/state_mse": 0.0021077364919492103,
      "max_requested_horizon": 125,
      "reencode_period": 10,
      "rollout_mode": "periodic_10"
    },
    "periodic_100": {
      "episode_count": 15,
      "h10/episode_count": 15,
      "h10/final_state_mse": 0.0019307778551687603,
      "h10/outcome_drop_episode_count": 3,
      "h10/outcome_drop_final_state_mse": 0.0013353539740338044,
      "h10/outcome_drop_state_mse": 0.0013912337473015381,
      "h10/outcome_jam_episode_count": 3,
      "h10/outcome_jam_final_state_mse": 0.0021758670218629773,
      "h10/outcome_jam_state_mse": 0.0017981249522539525,
      "h10/outcome_miss_episode_count": 3,
      "h10/outcome_miss_final_state_mse": 0.0034336319156721526,
      "h10/outcome_miss_state_mse": 0.009545089840109832,
      "h10/outcome_partial_episode_count": 3,
      "h10/outcome_partial_final_state_mse": 0.0013578063838816936,
      "h10/outcome_partial_state_mse": 0.0013202294804691489,
      "h10/outcome_success_episode_count": 3,
      "h10/outcome_success_final_state_mse": 0.0013512307717130074,
      "h10/outcome_success_state_mse": 0.0013205412556143367,
      "h10/state_mse": 0.0030750439213771447,
      "h100/episode_count": 15,
      "h100/final_state_mse": 74970.20130718955,
      "h100/outcome_drop_episode_count": 3,
      "h100/outcome_drop_final_state_mse": 76841.82026143791,
      "h100/outcome_drop_state_mse": 3839.5782026143793,
      "h100/outcome_jam_episode_count": 3,
      "h100/outcome_jam_final_state_mse": 75189.73529411765,
      "h100/outcome_jam_state_mse": 3763.5756209150327,
      "h100/outcome_miss_episode_count": 3,
      "h100/outcome_miss_final_state_mse": 69840.32148692811,
      "h100/outcome_miss_state_mse": 3232.317843137255,
      "h100/outcome_partial_episode_count": 3,
      "h100/outcome_partial_final_state_mse": 76585.61111111111,
      "h100/outcome_partial_state_mse": 3856.242843137255,
      "h100/outcome_success_episode_count": 3,
      "h100/outcome_success_final_state_mse": 76393.48611111111,
      "h100/outcome_success_state_mse": 3834.0080065359475,
      "h100/state_mse": 3705.1444705882354,
      "h125/episode_count": 15,
      "h125/final_state_mse": 30013.58954248366,
      "h125/outcome_drop_episode_count": 3,
      "h125/outcome_drop_final_state_mse": 29214.75750612745,
      "h125/outcome_drop_state_mse": 5521.050535947712,
      "h125/outcome_jam_episode_count": 3,
      "h125/outcome_jam_final_state_mse": 30270.23268995098,
      "h125/outcome_jam_state_mse": 5511.1126535947715,
      "h125/outcome_miss_episode_count": 3,
      "h125/outcome_miss_final_state_mse": 31113.93004493464,
      "h125/outcome_miss_state_mse": 5753.234954248366,
      "h125/outcome_partial_episode_count": 3,
      "h125/outcome_partial_final_state_mse": 29726.176113153593,
      "h125/outcome_partial_state_mse": 5555.755241830066,
      "h125/outcome_success_episode_count": 3,
      "h125/outcome_success_final_state_mse": 29742.85600490196,
      "h125/outcome_success_state_mse": 5539.9448366013075,
      "h125/state_mse": 5576.219105882353,
      "h20/episode_count": 15,
      "h20/final_state_mse": 0.003985418057909199,
      "h20/outcome_drop_episode_count": 3,
      "h20/outcome_drop_final_state_mse": 0.003790330166131063,
      "h20/outcome_drop_state_mse": 0.0018530342313978407,
      "h20/outcome_jam_episode_count": 3,
      "h20/outcome_jam_final_state_mse": 0.004450370186294605,
      "h20/outcome_jam_state_mse": 0.002192357474682378,
      "h20/outcome_miss_episode_count": 3,
      "h20/outcome_miss_final_state_mse": 0.003803738873768476,
      "h20/outcome_miss_state_mse": 0.006245139065910788,
      "h20/outcome_partial_episode_count": 3,
      "h20/outcome_partial_final_state_mse": 0.003847297159285327,
      "h20/outcome_partial_state_mse": 0.0017780700150658102,
      "h20/outcome_success_episode_count": 3,
      "h20/outcome_success_final_state_mse": 0.004035353855369917,
      "h20/outcome_success_state_mse": 0.0017925906025506313,
      "h20/state_mse": 0.0027722382389642054,
      "h30/episode_count": 15,
      "h30/final_state_mse": 0.021605777117161967,
      "h30/outcome_drop_episode_count": 3,
      "h30/outcome_drop_final_state_mse": 0.023737512382806514,
      "h30/outcome_drop_state_mse": 0.0048024766585406135,
      "h30/outcome_jam_episode_count": 3,
      "h30/outcome_jam_final_state_mse": 0.023677492453381906,
      "h30/outcome_jam_state_mse": 0.005036526723624834,
      "h30/outcome_miss_episode_count": 3,
      "h30/outcome_miss_final_state_mse": 0.011196755895427629,
      "h30/outcome_miss_state_mse": 0.006238975192466852,
      "h30/outcome_partial_episode_count": 3,
      "h30/outcome_partial_final_state_mse": 0.024987677343530593,
      "h30/outcome_partial_state_mse": 0.004758340652731769,
      "h30/outcome_success_episode_count": 3,
      "h30/outcome_success_final_state_mse": 0.024429438160915,
      "h30/outcome_success_state_mse": 0.004717916704730531,
      "h30/state_mse": 0.005110846957869519,
      "h40/episode_count": 15,
      "h40/final_state_mse": 0.2339489107817606,
      "h40/outcome_drop_episode_count": 3,
      "h40/outcome_drop_final_state_mse": 0.22994265525169622,
      "h40/outcome_drop_state_mse": 0.02970636280533535,
      "h40/outcome_jam_episode_count": 3,
      "h40/outcome_jam_final_state_mse": 0.23533151975644181,
      "h40/outcome_jam_state_mse": 0.0305167541005253,
      "h40/outcome_miss_episode_count": 3,
      "h40/outcome_miss_final_state_mse": 0.22037440031961678,
      "h40/outcome_miss_state_mse": 0.02510082581463982,
      "h40/outcome_partial_episode_count": 3,
      "h40/outcome_partial_final_state_mse": 0.24619001500746784,
      "h40/outcome_partial_state_mse": 0.03188269995396433,
      "h40/outcome_success_episode_count": 3,
      "h40/outcome_success_final_state_mse": 0.237905910591674,
      "h40/outcome_success_state_mse": 0.030801735048979716,
      "h40/state_mse": 0.029601675794015524,
      "h50/episode_count": 15,
      "h50/final_state_mse": 1.3254107306985294,
      "h50/outcome_drop_episode_count": 3,
      "h50/outcome_drop_final_state_mse": 1.3792360966501673,
      "h50/outcome_drop_state_mse": 0.17058966942082823,
      "h50/outcome_jam_episode_count": 3,
      "h50/outcome_jam_final_state_mse": 1.3623734642477596,
      "h50/outcome_jam_state_mse": 0.17051169002757352,
      "h50/outcome_miss_episode_count": 3,
      "h50/outcome_miss_final_state_mse": 1.2348293728298612,
      "h50/outcome_miss_state_mse": 0.16090449214760774,
      "h50/outcome_partial_episode_count": 3,
      "h50/outcome_partial_final_state_mse": 1.340524112477022,
      "h50/outcome_partial_state_mse": 0.1715836807949091,
      "h50/outcome_success_episode_count": 3,
      "h50/outcome_success_final_state_mse": 1.3100904576918657,
      "h50/outcome_success_state_mse": 0.16729850818908293,
      "h50/state_mse": 0.16817760671977125,
      "h75/episode_count": 15,
      "h75/final_state_mse": 232.19464869281046,
      "h75/outcome_drop_episode_count": 3,
      "h75/outcome_drop_final_state_mse": 251.8331801470588,
      "h75/outcome_drop_state_mse": 15.47802968409586,
      "h75/outcome_jam_episode_count": 3,
      "h75/outcome_jam_final_state_mse": 249.26287562551062,
      "h75/outcome_jam_state_mse": 15.44557427832244,
      "h75/outcome_miss_episode_count": 3,
      "h75/outcome_miss_final_state_mse": 135.04226225809333,
      "h75/outcome_miss_state_mse": 8.831021795002723,
      "h75/outcome_partial_episode_count": 3,
      "h75/outcome_partial_final_state_mse": 265.14279035181784,
      "h75/outcome_partial_state_mse": 16.376731345315903,
      "h75/outcome_success_episode_count": 3,
      "h75/outcome_success_final_state_mse": 259.69210835375816,
      "h75/outcome_success_state_mse": 15.994533632897603,
      "h75/state_mse": 14.425178649237473,
      "max_requested_horizon": 125,
      "reencode_period": 100,
      "rollout_mode": "periodic_100"
    },
    "periodic_20": {
      "episode_count": 15,
      "h10/episode_count": 15,
      "h10/final_state_mse": 0.0019307778551687603,
      "h10/outcome_drop_episode_count": 3,
      "h10/outcome_drop_final_state_mse": 0.0013353539740338044,
      "h10/outcome_drop_state_mse": 0.0013912337473015381,
      "h10/outcome_jam_episode_count": 3,
      "h10/outcome_jam_final_state_mse": 0.0021758670218629773,
      "h10/outcome_jam_state_mse": 0.0017981249522539525,
      "h10/outcome_miss_episode_count": 3,
      "h10/outcome_miss_final_state_mse": 0.0034336319156721526,
      "h10/outcome_miss_state_mse": 0.009545089840109832,
      "h10/outcome_partial_episode_count": 3,
      "h10/outcome_partial_final_state_mse": 0.0013578063838816936,
      "h10/outcome_partial_state_mse": 0.0013202294804691489,
      "h10/outcome_success_episode_count": 3,
      "h10/outcome_success_final_state_mse": 0.0013512307717130074,
      "h10/outcome_success_state_mse": 0.0013205412556143367,
      "h10/state_mse": 0.0030750439213771447,
      "h100/episode_count": 15,
      "h100/final_state_mse": 0.0037493013868144915,
      "h100/outcome_drop_episode_count": 3,
      "h100/outcome_drop_final_state_mse": 0.00483259135017208,
      "h100/outcome_drop_state_mse": 0.002533704283969854,
      "h100/outcome_jam_episode_count": 3,
      "h100/outcome_jam_final_state_mse": 0.0035985573347097908,
      "h100/outcome_jam_state_mse": 0.0027744054482653252,
      "h100/outcome_miss_episode_count": 3,
      "h100/outcome_miss_final_state_mse": 0.004937248000132492,
      "h100/outcome_miss_state_mse": 0.0036227773529252196,
      "h100/outcome_partial_episode_count": 3,
      "h100/outcome_partial_final_state_mse": 0.0024237102201951095,
      "h100/outcome_partial_state_mse": 0.00211530763339373,
      "h100/outcome_success_episode_count": 3,
      "h100/outcome_success_final_state_mse": 0.002954400783660365,
      "h100/outcome_success_state_mse": 0.0022067119249331406,
      "h100/state_mse": 0.0026505811105366627,
      "h125/episode_count": 15,
      "h125/final_state_mse": 0.0047737769831239785,
      "h125/outcome_drop_episode_count": 3,
      "h125/outcome_drop_final_state_mse": 0.005408408010707182,
      "h125/outcome_drop_state_mse": 0.0032077874077690973,
      "h125/outcome_jam_episode_count": 3,
      "h125/outcome_jam_final_state_mse": 0.006446709673778683,
      "h125/outcome_jam_state_mse": 0.003348634507921007,
      "h125/outcome_miss_episode_count": 3,
      "h125/outcome_miss_final_state_mse": 0.004468618898220311,
      "h125/outcome_miss_state_mse": 0.003849291832618464,
      "h125/outcome_partial_episode_count": 3,
      "h125/outcome_partial_final_state_mse": 0.00241594610650555,
      "h125/outcome_partial_state_mse": 0.0021371260499642567,
      "h125/outcome_success_episode_count": 3,
      "h125/outcome_success_final_state_mse": 0.005129202129014956,
      "h125/outcome_success_state_mse": 0.0026084745319840176,
      "h125/state_mse": 0.0030302629059436276,
      "h20/episode_count": 15,
      "h20/final_state_mse": 0.003985418057909199,
      "h20/outcome_drop_episode_count": 3,
      "h20/outcome_drop_final_state_mse": 0.003790330166131063,
      "h20/outcome_drop_state_mse": 0.0018530342313978407,
      "h20/outcome_jam_episode_count": 3,
      "h20/outcome_jam_final_state_mse": 0.004450370186294605,
      "h20/outcome_jam_state_mse": 0.002192357474682378,
      "h20/outcome_miss_episode_count": 3,
      "h20/outcome_miss_final_state_mse": 0.003803738873768476,
      "h20/outcome_miss_state_mse": 0.006245139065910788,
      "h20/outcome_partial_episode_count": 3,
      "h20/outcome_partial_final_state_mse": 0.003847297159285327,
      "h20/outcome_partial_state_mse": 0.0017780700150658102,
      "h20/outcome_success_episode_count": 3,
      "h20/outcome_success_final_state_mse": 0.004035353855369917,
      "h20/outcome_success_state_mse": 0.0017925906025506313,
      "h20/state_mse": 0.0027722382389642054,
      "h30/episode_count": 15,
      "h30/final_state_mse": 0.0018205027175105476,
      "h30/outcome_drop_episode_count": 3,
      "h30/outcome_drop_final_state_mse": 0.0018786987886319753,
      "h30/outcome_drop_state_mse": 0.0020655728373392473,
      "h30/outcome_jam_episode_count": 3,
      "h30/outcome_jam_final_state_mse": 0.0021124756316733516,
      "h30/outcome_jam_state_mse": 0.0024093374707340417,
      "h30/outcome_miss_episode_count": 3,
      "h30/outcome_miss_final_state_mse": 0.0014486186011554369,
      "h30/outcome_miss_state_mse": 0.0048176958670024,
      "h30/outcome_partial_episode_count": 3,
      "h30/outcome_partial_final_state_mse": 0.001794129792673915,
      "h30/outcome_partial_state_mse": 0.001979702048831516,
      "h30/outcome_success_episode_count": 3,
      "h30/outcome_success_final_state_mse": 0.0018685915769120448,
      "h30/outcome_success_state_mse": 0.0019956063341211388,
      "h30/state_mse": 0.0026535828700512323,
      "h40/episode_count": 15,
      "h40/final_state_mse": 0.002832271850187015,
      "h40/outcome_drop_episode_count": 3,
      "h40/outcome_drop_final_state_mse": 0.0029909489493744044,
      "h40/outcome_drop_state_mse": 0.0021281245487188203,
      "h40/outcome_jam_episode_count": 3,
      "h40/outcome_jam_final_state_mse": 0.0028877051340209115,
      "h40/outcome_jam_state_mse": 0.002449143010806414,
      "h40/outcome_miss_episode_count": 3,
      "h40/outcome_miss_final_state_mse": 0.0033144303688815995,
      "h40/outcome_miss_state_mse": 0.004132339845295825,
      "h40/outcome_partial_episode_count": 3,
      "h40/outcome_partial_final_state_mse": 0.002472532048724056,
      "h40/outcome_partial_state_mse": 0.0019711560088824603,
      "h40/outcome_success_episode_count": 3,
      "h40/outcome_success_final_state_mse": 0.002495742262968051,
      "h40/outcome_success_state_mse": 0.001994611001482197,
      "h40/state_mse": 0.0025350747700610193,
      "h50/episode_count": 15,
      "h50/final_state_mse": 0.0017731400097117705,
      "h50/outcome_drop_episode_count": 3,
      "h50/outcome_drop_final_state_mse": 0.0017443782850807788,
      "h50/outcome_drop_state_mse": 0.002209268862905066,
      "h50/outcome_jam_episode_count": 3,
      "h50/outcome_jam_final_state_mse": 0.002281906290186776,
      "h50/outcome_jam_state_mse": 0.002566621069814645,
      "h50/outcome_miss_episode_count": 3,
      "h50/outcome_miss_final_state_mse": 0.0014293955919010186,
      "h50/outcome_miss_state_mse": 0.003699828752505234,
      "h50/outcome_partial_episode_count": 3,
      "h50/outcome_partial_final_state_mse": 0.001690536104386149,
      "h50/outcome_partial_state_mse": 0.00206189205443937,
      "h50/outcome_success_episode_count": 3,
      "h50/outcome_success_final_state_mse": 0.0017194840204871559,
      "h50/outcome_success_state_mse": 0.0020960664437487233,
      "h50/state_mse": 0.0025267353930504494,
      "h75/episode_count": 15,
      "h75/final_state_mse": 0.0037443821726281658,
      "h75/outcome_drop_episode_count": 3,
      "h75/outcome_drop_final_state_mse": 0.002464621236511305,
      "h75/outcome_drop_state_mse": 0.002153059433748,
      "h75/outcome_jam_episode_count": 3,
      "h75/outcome_jam_final_state_mse": 0.004055832433544733,
      "h75/outcome_jam_state_mse": 0.0027609355984689883,
      "h75/outcome_miss_episode_count": 3,
      "h75/outcome_miss_final_state_mse": 0.004411612119939592,
      "h75/outcome_miss_state_mse": 0.003316541684219261,
      "h75/outcome_partial_episode_count": 3,
      "h75/outcome_partial_final_state_mse": 0.003983146614498562,
      "h75/outcome_partial_state_mse": 0.0021120376420696316,
      "h75/outcome_success_episode_count": 3,
      "h75/outcome_success_final_state_mse": 0.0038066976795009537,
      "h75/outcome_success_state_mse": 0.00213817829140391,
      "h75/state_mse": 0.0024961503970077612,
      "max_requested_horizon": 125,
      "reencode_period": 20,
      "rollout_mode": "periodic_20"
    },
    "periodic_50": {
      "episode_count": 15,
      "h10/episode_count": 15,
      "h10/final_state_mse": 0.0019307778551687603,
      "h10/outcome_drop_episode_count": 3,
      "h10/outcome_drop_final_state_mse": 0.0013353539740338044,
      "h10/outcome_drop_state_mse": 0.0013912337473015381,
      "h10/outcome_jam_episode_count": 3,
      "h10/outcome_jam_final_state_mse": 0.0021758670218629773,
      "h10/outcome_jam_state_mse": 0.0017981249522539525,
      "h10/outcome_miss_episode_count": 3,
      "h10/outcome_miss_final_state_mse": 0.0034336319156721526,
      "h10/outcome_miss_state_mse": 0.009545089840109832,
      "h10/outcome_partial_episode_count": 3,
      "h10/outcome_partial_final_state_mse": 0.0013578063838816936,
      "h10/outcome_partial_state_mse": 0.0013202294804691489,
      "h10/outcome_success_episode_count": 3,
      "h10/outcome_success_final_state_mse": 0.0013512307717130074,
      "h10/outcome_success_state_mse": 0.0013205412556143367,
      "h10/state_mse": 0.0030750439213771447,
      "h100/episode_count": 15,
      "h100/final_state_mse": 32.56976358251634,
      "h100/outcome_drop_episode_count": 3,
      "h100/outcome_drop_final_state_mse": 37.49268246320338,
      "h100/outcome_drop_state_mse": 2.1537972803053513,
      "h100/outcome_jam_episode_count": 3,
      "h100/outcome_jam_final_state_mse": 29.190971623838337,
      "h100/outcome_jam_state_mse": 1.7413103809232027,
      "h100/outcome_miss_episode_count": 3,
      "h100/outcome_miss_final_state_mse": 29.721064748327716,
      "h100/outcome_miss_state_mse": 1.6818715533088235,
      "h100/outcome_partial_episode_count": 3,
      "h100/outcome_partial_final_state_mse": 33.123542137395326,
      "h100/outcome_partial_state_mse": 2.0117947367749185,
      "h100/outcome_success_episode_count": 3,
      "h100/outcome_success_final_state_mse": 33.32056641422845,
      "h100/outcome_success_state_mse": 2.002661515778186,
      "h100/state_mse": 1.9182871732026143,
      "h125/episode_count": 15,
      "h125/final_state_mse": 13.906385314542483,
      "h125/outcome_drop_episode_count": 3,
      "h125/outcome_drop_final_state_mse": 10.714968014386745,
      "h125/outcome_drop_state_mse": 3.132623646854575,
      "h125/outcome_jam_episode_count": 3,
      "h125/outcome_jam_final_state_mse": 12.447889240738613,
      "h125/outcome_jam_state_mse": 2.653461754493464,
      "h125/outcome_miss_episode_count": 3,
      "h125/outcome_miss_final_state_mse": 25.373820535497728,
      "h125/outcome_miss_state_mse": 3.1494868004493464,
      "h125/outcome_partial_episode_count": 3,
      "h125/outcome_partial_final_state_mse": 9.915553373448988,
      "h125/outcome_partial_state_mse": 2.8080396241830066,
      "h125/outcome_success_episode_count": 3,
      "h125/outcome_success_final_state_mse": 11.079695059583077,
      "h125/outcome_success_state_mse": 2.886516161151961,
      "h125/state_mse": 2.9260254901960785,
      "h20/episode_count": 15,
      "h20/final_state_mse": 0.003985418057909199,
      "h20/outcome_drop_episode_count": 3,
      "h20/outcome_drop_final_state_mse": 0.003790330166131063,
      "h20/outcome_drop_state_mse": 0.0018530342313978407,
      "h20/outcome_jam_episode_count": 3,
      "h20/outcome_jam_final_state_mse": 0.004450370186294605,
      "h20/outcome_jam_state_mse": 0.002192357474682378,
      "h20/outcome_miss_episode_count": 3,
      "h20/outcome_miss_final_state_mse": 0.003803738873768476,
      "h20/outcome_miss_state_mse": 0.006245139065910788,
      "h20/outcome_partial_episode_count": 3,
      "h20/outcome_partial_final_state_mse": 0.003847297159285327,
      "h20/outcome_partial_state_mse": 0.0017780700150658102,
      "h20/outcome_success_episode_count": 3,
      "h20/outcome_success_final_state_mse": 0.004035353855369917,
      "h20/outcome_success_state_mse": 0.0017925906025506313,
      "h20/state_mse": 0.0027722382389642054,
      "h30/episode_count": 15,
      "h30/final_state_mse": 0.021605777117161967,
      "h30/outcome_drop_episode_count": 3,
      "h30/outcome_drop_final_state_mse": 0.023737512382806514,
      "h30/outcome_drop_state_mse": 0.0048024766585406135,
      "h30/outcome_jam_episode_count": 3,
      "h30/outcome_jam_final_state_mse": 0.023677492453381906,
      "h30/outcome_jam_state_mse": 0.005036526723624834,
      "h30/outcome_miss_episode_count": 3,
      "h30/outcome_miss_final_state_mse": 0.011196755895427629,
      "h30/outcome_miss_state_mse": 0.006238975192466852,
      "h30/outcome_partial_episode_count": 3,
      "h30/outcome_partial_final_state_mse": 0.024987677343530593,
      "h30/outcome_partial_state_mse": 0.004758340652731769,
      "h30/outcome_success_episode_count": 3,
      "h30/outcome_success_final_state_mse": 0.024429438160915,
      "h30/outcome_success_state_mse": 0.004717916704730531,
      "h30/state_mse": 0.005110846957869519,
      "h40/episode_count": 15,
      "h40/final_state_mse": 0.2339489107817606,
      "h40/outcome_drop_episode_count": 3,
      "h40/outcome_drop_final_state_mse": 0.22994265525169622,
      "h40/outcome_drop_state_mse": 0.02970636280533535,
      "h40/outcome_jam_episode_count": 3,
      "h40/outcome_jam_final_state_mse": 0.23533151975644181,
      "h40/outcome_jam_state_mse": 0.0305167541005253,
      "h40/outcome_miss_episode_count": 3,
      "h40/outcome_miss_final_state_mse": 0.22037440031961678,
      "h40/outcome_miss_state_mse": 0.02510082581463982,
      "h40/outcome_partial_episode_count": 3,
      "h40/outcome_partial_final_state_mse": 0.24619001500746784,
      "h40/outcome_partial_state_mse": 0.03188269995396433,
      "h40/outcome_success_episode_count": 3,
      "h40/outcome_success_final_state_mse": 0.237905910591674,
      "h40/outcome_success_state_mse": 0.030801735048979716,
      "h40/state_mse": 0.029601675794015524,
      "h50/episode_count": 15,
      "h50/final_state_mse": 1.3254107306985294,
      "h50/outcome_drop_episode_count": 3,
      "h50/outcome_drop_final_state_mse": 1.3792360966501673,
      "h50/outcome_drop_state_mse": 0.17058966942082823,
      "h50/outcome_jam_episode_count": 3,
      "h50/outcome_jam_final_state_mse": 1.3623734642477596,
      "h50/outcome_jam_state_mse": 0.17051169002757352,
      "h50/outcome_miss_episode_count": 3,
      "h50/outcome_miss_final_state_mse": 1.2348293728298612,
      "h50/outcome_miss_state_mse": 0.16090449214760774,
      "h50/outcome_partial_episode_count": 3,
      "h50/outcome_partial_final_state_mse": 1.340524112477022,
      "h50/outcome_partial_state_mse": 0.1715836807949091,
      "h50/outcome_success_episode_count": 3,
      "h50/outcome_success_final_state_mse": 1.3100904576918657,
      "h50/outcome_success_state_mse": 0.16729850818908293,
      "h50/state_mse": 0.16817760671977125,
      "h75/episode_count": 15,
      "h75/final_state_mse": 0.7426649305555556,
      "h75/outcome_drop_episode_count": 3,
      "h75/outcome_drop_final_state_mse": 0.7000647526161343,
      "h75/outcome_drop_state_mse": 0.23943834092881944,
      "h75/outcome_jam_episode_count": 3,
      "h75/outcome_jam_final_state_mse": 0.5908114738713682,
      "h75/outcome_jam_state_mse": 0.22685088645918436,
      "h75/outcome_miss_episode_count": 3,
      "h75/outcome_miss_final_state_mse": 0.8444473914850771,
      "h75/outcome_miss_state_mse": 0.25620179685372413,
      "h75/outcome_partial_episode_count": 3,
      "h75/outcome_partial_final_state_mse": 0.803547304440168,
      "h75/outcome_partial_state_mse": 0.24244645926947167,
      "h75/outcome_success_episode_count": 3,
      "h75/outcome_success_final_state_mse": 0.7744541168212891,
      "h75/outcome_success_state_mse": 0.23423165913500818,
      "h75/state_mse": 0.2398338269335512,
      "max_requested_horizon": 125,
      "reencode_period": 50,
      "rollout_mode": "periodic_50"
    }
  },
  "split": "test",
  "support_alignment": {
    "contact_phase": {
      "contact_phase_family_ari": 0.0,
      "contact_phase_family_nmi": 0.0,
      "contact_phase_family_purity": 0.9996668887408394,
      "contact_phase_sample_count": 3002.0,
      "h_contact_phase_given_family": 0.0030002889533867266,
      "h_family_given_contact_phase": 0.0,
      "unique_contact_phase_count": 2.0,
      "unique_family_count": 1.0
    },
    "contact_phase_alignment_available": true,
    "evaluated_state_count": 3017,
    "family_count": 1,
    "mean_family_similarity": 0.5750142931938171,
    "mean_support_size": 234.29731521378852,
    "outcome_alignment_available": true,
    "outcome_state": {
      "h_family_given_outcome": 0.0,
      "h_outcome_given_family": 1.6094379124341005,
      "outcome_family_ari": 0.0,
      "outcome_family_nmi": 0.0,
      "outcome_family_purity": 0.2,
      "outcome_sample_count": 15.0,
      "unique_family_count": 1.0,
      "unique_outcome_count": 5.0
    },
    "status": "ok",
    "unassigned_state_fraction": 0.0,
    "validation_state_count": 2346
  },
  "support_threshold": 0.2
}
{
  "best_periodic_rollout": {
    "episode_count": 15,
    "h10/episode_count": 15,
    "h10/final_state_mse": 0.001631357778910718,
    "h10/outcome_drop_episode_count": 3,
    "h10/outcome_drop_final_state_mse": 0.0010840415565017002,
    "h10/outcome_drop_state_mse": 0.0012651730986202464,
    "h10/outcome_jam_episode_count": 3,
    "h10/outcome_jam_final_state_mse": 0.0019100993214284673,
    "h10/outcome_jam_state_mse": 0.0016753563693925446,
    "h10/outcome_miss_episode_count": 3,
    "h10/outcome_miss_final_state_mse": 0.0030131214876580083,
    "h10/outcome_miss_state_mse": 0.009219700059080436,
    "h10/outcome_partial_episode_count": 3,
    "h10/outcome_partial_final_state_mse": 0.0010755130765484828,
    "h10/outcome_partial_state_mse": 0.0011937282054252875,
    "h10/outcome_success_episode_count": 3,
    "h10/outcome_success_final_state_mse": 0.0010740131602373,
    "h10/outcome_success_state_mse": 0.0011938327278187071,
    "h10/selected_mode": "periodic_10",
    "h10/selected_period": 10,
    "h10/state_mse": 0.0029095581154418146,
    "h100/episode_count": 15,
    "h100/final_state_mse": 0.004417222465565002,
    "h100/outcome_drop_episode_count": 3,
    "h100/outcome_drop_final_state_mse": 0.002205647479474934,
    "h100/outcome_drop_state_mse": 0.0019017220790090124,
    "h100/outcome_jam_episode_count": 3,
    "h100/outcome_jam_final_state_mse": 0.0057631943350523905,
    "h100/outcome_jam_state_mse": 0.0026246529311136483,
    "h100/outcome_miss_episode_count": 3,
    "h100/outcome_miss_final_state_mse": 0.008947189507725972,
    "h100/outcome_miss_state_mse": 0.0035346933128007877,
    "h100/outcome_partial_episode_count": 3,
    "h100/outcome_partial_final_state_mse": 0.0016073980946945989,
    "h100/outcome_partial_state_mse": 0.0016446383794148764,
    "h100/outcome_success_episode_count": 3,
    "h100/outcome_success_final_state_mse": 0.0035626831056635366,
    "h100/outcome_success_state_mse": 0.0020380964154511497,
    "h100/selected_mode": "periodic_10",
    "h100/selected_period": 10,
    "h100/state_mse": 0.0023487606671900533,
    "h125/episode_count": 15,
    "h125/final_state_mse": 0.008790636374280344,
    "h125/outcome_drop_episode_count": 3,
    "h125/outcome_drop_final_state_mse": 0.005433802730312534,
    "h125/outcome_drop_state_mse": 0.0023927899030298967,
    "h125/outcome_jam_episode_count": 3,
    "h125/outcome_jam_final_state_mse": 0.009618450784020953,
    "h125/outcome_jam_state_mse": 0.0036619709987266392,
    "h125/outcome_miss_episode_count": 3,
    "h125/outcome_miss_final_state_mse": 0.019745997134961335,
    "h125/outcome_miss_state_mse": 0.0058209527707567404,
    "h125/outcome_partial_episode_count": 3,
    "h125/outcome_partial_final_state_mse": 0.0016463744192341573,
    "h125/outcome_partial_state_mse": 0.001648576250263289,
    "h125/outcome_success_episode_count": 3,
    "h125/outcome_success_final_state_mse": 0.007508552688009599,
    "h125/outcome_success_state_mse": 0.002652435876185598,
    "h125/selected_mode": "periodic_10",
    "h125/selected_period": 10,
    "h125/state_mse": 0.0032353451797385623,
    "h20/episode_count": 15,
    "h20/final_state_mse": 0.001615143289753035,
    "h20/outcome_drop_episode_count": 3,
    "h20/outcome_drop_final_state_mse": 0.0012904988248753392,
    "h20/outcome_drop_state_mse": 0.0012479572709089791,
    "h20/outcome_jam_episode_count": 3,
    "h20/outcome_jam_final_state_mse": 0.0014372637458876067,
    "h20/outcome_jam_state_mse": 0.0016117104907440983,
    "h20/outcome_miss_episode_count": 3,
    "h20/outcome_miss_final_state_mse": 0.0029166503961569343,
    "h20/outcome_miss_state_mse": 0.0063812419479968505,
    "h20/outcome_partial_episode_count": 3,
    "h20/outcome_partial_final_state_mse": 0.0011698975915612737,
    "h20/outcome_partial_state_mse": 0.001170346082425585,
    "h20/outcome_success_episode_count": 3,
    "h20/outcome_success_final_state_mse": 0.0012614062311602575,
    "h20/outcome_success_state_mse": 0.0011911775941163107,
    "h20/selected_mode": "periodic_10",
    "h20/selected_period": 10,
    "h20/state_mse": 0.002320486579845154,
    "h30/episode_count": 15,
    "h30/final_state_mse": 0.001170000687144161,
    "h30/outcome_drop_episode_count": 3,
    "h30/outcome_drop_final_state_mse": 0.0011089438560351827,
    "h30/outcome_drop_state_mse": 0.001277954697868663,
    "h30/outcome_jam_episode_count": 3,
    "h30/outcome_jam_final_state_mse": 0.0013450729155462552,
    "h30/outcome_jam_state_mse": 0.0016160109463860008,
    "h30/outcome_miss_episode_count": 3,
    "h30/outcome_miss_final_state_mse": 0.0012463758778727913,
    "h30/outcome_miss_state_mse": 0.0047850755305072065,
    "h30/outcome_partial_episode_count": 3,
    "h30/outcome_partial_final_state_mse": 0.0010402832375048033,
    "h30/outcome_partial_state_mse": 0.0012010183469402505,
    "h30/outcome_success_episode_count": 3,
    "h30/outcome_success_final_state_mse": 0.001109327828767253,
    "h30/outcome_success_state_mse": 0.0012218162125232173,
    "h30/selected_mode": "periodic_10",
    "h30/selected_period": 10,
    "h30/state_mse": 0.0020203750377646716,
    "h40/episode_count": 15,
    "h40/final_state_mse": 0.0014679628259995404,
    "h40/outcome_drop_episode_count": 3,
    "h40/outcome_drop_final_state_mse": 0.0013931716968810636,
    "h40/outcome_drop_state_mse": 0.0014454565017051947,
    "h40/outcome_jam_episode_count": 3,
    "h40/outcome_jam_final_state_mse": 0.0015322032074133556,
    "h40/outcome_jam_state_mse": 0.0017015975285199732,
    "h40/outcome_miss_episode_count": 3,
    "h40/outcome_miss_final_state_mse": 0.0016238280127640642,
    "h40/outcome_miss_state_mse": 0.004026467581979589,
    "h40/outcome_partial_episode_count": 3,
    "h40/outcome_partial_final_state_mse": 0.001361275931783751,
    "h40/outcome_partial_state_mse": 0.001291341427104925,
    "h40/outcome_success_episode_count": 3,
    "h40/outcome_success_final_state_mse": 0.0014293354759418887,
    "h40/outcome_success_state_mse": 0.0013170256723765454,
    "h40/selected_mode": "periodic_10",
    "h40/selected_period": 10,
    "h40/state_mse": 0.0019563779643937654,
    "h50/episode_count": 15,
    "h50/final_state_mse": 0.0018141520568747925,
    "h50/outcome_drop_episode_count": 3,
    "h50/outcome_drop_final_state_mse": 0.0014956274185500113,
    "h50/outcome_drop_state_mse": 0.0015639629551008635,
    "h50/outcome_jam_episode_count": 3,
    "h50/outcome_jam_final_state_mse": 0.002299777238197576,
    "h50/outcome_jam_state_mse": 0.0019122455011006275,
    "h50/outcome_miss_episode_count": 3,
    "h50/outcome_miss_final_state_mse": 0.0017219172681079192,
    "h50/outcome_miss_state_mse": 0.003599894903843699,
    "h50/outcome_partial_episode_count": 3,
    "h50/outcome_partial_final_state_mse": 0.0017537199496443754,
    "h50/outcome_partial_state_mse": 0.0014719716863694533,
    "h50/outcome_success_episode_count": 3,
    "h50/outcome_success_final_state_mse": 0.001799718300306719,
    "h50/outcome_success_state_mse": 0.0015037463381399516,
    "h50/selected_mode": "periodic_10",
    "h50/selected_period": 10,
    "h50/state_mse": 0.0020103642083460988,
    "h75/episode_count": 15,
    "h75/final_state_mse": 0.0030667884677064187,
    "h75/outcome_drop_episode_count": 3,
    "h75/outcome_drop_final_state_mse": 0.0023251195359074214,
    "h75/outcome_drop_state_mse": 0.001693582804893876,
    "h75/outcome_jam_episode_count": 3,
    "h75/outcome_jam_final_state_mse": 0.003183970605236253,
    "h75/outcome_jam_state_mse": 0.0022119523341359655,
    "h75/outcome_miss_episode_count": 3,
    "h75/outcome_miss_final_state_mse": 0.004438505063649096,
    "h75/outcome_miss_state_mse": 0.0031448045119740605,
    "h75/outcome_partial_episode_count": 3,
    "h75/outcome_partial_final_state_mse": 0.0024402943360649684,
    "h75/outcome_partial_state_mse": 0.00165539733205226,
    "h75/outcome_success_episode_count": 3,
    "h75/outcome_success_final_state_mse": 0.0029460535768200367,
    "h75/outcome_success_state_mse": 0.0017100036637715523,
    "h75/selected_mode": "periodic_10",
    "h75/selected_period": 10,
    "h75/state_mse": 0.002083148233251634,
    "max_requested_horizon": 125,
    "periodic_reencode_periods": [
      10,
      20,
      50,
      100
    ],
    "rollout_mode": "best_periodic"
  },
  "checkpoint": "runs/maniskill_insertion/perturbation_e20_5k_lista_tuning_initial_20260603_185857_fullperiodic/lista_relu_a0p01_sp1em4/seed0/checkpoint.pt",
  "checkpoint_step": 2500,
  "dataset": "data/maniskill/perturbation_assessment_seed0_e20/all_setups.npz",
  "device": "cuda",
  "family_jaccard": 0.4,
  "horizons": [
    10,
    20,
    30,
    40,
    50,
    75,
    100,
    125
  ],
  "labels_used_for_training": false,
  "periodic_reencode_periods": [
    10,
    20,
    50,
    100
  ],
  "rollout": {
    "episode_count": 15,
    "h10/episode_count": 15,
    "h10/final_state_mse": 0.0016313579347398547,
    "h10/outcome_drop_episode_count": 3,
    "h10/outcome_drop_final_state_mse": 0.0010840419217262392,
    "h10/outcome_drop_state_mse": 0.0012651730596629624,
    "h10/outcome_jam_episode_count": 3,
    "h10/outcome_jam_final_state_mse": 0.0019100998449169731,
    "h10/outcome_jam_state_mse": 0.0016753561746061239,
    "h10/outcome_miss_episode_count": 3,
    "h10/outcome_miss_final_state_mse": 0.0030131225589833228,
    "h10/outcome_miss_state_mse": 0.0092196999032513,
    "h10/outcome_partial_episode_count": 3,
    "h10/outcome_partial_final_state_mse": 0.0010755125226245986,
    "h10/outcome_partial_state_mse": 0.0011937282443825715,
    "h10/outcome_success_episode_count": 3,
    "h10/outcome_success_final_state_mse": 0.0010740126976195503,
    "h10/outcome_success_state_mse": 0.0011938329810410543,
    "h10/state_mse": 0.0029095583647684334,
    "h100/episode_count": 15,
    "h100/final_state_mse": 39776.07843137255,
    "h100/outcome_drop_episode_count": 3,
    "h100/outcome_drop_final_state_mse": 36280.79350490196,
    "h100/outcome_drop_state_mse": 1730.9508905228759,
    "h100/outcome_jam_episode_count": 3,
    "h100/outcome_jam_final_state_mse": 36673.35273692811,
    "h100/outcome_jam_state_mse": 1754.4479820261438,
    "h100/outcome_miss_episode_count": 3,
    "h100/outcome_miss_final_state_mse": 50082.28962418301,
    "h100/outcome_miss_state_mse": 2597.5417156862745,
    "h100/outcome_partial_episode_count": 3,
    "h100/outcome_partial_final_state_mse": 38005.33741830065,
    "h100/outcome_partial_state_mse": 1817.2698529411764,
    "h100/outcome_success_episode_count": 3,
    "h100/outcome_success_final_state_mse": 37838.609885620914,
    "h100/outcome_success_state_mse": 1807.0184640522875,
    "h100/state_mse": 1941.4458562091504,
    "h125/episode_count": 15,
    "h125/final_state_mse": 7961450.750326797,
    "h125/outcome_drop_episode_count": 3,
    "h125/outcome_drop_final_state_mse": 7867130.666666667,
    "h125/outcome_drop_state_mse": 309830.75053594774,
    "h125/outcome_jam_episode_count": 3,
    "h125/outcome_jam_final_state_mse": 8089396.732026144,
    "h125/outcome_jam_state_mse": 314908.7523137255,
    "h125/outcome_miss_episode_count": 3,
    "h125/outcome_miss_final_state_mse": 8352586.1437908495,
    "h125/outcome_miss_state_mse": 372480.40156862745,
    "h125/outcome_partial_episode_count": 3,
    "h125/outcome_partial_final_state_mse": 7691246.45751634,
    "h125/outcome_partial_state_mse": 309025.8990849673,
    "h125/outcome_success_episode_count": 3,
    "h125/outcome_success_final_state_mse": 7806895.660130719,
    "h125/outcome_success_state_mse": 311888.81066666666,
    "h125/state_mse": 323626.91965490195,
    "h20/episode_count": 15,
    "h20/final_state_mse": 0.005370036605136847,
    "h20/outcome_drop_episode_count": 3,
    "h20/outcome_drop_final_state_mse": 0.005790702170795864,
    "h20/outcome_drop_state_mse": 0.0018824121531318217,
    "h20/outcome_jam_episode_count": 3,
    "h20/outcome_jam_final_state_mse": 0.006010595684737162,
    "h20/outcome_jam_state_mse": 0.002155009282180686,
    "h20/outcome_miss_episode_count": 3,
    "h20/outcome_miss_final_state_mse": 0.0035321231371437025,
    "h20/outcome_miss_state_mse": 0.005937125480252933,
    "h20/outcome_partial_episode_count": 3,
    "h20/outcome_partial_final_state_mse": 0.005768919497533561,
    "h20/outcome_partial_state_mse": 0.0017812569936116536,
    "h20/outcome_success_episode_count": 3,
    "h20/outcome_success_final_state_mse": 0.005747843509406046,
    "h20/outcome_success_state_mse": 0.001775617303411945,
    "h20/state_mse": 0.0027062841178544985,
    "h30/episode_count": 15,
    "h30/final_state_mse": 0.06604433745340584,
    "h30/outcome_drop_episode_count": 3,
    "h30/outcome_drop_final_state_mse": 0.0715626408072079,
    "h30/outcome_drop_state_mse": 0.011419889765886959,
    "h30/outcome_jam_episode_count": 3,
    "h30/outcome_jam_final_state_mse": 0.0681863049276514,
    "h30/outcome_jam_state_mse": 0.011385271492087503,
    "h30/outcome_miss_episode_count": 3,
    "h30/outcome_miss_final_state_mse": 0.04437074006772509,
    "h30/outcome_miss_state_mse": 0.008521650975046594,
    "h30/outcome_partial_episode_count": 3,
    "h30/outcome_partial_final_state_mse": 0.07391108952316583,
    "h30/outcome_partial_state_mse": 0.011547200404480911,
    "h30/outcome_success_episode_count": 3,
    "h30/outcome_success_final_state_mse": 0.0721908979166567,
    "h30/outcome_success_state_mse": 0.011280839791225192,
    "h30/state_mse": 0.010830970381859342,
    "h40/episode_count": 15,
    "h40/final_state_mse": 0.7817764182495915,
    "h40/outcome_drop_episode_count": 3,
    "h40/outcome_drop_final_state_mse": 0.6861492855096955,
    "h40/outcome_drop_state_mse": 0.08559197475707608,
    "h40/outcome_jam_episode_count": 3,
    "h40/outcome_jam_final_state_mse": 0.6813644396713356,
    "h40/outcome_jam_state_mse": 0.0836251218334522,
    "h40/outcome_miss_episode_count": 3,
    "h40/outcome_miss_final_state_mse": 1.1662073945687488,
    "h40/outcome_miss_state_mse": 0.11776546341141844,
    "h40/outcome_partial_episode_count": 3,
    "h40/outcome_partial_final_state_mse": 0.6939927129184499,
    "h40/outcome_partial_state_mse": 0.08667995228486902,
    "h40/outcome_success_episode_count": 3,
    "h40/outcome_success_final_state_mse": 0.6811682476716883,
    "h40/outcome_success_state_mse": 0.0848657461552838,
    "h40/state_mse": 0.09170564938214869,
    "h50/episode_count": 15,
    "h50/final_state_mse": 6.240679891748366,
    "h50/outcome_drop_episode_count": 3,
    "h50/outcome_drop_final_state_mse": 5.5214504416471994,
    "h50/outcome_drop_state_mse": 0.5935629152784161,
    "h50/outcome_jam_episode_count": 3,
    "h50/outcome_jam_final_state_mse": 5.49647551268534,
    "h50/outcome_jam_state_mse": 0.5866713370528875,
    "h50/outcome_miss_episode_count": 3,
    "h50/outcome_miss_final_state_mse": 9.604661230947457,
    "h50/outcome_miss_state_mse": 1.0267064552057803,
    "h50/outcome_partial_episode_count": 3,
    "h50/outcome_partial_final_state_mse": 5.3020255830552845,
    "h50/outcome_partial_state_mse": 0.5796627209233303,
    "h50/outcome_success_episode_count": 3,
    "h50/outcome_success_final_state_mse": 5.278789806989283,
    "h50/outcome_success_state_mse": 0.573928102979473,
    "h50/state_mse": 0.6721063112745098,
    "h75/episode_count": 15,
    "h75/final_state_mse": 201.16619689542483,
    "h75/outcome_drop_episode_count": 3,
    "h75/outcome_drop_final_state_mse": 170.66631561478758,
    "h75/outcome_drop_state_mse": 19.58688027641612,
    "h75/outcome_jam_episode_count": 3,
    "h75/outcome_jam_final_state_mse": 143.61019518484477,
    "h75/outcome_jam_state_mse": 17.544280364923747,
    "h75/outcome_miss_episode_count": 3,
    "h75/outcome_miss_final_state_mse": 359.1612796160131,
    "h75/outcome_miss_state_mse": 38.92256808278867,
    "h75/outcome_partial_episode_count": 3,
    "h75/outcome_partial_final_state_mse": 167.86480832567403,
    "h75/outcome_partial_state_mse": 18.92273914079521,
    "h75/outcome_success_episode_count": 3,
    "h75/outcome_success_final_state_mse": 164.52843679789623,
    "h75/outcome_success_state_mse": 18.764974128540306,
    "h75/state_mse": 22.748287581699348,
    "max_requested_horizon": 125,
    "reencode_period": null,
    "rollout_mode": "no_reencode"
  },
  "rollout_modes": {
    "no_reencode": {
      "episode_count": 15,
      "h10/episode_count": 15,
      "h10/final_state_mse": 0.0016313579347398547,
      "h10/outcome_drop_episode_count": 3,
      "h10/outcome_drop_final_state_mse": 0.0010840419217262392,
      "h10/outcome_drop_state_mse": 0.0012651730596629624,
      "h10/outcome_jam_episode_count": 3,
      "h10/outcome_jam_final_state_mse": 0.0019100998449169731,
      "h10/outcome_jam_state_mse": 0.0016753561746061239,
      "h10/outcome_miss_episode_count": 3,
      "h10/outcome_miss_final_state_mse": 0.0030131225589833228,
      "h10/outcome_miss_state_mse": 0.0092196999032513,
      "h10/outcome_partial_episode_count": 3,
      "h10/outcome_partial_final_state_mse": 0.0010755125226245986,
      "h10/outcome_partial_state_mse": 0.0011937282443825715,
      "h10/outcome_success_episode_count": 3,
      "h10/outcome_success_final_state_mse": 0.0010740126976195503,
      "h10/outcome_success_state_mse": 0.0011938329810410543,
      "h10/state_mse": 0.0029095583647684334,
      "h100/episode_count": 15,
      "h100/final_state_mse": 39776.07843137255,
      "h100/outcome_drop_episode_count": 3,
      "h100/outcome_drop_final_state_mse": 36280.79350490196,
      "h100/outcome_drop_state_mse": 1730.9508905228759,
      "h100/outcome_jam_episode_count": 3,
      "h100/outcome_jam_final_state_mse": 36673.35273692811,
      "h100/outcome_jam_state_mse": 1754.4479820261438,
      "h100/outcome_miss_episode_count": 3,
      "h100/outcome_miss_final_state_mse": 50082.28962418301,
      "h100/outcome_miss_state_mse": 2597.5417156862745,
      "h100/outcome_partial_episode_count": 3,
      "h100/outcome_partial_final_state_mse": 38005.33741830065,
      "h100/outcome_partial_state_mse": 1817.2698529411764,
      "h100/outcome_success_episode_count": 3,
      "h100/outcome_success_final_state_mse": 37838.609885620914,
      "h100/outcome_success_state_mse": 1807.0184640522875,
      "h100/state_mse": 1941.4458562091504,
      "h125/episode_count": 15,
      "h125/final_state_mse": 7961450.750326797,
      "h125/outcome_drop_episode_count": 3,
      "h125/outcome_drop_final_state_mse": 7867130.666666667,
      "h125/outcome_drop_state_mse": 309830.75053594774,
      "h125/outcome_jam_episode_count": 3,
      "h125/outcome_jam_final_state_mse": 8089396.732026144,
      "h125/outcome_jam_state_mse": 314908.7523137255,
      "h125/outcome_miss_episode_count": 3,
      "h125/outcome_miss_final_state_mse": 8352586.1437908495,
      "h125/outcome_miss_state_mse": 372480.40156862745,
      "h125/outcome_partial_episode_count": 3,
      "h125/outcome_partial_final_state_mse": 7691246.45751634,
      "h125/outcome_partial_state_mse": 309025.8990849673,
      "h125/outcome_success_episode_count": 3,
      "h125/outcome_success_final_state_mse": 7806895.660130719,
      "h125/outcome_success_state_mse": 311888.81066666666,
      "h125/state_mse": 323626.91965490195,
      "h20/episode_count": 15,
      "h20/final_state_mse": 0.005370036605136847,
      "h20/outcome_drop_episode_count": 3,
      "h20/outcome_drop_final_state_mse": 0.005790702170795864,
      "h20/outcome_drop_state_mse": 0.0018824121531318217,
      "h20/outcome_jam_episode_count": 3,
      "h20/outcome_jam_final_state_mse": 0.006010595684737162,
      "h20/outcome_jam_state_mse": 0.002155009282180686,
      "h20/outcome_miss_episode_count": 3,
      "h20/outcome_miss_final_state_mse": 0.0035321231371437025,
      "h20/outcome_miss_state_mse": 0.005937125480252933,
      "h20/outcome_partial_episode_count": 3,
      "h20/outcome_partial_final_state_mse": 0.005768919497533561,
      "h20/outcome_partial_state_mse": 0.0017812569936116536,
      "h20/outcome_success_episode_count": 3,
      "h20/outcome_success_final_state_mse": 0.005747843509406046,
      "h20/outcome_success_state_mse": 0.001775617303411945,
      "h20/state_mse": 0.0027062841178544985,
      "h30/episode_count": 15,
      "h30/final_state_mse": 0.06604433745340584,
      "h30/outcome_drop_episode_count": 3,
      "h30/outcome_drop_final_state_mse": 0.0715626408072079,
      "h30/outcome_drop_state_mse": 0.011419889765886959,
      "h30/outcome_jam_episode_count": 3,
      "h30/outcome_jam_final_state_mse": 0.0681863049276514,
      "h30/outcome_jam_state_mse": 0.011385271492087503,
      "h30/outcome_miss_episode_count": 3,
      "h30/outcome_miss_final_state_mse": 0.04437074006772509,
      "h30/outcome_miss_state_mse": 0.008521650975046594,
      "h30/outcome_partial_episode_count": 3,
      "h30/outcome_partial_final_state_mse": 0.07391108952316583,
      "h30/outcome_partial_state_mse": 0.011547200404480911,
      "h30/outcome_success_episode_count": 3,
      "h30/outcome_success_final_state_mse": 0.0721908979166567,
      "h30/outcome_success_state_mse": 0.011280839791225192,
      "h30/state_mse": 0.010830970381859342,
      "h40/episode_count": 15,
      "h40/final_state_mse": 0.7817764182495915,
      "h40/outcome_drop_episode_count": 3,
      "h40/outcome_drop_final_state_mse": 0.6861492855096955,
      "h40/outcome_drop_state_mse": 0.08559197475707608,
      "h40/outcome_jam_episode_count": 3,
      "h40/outcome_jam_final_state_mse": 0.6813644396713356,
      "h40/outcome_jam_state_mse": 0.0836251218334522,
      "h40/outcome_miss_episode_count": 3,
      "h40/outcome_miss_final_state_mse": 1.1662073945687488,
      "h40/outcome_miss_state_mse": 0.11776546341141844,
      "h40/outcome_partial_episode_count": 3,
      "h40/outcome_partial_final_state_mse": 0.6939927129184499,
      "h40/outcome_partial_state_mse": 0.08667995228486902,
      "h40/outcome_success_episode_count": 3,
      "h40/outcome_success_final_state_mse": 0.6811682476716883,
      "h40/outcome_success_state_mse": 0.0848657461552838,
      "h40/state_mse": 0.09170564938214869,
      "h50/episode_count": 15,
      "h50/final_state_mse": 6.240679891748366,
      "h50/outcome_drop_episode_count": 3,
      "h50/outcome_drop_final_state_mse": 5.5214504416471994,
      "h50/outcome_drop_state_mse": 0.5935629152784161,
      "h50/outcome_jam_episode_count": 3,
      "h50/outcome_jam_final_state_mse": 5.49647551268534,
      "h50/outcome_jam_state_mse": 0.5866713370528875,
      "h50/outcome_miss_episode_count": 3,
      "h50/outcome_miss_final_state_mse": 9.604661230947457,
      "h50/outcome_miss_state_mse": 1.0267064552057803,
      "h50/outcome_partial_episode_count": 3,
      "h50/outcome_partial_final_state_mse": 5.3020255830552845,
      "h50/outcome_partial_state_mse": 0.5796627209233303,
      "h50/outcome_success_episode_count": 3,
      "h50/outcome_success_final_state_mse": 5.278789806989283,
      "h50/outcome_success_state_mse": 0.573928102979473,
      "h50/state_mse": 0.6721063112745098,
      "h75/episode_count": 15,
      "h75/final_state_mse": 201.16619689542483,
      "h75/outcome_drop_episode_count": 3,
      "h75/outcome_drop_final_state_mse": 170.66631561478758,
      "h75/outcome_drop_state_mse": 19.58688027641612,
      "h75/outcome_jam_episode_count": 3,
      "h75/outcome_jam_final_state_mse": 143.61019518484477,
      "h75/outcome_jam_state_mse": 17.544280364923747,
      "h75/outcome_miss_episode_count": 3,
      "h75/outcome_miss_final_state_mse": 359.1612796160131,
      "h75/outcome_miss_state_mse": 38.92256808278867,
      "h75/outcome_partial_episode_count": 3,
      "h75/outcome_partial_final_state_mse": 167.86480832567403,
      "h75/outcome_partial_state_mse": 18.92273914079521,
      "h75/outcome_success_episode_count": 3,
      "h75/outcome_success_final_state_mse": 164.52843679789623,
      "h75/outcome_success_state_mse": 18.764974128540306,
      "h75/state_mse": 22.748287581699348,
      "max_requested_horizon": 125,
      "reencode_period": null,
      "rollout_mode": "no_reencode"
    },
    "periodic_10": {
      "episode_count": 15,
      "h10/episode_count": 15,
      "h10/final_state_mse": 0.001631357778910718,
      "h10/outcome_drop_episode_count": 3,
      "h10/outcome_drop_final_state_mse": 0.0010840415565017002,
      "h10/outcome_drop_state_mse": 0.0012651730986202464,
      "h10/outcome_jam_episode_count": 3,
      "h10/outcome_jam_final_state_mse": 0.0019100993214284673,
      "h10/outcome_jam_state_mse": 0.0016753563693925446,
      "h10/outcome_miss_episode_count": 3,
      "h10/outcome_miss_final_state_mse": 0.0030131214876580083,
      "h10/outcome_miss_state_mse": 0.009219700059080436,
      "h10/outcome_partial_episode_count": 3,
      "h10/outcome_partial_final_state_mse": 0.0010755130765484828,
      "h10/outcome_partial_state_mse": 0.0011937282054252875,
      "h10/outcome_success_episode_count": 3,
      "h10/outcome_success_final_state_mse": 0.0010740131602373,
      "h10/outcome_success_state_mse": 0.0011938327278187071,
      "h10/state_mse": 0.0029095581154418146,
      "h100/episode_count": 15,
      "h100/final_state_mse": 0.004417222465565002,
      "h100/outcome_drop_episode_count": 3,
      "h100/outcome_drop_final_state_mse": 0.002205647479474934,
      "h100/outcome_drop_state_mse": 0.0019017220790090124,
      "h100/outcome_jam_episode_count": 3,
      "h100/outcome_jam_final_state_mse": 0.0057631943350523905,
      "h100/outcome_jam_state_mse": 0.0026246529311136483,
      "h100/outcome_miss_episode_count": 3,
      "h100/outcome_miss_final_state_mse": 0.008947189507725972,
      "h100/outcome_miss_state_mse": 0.0035346933128007877,
      "h100/outcome_partial_episode_count": 3,
      "h100/outcome_partial_final_state_mse": 0.0016073980946945989,
      "h100/outcome_partial_state_mse": 0.0016446383794148764,
      "h100/outcome_success_episode_count": 3,
      "h100/outcome_success_final_state_mse": 0.0035626831056635366,
      "h100/outcome_success_state_mse": 0.0020380964154511497,
      "h100/state_mse": 0.0023487606671900533,
      "h125/episode_count": 15,
      "h125/final_state_mse": 0.008790636374280344,
      "h125/outcome_drop_episode_count": 3,
      "h125/outcome_drop_final_state_mse": 0.005433802730312534,
      "h125/outcome_drop_state_mse": 0.0023927899030298967,
      "h125/outcome_jam_episode_count": 3,
      "h125/outcome_jam_final_state_mse": 0.009618450784020953,
      "h125/outcome_jam_state_mse": 0.0036619709987266392,
      "h125/outcome_miss_episode_count": 3,
      "h125/outcome_miss_final_state_mse": 0.019745997134961335,
      "h125/outcome_miss_state_mse": 0.0058209527707567404,
      "h125/outcome_partial_episode_count": 3,
      "h125/outcome_partial_final_state_mse": 0.0016463744192341573,
      "h125/outcome_partial_state_mse": 0.001648576250263289,
      "h125/outcome_success_episode_count": 3,
      "h125/outcome_success_final_state_mse": 0.007508552688009599,
      "h125/outcome_success_state_mse": 0.002652435876185598,
      "h125/state_mse": 0.0032353451797385623,
      "h20/episode_count": 15,
      "h20/final_state_mse": 0.001615143289753035,
      "h20/outcome_drop_episode_count": 3,
      "h20/outcome_drop_final_state_mse": 0.0012904988248753392,
      "h20/outcome_drop_state_mse": 0.0012479572709089791,
      "h20/outcome_jam_episode_count": 3,
      "h20/outcome_jam_final_state_mse": 0.0014372637458876067,
      "h20/outcome_jam_state_mse": 0.0016117104907440983,
      "h20/outcome_miss_episode_count": 3,
      "h20/outcome_miss_final_state_mse": 0.0029166503961569343,
      "h20/outcome_miss_state_mse": 0.0063812419479968505,
      "h20/outcome_partial_episode_count": 3,
      "h20/outcome_partial_final_state_mse": 0.0011698975915612737,
      "h20/outcome_partial_state_mse": 0.001170346082425585,
      "h20/outcome_success_episode_count": 3,
      "h20/outcome_success_final_state_mse": 0.0012614062311602575,
      "h20/outcome_success_state_mse": 0.0011911775941163107,
      "h20/state_mse": 0.002320486579845154,
      "h30/episode_count": 15,
      "h30/final_state_mse": 0.001170000687144161,
      "h30/outcome_drop_episode_count": 3,
      "h30/outcome_drop_final_state_mse": 0.0011089438560351827,
      "h30/outcome_drop_state_mse": 0.001277954697868663,
      "h30/outcome_jam_episode_count": 3,
      "h30/outcome_jam_final_state_mse": 0.0013450729155462552,
      "h30/outcome_jam_state_mse": 0.0016160109463860008,
      "h30/outcome_miss_episode_count": 3,
      "h30/outcome_miss_final_state_mse": 0.0012463758778727913,
      "h30/outcome_miss_state_mse": 0.0047850755305072065,
      "h30/outcome_partial_episode_count": 3,
      "h30/outcome_partial_final_state_mse": 0.0010402832375048033,
      "h30/outcome_partial_state_mse": 0.0012010183469402505,
      "h30/outcome_success_episode_count": 3,
      "h30/outcome_success_final_state_mse": 0.001109327828767253,
      "h30/outcome_success_state_mse": 0.0012218162125232173,
      "h30/state_mse": 0.0020203750377646716,
      "h40/episode_count": 15,
      "h40/final_state_mse": 0.0014679628259995404,
      "h40/outcome_drop_episode_count": 3,
      "h40/outcome_drop_final_state_mse": 0.0013931716968810636,
      "h40/outcome_drop_state_mse": 0.0014454565017051947,
      "h40/outcome_jam_episode_count": 3,
      "h40/outcome_jam_final_state_mse": 0.0015322032074133556,
      "h40/outcome_jam_state_mse": 0.0017015975285199732,
      "h40/outcome_miss_episode_count": 3,
      "h40/outcome_miss_final_state_mse": 0.0016238280127640642,
      "h40/outcome_miss_state_mse": 0.004026467581979589,
      "h40/outcome_partial_episode_count": 3,
      "h40/outcome_partial_final_state_mse": 0.001361275931783751,
      "h40/outcome_partial_state_mse": 0.001291341427104925,
      "h40/outcome_success_episode_count": 3,
      "h40/outcome_success_final_state_mse": 0.0014293354759418887,
      "h40/outcome_success_state_mse": 0.0013170256723765454,
      "h40/state_mse": 0.0019563779643937654,
      "h50/episode_count": 15,
      "h50/final_state_mse": 0.0018141520568747925,
      "h50/outcome_drop_episode_count": 3,
      "h50/outcome_drop_final_state_mse": 0.0014956274185500113,
      "h50/outcome_drop_state_mse": 0.0015639629551008635,
      "h50/outcome_jam_episode_count": 3,
      "h50/outcome_jam_final_state_mse": 0.002299777238197576,
      "h50/outcome_jam_state_mse": 0.0019122455011006275,
      "h50/outcome_miss_episode_count": 3,
      "h50/outcome_miss_final_state_mse": 0.0017219172681079192,
      "h50/outcome_miss_state_mse": 0.003599894903843699,
      "h50/outcome_partial_episode_count": 3,
      "h50/outcome_partial_final_state_mse": 0.0017537199496443754,
      "h50/outcome_partial_state_mse": 0.0014719716863694533,
      "h50/outcome_success_episode_count": 3,
      "h50/outcome_success_final_state_mse": 0.001799718300306719,
      "h50/outcome_success_state_mse": 0.0015037463381399516,
      "h50/state_mse": 0.0020103642083460988,
      "h75/episode_count": 15,
      "h75/final_state_mse": 0.0030667884677064187,
      "h75/outcome_drop_episode_count": 3,
      "h75/outcome_drop_final_state_mse": 0.0023251195359074214,
      "h75/outcome_drop_state_mse": 0.001693582804893876,
      "h75/outcome_jam_episode_count": 3,
      "h75/outcome_jam_final_state_mse": 0.003183970605236253,
      "h75/outcome_jam_state_mse": 0.0022119523341359655,
      "h75/outcome_miss_episode_count": 3,
      "h75/outcome_miss_final_state_mse": 0.004438505063649096,
      "h75/outcome_miss_state_mse": 0.0031448045119740605,
      "h75/outcome_partial_episode_count": 3,
      "h75/outcome_partial_final_state_mse": 0.0024402943360649684,
      "h75/outcome_partial_state_mse": 0.00165539733205226,
      "h75/outcome_success_episode_count": 3,
      "h75/outcome_success_final_state_mse": 0.0029460535768200367,
      "h75/outcome_success_state_mse": 0.0017100036637715523,
      "h75/state_mse": 0.002083148233251634,
      "max_requested_horizon": 125,
      "reencode_period": 10,
      "rollout_mode": "periodic_10"
    },
    "periodic_100": {
      "episode_count": 15,
      "h10/episode_count": 15,
      "h10/final_state_mse": 0.001631357778910718,
      "h10/outcome_drop_episode_count": 3,
      "h10/outcome_drop_final_state_mse": 0.0010840415565017002,
      "h10/outcome_drop_state_mse": 0.0012651730986202464,
      "h10/outcome_jam_episode_count": 3,
      "h10/outcome_jam_final_state_mse": 0.0019100993214284673,
      "h10/outcome_jam_state_mse": 0.0016753563693925446,
      "h10/outcome_miss_episode_count": 3,
      "h10/outcome_miss_final_state_mse": 0.0030131214876580083,
      "h10/outcome_miss_state_mse": 0.009219700059080436,
      "h10/outcome_partial_episode_count": 3,
      "h10/outcome_partial_final_state_mse": 0.0010755130765484828,
      "h10/outcome_partial_state_mse": 0.0011937282054252875,
      "h10/outcome_success_episode_count": 3,
      "h10/outcome_success_final_state_mse": 0.0010740131602373,
      "h10/outcome_success_state_mse": 0.0011938327278187071,
      "h10/state_mse": 0.0029095581154418146,
      "h100/episode_count": 15,
      "h100/final_state_mse": 39776.07581699346,
      "h100/outcome_drop_episode_count": 3,
      "h100/outcome_drop_final_state_mse": 36280.795241013075,
      "h100/outcome_drop_state_mse": 1730.950702614379,
      "h100/outcome_jam_episode_count": 3,
      "h100/outcome_jam_final_state_mse": 36673.33558006536,
      "h100/outcome_jam_state_mse": 1754.448227124183,
      "h100/outcome_miss_episode_count": 3,
      "h100/outcome_miss_final_state_mse": 50082.27614379085,
      "h100/outcome_miss_state_mse": 2597.5421241830068,
      "h100/outcome_partial_episode_count": 3,
      "h100/outcome_partial_final_state_mse": 38005.34660947712,
      "h100/outcome_partial_state_mse": 1817.2698774509804,
      "h100/outcome_success_episode_count": 3,
      "h100/outcome_success_final_state_mse": 37838.612336601305,
      "h100/outcome_success_state_mse": 1807.0184803921568,
      "h100/state_mse": 1941.4458562091504,
      "h125/episode_count": 15,
      "h125/final_state_mse": 11010.718954248367,
      "h125/outcome_drop_episode_count": 3,
      "h125/outcome_drop_final_state_mse": 6030.846098856209,
      "h125/outcome_drop_state_mse": 2066.6148235294118,
      "h125/outcome_jam_episode_count": 3,
      "h125/outcome_jam_final_state_mse": 4919.676062091503,
      "h125/outcome_jam_state_mse": 2041.5608627450981,
      "h125/outcome_miss_episode_count": 3,
      "h125/outcome_miss_final_state_mse": 32543.33660130719,
      "h125/outcome_miss_state_mse": 6085.525490196079,
      "h125/outcome_partial_episode_count": 3,
      "h125/outcome_partial_final_state_mse": 5746.963745915033,
      "h125/outcome_partial_state_mse": 2114.408575163399,
      "h125/outcome_success_episode_count": 3,
      "h125/outcome_success_final_state_mse": 5812.7710375817,
      "h125/outcome_success_state_mse": 2115.015294117647,
      "h125/state_mse": 2884.6250666666665,
      "h20/episode_count": 15,
      "h20/final_state_mse": 0.0053700359818203,
      "h20/outcome_drop_episode_count": 3,
      "h20/outcome_drop_final_state_mse": 0.005790702268189075,
      "h20/outcome_drop_state_mse": 0.0018824120362599692,
      "h20/outcome_jam_episode_count": 3,
      "h20/outcome_jam_final_state_mse": 0.006010595879523583,
      "h20/outcome_jam_state_mse": 0.002155009204266118,
      "h20/outcome_miss_episode_count": 3,
      "h20/outcome_miss_final_state_mse": 0.0035321231371437025,
      "h20/outcome_miss_state_mse": 0.005937125402338365,
      "h20/outcome_partial_episode_count": 3,
      "h20/outcome_partial_final_state_mse": 0.00576891696531009,
      "h20/outcome_partial_state_mse": 0.001781256837782517,
      "h20/outcome_success_episode_count": 3,
      "h20/outcome_success_final_state_mse": 0.005747842827653573,
      "h20/outcome_success_state_mse": 0.001775617108625524,
      "h20/state_mse": 0.0027062841178544985,
      "h30/episode_count": 15,
      "h30/final_state_mse": 0.06604434243993822,
      "h30/outcome_drop_episode_count": 3,
      "h30/outcome_drop_final_state_mse": 0.071562645482082,
      "h30/outcome_drop_state_mse": 0.011419889454228687,
      "h30/outcome_jam_episode_count": 3,
      "h30/outcome_jam_final_state_mse": 0.06818630570679708,
      "h30/outcome_jam_state_mse": 0.011385271284315322,
      "h30/outcome_miss_episode_count": 3,
      "h30/outcome_miss_final_state_mse": 0.044370745132172026,
      "h30/outcome_miss_state_mse": 0.008521650975046594,
      "h30/outcome_partial_episode_count": 3,
      "h30/outcome_partial_final_state_mse": 0.07391111523497339,
      "h30/outcome_partial_state_mse": 0.011547201858886186,
      "h30/outcome_success_episode_count": 3,
      "h30/outcome_success_final_state_mse": 0.0721909025915308,
      "h30/outcome_success_state_mse": 0.011280840622313921,
      "h30/state_mse": 0.010830971046730324,
      "h40/episode_count": 15,
      "h40/final_state_mse": 0.7817763384650736,
      "h40/outcome_drop_episode_count": 3,
      "h40/outcome_drop_final_state_mse": 0.6861493587493896,
      "h40/outcome_drop_state_mse": 0.08559197008220198,
      "h40/outcome_jam_episode_count": 3,
      "h40/outcome_jam_final_state_mse": 0.6813643196829005,
      "h40/outcome_jam_state_mse": 0.0836251218334522,
      "h40/outcome_miss_episode_count": 3,
      "h40/outcome_miss_final_state_mse": 1.1662072574391085,
      "h40/outcome_miss_state_mse": 0.11776545717825297,
      "h40/outcome_partial_episode_count": 3,
      "h40/outcome_partial_final_state_mse": 0.6939928656310038,
      "h40/outcome_partial_state_mse": 0.08667995477813521,
      "h40/outcome_success_episode_count": 3,
      "h40/outcome_success_final_state_mse": 0.6811682959787206,
      "h40/outcome_success_state_mse": 0.08486574802523345,
      "h40/state_mse": 0.09170564938214869,
      "h50/episode_count": 15,
      "h50/final_state_mse": 6.240679253472222,
      "h50/outcome_drop_episode_count": 3,
      "h50/outcome_drop_final_state_mse": 5.521449444340725,
      "h50/outcome_drop_state_mse": 0.5935628015854779,
      "h50/outcome_jam_episode_count": 3,
      "h50/outcome_jam_final_state_mse": 5.496474640042174,
      "h50/outcome_jam_state_mse": 0.5866713230905969,
      "h50/outcome_miss_episode_count": 3,
      "h50/outcome_miss_final_state_mse": 9.604658937142565,
      "h50/outcome_miss_state_mse": 1.0267063195720996,
      "h50/outcome_partial_episode_count": 3,
      "h50/outcome_partial_final_state_mse": 5.302024797676435,
      "h50/outcome_partial_state_mse": 0.5796626251819087,
      "h50/outcome_success_episode_count": 3,
      "h50/outcome_success_final_state_mse": 5.278790205911873,
      "h50/outcome_success_state_mse": 0.5739280890171824,
      "h50/state_mse": 0.6721062091503268,
      "h75/episode_count": 15,
      "h75/final_state_mse": 201.16619689542483,
      "h75/outcome_drop_episode_count": 3,
      "h75/outcome_drop_final_state_mse": 170.66631561478758,
      "h75/outcome_drop_state_mse": 19.586878233932463,
      "h75/outcome_jam_episode_count": 3,
      "h75/outcome_jam_final_state_mse": 143.61013614430146,
      "h75/outcome_jam_state_mse": 17.54428172657952,
      "h75/outcome_miss_episode_count": 3,
      "h75/outcome_miss_final_state_mse": 359.16130514705884,
      "h75/outcome_miss_state_mse": 38.92257182734205,
      "h75/outcome_partial_episode_count": 3,
      "h75/outcome_partial_final_state_mse": 167.86478119893792,
      "h75/outcome_partial_state_mse": 18.922736077069718,
      "h75/outcome_success_episode_count": 3,
      "h75/outcome_success_final_state_mse": 164.52846552032273,
      "h75/outcome_success_state_mse": 18.76497446895425,
      "h75/state_mse": 22.748287581699348,
      "max_requested_horizon": 125,
      "reencode_period": 100,
      "rollout_mode": "periodic_100"
    },
    "periodic_20": {
      "episode_count": 15,
      "h10/episode_count": 15,
      "h10/final_state_mse": 0.001631357778910718,
      "h10/outcome_drop_episode_count": 3,
      "h10/outcome_drop_final_state_mse": 0.0010840415565017002,
      "h10/outcome_drop_state_mse": 0.0012651730986202464,
      "h10/outcome_jam_episode_count": 3,
      "h10/outcome_jam_final_state_mse": 0.0019100993214284673,
      "h10/outcome_jam_state_mse": 0.0016753563693925446,
      "h10/outcome_miss_episode_count": 3,
      "h10/outcome_miss_final_state_mse": 0.0030131214876580083,
      "h10/outcome_miss_state_mse": 0.009219700059080436,
      "h10/outcome_partial_episode_count": 3,
      "h10/outcome_partial_final_state_mse": 0.0010755130765484828,
      "h10/outcome_partial_state_mse": 0.0011937282054252875,
      "h10/outcome_success_episode_count": 3,
      "h10/outcome_success_final_state_mse": 0.0010740131602373,
      "h10/outcome_success_state_mse": 0.0011938327278187071,
      "h10/state_mse": 0.0029095581154418146,
      "h100/episode_count": 15,
      "h100/final_state_mse": 0.004252254261690028,
      "h100/outcome_drop_episode_count": 3,
      "h100/outcome_drop_final_state_mse": 0.004515175165888531,
      "h100/outcome_drop_state_mse": 0.003033738977768842,
      "h100/outcome_jam_episode_count": 3,
      "h100/outcome_jam_final_state_mse": 0.004403157269253451,
      "h100/outcome_jam_state_mse": 0.0036081009908439285,
      "h100/outcome_miss_episode_count": 3,
      "h100/outcome_miss_final_state_mse": 0.006487733982746897,
      "h100/outcome_miss_state_mse": 0.004211780136706782,
      "h100/outcome_partial_episode_count": 3,
      "h100/outcome_partial_final_state_mse": 0.0027399451952744153,
      "h100/outcome_partial_state_mse": 0.0028216317120720357,
      "h100/outcome_success_episode_count": 3,
      "h100/outcome_success_final_state_mse": 0.003115259695286844,
      "h100/outcome_success_state_mse": 0.0028763095381992313,
      "h100/state_mse": 0.003310312308517157,
      "h125/episode_count": 15,
      "h125/final_state_mse": 0.004947073007720747,
      "h125/outcome_drop_episode_count": 3,
      "h125/outcome_drop_final_state_mse": 0.004964496282970204,
      "h125/outcome_drop_state_mse": 0.0035748778199837876,
      "h125/outcome_jam_episode_count": 3,
      "h125/outcome_jam_final_state_mse": 0.0062593941400253695,
      "h125/outcome_jam_state_mse": 0.003948907889571845,
      "h125/outcome_miss_episode_count": 3,
      "h125/outcome_miss_final_state_mse": 0.0058047268417925615,
      "h125/outcome_miss_state_mse": 0.005195646597669016,
      "h125/outcome_partial_episode_count": 3,
      "h125/outcome_partial_final_state_mse": 0.00260982472522586,
      "h125/outcome_partial_state_mse": 0.0027839270697699653,
      "h125/outcome_success_episode_count": 3,
      "h125/outcome_success_final_state_mse": 0.005096922707713507,
      "h125/outcome_success_state_mse": 0.003136721043804892,
      "h125/state_mse": 0.0037280164930555554,
      "h20/episode_count": 15,
      "h20/final_state_mse": 0.0053700359818203,
      "h20/outcome_drop_episode_count": 3,
      "h20/outcome_drop_final_state_mse": 0.005790702268189075,
      "h20/outcome_drop_state_mse": 0.0018824120362599692,
      "h20/outcome_jam_episode_count": 3,
      "h20/outcome_jam_final_state_mse": 0.006010595879523583,
      "h20/outcome_jam_state_mse": 0.002155009204266118,
      "h20/outcome_miss_episode_count": 3,
      "h20/outcome_miss_final_state_mse": 0.0035321231371437025,
      "h20/outcome_miss_state_mse": 0.005937125402338365,
      "h20/outcome_partial_episode_count": 3,
      "h20/outcome_partial_final_state_mse": 0.00576891696531009,
      "h20/outcome_partial_state_mse": 0.001781256837782517,
      "h20/outcome_success_episode_count": 3,
      "h20/outcome_success_final_state_mse": 0.005747842827653573,
      "h20/outcome_success_state_mse": 0.001775617108625524,
      "h20/state_mse": 0.0027062841178544985,
      "h30/episode_count": 15,
      "h30/final_state_mse": 0.0014536994734620737,
      "h30/outcome_drop_episode_count": 3,
      "h30/outcome_drop_final_state_mse": 0.0014175249178425158,
      "h30/outcome_drop_state_mse": 0.0019341945388478131,
      "h30/outcome_jam_episode_count": 3,
      "h30/outcome_jam_final_state_mse": 0.0015953208252884982,
      "h30/outcome_jam_state_mse": 0.0021834570857694204,
      "h30/outcome_miss_episode_count": 3,
      "h30/outcome_miss_final_state_mse": 0.0016090115349666745,
      "h30/outcome_miss_state_mse": 0.004670048383326312,
      "h30/outcome_partial_episode_count": 3,
      "h30/outcome_partial_final_state_mse": 0.0012984418011958304,
      "h30/outcome_partial_state_mse": 0.0018194022521474003,
      "h30/outcome_success_episode_count": 3,
      "h30/outcome_success_final_state_mse": 0.0013481977767024944,
      "h30/outcome_success_state_mse": 0.0018195955581914367,
      "h30/state_mse": 0.002485339594822304,
      "h40/episode_count": 15,
      "h40/final_state_mse": 0.005660423578000536,
      "h40/outcome_drop_episode_count": 3,
      "h40/outcome_drop_final_state_mse": 0.005518415492344526,
      "h40/outcome_drop_state_mse": 0.002137125940883861,
      "h40/outcome_jam_episode_count": 3,
      "h40/outcome_jam_final_state_mse": 0.006182011825586456,
      "h40/outcome_jam_state_mse": 0.0024750213997036803,
      "h40/outcome_miss_episode_count": 3,
      "h40/outcome_miss_final_state_mse": 0.007121171339664584,
      "h40/outcome_miss_state_mse": 0.0044064623078489615,
      "h40/outcome_partial_episode_count": 3,
      "h40/outcome_partial_final_state_mse": 0.004972687051966299,
      "h40/outcome_partial_state_mse": 0.001994881014418758,
      "h40/outcome_success_episode_count": 3,
      "h40/outcome_success_final_state_mse": 0.004507831693474763,
      "h40/outcome_success_state_mse": 0.001953992422889261,
      "h40/state_mse": 0.002593496484694138,
      "h50/episode_count": 15,
      "h50/final_state_mse": 0.002411037177042244,
      "h50/outcome_drop_episode_count": 3,
      "h50/outcome_drop_final_state_mse": 0.00231960781064688,
      "h50/outcome_drop_state_mse": 0.002294940075843163,
      "h50/outcome_jam_episode_count": 3,
      "h50/outcome_jam_final_state_mse": 0.002921527361168581,
      "h50/outcome_jam_state_mse": 0.0026244707668528836,
      "h50/outcome_miss_episode_count": 3,
      "h50/outcome_miss_final_state_mse": 0.0019886949239603055,
      "h50/outcome_miss_state_mse": 0.00400551079145444,
      "h50/outcome_partial_episode_count": 3,
      "h50/outcome_partial_final_state_mse": 0.002417225609807407,
      "h50/outcome_partial_state_mse": 0.0021787437738156785,
      "h50/outcome_success_episode_count": 3,
      "h50/outcome_success_final_state_mse": 0.0024081299117967195,
      "h50/outcome_success_state_mse": 0.0021531383040683722,
      "h50/state_mse": 0.002651360804738562,
      "h75/episode_count": 15,
      "h75/final_state_mse": 0.004240378834842857,
      "h75/outcome_drop_episode_count": 3,
      "h75/outcome_drop_final_state_mse": 0.002772520813677046,
      "h75/outcome_drop_state_mse": 0.0028315474732509105,
      "h75/outcome_jam_episode_count": 3,
      "h75/outcome_jam_final_state_mse": 0.003807876819099476,
      "h75/outcome_jam_state_mse": 0.003570739230818738,
      "h75/outcome_miss_episode_count": 3,
      "h75/outcome_miss_final_state_mse": 0.004826883669772179,
      "h75/outcome_miss_state_mse": 0.003696138801657816,
      "h75/outcome_partial_episode_count": 3,
      "h75/outcome_partial_final_state_mse": 0.005033865035359376,
      "h75/outcome_partial_state_mse": 0.0027954015960360923,
      "h75/outcome_success_episode_count": 3,
      "h75/outcome_success_final_state_mse": 0.004760749589383992,
      "h75/outcome_success_state_mse": 0.0027310488582436556,
      "h75/state_mse": 0.003124975000851035,
      "max_requested_horizon": 125,
      "reencode_period": 20,
      "rollout_mode": "periodic_20"
    },
    "periodic_50": {
      "episode_count": 15,
      "h10/episode_count": 15,
      "h10/final_state_mse": 0.001631357778910718,
      "h10/outcome_drop_episode_count": 3,
      "h10/outcome_drop_final_state_mse": 0.0010840415565017002,
      "h10/outcome_drop_state_mse": 0.0012651730986202464,
      "h10/outcome_jam_episode_count": 3,
      "h10/outcome_jam_final_state_mse": 0.0019100993214284673,
      "h10/outcome_jam_state_mse": 0.0016753563693925446,
      "h10/outcome_miss_episode_count": 3,
      "h10/outcome_miss_final_state_mse": 0.0030131214876580083,
      "h10/outcome_miss_state_mse": 0.009219700059080436,
      "h10/outcome_partial_episode_count": 3,
      "h10/outcome_partial_final_state_mse": 0.0010755130765484828,
      "h10/outcome_partial_state_mse": 0.0011937282054252875,
      "h10/outcome_success_episode_count": 3,
      "h10/outcome_success_final_state_mse": 0.0010740131602373,
      "h10/outcome_success_state_mse": 0.0011938327278187071,
      "h10/state_mse": 0.0029095581154418146,
      "h100/episode_count": 15,
      "h100/final_state_mse": 85.55856311274509,
      "h100/outcome_drop_episode_count": 3,
      "h100/outcome_drop_final_state_mse": 82.40371045879289,
      "h100/outcome_drop_state_mse": 4.860410315819036,
      "h100/outcome_jam_episode_count": 3,
      "h100/outcome_jam_final_state_mse": 87.77735272575828,
      "h100/outcome_jam_state_mse": 5.085482696333742,
      "h100/outcome_miss_episode_count": 3,
      "h100/outcome_miss_final_state_mse": 97.47102864583333,
      "h100/outcome_miss_state_mse": 6.356578903696896,
      "h100/outcome_partial_episode_count": 3,
      "h100/outcome_partial_final_state_mse": 79.59687515956904,
      "h100/outcome_partial_state_mse": 4.596557553359886,
      "h100/outcome_success_episode_count": 3,
      "h100/outcome_success_final_state_mse": 80.5438583473754,
      "h100/outcome_success_state_mse": 4.647239391850491,
      "h100/state_mse": 5.109253267973856,
      "h125/episode_count": 15,
      "h125/final_state_mse": 31.7453635620915,
      "h125/outcome_drop_episode_count": 3,
      "h125/outcome_drop_final_state_mse": 29.036783854166668,
      "h125/outcome_drop_state_mse": 6.81952037377451,
      "h125/outcome_jam_episode_count": 3,
      "h125/outcome_jam_final_state_mse": 27.231160082848245,
      "h125/outcome_jam_state_mse": 6.970869612949347,
      "h125/outcome_miss_episode_count": 3,
      "h125/outcome_miss_final_state_mse": 46.31706527011846,
      "h125/outcome_miss_state_mse": 8.37382169117647,
      "h125/outcome_partial_episode_count": 3,
      "h125/outcome_partial_final_state_mse": 27.2873575048509,
      "h125/outcome_partial_state_mse": 6.171797998366013,
      "h125/outcome_success_episode_count": 3,
      "h125/outcome_success_final_state_mse": 28.85445827907986,
      "h125/outcome_success_state_mse": 6.421771905637255,
      "h125/state_mse": 6.951555555555555,
      "h20/episode_count": 15,
      "h20/final_state_mse": 0.0053700359818203,
      "h20/outcome_drop_episode_count": 3,
      "h20/outcome_drop_final_state_mse": 0.005790702268189075,
      "h20/outcome_drop_state_mse": 0.0018824120362599692,
      "h20/outcome_jam_episode_count": 3,
      "h20/outcome_jam_final_state_mse": 0.006010595879523583,
      "h20/outcome_jam_state_mse": 0.002155009204266118,
      "h20/outcome_miss_episode_count": 3,
      "h20/outcome_miss_final_state_mse": 0.0035321231371437025,
      "h20/outcome_miss_state_mse": 0.005937125402338365,
      "h20/outcome_partial_episode_count": 3,
      "h20/outcome_partial_final_state_mse": 0.00576891696531009,
      "h20/outcome_partial_state_mse": 0.001781256837782517,
      "h20/outcome_success_episode_count": 3,
      "h20/outcome_success_final_state_mse": 0.005747842827653573,
      "h20/outcome_success_state_mse": 0.001775617108625524,
      "h20/state_mse": 0.0027062841178544985,
      "h30/episode_count": 15,
      "h30/final_state_mse": 0.06604434243993822,
      "h30/outcome_drop_episode_count": 3,
      "h30/outcome_drop_final_state_mse": 0.071562645482082,
      "h30/outcome_drop_state_mse": 0.011419889454228687,
      "h30/outcome_jam_episode_count": 3,
      "h30/outcome_jam_final_state_mse": 0.06818630570679708,
      "h30/outcome_jam_state_mse": 0.011385271284315322,
      "h30/outcome_miss_episode_count": 3,
      "h30/outcome_miss_final_state_mse": 0.044370745132172026,
      "h30/outcome_miss_state_mse": 0.008521650975046594,
      "h30/outcome_partial_episode_count": 3,
      "h30/outcome_partial_final_state_mse": 0.07391111523497339,
      "h30/outcome_partial_state_mse": 0.011547201858886186,
      "h30/outcome_success_episode_count": 3,
      "h30/outcome_success_final_state_mse": 0.0721909025915308,
      "h30/outcome_success_state_mse": 0.011280840622313921,
      "h30/state_mse": 0.010830971046730324,
      "h40/episode_count": 15,
      "h40/final_state_mse": 0.7817763384650736,
      "h40/outcome_drop_episode_count": 3,
      "h40/outcome_drop_final_state_mse": 0.6861493587493896,
      "h40/outcome_drop_state_mse": 0.08559197008220198,
      "h40/outcome_jam_episode_count": 3,
      "h40/outcome_jam_final_state_mse": 0.6813643196829005,
      "h40/outcome_jam_state_mse": 0.0836251218334522,
      "h40/outcome_miss_episode_count": 3,
      "h40/outcome_miss_final_state_mse": 1.1662072574391085,
      "h40/outcome_miss_state_mse": 0.11776545717825297,
      "h40/outcome_partial_episode_count": 3,
      "h40/outcome_partial_final_state_mse": 0.6939928656310038,
      "h40/outcome_partial_state_mse": 0.08667995477813521,
      "h40/outcome_success_episode_count": 3,
      "h40/outcome_success_final_state_mse": 0.6811682959787206,
      "h40/outcome_success_state_mse": 0.08486574802523345,
      "h40/state_mse": 0.09170564938214869,
      "h50/episode_count": 15,
      "h50/final_state_mse": 6.240679253472222,
      "h50/outcome_drop_episode_count": 3,
      "h50/outcome_drop_final_state_mse": 5.521449444340725,
      "h50/outcome_drop_state_mse": 0.5935628015854779,
      "h50/outcome_jam_episode_count": 3,
      "h50/outcome_jam_final_state_mse": 5.496474640042174,
      "h50/outcome_jam_state_mse": 0.5866713230905969,
      "h50/outcome_miss_episode_count": 3,
      "h50/outcome_miss_final_state_mse": 9.604658937142565,
      "h50/outcome_miss_state_mse": 1.0267063195720996,
      "h50/outcome_partial_episode_count": 3,
      "h50/outcome_partial_final_state_mse": 5.302024797676435,
      "h50/outcome_partial_state_mse": 0.5796626251819087,
      "h50/outcome_success_episode_count": 3,
      "h50/outcome_success_final_state_mse": 5.278790205911873,
      "h50/outcome_success_state_mse": 0.5739280890171824,
      "h50/state_mse": 0.6721062091503268,
      "h75/episode_count": 15,
      "h75/final_state_mse": 3.191378484987745,
      "h75/outcome_drop_episode_count": 3,
      "h75/outcome_drop_final_state_mse": 2.953508857028936,
      "h75/outcome_drop_state_mse": 0.9673062885093273,
      "h75/outcome_jam_episode_count": 3,
      "h75/outcome_jam_final_state_mse": 3.105854969398648,
      "h75/outcome_jam_state_mse": 0.9638261051219533,
      "h75/outcome_miss_episode_count": 3,
      "h75/outcome_miss_final_state_mse": 3.9701346104441124,
      "h75/outcome_miss_state_mse": 1.435349754050926,
      "h75/outcome_partial_episode_count": 3,
      "h75/outcome_partial_final_state_mse": 2.949194858276766,
      "h75/outcome_partial_state_mse": 0.9304216305934266,
      "h75/outcome_success_episode_count": 3,
      "h75/outcome_success_final_state_mse": 2.978200688081629,
      "h75/outcome_success_state_mse": 0.9270509128944546,
      "h75/state_mse": 1.0447909177559913,
      "max_requested_horizon": 125,
      "reencode_period": 50,
      "rollout_mode": "periodic_50"
    }
  },
  "split": "test",
  "support_alignment": {
    "contact_phase": {
      "contact_phase_family_ari": 0.0,
      "contact_phase_family_nmi": 0.0,
      "contact_phase_family_purity": 0.9996668887408394,
      "contact_phase_sample_count": 3002.0,
      "h_contact_phase_given_family": 0.0030002889533867266,
      "h_family_given_contact_phase": 0.0,
      "unique_contact_phase_count": 2.0,
      "unique_family_count": 1.0
    },
    "contact_phase_alignment_available": true,
    "evaluated_state_count": 3017,
    "family_count": 1,
    "mean_family_similarity": 0.5900580883026123,
    "mean_support_size": 236.00198873052702,
    "outcome_alignment_available": true,
    "outcome_state": {
      "h_family_given_outcome": 0.0,
      "h_outcome_given_family": 1.6094379124341005,
      "outcome_family_ari": 0.0,
      "outcome_family_nmi": 0.0,
      "outcome_family_purity": 0.2,
      "outcome_sample_count": 15.0,
      "unique_family_count": 1.0,
      "unique_outcome_count": 5.0
    },
    "status": "ok",
    "unassigned_state_fraction": 0.0,
    "validation_state_count": 2346
  },
  "support_threshold": 0.2
}
summary=runs/maniskill_insertion/perturbation_e20_5k_lista_tuning_initial_20260603_185857_fullperiodic/lista_relu_a0p01_sp1em4/seed0/eval_test_periodic/metrics_summary.json
summary=runs/maniskill_insertion/perturbation_e20_5k_lista_tuning_initial_20260603_185857_fullperiodic/lista_relu_a0p003_sp1em4/seed0/eval_test_periodic/metrics_summary.json
summary=runs/maniskill_insertion/perturbation_e20_5k_lista_tuning_initial_20260603_185857_fullperiodic/lista_relu_a0p003_sp0/seed0/eval_test_periodic/metrics_summary.json
summary=runs/maniskill_insertion/perturbation_e20_5k_lista_tuning_initial_20260603_185857_fullperiodic/lista_relu_a0p001_sp1em4/seed0/eval_test_periodic/metrics_summary.json
end_time=Wed Jun  3 19:21:32 EDT 2026

======== GPU REPORT ========

==============NVSMI LOG==============

Timestamp                                 : Wed Jun  3 19:21:32 2026
Driver Version                            : 580.95.05
CUDA Version                              : 13.0

Attached GPUs                             : 1
GPU 00000000:14:00.0
    Accounting Mode                       : Enabled
    Accounting Mode Buffer Size           : 4000
    Accounted Processes
        Process ID                        : 3416347
            GPU Utilization               : 23 %
            Memory Utilization            : 10 %
            Max memory usage              : 380 MiB
            Time                          : 120407 ms
            Is Running                    : 0
        Process ID                        : 3416339
            GPU Utilization               : 23 %
            Memory Utilization            : 10 %
            Max memory usage              : 380 MiB
            Time                          : 120462 ms
            Is Running                    : 0
        Process ID                        : 3416354
            GPU Utilization               : 24 %
            Memory Utilization            : 11 %
            Max memory usage              : 380 MiB
            Time                          : 120506 ms
            Is Running                    : 0
        Process ID                        : 3416364
            GPU Utilization               : 23 %
            Memory Utilization            : 11 %
            Max memory usage              : 380 MiB
            Time                          : 120569 ms
            Is Running                    : 0
        Process ID                        : 3434818
            GPU Utilization               : 8 %
            Memory Utilization            : 0 %
            Max memory usage              : 234 MiB
            Time                          : 2438 ms
            Is Running                    : 0
        Process ID                        : 3434797
            GPU Utilization               : 0 %
            Memory Utilization            : 0 %
            Max memory usage              : 234 MiB
            Time                          : 2543 ms
            Is Running                    : 0
        Process ID                        : 3434785
            GPU Utilization               : 13 %
            Memory Utilization            : 0 %
            Max memory usage              : 234 MiB
            Time                          : 2575 ms
            Is Running                    : 0
        Process ID                        : 3434808
            GPU Utilization               : 3 %
            Memory Utilization            : 0 %
            Max memory usage              : 234 MiB
            Time                          : 2584 ms
            Is Running                    : 0

Wed Jun  3 19:21:32 2026       
+-----------------------------------------------------------------------------------------+
| NVIDIA-SMI 580.95.05              Driver Version: 580.95.05      CUDA Version: 13.0     |
+-----------------------------------------+------------------------+----------------------+
| GPU  Name                 Persistence-M | Bus-Id          Disp.A | Volatile Uncorr. ECC |
| Fan  Temp   Perf          Pwr:Usage/Cap |           Memory-Usage | GPU-Util  Compute M. |
|                                         |                        |               MIG M. |
|=========================================+========================+======================|
|   0  Quadro RTX 8000                On  |   00000000:14:00.0 Off |                    0 |
| 33%   49C    P2            108W /  260W |       1MiB /  46080MiB |      5%      Default |
|                                         |                        |                  N/A |
+-----------------------------------------+------------------------+----------------------+

+-----------------------------------------------------------------------------------------+
| Processes:                                                                              |
|  GPU   GI   CI              PID   Type   Process name                        GPU Memory |
|        ID   ID                                                               Usage      |
|=========================================================================================|
|  No running processes found                                                             |
+-----------------------------------------------------------------------------------------+
